decision_id,ts_et,session,symbol,source,session_id,source_name,data_status,bar_resolution,last,bid,ask,session_high,volume,rvol,change_pct,float_shares,float_quality,float_source,catalyst,halted,verdict,killed_by,plan_allowed,gates_json,warnings_json,inputs_json,trigger,stop,target,risk_share,reward_multiple,pullback_candles,volume_ok,outcome,refusal_reasons_json,acted_at,recorded_at,rules_hash,code_commit,bar_end_ts,clocks_json,chart_json,ref_price,mfe_r_planned,mae_r_planned,stop_hit,target_hit,first_hit,trigger_hit,trigger_hit_ts,h30,l30,c_close
2ffb6b8d26dda216,2026-09-23T04:07:00-04:00,none,WHLR,pullback,ibkr-GRML-WHLR-IPDN,IBKR · TWS read-only · live,live-backfill,1m,4.37,,,4.68,1508176.0,4.82844763514514,133.6898395721925,550000.0,verified,finviz via premarket_stars.py,0,0,REJECT,pillars,0,"[{""id"": ""price"", ""kills"": true, ""reason"": ""$4.37 is outside $2.00\u201320.00."", ""state"": ""PASS"", ""value"": ""$4.37  band $2.00\u201320.00""}, {""id"": ""float"", ""kills"": false, ""reason"": """", ""state"": ""PASS"", ""value"": ""0.6M (verified)""}, {""id"": ""catalyst"", ""kills"": false, ""reason"": ""No catalyst dated today and no live theme it belongs to."", ""state"": ""FAIL"", ""value"": ""none""}, {""id"": ""pillars"", ""kills"": true, ""reason"": ""Only 3 of the Five Pillars pass (need 4); missing rvol, catalyst."", ""state"": ""FAIL"", ""value"": ""3/5 \u2014 missing rvol, catalyst""}, {""id"": ""rising"", ""kills"": false, ""reason"": ""cascade already stopped"", ""state"": ""NOT_APPLICABLE"", ""value"": ""\u2014""}, {""id"": ""split"", ""kills"": false, ""reason"": ""cascade already stopped"", ""state"": ""NOT_APPLICABLE"", ""value"": ""\u2014""}, {""id"": ""instrument"", ""kills"": false, ""reason"": ""cascade already stopped"", ""state"": ""NOT_APPLICABLE"", ""value"": ""\u2014""}, {""id"": ""tick"", ""kills"": false, ""reason"": ""cascade already stopped"", ""state"": ""NOT_APPLICABLE"", ""value"": ""\u2014""}, {""id"": ""buyout"", ""kills"": false, ""reason"": ""cascade already stopped"", ""state"": ""NOT_APPLICABLE"", ""value"": ""\u2014""}]","[""No catalyst dated today and no live theme (A2: flagged, not killed; the read-out splits this cohort).""]","{""above_ema9"": null, ""above_vwap"": true, ""buyout_announced"": false, ""catalyst_source_ok"": true, ""catalyst_today"": false, ""catalyst_verdict"": ""NONE"", ""change_pct"": 133.6898395721925, ""feed_stale"": false, ""float_is_shares_outstanding"": false, ""float_shares"": 550000.0, ""float_verified"": true, ""halted"": false, ""in_session_window"": true, ""is_fund_or_etf"": null, ""last"": 4.37, ""live_theme"": false, ""macd_positive_and_above_signal"": null, ""penny_theme"": false, ""premarket_volume"": null, ""prev_close"": null, ""rvol"": 4.82844763514514, ""session_high"": 4.68, ""session_volume"": 1508176.0, ""split_ratio_clean_integer"": null, ""symbol"": ""WHLR"", ""tick_size"": null}",4.07,3.88,4.45,0.19,2.0,1,1,SUPPRESSED,,,2026-09-23T09:35:41+00:00,be76eab7370f,fbc6f16,2026-09-23T04:08:00-04:00,,,4.07,24.4211,1.4737,0,1,target,1,2026-09-23T08:08:00Z,8.59,4.35,5.6921
9883d1a5ee32e98c,2026-09-23T04:10:00-04:00,none,IPDN,pullback,ibkr-GRML-WHLR-IPDN,IBKR · TWS read-only · live,live-backfill,1m,7.87,,,8.2,1085213.0,1.9863870419267795,101.7948717948718,480000.0,verified,finviz via premarket_stars.py,0,0,REJECT,pillars,0,"[{""id"": ""price"", ""kills"": true, ""reason"": ""$7.87 is outside $2.00\u201320.00."", ""state"": ""PASS"", ""value"": ""$7.87  band $2.00\u201320.00""}, {""id"": ""float"", ""kills"": false, ""reason"": """", ""state"": ""PASS"", ""value"": ""0.5M (verified)""}, {""id"": ""catalyst"", ""kills"": false, ""reason"": ""No catalyst dated today and no live theme it belongs to."", ""state"": ""FAIL"", ""value"": ""none""}, {""id"": ""pillars"", ""kills"": true, ""reason"": ""Only 3 of the Five Pillars pass (need 4); missing rvol, catalyst."", ""state"": ""FAIL"", ""value"": ""3/5 \u2014 missing rvol, catalyst""}, {""id"": ""rising"", ""kills"": false, ""reason"": ""cascade already stopped"", ""state"": ""NOT_APPLICABLE"", ""value"": ""\u2014""}, {""id"": ""split"", ""kills"": false, ""reason"": ""cascade already stopped"", ""state"": ""NOT_APPLICABLE"", ""value"": ""\u2014""}, {""id"": ""instrument"", ""kills"": false, ""reason"": ""cascade already stopped"", ""state"": ""NOT_APPLICABLE"", ""value"": ""\u2014""}, {""id"": ""tick"", ""kills"": false, ""reason"": ""cascade already stopped"", ""state"": ""NOT_APPLICABLE"", ""value"": ""\u2014""}, {""id"": ""buyout"", ""kills"": false, ""reason"": ""cascade already stopped"", ""state"": ""NOT_APPLICABLE"", ""value"": ""\u2014""}]","[""No catalyst dated today and no live theme (A2: flagged, not killed; the read-out splits this cohort).""]","{""above_ema9"": true, ""above_vwap"": true, ""buyout_announced"": false, ""catalyst_source_ok"": true, ""catalyst_today"": false, ""catalyst_verdict"": ""NONE"", ""change_pct"": 101.7948717948718, ""feed_stale"": false, ""float_is_shares_outstanding"": false, ""float_shares"": 480000.0, ""float_verified"": true, ""halted"": false, ""in_session_window"": true, ""is_fund_or_etf"": null, ""last"": 7.87, ""live_theme"": false, ""macd_positive_and_above_signal"": null, ""penny_theme"": false, ""premarket_volume"": null, ""prev_close"": null, ""rvol"": 1.9863870419267795, ""session_high"": 8.2, ""session_volume"": 1085213.0, ""split_ratio_clean_integer"": null, ""symbol"": ""IPDN"", ""tick_size"": null}",7.28,7.04,7.76,0.24,2.0,4,1,SUPPRESSED,,,2026-09-23T09:35:41+00:00,be76eab7370f,fbc6f16,2026-09-23T04:11:00-04:00,,,7.28,16.5,-9.0833,1,1,target,1,2026-09-23T08:11:00Z,9.39,7.12,5.29
dc53063eab83cc3a,2026-09-23T04:14:00-04:00,none,DCOY,pullback,ibkr-GRML-WHLR-IPDN,IBKR · TWS read-only · live,live-backfill,1m,3.74,,,4.4,337255.0,0.12438170118378276,20.64516129032259,570000.0,verified,finviz via premarket_stars.py,0,0,REJECT,pillars,0,"[{""id"": ""price"", ""kills"": true, ""reason"": ""$3.74 is outside $2.00\u201320.00."", ""state"": ""PASS"", ""value"": ""$3.74  band $2.00\u201320.00""}, {""id"": ""float"", ""kills"": false, ""reason"": """", ""state"": ""PASS"", ""value"": ""0.6M (verified)""}, {""id"": ""catalyst"", ""kills"": false, ""reason"": ""No catalyst dated today and no live theme it belongs to."", ""state"": ""FAIL"", ""value"": ""none""}, {""id"": ""pillars"", ""kills"": true, ""reason"": ""Only 3 of the Five Pillars pass (need 4); missing rvol, catalyst."", ""state"": ""FAIL"", ""value"": ""3/5 \u2014 missing rvol, catalyst""}, {""id"": ""rising"", ""kills"": false, ""reason"": ""cascade already stopped"", ""state"": ""NOT_APPLICABLE"", ""value"": ""\u2014""}, {""id"": ""split"", ""kills"": false, ""reason"": ""cascade already stopped"", ""state"": ""NOT_APPLICABLE"", ""value"": ""\u2014""}, {""id"": ""instrument"", ""kills"": false, ""reason"": ""cascade already stopped"", ""state"": ""NOT_APPLICABLE"", ""value"": ""\u2014""}, {""id"": ""tick"", ""kills"": false, ""reason"": ""cascade already stopped"", ""state"": ""NOT_APPLICABLE"", ""value"": ""\u2014""}, {""id"": ""buyout"", ""kills"": false, ""reason"": ""cascade already stopped"", ""state"": ""NOT_APPLICABLE"", ""value"": ""\u2014""}]","[""No catalyst dated today and no live theme (A2: flagged, not killed; the read-out splits this cohort).""]","{""above_ema9"": false, ""above_vwap"": false, ""buyout_announced"": false, ""catalyst_source_ok"": true, ""catalyst_today"": false, ""catalyst_verdict"": ""NONE"", ""change_pct"": 20.64516129032259, ""feed_stale"": false, ""float_is_shares_outstanding"": false, ""float_shares"": 570000.0, ""float_verified"": true, ""halted"": false, ""in_session_window"": true, ""is_fund_or_etf"": null, ""last"": 3.74, ""live_theme"": false, ""macd_positive_and_above_signal"": null, ""penny_theme"": false, ""premarket_volume"": null, ""prev_close"": null, ""rvol"": 0.12438170118378276, ""session_high"": 4.4, ""session_volume"": 337255.0, ""split_ratio_clean_integer"": null, ""symbol"": ""DCOY"", ""tick_size"": null}",3.74,3.68,3.86,0.06,2.0,2,0,SUPPRESSED,,,2026-09-23T09:35:41+00:00,be76eab7370f,fbc6f16,2026-09-23T04:15:00-04:00,,,3.74,24.6667,-2.3333,1,1,stop,1,2026-09-23T08:15:00Z,3.81,3.62,4.07
a57467deb21b091d,2026-09-23T04:21:00-04:00,none,DCOY,pullback,ibkr-GRML-WHLR-IPDN,IBKR · TWS read-only · live,live-backfill,1m,3.7,,,4.4,390754.0,0.1441124587163062,19.354838709677423,570000.0,verified,finviz via premarket_stars.py,0,0,REJECT,pillars,0,"[{""id"": ""price"", ""kills"": true, ""reason"": ""$3.70 is outside $2.00\u201320.00."", ""state"": ""PASS"", ""value"": ""$3.70  band $2.00\u201320.00""}, {""id"": ""float"", ""kills"": false, ""reason"": """", ""state"": ""PASS"", ""value"": ""0.6M (verified)""}, {""id"": ""catalyst"", ""kills"": false, ""reason"": ""No catalyst dated today and no live theme it belongs to."", ""state"": ""FAIL"", ""value"": ""none""}, {""id"": ""pillars"", ""kills"": true, ""reason"": ""Only 3 of the Five Pillars pass (need 4); missing rvol, catalyst."", ""state"": ""FAIL"", ""value"": ""3/5 \u2014 missing rvol, catalyst""}, {""id"": ""rising"", ""kills"": false, ""reason"": ""cascade already stopped"", ""state"": ""NOT_APPLICABLE"", ""value"": ""\u2014""}, {""id"": ""split"", ""kills"": false, ""reason"": ""cascade already stopped"", ""state"": ""NOT_APPLICABLE"", ""value"": ""\u2014""}, {""id"": ""instrument"", ""kills"": false, ""reason"": ""cascade already stopped"", ""state"": ""NOT_APPLICABLE"", ""value"": ""\u2014""}, {""id"": ""tick"", ""kills"": false, ""reason"": ""cascade already stopped"", ""state"": ""NOT_APPLICABLE"", ""value"": ""\u2014""}, {""id"": ""buyout"", ""kills"": false, ""reason"": ""cascade already stopped"", ""state"": ""NOT_APPLICABLE"", ""value"": ""\u2014""}]","[""No catalyst dated today and no live theme (A2: flagged, not killed; the read-out splits this cohort).""]","{""above_ema9"": false, ""above_vwap"": false, ""buyout_announced"": false, ""catalyst_source_ok"": true, ""catalyst_today"": false, ""catalyst_verdict"": ""NONE"", ""change_pct"": 19.354838709677423, ""feed_stale"": false, ""float_is_shares_outstanding"": false, ""float_shares"": 570000.0, ""float_verified"": true, ""halted"": false, ""in_session_window"": true, ""is_fund_or_etf"": null, ""last"": 3.7, ""live_theme"": false, ""macd_positive_and_above_signal"": null, ""penny_theme"": false, ""premarket_volume"": null, ""prev_close"": null, ""rvol"": 0.1441124587163062, ""session_high"": 4.4, ""session_volume"": 390754.0, ""split_ratio_clean_integer"": null, ""symbol"": ""DCOY"", ""tick_size"": null}",3.78,3.72,3.9,0.06,2.0,1,1,SUPPRESSED,,,2026-09-23T09:35:41+00:00,be76eab7370f,fbc6f16,2026-09-23T04:22:00-04:00,,,3.78,24.0,-3.0,1,1,stop,1,2026-09-23T08:33:00Z,3.78,3.69,4.07
f2f57284c10129ca,2026-09-23T04:22:00-04:00,none,WHLR,pullback,ibkr-GRML-WHLR-IPDN,IBKR · TWS read-only · live,live-backfill,1m,6.8,,,6.91,5115145.0,16.37621191338046,263.6363636363636,550000.0,verified,finviz via premarket_stars.py,0,0,WATCH,,1,"[{""id"": ""price"", ""kills"": true, ""reason"": ""$6.80 is outside $2.00\u201320.00."", ""state"": ""PASS"", ""value"": ""$6.80  band $2.00\u201320.00""}, {""id"": ""float"", ""kills"": false, ""reason"": """", ""state"": ""PASS"", ""value"": ""0.6M (verified)""}, {""id"": ""catalyst"", ""kills"": false, ""reason"": ""No catalyst dated today and no live theme it belongs to."", ""state"": ""FAIL"", ""value"": ""none""}, {""id"": ""pillars"", ""kills"": true, ""reason"": ""Only 4 of the Five Pillars pass (need 4); missing catalyst."", ""state"": ""PASS"", ""value"": ""4/5 \u2014 missing catalyst""}, {""id"": ""rising"", ""kills"": true, ""reason"": ""1.6% off the high \u2014 back side of the move."", ""state"": ""PASS"", ""value"": ""1.6% off 6.91""}, {""id"": ""split"", ""kills"": false, ""reason"": """", ""state"": ""PASS"", ""value"": ""gap is not arithmetic""}, {""id"": ""instrument"", ""kills"": false, ""reason"": """", ""state"": ""UNKNOWN"", ""value"": ""\u2014""}, {""id"": ""tick"", ""kills"": false, ""reason"": """", ""state"": ""UNKNOWN"", ""value"": ""\u2014""}, {""id"": ""buyout"", ""kills"": true, ""reason"": ""Acquisition announced \u2014 the price is pinned and volatility is gone."", ""state"": ""PASS"", ""value"": ""none""}, {""id"": ""vwap"", ""kills"": false, ""reason"": """", ""state"": ""PASS"", ""value"": ""yes""}, {""id"": ""ema9"", ""kills"": false, ""reason"": """", ""state"": ""PASS"", ""value"": ""yes""}, {""id"": ""macd"", ""kills"": false, ""reason"": """", ""state"": ""UNKNOWN"", ""value"": ""\u2014""}, {""id"": ""tape"", ""kills"": false, ""reason"": ""No tape and no book in this tool."", ""state"": ""MANUAL_CONFIRMATION_REQUIRED"", ""value"": ""your eyes""}]","[""No catalyst dated today and no live theme (A2: flagged, not killed; the read-out splits this cohort)."", ""Instrument type unknown \u2014 ADRs are fine, funds are not.""]","{""above_ema9"": true, ""above_vwap"": true, ""buyout_announced"": false, ""catalyst_source_ok"": true, ""catalyst_today"": false, ""catalyst_verdict"": ""NONE"", ""change_pct"": 263.6363636363636, ""feed_stale"": false, ""float_is_shares_outstanding"": false, ""float_shares"": 550000.0, ""float_verified"": true, ""halted"": false, ""in_session_window"": true, ""is_fund_or_etf"": null, ""last"": 6.8, ""live_theme"": false, ""macd_positive_and_above_signal"": null, ""penny_theme"": false, ""premarket_volume"": null, ""prev_close"": null, ""rvol"": 16.37621191338046, ""session_high"": 6.91, ""session_volume"": 5115145.0, ""split_ratio_clean_integer"": null, ""symbol"": ""WHLR"", ""tick_size"": null}",6.6,6.02,7.76,0.58,2.0,2,1,REFUSED,"[""bar is outside the 07:00-16:00 ET session window (session 'none'); nothing is traded there"", ""bar clock: the bar closed 4365s before the runner saw it (budget 120s); a stale plan is not the trade the cascade reviewed (bar close \u2192 published 4361s, published \u2192 runner 4s)"", ""backfill decision: armed on loaded history, inputs not point-in-time (bar clock: the bar predates the desk's start; a fresh publication time does not make it fresh)"", ""Layer 2 not green: verdict WATCH \u2014 chart gates must all be true at entry""]",2026-09-23T09:35:45+00:00,2026-09-23T09:35:41+00:00,be76eab7370f,fbc6f16,2026-09-23T04:23:00-04:00,"{""bar_end"": ""2026-09-23T04:23:00-04:00"", ""bar_to_published_s"": 4361, ""published"": ""2026-09-23T09:35:41+00:00"", ""published_to_seen_s"": 4, ""quote_ts"": ""2026-09-23T09:35:44+00:00"", ""runner_seen"": ""2026-09-23T09:35:45+00:00""}",,6.6,3.6379,-3.5338,1,1,target,1,2026-09-23T08:23:00Z,8.59,5.77,5.6921
667b009f6639d2e1,2026-09-23T04:24:00-04:00,none,HAO,pullback,ibkr-GRML-MSS-DCOY,IBKR · TWS read-only · live,live-backfill,1m,2.43,,,4.0,301499.0,7.711208528138971,-14.73684210526316,600000.0,verified,finviz via premarket_stars.py,0,0,REJECT,pillars,0,"[{""id"": ""price"", ""kills"": true, ""reason"": ""$2.43 is outside $2.00\u201320.00."", ""state"": ""PASS"", ""value"": ""$2.43  band $2.00\u201320.00""}, {""id"": ""float"", ""kills"": false, ""reason"": """", ""state"": ""PASS"", ""value"": ""0.6M (verified)""}, {""id"": ""catalyst"", ""kills"": false, ""reason"": ""No catalyst dated today and no live theme it belongs to."", ""state"": ""FAIL"", ""value"": ""none""}, {""id"": ""pillars"", ""kills"": true, ""reason"": ""Only 3 of the Five Pillars pass (need 4); missing gain, catalyst."", ""state"": ""FAIL"", ""value"": ""3/5 \u2014 missing gain, catalyst""}, {""id"": ""rising"", ""kills"": false, ""reason"": ""cascade already stopped"", ""state"": ""NOT_APPLICABLE"", ""value"": ""\u2014""}, {""id"": ""split"", ""kills"": false, ""reason"": ""cascade already stopped"", ""state"": ""NOT_APPLICABLE"", ""value"": ""\u2014""}, {""id"": ""instrument"", ""kills"": false, ""reason"": ""cascade already stopped"", ""state"": ""NOT_APPLICABLE"", ""value"": ""\u2014""}, {""id"": ""tick"", ""kills"": false, ""reason"": ""cascade already stopped"", ""state"": ""NOT_APPLICABLE"", ""value"": ""\u2014""}, {""id"": ""buyout"", ""kills"": false, ""reason"": ""cascade already stopped"", ""state"": ""NOT_APPLICABLE"", ""value"": ""\u2014""}]","[""No catalyst dated today and no live theme (A2: flagged, not killed; the read-out splits this cohort).""]","{""above_ema9"": false, ""above_vwap"": false, ""buyout_announced"": false, ""catalyst_source_ok"": true, ""catalyst_today"": false, ""catalyst_verdict"": ""NONE"", ""change_pct"": -14.73684210526316, ""feed_stale"": false, ""float_is_shares_outstanding"": false, ""float_shares"": 600000.0, ""float_verified"": true, ""halted"": false, ""in_session_window"": true, ""is_fund_or_etf"": null, ""last"": 2.43, ""live_theme"": false, ""macd_positive_and_above_signal"": null, ""penny_theme"": false, ""premarket_volume"": null, ""prev_close"": null, ""rvol"": 7.711208528138971, ""session_high"": 4.0, ""session_volume"": 301499.0, ""split_ratio_clean_integer"": null, ""symbol"": ""HAO"", ""tick_size"": null}",2.49,2.34,2.79,0.15,2.0,2,0,SUPPRESSED,,,2026-09-23T13:20:05+00:00,be76eab7370f,81fedd3,2026-09-23T04:25:00-04:00,,,2.49,6.6,-0.6,0,1,target,1,2026-09-23T08:25:00Z,2.98,2.4,2.93
55b0c213ac30d030,2026-09-23T04:28:00-04:00,none,GRML,pullback,ibkr-GRML-WHLR-IPDN,IBKR · TWS read-only · live,live-backfill,1m,15.82,,,17.04,473543.0,0.0464425416478582,11.802120141342765,2870000.0,verified,finviz via premarket_stars.py,1,0,WAIT,,1,"[{""id"": ""price"", ""kills"": true, ""reason"": ""$15.82 is outside $2.00\u201320.00."", ""state"": ""PASS"", ""value"": ""$15.82  band $2.00\u201320.00""}, {""id"": ""float"", ""kills"": false, ""reason"": """", ""state"": ""PASS"", ""value"": ""2.9M (verified)""}, {""id"": ""catalyst"", ""kills"": false, ""reason"": """", ""state"": ""PASS"", ""value"": ""news today \u00b7 NONE""}, {""id"": ""pillars"", ""kills"": true, ""reason"": ""Only 4 of the Five Pillars pass (need 4); missing rvol."", ""state"": ""PASS"", ""value"": ""4/5 \u2014 missing rvol""}, {""id"": ""rising"", ""kills"": true, ""reason"": ""7.2% off the high \u2014 back side of the move."", ""state"": ""PASS"", ""value"": ""7.2% off 17.04""}, {""id"": ""split"", ""kills"": false, ""reason"": """", ""state"": ""PASS"", ""value"": ""gap is not arithmetic""}, {""id"": ""instrument"", ""kills"": false, ""reason"": """", ""state"": ""UNKNOWN"", ""value"": ""\u2014""}, {""id"": ""tick"", ""kills"": false, ""reason"": """", ""state"": ""UNKNOWN"", ""value"": ""\u2014""}, {""id"": ""buyout"", ""kills"": true, ""reason"": ""Acquisition announced \u2014 the price is pinned and volatility is gone."", ""state"": ""PASS"", ""value"": ""none""}, {""id"": ""vwap"", ""kills"": false, ""reason"": """", ""state"": ""FAIL"", ""value"": ""no""}, {""id"": ""ema9"", ""kills"": false, ""reason"": """", ""state"": ""PASS"", ""value"": ""yes""}, {""id"": ""macd"", ""kills"": false, ""reason"": """", ""state"": ""UNKNOWN"", ""value"": ""\u2014""}, {""id"": ""tape"", ""kills"": false, ""reason"": ""No tape and no book in this tool."", ""state"": ""MANUAL_CONFIRMATION_REQUIRED"", ""value"": ""your eyes""}]","[""Instrument type unknown \u2014 ADRs are fine, funds are not."", ""Session volume 0.47M is under the 1M floor \u2014 the band he measured himself losing in."", ""RVOL 0.05x is under the 1.5x trade floor (the 5x is a scanner dial, not a gate).""]","{""above_ema9"": true, ""above_vwap"": false, ""buyout_announced"": false, ""catalyst_source_ok"": true, ""catalyst_today"": true, ""catalyst_verdict"": ""NONE"", ""change_pct"": 11.802120141342765, ""feed_stale"": false, ""float_is_shares_outstanding"": false, ""float_shares"": 2870000.0, ""float_verified"": true, ""halted"": false, ""in_session_window"": true, ""is_fund_or_etf"": null, ""last"": 15.82, ""live_theme"": false, ""macd_positive_and_above_signal"": null, ""penny_theme"": false, ""premarket_volume"": null, ""prev_close"": null, ""rvol"": 0.0464425416478582, ""session_high"": 17.04, ""session_volume"": 473543.0, ""split_ratio_clean_integer"": null, ""symbol"": ""GRML"", ""tick_size"": null}",15.59,15.39,15.99,0.2,2.0,2,1,REFUSED,"[""bar is outside the 07:00-16:00 ET session window (session 'none'); nothing is traded there"", ""bar clock: the bar closed 4005s before the runner saw it (budget 120s); a stale plan is not the trade the cascade reviewed (bar close \u2192 published 4001s, published \u2192 runner 4s)"", ""backfill decision: armed on loaded history, inputs not point-in-time (bar clock: the bar predates the desk's start; a fresh publication time does not make it fresh)"", ""Layer 2 not green: verdict WAIT \u2014 chart gates must all be true at entry""]",2026-09-23T09:35:45+00:00,2026-09-23T09:35:41+00:00,be76eab7370f,fbc6f16,2026-09-23T04:29:00-04:00,"{""bar_end"": ""2026-09-23T04:29:00-04:00"", ""bar_to_published_s"": 4001, ""published"": ""2026-09-23T09:35:41+00:00"", ""published_to_seen_s"": 4, ""quote_ts"": ""2026-09-23T09:35:44+00:00"", ""runner_seen"": ""2026-09-23T09:35:45+00:00""}",,15.59,31.55,-21.7,1,1,target,1,2026-09-23T08:29:00Z,16.35,15.43,11.97
f76361fc85649a8c,2026-09-23T04:30:00-04:00,none,IPDN,pullback,ibkr-GRML-WHLR-IPDN,IBKR · TWS read-only · live,live-backfill,1m,8.73,,,9.0,2738129.0,5.011904542909024,123.84615384615385,480000.0,verified,finviz via premarket_stars.py,0,0,WATCH,,1,"[{""id"": ""price"", ""kills"": true, ""reason"": ""$8.73 is outside $2.00\u201320.00."", ""state"": ""PASS"", ""value"": ""$8.73  band $2.00\u201320.00""}, {""id"": ""float"", ""kills"": false, ""reason"": """", ""state"": ""PASS"", ""value"": ""0.5M (verified)""}, {""id"": ""catalyst"", ""kills"": false, ""reason"": ""No catalyst dated today and no live theme it belongs to."", ""state"": ""FAIL"", ""value"": ""none""}, {""id"": ""pillars"", ""kills"": true, ""reason"": ""Only 4 of the Five Pillars pass (need 4); missing catalyst."", ""state"": ""PASS"", ""value"": ""4/5 \u2014 missing catalyst""}, {""id"": ""rising"", ""kills"": true, ""reason"": ""3.0% off the high \u2014 back side of the move."", ""state"": ""PASS"", ""value"": ""3.0% off 9.00""}, {""id"": ""split"", ""kills"": false, ""reason"": """", ""state"": ""PASS"", ""value"": ""gap is not arithmetic""}, {""id"": ""instrument"", ""kills"": false, ""reason"": """", ""state"": ""UNKNOWN"", ""value"": ""\u2014""}, {""id"": ""tick"", ""kills"": false, ""reason"": """", ""state"": ""UNKNOWN"", ""value"": ""\u2014""}, {""id"": ""buyout"", ""kills"": true, ""reason"": ""Acquisition announced \u2014 the price is pinned and volatility is gone."", ""state"": ""PASS"", ""value"": ""none""}, {""id"": ""vwap"", ""kills"": false, ""reason"": """", ""state"": ""PASS"", ""value"": ""yes""}, {""id"": ""ema9"", ""kills"": false, ""reason"": """", ""state"": ""PASS"", ""value"": ""yes""}, {""id"": ""macd"", ""kills"": false, ""reason"": """", ""state"": ""UNKNOWN"", ""value"": ""\u2014""}, {""id"": ""tape"", ""kills"": false, ""reason"": ""No tape and no book in this tool."", ""state"": ""MANUAL_CONFIRMATION_REQUIRED"", ""value"": ""your eyes""}]","[""No catalyst dated today and no live theme (A2: flagged, not killed; the read-out splits this cohort)."", ""Instrument type unknown \u2014 ADRs are fine, funds are not.""]","{""above_ema9"": true, ""above_vwap"": true, ""buyout_announced"": false, ""catalyst_source_ok"": true, ""catalyst_today"": false, ""catalyst_verdict"": ""NONE"", ""change_pct"": 123.84615384615385, ""feed_stale"": false, ""float_is_shares_outstanding"": false, ""float_shares"": 480000.0, ""float_verified"": true, ""halted"": false, ""in_session_window"": true, ""is_fund_or_etf"": null, ""last"": 8.73, ""live_theme"": false, ""macd_positive_and_above_signal"": null, ""penny_theme"": false, ""premarket_volume"": null, ""prev_close"": null, ""rvol"": 5.011904542909024, ""session_high"": 9.0, ""session_volume"": 2738129.0, ""split_ratio_clean_integer"": null, ""symbol"": ""IPDN"", ""tick_size"": null}",8.26,7.83,9.12,0.43,2.0,3,1,REFUSED,"[""bar is outside the 07:00-16:00 ET session window (session 'none'); nothing is traded there"", ""bar clock: the bar closed 3885s before the runner saw it (budget 120s); a stale plan is not the trade the cascade reviewed (bar close \u2192 published 3881s, published \u2192 runner 4s)"", ""backfill decision: armed on loaded history, inputs not point-in-time (bar clock: the bar predates the desk's start; a fresh publication time does not make it fresh)"", ""Layer 2 not green: verdict WATCH \u2014 chart gates must all be true at entry""]",2026-09-23T09:35:45+00:00,2026-09-23T09:35:41+00:00,be76eab7370f,fbc6f16,2026-09-23T04:31:00-04:00,"{""bar_end"": ""2026-09-23T04:31:00-04:00"", ""bar_to_published_s"": 3881, ""published"": ""2026-09-23T09:35:41+00:00"", ""published_to_seen_s"": 4, ""quote_ts"": ""2026-09-23T09:35:44+00:00"", ""runner_seen"": ""2026-09-23T09:35:45+00:00""}",,8.26,6.9302,-7.3488,1,1,target,1,2026-09-23T08:31:00Z,11.24,7.9,5.29
b91ec7e4ab1c1343,2026-09-23T04:36:00-04:00,none,WHLR,pullback,ibkr-GRML-WHLR-IPDN,IBKR · TWS read-only · live,live-backfill,1m,6.8597,,,8.59,7267843.0,23.268106206408373,266.8288770053476,550000.0,verified,finviz via premarket_stars.py,0,0,WAIT,,1,"[{""id"": ""price"", ""kills"": true, ""reason"": ""$6.86 is outside $2.00\u201320.00."", ""state"": ""PASS"", ""value"": ""$6.86  band $2.00\u201320.00""}, {""id"": ""float"", ""kills"": false, ""reason"": """", ""state"": ""PASS"", ""value"": ""0.6M (verified)""}, {""id"": ""catalyst"", ""kills"": false, ""reason"": ""No catalyst dated today and no live theme it belongs to."", ""state"": ""FAIL"", ""value"": ""none""}, {""id"": ""pillars"", ""kills"": true, ""reason"": ""Only 4 of the Five Pillars pass (need 4); missing catalyst."", ""state"": ""PASS"", ""value"": ""4/5 \u2014 missing catalyst""}, {""id"": ""rising"", ""kills"": true, ""reason"": ""20.1% off the high \u2014 back side of the move."", ""state"": ""PASS"", ""value"": ""20.1% off 8.59""}, {""id"": ""split"", ""kills"": false, ""reason"": """", ""state"": ""PASS"", ""value"": ""gap is not arithmetic""}, {""id"": ""instrument"", ""kills"": false, ""reason"": """", ""state"": ""UNKNOWN"", ""value"": ""\u2014""}, {""id"": ""tick"", ""kills"": false, ""reason"": """", ""state"": ""UNKNOWN"", ""value"": ""\u2014""}, {""id"": ""buyout"", ""kills"": true, ""reason"": ""Acquisition announced \u2014 the price is pinned and volatility is gone."", ""state"": ""PASS"", ""value"": ""none""}, {""id"": ""vwap"", ""kills"": false, ""reason"": """", ""state"": ""PASS"", ""value"": ""yes""}, {""id"": ""ema9"", ""kills"": false, ""reason"": """", ""state"": ""PASS"", ""value"": ""yes""}, {""id"": ""macd"", ""kills"": false, ""reason"": """", ""state"": ""FAIL"", ""value"": ""no""}, {""id"": ""tape"", ""kills"": false, ""reason"": ""No tape and no book in this tool."", ""state"": ""MANUAL_CONFIRMATION_REQUIRED"", ""value"": ""your eyes""}]","[""No catalyst dated today and no live theme (A2: flagged, not killed; the read-out splits this cohort)."", ""Instrument type unknown \u2014 ADRs are fine, funds are not.""]","{""above_ema9"": true, ""above_vwap"": true, ""buyout_announced"": false, ""catalyst_source_ok"": true, ""catalyst_today"": false, ""catalyst_verdict"": ""NONE"", ""change_pct"": 266.8288770053476, ""feed_stale"": false, ""float_is_shares_outstanding"": false, ""float_shares"": 550000.0, ""float_verified"": true, ""halted"": false, ""in_session_window"": true, ""is_fund_or_etf"": null, ""last"": 6.8597, ""live_theme"": false, ""macd_positive_and_above_signal"": false, ""penny_theme"": false, ""premarket_volume"": null, ""prev_close"": null, ""rvol"": 23.268106206408373, ""session_high"": 8.59, ""session_volume"": 7267843.0, ""split_ratio_clean_integer"": null, ""symbol"": ""WHLR"", ""tick_size"": null}",7.02,6.79,7.48,0.23,2.0,1,0,REFUSED,"[""bar is outside the 07:00-16:00 ET session window (session 'none'); nothing is traded there"", ""bar clock: the bar closed 3525s before the runner saw it (budget 120s); a stale plan is not the trade the cascade reviewed (bar close \u2192 published 3521s, published \u2192 runner 4s)"", ""backfill decision: armed on loaded history, inputs not point-in-time (bar clock: the bar predates the desk's start; a fresh publication time does not make it fresh)"", ""Layer 2 not green: pullback volume was not lighter than the impulse"", ""Layer 2 not green: verdict WAIT \u2014 chart gates must all be true at entry""]",2026-09-23T09:35:45+00:00,2026-09-23T09:35:41+00:00,be76eab7370f,fbc6f16,2026-09-23T04:37:00-04:00,"{""bar_end"": ""2026-09-23T04:37:00-04:00"", ""bar_to_published_s"": 3521, ""published"": ""2026-09-23T09:35:41+00:00"", ""published_to_seen_s"": 4, ""quote_ts"": ""2026-09-23T09:35:44+00:00"", ""runner_seen"": ""2026-09-23T09:35:45+00:00""}",,7.02,7.3478,-10.7374,1,1,stop,1,2026-09-23T08:37:00Z,7.08,5.77,5.6921
07c7868e07b39926,2026-09-23T04:37:00-04:00,none,WHLR,pullback,ibkr-GRML-MSS-DCOY,IBKR · TWS read-only · live,live-backfill,1m,7.05,,,8.59,7406853.0,23.713148764943668,277.0053475935828,550000.0,verified,finviz via premarket_stars.py,0,0,WAIT,,1,"[{""id"": ""price"", ""kills"": true, ""reason"": ""$7.05 is outside $2.00\u201320.00."", ""state"": ""PASS"", ""value"": ""$7.05  band $2.00\u201320.00""}, {""id"": ""float"", ""kills"": false, ""reason"": """", ""state"": ""PASS"", ""value"": ""0.6M (verified)""}, {""id"": ""catalyst"", ""kills"": false, ""reason"": ""No catalyst dated today and no live theme it belongs to."", ""state"": ""FAIL"", ""value"": ""none""}, {""id"": ""pillars"", ""kills"": true, ""reason"": ""Only 4 of the Five Pillars pass (need 4); missing catalyst."", ""state"": ""PASS"", ""value"": ""4/5 \u2014 missing catalyst""}, {""id"": ""rising"", ""kills"": true, ""reason"": ""17.9% off the high \u2014 back side of the move."", ""state"": ""PASS"", ""value"": ""17.9% off 8.59""}, {""id"": ""split"", ""kills"": false, ""reason"": """", ""state"": ""PASS"", ""value"": ""gap is not arithmetic""}, {""id"": ""instrument"", ""kills"": false, ""reason"": """", ""state"": ""UNKNOWN"", ""value"": ""\u2014""}, {""id"": ""tick"", ""kills"": false, ""reason"": """", ""state"": ""UNKNOWN"", ""value"": ""\u2014""}, {""id"": ""buyout"", ""kills"": true, ""reason"": ""Acquisition announced \u2014 the price is pinned and volatility is gone."", ""state"": ""PASS"", ""value"": ""none""}, {""id"": ""vwap"", ""kills"": false, ""reason"": """", ""state"": ""PASS"", ""value"": ""yes""}, {""id"": ""ema9"", ""kills"": false, ""reason"": """", ""state"": ""PASS"", ""value"": ""yes""}, {""id"": ""macd"", ""kills"": false, ""reason"": """", ""state"": ""FAIL"", ""value"": ""no""}, {""id"": ""tape"", ""kills"": false, ""reason"": ""No tape and no book in this tool."", ""state"": ""MANUAL_CONFIRMATION_REQUIRED"", ""value"": ""your eyes""}]","[""No catalyst dated today and no live theme (A2: flagged, not killed; the read-out splits this cohort)."", ""Instrument type unknown \u2014 ADRs are fine, funds are not.""]","{""above_ema9"": true, ""above_vwap"": true, ""buyout_announced"": false, ""catalyst_source_ok"": true, ""catalyst_today"": false, ""catalyst_verdict"": ""NONE"", ""change_pct"": 277.0053475935828, ""feed_stale"": false, ""float_is_shares_outstanding"": false, ""float_shares"": 550000.0, ""float_verified"": true, ""halted"": false, ""in_session_window"": true, ""is_fund_or_etf"": null, ""last"": 7.05, ""live_theme"": false, ""macd_positive_and_above_signal"": false, ""penny_theme"": false, ""premarket_volume"": null, ""prev_close"": null, ""rvol"": 23.713148764943668, ""session_high"": 8.59, ""session_volume"": 7406853.0, ""split_ratio_clean_integer"": null, ""symbol"": ""WHLR"", ""tick_size"": null}",7.08,6.8497,7.5406,0.2303,2.0,1,0,REFUSED,"[""bar is outside the 07:00-16:00 ET session window (session 'none'); nothing is traded there"", ""bar clock: the bar closed 16993s before the runner saw it (budget 120s); a stale plan is not the trade the cascade reviewed (bar close \u2192 published 16989s, published \u2192 runner 4s)"", ""backfill decision: armed on loaded history, inputs not point-in-time (bar clock: the bar predates the desk's start; a fresh publication time does not make it fresh)"", ""Layer 2 not green: pullback volume was not lighter than the impulse"", ""Layer 2 not green: verdict WAIT \u2014 chart gates must all be true at entry""]",2026-09-23T13:21:13+00:00,2026-09-23T13:21:09+00:00,be76eab7370f,81fedd3,2026-09-23T04:38:00-04:00,"{""bar_end"": ""2026-09-23T04:38:00-04:00"", ""bar_to_published_s"": 16989, ""published"": ""2026-09-23T13:21:09+00:00"", ""published_to_seen_s"": 4, ""quote_ts"": ""2026-09-23T13:21:11+00:00"", ""runner_seen"": ""2026-09-23T13:21:13+00:00""}",,7.08,7.0777,-10.9839,1,1,stop,1,2026-09-23T09:22:00Z,7.0401,5.77,5.6921
d6642284a6847063,2026-09-23T04:42:00-04:00,none,WAFU,pullback,ibkr-GRML-WHLR-IPDN,IBKR · TWS read-only · live,live-backfill,1m,1.55,,,1.77,537482.0,2.9328331434885513,11.510791366906492,3010000.0,verified,finviz via premarket_stars.py,0,0,REJECT,price,0,"[{""id"": ""price"", ""kills"": true, ""reason"": ""$1.55 is outside $2.00\u201320.00."", ""state"": ""FAIL"", ""value"": ""$1.55  band $2.00\u201320.00""}, {""id"": ""float"", ""kills"": false, ""reason"": ""cascade already stopped"", ""state"": ""NOT_APPLICABLE"", ""value"": ""\u2014""}, {""id"": ""catalyst"", ""kills"": false, ""reason"": ""cascade already stopped"", ""state"": ""NOT_APPLICABLE"", ""value"": ""\u2014""}, {""id"": ""pillars"", ""kills"": false, ""reason"": ""cascade already stopped"", ""state"": ""NOT_APPLICABLE"", ""value"": ""\u2014""}, {""id"": ""rising"", ""kills"": false, ""reason"": ""cascade already stopped"", ""state"": ""NOT_APPLICABLE"", ""value"": ""\u2014""}, {""id"": ""split"", ""kills"": false, ""reason"": ""cascade already stopped"", ""state"": ""NOT_APPLICABLE"", ""value"": ""\u2014""}, {""id"": ""instrument"", ""kills"": false, ""reason"": ""cascade already stopped"", ""state"": ""NOT_APPLICABLE"", ""value"": ""\u2014""}, {""id"": ""tick"", ""kills"": false, ""reason"": ""cascade already stopped"", ""state"": ""NOT_APPLICABLE"", ""value"": ""\u2014""}, {""id"": ""buyout"", ""kills"": false, ""reason"": ""cascade already stopped"", ""state"": ""NOT_APPLICABLE"", ""value"": ""\u2014""}]",[],"{""above_ema9"": false, ""above_vwap"": false, ""buyout_announced"": false, ""catalyst_source_ok"": true, ""catalyst_today"": false, ""catalyst_verdict"": ""NONE"", ""change_pct"": 11.510791366906492, ""feed_stale"": false, ""float_is_shares_outstanding"": false, ""float_shares"": 3010000.0, ""float_verified"": true, ""halted"": false, ""in_session_window"": true, ""is_fund_or_etf"": null, ""last"": 1.55, ""live_theme"": false, ""macd_positive_and_above_signal"": false, ""penny_theme"": false, ""premarket_volume"": null, ""prev_close"": null, ""rvol"": 2.9328331434885513, ""session_high"": 1.77, ""session_volume"": 537482.0, ""split_ratio_clean_integer"": null, ""symbol"": ""WAFU"", ""tick_size"": null}",1.57,1.52,1.67,0.05,2.0,2,0,SUPPRESSED,,,2026-09-23T09:37:51+00:00,be76eab7370f,fbc6f16,2026-09-23T04:43:00-04:00,,,1.57,4.8,-1.8,1,1,target,1,2026-09-23T08:45:00Z,1.75,1.53,1.6
ede5cb4d99adea44,2026-09-23T04:45:00-04:00,none,IPDN,pullback,ibkr-GRML-WHLR-IPDN,IBKR · TWS read-only · live,live-backfill,1m,9.77,,,9.85,4114147.0,7.5305845851293105,150.5128205128205,480000.0,verified,finviz via premarket_stars.py,0,0,REVIEW,,1,"[{""id"": ""price"", ""kills"": true, ""reason"": ""$9.77 is outside $2.00\u201320.00."", ""state"": ""PASS"", ""value"": ""$9.77  band $2.00\u201320.00""}, {""id"": ""float"", ""kills"": false, ""reason"": """", ""state"": ""PASS"", ""value"": ""0.5M (verified)""}, {""id"": ""catalyst"", ""kills"": false, ""reason"": ""No catalyst dated today and no live theme it belongs to."", ""state"": ""FAIL"", ""value"": ""none""}, {""id"": ""pillars"", ""kills"": true, ""reason"": ""Only 4 of the Five Pillars pass (need 4); missing catalyst."", ""state"": ""PASS"", ""value"": ""4/5 \u2014 missing catalyst""}, {""id"": ""rising"", ""kills"": true, ""reason"": ""0.8% off the high \u2014 back side of the move."", ""state"": ""PASS"", ""value"": ""0.8% off 9.85""}, {""id"": ""split"", ""kills"": false, ""reason"": """", ""state"": ""PASS"", ""value"": ""gap is not arithmetic""}, {""id"": ""instrument"", ""kills"": false, ""reason"": """", ""state"": ""UNKNOWN"", ""value"": ""\u2014""}, {""id"": ""tick"", ""kills"": false, ""reason"": """", ""state"": ""UNKNOWN"", ""value"": ""\u2014""}, {""id"": ""buyout"", ""kills"": true, ""reason"": ""Acquisition announced \u2014 the price is pinned and volatility is gone."", ""state"": ""PASS"", ""value"": ""none""}, {""id"": ""vwap"", ""kills"": false, ""reason"": """", ""state"": ""PASS"", ""value"": ""yes""}, {""id"": ""ema9"", ""kills"": false, ""reason"": """", ""state"": ""PASS"", ""value"": ""yes""}, {""id"": ""macd"", ""kills"": false, ""reason"": """", ""state"": ""PASS"", ""value"": ""yes""}, {""id"": ""tape"", ""kills"": false, ""reason"": ""No tape and no book in this tool."", ""state"": ""MANUAL_CONFIRMATION_REQUIRED"", ""value"": ""your eyes""}]","[""No catalyst dated today and no live theme (A2: flagged, not killed; the read-out splits this cohort)."", ""Instrument type unknown \u2014 ADRs are fine, funds are not.""]","{""above_ema9"": true, ""above_vwap"": true, ""buyout_announced"": false, ""catalyst_source_ok"": true, ""catalyst_today"": false, ""catalyst_verdict"": ""NONE"", ""change_pct"": 150.5128205128205, ""feed_stale"": false, ""float_is_shares_outstanding"": false, ""float_shares"": 480000.0, ""float_verified"": true, ""halted"": false, ""in_session_window"": true, ""is_fund_or_etf"": null, ""last"": 9.77, ""live_theme"": false, ""macd_positive_and_above_signal"": true, ""penny_theme"": false, ""premarket_volume"": null, ""prev_close"": null, ""rvol"": 7.5305845851293105, ""session_high"": 9.85, ""session_volume"": 4114147.0, ""split_ratio_clean_integer"": null, ""symbol"": ""IPDN"", ""tick_size"": null}",9.31,8.85,10.23,0.46,2.0,2,1,REFUSED,"[""bar is outside the 07:00-16:00 ET session window (session 'none'); nothing is traded there"", ""bar clock: the bar closed 2985s before the runner saw it (budget 120s); a stale plan is not the trade the cascade reviewed (bar close \u2192 published 2981s, published \u2192 runner 4s)"", ""backfill decision: armed on loaded history, inputs not point-in-time (bar clock: the bar predates the desk's start; a fresh publication time does not make it fresh)""]",2026-09-23T09:35:45+00:00,2026-09-23T09:35:41+00:00,be76eab7370f,fbc6f16,2026-09-23T04:46:00-04:00,"{""bar_end"": ""2026-09-23T04:46:00-04:00"", ""bar_to_published_s"": 2981, ""published"": ""2026-09-23T09:35:41+00:00"", ""published_to_seen_s"": 4, ""quote_ts"": ""2026-09-23T09:35:44+00:00"", ""runner_seen"": ""2026-09-23T09:35:45+00:00""}",,9.31,4.1957,-9.1522,1,1,target,1,2026-09-23T08:46:00Z,11.24,8.52,5.29
3f802d326e0d2421,2026-09-23T04:49:00-04:00,none,LXEH,pullback,ibkr-GRML-WHLR-IPDN,IBKR · TWS read-only · live,live-backfill,1m,2.4208,,,3.39,6774247.0,839.5346416244787,76.70072992700727,116667000.0,shares_outstanding_proxy,SEC shares outstanding (upper bound),0,0,REJECT,pillars,0,"[{""id"": ""price"", ""kills"": true, ""reason"": ""$2.42 is outside $2.00\u201320.00."", ""state"": ""PASS"", ""value"": ""$2.42  band $2.00\u201320.00""}, {""id"": ""float"", ""kills"": false, ""reason"": ""116.7M outstanding is an upper bound over the 20M cap \u2014 it proves nothing either way. Verify the float by hand."", ""state"": ""MANUAL_CONFIRMATION_REQUIRED"", ""value"": ""116.7M shares outstanding""}, {""id"": ""catalyst"", ""kills"": false, ""reason"": ""No catalyst dated today and no live theme it belongs to."", ""state"": ""FAIL"", ""value"": ""none""}, {""id"": ""pillars"", ""kills"": true, ""reason"": ""Only 3 of the Five Pillars pass (need 4); missing float, catalyst."", ""state"": ""FAIL"", ""value"": ""3/5 \u2014 missing float, catalyst""}, {""id"": ""rising"", ""kills"": false, ""reason"": ""cascade already stopped"", ""state"": ""NOT_APPLICABLE"", ""value"": ""\u2014""}, {""id"": ""split"", ""kills"": false, ""reason"": ""cascade already stopped"", ""state"": ""NOT_APPLICABLE"", ""value"": ""\u2014""}, {""id"": ""instrument"", ""kills"": false, ""reason"": ""cascade already stopped"", ""state"": ""NOT_APPLICABLE"", ""value"": ""\u2014""}, {""id"": ""tick"", ""kills"": false, ""reason"": ""cascade already stopped"", ""state"": ""NOT_APPLICABLE"", ""value"": ""\u2014""}, {""id"": ""buyout"", ""kills"": false, ""reason"": ""cascade already stopped"", ""state"": ""NOT_APPLICABLE"", ""value"": ""\u2014""}]","[""No catalyst dated today and no live theme (A2: flagged, not killed; the read-out splits this cohort).""]","{""above_ema9"": true, ""above_vwap"": false, ""buyout_announced"": false, ""catalyst_source_ok"": true, ""catalyst_today"": false, ""catalyst_verdict"": ""NONE"", ""change_pct"": 76.70072992700727, ""feed_stale"": false, ""float_is_shares_outstanding"": true, ""float_shares"": 116667000, ""float_verified"": false, ""halted"": false, ""in_session_window"": true, ""is_fund_or_etf"": null, ""last"": 2.4208, ""live_theme"": false, ""macd_positive_and_above_signal"": false, ""penny_theme"": false, ""premarket_volume"": null, ""prev_close"": null, ""rvol"": 839.5346416244787, ""session_high"": 3.39, ""session_volume"": 6774247.0, ""split_ratio_clean_integer"": null, ""symbol"": ""LXEH"", ""tick_size"": null}",2.3543,2.13,2.8029,0.2243,2.0,1,0,SUPPRESSED,,,2026-09-23T09:37:51+00:00,be76eab7370f,fbc6f16,2026-09-23T04:50:00-04:00,,,2.3543,2.8342,-4.1208,1,1,target,1,2026-09-23T08:50:00Z,2.99,2.23,1.48
b1c1b8a34343f2f7,2026-09-23T04:52:00-04:00,none,GRML,pullback,ibkr-GRML-MSS-DCOY,IBKR · TWS read-only · live,live-backfill,1m,15.7,,,17.04,575224.0,0.056414865338200726,10.954063604240272,2870000.0,verified,finviz via premarket_stars.py,1,0,WAIT,,1,"[{""id"": ""price"", ""kills"": true, ""reason"": ""$15.70 is outside $2.00\u201320.00."", ""state"": ""PASS"", ""value"": ""$15.70  band $2.00\u201320.00""}, {""id"": ""float"", ""kills"": false, ""reason"": """", ""state"": ""PASS"", ""value"": ""2.9M (verified)""}, {""id"": ""catalyst"", ""kills"": false, ""reason"": """", ""state"": ""PASS"", ""value"": ""news today \u00b7 NONE""}, {""id"": ""pillars"", ""kills"": true, ""reason"": ""Only 4 of the Five Pillars pass (need 4); missing rvol."", ""state"": ""PASS"", ""value"": ""4/5 \u2014 missing rvol""}, {""id"": ""rising"", ""kills"": true, ""reason"": ""7.9% off the high \u2014 back side of the move."", ""state"": ""PASS"", ""value"": ""7.9% off 17.04""}, {""id"": ""split"", ""kills"": false, ""reason"": """", ""state"": ""PASS"", ""value"": ""gap is not arithmetic""}, {""id"": ""instrument"", ""kills"": false, ""reason"": """", ""state"": ""UNKNOWN"", ""value"": ""\u2014""}, {""id"": ""tick"", ""kills"": false, ""reason"": """", ""state"": ""UNKNOWN"", ""value"": ""\u2014""}, {""id"": ""buyout"", ""kills"": true, ""reason"": ""Acquisition announced \u2014 the price is pinned and volatility is gone."", ""state"": ""PASS"", ""value"": ""none""}, {""id"": ""vwap"", ""kills"": false, ""reason"": """", ""state"": ""FAIL"", ""value"": ""no""}, {""id"": ""ema9"", ""kills"": false, ""reason"": """", ""state"": ""FAIL"", ""value"": ""no""}, {""id"": ""macd"", ""kills"": false, ""reason"": """", ""state"": ""PASS"", ""value"": ""yes""}, {""id"": ""tape"", ""kills"": false, ""reason"": ""No tape and no book in this tool."", ""state"": ""MANUAL_CONFIRMATION_REQUIRED"", ""value"": ""your eyes""}]","[""Instrument type unknown \u2014 ADRs are fine, funds are not."", ""Session volume 0.58M is under the 1M floor \u2014 the band he measured himself losing in."", ""RVOL 0.06x is under the 1.5x trade floor (the 5x is a scanner dial, not a gate).""]","{""above_ema9"": false, ""above_vwap"": false, ""buyout_announced"": false, ""catalyst_source_ok"": true, ""catalyst_today"": true, ""catalyst_verdict"": ""NONE"", ""change_pct"": 10.954063604240272, ""feed_stale"": false, ""float_is_shares_outstanding"": false, ""float_shares"": 2870000.0, ""float_verified"": true, ""halted"": false, ""in_session_window"": true, ""is_fund_or_etf"": null, ""last"": 15.7, ""live_theme"": false, ""macd_positive_and_above_signal"": true, ""penny_theme"": false, ""premarket_volume"": null, ""prev_close"": null, ""rvol"": 0.056414865338200726, ""session_high"": 17.04, ""session_volume"": 575224.0, ""split_ratio_clean_integer"": null, ""symbol"": ""GRML"", ""tick_size"": null}",15.72,15.64,15.88,0.08,2.0,2,1,REFUSED,"[""bar is outside the 07:00-16:00 ET session window (session 'none'); nothing is traded there"", ""bar clock: the bar closed 16028s before the runner saw it (budget 120s); a stale plan is not the trade the cascade reviewed (bar close \u2192 published 16025s, published \u2192 runner 3s)"", ""backfill decision: armed on loaded history, inputs not point-in-time (bar clock: the bar predates the desk's start; a fresh publication time does not make it fresh)"", ""Layer 2 not green: verdict WAIT \u2014 chart gates must all be true at entry""]",2026-09-23T13:20:08+00:00,2026-09-23T13:20:05+00:00,be76eab7370f,81fedd3,2026-09-23T04:53:00-04:00,"{""bar_end"": ""2026-09-23T04:53:00-04:00"", ""bar_to_published_s"": 16025, ""published"": ""2026-09-23T13:20:05+00:00"", ""published_to_seen_s"": 3, ""quote_ts"": ""2026-09-23T13:20:07+00:00"", ""runner_seen"": ""2026-09-23T13:20:08+00:00""}",,15.72,77.25,-55.875,1,1,target,1,2026-09-23T08:53:00Z,16.38,15.72,11.97
8613b1669e2b00af,2026-09-23T04:53:00-04:00,none,WAFU,pullback,ibkr-GRML-WHLR-IPDN,IBKR · TWS read-only · live,live-backfill,1m,1.66,,,1.77,854135.0,4.660687124431318,19.424460431654687,3010000.0,verified,finviz via premarket_stars.py,0,0,REJECT,price,0,"[{""id"": ""price"", ""kills"": true, ""reason"": ""$1.66 is outside $2.00\u201320.00."", ""state"": ""FAIL"", ""value"": ""$1.66  band $2.00\u201320.00""}, {""id"": ""float"", ""kills"": false, ""reason"": ""cascade already stopped"", ""state"": ""NOT_APPLICABLE"", ""value"": ""\u2014""}, {""id"": ""catalyst"", ""kills"": false, ""reason"": ""cascade already stopped"", ""state"": ""NOT_APPLICABLE"", ""value"": ""\u2014""}, {""id"": ""pillars"", ""kills"": false, ""reason"": ""cascade already stopped"", ""state"": ""NOT_APPLICABLE"", ""value"": ""\u2014""}, {""id"": ""rising"", ""kills"": false, ""reason"": ""cascade already stopped"", ""state"": ""NOT_APPLICABLE"", ""value"": ""\u2014""}, {""id"": ""split"", ""kills"": false, ""reason"": ""cascade already stopped"", ""state"": ""NOT_APPLICABLE"", ""value"": ""\u2014""}, {""id"": ""instrument"", ""kills"": false, ""reason"": ""cascade already stopped"", ""state"": ""NOT_APPLICABLE"", ""value"": ""\u2014""}, {""id"": ""tick"", ""kills"": false, ""reason"": ""cascade already stopped"", ""state"": ""NOT_APPLICABLE"", ""value"": ""\u2014""}, {""id"": ""buyout"", ""kills"": false, ""reason"": ""cascade already stopped"", ""state"": ""NOT_APPLICABLE"", ""value"": ""\u2014""}]",[],"{""above_ema9"": true, ""above_vwap"": true, ""buyout_announced"": false, ""catalyst_source_ok"": true, ""catalyst_today"": false, ""catalyst_verdict"": ""NONE"", ""change_pct"": 19.424460431654687, ""feed_stale"": false, ""float_is_shares_outstanding"": false, ""float_shares"": 3010000.0, ""float_verified"": true, ""halted"": false, ""in_session_window"": true, ""is_fund_or_etf"": null, ""last"": 1.66, ""live_theme"": false, ""macd_positive_and_above_signal"": true, ""penny_theme"": false, ""premarket_volume"": null, ""prev_close"": null, ""rvol"": 4.660687124431318, ""session_high"": 1.77, ""session_volume"": 854135.0, ""split_ratio_clean_integer"": null, ""symbol"": ""WAFU"", ""tick_size"": null}",1.6984,1.64,1.8152,0.0584,2.0,3,1,SUPPRESSED,,,2026-09-23T09:37:51+00:00,be76eab7370f,fbc6f16,2026-09-23T04:54:00-04:00,,,1.6984,1.911,-3.7397,1,0,stop,1,2026-09-23T08:54:00Z,1.73,1.57,1.6
1b385b56e78f3a76,2026-09-23T04:55:00-04:00,none,HAO,pullback,ibkr-GRML-MSS-DCOY,IBKR · TWS read-only · live,live-backfill,1m,2.88,,,4.0,346210.0,8.85474746028011,1.0526315789473717,600000.0,verified,finviz via premarket_stars.py,0,0,REJECT,pillars,0,"[{""id"": ""price"", ""kills"": true, ""reason"": ""$2.88 is outside $2.00\u201320.00."", ""state"": ""PASS"", ""value"": ""$2.88  band $2.00\u201320.00""}, {""id"": ""float"", ""kills"": false, ""reason"": """", ""state"": ""PASS"", ""value"": ""0.6M (verified)""}, {""id"": ""catalyst"", ""kills"": false, ""reason"": ""No catalyst dated today and no live theme it belongs to."", ""state"": ""FAIL"", ""value"": ""none""}, {""id"": ""pillars"", ""kills"": true, ""reason"": ""Only 3 of the Five Pillars pass (need 4); missing gain, catalyst."", ""state"": ""FAIL"", ""value"": ""3/5 \u2014 missing gain, catalyst""}, {""id"": ""rising"", ""kills"": false, ""reason"": ""cascade already stopped"", ""state"": ""NOT_APPLICABLE"", ""value"": ""\u2014""}, {""id"": ""split"", ""kills"": false, ""reason"": ""cascade already stopped"", ""state"": ""NOT_APPLICABLE"", ""value"": ""\u2014""}, {""id"": ""instrument"", ""kills"": false, ""reason"": ""cascade already stopped"", ""state"": ""NOT_APPLICABLE"", ""value"": ""\u2014""}, {""id"": ""tick"", ""kills"": false, ""reason"": ""cascade already stopped"", ""state"": ""NOT_APPLICABLE"", ""value"": ""\u2014""}, {""id"": ""buyout"", ""kills"": false, ""reason"": ""cascade already stopped"", ""state"": ""NOT_APPLICABLE"", ""value"": ""\u2014""}]","[""No catalyst dated today and no live theme (A2: flagged, not killed; the read-out splits this cohort).""]","{""above_ema9"": true, ""above_vwap"": false, ""buyout_announced"": false, ""catalyst_source_ok"": true, ""catalyst_today"": false, ""catalyst_verdict"": ""NONE"", ""change_pct"": 1.0526315789473717, ""feed_stale"": false, ""float_is_shares_outstanding"": false, ""float_shares"": 600000.0, ""float_verified"": true, ""halted"": false, ""in_session_window"": true, ""is_fund_or_etf"": null, ""last"": 2.88, ""live_theme"": false, ""macd_positive_and_above_signal"": true, ""penny_theme"": false, ""premarket_volume"": null, ""prev_close"": null, ""rvol"": 8.85474746028011, ""session_high"": 4.0, ""session_volume"": 346210.0, ""split_ratio_clean_integer"": null, ""symbol"": ""HAO"", ""tick_size"": null}",2.88,2.86,2.92,0.02,2.0,2,1,SUPPRESSED,,,2026-09-23T13:20:05+00:00,be76eab7370f,81fedd3,2026-09-23T04:56:00-04:00,,,2.88,30.0,-15.5,1,1,target,1,2026-09-23T09:00:00Z,2.94,2.78,2.93
b059ac9a53aacfcb,2026-09-23T04:59:00-04:00,none,IPDN,pullback,ibkr-GRML-WHLR-IPDN,IBKR · TWS read-only · live,live-backfill,1m,9.46,,,11.24,5407445.0,9.897852935720227,142.5641025641026,480000.0,verified,finviz via premarket_stars.py,0,0,WAIT,,1,"[{""id"": ""price"", ""kills"": true, ""reason"": ""$9.46 is outside $2.00\u201320.00."", ""state"": ""PASS"", ""value"": ""$9.46  band $2.00\u201320.00""}, {""id"": ""float"", ""kills"": false, ""reason"": """", ""state"": ""PASS"", ""value"": ""0.5M (verified)""}, {""id"": ""catalyst"", ""kills"": false, ""reason"": ""No catalyst dated today and no live theme it belongs to."", ""state"": ""FAIL"", ""value"": ""none""}, {""id"": ""pillars"", ""kills"": true, ""reason"": ""Only 4 of the Five Pillars pass (need 4); missing catalyst."", ""state"": ""PASS"", ""value"": ""4/5 \u2014 missing catalyst""}, {""id"": ""rising"", ""kills"": true, ""reason"": ""15.8% off the high \u2014 back side of the move."", ""state"": ""PASS"", ""value"": ""15.8% off 11.24""}, {""id"": ""split"", ""kills"": false, ""reason"": """", ""state"": ""PASS"", ""value"": ""gap is not arithmetic""}, {""id"": ""instrument"", ""kills"": false, ""reason"": """", ""state"": ""UNKNOWN"", ""value"": ""\u2014""}, {""id"": ""tick"", ""kills"": false, ""reason"": """", ""state"": ""UNKNOWN"", ""value"": ""\u2014""}, {""id"": ""buyout"", ""kills"": true, ""reason"": ""Acquisition announced \u2014 the price is pinned and volatility is gone."", ""state"": ""PASS"", ""value"": ""none""}, {""id"": ""vwap"", ""kills"": false, ""reason"": """", ""state"": ""PASS"", ""value"": ""yes""}, {""id"": ""ema9"", ""kills"": false, ""reason"": """", ""state"": ""PASS"", ""value"": ""yes""}, {""id"": ""macd"", ""kills"": false, ""reason"": """", ""state"": ""FAIL"", ""value"": ""no""}, {""id"": ""tape"", ""kills"": false, ""reason"": ""No tape and no book in this tool."", ""state"": ""MANUAL_CONFIRMATION_REQUIRED"", ""value"": ""your eyes""}]","[""No catalyst dated today and no live theme (A2: flagged, not killed; the read-out splits this cohort)."", ""Instrument type unknown \u2014 ADRs are fine, funds are not.""]","{""above_ema9"": true, ""above_vwap"": true, ""buyout_announced"": false, ""catalyst_source_ok"": true, ""catalyst_today"": false, ""catalyst_verdict"": ""NONE"", ""change_pct"": 142.5641025641026, ""feed_stale"": false, ""float_is_shares_outstanding"": false, ""float_shares"": 480000.0, ""float_verified"": true, ""halted"": false, ""in_session_window"": true, ""is_fund_or_etf"": null, ""last"": 9.46, ""live_theme"": false, ""macd_positive_and_above_signal"": false, ""penny_theme"": false, ""premarket_volume"": null, ""prev_close"": null, ""rvol"": 9.897852935720227, ""session_high"": 11.24, ""session_volume"": 5407445.0, ""split_ratio_clean_integer"": null, ""symbol"": ""IPDN"", ""tick_size"": null}",9.46,9.0,10.38,0.46,2.0,3,1,REFUSED,"[""bar is outside the 07:00-16:00 ET session window (session 'none'); nothing is traded there"", ""bar clock: the bar closed 2145s before the runner saw it (budget 120s); a stale plan is not the trade the cascade reviewed (bar close \u2192 published 2141s, published \u2192 runner 4s)"", ""backfill decision: armed on loaded history, inputs not point-in-time (bar clock: the bar predates the desk's start; a fresh publication time does not make it fresh)"", ""Layer 2 not green: verdict WAIT \u2014 chart gates must all be true at entry""]",2026-09-23T09:35:45+00:00,2026-09-23T09:35:41+00:00,be76eab7370f,fbc6f16,2026-09-23T05:00:00-04:00,"{""bar_end"": ""2026-09-23T05:00:00-04:00"", ""bar_to_published_s"": 2141, ""published"": ""2026-09-23T09:35:41+00:00"", ""published_to_seen_s"": 4, ""quote_ts"": ""2026-09-23T09:35:44+00:00"", ""runner_seen"": ""2026-09-23T09:35:45+00:00""}",,9.46,0.3261,-9.4783,1,0,stop,1,2026-09-23T09:00:00Z,9.61,8.03,5.29
889ca45a3eacfef7,2026-09-23T05:02:00-04:00,none,LXEH,pullback,ibkr-GRML-WHLR-IPDN,IBKR · TWS read-only · live,live-backfill,1m,2.55,,,3.39,9533794.0,1181.526201969253,86.13138686131386,116667000.0,shares_outstanding_proxy,SEC shares outstanding (upper bound),0,0,REJECT,pillars,0,"[{""id"": ""price"", ""kills"": true, ""reason"": ""$2.55 is outside $2.00\u201320.00."", ""state"": ""PASS"", ""value"": ""$2.55  band $2.00\u201320.00""}, {""id"": ""float"", ""kills"": false, ""reason"": ""116.7M outstanding is an upper bound over the 20M cap \u2014 it proves nothing either way. Verify the float by hand."", ""state"": ""MANUAL_CONFIRMATION_REQUIRED"", ""value"": ""116.7M shares outstanding""}, {""id"": ""catalyst"", ""kills"": false, ""reason"": ""No catalyst dated today and no live theme it belongs to."", ""state"": ""FAIL"", ""value"": ""none""}, {""id"": ""pillars"", ""kills"": true, ""reason"": ""Only 3 of the Five Pillars pass (need 4); missing float, catalyst."", ""state"": ""FAIL"", ""value"": ""3/5 \u2014 missing float, catalyst""}, {""id"": ""rising"", ""kills"": false, ""reason"": ""cascade already stopped"", ""state"": ""NOT_APPLICABLE"", ""value"": ""\u2014""}, {""id"": ""split"", ""kills"": false, ""reason"": ""cascade already stopped"", ""state"": ""NOT_APPLICABLE"", ""value"": ""\u2014""}, {""id"": ""instrument"", ""kills"": false, ""reason"": ""cascade already stopped"", ""state"": ""NOT_APPLICABLE"", ""value"": ""\u2014""}, {""id"": ""tick"", ""kills"": false, ""reason"": ""cascade already stopped"", ""state"": ""NOT_APPLICABLE"", ""value"": ""\u2014""}, {""id"": ""buyout"", ""kills"": false, ""reason"": ""cascade already stopped"", ""state"": ""NOT_APPLICABLE"", ""value"": ""\u2014""}]","[""No catalyst dated today and no live theme (A2: flagged, not killed; the read-out splits this cohort).""]","{""above_ema9"": true, ""above_vwap"": true, ""buyout_announced"": false, ""catalyst_source_ok"": true, ""catalyst_today"": false, ""catalyst_verdict"": ""NONE"", ""change_pct"": 86.13138686131386, ""feed_stale"": false, ""float_is_shares_outstanding"": true, ""float_shares"": 116667000, ""float_verified"": false, ""halted"": false, ""in_session_window"": true, ""is_fund_or_etf"": null, ""last"": 2.55, ""live_theme"": false, ""macd_positive_and_above_signal"": false, ""penny_theme"": false, ""premarket_volume"": null, ""prev_close"": null, ""rvol"": 1181.526201969253, ""session_high"": 3.39, ""session_volume"": 9533794.0, ""split_ratio_clean_integer"": null, ""symbol"": ""LXEH"", ""tick_size"": null}",2.49,2.3552,2.7596,0.1348,2.0,1,1,SUPPRESSED,,,2026-09-23T09:37:51+00:00,be76eab7370f,fbc6f16,2026-09-23T05:03:00-04:00,,,2.49,2.2255,-7.8635,1,1,target,1,2026-09-23T09:03:00Z,2.79,2.2,1.48
c8038365199843bb,2026-09-23T05:10:00-04:00,none,IPDN,pullback,ibkr-GRML-WHLR-IPDN,IBKR · TWS read-only · live,live-backfill,1m,8.77,,,11.24,5797325.0,10.611494018075868,124.87179487179488,480000.0,verified,finviz via premarket_stars.py,0,0,WAIT,,1,"[{""id"": ""price"", ""kills"": true, ""reason"": ""$8.77 is outside $2.00\u201320.00."", ""state"": ""PASS"", ""value"": ""$8.77  band $2.00\u201320.00""}, {""id"": ""float"", ""kills"": false, ""reason"": """", ""state"": ""PASS"", ""value"": ""0.5M (verified)""}, {""id"": ""catalyst"", ""kills"": false, ""reason"": ""No catalyst dated today and no live theme it belongs to."", ""state"": ""FAIL"", ""value"": ""none""}, {""id"": ""pillars"", ""kills"": true, ""reason"": ""Only 4 of the Five Pillars pass (need 4); missing catalyst."", ""state"": ""PASS"", ""value"": ""4/5 \u2014 missing catalyst""}, {""id"": ""rising"", ""kills"": true, ""reason"": ""22.0% off the high \u2014 back side of the move."", ""state"": ""PASS"", ""value"": ""22.0% off 11.24""}, {""id"": ""split"", ""kills"": false, ""reason"": """", ""state"": ""PASS"", ""value"": ""gap is not arithmetic""}, {""id"": ""instrument"", ""kills"": false, ""reason"": """", ""state"": ""UNKNOWN"", ""value"": ""\u2014""}, {""id"": ""tick"", ""kills"": false, ""reason"": """", ""state"": ""UNKNOWN"", ""value"": ""\u2014""}, {""id"": ""buyout"", ""kills"": true, ""reason"": ""Acquisition announced \u2014 the price is pinned and volatility is gone."", ""state"": ""PASS"", ""value"": ""none""}, {""id"": ""vwap"", ""kills"": false, ""reason"": """", ""state"": ""PASS"", ""value"": ""yes""}, {""id"": ""ema9"", ""kills"": false, ""reason"": """", ""state"": ""FAIL"", ""value"": ""no""}, {""id"": ""macd"", ""kills"": false, ""reason"": """", ""state"": ""FAIL"", ""value"": ""no""}, {""id"": ""tape"", ""kills"": false, ""reason"": ""No tape and no book in this tool."", ""state"": ""MANUAL_CONFIRMATION_REQUIRED"", ""value"": ""your eyes""}]","[""No catalyst dated today and no live theme (A2: flagged, not killed; the read-out splits this cohort)."", ""Instrument type unknown \u2014 ADRs are fine, funds are not.""]","{""above_ema9"": false, ""above_vwap"": true, ""buyout_announced"": false, ""catalyst_source_ok"": true, ""catalyst_today"": false, ""catalyst_verdict"": ""NONE"", ""change_pct"": 124.87179487179488, ""feed_stale"": false, ""float_is_shares_outstanding"": false, ""float_shares"": 480000.0, ""float_verified"": true, ""halted"": false, ""in_session_window"": true, ""is_fund_or_etf"": null, ""last"": 8.77, ""live_theme"": false, ""macd_positive_and_above_signal"": false, ""penny_theme"": false, ""premarket_volume"": null, ""prev_close"": null, ""rvol"": 10.611494018075868, ""session_high"": 11.24, ""session_volume"": 5797325.0, ""split_ratio_clean_integer"": null, ""symbol"": ""IPDN"", ""tick_size"": null}",8.91,8.59,9.55,0.32,2.0,2,1,REFUSED,"[""bar is outside the 07:00-16:00 ET session window (session 'none'); nothing is traded there"", ""bar clock: the bar closed 1485s before the runner saw it (budget 120s); a stale plan is not the trade the cascade reviewed (bar close \u2192 published 1481s, published \u2192 runner 4s)"", ""backfill decision: armed on loaded history, inputs not point-in-time (bar clock: the bar predates the desk's start; a fresh publication time does not make it fresh)"", ""Layer 2 not green: verdict WAIT \u2014 chart gates must all be true at entry""]",2026-09-23T09:35:45+00:00,2026-09-23T09:35:41+00:00,be76eab7370f,fbc6f16,2026-09-23T05:11:00-04:00,"{""bar_end"": ""2026-09-23T05:11:00-04:00"", ""bar_to_published_s"": 1481, ""published"": ""2026-09-23T09:35:41+00:00"", ""published_to_seen_s"": 4, ""quote_ts"": ""2026-09-23T09:35:44+00:00"", ""runner_seen"": ""2026-09-23T09:35:45+00:00""}",,8.91,0.8125,-11.9062,1,0,stop,1,2026-09-23T09:11:00Z,9.13,7.54,5.29
ecfdf58d39b39e44,2026-09-23T05:22:00-04:00,none,DCOY,pullback,ibkr-GRML-WHLR-IPDN,IBKR · TWS read-only · live,live-backfill,1m,3.79,,,4.4,1464065.0,0.5399561024851667,22.25806451612904,570000.0,verified,finviz via premarket_stars.py,0,0,REJECT,pillars,0,"[{""id"": ""price"", ""kills"": true, ""reason"": ""$3.79 is outside $2.00\u201320.00."", ""state"": ""PASS"", ""value"": ""$3.79  band $2.00\u201320.00""}, {""id"": ""float"", ""kills"": false, ""reason"": """", ""state"": ""PASS"", ""value"": ""0.6M (verified)""}, {""id"": ""catalyst"", ""kills"": false, ""reason"": ""No catalyst dated today and no live theme it belongs to."", ""state"": ""FAIL"", ""value"": ""none""}, {""id"": ""pillars"", ""kills"": true, ""reason"": ""Only 3 of the Five Pillars pass (need 4); missing rvol, catalyst."", ""state"": ""FAIL"", ""value"": ""3/5 \u2014 missing rvol, catalyst""}, {""id"": ""rising"", ""kills"": false, ""reason"": ""cascade already stopped"", ""state"": ""NOT_APPLICABLE"", ""value"": ""\u2014""}, {""id"": ""split"", ""kills"": false, ""reason"": ""cascade already stopped"", ""state"": ""NOT_APPLICABLE"", ""value"": ""\u2014""}, {""id"": ""instrument"", ""kills"": false, ""reason"": ""cascade already stopped"", ""state"": ""NOT_APPLICABLE"", ""value"": ""\u2014""}, {""id"": ""tick"", ""kills"": false, ""reason"": ""cascade already stopped"", ""state"": ""NOT_APPLICABLE"", ""value"": ""\u2014""}, {""id"": ""buyout"", ""kills"": false, ""reason"": ""cascade already stopped"", ""state"": ""NOT_APPLICABLE"", ""value"": ""\u2014""}]","[""No catalyst dated today and no live theme (A2: flagged, not killed; the read-out splits this cohort).""]","{""above_ema9"": false, ""above_vwap"": false, ""buyout_announced"": false, ""catalyst_source_ok"": true, ""catalyst_today"": false, ""catalyst_verdict"": ""NONE"", ""change_pct"": 22.25806451612904, ""feed_stale"": false, ""float_is_shares_outstanding"": false, ""float_shares"": 570000.0, ""float_verified"": true, ""halted"": false, ""in_session_window"": true, ""is_fund_or_etf"": null, ""last"": 3.79, ""live_theme"": false, ""macd_positive_and_above_signal"": false, ""penny_theme"": false, ""premarket_volume"": null, ""prev_close"": null, ""rvol"": 0.5399561024851667, ""session_high"": 4.4, ""session_volume"": 1464065.0, ""split_ratio_clean_integer"": null, ""symbol"": ""DCOY"", ""tick_size"": null}",3.84,3.75,4.02,0.09,2.0,3,0,SUPPRESSED,,,2026-09-23T09:35:41+00:00,be76eab7370f,fbc6f16,2026-09-23T05:23:00-04:00,,,3.84,15.3333,-0.6667,0,1,target,1,2026-09-23T09:25:00Z,4.36,3.75,4.07
e0a135c3355132f4,2026-09-23T05:23:00-04:00,none,WAFU,pullback,ibkr-GRML-WHLR-IPDN,IBKR · TWS read-only · live,live-backfill,1m,1.64,,,1.77,1236409.0,6.7466097359679695,17.985611510791365,3010000.0,verified,finviz via premarket_stars.py,0,0,REJECT,price,0,"[{""id"": ""price"", ""kills"": true, ""reason"": ""$1.64 is outside $2.00\u201320.00."", ""state"": ""FAIL"", ""value"": ""$1.64  band $2.00\u201320.00""}, {""id"": ""float"", ""kills"": false, ""reason"": ""cascade already stopped"", ""state"": ""NOT_APPLICABLE"", ""value"": ""\u2014""}, {""id"": ""catalyst"", ""kills"": false, ""reason"": ""cascade already stopped"", ""state"": ""NOT_APPLICABLE"", ""value"": ""\u2014""}, {""id"": ""pillars"", ""kills"": false, ""reason"": ""cascade already stopped"", ""state"": ""NOT_APPLICABLE"", ""value"": ""\u2014""}, {""id"": ""rising"", ""kills"": false, ""reason"": ""cascade already stopped"", ""state"": ""NOT_APPLICABLE"", ""value"": ""\u2014""}, {""id"": ""split"", ""kills"": false, ""reason"": ""cascade already stopped"", ""state"": ""NOT_APPLICABLE"", ""value"": ""\u2014""}, {""id"": ""instrument"", ""kills"": false, ""reason"": ""cascade already stopped"", ""state"": ""NOT_APPLICABLE"", ""value"": ""\u2014""}, {""id"": ""tick"", ""kills"": false, ""reason"": ""cascade already stopped"", ""state"": ""NOT_APPLICABLE"", ""value"": ""\u2014""}, {""id"": ""buyout"", ""kills"": false, ""reason"": ""cascade already stopped"", ""state"": ""NOT_APPLICABLE"", ""value"": ""\u2014""}]",[],"{""above_ema9"": true, ""above_vwap"": true, ""buyout_announced"": false, ""catalyst_source_ok"": true, ""catalyst_today"": false, ""catalyst_verdict"": ""NONE"", ""change_pct"": 17.985611510791365, ""feed_stale"": false, ""float_is_shares_outstanding"": false, ""float_shares"": 3010000.0, ""float_verified"": true, ""halted"": false, ""in_session_window"": true, ""is_fund_or_etf"": null, ""last"": 1.64, ""live_theme"": false, ""macd_positive_and_above_signal"": false, ""penny_theme"": false, ""premarket_volume"": null, ""prev_close"": null, ""rvol"": 6.7466097359679695, ""session_high"": 1.77, ""session_volume"": 1236409.0, ""split_ratio_clean_integer"": null, ""symbol"": ""WAFU"", ""tick_size"": null}",1.63,1.6,1.69,0.03,2.0,4,1,SUPPRESSED,,,2026-09-23T09:37:51+00:00,be76eab7370f,fbc6f16,2026-09-23T05:24:00-04:00,,,1.63,6.0,-5.0,1,1,target,1,2026-09-23T09:24:00Z,1.81,1.58,1.6
09a31aafb03b7552,2026-09-23T05:25:00-04:00,none,TNMG,pullback,ibkr-GRML-BENF-DCOY,IBKR · TWS read-only · live,live-backfill,1m,4.08,,,5.51,347721.0,0.30229842468303186,4.347826086956519,2556405.0,shares_outstanding_proxy,SEC shares outstanding (upper bound),0,0,REJECT,pillars,0,"[{""id"": ""price"", ""kills"": true, ""reason"": ""$4.08 is outside $2.00\u201320.00."", ""state"": ""PASS"", ""value"": ""$4.08  band $2.00\u201320.00""}, {""id"": ""float"", ""kills"": false, ""reason"": """", ""state"": ""PASS"", ""value"": ""2.6M (SO upper bound)""}, {""id"": ""catalyst"", ""kills"": false, ""reason"": ""No catalyst dated today and no live theme it belongs to."", ""state"": ""FAIL"", ""value"": ""none""}, {""id"": ""pillars"", ""kills"": true, ""reason"": ""Only 2 of the Five Pillars pass (need 4); missing gain, rvol, catalyst."", ""state"": ""FAIL"", ""value"": ""2/5 \u2014 missing gain, rvol, catalyst""}, {""id"": ""rising"", ""kills"": false, ""reason"": ""cascade already stopped"", ""state"": ""NOT_APPLICABLE"", ""value"": ""\u2014""}, {""id"": ""split"", ""kills"": false, ""reason"": ""cascade already stopped"", ""state"": ""NOT_APPLICABLE"", ""value"": ""\u2014""}, {""id"": ""instrument"", ""kills"": false, ""reason"": ""cascade already stopped"", ""state"": ""NOT_APPLICABLE"", ""value"": ""\u2014""}, {""id"": ""tick"", ""kills"": false, ""reason"": ""cascade already stopped"", ""state"": ""NOT_APPLICABLE"", ""value"": ""\u2014""}, {""id"": ""buyout"", ""kills"": false, ""reason"": ""cascade already stopped"", ""state"": ""NOT_APPLICABLE"", ""value"": ""\u2014""}]","[""No catalyst dated today and no live theme (A2: flagged, not killed; the read-out splits this cohort).""]","{""above_ema9"": false, ""above_vwap"": false, ""buyout_announced"": false, ""catalyst_source_ok"": true, ""catalyst_today"": false, ""catalyst_verdict"": ""NONE"", ""change_pct"": 4.347826086956519, ""feed_stale"": false, ""float_is_shares_outstanding"": true, ""float_shares"": 2556405, ""float_verified"": false, ""halted"": false, ""in_session_window"": true, ""is_fund_or_etf"": null, ""last"": 4.08, ""live_theme"": false, ""macd_positive_and_above_signal"": false, ""penny_theme"": false, ""premarket_volume"": null, ""prev_close"": null, ""rvol"": 0.30229842468303186, ""session_high"": 5.51, ""session_volume"": 347721.0, ""split_ratio_clean_integer"": null, ""symbol"": ""TNMG"", ""tick_size"": null}",4.15,4.06,4.33,0.09,2.0,3,1,SUPPRESSED,,,2026-09-23T14:47:41+00:00,483c06594e65,97bc2f2,2026-09-23T05:26:00-04:00,,,4.15,32.7778,-3.8889,1,1,stop,1,2026-09-23T09:51:00Z,4.16,3.77,4.45
4305a0731cb9d877,2026-09-23T05:28:00-04:00,none,GRML,pullback,ibkr-GRML-WHLR-IPDN,IBKR · TWS read-only · live,live-backfill,1m,16.74,,,17.04,802434.0,0.07869839584717217,18.303886925795034,2870000.0,verified,finviz via premarket_stars.py,1,0,REVIEW,,1,"[{""id"": ""price"", ""kills"": true, ""reason"": ""$16.74 is outside $2.00\u201320.00."", ""state"": ""PASS"", ""value"": ""$16.74  band $2.00\u201320.00""}, {""id"": ""float"", ""kills"": false, ""reason"": """", ""state"": ""PASS"", ""value"": ""2.9M (verified)""}, {""id"": ""catalyst"", ""kills"": false, ""reason"": """", ""state"": ""PASS"", ""value"": ""news today \u00b7 NONE""}, {""id"": ""pillars"", ""kills"": true, ""reason"": ""Only 4 of the Five Pillars pass (need 4); missing rvol."", ""state"": ""PASS"", ""value"": ""4/5 \u2014 missing rvol""}, {""id"": ""rising"", ""kills"": true, ""reason"": ""1.8% off the high \u2014 back side of the move."", ""state"": ""PASS"", ""value"": ""1.8% off 17.04""}, {""id"": ""split"", ""kills"": false, ""reason"": """", ""state"": ""PASS"", ""value"": ""gap is not arithmetic""}, {""id"": ""instrument"", ""kills"": false, ""reason"": """", ""state"": ""UNKNOWN"", ""value"": ""\u2014""}, {""id"": ""tick"", ""kills"": false, ""reason"": """", ""state"": ""UNKNOWN"", ""value"": ""\u2014""}, {""id"": ""buyout"", ""kills"": true, ""reason"": ""Acquisition announced \u2014 the price is pinned and volatility is gone."", ""state"": ""PASS"", ""value"": ""none""}, {""id"": ""vwap"", ""kills"": false, ""reason"": """", ""state"": ""PASS"", ""value"": ""yes""}, {""id"": ""ema9"", ""kills"": false, ""reason"": """", ""state"": ""PASS"", ""value"": ""yes""}, {""id"": ""macd"", ""kills"": false, ""reason"": """", ""state"": ""PASS"", ""value"": ""yes""}, {""id"": ""tape"", ""kills"": false, ""reason"": ""No tape and no book in this tool."", ""state"": ""MANUAL_CONFIRMATION_REQUIRED"", ""value"": ""your eyes""}]","[""Instrument type unknown \u2014 ADRs are fine, funds are not."", ""Session volume 0.80M is under the 1M floor \u2014 the band he measured himself losing in."", ""RVOL 0.08x is under the 1.5x trade floor (the 5x is a scanner dial, not a gate).""]","{""above_ema9"": true, ""above_vwap"": true, ""buyout_announced"": false, ""catalyst_source_ok"": true, ""catalyst_today"": true, ""catalyst_verdict"": ""NONE"", ""change_pct"": 18.303886925795034, ""feed_stale"": false, ""float_is_shares_outstanding"": false, ""float_shares"": 2870000.0, ""float_verified"": true, ""halted"": false, ""in_session_window"": true, ""is_fund_or_etf"": null, ""last"": 16.74, ""live_theme"": false, ""macd_positive_and_above_signal"": true, ""penny_theme"": false, ""premarket_volume"": null, ""prev_close"": null, ""rvol"": 0.07869839584717217, ""session_high"": 17.04, ""session_volume"": 802434.0, ""split_ratio_clean_integer"": null, ""symbol"": ""GRML"", ""tick_size"": null}",16.8,16.49,17.42,0.31,2.0,2,1,REFUSED,"[""bar is outside the 07:00-16:00 ET session window (session 'none'); nothing is traded there"", ""bar clock: the bar closed 405s before the runner saw it (budget 120s); a stale plan is not the trade the cascade reviewed (bar close \u2192 published 401s, published \u2192 runner 4s)"", ""backfill decision: armed on loaded history, inputs not point-in-time (bar clock: the bar predates the desk's start; a fresh publication time does not make it fresh)""]",2026-09-23T09:35:45+00:00,2026-09-23T09:35:41+00:00,be76eab7370f,fbc6f16,2026-09-23T05:29:00-04:00,"{""bar_end"": ""2026-09-23T05:29:00-04:00"", ""bar_to_published_s"": 401, ""published"": ""2026-09-23T09:35:41+00:00"", ""published_to_seen_s"": 4, ""quote_ts"": ""2026-09-23T09:35:44+00:00"", ""runner_seen"": ""2026-09-23T09:35:45+00:00""}",,16.8,16.4516,-17.9032,1,1,target,1,2026-09-23T09:29:00Z,20.5,16.7,11.97
dbab0bf1cfe72b54,2026-09-23T05:30:00-04:00,none,DCOY,pullback,ibkr-GRML-WHLR-IPDN,IBKR · TWS read-only · live,live-backfill,1m,3.91,,,4.4,1524020.0,0.5620678721979173,26.129032258064512,570000.0,verified,finviz via premarket_stars.py,0,0,REJECT,pillars,0,"[{""id"": ""price"", ""kills"": true, ""reason"": ""$3.91 is outside $2.00\u201320.00."", ""state"": ""PASS"", ""value"": ""$3.91  band $2.00\u201320.00""}, {""id"": ""float"", ""kills"": false, ""reason"": """", ""state"": ""PASS"", ""value"": ""0.6M (verified)""}, {""id"": ""catalyst"", ""kills"": false, ""reason"": ""No catalyst dated today and no live theme it belongs to."", ""state"": ""FAIL"", ""value"": ""none""}, {""id"": ""pillars"", ""kills"": true, ""reason"": ""Only 3 of the Five Pillars pass (need 4); missing rvol, catalyst."", ""state"": ""FAIL"", ""value"": ""3/5 \u2014 missing rvol, catalyst""}, {""id"": ""rising"", ""kills"": false, ""reason"": ""cascade already stopped"", ""state"": ""NOT_APPLICABLE"", ""value"": ""\u2014""}, {""id"": ""split"", ""kills"": false, ""reason"": ""cascade already stopped"", ""state"": ""NOT_APPLICABLE"", ""value"": ""\u2014""}, {""id"": ""instrument"", ""kills"": false, ""reason"": ""cascade already stopped"", ""state"": ""NOT_APPLICABLE"", ""value"": ""\u2014""}, {""id"": ""tick"", ""kills"": false, ""reason"": ""cascade already stopped"", ""state"": ""NOT_APPLICABLE"", ""value"": ""\u2014""}, {""id"": ""buyout"", ""kills"": false, ""reason"": ""cascade already stopped"", ""state"": ""NOT_APPLICABLE"", ""value"": ""\u2014""}]","[""No catalyst dated today and no live theme (A2: flagged, not killed; the read-out splits this cohort).""]","{""above_ema9"": true, ""above_vwap"": false, ""buyout_announced"": false, ""catalyst_source_ok"": true, ""catalyst_today"": false, ""catalyst_verdict"": ""NONE"", ""change_pct"": 26.129032258064512, ""feed_stale"": false, ""float_is_shares_outstanding"": false, ""float_shares"": 570000.0, ""float_verified"": true, ""halted"": false, ""in_session_window"": true, ""is_fund_or_etf"": null, ""last"": 3.91, ""live_theme"": false, ""macd_positive_and_above_signal"": true, ""penny_theme"": false, ""premarket_volume"": null, ""prev_close"": null, ""rvol"": 0.5620678721979173, ""session_high"": 4.4, ""session_volume"": 1524020.0, ""split_ratio_clean_integer"": null, ""symbol"": ""DCOY"", ""tick_size"": null}",3.89,3.84,3.99,0.05,2.0,3,0,SUPPRESSED,,,2026-09-23T09:35:41+00:00,be76eab7370f,fbc6f16,2026-09-23T05:31:00-04:00,,,3.89,26.6,-2.2,1,1,target,1,2026-09-23T09:31:00Z,4.36,3.85,4.07
9b8a6ba423466423,2026-09-23T05:37:00-04:00,none,GRML,pullback,ibkr-GRML-WHLR-IPDN,IBKR · TWS read-only · live,live,1m,18.5,18.5,18.7,19.5,1240069.0,203.89164748438014,30.742049469964662,2870000.0,verified,finviz via premarket_stars.py,1,0,REVIEW,,1,"[{""id"": ""price"", ""kills"": true, ""reason"": ""$18.50 is outside $2.00\u201320.00."", ""state"": ""PASS"", ""value"": ""$18.50  band $2.00\u201320.00""}, {""id"": ""float"", ""kills"": false, ""reason"": """", ""state"": ""PASS"", ""value"": ""2.9M (verified)""}, {""id"": ""catalyst"", ""kills"": false, ""reason"": """", ""state"": ""PASS"", ""value"": ""news today \u00b7 NONE""}, {""id"": ""pillars"", ""kills"": true, ""reason"": ""Only 5 of the Five Pillars pass (need 4); missing ."", ""state"": ""PASS"", ""value"": ""5/5""}, {""id"": ""rising"", ""kills"": true, ""reason"": ""5.1% off the high \u2014 back side of the move."", ""state"": ""PASS"", ""value"": ""5.1% off 19.50""}, {""id"": ""split"", ""kills"": false, ""reason"": """", ""state"": ""PASS"", ""value"": ""gap is not arithmetic""}, {""id"": ""instrument"", ""kills"": false, ""reason"": """", ""state"": ""UNKNOWN"", ""value"": ""\u2014""}, {""id"": ""tick"", ""kills"": false, ""reason"": """", ""state"": ""UNKNOWN"", ""value"": ""\u2014""}, {""id"": ""buyout"", ""kills"": true, ""reason"": ""Acquisition announced \u2014 the price is pinned and volatility is gone."", ""state"": ""PASS"", ""value"": ""none""}, {""id"": ""vwap"", ""kills"": false, ""reason"": """", ""state"": ""PASS"", ""value"": ""yes""}, {""id"": ""ema9"", ""kills"": false, ""reason"": """", ""state"": ""PASS"", ""value"": ""yes""}, {""id"": ""macd"", ""kills"": false, ""reason"": """", ""state"": ""PASS"", ""value"": ""yes""}, {""id"": ""tape"", ""kills"": false, ""reason"": ""No tape and no book in this tool."", ""state"": ""MANUAL_CONFIRMATION_REQUIRED"", ""value"": ""your eyes""}]","[""Instrument type unknown \u2014 ADRs are fine, funds are not.""]","{""above_ema9"": true, ""above_vwap"": true, ""buyout_announced"": false, ""catalyst_source_ok"": true, ""catalyst_today"": true, ""catalyst_verdict"": ""NONE"", ""change_pct"": 30.742049469964662, ""feed_stale"": false, ""float_is_shares_outstanding"": false, ""float_shares"": 2870000.0, ""float_verified"": true, ""halted"": false, ""in_session_window"": true, ""is_fund_or_etf"": null, ""last"": 18.5, ""live_theme"": false, ""macd_positive_and_above_signal"": true, ""penny_theme"": false, ""premarket_volume"": null, ""prev_close"": null, ""rvol"": 203.89164748438014, ""session_high"": 19.5, ""session_volume"": 1240069.0, ""split_ratio_clean_integer"": null, ""symbol"": ""GRML"", ""tick_size"": null}",18.97,18.52,19.87,0.45,2.0,2,1,REFUSED,"[""bar is outside the 07:00-16:00 ET session window (session 'none'); nothing is traded there""]",2026-09-23T09:37:55+00:00,2026-09-23T09:37:51+00:00,be76eab7370f,fbc6f16,2026-09-23T05:38:00-04:00,"{""bar_end"": ""2026-09-23T05:38:00-04:00"", ""bar_to_published_s"": -9, ""published"": ""2026-09-23T09:37:51+00:00"", ""published_to_seen_s"": 4, ""quote_ts"": ""2026-09-23T09:37:54+00:00"", ""runner_seen"": ""2026-09-23T09:37:55+00:00""}",,18.97,6.5111,-17.1556,1,1,target,1,2026-09-23T09:53:00Z,20.5,17.5,11.97
83ab7b91f2612107,2026-09-23T05:44:00-04:00,none,WHLR,pullback,ibkr-GRML-WHLR-IPDN,IBKR · TWS read-only · live,live,1m,6.05,6.02,6.08,8.59,10735261.0,34.36909590665535,223.52941176470586,550000.0,verified,finviz via premarket_stars.py,0,0,REJECT,rising,0,"[{""id"": ""price"", ""kills"": true, ""reason"": ""$6.05 is outside $2.00\u201320.00."", ""state"": ""PASS"", ""value"": ""$6.05  band $2.00\u201320.00""}, {""id"": ""float"", ""kills"": false, ""reason"": """", ""state"": ""PASS"", ""value"": ""0.6M (verified)""}, {""id"": ""catalyst"", ""kills"": false, ""reason"": ""No catalyst dated today and no live theme it belongs to."", ""state"": ""FAIL"", ""value"": ""none""}, {""id"": ""pillars"", ""kills"": true, ""reason"": ""Only 4 of the Five Pillars pass (need 4); missing catalyst."", ""state"": ""PASS"", ""value"": ""4/5 \u2014 missing catalyst""}, {""id"": ""rising"", ""kills"": true, ""reason"": ""29.6% off the high \u2014 back side of the move."", ""state"": ""FAIL"", ""value"": ""29.6% off 8.59""}, {""id"": ""split"", ""kills"": false, ""reason"": ""cascade already stopped"", ""state"": ""NOT_APPLICABLE"", ""value"": ""\u2014""}, {""id"": ""instrument"", ""kills"": false, ""reason"": ""cascade already stopped"", ""state"": ""NOT_APPLICABLE"", ""value"": ""\u2014""}, {""id"": ""tick"", ""kills"": false, ""reason"": ""cascade already stopped"", ""state"": ""NOT_APPLICABLE"", ""value"": ""\u2014""}, {""id"": ""buyout"", ""kills"": false, ""reason"": ""cascade already stopped"", ""state"": ""NOT_APPLICABLE"", ""value"": ""\u2014""}]","[""No catalyst dated today and no live theme (A2: flagged, not killed; the read-out splits this cohort).""]","{""above_ema9"": false, ""above_vwap"": true, ""buyout_announced"": false, ""catalyst_source_ok"": true, ""catalyst_today"": false, ""catalyst_verdict"": ""NONE"", ""change_pct"": 223.52941176470586, ""feed_stale"": false, ""float_is_shares_outstanding"": false, ""float_shares"": 550000.0, ""float_verified"": true, ""halted"": false, ""in_session_window"": true, ""is_fund_or_etf"": null, ""last"": 6.05, ""live_theme"": false, ""macd_positive_and_above_signal"": false, ""penny_theme"": false, ""premarket_volume"": null, ""prev_close"": null, ""rvol"": 34.36909590665535, ""session_high"": 8.59, ""session_volume"": 10735261.0, ""split_ratio_clean_integer"": null, ""symbol"": ""WHLR"", ""tick_size"": null}",6.05,5.96,6.23,0.09,2.0,3,1,SUPPRESSED,,,2026-09-23T09:44:32+00:00,be76eab7370f,fbc6f16,2026-09-23T05:45:00-04:00,,,6.05,29.5556,-16.6622,1,1,target,1,2026-09-23T09:45:00Z,6.31,5.5103,5.6921
cc6fa60557b6eec2,2026-09-23T05:46:00-04:00,none,IPDN,pullback,ibkr-GRML-WHLR-IPDN,IBKR · TWS read-only · live,live,1m,7.83,7.78,7.83,11.24,6530120.0,556.6075690419366,100.76923076923077,480000.0,verified,finviz via premarket_stars.py,0,0,REJECT,rising,0,"[{""id"": ""price"", ""kills"": true, ""reason"": ""$7.83 is outside $2.00\u201320.00."", ""state"": ""PASS"", ""value"": ""$7.83  band $2.00\u201320.00""}, {""id"": ""float"", ""kills"": false, ""reason"": """", ""state"": ""PASS"", ""value"": ""0.5M (verified)""}, {""id"": ""catalyst"", ""kills"": false, ""reason"": ""No catalyst dated today and no live theme it belongs to."", ""state"": ""FAIL"", ""value"": ""none""}, {""id"": ""pillars"", ""kills"": true, ""reason"": ""Only 4 of the Five Pillars pass (need 4); missing catalyst."", ""state"": ""PASS"", ""value"": ""4/5 \u2014 missing catalyst""}, {""id"": ""rising"", ""kills"": true, ""reason"": ""30.3% off the high \u2014 back side of the move."", ""state"": ""FAIL"", ""value"": ""30.3% off 11.24""}, {""id"": ""split"", ""kills"": false, ""reason"": ""cascade already stopped"", ""state"": ""NOT_APPLICABLE"", ""value"": ""\u2014""}, {""id"": ""instrument"", ""kills"": false, ""reason"": ""cascade already stopped"", ""state"": ""NOT_APPLICABLE"", ""value"": ""\u2014""}, {""id"": ""tick"", ""kills"": false, ""reason"": ""cascade already stopped"", ""state"": ""NOT_APPLICABLE"", ""value"": ""\u2014""}, {""id"": ""buyout"", ""kills"": false, ""reason"": ""cascade already stopped"", ""state"": ""NOT_APPLICABLE"", ""value"": ""\u2014""}]","[""No catalyst dated today and no live theme (A2: flagged, not killed; the read-out splits this cohort).""]","{""above_ema9"": true, ""above_vwap"": false, ""buyout_announced"": false, ""catalyst_source_ok"": true, ""catalyst_today"": false, ""catalyst_verdict"": ""NONE"", ""change_pct"": 100.76923076923077, ""feed_stale"": false, ""float_is_shares_outstanding"": false, ""float_shares"": 480000.0, ""float_verified"": true, ""halted"": false, ""in_session_window"": true, ""is_fund_or_etf"": null, ""last"": 7.83, ""live_theme"": false, ""macd_positive_and_above_signal"": true, ""penny_theme"": false, ""premarket_volume"": null, ""prev_close"": null, ""rvol"": 556.6075690419366, ""session_high"": 11.24, ""session_volume"": 6530120.0, ""split_ratio_clean_integer"": null, ""symbol"": ""IPDN"", ""tick_size"": null}",7.83,7.58,8.33,0.25,2.0,3,1,SUPPRESSED,,,2026-09-23T09:46:13+00:00,be76eab7370f,fbc6f16,2026-09-23T05:47:00-04:00,,,7.83,5.36,-10.92,1,1,target,1,2026-09-23T09:47:00Z,8.58,7.61,5.29
9ae3b7c3f9c1cb25,2026-09-23T05:47:00-04:00,none,GRML,pullback,ibkr-GRML-WHLR-IPDN,IBKR · TWS read-only · live,live,1m,18.44,18.37,18.45,19.5,1477966.0,243.00657678395265,30.318021201413426,2870000.0,verified,finviz via premarket_stars.py,1,0,WAIT,,1,"[{""id"": ""price"", ""kills"": true, ""reason"": ""$18.44 is outside $2.00\u201320.00."", ""state"": ""PASS"", ""value"": ""$18.44  band $2.00\u201320.00""}, {""id"": ""float"", ""kills"": false, ""reason"": """", ""state"": ""PASS"", ""value"": ""2.9M (verified)""}, {""id"": ""catalyst"", ""kills"": false, ""reason"": """", ""state"": ""PASS"", ""value"": ""news today \u00b7 NONE""}, {""id"": ""pillars"", ""kills"": true, ""reason"": ""Only 5 of the Five Pillars pass (need 4); missing ."", ""state"": ""PASS"", ""value"": ""5/5""}, {""id"": ""rising"", ""kills"": true, ""reason"": ""5.4% off the high \u2014 back side of the move."", ""state"": ""PASS"", ""value"": ""5.4% off 19.50""}, {""id"": ""split"", ""kills"": false, ""reason"": """", ""state"": ""PASS"", ""value"": ""gap is not arithmetic""}, {""id"": ""instrument"", ""kills"": false, ""reason"": """", ""state"": ""UNKNOWN"", ""value"": ""\u2014""}, {""id"": ""tick"", ""kills"": false, ""reason"": """", ""state"": ""UNKNOWN"", ""value"": ""\u2014""}, {""id"": ""buyout"", ""kills"": true, ""reason"": ""Acquisition announced \u2014 the price is pinned and volatility is gone."", ""state"": ""PASS"", ""value"": ""none""}, {""id"": ""vwap"", ""kills"": false, ""reason"": """", ""state"": ""PASS"", ""value"": ""yes""}, {""id"": ""ema9"", ""kills"": false, ""reason"": """", ""state"": ""PASS"", ""value"": ""yes""}, {""id"": ""macd"", ""kills"": false, ""reason"": """", ""state"": ""FAIL"", ""value"": ""no""}, {""id"": ""tape"", ""kills"": false, ""reason"": ""No tape and no book in this tool."", ""state"": ""MANUAL_CONFIRMATION_REQUIRED"", ""value"": ""your eyes""}]","[""Instrument type unknown \u2014 ADRs are fine, funds are not.""]","{""above_ema9"": true, ""above_vwap"": true, ""buyout_announced"": false, ""catalyst_source_ok"": true, ""catalyst_today"": true, ""catalyst_verdict"": ""NONE"", ""change_pct"": 30.318021201413426, ""feed_stale"": false, ""float_is_shares_outstanding"": false, ""float_shares"": 2870000.0, ""float_verified"": true, ""halted"": false, ""in_session_window"": true, ""is_fund_or_etf"": null, ""last"": 18.44, ""live_theme"": false, ""macd_positive_and_above_signal"": false, ""penny_theme"": false, ""premarket_volume"": null, ""prev_close"": null, ""rvol"": 243.00657678395265, ""session_high"": 19.5, ""session_volume"": 1477966.0, ""split_ratio_clean_integer"": null, ""symbol"": ""GRML"", ""tick_size"": null}",18.31,18.0,18.93,0.31,2.0,3,1,REFUSED,"[""bar is outside the 07:00-16:00 ET session window (session 'none'); nothing is traded there"", ""Layer 2 not green: verdict WAIT \u2014 chart gates must all be true at entry""]",2026-09-23T09:47:55+00:00,2026-09-23T09:47:51+00:00,be76eab7370f,fbc6f16,2026-09-23T05:48:00-04:00,"{""bar_end"": ""2026-09-23T05:48:00-04:00"", ""bar_to_published_s"": -9, ""published"": ""2026-09-23T09:47:51+00:00"", ""published_to_seen_s"": 5, ""quote_ts"": ""2026-09-23T09:47:54+00:00"", ""runner_seen"": ""2026-09-23T09:47:55+00:00""}",,18.31,11.5806,-22.7742,1,1,target,1,2026-09-23T09:48:00Z,21.9,18.17,11.97
a58e0f57fbd19c61,2026-09-23T05:49:00-04:00,none,DCOY,pullback,ibkr-GRML-WHLR-IPDN,IBKR · TWS read-only · live,live,1m,4.26,4.26,4.29,4.4,1942298.0,0.7163313500047706,37.419354838709666,570000.0,verified,finviz via premarket_stars.py,0,0,REJECT,pillars,0,"[{""id"": ""price"", ""kills"": true, ""reason"": ""$4.26 is outside $2.00\u201320.00."", ""state"": ""PASS"", ""value"": ""$4.26  band $2.00\u201320.00""}, {""id"": ""float"", ""kills"": false, ""reason"": """", ""state"": ""PASS"", ""value"": ""0.6M (verified)""}, {""id"": ""catalyst"", ""kills"": false, ""reason"": ""No catalyst dated today and no live theme it belongs to."", ""state"": ""FAIL"", ""value"": ""none""}, {""id"": ""pillars"", ""kills"": true, ""reason"": ""Only 3 of the Five Pillars pass (need 4); missing rvol, catalyst."", ""state"": ""FAIL"", ""value"": ""3/5 \u2014 missing rvol, catalyst""}, {""id"": ""rising"", ""kills"": false, ""reason"": ""cascade already stopped"", ""state"": ""NOT_APPLICABLE"", ""value"": ""\u2014""}, {""id"": ""split"", ""kills"": false, ""reason"": ""cascade already stopped"", ""state"": ""NOT_APPLICABLE"", ""value"": ""\u2014""}, {""id"": ""instrument"", ""kills"": false, ""reason"": ""cascade already stopped"", ""state"": ""NOT_APPLICABLE"", ""value"": ""\u2014""}, {""id"": ""tick"", ""kills"": false, ""reason"": ""cascade already stopped"", ""state"": ""NOT_APPLICABLE"", ""value"": ""\u2014""}, {""id"": ""buyout"", ""kills"": false, ""reason"": ""cascade already stopped"", ""state"": ""NOT_APPLICABLE"", ""value"": ""\u2014""}]","[""No catalyst dated today and no live theme (A2: flagged, not killed; the read-out splits this cohort).""]","{""above_ema9"": true, ""above_vwap"": true, ""buyout_announced"": false, ""catalyst_source_ok"": true, ""catalyst_today"": false, ""catalyst_verdict"": ""NONE"", ""change_pct"": 37.419354838709666, ""feed_stale"": false, ""float_is_shares_outstanding"": false, ""float_shares"": 570000.0, ""float_verified"": true, ""halted"": false, ""in_session_window"": true, ""is_fund_or_etf"": null, ""last"": 4.26, ""live_theme"": false, ""macd_positive_and_above_signal"": true, ""penny_theme"": false, ""premarket_volume"": null, ""prev_close"": null, ""rvol"": 0.7163313500047706, ""session_high"": 4.4, ""session_volume"": 1942298.0, ""split_ratio_clean_integer"": null, ""symbol"": ""DCOY"", ""tick_size"": null}",4.22,4.05,4.56,0.17,2.0,2,0,SUPPRESSED,,,2026-09-23T09:49:41+00:00,be76eab7370f,fbc6f16,2026-09-23T05:50:00-04:00,,,4.22,5.8824,-2.5882,1,1,stop,1,2026-09-23T09:50:00Z,4.36,3.93,4.07
9308956a3085f2a4,2026-09-23T05:53:00-04:00,none,WAFU,pullback,ibkr-GRML-WHLR-IPDN,IBKR · TWS read-only · live,live,1m,1.6,1.61,1.62,1.81,1662404.0,229.97911046551843,15.107913669064764,3010000.0,verified,finviz via premarket_stars.py,0,0,REJECT,price,0,"[{""id"": ""price"", ""kills"": true, ""reason"": ""$1.60 is outside $2.00\u201320.00."", ""state"": ""FAIL"", ""value"": ""$1.60  band $2.00\u201320.00""}, {""id"": ""float"", ""kills"": false, ""reason"": ""cascade already stopped"", ""state"": ""NOT_APPLICABLE"", ""value"": ""\u2014""}, {""id"": ""catalyst"", ""kills"": false, ""reason"": ""cascade already stopped"", ""state"": ""NOT_APPLICABLE"", ""value"": ""\u2014""}, {""id"": ""pillars"", ""kills"": false, ""reason"": ""cascade already stopped"", ""state"": ""NOT_APPLICABLE"", ""value"": ""\u2014""}, {""id"": ""rising"", ""kills"": false, ""reason"": ""cascade already stopped"", ""state"": ""NOT_APPLICABLE"", ""value"": ""\u2014""}, {""id"": ""split"", ""kills"": false, ""reason"": ""cascade already stopped"", ""state"": ""NOT_APPLICABLE"", ""value"": ""\u2014""}, {""id"": ""instrument"", ""kills"": false, ""reason"": ""cascade already stopped"", ""state"": ""NOT_APPLICABLE"", ""value"": ""\u2014""}, {""id"": ""tick"", ""kills"": false, ""reason"": ""cascade already stopped"", ""state"": ""NOT_APPLICABLE"", ""value"": ""\u2014""}, {""id"": ""buyout"", ""kills"": false, ""reason"": ""cascade already stopped"", ""state"": ""NOT_APPLICABLE"", ""value"": ""\u2014""}]",[],"{""above_ema9"": false, ""above_vwap"": false, ""buyout_announced"": false, ""catalyst_source_ok"": true, ""catalyst_today"": false, ""catalyst_verdict"": ""NONE"", ""change_pct"": 15.107913669064764, ""feed_stale"": false, ""float_is_shares_outstanding"": false, ""float_shares"": 3010000.0, ""float_verified"": true, ""halted"": false, ""in_session_window"": true, ""is_fund_or_etf"": null, ""last"": 1.6, ""live_theme"": false, ""macd_positive_and_above_signal"": false, ""penny_theme"": false, ""premarket_volume"": null, ""prev_close"": null, ""rvol"": 229.97911046551843, ""session_high"": 1.81, ""session_volume"": 1662404.0, ""split_ratio_clean_integer"": null, ""symbol"": ""WAFU"", ""tick_size"": null}",1.62,1.59,1.68,0.03,2.0,2,1,SUPPRESSED,,,2026-09-23T09:53:12+00:00,be76eab7370f,fbc6f16,2026-09-23T05:54:00-04:00,,,1.62,1.6667,-3.6667,1,0,stop,1,2026-09-23T12:48:00Z,1.6198,1.49,1.6
2131ddbef6acc460,2026-09-23T05:59:00-04:00,none,WAFU,pullback,ibkr-GRML-WHLR-IPDN,IBKR · TWS read-only · live,live,1m,1.6,1.58,1.62,1.81,1726842.0,238.8935463789168,15.107913669064764,3010000.0,verified,finviz via premarket_stars.py,0,0,REJECT,price,0,"[{""id"": ""price"", ""kills"": true, ""reason"": ""$1.60 is outside $2.00\u201320.00."", ""state"": ""FAIL"", ""value"": ""$1.60  band $2.00\u201320.00""}, {""id"": ""float"", ""kills"": false, ""reason"": ""cascade already stopped"", ""state"": ""NOT_APPLICABLE"", ""value"": ""\u2014""}, {""id"": ""catalyst"", ""kills"": false, ""reason"": ""cascade already stopped"", ""state"": ""NOT_APPLICABLE"", ""value"": ""\u2014""}, {""id"": ""pillars"", ""kills"": false, ""reason"": ""cascade already stopped"", ""state"": ""NOT_APPLICABLE"", ""value"": ""\u2014""}, {""id"": ""rising"", ""kills"": false, ""reason"": ""cascade already stopped"", ""state"": ""NOT_APPLICABLE"", ""value"": ""\u2014""}, {""id"": ""split"", ""kills"": false, ""reason"": ""cascade already stopped"", ""state"": ""NOT_APPLICABLE"", ""value"": ""\u2014""}, {""id"": ""instrument"", ""kills"": false, ""reason"": ""cascade already stopped"", ""state"": ""NOT_APPLICABLE"", ""value"": ""\u2014""}, {""id"": ""tick"", ""kills"": false, ""reason"": ""cascade already stopped"", ""state"": ""NOT_APPLICABLE"", ""value"": ""\u2014""}, {""id"": ""buyout"", ""kills"": false, ""reason"": ""cascade already stopped"", ""state"": ""NOT_APPLICABLE"", ""value"": ""\u2014""}]",[],"{""above_ema9"": true, ""above_vwap"": false, ""buyout_announced"": false, ""catalyst_source_ok"": true, ""catalyst_today"": false, ""catalyst_verdict"": ""NONE"", ""change_pct"": 15.107913669064764, ""feed_stale"": false, ""float_is_shares_outstanding"": false, ""float_shares"": 3010000.0, ""float_verified"": true, ""halted"": false, ""in_session_window"": true, ""is_fund_or_etf"": null, ""last"": 1.6, ""live_theme"": false, ""macd_positive_and_above_signal"": false, ""penny_theme"": false, ""premarket_volume"": null, ""prev_close"": null, ""rvol"": 238.8935463789168, ""session_high"": 1.81, ""session_volume"": 1726842.0, ""split_ratio_clean_integer"": null, ""symbol"": ""WAFU"", ""tick_size"": null}",1.59,1.56,1.65,0.03,2.0,1,1,SUPPRESSED,,,2026-09-23T09:59:23+00:00,be76eab7370f,fbc6f16,2026-09-23T06:00:00-04:00,,,1.59,2.6667,-3.6667,1,1,stop,1,2026-09-23T10:00:00Z,1.61,1.48,1.6
5249479a5231139c,2026-09-23T06:03:00-04:00,none,WHLR,pullback,ibkr-GRML-WHLR-IPDN,IBKR · TWS read-only · live,live,1m,6.08,6.06,6.1,8.59,11031699.0,35.31814652148224,225.13368983957216,550000.0,verified,finviz via premarket_stars.py,0,0,REJECT,rising,0,"[{""id"": ""price"", ""kills"": true, ""reason"": ""$6.08 is outside $2.00\u201320.00."", ""state"": ""PASS"", ""value"": ""$6.08  band $2.00\u201320.00""}, {""id"": ""float"", ""kills"": false, ""reason"": """", ""state"": ""PASS"", ""value"": ""0.6M (verified)""}, {""id"": ""catalyst"", ""kills"": false, ""reason"": ""No catalyst dated today and no live theme it belongs to."", ""state"": ""FAIL"", ""value"": ""none""}, {""id"": ""pillars"", ""kills"": true, ""reason"": ""Only 4 of the Five Pillars pass (need 4); missing catalyst."", ""state"": ""PASS"", ""value"": ""4/5 \u2014 missing catalyst""}, {""id"": ""rising"", ""kills"": true, ""reason"": ""29.2% off the high \u2014 back side of the move."", ""state"": ""FAIL"", ""value"": ""29.2% off 8.59""}, {""id"": ""split"", ""kills"": false, ""reason"": ""cascade already stopped"", ""state"": ""NOT_APPLICABLE"", ""value"": ""\u2014""}, {""id"": ""instrument"", ""kills"": false, ""reason"": ""cascade already stopped"", ""state"": ""NOT_APPLICABLE"", ""value"": ""\u2014""}, {""id"": ""tick"", ""kills"": false, ""reason"": ""cascade already stopped"", ""state"": ""NOT_APPLICABLE"", ""value"": ""\u2014""}, {""id"": ""buyout"", ""kills"": false, ""reason"": ""cascade already stopped"", ""state"": ""NOT_APPLICABLE"", ""value"": ""\u2014""}]","[""No catalyst dated today and no live theme (A2: flagged, not killed; the read-out splits this cohort).""]","{""above_ema9"": true, ""above_vwap"": true, ""buyout_announced"": false, ""catalyst_source_ok"": true, ""catalyst_today"": false, ""catalyst_verdict"": ""NONE"", ""change_pct"": 225.13368983957216, ""feed_stale"": false, ""float_is_shares_outstanding"": false, ""float_shares"": 550000.0, ""float_verified"": true, ""halted"": false, ""in_session_window"": true, ""is_fund_or_etf"": null, ""last"": 6.08, ""live_theme"": false, ""macd_positive_and_above_signal"": true, ""penny_theme"": false, ""premarket_volume"": null, ""prev_close"": null, ""rvol"": 35.31814652148224, ""session_high"": 8.59, ""session_volume"": 11031699.0, ""split_ratio_clean_integer"": null, ""symbol"": ""WHLR"", ""tick_size"": null}",6.08,5.97,6.3,0.11,2.0,3,0,SUPPRESSED,,,2026-09-23T10:03:21+00:00,be76eab7370f,fbc6f16,2026-09-23T06:04:00-04:00,,,6.08,23.9091,-13.9055,1,1,target,1,2026-09-23T10:04:00Z,6.31,5.25,5.6921
d7e86f02cb81a86b,2026-09-23T06:03:00-04:00,none,DCOY,pullback,ibkr-GRML-WHLR-IPDN,IBKR · TWS read-only · live,live,1m,4.15,4.13,4.16,4.4,2254640.0,0.8315249848245511,33.8709677419355,570000.0,verified,finviz via premarket_stars.py,0,0,REJECT,pillars,0,"[{""id"": ""price"", ""kills"": true, ""reason"": ""$4.15 is outside $2.00\u201320.00."", ""state"": ""PASS"", ""value"": ""$4.15  band $2.00\u201320.00""}, {""id"": ""float"", ""kills"": false, ""reason"": """", ""state"": ""PASS"", ""value"": ""0.6M (verified)""}, {""id"": ""catalyst"", ""kills"": false, ""reason"": ""No catalyst dated today and no live theme it belongs to."", ""state"": ""FAIL"", ""value"": ""none""}, {""id"": ""pillars"", ""kills"": true, ""reason"": ""Only 3 of the Five Pillars pass (need 4); missing rvol, catalyst."", ""state"": ""FAIL"", ""value"": ""3/5 \u2014 missing rvol, catalyst""}, {""id"": ""rising"", ""kills"": false, ""reason"": ""cascade already stopped"", ""state"": ""NOT_APPLICABLE"", ""value"": ""\u2014""}, {""id"": ""split"", ""kills"": false, ""reason"": ""cascade already stopped"", ""state"": ""NOT_APPLICABLE"", ""value"": ""\u2014""}, {""id"": ""instrument"", ""kills"": false, ""reason"": ""cascade already stopped"", ""state"": ""NOT_APPLICABLE"", ""value"": ""\u2014""}, {""id"": ""tick"", ""kills"": false, ""reason"": ""cascade already stopped"", ""state"": ""NOT_APPLICABLE"", ""value"": ""\u2014""}, {""id"": ""buyout"", ""kills"": false, ""reason"": ""cascade already stopped"", ""state"": ""NOT_APPLICABLE"", ""value"": ""\u2014""}]","[""No catalyst dated today and no live theme (A2: flagged, not killed; the read-out splits this cohort).""]","{""above_ema9"": true, ""above_vwap"": true, ""buyout_announced"": false, ""catalyst_source_ok"": true, ""catalyst_today"": false, ""catalyst_verdict"": ""NONE"", ""change_pct"": 33.8709677419355, ""feed_stale"": false, ""float_is_shares_outstanding"": false, ""float_shares"": 570000.0, ""float_verified"": true, ""halted"": false, ""in_session_window"": true, ""is_fund_or_etf"": null, ""last"": 4.15, ""live_theme"": false, ""macd_positive_and_above_signal"": false, ""penny_theme"": false, ""premarket_volume"": null, ""prev_close"": null, ""rvol"": 0.8315249848245511, ""session_high"": 4.4, ""session_volume"": 2254640.0, ""split_ratio_clean_integer"": null, ""symbol"": ""DCOY"", ""tick_size"": null}",4.11,4.06,4.21,0.05,2.0,1,1,SUPPRESSED,,,2026-09-23T10:03:43+00:00,be76eab7370f,fbc6f16,2026-09-23T06:04:00-04:00,,,4.11,22.2,-6.6,1,1,stop,1,2026-09-23T10:04:00Z,4.17,3.91,4.07
0e2f7edc814468d1,2026-09-23T06:03:00-04:00,none,LXEH,pullback,ibkr-GRML-WHLR-IPDN,IBKR · TWS read-only · live,live,1m,1.8714,1.87,1.89,3.39,13212373.0,1637.4136980189737,36.59854014598538,116667000.0,shares_outstanding_proxy,SEC shares outstanding (upper bound),0,0,REJECT,price,0,"[{""id"": ""price"", ""kills"": true, ""reason"": ""$1.87 is outside $2.00\u201320.00."", ""state"": ""FAIL"", ""value"": ""$1.87  band $2.00\u201320.00""}, {""id"": ""float"", ""kills"": false, ""reason"": ""cascade already stopped"", ""state"": ""NOT_APPLICABLE"", ""value"": ""\u2014""}, {""id"": ""catalyst"", ""kills"": false, ""reason"": ""cascade already stopped"", ""state"": ""NOT_APPLICABLE"", ""value"": ""\u2014""}, {""id"": ""pillars"", ""kills"": false, ""reason"": ""cascade already stopped"", ""state"": ""NOT_APPLICABLE"", ""value"": ""\u2014""}, {""id"": ""rising"", ""kills"": false, ""reason"": ""cascade already stopped"", ""state"": ""NOT_APPLICABLE"", ""value"": ""\u2014""}, {""id"": ""split"", ""kills"": false, ""reason"": ""cascade already stopped"", ""state"": ""NOT_APPLICABLE"", ""value"": ""\u2014""}, {""id"": ""instrument"", ""kills"": false, ""reason"": ""cascade already stopped"", ""state"": ""NOT_APPLICABLE"", ""value"": ""\u2014""}, {""id"": ""tick"", ""kills"": false, ""reason"": ""cascade already stopped"", ""state"": ""NOT_APPLICABLE"", ""value"": ""\u2014""}, {""id"": ""buyout"", ""kills"": false, ""reason"": ""cascade already stopped"", ""state"": ""NOT_APPLICABLE"", ""value"": ""\u2014""}]",[],"{""above_ema9"": false, ""above_vwap"": false, ""buyout_announced"": false, ""catalyst_source_ok"": true, ""catalyst_today"": false, ""catalyst_verdict"": ""NONE"", ""change_pct"": 36.59854014598538, ""feed_stale"": false, ""float_is_shares_outstanding"": true, ""float_shares"": 116667000, ""float_verified"": false, ""halted"": false, ""in_session_window"": true, ""is_fund_or_etf"": null, ""last"": 1.8714, ""live_theme"": false, ""macd_positive_and_above_signal"": true, ""penny_theme"": false, ""premarket_volume"": null, ""prev_close"": null, ""rvol"": 1637.4136980189737, ""session_high"": 3.39, ""session_volume"": 13212373.0, ""split_ratio_clean_integer"": null, ""symbol"": ""LXEH"", ""tick_size"": null}",1.8917,1.8231,2.0289,0.0686,2.0,3,0,SUPPRESSED,,,2026-09-23T10:03:43+00:00,be76eab7370f,fbc6f16,2026-09-23T06:04:00-04:00,,,1.8917,5.9519,-6.7303,1,1,target,1,2026-09-23T10:04:00Z,2.3,1.882,1.48
a486036a01a1f936,2026-09-23T06:13:00-04:00,none,GRML,pullback,ibkr-GRML-WHLR-IPDN,IBKR · TWS read-only · live,live,1m,20.45,20.33,20.49,20.5,2357505.0,460.8552438666797,44.52296819787984,2870000.0,verified,finviz via premarket_stars.py,1,0,REJECT,price,0,"[{""id"": ""price"", ""kills"": true, ""reason"": ""$20.45 is outside $2.00\u201320.00."", ""state"": ""FAIL"", ""value"": ""$20.45  band $2.00\u201320.00""}, {""id"": ""float"", ""kills"": false, ""reason"": ""cascade already stopped"", ""state"": ""NOT_APPLICABLE"", ""value"": ""\u2014""}, {""id"": ""catalyst"", ""kills"": false, ""reason"": ""cascade already stopped"", ""state"": ""NOT_APPLICABLE"", ""value"": ""\u2014""}, {""id"": ""pillars"", ""kills"": false, ""reason"": ""cascade already stopped"", ""state"": ""NOT_APPLICABLE"", ""value"": ""\u2014""}, {""id"": ""rising"", ""kills"": false, ""reason"": ""cascade already stopped"", ""state"": ""NOT_APPLICABLE"", ""value"": ""\u2014""}, {""id"": ""split"", ""kills"": false, ""reason"": ""cascade already stopped"", ""state"": ""NOT_APPLICABLE"", ""value"": ""\u2014""}, {""id"": ""instrument"", ""kills"": false, ""reason"": ""cascade already stopped"", ""state"": ""NOT_APPLICABLE"", ""value"": ""\u2014""}, {""id"": ""tick"", ""kills"": false, ""reason"": ""cascade already stopped"", ""state"": ""NOT_APPLICABLE"", ""value"": ""\u2014""}, {""id"": ""buyout"", ""kills"": false, ""reason"": ""cascade already stopped"", ""state"": ""NOT_APPLICABLE"", ""value"": ""\u2014""}]",[],"{""above_ema9"": true, ""above_vwap"": true, ""buyout_announced"": false, ""catalyst_source_ok"": true, ""catalyst_today"": true, ""catalyst_verdict"": ""NONE"", ""change_pct"": 44.52296819787984, ""feed_stale"": false, ""float_is_shares_outstanding"": false, ""float_shares"": 2870000.0, ""float_verified"": true, ""halted"": false, ""in_session_window"": true, ""is_fund_or_etf"": null, ""last"": 20.45, ""live_theme"": false, ""macd_positive_and_above_signal"": true, ""penny_theme"": false, ""premarket_volume"": null, ""prev_close"": null, ""rvol"": 460.8552438666797, ""session_high"": 20.5, ""session_volume"": 2357505.0, ""split_ratio_clean_integer"": null, ""symbol"": ""GRML"", ""tick_size"": null}",20.33,20.03,20.93,0.3,2.0,1,1,SUPPRESSED,,,2026-09-23T10:13:23+00:00,be76eab7370f,fbc6f16,2026-09-23T06:14:00-04:00,,,20.33,5.2333,-30.2667,1,1,target,1,2026-09-23T10:14:00Z,21.9,19.13,11.97
cb75683e78e2d8ac,2026-09-23T06:23:00-04:00,none,GRML,pullback,ibkr-GRML-WHLR-IPDN,IBKR · TWS read-only · live,live,1m,20.39,20.36,20.41,21.9,2875908.0,562.1948978594468,44.09893992932863,2870000.0,verified,finviz via premarket_stars.py,1,0,REJECT,price,0,"[{""id"": ""price"", ""kills"": true, ""reason"": ""$20.39 is outside $2.00\u201320.00."", ""state"": ""FAIL"", ""value"": ""$20.39  band $2.00\u201320.00""}, {""id"": ""float"", ""kills"": false, ""reason"": ""cascade already stopped"", ""state"": ""NOT_APPLICABLE"", ""value"": ""\u2014""}, {""id"": ""catalyst"", ""kills"": false, ""reason"": ""cascade already stopped"", ""state"": ""NOT_APPLICABLE"", ""value"": ""\u2014""}, {""id"": ""pillars"", ""kills"": false, ""reason"": ""cascade already stopped"", ""state"": ""NOT_APPLICABLE"", ""value"": ""\u2014""}, {""id"": ""rising"", ""kills"": false, ""reason"": ""cascade already stopped"", ""state"": ""NOT_APPLICABLE"", ""value"": ""\u2014""}, {""id"": ""split"", ""kills"": false, ""reason"": ""cascade already stopped"", ""state"": ""NOT_APPLICABLE"", ""value"": ""\u2014""}, {""id"": ""instrument"", ""kills"": false, ""reason"": ""cascade already stopped"", ""state"": ""NOT_APPLICABLE"", ""value"": ""\u2014""}, {""id"": ""tick"", ""kills"": false, ""reason"": ""cascade already stopped"", ""state"": ""NOT_APPLICABLE"", ""value"": ""\u2014""}, {""id"": ""buyout"", ""kills"": false, ""reason"": ""cascade already stopped"", ""state"": ""NOT_APPLICABLE"", ""value"": ""\u2014""}]",[],"{""above_ema9"": true, ""above_vwap"": true, ""buyout_announced"": false, ""catalyst_source_ok"": true, ""catalyst_today"": true, ""catalyst_verdict"": ""NONE"", ""change_pct"": 44.09893992932863, ""feed_stale"": false, ""float_is_shares_outstanding"": false, ""float_shares"": 2870000.0, ""float_verified"": true, ""halted"": false, ""in_session_window"": true, ""is_fund_or_etf"": null, ""last"": 20.39, ""live_theme"": false, ""macd_positive_and_above_signal"": false, ""penny_theme"": false, ""premarket_volume"": null, ""prev_close"": null, ""rvol"": 562.1948978594468, ""session_high"": 21.9, ""session_volume"": 2875908.0, ""split_ratio_clean_integer"": null, ""symbol"": ""GRML"", ""tick_size"": null}",20.36,19.99,21.1,0.37,2.0,2,1,SUPPRESSED,,,2026-09-23T10:23:13+00:00,be76eab7370f,fbc6f16,2026-09-23T06:24:00-04:00,,,20.36,1.1892,-24.6216,1,0,stop,1,2026-09-23T10:25:00Z,20.8,19.13,11.97
6a4317b5dafb2b6e,2026-09-23T06:24:00-04:00,none,IPDN,pullback,ibkr-GRML-WHLR-IPDN,IBKR · TWS read-only · live,live,1m,7.79,7.76,7.85,11.24,7065647.0,475.33701099936087,99.74358974358975,480000.0,verified,finviz via premarket_stars.py,0,0,REJECT,rising,0,"[{""id"": ""price"", ""kills"": true, ""reason"": ""$7.79 is outside $2.00\u201320.00."", ""state"": ""PASS"", ""value"": ""$7.79  band $2.00\u201320.00""}, {""id"": ""float"", ""kills"": false, ""reason"": """", ""state"": ""PASS"", ""value"": ""0.5M (verified)""}, {""id"": ""catalyst"", ""kills"": false, ""reason"": ""No catalyst dated today and no live theme it belongs to."", ""state"": ""FAIL"", ""value"": ""none""}, {""id"": ""pillars"", ""kills"": true, ""reason"": ""Only 4 of the Five Pillars pass (need 4); missing catalyst."", ""state"": ""PASS"", ""value"": ""4/5 \u2014 missing catalyst""}, {""id"": ""rising"", ""kills"": true, ""reason"": ""30.7% off the high \u2014 back side of the move."", ""state"": ""FAIL"", ""value"": ""30.7% off 11.24""}, {""id"": ""split"", ""kills"": false, ""reason"": ""cascade already stopped"", ""state"": ""NOT_APPLICABLE"", ""value"": ""\u2014""}, {""id"": ""instrument"", ""kills"": false, ""reason"": ""cascade already stopped"", ""state"": ""NOT_APPLICABLE"", ""value"": ""\u2014""}, {""id"": ""tick"", ""kills"": false, ""reason"": ""cascade already stopped"", ""state"": ""NOT_APPLICABLE"", ""value"": ""\u2014""}, {""id"": ""buyout"", ""kills"": false, ""reason"": ""cascade already stopped"", ""state"": ""NOT_APPLICABLE"", ""value"": ""\u2014""}]","[""No catalyst dated today and no live theme (A2: flagged, not killed; the read-out splits this cohort).""]","{""above_ema9"": true, ""above_vwap"": false, ""buyout_announced"": false, ""catalyst_source_ok"": true, ""catalyst_today"": false, ""catalyst_verdict"": ""NONE"", ""change_pct"": 99.74358974358975, ""feed_stale"": false, ""float_is_shares_outstanding"": false, ""float_shares"": 480000.0, ""float_verified"": true, ""halted"": false, ""in_session_window"": true, ""is_fund_or_etf"": null, ""last"": 7.79, ""live_theme"": false, ""macd_positive_and_above_signal"": false, ""penny_theme"": false, ""premarket_volume"": null, ""prev_close"": null, ""rvol"": 475.33701099936087, ""session_high"": 11.24, ""session_volume"": 7065647.0, ""split_ratio_clean_integer"": null, ""symbol"": ""IPDN"", ""tick_size"": null}",7.8,7.72,7.96,0.08,2.0,3,1,SUPPRESSED,,,2026-09-23T10:24:14+00:00,be76eab7370f,fbc6f16,2026-09-23T06:25:00-04:00,,,7.8,17.125,-33.75,1,1,target,1,2026-09-23T10:25:00Z,9.17,7.8,5.29
68a57c4fb56d848b,2026-09-23T06:24:00-04:00,none,LXEH,pullback,ibkr-GRML-WHLR-IPDN,IBKR · TWS read-only · live,live,1m,2.2794,2.27,2.29,3.39,15051229.0,1865.3037222473524,66.3795620437956,116667000.0,shares_outstanding_proxy,SEC shares outstanding (upper bound),0,0,REJECT,pillars,0,"[{""id"": ""price"", ""kills"": true, ""reason"": ""$2.28 is outside $2.00\u201320.00."", ""state"": ""PASS"", ""value"": ""$2.28  band $2.00\u201320.00""}, {""id"": ""float"", ""kills"": false, ""reason"": ""116.7M outstanding is an upper bound over the 20M cap \u2014 it proves nothing either way. Verify the float by hand."", ""state"": ""MANUAL_CONFIRMATION_REQUIRED"", ""value"": ""116.7M shares outstanding""}, {""id"": ""catalyst"", ""kills"": false, ""reason"": ""No catalyst dated today and no live theme it belongs to."", ""state"": ""FAIL"", ""value"": ""none""}, {""id"": ""pillars"", ""kills"": true, ""reason"": ""Only 3 of the Five Pillars pass (need 4); missing float, catalyst."", ""state"": ""FAIL"", ""value"": ""3/5 \u2014 missing float, catalyst""}, {""id"": ""rising"", ""kills"": false, ""reason"": ""cascade already stopped"", ""state"": ""NOT_APPLICABLE"", ""value"": ""\u2014""}, {""id"": ""split"", ""kills"": false, ""reason"": ""cascade already stopped"", ""state"": ""NOT_APPLICABLE"", ""value"": ""\u2014""}, {""id"": ""instrument"", ""kills"": false, ""reason"": ""cascade already stopped"", ""state"": ""NOT_APPLICABLE"", ""value"": ""\u2014""}, {""id"": ""tick"", ""kills"": false, ""reason"": ""cascade already stopped"", ""state"": ""NOT_APPLICABLE"", ""value"": ""\u2014""}, {""id"": ""buyout"", ""kills"": false, ""reason"": ""cascade already stopped"", ""state"": ""NOT_APPLICABLE"", ""value"": ""\u2014""}]","[""No catalyst dated today and no live theme (A2: flagged, not killed; the read-out splits this cohort).""]","{""above_ema9"": true, ""above_vwap"": false, ""buyout_announced"": false, ""catalyst_source_ok"": true, ""catalyst_today"": false, ""catalyst_verdict"": ""NONE"", ""change_pct"": 66.3795620437956, ""feed_stale"": false, ""float_is_shares_outstanding"": true, ""float_shares"": 116667000, ""float_verified"": false, ""halted"": false, ""in_session_window"": true, ""is_fund_or_etf"": null, ""last"": 2.2794, ""live_theme"": false, ""macd_positive_and_above_signal"": true, ""penny_theme"": false, ""premarket_volume"": null, ""prev_close"": null, ""rvol"": 1865.3037222473524, ""session_high"": 3.39, ""session_volume"": 15051229.0, ""split_ratio_clean_integer"": null, ""symbol"": ""LXEH"", ""tick_size"": null}",2.27,2.09,2.63,0.18,2.0,1,0,SUPPRESSED,,,2026-09-23T10:24:51+00:00,be76eab7370f,fbc6f16,2026-09-23T06:25:00-04:00,,,2.27,0.0556,-4.6667,1,0,stop,1,2026-09-23T10:25:00Z,2.28,2.05,1.48
998a94ec496f4252,2026-09-23T06:28:00-04:00,none,WHLR,pullback,ibkr-GRML-WHLR-IPDN,IBKR · TWS read-only · live,live,1m,5.69,5.6,5.69,8.59,11699344.0,37.45562180378781,204.2780748663102,550000.0,verified,finviz via premarket_stars.py,0,0,REJECT,rising,0,"[{""id"": ""price"", ""kills"": true, ""reason"": ""$5.69 is outside $2.00\u201320.00."", ""state"": ""PASS"", ""value"": ""$5.69  band $2.00\u201320.00""}, {""id"": ""float"", ""kills"": false, ""reason"": """", ""state"": ""PASS"", ""value"": ""0.6M (verified)""}, {""id"": ""catalyst"", ""kills"": false, ""reason"": ""No catalyst dated today and no live theme it belongs to."", ""state"": ""FAIL"", ""value"": ""none""}, {""id"": ""pillars"", ""kills"": true, ""reason"": ""Only 4 of the Five Pillars pass (need 4); missing catalyst."", ""state"": ""PASS"", ""value"": ""4/5 \u2014 missing catalyst""}, {""id"": ""rising"", ""kills"": true, ""reason"": ""33.8% off the high \u2014 back side of the move."", ""state"": ""FAIL"", ""value"": ""33.8% off 8.59""}, {""id"": ""split"", ""kills"": false, ""reason"": ""cascade already stopped"", ""state"": ""NOT_APPLICABLE"", ""value"": ""\u2014""}, {""id"": ""instrument"", ""kills"": false, ""reason"": ""cascade already stopped"", ""state"": ""NOT_APPLICABLE"", ""value"": ""\u2014""}, {""id"": ""tick"", ""kills"": false, ""reason"": ""cascade already stopped"", ""state"": ""NOT_APPLICABLE"", ""value"": ""\u2014""}, {""id"": ""buyout"", ""kills"": false, ""reason"": ""cascade already stopped"", ""state"": ""NOT_APPLICABLE"", ""value"": ""\u2014""}]","[""No catalyst dated today and no live theme (A2: flagged, not killed; the read-out splits this cohort).""]","{""above_ema9"": true, ""above_vwap"": false, ""buyout_announced"": false, ""catalyst_source_ok"": true, ""catalyst_today"": false, ""catalyst_verdict"": ""NONE"", ""change_pct"": 204.2780748663102, ""feed_stale"": false, ""float_is_shares_outstanding"": false, ""float_shares"": 550000.0, ""float_verified"": true, ""halted"": false, ""in_session_window"": true, ""is_fund_or_etf"": null, ""last"": 5.69, ""live_theme"": false, ""macd_positive_and_above_signal"": true, ""penny_theme"": false, ""premarket_volume"": null, ""prev_close"": null, ""rvol"": 37.45562180378781, ""session_high"": 8.59, ""session_volume"": 11699344.0, ""split_ratio_clean_integer"": null, ""symbol"": ""WHLR"", ""tick_size"": null}",5.65,5.39,6.17,0.26,2.0,2,1,SUPPRESSED,,,2026-09-23T10:28:31+00:00,be76eab7370f,fbc6f16,2026-09-23T06:29:00-04:00,,,5.65,11.7692,-4.2292,1,1,stop,1,2026-09-23T10:29:00Z,6.0924,5.4401,5.6921
c12725efa1c2d0d9,2026-09-23T06:32:00-04:00,none,DCOY,pullback,ibkr-GRML-WHLR-IPDN,IBKR · TWS read-only · live,live,1m,4.0,,,4.4,2411771.0,0.8894758560902372,29.032258064516125,570000.0,verified,finviz via premarket_stars.py,0,0,REJECT,pillars,0,"[{""id"": ""price"", ""kills"": true, ""reason"": ""$4.00 is outside $2.00\u201320.00."", ""state"": ""PASS"", ""value"": ""$4.00  band $2.00\u201320.00""}, {""id"": ""float"", ""kills"": false, ""reason"": """", ""state"": ""PASS"", ""value"": ""0.6M (verified)""}, {""id"": ""catalyst"", ""kills"": false, ""reason"": ""The desk has no news feed (no headline keys in .env); the gate could not be evaluated."", ""state"": ""UNKNOWN"", ""value"": ""no headline source""}, {""id"": ""pillars"", ""kills"": true, ""reason"": ""Only 3 of the Five Pillars pass (need 4); missing rvol, catalyst."", ""state"": ""FAIL"", ""value"": ""3/5 \u2014 missing rvol, catalyst""}, {""id"": ""rising"", ""kills"": false, ""reason"": ""cascade already stopped"", ""state"": ""NOT_APPLICABLE"", ""value"": ""\u2014""}, {""id"": ""split"", ""kills"": false, ""reason"": ""cascade already stopped"", ""state"": ""NOT_APPLICABLE"", ""value"": ""\u2014""}, {""id"": ""instrument"", ""kills"": false, ""reason"": ""cascade already stopped"", ""state"": ""NOT_APPLICABLE"", ""value"": ""\u2014""}, {""id"": ""tick"", ""kills"": false, ""reason"": ""cascade already stopped"", ""state"": ""NOT_APPLICABLE"", ""value"": ""\u2014""}, {""id"": ""buyout"", ""kills"": false, ""reason"": ""cascade already stopped"", ""state"": ""NOT_APPLICABLE"", ""value"": ""\u2014""}]","[""Catalyst unknown \u2014 no headline source on this desk (A2: flagged, not killed).""]","{""above_ema9"": true, ""above_vwap"": false, ""buyout_announced"": false, ""catalyst_source_ok"": false, ""catalyst_today"": false, ""catalyst_verdict"": ""UNKNOWN"", ""change_pct"": 29.032258064516125, ""feed_stale"": false, ""float_is_shares_outstanding"": false, ""float_shares"": 570000.0, ""float_verified"": true, ""halted"": false, ""in_session_window"": true, ""is_fund_or_etf"": null, ""last"": 4.0, ""live_theme"": false, ""macd_positive_and_above_signal"": true, ""penny_theme"": false, ""premarket_volume"": null, ""prev_close"": null, ""rvol"": 0.8894758560902372, ""session_high"": 4.4, ""session_volume"": 2411771.0, ""split_ratio_clean_integer"": null, ""symbol"": ""DCOY"", ""tick_size"": null}",4.01,3.95,4.13,0.06,2.0,2,1,SUPPRESSED,,,2026-09-23T10:35:47+00:00,be76eab7370f,fbc6f16,2026-09-23T06:33:00-04:00,,,4.01,20.1667,-3.8333,1,1,target,1,2026-09-23T10:33:00Z,5.1,4.01,4.07
52ba59a7b72bc9ef,2026-09-23T06:33:00-04:00,none,IPDN,pullback,ibkr-GRML-WHLR-IPDN,IBKR · TWS read-only · live,live,1m,8.24,,,11.24,7370772.0,475.5183381181252,111.28205128205128,480000.0,verified,finviz via premarket_stars.py,0,0,REJECT,rising,0,"[{""id"": ""price"", ""kills"": true, ""reason"": ""$8.24 is outside $2.00\u201320.00."", ""state"": ""PASS"", ""value"": ""$8.24  band $2.00\u201320.00""}, {""id"": ""float"", ""kills"": false, ""reason"": """", ""state"": ""PASS"", ""value"": ""0.5M (verified)""}, {""id"": ""catalyst"", ""kills"": false, ""reason"": ""The desk has no news feed (no headline keys in .env); the gate could not be evaluated."", ""state"": ""UNKNOWN"", ""value"": ""no headline source""}, {""id"": ""pillars"", ""kills"": true, ""reason"": ""Only 4 of the Five Pillars pass (need 4); missing catalyst."", ""state"": ""PASS"", ""value"": ""4/5 \u2014 missing catalyst""}, {""id"": ""rising"", ""kills"": true, ""reason"": ""26.7% off the high \u2014 back side of the move."", ""state"": ""FAIL"", ""value"": ""26.7% off 11.24""}, {""id"": ""split"", ""kills"": false, ""reason"": ""cascade already stopped"", ""state"": ""NOT_APPLICABLE"", ""value"": ""\u2014""}, {""id"": ""instrument"", ""kills"": false, ""reason"": ""cascade already stopped"", ""state"": ""NOT_APPLICABLE"", ""value"": ""\u2014""}, {""id"": ""tick"", ""kills"": false, ""reason"": ""cascade already stopped"", ""state"": ""NOT_APPLICABLE"", ""value"": ""\u2014""}, {""id"": ""buyout"", ""kills"": false, ""reason"": ""cascade already stopped"", ""state"": ""NOT_APPLICABLE"", ""value"": ""\u2014""}]","[""Catalyst unknown \u2014 no headline source on this desk (A2: flagged, not killed).""]","{""above_ema9"": true, ""above_vwap"": false, ""buyout_announced"": false, ""catalyst_source_ok"": false, ""catalyst_today"": false, ""catalyst_verdict"": ""UNKNOWN"", ""change_pct"": 111.28205128205128, ""feed_stale"": false, ""float_is_shares_outstanding"": false, ""float_shares"": 480000.0, ""float_verified"": true, ""halted"": false, ""in_session_window"": true, ""is_fund_or_etf"": null, ""last"": 8.24, ""live_theme"": false, ""macd_positive_and_above_signal"": true, ""penny_theme"": false, ""premarket_volume"": null, ""prev_close"": null, ""rvol"": 475.5183381181252, ""session_high"": 11.24, ""session_volume"": 7370772.0, ""split_ratio_clean_integer"": null, ""symbol"": ""IPDN"", ""tick_size"": null}",8.33,8.07,8.85,0.26,2.0,2,1,SUPPRESSED,,,2026-09-23T10:35:47+00:00,be76eab7370f,fbc6f16,2026-09-23T06:34:00-04:00,,,8.33,3.2308,-12.4231,1,1,target,1,2026-09-23T10:34:00Z,9.17,7.8,5.29
fbe87e0c36900a5b,2026-09-23T06:42:00-04:00,none,LXEH,pullback,ibkr-GRML-MSS-DCOY,IBKR · TWS read-only · live,live-backfill,1m,2.15,,,3.39,15720964.0,1948.304199379109,56.93430656934304,116667000.0,shares_outstanding_proxy,SEC shares outstanding (upper bound),0,0,REJECT,pillars,0,"[{""id"": ""price"", ""kills"": true, ""reason"": ""$2.15 is outside $2.00\u201320.00."", ""state"": ""PASS"", ""value"": ""$2.15  band $2.00\u201320.00""}, {""id"": ""float"", ""kills"": false, ""reason"": ""116.7M outstanding is an upper bound over the 20M cap \u2014 it proves nothing either way. Verify the float by hand."", ""state"": ""MANUAL_CONFIRMATION_REQUIRED"", ""value"": ""116.7M shares outstanding""}, {""id"": ""catalyst"", ""kills"": false, ""reason"": ""No catalyst dated today and no live theme it belongs to."", ""state"": ""FAIL"", ""value"": ""none""}, {""id"": ""pillars"", ""kills"": true, ""reason"": ""Only 3 of the Five Pillars pass (need 4); missing float, catalyst."", ""state"": ""FAIL"", ""value"": ""3/5 \u2014 missing float, catalyst""}, {""id"": ""rising"", ""kills"": false, ""reason"": ""cascade already stopped"", ""state"": ""NOT_APPLICABLE"", ""value"": ""\u2014""}, {""id"": ""split"", ""kills"": false, ""reason"": ""cascade already stopped"", ""state"": ""NOT_APPLICABLE"", ""value"": ""\u2014""}, {""id"": ""instrument"", ""kills"": false, ""reason"": ""cascade already stopped"", ""state"": ""NOT_APPLICABLE"", ""value"": ""\u2014""}, {""id"": ""tick"", ""kills"": false, ""reason"": ""cascade already stopped"", ""state"": ""NOT_APPLICABLE"", ""value"": ""\u2014""}, {""id"": ""buyout"", ""kills"": false, ""reason"": ""cascade already stopped"", ""state"": ""NOT_APPLICABLE"", ""value"": ""\u2014""}]","[""No catalyst dated today and no live theme (A2: flagged, not killed; the read-out splits this cohort).""]","{""above_ema9"": false, ""above_vwap"": false, ""buyout_announced"": false, ""catalyst_source_ok"": true, ""catalyst_today"": false, ""catalyst_verdict"": ""NONE"", ""change_pct"": 56.93430656934304, ""feed_stale"": false, ""float_is_shares_outstanding"": true, ""float_shares"": 116667000, ""float_verified"": false, ""halted"": false, ""in_session_window"": true, ""is_fund_or_etf"": null, ""last"": 2.15, ""live_theme"": false, ""macd_positive_and_above_signal"": false, ""penny_theme"": false, ""premarket_volume"": null, ""prev_close"": null, ""rvol"": 1948.304199379109, ""session_high"": 3.39, ""session_volume"": 15720964.0, ""split_ratio_clean_integer"": null, ""symbol"": ""LXEH"", ""tick_size"": null}",2.18,2.11,2.32,0.07,2.0,3,1,SUPPRESSED,,,2026-09-23T13:21:09+00:00,be76eab7370f,81fedd3,2026-09-23T06:43:00-04:00,,,2.18,,,0,0,untriggered,0,,2.1782,1.85,1.48
c5998c82775f56e3,2026-09-23T06:43:00-04:00,none,DCOY,pullback,ibkr-GRML-MSS-DCOY,IBKR · TWS read-only · live,live-backfill,1m,4.13,,,4.4,2482060.0,0.9153988680381901,33.225806451612904,570000.0,verified,finviz via premarket_stars.py,0,0,REJECT,pillars,0,"[{""id"": ""price"", ""kills"": true, ""reason"": ""$4.13 is outside $2.00\u201320.00."", ""state"": ""PASS"", ""value"": ""$4.13  band $2.00\u201320.00""}, {""id"": ""float"", ""kills"": false, ""reason"": """", ""state"": ""PASS"", ""value"": ""0.6M (verified)""}, {""id"": ""catalyst"", ""kills"": false, ""reason"": ""No catalyst dated today and no live theme it belongs to."", ""state"": ""FAIL"", ""value"": ""none""}, {""id"": ""pillars"", ""kills"": true, ""reason"": ""Only 3 of the Five Pillars pass (need 4); missing rvol, catalyst."", ""state"": ""FAIL"", ""value"": ""3/5 \u2014 missing rvol, catalyst""}, {""id"": ""rising"", ""kills"": false, ""reason"": ""cascade already stopped"", ""state"": ""NOT_APPLICABLE"", ""value"": ""\u2014""}, {""id"": ""split"", ""kills"": false, ""reason"": ""cascade already stopped"", ""state"": ""NOT_APPLICABLE"", ""value"": ""\u2014""}, {""id"": ""instrument"", ""kills"": false, ""reason"": ""cascade already stopped"", ""state"": ""NOT_APPLICABLE"", ""value"": ""\u2014""}, {""id"": ""tick"", ""kills"": false, ""reason"": ""cascade already stopped"", ""state"": ""NOT_APPLICABLE"", ""value"": ""\u2014""}, {""id"": ""buyout"", ""kills"": false, ""reason"": ""cascade already stopped"", ""state"": ""NOT_APPLICABLE"", ""value"": ""\u2014""}]","[""No catalyst dated today and no live theme (A2: flagged, not killed; the read-out splits this cohort).""]","{""above_ema9"": true, ""above_vwap"": true, ""buyout_announced"": false, ""catalyst_source_ok"": true, ""catalyst_today"": false, ""catalyst_verdict"": ""NONE"", ""change_pct"": 33.225806451612904, ""feed_stale"": false, ""float_is_shares_outstanding"": false, ""float_shares"": 570000.0, ""float_verified"": true, ""halted"": false, ""in_session_window"": true, ""is_fund_or_etf"": null, ""last"": 4.13, ""live_theme"": false, ""macd_positive_and_above_signal"": true, ""penny_theme"": false, ""premarket_volume"": null, ""prev_close"": null, ""rvol"": 0.9153988680381901, ""session_high"": 4.4, ""session_volume"": 2482060.0, ""split_ratio_clean_integer"": null, ""symbol"": ""DCOY"", ""tick_size"": null}",4.12,4.06,4.24,0.06,2.0,4,1,SUPPRESSED,,,2026-09-23T13:20:05+00:00,be76eab7370f,81fedd3,2026-09-23T06:44:00-04:00,,,4.12,18.3333,-5.6667,1,1,stop,1,2026-09-23T10:44:00Z,5.22,4.01,4.07
4cbff45dcaf13064,2026-09-23T06:46:00-04:00,none,HAO,pullback,ibkr-GRML-MSS-DCOY,IBKR · TWS read-only · live,live-backfill,1m,3.0,,,4.0,408329.0,10.443517448105823,5.263157894736836,600000.0,verified,finviz via premarket_stars.py,0,0,REJECT,pillars,0,"[{""id"": ""price"", ""kills"": true, ""reason"": ""$3.00 is outside $2.00\u201320.00."", ""state"": ""PASS"", ""value"": ""$3.00  band $2.00\u201320.00""}, {""id"": ""float"", ""kills"": false, ""reason"": """", ""state"": ""PASS"", ""value"": ""0.6M (verified)""}, {""id"": ""catalyst"", ""kills"": false, ""reason"": ""No catalyst dated today and no live theme it belongs to."", ""state"": ""FAIL"", ""value"": ""none""}, {""id"": ""pillars"", ""kills"": true, ""reason"": ""Only 3 of the Five Pillars pass (need 4); missing gain, catalyst."", ""state"": ""FAIL"", ""value"": ""3/5 \u2014 missing gain, catalyst""}, {""id"": ""rising"", ""kills"": false, ""reason"": ""cascade already stopped"", ""state"": ""NOT_APPLICABLE"", ""value"": ""\u2014""}, {""id"": ""split"", ""kills"": false, ""reason"": ""cascade already stopped"", ""state"": ""NOT_APPLICABLE"", ""value"": ""\u2014""}, {""id"": ""instrument"", ""kills"": false, ""reason"": ""cascade already stopped"", ""state"": ""NOT_APPLICABLE"", ""value"": ""\u2014""}, {""id"": ""tick"", ""kills"": false, ""reason"": ""cascade already stopped"", ""state"": ""NOT_APPLICABLE"", ""value"": ""\u2014""}, {""id"": ""buyout"", ""kills"": false, ""reason"": ""cascade already stopped"", ""state"": ""NOT_APPLICABLE"", ""value"": ""\u2014""}]","[""No catalyst dated today and no live theme (A2: flagged, not killed; the read-out splits this cohort).""]","{""above_ema9"": true, ""above_vwap"": false, ""buyout_announced"": false, ""catalyst_source_ok"": true, ""catalyst_today"": false, ""catalyst_verdict"": ""NONE"", ""change_pct"": 5.263157894736836, ""feed_stale"": false, ""float_is_shares_outstanding"": false, ""float_shares"": 600000.0, ""float_verified"": true, ""halted"": false, ""in_session_window"": true, ""is_fund_or_etf"": null, ""last"": 3.0, ""live_theme"": false, ""macd_positive_and_above_signal"": true, ""penny_theme"": false, ""premarket_volume"": null, ""prev_close"": null, ""rvol"": 10.443517448105823, ""session_high"": 4.0, ""session_volume"": 408329.0, ""split_ratio_clean_integer"": null, ""symbol"": ""HAO"", ""tick_size"": null}",2.99,2.91,3.15,0.08,2.0,2,1,SUPPRESSED,,,2026-09-23T13:20:05+00:00,be76eab7370f,81fedd3,2026-09-23T06:47:00-04:00,,,2.99,6.125,-1.75,1,1,target,1,2026-09-23T10:47:00Z,3.48,2.98,2.93
a7361a75eac05cb3,2026-09-23T06:53:00-04:00,none,LXEH,pullback,ibkr-GRML-MSS-DCOY,IBKR · TWS read-only · live,live-backfill,1m,2.1578,,,3.39,15889391.0,1969.1774124587157,57.50364963503647,116667000.0,shares_outstanding_proxy,SEC shares outstanding (upper bound),0,0,REJECT,pillars,0,"[{""id"": ""price"", ""kills"": true, ""reason"": ""$2.16 is outside $2.00\u201320.00."", ""state"": ""PASS"", ""value"": ""$2.16  band $2.00\u201320.00""}, {""id"": ""float"", ""kills"": false, ""reason"": ""116.7M outstanding is an upper bound over the 20M cap \u2014 it proves nothing either way. Verify the float by hand."", ""state"": ""MANUAL_CONFIRMATION_REQUIRED"", ""value"": ""116.7M shares outstanding""}, {""id"": ""catalyst"", ""kills"": false, ""reason"": ""No catalyst dated today and no live theme it belongs to."", ""state"": ""FAIL"", ""value"": ""none""}, {""id"": ""pillars"", ""kills"": true, ""reason"": ""Only 3 of the Five Pillars pass (need 4); missing float, catalyst."", ""state"": ""FAIL"", ""value"": ""3/5 \u2014 missing float, catalyst""}, {""id"": ""rising"", ""kills"": false, ""reason"": ""cascade already stopped"", ""state"": ""NOT_APPLICABLE"", ""value"": ""\u2014""}, {""id"": ""split"", ""kills"": false, ""reason"": ""cascade already stopped"", ""state"": ""NOT_APPLICABLE"", ""value"": ""\u2014""}, {""id"": ""instrument"", ""kills"": false, ""reason"": ""cascade already stopped"", ""state"": ""NOT_APPLICABLE"", ""value"": ""\u2014""}, {""id"": ""tick"", ""kills"": false, ""reason"": ""cascade already stopped"", ""state"": ""NOT_APPLICABLE"", ""value"": ""\u2014""}, {""id"": ""buyout"", ""kills"": false, ""reason"": ""cascade already stopped"", ""state"": ""NOT_APPLICABLE"", ""value"": ""\u2014""}]","[""No catalyst dated today and no live theme (A2: flagged, not killed; the read-out splits this cohort).""]","{""above_ema9"": true, ""above_vwap"": false, ""buyout_announced"": false, ""catalyst_source_ok"": true, ""catalyst_today"": false, ""catalyst_verdict"": ""NONE"", ""change_pct"": 57.50364963503647, ""feed_stale"": false, ""float_is_shares_outstanding"": true, ""float_shares"": 116667000, ""float_verified"": false, ""halted"": false, ""in_session_window"": true, ""is_fund_or_etf"": null, ""last"": 2.1578, ""live_theme"": false, ""macd_positive_and_above_signal"": false, ""penny_theme"": false, ""premarket_volume"": null, ""prev_close"": null, ""rvol"": 1969.1774124587157, ""session_high"": 3.39, ""session_volume"": 15889391.0, ""split_ratio_clean_integer"": null, ""symbol"": ""LXEH"", ""tick_size"": null}",2.16,2.09,2.3,0.07,2.0,2,1,SUPPRESSED,,,2026-09-23T13:21:09+00:00,be76eab7370f,81fedd3,2026-09-23T06:54:00-04:00,,,2.16,0.1429,-10.4286,1,0,stop,1,2026-09-23T10:54:00Z,2.17,1.85,1.48
62c6371a966d35ef,2026-09-23T06:55:00-04:00,none,IPDN,pullback,ibkr-GRML-MSS-DCOY,IBKR · TWS read-only · live,live-backfill,1m,8.52,,,11.24,8326304.0,15.24056786339927,118.46153846153844,480000.0,verified,finviz via premarket_stars.py,0,0,WAIT,,1,"[{""id"": ""price"", ""kills"": true, ""reason"": ""$8.52 is outside $2.00\u201320.00."", ""state"": ""PASS"", ""value"": ""$8.52  band $2.00\u201320.00""}, {""id"": ""float"", ""kills"": false, ""reason"": """", ""state"": ""PASS"", ""value"": ""0.5M (verified)""}, {""id"": ""catalyst"", ""kills"": false, ""reason"": ""No catalyst dated today and no live theme it belongs to."", ""state"": ""FAIL"", ""value"": ""none""}, {""id"": ""pillars"", ""kills"": true, ""reason"": ""Only 4 of the Five Pillars pass (need 4); missing catalyst."", ""state"": ""PASS"", ""value"": ""4/5 \u2014 missing catalyst""}, {""id"": ""rising"", ""kills"": true, ""reason"": ""24.2% off the high \u2014 back side of the move."", ""state"": ""PASS"", ""value"": ""24.2% off 11.24""}, {""id"": ""split"", ""kills"": false, ""reason"": """", ""state"": ""PASS"", ""value"": ""gap is not arithmetic""}, {""id"": ""instrument"", ""kills"": false, ""reason"": """", ""state"": ""UNKNOWN"", ""value"": ""\u2014""}, {""id"": ""tick"", ""kills"": false, ""reason"": """", ""state"": ""UNKNOWN"", ""value"": ""\u2014""}, {""id"": ""buyout"", ""kills"": true, ""reason"": ""Acquisition announced \u2014 the price is pinned and volatility is gone."", ""state"": ""PASS"", ""value"": ""none""}, {""id"": ""vwap"", ""kills"": false, ""reason"": """", ""state"": ""PASS"", ""value"": ""yes""}, {""id"": ""ema9"", ""kills"": false, ""reason"": """", ""state"": ""FAIL"", ""value"": ""no""}, {""id"": ""macd"", ""kills"": false, ""reason"": """", ""state"": ""FAIL"", ""value"": ""no""}, {""id"": ""tape"", ""kills"": false, ""reason"": ""No tape and no book in this tool."", ""state"": ""MANUAL_CONFIRMATION_REQUIRED"", ""value"": ""your eyes""}]","[""No catalyst dated today and no live theme (A2: flagged, not killed; the read-out splits this cohort)."", ""Instrument type unknown \u2014 ADRs are fine, funds are not.""]","{""above_ema9"": false, ""above_vwap"": true, ""buyout_announced"": false, ""catalyst_source_ok"": true, ""catalyst_today"": false, ""catalyst_verdict"": ""NONE"", ""change_pct"": 118.46153846153844, ""feed_stale"": false, ""float_is_shares_outstanding"": false, ""float_shares"": 480000.0, ""float_verified"": true, ""halted"": false, ""in_session_window"": true, ""is_fund_or_etf"": null, ""last"": 8.52, ""live_theme"": false, ""macd_positive_and_above_signal"": false, ""penny_theme"": false, ""premarket_volume"": null, ""prev_close"": null, ""rvol"": 15.24056786339927, ""session_high"": 11.24, ""session_volume"": 8326304.0, ""split_ratio_clean_integer"": null, ""symbol"": ""IPDN"", ""tick_size"": null}",8.66,8.49,9.0,0.17,2.0,4,1,REFUSED,"[""bar is outside the 07:00-16:00 ET session window (session 'none'); nothing is traded there"", ""bar clock: the bar closed 8713s before the runner saw it (budget 120s); a stale plan is not the trade the cascade reviewed (bar close \u2192 published 8709s, published \u2192 runner 4s)"", ""backfill decision: armed on loaded history, inputs not point-in-time (bar clock: the bar predates the desk's start; a fresh publication time does not make it fresh)"", ""Layer 2 not green: verdict WAIT \u2014 chart gates must all be true at entry""]",2026-09-23T13:21:13+00:00,2026-09-23T13:21:09+00:00,be76eab7370f,81fedd3,2026-09-23T06:56:00-04:00,"{""bar_end"": ""2026-09-23T06:56:00-04:00"", ""bar_to_published_s"": 8709, ""published"": ""2026-09-23T13:21:09+00:00"", ""published_to_seen_s"": 4, ""quote_ts"": ""2026-09-23T13:21:12+00:00"", ""runner_seen"": ""2026-09-23T13:21:13+00:00""}",,8.66,2.5294,-20.9412,1,1,stop,1,2026-09-23T10:56:00Z,9.09,7.8,5.29
635fd44313ad3e23,2026-09-23T06:57:00-04:00,none,GRML,pullback,ibkr-GRML-MSS-DCOY,IBKR · TWS read-only · live,live-backfill,1m,20.23,,,21.9,3514439.0,0.3446772090947541,42.968197879858664,2870000.0,verified,finviz via premarket_stars.py,1,0,REJECT,price,0,"[{""id"": ""price"", ""kills"": true, ""reason"": ""$20.23 is outside $2.00\u201320.00."", ""state"": ""FAIL"", ""value"": ""$20.23  band $2.00\u201320.00""}, {""id"": ""float"", ""kills"": false, ""reason"": ""cascade already stopped"", ""state"": ""NOT_APPLICABLE"", ""value"": ""\u2014""}, {""id"": ""catalyst"", ""kills"": false, ""reason"": ""cascade already stopped"", ""state"": ""NOT_APPLICABLE"", ""value"": ""\u2014""}, {""id"": ""pillars"", ""kills"": false, ""reason"": ""cascade already stopped"", ""state"": ""NOT_APPLICABLE"", ""value"": ""\u2014""}, {""id"": ""rising"", ""kills"": false, ""reason"": ""cascade already stopped"", ""state"": ""NOT_APPLICABLE"", ""value"": ""\u2014""}, {""id"": ""split"", ""kills"": false, ""reason"": ""cascade already stopped"", ""state"": ""NOT_APPLICABLE"", ""value"": ""\u2014""}, {""id"": ""instrument"", ""kills"": false, ""reason"": ""cascade already stopped"", ""state"": ""NOT_APPLICABLE"", ""value"": ""\u2014""}, {""id"": ""tick"", ""kills"": false, ""reason"": ""cascade already stopped"", ""state"": ""NOT_APPLICABLE"", ""value"": ""\u2014""}, {""id"": ""buyout"", ""kills"": false, ""reason"": ""cascade already stopped"", ""state"": ""NOT_APPLICABLE"", ""value"": ""\u2014""}]",[],"{""above_ema9"": true, ""above_vwap"": true, ""buyout_announced"": false, ""catalyst_source_ok"": true, ""catalyst_today"": true, ""catalyst_verdict"": ""NONE"", ""change_pct"": 42.968197879858664, ""feed_stale"": false, ""float_is_shares_outstanding"": false, ""float_shares"": 2870000.0, ""float_verified"": true, ""halted"": false, ""in_session_window"": true, ""is_fund_or_etf"": null, ""last"": 20.23, ""live_theme"": false, ""macd_positive_and_above_signal"": true, ""penny_theme"": false, ""premarket_volume"": null, ""prev_close"": null, ""rvol"": 0.3446772090947541, ""session_high"": 21.9, ""session_volume"": 3514439.0, ""split_ratio_clean_integer"": null, ""symbol"": ""GRML"", ""tick_size"": null}",20.01,19.79,20.45,0.22,2.0,4,1,SUPPRESSED,,,2026-09-23T13:20:05+00:00,be76eab7370f,81fedd3,2026-09-23T06:58:00-04:00,,,20.01,1.6818,-39.8182,1,0,stop,1,2026-09-23T10:58:00Z,20.38,17.2,11.97
183d40e4988d1d07,2026-09-23T07:07:00-04:00,premarket,DCOY,pullback,ibkr-GRML-MSS-DCOY,IBKR · TWS read-only · live,live-backfill,1m,5.11,,,5.22,5946027.0,2.1929310271002778,64.83870967741936,570000.0,verified,finviz via premarket_stars.py,0,0,REJECT,pillars,0,"[{""id"": ""price"", ""kills"": true, ""reason"": ""$5.11 is outside $2.00\u201320.00."", ""state"": ""PASS"", ""value"": ""$5.11  band $2.00\u201320.00""}, {""id"": ""float"", ""kills"": false, ""reason"": """", ""state"": ""PASS"", ""value"": ""0.6M (verified)""}, {""id"": ""catalyst"", ""kills"": false, ""reason"": ""No catalyst dated today and no live theme it belongs to."", ""state"": ""FAIL"", ""value"": ""none""}, {""id"": ""pillars"", ""kills"": true, ""reason"": ""Only 3 of the Five Pillars pass (need 4); missing rvol, catalyst."", ""state"": ""FAIL"", ""value"": ""3/5 \u2014 missing rvol, catalyst""}, {""id"": ""rising"", ""kills"": false, ""reason"": ""cascade already stopped"", ""state"": ""NOT_APPLICABLE"", ""value"": ""\u2014""}, {""id"": ""split"", ""kills"": false, ""reason"": ""cascade already stopped"", ""state"": ""NOT_APPLICABLE"", ""value"": ""\u2014""}, {""id"": ""instrument"", ""kills"": false, ""reason"": ""cascade already stopped"", ""state"": ""NOT_APPLICABLE"", ""value"": ""\u2014""}, {""id"": ""tick"", ""kills"": false, ""reason"": ""cascade already stopped"", ""state"": ""NOT_APPLICABLE"", ""value"": ""\u2014""}, {""id"": ""buyout"", ""kills"": false, ""reason"": ""cascade already stopped"", ""state"": ""NOT_APPLICABLE"", ""value"": ""\u2014""}]","[""No catalyst dated today and no live theme (A2: flagged, not killed; the read-out splits this cohort).""]","{""above_ema9"": true, ""above_vwap"": true, ""buyout_announced"": false, ""catalyst_source_ok"": true, ""catalyst_today"": false, ""catalyst_verdict"": ""NONE"", ""change_pct"": 64.83870967741936, ""feed_stale"": false, ""float_is_shares_outstanding"": false, ""float_shares"": 570000.0, ""float_verified"": true, ""halted"": false, ""in_session_window"": true, ""is_fund_or_etf"": null, ""last"": 5.11, ""live_theme"": false, ""macd_positive_and_above_signal"": true, ""penny_theme"": false, ""premarket_volume"": null, ""prev_close"": null, ""rvol"": 2.1929310271002778, ""session_high"": 5.22, ""session_volume"": 5946027.0, ""split_ratio_clean_integer"": null, ""symbol"": ""DCOY"", ""tick_size"": null}",4.98,4.6,5.74,0.38,2.0,3,1,SUPPRESSED,,,2026-09-23T13:20:05+00:00,be76eab7370f,81fedd3,2026-09-23T07:08:00-04:00,,,4.98,0.4211,-3.1579,1,0,stop,1,2026-09-23T11:08:00Z,5.14,4.2,4.07
1894c34cfbea5a84,2026-09-23T07:10:00-04:00,premarket,IPDN,pullback,ibkr-GRML-MSS-DCOY,IBKR · TWS read-only · live,live-backfill,1m,8.12,,,11.24,9002445.0,16.478184553316748,108.20512820512818,480000.0,verified,finviz via premarket_stars.py,0,0,REJECT,rising,0,"[{""id"": ""price"", ""kills"": true, ""reason"": ""$8.12 is outside $2.00\u201320.00."", ""state"": ""PASS"", ""value"": ""$8.12  band $2.00\u201320.00""}, {""id"": ""float"", ""kills"": false, ""reason"": """", ""state"": ""PASS"", ""value"": ""0.5M (verified)""}, {""id"": ""catalyst"", ""kills"": false, ""reason"": ""No catalyst dated today and no live theme it belongs to."", ""state"": ""FAIL"", ""value"": ""none""}, {""id"": ""pillars"", ""kills"": true, ""reason"": ""Only 4 of the Five Pillars pass (need 4); missing catalyst."", ""state"": ""PASS"", ""value"": ""4/5 \u2014 missing catalyst""}, {""id"": ""rising"", ""kills"": true, ""reason"": ""27.8% off the high \u2014 back side of the move."", ""state"": ""FAIL"", ""value"": ""27.8% off 11.24""}, {""id"": ""split"", ""kills"": false, ""reason"": ""cascade already stopped"", ""state"": ""NOT_APPLICABLE"", ""value"": ""\u2014""}, {""id"": ""instrument"", ""kills"": false, ""reason"": ""cascade already stopped"", ""state"": ""NOT_APPLICABLE"", ""value"": ""\u2014""}, {""id"": ""tick"", ""kills"": false, ""reason"": ""cascade already stopped"", ""state"": ""NOT_APPLICABLE"", ""value"": ""\u2014""}, {""id"": ""buyout"", ""kills"": false, ""reason"": ""cascade already stopped"", ""state"": ""NOT_APPLICABLE"", ""value"": ""\u2014""}]","[""No catalyst dated today and no live theme (A2: flagged, not killed; the read-out splits this cohort).""]","{""above_ema9"": false, ""above_vwap"": false, ""buyout_announced"": false, ""catalyst_source_ok"": true, ""catalyst_today"": false, ""catalyst_verdict"": ""NONE"", ""change_pct"": 108.20512820512818, ""feed_stale"": false, ""float_is_shares_outstanding"": false, ""float_shares"": 480000.0, ""float_verified"": true, ""halted"": false, ""in_session_window"": true, ""is_fund_or_etf"": null, ""last"": 8.12, ""live_theme"": false, ""macd_positive_and_above_signal"": false, ""penny_theme"": false, ""premarket_volume"": null, ""prev_close"": null, ""rvol"": 16.478184553316748, ""session_high"": 11.24, ""session_volume"": 9002445.0, ""split_ratio_clean_integer"": null, ""symbol"": ""IPDN"", ""tick_size"": null}",8.14,7.99,8.44,0.15,2.0,3,1,SUPPRESSED,,,2026-09-23T13:21:09+00:00,be76eab7370f,81fedd3,2026-09-23T07:11:00-04:00,,,8.14,1.3333,-20.2667,1,0,stop,1,2026-09-23T11:11:00Z,8.34,7.63,5.29
5a71a6a4b110b8e4,2026-09-23T07:11:00-04:00,premarket,HAO,pullback,ibkr-GRML-MSS-DCOY,IBKR · TWS read-only · live,live-backfill,1m,3.2,,,4.0,582880.0,14.907874410467839,12.280701754385959,600000.0,verified,finviz via premarket_stars.py,0,0,WAIT,,1,"[{""id"": ""price"", ""kills"": true, ""reason"": ""$3.20 is outside $2.00\u201320.00."", ""state"": ""PASS"", ""value"": ""$3.20  band $2.00\u201320.00""}, {""id"": ""float"", ""kills"": false, ""reason"": """", ""state"": ""PASS"", ""value"": ""0.6M (verified)""}, {""id"": ""catalyst"", ""kills"": false, ""reason"": ""No catalyst dated today and no live theme it belongs to."", ""state"": ""FAIL"", ""value"": ""none""}, {""id"": ""pillars"", ""kills"": true, ""reason"": ""Only 4 of the Five Pillars pass (need 4); missing catalyst."", ""state"": ""PASS"", ""value"": ""4/5 \u2014 missing catalyst""}, {""id"": ""rising"", ""kills"": true, ""reason"": ""20.0% off the high \u2014 back side of the move."", ""state"": ""PASS"", ""value"": ""20.0% off 4.00""}, {""id"": ""split"", ""kills"": false, ""reason"": """", ""state"": ""PASS"", ""value"": ""gap is not arithmetic""}, {""id"": ""instrument"", ""kills"": false, ""reason"": """", ""state"": ""UNKNOWN"", ""value"": ""\u2014""}, {""id"": ""tick"", ""kills"": false, ""reason"": """", ""state"": ""UNKNOWN"", ""value"": ""\u2014""}, {""id"": ""buyout"", ""kills"": true, ""reason"": ""Acquisition announced \u2014 the price is pinned and volatility is gone."", ""state"": ""PASS"", ""value"": ""none""}, {""id"": ""vwap"", ""kills"": false, ""reason"": """", ""state"": ""PASS"", ""value"": ""yes""}, {""id"": ""ema9"", ""kills"": false, ""reason"": """", ""state"": ""PASS"", ""value"": ""yes""}, {""id"": ""macd"", ""kills"": false, ""reason"": """", ""state"": ""FAIL"", ""value"": ""no""}, {""id"": ""tape"", ""kills"": false, ""reason"": ""No tape and no book in this tool."", ""state"": ""MANUAL_CONFIRMATION_REQUIRED"", ""value"": ""your eyes""}]","[""No catalyst dated today and no live theme (A2: flagged, not killed; the read-out splits this cohort)."", ""Instrument type unknown \u2014 ADRs are fine, funds are not."", ""Session volume 0.58M is under the 1M floor \u2014 the band he measured himself losing in.""]","{""above_ema9"": true, ""above_vwap"": true, ""buyout_announced"": false, ""catalyst_source_ok"": true, ""catalyst_today"": false, ""catalyst_verdict"": ""NONE"", ""change_pct"": 12.280701754385959, ""feed_stale"": false, ""float_is_shares_outstanding"": false, ""float_shares"": 600000.0, ""float_verified"": true, ""halted"": false, ""in_session_window"": true, ""is_fund_or_etf"": null, ""last"": 3.2, ""live_theme"": false, ""macd_positive_and_above_signal"": false, ""penny_theme"": false, ""premarket_volume"": null, ""prev_close"": null, ""rvol"": 14.907874410467839, ""session_high"": 4.0, ""session_volume"": 582880.0, ""split_ratio_clean_integer"": null, ""symbol"": ""HAO"", ""tick_size"": null}",3.17,3.09,3.33,0.08,2.0,3,1,REFUSED,"[""bar clock: the bar closed 7688s before the runner saw it (budget 120s); a stale plan is not the trade the cascade reviewed (bar close \u2192 published 7685s, published \u2192 runner 3s)"", ""pre-market entry not allowed: phase B \u2014 pre-market entries start in phase C"", ""backfill decision: armed on loaded history, inputs not point-in-time (bar clock: the bar predates the desk's start; a fresh publication time does not make it fresh)"", ""Layer 2 not green: verdict WAIT \u2014 chart gates must all be true at entry""]",2026-09-23T13:20:08+00:00,2026-09-23T13:20:05+00:00,be76eab7370f,81fedd3,2026-09-23T07:12:00-04:00,"{""bar_end"": ""2026-09-23T07:12:00-04:00"", ""bar_to_published_s"": 7685, ""published"": ""2026-09-23T13:20:05+00:00"", ""published_to_seen_s"": 3, ""quote_ts"": ""2026-09-23T13:20:07+00:00"", ""runner_seen"": ""2026-09-23T13:20:08+00:00""}",,3.17,2.25,-4.0,1,1,stop,1,2026-09-23T11:12:00Z,3.18,3.05,2.93
36a5ae9edbe2f53b,2026-09-23T07:15:00-04:00,premarket,GRML,pullback,ibkr-GRML-MSS-DCOY,IBKR · TWS read-only · live,live-backfill,1m,18.48,,,21.9,4375423.0,0.4291178729376143,30.600706713780923,2870000.0,verified,finviz via premarket_stars.py,1,0,WAIT,,1,"[{""id"": ""price"", ""kills"": true, ""reason"": ""$18.48 is outside $2.00\u201320.00."", ""state"": ""PASS"", ""value"": ""$18.48  band $2.00\u201320.00""}, {""id"": ""float"", ""kills"": false, ""reason"": """", ""state"": ""PASS"", ""value"": ""2.9M (verified)""}, {""id"": ""catalyst"", ""kills"": false, ""reason"": """", ""state"": ""PASS"", ""value"": ""news today \u00b7 NONE""}, {""id"": ""pillars"", ""kills"": true, ""reason"": ""Only 4 of the Five Pillars pass (need 4); missing rvol."", ""state"": ""PASS"", ""value"": ""4/5 \u2014 missing rvol""}, {""id"": ""rising"", ""kills"": true, ""reason"": ""15.6% off the high \u2014 back side of the move."", ""state"": ""PASS"", ""value"": ""15.6% off 21.90""}, {""id"": ""split"", ""kills"": false, ""reason"": """", ""state"": ""PASS"", ""value"": ""gap is not arithmetic""}, {""id"": ""instrument"", ""kills"": false, ""reason"": """", ""state"": ""UNKNOWN"", ""value"": ""\u2014""}, {""id"": ""tick"", ""kills"": false, ""reason"": """", ""state"": ""UNKNOWN"", ""value"": ""\u2014""}, {""id"": ""buyout"", ""kills"": true, ""reason"": ""Acquisition announced \u2014 the price is pinned and volatility is gone."", ""state"": ""PASS"", ""value"": ""none""}, {""id"": ""vwap"", ""kills"": false, ""reason"": """", ""state"": ""FAIL"", ""value"": ""no""}, {""id"": ""ema9"", ""kills"": false, ""reason"": """", ""state"": ""PASS"", ""value"": ""yes""}, {""id"": ""macd"", ""kills"": false, ""reason"": """", ""state"": ""FAIL"", ""value"": ""no""}, {""id"": ""tape"", ""kills"": false, ""reason"": ""No tape and no book in this tool."", ""state"": ""MANUAL_CONFIRMATION_REQUIRED"", ""value"": ""your eyes""}]","[""Instrument type unknown \u2014 ADRs are fine, funds are not."", ""RVOL 0.43x is under the 1.5x trade floor (the 5x is a scanner dial, not a gate).""]","{""above_ema9"": true, ""above_vwap"": false, ""buyout_announced"": false, ""catalyst_source_ok"": true, ""catalyst_today"": true, ""catalyst_verdict"": ""NONE"", ""change_pct"": 30.600706713780923, ""feed_stale"": false, ""float_is_shares_outstanding"": false, ""float_shares"": 2870000.0, ""float_verified"": true, ""halted"": false, ""in_session_window"": true, ""is_fund_or_etf"": null, ""last"": 18.48, ""live_theme"": false, ""macd_positive_and_above_signal"": false, ""penny_theme"": false, ""premarket_volume"": null, ""prev_close"": null, ""rvol"": 0.4291178729376143, ""session_high"": 21.9, ""session_volume"": 4375423.0, ""split_ratio_clean_integer"": null, ""symbol"": ""GRML"", ""tick_size"": null}",18.51,18.23,19.07,0.28,2.0,1,1,REFUSED,"[""bar clock: the bar closed 7448s before the runner saw it (budget 120s); a stale plan is not the trade the cascade reviewed (bar close \u2192 published 7445s, published \u2192 runner 3s)"", ""pre-market entry not allowed: phase B \u2014 pre-market entries start in phase C"", ""backfill decision: armed on loaded history, inputs not point-in-time (bar clock: the bar predates the desk's start; a fresh publication time does not make it fresh)"", ""Layer 2 not green: verdict WAIT \u2014 chart gates must all be true at entry""]",2026-09-23T13:20:08+00:00,2026-09-23T13:20:05+00:00,be76eab7370f,81fedd3,2026-09-23T07:16:00-04:00,"{""bar_end"": ""2026-09-23T07:16:00-04:00"", ""bar_to_published_s"": 7445, ""published"": ""2026-09-23T13:20:05+00:00"", ""published_to_seen_s"": 3, ""quote_ts"": ""2026-09-23T13:20:07+00:00"", ""runner_seen"": ""2026-09-23T13:20:08+00:00""}",,18.51,1.3214,-25.9286,1,0,stop,1,2026-09-23T11:18:00Z,18.72,17.06,11.97
e039737e543776c9,2026-09-23T07:16:00-04:00,premarket,LXEH,pullback,ibkr-GRML-MSS-DCOY,IBKR · TWS read-only · live,live-backfill,1m,1.95,,,3.39,16373018.0,2029.1134644103086,42.335766423357654,116667000.0,shares_outstanding_proxy,SEC shares outstanding (upper bound),0,0,REJECT,price,0,"[{""id"": ""price"", ""kills"": true, ""reason"": ""$1.95 is outside $2.00\u201320.00."", ""state"": ""FAIL"", ""value"": ""$1.95  band $2.00\u201320.00""}, {""id"": ""float"", ""kills"": false, ""reason"": ""cascade already stopped"", ""state"": ""NOT_APPLICABLE"", ""value"": ""\u2014""}, {""id"": ""catalyst"", ""kills"": false, ""reason"": ""cascade already stopped"", ""state"": ""NOT_APPLICABLE"", ""value"": ""\u2014""}, {""id"": ""pillars"", ""kills"": false, ""reason"": ""cascade already stopped"", ""state"": ""NOT_APPLICABLE"", ""value"": ""\u2014""}, {""id"": ""rising"", ""kills"": false, ""reason"": ""cascade already stopped"", ""state"": ""NOT_APPLICABLE"", ""value"": ""\u2014""}, {""id"": ""split"", ""kills"": false, ""reason"": ""cascade already stopped"", ""state"": ""NOT_APPLICABLE"", ""value"": ""\u2014""}, {""id"": ""instrument"", ""kills"": false, ""reason"": ""cascade already stopped"", ""state"": ""NOT_APPLICABLE"", ""value"": ""\u2014""}, {""id"": ""tick"", ""kills"": false, ""reason"": ""cascade already stopped"", ""state"": ""NOT_APPLICABLE"", ""value"": ""\u2014""}, {""id"": ""buyout"", ""kills"": false, ""reason"": ""cascade already stopped"", ""state"": ""NOT_APPLICABLE"", ""value"": ""\u2014""}]",[],"{""above_ema9"": false, ""above_vwap"": false, ""buyout_announced"": false, ""catalyst_source_ok"": true, ""catalyst_today"": false, ""catalyst_verdict"": ""NONE"", ""change_pct"": 42.335766423357654, ""feed_stale"": false, ""float_is_shares_outstanding"": true, ""float_shares"": 116667000, ""float_verified"": false, ""halted"": false, ""in_session_window"": true, ""is_fund_or_etf"": null, ""last"": 1.95, ""live_theme"": false, ""macd_positive_and_above_signal"": true, ""penny_theme"": false, ""premarket_volume"": null, ""prev_close"": null, ""rvol"": 2029.1134644103086, ""session_high"": 3.39, ""session_volume"": 16373018.0, ""split_ratio_clean_integer"": null, ""symbol"": ""LXEH"", ""tick_size"": null}",1.9762,1.93,2.0686,0.0462,2.0,4,1,SUPPRESSED,,,2026-09-23T13:21:09+00:00,be76eab7370f,81fedd3,2026-09-23T07:17:00-04:00,,,1.9762,0.2987,-11.8225,1,0,stop,1,2026-09-23T11:22:00Z,1.99,1.7303,1.48
853ef152c7cecd5b,2026-09-23T07:20:00-04:00,premarket,DCOY,pullback,ibkr-GRML-MSS-DCOY,IBKR · TWS read-only · live,live-backfill,1m,4.46,,,5.22,8352539.0,3.0804673319117333,43.87096774193549,570000.0,verified,finviz via premarket_stars.py,0,0,REJECT,pillars,0,"[{""id"": ""price"", ""kills"": true, ""reason"": ""$4.46 is outside $2.00\u201320.00."", ""state"": ""PASS"", ""value"": ""$4.46  band $2.00\u201320.00""}, {""id"": ""float"", ""kills"": false, ""reason"": """", ""state"": ""PASS"", ""value"": ""0.6M (verified)""}, {""id"": ""catalyst"", ""kills"": false, ""reason"": ""No catalyst dated today and no live theme it belongs to."", ""state"": ""FAIL"", ""value"": ""none""}, {""id"": ""pillars"", ""kills"": true, ""reason"": ""Only 3 of the Five Pillars pass (need 4); missing rvol, catalyst."", ""state"": ""FAIL"", ""value"": ""3/5 \u2014 missing rvol, catalyst""}, {""id"": ""rising"", ""kills"": false, ""reason"": ""cascade already stopped"", ""state"": ""NOT_APPLICABLE"", ""value"": ""\u2014""}, {""id"": ""split"", ""kills"": false, ""reason"": ""cascade already stopped"", ""state"": ""NOT_APPLICABLE"", ""value"": ""\u2014""}, {""id"": ""instrument"", ""kills"": false, ""reason"": ""cascade already stopped"", ""state"": ""NOT_APPLICABLE"", ""value"": ""\u2014""}, {""id"": ""tick"", ""kills"": false, ""reason"": ""cascade already stopped"", ""state"": ""NOT_APPLICABLE"", ""value"": ""\u2014""}, {""id"": ""buyout"", ""kills"": false, ""reason"": ""cascade already stopped"", ""state"": ""NOT_APPLICABLE"", ""value"": ""\u2014""}]","[""No catalyst dated today and no live theme (A2: flagged, not killed; the read-out splits this cohort).""]","{""above_ema9"": false, ""above_vwap"": false, ""buyout_announced"": false, ""catalyst_source_ok"": true, ""catalyst_today"": false, ""catalyst_verdict"": ""NONE"", ""change_pct"": 43.87096774193549, ""feed_stale"": false, ""float_is_shares_outstanding"": false, ""float_shares"": 570000.0, ""float_verified"": true, ""halted"": false, ""in_session_window"": true, ""is_fund_or_etf"": null, ""last"": 4.46, ""live_theme"": false, ""macd_positive_and_above_signal"": false, ""penny_theme"": false, ""premarket_volume"": null, ""prev_close"": null, ""rvol"": 3.0804673319117333, ""session_high"": 5.22, ""session_volume"": 8352539.0, ""split_ratio_clean_integer"": null, ""symbol"": ""DCOY"", ""tick_size"": null}",4.43,4.26,4.77,0.17,2.0,3,1,SUPPRESSED,,,2026-09-23T13:20:05+00:00,be76eab7370f,81fedd3,2026-09-23T07:21:00-04:00,,,4.43,2.0588,-3.8235,1,1,stop,1,2026-09-23T11:21:00Z,4.74,4.23,4.07
ea8aaa86acaeaa58,2026-09-23T07:20:00-04:00,premarket,WHLR,pullback,ibkr-GRML-MSS-DCOY,IBKR · TWS read-only · live,live-backfill,1m,6.4496,,,8.59,14596193.0,46.72992646280808,244.8983957219251,550000.0,verified,finviz via premarket_stars.py,0,0,REVIEW,,1,"[{""id"": ""price"", ""kills"": true, ""reason"": ""$6.45 is outside $2.00\u201320.00."", ""state"": ""PASS"", ""value"": ""$6.45  band $2.00\u201320.00""}, {""id"": ""float"", ""kills"": false, ""reason"": """", ""state"": ""PASS"", ""value"": ""0.6M (verified)""}, {""id"": ""catalyst"", ""kills"": false, ""reason"": ""No catalyst dated today and no live theme it belongs to."", ""state"": ""FAIL"", ""value"": ""none""}, {""id"": ""pillars"", ""kills"": true, ""reason"": ""Only 4 of the Five Pillars pass (need 4); missing catalyst."", ""state"": ""PASS"", ""value"": ""4/5 \u2014 missing catalyst""}, {""id"": ""rising"", ""kills"": true, ""reason"": ""24.9% off the high \u2014 back side of the move."", ""state"": ""PASS"", ""value"": ""24.9% off 8.59""}, {""id"": ""split"", ""kills"": false, ""reason"": """", ""state"": ""PASS"", ""value"": ""gap is not arithmetic""}, {""id"": ""instrument"", ""kills"": false, ""reason"": """", ""state"": ""UNKNOWN"", ""value"": ""\u2014""}, {""id"": ""tick"", ""kills"": false, ""reason"": """", ""state"": ""UNKNOWN"", ""value"": ""\u2014""}, {""id"": ""buyout"", ""kills"": true, ""reason"": ""Acquisition announced \u2014 the price is pinned and volatility is gone."", ""state"": ""PASS"", ""value"": ""none""}, {""id"": ""vwap"", ""kills"": false, ""reason"": """", ""state"": ""PASS"", ""value"": ""yes""}, {""id"": ""ema9"", ""kills"": false, ""reason"": """", ""state"": ""PASS"", ""value"": ""yes""}, {""id"": ""macd"", ""kills"": false, ""reason"": """", ""state"": ""PASS"", ""value"": ""yes""}, {""id"": ""tape"", ""kills"": false, ""reason"": ""No tape and no book in this tool."", ""state"": ""MANUAL_CONFIRMATION_REQUIRED"", ""value"": ""your eyes""}]","[""No catalyst dated today and no live theme (A2: flagged, not killed; the read-out splits this cohort)."", ""Instrument type unknown \u2014 ADRs are fine, funds are not.""]","{""above_ema9"": true, ""above_vwap"": true, ""buyout_announced"": false, ""catalyst_source_ok"": true, ""catalyst_today"": false, ""catalyst_verdict"": ""NONE"", ""change_pct"": 244.8983957219251, ""feed_stale"": false, ""float_is_shares_outstanding"": false, ""float_shares"": 550000.0, ""float_verified"": true, ""halted"": false, ""in_session_window"": true, ""is_fund_or_etf"": null, ""last"": 6.4496, ""live_theme"": false, ""macd_positive_and_above_signal"": true, ""penny_theme"": false, ""premarket_volume"": null, ""prev_close"": null, ""rvol"": 46.72992646280808, ""session_high"": 8.59, ""session_volume"": 14596193.0, ""split_ratio_clean_integer"": null, ""symbol"": ""WHLR"", ""tick_size"": null}",6.31,6.09,6.75,0.22,2.0,1,0,REFUSED,"[""bar clock: the bar closed 7213s before the runner saw it (budget 120s); a stale plan is not the trade the cascade reviewed (bar close \u2192 published 7209s, published \u2192 runner 4s)"", ""pre-market entry not allowed: phase B \u2014 pre-market entries start in phase C"", ""backfill decision: armed on loaded history, inputs not point-in-time (bar clock: the bar predates the desk's start; a fresh publication time does not make it fresh)"", ""Layer 2 not green: pullback volume was not lighter than the impulse""]",2026-09-23T13:21:13+00:00,2026-09-23T13:21:09+00:00,be76eab7370f,81fedd3,2026-09-23T07:21:00-04:00,"{""bar_end"": ""2026-09-23T07:21:00-04:00"", ""bar_to_published_s"": 7209, ""published"": ""2026-09-23T13:21:09+00:00"", ""published_to_seen_s"": 4, ""quote_ts"": ""2026-09-23T13:21:11+00:00"", ""runner_seen"": ""2026-09-23T13:21:13+00:00""}",,6.31,10.9091,-7.9982,1,1,target,1,2026-09-23T11:21:00Z,7.05,5.55,5.6921
f0a353feeaaf76c6,2026-09-23T07:22:00-04:00,premarket,IPDN,pullback,ibkr-GRML-MSS-DCOY,IBKR · TWS read-only · live,live-backfill,1m,8.09,,,11.24,9206418.0,16.851539207290603,107.43589743589746,480000.0,verified,finviz via premarket_stars.py,0,0,REJECT,rising,0,"[{""id"": ""price"", ""kills"": true, ""reason"": ""$8.09 is outside $2.00\u201320.00."", ""state"": ""PASS"", ""value"": ""$8.09  band $2.00\u201320.00""}, {""id"": ""float"", ""kills"": false, ""reason"": """", ""state"": ""PASS"", ""value"": ""0.5M (verified)""}, {""id"": ""catalyst"", ""kills"": false, ""reason"": ""No catalyst dated today and no live theme it belongs to."", ""state"": ""FAIL"", ""value"": ""none""}, {""id"": ""pillars"", ""kills"": true, ""reason"": ""Only 4 of the Five Pillars pass (need 4); missing catalyst."", ""state"": ""PASS"", ""value"": ""4/5 \u2014 missing catalyst""}, {""id"": ""rising"", ""kills"": true, ""reason"": ""28.0% off the high \u2014 back side of the move."", ""state"": ""FAIL"", ""value"": ""28.0% off 11.24""}, {""id"": ""split"", ""kills"": false, ""reason"": ""cascade already stopped"", ""state"": ""NOT_APPLICABLE"", ""value"": ""\u2014""}, {""id"": ""instrument"", ""kills"": false, ""reason"": ""cascade already stopped"", ""state"": ""NOT_APPLICABLE"", ""value"": ""\u2014""}, {""id"": ""tick"", ""kills"": false, ""reason"": ""cascade already stopped"", ""state"": ""NOT_APPLICABLE"", ""value"": ""\u2014""}, {""id"": ""buyout"", ""kills"": false, ""reason"": ""cascade already stopped"", ""state"": ""NOT_APPLICABLE"", ""value"": ""\u2014""}]","[""No catalyst dated today and no live theme (A2: flagged, not killed; the read-out splits this cohort).""]","{""above_ema9"": true, ""above_vwap"": false, ""buyout_announced"": false, ""catalyst_source_ok"": true, ""catalyst_today"": false, ""catalyst_verdict"": ""NONE"", ""change_pct"": 107.43589743589746, ""feed_stale"": false, ""float_is_shares_outstanding"": false, ""float_shares"": 480000.0, ""float_verified"": true, ""halted"": false, ""in_session_window"": true, ""is_fund_or_etf"": null, ""last"": 8.09, ""live_theme"": false, ""macd_positive_and_above_signal"": true, ""penny_theme"": false, ""premarket_volume"": null, ""prev_close"": null, ""rvol"": 16.851539207290603, ""session_high"": 11.24, ""session_volume"": 9206418.0, ""split_ratio_clean_integer"": null, ""symbol"": ""IPDN"", ""tick_size"": null}",8.09,8.0,8.27,0.09,2.0,2,1,SUPPRESSED,,,2026-09-23T13:21:09+00:00,be76eab7370f,81fedd3,2026-09-23T07:23:00-04:00,,,8.09,1.0,-33.2222,1,0,stop,1,2026-09-23T11:23:00Z,8.18,7.63,5.29
0fb75c31eb4693b9,2026-09-23T07:33:00-04:00,premarket,BENF,pullback,ibkr-GRML-MSS-DCOY,IBKR · TWS read-only · live,live-backfill,1m,0.63,,,0.6998,2543687.0,0.3851991107741281,17.03511053315996,2270000.0,verified,finviz via premarket_stars.py,0,0,REJECT,price,0,"[{""id"": ""price"", ""kills"": true, ""reason"": ""$0.63 is outside $2.00\u201320.00."", ""state"": ""FAIL"", ""value"": ""$0.63  band $2.00\u201320.00""}, {""id"": ""float"", ""kills"": false, ""reason"": ""cascade already stopped"", ""state"": ""NOT_APPLICABLE"", ""value"": ""\u2014""}, {""id"": ""catalyst"", ""kills"": false, ""reason"": ""cascade already stopped"", ""state"": ""NOT_APPLICABLE"", ""value"": ""\u2014""}, {""id"": ""pillars"", ""kills"": false, ""reason"": ""cascade already stopped"", ""state"": ""NOT_APPLICABLE"", ""value"": ""\u2014""}, {""id"": ""rising"", ""kills"": false, ""reason"": ""cascade already stopped"", ""state"": ""NOT_APPLICABLE"", ""value"": ""\u2014""}, {""id"": ""split"", ""kills"": false, ""reason"": ""cascade already stopped"", ""state"": ""NOT_APPLICABLE"", ""value"": ""\u2014""}, {""id"": ""instrument"", ""kills"": false, ""reason"": ""cascade already stopped"", ""state"": ""NOT_APPLICABLE"", ""value"": ""\u2014""}, {""id"": ""tick"", ""kills"": false, ""reason"": ""cascade already stopped"", ""state"": ""NOT_APPLICABLE"", ""value"": ""\u2014""}, {""id"": ""buyout"", ""kills"": false, ""reason"": ""cascade already stopped"", ""state"": ""NOT_APPLICABLE"", ""value"": ""\u2014""}]",[],"{""above_ema9"": true, ""above_vwap"": true, ""buyout_announced"": false, ""catalyst_source_ok"": true, ""catalyst_today"": false, ""catalyst_verdict"": ""NONE"", ""change_pct"": 17.03511053315996, ""feed_stale"": false, ""float_is_shares_outstanding"": false, ""float_shares"": 2270000.0, ""float_verified"": true, ""halted"": false, ""in_session_window"": true, ""is_fund_or_etf"": null, ""last"": 0.63, ""live_theme"": false, ""macd_positive_and_above_signal"": true, ""penny_theme"": false, ""premarket_volume"": null, ""prev_close"": null, ""rvol"": 0.3851991107741281, ""session_high"": 0.6998, ""session_volume"": 2543687.0, ""split_ratio_clean_integer"": null, ""symbol"": ""BENF"", ""tick_size"": null}",0.635,0.57,0.765,0.065,2.0,2,0,SUPPRESSED,,,2026-09-23T13:21:09+00:00,be76eab7370f,81fedd3,2026-09-23T07:34:00-04:00,,,0.635,36.8462,-0.6615,0,1,target,1,2026-09-23T11:34:00Z,2.08,0.592,2.35
2bf043f4367ffcde,2026-09-23T07:34:00-04:00,premarket,LXEH,pullback,ibkr-GRML-MSS-DCOY,IBKR · TWS read-only · live,live-backfill,1m,1.9,,,3.39,16643020.0,2062.574900391,38.6861313868613,116667000.0,shares_outstanding_proxy,SEC shares outstanding (upper bound),0,0,REJECT,price,0,"[{""id"": ""price"", ""kills"": true, ""reason"": ""$1.90 is outside $2.00\u201320.00."", ""state"": ""FAIL"", ""value"": ""$1.90  band $2.00\u201320.00""}, {""id"": ""float"", ""kills"": false, ""reason"": ""cascade already stopped"", ""state"": ""NOT_APPLICABLE"", ""value"": ""\u2014""}, {""id"": ""catalyst"", ""kills"": false, ""reason"": ""cascade already stopped"", ""state"": ""NOT_APPLICABLE"", ""value"": ""\u2014""}, {""id"": ""pillars"", ""kills"": false, ""reason"": ""cascade already stopped"", ""state"": ""NOT_APPLICABLE"", ""value"": ""\u2014""}, {""id"": ""rising"", ""kills"": false, ""reason"": ""cascade already stopped"", ""state"": ""NOT_APPLICABLE"", ""value"": ""\u2014""}, {""id"": ""split"", ""kills"": false, ""reason"": ""cascade already stopped"", ""state"": ""NOT_APPLICABLE"", ""value"": ""\u2014""}, {""id"": ""instrument"", ""kills"": false, ""reason"": ""cascade already stopped"", ""state"": ""NOT_APPLICABLE"", ""value"": ""\u2014""}, {""id"": ""tick"", ""kills"": false, ""reason"": ""cascade already stopped"", ""state"": ""NOT_APPLICABLE"", ""value"": ""\u2014""}, {""id"": ""buyout"", ""kills"": false, ""reason"": ""cascade already stopped"", ""state"": ""NOT_APPLICABLE"", ""value"": ""\u2014""}]",[],"{""above_ema9"": true, ""above_vwap"": false, ""buyout_announced"": false, ""catalyst_source_ok"": true, ""catalyst_today"": false, ""catalyst_verdict"": ""NONE"", ""change_pct"": 38.6861313868613, ""feed_stale"": false, ""float_is_shares_outstanding"": true, ""float_shares"": 116667000, ""float_verified"": false, ""halted"": false, ""in_session_window"": true, ""is_fund_or_etf"": null, ""last"": 1.9, ""live_theme"": false, ""macd_positive_and_above_signal"": true, ""penny_theme"": false, ""premarket_volume"": null, ""prev_close"": null, ""rvol"": 2062.574900391, ""session_high"": 3.39, ""session_volume"": 16643020.0, ""split_ratio_clean_integer"": null, ""symbol"": ""LXEH"", ""tick_size"": null}",1.9099,1.86,2.0097,0.0499,2.0,1,1,SUPPRESSED,,,2026-09-23T13:21:09+00:00,be76eab7370f,81fedd3,2026-09-23T07:35:00-04:00,,,1.9099,,,0,0,untriggered,0,,1.88,1.61,1.48
974bd4e9863d39ff,2026-09-23T07:35:00-04:00,premarket,GRML,pullback,ibkr-GRML-MSS-DCOY,IBKR · TWS read-only · live,live-backfill,1m,17.51,,,21.9,5035802.0,0.4938842810797914,23.745583038869267,2870000.0,verified,finviz via premarket_stars.py,1,0,WAIT,,1,"[{""id"": ""price"", ""kills"": true, ""reason"": ""$17.51 is outside $2.00\u201320.00."", ""state"": ""PASS"", ""value"": ""$17.51  band $2.00\u201320.00""}, {""id"": ""float"", ""kills"": false, ""reason"": """", ""state"": ""PASS"", ""value"": ""2.9M (verified)""}, {""id"": ""catalyst"", ""kills"": false, ""reason"": """", ""state"": ""PASS"", ""value"": ""news today \u00b7 NONE""}, {""id"": ""pillars"", ""kills"": true, ""reason"": ""Only 4 of the Five Pillars pass (need 4); missing rvol."", ""state"": ""PASS"", ""value"": ""4/5 \u2014 missing rvol""}, {""id"": ""rising"", ""kills"": true, ""reason"": ""20.0% off the high \u2014 back side of the move."", ""state"": ""PASS"", ""value"": ""20.0% off 21.90""}, {""id"": ""split"", ""kills"": false, ""reason"": """", ""state"": ""PASS"", ""value"": ""gap is not arithmetic""}, {""id"": ""instrument"", ""kills"": false, ""reason"": """", ""state"": ""UNKNOWN"", ""value"": ""\u2014""}, {""id"": ""tick"", ""kills"": false, ""reason"": """", ""state"": ""UNKNOWN"", ""value"": ""\u2014""}, {""id"": ""buyout"", ""kills"": true, ""reason"": ""Acquisition announced \u2014 the price is pinned and volatility is gone."", ""state"": ""PASS"", ""value"": ""none""}, {""id"": ""vwap"", ""kills"": false, ""reason"": """", ""state"": ""FAIL"", ""value"": ""no""}, {""id"": ""ema9"", ""kills"": false, ""reason"": """", ""state"": ""FAIL"", ""value"": ""no""}, {""id"": ""macd"", ""kills"": false, ""reason"": """", ""state"": ""PASS"", ""value"": ""yes""}, {""id"": ""tape"", ""kills"": false, ""reason"": ""No tape and no book in this tool."", ""state"": ""MANUAL_CONFIRMATION_REQUIRED"", ""value"": ""your eyes""}]","[""Instrument type unknown \u2014 ADRs are fine, funds are not."", ""RVOL 0.49x is under the 1.5x trade floor (the 5x is a scanner dial, not a gate).""]","{""above_ema9"": false, ""above_vwap"": false, ""buyout_announced"": false, ""catalyst_source_ok"": true, ""catalyst_today"": true, ""catalyst_verdict"": ""NONE"", ""change_pct"": 23.745583038869267, ""feed_stale"": false, ""float_is_shares_outstanding"": false, ""float_shares"": 2870000.0, ""float_verified"": true, ""halted"": false, ""in_session_window"": true, ""is_fund_or_etf"": null, ""last"": 17.51, ""live_theme"": false, ""macd_positive_and_above_signal"": true, ""penny_theme"": false, ""premarket_volume"": null, ""prev_close"": null, ""rvol"": 0.4938842810797914, ""session_high"": 21.9, ""session_volume"": 5035802.0, ""split_ratio_clean_integer"": null, ""symbol"": ""GRML"", ""tick_size"": null}",17.5,17.29,17.92,0.21,2.0,3,0,REFUSED,"[""bar clock: the bar closed 6248s before the runner saw it (budget 120s); a stale plan is not the trade the cascade reviewed (bar close \u2192 published 6245s, published \u2192 runner 3s)"", ""pre-market entry not allowed: phase B \u2014 pre-market entries start in phase C"", ""backfill decision: armed on loaded history, inputs not point-in-time (bar clock: the bar predates the desk's start; a fresh publication time does not make it fresh)"", ""Layer 2 not green: pullback volume was not lighter than the impulse"", ""Layer 2 not green: verdict WAIT \u2014 chart gates must all be true at entry""]",2026-09-23T13:20:08+00:00,2026-09-23T13:20:05+00:00,be76eab7370f,81fedd3,2026-09-23T07:36:00-04:00,"{""bar_end"": ""2026-09-23T07:36:00-04:00"", ""bar_to_published_s"": 6245, ""published"": ""2026-09-23T13:20:05+00:00"", ""published_to_seen_s"": 3, ""quote_ts"": ""2026-09-23T13:20:07+00:00"", ""runner_seen"": ""2026-09-23T13:20:08+00:00""}",,17.5,6.5714,-29.7619,1,1,stop,1,2026-09-23T11:36:00Z,18.88,17.17,11.97
ed68ffce7b72699c,2026-09-23T07:35:00-04:00,premarket,WHLR,pullback,ibkr-GRML-MSS-DCOY,IBKR · TWS read-only · live,live-backfill,1m,6.0299,,,8.59,17546566.0,56.175588994665155,222.4545454545454,550000.0,verified,finviz via premarket_stars.py,0,0,REJECT,rising,0,"[{""id"": ""price"", ""kills"": true, ""reason"": ""$6.03 is outside $2.00\u201320.00."", ""state"": ""PASS"", ""value"": ""$6.03  band $2.00\u201320.00""}, {""id"": ""float"", ""kills"": false, ""reason"": """", ""state"": ""PASS"", ""value"": ""0.6M (verified)""}, {""id"": ""catalyst"", ""kills"": false, ""reason"": ""No catalyst dated today and no live theme it belongs to."", ""state"": ""FAIL"", ""value"": ""none""}, {""id"": ""pillars"", ""kills"": true, ""reason"": ""Only 4 of the Five Pillars pass (need 4); missing catalyst."", ""state"": ""PASS"", ""value"": ""4/5 \u2014 missing catalyst""}, {""id"": ""rising"", ""kills"": true, ""reason"": ""29.8% off the high \u2014 back side of the move."", ""state"": ""FAIL"", ""value"": ""29.8% off 8.59""}, {""id"": ""split"", ""kills"": false, ""reason"": ""cascade already stopped"", ""state"": ""NOT_APPLICABLE"", ""value"": ""\u2014""}, {""id"": ""instrument"", ""kills"": false, ""reason"": ""cascade already stopped"", ""state"": ""NOT_APPLICABLE"", ""value"": ""\u2014""}, {""id"": ""tick"", ""kills"": false, ""reason"": ""cascade already stopped"", ""state"": ""NOT_APPLICABLE"", ""value"": ""\u2014""}, {""id"": ""buyout"", ""kills"": false, ""reason"": ""cascade already stopped"", ""state"": ""NOT_APPLICABLE"", ""value"": ""\u2014""}]","[""No catalyst dated today and no live theme (A2: flagged, not killed; the read-out splits this cohort).""]","{""above_ema9"": false, ""above_vwap"": true, ""buyout_announced"": false, ""catalyst_source_ok"": true, ""catalyst_today"": false, ""catalyst_verdict"": ""NONE"", ""change_pct"": 222.4545454545454, ""feed_stale"": false, ""float_is_shares_outstanding"": false, ""float_shares"": 550000.0, ""float_verified"": true, ""halted"": false, ""in_session_window"": true, ""is_fund_or_etf"": null, ""last"": 6.0299, ""live_theme"": false, ""macd_positive_and_above_signal"": false, ""penny_theme"": false, ""premarket_volume"": null, ""prev_close"": null, ""rvol"": 56.175588994665155, ""session_high"": 8.59, ""session_volume"": 17546566.0, ""split_ratio_clean_integer"": null, ""symbol"": ""WHLR"", ""tick_size"": null}",6.24,6.11,6.5,0.13,2.0,1,1,SUPPRESSED,,,2026-09-23T13:21:09+00:00,be76eab7370f,81fedd3,2026-09-23T07:36:00-04:00,,,6.24,19.0,-5.0769,1,1,stop,1,2026-09-23T13:37:00Z,6.21,5.12,5.6921
8e940bad4baf281c,2026-09-23T07:45:00-04:00,premarket,GRML,pullback,ibkr-GRML-MSS-DCOY,IBKR · TWS read-only · live,live-backfill,1m,18.14,,,21.9,5240109.0,0.5139216089601506,28.19787985865725,2870000.0,verified,finviz via premarket_stars.py,1,0,WAIT,,1,"[{""id"": ""price"", ""kills"": true, ""reason"": ""$18.14 is outside $2.00\u201320.00."", ""state"": ""PASS"", ""value"": ""$18.14  band $2.00\u201320.00""}, {""id"": ""float"", ""kills"": false, ""reason"": """", ""state"": ""PASS"", ""value"": ""2.9M (verified)""}, {""id"": ""catalyst"", ""kills"": false, ""reason"": """", ""state"": ""PASS"", ""value"": ""news today \u00b7 NONE""}, {""id"": ""pillars"", ""kills"": true, ""reason"": ""Only 4 of the Five Pillars pass (need 4); missing rvol."", ""state"": ""PASS"", ""value"": ""4/5 \u2014 missing rvol""}, {""id"": ""rising"", ""kills"": true, ""reason"": ""17.2% off the high \u2014 back side of the move."", ""state"": ""PASS"", ""value"": ""17.2% off 21.90""}, {""id"": ""split"", ""kills"": false, ""reason"": """", ""state"": ""PASS"", ""value"": ""gap is not arithmetic""}, {""id"": ""instrument"", ""kills"": false, ""reason"": """", ""state"": ""UNKNOWN"", ""value"": ""\u2014""}, {""id"": ""tick"", ""kills"": false, ""reason"": """", ""state"": ""UNKNOWN"", ""value"": ""\u2014""}, {""id"": ""buyout"", ""kills"": true, ""reason"": ""Acquisition announced \u2014 the price is pinned and volatility is gone."", ""state"": ""PASS"", ""value"": ""none""}, {""id"": ""vwap"", ""kills"": false, ""reason"": """", ""state"": ""FAIL"", ""value"": ""no""}, {""id"": ""ema9"", ""kills"": false, ""reason"": """", ""state"": ""PASS"", ""value"": ""yes""}, {""id"": ""macd"", ""kills"": false, ""reason"": """", ""state"": ""PASS"", ""value"": ""yes""}, {""id"": ""tape"", ""kills"": false, ""reason"": ""No tape and no book in this tool."", ""state"": ""MANUAL_CONFIRMATION_REQUIRED"", ""value"": ""your eyes""}]","[""Instrument type unknown \u2014 ADRs are fine, funds are not."", ""RVOL 0.51x is under the 1.5x trade floor (the 5x is a scanner dial, not a gate).""]","{""above_ema9"": true, ""above_vwap"": false, ""buyout_announced"": false, ""catalyst_source_ok"": true, ""catalyst_today"": true, ""catalyst_verdict"": ""NONE"", ""change_pct"": 28.19787985865725, ""feed_stale"": false, ""float_is_shares_outstanding"": false, ""float_shares"": 2870000.0, ""float_verified"": true, ""halted"": false, ""in_session_window"": true, ""is_fund_or_etf"": null, ""last"": 18.14, ""live_theme"": false, ""macd_positive_and_above_signal"": true, ""penny_theme"": false, ""premarket_volume"": null, ""prev_close"": null, ""rvol"": 0.5139216089601506, ""session_high"": 21.9, ""session_volume"": 5240109.0, ""split_ratio_clean_integer"": null, ""symbol"": ""GRML"", ""tick_size"": null}",17.76,17.45,18.38,0.31,2.0,2,1,REFUSED,"[""bar clock: the bar closed 5648s before the runner saw it (budget 120s); a stale plan is not the trade the cascade reviewed (bar close \u2192 published 5645s, published \u2192 runner 3s)"", ""pre-market entry not allowed: phase B \u2014 pre-market entries start in phase C"", ""backfill decision: armed on loaded history, inputs not point-in-time (bar clock: the bar predates the desk's start; a fresh publication time does not make it fresh)"", ""Layer 2 not green: verdict WAIT \u2014 chart gates must all be true at entry""]",2026-09-23T13:20:08+00:00,2026-09-23T13:20:05+00:00,be76eab7370f,81fedd3,2026-09-23T07:46:00-04:00,"{""bar_end"": ""2026-09-23T07:46:00-04:00"", ""bar_to_published_s"": 5645, ""published"": ""2026-09-23T13:20:05+00:00"", ""published_to_seen_s"": 3, ""quote_ts"": ""2026-09-23T13:20:07+00:00"", ""runner_seen"": ""2026-09-23T13:20:08+00:00""}",,17.76,3.6129,-21.0,1,1,target,1,2026-09-23T11:46:00Z,18.88,17.45,11.97
2febf59c284dcc8b,2026-09-23T07:51:00-04:00,premarket,BENF,pullback,ibkr-GRML-MSS-DCOY,IBKR · TWS read-only · live,live-backfill,1m,1.11,,,1.16,36160735.0,5.475942192156068,106.20471855842469,2270000.0,verified,finviz via premarket_stars.py,0,0,REJECT,price,0,"[{""id"": ""price"", ""kills"": true, ""reason"": ""$1.11 is outside $2.00\u201320.00."", ""state"": ""FAIL"", ""value"": ""$1.11  band $2.00\u201320.00""}, {""id"": ""float"", ""kills"": false, ""reason"": ""cascade already stopped"", ""state"": ""NOT_APPLICABLE"", ""value"": ""\u2014""}, {""id"": ""catalyst"", ""kills"": false, ""reason"": ""cascade already stopped"", ""state"": ""NOT_APPLICABLE"", ""value"": ""\u2014""}, {""id"": ""pillars"", ""kills"": false, ""reason"": ""cascade already stopped"", ""state"": ""NOT_APPLICABLE"", ""value"": ""\u2014""}, {""id"": ""rising"", ""kills"": false, ""reason"": ""cascade already stopped"", ""state"": ""NOT_APPLICABLE"", ""value"": ""\u2014""}, {""id"": ""split"", ""kills"": false, ""reason"": ""cascade already stopped"", ""state"": ""NOT_APPLICABLE"", ""value"": ""\u2014""}, {""id"": ""instrument"", ""kills"": false, ""reason"": ""cascade already stopped"", ""state"": ""NOT_APPLICABLE"", ""value"": ""\u2014""}, {""id"": ""tick"", ""kills"": false, ""reason"": ""cascade already stopped"", ""state"": ""NOT_APPLICABLE"", ""value"": ""\u2014""}, {""id"": ""buyout"", ""kills"": false, ""reason"": ""cascade already stopped"", ""state"": ""NOT_APPLICABLE"", ""value"": ""\u2014""}]",[],"{""above_ema9"": true, ""above_vwap"": true, ""buyout_announced"": false, ""catalyst_source_ok"": true, ""catalyst_today"": false, ""catalyst_verdict"": ""NONE"", ""change_pct"": 106.20471855842469, ""feed_stale"": false, ""float_is_shares_outstanding"": false, ""float_shares"": 2270000.0, ""float_verified"": true, ""halted"": false, ""in_session_window"": true, ""is_fund_or_etf"": null, ""last"": 1.11, ""live_theme"": false, ""macd_positive_and_above_signal"": true, ""penny_theme"": false, ""premarket_volume"": null, ""prev_close"": null, ""rvol"": 5.475942192156068, ""session_high"": 1.16, ""session_volume"": 36160735.0, ""split_ratio_clean_integer"": null, ""symbol"": ""BENF"", ""tick_size"": null}",0.9598,0.8971,1.0852,0.0627,2.0,2,1,SUPPRESSED,,,2026-09-23T13:21:09+00:00,be76eab7370f,81fedd3,2026-09-23T07:52:00-04:00,,,0.9598,33.0175,1.2791,0,1,target,1,2026-09-23T11:52:00Z,2.8,1.04,2.35
5fd16aced17d824e,2026-09-23T07:51:00-04:00,premarket,LXEH,pullback,ibkr-GRML-MSS-DCOY,IBKR · TWS read-only · live,live-backfill,1m,1.77,,,3.39,16914468.0,2096.2155396236235,29.19708029197079,116667000.0,shares_outstanding_proxy,SEC shares outstanding (upper bound),0,0,REJECT,price,0,"[{""id"": ""price"", ""kills"": true, ""reason"": ""$1.77 is outside $2.00\u201320.00."", ""state"": ""FAIL"", ""value"": ""$1.77  band $2.00\u201320.00""}, {""id"": ""float"", ""kills"": false, ""reason"": ""cascade already stopped"", ""state"": ""NOT_APPLICABLE"", ""value"": ""\u2014""}, {""id"": ""catalyst"", ""kills"": false, ""reason"": ""cascade already stopped"", ""state"": ""NOT_APPLICABLE"", ""value"": ""\u2014""}, {""id"": ""pillars"", ""kills"": false, ""reason"": ""cascade already stopped"", ""state"": ""NOT_APPLICABLE"", ""value"": ""\u2014""}, {""id"": ""rising"", ""kills"": false, ""reason"": ""cascade already stopped"", ""state"": ""NOT_APPLICABLE"", ""value"": ""\u2014""}, {""id"": ""split"", ""kills"": false, ""reason"": ""cascade already stopped"", ""state"": ""NOT_APPLICABLE"", ""value"": ""\u2014""}, {""id"": ""instrument"", ""kills"": false, ""reason"": ""cascade already stopped"", ""state"": ""NOT_APPLICABLE"", ""value"": ""\u2014""}, {""id"": ""tick"", ""kills"": false, ""reason"": ""cascade already stopped"", ""state"": ""NOT_APPLICABLE"", ""value"": ""\u2014""}, {""id"": ""buyout"", ""kills"": false, ""reason"": ""cascade already stopped"", ""state"": ""NOT_APPLICABLE"", ""value"": ""\u2014""}]",[],"{""above_ema9"": false, ""above_vwap"": false, ""buyout_announced"": false, ""catalyst_source_ok"": true, ""catalyst_today"": false, ""catalyst_verdict"": ""NONE"", ""change_pct"": 29.19708029197079, ""feed_stale"": false, ""float_is_shares_outstanding"": true, ""float_shares"": 116667000, ""float_verified"": false, ""halted"": false, ""in_session_window"": true, ""is_fund_or_etf"": null, ""last"": 1.77, ""live_theme"": false, ""macd_positive_and_above_signal"": true, ""penny_theme"": false, ""premarket_volume"": null, ""prev_close"": null, ""rvol"": 2096.2155396236235, ""session_high"": 3.39, ""session_volume"": 16914468.0, ""split_ratio_clean_integer"": null, ""symbol"": ""LXEH"", ""tick_size"": null}",1.7897,1.74,1.8891,0.0497,2.0,3,1,SUPPRESSED,,,2026-09-23T13:21:09+00:00,be76eab7370f,81fedd3,2026-09-23T07:52:00-04:00,,,1.7897,,,0,0,untriggered,0,,1.78,1.5105,1.48
187751844936255a,2026-09-23T07:58:00-04:00,premarket,BENF,pullback,ibkr-GRML-MSS-DCOY,IBKR · TWS read-only · live,live-backfill,1m,1.63,,,1.64,55595883.0,8.419072273555066,202.80512725246146,2270000.0,verified,finviz via premarket_stars.py,0,0,REJECT,price,0,"[{""id"": ""price"", ""kills"": true, ""reason"": ""$1.63 is outside $2.00\u201320.00."", ""state"": ""FAIL"", ""value"": ""$1.63  band $2.00\u201320.00""}, {""id"": ""float"", ""kills"": false, ""reason"": ""cascade already stopped"", ""state"": ""NOT_APPLICABLE"", ""value"": ""\u2014""}, {""id"": ""catalyst"", ""kills"": false, ""reason"": ""cascade already stopped"", ""state"": ""NOT_APPLICABLE"", ""value"": ""\u2014""}, {""id"": ""pillars"", ""kills"": false, ""reason"": ""cascade already stopped"", ""state"": ""NOT_APPLICABLE"", ""value"": ""\u2014""}, {""id"": ""rising"", ""kills"": false, ""reason"": ""cascade already stopped"", ""state"": ""NOT_APPLICABLE"", ""value"": ""\u2014""}, {""id"": ""split"", ""kills"": false, ""reason"": ""cascade already stopped"", ""state"": ""NOT_APPLICABLE"", ""value"": ""\u2014""}, {""id"": ""instrument"", ""kills"": false, ""reason"": ""cascade already stopped"", ""state"": ""NOT_APPLICABLE"", ""value"": ""\u2014""}, {""id"": ""tick"", ""kills"": false, ""reason"": ""cascade already stopped"", ""state"": ""NOT_APPLICABLE"", ""value"": ""\u2014""}, {""id"": ""buyout"", ""kills"": false, ""reason"": ""cascade already stopped"", ""state"": ""NOT_APPLICABLE"", ""value"": ""\u2014""}]",[],"{""above_ema9"": true, ""above_vwap"": true, ""buyout_announced"": false, ""catalyst_source_ok"": true, ""catalyst_today"": false, ""catalyst_verdict"": ""NONE"", ""change_pct"": 202.80512725246146, ""feed_stale"": false, ""float_is_shares_outstanding"": false, ""float_shares"": 2270000.0, ""float_verified"": true, ""halted"": false, ""in_session_window"": true, ""is_fund_or_etf"": null, ""last"": 1.63, ""live_theme"": false, ""macd_positive_and_above_signal"": true, ""penny_theme"": false, ""premarket_volume"": null, ""prev_close"": null, ""rvol"": 8.419072273555066, ""session_high"": 1.64, ""session_volume"": 55595883.0, ""split_ratio_clean_integer"": null, ""symbol"": ""BENF"", ""tick_size"": null}",1.39,1.29,1.59,0.1,2.0,1,1,SUPPRESSED,,,2026-09-23T13:21:09+00:00,be76eab7370f,81fedd3,2026-09-23T07:59:00-04:00,,,1.39,16.4,-0.3,0,1,target,1,2026-09-23T11:59:00Z,2.8,1.36,2.35
9913041d3156c765,2026-09-23T08:02:00-04:00,premarket,WHLR,pullback,ibkr-GRML-MSS-DCOY,IBKR · TWS read-only · live,live-backfill,1m,5.4,,,8.59,18733259.0,59.974804079306,188.77005347593584,550000.0,verified,finviz via premarket_stars.py,0,0,REJECT,rising,0,"[{""id"": ""price"", ""kills"": true, ""reason"": ""$5.40 is outside $2.00\u201320.00."", ""state"": ""PASS"", ""value"": ""$5.40  band $2.00\u201320.00""}, {""id"": ""float"", ""kills"": false, ""reason"": """", ""state"": ""PASS"", ""value"": ""0.6M (verified)""}, {""id"": ""catalyst"", ""kills"": false, ""reason"": ""No catalyst dated today and no live theme it belongs to."", ""state"": ""FAIL"", ""value"": ""none""}, {""id"": ""pillars"", ""kills"": true, ""reason"": ""Only 4 of the Five Pillars pass (need 4); missing catalyst."", ""state"": ""PASS"", ""value"": ""4/5 \u2014 missing catalyst""}, {""id"": ""rising"", ""kills"": true, ""reason"": ""37.1% off the high \u2014 back side of the move."", ""state"": ""FAIL"", ""value"": ""37.1% off 8.59""}, {""id"": ""split"", ""kills"": false, ""reason"": ""cascade already stopped"", ""state"": ""NOT_APPLICABLE"", ""value"": ""\u2014""}, {""id"": ""instrument"", ""kills"": false, ""reason"": ""cascade already stopped"", ""state"": ""NOT_APPLICABLE"", ""value"": ""\u2014""}, {""id"": ""tick"", ""kills"": false, ""reason"": ""cascade already stopped"", ""state"": ""NOT_APPLICABLE"", ""value"": ""\u2014""}, {""id"": ""buyout"", ""kills"": false, ""reason"": ""cascade already stopped"", ""state"": ""NOT_APPLICABLE"", ""value"": ""\u2014""}]","[""No catalyst dated today and no live theme (A2: flagged, not killed; the read-out splits this cohort).""]","{""above_ema9"": false, ""above_vwap"": false, ""buyout_announced"": false, ""catalyst_source_ok"": true, ""catalyst_today"": false, ""catalyst_verdict"": ""NONE"", ""change_pct"": 188.77005347593584, ""feed_stale"": false, ""float_is_shares_outstanding"": false, ""float_shares"": 550000.0, ""float_verified"": true, ""halted"": false, ""in_session_window"": true, ""is_fund_or_etf"": null, ""last"": 5.4, ""live_theme"": false, ""macd_positive_and_above_signal"": false, ""penny_theme"": false, ""premarket_volume"": null, ""prev_close"": null, ""rvol"": 59.974804079306, ""session_high"": 8.59, ""session_volume"": 18733259.0, ""split_ratio_clean_integer"": null, ""symbol"": ""WHLR"", ""tick_size"": null}",5.5394,5.49,5.6382,0.0494,2.0,1,1,SUPPRESSED,,,2026-09-23T13:21:09+00:00,be76eab7370f,81fedd3,2026-09-23T08:03:00-04:00,,,5.5394,64.1822,-3.7085,1,1,stop,1,2026-09-23T13:33:00Z,5.48,4.72,5.6921
5c3cb72e249b1c91,2026-09-23T08:07:00-04:00,premarket,BENF,pullback,ibkr-GRML-MSS-DCOY,IBKR · TWS read-only · live,live-backfill,1m,2.5997,,,2.8,86960855.0,13.168775882472133,382.94631246516803,2270000.0,verified,finviz via premarket_stars.py,0,0,REVIEW,,1,"[{""id"": ""price"", ""kills"": true, ""reason"": ""$2.60 is outside $2.00\u201320.00."", ""state"": ""PASS"", ""value"": ""$2.60  band $2.00\u201320.00""}, {""id"": ""float"", ""kills"": false, ""reason"": """", ""state"": ""PASS"", ""value"": ""2.3M (verified)""}, {""id"": ""catalyst"", ""kills"": false, ""reason"": ""No catalyst dated today and no live theme it belongs to."", ""state"": ""FAIL"", ""value"": ""none""}, {""id"": ""pillars"", ""kills"": true, ""reason"": ""Only 4 of the Five Pillars pass (need 4); missing catalyst."", ""state"": ""PASS"", ""value"": ""4/5 \u2014 missing catalyst""}, {""id"": ""rising"", ""kills"": true, ""reason"": ""7.2% off the high \u2014 back side of the move."", ""state"": ""PASS"", ""value"": ""7.2% off 2.80""}, {""id"": ""split"", ""kills"": false, ""reason"": """", ""state"": ""PASS"", ""value"": ""gap is not arithmetic""}, {""id"": ""instrument"", ""kills"": false, ""reason"": """", ""state"": ""UNKNOWN"", ""value"": ""\u2014""}, {""id"": ""tick"", ""kills"": false, ""reason"": """", ""state"": ""UNKNOWN"", ""value"": ""\u2014""}, {""id"": ""buyout"", ""kills"": true, ""reason"": ""Acquisition announced \u2014 the price is pinned and volatility is gone."", ""state"": ""PASS"", ""value"": ""none""}, {""id"": ""vwap"", ""kills"": false, ""reason"": """", ""state"": ""PASS"", ""value"": ""yes""}, {""id"": ""ema9"", ""kills"": false, ""reason"": """", ""state"": ""PASS"", ""value"": ""yes""}, {""id"": ""macd"", ""kills"": false, ""reason"": """", ""state"": ""PASS"", ""value"": ""yes""}, {""id"": ""tape"", ""kills"": false, ""reason"": ""No tape and no book in this tool."", ""state"": ""MANUAL_CONFIRMATION_REQUIRED"", ""value"": ""your eyes""}]","[""No catalyst dated today and no live theme (A2: flagged, not killed; the read-out splits this cohort)."", ""Instrument type unknown \u2014 ADRs are fine, funds are not.""]","{""above_ema9"": true, ""above_vwap"": true, ""buyout_announced"": false, ""catalyst_source_ok"": true, ""catalyst_today"": false, ""catalyst_verdict"": ""NONE"", ""change_pct"": 382.94631246516803, ""feed_stale"": false, ""float_is_shares_outstanding"": false, ""float_shares"": 2270000.0, ""float_verified"": true, ""halted"": false, ""in_session_window"": true, ""is_fund_or_etf"": null, ""last"": 2.5997, ""live_theme"": false, ""macd_positive_and_above_signal"": true, ""penny_theme"": false, ""premarket_volume"": null, ""prev_close"": null, ""rvol"": 13.168775882472133, ""session_high"": 2.8, ""session_volume"": 86960855.0, ""split_ratio_clean_integer"": null, ""symbol"": ""BENF"", ""tick_size"": null}",2.47,2.15,3.11,0.32,2.0,1,1,REFUSED,"[""bar clock: the bar closed 4393s before the runner saw it (budget 120s); a stale plan is not the trade the cascade reviewed (bar close \u2192 published 4389s, published \u2192 runner 4s)"", ""pre-market entry not allowed: phase B \u2014 pre-market entries start in phase C"", ""backfill decision: armed on loaded history, inputs not point-in-time (bar clock: the bar predates the desk's start; a fresh publication time does not make it fresh)""]",2026-09-23T13:21:13+00:00,2026-09-23T13:21:09+00:00,be76eab7370f,81fedd3,2026-09-23T08:08:00-04:00,"{""bar_end"": ""2026-09-23T08:08:00-04:00"", ""bar_to_published_s"": 4389, ""published"": ""2026-09-23T13:21:09+00:00"", ""published_to_seen_s"": 4, ""quote_ts"": ""2026-09-23T13:21:12+00:00"", ""runner_seen"": ""2026-09-23T13:21:13+00:00""}",,2.47,1.75,-3.2187,1,0,stop,1,2026-09-23T12:08:00Z,2.61,1.97,2.35
ba1989cf6062b360,2026-09-23T08:17:00-04:00,premarket,LXEH,pullback,ibkr-GRML-MSS-DCOY,IBKR · TWS read-only · live,live-backfill,1m,1.56,,,3.39,17325198.0,2147.117442573785,13.868613138686126,116667000.0,shares_outstanding_proxy,SEC shares outstanding (upper bound),0,0,REJECT,price,0,"[{""id"": ""price"", ""kills"": true, ""reason"": ""$1.56 is outside $2.00\u201320.00."", ""state"": ""FAIL"", ""value"": ""$1.56  band $2.00\u201320.00""}, {""id"": ""float"", ""kills"": false, ""reason"": ""cascade already stopped"", ""state"": ""NOT_APPLICABLE"", ""value"": ""\u2014""}, {""id"": ""catalyst"", ""kills"": false, ""reason"": ""cascade already stopped"", ""state"": ""NOT_APPLICABLE"", ""value"": ""\u2014""}, {""id"": ""pillars"", ""kills"": false, ""reason"": ""cascade already stopped"", ""state"": ""NOT_APPLICABLE"", ""value"": ""\u2014""}, {""id"": ""rising"", ""kills"": false, ""reason"": ""cascade already stopped"", ""state"": ""NOT_APPLICABLE"", ""value"": ""\u2014""}, {""id"": ""split"", ""kills"": false, ""reason"": ""cascade already stopped"", ""state"": ""NOT_APPLICABLE"", ""value"": ""\u2014""}, {""id"": ""instrument"", ""kills"": false, ""reason"": ""cascade already stopped"", ""state"": ""NOT_APPLICABLE"", ""value"": ""\u2014""}, {""id"": ""tick"", ""kills"": false, ""reason"": ""cascade already stopped"", ""state"": ""NOT_APPLICABLE"", ""value"": ""\u2014""}, {""id"": ""buyout"", ""kills"": false, ""reason"": ""cascade already stopped"", ""state"": ""NOT_APPLICABLE"", ""value"": ""\u2014""}]",[],"{""above_ema9"": false, ""above_vwap"": false, ""buyout_announced"": false, ""catalyst_source_ok"": true, ""catalyst_today"": false, ""catalyst_verdict"": ""NONE"", ""change_pct"": 13.868613138686126, ""feed_stale"": false, ""float_is_shares_outstanding"": true, ""float_shares"": 116667000, ""float_verified"": false, ""halted"": false, ""in_session_window"": true, ""is_fund_or_etf"": null, ""last"": 1.56, ""live_theme"": false, ""macd_positive_and_above_signal"": true, ""penny_theme"": false, ""premarket_volume"": null, ""prev_close"": null, ""rvol"": 2147.117442573785, ""session_high"": 3.39, ""session_volume"": 17325198.0, ""split_ratio_clean_integer"": null, ""symbol"": ""LXEH"", ""tick_size"": null}",1.57,1.54,1.63,0.03,2.0,2,1,SUPPRESSED,,,2026-09-23T13:21:09+00:00,be76eab7370f,81fedd3,2026-09-23T08:18:00-04:00,,,1.57,7.0,-4.6667,1,1,target,1,2026-09-23T12:18:00Z,1.7,1.57,1.48
28375d06573e2f76,2026-09-23T08:19:00-04:00,premarket,TNMG,pullback,ibkr-GRML-BENF-DCOY,IBKR · TWS read-only · live,live-backfill,1m,4.05,,,6.3,1297220.0,1.127764968084535,3.5805626598465423,2556405.0,shares_outstanding_proxy,SEC shares outstanding (upper bound),0,0,REJECT,pillars,0,"[{""id"": ""price"", ""kills"": true, ""reason"": ""$4.05 is outside $2.00\u201320.00."", ""state"": ""PASS"", ""value"": ""$4.05  band $2.00\u201320.00""}, {""id"": ""float"", ""kills"": false, ""reason"": """", ""state"": ""PASS"", ""value"": ""2.6M (SO upper bound)""}, {""id"": ""catalyst"", ""kills"": false, ""reason"": ""No catalyst dated today and no live theme it belongs to."", ""state"": ""FAIL"", ""value"": ""none""}, {""id"": ""pillars"", ""kills"": true, ""reason"": ""Only 2 of the Five Pillars pass (need 4); missing gain, rvol, catalyst."", ""state"": ""FAIL"", ""value"": ""2/5 \u2014 missing gain, rvol, catalyst""}, {""id"": ""rising"", ""kills"": false, ""reason"": ""cascade already stopped"", ""state"": ""NOT_APPLICABLE"", ""value"": ""\u2014""}, {""id"": ""split"", ""kills"": false, ""reason"": ""cascade already stopped"", ""state"": ""NOT_APPLICABLE"", ""value"": ""\u2014""}, {""id"": ""instrument"", ""kills"": false, ""reason"": ""cascade already stopped"", ""state"": ""NOT_APPLICABLE"", ""value"": ""\u2014""}, {""id"": ""tick"", ""kills"": false, ""reason"": ""cascade already stopped"", ""state"": ""NOT_APPLICABLE"", ""value"": ""\u2014""}, {""id"": ""buyout"", ""kills"": false, ""reason"": ""cascade already stopped"", ""state"": ""NOT_APPLICABLE"", ""value"": ""\u2014""}]","[""No catalyst dated today and no live theme (A2: flagged, not killed; the read-out splits this cohort).""]","{""above_ema9"": false, ""above_vwap"": false, ""buyout_announced"": false, ""catalyst_source_ok"": true, ""catalyst_today"": false, ""catalyst_verdict"": ""NONE"", ""change_pct"": 3.5805626598465423, ""feed_stale"": false, ""float_is_shares_outstanding"": true, ""float_shares"": 2556405, ""float_verified"": false, ""halted"": false, ""in_session_window"": true, ""is_fund_or_etf"": null, ""last"": 4.05, ""live_theme"": false, ""macd_positive_and_above_signal"": false, ""penny_theme"": false, ""premarket_volume"": null, ""prev_close"": null, ""rvol"": 1.127764968084535, ""session_high"": 6.3, ""session_volume"": 1297220.0, ""split_ratio_clean_integer"": null, ""symbol"": ""TNMG"", ""tick_size"": null}",4.09,4.01,4.25,0.08,2.0,1,1,SUPPRESSED,,,2026-09-23T14:47:41+00:00,483c06594e65,97bc2f2,2026-09-23T08:20:00-04:00,,,4.09,37.625,-3.0,1,1,stop,1,2026-09-23T13:25:00Z,4.04,3.8,4.45
55841ddfa9ef1efd,2026-09-23T08:21:00-04:00,premarket,WHLR,pullback,ibkr-GRML-MSS-DCOY,IBKR · TWS read-only · live,live-backfill,1m,4.8999,,,8.59,19651317.0,62.91398026234172,162.0267379679144,550000.0,verified,finviz via premarket_stars.py,0,0,REJECT,rising,0,"[{""id"": ""price"", ""kills"": true, ""reason"": ""$4.90 is outside $2.00\u201320.00."", ""state"": ""PASS"", ""value"": ""$4.90  band $2.00\u201320.00""}, {""id"": ""float"", ""kills"": false, ""reason"": """", ""state"": ""PASS"", ""value"": ""0.6M (verified)""}, {""id"": ""catalyst"", ""kills"": false, ""reason"": ""No catalyst dated today and no live theme it belongs to."", ""state"": ""FAIL"", ""value"": ""none""}, {""id"": ""pillars"", ""kills"": true, ""reason"": ""Only 4 of the Five Pillars pass (need 4); missing catalyst."", ""state"": ""PASS"", ""value"": ""4/5 \u2014 missing catalyst""}, {""id"": ""rising"", ""kills"": true, ""reason"": ""43.0% off the high \u2014 back side of the move."", ""state"": ""FAIL"", ""value"": ""43.0% off 8.59""}, {""id"": ""split"", ""kills"": false, ""reason"": ""cascade already stopped"", ""state"": ""NOT_APPLICABLE"", ""value"": ""\u2014""}, {""id"": ""instrument"", ""kills"": false, ""reason"": ""cascade already stopped"", ""state"": ""NOT_APPLICABLE"", ""value"": ""\u2014""}, {""id"": ""tick"", ""kills"": false, ""reason"": ""cascade already stopped"", ""state"": ""NOT_APPLICABLE"", ""value"": ""\u2014""}, {""id"": ""buyout"", ""kills"": false, ""reason"": ""cascade already stopped"", ""state"": ""NOT_APPLICABLE"", ""value"": ""\u2014""}]","[""No catalyst dated today and no live theme (A2: flagged, not killed; the read-out splits this cohort).""]","{""above_ema9"": false, ""above_vwap"": false, ""buyout_announced"": false, ""catalyst_source_ok"": true, ""catalyst_today"": false, ""catalyst_verdict"": ""NONE"", ""change_pct"": 162.0267379679144, ""feed_stale"": false, ""float_is_shares_outstanding"": false, ""float_shares"": 550000.0, ""float_verified"": true, ""halted"": false, ""in_session_window"": true, ""is_fund_or_etf"": null, ""last"": 4.8999, ""live_theme"": false, ""macd_positive_and_above_signal"": true, ""penny_theme"": false, ""premarket_volume"": null, ""prev_close"": null, ""rvol"": 62.91398026234172, ""session_high"": 8.59, ""session_volume"": 19651317.0, ""split_ratio_clean_integer"": null, ""symbol"": ""WHLR"", ""tick_size"": null}",4.91,4.88,4.97,0.03,2.0,3,1,SUPPRESSED,,,2026-09-23T13:21:09+00:00,be76eab7370f,81fedd3,2026-09-23T08:22:00-04:00,,,4.91,126.6667,-11.9867,1,1,target,1,2026-09-23T12:24:00Z,5.15,4.78,5.6921
d22458767b9c4340,2026-09-23T08:21:00-04:00,premarket,WHLR,pullback,ibkr-GRML-BENF-DCOY,IBKR · TWS read-only · live,live-backfill,1m,4.8999,,,8.59,19670096.0,62.974101506904944,162.0267379679144,550000.0,verified,finviz via premarket_stars.py,0,0,REJECT,rising,0,"[{""id"": ""price"", ""kills"": true, ""reason"": ""$4.90 is outside $2.00\u201320.00."", ""state"": ""PASS"", ""value"": ""$4.90  band $2.00\u201320.00""}, {""id"": ""float"", ""kills"": false, ""reason"": """", ""state"": ""PASS"", ""value"": ""0.6M (verified)""}, {""id"": ""catalyst"", ""kills"": false, ""reason"": ""No catalyst dated today and no live theme it belongs to."", ""state"": ""FAIL"", ""value"": ""none""}, {""id"": ""pillars"", ""kills"": true, ""reason"": ""Only 4 of the Five Pillars pass (need 4); missing catalyst."", ""state"": ""PASS"", ""value"": ""4/5 \u2014 missing catalyst""}, {""id"": ""rising"", ""kills"": true, ""reason"": ""43.0% off the high \u2014 back side of the move."", ""state"": ""FAIL"", ""value"": ""43.0% off 8.59""}, {""id"": ""split"", ""kills"": false, ""reason"": ""cascade already stopped"", ""state"": ""NOT_APPLICABLE"", ""value"": ""\u2014""}, {""id"": ""instrument"", ""kills"": false, ""reason"": ""cascade already stopped"", ""state"": ""NOT_APPLICABLE"", ""value"": ""\u2014""}, {""id"": ""tick"", ""kills"": false, ""reason"": ""cascade already stopped"", ""state"": ""NOT_APPLICABLE"", ""value"": ""\u2014""}, {""id"": ""buyout"", ""kills"": false, ""reason"": ""cascade already stopped"", ""state"": ""NOT_APPLICABLE"", ""value"": ""\u2014""}]","[""No catalyst dated today and no live theme (A2: flagged, not killed; the read-out splits this cohort).""]","{""above_ema9"": false, ""above_vwap"": false, ""buyout_announced"": false, ""catalyst_source_ok"": true, ""catalyst_today"": false, ""catalyst_verdict"": ""NONE"", ""change_pct"": 162.0267379679144, ""feed_stale"": false, ""float_is_shares_outstanding"": false, ""float_shares"": 550000.0, ""float_verified"": true, ""halted"": false, ""in_session_window"": true, ""is_fund_or_etf"": null, ""last"": 4.8999, ""live_theme"": false, ""macd_positive_and_above_signal"": true, ""penny_theme"": false, ""premarket_volume"": null, ""prev_close"": null, ""rvol"": 62.974101506904944, ""session_high"": 8.59, ""session_volume"": 19670096.0, ""split_ratio_clean_integer"": null, ""symbol"": ""WHLR"", ""tick_size"": null}",4.92,4.87,5.02,0.05,2.0,3,1,SUPPRESSED,,,2026-09-23T14:47:41+00:00,483c06594e65,97bc2f2,2026-09-23T08:22:00-04:00,,,4.92,75.8,-7.392,1,1,target,1,2026-09-23T12:24:00Z,5.15,4.78,5.6921
3f130bc2310d86af,2026-09-23T08:22:00-04:00,premarket,DCOY,pullback,ibkr-GRML-MSS-DCOY,IBKR · TWS read-only · live,live-backfill,1m,4.28,,,5.22,10986878.0,4.052027624019441,38.064516129032256,570000.0,verified,finviz via premarket_stars.py,0,0,REJECT,pillars,0,"[{""id"": ""price"", ""kills"": true, ""reason"": ""$4.28 is outside $2.00\u201320.00."", ""state"": ""PASS"", ""value"": ""$4.28  band $2.00\u201320.00""}, {""id"": ""float"", ""kills"": false, ""reason"": """", ""state"": ""PASS"", ""value"": ""0.6M (verified)""}, {""id"": ""catalyst"", ""kills"": false, ""reason"": ""No catalyst dated today and no live theme it belongs to."", ""state"": ""FAIL"", ""value"": ""none""}, {""id"": ""pillars"", ""kills"": true, ""reason"": ""Only 3 of the Five Pillars pass (need 4); missing rvol, catalyst."", ""state"": ""FAIL"", ""value"": ""3/5 \u2014 missing rvol, catalyst""}, {""id"": ""rising"", ""kills"": false, ""reason"": ""cascade already stopped"", ""state"": ""NOT_APPLICABLE"", ""value"": ""\u2014""}, {""id"": ""split"", ""kills"": false, ""reason"": ""cascade already stopped"", ""state"": ""NOT_APPLICABLE"", ""value"": ""\u2014""}, {""id"": ""instrument"", ""kills"": false, ""reason"": ""cascade already stopped"", ""state"": ""NOT_APPLICABLE"", ""value"": ""\u2014""}, {""id"": ""tick"", ""kills"": false, ""reason"": ""cascade already stopped"", ""state"": ""NOT_APPLICABLE"", ""value"": ""\u2014""}, {""id"": ""buyout"", ""kills"": false, ""reason"": ""cascade already stopped"", ""state"": ""NOT_APPLICABLE"", ""value"": ""\u2014""}]","[""No catalyst dated today and no live theme (A2: flagged, not killed; the read-out splits this cohort).""]","{""above_ema9"": true, ""above_vwap"": false, ""buyout_announced"": false, ""catalyst_source_ok"": true, ""catalyst_today"": false, ""catalyst_verdict"": ""NONE"", ""change_pct"": 38.064516129032256, ""feed_stale"": false, ""float_is_shares_outstanding"": false, ""float_shares"": 570000.0, ""float_verified"": true, ""halted"": false, ""in_session_window"": true, ""is_fund_or_etf"": null, ""last"": 4.28, ""live_theme"": false, ""macd_positive_and_above_signal"": true, ""penny_theme"": false, ""premarket_volume"": null, ""prev_close"": null, ""rvol"": 4.052027624019441, ""session_high"": 5.22, ""session_volume"": 10986878.0, ""split_ratio_clean_integer"": null, ""symbol"": ""DCOY"", ""tick_size"": null}",4.25,4.16,4.43,0.09,2.0,1,1,SUPPRESSED,,,2026-09-23T13:20:05+00:00,be76eab7370f,81fedd3,2026-09-23T08:23:00-04:00,,,4.25,5.8889,-5.2222,1,1,target,1,2026-09-23T12:23:00Z,4.65,4.17,4.07
015c79ae16c91577,2026-09-23T08:25:00-04:00,premarket,LXEH,pullback,ibkr-GRML-MSS-DCOY,IBKR · TWS read-only · live,live-backfill,1m,1.66,,,3.39,17396271.0,2155.9255426599166,21.167883211678816,116667000.0,shares_outstanding_proxy,SEC shares outstanding (upper bound),0,0,REJECT,price,0,"[{""id"": ""price"", ""kills"": true, ""reason"": ""$1.66 is outside $2.00\u201320.00."", ""state"": ""FAIL"", ""value"": ""$1.66  band $2.00\u201320.00""}, {""id"": ""float"", ""kills"": false, ""reason"": ""cascade already stopped"", ""state"": ""NOT_APPLICABLE"", ""value"": ""\u2014""}, {""id"": ""catalyst"", ""kills"": false, ""reason"": ""cascade already stopped"", ""state"": ""NOT_APPLICABLE"", ""value"": ""\u2014""}, {""id"": ""pillars"", ""kills"": false, ""reason"": ""cascade already stopped"", ""state"": ""NOT_APPLICABLE"", ""value"": ""\u2014""}, {""id"": ""rising"", ""kills"": false, ""reason"": ""cascade already stopped"", ""state"": ""NOT_APPLICABLE"", ""value"": ""\u2014""}, {""id"": ""split"", ""kills"": false, ""reason"": ""cascade already stopped"", ""state"": ""NOT_APPLICABLE"", ""value"": ""\u2014""}, {""id"": ""instrument"", ""kills"": false, ""reason"": ""cascade already stopped"", ""state"": ""NOT_APPLICABLE"", ""value"": ""\u2014""}, {""id"": ""tick"", ""kills"": false, ""reason"": ""cascade already stopped"", ""state"": ""NOT_APPLICABLE"", ""value"": ""\u2014""}, {""id"": ""buyout"", ""kills"": false, ""reason"": ""cascade already stopped"", ""state"": ""NOT_APPLICABLE"", ""value"": ""\u2014""}]",[],"{""above_ema9"": true, ""above_vwap"": false, ""buyout_announced"": false, ""catalyst_source_ok"": true, ""catalyst_today"": false, ""catalyst_verdict"": ""NONE"", ""change_pct"": 21.167883211678816, ""feed_stale"": false, ""float_is_shares_outstanding"": true, ""float_shares"": 116667000, ""float_verified"": false, ""halted"": false, ""in_session_window"": true, ""is_fund_or_etf"": null, ""last"": 1.66, ""live_theme"": false, ""macd_positive_and_above_signal"": true, ""penny_theme"": false, ""premarket_volume"": null, ""prev_close"": null, ""rvol"": 2155.9255426599166, ""session_high"": 3.39, ""session_volume"": 17396271.0, ""split_ratio_clean_integer"": null, ""symbol"": ""LXEH"", ""tick_size"": null}",1.66,1.63,1.72,0.03,2.0,2,1,SUPPRESSED,,,2026-09-23T13:21:09+00:00,be76eab7370f,81fedd3,2026-09-23T08:26:00-04:00,,,1.66,4.0,-7.6667,1,1,stop,1,2026-09-23T12:26:00Z,1.73,1.6,1.48
6a3365830dd9b23e,2026-09-23T08:27:00-04:00,premarket,WHLR,pullback,ibkr-GRML-MSS-DCOY,IBKR · TWS read-only · live,live-backfill,1m,5.11,,,8.59,19791281.0,63.36207706590142,173.2620320855615,550000.0,verified,finviz via premarket_stars.py,0,0,REJECT,rising,0,"[{""id"": ""price"", ""kills"": true, ""reason"": ""$5.11 is outside $2.00\u201320.00."", ""state"": ""PASS"", ""value"": ""$5.11  band $2.00\u201320.00""}, {""id"": ""float"", ""kills"": false, ""reason"": """", ""state"": ""PASS"", ""value"": ""0.6M (verified)""}, {""id"": ""catalyst"", ""kills"": false, ""reason"": ""No catalyst dated today and no live theme it belongs to."", ""state"": ""FAIL"", ""value"": ""none""}, {""id"": ""pillars"", ""kills"": true, ""reason"": ""Only 4 of the Five Pillars pass (need 4); missing catalyst."", ""state"": ""PASS"", ""value"": ""4/5 \u2014 missing catalyst""}, {""id"": ""rising"", ""kills"": true, ""reason"": ""40.5% off the high \u2014 back side of the move."", ""state"": ""FAIL"", ""value"": ""40.5% off 8.59""}, {""id"": ""split"", ""kills"": false, ""reason"": ""cascade already stopped"", ""state"": ""NOT_APPLICABLE"", ""value"": ""\u2014""}, {""id"": ""instrument"", ""kills"": false, ""reason"": ""cascade already stopped"", ""state"": ""NOT_APPLICABLE"", ""value"": ""\u2014""}, {""id"": ""tick"", ""kills"": false, ""reason"": ""cascade already stopped"", ""state"": ""NOT_APPLICABLE"", ""value"": ""\u2014""}, {""id"": ""buyout"", ""kills"": false, ""reason"": ""cascade already stopped"", ""state"": ""NOT_APPLICABLE"", ""value"": ""\u2014""}]","[""No catalyst dated today and no live theme (A2: flagged, not killed; the read-out splits this cohort).""]","{""above_ema9"": true, ""above_vwap"": false, ""buyout_announced"": false, ""catalyst_source_ok"": true, ""catalyst_today"": false, ""catalyst_verdict"": ""NONE"", ""change_pct"": 173.2620320855615, ""feed_stale"": false, ""float_is_shares_outstanding"": false, ""float_shares"": 550000.0, ""float_verified"": true, ""halted"": false, ""in_session_window"": true, ""is_fund_or_etf"": null, ""last"": 5.11, ""live_theme"": false, ""macd_positive_and_above_signal"": true, ""penny_theme"": false, ""premarket_volume"": null, ""prev_close"": null, ""rvol"": 63.36207706590142, ""session_high"": 8.59, ""session_volume"": 19791281.0, ""split_ratio_clean_integer"": null, ""symbol"": ""WHLR"", ""tick_size"": null}",5.11,4.98,5.37,0.13,2.0,1,0,SUPPRESSED,,,2026-09-23T13:21:09+00:00,be76eab7370f,81fedd3,2026-09-23T08:28:00-04:00,,,5.11,27.6923,-4.3046,1,1,stop,1,2026-09-23T12:28:00Z,5.27,4.5504,5.6921
94b38872701b7d67,2026-09-23T08:31:00-04:00,premarket,MSS,pullback,ibkr-GRML-MSS-DCOY,IBKR · TWS read-only · live,live-backfill,1m,1.67,,,1.68,88373.0,0.07323916324879623,7.051282051282048,520000.0,verified,finviz via premarket_stars.py,0,0,REJECT,price,0,"[{""id"": ""price"", ""kills"": true, ""reason"": ""$1.67 is outside $2.00\u201320.00."", ""state"": ""FAIL"", ""value"": ""$1.67  band $2.00\u201320.00""}, {""id"": ""float"", ""kills"": false, ""reason"": ""cascade already stopped"", ""state"": ""NOT_APPLICABLE"", ""value"": ""\u2014""}, {""id"": ""catalyst"", ""kills"": false, ""reason"": ""cascade already stopped"", ""state"": ""NOT_APPLICABLE"", ""value"": ""\u2014""}, {""id"": ""pillars"", ""kills"": false, ""reason"": ""cascade already stopped"", ""state"": ""NOT_APPLICABLE"", ""value"": ""\u2014""}, {""id"": ""rising"", ""kills"": false, ""reason"": ""cascade already stopped"", ""state"": ""NOT_APPLICABLE"", ""value"": ""\u2014""}, {""id"": ""split"", ""kills"": false, ""reason"": ""cascade already stopped"", ""state"": ""NOT_APPLICABLE"", ""value"": ""\u2014""}, {""id"": ""instrument"", ""kills"": false, ""reason"": ""cascade already stopped"", ""state"": ""NOT_APPLICABLE"", ""value"": ""\u2014""}, {""id"": ""tick"", ""kills"": false, ""reason"": ""cascade already stopped"", ""state"": ""NOT_APPLICABLE"", ""value"": ""\u2014""}, {""id"": ""buyout"", ""kills"": false, ""reason"": ""cascade already stopped"", ""state"": ""NOT_APPLICABLE"", ""value"": ""\u2014""}]",[],"{""above_ema9"": true, ""above_vwap"": true, ""buyout_announced"": false, ""catalyst_source_ok"": true, ""catalyst_today"": false, ""catalyst_verdict"": ""NONE"", ""change_pct"": 7.051282051282048, ""feed_stale"": false, ""float_is_shares_outstanding"": false, ""float_shares"": 520000.0, ""float_verified"": true, ""halted"": false, ""in_session_window"": true, ""is_fund_or_etf"": null, ""last"": 1.67, ""live_theme"": false, ""macd_positive_and_above_signal"": true, ""penny_theme"": false, ""premarket_volume"": null, ""prev_close"": null, ""rvol"": 0.07323916324879623, ""session_high"": 1.68, ""session_volume"": 88373.0, ""split_ratio_clean_integer"": null, ""symbol"": ""MSS"", ""tick_size"": null}",1.6885,1.66,1.7455,0.0285,2.0,2,1,SUPPRESSED,,,2026-09-23T13:20:05+00:00,be76eab7370f,81fedd3,2026-09-23T08:32:00-04:00,,,1.6885,51.9825,-1.3509,1,1,stop,1,2026-09-23T12:36:00Z,2.69,1.65,1.9599
11f8d9bb9b8ef59a,2026-09-23T08:34:00-04:00,premarket,TNMG,pullback,ibkr-GRML-BENF-DCOY,IBKR · TWS read-only · live,live-backfill,1m,4.01,,,6.3,1339309.0,1.1643559085123034,2.5575447570332477,2556405.0,shares_outstanding_proxy,SEC shares outstanding (upper bound),0,0,REJECT,pillars,0,"[{""id"": ""price"", ""kills"": true, ""reason"": ""$4.01 is outside $2.00\u201320.00."", ""state"": ""PASS"", ""value"": ""$4.01  band $2.00\u201320.00""}, {""id"": ""float"", ""kills"": false, ""reason"": """", ""state"": ""PASS"", ""value"": ""2.6M (SO upper bound)""}, {""id"": ""catalyst"", ""kills"": false, ""reason"": ""No catalyst dated today and no live theme it belongs to."", ""state"": ""FAIL"", ""value"": ""none""}, {""id"": ""pillars"", ""kills"": true, ""reason"": ""Only 2 of the Five Pillars pass (need 4); missing gain, rvol, catalyst."", ""state"": ""FAIL"", ""value"": ""2/5 \u2014 missing gain, rvol, catalyst""}, {""id"": ""rising"", ""kills"": false, ""reason"": ""cascade already stopped"", ""state"": ""NOT_APPLICABLE"", ""value"": ""\u2014""}, {""id"": ""split"", ""kills"": false, ""reason"": ""cascade already stopped"", ""state"": ""NOT_APPLICABLE"", ""value"": ""\u2014""}, {""id"": ""instrument"", ""kills"": false, ""reason"": ""cascade already stopped"", ""state"": ""NOT_APPLICABLE"", ""value"": ""\u2014""}, {""id"": ""tick"", ""kills"": false, ""reason"": ""cascade already stopped"", ""state"": ""NOT_APPLICABLE"", ""value"": ""\u2014""}, {""id"": ""buyout"", ""kills"": false, ""reason"": ""cascade already stopped"", ""state"": ""NOT_APPLICABLE"", ""value"": ""\u2014""}]","[""No catalyst dated today and no live theme (A2: flagged, not killed; the read-out splits this cohort).""]","{""above_ema9"": true, ""above_vwap"": false, ""buyout_announced"": false, ""catalyst_source_ok"": true, ""catalyst_today"": false, ""catalyst_verdict"": ""NONE"", ""change_pct"": 2.5575447570332477, ""feed_stale"": false, ""float_is_shares_outstanding"": true, ""float_shares"": 2556405, ""float_verified"": false, ""halted"": false, ""in_session_window"": true, ""is_fund_or_etf"": null, ""last"": 4.01, ""live_theme"": false, ""macd_positive_and_above_signal"": true, ""penny_theme"": false, ""premarket_volume"": null, ""prev_close"": null, ""rvol"": 1.1643559085123034, ""session_high"": 6.3, ""session_volume"": 1339309.0, ""split_ratio_clean_integer"": null, ""symbol"": ""TNMG"", ""tick_size"": null}",4.02,3.94,4.18,0.08,2.0,2,0,SUPPRESSED,,,2026-09-23T14:47:41+00:00,483c06594e65,97bc2f2,2026-09-23T08:35:00-04:00,,,4.02,38.5,-2.125,1,1,stop,1,2026-09-23T13:03:00Z,4.02,3.83,4.45
d212474da0159748,2026-09-23T08:37:00-04:00,premarket,DCOY,pullback,ibkr-GRML-BENF-DCOY,IBKR · TWS read-only · live,live-backfill,1m,4.3,,,5.22,11274070.0,4.15794578542957,38.709677419354826,570000.0,verified,finviz via premarket_stars.py,0,0,REJECT,pillars,0,"[{""id"": ""price"", ""kills"": true, ""reason"": ""$4.30 is outside $2.00\u201320.00."", ""state"": ""PASS"", ""value"": ""$4.30  band $2.00\u201320.00""}, {""id"": ""float"", ""kills"": false, ""reason"": """", ""state"": ""PASS"", ""value"": ""0.6M (verified)""}, {""id"": ""catalyst"", ""kills"": false, ""reason"": ""No catalyst dated today and no live theme it belongs to."", ""state"": ""FAIL"", ""value"": ""none""}, {""id"": ""pillars"", ""kills"": true, ""reason"": ""Only 3 of the Five Pillars pass (need 4); missing rvol, catalyst."", ""state"": ""FAIL"", ""value"": ""3/5 \u2014 missing rvol, catalyst""}, {""id"": ""rising"", ""kills"": false, ""reason"": ""cascade already stopped"", ""state"": ""NOT_APPLICABLE"", ""value"": ""\u2014""}, {""id"": ""split"", ""kills"": false, ""reason"": ""cascade already stopped"", ""state"": ""NOT_APPLICABLE"", ""value"": ""\u2014""}, {""id"": ""instrument"", ""kills"": false, ""reason"": ""cascade already stopped"", ""state"": ""NOT_APPLICABLE"", ""value"": ""\u2014""}, {""id"": ""tick"", ""kills"": false, ""reason"": ""cascade already stopped"", ""state"": ""NOT_APPLICABLE"", ""value"": ""\u2014""}, {""id"": ""buyout"", ""kills"": false, ""reason"": ""cascade already stopped"", ""state"": ""NOT_APPLICABLE"", ""value"": ""\u2014""}]","[""No catalyst dated today and no live theme (A2: flagged, not killed; the read-out splits this cohort).""]","{""above_ema9"": true, ""above_vwap"": false, ""buyout_announced"": false, ""catalyst_source_ok"": true, ""catalyst_today"": false, ""catalyst_verdict"": ""NONE"", ""change_pct"": 38.709677419354826, ""feed_stale"": false, ""float_is_shares_outstanding"": false, ""float_shares"": 570000.0, ""float_verified"": true, ""halted"": false, ""in_session_window"": true, ""is_fund_or_etf"": null, ""last"": 4.3, ""live_theme"": false, ""macd_positive_and_above_signal"": false, ""penny_theme"": false, ""premarket_volume"": null, ""prev_close"": null, ""rvol"": 4.15794578542957, ""session_high"": 5.22, ""session_volume"": 11274070.0, ""split_ratio_clean_integer"": null, ""symbol"": ""DCOY"", ""tick_size"": null}",4.3,4.23,4.44,0.07,2.0,2,1,SUPPRESSED,,,2026-09-23T14:46:48+00:00,483c06594e65,97bc2f2,2026-09-23T08:38:00-04:00,,,4.3,6.8571,-7.4286,1,1,stop,1,2026-09-23T12:38:00Z,4.65,4.19,4.07
77fbc04d3408853e,2026-09-23T08:40:00-04:00,premarket,MSS,pullback,ibkr-GRML-MSS-DCOY,IBKR · TWS read-only · live,live-backfill,1m,1.7499,,,1.75,108011.0,0.08951416452610785,12.17307692307692,520000.0,verified,finviz via premarket_stars.py,0,0,REJECT,price,0,"[{""id"": ""price"", ""kills"": true, ""reason"": ""$1.75 is outside $2.00\u201320.00."", ""state"": ""FAIL"", ""value"": ""$1.75  band $2.00\u201320.00""}, {""id"": ""float"", ""kills"": false, ""reason"": ""cascade already stopped"", ""state"": ""NOT_APPLICABLE"", ""value"": ""\u2014""}, {""id"": ""catalyst"", ""kills"": false, ""reason"": ""cascade already stopped"", ""state"": ""NOT_APPLICABLE"", ""value"": ""\u2014""}, {""id"": ""pillars"", ""kills"": false, ""reason"": ""cascade already stopped"", ""state"": ""NOT_APPLICABLE"", ""value"": ""\u2014""}, {""id"": ""rising"", ""kills"": false, ""reason"": ""cascade already stopped"", ""state"": ""NOT_APPLICABLE"", ""value"": ""\u2014""}, {""id"": ""split"", ""kills"": false, ""reason"": ""cascade already stopped"", ""state"": ""NOT_APPLICABLE"", ""value"": ""\u2014""}, {""id"": ""instrument"", ""kills"": false, ""reason"": ""cascade already stopped"", ""state"": ""NOT_APPLICABLE"", ""value"": ""\u2014""}, {""id"": ""tick"", ""kills"": false, ""reason"": ""cascade already stopped"", ""state"": ""NOT_APPLICABLE"", ""value"": ""\u2014""}, {""id"": ""buyout"", ""kills"": false, ""reason"": ""cascade already stopped"", ""state"": ""NOT_APPLICABLE"", ""value"": ""\u2014""}]",[],"{""above_ema9"": true, ""above_vwap"": true, ""buyout_announced"": false, ""catalyst_source_ok"": true, ""catalyst_today"": false, ""catalyst_verdict"": ""NONE"", ""change_pct"": 12.17307692307692, ""feed_stale"": false, ""float_is_shares_outstanding"": false, ""float_shares"": 520000.0, ""float_verified"": true, ""halted"": false, ""in_session_window"": true, ""is_fund_or_etf"": null, ""last"": 1.7499, ""live_theme"": false, ""macd_positive_and_above_signal"": true, ""penny_theme"": false, ""premarket_volume"": null, ""prev_close"": null, ""rvol"": 0.08951416452610785, ""session_high"": 1.75, ""session_volume"": 108011.0, ""split_ratio_clean_integer"": null, ""symbol"": ""MSS"", ""tick_size"": null}",1.72,1.7,1.76,0.02,2.0,2,1,SUPPRESSED,,,2026-09-23T13:20:05+00:00,be76eab7370f,81fedd3,2026-09-23T08:41:00-04:00,,,1.72,72.5,-1.0,1,1,target,1,2026-09-23T12:41:00Z,3.17,1.7,1.9599
54baf9fb494702fc,2026-09-23T08:40:00-04:00,premarket,IPDN,pullback,ibkr-GRML-MSS-DCOY,IBKR · TWS read-only · live,live-backfill,1m,6.81,,,11.24,10540876.0,19.294147321269634,74.61538461538461,480000.0,verified,finviz via premarket_stars.py,0,0,REJECT,rising,0,"[{""id"": ""price"", ""kills"": true, ""reason"": ""$6.81 is outside $2.00\u201320.00."", ""state"": ""PASS"", ""value"": ""$6.81  band $2.00\u201320.00""}, {""id"": ""float"", ""kills"": false, ""reason"": """", ""state"": ""PASS"", ""value"": ""0.5M (verified)""}, {""id"": ""catalyst"", ""kills"": false, ""reason"": ""No catalyst dated today and no live theme it belongs to."", ""state"": ""FAIL"", ""value"": ""none""}, {""id"": ""pillars"", ""kills"": true, ""reason"": ""Only 4 of the Five Pillars pass (need 4); missing catalyst."", ""state"": ""PASS"", ""value"": ""4/5 \u2014 missing catalyst""}, {""id"": ""rising"", ""kills"": true, ""reason"": ""39.4% off the high \u2014 back side of the move."", ""state"": ""FAIL"", ""value"": ""39.4% off 11.24""}, {""id"": ""split"", ""kills"": false, ""reason"": ""cascade already stopped"", ""state"": ""NOT_APPLICABLE"", ""value"": ""\u2014""}, {""id"": ""instrument"", ""kills"": false, ""reason"": ""cascade already stopped"", ""state"": ""NOT_APPLICABLE"", ""value"": ""\u2014""}, {""id"": ""tick"", ""kills"": false, ""reason"": ""cascade already stopped"", ""state"": ""NOT_APPLICABLE"", ""value"": ""\u2014""}, {""id"": ""buyout"", ""kills"": false, ""reason"": ""cascade already stopped"", ""state"": ""NOT_APPLICABLE"", ""value"": ""\u2014""}]","[""No catalyst dated today and no live theme (A2: flagged, not killed; the read-out splits this cohort).""]","{""above_ema9"": true, ""above_vwap"": false, ""buyout_announced"": false, ""catalyst_source_ok"": true, ""catalyst_today"": false, ""catalyst_verdict"": ""NONE"", ""change_pct"": 74.61538461538461, ""feed_stale"": false, ""float_is_shares_outstanding"": false, ""float_shares"": 480000.0, ""float_verified"": true, ""halted"": false, ""in_session_window"": true, ""is_fund_or_etf"": null, ""last"": 6.81, ""live_theme"": false, ""macd_positive_and_above_signal"": true, ""penny_theme"": false, ""premarket_volume"": null, ""prev_close"": null, ""rvol"": 19.294147321269634, ""session_high"": 11.24, ""session_volume"": 10540876.0, ""split_ratio_clean_integer"": null, ""symbol"": ""IPDN"", ""tick_size"": null}",6.85,6.65,7.25,0.2,2.0,1,1,SUPPRESSED,,,2026-09-23T13:21:09+00:00,be76eab7370f,81fedd3,2026-09-23T08:41:00-04:00,,,6.85,4.25,-8.75,1,1,stop,1,2026-09-23T12:41:00Z,7.55,6.52,5.29
e3ed9b2de2a2205c,2026-09-23T08:44:00-04:00,premarket,LXEH,pullback,ibkr-GRML-WHLR-IPDN,IBKR · TWS read-only · live,live,1m,1.69,,,3.39,15566689.0,1929.184848278298,23.357664233576635,116667000.0,shares_outstanding_proxy,SEC shares outstanding (upper bound),0,0,REJECT,price,0,"[{""id"": ""price"", ""kills"": true, ""reason"": ""$1.69 is outside $2.00\u201320.00."", ""state"": ""FAIL"", ""value"": ""$1.69  band $2.00\u201320.00""}, {""id"": ""float"", ""kills"": false, ""reason"": ""cascade already stopped"", ""state"": ""NOT_APPLICABLE"", ""value"": ""\u2014""}, {""id"": ""catalyst"", ""kills"": false, ""reason"": ""cascade already stopped"", ""state"": ""NOT_APPLICABLE"", ""value"": ""\u2014""}, {""id"": ""pillars"", ""kills"": false, ""reason"": ""cascade already stopped"", ""state"": ""NOT_APPLICABLE"", ""value"": ""\u2014""}, {""id"": ""rising"", ""kills"": false, ""reason"": ""cascade already stopped"", ""state"": ""NOT_APPLICABLE"", ""value"": ""\u2014""}, {""id"": ""split"", ""kills"": false, ""reason"": ""cascade already stopped"", ""state"": ""NOT_APPLICABLE"", ""value"": ""\u2014""}, {""id"": ""instrument"", ""kills"": false, ""reason"": ""cascade already stopped"", ""state"": ""NOT_APPLICABLE"", ""value"": ""\u2014""}, {""id"": ""tick"", ""kills"": false, ""reason"": ""cascade already stopped"", ""state"": ""NOT_APPLICABLE"", ""value"": ""\u2014""}, {""id"": ""buyout"", ""kills"": false, ""reason"": ""cascade already stopped"", ""state"": ""NOT_APPLICABLE"", ""value"": ""\u2014""}]",[],"{""above_ema9"": false, ""above_vwap"": false, ""buyout_announced"": false, ""catalyst_source_ok"": false, ""catalyst_today"": false, ""catalyst_verdict"": ""UNKNOWN"", ""change_pct"": 23.357664233576635, ""feed_stale"": false, ""float_is_shares_outstanding"": true, ""float_shares"": 116667000, ""float_verified"": false, ""halted"": false, ""in_session_window"": true, ""is_fund_or_etf"": null, ""last"": 1.69, ""live_theme"": false, ""macd_positive_and_above_signal"": false, ""penny_theme"": false, ""premarket_volume"": null, ""prev_close"": null, ""rvol"": 1929.184848278298, ""session_high"": 3.39, ""session_volume"": 15566689.0, ""split_ratio_clean_integer"": null, ""symbol"": ""LXEH"", ""tick_size"": null}",1.7,1.66,1.78,0.04,2.0,1,0,SUPPRESSED,,,2026-09-23T12:57:12+00:00,be76eab7370f,fbc6f16,2026-09-23T08:45:00-04:00,,,1.7,2.0,-6.75,1,1,stop,1,2026-09-23T12:45:00Z,1.78,1.6233,1.48
2af165587ac72644,2026-09-23T08:48:00-04:00,premarket,GRML,pullback,ibkr-GRML-MSS-DCOY,IBKR · TWS read-only · live,live-backfill,1m,17.07,,,21.9,7282760.0,0.7142537945051576,20.63604240282686,2870000.0,verified,finviz via premarket_stars.py,1,0,WAIT,,1,"[{""id"": ""price"", ""kills"": true, ""reason"": ""$17.07 is outside $2.00\u201320.00."", ""state"": ""PASS"", ""value"": ""$17.07  band $2.00\u201320.00""}, {""id"": ""float"", ""kills"": false, ""reason"": """", ""state"": ""PASS"", ""value"": ""2.9M (verified)""}, {""id"": ""catalyst"", ""kills"": false, ""reason"": """", ""state"": ""PASS"", ""value"": ""news today \u00b7 NONE""}, {""id"": ""pillars"", ""kills"": true, ""reason"": ""Only 4 of the Five Pillars pass (need 4); missing rvol."", ""state"": ""PASS"", ""value"": ""4/5 \u2014 missing rvol""}, {""id"": ""rising"", ""kills"": true, ""reason"": ""22.1% off the high \u2014 back side of the move."", ""state"": ""PASS"", ""value"": ""22.1% off 21.90""}, {""id"": ""split"", ""kills"": false, ""reason"": """", ""state"": ""PASS"", ""value"": ""gap is not arithmetic""}, {""id"": ""instrument"", ""kills"": false, ""reason"": """", ""state"": ""UNKNOWN"", ""value"": ""\u2014""}, {""id"": ""tick"", ""kills"": false, ""reason"": """", ""state"": ""UNKNOWN"", ""value"": ""\u2014""}, {""id"": ""buyout"", ""kills"": true, ""reason"": ""Acquisition announced \u2014 the price is pinned and volatility is gone."", ""state"": ""PASS"", ""value"": ""none""}, {""id"": ""vwap"", ""kills"": false, ""reason"": """", ""state"": ""FAIL"", ""value"": ""no""}, {""id"": ""ema9"", ""kills"": false, ""reason"": """", ""state"": ""PASS"", ""value"": ""yes""}, {""id"": ""macd"", ""kills"": false, ""reason"": """", ""state"": ""PASS"", ""value"": ""yes""}, {""id"": ""tape"", ""kills"": false, ""reason"": ""No tape and no book in this tool."", ""state"": ""MANUAL_CONFIRMATION_REQUIRED"", ""value"": ""your eyes""}]","[""Instrument type unknown \u2014 ADRs are fine, funds are not."", ""RVOL 0.71x is under the 1.5x trade floor (the 5x is a scanner dial, not a gate).""]","{""above_ema9"": true, ""above_vwap"": false, ""buyout_announced"": false, ""catalyst_source_ok"": true, ""catalyst_today"": true, ""catalyst_verdict"": ""NONE"", ""change_pct"": 20.63604240282686, ""feed_stale"": false, ""float_is_shares_outstanding"": false, ""float_shares"": 2870000.0, ""float_verified"": true, ""halted"": false, ""in_session_window"": true, ""is_fund_or_etf"": null, ""last"": 17.07, ""live_theme"": false, ""macd_positive_and_above_signal"": true, ""penny_theme"": false, ""premarket_volume"": null, ""prev_close"": null, ""rvol"": 0.7142537945051576, ""session_high"": 21.9, ""session_volume"": 7282760.0, ""split_ratio_clean_integer"": null, ""symbol"": ""GRML"", ""tick_size"": null}",17.19,17.01,17.55,0.18,2.0,1,0,REFUSED,"[""bar clock: the bar closed 1868s before the runner saw it (budget 120s); a stale plan is not the trade the cascade reviewed (bar close \u2192 published 1865s, published \u2192 runner 3s)"", ""pre-market entry not allowed: phase B \u2014 pre-market entries start in phase C"", ""backfill decision: armed on loaded history, inputs not point-in-time (bar clock: the bar predates the desk's start; a fresh publication time does not make it fresh)"", ""Layer 2 not green: pullback volume was not lighter than the impulse"", ""Layer 2 not green: verdict WAIT \u2014 chart gates must all be true at entry""]",2026-09-23T13:20:08+00:00,2026-09-23T13:20:05+00:00,be76eab7370f,81fedd3,2026-09-23T08:49:00-04:00,"{""bar_end"": ""2026-09-23T08:49:00-04:00"", ""bar_to_published_s"": 1865, ""published"": ""2026-09-23T13:20:05+00:00"", ""published_to_seen_s"": 3, ""quote_ts"": ""2026-09-23T13:20:07+00:00"", ""runner_seen"": ""2026-09-23T13:20:08+00:00""}",,17.19,9.0556,-33.0,1,1,target,1,2026-09-23T12:49:00Z,17.77,16.22,11.97
0f861217d8aeca8c,2026-09-23T08:49:00-04:00,premarket,DCOY,pullback,ibkr-GRML-WHLR-IPDN,IBKR · TWS read-only · live,live,1m,4.55,,,4.65,2758902.0,1.0174998863155198,46.774193548387075,570000.0,verified,finviz via premarket_stars.py,0,0,REJECT,pillars,0,"[{""id"": ""price"", ""kills"": true, ""reason"": ""$4.55 is outside $2.00\u201320.00."", ""state"": ""PASS"", ""value"": ""$4.55  band $2.00\u201320.00""}, {""id"": ""float"", ""kills"": false, ""reason"": """", ""state"": ""PASS"", ""value"": ""0.6M (verified)""}, {""id"": ""catalyst"", ""kills"": false, ""reason"": ""The desk has no news feed (no headline keys in .env); the gate could not be evaluated."", ""state"": ""UNKNOWN"", ""value"": ""no headline source""}, {""id"": ""pillars"", ""kills"": true, ""reason"": ""Only 3 of the Five Pillars pass (need 4); missing rvol, catalyst."", ""state"": ""FAIL"", ""value"": ""3/5 \u2014 missing rvol, catalyst""}, {""id"": ""rising"", ""kills"": false, ""reason"": ""cascade already stopped"", ""state"": ""NOT_APPLICABLE"", ""value"": ""\u2014""}, {""id"": ""split"", ""kills"": false, ""reason"": ""cascade already stopped"", ""state"": ""NOT_APPLICABLE"", ""value"": ""\u2014""}, {""id"": ""instrument"", ""kills"": false, ""reason"": ""cascade already stopped"", ""state"": ""NOT_APPLICABLE"", ""value"": ""\u2014""}, {""id"": ""tick"", ""kills"": false, ""reason"": ""cascade already stopped"", ""state"": ""NOT_APPLICABLE"", ""value"": ""\u2014""}, {""id"": ""buyout"", ""kills"": false, ""reason"": ""cascade already stopped"", ""state"": ""NOT_APPLICABLE"", ""value"": ""\u2014""}]","[""Catalyst unknown \u2014 no headline source on this desk (A2: flagged, not killed).""]","{""above_ema9"": true, ""above_vwap"": true, ""buyout_announced"": false, ""catalyst_source_ok"": false, ""catalyst_today"": false, ""catalyst_verdict"": ""UNKNOWN"", ""change_pct"": 46.774193548387075, ""feed_stale"": false, ""float_is_shares_outstanding"": false, ""float_shares"": 570000.0, ""float_verified"": true, ""halted"": false, ""in_session_window"": true, ""is_fund_or_etf"": null, ""last"": 4.55, ""live_theme"": false, ""macd_positive_and_above_signal"": true, ""penny_theme"": false, ""premarket_volume"": null, ""prev_close"": null, ""rvol"": 1.0174998863155198, ""session_high"": 4.65, ""session_volume"": 2758902.0, ""split_ratio_clean_integer"": null, ""symbol"": ""DCOY"", ""tick_size"": null}",4.46,4.37,4.64,0.09,2.0,2,0,SUPPRESSED,,,2026-09-23T12:57:08+00:00,be76eab7370f,fbc6f16,2026-09-23T08:50:00-04:00,,,4.46,3.5556,-7.5556,1,1,stop,1,2026-09-23T12:50:00Z,4.78,4.27,4.07
c74413a64ce36213,2026-09-23T08:56:00-04:00,premarket,BENF,pullback,ibkr-GRML-MSS-DCOY,IBKR · TWS read-only · live,live-backfill,1m,2.09,,,2.8,127285523.0,19.275276507691327,288.25933494334015,2270000.0,verified,finviz via premarket_stars.py,0,0,REJECT,rising,0,"[{""id"": ""price"", ""kills"": true, ""reason"": ""$2.09 is outside $2.00\u201320.00."", ""state"": ""PASS"", ""value"": ""$2.09  band $2.00\u201320.00""}, {""id"": ""float"", ""kills"": false, ""reason"": """", ""state"": ""PASS"", ""value"": ""2.3M (verified)""}, {""id"": ""catalyst"", ""kills"": false, ""reason"": ""No catalyst dated today and no live theme it belongs to."", ""state"": ""FAIL"", ""value"": ""none""}, {""id"": ""pillars"", ""kills"": true, ""reason"": ""Only 4 of the Five Pillars pass (need 4); missing catalyst."", ""state"": ""PASS"", ""value"": ""4/5 \u2014 missing catalyst""}, {""id"": ""rising"", ""kills"": true, ""reason"": ""25.4% off the high \u2014 back side of the move."", ""state"": ""FAIL"", ""value"": ""25.4% off 2.80""}, {""id"": ""split"", ""kills"": false, ""reason"": ""cascade already stopped"", ""state"": ""NOT_APPLICABLE"", ""value"": ""\u2014""}, {""id"": ""instrument"", ""kills"": false, ""reason"": ""cascade already stopped"", ""state"": ""NOT_APPLICABLE"", ""value"": ""\u2014""}, {""id"": ""tick"", ""kills"": false, ""reason"": ""cascade already stopped"", ""state"": ""NOT_APPLICABLE"", ""value"": ""\u2014""}, {""id"": ""buyout"", ""kills"": false, ""reason"": ""cascade already stopped"", ""state"": ""NOT_APPLICABLE"", ""value"": ""\u2014""}]","[""No catalyst dated today and no live theme (A2: flagged, not killed; the read-out splits this cohort).""]","{""above_ema9"": true, ""above_vwap"": true, ""buyout_announced"": false, ""catalyst_source_ok"": true, ""catalyst_today"": false, ""catalyst_verdict"": ""NONE"", ""change_pct"": 288.25933494334015, ""feed_stale"": false, ""float_is_shares_outstanding"": false, ""float_shares"": 2270000.0, ""float_verified"": true, ""halted"": false, ""in_session_window"": true, ""is_fund_or_etf"": null, ""last"": 2.09, ""live_theme"": false, ""macd_positive_and_above_signal"": true, ""penny_theme"": false, ""premarket_volume"": null, ""prev_close"": null, ""rvol"": 19.275276507691327, ""session_high"": 2.8, ""session_volume"": 127285523.0, ""split_ratio_clean_integer"": null, ""symbol"": ""BENF"", ""tick_size"": null}",2.07,1.94,2.33,0.13,2.0,2,1,SUPPRESSED,,,2026-09-23T13:21:09+00:00,be76eab7370f,81fedd3,2026-09-23T08:57:00-04:00,,,2.07,7.3846,-4.8462,1,1,stop,1,2026-09-23T12:57:00Z,2.75,1.87,2.35
1daf411d650e2217,2026-09-23T08:58:00-04:00,premarket,LXEH,pullback,ibkr-GRML-WHLR-IPDN,IBKR · TWS read-only · live,live,1m,1.7194,,,3.39,15650052.0,1939.516052075523,25.503649635036485,116667000.0,shares_outstanding_proxy,SEC shares outstanding (upper bound),0,0,REJECT,price,0,"[{""id"": ""price"", ""kills"": true, ""reason"": ""$1.72 is outside $2.00\u201320.00."", ""state"": ""FAIL"", ""value"": ""$1.72  band $2.00\u201320.00""}, {""id"": ""float"", ""kills"": false, ""reason"": ""cascade already stopped"", ""state"": ""NOT_APPLICABLE"", ""value"": ""\u2014""}, {""id"": ""catalyst"", ""kills"": false, ""reason"": ""cascade already stopped"", ""state"": ""NOT_APPLICABLE"", ""value"": ""\u2014""}, {""id"": ""pillars"", ""kills"": false, ""reason"": ""cascade already stopped"", ""state"": ""NOT_APPLICABLE"", ""value"": ""\u2014""}, {""id"": ""rising"", ""kills"": false, ""reason"": ""cascade already stopped"", ""state"": ""NOT_APPLICABLE"", ""value"": ""\u2014""}, {""id"": ""split"", ""kills"": false, ""reason"": ""cascade already stopped"", ""state"": ""NOT_APPLICABLE"", ""value"": ""\u2014""}, {""id"": ""instrument"", ""kills"": false, ""reason"": ""cascade already stopped"", ""state"": ""NOT_APPLICABLE"", ""value"": ""\u2014""}, {""id"": ""tick"", ""kills"": false, ""reason"": ""cascade already stopped"", ""state"": ""NOT_APPLICABLE"", ""value"": ""\u2014""}, {""id"": ""buyout"", ""kills"": false, ""reason"": ""cascade already stopped"", ""state"": ""NOT_APPLICABLE"", ""value"": ""\u2014""}]",[],"{""above_ema9"": true, ""above_vwap"": false, ""buyout_announced"": false, ""catalyst_source_ok"": false, ""catalyst_today"": false, ""catalyst_verdict"": ""UNKNOWN"", ""change_pct"": 25.503649635036485, ""feed_stale"": false, ""float_is_shares_outstanding"": true, ""float_shares"": 116667000, ""float_verified"": false, ""halted"": false, ""in_session_window"": true, ""is_fund_or_etf"": null, ""last"": 1.7194, ""live_theme"": false, ""macd_positive_and_above_signal"": true, ""penny_theme"": false, ""premarket_volume"": null, ""prev_close"": null, ""rvol"": 1939.516052075523, ""session_high"": 3.39, ""session_volume"": 15650052.0, ""split_ratio_clean_integer"": null, ""symbol"": ""LXEH"", ""tick_size"": null}",1.73,1.69,1.81,0.04,2.0,2,0,SUPPRESSED,,,2026-09-23T13:03:19+00:00,be76eab7370f,fbc6f16,2026-09-23T08:59:00-04:00,,,1.73,1.25,-7.5,1,0,stop,1,2026-09-23T12:59:00Z,1.78,1.65,1.48
2006b99b00fa89e2,2026-09-23T08:58:00-04:00,premarket,MSS,pullback,ibkr-GRML-MSS-DCOY,IBKR · TWS read-only · live,live-backfill,1m,2.18,,,2.69,4844851.0,4.015172431682681,39.74358974358976,520000.0,verified,finviz via premarket_stars.py,0,0,REJECT,pillars,0,"[{""id"": ""price"", ""kills"": true, ""reason"": ""$2.18 is outside $2.00\u201320.00."", ""state"": ""PASS"", ""value"": ""$2.18  band $2.00\u201320.00""}, {""id"": ""float"", ""kills"": false, ""reason"": """", ""state"": ""PASS"", ""value"": ""0.5M (verified)""}, {""id"": ""catalyst"", ""kills"": false, ""reason"": ""No catalyst dated today and no live theme it belongs to."", ""state"": ""FAIL"", ""value"": ""none""}, {""id"": ""pillars"", ""kills"": true, ""reason"": ""Only 3 of the Five Pillars pass (need 4); missing rvol, catalyst."", ""state"": ""FAIL"", ""value"": ""3/5 \u2014 missing rvol, catalyst""}, {""id"": ""rising"", ""kills"": false, ""reason"": ""cascade already stopped"", ""state"": ""NOT_APPLICABLE"", ""value"": ""\u2014""}, {""id"": ""split"", ""kills"": false, ""reason"": ""cascade already stopped"", ""state"": ""NOT_APPLICABLE"", ""value"": ""\u2014""}, {""id"": ""instrument"", ""kills"": false, ""reason"": ""cascade already stopped"", ""state"": ""NOT_APPLICABLE"", ""value"": ""\u2014""}, {""id"": ""tick"", ""kills"": false, ""reason"": ""cascade already stopped"", ""state"": ""NOT_APPLICABLE"", ""value"": ""\u2014""}, {""id"": ""buyout"", ""kills"": false, ""reason"": ""cascade already stopped"", ""state"": ""NOT_APPLICABLE"", ""value"": ""\u2014""}]","[""No catalyst dated today and no live theme (A2: flagged, not killed; the read-out splits this cohort).""]","{""above_ema9"": true, ""above_vwap"": true, ""buyout_announced"": false, ""catalyst_source_ok"": true, ""catalyst_today"": false, ""catalyst_verdict"": ""NONE"", ""change_pct"": 39.74358974358976, ""feed_stale"": false, ""float_is_shares_outstanding"": false, ""float_shares"": 520000.0, ""float_verified"": true, ""halted"": false, ""in_session_window"": true, ""is_fund_or_etf"": null, ""last"": 2.18, ""live_theme"": false, ""macd_positive_and_above_signal"": true, ""penny_theme"": false, ""premarket_volume"": null, ""prev_close"": null, ""rvol"": 4.015172431682681, ""session_high"": 2.69, ""session_volume"": 4844851.0, ""split_ratio_clean_integer"": null, ""symbol"": ""MSS"", ""tick_size"": null}",2.11,1.77,2.79,0.34,2.0,3,0,SUPPRESSED,,,2026-09-23T13:20:05+00:00,be76eab7370f,81fedd3,2026-09-23T08:59:00-04:00,,,2.11,3.1176,-0.8824,0,1,target,1,2026-09-23T12:59:00Z,3.17,2.01,1.9599
2c7d433ac9905a05,2026-09-23T08:59:00-04:00,premarket,DCOY,pullback,ibkr-GRML-WHLR-IPDN,IBKR · TWS read-only · live,live,1m,4.54,,,4.65,3279199.0,1.2093885936165787,46.451612903225815,570000.0,verified,finviz via premarket_stars.py,0,0,REJECT,pillars,0,"[{""id"": ""price"", ""kills"": true, ""reason"": ""$4.54 is outside $2.00\u201320.00."", ""state"": ""PASS"", ""value"": ""$4.54  band $2.00\u201320.00""}, {""id"": ""float"", ""kills"": false, ""reason"": """", ""state"": ""PASS"", ""value"": ""0.6M (verified)""}, {""id"": ""catalyst"", ""kills"": false, ""reason"": ""No catalyst dated today and no live theme it belongs to."", ""state"": ""FAIL"", ""value"": ""none""}, {""id"": ""pillars"", ""kills"": true, ""reason"": ""Only 3 of the Five Pillars pass (need 4); missing rvol, catalyst."", ""state"": ""FAIL"", ""value"": ""3/5 \u2014 missing rvol, catalyst""}, {""id"": ""rising"", ""kills"": false, ""reason"": ""cascade already stopped"", ""state"": ""NOT_APPLICABLE"", ""value"": ""\u2014""}, {""id"": ""split"", ""kills"": false, ""reason"": ""cascade already stopped"", ""state"": ""NOT_APPLICABLE"", ""value"": ""\u2014""}, {""id"": ""instrument"", ""kills"": false, ""reason"": ""cascade already stopped"", ""state"": ""NOT_APPLICABLE"", ""value"": ""\u2014""}, {""id"": ""tick"", ""kills"": false, ""reason"": ""cascade already stopped"", ""state"": ""NOT_APPLICABLE"", ""value"": ""\u2014""}, {""id"": ""buyout"", ""kills"": false, ""reason"": ""cascade already stopped"", ""state"": ""NOT_APPLICABLE"", ""value"": ""\u2014""}]","[""No catalyst dated today and no live theme (A2: flagged, not killed; the read-out splits this cohort).""]","{""above_ema9"": true, ""above_vwap"": true, ""buyout_announced"": false, ""catalyst_source_ok"": true, ""catalyst_today"": false, ""catalyst_verdict"": ""NONE"", ""change_pct"": 46.451612903225815, ""feed_stale"": false, ""float_is_shares_outstanding"": false, ""float_shares"": 570000.0, ""float_verified"": true, ""halted"": false, ""in_session_window"": true, ""is_fund_or_etf"": null, ""last"": 4.54, ""live_theme"": false, ""macd_positive_and_above_signal"": false, ""penny_theme"": false, ""premarket_volume"": null, ""prev_close"": null, ""rvol"": 1.2093885936165787, ""session_high"": 4.65, ""session_volume"": 3279199.0, ""split_ratio_clean_integer"": null, ""symbol"": ""DCOY"", ""tick_size"": null}",4.46,4.39,4.6,0.07,2.0,1,0,SUPPRESSED,,,2026-09-23T13:04:03+00:00,be76eab7370f,fbc6f16,2026-09-23T09:00:00-04:00,,,4.46,4.5714,-9.7143,1,1,target,1,2026-09-23T13:00:00Z,4.78,4.28,4.07
0da81201ad9d294d,2026-09-23T09:00:00-04:00,premarket,HAO,pullback,ibkr-GRML-MSS-DCOY,IBKR · TWS read-only · live,live-backfill,1m,3.27,,,4.0,691997.0,17.698676174204834,14.73684210526316,600000.0,verified,finviz via premarket_stars.py,0,0,REVIEW,,1,"[{""id"": ""price"", ""kills"": true, ""reason"": ""$3.27 is outside $2.00\u201320.00."", ""state"": ""PASS"", ""value"": ""$3.27  band $2.00\u201320.00""}, {""id"": ""float"", ""kills"": false, ""reason"": """", ""state"": ""PASS"", ""value"": ""0.6M (verified)""}, {""id"": ""catalyst"", ""kills"": false, ""reason"": ""No catalyst dated today and no live theme it belongs to."", ""state"": ""FAIL"", ""value"": ""none""}, {""id"": ""pillars"", ""kills"": true, ""reason"": ""Only 4 of the Five Pillars pass (need 4); missing catalyst."", ""state"": ""PASS"", ""value"": ""4/5 \u2014 missing catalyst""}, {""id"": ""rising"", ""kills"": true, ""reason"": ""18.2% off the high \u2014 back side of the move."", ""state"": ""PASS"", ""value"": ""18.2% off 4.00""}, {""id"": ""split"", ""kills"": false, ""reason"": """", ""state"": ""PASS"", ""value"": ""gap is not arithmetic""}, {""id"": ""instrument"", ""kills"": false, ""reason"": """", ""state"": ""UNKNOWN"", ""value"": ""\u2014""}, {""id"": ""tick"", ""kills"": false, ""reason"": """", ""state"": ""UNKNOWN"", ""value"": ""\u2014""}, {""id"": ""buyout"", ""kills"": true, ""reason"": ""Acquisition announced \u2014 the price is pinned and volatility is gone."", ""state"": ""PASS"", ""value"": ""none""}, {""id"": ""vwap"", ""kills"": false, ""reason"": """", ""state"": ""PASS"", ""value"": ""yes""}, {""id"": ""ema9"", ""kills"": false, ""reason"": """", ""state"": ""PASS"", ""value"": ""yes""}, {""id"": ""macd"", ""kills"": false, ""reason"": """", ""state"": ""PASS"", ""value"": ""yes""}, {""id"": ""tape"", ""kills"": false, ""reason"": ""No tape and no book in this tool."", ""state"": ""MANUAL_CONFIRMATION_REQUIRED"", ""value"": ""your eyes""}]","[""No catalyst dated today and no live theme (A2: flagged, not killed; the read-out splits this cohort)."", ""Instrument type unknown \u2014 ADRs are fine, funds are not."", ""Session volume 0.69M is under the 1M floor \u2014 the band he measured himself losing in.""]","{""above_ema9"": true, ""above_vwap"": true, ""buyout_announced"": false, ""catalyst_source_ok"": true, ""catalyst_today"": false, ""catalyst_verdict"": ""NONE"", ""change_pct"": 14.73684210526316, ""feed_stale"": false, ""float_is_shares_outstanding"": false, ""float_shares"": 600000.0, ""float_verified"": true, ""halted"": false, ""in_session_window"": true, ""is_fund_or_etf"": null, ""last"": 3.27, ""live_theme"": false, ""macd_positive_and_above_signal"": true, ""penny_theme"": false, ""premarket_volume"": null, ""prev_close"": null, ""rvol"": 17.698676174204834, ""session_high"": 4.0, ""session_volume"": 691997.0, ""split_ratio_clean_integer"": null, ""symbol"": ""HAO"", ""tick_size"": null}",3.23,3.19,3.31,0.04,2.0,2,1,REFUSED,"[""bar clock: the bar closed 1148s before the runner saw it (budget 120s); a stale plan is not the trade the cascade reviewed (bar close \u2192 published 1145s, published \u2192 runner 3s)"", ""pre-market entry not allowed: phase B \u2014 pre-market entries start in phase C"", ""backfill decision: armed on loaded history, inputs not point-in-time (bar clock: the bar predates the desk's start; a fresh publication time does not make it fresh)""]",2026-09-23T13:20:08+00:00,2026-09-23T13:20:05+00:00,be76eab7370f,81fedd3,2026-09-23T09:01:00-04:00,"{""bar_end"": ""2026-09-23T09:01:00-04:00"", ""bar_to_published_s"": 1145, ""published"": ""2026-09-23T13:20:05+00:00"", ""published_to_seen_s"": 3, ""quote_ts"": ""2026-09-23T13:20:07+00:00"", ""runner_seen"": ""2026-09-23T13:20:08+00:00""}",,3.23,3.0,-9.5,1,1,target,1,2026-09-23T13:01:00Z,3.35,3.2,2.93
90804beeb5990c98,2026-09-23T09:10:00-04:00,premarket,WHLR,pullback,ibkr-GRML-WHLR-IPDN,IBKR · TWS read-only · live,live,1m,4.7401,4.74,4.75,8.59,12412567.0,1390.990321660707,153.48128342245988,550000.0,verified,finviz via premarket_stars.py,0,0,REJECT,rising,0,"[{""id"": ""price"", ""kills"": true, ""reason"": ""$4.74 is outside $2.00\u201320.00."", ""state"": ""PASS"", ""value"": ""$4.74  band $2.00\u201320.00""}, {""id"": ""float"", ""kills"": false, ""reason"": """", ""state"": ""PASS"", ""value"": ""0.6M (verified)""}, {""id"": ""catalyst"", ""kills"": false, ""reason"": ""No catalyst dated today and no live theme it belongs to."", ""state"": ""FAIL"", ""value"": ""none""}, {""id"": ""pillars"", ""kills"": true, ""reason"": ""Only 4 of the Five Pillars pass (need 4); missing catalyst."", ""state"": ""PASS"", ""value"": ""4/5 \u2014 missing catalyst""}, {""id"": ""rising"", ""kills"": true, ""reason"": ""44.8% off the high \u2014 back side of the move."", ""state"": ""FAIL"", ""value"": ""44.8% off 8.59""}, {""id"": ""split"", ""kills"": false, ""reason"": ""cascade already stopped"", ""state"": ""NOT_APPLICABLE"", ""value"": ""\u2014""}, {""id"": ""instrument"", ""kills"": false, ""reason"": ""cascade already stopped"", ""state"": ""NOT_APPLICABLE"", ""value"": ""\u2014""}, {""id"": ""tick"", ""kills"": false, ""reason"": ""cascade already stopped"", ""state"": ""NOT_APPLICABLE"", ""value"": ""\u2014""}, {""id"": ""buyout"", ""kills"": false, ""reason"": ""cascade already stopped"", ""state"": ""NOT_APPLICABLE"", ""value"": ""\u2014""}]","[""No catalyst dated today and no live theme (A2: flagged, not killed; the read-out splits this cohort).""]","{""above_ema9"": false, ""above_vwap"": false, ""buyout_announced"": false, ""catalyst_source_ok"": true, ""catalyst_today"": false, ""catalyst_verdict"": ""NONE"", ""change_pct"": 153.48128342245988, ""feed_stale"": false, ""float_is_shares_outstanding"": false, ""float_shares"": 550000.0, ""float_verified"": true, ""halted"": false, ""in_session_window"": true, ""is_fund_or_etf"": null, ""last"": 4.7401, ""live_theme"": false, ""macd_positive_and_above_signal"": true, ""penny_theme"": false, ""premarket_volume"": null, ""prev_close"": null, ""rvol"": 1390.990321660707, ""session_high"": 8.59, ""session_volume"": 12412567.0, ""split_ratio_clean_integer"": null, ""symbol"": ""WHLR"", ""tick_size"": null}",4.758,4.7,4.874,0.058,2.0,2,0,SUPPRESSED,,,2026-09-23T13:10:12+00:00,be76eab7370f,fbc6f16,2026-09-23T09:11:00-04:00,,,4.758,68.1379,-0.4828,0,1,target,1,2026-09-23T13:12:00Z,6.8288,4.7,5.6921
3108eef42c10074f,2026-09-23T09:13:00-04:00,premarket,BENF,pullback,ibkr-GRML-MSS-DCOY,IBKR · TWS read-only · live,live-backfill,1m,2.1,,,2.8,133368981.0,20.19651509248252,290.1170351105332,2270000.0,verified,finviz via premarket_stars.py,0,0,REVIEW,,1,"[{""id"": ""price"", ""kills"": true, ""reason"": ""$2.10 is outside $2.00\u201320.00."", ""state"": ""PASS"", ""value"": ""$2.10  band $2.00\u201320.00""}, {""id"": ""float"", ""kills"": false, ""reason"": """", ""state"": ""PASS"", ""value"": ""2.3M (verified)""}, {""id"": ""catalyst"", ""kills"": false, ""reason"": ""No catalyst dated today and no live theme it belongs to."", ""state"": ""FAIL"", ""value"": ""none""}, {""id"": ""pillars"", ""kills"": true, ""reason"": ""Only 4 of the Five Pillars pass (need 4); missing catalyst."", ""state"": ""PASS"", ""value"": ""4/5 \u2014 missing catalyst""}, {""id"": ""rising"", ""kills"": true, ""reason"": ""25.0% off the high \u2014 back side of the move."", ""state"": ""PASS"", ""value"": ""25.0% off 2.80""}, {""id"": ""split"", ""kills"": false, ""reason"": """", ""state"": ""PASS"", ""value"": ""gap is not arithmetic""}, {""id"": ""instrument"", ""kills"": false, ""reason"": """", ""state"": ""UNKNOWN"", ""value"": ""\u2014""}, {""id"": ""tick"", ""kills"": false, ""reason"": """", ""state"": ""UNKNOWN"", ""value"": ""\u2014""}, {""id"": ""buyout"", ""kills"": true, ""reason"": ""Acquisition announced \u2014 the price is pinned and volatility is gone."", ""state"": ""PASS"", ""value"": ""none""}, {""id"": ""vwap"", ""kills"": false, ""reason"": """", ""state"": ""PASS"", ""value"": ""yes""}, {""id"": ""ema9"", ""kills"": false, ""reason"": """", ""state"": ""PASS"", ""value"": ""yes""}, {""id"": ""macd"", ""kills"": false, ""reason"": """", ""state"": ""PASS"", ""value"": ""yes""}, {""id"": ""tape"", ""kills"": false, ""reason"": ""No tape and no book in this tool."", ""state"": ""MANUAL_CONFIRMATION_REQUIRED"", ""value"": ""your eyes""}]","[""No catalyst dated today and no live theme (A2: flagged, not killed; the read-out splits this cohort)."", ""Instrument type unknown \u2014 ADRs are fine, funds are not.""]","{""above_ema9"": true, ""above_vwap"": true, ""buyout_announced"": false, ""catalyst_source_ok"": true, ""catalyst_today"": false, ""catalyst_verdict"": ""NONE"", ""change_pct"": 290.1170351105332, ""feed_stale"": false, ""float_is_shares_outstanding"": false, ""float_shares"": 2270000.0, ""float_verified"": true, ""halted"": false, ""in_session_window"": true, ""is_fund_or_etf"": null, ""last"": 2.1, ""live_theme"": false, ""macd_positive_and_above_signal"": true, ""penny_theme"": false, ""premarket_volume"": null, ""prev_close"": null, ""rvol"": 20.19651509248252, ""session_high"": 2.8, ""session_volume"": 133368981.0, ""split_ratio_clean_integer"": null, ""symbol"": ""BENF"", ""tick_size"": null}",2.05,1.97,2.21,0.08,2.0,3,1,REFUSED,"[""bar clock: the bar closed 433s before the runner saw it (budget 120s); a stale plan is not the trade the cascade reviewed (bar close \u2192 published 429s, published \u2192 runner 4s)"", ""pre-market entry not allowed: phase B \u2014 pre-market entries start in phase C"", ""backfill decision: armed on loaded history, inputs not point-in-time (bar clock: the bar predates the desk's start; a fresh publication time does not make it fresh)""]",2026-09-23T13:21:13+00:00,2026-09-23T13:21:09+00:00,be76eab7370f,81fedd3,2026-09-23T09:14:00-04:00,"{""bar_end"": ""2026-09-23T09:14:00-04:00"", ""bar_to_published_s"": 429, ""published"": ""2026-09-23T13:21:09+00:00"", ""published_to_seen_s"": 4, ""quote_ts"": ""2026-09-23T13:21:12+00:00"", ""runner_seen"": ""2026-09-23T13:21:13+00:00""}",,2.05,12.25,-7.625,1,1,target,1,2026-09-23T13:14:00Z,3.03,2.08,2.35
a57991da6c5f3dc5,2026-09-23T09:15:00-04:00,premarket,DCOY,pullback,ibkr-GRML-WHLR-IPDN,IBKR · TWS read-only · live,live,1m,4.66,4.65,4.69,4.78,4056302.0,1.4959889201796277,50.32258064516129,570000.0,verified,finviz via premarket_stars.py,0,0,REJECT,pillars,0,"[{""id"": ""price"", ""kills"": true, ""reason"": ""$4.66 is outside $2.00\u201320.00."", ""state"": ""PASS"", ""value"": ""$4.66  band $2.00\u201320.00""}, {""id"": ""float"", ""kills"": false, ""reason"": """", ""state"": ""PASS"", ""value"": ""0.6M (verified)""}, {""id"": ""catalyst"", ""kills"": false, ""reason"": ""No catalyst dated today and no live theme it belongs to."", ""state"": ""FAIL"", ""value"": ""none""}, {""id"": ""pillars"", ""kills"": true, ""reason"": ""Only 3 of the Five Pillars pass (need 4); missing rvol, catalyst."", ""state"": ""FAIL"", ""value"": ""3/5 \u2014 missing rvol, catalyst""}, {""id"": ""rising"", ""kills"": false, ""reason"": ""cascade already stopped"", ""state"": ""NOT_APPLICABLE"", ""value"": ""\u2014""}, {""id"": ""split"", ""kills"": false, ""reason"": ""cascade already stopped"", ""state"": ""NOT_APPLICABLE"", ""value"": ""\u2014""}, {""id"": ""instrument"", ""kills"": false, ""reason"": ""cascade already stopped"", ""state"": ""NOT_APPLICABLE"", ""value"": ""\u2014""}, {""id"": ""tick"", ""kills"": false, ""reason"": ""cascade already stopped"", ""state"": ""NOT_APPLICABLE"", ""value"": ""\u2014""}, {""id"": ""buyout"", ""kills"": false, ""reason"": ""cascade already stopped"", ""state"": ""NOT_APPLICABLE"", ""value"": ""\u2014""}]","[""No catalyst dated today and no live theme (A2: flagged, not killed; the read-out splits this cohort).""]","{""above_ema9"": true, ""above_vwap"": true, ""buyout_announced"": false, ""catalyst_source_ok"": true, ""catalyst_today"": false, ""catalyst_verdict"": ""NONE"", ""change_pct"": 50.32258064516129, ""feed_stale"": false, ""float_is_shares_outstanding"": false, ""float_shares"": 570000.0, ""float_verified"": true, ""halted"": false, ""in_session_window"": true, ""is_fund_or_etf"": null, ""last"": 4.66, ""live_theme"": false, ""macd_positive_and_above_signal"": false, ""penny_theme"": false, ""premarket_volume"": null, ""prev_close"": null, ""rvol"": 1.4959889201796277, ""session_high"": 4.78, ""session_volume"": 4056302.0, ""split_ratio_clean_integer"": null, ""symbol"": ""DCOY"", ""tick_size"": null}",4.67,4.56,4.89,0.11,2.0,3,1,SUPPRESSED,,,2026-09-23T13:15:52+00:00,be76eab7370f,fbc6f16,2026-09-23T09:16:00-04:00,,,4.67,0.3636,-8.0909,1,0,stop,1,2026-09-23T13:16:00Z,4.71,4.08,4.07
c98efe7eed4db8d5,2026-09-23T09:20:00-04:00,premarket,IPDN,pullback,ibkr-GRML-MSS-DCOY,IBKR · TWS read-only · live,live,1m,6.85,6.84,6.89,11.24,11257885.0,20.606569294232433,75.64102564102564,480000.0,verified,finviz via premarket_stars.py,0,0,REJECT,rising,0,"[{""id"": ""price"", ""kills"": true, ""reason"": ""$6.85 is outside $2.00\u201320.00."", ""state"": ""PASS"", ""value"": ""$6.85  band $2.00\u201320.00""}, {""id"": ""float"", ""kills"": false, ""reason"": """", ""state"": ""PASS"", ""value"": ""0.5M (verified)""}, {""id"": ""catalyst"", ""kills"": false, ""reason"": ""No catalyst dated today and no live theme it belongs to."", ""state"": ""FAIL"", ""value"": ""none""}, {""id"": ""pillars"", ""kills"": true, ""reason"": ""Only 4 of the Five Pillars pass (need 4); missing catalyst."", ""state"": ""PASS"", ""value"": ""4/5 \u2014 missing catalyst""}, {""id"": ""rising"", ""kills"": true, ""reason"": ""39.1% off the high \u2014 back side of the move."", ""state"": ""FAIL"", ""value"": ""39.1% off 11.24""}, {""id"": ""split"", ""kills"": false, ""reason"": ""cascade already stopped"", ""state"": ""NOT_APPLICABLE"", ""value"": ""\u2014""}, {""id"": ""instrument"", ""kills"": false, ""reason"": ""cascade already stopped"", ""state"": ""NOT_APPLICABLE"", ""value"": ""\u2014""}, {""id"": ""tick"", ""kills"": false, ""reason"": ""cascade already stopped"", ""state"": ""NOT_APPLICABLE"", ""value"": ""\u2014""}, {""id"": ""buyout"", ""kills"": false, ""reason"": ""cascade already stopped"", ""state"": ""NOT_APPLICABLE"", ""value"": ""\u2014""}]","[""No catalyst dated today and no live theme (A2: flagged, not killed; the read-out splits this cohort).""]","{""above_ema9"": true, ""above_vwap"": false, ""buyout_announced"": false, ""catalyst_source_ok"": true, ""catalyst_today"": false, ""catalyst_verdict"": ""NONE"", ""change_pct"": 75.64102564102564, ""feed_stale"": false, ""float_is_shares_outstanding"": false, ""float_shares"": 480000.0, ""float_verified"": true, ""halted"": false, ""in_session_window"": true, ""is_fund_or_etf"": null, ""last"": 6.85, ""live_theme"": false, ""macd_positive_and_above_signal"": true, ""penny_theme"": false, ""premarket_volume"": null, ""prev_close"": null, ""rvol"": 20.606569294232433, ""session_high"": 11.24, ""session_volume"": 11257885.0, ""split_ratio_clean_integer"": null, ""symbol"": ""IPDN"", ""tick_size"": null}",6.81,6.68,7.07,0.13,2.0,1,0,SUPPRESSED,,,2026-09-23T13:21:09+00:00,be76eab7370f,81fedd3,2026-09-23T09:21:00-04:00,,,6.81,6.8462,-13.1538,1,1,target,1,2026-09-23T13:21:00Z,7.7,6.15,5.29
0c5a3109cdc7411a,2026-09-23T09:21:00-04:00,premarket,GRML,pullback,ibkr-GRML-MSS-DCOY,IBKR · TWS read-only · live,live,1m,17.65,17.43,17.68,21.9,8133753.0,0.7977145949911446,24.734982332155454,2870000.0,verified,finviz via premarket_stars.py,1,0,WAIT,,1,"[{""id"": ""price"", ""kills"": true, ""reason"": ""$17.65 is outside $2.00\u201320.00."", ""state"": ""PASS"", ""value"": ""$17.65  band $2.00\u201320.00""}, {""id"": ""float"", ""kills"": false, ""reason"": """", ""state"": ""PASS"", ""value"": ""2.9M (verified)""}, {""id"": ""catalyst"", ""kills"": false, ""reason"": """", ""state"": ""PASS"", ""value"": ""news today \u00b7 NONE""}, {""id"": ""pillars"", ""kills"": true, ""reason"": ""Only 4 of the Five Pillars pass (need 4); missing rvol."", ""state"": ""PASS"", ""value"": ""4/5 \u2014 missing rvol""}, {""id"": ""rising"", ""kills"": true, ""reason"": ""19.4% off the high \u2014 back side of the move."", ""state"": ""PASS"", ""value"": ""19.4% off 21.90""}, {""id"": ""split"", ""kills"": false, ""reason"": """", ""state"": ""PASS"", ""value"": ""gap is not arithmetic""}, {""id"": ""instrument"", ""kills"": false, ""reason"": """", ""state"": ""UNKNOWN"", ""value"": ""\u2014""}, {""id"": ""tick"", ""kills"": false, ""reason"": """", ""state"": ""UNKNOWN"", ""value"": ""\u2014""}, {""id"": ""buyout"", ""kills"": true, ""reason"": ""Acquisition announced \u2014 the price is pinned and volatility is gone."", ""state"": ""PASS"", ""value"": ""none""}, {""id"": ""vwap"", ""kills"": false, ""reason"": """", ""state"": ""FAIL"", ""value"": ""no""}, {""id"": ""ema9"", ""kills"": false, ""reason"": """", ""state"": ""PASS"", ""value"": ""yes""}, {""id"": ""macd"", ""kills"": false, ""reason"": """", ""state"": ""PASS"", ""value"": ""yes""}, {""id"": ""tape"", ""kills"": false, ""reason"": ""No tape and no book in this tool."", ""state"": ""MANUAL_CONFIRMATION_REQUIRED"", ""value"": ""your eyes""}]","[""Instrument type unknown \u2014 ADRs are fine, funds are not."", ""RVOL 0.80x is under the 1.5x trade floor (the 5x is a scanner dial, not a gate).""]","{""above_ema9"": true, ""above_vwap"": false, ""buyout_announced"": false, ""catalyst_source_ok"": true, ""catalyst_today"": true, ""catalyst_verdict"": ""NONE"", ""change_pct"": 24.734982332155454, ""feed_stale"": false, ""float_is_shares_outstanding"": false, ""float_shares"": 2870000.0, ""float_verified"": true, ""halted"": false, ""in_session_window"": true, ""is_fund_or_etf"": null, ""last"": 17.65, ""live_theme"": false, ""macd_positive_and_above_signal"": true, ""penny_theme"": false, ""premarket_volume"": null, ""prev_close"": null, ""rvol"": 0.7977145949911446, ""session_high"": 21.9, ""session_volume"": 8133753.0, ""split_ratio_clean_integer"": null, ""symbol"": ""GRML"", ""tick_size"": null}",17.44,17.29,17.74,0.15,2.0,2,1,REFUSED,"[""pre-market entry not allowed: phase B \u2014 pre-market entries start in phase C"", ""Layer 2 not green: verdict WAIT \u2014 chart gates must all be true at entry""]",2026-09-23T13:21:38+00:00,2026-09-23T13:21:33+00:00,be76eab7370f,81fedd3,2026-09-23T09:22:00-04:00,"{""bar_end"": ""2026-09-23T09:22:00-04:00"", ""bar_to_published_s"": -27, ""published"": ""2026-09-23T13:21:33+00:00"", ""published_to_seen_s"": 5, ""quote_ts"": ""2026-09-23T13:21:35+00:00"", ""runner_seen"": ""2026-09-23T13:21:38+00:00""}",,17.44,9.2,-41.2667,1,1,target,1,2026-09-23T13:22:00Z,18.82,14.66,11.97
a016d58a3059fc22,2026-09-23T09:21:00-04:00,premarket,HCTI,pullback,ibkr-GRML-BENF-DCOY,IBKR · TWS read-only · live,live-backfill,1m,0.9125,,,1.06,771367.0,4.2536752521350625,5.527928761420142,14850000.0,verified,finviz via premarket_stars.py,0,0,REJECT,price,0,"[{""id"": ""price"", ""kills"": true, ""reason"": ""$0.91 is outside $2.00\u201320.00."", ""state"": ""FAIL"", ""value"": ""$0.91  band $2.00\u201320.00""}, {""id"": ""float"", ""kills"": false, ""reason"": ""cascade already stopped"", ""state"": ""NOT_APPLICABLE"", ""value"": ""\u2014""}, {""id"": ""catalyst"", ""kills"": false, ""reason"": ""cascade already stopped"", ""state"": ""NOT_APPLICABLE"", ""value"": ""\u2014""}, {""id"": ""pillars"", ""kills"": false, ""reason"": ""cascade already stopped"", ""state"": ""NOT_APPLICABLE"", ""value"": ""\u2014""}, {""id"": ""rising"", ""kills"": false, ""reason"": ""cascade already stopped"", ""state"": ""NOT_APPLICABLE"", ""value"": ""\u2014""}, {""id"": ""split"", ""kills"": false, ""reason"": ""cascade already stopped"", ""state"": ""NOT_APPLICABLE"", ""value"": ""\u2014""}, {""id"": ""instrument"", ""kills"": false, ""reason"": ""cascade already stopped"", ""state"": ""NOT_APPLICABLE"", ""value"": ""\u2014""}, {""id"": ""tick"", ""kills"": false, ""reason"": ""cascade already stopped"", ""state"": ""NOT_APPLICABLE"", ""value"": ""\u2014""}, {""id"": ""buyout"", ""kills"": false, ""reason"": ""cascade already stopped"", ""state"": ""NOT_APPLICABLE"", ""value"": ""\u2014""}]",[],"{""above_ema9"": false, ""above_vwap"": false, ""buyout_announced"": false, ""catalyst_source_ok"": true, ""catalyst_today"": false, ""catalyst_verdict"": ""NONE"", ""change_pct"": 5.527928761420142, ""feed_stale"": false, ""float_is_shares_outstanding"": false, ""float_shares"": 14850000.0, ""float_verified"": true, ""halted"": false, ""in_session_window"": true, ""is_fund_or_etf"": null, ""last"": 0.9125, ""live_theme"": false, ""macd_positive_and_above_signal"": true, ""penny_theme"": false, ""premarket_volume"": null, ""prev_close"": null, ""rvol"": 4.2536752521350625, ""session_high"": 1.06, ""session_volume"": 771367.0, ""split_ratio_clean_integer"": null, ""symbol"": ""HCTI"", ""tick_size"": null}",1.05,0.9461,1.2578,0.1039,2.0,1,0,SUPPRESSED,,,2026-09-23T14:47:41+00:00,483c06594e65,97bc2f2,2026-09-23T09:22:00-04:00,,,1.05,20.2117,-1.333,1,1,stop,1,2026-09-23T13:22:00Z,2.63,0.9115,1.195
1a7cb0ea365fd9f9,2026-09-23T09:22:00-04:00,premarket,BENF,pullback,ibkr-GRML-MSS-DCOY,IBKR · TWS read-only · live,live,1m,2.46,2.46,2.47,2.8,145087645.0,397.0054999931592,356.9942411294817,2270000.0,verified,finviz via premarket_stars.py,0,0,REVIEW,,1,"[{""id"": ""price"", ""kills"": true, ""reason"": ""$2.46 is outside $2.00\u201320.00."", ""state"": ""PASS"", ""value"": ""$2.46  band $2.00\u201320.00""}, {""id"": ""float"", ""kills"": false, ""reason"": """", ""state"": ""PASS"", ""value"": ""2.3M (verified)""}, {""id"": ""catalyst"", ""kills"": false, ""reason"": ""No catalyst dated today and no live theme it belongs to."", ""state"": ""FAIL"", ""value"": ""none""}, {""id"": ""pillars"", ""kills"": true, ""reason"": ""Only 4 of the Five Pillars pass (need 4); missing catalyst."", ""state"": ""PASS"", ""value"": ""4/5 \u2014 missing catalyst""}, {""id"": ""rising"", ""kills"": true, ""reason"": ""12.1% off the high \u2014 back side of the move."", ""state"": ""PASS"", ""value"": ""12.1% off 2.80""}, {""id"": ""split"", ""kills"": false, ""reason"": """", ""state"": ""PASS"", ""value"": ""gap is not arithmetic""}, {""id"": ""instrument"", ""kills"": false, ""reason"": """", ""state"": ""UNKNOWN"", ""value"": ""\u2014""}, {""id"": ""tick"", ""kills"": false, ""reason"": """", ""state"": ""UNKNOWN"", ""value"": ""\u2014""}, {""id"": ""buyout"", ""kills"": true, ""reason"": ""Acquisition announced \u2014 the price is pinned and volatility is gone."", ""state"": ""PASS"", ""value"": ""none""}, {""id"": ""vwap"", ""kills"": false, ""reason"": """", ""state"": ""PASS"", ""value"": ""yes""}, {""id"": ""ema9"", ""kills"": false, ""reason"": """", ""state"": ""PASS"", ""value"": ""yes""}, {""id"": ""macd"", ""kills"": false, ""reason"": """", ""state"": ""PASS"", ""value"": ""yes""}, {""id"": ""tape"", ""kills"": false, ""reason"": ""No tape and no book in this tool."", ""state"": ""MANUAL_CONFIRMATION_REQUIRED"", ""value"": ""your eyes""}]","[""No catalyst dated today and no live theme (A2: flagged, not killed; the read-out splits this cohort)."", ""Instrument type unknown \u2014 ADRs are fine, funds are not.""]","{""above_ema9"": true, ""above_vwap"": true, ""buyout_announced"": false, ""catalyst_source_ok"": true, ""catalyst_today"": false, ""catalyst_verdict"": ""NONE"", ""change_pct"": 356.9942411294817, ""feed_stale"": false, ""float_is_shares_outstanding"": false, ""float_shares"": 2270000.0, ""float_verified"": true, ""halted"": false, ""in_session_window"": true, ""is_fund_or_etf"": null, ""last"": 2.46, ""live_theme"": false, ""macd_positive_and_above_signal"": true, ""penny_theme"": false, ""premarket_volume"": null, ""prev_close"": null, ""rvol"": 397.0054999931592, ""session_high"": 2.8, ""session_volume"": 145087645.0, ""split_ratio_clean_integer"": null, ""symbol"": ""BENF"", ""tick_size"": null}",2.47,2.32,2.77,0.15,2.0,2,1,REFUSED,"[""pre-market entry not allowed: phase B \u2014 pre-market entries start in phase C""]",2026-09-23T13:22:13+00:00,2026-09-23T13:22:10+00:00,be76eab7370f,81fedd3,2026-09-23T09:23:00-04:00,"{""bar_end"": ""2026-09-23T09:23:00-04:00"", ""bar_to_published_s"": -50, ""published"": ""2026-09-23T13:22:10+00:00"", ""published_to_seen_s"": 4, ""quote_ts"": ""2026-09-23T13:22:10+00:00"", ""runner_seen"": ""2026-09-23T13:22:13+00:00""}",,2.47,3.7333,-6.8667,1,1,target,1,2026-09-23T13:23:00Z,3.03,2.0,2.35
5f7186ad771820fd,2026-09-23T09:23:00-04:00,premarket,MSS,pullback,ibkr-GRML-MSS-DCOY,IBKR · TWS read-only · live,live,1m,2.18,2.2,2.21,3.17,23829225.0,19.748480869352587,39.74358974358976,520000.0,verified,finviz via premarket_stars.py,0,0,REJECT,rising,0,"[{""id"": ""price"", ""kills"": true, ""reason"": ""$2.18 is outside $2.00\u201320.00."", ""state"": ""PASS"", ""value"": ""$2.18  band $2.00\u201320.00""}, {""id"": ""float"", ""kills"": false, ""reason"": """", ""state"": ""PASS"", ""value"": ""0.5M (verified)""}, {""id"": ""catalyst"", ""kills"": false, ""reason"": ""No catalyst dated today and no live theme it belongs to."", ""state"": ""FAIL"", ""value"": ""none""}, {""id"": ""pillars"", ""kills"": true, ""reason"": ""Only 4 of the Five Pillars pass (need 4); missing catalyst."", ""state"": ""PASS"", ""value"": ""4/5 \u2014 missing catalyst""}, {""id"": ""rising"", ""kills"": true, ""reason"": ""31.2% off the high \u2014 back side of the move."", ""state"": ""FAIL"", ""value"": ""31.2% off 3.17""}, {""id"": ""split"", ""kills"": false, ""reason"": ""cascade already stopped"", ""state"": ""NOT_APPLICABLE"", ""value"": ""\u2014""}, {""id"": ""instrument"", ""kills"": false, ""reason"": ""cascade already stopped"", ""state"": ""NOT_APPLICABLE"", ""value"": ""\u2014""}, {""id"": ""tick"", ""kills"": false, ""reason"": ""cascade already stopped"", ""state"": ""NOT_APPLICABLE"", ""value"": ""\u2014""}, {""id"": ""buyout"", ""kills"": false, ""reason"": ""cascade already stopped"", ""state"": ""NOT_APPLICABLE"", ""value"": ""\u2014""}]","[""No catalyst dated today and no live theme (A2: flagged, not killed; the read-out splits this cohort).""]","{""above_ema9"": false, ""above_vwap"": false, ""buyout_announced"": false, ""catalyst_source_ok"": true, ""catalyst_today"": false, ""catalyst_verdict"": ""NONE"", ""change_pct"": 39.74358974358976, ""feed_stale"": false, ""float_is_shares_outstanding"": false, ""float_shares"": 520000.0, ""float_verified"": true, ""halted"": false, ""in_session_window"": true, ""is_fund_or_etf"": null, ""last"": 2.18, ""live_theme"": false, ""macd_positive_and_above_signal"": false, ""penny_theme"": false, ""premarket_volume"": null, ""prev_close"": null, ""rvol"": 19.748480869352587, ""session_high"": 3.17, ""session_volume"": 23829225.0, ""split_ratio_clean_integer"": null, ""symbol"": ""MSS"", ""tick_size"": null}",2.26,2.15,2.48,0.11,2.0,2,1,SUPPRESSED,,,2026-09-23T13:23:12+00:00,be76eab7370f,81fedd3,2026-09-23T09:24:00-04:00,,,2.26,2.1818,-4.0909,1,1,stop,1,2026-09-23T13:32:00Z,2.5,1.97,1.9599
cc0462ada1f6238a,2026-09-23T09:26:00-04:00,premarket,WHLR,pullback,ibkr-GRML-MSS-DCOY,IBKR · TWS read-only · live,live,1m,5.08,5.07,5.09,8.59,21016497.0,2449.60451394351,171.65775401069516,550000.0,verified,finviz via premarket_stars.py,0,0,REJECT,rising,0,"[{""id"": ""price"", ""kills"": true, ""reason"": ""$5.08 is outside $2.00\u201320.00."", ""state"": ""PASS"", ""value"": ""$5.08  band $2.00\u201320.00""}, {""id"": ""float"", ""kills"": false, ""reason"": """", ""state"": ""PASS"", ""value"": ""0.6M (verified)""}, {""id"": ""catalyst"", ""kills"": false, ""reason"": ""No catalyst dated today and no live theme it belongs to."", ""state"": ""FAIL"", ""value"": ""none""}, {""id"": ""pillars"", ""kills"": true, ""reason"": ""Only 4 of the Five Pillars pass (need 4); missing catalyst."", ""state"": ""PASS"", ""value"": ""4/5 \u2014 missing catalyst""}, {""id"": ""rising"", ""kills"": true, ""reason"": ""40.9% off the high \u2014 back side of the move."", ""state"": ""FAIL"", ""value"": ""40.9% off 8.59""}, {""id"": ""split"", ""kills"": false, ""reason"": ""cascade already stopped"", ""state"": ""NOT_APPLICABLE"", ""value"": ""\u2014""}, {""id"": ""instrument"", ""kills"": false, ""reason"": ""cascade already stopped"", ""state"": ""NOT_APPLICABLE"", ""value"": ""\u2014""}, {""id"": ""tick"", ""kills"": false, ""reason"": ""cascade already stopped"", ""state"": ""NOT_APPLICABLE"", ""value"": ""\u2014""}, {""id"": ""buyout"", ""kills"": false, ""reason"": ""cascade already stopped"", ""state"": ""NOT_APPLICABLE"", ""value"": ""\u2014""}]","[""No catalyst dated today and no live theme (A2: flagged, not killed; the read-out splits this cohort).""]","{""above_ema9"": true, ""above_vwap"": false, ""buyout_announced"": false, ""catalyst_source_ok"": true, ""catalyst_today"": false, ""catalyst_verdict"": ""NONE"", ""change_pct"": 171.65775401069516, ""feed_stale"": false, ""float_is_shares_outstanding"": false, ""float_shares"": 550000.0, ""float_verified"": true, ""halted"": false, ""in_session_window"": true, ""is_fund_or_etf"": null, ""last"": 5.08, ""live_theme"": false, ""macd_positive_and_above_signal"": true, ""penny_theme"": false, ""premarket_volume"": null, ""prev_close"": null, ""rvol"": 2449.60451394351, ""session_high"": 8.59, ""session_volume"": 21016497.0, ""split_ratio_clean_integer"": null, ""symbol"": ""WHLR"", ""tick_size"": null}",5.08,4.98,5.28,0.1,2.0,1,1,SUPPRESSED,,,2026-09-23T13:26:11+00:00,be76eab7370f,81fedd3,2026-09-23T09:27:00-04:00,,,5.08,36.3,-3.3,1,1,target,1,2026-09-23T13:27:00Z,8.38,4.75,5.6921
29fef788b2764dac,2026-09-23T09:29:00-04:00,premarket,HCTI,pullback,ibkr-GRML-BENF-DCOY,IBKR · TWS read-only · live,live-backfill,1m,1.1001,,,1.24,5877966.0,32.41382961300046,27.22331444431596,14850000.0,verified,finviz via premarket_stars.py,0,0,REJECT,price,0,"[{""id"": ""price"", ""kills"": true, ""reason"": ""$1.10 is outside $2.00\u201320.00."", ""state"": ""FAIL"", ""value"": ""$1.10  band $2.00\u201320.00""}, {""id"": ""float"", ""kills"": false, ""reason"": ""cascade already stopped"", ""state"": ""NOT_APPLICABLE"", ""value"": ""\u2014""}, {""id"": ""catalyst"", ""kills"": false, ""reason"": ""cascade already stopped"", ""state"": ""NOT_APPLICABLE"", ""value"": ""\u2014""}, {""id"": ""pillars"", ""kills"": false, ""reason"": ""cascade already stopped"", ""state"": ""NOT_APPLICABLE"", ""value"": ""\u2014""}, {""id"": ""rising"", ""kills"": false, ""reason"": ""cascade already stopped"", ""state"": ""NOT_APPLICABLE"", ""value"": ""\u2014""}, {""id"": ""split"", ""kills"": false, ""reason"": ""cascade already stopped"", ""state"": ""NOT_APPLICABLE"", ""value"": ""\u2014""}, {""id"": ""instrument"", ""kills"": false, ""reason"": ""cascade already stopped"", ""state"": ""NOT_APPLICABLE"", ""value"": ""\u2014""}, {""id"": ""tick"", ""kills"": false, ""reason"": ""cascade already stopped"", ""state"": ""NOT_APPLICABLE"", ""value"": ""\u2014""}, {""id"": ""buyout"", ""kills"": false, ""reason"": ""cascade already stopped"", ""state"": ""NOT_APPLICABLE"", ""value"": ""\u2014""}]",[],"{""above_ema9"": true, ""above_vwap"": true, ""buyout_announced"": false, ""catalyst_source_ok"": true, ""catalyst_today"": false, ""catalyst_verdict"": ""NONE"", ""change_pct"": 27.22331444431596, ""feed_stale"": false, ""float_is_shares_outstanding"": false, ""float_shares"": 14850000.0, ""float_verified"": true, ""halted"": false, ""in_session_window"": true, ""is_fund_or_etf"": null, ""last"": 1.1001, ""live_theme"": false, ""macd_positive_and_above_signal"": true, ""penny_theme"": false, ""premarket_volume"": null, ""prev_close"": null, ""rvol"": 32.41382961300046, ""session_high"": 1.24, ""session_volume"": 5877966.0, ""split_ratio_clean_integer"": null, ""symbol"": ""HCTI"", ""tick_size"": null}",1.11,1.0,1.33,0.11,2.0,3,1,SUPPRESSED,,,2026-09-23T14:47:41+00:00,483c06594e65,97bc2f2,2026-09-23T09:30:00-04:00,,,1.11,18.5455,-0.7273,0,1,target,1,2026-09-23T13:30:00Z,2.63,1.03,1.195
1a350ec0e452fc5f,2026-09-23T09:30:00-04:00,regular,DCOY,pullback,ibkr-GRML-MSS-DCOY,IBKR · TWS read-only · live,live,1m,4.42,4.4,4.46,5.22,13855408.0,5.109958985442449,42.58064516129032,570000.0,verified,finviz via premarket_stars.py,0,0,WAIT,,1,"[{""id"": ""price"", ""kills"": true, ""reason"": ""$4.42 is outside $2.00\u201320.00."", ""state"": ""PASS"", ""value"": ""$4.42  band $2.00\u201320.00""}, {""id"": ""float"", ""kills"": false, ""reason"": """", ""state"": ""PASS"", ""value"": ""0.6M (verified)""}, {""id"": ""catalyst"", ""kills"": false, ""reason"": ""No catalyst dated today and no live theme it belongs to."", ""state"": ""FAIL"", ""value"": ""none""}, {""id"": ""pillars"", ""kills"": true, ""reason"": ""Only 4 of the Five Pillars pass (need 4); missing catalyst."", ""state"": ""PASS"", ""value"": ""4/5 \u2014 missing catalyst""}, {""id"": ""rising"", ""kills"": true, ""reason"": ""15.3% off the high \u2014 back side of the move."", ""state"": ""PASS"", ""value"": ""15.3% off 5.22""}, {""id"": ""split"", ""kills"": false, ""reason"": """", ""state"": ""PASS"", ""value"": ""gap is not arithmetic""}, {""id"": ""instrument"", ""kills"": false, ""reason"": """", ""state"": ""UNKNOWN"", ""value"": ""\u2014""}, {""id"": ""tick"", ""kills"": false, ""reason"": """", ""state"": ""UNKNOWN"", ""value"": ""\u2014""}, {""id"": ""buyout"", ""kills"": true, ""reason"": ""Acquisition announced \u2014 the price is pinned and volatility is gone."", ""state"": ""PASS"", ""value"": ""none""}, {""id"": ""vwap"", ""kills"": false, ""reason"": """", ""state"": ""FAIL"", ""value"": ""no""}, {""id"": ""ema9"", ""kills"": false, ""reason"": """", ""state"": ""PASS"", ""value"": ""yes""}, {""id"": ""macd"", ""kills"": false, ""reason"": """", ""state"": ""FAIL"", ""value"": ""no""}, {""id"": ""tape"", ""kills"": false, ""reason"": ""No tape and no book in this tool."", ""state"": ""MANUAL_CONFIRMATION_REQUIRED"", ""value"": ""your eyes""}]","[""No catalyst dated today and no live theme (A2: flagged, not killed; the read-out splits this cohort)."", ""Instrument type unknown \u2014 ADRs are fine, funds are not.""]","{""above_ema9"": true, ""above_vwap"": false, ""buyout_announced"": false, ""catalyst_source_ok"": true, ""catalyst_today"": false, ""catalyst_verdict"": ""NONE"", ""change_pct"": 42.58064516129032, ""feed_stale"": false, ""float_is_shares_outstanding"": false, ""float_shares"": 570000.0, ""float_verified"": true, ""halted"": false, ""in_session_window"": true, ""is_fund_or_etf"": null, ""last"": 4.42, ""live_theme"": false, ""macd_positive_and_above_signal"": false, ""penny_theme"": false, ""premarket_volume"": null, ""prev_close"": null, ""rvol"": 5.109958985442449, ""session_high"": 5.22, ""session_volume"": 13855408.0, ""split_ratio_clean_integer"": null, ""symbol"": ""DCOY"", ""tick_size"": null}",4.51,4.34,4.85,0.17,2.0,1,1,REFUSED,"[""Layer 2 not green: verdict WAIT \u2014 chart gates must all be true at entry""]",2026-09-23T13:30:24+00:00,2026-09-23T13:30:22+00:00,be76eab7370f,81fedd3,2026-09-23T09:31:00-04:00,"{""bar_end"": ""2026-09-23T09:31:00-04:00"", ""bar_to_published_s"": -38, ""published"": ""2026-09-23T13:30:22+00:00"", ""published_to_seen_s"": 2, ""quote_ts"": ""2026-09-23T13:30:22+00:00"", ""runner_seen"": ""2026-09-23T13:30:24+00:00""}",,4.51,1.1765,-4.2941,1,0,stop,1,2026-09-23T13:31:00Z,4.71,4.05,4.07
a415c647c7a605ad,2026-09-23T09:30:00-04:00,regular,LXEH,pullback,ibkr-GRML-MSS-DCOY,IBKR · TWS read-only · live,live,1m,1.675,1.65,1.7,3.39,17851581.0,2212.3522595596755,22.262773722627728,116667000.0,shares_outstanding_proxy,SEC shares outstanding (upper bound),0,0,REJECT,price,0,"[{""id"": ""price"", ""kills"": true, ""reason"": ""$1.68 is outside $2.00\u201320.00."", ""state"": ""FAIL"", ""value"": ""$1.68  band $2.00\u201320.00""}, {""id"": ""float"", ""kills"": false, ""reason"": ""cascade already stopped"", ""state"": ""NOT_APPLICABLE"", ""value"": ""\u2014""}, {""id"": ""catalyst"", ""kills"": false, ""reason"": ""cascade already stopped"", ""state"": ""NOT_APPLICABLE"", ""value"": ""\u2014""}, {""id"": ""pillars"", ""kills"": false, ""reason"": ""cascade already stopped"", ""state"": ""NOT_APPLICABLE"", ""value"": ""\u2014""}, {""id"": ""rising"", ""kills"": false, ""reason"": ""cascade already stopped"", ""state"": ""NOT_APPLICABLE"", ""value"": ""\u2014""}, {""id"": ""split"", ""kills"": false, ""reason"": ""cascade already stopped"", ""state"": ""NOT_APPLICABLE"", ""value"": ""\u2014""}, {""id"": ""instrument"", ""kills"": false, ""reason"": ""cascade already stopped"", ""state"": ""NOT_APPLICABLE"", ""value"": ""\u2014""}, {""id"": ""tick"", ""kills"": false, ""reason"": ""cascade already stopped"", ""state"": ""NOT_APPLICABLE"", ""value"": ""\u2014""}, {""id"": ""buyout"", ""kills"": false, ""reason"": ""cascade already stopped"", ""state"": ""NOT_APPLICABLE"", ""value"": ""\u2014""}]",[],"{""above_ema9"": true, ""above_vwap"": false, ""buyout_announced"": false, ""catalyst_source_ok"": true, ""catalyst_today"": false, ""catalyst_verdict"": ""NONE"", ""change_pct"": 22.262773722627728, ""feed_stale"": false, ""float_is_shares_outstanding"": true, ""float_shares"": 116667000, ""float_verified"": false, ""halted"": false, ""in_session_window"": true, ""is_fund_or_etf"": null, ""last"": 1.675, ""live_theme"": false, ""macd_positive_and_above_signal"": false, ""penny_theme"": false, ""premarket_volume"": null, ""prev_close"": null, ""rvol"": 2212.3522595596755, ""session_high"": 3.39, ""session_volume"": 17851581.0, ""split_ratio_clean_integer"": null, ""symbol"": ""LXEH"", ""tick_size"": null}",1.7,1.59,1.92,0.11,2.0,1,0,SUPPRESSED,,,2026-09-23T13:30:22+00:00,be76eab7370f,81fedd3,2026-09-23T09:31:00-04:00,,,1.7,0.4545,-2.4545,1,0,stop,1,2026-09-23T13:31:00Z,1.75,1.43,1.48
51d796150f5ab20b,2026-09-23T09:35:00-04:00,regular,MSS,pullback,ibkr-GRML-MSS-DCOY,IBKR · TWS read-only · live,live,1m,2.2999,2.28,2.29,3.17,28130593.0,3184.3551052750736,47.42948717948718,520000.0,verified,finviz via premarket_stars.py,0,0,REJECT,rising,0,"[{""id"": ""price"", ""kills"": true, ""reason"": ""$2.30 is outside $2.00\u201320.00."", ""state"": ""PASS"", ""value"": ""$2.30  band $2.00\u201320.00""}, {""id"": ""float"", ""kills"": false, ""reason"": """", ""state"": ""PASS"", ""value"": ""0.5M (verified)""}, {""id"": ""catalyst"", ""kills"": false, ""reason"": ""No catalyst dated today and no live theme it belongs to."", ""state"": ""FAIL"", ""value"": ""none""}, {""id"": ""pillars"", ""kills"": true, ""reason"": ""Only 4 of the Five Pillars pass (need 4); missing catalyst."", ""state"": ""PASS"", ""value"": ""4/5 \u2014 missing catalyst""}, {""id"": ""rising"", ""kills"": true, ""reason"": ""27.4% off the high \u2014 back side of the move."", ""state"": ""FAIL"", ""value"": ""27.4% off 3.17""}, {""id"": ""split"", ""kills"": false, ""reason"": ""cascade already stopped"", ""state"": ""NOT_APPLICABLE"", ""value"": ""\u2014""}, {""id"": ""instrument"", ""kills"": false, ""reason"": ""cascade already stopped"", ""state"": ""NOT_APPLICABLE"", ""value"": ""\u2014""}, {""id"": ""tick"", ""kills"": false, ""reason"": ""cascade already stopped"", ""state"": ""NOT_APPLICABLE"", ""value"": ""\u2014""}, {""id"": ""buyout"", ""kills"": false, ""reason"": ""cascade already stopped"", ""state"": ""NOT_APPLICABLE"", ""value"": ""\u2014""}]","[""No catalyst dated today and no live theme (A2: flagged, not killed; the read-out splits this cohort).""]","{""above_ema9"": true, ""above_vwap"": false, ""buyout_announced"": false, ""catalyst_source_ok"": true, ""catalyst_today"": false, ""catalyst_verdict"": ""NONE"", ""change_pct"": 47.42948717948718, ""feed_stale"": false, ""float_is_shares_outstanding"": false, ""float_shares"": 520000.0, ""float_verified"": true, ""halted"": false, ""in_session_window"": true, ""is_fund_or_etf"": null, ""last"": 2.2999, ""live_theme"": false, ""macd_positive_and_above_signal"": true, ""penny_theme"": false, ""premarket_volume"": null, ""prev_close"": null, ""rvol"": 3184.3551052750736, ""session_high"": 3.17, ""session_volume"": 28130593.0, ""split_ratio_clean_integer"": null, ""symbol"": ""MSS"", ""tick_size"": null}",2.311,2.14,2.653,0.171,2.0,2,0,SUPPRESSED,,,2026-09-23T13:35:10+00:00,be76eab7370f,81fedd3,2026-09-23T09:36:00-04:00,,,2.311,1.1053,-2.9298,1,0,stop,1,2026-09-23T13:36:00Z,2.5,2.01,1.9599
bf4c55b8825152d7,2026-09-23T09:36:00-04:00,regular,IPDN,pullback,ibkr-GRML-MSS-DCOY,IBKR · TWS read-only · live,live,1m,6.84,6.8,6.88,11.24,12777055.0,648.812014421368,75.38461538461539,480000.0,verified,finviz via premarket_stars.py,0,0,REJECT,rising,0,"[{""id"": ""price"", ""kills"": true, ""reason"": ""$6.84 is outside $2.00\u201320.00."", ""state"": ""PASS"", ""value"": ""$6.84  band $2.00\u201320.00""}, {""id"": ""float"", ""kills"": false, ""reason"": """", ""state"": ""PASS"", ""value"": ""0.5M (verified)""}, {""id"": ""catalyst"", ""kills"": false, ""reason"": ""No catalyst dated today and no live theme it belongs to."", ""state"": ""FAIL"", ""value"": ""none""}, {""id"": ""pillars"", ""kills"": true, ""reason"": ""Only 4 of the Five Pillars pass (need 4); missing catalyst."", ""state"": ""PASS"", ""value"": ""4/5 \u2014 missing catalyst""}, {""id"": ""rising"", ""kills"": true, ""reason"": ""39.1% off the high \u2014 back side of the move."", ""state"": ""FAIL"", ""value"": ""39.1% off 11.24""}, {""id"": ""split"", ""kills"": false, ""reason"": ""cascade already stopped"", ""state"": ""NOT_APPLICABLE"", ""value"": ""\u2014""}, {""id"": ""instrument"", ""kills"": false, ""reason"": ""cascade already stopped"", ""state"": ""NOT_APPLICABLE"", ""value"": ""\u2014""}, {""id"": ""tick"", ""kills"": false, ""reason"": ""cascade already stopped"", ""state"": ""NOT_APPLICABLE"", ""value"": ""\u2014""}, {""id"": ""buyout"", ""kills"": false, ""reason"": ""cascade already stopped"", ""state"": ""NOT_APPLICABLE"", ""value"": ""\u2014""}]","[""No catalyst dated today and no live theme (A2: flagged, not killed; the read-out splits this cohort).""]","{""above_ema9"": false, ""above_vwap"": false, ""buyout_announced"": false, ""catalyst_source_ok"": true, ""catalyst_today"": false, ""catalyst_verdict"": ""NONE"", ""change_pct"": 75.38461538461539, ""feed_stale"": false, ""float_is_shares_outstanding"": false, ""float_shares"": 480000.0, ""float_verified"": true, ""halted"": false, ""in_session_window"": true, ""is_fund_or_etf"": null, ""last"": 6.84, ""live_theme"": false, ""macd_positive_and_above_signal"": false, ""penny_theme"": false, ""premarket_volume"": null, ""prev_close"": null, ""rvol"": 648.812014421368, ""session_high"": 11.24, ""session_volume"": 12777055.0, ""split_ratio_clean_integer"": null, ""symbol"": ""IPDN"", ""tick_size"": null}",6.88,6.6,7.44,0.28,2.0,3,1,SUPPRESSED,,,2026-09-23T13:36:11+00:00,be76eab7370f,81fedd3,2026-09-23T09:37:00-04:00,,,6.88,,,0,0,untriggered,0,,6.87,5.85,5.29
bf9ec2980a9d3f3e,2026-09-23T09:36:00-04:00,regular,WHLR,pullback,ibkr-GRML-MSS-DCOY,IBKR · TWS read-only · live,live,1m,5.8899,5.83,5.92,8.59,23619644.0,1245.9346462798646,214.96791443850265,550000.0,verified,finviz via premarket_stars.py,0,0,REJECT,rising,0,"[{""id"": ""price"", ""kills"": true, ""reason"": ""$5.89 is outside $2.00\u201320.00."", ""state"": ""PASS"", ""value"": ""$5.89  band $2.00\u201320.00""}, {""id"": ""float"", ""kills"": false, ""reason"": """", ""state"": ""PASS"", ""value"": ""0.6M (verified)""}, {""id"": ""catalyst"", ""kills"": false, ""reason"": ""No catalyst dated today and no live theme it belongs to."", ""state"": ""FAIL"", ""value"": ""none""}, {""id"": ""pillars"", ""kills"": true, ""reason"": ""Only 4 of the Five Pillars pass (need 4); missing catalyst."", ""state"": ""PASS"", ""value"": ""4/5 \u2014 missing catalyst""}, {""id"": ""rising"", ""kills"": true, ""reason"": ""31.4% off the high \u2014 back side of the move."", ""state"": ""FAIL"", ""value"": ""31.4% off 8.59""}, {""id"": ""split"", ""kills"": false, ""reason"": ""cascade already stopped"", ""state"": ""NOT_APPLICABLE"", ""value"": ""\u2014""}, {""id"": ""instrument"", ""kills"": false, ""reason"": ""cascade already stopped"", ""state"": ""NOT_APPLICABLE"", ""value"": ""\u2014""}, {""id"": ""tick"", ""kills"": false, ""reason"": ""cascade already stopped"", ""state"": ""NOT_APPLICABLE"", ""value"": ""\u2014""}, {""id"": ""buyout"", ""kills"": false, ""reason"": ""cascade already stopped"", ""state"": ""NOT_APPLICABLE"", ""value"": ""\u2014""}]","[""No catalyst dated today and no live theme (A2: flagged, not killed; the read-out splits this cohort).""]","{""above_ema9"": true, ""above_vwap"": true, ""buyout_announced"": false, ""catalyst_source_ok"": true, ""catalyst_today"": false, ""catalyst_verdict"": ""NONE"", ""change_pct"": 214.96791443850265, ""feed_stale"": false, ""float_is_shares_outstanding"": false, ""float_shares"": 550000.0, ""float_verified"": true, ""halted"": false, ""in_session_window"": true, ""is_fund_or_etf"": null, ""last"": 5.8899, ""live_theme"": false, ""macd_positive_and_above_signal"": true, ""penny_theme"": false, ""premarket_volume"": null, ""prev_close"": null, ""rvol"": 1245.9346462798646, ""session_high"": 8.59, ""session_volume"": 23619644.0, ""split_ratio_clean_integer"": null, ""symbol"": ""WHLR"", ""tick_size"": null}",5.78,5.43,6.48,0.35,2.0,2,0,SUPPRESSED,,,2026-09-23T13:36:20+00:00,be76eab7370f,81fedd3,2026-09-23T09:37:00-04:00,,,5.78,8.3714,-0.5714,0,1,target,1,2026-09-23T13:37:00Z,8.38,5.86,5.6921
d235824ca12cbb12,2026-09-23T09:38:00-04:00,regular,HAO,pullback,ibkr-GRML-MSS-DCOY,IBKR · TWS read-only · live,live,1m,3.2,3.1,3.2,4.0,744135.0,19.03216978526195,12.280701754385959,600000.0,verified,finviz via premarket_stars.py,0,0,WAIT,,1,"[{""id"": ""price"", ""kills"": true, ""reason"": ""$3.20 is outside $2.00\u201320.00."", ""state"": ""PASS"", ""value"": ""$3.20  band $2.00\u201320.00""}, {""id"": ""float"", ""kills"": false, ""reason"": """", ""state"": ""PASS"", ""value"": ""0.6M (verified)""}, {""id"": ""catalyst"", ""kills"": false, ""reason"": ""No catalyst dated today and no live theme it belongs to."", ""state"": ""FAIL"", ""value"": ""none""}, {""id"": ""pillars"", ""kills"": true, ""reason"": ""Only 4 of the Five Pillars pass (need 4); missing catalyst."", ""state"": ""PASS"", ""value"": ""4/5 \u2014 missing catalyst""}, {""id"": ""rising"", ""kills"": true, ""reason"": ""20.0% off the high \u2014 back side of the move."", ""state"": ""PASS"", ""value"": ""20.0% off 4.00""}, {""id"": ""split"", ""kills"": false, ""reason"": """", ""state"": ""PASS"", ""value"": ""gap is not arithmetic""}, {""id"": ""instrument"", ""kills"": false, ""reason"": """", ""state"": ""UNKNOWN"", ""value"": ""\u2014""}, {""id"": ""tick"", ""kills"": false, ""reason"": """", ""state"": ""UNKNOWN"", ""value"": ""\u2014""}, {""id"": ""buyout"", ""kills"": true, ""reason"": ""Acquisition announced \u2014 the price is pinned and volatility is gone."", ""state"": ""PASS"", ""value"": ""none""}, {""id"": ""vwap"", ""kills"": false, ""reason"": """", ""state"": ""PASS"", ""value"": ""yes""}, {""id"": ""ema9"", ""kills"": false, ""reason"": """", ""state"": ""PASS"", ""value"": ""yes""}, {""id"": ""macd"", ""kills"": false, ""reason"": """", ""state"": ""FAIL"", ""value"": ""no""}, {""id"": ""tape"", ""kills"": false, ""reason"": ""No tape and no book in this tool."", ""state"": ""MANUAL_CONFIRMATION_REQUIRED"", ""value"": ""your eyes""}]","[""No catalyst dated today and no live theme (A2: flagged, not killed; the read-out splits this cohort)."", ""Instrument type unknown \u2014 ADRs are fine, funds are not."", ""Session volume 0.74M is under the 1M floor \u2014 the band he measured himself losing in.""]","{""above_ema9"": true, ""above_vwap"": true, ""buyout_announced"": false, ""catalyst_source_ok"": true, ""catalyst_today"": false, ""catalyst_verdict"": ""NONE"", ""change_pct"": 12.280701754385959, ""feed_stale"": false, ""float_is_shares_outstanding"": false, ""float_shares"": 600000.0, ""float_verified"": true, ""halted"": false, ""in_session_window"": true, ""is_fund_or_etf"": null, ""last"": 3.2, ""live_theme"": false, ""macd_positive_and_above_signal"": false, ""penny_theme"": false, ""premarket_volume"": null, ""prev_close"": null, ""rvol"": 19.03216978526195, ""session_high"": 4.0, ""session_volume"": 744135.0, ""split_ratio_clean_integer"": null, ""symbol"": ""HAO"", ""tick_size"": null}",3.11,3.09,3.15,0.02,2.0,2,1,REFUSED,"[""Layer 2 not green: verdict WAIT \u2014 chart gates must all be true at entry""]",2026-09-23T13:38:34+00:00,2026-09-23T13:38:32+00:00,be76eab7370f,81fedd3,2026-09-23T09:39:00-04:00,"{""bar_end"": ""2026-09-23T09:39:00-04:00"", ""bar_to_published_s"": -28, ""published"": ""2026-09-23T13:38:32+00:00"", ""published_to_seen_s"": 3, ""quote_ts"": ""2026-09-23T13:38:29+00:00"", ""runner_seen"": ""2026-09-23T13:38:34+00:00""}",,3.11,8.0,-13.0,1,1,target,1,2026-09-23T13:39:00Z,3.24,3.01,2.93
51af721bfb658051,2026-09-23T09:43:00-04:00,regular,DCOY,pullback,ibkr-GRML-MSS-DCOY,IBKR · TWS read-only · live,live,1m,4.42,4.4,4.43,5.22,15713307.0,5.795163469431267,42.58064516129032,570000.0,verified,finviz via premarket_stars.py,0,0,WAIT,,1,"[{""id"": ""price"", ""kills"": true, ""reason"": ""$4.42 is outside $2.00\u201320.00."", ""state"": ""PASS"", ""value"": ""$4.42  band $2.00\u201320.00""}, {""id"": ""float"", ""kills"": false, ""reason"": """", ""state"": ""PASS"", ""value"": ""0.6M (verified)""}, {""id"": ""catalyst"", ""kills"": false, ""reason"": ""No catalyst dated today and no live theme it belongs to."", ""state"": ""FAIL"", ""value"": ""none""}, {""id"": ""pillars"", ""kills"": true, ""reason"": ""Only 4 of the Five Pillars pass (need 4); missing catalyst."", ""state"": ""PASS"", ""value"": ""4/5 \u2014 missing catalyst""}, {""id"": ""rising"", ""kills"": true, ""reason"": ""15.3% off the high \u2014 back side of the move."", ""state"": ""PASS"", ""value"": ""15.3% off 5.22""}, {""id"": ""split"", ""kills"": false, ""reason"": """", ""state"": ""PASS"", ""value"": ""gap is not arithmetic""}, {""id"": ""instrument"", ""kills"": false, ""reason"": """", ""state"": ""UNKNOWN"", ""value"": ""\u2014""}, {""id"": ""tick"", ""kills"": false, ""reason"": """", ""state"": ""UNKNOWN"", ""value"": ""\u2014""}, {""id"": ""buyout"", ""kills"": true, ""reason"": ""Acquisition announced \u2014 the price is pinned and volatility is gone."", ""state"": ""PASS"", ""value"": ""none""}, {""id"": ""vwap"", ""kills"": false, ""reason"": """", ""state"": ""FAIL"", ""value"": ""no""}, {""id"": ""ema9"", ""kills"": false, ""reason"": """", ""state"": ""FAIL"", ""value"": ""no""}, {""id"": ""macd"", ""kills"": false, ""reason"": """", ""state"": ""FAIL"", ""value"": ""no""}, {""id"": ""tape"", ""kills"": false, ""reason"": ""No tape and no book in this tool."", ""state"": ""MANUAL_CONFIRMATION_REQUIRED"", ""value"": ""your eyes""}]","[""No catalyst dated today and no live theme (A2: flagged, not killed; the read-out splits this cohort)."", ""Instrument type unknown \u2014 ADRs are fine, funds are not.""]","{""above_ema9"": false, ""above_vwap"": false, ""buyout_announced"": false, ""catalyst_source_ok"": true, ""catalyst_today"": false, ""catalyst_verdict"": ""NONE"", ""change_pct"": 42.58064516129032, ""feed_stale"": false, ""float_is_shares_outstanding"": false, ""float_shares"": 570000.0, ""float_verified"": true, ""halted"": false, ""in_session_window"": true, ""is_fund_or_etf"": null, ""last"": 4.42, ""live_theme"": false, ""macd_positive_and_above_signal"": false, ""penny_theme"": false, ""premarket_volume"": null, ""prev_close"": null, ""rvol"": 5.795163469431267, ""session_high"": 5.22, ""session_volume"": 15713307.0, ""split_ratio_clean_integer"": null, ""symbol"": ""DCOY"", ""tick_size"": null}",4.47,4.38,4.65,0.09,2.0,3,1,REFUSED,"[""Layer 2 not green: verdict WAIT \u2014 chart gates must all be true at entry""]",2026-09-23T13:43:25+00:00,2026-09-23T13:43:21+00:00,be76eab7370f,81fedd3,2026-09-23T09:44:00-04:00,"{""bar_end"": ""2026-09-23T09:44:00-04:00"", ""bar_to_published_s"": -39, ""published"": ""2026-09-23T13:43:21+00:00"", ""published_to_seen_s"": 4, ""quote_ts"": ""2026-09-23T13:43:24+00:00"", ""runner_seen"": ""2026-09-23T13:43:25+00:00""}",,4.47,,,0,0,untriggered,0,,4.38,4.05,4.07
915e4b2a37154fb7,2026-09-23T09:44:00-04:00,regular,MSS,pullback,ibkr-GRML-MSS-DCOY,IBKR · TWS read-only · live,live,1m,2.38,2.37,2.38,3.17,32387787.0,3260.29665794242,52.564102564102555,520000.0,verified,finviz via premarket_stars.py,0,0,WAIT,,1,"[{""id"": ""price"", ""kills"": true, ""reason"": ""$2.38 is outside $2.00\u201320.00."", ""state"": ""PASS"", ""value"": ""$2.38  band $2.00\u201320.00""}, {""id"": ""float"", ""kills"": false, ""reason"": """", ""state"": ""PASS"", ""value"": ""0.5M (verified)""}, {""id"": ""catalyst"", ""kills"": false, ""reason"": ""No catalyst dated today and no live theme it belongs to."", ""state"": ""FAIL"", ""value"": ""none""}, {""id"": ""pillars"", ""kills"": true, ""reason"": ""Only 4 of the Five Pillars pass (need 4); missing catalyst."", ""state"": ""PASS"", ""value"": ""4/5 \u2014 missing catalyst""}, {""id"": ""rising"", ""kills"": true, ""reason"": ""24.9% off the high \u2014 back side of the move."", ""state"": ""PASS"", ""value"": ""24.9% off 3.17""}, {""id"": ""split"", ""kills"": false, ""reason"": """", ""state"": ""PASS"", ""value"": ""gap is not arithmetic""}, {""id"": ""instrument"", ""kills"": false, ""reason"": """", ""state"": ""UNKNOWN"", ""value"": ""\u2014""}, {""id"": ""tick"", ""kills"": false, ""reason"": """", ""state"": ""UNKNOWN"", ""value"": ""\u2014""}, {""id"": ""buyout"", ""kills"": true, ""reason"": ""Acquisition announced \u2014 the price is pinned and volatility is gone."", ""state"": ""PASS"", ""value"": ""none""}, {""id"": ""vwap"", ""kills"": false, ""reason"": """", ""state"": ""FAIL"", ""value"": ""no""}, {""id"": ""ema9"", ""kills"": false, ""reason"": """", ""state"": ""PASS"", ""value"": ""yes""}, {""id"": ""macd"", ""kills"": false, ""reason"": """", ""state"": ""PASS"", ""value"": ""yes""}, {""id"": ""tape"", ""kills"": false, ""reason"": ""No tape and no book in this tool."", ""state"": ""MANUAL_CONFIRMATION_REQUIRED"", ""value"": ""your eyes""}]","[""No catalyst dated today and no live theme (A2: flagged, not killed; the read-out splits this cohort)."", ""Instrument type unknown \u2014 ADRs are fine, funds are not.""]","{""above_ema9"": true, ""above_vwap"": false, ""buyout_announced"": false, ""catalyst_source_ok"": true, ""catalyst_today"": false, ""catalyst_verdict"": ""NONE"", ""change_pct"": 52.564102564102555, ""feed_stale"": false, ""float_is_shares_outstanding"": false, ""float_shares"": 520000.0, ""float_verified"": true, ""halted"": false, ""in_session_window"": true, ""is_fund_or_etf"": null, ""last"": 2.38, ""live_theme"": false, ""macd_positive_and_above_signal"": true, ""penny_theme"": false, ""premarket_volume"": null, ""prev_close"": null, ""rvol"": 3260.29665794242, ""session_high"": 3.17, ""session_volume"": 32387787.0, ""split_ratio_clean_integer"": null, ""symbol"": ""MSS"", ""tick_size"": null}",2.37,2.23,2.65,0.14,2.0,1,1,REFUSED,"[""Layer 2 not green: verdict WAIT \u2014 chart gates must all be true at entry""]",2026-09-23T13:44:35+00:00,2026-09-23T13:44:32+00:00,be76eab7370f,81fedd3,2026-09-23T09:45:00-04:00,"{""bar_end"": ""2026-09-23T09:45:00-04:00"", ""bar_to_published_s"": -28, ""published"": ""2026-09-23T13:44:32+00:00"", ""published_to_seen_s"": 3, ""quote_ts"": ""2026-09-23T13:44:31+00:00"", ""runner_seen"": ""2026-09-23T13:44:35+00:00""}",,2.37,0.9286,-4.0,1,0,stop,1,2026-09-23T13:45:00Z,2.5,1.9,1.9599
30279bb88668b8e5,2026-09-23T09:44:00-04:00,regular,WHLR,pullback,ibkr-GRML-MSS-DCOY,IBKR · TWS read-only · live,live,1m,8.0693,8.08,8.13,8.59,31850258.0,1634.2887282858433,331.51336898395726,550000.0,verified,finviz via premarket_stars.py,0,0,REVIEW,,1,"[{""id"": ""price"", ""kills"": true, ""reason"": ""$8.07 is outside $2.00\u201320.00."", ""state"": ""PASS"", ""value"": ""$8.07  band $2.00\u201320.00""}, {""id"": ""float"", ""kills"": false, ""reason"": """", ""state"": ""PASS"", ""value"": ""0.6M (verified)""}, {""id"": ""catalyst"", ""kills"": false, ""reason"": ""No catalyst dated today and no live theme it belongs to."", ""state"": ""FAIL"", ""value"": ""none""}, {""id"": ""pillars"", ""kills"": true, ""reason"": ""Only 4 of the Five Pillars pass (need 4); missing catalyst."", ""state"": ""PASS"", ""value"": ""4/5 \u2014 missing catalyst""}, {""id"": ""rising"", ""kills"": true, ""reason"": ""6.1% off the high \u2014 back side of the move."", ""state"": ""PASS"", ""value"": ""6.1% off 8.59""}, {""id"": ""split"", ""kills"": false, ""reason"": """", ""state"": ""PASS"", ""value"": ""gap is not arithmetic""}, {""id"": ""instrument"", ""kills"": false, ""reason"": """", ""state"": ""UNKNOWN"", ""value"": ""\u2014""}, {""id"": ""tick"", ""kills"": false, ""reason"": """", ""state"": ""UNKNOWN"", ""value"": ""\u2014""}, {""id"": ""buyout"", ""kills"": true, ""reason"": ""Acquisition announced \u2014 the price is pinned and volatility is gone."", ""state"": ""PASS"", ""value"": ""none""}, {""id"": ""vwap"", ""kills"": false, ""reason"": """", ""state"": ""PASS"", ""value"": ""yes""}, {""id"": ""ema9"", ""kills"": false, ""reason"": """", ""state"": ""PASS"", ""value"": ""yes""}, {""id"": ""macd"", ""kills"": false, ""reason"": """", ""state"": ""PASS"", ""value"": ""yes""}, {""id"": ""tape"", ""kills"": false, ""reason"": ""No tape and no book in this tool."", ""state"": ""MANUAL_CONFIRMATION_REQUIRED"", ""value"": ""your eyes""}]","[""No catalyst dated today and no live theme (A2: flagged, not killed; the read-out splits this cohort)."", ""Instrument type unknown \u2014 ADRs are fine, funds are not.""]","{""above_ema9"": true, ""above_vwap"": true, ""buyout_announced"": false, ""catalyst_source_ok"": true, ""catalyst_today"": false, ""catalyst_verdict"": ""NONE"", ""change_pct"": 331.51336898395726, ""feed_stale"": false, ""float_is_shares_outstanding"": false, ""float_shares"": 550000.0, ""float_verified"": true, ""halted"": false, ""in_session_window"": true, ""is_fund_or_etf"": null, ""last"": 8.0693, ""live_theme"": false, ""macd_positive_and_above_signal"": true, ""penny_theme"": false, ""premarket_volume"": null, ""prev_close"": null, ""rvol"": 1634.2887282858433, ""session_high"": 8.59, ""session_volume"": 31850258.0, ""split_ratio_clean_integer"": null, ""symbol"": ""WHLR"", ""tick_size"": null}",8.31,7.341,10.248,0.969,2.0,1,1,TAKEN,[],2026-09-23T13:44:35+00:00,2026-09-23T13:44:32+00:00,be76eab7370f,81fedd3,2026-09-23T09:45:00-04:00,"{""bar_end"": ""2026-09-23T09:45:00-04:00"", ""bar_to_published_s"": -28, ""published"": ""2026-09-23T13:44:32+00:00"", ""published_to_seen_s"": 3, ""quote_ts"": ""2026-09-23T13:44:31+00:00"", ""runner_seen"": ""2026-09-23T13:44:35+00:00""}",,8.31,0.4128,-2.8173,1,0,stop,1,2026-09-23T14:14:00Z,8.71,6.63,5.6921
c09f7a83fd51fb94,2026-09-23T09:47:00-04:00,regular,GRML,pullback,ibkr-GRML-MSS-DCOY,IBKR · TWS read-only · live,live,1m,16.25,16.11,16.29,21.9,13392235.0,605.3261164346411,14.840989399293282,2870000.0,verified,finviz via premarket_stars.py,1,0,REJECT,rising,0,"[{""id"": ""price"", ""kills"": true, ""reason"": ""$16.25 is outside $2.00\u201320.00."", ""state"": ""PASS"", ""value"": ""$16.25  band $2.00\u201320.00""}, {""id"": ""float"", ""kills"": false, ""reason"": """", ""state"": ""PASS"", ""value"": ""2.9M (verified)""}, {""id"": ""catalyst"", ""kills"": false, ""reason"": """", ""state"": ""PASS"", ""value"": ""news today \u00b7 NONE""}, {""id"": ""pillars"", ""kills"": true, ""reason"": ""Only 5 of the Five Pillars pass (need 4); missing ."", ""state"": ""PASS"", ""value"": ""5/5""}, {""id"": ""rising"", ""kills"": true, ""reason"": ""25.8% off the high \u2014 back side of the move."", ""state"": ""FAIL"", ""value"": ""25.8% off 21.90""}, {""id"": ""split"", ""kills"": false, ""reason"": ""cascade already stopped"", ""state"": ""NOT_APPLICABLE"", ""value"": ""\u2014""}, {""id"": ""instrument"", ""kills"": false, ""reason"": ""cascade already stopped"", ""state"": ""NOT_APPLICABLE"", ""value"": ""\u2014""}, {""id"": ""tick"", ""kills"": false, ""reason"": ""cascade already stopped"", ""state"": ""NOT_APPLICABLE"", ""value"": ""\u2014""}, {""id"": ""buyout"", ""kills"": false, ""reason"": ""cascade already stopped"", ""state"": ""NOT_APPLICABLE"", ""value"": ""\u2014""}]",[],"{""above_ema9"": true, ""above_vwap"": false, ""buyout_announced"": false, ""catalyst_source_ok"": true, ""catalyst_today"": true, ""catalyst_verdict"": ""NONE"", ""change_pct"": 14.840989399293282, ""feed_stale"": false, ""float_is_shares_outstanding"": false, ""float_shares"": 2870000.0, ""float_verified"": true, ""halted"": false, ""in_session_window"": true, ""is_fund_or_etf"": null, ""last"": 16.25, ""live_theme"": false, ""macd_positive_and_above_signal"": false, ""penny_theme"": false, ""premarket_volume"": null, ""prev_close"": null, ""rvol"": 605.3261164346411, ""session_high"": 21.9, ""session_volume"": 13392235.0, ""split_ratio_clean_integer"": null, ""symbol"": ""GRML"", ""tick_size"": null}",16.09,15.81,16.65,0.28,2.0,2,1,SUPPRESSED,,,2026-09-23T13:47:12+00:00,be76eab7370f,81fedd3,2026-09-23T09:48:00-04:00,,,16.09,3.0357,-17.2857,1,1,target,1,2026-09-23T13:48:00Z,16.94,12.37,11.97
a34917a7fae19256,2026-09-23T09:47:00-04:00,regular,GRML,pullback,ibkr-GRML-BENF-DCOY,IBKR · TWS read-only · live,live-backfill,1m,15.98,,,21.9,13412962.0,1.3154709209219426,12.93286219081271,2870000.0,verified,finviz via premarket_stars.py,1,0,REJECT,rising,0,"[{""id"": ""price"", ""kills"": true, ""reason"": ""$15.98 is outside $2.00\u201320.00."", ""state"": ""PASS"", ""value"": ""$15.98  band $2.00\u201320.00""}, {""id"": ""float"", ""kills"": false, ""reason"": """", ""state"": ""PASS"", ""value"": ""2.9M (verified)""}, {""id"": ""catalyst"", ""kills"": false, ""reason"": """", ""state"": ""PASS"", ""value"": ""news today \u00b7 NONE""}, {""id"": ""pillars"", ""kills"": true, ""reason"": ""Only 4 of the Five Pillars pass (need 4); missing rvol."", ""state"": ""PASS"", ""value"": ""4/5 \u2014 missing rvol""}, {""id"": ""rising"", ""kills"": true, ""reason"": ""27.0% off the high \u2014 back side of the move."", ""state"": ""FAIL"", ""value"": ""27.0% off 21.90""}, {""id"": ""split"", ""kills"": false, ""reason"": ""cascade already stopped"", ""state"": ""NOT_APPLICABLE"", ""value"": ""\u2014""}, {""id"": ""instrument"", ""kills"": false, ""reason"": ""cascade already stopped"", ""state"": ""NOT_APPLICABLE"", ""value"": ""\u2014""}, {""id"": ""tick"", ""kills"": false, ""reason"": ""cascade already stopped"", ""state"": ""NOT_APPLICABLE"", ""value"": ""\u2014""}, {""id"": ""buyout"", ""kills"": false, ""reason"": ""cascade already stopped"", ""state"": ""NOT_APPLICABLE"", ""value"": ""\u2014""}]",[],"{""above_ema9"": false, ""above_vwap"": false, ""buyout_announced"": false, ""catalyst_source_ok"": true, ""catalyst_today"": true, ""catalyst_verdict"": ""NONE"", ""change_pct"": 12.93286219081271, ""feed_stale"": false, ""float_is_shares_outstanding"": false, ""float_shares"": 2870000.0, ""float_verified"": true, ""halted"": false, ""in_session_window"": true, ""is_fund_or_etf"": null, ""last"": 15.98, ""live_theme"": false, ""macd_positive_and_above_signal"": false, ""penny_theme"": false, ""premarket_volume"": null, ""prev_close"": null, ""rvol"": 1.3154709209219426, ""session_high"": 21.9, ""session_volume"": 13412962.0, ""split_ratio_clean_integer"": null, ""symbol"": ""GRML"", ""tick_size"": null}",16.01,15.86,16.31,0.15,2.0,2,1,SUPPRESSED,,,2026-09-23T14:46:48+00:00,483c06594e65,97bc2f2,2026-09-23T09:48:00-04:00,,,16.01,6.2,-31.7333,1,1,target,1,2026-09-23T13:48:00Z,16.94,12.37,11.97
59183b8599649b02,2026-09-23T09:55:00-04:00,regular,GRML,pullback,ibkr-GRML-BENF-DCOY,IBKR · TWS read-only · live,live-backfill,1m,16.46,,,21.9,14790720.0,1.4505939895675986,16.325088339222617,2870000.0,verified,finviz via premarket_stars.py,1,0,WAIT,,1,"[{""id"": ""price"", ""kills"": true, ""reason"": ""$16.46 is outside $2.00\u201320.00."", ""state"": ""PASS"", ""value"": ""$16.46  band $2.00\u201320.00""}, {""id"": ""float"", ""kills"": false, ""reason"": """", ""state"": ""PASS"", ""value"": ""2.9M (verified)""}, {""id"": ""catalyst"", ""kills"": false, ""reason"": """", ""state"": ""PASS"", ""value"": ""news today \u00b7 NONE""}, {""id"": ""pillars"", ""kills"": true, ""reason"": ""Only 4 of the Five Pillars pass (need 4); missing rvol."", ""state"": ""PASS"", ""value"": ""4/5 \u2014 missing rvol""}, {""id"": ""rising"", ""kills"": true, ""reason"": ""24.8% off the high \u2014 back side of the move."", ""state"": ""PASS"", ""value"": ""24.8% off 21.90""}, {""id"": ""split"", ""kills"": false, ""reason"": """", ""state"": ""PASS"", ""value"": ""gap is not arithmetic""}, {""id"": ""instrument"", ""kills"": false, ""reason"": """", ""state"": ""UNKNOWN"", ""value"": ""\u2014""}, {""id"": ""tick"", ""kills"": false, ""reason"": """", ""state"": ""UNKNOWN"", ""value"": ""\u2014""}, {""id"": ""buyout"", ""kills"": true, ""reason"": ""Acquisition announced \u2014 the price is pinned and volatility is gone."", ""state"": ""PASS"", ""value"": ""none""}, {""id"": ""vwap"", ""kills"": false, ""reason"": """", ""state"": ""FAIL"", ""value"": ""no""}, {""id"": ""ema9"", ""kills"": false, ""reason"": """", ""state"": ""PASS"", ""value"": ""yes""}, {""id"": ""macd"", ""kills"": false, ""reason"": """", ""state"": ""PASS"", ""value"": ""yes""}, {""id"": ""tape"", ""kills"": false, ""reason"": ""No tape and no book in this tool."", ""state"": ""MANUAL_CONFIRMATION_REQUIRED"", ""value"": ""your eyes""}]","[""Instrument type unknown \u2014 ADRs are fine, funds are not."", ""RVOL 1.45x is under the 1.5x trade floor (the 5x is a scanner dial, not a gate).""]","{""above_ema9"": true, ""above_vwap"": false, ""buyout_announced"": false, ""catalyst_source_ok"": true, ""catalyst_today"": true, ""catalyst_verdict"": ""NONE"", ""change_pct"": 16.325088339222617, ""feed_stale"": false, ""float_is_shares_outstanding"": false, ""float_shares"": 2870000.0, ""float_verified"": true, ""halted"": false, ""in_session_window"": true, ""is_fund_or_etf"": null, ""last"": 16.46, ""live_theme"": false, ""macd_positive_and_above_signal"": true, ""penny_theme"": false, ""premarket_volume"": null, ""prev_close"": null, ""rvol"": 1.4505939895675986, ""session_high"": 21.9, ""session_volume"": 14790720.0, ""split_ratio_clean_integer"": null, ""symbol"": ""GRML"", ""tick_size"": null}",16.24,15.73,17.26,0.51,2.0,3,1,REFUSED,"[""bar clock: the bar closed 3051s before the runner saw it (budget 120s); a stale plan is not the trade the cascade reviewed (bar close \u2192 published 3048s, published \u2192 runner 3s)"", ""backfill decision: armed on loaded history, inputs not point-in-time (bar clock: the bar predates the desk's start; a fresh publication time does not make it fresh)"", ""one position at a time (preregistration \u00a72): 1 order(s) alive or unresolved"", ""Layer 2 not green: verdict WAIT \u2014 chart gates must all be true at entry""]",2026-09-23T14:46:50+00:00,2026-09-23T14:46:48+00:00,483c06594e65,97bc2f2,2026-09-23T09:56:00-04:00,"{""bar_end"": ""2026-09-23T09:56:00-04:00"", ""bar_to_published_s"": 3048, ""published"": ""2026-09-23T14:46:48+00:00"", ""published_to_seen_s"": 3, ""quote_ts"": ""2026-09-23T14:46:47+00:00"", ""runner_seen"": ""2026-09-23T14:46:50+00:00""}",,16.24,1.2745,-9.7843,1,0,stop,1,2026-09-23T13:56:00Z,16.89,12.2,11.97
45e012ec1772e397,2026-09-23T09:58:00-04:00,regular,WHLR,pullback,ibkr-GRML-MSS-DCOY,IBKR · TWS read-only · live,live,1m,7.53,7.48,7.5,8.59,38797498.0,1758.9316339549316,302.6737967914438,550000.0,verified,finviz via premarket_stars.py,0,0,WAIT,,1,"[{""id"": ""price"", ""kills"": true, ""reason"": ""$7.53 is outside $2.00\u201320.00."", ""state"": ""PASS"", ""value"": ""$7.53  band $2.00\u201320.00""}, {""id"": ""float"", ""kills"": false, ""reason"": """", ""state"": ""PASS"", ""value"": ""0.6M (verified)""}, {""id"": ""catalyst"", ""kills"": false, ""reason"": ""No catalyst dated today and no live theme it belongs to."", ""state"": ""FAIL"", ""value"": ""none""}, {""id"": ""pillars"", ""kills"": true, ""reason"": ""Only 4 of the Five Pillars pass (need 4); missing catalyst."", ""state"": ""PASS"", ""value"": ""4/5 \u2014 missing catalyst""}, {""id"": ""rising"", ""kills"": true, ""reason"": ""12.3% off the high \u2014 back side of the move."", ""state"": ""PASS"", ""value"": ""12.3% off 8.59""}, {""id"": ""split"", ""kills"": false, ""reason"": """", ""state"": ""PASS"", ""value"": ""gap is not arithmetic""}, {""id"": ""instrument"", ""kills"": false, ""reason"": """", ""state"": ""UNKNOWN"", ""value"": ""\u2014""}, {""id"": ""tick"", ""kills"": false, ""reason"": """", ""state"": ""UNKNOWN"", ""value"": ""\u2014""}, {""id"": ""buyout"", ""kills"": true, ""reason"": ""Acquisition announced \u2014 the price is pinned and volatility is gone."", ""state"": ""PASS"", ""value"": ""none""}, {""id"": ""vwap"", ""kills"": false, ""reason"": """", ""state"": ""PASS"", ""value"": ""yes""}, {""id"": ""ema9"", ""kills"": false, ""reason"": """", ""state"": ""PASS"", ""value"": ""yes""}, {""id"": ""macd"", ""kills"": false, ""reason"": """", ""state"": ""FAIL"", ""value"": ""no""}, {""id"": ""tape"", ""kills"": false, ""reason"": ""No tape and no book in this tool."", ""state"": ""MANUAL_CONFIRMATION_REQUIRED"", ""value"": ""your eyes""}]","[""No catalyst dated today and no live theme (A2: flagged, not killed; the read-out splits this cohort)."", ""Instrument type unknown \u2014 ADRs are fine, funds are not.""]","{""above_ema9"": true, ""above_vwap"": true, ""buyout_announced"": false, ""catalyst_source_ok"": true, ""catalyst_today"": false, ""catalyst_verdict"": ""NONE"", ""change_pct"": 302.6737967914438, ""feed_stale"": false, ""float_is_shares_outstanding"": false, ""float_shares"": 550000.0, ""float_verified"": true, ""halted"": false, ""in_session_window"": true, ""is_fund_or_etf"": null, ""last"": 7.53, ""live_theme"": false, ""macd_positive_and_above_signal"": false, ""penny_theme"": false, ""premarket_volume"": null, ""prev_close"": null, ""rvol"": 1758.9316339549316, ""session_high"": 8.59, ""session_volume"": 38797498.0, ""split_ratio_clean_integer"": null, ""symbol"": ""WHLR"", ""tick_size"": null}",7.51,7.05,8.43,0.46,2.0,2,0,REFUSED,"[""one position at a time (preregistration \u00a72): 1 order(s) alive or unresolved"", ""Layer 2 not green: pullback volume was not lighter than the impulse"", ""Layer 2 not green: verdict WAIT \u2014 chart gates must all be true at entry""]",2026-09-23T13:58:13+00:00,2026-09-23T13:58:11+00:00,be76eab7370f,81fedd3,2026-09-23T09:59:00-04:00,"{""bar_end"": ""2026-09-23T09:59:00-04:00"", ""bar_to_published_s"": -49, ""published"": ""2026-09-23T13:58:11+00:00"", ""published_to_seen_s"": 2, ""quote_ts"": ""2026-09-23T13:58:11+00:00"", ""runner_seen"": ""2026-09-23T13:58:13+00:00""}",,7.51,2.6087,-4.1957,1,1,stop,1,2026-09-23T13:59:00Z,8.71,6.63,5.6921
ea6c5a7ef7a25bb3,2026-09-23T09:58:00-04:00,regular,TNMG,pullback,ibkr-GRML-BENF-DCOY,IBKR · TWS read-only · live,live-backfill,1m,4.34,,,6.3,1448492.0,1.259276401960118,10.997442455242968,2556405.0,shares_outstanding_proxy,SEC shares outstanding (upper bound),0,0,REJECT,pillars,0,"[{""id"": ""price"", ""kills"": true, ""reason"": ""$4.34 is outside $2.00\u201320.00."", ""state"": ""PASS"", ""value"": ""$4.34  band $2.00\u201320.00""}, {""id"": ""float"", ""kills"": false, ""reason"": """", ""state"": ""PASS"", ""value"": ""2.6M (SO upper bound)""}, {""id"": ""catalyst"", ""kills"": false, ""reason"": ""No catalyst dated today and no live theme it belongs to."", ""state"": ""FAIL"", ""value"": ""none""}, {""id"": ""pillars"", ""kills"": true, ""reason"": ""Only 3 of the Five Pillars pass (need 4); missing rvol, catalyst."", ""state"": ""FAIL"", ""value"": ""3/5 \u2014 missing rvol, catalyst""}, {""id"": ""rising"", ""kills"": false, ""reason"": ""cascade already stopped"", ""state"": ""NOT_APPLICABLE"", ""value"": ""\u2014""}, {""id"": ""split"", ""kills"": false, ""reason"": ""cascade already stopped"", ""state"": ""NOT_APPLICABLE"", ""value"": ""\u2014""}, {""id"": ""instrument"", ""kills"": false, ""reason"": ""cascade already stopped"", ""state"": ""NOT_APPLICABLE"", ""value"": ""\u2014""}, {""id"": ""tick"", ""kills"": false, ""reason"": ""cascade already stopped"", ""state"": ""NOT_APPLICABLE"", ""value"": ""\u2014""}, {""id"": ""buyout"", ""kills"": false, ""reason"": ""cascade already stopped"", ""state"": ""NOT_APPLICABLE"", ""value"": ""\u2014""}]","[""No catalyst dated today and no live theme (A2: flagged, not killed; the read-out splits this cohort).""]","{""above_ema9"": true, ""above_vwap"": false, ""buyout_announced"": false, ""catalyst_source_ok"": true, ""catalyst_today"": false, ""catalyst_verdict"": ""NONE"", ""change_pct"": 10.997442455242968, ""feed_stale"": false, ""float_is_shares_outstanding"": true, ""float_shares"": 2556405, ""float_verified"": false, ""halted"": false, ""in_session_window"": true, ""is_fund_or_etf"": null, ""last"": 4.34, ""live_theme"": false, ""macd_positive_and_above_signal"": true, ""penny_theme"": false, ""premarket_volume"": null, ""prev_close"": null, ""rvol"": 1.259276401960118, ""session_high"": 6.3, ""session_volume"": 1448492.0, ""split_ratio_clean_integer"": null, ""symbol"": ""TNMG"", ""tick_size"": null}",4.25,4.14,4.47,0.11,2.0,3,0,SUPPRESSED,,,2026-09-23T14:47:41+00:00,483c06594e65,97bc2f2,2026-09-23T09:59:00-04:00,,,4.25,25.9091,-2.2727,1,1,target,1,2026-09-23T13:59:00Z,5.38,4.29,4.45
353c595b2e349f1a,2026-09-23T10:02:00-04:00,regular,IPDN,pullback,ibkr-GRML-MSS-DCOY,IBKR · TWS read-only · live,live,1m,6.34,6.29,6.34,11.24,14067982.0,308.52961706195305,62.56410256410256,480000.0,verified,finviz via premarket_stars.py,0,0,REJECT,rising,0,"[{""id"": ""price"", ""kills"": true, ""reason"": ""$6.34 is outside $2.00\u201320.00."", ""state"": ""PASS"", ""value"": ""$6.34  band $2.00\u201320.00""}, {""id"": ""float"", ""kills"": false, ""reason"": """", ""state"": ""PASS"", ""value"": ""0.5M (verified)""}, {""id"": ""catalyst"", ""kills"": false, ""reason"": ""No catalyst dated today and no live theme it belongs to."", ""state"": ""FAIL"", ""value"": ""none""}, {""id"": ""pillars"", ""kills"": true, ""reason"": ""Only 4 of the Five Pillars pass (need 4); missing catalyst."", ""state"": ""PASS"", ""value"": ""4/5 \u2014 missing catalyst""}, {""id"": ""rising"", ""kills"": true, ""reason"": ""43.6% off the high \u2014 back side of the move."", ""state"": ""FAIL"", ""value"": ""43.6% off 11.24""}, {""id"": ""split"", ""kills"": false, ""reason"": ""cascade already stopped"", ""state"": ""NOT_APPLICABLE"", ""value"": ""\u2014""}, {""id"": ""instrument"", ""kills"": false, ""reason"": ""cascade already stopped"", ""state"": ""NOT_APPLICABLE"", ""value"": ""\u2014""}, {""id"": ""tick"", ""kills"": false, ""reason"": ""cascade already stopped"", ""state"": ""NOT_APPLICABLE"", ""value"": ""\u2014""}, {""id"": ""buyout"", ""kills"": false, ""reason"": ""cascade already stopped"", ""state"": ""NOT_APPLICABLE"", ""value"": ""\u2014""}]","[""No catalyst dated today and no live theme (A2: flagged, not killed; the read-out splits this cohort).""]","{""above_ema9"": true, ""above_vwap"": false, ""buyout_announced"": false, ""catalyst_source_ok"": true, ""catalyst_today"": false, ""catalyst_verdict"": ""NONE"", ""change_pct"": 62.56410256410256, ""feed_stale"": false, ""float_is_shares_outstanding"": false, ""float_shares"": 480000.0, ""float_verified"": true, ""halted"": false, ""in_session_window"": true, ""is_fund_or_etf"": null, ""last"": 6.34, ""live_theme"": false, ""macd_positive_and_above_signal"": true, ""penny_theme"": false, ""premarket_volume"": null, ""prev_close"": null, ""rvol"": 308.52961706195305, ""session_high"": 11.24, ""session_volume"": 14067982.0, ""split_ratio_clean_integer"": null, ""symbol"": ""IPDN"", ""tick_size"": null}",6.31,6.15,6.63,0.16,2.0,3,1,SUPPRESSED,,,2026-09-23T14:03:02+00:00,be76eab7370f,81fedd3,2026-09-23T10:03:00-04:00,,,6.31,3.0625,-7.5625,1,1,stop,1,2026-09-23T14:03:00Z,6.8,6.14,5.29
da7e9b44a9ec59fd,2026-09-23T10:05:00-04:00,regular,DCOY,pullback,ibkr-GRML-MSS-DCOY,IBKR · TWS read-only · live,live,1m,4.27,4.24,4.27,5.22,17156851.0,3215.9045923149015,37.74193548387095,570000.0,verified,finviz via premarket_stars.py,0,0,WAIT,,1,"[{""id"": ""price"", ""kills"": true, ""reason"": ""$4.27 is outside $2.00\u201320.00."", ""state"": ""PASS"", ""value"": ""$4.27  band $2.00\u201320.00""}, {""id"": ""float"", ""kills"": false, ""reason"": """", ""state"": ""PASS"", ""value"": ""0.6M (verified)""}, {""id"": ""catalyst"", ""kills"": false, ""reason"": ""No catalyst dated today and no live theme it belongs to."", ""state"": ""FAIL"", ""value"": ""none""}, {""id"": ""pillars"", ""kills"": true, ""reason"": ""Only 4 of the Five Pillars pass (need 4); missing catalyst."", ""state"": ""PASS"", ""value"": ""4/5 \u2014 missing catalyst""}, {""id"": ""rising"", ""kills"": true, ""reason"": ""18.2% off the high \u2014 back side of the move."", ""state"": ""PASS"", ""value"": ""18.2% off 5.22""}, {""id"": ""split"", ""kills"": false, ""reason"": """", ""state"": ""PASS"", ""value"": ""gap is not arithmetic""}, {""id"": ""instrument"", ""kills"": false, ""reason"": """", ""state"": ""UNKNOWN"", ""value"": ""\u2014""}, {""id"": ""tick"", ""kills"": false, ""reason"": """", ""state"": ""UNKNOWN"", ""value"": ""\u2014""}, {""id"": ""buyout"", ""kills"": true, ""reason"": ""Acquisition announced \u2014 the price is pinned and volatility is gone."", ""state"": ""PASS"", ""value"": ""none""}, {""id"": ""vwap"", ""kills"": false, ""reason"": """", ""state"": ""FAIL"", ""value"": ""no""}, {""id"": ""ema9"", ""kills"": false, ""reason"": """", ""state"": ""PASS"", ""value"": ""yes""}, {""id"": ""macd"", ""kills"": false, ""reason"": """", ""state"": ""PASS"", ""value"": ""yes""}, {""id"": ""tape"", ""kills"": false, ""reason"": ""No tape and no book in this tool."", ""state"": ""MANUAL_CONFIRMATION_REQUIRED"", ""value"": ""your eyes""}]","[""No catalyst dated today and no live theme (A2: flagged, not killed; the read-out splits this cohort)."", ""Instrument type unknown \u2014 ADRs are fine, funds are not.""]","{""above_ema9"": true, ""above_vwap"": false, ""buyout_announced"": false, ""catalyst_source_ok"": true, ""catalyst_today"": false, ""catalyst_verdict"": ""NONE"", ""change_pct"": 37.74193548387095, ""feed_stale"": false, ""float_is_shares_outstanding"": false, ""float_shares"": 570000.0, ""float_verified"": true, ""halted"": false, ""in_session_window"": true, ""is_fund_or_etf"": null, ""last"": 4.27, ""live_theme"": false, ""macd_positive_and_above_signal"": true, ""penny_theme"": false, ""premarket_volume"": null, ""prev_close"": null, ""rvol"": 3215.9045923149015, ""session_high"": 5.22, ""session_volume"": 17156851.0, ""split_ratio_clean_integer"": null, ""symbol"": ""DCOY"", ""tick_size"": null}",4.27,4.21,4.39,0.06,2.0,3,1,REFUSED,"[""one position at a time (preregistration \u00a72): 1 order(s) alive or unresolved"", ""Layer 2 not green: verdict WAIT \u2014 chart gates must all be true at entry""]",2026-09-23T14:05:15+00:00,2026-09-23T14:05:12+00:00,be76eab7370f,81fedd3,2026-09-23T10:06:00-04:00,"{""bar_end"": ""2026-09-23T10:06:00-04:00"", ""bar_to_published_s"": -48, ""published"": ""2026-09-23T14:05:12+00:00"", ""published_to_seen_s"": 3, ""quote_ts"": ""2026-09-23T14:05:11+00:00"", ""runner_seen"": ""2026-09-23T14:05:15+00:00""}",,4.27,0.1667,-8.1667,1,0,stop,1,2026-09-23T14:08:00Z,4.28,3.78,4.07
785d2f052ee01a4f,2026-09-23T10:11:00-04:00,regular,MSS,pullback,ibkr-GRML-MSS-DCOY,IBKR · TWS read-only · live,live,1m,2.1228,2.12,2.13,3.17,39243484.0,1909.9374117876089,36.07692307692305,520000.0,verified,finviz via premarket_stars.py,0,0,REJECT,rising,0,"[{""id"": ""price"", ""kills"": true, ""reason"": ""$2.12 is outside $2.00\u201320.00."", ""state"": ""PASS"", ""value"": ""$2.12  band $2.00\u201320.00""}, {""id"": ""float"", ""kills"": false, ""reason"": """", ""state"": ""PASS"", ""value"": ""0.5M (verified)""}, {""id"": ""catalyst"", ""kills"": false, ""reason"": ""No catalyst dated today and no live theme it belongs to."", ""state"": ""FAIL"", ""value"": ""none""}, {""id"": ""pillars"", ""kills"": true, ""reason"": ""Only 4 of the Five Pillars pass (need 4); missing catalyst."", ""state"": ""PASS"", ""value"": ""4/5 \u2014 missing catalyst""}, {""id"": ""rising"", ""kills"": true, ""reason"": ""33.0% off the high \u2014 back side of the move."", ""state"": ""FAIL"", ""value"": ""33.0% off 3.17""}, {""id"": ""split"", ""kills"": false, ""reason"": ""cascade already stopped"", ""state"": ""NOT_APPLICABLE"", ""value"": ""\u2014""}, {""id"": ""instrument"", ""kills"": false, ""reason"": ""cascade already stopped"", ""state"": ""NOT_APPLICABLE"", ""value"": ""\u2014""}, {""id"": ""tick"", ""kills"": false, ""reason"": ""cascade already stopped"", ""state"": ""NOT_APPLICABLE"", ""value"": ""\u2014""}, {""id"": ""buyout"", ""kills"": false, ""reason"": ""cascade already stopped"", ""state"": ""NOT_APPLICABLE"", ""value"": ""\u2014""}]","[""No catalyst dated today and no live theme (A2: flagged, not killed; the read-out splits this cohort).""]","{""above_ema9"": false, ""above_vwap"": false, ""buyout_announced"": false, ""catalyst_source_ok"": true, ""catalyst_today"": false, ""catalyst_verdict"": ""NONE"", ""change_pct"": 36.07692307692305, ""feed_stale"": false, ""float_is_shares_outstanding"": false, ""float_shares"": 520000.0, ""float_verified"": true, ""halted"": false, ""in_session_window"": true, ""is_fund_or_etf"": null, ""last"": 2.1228, ""live_theme"": false, ""macd_positive_and_above_signal"": false, ""penny_theme"": false, ""premarket_volume"": null, ""prev_close"": null, ""rvol"": 1909.9374117876089, ""session_high"": 3.17, ""session_volume"": 39243484.0, ""split_ratio_clean_integer"": null, ""symbol"": ""MSS"", ""tick_size"": null}",2.12,2.06,2.24,0.06,2.0,1,1,SUPPRESSED,,,2026-09-23T14:11:11+00:00,be76eab7370f,81fedd3,2026-09-23T10:12:00-04:00,,,2.12,0.0,-5.1667,1,0,stop,1,2026-09-23T14:12:00Z,2.12,1.81,1.9599
d518e7ecff35fcd2,2026-09-23T10:12:00-04:00,regular,IPDN,pullback,ibkr-GRML-MSS-DCOY,IBKR · TWS read-only · live,live,1m,6.28,6.2,6.35,11.24,14269287.0,274.71029955313685,61.02564102564103,480000.0,verified,finviz via premarket_stars.py,0,0,REJECT,rising,0,"[{""id"": ""price"", ""kills"": true, ""reason"": ""$6.28 is outside $2.00\u201320.00."", ""state"": ""PASS"", ""value"": ""$6.28  band $2.00\u201320.00""}, {""id"": ""float"", ""kills"": false, ""reason"": """", ""state"": ""PASS"", ""value"": ""0.5M (verified)""}, {""id"": ""catalyst"", ""kills"": false, ""reason"": ""No catalyst dated today and no live theme it belongs to."", ""state"": ""FAIL"", ""value"": ""none""}, {""id"": ""pillars"", ""kills"": true, ""reason"": ""Only 4 of the Five Pillars pass (need 4); missing catalyst."", ""state"": ""PASS"", ""value"": ""4/5 \u2014 missing catalyst""}, {""id"": ""rising"", ""kills"": true, ""reason"": ""44.1% off the high \u2014 back side of the move."", ""state"": ""FAIL"", ""value"": ""44.1% off 11.24""}, {""id"": ""split"", ""kills"": false, ""reason"": ""cascade already stopped"", ""state"": ""NOT_APPLICABLE"", ""value"": ""\u2014""}, {""id"": ""instrument"", ""kills"": false, ""reason"": ""cascade already stopped"", ""state"": ""NOT_APPLICABLE"", ""value"": ""\u2014""}, {""id"": ""tick"", ""kills"": false, ""reason"": ""cascade already stopped"", ""state"": ""NOT_APPLICABLE"", ""value"": ""\u2014""}, {""id"": ""buyout"", ""kills"": false, ""reason"": ""cascade already stopped"", ""state"": ""NOT_APPLICABLE"", ""value"": ""\u2014""}]","[""No catalyst dated today and no live theme (A2: flagged, not killed; the read-out splits this cohort).""]","{""above_ema9"": true, ""above_vwap"": false, ""buyout_announced"": false, ""catalyst_source_ok"": true, ""catalyst_today"": false, ""catalyst_verdict"": ""NONE"", ""change_pct"": 61.02564102564103, ""feed_stale"": false, ""float_is_shares_outstanding"": false, ""float_shares"": 480000.0, ""float_verified"": true, ""halted"": false, ""in_session_window"": true, ""is_fund_or_etf"": null, ""last"": 6.28, ""live_theme"": false, ""macd_positive_and_above_signal"": true, ""penny_theme"": false, ""premarket_volume"": null, ""prev_close"": null, ""rvol"": 274.71029955313685, ""session_high"": 11.24, ""session_volume"": 14269287.0, ""split_ratio_clean_integer"": null, ""symbol"": ""IPDN"", ""tick_size"": null}",6.3,6.21,6.48,0.09,2.0,2,0,SUPPRESSED,,,2026-09-23T14:12:42+00:00,be76eab7370f,81fedd3,2026-09-23T10:13:00-04:00,,,6.3,5.5556,-13.3333,1,1,stop,1,2026-09-23T14:13:00Z,6.8,5.53,5.29
ed5eb68e521288ee,2026-09-23T10:14:00-04:00,regular,WHLR,pullback,ibkr-GRML-MSS-DCOY,IBKR · TWS read-only · live,live,1m,7.9398,8.03,8.05,8.59,44812788.0,1628.554104301371,324.58823529411757,550000.0,verified,finviz via premarket_stars.py,0,0,REVIEW,,1,"[{""id"": ""price"", ""kills"": true, ""reason"": ""$7.94 is outside $2.00\u201320.00."", ""state"": ""PASS"", ""value"": ""$7.94  band $2.00\u201320.00""}, {""id"": ""float"", ""kills"": false, ""reason"": """", ""state"": ""PASS"", ""value"": ""0.6M (verified)""}, {""id"": ""catalyst"", ""kills"": false, ""reason"": ""No catalyst dated today and no live theme it belongs to."", ""state"": ""FAIL"", ""value"": ""none""}, {""id"": ""pillars"", ""kills"": true, ""reason"": ""Only 4 of the Five Pillars pass (need 4); missing catalyst."", ""state"": ""PASS"", ""value"": ""4/5 \u2014 missing catalyst""}, {""id"": ""rising"", ""kills"": true, ""reason"": ""7.6% off the high \u2014 back side of the move."", ""state"": ""PASS"", ""value"": ""7.6% off 8.59""}, {""id"": ""split"", ""kills"": false, ""reason"": """", ""state"": ""PASS"", ""value"": ""gap is not arithmetic""}, {""id"": ""instrument"", ""kills"": false, ""reason"": """", ""state"": ""UNKNOWN"", ""value"": ""\u2014""}, {""id"": ""tick"", ""kills"": false, ""reason"": """", ""state"": ""UNKNOWN"", ""value"": ""\u2014""}, {""id"": ""buyout"", ""kills"": true, ""reason"": ""Acquisition announced \u2014 the price is pinned and volatility is gone."", ""state"": ""PASS"", ""value"": ""none""}, {""id"": ""vwap"", ""kills"": false, ""reason"": """", ""state"": ""PASS"", ""value"": ""yes""}, {""id"": ""ema9"", ""kills"": false, ""reason"": """", ""state"": ""PASS"", ""value"": ""yes""}, {""id"": ""macd"", ""kills"": false, ""reason"": """", ""state"": ""PASS"", ""value"": ""yes""}, {""id"": ""tape"", ""kills"": false, ""reason"": ""No tape and no book in this tool."", ""state"": ""MANUAL_CONFIRMATION_REQUIRED"", ""value"": ""your eyes""}]","[""No catalyst dated today and no live theme (A2: flagged, not killed; the read-out splits this cohort)."", ""Instrument type unknown \u2014 ADRs are fine, funds are not.""]","{""above_ema9"": true, ""above_vwap"": true, ""buyout_announced"": false, ""catalyst_source_ok"": true, ""catalyst_today"": false, ""catalyst_verdict"": ""NONE"", ""change_pct"": 324.58823529411757, ""feed_stale"": false, ""float_is_shares_outstanding"": false, ""float_shares"": 550000.0, ""float_verified"": true, ""halted"": false, ""in_session_window"": true, ""is_fund_or_etf"": null, ""last"": 7.9398, ""live_theme"": false, ""macd_positive_and_above_signal"": true, ""penny_theme"": false, ""premarket_volume"": null, ""prev_close"": null, ""rvol"": 1628.554104301371, ""session_high"": 8.59, ""session_volume"": 44812788.0, ""split_ratio_clean_integer"": null, ""symbol"": ""WHLR"", ""tick_size"": null}",7.865,7.19,9.215,0.675,2.0,1,0,REFUSED,"[""one position at a time (preregistration \u00a72): 1 order(s) alive or unresolved"", ""Layer 2 not green: pullback volume was not lighter than the impulse""]",2026-09-23T14:14:53+00:00,2026-09-23T14:14:52+00:00,be76eab7370f,81fedd3,2026-09-23T10:15:00-04:00,"{""bar_end"": ""2026-09-23T10:15:00-04:00"", ""bar_to_published_s"": -8, ""published"": ""2026-09-23T14:14:52+00:00"", ""published_to_seen_s"": 1, ""quote_ts"": ""2026-09-23T14:14:52+00:00"", ""runner_seen"": ""2026-09-23T14:14:53+00:00""}",,7.865,1.1778,-3.3852,1,0,stop,1,2026-09-23T14:15:00Z,8.66,6.8,5.6921
29584e1a88891683,2026-09-23T10:14:00-04:00,regular,TNMG,pullback,ibkr-GRML-BENF-DCOY,IBKR · TWS read-only · live,live-backfill,1m,4.64,,,6.3,1539846.0,1.3386968864534148,18.67007672634269,2556405.0,shares_outstanding_proxy,SEC shares outstanding (upper bound),0,0,REJECT,pillars,0,"[{""id"": ""price"", ""kills"": true, ""reason"": ""$4.64 is outside $2.00\u201320.00."", ""state"": ""PASS"", ""value"": ""$4.64  band $2.00\u201320.00""}, {""id"": ""float"", ""kills"": false, ""reason"": """", ""state"": ""PASS"", ""value"": ""2.6M (SO upper bound)""}, {""id"": ""catalyst"", ""kills"": false, ""reason"": ""No catalyst dated today and no live theme it belongs to."", ""state"": ""FAIL"", ""value"": ""none""}, {""id"": ""pillars"", ""kills"": true, ""reason"": ""Only 3 of the Five Pillars pass (need 4); missing rvol, catalyst."", ""state"": ""FAIL"", ""value"": ""3/5 \u2014 missing rvol, catalyst""}, {""id"": ""rising"", ""kills"": false, ""reason"": ""cascade already stopped"", ""state"": ""NOT_APPLICABLE"", ""value"": ""\u2014""}, {""id"": ""split"", ""kills"": false, ""reason"": ""cascade already stopped"", ""state"": ""NOT_APPLICABLE"", ""value"": ""\u2014""}, {""id"": ""instrument"", ""kills"": false, ""reason"": ""cascade already stopped"", ""state"": ""NOT_APPLICABLE"", ""value"": ""\u2014""}, {""id"": ""tick"", ""kills"": false, ""reason"": ""cascade already stopped"", ""state"": ""NOT_APPLICABLE"", ""value"": ""\u2014""}, {""id"": ""buyout"", ""kills"": false, ""reason"": ""cascade already stopped"", ""state"": ""NOT_APPLICABLE"", ""value"": ""\u2014""}]","[""No catalyst dated today and no live theme (A2: flagged, not killed; the read-out splits this cohort).""]","{""above_ema9"": true, ""above_vwap"": false, ""buyout_announced"": false, ""catalyst_source_ok"": true, ""catalyst_today"": false, ""catalyst_verdict"": ""NONE"", ""change_pct"": 18.67007672634269, ""feed_stale"": false, ""float_is_shares_outstanding"": true, ""float_shares"": 2556405, ""float_verified"": false, ""halted"": false, ""in_session_window"": true, ""is_fund_or_etf"": null, ""last"": 4.64, ""live_theme"": false, ""macd_positive_and_above_signal"": true, ""penny_theme"": false, ""premarket_volume"": null, ""prev_close"": null, ""rvol"": 1.3386968864534148, ""session_high"": 6.3, ""session_volume"": 1539846.0, ""split_ratio_clean_integer"": null, ""symbol"": ""TNMG"", ""tick_size"": null}",4.62,4.59,4.68,0.03,2.0,1,1,SUPPRESSED,,,2026-09-23T14:47:41+00:00,483c06594e65,97bc2f2,2026-09-23T10:15:00-04:00,,,4.62,82.6667,-20.6667,1,1,target,1,2026-09-23T14:15:00Z,7.1,4.64,4.45
645709d40de8ec7f,2026-09-23T10:23:00-04:00,regular,IPDN,pullback,ibkr-GRML-MSS-DCOY,IBKR · TWS read-only · live,live,1m,6.8,6.69,6.75,11.24,14589504.0,260.37310386560523,74.35897435897436,480000.0,verified,finviz via premarket_stars.py,0,0,REJECT,rising,0,"[{""id"": ""price"", ""kills"": true, ""reason"": ""$6.80 is outside $2.00\u201320.00."", ""state"": ""PASS"", ""value"": ""$6.80  band $2.00\u201320.00""}, {""id"": ""float"", ""kills"": false, ""reason"": """", ""state"": ""PASS"", ""value"": ""0.5M (verified)""}, {""id"": ""catalyst"", ""kills"": false, ""reason"": ""No catalyst dated today and no live theme it belongs to."", ""state"": ""FAIL"", ""value"": ""none""}, {""id"": ""pillars"", ""kills"": true, ""reason"": ""Only 4 of the Five Pillars pass (need 4); missing catalyst."", ""state"": ""PASS"", ""value"": ""4/5 \u2014 missing catalyst""}, {""id"": ""rising"", ""kills"": true, ""reason"": ""39.5% off the high \u2014 back side of the move."", ""state"": ""FAIL"", ""value"": ""39.5% off 11.24""}, {""id"": ""split"", ""kills"": false, ""reason"": ""cascade already stopped"", ""state"": ""NOT_APPLICABLE"", ""value"": ""\u2014""}, {""id"": ""instrument"", ""kills"": false, ""reason"": ""cascade already stopped"", ""state"": ""NOT_APPLICABLE"", ""value"": ""\u2014""}, {""id"": ""tick"", ""kills"": false, ""reason"": ""cascade already stopped"", ""state"": ""NOT_APPLICABLE"", ""value"": ""\u2014""}, {""id"": ""buyout"", ""kills"": false, ""reason"": ""cascade already stopped"", ""state"": ""NOT_APPLICABLE"", ""value"": ""\u2014""}]","[""No catalyst dated today and no live theme (A2: flagged, not killed; the read-out splits this cohort).""]","{""above_ema9"": true, ""above_vwap"": false, ""buyout_announced"": false, ""catalyst_source_ok"": true, ""catalyst_today"": false, ""catalyst_verdict"": ""NONE"", ""change_pct"": 74.35897435897436, ""feed_stale"": false, ""float_is_shares_outstanding"": false, ""float_shares"": 480000.0, ""float_verified"": true, ""halted"": false, ""in_session_window"": true, ""is_fund_or_etf"": null, ""last"": 6.8, ""live_theme"": false, ""macd_positive_and_above_signal"": true, ""penny_theme"": false, ""premarket_volume"": null, ""prev_close"": null, ""rvol"": 260.37310386560523, ""session_high"": 11.24, ""session_volume"": 14589504.0, ""split_ratio_clean_integer"": null, ""symbol"": ""IPDN"", ""tick_size"": null}",6.73,6.57,7.05,0.16,2.0,1,0,SUPPRESSED,,,2026-09-23T14:23:11+00:00,be76eab7370f,81fedd3,2026-09-23T10:24:00-04:00,,,6.73,,,0,0,untriggered,0,,6.69,5.34,5.29
aa385e296164643c,2026-09-23T10:24:00-04:00,regular,MSS,pullback,ibkr-GRML-MSS-DCOY,IBKR · TWS read-only · live,live,1m,1.945,1.95,1.96,3.17,41019655.0,1869.3731486123138,24.679487179487182,520000.0,verified,finviz via premarket_stars.py,0,0,REJECT,price,0,"[{""id"": ""price"", ""kills"": true, ""reason"": ""$1.95 is outside $2.00\u201320.00."", ""state"": ""FAIL"", ""value"": ""$1.95  band $2.00\u201320.00""}, {""id"": ""float"", ""kills"": false, ""reason"": ""cascade already stopped"", ""state"": ""NOT_APPLICABLE"", ""value"": ""\u2014""}, {""id"": ""catalyst"", ""kills"": false, ""reason"": ""cascade already stopped"", ""state"": ""NOT_APPLICABLE"", ""value"": ""\u2014""}, {""id"": ""pillars"", ""kills"": false, ""reason"": ""cascade already stopped"", ""state"": ""NOT_APPLICABLE"", ""value"": ""\u2014""}, {""id"": ""rising"", ""kills"": false, ""reason"": ""cascade already stopped"", ""state"": ""NOT_APPLICABLE"", ""value"": ""\u2014""}, {""id"": ""split"", ""kills"": false, ""reason"": ""cascade already stopped"", ""state"": ""NOT_APPLICABLE"", ""value"": ""\u2014""}, {""id"": ""instrument"", ""kills"": false, ""reason"": ""cascade already stopped"", ""state"": ""NOT_APPLICABLE"", ""value"": ""\u2014""}, {""id"": ""tick"", ""kills"": false, ""reason"": ""cascade already stopped"", ""state"": ""NOT_APPLICABLE"", ""value"": ""\u2014""}, {""id"": ""buyout"", ""kills"": false, ""reason"": ""cascade already stopped"", ""state"": ""NOT_APPLICABLE"", ""value"": ""\u2014""}]",[],"{""above_ema9"": true, ""above_vwap"": false, ""buyout_announced"": false, ""catalyst_source_ok"": true, ""catalyst_today"": false, ""catalyst_verdict"": ""NONE"", ""change_pct"": 24.679487179487182, ""feed_stale"": false, ""float_is_shares_outstanding"": false, ""float_shares"": 520000.0, ""float_verified"": true, ""halted"": false, ""in_session_window"": true, ""is_fund_or_etf"": null, ""last"": 1.945, ""live_theme"": false, ""macd_positive_and_above_signal"": true, ""penny_theme"": false, ""premarket_volume"": null, ""prev_close"": null, ""rvol"": 1869.3731486123138, ""session_high"": 3.17, ""session_volume"": 41019655.0, ""split_ratio_clean_integer"": null, ""symbol"": ""MSS"", ""tick_size"": null}",1.955,1.915,2.035,0.04,2.0,1,1,SUPPRESSED,,,2026-09-23T14:24:23+00:00,be76eab7370f,81fedd3,2026-09-23T10:25:00-04:00,,,1.955,1.1225,-2.125,1,0,stop,1,2026-09-23T14:30:00Z,1.9999,1.87,1.9599
1a140991c2f2eb2a,2026-09-23T10:25:00-04:00,regular,GRML,pullback,ibkr-GRML-MSS-DCOY,IBKR · TWS read-only · live,live,1m,13.68,13.61,13.64,21.9,21187907.0,268.5753200659146,-3.321554770318025,2870000.0,verified,finviz via premarket_stars.py,1,0,REJECT,rising,0,"[{""id"": ""price"", ""kills"": true, ""reason"": ""$13.68 is outside $2.00\u201320.00."", ""state"": ""PASS"", ""value"": ""$13.68  band $2.00\u201320.00""}, {""id"": ""float"", ""kills"": false, ""reason"": """", ""state"": ""PASS"", ""value"": ""2.9M (verified)""}, {""id"": ""catalyst"", ""kills"": false, ""reason"": """", ""state"": ""PASS"", ""value"": ""news today \u00b7 NONE""}, {""id"": ""pillars"", ""kills"": true, ""reason"": ""Only 4 of the Five Pillars pass (need 4); missing gain."", ""state"": ""PASS"", ""value"": ""4/5 \u2014 missing gain""}, {""id"": ""rising"", ""kills"": true, ""reason"": ""37.5% off the high \u2014 back side of the move."", ""state"": ""FAIL"", ""value"": ""37.5% off 21.90""}, {""id"": ""split"", ""kills"": false, ""reason"": ""cascade already stopped"", ""state"": ""NOT_APPLICABLE"", ""value"": ""\u2014""}, {""id"": ""instrument"", ""kills"": false, ""reason"": ""cascade already stopped"", ""state"": ""NOT_APPLICABLE"", ""value"": ""\u2014""}, {""id"": ""tick"", ""kills"": false, ""reason"": ""cascade already stopped"", ""state"": ""NOT_APPLICABLE"", ""value"": ""\u2014""}, {""id"": ""buyout"", ""kills"": false, ""reason"": ""cascade already stopped"", ""state"": ""NOT_APPLICABLE"", ""value"": ""\u2014""}]",[],"{""above_ema9"": true, ""above_vwap"": false, ""buyout_announced"": false, ""catalyst_source_ok"": true, ""catalyst_today"": true, ""catalyst_verdict"": ""NONE"", ""change_pct"": -3.321554770318025, ""feed_stale"": false, ""float_is_shares_outstanding"": false, ""float_shares"": 2870000.0, ""float_verified"": true, ""halted"": false, ""in_session_window"": true, ""is_fund_or_etf"": null, ""last"": 13.68, ""live_theme"": false, ""macd_positive_and_above_signal"": true, ""penny_theme"": false, ""premarket_volume"": null, ""prev_close"": null, ""rvol"": 268.5753200659146, ""session_high"": 21.9, ""session_volume"": 21187907.0, ""split_ratio_clean_integer"": null, ""symbol"": ""GRML"", ""tick_size"": null}",13.46,13.29,13.8,0.17,2.0,2,1,SUPPRESSED,,,2026-09-23T14:26:02+00:00,be76eab7370f,81fedd3,2026-09-23T10:26:00-04:00,,,13.46,2.4118,-13.0,1,1,target,1,2026-09-23T14:26:00Z,13.87,11.9,11.97
d5c4f5ee9e8ffe92,2026-09-23T10:25:00-04:00,regular,IPDN,pullback,ibkr-GRML-BENF-DCOY,IBKR · TWS read-only · live,live-backfill,1m,6.59,,,11.24,14707660.0,26.921079309835783,68.97435897435898,480000.0,verified,finviz via premarket_stars.py,0,0,REJECT,rising,0,"[{""id"": ""price"", ""kills"": true, ""reason"": ""$6.59 is outside $2.00\u201320.00."", ""state"": ""PASS"", ""value"": ""$6.59  band $2.00\u201320.00""}, {""id"": ""float"", ""kills"": false, ""reason"": """", ""state"": ""PASS"", ""value"": ""0.5M (verified)""}, {""id"": ""catalyst"", ""kills"": false, ""reason"": ""No catalyst dated today and no live theme it belongs to."", ""state"": ""FAIL"", ""value"": ""none""}, {""id"": ""pillars"", ""kills"": true, ""reason"": ""Only 4 of the Five Pillars pass (need 4); missing catalyst."", ""state"": ""PASS"", ""value"": ""4/5 \u2014 missing catalyst""}, {""id"": ""rising"", ""kills"": true, ""reason"": ""41.4% off the high \u2014 back side of the move."", ""state"": ""FAIL"", ""value"": ""41.4% off 11.24""}, {""id"": ""split"", ""kills"": false, ""reason"": ""cascade already stopped"", ""state"": ""NOT_APPLICABLE"", ""value"": ""\u2014""}, {""id"": ""instrument"", ""kills"": false, ""reason"": ""cascade already stopped"", ""state"": ""NOT_APPLICABLE"", ""value"": ""\u2014""}, {""id"": ""tick"", ""kills"": false, ""reason"": ""cascade already stopped"", ""state"": ""NOT_APPLICABLE"", ""value"": ""\u2014""}, {""id"": ""buyout"", ""kills"": false, ""reason"": ""cascade already stopped"", ""state"": ""NOT_APPLICABLE"", ""value"": ""\u2014""}]","[""No catalyst dated today and no live theme (A2: flagged, not killed; the read-out splits this cohort).""]","{""above_ema9"": true, ""above_vwap"": false, ""buyout_announced"": false, ""catalyst_source_ok"": true, ""catalyst_today"": false, ""catalyst_verdict"": ""NONE"", ""change_pct"": 68.97435897435898, ""feed_stale"": false, ""float_is_shares_outstanding"": false, ""float_shares"": 480000.0, ""float_verified"": true, ""halted"": false, ""in_session_window"": true, ""is_fund_or_etf"": null, ""last"": 6.59, ""live_theme"": false, ""macd_positive_and_above_signal"": true, ""penny_theme"": false, ""premarket_volume"": null, ""prev_close"": null, ""rvol"": 26.921079309835783, ""session_high"": 11.24, ""session_volume"": 14707660.0, ""split_ratio_clean_integer"": null, ""symbol"": ""IPDN"", ""tick_size"": null}",6.61,6.41,7.01,0.2,2.0,2,0,SUPPRESSED,,,2026-09-23T14:47:41+00:00,483c06594e65,97bc2f2,2026-09-23T10:26:00-04:00,,,6.61,0.4,-7.55,1,0,stop,1,2026-09-23T14:26:00Z,6.69,5.34,5.29
bfa9a94d83a73382,2026-09-23T10:28:00-04:00,regular,WHLR,pullback,ibkr-GRML-MSS-DCOY,IBKR · TWS read-only · live,live,1m,7.35,7.29,7.35,8.71,51651915.0,1684.4009068195976,293.04812834224595,550000.0,verified,finviz via premarket_stars.py,0,0,WAIT,,1,"[{""id"": ""price"", ""kills"": true, ""reason"": ""$7.35 is outside $2.00\u201320.00."", ""state"": ""PASS"", ""value"": ""$7.35  band $2.00\u201320.00""}, {""id"": ""float"", ""kills"": false, ""reason"": """", ""state"": ""PASS"", ""value"": ""0.6M (verified)""}, {""id"": ""catalyst"", ""kills"": false, ""reason"": ""No catalyst dated today and no live theme it belongs to."", ""state"": ""FAIL"", ""value"": ""none""}, {""id"": ""pillars"", ""kills"": true, ""reason"": ""Only 4 of the Five Pillars pass (need 4); missing catalyst."", ""state"": ""PASS"", ""value"": ""4/5 \u2014 missing catalyst""}, {""id"": ""rising"", ""kills"": true, ""reason"": ""15.6% off the high \u2014 back side of the move."", ""state"": ""PASS"", ""value"": ""15.6% off 8.71""}, {""id"": ""split"", ""kills"": false, ""reason"": """", ""state"": ""PASS"", ""value"": ""gap is not arithmetic""}, {""id"": ""instrument"", ""kills"": false, ""reason"": """", ""state"": ""UNKNOWN"", ""value"": ""\u2014""}, {""id"": ""tick"", ""kills"": false, ""reason"": """", ""state"": ""UNKNOWN"", ""value"": ""\u2014""}, {""id"": ""buyout"", ""kills"": true, ""reason"": ""Acquisition announced \u2014 the price is pinned and volatility is gone."", ""state"": ""PASS"", ""value"": ""none""}, {""id"": ""vwap"", ""kills"": false, ""reason"": """", ""state"": ""PASS"", ""value"": ""yes""}, {""id"": ""ema9"", ""kills"": false, ""reason"": """", ""state"": ""FAIL"", ""value"": ""no""}, {""id"": ""macd"", ""kills"": false, ""reason"": """", ""state"": ""FAIL"", ""value"": ""no""}, {""id"": ""tape"", ""kills"": false, ""reason"": ""No tape and no book in this tool."", ""state"": ""MANUAL_CONFIRMATION_REQUIRED"", ""value"": ""your eyes""}]","[""No catalyst dated today and no live theme (A2: flagged, not killed; the read-out splits this cohort)."", ""Instrument type unknown \u2014 ADRs are fine, funds are not.""]","{""above_ema9"": false, ""above_vwap"": true, ""buyout_announced"": false, ""catalyst_source_ok"": true, ""catalyst_today"": false, ""catalyst_verdict"": ""NONE"", ""change_pct"": 293.04812834224595, ""feed_stale"": false, ""float_is_shares_outstanding"": false, ""float_shares"": 550000.0, ""float_verified"": true, ""halted"": false, ""in_session_window"": true, ""is_fund_or_etf"": null, ""last"": 7.35, ""live_theme"": false, ""macd_positive_and_above_signal"": false, ""penny_theme"": false, ""premarket_volume"": null, ""prev_close"": null, ""rvol"": 1684.4009068195976, ""session_high"": 8.71, ""session_volume"": 51651915.0, ""split_ratio_clean_integer"": null, ""symbol"": ""WHLR"", ""tick_size"": null}",7.41,6.99,8.25,0.42,2.0,2,1,REFUSED,"[""one position at a time (preregistration \u00a72): 1 order(s) alive or unresolved"", ""Layer 2 not green: verdict WAIT \u2014 chart gates must all be true at entry""]",2026-09-23T14:28:16+00:00,2026-09-23T14:28:13+00:00,be76eab7370f,81fedd3,2026-09-23T10:29:00-04:00,"{""bar_end"": ""2026-09-23T10:29:00-04:00"", ""bar_to_published_s"": -47, ""published"": ""2026-09-23T14:28:13+00:00"", ""published_to_seen_s"": 4, ""quote_ts"": ""2026-09-23T14:28:15+00:00"", ""runner_seen"": ""2026-09-23T14:28:16+00:00""}",,7.41,1.1429,-4.3571,1,0,stop,1,2026-09-23T14:47:00Z,7.89,6.975,5.6921
ce5a81288b2a9bf2,2026-09-23T10:31:00-04:00,regular,DCOY,pullback,ibkr-GRML-MSS-DCOY,IBKR · TWS read-only · live,live,1m,3.83,3.84,3.85,5.22,18453419.0,2652.877947096032,23.54838709677418,570000.0,verified,finviz via premarket_stars.py,0,0,REJECT,rising,0,"[{""id"": ""price"", ""kills"": true, ""reason"": ""$3.83 is outside $2.00\u201320.00."", ""state"": ""PASS"", ""value"": ""$3.83  band $2.00\u201320.00""}, {""id"": ""float"", ""kills"": false, ""reason"": """", ""state"": ""PASS"", ""value"": ""0.6M (verified)""}, {""id"": ""catalyst"", ""kills"": false, ""reason"": ""No catalyst dated today and no live theme it belongs to."", ""state"": ""FAIL"", ""value"": ""none""}, {""id"": ""pillars"", ""kills"": true, ""reason"": ""Only 4 of the Five Pillars pass (need 4); missing catalyst."", ""state"": ""PASS"", ""value"": ""4/5 \u2014 missing catalyst""}, {""id"": ""rising"", ""kills"": true, ""reason"": ""26.6% off the high \u2014 back side of the move."", ""state"": ""FAIL"", ""value"": ""26.6% off 5.22""}, {""id"": ""split"", ""kills"": false, ""reason"": ""cascade already stopped"", ""state"": ""NOT_APPLICABLE"", ""value"": ""\u2014""}, {""id"": ""instrument"", ""kills"": false, ""reason"": ""cascade already stopped"", ""state"": ""NOT_APPLICABLE"", ""value"": ""\u2014""}, {""id"": ""tick"", ""kills"": false, ""reason"": ""cascade already stopped"", ""state"": ""NOT_APPLICABLE"", ""value"": ""\u2014""}, {""id"": ""buyout"", ""kills"": false, ""reason"": ""cascade already stopped"", ""state"": ""NOT_APPLICABLE"", ""value"": ""\u2014""}]","[""No catalyst dated today and no live theme (A2: flagged, not killed; the read-out splits this cohort).""]","{""above_ema9"": false, ""above_vwap"": false, ""buyout_announced"": false, ""catalyst_source_ok"": true, ""catalyst_today"": false, ""catalyst_verdict"": ""NONE"", ""change_pct"": 23.54838709677418, ""feed_stale"": false, ""float_is_shares_outstanding"": false, ""float_shares"": 570000.0, ""float_verified"": true, ""halted"": false, ""in_session_window"": true, ""is_fund_or_etf"": null, ""last"": 3.83, ""live_theme"": false, ""macd_positive_and_above_signal"": true, ""penny_theme"": false, ""premarket_volume"": null, ""prev_close"": null, ""rvol"": 2652.877947096032, ""session_high"": 5.22, ""session_volume"": 18453419.0, ""split_ratio_clean_integer"": null, ""symbol"": ""DCOY"", ""tick_size"": null}",3.85,3.79,3.97,0.06,2.0,2,1,SUPPRESSED,,,2026-09-23T14:31:13+00:00,be76eab7370f,81fedd3,2026-09-23T10:32:00-04:00,,,3.85,4.3333,-0.3333,0,1,target,1,2026-09-23T14:32:00Z,4.11,3.85,4.07
282f66f971d3b858,2026-09-23T10:33:00-04:00,regular,LXEH,pullback,ibkr-GRML-MSS-DCOY,IBKR · TWS read-only · live,live,1m,1.49,1.47,1.49,3.39,18582815.0,2302.9743278328924,8.75912408759123,116667000.0,shares_outstanding_proxy,SEC shares outstanding (upper bound),0,0,REJECT,price,0,"[{""id"": ""price"", ""kills"": true, ""reason"": ""$1.49 is outside $2.00\u201320.00."", ""state"": ""FAIL"", ""value"": ""$1.49  band $2.00\u201320.00""}, {""id"": ""float"", ""kills"": false, ""reason"": ""cascade already stopped"", ""state"": ""NOT_APPLICABLE"", ""value"": ""\u2014""}, {""id"": ""catalyst"", ""kills"": false, ""reason"": ""cascade already stopped"", ""state"": ""NOT_APPLICABLE"", ""value"": ""\u2014""}, {""id"": ""pillars"", ""kills"": false, ""reason"": ""cascade already stopped"", ""state"": ""NOT_APPLICABLE"", ""value"": ""\u2014""}, {""id"": ""rising"", ""kills"": false, ""reason"": ""cascade already stopped"", ""state"": ""NOT_APPLICABLE"", ""value"": ""\u2014""}, {""id"": ""split"", ""kills"": false, ""reason"": ""cascade already stopped"", ""state"": ""NOT_APPLICABLE"", ""value"": ""\u2014""}, {""id"": ""instrument"", ""kills"": false, ""reason"": ""cascade already stopped"", ""state"": ""NOT_APPLICABLE"", ""value"": ""\u2014""}, {""id"": ""tick"", ""kills"": false, ""reason"": ""cascade already stopped"", ""state"": ""NOT_APPLICABLE"", ""value"": ""\u2014""}, {""id"": ""buyout"", ""kills"": false, ""reason"": ""cascade already stopped"", ""state"": ""NOT_APPLICABLE"", ""value"": ""\u2014""}]",[],"{""above_ema9"": true, ""above_vwap"": false, ""buyout_announced"": false, ""catalyst_source_ok"": true, ""catalyst_today"": false, ""catalyst_verdict"": ""NONE"", ""change_pct"": 8.75912408759123, ""feed_stale"": false, ""float_is_shares_outstanding"": true, ""float_shares"": 116667000, ""float_verified"": false, ""halted"": false, ""in_session_window"": true, ""is_fund_or_etf"": null, ""last"": 1.49, ""live_theme"": false, ""macd_positive_and_above_signal"": true, ""penny_theme"": false, ""premarket_volume"": null, ""prev_close"": null, ""rvol"": 2302.9743278328924, ""session_high"": 3.39, ""session_volume"": 18582815.0, ""split_ratio_clean_integer"": null, ""symbol"": ""LXEH"", ""tick_size"": null}",1.49,1.46,1.55,0.03,2.0,1,1,SUPPRESSED,,,2026-09-23T14:33:52+00:00,be76eab7370f,81fedd3,2026-09-23T10:34:00-04:00,,,1.49,0.6667,-0.9967,0,0,neither,1,2026-09-23T14:35:00Z,1.51,1.46,1.48
ab8e107cee73c19e,2026-09-23T10:34:00-04:00,regular,HAO,pullback,ibkr-GRML-MSS-DCOY,IBKR · TWS read-only · live,live,1m,3.11,3.04,3.11,4.0,800392.0,132.64700033145508,9.122807017543844,600000.0,verified,finviz via premarket_stars.py,0,0,REJECT,pillars,0,"[{""id"": ""price"", ""kills"": true, ""reason"": ""$3.11 is outside $2.00\u201320.00."", ""state"": ""PASS"", ""value"": ""$3.11  band $2.00\u201320.00""}, {""id"": ""float"", ""kills"": false, ""reason"": """", ""state"": ""PASS"", ""value"": ""0.6M (verified)""}, {""id"": ""catalyst"", ""kills"": false, ""reason"": ""No catalyst dated today and no live theme it belongs to."", ""state"": ""FAIL"", ""value"": ""none""}, {""id"": ""pillars"", ""kills"": true, ""reason"": ""Only 3 of the Five Pillars pass (need 4); missing gain, catalyst."", ""state"": ""FAIL"", ""value"": ""3/5 \u2014 missing gain, catalyst""}, {""id"": ""rising"", ""kills"": false, ""reason"": ""cascade already stopped"", ""state"": ""NOT_APPLICABLE"", ""value"": ""\u2014""}, {""id"": ""split"", ""kills"": false, ""reason"": ""cascade already stopped"", ""state"": ""NOT_APPLICABLE"", ""value"": ""\u2014""}, {""id"": ""instrument"", ""kills"": false, ""reason"": ""cascade already stopped"", ""state"": ""NOT_APPLICABLE"", ""value"": ""\u2014""}, {""id"": ""tick"", ""kills"": false, ""reason"": ""cascade already stopped"", ""state"": ""NOT_APPLICABLE"", ""value"": ""\u2014""}, {""id"": ""buyout"", ""kills"": false, ""reason"": ""cascade already stopped"", ""state"": ""NOT_APPLICABLE"", ""value"": ""\u2014""}]","[""No catalyst dated today and no live theme (A2: flagged, not killed; the read-out splits this cohort).""]","{""above_ema9"": true, ""above_vwap"": true, ""buyout_announced"": false, ""catalyst_source_ok"": true, ""catalyst_today"": false, ""catalyst_verdict"": ""NONE"", ""change_pct"": 9.122807017543844, ""feed_stale"": false, ""float_is_shares_outstanding"": false, ""float_shares"": 600000.0, ""float_verified"": true, ""halted"": false, ""in_session_window"": true, ""is_fund_or_etf"": null, ""last"": 3.11, ""live_theme"": false, ""macd_positive_and_above_signal"": true, ""penny_theme"": false, ""premarket_volume"": null, ""prev_close"": null, ""rvol"": 132.64700033145508, ""session_high"": 4.0, ""session_volume"": 800392.0, ""split_ratio_clean_integer"": null, ""symbol"": ""HAO"", ""tick_size"": null}",3.08,3.06,3.12,0.02,2.0,2,1,SUPPRESSED,,,2026-09-23T14:34:32+00:00,be76eab7370f,81fedd3,2026-09-23T10:35:00-04:00,,,3.08,9.5,-11.5,1,1,target,1,2026-09-23T14:35:00Z,3.27,3.08,2.93
b7e9c72832f91ab5,2026-09-23T10:34:00-04:00,regular,HAO,pullback,ibkr-GRML-BENF-DCOY,IBKR · TWS read-only · live,live-backfill,1m,3.11,,,4.0,800229.0,20.466842972162826,9.122807017543844,600000.0,verified,finviz via premarket_stars.py,0,0,REJECT,pillars,0,"[{""id"": ""price"", ""kills"": true, ""reason"": ""$3.11 is outside $2.00\u201320.00."", ""state"": ""PASS"", ""value"": ""$3.11  band $2.00\u201320.00""}, {""id"": ""float"", ""kills"": false, ""reason"": """", ""state"": ""PASS"", ""value"": ""0.6M (verified)""}, {""id"": ""catalyst"", ""kills"": false, ""reason"": ""No catalyst dated today and no live theme it belongs to."", ""state"": ""FAIL"", ""value"": ""none""}, {""id"": ""pillars"", ""kills"": true, ""reason"": ""Only 3 of the Five Pillars pass (need 4); missing gain, catalyst."", ""state"": ""FAIL"", ""value"": ""3/5 \u2014 missing gain, catalyst""}, {""id"": ""rising"", ""kills"": false, ""reason"": ""cascade already stopped"", ""state"": ""NOT_APPLICABLE"", ""value"": ""\u2014""}, {""id"": ""split"", ""kills"": false, ""reason"": ""cascade already stopped"", ""state"": ""NOT_APPLICABLE"", ""value"": ""\u2014""}, {""id"": ""instrument"", ""kills"": false, ""reason"": ""cascade already stopped"", ""state"": ""NOT_APPLICABLE"", ""value"": ""\u2014""}, {""id"": ""tick"", ""kills"": false, ""reason"": ""cascade already stopped"", ""state"": ""NOT_APPLICABLE"", ""value"": ""\u2014""}, {""id"": ""buyout"", ""kills"": false, ""reason"": ""cascade already stopped"", ""state"": ""NOT_APPLICABLE"", ""value"": ""\u2014""}]","[""No catalyst dated today and no live theme (A2: flagged, not killed; the read-out splits this cohort).""]","{""above_ema9"": true, ""above_vwap"": true, ""buyout_announced"": false, ""catalyst_source_ok"": true, ""catalyst_today"": false, ""catalyst_verdict"": ""NONE"", ""change_pct"": 9.122807017543844, ""feed_stale"": false, ""float_is_shares_outstanding"": false, ""float_shares"": 600000.0, ""float_verified"": true, ""halted"": false, ""in_session_window"": true, ""is_fund_or_etf"": null, ""last"": 3.11, ""live_theme"": false, ""macd_positive_and_above_signal"": true, ""penny_theme"": false, ""premarket_volume"": null, ""prev_close"": null, ""rvol"": 20.466842972162826, ""session_high"": 4.0, ""session_volume"": 800229.0, ""split_ratio_clean_integer"": null, ""symbol"": ""HAO"", ""tick_size"": null}",3.09,3.06,3.15,0.03,2.0,2,1,SUPPRESSED,,,2026-09-23T14:46:48+00:00,483c06594e65,97bc2f2,2026-09-23T10:35:00-04:00,,,3.09,6.0,-8.0,1,1,target,1,2026-09-23T14:35:00Z,3.27,3.08,2.93
acc511a0285cc5de,2026-09-23T10:38:00-04:00,regular,BENF,pullback,ibkr-GRML-MSS-DCOY,IBKR · TWS read-only · live,live,1m,1.8747,1.87,1.9,3.03,175070689.0,106.48511635036124,248.26305034367456,2270000.0,verified,finviz via premarket_stars.py,0,0,REJECT,price,0,"[{""id"": ""price"", ""kills"": true, ""reason"": ""$1.87 is outside $2.00\u201320.00."", ""state"": ""FAIL"", ""value"": ""$1.87  band $2.00\u201320.00""}, {""id"": ""float"", ""kills"": false, ""reason"": ""cascade already stopped"", ""state"": ""NOT_APPLICABLE"", ""value"": ""\u2014""}, {""id"": ""catalyst"", ""kills"": false, ""reason"": ""cascade already stopped"", ""state"": ""NOT_APPLICABLE"", ""value"": ""\u2014""}, {""id"": ""pillars"", ""kills"": false, ""reason"": ""cascade already stopped"", ""state"": ""NOT_APPLICABLE"", ""value"": ""\u2014""}, {""id"": ""rising"", ""kills"": false, ""reason"": ""cascade already stopped"", ""state"": ""NOT_APPLICABLE"", ""value"": ""\u2014""}, {""id"": ""split"", ""kills"": false, ""reason"": ""cascade already stopped"", ""state"": ""NOT_APPLICABLE"", ""value"": ""\u2014""}, {""id"": ""instrument"", ""kills"": false, ""reason"": ""cascade already stopped"", ""state"": ""NOT_APPLICABLE"", ""value"": ""\u2014""}, {""id"": ""tick"", ""kills"": false, ""reason"": ""cascade already stopped"", ""state"": ""NOT_APPLICABLE"", ""value"": ""\u2014""}, {""id"": ""buyout"", ""kills"": false, ""reason"": ""cascade already stopped"", ""state"": ""NOT_APPLICABLE"", ""value"": ""\u2014""}]",[],"{""above_ema9"": true, ""above_vwap"": true, ""buyout_announced"": false, ""catalyst_source_ok"": true, ""catalyst_today"": false, ""catalyst_verdict"": ""NONE"", ""change_pct"": 248.26305034367456, ""feed_stale"": false, ""float_is_shares_outstanding"": false, ""float_shares"": 2270000.0, ""float_verified"": true, ""halted"": false, ""in_session_window"": true, ""is_fund_or_etf"": null, ""last"": 1.8747, ""live_theme"": false, ""macd_positive_and_above_signal"": true, ""penny_theme"": false, ""premarket_volume"": null, ""prev_close"": null, ""rvol"": 106.48511635036124, ""session_high"": 3.03, ""session_volume"": 175070689.0, ""split_ratio_clean_integer"": null, ""symbol"": ""BENF"", ""tick_size"": null}",1.89,1.79,2.09,0.1,2.0,1,0,SUPPRESSED,,,2026-09-23T14:38:11+00:00,be76eab7370f,81fedd3,2026-09-23T10:39:00-04:00,,,1.89,4.6,-4.2,1,1,stop,1,2026-09-23T14:40:00Z,2.05,1.47,2.35
e1b5c30746f9a212,2026-09-23T10:41:00-04:00,regular,MSS,pullback,ibkr-GRML-MSS-DCOY,IBKR · TWS read-only · live,live,1m,1.905,1.91,1.92,3.17,41962485.0,1860.2866072616039,22.115384615384603,520000.0,verified,finviz via premarket_stars.py,0,0,REJECT,price,0,"[{""id"": ""price"", ""kills"": true, ""reason"": ""$1.91 is outside $2.00\u201320.00."", ""state"": ""FAIL"", ""value"": ""$1.91  band $2.00\u201320.00""}, {""id"": ""float"", ""kills"": false, ""reason"": ""cascade already stopped"", ""state"": ""NOT_APPLICABLE"", ""value"": ""\u2014""}, {""id"": ""catalyst"", ""kills"": false, ""reason"": ""cascade already stopped"", ""state"": ""NOT_APPLICABLE"", ""value"": ""\u2014""}, {""id"": ""pillars"", ""kills"": false, ""reason"": ""cascade already stopped"", ""state"": ""NOT_APPLICABLE"", ""value"": ""\u2014""}, {""id"": ""rising"", ""kills"": false, ""reason"": ""cascade already stopped"", ""state"": ""NOT_APPLICABLE"", ""value"": ""\u2014""}, {""id"": ""split"", ""kills"": false, ""reason"": ""cascade already stopped"", ""state"": ""NOT_APPLICABLE"", ""value"": ""\u2014""}, {""id"": ""instrument"", ""kills"": false, ""reason"": ""cascade already stopped"", ""state"": ""NOT_APPLICABLE"", ""value"": ""\u2014""}, {""id"": ""tick"", ""kills"": false, ""reason"": ""cascade already stopped"", ""state"": ""NOT_APPLICABLE"", ""value"": ""\u2014""}, {""id"": ""buyout"", ""kills"": false, ""reason"": ""cascade already stopped"", ""state"": ""NOT_APPLICABLE"", ""value"": ""\u2014""}]",[],"{""above_ema9"": false, ""above_vwap"": false, ""buyout_announced"": false, ""catalyst_source_ok"": true, ""catalyst_today"": false, ""catalyst_verdict"": ""NONE"", ""change_pct"": 22.115384615384603, ""feed_stale"": false, ""float_is_shares_outstanding"": false, ""float_shares"": 520000.0, ""float_verified"": true, ""halted"": false, ""in_session_window"": true, ""is_fund_or_etf"": null, ""last"": 1.905, ""live_theme"": false, ""macd_positive_and_above_signal"": true, ""penny_theme"": false, ""premarket_volume"": null, ""prev_close"": null, ""rvol"": 1860.2866072616039, ""session_high"": 3.17, ""session_volume"": 41962485.0, ""split_ratio_clean_integer"": null, ""symbol"": ""MSS"", ""tick_size"": null}",1.95,1.9,2.05,0.05,2.0,1,1,SUPPRESSED,,,2026-09-23T14:41:43+00:00,be76eab7370f,81fedd3,2026-09-23T10:42:00-04:00,,,1.95,0.702,-0.6,0,0,neither,1,2026-09-23T14:42:00Z,1.9851,1.92,1.9599
f6033c17ef1207ba,2026-09-23T10:41:00-04:00,regular,HCTI,pullback,ibkr-GRML-BENF-DCOY,IBKR · TWS read-only · live,live-backfill,1m,1.34,,,3.15,29895420.0,164.85720572202803,54.96704059211288,14850000.0,verified,finviz via premarket_stars.py,0,0,REJECT,price,0,"[{""id"": ""price"", ""kills"": true, ""reason"": ""$1.34 is outside $2.00\u201320.00."", ""state"": ""FAIL"", ""value"": ""$1.34  band $2.00\u201320.00""}, {""id"": ""float"", ""kills"": false, ""reason"": ""cascade already stopped"", ""state"": ""NOT_APPLICABLE"", ""value"": ""\u2014""}, {""id"": ""catalyst"", ""kills"": false, ""reason"": ""cascade already stopped"", ""state"": ""NOT_APPLICABLE"", ""value"": ""\u2014""}, {""id"": ""pillars"", ""kills"": false, ""reason"": ""cascade already stopped"", ""state"": ""NOT_APPLICABLE"", ""value"": ""\u2014""}, {""id"": ""rising"", ""kills"": false, ""reason"": ""cascade already stopped"", ""state"": ""NOT_APPLICABLE"", ""value"": ""\u2014""}, {""id"": ""split"", ""kills"": false, ""reason"": ""cascade already stopped"", ""state"": ""NOT_APPLICABLE"", ""value"": ""\u2014""}, {""id"": ""instrument"", ""kills"": false, ""reason"": ""cascade already stopped"", ""state"": ""NOT_APPLICABLE"", ""value"": ""\u2014""}, {""id"": ""tick"", ""kills"": false, ""reason"": ""cascade already stopped"", ""state"": ""NOT_APPLICABLE"", ""value"": ""\u2014""}, {""id"": ""buyout"", ""kills"": false, ""reason"": ""cascade already stopped"", ""state"": ""NOT_APPLICABLE"", ""value"": ""\u2014""}]",[],"{""above_ema9"": true, ""above_vwap"": false, ""buyout_announced"": false, ""catalyst_source_ok"": true, ""catalyst_today"": false, ""catalyst_verdict"": ""NONE"", ""change_pct"": 54.96704059211288, ""feed_stale"": false, ""float_is_shares_outstanding"": false, ""float_shares"": 14850000.0, ""float_verified"": true, ""halted"": false, ""in_session_window"": true, ""is_fund_or_etf"": null, ""last"": 1.34, ""live_theme"": false, ""macd_positive_and_above_signal"": true, ""penny_theme"": false, ""premarket_volume"": null, ""prev_close"": null, ""rvol"": 164.85720572202803, ""session_high"": 3.15, ""session_volume"": 29895420.0, ""split_ratio_clean_integer"": null, ""symbol"": ""HCTI"", ""tick_size"": null}",1.37,1.2001,1.7098,0.1699,2.0,3,1,SUPPRESSED,,,2026-09-23T14:47:41+00:00,483c06594e65,97bc2f2,2026-09-23T10:42:00-04:00,,,1.37,0.1177,-1.5303,1,0,stop,1,2026-09-23T14:42:00Z,1.39,1.11,1.195
c2005b050eceb125,2026-09-23T10:45:00-04:00,regular,IPDN,pullback,ibkr-GRML-MSS-DCOY,IBKR · TWS read-only · live,live,1m,5.83,5.8,5.84,11.24,15311105.0,200.62955287054933,49.48717948717949,480000.0,verified,finviz via premarket_stars.py,0,0,REJECT,rising,0,"[{""id"": ""price"", ""kills"": true, ""reason"": ""$5.83 is outside $2.00\u201320.00."", ""state"": ""PASS"", ""value"": ""$5.83  band $2.00\u201320.00""}, {""id"": ""float"", ""kills"": false, ""reason"": """", ""state"": ""PASS"", ""value"": ""0.5M (verified)""}, {""id"": ""catalyst"", ""kills"": false, ""reason"": ""No catalyst dated today and no live theme it belongs to."", ""state"": ""FAIL"", ""value"": ""none""}, {""id"": ""pillars"", ""kills"": true, ""reason"": ""Only 4 of the Five Pillars pass (need 4); missing catalyst."", ""state"": ""PASS"", ""value"": ""4/5 \u2014 missing catalyst""}, {""id"": ""rising"", ""kills"": true, ""reason"": ""48.1% off the high \u2014 back side of the move."", ""state"": ""FAIL"", ""value"": ""48.1% off 11.24""}, {""id"": ""split"", ""kills"": false, ""reason"": ""cascade already stopped"", ""state"": ""NOT_APPLICABLE"", ""value"": ""\u2014""}, {""id"": ""instrument"", ""kills"": false, ""reason"": ""cascade already stopped"", ""state"": ""NOT_APPLICABLE"", ""value"": ""\u2014""}, {""id"": ""tick"", ""kills"": false, ""reason"": ""cascade already stopped"", ""state"": ""NOT_APPLICABLE"", ""value"": ""\u2014""}, {""id"": ""buyout"", ""kills"": false, ""reason"": ""cascade already stopped"", ""state"": ""NOT_APPLICABLE"", ""value"": ""\u2014""}]","[""No catalyst dated today and no live theme (A2: flagged, not killed; the read-out splits this cohort).""]","{""above_ema9"": false, ""above_vwap"": false, ""buyout_announced"": false, ""catalyst_source_ok"": true, ""catalyst_today"": false, ""catalyst_verdict"": ""NONE"", ""change_pct"": 49.48717948717949, ""feed_stale"": false, ""float_is_shares_outstanding"": false, ""float_shares"": 480000.0, ""float_verified"": true, ""halted"": false, ""in_session_window"": true, ""is_fund_or_etf"": null, ""last"": 5.83, ""live_theme"": false, ""macd_positive_and_above_signal"": false, ""penny_theme"": false, ""premarket_volume"": null, ""prev_close"": null, ""rvol"": 200.62955287054933, ""session_high"": 11.24, ""session_volume"": 15311105.0, ""split_ratio_clean_integer"": null, ""symbol"": ""IPDN"", ""tick_size"": null}",5.84,5.75,6.02,0.09,2.0,1,1,SUPPRESSED,,,2026-09-23T14:45:44+00:00,be76eab7370f,81fedd3,2026-09-23T10:46:00-04:00,,,5.84,,,0,0,untriggered,0,,5.82,5.16,5.29
0f914319ef3970aa,2026-09-23T10:46:00-04:00,regular,WHLR,pullback,ibkr-GRML-MSS-DCOY,IBKR · TWS read-only · live,live,1m,7.205,7.2,7.24,8.71,53447932.0,1546.8779704500569,285.2941176470588,550000.0,verified,finviz via premarket_stars.py,0,0,REVIEW,,1,"[{""id"": ""price"", ""kills"": true, ""reason"": ""$7.21 is outside $2.00\u201320.00."", ""state"": ""PASS"", ""value"": ""$7.21  band $2.00\u201320.00""}, {""id"": ""float"", ""kills"": false, ""reason"": """", ""state"": ""PASS"", ""value"": ""0.6M (verified)""}, {""id"": ""catalyst"", ""kills"": false, ""reason"": ""No catalyst dated today and no live theme it belongs to."", ""state"": ""FAIL"", ""value"": ""none""}, {""id"": ""pillars"", ""kills"": true, ""reason"": ""Only 4 of the Five Pillars pass (need 4); missing catalyst."", ""state"": ""PASS"", ""value"": ""4/5 \u2014 missing catalyst""}, {""id"": ""rising"", ""kills"": true, ""reason"": ""17.3% off the high \u2014 back side of the move."", ""state"": ""PASS"", ""value"": ""17.3% off 8.71""}, {""id"": ""split"", ""kills"": false, ""reason"": """", ""state"": ""PASS"", ""value"": ""gap is not arithmetic""}, {""id"": ""instrument"", ""kills"": false, ""reason"": """", ""state"": ""UNKNOWN"", ""value"": ""\u2014""}, {""id"": ""tick"", ""kills"": false, ""reason"": """", ""state"": ""UNKNOWN"", ""value"": ""\u2014""}, {""id"": ""buyout"", ""kills"": true, ""reason"": ""Acquisition announced \u2014 the price is pinned and volatility is gone."", ""state"": ""PASS"", ""value"": ""none""}, {""id"": ""vwap"", ""kills"": false, ""reason"": """", ""state"": ""PASS"", ""value"": ""yes""}, {""id"": ""ema9"", ""kills"": false, ""reason"": """", ""state"": ""PASS"", ""value"": ""yes""}, {""id"": ""macd"", ""kills"": false, ""reason"": """", ""state"": ""PASS"", ""value"": ""yes""}, {""id"": ""tape"", ""kills"": false, ""reason"": ""No tape and no book in this tool."", ""state"": ""MANUAL_CONFIRMATION_REQUIRED"", ""value"": ""your eyes""}]","[""No catalyst dated today and no live theme (A2: flagged, not killed; the read-out splits this cohort)."", ""Instrument type unknown \u2014 ADRs are fine, funds are not.""]","{""above_ema9"": true, ""above_vwap"": true, ""buyout_announced"": false, ""catalyst_source_ok"": true, ""catalyst_today"": false, ""catalyst_verdict"": ""NONE"", ""change_pct"": 285.2941176470588, ""feed_stale"": false, ""float_is_shares_outstanding"": false, ""float_shares"": 550000.0, ""float_verified"": true, ""halted"": false, ""in_session_window"": true, ""is_fund_or_etf"": null, ""last"": 7.205, ""live_theme"": false, ""macd_positive_and_above_signal"": true, ""penny_theme"": false, ""premarket_volume"": null, ""prev_close"": null, ""rvol"": 1546.8779704500569, ""session_high"": 8.71, ""session_volume"": 53447932.0, ""split_ratio_clean_integer"": null, ""symbol"": ""WHLR"", ""tick_size"": null}",7.18,7.0,7.54,0.18,2.0,4,0,REFUSED,"[""one position at a time (preregistration \u00a72): 1 order(s) alive or unresolved"", ""Layer 2 not green: pullback volume was not lighter than the impulse""]",2026-09-23T14:46:17+00:00,2026-09-23T14:46:12+00:00,be76eab7370f,81fedd3,2026-09-23T10:47:00-04:00,"{""bar_end"": ""2026-09-23T10:47:00-04:00"", ""bar_to_published_s"": -48, ""published"": ""2026-09-23T14:46:12+00:00"", ""published_to_seen_s"": 5, ""quote_ts"": ""2026-09-23T14:46:14+00:00"", ""runner_seen"": ""2026-09-23T14:46:17+00:00""}",,7.18,3.9444,-8.8889,1,1,target,1,2026-09-23T14:47:00Z,7.89,6.22,5.6921
b4a070ff4528f5b1,2026-09-23T10:47:00-04:00,regular,GRML,pullback,ibkr-GRML-BENF-DCOY,IBKR · TWS read-only · live,live,1m,12.91,12.85,12.86,21.9,23684441.0,234.4645943671732,-8.763250883392226,2870000.0,verified,finviz via premarket_stars.py,1,0,REJECT,rising,0,"[{""id"": ""price"", ""kills"": true, ""reason"": ""$12.91 is outside $2.00\u201320.00."", ""state"": ""PASS"", ""value"": ""$12.91  band $2.00\u201320.00""}, {""id"": ""float"", ""kills"": false, ""reason"": """", ""state"": ""PASS"", ""value"": ""2.9M (verified)""}, {""id"": ""catalyst"", ""kills"": false, ""reason"": """", ""state"": ""PASS"", ""value"": ""news today \u00b7 NONE""}, {""id"": ""pillars"", ""kills"": true, ""reason"": ""Only 4 of the Five Pillars pass (need 4); missing gain."", ""state"": ""PASS"", ""value"": ""4/5 \u2014 missing gain""}, {""id"": ""rising"", ""kills"": true, ""reason"": ""41.1% off the high \u2014 back side of the move."", ""state"": ""FAIL"", ""value"": ""41.1% off 21.90""}, {""id"": ""split"", ""kills"": false, ""reason"": ""cascade already stopped"", ""state"": ""NOT_APPLICABLE"", ""value"": ""\u2014""}, {""id"": ""instrument"", ""kills"": false, ""reason"": ""cascade already stopped"", ""state"": ""NOT_APPLICABLE"", ""value"": ""\u2014""}, {""id"": ""tick"", ""kills"": false, ""reason"": ""cascade already stopped"", ""state"": ""NOT_APPLICABLE"", ""value"": ""\u2014""}, {""id"": ""buyout"", ""kills"": false, ""reason"": ""cascade already stopped"", ""state"": ""NOT_APPLICABLE"", ""value"": ""\u2014""}]",[],"{""above_ema9"": true, ""above_vwap"": false, ""buyout_announced"": false, ""catalyst_source_ok"": true, ""catalyst_today"": true, ""catalyst_verdict"": ""NONE"", ""change_pct"": -8.763250883392226, ""feed_stale"": false, ""float_is_shares_outstanding"": false, ""float_shares"": 2870000.0, ""float_verified"": true, ""halted"": false, ""in_session_window"": true, ""is_fund_or_etf"": null, ""last"": 12.91, ""live_theme"": false, ""macd_positive_and_above_signal"": true, ""penny_theme"": false, ""premarket_volume"": null, ""prev_close"": null, ""rvol"": 234.4645943671732, ""session_high"": 21.9, ""session_volume"": 23684441.0, ""split_ratio_clean_integer"": null, ""symbol"": ""GRML"", ""tick_size"": null}",12.87,12.51,13.59,0.36,2.0,1,1,SUPPRESSED,,,2026-09-23T14:47:41+00:00,483c06594e65,97bc2f2,2026-09-23T10:48:00-04:00,,,12.87,,,0,0,untriggered,0,,12.8,11.25,11.97
228f7df814a98a17,2026-09-23T10:47:00-04:00,regular,DCOY,pullback,ibkr-GRML-BENF-DCOY,IBKR · TWS read-only · live,live,1m,3.98,3.97,4.0,5.22,18836486.0,6.947010935359023,28.387096774193555,570000.0,verified,finviz via premarket_stars.py,0,0,WAIT,,1,"[{""id"": ""price"", ""kills"": true, ""reason"": ""$3.98 is outside $2.00\u201320.00."", ""state"": ""PASS"", ""value"": ""$3.98  band $2.00\u201320.00""}, {""id"": ""float"", ""kills"": false, ""reason"": """", ""state"": ""PASS"", ""value"": ""0.6M (verified)""}, {""id"": ""catalyst"", ""kills"": false, ""reason"": ""No catalyst dated today and no live theme it belongs to."", ""state"": ""FAIL"", ""value"": ""none""}, {""id"": ""pillars"", ""kills"": true, ""reason"": ""Only 4 of the Five Pillars pass (need 4); missing catalyst."", ""state"": ""PASS"", ""value"": ""4/5 \u2014 missing catalyst""}, {""id"": ""rising"", ""kills"": true, ""reason"": ""23.8% off the high \u2014 back side of the move."", ""state"": ""PASS"", ""value"": ""23.8% off 5.22""}, {""id"": ""split"", ""kills"": false, ""reason"": """", ""state"": ""PASS"", ""value"": ""gap is not arithmetic""}, {""id"": ""instrument"", ""kills"": false, ""reason"": """", ""state"": ""UNKNOWN"", ""value"": ""\u2014""}, {""id"": ""tick"", ""kills"": false, ""reason"": """", ""state"": ""UNKNOWN"", ""value"": ""\u2014""}, {""id"": ""buyout"", ""kills"": true, ""reason"": ""Acquisition announced \u2014 the price is pinned and volatility is gone."", ""state"": ""PASS"", ""value"": ""none""}, {""id"": ""vwap"", ""kills"": false, ""reason"": """", ""state"": ""FAIL"", ""value"": ""no""}, {""id"": ""ema9"", ""kills"": false, ""reason"": """", ""state"": ""PASS"", ""value"": ""yes""}, {""id"": ""macd"", ""kills"": false, ""reason"": """", ""state"": ""PASS"", ""value"": ""yes""}, {""id"": ""tape"", ""kills"": false, ""reason"": ""No tape and no book in this tool."", ""state"": ""MANUAL_CONFIRMATION_REQUIRED"", ""value"": ""your eyes""}]","[""No catalyst dated today and no live theme (A2: flagged, not killed; the read-out splits this cohort)."", ""Instrument type unknown \u2014 ADRs are fine, funds are not.""]","{""above_ema9"": true, ""above_vwap"": false, ""buyout_announced"": false, ""catalyst_source_ok"": true, ""catalyst_today"": false, ""catalyst_verdict"": ""NONE"", ""change_pct"": 28.387096774193555, ""feed_stale"": false, ""float_is_shares_outstanding"": false, ""float_shares"": 570000.0, ""float_verified"": true, ""halted"": false, ""in_session_window"": true, ""is_fund_or_etf"": null, ""last"": 3.98, ""live_theme"": false, ""macd_positive_and_above_signal"": true, ""penny_theme"": false, ""premarket_volume"": null, ""prev_close"": null, ""rvol"": 6.947010935359023, ""session_high"": 5.22, ""session_volume"": 18836486.0, ""split_ratio_clean_integer"": null, ""symbol"": ""DCOY"", ""tick_size"": null}",3.98,3.92,4.1,0.06,2.0,3,1,REFUSED,"[""Layer 2 not green: verdict WAIT \u2014 chart gates must all be true at entry""]",2026-09-23T14:47:45+00:00,2026-09-23T14:47:41+00:00,483c06594e65,97bc2f2,2026-09-23T10:48:00-04:00,"{""bar_end"": ""2026-09-23T10:48:00-04:00"", ""bar_to_published_s"": -19, ""published"": ""2026-09-23T14:47:41+00:00"", ""published_to_seen_s"": 5, ""quote_ts"": ""2026-09-23T14:47:44+00:00"", ""runner_seen"": ""2026-09-23T14:47:45+00:00""}",,3.98,2.1667,-2.5,1,1,stop,1,2026-09-23T14:48:00Z,4.11,3.85,4.07
f21dc31b412a42f1,2026-09-23T10:52:00-04:00,regular,HAO,pullback,ibkr-GRML-BENF-DCOY,IBKR · TWS read-only · live,live,1m,3.18,3.16,3.21,4.0,812689.0,134.68495193901225,11.578947368421044,600000.0,verified,finviz via premarket_stars.py,0,0,WAIT,,1,"[{""id"": ""price"", ""kills"": true, ""reason"": ""$3.18 is outside $2.00\u201320.00."", ""state"": ""PASS"", ""value"": ""$3.18  band $2.00\u201320.00""}, {""id"": ""float"", ""kills"": false, ""reason"": """", ""state"": ""PASS"", ""value"": ""0.6M (verified)""}, {""id"": ""catalyst"", ""kills"": false, ""reason"": ""No catalyst dated today and no live theme it belongs to."", ""state"": ""FAIL"", ""value"": ""none""}, {""id"": ""pillars"", ""kills"": true, ""reason"": ""Only 4 of the Five Pillars pass (need 4); missing catalyst."", ""state"": ""PASS"", ""value"": ""4/5 \u2014 missing catalyst""}, {""id"": ""rising"", ""kills"": true, ""reason"": ""20.5% off the high \u2014 back side of the move."", ""state"": ""PASS"", ""value"": ""20.5% off 4.00""}, {""id"": ""split"", ""kills"": false, ""reason"": """", ""state"": ""PASS"", ""value"": ""gap is not arithmetic""}, {""id"": ""instrument"", ""kills"": false, ""reason"": """", ""state"": ""UNKNOWN"", ""value"": ""\u2014""}, {""id"": ""tick"", ""kills"": false, ""reason"": """", ""state"": ""UNKNOWN"", ""value"": ""\u2014""}, {""id"": ""buyout"", ""kills"": true, ""reason"": ""Acquisition announced \u2014 the price is pinned and volatility is gone."", ""state"": ""PASS"", ""value"": ""none""}, {""id"": ""vwap"", ""kills"": false, ""reason"": """", ""state"": ""PASS"", ""value"": ""yes""}, {""id"": ""ema9"", ""kills"": false, ""reason"": """", ""state"": ""PASS"", ""value"": ""yes""}, {""id"": ""macd"", ""kills"": false, ""reason"": """", ""state"": ""FAIL"", ""value"": ""no""}, {""id"": ""tape"", ""kills"": false, ""reason"": ""No tape and no book in this tool."", ""state"": ""MANUAL_CONFIRMATION_REQUIRED"", ""value"": ""your eyes""}]","[""No catalyst dated today and no live theme (A2: flagged, not killed; the read-out splits this cohort)."", ""Instrument type unknown \u2014 ADRs are fine, funds are not."", ""Session volume 0.81M is under the 1M floor \u2014 the band he measured himself losing in.""]","{""above_ema9"": true, ""above_vwap"": true, ""buyout_announced"": false, ""catalyst_source_ok"": true, ""catalyst_today"": false, ""catalyst_verdict"": ""NONE"", ""change_pct"": 11.578947368421044, ""feed_stale"": false, ""float_is_shares_outstanding"": false, ""float_shares"": 600000.0, ""float_verified"": true, ""halted"": false, ""in_session_window"": true, ""is_fund_or_etf"": null, ""last"": 3.18, ""live_theme"": false, ""macd_positive_and_above_signal"": false, ""penny_theme"": false, ""premarket_volume"": null, ""prev_close"": null, ""rvol"": 134.68495193901225, ""session_high"": 4.0, ""session_volume"": 812689.0, ""split_ratio_clean_integer"": null, ""symbol"": ""HAO"", ""tick_size"": null}",3.15,3.13,3.19,0.02,2.0,2,1,REFUSED,"[""Layer 2 not green: verdict WAIT \u2014 chart gates must all be true at entry""]",2026-09-23T14:52:26+00:00,2026-09-23T14:52:21+00:00,483c06594e65,97bc2f2,2026-09-23T10:53:00-04:00,"{""bar_end"": ""2026-09-23T10:53:00-04:00"", ""bar_to_published_s"": -39, ""published"": ""2026-09-23T14:52:21+00:00"", ""published_to_seen_s"": 5, ""quote_ts"": ""2026-09-23T14:52:22+00:00"", ""runner_seen"": ""2026-09-23T14:52:26+00:00""}",,3.15,3.0,-15.0,1,1,target,1,2026-09-23T14:53:00Z,3.21,2.91,2.93
d263210ae5b44db0,2026-09-23T10:58:00-04:00,regular,DCOY,pullback,ibkr-GRML-BENF-DCOY,IBKR · TWS read-only · live,live,1m,3.99,3.98,4.0,5.22,19110089.0,2443.7453964194374,28.70967741935484,570000.0,verified,finviz via premarket_stars.py,0,0,WAIT,,1,"[{""id"": ""price"", ""kills"": true, ""reason"": ""$3.99 is outside $2.00\u201320.00."", ""state"": ""PASS"", ""value"": ""$3.99  band $2.00\u201320.00""}, {""id"": ""float"", ""kills"": false, ""reason"": """", ""state"": ""PASS"", ""value"": ""0.6M (verified)""}, {""id"": ""catalyst"", ""kills"": false, ""reason"": ""No catalyst dated today and no live theme it belongs to."", ""state"": ""FAIL"", ""value"": ""none""}, {""id"": ""pillars"", ""kills"": true, ""reason"": ""Only 4 of the Five Pillars pass (need 4); missing catalyst."", ""state"": ""PASS"", ""value"": ""4/5 \u2014 missing catalyst""}, {""id"": ""rising"", ""kills"": true, ""reason"": ""23.6% off the high \u2014 back side of the move."", ""state"": ""PASS"", ""value"": ""23.6% off 5.22""}, {""id"": ""split"", ""kills"": false, ""reason"": """", ""state"": ""PASS"", ""value"": ""gap is not arithmetic""}, {""id"": ""instrument"", ""kills"": false, ""reason"": """", ""state"": ""UNKNOWN"", ""value"": ""\u2014""}, {""id"": ""tick"", ""kills"": false, ""reason"": """", ""state"": ""UNKNOWN"", ""value"": ""\u2014""}, {""id"": ""buyout"", ""kills"": true, ""reason"": ""Acquisition announced \u2014 the price is pinned and volatility is gone."", ""state"": ""PASS"", ""value"": ""none""}, {""id"": ""vwap"", ""kills"": false, ""reason"": """", ""state"": ""FAIL"", ""value"": ""no""}, {""id"": ""ema9"", ""kills"": false, ""reason"": """", ""state"": ""PASS"", ""value"": ""yes""}, {""id"": ""macd"", ""kills"": false, ""reason"": """", ""state"": ""PASS"", ""value"": ""yes""}, {""id"": ""tape"", ""kills"": false, ""reason"": ""No tape and no book in this tool."", ""state"": ""MANUAL_CONFIRMATION_REQUIRED"", ""value"": ""your eyes""}]","[""No catalyst dated today and no live theme (A2: flagged, not killed; the read-out splits this cohort)."", ""Instrument type unknown \u2014 ADRs are fine, funds are not.""]","{""above_ema9"": true, ""above_vwap"": false, ""buyout_announced"": false, ""catalyst_source_ok"": true, ""catalyst_today"": false, ""catalyst_verdict"": ""NONE"", ""change_pct"": 28.70967741935484, ""feed_stale"": false, ""float_is_shares_outstanding"": false, ""float_shares"": 570000.0, ""float_verified"": true, ""halted"": false, ""in_session_window"": true, ""is_fund_or_etf"": null, ""last"": 3.99, ""live_theme"": false, ""macd_positive_and_above_signal"": true, ""penny_theme"": false, ""premarket_volume"": null, ""prev_close"": null, ""rvol"": 2443.7453964194374, ""session_high"": 5.22, ""session_volume"": 19110089.0, ""split_ratio_clean_integer"": null, ""symbol"": ""DCOY"", ""tick_size"": null}",4.0,3.94,4.12,0.06,2.0,3,1,REFUSED,"[""Layer 2 not green: verdict WAIT \u2014 chart gates must all be true at entry""]",2026-09-23T14:58:46+00:00,2026-09-23T14:58:43+00:00,483c06594e65,97bc2f2,2026-09-23T10:59:00-04:00,"{""bar_end"": ""2026-09-23T10:59:00-04:00"", ""bar_to_published_s"": -17, ""published"": ""2026-09-23T14:58:43+00:00"", ""published_to_seen_s"": 4, ""quote_ts"": ""2026-09-23T14:58:43+00:00"", ""runner_seen"": ""2026-09-23T14:58:46+00:00""}",,4.0,1.6667,-2.8333,1,0,stop,1,2026-09-23T14:59:00Z,4.06,3.83,4.07
6a9f9762ddbb49c0,2026-09-23T10:59:00-04:00,regular,GRML,pullback,ibkr-GRML-BENF-DCOY,IBKR · TWS read-only · live,live,1m,12.2,12.1,12.2,21.9,25031635.0,219.96357612984298,-13.780918727915203,2870000.0,verified,finviz via premarket_stars.py,1,0,REJECT,rising,0,"[{""id"": ""price"", ""kills"": true, ""reason"": ""$12.20 is outside $2.00\u201320.00."", ""state"": ""PASS"", ""value"": ""$12.20  band $2.00\u201320.00""}, {""id"": ""float"", ""kills"": false, ""reason"": """", ""state"": ""PASS"", ""value"": ""2.9M (verified)""}, {""id"": ""catalyst"", ""kills"": false, ""reason"": """", ""state"": ""PASS"", ""value"": ""news today \u00b7 NONE""}, {""id"": ""pillars"", ""kills"": true, ""reason"": ""Only 4 of the Five Pillars pass (need 4); missing gain."", ""state"": ""PASS"", ""value"": ""4/5 \u2014 missing gain""}, {""id"": ""rising"", ""kills"": true, ""reason"": ""44.3% off the high \u2014 back side of the move."", ""state"": ""FAIL"", ""value"": ""44.3% off 21.90""}, {""id"": ""split"", ""kills"": false, ""reason"": ""cascade already stopped"", ""state"": ""NOT_APPLICABLE"", ""value"": ""\u2014""}, {""id"": ""instrument"", ""kills"": false, ""reason"": ""cascade already stopped"", ""state"": ""NOT_APPLICABLE"", ""value"": ""\u2014""}, {""id"": ""tick"", ""kills"": false, ""reason"": ""cascade already stopped"", ""state"": ""NOT_APPLICABLE"", ""value"": ""\u2014""}, {""id"": ""buyout"", ""kills"": false, ""reason"": ""cascade already stopped"", ""state"": ""NOT_APPLICABLE"", ""value"": ""\u2014""}]",[],"{""above_ema9"": false, ""above_vwap"": false, ""buyout_announced"": false, ""catalyst_source_ok"": true, ""catalyst_today"": true, ""catalyst_verdict"": ""NONE"", ""change_pct"": -13.780918727915203, ""feed_stale"": false, ""float_is_shares_outstanding"": false, ""float_shares"": 2870000.0, ""float_verified"": true, ""halted"": false, ""in_session_window"": true, ""is_fund_or_etf"": null, ""last"": 12.2, ""live_theme"": false, ""macd_positive_and_above_signal"": false, ""penny_theme"": false, ""premarket_volume"": null, ""prev_close"": null, ""rvol"": 219.96357612984298, ""session_high"": 21.9, ""session_volume"": 25031635.0, ""split_ratio_clean_integer"": null, ""symbol"": ""GRML"", ""tick_size"": null}",12.0,11.59,12.82,0.41,2.0,2,0,SUPPRESSED,,,2026-09-23T14:59:51+00:00,483c06594e65,97bc2f2,2026-09-23T11:00:00-04:00,,,12.0,1.439,-1.8293,1,0,stop,1,2026-09-23T15:00:00Z,12.59,11.25,11.97
f173c7b3e173f6bf,2026-09-23T11:05:00-04:00,regular,BENF,pullback,ibkr-GRML-BENF-DCOY,IBKR · TWS read-only · live,live,1m,1.85,1.85,1.86,3.03,182791632.0,105.04952265794356,243.6745309307078,2270000.0,verified,finviz via premarket_stars.py,0,0,REJECT,price,0,"[{""id"": ""price"", ""kills"": true, ""reason"": ""$1.85 is outside $2.00\u201320.00."", ""state"": ""FAIL"", ""value"": ""$1.85  band $2.00\u201320.00""}, {""id"": ""float"", ""kills"": false, ""reason"": ""cascade already stopped"", ""state"": ""NOT_APPLICABLE"", ""value"": ""\u2014""}, {""id"": ""catalyst"", ""kills"": false, ""reason"": ""cascade already stopped"", ""state"": ""NOT_APPLICABLE"", ""value"": ""\u2014""}, {""id"": ""pillars"", ""kills"": false, ""reason"": ""cascade already stopped"", ""state"": ""NOT_APPLICABLE"", ""value"": ""\u2014""}, {""id"": ""rising"", ""kills"": false, ""reason"": ""cascade already stopped"", ""state"": ""NOT_APPLICABLE"", ""value"": ""\u2014""}, {""id"": ""split"", ""kills"": false, ""reason"": ""cascade already stopped"", ""state"": ""NOT_APPLICABLE"", ""value"": ""\u2014""}, {""id"": ""instrument"", ""kills"": false, ""reason"": ""cascade already stopped"", ""state"": ""NOT_APPLICABLE"", ""value"": ""\u2014""}, {""id"": ""tick"", ""kills"": false, ""reason"": ""cascade already stopped"", ""state"": ""NOT_APPLICABLE"", ""value"": ""\u2014""}, {""id"": ""buyout"", ""kills"": false, ""reason"": ""cascade already stopped"", ""state"": ""NOT_APPLICABLE"", ""value"": ""\u2014""}]",[],"{""above_ema9"": true, ""above_vwap"": true, ""buyout_announced"": false, ""catalyst_source_ok"": true, ""catalyst_today"": false, ""catalyst_verdict"": ""NONE"", ""change_pct"": 243.6745309307078, ""feed_stale"": false, ""float_is_shares_outstanding"": false, ""float_shares"": 2270000.0, ""float_verified"": true, ""halted"": false, ""in_session_window"": true, ""is_fund_or_etf"": null, ""last"": 1.85, ""live_theme"": false, ""macd_positive_and_above_signal"": true, ""penny_theme"": false, ""premarket_volume"": null, ""prev_close"": null, ""rvol"": 105.04952265794356, ""session_high"": 3.03, ""session_volume"": 182791632.0, ""split_ratio_clean_integer"": null, ""symbol"": ""BENF"", ""tick_size"": null}",1.79,1.7,1.97,0.09,2.0,1,1,SUPPRESSED,,,2026-09-23T15:05:21+00:00,483c06594e65,97bc2f2,2026-09-23T11:06:00-04:00,,,1.79,6.2222,-0.6667,0,1,target,1,2026-09-23T15:06:00Z,2.35,1.73,2.35
9476ed038a8146fd,2026-09-23T11:07:00-04:00,regular,TNMG,pullback,ibkr-GRML-BENF-DCOY,IBKR · TWS read-only · live,live,1m,4.58,4.57,4.63,7.1,2879924.0,53.07148253939003,17.13554987212276,2556405.0,shares_outstanding_proxy,SEC shares outstanding (upper bound),0,0,REJECT,rising,0,"[{""id"": ""price"", ""kills"": true, ""reason"": ""$4.58 is outside $2.00\u201320.00."", ""state"": ""PASS"", ""value"": ""$4.58  band $2.00\u201320.00""}, {""id"": ""float"", ""kills"": false, ""reason"": """", ""state"": ""PASS"", ""value"": ""2.6M (SO upper bound)""}, {""id"": ""catalyst"", ""kills"": false, ""reason"": ""No catalyst dated today and no live theme it belongs to."", ""state"": ""FAIL"", ""value"": ""none""}, {""id"": ""pillars"", ""kills"": true, ""reason"": ""Only 4 of the Five Pillars pass (need 4); missing catalyst."", ""state"": ""PASS"", ""value"": ""4/5 \u2014 missing catalyst""}, {""id"": ""rising"", ""kills"": true, ""reason"": ""35.5% off the high \u2014 back side of the move."", ""state"": ""FAIL"", ""value"": ""35.5% off 7.10""}, {""id"": ""split"", ""kills"": false, ""reason"": ""cascade already stopped"", ""state"": ""NOT_APPLICABLE"", ""value"": ""\u2014""}, {""id"": ""instrument"", ""kills"": false, ""reason"": ""cascade already stopped"", ""state"": ""NOT_APPLICABLE"", ""value"": ""\u2014""}, {""id"": ""tick"", ""kills"": false, ""reason"": ""cascade already stopped"", ""state"": ""NOT_APPLICABLE"", ""value"": ""\u2014""}, {""id"": ""buyout"", ""kills"": false, ""reason"": ""cascade already stopped"", ""state"": ""NOT_APPLICABLE"", ""value"": ""\u2014""}]","[""No catalyst dated today and no live theme (A2: flagged, not killed; the read-out splits this cohort).""]","{""above_ema9"": true, ""above_vwap"": false, ""buyout_announced"": false, ""catalyst_source_ok"": true, ""catalyst_today"": false, ""catalyst_verdict"": ""NONE"", ""change_pct"": 17.13554987212276, ""feed_stale"": false, ""float_is_shares_outstanding"": true, ""float_shares"": 2556405, ""float_verified"": false, ""halted"": false, ""in_session_window"": true, ""is_fund_or_etf"": null, ""last"": 4.58, ""live_theme"": false, ""macd_positive_and_above_signal"": true, ""penny_theme"": false, ""premarket_volume"": null, ""prev_close"": null, ""rvol"": 53.07148253939003, ""session_high"": 7.1, ""session_volume"": 2879924.0, ""split_ratio_clean_integer"": null, ""symbol"": ""TNMG"", ""tick_size"": null}",4.61,4.41,5.01,0.2,2.0,1,0,SUPPRESSED,,,2026-09-23T15:08:00+00:00,483c06594e65,97bc2f2,2026-09-23T11:08:00-04:00,,,4.61,1.2,-1.15,1,0,stop,1,2026-09-23T15:08:00Z,4.85,4.38,4.45
97ddace2d3374968,2026-09-23T11:13:00-04:00,regular,HCTI,pullback,ibkr-GRML-BENF-DCOY,IBKR · TWS read-only · live,live,1m,1.215,1.22,1.23,3.15,36364094.0,1605.4787637969096,40.51115993986354,14850000.0,verified,finviz via premarket_stars.py,0,0,REJECT,price,0,"[{""id"": ""price"", ""kills"": true, ""reason"": ""$1.22 is outside $2.00\u201320.00."", ""state"": ""FAIL"", ""value"": ""$1.22  band $2.00\u201320.00""}, {""id"": ""float"", ""kills"": false, ""reason"": ""cascade already stopped"", ""state"": ""NOT_APPLICABLE"", ""value"": ""\u2014""}, {""id"": ""catalyst"", ""kills"": false, ""reason"": ""cascade already stopped"", ""state"": ""NOT_APPLICABLE"", ""value"": ""\u2014""}, {""id"": ""pillars"", ""kills"": false, ""reason"": ""cascade already stopped"", ""state"": ""NOT_APPLICABLE"", ""value"": ""\u2014""}, {""id"": ""rising"", ""kills"": false, ""reason"": ""cascade already stopped"", ""state"": ""NOT_APPLICABLE"", ""value"": ""\u2014""}, {""id"": ""split"", ""kills"": false, ""reason"": ""cascade already stopped"", ""state"": ""NOT_APPLICABLE"", ""value"": ""\u2014""}, {""id"": ""instrument"", ""kills"": false, ""reason"": ""cascade already stopped"", ""state"": ""NOT_APPLICABLE"", ""value"": ""\u2014""}, {""id"": ""tick"", ""kills"": false, ""reason"": ""cascade already stopped"", ""state"": ""NOT_APPLICABLE"", ""value"": ""\u2014""}, {""id"": ""buyout"", ""kills"": false, ""reason"": ""cascade already stopped"", ""state"": ""NOT_APPLICABLE"", ""value"": ""\u2014""}]",[],"{""above_ema9"": true, ""above_vwap"": false, ""buyout_announced"": false, ""catalyst_source_ok"": true, ""catalyst_today"": false, ""catalyst_verdict"": ""NONE"", ""change_pct"": 40.51115993986354, ""feed_stale"": false, ""float_is_shares_outstanding"": false, ""float_shares"": 14850000.0, ""float_verified"": true, ""halted"": false, ""in_session_window"": true, ""is_fund_or_etf"": null, ""last"": 1.215, ""live_theme"": false, ""macd_positive_and_above_signal"": true, ""penny_theme"": false, ""premarket_volume"": null, ""prev_close"": null, ""rvol"": 1605.4787637969096, ""session_high"": 3.15, ""session_volume"": 36364094.0, ""split_ratio_clean_integer"": null, ""symbol"": ""HCTI"", ""tick_size"": null}",1.23,1.19,1.31,0.04,2.0,2,1,SUPPRESSED,,,2026-09-23T15:13:44+00:00,483c06594e65,97bc2f2,2026-09-23T11:14:00-04:00,,,1.23,1.75,-1.49,1,0,stop,1,2026-09-23T15:14:00Z,1.3,1.1704,1.195
40ef8ad4849c8340,2026-09-23T11:23:00-04:00,regular,TNMG,pullback,ibkr-GRML-BENF-DCOY,IBKR · TWS read-only · live,live,1m,4.57,4.55,4.68,7.1,3037576.0,55.06945376094563,16.87979539641944,2556405.0,shares_outstanding_proxy,SEC shares outstanding (upper bound),0,0,REJECT,rising,0,"[{""id"": ""price"", ""kills"": true, ""reason"": ""$4.57 is outside $2.00\u201320.00."", ""state"": ""PASS"", ""value"": ""$4.57  band $2.00\u201320.00""}, {""id"": ""float"", ""kills"": false, ""reason"": """", ""state"": ""PASS"", ""value"": ""2.6M (SO upper bound)""}, {""id"": ""catalyst"", ""kills"": false, ""reason"": ""No catalyst dated today and no live theme it belongs to."", ""state"": ""FAIL"", ""value"": ""none""}, {""id"": ""pillars"", ""kills"": true, ""reason"": ""Only 4 of the Five Pillars pass (need 4); missing catalyst."", ""state"": ""PASS"", ""value"": ""4/5 \u2014 missing catalyst""}, {""id"": ""rising"", ""kills"": true, ""reason"": ""35.6% off the high \u2014 back side of the move."", ""state"": ""FAIL"", ""value"": ""35.6% off 7.10""}, {""id"": ""split"", ""kills"": false, ""reason"": ""cascade already stopped"", ""state"": ""NOT_APPLICABLE"", ""value"": ""\u2014""}, {""id"": ""instrument"", ""kills"": false, ""reason"": ""cascade already stopped"", ""state"": ""NOT_APPLICABLE"", ""value"": ""\u2014""}, {""id"": ""tick"", ""kills"": false, ""reason"": ""cascade already stopped"", ""state"": ""NOT_APPLICABLE"", ""value"": ""\u2014""}, {""id"": ""buyout"", ""kills"": false, ""reason"": ""cascade already stopped"", ""state"": ""NOT_APPLICABLE"", ""value"": ""\u2014""}]","[""No catalyst dated today and no live theme (A2: flagged, not killed; the read-out splits this cohort).""]","{""above_ema9"": true, ""above_vwap"": false, ""buyout_announced"": false, ""catalyst_source_ok"": true, ""catalyst_today"": false, ""catalyst_verdict"": ""NONE"", ""change_pct"": 16.87979539641944, ""feed_stale"": false, ""float_is_shares_outstanding"": true, ""float_shares"": 2556405, ""float_verified"": false, ""halted"": false, ""in_session_window"": true, ""is_fund_or_etf"": null, ""last"": 4.57, ""live_theme"": false, ""macd_positive_and_above_signal"": true, ""penny_theme"": false, ""premarket_volume"": null, ""prev_close"": null, ""rvol"": 55.06945376094563, ""session_high"": 7.1, ""session_volume"": 3037576.0, ""split_ratio_clean_integer"": null, ""symbol"": ""TNMG"", ""tick_size"": null}",4.62,4.54,4.78,0.08,2.0,1,1,SUPPRESSED,,,2026-09-23T15:23:22+00:00,483c06594e65,97bc2f2,2026-09-23T11:24:00-04:00,,,4.62,0.375,-3.0,1,0,stop,1,2026-09-23T15:24:00Z,4.65,4.38,4.45
c5bc5150bc6bee20,2026-09-23T11:23:00-04:00,regular,GRML,pullback,ibkr-GRML-BENF-DCOY,IBKR · TWS read-only · live,live,1m,12.01,11.95,12.02,21.9,27587931.0,194.57031927723588,-15.123674911660778,2870000.0,verified,finviz via premarket_stars.py,1,0,REJECT,rising,0,"[{""id"": ""price"", ""kills"": true, ""reason"": ""$12.01 is outside $2.00\u201320.00."", ""state"": ""PASS"", ""value"": ""$12.01  band $2.00\u201320.00""}, {""id"": ""float"", ""kills"": false, ""reason"": """", ""state"": ""PASS"", ""value"": ""2.9M (verified)""}, {""id"": ""catalyst"", ""kills"": false, ""reason"": """", ""state"": ""PASS"", ""value"": ""news today \u00b7 NONE""}, {""id"": ""pillars"", ""kills"": true, ""reason"": ""Only 4 of the Five Pillars pass (need 4); missing gain."", ""state"": ""PASS"", ""value"": ""4/5 \u2014 missing gain""}, {""id"": ""rising"", ""kills"": true, ""reason"": ""45.2% off the high \u2014 back side of the move."", ""state"": ""FAIL"", ""value"": ""45.2% off 21.90""}, {""id"": ""split"", ""kills"": false, ""reason"": ""cascade already stopped"", ""state"": ""NOT_APPLICABLE"", ""value"": ""\u2014""}, {""id"": ""instrument"", ""kills"": false, ""reason"": ""cascade already stopped"", ""state"": ""NOT_APPLICABLE"", ""value"": ""\u2014""}, {""id"": ""tick"", ""kills"": false, ""reason"": ""cascade already stopped"", ""state"": ""NOT_APPLICABLE"", ""value"": ""\u2014""}, {""id"": ""buyout"", ""kills"": false, ""reason"": ""cascade already stopped"", ""state"": ""NOT_APPLICABLE"", ""value"": ""\u2014""}]",[],"{""above_ema9"": true, ""above_vwap"": false, ""buyout_announced"": false, ""catalyst_source_ok"": true, ""catalyst_today"": true, ""catalyst_verdict"": ""NONE"", ""change_pct"": -15.123674911660778, ""feed_stale"": false, ""float_is_shares_outstanding"": false, ""float_shares"": 2870000.0, ""float_verified"": true, ""halted"": false, ""in_session_window"": true, ""is_fund_or_etf"": null, ""last"": 12.01, ""live_theme"": false, ""macd_positive_and_above_signal"": true, ""penny_theme"": false, ""premarket_volume"": null, ""prev_close"": null, ""rvol"": 194.57031927723588, ""session_high"": 21.9, ""session_volume"": 27587931.0, ""split_ratio_clean_integer"": null, ""symbol"": ""GRML"", ""tick_size"": null}",12.08,11.73,12.78,0.35,2.0,3,0,SUPPRESSED,,,2026-09-23T15:24:02+00:00,483c06594e65,97bc2f2,2026-09-23T11:24:00-04:00,,,12.08,,,0,0,untriggered,0,,12.05,11.9,11.97
f949c319c14d8490,2026-09-23T11:24:00-04:00,regular,IPDN,pullback,ibkr-GRML-BENF-DCOY,IBKR · TWS read-only · live,live,1m,5.32,5.27,5.31,11.24,16019427.0,173.59493067332753,36.410256410256416,480000.0,verified,finviz via premarket_stars.py,0,0,REJECT,rising,0,"[{""id"": ""price"", ""kills"": true, ""reason"": ""$5.32 is outside $2.00\u201320.00."", ""state"": ""PASS"", ""value"": ""$5.32  band $2.00\u201320.00""}, {""id"": ""float"", ""kills"": false, ""reason"": """", ""state"": ""PASS"", ""value"": ""0.5M (verified)""}, {""id"": ""catalyst"", ""kills"": false, ""reason"": ""No catalyst dated today and no live theme it belongs to."", ""state"": ""FAIL"", ""value"": ""none""}, {""id"": ""pillars"", ""kills"": true, ""reason"": ""Only 4 of the Five Pillars pass (need 4); missing catalyst."", ""state"": ""PASS"", ""value"": ""4/5 \u2014 missing catalyst""}, {""id"": ""rising"", ""kills"": true, ""reason"": ""52.7% off the high \u2014 back side of the move."", ""state"": ""FAIL"", ""value"": ""52.7% off 11.24""}, {""id"": ""split"", ""kills"": false, ""reason"": ""cascade already stopped"", ""state"": ""NOT_APPLICABLE"", ""value"": ""\u2014""}, {""id"": ""instrument"", ""kills"": false, ""reason"": ""cascade already stopped"", ""state"": ""NOT_APPLICABLE"", ""value"": ""\u2014""}, {""id"": ""tick"", ""kills"": false, ""reason"": ""cascade already stopped"", ""state"": ""NOT_APPLICABLE"", ""value"": ""\u2014""}, {""id"": ""buyout"", ""kills"": false, ""reason"": ""cascade already stopped"", ""state"": ""NOT_APPLICABLE"", ""value"": ""\u2014""}]","[""No catalyst dated today and no live theme (A2: flagged, not killed; the read-out splits this cohort).""]","{""above_ema9"": true, ""above_vwap"": false, ""buyout_announced"": false, ""catalyst_source_ok"": true, ""catalyst_today"": false, ""catalyst_verdict"": ""NONE"", ""change_pct"": 36.410256410256416, ""feed_stale"": false, ""float_is_shares_outstanding"": false, ""float_shares"": 480000.0, ""float_verified"": true, ""halted"": false, ""in_session_window"": true, ""is_fund_or_etf"": null, ""last"": 5.32, ""live_theme"": false, ""macd_positive_and_above_signal"": true, ""penny_theme"": false, ""premarket_volume"": null, ""prev_close"": null, ""rvol"": 173.59493067332753, ""session_high"": 11.24, ""session_volume"": 16019427.0, ""split_ratio_clean_integer"": null, ""symbol"": ""IPDN"", ""tick_size"": null}",5.3,5.19,5.52,0.11,2.0,1,0,SUPPRESSED,,,2026-09-23T15:24:21+00:00,483c06594e65,97bc2f2,2026-09-23T11:25:00-04:00,,,5.3,0.4545,-0.4545,0,0,neither,1,2026-09-23T15:25:00Z,5.35,5.25,5.29
ac9d9147ea8a527d,2026-09-23T11:25:00-04:00,regular,DCOY,pullback,ibkr-GRML-BENF-DCOY,IBKR · TWS read-only · live,live,1m,3.97,3.97,4.01,5.22,19553089.0,1741.6129865502805,28.06451612903227,570000.0,verified,finviz via premarket_stars.py,0,0,WAIT,,1,"[{""id"": ""price"", ""kills"": true, ""reason"": ""$3.97 is outside $2.00\u201320.00."", ""state"": ""PASS"", ""value"": ""$3.97  band $2.00\u201320.00""}, {""id"": ""float"", ""kills"": false, ""reason"": """", ""state"": ""PASS"", ""value"": ""0.6M (verified)""}, {""id"": ""catalyst"", ""kills"": false, ""reason"": ""No catalyst dated today and no live theme it belongs to."", ""state"": ""FAIL"", ""value"": ""none""}, {""id"": ""pillars"", ""kills"": true, ""reason"": ""Only 4 of the Five Pillars pass (need 4); missing catalyst."", ""state"": ""PASS"", ""value"": ""4/5 \u2014 missing catalyst""}, {""id"": ""rising"", ""kills"": true, ""reason"": ""23.9% off the high \u2014 back side of the move."", ""state"": ""PASS"", ""value"": ""23.9% off 5.22""}, {""id"": ""split"", ""kills"": false, ""reason"": """", ""state"": ""PASS"", ""value"": ""gap is not arithmetic""}, {""id"": ""instrument"", ""kills"": false, ""reason"": """", ""state"": ""UNKNOWN"", ""value"": ""\u2014""}, {""id"": ""tick"", ""kills"": false, ""reason"": """", ""state"": ""UNKNOWN"", ""value"": ""\u2014""}, {""id"": ""buyout"", ""kills"": true, ""reason"": ""Acquisition announced \u2014 the price is pinned and volatility is gone."", ""state"": ""PASS"", ""value"": ""none""}, {""id"": ""vwap"", ""kills"": false, ""reason"": """", ""state"": ""FAIL"", ""value"": ""no""}, {""id"": ""ema9"", ""kills"": false, ""reason"": """", ""state"": ""PASS"", ""value"": ""yes""}, {""id"": ""macd"", ""kills"": false, ""reason"": """", ""state"": ""PASS"", ""value"": ""yes""}, {""id"": ""tape"", ""kills"": false, ""reason"": ""No tape and no book in this tool."", ""state"": ""MANUAL_CONFIRMATION_REQUIRED"", ""value"": ""your eyes""}]","[""No catalyst dated today and no live theme (A2: flagged, not killed; the read-out splits this cohort)."", ""Instrument type unknown \u2014 ADRs are fine, funds are not.""]","{""above_ema9"": true, ""above_vwap"": false, ""buyout_announced"": false, ""catalyst_source_ok"": true, ""catalyst_today"": false, ""catalyst_verdict"": ""NONE"", ""change_pct"": 28.06451612903227, ""feed_stale"": false, ""float_is_shares_outstanding"": false, ""float_shares"": 570000.0, ""float_verified"": true, ""halted"": false, ""in_session_window"": true, ""is_fund_or_etf"": null, ""last"": 3.97, ""live_theme"": false, ""macd_positive_and_above_signal"": true, ""penny_theme"": false, ""premarket_volume"": null, ""prev_close"": null, ""rvol"": 1741.6129865502805, ""session_high"": 5.22, ""session_volume"": 19553089.0, ""split_ratio_clean_integer"": null, ""symbol"": ""DCOY"", ""tick_size"": null}",4.01,3.95,4.13,0.06,2.0,2,1,REFUSED,"[""11:25 ET is inside the last 10 minutes before the 11:30 hard stop (A8): a forced flatten is not the strategy's exit; no new entries"", ""Layer 2 not green: verdict WAIT \u2014 chart gates must all be true at entry""]",2026-09-23T15:25:38+00:00,2026-09-23T15:25:34+00:00,483c06594e65,97bc2f2,2026-09-23T11:26:00-04:00,"{""bar_end"": ""2026-09-23T11:26:00-04:00"", ""bar_to_published_s"": -26, ""published"": ""2026-09-23T15:25:34+00:00"", ""published_to_seen_s"": 5, ""quote_ts"": ""2026-09-23T15:25:36+00:00"", ""runner_seen"": ""2026-09-23T15:25:38+00:00""}",,4.01,1.5,-0.8333,0,0,neither,1,2026-09-23T15:30:00Z,4.1,3.94,4.07
