symbol,ts,open,high,low,close,volume
GCTK,2026-09-24T08:00:00Z,3.75,4.77,3.75,4.4681,271858.0
GCTK,2026-09-24T08:01:00Z,4.21,4.64,4.12,4.17,189538.0
GCTK,2026-09-24T08:02:00Z,4.5309,4.68,4.07,4.495,259628.0
GCTK,2026-09-24T08:03:00Z,4.36,4.4999,4.07,4.33,163899.0
GCTK,2026-09-24T08:04:00Z,4.3299,4.36,4.18,4.1891,63599.0
GCTK,2026-09-24T08:05:00Z,4.18,4.39,4.13,4.35,127013.0
GCTK,2026-09-24T08:06:00Z,4.35,4.41,4.25,4.25,71421.0
GCTK,2026-09-24T08:07:00Z,4.26,4.2694,4.18,4.19,43205.0
GCTK,2026-09-24T08:08:00Z,4.1898,4.1898,3.9305,4.09,106661.0
GCTK,2026-09-24T08:09:00Z,4.0898,4.24,4.07,4.17,68718.0
GCTK,2026-09-24T08:10:00Z,4.17,4.33,4.16,4.27,78012.0
GCTK,2026-09-24T08:11:00Z,4.28,4.3994,4.245,4.38,107775.0
GCTK,2026-09-24T08:12:00Z,4.37,4.69,4.29,4.5394,308650.0
GCTK,2026-09-24T08:13:00Z,4.53,4.7,4.43,4.6003,199822.0
GCTK,2026-09-24T08:14:00Z,4.6,4.73,4.46,4.71,157288.0
GCTK,2026-09-24T08:15:00Z,4.72,4.92,4.64,4.8,348017.0
GCTK,2026-09-24T08:16:00Z,4.7997,4.85,4.54,4.62,200969.0
GCTK,2026-09-24T08:17:00Z,4.62,4.74,4.49,4.5099,111486.0
GCTK,2026-09-24T08:18:00Z,4.51,4.65,4.5,4.62,80360.0
GCTK,2026-09-24T08:19:00Z,4.62,4.73,4.59,4.6303,73099.0
GCTK,2026-09-24T08:20:00Z,4.64,4.93,4.64,4.86,255931.0
GCTK,2026-09-24T08:21:00Z,4.86,4.8797,4.63,4.7595,166472.0
GCTK,2026-09-24T08:22:00Z,4.77,4.85,4.68,4.6994,110446.0
GCTK,2026-09-24T08:23:00Z,4.69,4.94,4.6802,4.87,157682.0
GCTK,2026-09-24T08:24:00Z,4.88,5.05,4.77,4.8198,253096.0
GCTK,2026-09-24T08:25:00Z,4.82,4.91,4.66,4.7901,175398.0
GCTK,2026-09-24T08:26:00Z,4.79,4.83,4.621,4.621,86772.0
GCTK,2026-09-24T08:27:00Z,4.63,4.73,4.38,4.45,198606.0
GCTK,2026-09-24T08:28:00Z,4.4401,4.48,4.29,4.4,123958.0
GCTK,2026-09-24T08:29:00Z,4.39,4.51,4.37,4.38,100411.0
GCTK,2026-09-24T08:30:00Z,4.37,4.38,4.3,4.33,86615.0
GCTK,2026-09-24T08:31:00Z,4.34,4.48,4.34,4.47,69276.0
GCTK,2026-09-24T08:32:00Z,4.47,4.51,4.4,4.4,73428.0
GCTK,2026-09-24T08:33:00Z,4.4,4.4497,4.34,4.4393,52840.0
GCTK,2026-09-24T08:34:00Z,4.43,4.44,4.36,4.38,29363.0
GCTK,2026-09-24T08:35:00Z,4.3893,4.43,4.36,4.37,15646.0
GCTK,2026-09-24T08:36:00Z,4.3607,4.4,4.36,4.4,28581.0
GCTK,2026-09-24T08:37:00Z,4.4,4.4,4.29,4.29,37586.0
GCTK,2026-09-24T08:38:00Z,4.29,4.36,4.2693,4.3,68748.0
GCTK,2026-09-24T08:39:00Z,4.31,4.44,4.3094,4.42,50800.0
GCTK,2026-09-24T08:40:00Z,4.41,4.45,4.37,4.44,30411.0
GCTK,2026-09-24T08:41:00Z,4.4306,4.445,4.38,4.4292,25921.0
GCTK,2026-09-24T08:42:00Z,4.42,4.49,4.41,4.4106,56985.0
GCTK,2026-09-24T08:43:00Z,4.42,4.45,4.3391,4.36,36850.0
GCTK,2026-09-24T08:44:00Z,4.35,4.38,4.33,4.38,20102.0
GCTK,2026-09-24T08:45:00Z,4.3702,4.42,4.3701,4.3906,16745.0
GCTK,2026-09-24T08:46:00Z,4.399,4.41,4.38,4.39,21269.0
GCTK,2026-09-24T08:47:00Z,4.4,4.4,4.31,4.37,31263.0
GCTK,2026-09-24T08:48:00Z,4.37,4.389,4.35,4.36,15158.0
GCTK,2026-09-24T08:49:00Z,4.3594,4.42,4.33,4.4094,34653.0
GCTK,2026-09-24T08:50:00Z,4.4093,4.49,4.38,4.49,26694.0
GCTK,2026-09-24T08:51:00Z,4.49,4.65,4.49,4.6,179675.0
GCTK,2026-09-24T08:52:00Z,4.61,4.67,4.53,4.65,138120.0
GCTK,2026-09-24T08:53:00Z,4.66,4.66,4.58,4.58,64180.0
GCTK,2026-09-24T08:54:00Z,4.56,4.64,4.5,4.59,60748.0
GCTK,2026-09-24T08:55:00Z,4.59,4.63,4.53,4.55,39780.0
GCTK,2026-09-24T08:56:00Z,4.5497,4.5497,4.5,4.54,28379.0
GCTK,2026-09-24T08:57:00Z,4.55,4.63,4.47,4.62,47490.0
GCTK,2026-09-24T08:58:00Z,4.63,4.65,4.55,4.56,68323.0
GCTK,2026-09-24T08:59:00Z,4.5691,4.57,4.5099,4.51,20598.0
GCTK,2026-09-24T09:00:00Z,4.51,4.53,4.4,4.4,52291.0
GCTK,2026-09-24T09:01:00Z,4.41,4.42,4.36,4.38,40805.0
GCTK,2026-09-24T09:02:00Z,4.38,4.44,4.37,4.42,30394.0
GCTK,2026-09-24T09:03:00Z,4.41,4.54,4.41,4.52,35480.0
GCTK,2026-09-24T09:04:00Z,4.5,4.52,4.47,4.5,28699.0
GCTK,2026-09-24T09:05:00Z,4.5,4.54,4.49,4.5,21368.0
GCTK,2026-09-24T09:06:00Z,4.4998,4.58,4.49,4.5794,28700.0
GCTK,2026-09-24T09:07:00Z,4.58,4.64,4.58,4.5893,61926.0
GCTK,2026-09-24T09:08:00Z,4.58,4.58,4.5,4.51,38902.0
GCTK,2026-09-24T09:09:00Z,4.51,4.52,4.49,4.49,20771.0
GCTK,2026-09-24T09:10:00Z,4.4902,4.4902,4.42,4.43,26229.0
GCTK,2026-09-24T09:11:00Z,4.43,4.48,4.43,4.46,15627.0
GCTK,2026-09-24T09:12:00Z,4.46,4.49,4.46,4.48,14405.0
GCTK,2026-09-24T09:13:00Z,4.48,4.49,4.46,4.46,10288.0
GCTK,2026-09-24T09:14:00Z,4.47,4.48,4.43,4.4703,9894.0
GCTK,2026-09-24T09:15:00Z,4.47,4.4791,4.4593,4.47,4370.0
GCTK,2026-09-24T09:16:00Z,4.479,4.4794,4.41,4.42,14317.0
GCTK,2026-09-24T09:17:00Z,4.42,4.43,4.4,4.4,17305.0
GCTK,2026-09-24T09:18:00Z,4.4,4.4094,4.32,4.35,51035.0
GCTK,2026-09-24T09:19:00Z,4.3591,4.3593,4.34,4.34,13293.0
GCTK,2026-09-24T09:20:00Z,4.34,4.38,4.34,4.38,13522.0
GCTK,2026-09-24T09:21:00Z,4.3707,4.38,4.37,4.3702,9971.0
GCTK,2026-09-24T09:22:00Z,4.3702,4.38,4.37,4.38,5419.0
GCTK,2026-09-24T09:23:00Z,4.3707,4.38,4.35,4.351,12598.0
GCTK,2026-09-24T09:24:00Z,4.35,4.36,4.21,4.22,62936.0
GCTK,2026-09-24T09:25:00Z,4.22,4.22,4.13,4.14,88950.0
GCTK,2026-09-24T09:26:00Z,4.131,4.22,4.13,4.17,47330.0
GCTK,2026-09-24T09:27:00Z,4.18,4.2805,4.17,4.28,79744.0
GCTK,2026-09-24T09:28:00Z,4.2703,4.2894,4.21,4.2193,23290.0
GCTK,2026-09-24T09:29:00Z,4.21,4.21,4.2,4.2,11693.0
GCTK,2026-09-24T09:30:00Z,4.2006,4.27,4.2,4.2599,12998.0
GCTK,2026-09-24T09:31:00Z,4.25,4.31,4.25,4.29,33551.0
GCTK,2026-09-24T09:32:00Z,4.29,4.33,4.28,4.31,15336.0
GCTK,2026-09-24T09:33:00Z,4.3,4.3,4.2801,4.2801,13187.0
GCTK,2026-09-24T09:34:00Z,4.2893,4.29,4.25,4.25,13245.0
GCTK,2026-09-24T09:35:00Z,4.25,4.33,4.24,4.32,19411.0
GCTK,2026-09-24T09:36:00Z,4.32,4.32,4.27,4.28,5781.0
GCTK,2026-09-24T09:37:00Z,4.2794,4.2794,4.25,4.25,6631.0
GCTK,2026-09-24T09:38:00Z,4.24,4.28,4.24,4.2705,6146.0
GCTK,2026-09-24T09:39:00Z,4.2703,4.28,4.22,4.22,8237.0
GCTK,2026-09-24T09:40:00Z,4.21,4.23,4.21,4.21,5153.0
GCTK,2026-09-24T09:41:00Z,4.21,4.3,4.2091,4.3,13070.0
GCTK,2026-09-24T09:42:00Z,4.29,4.3,4.26,4.27,15175.0
GCTK,2026-09-24T09:43:00Z,4.27,4.27,4.26,4.26,2196.0
GCTK,2026-09-24T09:44:00Z,4.2598,4.2599,4.25,4.2591,4993.0
GCTK,2026-09-24T09:45:00Z,4.2599,4.26,4.25,4.26,2970.0
GCTK,2026-09-24T09:46:00Z,4.2594,4.32,4.25,4.32,11587.0
GCTK,2026-09-24T09:47:00Z,4.3193,4.32,4.31,4.32,9353.0
GCTK,2026-09-24T09:48:00Z,4.32,4.4,4.32,4.36,36940.0
GCTK,2026-09-24T09:49:00Z,4.36,4.39,4.33,4.36,21904.0
GCTK,2026-09-24T09:50:00Z,4.36,4.36,4.33,4.34,9795.0
GCTK,2026-09-24T09:51:00Z,4.33,4.35,4.33,4.3405,2994.0
GCTK,2026-09-24T09:52:00Z,4.35,4.35,4.34,4.34,7303.0
GCTK,2026-09-24T09:53:00Z,4.3403,4.38,4.34,4.38,12766.0
GCTK,2026-09-24T09:54:00Z,4.39,4.4,4.34,4.3499,25716.0
GCTK,2026-09-24T09:55:00Z,4.3493,4.35,4.31,4.31,12417.0
GCTK,2026-09-24T09:56:00Z,4.3102,4.32,4.27,4.3,19027.0
GCTK,2026-09-24T09:57:00Z,4.3,4.3093,4.27,4.27,11494.0
GCTK,2026-09-24T09:58:00Z,4.27,4.3,4.25,4.29,13354.0
GCTK,2026-09-24T09:59:00Z,4.28,4.28,4.27,4.2793,6338.0
GCTK,2026-09-24T10:00:00Z,4.2709,4.28,4.2,4.21,15721.0
GCTK,2026-09-24T10:01:00Z,4.22,4.27,4.21,4.26,8403.0
GCTK,2026-09-24T10:02:00Z,4.2603,4.27,4.26,4.26,6255.0
GCTK,2026-09-24T10:03:00Z,4.26,4.3,4.26,4.3,7295.0
GCTK,2026-09-24T10:04:00Z,4.2994,4.34,4.29,4.34,9030.0
GCTK,2026-09-24T10:05:00Z,4.35,4.35,4.3192,4.3192,10280.0
GCTK,2026-09-24T10:06:00Z,4.31,4.31,4.26,4.2697,9004.0
GCTK,2026-09-24T10:07:00Z,4.26,4.29,4.26,4.29,4399.0
GCTK,2026-09-24T10:08:00Z,4.2881,4.2902,4.28,4.29,2175.0
GCTK,2026-09-24T10:09:00Z,4.28,4.2803,4.22,4.22,14204.0
GCTK,2026-09-24T10:10:00Z,4.2289,4.23,4.2,4.2,17927.0
GCTK,2026-09-24T10:11:00Z,4.2091,4.22,4.19,4.21,12608.0
GCTK,2026-09-24T10:12:00Z,4.2,4.21,4.15,4.17,18441.0
GCTK,2026-09-24T10:13:00Z,4.1691,4.17,4.15,4.16,18759.0
GCTK,2026-09-24T10:14:00Z,4.1501,4.17,4.15,4.16,15046.0
GCTK,2026-09-24T10:15:00Z,4.1694,4.18,4.16,4.17,7249.0
GCTK,2026-09-24T10:16:00Z,4.1794,4.18,4.15,4.15,6852.0
GCTK,2026-09-24T10:17:00Z,4.15,4.15,4.0,4.0,67881.0
GCTK,2026-09-24T10:18:00Z,4.0,4.0,3.8,3.88,114796.0
GCTK,2026-09-24T10:19:00Z,3.8794,3.9,3.8,3.8802,71424.0
GCTK,2026-09-24T10:20:00Z,3.8802,3.94,3.8795,3.9193,47349.0
GCTK,2026-09-24T10:21:00Z,3.9195,3.9195,3.8,3.8,37689.0
GCTK,2026-09-24T10:22:00Z,3.8,3.81,3.75,3.7995,79009.0
GCTK,2026-09-24T10:23:00Z,3.7905,3.81,3.76,3.7606,26508.0
GCTK,2026-09-24T10:24:00Z,3.76,3.79,3.76,3.79,25510.0
GCTK,2026-09-24T10:25:00Z,3.7891,3.8,3.78,3.7991,23672.0
GCTK,2026-09-24T10:26:00Z,3.7906,3.87,3.7905,3.8505,36889.0
GCTK,2026-09-24T10:27:00Z,3.86,3.9,3.85,3.8802,35426.0
GCTK,2026-09-24T10:28:00Z,3.88,3.89,3.85,3.8501,21880.0
GCTK,2026-09-24T10:29:00Z,3.85,3.8604,3.85,3.85,7074.0
GCTK,2026-09-24T10:30:00Z,3.85,3.85,3.8,3.81,22324.0
GCTK,2026-09-24T10:31:00Z,3.82,3.92,3.82,3.92,25957.0
GCTK,2026-09-24T10:32:00Z,3.9102,3.9193,3.88,3.89,18639.0
GCTK,2026-09-24T10:33:00Z,3.89,3.94,3.85,3.9395,18669.0
GCTK,2026-09-24T10:34:00Z,3.94,3.94,3.92,3.93,19935.0
GCTK,2026-09-24T10:35:00Z,3.93,3.98,3.92,3.9591,34931.0
GCTK,2026-09-24T10:36:00Z,3.9597,3.97,3.93,3.97,22852.0
GCTK,2026-09-24T10:37:00Z,3.98,4.14,3.9707,4.1394,93400.0
GCTK,2026-09-24T10:38:00Z,4.1306,4.3699,4.129,4.2794,167447.0
GCTK,2026-09-24T10:39:00Z,4.2705,4.3099,4.19,4.2,100689.0
GCTK,2026-09-24T10:40:00Z,4.2,4.2,4.1,4.13,61504.0
GCTK,2026-09-24T10:41:00Z,4.12,4.12,4.0,4.01,70798.0
GCTK,2026-09-24T10:42:00Z,4.0189,4.07,3.97,4.06,44447.0
GCTK,2026-09-24T10:43:00Z,4.07,4.07,4.02,4.06,26158.0
GCTK,2026-09-24T10:44:00Z,4.07,4.12,4.07,4.08,28375.0
GCTK,2026-09-24T10:45:00Z,4.0706,4.16,4.05,4.14,35736.0
GCTK,2026-09-24T10:46:00Z,4.1394,4.27,4.1394,4.26,75706.0
GCTK,2026-09-24T10:47:00Z,4.2694,4.34,4.22,4.27,131604.0
GCTK,2026-09-24T10:48:00Z,4.27,4.33,4.18,4.22,82243.0
GCTK,2026-09-24T10:49:00Z,4.22,4.26,4.19,4.2,32415.0
GCTK,2026-09-24T10:50:00Z,4.19,4.33,4.1,4.27,82635.0
GCTK,2026-09-24T10:51:00Z,4.27,4.35,4.25,4.2691,108011.0
GCTK,2026-09-24T10:52:00Z,4.2691,4.5,4.21,4.3901,263185.0
GCTK,2026-09-24T10:53:00Z,4.4,4.48,4.33,4.41,126110.0
GCTK,2026-09-24T10:54:00Z,4.4,4.46,4.3598,4.37,90967.0
GCTK,2026-09-24T10:55:00Z,4.37,4.48,4.3,4.41,90423.0
GCTK,2026-09-24T10:56:00Z,4.41,4.53,4.35,4.51,117301.0
GCTK,2026-09-24T10:57:00Z,4.52,4.61,4.46,4.49,186369.0
GCTK,2026-09-24T10:58:00Z,4.49,4.54,4.48,4.48,81923.0
GCTK,2026-09-24T10:59:00Z,4.49,4.59,4.48,4.5,82824.0
GCTK,2026-09-24T11:00:00Z,4.5,4.78,4.16,4.63,915737.0
GCTK,2026-09-24T11:01:00Z,4.63,4.65,4.34,4.35,477172.0
GCTK,2026-09-24T11:02:00Z,4.36,4.36,4.21,4.28,300227.0
GCTK,2026-09-24T11:03:00Z,4.28,4.3493,4.28,4.32,135348.0
GCTK,2026-09-24T11:04:00Z,4.33,4.33,4.21,4.3,145815.0
GCTK,2026-09-24T11:05:00Z,4.302,4.309,4.21,4.228,80255.0
GCTK,2026-09-24T11:06:00Z,4.22,4.289,4.22,4.2793,75299.0
GCTK,2026-09-24T11:07:00Z,4.28,4.41,4.28,4.41,219575.0
GCTK,2026-09-24T11:08:00Z,4.41,4.5,4.36,4.4015,265650.0
GCTK,2026-09-24T11:09:00Z,4.41,4.48,4.38,4.38,148029.0
GCTK,2026-09-24T11:10:00Z,4.3807,4.39,4.3,4.31,93295.0
GCTK,2026-09-24T11:11:00Z,4.31,4.31,4.25,4.28,99639.0
GCTK,2026-09-24T11:12:00Z,4.27,4.4,4.27,4.3593,117330.0
GCTK,2026-09-24T11:13:00Z,4.3503,4.44,4.35,4.37,132226.0
GCTK,2026-09-24T11:14:00Z,4.37,4.39,4.34,4.3502,45203.0
GCTK,2026-09-24T11:15:00Z,4.352,4.352,4.28,4.32,75914.0
GCTK,2026-09-24T11:16:00Z,4.32,4.37,4.28,4.36,56880.0
GCTK,2026-09-24T11:17:00Z,4.36,4.38,4.3,4.33,64456.0
GCTK,2026-09-24T11:18:00Z,4.332,4.332,4.28,4.298,33104.0
GCTK,2026-09-24T11:19:00Z,4.3,4.3,4.25,4.28,83600.0
GCTK,2026-09-24T11:20:00Z,4.2706,4.31,4.26,4.26,43379.0
GCTK,2026-09-24T11:21:00Z,4.27,4.28,4.25,4.28,43998.0
GCTK,2026-09-24T11:22:00Z,4.2791,4.37,4.27,4.33,102568.0
GCTK,2026-09-24T11:23:00Z,4.34,4.36,4.25,4.2794,61404.0
GCTK,2026-09-24T11:24:00Z,4.28,4.29,4.25,4.25,28229.0
GCTK,2026-09-24T11:25:00Z,4.259,4.32,4.25,4.32,50273.0
GCTK,2026-09-24T11:26:00Z,4.3117,4.32,4.25,4.27,43312.0
GCTK,2026-09-24T11:27:00Z,4.28,4.2806,4.26,4.26,16145.0
GCTK,2026-09-24T11:28:00Z,4.26,4.27,4.26,4.27,12912.0
GCTK,2026-09-24T11:29:00Z,4.27,4.27,4.21,4.21,73182.0
GCTK,2026-09-24T11:30:00Z,4.21,4.22,4.07,4.172,153698.0
GCTK,2026-09-24T11:31:00Z,4.17,4.24,4.1694,4.2018,90344.0
GCTK,2026-09-24T11:32:00Z,4.2019,4.21,4.18,4.18,25091.0
GCTK,2026-09-24T11:33:00Z,4.17,4.18,4.12,4.158,51942.0
GCTK,2026-09-24T11:34:00Z,4.1599,4.1599,4.1,4.11,42784.0
GCTK,2026-09-24T11:35:00Z,4.1008,4.13,4.09,4.128,47414.0
GCTK,2026-09-24T11:36:00Z,4.13,4.13,4.04,4.0491,34776.0
GCTK,2026-09-24T11:37:00Z,4.05,4.06,4.01,4.06,87700.0
GCTK,2026-09-24T11:38:00Z,4.06,4.0899,4.05,4.0595,47052.0
GCTK,2026-09-24T11:39:00Z,4.05,4.09,4.05,4.0885,20689.0
GCTK,2026-09-24T11:40:00Z,4.0892,4.19,4.08,4.172,71288.0
GCTK,2026-09-24T11:41:00Z,4.18,4.19,4.1,4.11,60171.0
GCTK,2026-09-24T11:42:00Z,4.11,4.15,4.1,4.1103,29871.0
GCTK,2026-09-24T11:43:00Z,4.12,4.13,4.1,4.1001,35454.0
GCTK,2026-09-24T11:44:00Z,4.1091,4.17,4.105,4.13,40121.0
GCTK,2026-09-24T11:45:00Z,4.1293,4.19,4.105,4.1597,44818.0
GCTK,2026-09-24T11:46:00Z,4.1594,4.16,4.13,4.13,22184.0
GCTK,2026-09-24T11:47:00Z,4.13,4.18,4.12,4.15,28943.0
GCTK,2026-09-24T11:48:00Z,4.15,4.16,4.13,4.138,13018.0
GCTK,2026-09-24T11:49:00Z,4.135,4.15,4.135,4.1415,8009.0
GCTK,2026-09-24T11:50:00Z,4.1493,4.15,4.14,4.1415,14831.0
GCTK,2026-09-24T11:51:00Z,4.1415,4.15,4.14,4.142,7509.0
GCTK,2026-09-24T11:52:00Z,4.14,4.15,4.12,4.13,31356.0
GCTK,2026-09-24T11:53:00Z,4.13,4.13,4.12,4.1282,21404.0
GCTK,2026-09-24T11:54:00Z,4.1219,4.16,3.86,3.87,127386.0
GCTK,2026-09-24T11:55:00Z,3.8605,3.97,3.8605,3.97,88126.0
GCTK,2026-09-24T11:56:00Z,3.97,4.0,3.9605,4.0,36380.0
GCTK,2026-09-24T11:57:00Z,4.0,4.05,4.0,4.0105,29462.0
GCTK,2026-09-24T11:58:00Z,4.0105,4.02,4.0,4.0005,21293.0
GCTK,2026-09-24T11:59:00Z,4.002,4.0095,3.92,3.95,62423.0
GCTK,2026-09-24T12:00:00Z,3.9485,3.98,3.9,3.93,48496.0
GCTK,2026-09-24T12:01:00Z,3.92,3.94,3.87,3.87,45078.0
GCTK,2026-09-24T12:02:00Z,3.87,3.97,3.87,3.96,32838.0
GCTK,2026-09-24T12:03:00Z,3.97,4.0,3.96,3.99,38779.0
GCTK,2026-09-24T12:04:00Z,3.98,3.98,3.96,3.9695,18702.0
GCTK,2026-09-24T12:05:00Z,3.9605,3.97,3.89,3.9195,41068.0
GCTK,2026-09-24T12:06:00Z,3.92,3.94,3.91,3.93,18804.0
GCTK,2026-09-24T12:07:00Z,3.94,3.94,3.91,3.9294,24694.0
GCTK,2026-09-24T12:08:00Z,3.93,4.11,3.93,4.1094,104225.0
GCTK,2026-09-24T12:09:00Z,4.1094,4.31,4.06,4.259,273539.0
GCTK,2026-09-24T12:10:00Z,4.26,4.36,4.2,4.27,309211.0
GCTK,2026-09-24T12:11:00Z,4.2701,4.34,4.1995,4.24,152553.0
GCTK,2026-09-24T12:12:00Z,4.24,4.38,4.13,4.241,348178.0
GCTK,2026-09-24T12:13:00Z,4.2402,4.32,4.2,4.22,142344.0
GCTK,2026-09-24T12:14:00Z,4.22,4.32,4.16,4.25,156417.0
GCTK,2026-09-24T12:15:00Z,4.25,4.32,4.17,4.2203,110061.0
GCTK,2026-09-24T12:16:00Z,4.23,4.3,4.22,4.27,40448.0
GCTK,2026-09-24T12:17:00Z,4.27,4.3,4.2,4.2095,36845.0
GCTK,2026-09-24T12:18:00Z,4.22,4.25,4.18,4.21,63052.0
GCTK,2026-09-24T12:19:00Z,4.2294,4.24,4.11,4.1585,58218.0
GCTK,2026-09-24T12:20:00Z,4.1591,4.24,4.15,4.21,57317.0
GCTK,2026-09-24T12:21:00Z,4.212,4.25,4.2,4.24,58084.0
GCTK,2026-09-24T12:22:00Z,4.238,4.3,4.21,4.27,77006.0
GCTK,2026-09-24T12:23:00Z,4.28,4.37,4.27,4.3404,236132.0
GCTK,2026-09-24T12:24:00Z,4.33,4.4,4.14,4.15,216774.0
GCTK,2026-09-24T12:25:00Z,4.15,4.28,4.15,4.2307,72558.0
GCTK,2026-09-24T12:26:00Z,4.232,4.34,4.22,4.3095,98566.0
GCTK,2026-09-24T12:27:00Z,4.3,4.38,4.26,4.27,131696.0
GCTK,2026-09-24T12:28:00Z,4.2758,4.33,4.24,4.24,61715.0
GCTK,2026-09-24T12:29:00Z,4.2548,4.28,4.24,4.2685,26746.0
GCTK,2026-09-24T12:30:00Z,4.2601,4.27,4.23,4.2501,36256.0
GCTK,2026-09-24T12:31:00Z,4.25,4.258,4.16,4.21,60911.0
GCTK,2026-09-24T12:32:00Z,4.19,4.25,4.19,4.21,31472.0
GCTK,2026-09-24T12:33:00Z,4.2192,4.2192,4.16,4.2,49463.0
GCTK,2026-09-24T12:34:00Z,4.19,4.23,4.19,4.22,19968.0
GCTK,2026-09-24T12:35:00Z,4.21,4.21,4.11,4.11,49101.0
GCTK,2026-09-24T12:36:00Z,4.1191,4.12,4.0101,4.07,75478.0
GCTK,2026-09-24T12:37:00Z,4.08,4.08,4.06,4.06,30293.0
GCTK,2026-09-24T12:38:00Z,4.0606,4.07,4.04,4.0497,43704.0
GCTK,2026-09-24T12:39:00Z,4.05,4.14,4.04,4.14,49866.0
GCTK,2026-09-24T12:40:00Z,4.13,4.2001,4.12,4.1702,64824.0
GCTK,2026-09-24T12:41:00Z,4.1797,4.19,4.12,4.18,54101.0
GCTK,2026-09-24T12:42:00Z,4.17,4.18,4.11,4.11,28274.0
GCTK,2026-09-24T12:43:00Z,4.12,4.13,4.09,4.11,29357.0
GCTK,2026-09-24T12:44:00Z,4.11,4.1491,4.105,4.1199,19732.0
GCTK,2026-09-24T12:45:00Z,4.11,4.11,2.25,2.4105,642326.0
GCTK,2026-09-24T12:46:00Z,2.41,2.67,2.2,2.6597,734490.0
GCTK,2026-09-24T12:47:00Z,2.655,2.73,2.39,2.48,499530.0
GCTK,2026-09-24T12:48:00Z,2.49,2.63,2.49,2.6193,216417.0
GCTK,2026-09-24T12:49:00Z,2.6,2.67,2.56,2.6195,146972.0
GCTK,2026-09-24T12:50:00Z,2.61,2.62,2.35,2.37,256723.0
GCTK,2026-09-24T12:51:00Z,2.3805,2.41,2.37,2.3891,210769.0
GCTK,2026-09-24T12:52:00Z,2.3813,2.4,2.35,2.35,119509.0
GCTK,2026-09-24T12:53:00Z,2.36,2.4,2.35,2.38,82717.0
GCTK,2026-09-24T12:54:00Z,2.38,2.41,2.37,2.3903,102117.0
GCTK,2026-09-24T12:55:00Z,2.39,2.4,2.32,2.33,106958.0
GCTK,2026-09-24T12:56:00Z,2.3202,2.4,2.3202,2.3404,102642.0
GCTK,2026-09-24T12:57:00Z,2.3403,2.35,2.25,2.2597,97252.0
GCTK,2026-09-24T12:58:00Z,2.26,2.29,2.14,2.14,228987.0
GCTK,2026-09-24T12:59:00Z,2.1404,2.17,2.12,2.14,210158.0
GCTK,2026-09-24T13:00:00Z,2.1396,2.18,2.12,2.14,118549.0
GCTK,2026-09-24T13:01:00Z,2.1396,2.16,2.12,2.1414,78701.0
GCTK,2026-09-24T13:02:00Z,2.1417,2.25,2.14,2.25,94217.0
GCTK,2026-09-24T13:03:00Z,2.24,2.28,2.19,2.1904,131480.0
GCTK,2026-09-24T13:04:00Z,2.1997,2.21,2.13,2.1385,182123.0
GCTK,2026-09-24T13:05:00Z,2.1485,2.16,2.12,2.12,71388.0
GCTK,2026-09-24T13:06:00Z,2.13,2.18,2.11,2.1786,112030.0
GCTK,2026-09-24T13:07:00Z,2.18,2.24,2.17,2.23,47979.0
GCTK,2026-09-24T13:08:00Z,2.22,2.29,2.2195,2.282,100212.0
GCTK,2026-09-24T13:09:00Z,2.2801,2.34,2.28,2.329,102130.0
GCTK,2026-09-24T13:10:00Z,2.3205,2.39,2.3205,2.34,123422.0
GCTK,2026-09-24T13:11:00Z,2.348,2.3605,2.33,2.3386,59784.0
GCTK,2026-09-24T13:12:00Z,2.3308,2.34,2.29,2.3,48628.0
GCTK,2026-09-24T13:13:00Z,2.308,2.32,2.27,2.27,22553.0
GCTK,2026-09-24T13:14:00Z,2.2782,2.2995,2.26,2.29,31360.0
GCTK,2026-09-24T13:15:00Z,2.2895,2.34,2.2805,2.34,45325.0
GCTK,2026-09-24T13:16:00Z,2.34,2.349,2.33,2.3301,39295.0
GCTK,2026-09-24T13:17:00Z,2.33,2.33,2.3,2.31,18554.0
GCTK,2026-09-24T13:18:00Z,2.3,2.3,2.26,2.2799,33169.0
GCTK,2026-09-24T13:19:00Z,2.28,2.29,2.2096,2.2394,47724.0
GCTK,2026-09-24T13:20:00Z,2.2304,2.2396,2.21,2.21,19759.0
GCTK,2026-09-24T13:21:00Z,2.2102,2.24,2.21,2.23,37694.0
GCTK,2026-09-24T13:22:00Z,2.24,2.2482,2.18,2.21,45238.0
GCTK,2026-09-24T13:23:00Z,2.22,2.2304,2.17,2.23,42371.0
GCTK,2026-09-24T13:24:00Z,2.238,2.25,2.22,2.2393,27078.0
GCTK,2026-09-24T13:25:00Z,2.24,2.3,2.24,2.29,22785.0
GCTK,2026-09-24T13:26:00Z,2.28,2.31,2.28,2.3091,28619.0
GCTK,2026-09-24T13:27:00Z,2.3098,2.31,2.29,2.31,26826.0
GCTK,2026-09-24T13:28:00Z,2.31,2.4,2.31,2.39,75622.0
GCTK,2026-09-24T13:29:00Z,2.39,2.44,2.35,2.43,77997.0
GCTK,2026-09-24T13:30:00Z,2.43,2.62,2.38,2.62,397473.0
GCTK,2026-09-24T13:31:00Z,2.62,2.92,2.61,2.715,772352.0
GCTK,2026-09-24T13:32:00Z,2.72,2.86,2.57,2.81,733003.0
GCTK,2026-09-24T13:33:00Z,2.81,2.91,2.71,2.8109,622989.0
GCTK,2026-09-24T13:34:00Z,2.815,2.91,2.8,2.9,368080.0
GCTK,2026-09-24T13:35:00Z,2.9,2.9,2.6,2.7011,437572.0
GCTK,2026-09-24T13:36:00Z,2.7,2.8,2.7,2.775,161281.0
GCTK,2026-09-24T13:37:00Z,2.77,2.94,2.75,2.9106,395368.0
GCTK,2026-09-24T13:38:00Z,2.9187,3.03,2.8101,2.9401,517461.0
GCTK,2026-09-24T13:39:00Z,2.9582,3.25,2.9112,3.2499,753489.0
GCTK,2026-09-24T13:40:00Z,3.2404,3.25,2.91,2.99,734395.0
GCTK,2026-09-24T13:41:00Z,2.9908,3.08,2.981,3.04,207145.0
GCTK,2026-09-24T13:42:00Z,3.05,3.22,3.02,3.18,471878.0
GCTK,2026-09-24T13:43:00Z,3.18,3.25,3.03,3.1601,416291.0
GCTK,2026-09-24T13:44:00Z,3.165,3.17,2.89,2.9665,609777.0
GCTK,2026-09-24T13:45:00Z,2.9501,3.11,2.94,3.0099,379788.0
GCTK,2026-09-24T13:46:00Z,3.0001,3.07,2.98,3.015,165329.0
GCTK,2026-09-24T13:47:00Z,3.02,3.04,2.75,2.829,329274.0
GCTK,2026-09-24T13:48:00Z,2.82,3.05,2.82,3.0,243465.0
GCTK,2026-09-24T13:49:00Z,3.0,3.03,2.89,2.915,185382.0
GCTK,2026-09-24T13:50:00Z,2.91,2.95,2.8902,2.9,58192.0
GCTK,2026-09-24T13:51:00Z,2.9003,2.9088,2.79,2.8622,133972.0
GCTK,2026-09-24T13:52:00Z,2.87,2.9,2.8341,2.8794,64473.0
GCTK,2026-09-24T13:53:00Z,2.88,3.05,2.86,3.03,211199.0
GCTK,2026-09-24T13:54:00Z,3.0285,3.09,2.97,3.0697,354143.0
GCTK,2026-09-24T13:55:00Z,3.06,3.09,2.88,2.9837,223300.0
GCTK,2026-09-24T13:56:00Z,2.98,2.9999,2.93,2.95,64711.0
GCTK,2026-09-24T13:57:00Z,2.9695,2.9695,2.9,2.9042,75495.0
GCTK,2026-09-24T13:58:00Z,2.9002,2.91,2.83,2.8601,116130.0
GCTK,2026-09-24T13:59:00Z,2.87,2.89,2.8,2.8,102499.0
GCTK,2026-09-24T14:00:00Z,2.805,2.82,2.661,2.72,233098.0
GCTK,2026-09-24T14:01:00Z,2.715,2.7199,2.62,2.6801,153991.0
GCTK,2026-09-24T14:02:00Z,2.6811,2.7,2.67,2.6801,81516.0
GCTK,2026-09-24T14:03:00Z,2.68,2.7,2.66,2.675,86761.0
GCTK,2026-09-24T14:04:00Z,2.67,2.683,2.59,2.62,131611.0
GCTK,2026-09-24T14:05:00Z,2.62,2.64,2.55,2.6,136117.0
GCTK,2026-09-24T14:06:00Z,2.6,2.6,2.565,2.59,58236.0
GCTK,2026-09-24T14:07:00Z,2.59,2.66,2.59,2.6438,75916.0
GCTK,2026-09-24T14:08:00Z,2.64,2.69,2.63,2.665,110959.0
GCTK,2026-09-24T14:09:00Z,2.67,2.68,2.62,2.65,58501.0
GCTK,2026-09-24T14:10:00Z,2.66,2.6686,2.59,2.5901,62985.0
GCTK,2026-09-24T14:11:00Z,2.5901,2.62,2.5801,2.605,59882.0
GCTK,2026-09-24T14:12:00Z,2.6011,2.625,2.58,2.6083,36029.0
GCTK,2026-09-24T14:13:00Z,2.6085,2.65,2.58,2.581,47581.0
GCTK,2026-09-24T14:14:00Z,2.58,2.59,2.56,2.5889,38759.0
GCTK,2026-09-24T14:15:00Z,2.59,2.5972,2.5,2.53,87486.0
GCTK,2026-09-24T14:16:00Z,2.539,2.565,2.53,2.54,43740.0
GCTK,2026-09-24T14:17:00Z,2.55,2.5555,2.5391,2.5391,30064.0
GCTK,2026-09-24T14:18:00Z,2.536,2.536,2.43,2.5093,173297.0
GCTK,2026-09-24T14:19:00Z,2.51,2.55,2.49,2.51,63266.0
GCTK,2026-09-24T14:20:00Z,2.515,2.55,2.51,2.5295,24341.0
GCTK,2026-09-24T14:21:00Z,2.53,2.62,2.53,2.615,89942.0
GCTK,2026-09-24T14:22:00Z,2.615,2.68,2.6,2.6691,205072.0
GCTK,2026-09-24T14:23:00Z,2.6687,2.6799,2.65,2.6792,46357.0
GCTK,2026-09-24T14:24:00Z,2.6707,2.7391,2.67,2.709,95171.0
GCTK,2026-09-24T14:25:00Z,2.71,2.75,2.68,2.715,138668.0
GCTK,2026-09-24T14:26:00Z,2.7154,2.77,2.69,2.7011,112731.0
GCTK,2026-09-24T14:27:00Z,2.7093,2.7095,2.65,2.6501,61511.0
GCTK,2026-09-24T14:28:00Z,2.66,2.69,2.65,2.68,42137.0
GCTK,2026-09-24T14:29:00Z,2.68,2.73,2.68,2.6911,53870.0
GCTK,2026-09-24T14:30:00Z,2.6943,2.7,2.65,2.67,61931.0
GCTK,2026-09-24T14:31:00Z,2.675,2.68,2.61,2.645,42805.0
GCTK,2026-09-24T14:32:00Z,2.645,2.656,2.64,2.6401,18967.0
GCTK,2026-09-24T14:33:00Z,2.65,2.65,2.61,2.611,27451.0
GCTK,2026-09-24T14:34:00Z,2.615,2.65,2.6008,2.6299,41190.0
GCTK,2026-09-24T14:35:00Z,2.625,2.67,2.62,2.6657,11842.0
GCTK,2026-09-24T14:36:00Z,2.6657,2.69,2.6601,2.68,29304.0
GCTK,2026-09-24T14:37:00Z,2.68,2.68,2.6501,2.6599,44240.0
GCTK,2026-09-24T14:38:00Z,2.65,2.65,2.6,2.62,30427.0
GCTK,2026-09-24T14:39:00Z,2.62,2.6347,2.6192,2.6192,11906.0
GCTK,2026-09-24T14:40:00Z,2.62,2.64,2.6001,2.625,22197.0
GCTK,2026-09-24T14:41:00Z,2.6208,2.6437,2.6208,2.63,14841.0
GCTK,2026-09-24T14:42:00Z,2.6309,2.65,2.62,2.6289,22426.0
GCTK,2026-09-24T14:43:00Z,2.62,2.62,2.53,2.5599,61436.0
GCTK,2026-09-24T14:44:00Z,2.55,2.5799,2.55,2.5635,35444.0
GCTK,2026-09-24T14:45:00Z,2.57,2.5792,2.561,2.565,7074.0
GCTK,2026-09-24T14:46:00Z,2.5699,2.57,2.56,2.57,11151.0
GCTK,2026-09-24T14:47:00Z,2.57,2.58,2.57,2.5717,2053.0
GLND,2026-09-24T08:00:00Z,2.93,2.93,2.88,2.9,10014.0
GLND,2026-09-24T08:01:00Z,2.83,2.91,2.83,2.88,12887.0
GLND,2026-09-24T08:02:00Z,2.88,2.9,2.83,2.88,32981.0
GLND,2026-09-24T08:03:00Z,2.88,2.88,2.82,2.8595,8818.0
GLND,2026-09-24T08:04:00Z,2.8507,2.8507,2.85,2.8505,1968.0
GLND,2026-09-24T08:05:00Z,2.8501,2.86,2.8195,2.8195,1819.0
GLND,2026-09-24T08:06:00Z,2.82,2.83,2.81,2.8124,2200.0
GLND,2026-09-24T08:07:00Z,2.82,2.83,2.82,2.821,2147.0
GLND,2026-09-24T08:08:00Z,2.83,2.8494,2.8206,2.8494,1337.0
GLND,2026-09-24T08:09:00Z,2.8494,2.85,2.82,2.85,15334.0
GLND,2026-09-24T08:10:00Z,2.83,2.83,2.82,2.82,1343.0
GLND,2026-09-24T08:11:00Z,2.82,2.821,2.81,2.81,6638.0
GLND,2026-09-24T08:12:00Z,2.8132,2.8205,2.81,2.8205,1886.0
GLND,2026-09-24T08:13:00Z,2.85,2.85,2.85,2.85,509.0
GLND,2026-09-24T08:14:00Z,2.83,2.83,2.8,2.8,3543.0
GLND,2026-09-24T08:15:00Z,2.8,2.8032,2.8,2.8032,989.0
GLND,2026-09-24T08:16:00Z,2.81,2.8395,2.8,2.8395,3495.0
GLND,2026-09-24T08:17:00Z,2.83,2.83,2.83,2.83,100.0
GLND,2026-09-24T08:18:00Z,2.83,2.83,2.82,2.825,2597.0
GLND,2026-09-24T08:19:00Z,2.821,2.83,2.821,2.83,2093.0
GLND,2026-09-24T08:20:00Z,2.8306,2.8306,2.8306,2.8306,547.0
GLND,2026-09-24T08:21:00Z,2.83,2.8307,2.83,2.8307,1100.0
GLND,2026-09-24T08:22:00Z,2.83,2.84,2.81,2.84,3851.0
GLND,2026-09-24T08:23:00Z,2.84,2.84,2.84,2.84,402.0
GLND,2026-09-24T08:24:00Z,2.8224,2.8224,2.8224,2.8224,192.0
GLND,2026-09-24T08:25:00Z,2.83,2.8499,2.83,2.8499,3447.0
GLND,2026-09-24T08:26:00Z,2.8499,2.8499,2.8499,2.8499,0.0
GLND,2026-09-24T08:27:00Z,2.8494,2.85,2.84,2.84,3734.0
GLND,2026-09-24T08:28:00Z,2.8495,2.85,2.84,2.85,4308.0
GLND,2026-09-24T08:29:00Z,2.85,2.85,2.8405,2.85,7607.0
GLND,2026-09-24T08:30:00Z,2.88,2.92,2.85,2.89,25845.0
GLND,2026-09-24T08:31:00Z,2.88,2.92,2.87,2.9,20636.0
GLND,2026-09-24T08:32:00Z,2.91,2.91,2.9,2.91,2916.0
GLND,2026-09-24T08:33:00Z,2.9006,2.905,2.8999,2.8999,7456.0
GLND,2026-09-24T08:34:00Z,2.89,2.89,2.87,2.87,2794.0
GLND,2026-09-24T08:35:00Z,2.88,2.9,2.8701,2.8724,10329.0
GLND,2026-09-24T08:36:00Z,2.87,2.87,2.87,2.87,175.0
GLND,2026-09-24T08:37:00Z,2.88,2.88,2.88,2.88,100.0
GLND,2026-09-24T08:38:00Z,2.87,2.9,2.87,2.9,534.0
GLND,2026-09-24T08:39:00Z,2.8824,2.91,2.8824,2.91,4044.0
GLND,2026-09-24T08:40:00Z,2.91,2.91,2.91,2.91,150.0
GLND,2026-09-24T08:41:00Z,2.91,2.91,2.9005,2.9005,1252.0
GLND,2026-09-24T08:42:00Z,2.9005,2.9005,2.9,2.9,749.0
GLND,2026-09-24T08:43:00Z,2.91,2.91,2.9,2.91,4709.0
GLND,2026-09-24T08:44:00Z,2.9006,2.9019,2.9,2.9019,800.0
GLND,2026-09-24T08:45:00Z,2.9,2.9005,2.9,2.9,1206.0
GLND,2026-09-24T08:46:00Z,2.905,2.905,2.9002,2.9002,1050.0
GLND,2026-09-24T08:47:00Z,2.9,2.9,2.875,2.875,3823.0
GLND,2026-09-24T08:48:00Z,2.87,2.87,2.85,2.85,6549.0
GLND,2026-09-24T08:49:00Z,2.83,2.8405,2.82,2.8405,5477.0
GLND,2026-09-24T08:50:00Z,2.83,2.83,2.79,2.8,5521.0
GLND,2026-09-24T08:51:00Z,2.8,2.815,2.8,2.81,715.0
GLND,2026-09-24T08:52:00Z,2.81,2.81,2.81,2.81,0.0
GLND,2026-09-24T08:53:00Z,2.81,2.81,2.81,2.81,200.0
GLND,2026-09-24T08:54:00Z,2.8006,2.83,2.8006,2.83,1006.0
GLND,2026-09-24T08:55:00Z,2.8894,2.8894,2.85,2.886,3703.0
GLND,2026-09-24T08:56:00Z,2.86,2.86,2.85,2.85,1558.0
GLND,2026-09-24T08:57:00Z,2.86,2.8768,2.86,2.8768,493.0
GLND,2026-09-24T08:58:00Z,2.8768,2.8768,2.8768,2.8768,0.0
GLND,2026-09-24T08:59:00Z,2.8768,2.8768,2.8768,2.8768,0.0
GLND,2026-09-24T09:00:00Z,2.8594,2.86,2.85,2.85,639.0
GLND,2026-09-24T09:01:00Z,2.8599,2.8599,2.8599,2.8599,4500.0
GLND,2026-09-24T09:02:00Z,2.85,2.85,2.85,2.85,926.0
GLND,2026-09-24T09:03:00Z,2.8406,2.8406,2.8406,2.8406,109.0
GLND,2026-09-24T09:04:00Z,2.8406,2.8406,2.8406,2.8406,0.0
GLND,2026-09-24T09:05:00Z,2.8594,2.8594,2.84,2.84,1064.0
GLND,2026-09-24T09:06:00Z,2.85,2.85,2.85,2.85,890.0
GLND,2026-09-24T09:07:00Z,2.85,2.85,2.85,2.85,134.0
GLND,2026-09-24T09:08:00Z,2.8524,2.8524,2.8524,2.8524,190.0
GLND,2026-09-24T09:09:00Z,2.8524,2.8524,2.8524,2.8524,0.0
GLND,2026-09-24T09:10:00Z,2.8606,2.8606,2.8606,2.8606,307.0
GLND,2026-09-24T09:11:00Z,2.8606,2.8606,2.8606,2.8606,0.0
GLND,2026-09-24T09:12:00Z,2.8606,2.8606,2.8606,2.8606,0.0
GLND,2026-09-24T09:13:00Z,2.8606,2.8606,2.8606,2.8606,0.0
GLND,2026-09-24T09:14:00Z,2.8606,2.8606,2.8606,2.8606,572.0
GLND,2026-09-24T09:15:00Z,2.861,2.87,2.861,2.87,538.0
GLND,2026-09-24T09:16:00Z,2.87,2.88,2.87,2.87,714.0
GLND,2026-09-24T09:17:00Z,2.88,2.88,2.88,2.88,154.0
GLND,2026-09-24T09:18:00Z,2.88,2.88,2.88,2.88,0.0
GLND,2026-09-24T09:19:00Z,2.88,2.88,2.88,2.88,0.0
GLND,2026-09-24T09:20:00Z,2.88,2.88,2.88,2.88,0.0
GLND,2026-09-24T09:21:00Z,2.88,2.88,2.88,2.88,0.0
GLND,2026-09-24T09:22:00Z,2.88,2.88,2.88,2.88,0.0
GLND,2026-09-24T09:23:00Z,2.88,2.88,2.88,2.88,0.0
GLND,2026-09-24T09:24:00Z,2.875,2.875,2.875,2.875,118.0
GLND,2026-09-24T09:25:00Z,2.8704,2.8704,2.8704,2.8704,192.0
GLND,2026-09-24T09:26:00Z,2.87,2.8705,2.87,2.8705,1416.0
GLND,2026-09-24T09:27:00Z,2.8705,2.8705,2.8705,2.8705,0.0
GLND,2026-09-24T09:28:00Z,2.8795,2.88,2.8795,2.88,548.0
GLND,2026-09-24T09:29:00Z,2.8895,2.8895,2.88,2.88,759.0
GLND,2026-09-24T09:30:00Z,2.89,2.89,2.89,2.89,1245.0
GLND,2026-09-24T09:31:00Z,2.89,2.9005,2.89,2.9005,1732.0
GLND,2026-09-24T09:32:00Z,2.9,2.9,2.9,2.9,160.0
GLND,2026-09-24T09:33:00Z,2.9095,2.91,2.9095,2.91,252.0
GLND,2026-09-24T09:34:00Z,2.9098,2.9098,2.9098,2.9098,1000.0
GLND,2026-09-24T09:35:00Z,2.9,2.9,2.9,2.9,942.0
GLND,2026-09-24T09:36:00Z,2.9,2.9,2.9,2.9,0.0
GLND,2026-09-24T09:37:00Z,2.905,2.905,2.901,2.901,1128.0
GLND,2026-09-24T09:38:00Z,2.901,2.901,2.9,2.9,11800.0
GLND,2026-09-24T09:39:00Z,2.9,2.9,2.9,2.9,1097.0
GLND,2026-09-24T09:40:00Z,2.9,2.9,2.8858,2.8858,306.0
GLND,2026-09-24T09:41:00Z,2.89,2.89,2.89,2.89,145.0
GLND,2026-09-24T09:42:00Z,2.88,2.88,2.88,2.88,100.0
GLND,2026-09-24T09:43:00Z,2.89,2.89,2.89,2.89,100.0
GLND,2026-09-24T09:44:00Z,2.8895,2.89,2.8895,2.89,700.0
GLND,2026-09-24T09:45:00Z,2.89,2.89,2.89,2.89,500.0
GLND,2026-09-24T09:46:00Z,2.8805,2.89,2.8805,2.89,645.0
GLND,2026-09-24T09:47:00Z,2.89,2.9,2.89,2.9,1000.0
GLND,2026-09-24T09:48:00Z,2.9,2.9,2.9,2.9,0.0
GLND,2026-09-24T09:49:00Z,2.8994,2.8994,2.8994,2.8994,100.0
GLND,2026-09-24T09:50:00Z,2.89,2.89,2.89,2.89,295.0
GLND,2026-09-24T09:51:00Z,2.89,2.89,2.89,2.89,0.0
GLND,2026-09-24T09:52:00Z,2.8905,2.8905,2.8905,2.8905,120.0
GLND,2026-09-24T09:53:00Z,2.895,2.895,2.83,2.83,18023.0
GLND,2026-09-24T09:54:00Z,2.8305,2.8305,2.8305,2.8305,346.0
GLND,2026-09-24T09:55:00Z,2.8305,2.8305,2.8305,2.8305,0.0
GLND,2026-09-24T09:56:00Z,2.8305,2.8305,2.83,2.83,806.0
GLND,2026-09-24T09:57:00Z,2.83,2.84,2.83,2.84,500.0
GLND,2026-09-24T09:58:00Z,2.85,2.85,2.84,2.8406,698.0
GLND,2026-09-24T09:59:00Z,2.8406,2.8406,2.8406,2.8406,0.0
GLND,2026-09-24T10:00:00Z,2.8406,2.8406,2.8406,2.8406,0.0
GLND,2026-09-24T10:01:00Z,2.8406,2.8406,2.8406,2.8406,0.0
GLND,2026-09-24T10:02:00Z,2.8406,2.8406,2.8406,2.8406,0.0
GLND,2026-09-24T10:03:00Z,2.8406,2.8406,2.8406,2.8406,0.0
GLND,2026-09-24T10:04:00Z,2.8406,2.8406,2.8406,2.8406,0.0
GLND,2026-09-24T10:05:00Z,2.85,2.85,2.85,2.85,130.0
GLND,2026-09-24T10:06:00Z,2.86,2.86,2.86,2.86,105.0
GLND,2026-09-24T10:07:00Z,2.86,2.86,2.86,2.86,1000.0
GLND,2026-09-24T10:08:00Z,2.86,2.86,2.86,2.86,0.0
GLND,2026-09-24T10:09:00Z,2.86,2.86,2.85,2.85,652.0
GLND,2026-09-24T10:10:00Z,2.8495,2.8495,2.8495,2.8495,100.0
GLND,2026-09-24T10:11:00Z,2.84,2.8406,2.84,2.84,1071.0
GLND,2026-09-24T10:12:00Z,2.84,2.84,2.84,2.84,0.0
GLND,2026-09-24T10:13:00Z,2.84,2.84,2.84,2.84,1005.0
GLND,2026-09-24T10:14:00Z,2.85,2.85,2.85,2.85,2663.0
GLND,2026-09-24T10:15:00Z,2.8405,2.85,2.8405,2.85,957.0
GLND,2026-09-24T10:16:00Z,2.85,2.85,2.85,2.85,0.0
GLND,2026-09-24T10:17:00Z,2.85,2.85,2.85,2.85,0.0
GLND,2026-09-24T10:18:00Z,2.85,2.85,2.85,2.85,0.0
GLND,2026-09-24T10:19:00Z,2.8697,2.8697,2.8697,2.8697,2353.0
GLND,2026-09-24T10:20:00Z,2.8605,2.8605,2.8605,2.8605,1365.0
GLND,2026-09-24T10:21:00Z,2.87,2.87,2.87,2.87,514.0
GLND,2026-09-24T10:22:00Z,2.87,2.9,2.8676,2.87,2357.0
GLND,2026-09-24T10:23:00Z,2.87,2.9,2.8404,2.9,5726.0
GLND,2026-09-24T10:24:00Z,2.9,2.9,2.9,2.9,0.0
GLND,2026-09-24T10:25:00Z,2.9,2.9,2.9,2.9,0.0
GLND,2026-09-24T10:26:00Z,2.87,2.87,2.87,2.87,131.0
GLND,2026-09-24T10:27:00Z,2.88,2.9,2.88,2.9,2433.0
GLND,2026-09-24T10:28:00Z,2.8906,2.92,2.8906,2.91,3593.0
GLND,2026-09-24T10:29:00Z,2.91,2.91,2.91,2.91,249.0
GLND,2026-09-24T10:30:00Z,2.91,2.91,2.91,2.91,0.0
GLND,2026-09-24T10:31:00Z,2.9105,2.9105,2.9105,2.9105,419.0
GLND,2026-09-24T10:32:00Z,2.91,2.91,2.91,2.91,600.0
GLND,2026-09-24T10:33:00Z,2.92,2.9292,2.92,2.9292,322.0
GLND,2026-09-24T10:34:00Z,2.9,2.9,2.9,2.9,1700.0
GLND,2026-09-24T10:35:00Z,2.91,2.9129,2.9,2.9,2394.0
GLND,2026-09-24T10:36:00Z,2.91,2.9151,2.9,2.9,2524.0
GLND,2026-09-24T10:37:00Z,2.9,2.9,2.9,2.9,0.0
GLND,2026-09-24T10:38:00Z,2.9,2.9,2.9,2.9,582.0
GLND,2026-09-24T10:39:00Z,2.9,2.9,2.9,2.9,0.0
GLND,2026-09-24T10:40:00Z,2.9,2.9,2.9,2.9,0.0
GLND,2026-09-24T10:41:00Z,2.89,2.89,2.87,2.87,2981.0
GLND,2026-09-24T10:42:00Z,2.8807,2.8807,2.8807,2.8807,115.0
GLND,2026-09-24T10:43:00Z,2.89,2.89,2.8896,2.89,2817.0
GLND,2026-09-24T10:44:00Z,2.89,2.89,2.89,2.89,2683.0
GLND,2026-09-24T10:45:00Z,2.8895,2.8895,2.88,2.88,388.0
GLND,2026-09-24T10:46:00Z,2.89,2.89,2.89,2.89,400.0
GLND,2026-09-24T10:47:00Z,2.89,2.89,2.89,2.89,915.0
GLND,2026-09-24T10:48:00Z,2.88,2.88,2.88,2.88,127.0
GLND,2026-09-24T10:49:00Z,2.88,2.88,2.88,2.88,0.0
GLND,2026-09-24T10:50:00Z,2.87,2.88,2.87,2.88,1240.0
GLND,2026-09-24T10:51:00Z,2.88,2.88,2.88,2.88,2305.0
GLND,2026-09-24T10:52:00Z,2.88,2.88,2.87,2.87,3646.0
GLND,2026-09-24T10:53:00Z,2.87,2.87,2.87,2.87,1900.0
GLND,2026-09-24T10:54:00Z,2.87,2.87,2.87,2.87,0.0
GLND,2026-09-24T10:55:00Z,2.87,2.87,2.87,2.87,0.0
GLND,2026-09-24T10:56:00Z,2.87,2.87,2.87,2.87,0.0
GLND,2026-09-24T10:57:00Z,2.87,2.87,2.87,2.87,0.0
GLND,2026-09-24T10:58:00Z,2.88,2.88,2.88,2.88,100.0
GLND,2026-09-24T10:59:00Z,2.91,2.91,2.91,2.91,229.0
GLND,2026-09-24T11:00:00Z,2.8805,2.8846,2.8407,2.85,19879.0
GLND,2026-09-24T11:01:00Z,2.845,2.85,2.8402,2.849,8633.0
GLND,2026-09-24T11:02:00Z,2.85,2.85,2.84,2.84,1033.0
GLND,2026-09-24T11:03:00Z,2.84,2.85,2.84,2.8415,8702.0
GLND,2026-09-24T11:04:00Z,2.84,2.85,2.84,2.85,5539.0
GLND,2026-09-24T11:05:00Z,2.86,2.86,2.85,2.85,600.0
GLND,2026-09-24T11:06:00Z,2.852,2.852,2.852,2.852,4000.0
GLND,2026-09-24T11:07:00Z,2.85,2.87,2.85,2.87,11729.0
GLND,2026-09-24T11:08:00Z,2.88,2.88,2.87,2.87,4851.0
GLND,2026-09-24T11:09:00Z,2.8705,2.8705,2.8705,2.8705,1027.0
GLND,2026-09-24T11:10:00Z,2.8798,2.88,2.865,2.88,5800.0
GLND,2026-09-24T11:11:00Z,2.88,2.88,2.87,2.87,2492.0
GLND,2026-09-24T11:12:00Z,2.86,2.88,2.85,2.85,7439.0
GLND,2026-09-24T11:13:00Z,2.85,2.855,2.85,2.855,1878.0
GLND,2026-09-24T11:14:00Z,2.8606,2.8606,2.8606,2.8606,300.0
GLND,2026-09-24T11:15:00Z,2.861,2.861,2.8606,2.8606,600.0
GLND,2026-09-24T11:16:00Z,2.86,2.87,2.86,2.86,5000.0
GLND,2026-09-24T11:17:00Z,2.86,2.86,2.86,2.86,243.0
GLND,2026-09-24T11:18:00Z,2.87,2.8796,2.87,2.8795,611.0
GLND,2026-09-24T11:19:00Z,2.8769,2.88,2.86,2.88,2331.0
GLND,2026-09-24T11:20:00Z,2.88,2.88,2.88,2.88,0.0
GLND,2026-09-24T11:21:00Z,2.88,2.89,2.876,2.89,6946.0
GLND,2026-09-24T11:22:00Z,2.8902,2.8902,2.89,2.89,931.0
GLND,2026-09-24T11:23:00Z,2.89,2.9,2.88,2.88,10109.0
GLND,2026-09-24T11:24:00Z,2.87,2.89,2.86,2.89,2170.0
GLND,2026-09-24T11:25:00Z,2.89,2.89,2.8805,2.89,1052.0
GLND,2026-09-24T11:26:00Z,2.89,2.89,2.89,2.89,0.0
GLND,2026-09-24T11:27:00Z,2.8907,2.9263,2.8907,2.9001,9665.0
GLND,2026-09-24T11:28:00Z,2.9,2.93,2.9,2.91,25510.0
GLND,2026-09-24T11:29:00Z,2.92,2.92,2.92,2.92,100.0
GLND,2026-09-24T11:30:00Z,2.9154,2.926,2.8962,2.91,5967.0
GLND,2026-09-24T11:31:00Z,2.92,2.92,2.91,2.91,7203.0
GLND,2026-09-24T11:32:00Z,2.91,2.9197,2.91,2.9197,744.0
GLND,2026-09-24T11:33:00Z,2.92,2.92,2.91,2.9195,3356.0
GLND,2026-09-24T11:34:00Z,2.92,2.9295,2.9195,2.925,1295.0
GLND,2026-09-24T11:35:00Z,2.929,3.0,2.925,2.9982,61425.0
GLND,2026-09-24T11:36:00Z,2.998,3.1,2.98,3.1,134109.0
GLND,2026-09-24T11:37:00Z,3.1,3.19,3.09,3.1791,192997.0
GLND,2026-09-24T11:38:00Z,3.1701,3.18,3.0503,3.15,175129.0
GLND,2026-09-24T11:39:00Z,3.1405,3.15,3.07,3.07,59341.0
GLND,2026-09-24T11:40:00Z,3.065,3.12,3.0501,3.1094,76414.0
GLND,2026-09-24T11:41:00Z,3.11,3.14,3.1,3.13,62960.0
GLND,2026-09-24T11:42:00Z,3.14,3.18,3.14,3.17,109624.0
GLND,2026-09-24T11:43:00Z,3.17,3.2,3.16,3.19,131359.0
GLND,2026-09-24T11:44:00Z,3.1901,3.1999,3.08,3.14,142554.0
GLND,2026-09-24T11:45:00Z,3.1495,3.1495,3.07,3.07,83240.0
GLND,2026-09-24T11:46:00Z,3.0795,3.0795,3.03,3.0305,78599.0
GLND,2026-09-24T11:47:00Z,3.0399,3.04,2.93,2.97,103900.0
GLND,2026-09-24T11:48:00Z,2.9695,3.06,2.9303,3.05,98720.0
GLND,2026-09-24T11:49:00Z,3.06,3.06,3.0297,3.0297,49137.0
GLND,2026-09-24T11:50:00Z,3.0283,3.07,3.0205,3.07,17401.0
GLND,2026-09-24T11:51:00Z,3.06,3.0699,3.0,3.0105,42168.0
GLND,2026-09-24T11:52:00Z,3.0105,3.0345,3.0015,3.011,12806.0
GLND,2026-09-24T11:53:00Z,3.0294,3.04,3.02,3.031,18945.0
GLND,2026-09-24T11:54:00Z,3.03,3.0999,3.03,3.0995,112614.0
GLND,2026-09-24T11:55:00Z,3.092,3.0993,3.05,3.052,35506.0
GLND,2026-09-24T11:56:00Z,3.0515,3.0599,2.99,3.0,80254.0
GLND,2026-09-24T11:57:00Z,3.0099,3.03,3.0005,3.0209,42518.0
GLND,2026-09-24T11:58:00Z,3.0297,3.03,3.02,3.028,12580.0
GLND,2026-09-24T11:59:00Z,3.0295,3.06,3.0295,3.058,14732.0
GLND,2026-09-24T12:00:00Z,3.0598,3.09,3.0598,3.08,16181.0
GLND,2026-09-24T12:01:00Z,3.0819,3.09,3.08,3.0894,35156.0
GLND,2026-09-24T12:02:00Z,3.09,3.0995,3.04,3.05,40231.0
GLND,2026-09-24T12:03:00Z,3.0515,3.0899,3.04,3.06,30753.0
GLND,2026-09-24T12:04:00Z,3.05,3.08,3.05,3.0605,51814.0
GLND,2026-09-24T12:05:00Z,3.068,3.07,3.06,3.06,8687.0
GLND,2026-09-24T12:06:00Z,3.061,3.061,3.018,3.018,15219.0
GLND,2026-09-24T12:07:00Z,3.01,3.04,3.01,3.04,14487.0
GLND,2026-09-24T12:08:00Z,3.05,3.08,3.05,3.08,14175.0
GLND,2026-09-24T12:09:00Z,3.08,3.08,3.07,3.08,3906.0
GLND,2026-09-24T12:10:00Z,3.0795,3.08,3.07,3.078,17790.0
GLND,2026-09-24T12:11:00Z,3.08,3.08,3.04,3.0402,14907.0
GLND,2026-09-24T12:12:00Z,3.0495,3.08,3.04,3.08,9926.0
GLND,2026-09-24T12:13:00Z,3.0781,3.09,3.0703,3.0805,30530.0
GLND,2026-09-24T12:14:00Z,3.0801,3.09,3.08,3.09,24445.0
GLND,2026-09-24T12:15:00Z,3.085,3.1,3.08,3.1,12964.0
GLND,2026-09-24T12:16:00Z,3.1,3.1,3.06,3.0695,35596.0
GLND,2026-09-24T12:17:00Z,3.06,3.0793,3.05,3.055,7897.0
GLND,2026-09-24T12:18:00Z,3.055,3.08,3.05,3.075,28429.0
GLND,2026-09-24T12:19:00Z,3.0785,3.1,3.0785,3.09,11440.0
GLND,2026-09-24T12:20:00Z,3.0998,3.12,3.0998,3.11,43842.0
GLND,2026-09-24T12:21:00Z,3.1117,3.12,3.1,3.1001,26968.0
GLND,2026-09-24T12:22:00Z,3.1091,3.12,3.1,3.12,22110.0
GLND,2026-09-24T12:23:00Z,3.12,3.12,3.11,3.1195,17271.0
GLND,2026-09-24T12:24:00Z,3.1199,3.12,3.11,3.12,5750.0
GLND,2026-09-24T12:25:00Z,3.1195,3.12,3.11,3.1195,10947.0
GLND,2026-09-24T12:26:00Z,3.11,3.1199,3.1095,3.11,10141.0
GLND,2026-09-24T12:27:00Z,3.11,3.116,3.09,3.098,29771.0
GLND,2026-09-24T12:28:00Z,3.1,3.11,3.09,3.1,2766.0
GLND,2026-09-24T12:29:00Z,3.1,3.13,3.1,3.13,22993.0
GLND,2026-09-24T12:30:00Z,3.1299,3.16,3.1299,3.16,20713.0
GLND,2026-09-24T12:31:00Z,3.16,3.16,3.14,3.14,25605.0
GLND,2026-09-24T12:32:00Z,3.1498,3.15,3.13,3.14,37678.0
GLND,2026-09-24T12:33:00Z,3.13,3.1397,3.12,3.1397,13196.0
GLND,2026-09-24T12:34:00Z,3.1205,3.13,3.12,3.1201,10535.0
GLND,2026-09-24T12:35:00Z,3.1205,3.13,3.12,3.1205,35876.0
GLND,2026-09-24T12:36:00Z,3.1286,3.13,3.11,3.12,17737.0
GLND,2026-09-24T12:37:00Z,3.11,3.12,3.11,3.1106,16913.0
GLND,2026-09-24T12:38:00Z,3.12,3.12,3.11,3.1105,13817.0
GLND,2026-09-24T12:39:00Z,3.11,3.1199,3.11,3.11,5210.0
GLND,2026-09-24T12:40:00Z,3.1186,3.12,3.11,3.11,4740.0
GLND,2026-09-24T12:41:00Z,3.1185,3.12,3.11,3.1199,7948.0
GLND,2026-09-24T12:42:00Z,3.1106,3.12,3.11,3.11,3836.0
GLND,2026-09-24T12:43:00Z,3.11,3.11,3.07,3.07,44495.0
GLND,2026-09-24T12:44:00Z,3.0705,3.0705,3.05,3.0615,13175.0
GLND,2026-09-24T12:45:00Z,3.0697,3.0715,3.06,3.07,3570.0
GLND,2026-09-24T12:46:00Z,3.0798,3.08,3.07,3.07,17349.0
GLND,2026-09-24T12:47:00Z,3.08,3.08,3.07,3.07,37804.0
GLND,2026-09-24T12:48:00Z,3.07,3.07,3.06,3.0615,10288.0
GLND,2026-09-24T12:49:00Z,3.06,3.06,3.05,3.0506,18629.0
GLND,2026-09-24T12:50:00Z,3.05,3.052,3.05,3.05,7259.0
GLND,2026-09-24T12:51:00Z,3.05,3.07,3.05,3.07,5163.0
GLND,2026-09-24T12:52:00Z,3.07,3.09,3.05,3.09,6670.0
GLND,2026-09-24T12:53:00Z,3.08,3.11,3.07,3.11,17943.0
GLND,2026-09-24T12:54:00Z,3.12,3.12,3.1,3.11,8608.0
GLND,2026-09-24T12:55:00Z,3.11,3.11,3.08,3.0885,16421.0
GLND,2026-09-24T12:56:00Z,3.0897,3.0897,3.08,3.08,2503.0
GLND,2026-09-24T12:57:00Z,3.0795,3.08,3.0705,3.0795,23042.0
GLND,2026-09-24T12:58:00Z,3.0705,3.09,3.07,3.0706,4194.0
GLND,2026-09-24T12:59:00Z,3.08,3.09,3.08,3.09,500.0
GLND,2026-09-24T13:00:00Z,3.0899,3.09,3.08,3.0807,2637.0
GLND,2026-09-24T13:01:00Z,3.0895,3.09,3.08,3.08,12704.0
GLND,2026-09-24T13:02:00Z,3.09,3.09,3.0803,3.09,11962.0
GLND,2026-09-24T13:03:00Z,3.09,3.1,3.09,3.1,5203.0
GLND,2026-09-24T13:04:00Z,3.1,3.11,3.09,3.1085,14079.0
GLND,2026-09-24T13:05:00Z,3.11,3.11,3.1,3.11,6189.0
GLND,2026-09-24T13:06:00Z,3.108,3.11,3.1,3.1098,7756.0
GLND,2026-09-24T13:07:00Z,3.1001,3.1097,3.1,3.1,2794.0
GLND,2026-09-24T13:08:00Z,3.1001,3.11,3.1,3.1019,5698.0
GLND,2026-09-24T13:09:00Z,3.11,3.11,3.1,3.1,8674.0
GLND,2026-09-24T13:10:00Z,3.1005,3.12,3.1,3.12,25453.0
GLND,2026-09-24T13:11:00Z,3.12,3.1298,3.1185,3.1298,7503.0
GLND,2026-09-24T13:12:00Z,3.1205,3.15,3.12,3.1498,35929.0
GLND,2026-09-24T13:13:00Z,3.1499,3.15,3.13,3.14,21462.0
GLND,2026-09-24T13:14:00Z,3.1399,3.15,3.13,3.135,22296.0
GLND,2026-09-24T13:15:00Z,3.135,3.1409,3.13,3.1399,42672.0
GLND,2026-09-24T13:16:00Z,3.14,3.14,3.1,3.1094,26918.0
GLND,2026-09-24T13:17:00Z,3.1001,3.12,3.1,3.1101,27641.0
GLND,2026-09-24T13:18:00Z,3.1,3.13,3.1,3.12,21980.0
GLND,2026-09-24T13:19:00Z,3.1286,3.14,3.11,3.13,15704.0
GLND,2026-09-24T13:20:00Z,3.11,3.14,3.11,3.139,14168.0
GLND,2026-09-24T13:21:00Z,3.1305,3.16,3.1303,3.1599,68156.0
GLND,2026-09-24T13:22:00Z,3.16,3.2,3.15,3.19,62487.0
GLND,2026-09-24T13:23:00Z,3.19,3.2,3.17,3.18,69193.0
GLND,2026-09-24T13:24:00Z,3.19,3.23,3.18,3.2196,75828.0
GLND,2026-09-24T13:25:00Z,3.21,3.22,3.15,3.162,98518.0
GLND,2026-09-24T13:26:00Z,3.16,3.1797,3.16,3.1795,6673.0
GLND,2026-09-24T13:27:00Z,3.1703,3.18,3.17,3.17,11545.0
GLND,2026-09-24T13:28:00Z,3.18,3.18,3.17,3.1799,12595.0
GLND,2026-09-24T13:29:00Z,3.1705,3.215,3.1705,3.2105,23351.0
GLND,2026-09-24T13:30:00Z,3.215,3.29,3.19,3.232,542881.0
GLND,2026-09-24T13:31:00Z,3.2387,3.5,3.2301,3.42,911062.0
GLND,2026-09-24T13:32:00Z,3.4186,3.48,3.365,3.3924,542541.0
GLND,2026-09-24T13:33:00Z,3.3935,3.4,3.31,3.3119,358434.0
GLND,2026-09-24T13:34:00Z,3.312,3.35,3.3,3.335,333450.0
GLND,2026-09-24T13:35:00Z,3.34,3.361,3.33,3.3314,171667.0
GLND,2026-09-24T13:36:00Z,3.33,3.45,3.295,3.445,507625.0
GLND,2026-09-24T13:37:00Z,3.4459,3.46,3.41,3.4224,390119.0
GLND,2026-09-24T13:38:00Z,3.42,3.44,3.4,3.4,220192.0
GLND,2026-09-24T13:39:00Z,3.406,3.56,3.4,3.535,543451.0
GLND,2026-09-24T13:40:00Z,3.54,3.7,3.52,3.585,1091445.0
GLND,2026-09-24T13:41:00Z,3.585,3.69,3.58,3.6699,523363.0
GLND,2026-09-24T13:42:00Z,3.665,3.6699,3.6,3.63,400837.0
GLND,2026-09-24T13:43:00Z,3.63,3.72,3.58,3.72,531504.0
GLND,2026-09-24T13:44:00Z,3.7199,3.8691,3.7,3.845,1047209.0
GLND,2026-09-24T13:45:00Z,3.845,4.0,3.8,3.955,1577495.0
GLND,2026-09-24T13:46:00Z,3.955,3.99,3.81,3.99,1008770.0
GLND,2026-09-24T13:47:00Z,3.9899,4.12,3.82,4.0701,1532670.0
GLND,2026-09-24T13:48:00Z,4.0899,4.19,3.9601,4.01,1712473.0
GLND,2026-09-24T13:49:00Z,4.02,4.09,3.95,4.025,901056.0
GLND,2026-09-24T13:50:00Z,4.022,4.03,3.83,3.8301,1064464.0
GLND,2026-09-24T13:51:00Z,3.85,4.03,3.82,3.975,744120.0
GLND,2026-09-24T13:52:00Z,3.9799,4.02,3.96,3.9601,450384.0
GLND,2026-09-24T13:53:00Z,3.96,4.31,3.96,4.23,1370025.0
GLND,2026-09-24T13:54:00Z,4.22,4.245,4.13,4.16,939106.0
GLND,2026-09-24T13:55:00Z,4.155,4.3099,4.12,4.23,1164713.0
GLND,2026-09-24T13:56:00Z,4.23,4.2899,4.07,4.1619,863931.0
GLND,2026-09-24T13:57:00Z,4.17,4.35,4.16,4.305,1088170.0
GLND,2026-09-24T13:58:00Z,4.305,4.35,4.25,4.29,799276.0
GLND,2026-09-24T13:59:00Z,4.28,4.53,4.2739,4.45,1693474.0
GLND,2026-09-24T14:00:00Z,4.44,4.62,4.38,4.615,1894053.0
GLND,2026-09-24T14:01:00Z,4.615,4.83,4.57,4.81,1591250.0
GLND,2026-09-24T14:02:00Z,4.81,4.94,4.7301,4.895,2181318.0
GLND,2026-09-24T14:03:00Z,4.895,4.98,4.7,4.9299,2100927.0
GLND,2026-09-24T14:04:00Z,4.9292,4.94,4.79,4.825,1383924.0
GLND,2026-09-24T14:05:00Z,4.83,4.83,4.51,4.6097,2180666.0
GLND,2026-09-24T14:06:00Z,4.6,4.72,4.5402,4.7,1040728.0
GLND,2026-09-24T14:07:00Z,4.695,4.72,4.56,4.5999,811881.0
GLND,2026-09-24T14:08:00Z,4.6,4.68,4.58,4.6401,499197.0
GLND,2026-09-24T14:09:00Z,4.65,4.8,4.64,4.7001,854790.0
GLND,2026-09-24T14:10:00Z,4.705,4.71,4.4501,4.5777,1147958.0
GLND,2026-09-24T14:11:00Z,4.57,4.69,4.56,4.635,357700.0
GLND,2026-09-24T14:12:00Z,4.64,5.0,4.64,4.73,2003534.0
GLND,2026-09-24T14:13:00Z,4.721,4.77,4.655,4.66,826119.0
GLND,2026-09-24T14:14:00Z,4.66,4.6799,4.57,4.5901,650818.0
GLND,2026-09-24T14:15:00Z,4.5908,4.6,4.5,4.5617,656160.0
GLND,2026-09-24T14:16:00Z,4.56,4.5699,4.34,4.4101,920874.0
GLND,2026-09-24T14:17:00Z,4.415,4.54,4.4026,4.4703,624000.0
GLND,2026-09-24T14:18:00Z,4.4701,4.56,4.47,4.5101,352126.0
GLND,2026-09-24T14:19:00Z,4.515,4.69,4.4601,4.64,661903.0
GLND,2026-09-24T14:20:00Z,4.6303,4.72,4.6,4.6601,607869.0
GLND,2026-09-24T14:21:00Z,4.66,4.76,4.66,4.745,701438.0
GLND,2026-09-24T14:22:00Z,4.7458,4.76,4.66,4.7099,635559.0
GLND,2026-09-24T14:23:00Z,4.7003,4.73,4.68,4.71,342834.0
GLND,2026-09-24T14:24:00Z,4.7102,4.7102,4.61,4.6399,425589.0
GLND,2026-09-24T14:25:00Z,4.6369,4.6399,4.5,4.51,449666.0
GLND,2026-09-24T14:26:00Z,4.5,4.54,4.46,4.5091,557091.0
GLND,2026-09-24T14:27:00Z,4.505,4.5138,4.47,4.485,294596.0
GLND,2026-09-24T14:28:00Z,4.4898,4.54,4.43,4.445,445095.0
GLND,2026-09-24T14:29:00Z,4.4422,4.48,4.31,4.38,650198.0
GLND,2026-09-24T14:30:00Z,4.3801,4.42,4.36,4.415,382667.0
GLND,2026-09-24T14:31:00Z,4.4172,4.42,4.26,4.2815,417694.0
GLND,2026-09-24T14:32:00Z,4.2899,4.34,4.24,4.325,667899.0
GLND,2026-09-24T14:33:00Z,4.3252,4.39,4.31,4.335,401274.0
GLND,2026-09-24T14:34:00Z,4.33,4.4,4.33,4.3432,316639.0
GLND,2026-09-24T14:35:00Z,4.3421,4.37,4.23,4.2599,361756.0
GLND,2026-09-24T14:36:00Z,4.2518,4.31,4.19,4.2967,530030.0
GLND,2026-09-24T14:37:00Z,4.295,4.34,4.2924,4.3299,188433.0
GLND,2026-09-24T14:38:00Z,4.32,4.33,4.29,4.295,276085.0
GLND,2026-09-24T14:39:00Z,4.3,4.32,4.27,4.32,145083.0
GLND,2026-09-24T14:40:00Z,4.31,4.33,4.27,4.32,183312.0
GLND,2026-09-24T14:41:00Z,4.318,4.35,4.28,4.2822,197578.0
GLND,2026-09-24T14:42:00Z,4.285,4.29,4.23,4.2401,197883.0
GLND,2026-09-24T14:43:00Z,4.2422,4.42,4.24,4.405,520125.0
GLND,2026-09-24T14:44:00Z,4.4,4.43,4.37,4.385,400681.0
GLND,2026-09-24T14:45:00Z,4.385,4.39,4.34,4.365,200813.0
GLND,2026-09-24T14:46:00Z,4.365,4.5,4.36,4.4501,493977.0
GLND,2026-09-24T14:47:00Z,4.45,4.46,4.41,4.421,308836.0
GLND,2026-09-24T14:48:00Z,4.425,4.46,4.38,4.43,327466.0
GLND,2026-09-24T14:49:00Z,4.4398,4.4699,4.4,4.4101,185204.0
GLND,2026-09-24T14:50:00Z,4.418,4.46,4.39,4.4286,223708.0
GLND,2026-09-24T14:51:00Z,4.4202,4.51,4.4202,4.505,396037.0
GLND,2026-09-24T14:52:00Z,4.501,4.59,4.5,4.5886,536870.0
GLND,2026-09-24T14:53:00Z,4.58,4.59,4.55,4.5678,411613.0
GLND,2026-09-24T14:54:00Z,4.565,4.64,4.54,4.5801,787302.0
GLND,2026-09-24T14:55:00Z,4.5818,4.62,4.54,4.5561,347013.0
GLND,2026-09-24T14:56:00Z,4.5507,4.56,4.44,4.4599,395303.0
GLND,2026-09-24T14:57:00Z,4.455,4.52,4.455,4.51,261788.0
GLND,2026-09-24T14:58:00Z,4.505,4.64,4.48,4.6099,481610.0
GLND,2026-09-24T14:59:00Z,4.6014,4.64,4.57,4.62,362102.0
GLND,2026-09-24T15:00:00Z,4.61,4.645,4.57,4.582,333326.0
GLND,2026-09-24T15:01:00Z,4.59,4.65,4.5101,4.5291,422363.0
GLND,2026-09-24T15:02:00Z,4.525,4.6,4.49,4.575,305759.0
GLND,2026-09-24T15:03:00Z,4.58,4.58,4.53,4.565,133873.0
GLND,2026-09-24T15:04:00Z,4.565,4.66,4.55,4.645,301782.0
GLND,2026-09-24T15:05:00Z,4.648,4.69,4.61,4.6436,416828.0
GLND,2026-09-24T15:06:00Z,4.65,4.8,4.635,4.7353,839842.0
GLND,2026-09-24T15:07:00Z,4.735,4.89,4.7302,4.89,833032.0
GLND,2026-09-24T15:08:00Z,4.89,4.94,4.78,4.78,1240403.0
GLND,2026-09-24T15:09:00Z,4.79,4.82,4.52,4.6401,1212004.0
GLND,2026-09-24T15:10:00Z,4.6499,4.7,4.19,4.3201,1177020.0
GLND,2026-09-24T15:11:00Z,4.325,4.34,4.02,4.2945,1275807.0
GLND,2026-09-24T15:12:00Z,4.2901,4.44,4.27,4.38,953671.0
GLND,2026-09-24T15:13:00Z,4.3796,4.47,4.35,4.4401,396279.0
GLND,2026-09-24T15:14:00Z,4.44,4.55,4.42,4.485,426025.0
GLND,2026-09-24T15:15:00Z,4.49,4.5,4.42,4.465,247917.0
GLND,2026-09-24T15:16:00Z,4.47,4.47,4.35,4.4105,298088.0
GLND,2026-09-24T15:17:00Z,4.4001,4.48,4.4,4.4302,171094.0
GLND,2026-09-24T15:18:00Z,4.4399,4.46,4.42,4.435,109409.0
GLND,2026-09-24T15:19:00Z,4.435,4.48,4.4346,4.4598,115398.0
GLND,2026-09-24T15:20:00Z,4.455,4.47,4.39,4.3901,186353.0
GLND,2026-09-24T15:21:00Z,4.39,4.45,4.39,4.4447,114620.0
GLND,2026-09-24T15:22:00Z,4.4453,4.4678,4.44,4.445,96136.0
GLND,2026-09-24T15:23:00Z,4.45,4.46,4.43,4.452,95266.0
GLND,2026-09-24T15:24:00Z,4.455,4.6,4.45,4.525,369360.0
GLND,2026-09-24T15:25:00Z,4.5283,4.53,4.49,4.4956,144512.0
GLND,2026-09-24T15:26:00Z,4.49,4.51,4.49,4.5001,75800.0
GLND,2026-09-24T15:27:00Z,4.505,4.53,4.39,4.4101,304451.0
GLND,2026-09-24T15:28:00Z,4.4101,4.49,4.41,4.48,118432.0
GLND,2026-09-24T15:29:00Z,4.48,4.5,4.46,4.4999,114610.0
GLND,2026-09-24T15:30:00Z,4.495,4.5,4.43,4.445,127746.0
GLND,2026-09-24T15:31:00Z,4.4475,4.4487,4.42,4.4202,41699.0
GRML,2026-09-24T08:00:00Z,12.9,13.64,12.21,13.56,130031.0
GRML,2026-09-24T08:01:00Z,13.32,13.53,12.15,12.94,97118.0
GRML,2026-09-24T08:02:00Z,12.84,13.46,12.27,13.14,101583.0
GRML,2026-09-24T08:03:00Z,13.19,13.69,12.71,13.64,50860.0
GRML,2026-09-24T08:04:00Z,13.68,13.69,13.45,13.46,16555.0
GRML,2026-09-24T08:05:00Z,13.45,14.03,13.45,13.91,36445.0
GRML,2026-09-24T08:06:00Z,13.9,14.17,13.9,14.17,32222.0
GRML,2026-09-24T08:07:00Z,14.19,14.49,14.16,14.31,60602.0
GRML,2026-09-24T08:08:00Z,14.3,15.3,14.05,14.1,117947.0
GRML,2026-09-24T08:09:00Z,14.05,14.5,13.9,14.4,44328.0
GRML,2026-09-24T08:10:00Z,14.39,14.4,14.33,14.33,19410.0
GRML,2026-09-24T08:11:00Z,14.31,14.31,14.0,14.17,28051.0
GRML,2026-09-24T08:12:00Z,14.12,14.15,14.0,14.0,13997.0
GRML,2026-09-24T08:13:00Z,14.01,14.01,13.98,13.98,5292.0
GRML,2026-09-24T08:14:00Z,13.98,14.0,13.71,14.0,37819.0
GRML,2026-09-24T08:15:00Z,13.99,14.22,13.96,14.2,19081.0
GRML,2026-09-24T08:16:00Z,14.22,14.22,14.01,14.2,10889.0
GRML,2026-09-24T08:17:00Z,14.22,14.29,14.18,14.21,8232.0
GRML,2026-09-24T08:18:00Z,14.27,14.35,14.21,14.28,6852.0
GRML,2026-09-24T08:19:00Z,14.28,14.56,14.27,14.55,12950.0
GRML,2026-09-24T08:20:00Z,14.48,14.48,14.2,14.28,27262.0
GRML,2026-09-24T08:21:00Z,14.27,14.34,14.22,14.31,5149.0
GRML,2026-09-24T08:22:00Z,14.27,14.37,14.27,14.3,5679.0
GRML,2026-09-24T08:23:00Z,14.32,14.35,14.29,14.29,3620.0
GRML,2026-09-24T08:24:00Z,14.29,14.36,14.29,14.32,3708.0
GRML,2026-09-24T08:25:00Z,14.32,14.4,14.32,14.39,8518.0
GRML,2026-09-24T08:26:00Z,14.4,14.63,14.4,14.63,13125.0
GRML,2026-09-24T08:27:00Z,14.63,15.29,14.5,14.9,63610.0
GRML,2026-09-24T08:28:00Z,14.91,15.39,14.87,15.3,40781.0
GRML,2026-09-24T08:29:00Z,15.32,15.32,15.19,15.2,41746.0
GRML,2026-09-24T08:30:00Z,15.2,15.21,14.63,14.72,43199.0
GRML,2026-09-24T08:31:00Z,14.72,14.99,14.5,14.97,42841.0
GRML,2026-09-24T08:32:00Z,14.97,15.02,14.94,15.0,20286.0
GRML,2026-09-24T08:33:00Z,15.01,15.01,14.7,14.81,22971.0
GRML,2026-09-24T08:34:00Z,14.8,14.83,14.68,14.68,10602.0
GRML,2026-09-24T08:35:00Z,14.67,14.88,14.67,14.87,14860.0
GRML,2026-09-24T08:36:00Z,14.9,14.97,14.85,14.85,10163.0
GRML,2026-09-24T08:37:00Z,14.85,14.86,14.85,14.85,5057.0
GRML,2026-09-24T08:38:00Z,14.85,14.85,14.74,14.82,7357.0
GRML,2026-09-24T08:39:00Z,14.83,14.96,14.82,14.96,8953.0
GRML,2026-09-24T08:40:00Z,14.96,14.96,14.78,14.95,9712.0
GRML,2026-09-24T08:41:00Z,14.95,14.95,14.92,14.92,8464.0
GRML,2026-09-24T08:42:00Z,14.92,14.92,14.85,14.86,4234.0
GRML,2026-09-24T08:43:00Z,14.86,14.86,14.8,14.8,4445.0
GRML,2026-09-24T08:44:00Z,14.82,14.87,14.8,14.85,3434.0
GRML,2026-09-24T08:45:00Z,14.86,14.86,14.78,14.78,6029.0
GRML,2026-09-24T08:46:00Z,14.77,14.77,14.51,14.6,13469.0
GRML,2026-09-24T08:47:00Z,14.57,14.59,14.35,14.38,16860.0
GRML,2026-09-24T08:48:00Z,14.42,14.5,14.41,14.43,9841.0
GRML,2026-09-24T08:49:00Z,14.42,14.43,14.36,14.4,16190.0
GRML,2026-09-24T08:50:00Z,14.39,14.39,14.32,14.33,12110.0
GRML,2026-09-24T08:51:00Z,14.3,14.3,14.24,14.25,12199.0
GRML,2026-09-24T08:52:00Z,14.29,14.29,14.1,14.1,7241.0
GRML,2026-09-24T08:53:00Z,14.1,14.1,13.9,13.97,32668.0
GRML,2026-09-24T08:54:00Z,14.0,14.48,14.0,14.45,22596.0
GRML,2026-09-24T08:55:00Z,14.47,14.58,14.46,14.48,14400.0
GRML,2026-09-24T08:56:00Z,14.48,14.48,14.44,14.45,9397.0
GRML,2026-09-24T08:57:00Z,14.44,14.44,14.1,14.26,14700.0
GRML,2026-09-24T08:58:00Z,14.22,14.26,14.12,14.19,4767.0
GRML,2026-09-24T08:59:00Z,14.23,14.23,14.13,14.19,3698.0
GRML,2026-09-24T09:00:00Z,14.2,14.27,14.15,14.15,4470.0
GRML,2026-09-24T09:01:00Z,14.13,14.2,14.07,14.15,6097.0
GRML,2026-09-24T09:02:00Z,14.19,14.19,14.13,14.15,2398.0
GRML,2026-09-24T09:03:00Z,14.17,14.2,14.12,14.2,2349.0
GRML,2026-09-24T09:04:00Z,14.2,14.25,14.1,14.15,6434.0
GRML,2026-09-24T09:05:00Z,14.16,14.16,14.13,14.15,2642.0
GRML,2026-09-24T09:06:00Z,14.14,14.15,14.14,14.14,2329.0
GRML,2026-09-24T09:07:00Z,14.16,14.17,14.15,14.17,1956.0
GRML,2026-09-24T09:08:00Z,14.18,14.25,14.18,14.25,2286.0
GRML,2026-09-24T09:09:00Z,14.22,14.4,14.22,14.39,5816.0
GRML,2026-09-24T09:10:00Z,14.4,14.56,14.34,14.53,13085.0
GRML,2026-09-24T09:11:00Z,14.51,14.51,14.25,14.27,6293.0
GRML,2026-09-24T09:12:00Z,14.26,14.4,14.26,14.32,3647.0
GRML,2026-09-24T09:13:00Z,14.34,14.37,14.32,14.37,1006.0
GRML,2026-09-24T09:14:00Z,14.33,14.34,14.33,14.34,523.0
GRML,2026-09-24T09:15:00Z,14.34,14.37,14.34,14.35,1718.0
GRML,2026-09-24T09:16:00Z,14.38,14.55,14.38,14.49,5808.0
GRML,2026-09-24T09:17:00Z,14.49,14.58,14.48,14.55,2580.0
GRML,2026-09-24T09:18:00Z,14.57,14.57,14.48,14.49,7507.0
GRML,2026-09-24T09:19:00Z,14.48,14.49,14.47,14.47,3944.0
GRML,2026-09-24T09:20:00Z,14.47,14.48,14.47,14.47,4181.0
GRML,2026-09-24T09:21:00Z,14.46,14.46,14.33,14.34,1871.0
GRML,2026-09-24T09:22:00Z,14.34,14.34,14.2,14.21,4538.0
GRML,2026-09-24T09:23:00Z,14.32,14.33,14.22,14.27,6251.0
GRML,2026-09-24T09:24:00Z,14.28,14.36,14.28,14.36,1376.0
GRML,2026-09-24T09:25:00Z,14.38,14.38,14.33,14.33,1171.0
GRML,2026-09-24T09:26:00Z,14.36,14.36,14.34,14.34,2499.0
GRML,2026-09-24T09:27:00Z,14.34,14.34,14.33,14.33,3918.0
GRML,2026-09-24T09:28:00Z,14.31,14.31,14.2,14.2,3399.0
GRML,2026-09-24T09:29:00Z,14.23,14.3,14.23,14.3,1642.0
GRML,2026-09-24T09:30:00Z,14.33,14.33,14.33,14.33,767.0
GRML,2026-09-24T09:31:00Z,14.31,14.31,14.27,14.28,4224.0
GRML,2026-09-24T09:32:00Z,14.27,14.3,14.1,14.14,5830.0
GRML,2026-09-24T09:33:00Z,14.16,14.29,14.16,14.26,8263.0
GRML,2026-09-24T09:34:00Z,14.28,14.28,14.23,14.23,566.0
GRML,2026-09-24T09:35:00Z,14.24,14.24,14.2,14.21,4550.0
GRML,2026-09-24T09:36:00Z,14.21,14.25,14.2,14.21,557.0
GRML,2026-09-24T09:37:00Z,14.2,14.21,14.18,14.18,1186.0
GRML,2026-09-24T09:38:00Z,14.17,14.21,14.17,14.2,1388.0
GRML,2026-09-24T09:39:00Z,14.22,14.24,14.21,14.24,2132.0
GRML,2026-09-24T09:40:00Z,14.23,14.32,14.23,14.29,4032.0
GRML,2026-09-24T09:41:00Z,14.26,14.26,14.12,14.15,4905.0
GRML,2026-09-24T09:42:00Z,14.13,14.14,14.1,14.1,4732.0
GRML,2026-09-24T09:43:00Z,14.1,14.11,14.0,14.0,3575.0
GRML,2026-09-24T09:44:00Z,14.03,14.09,14.03,14.07,3382.0
GRML,2026-09-24T09:45:00Z,14.05,14.05,13.94,13.96,6746.0
GRML,2026-09-24T09:46:00Z,13.92,13.95,13.85,13.91,11849.0
GRML,2026-09-24T09:47:00Z,13.91,13.95,13.91,13.95,2091.0
GRML,2026-09-24T09:48:00Z,13.95,14.0,13.91,13.91,9332.0
GRML,2026-09-24T09:49:00Z,13.91,13.92,13.8,13.85,9965.0
GRML,2026-09-24T09:50:00Z,13.87,13.91,13.8,13.8,6590.0
GRML,2026-09-24T09:51:00Z,13.81,14.09,13.78,14.08,12333.0
GRML,2026-09-24T09:52:00Z,14.07,14.1,14.07,14.07,6324.0
GRML,2026-09-24T09:53:00Z,14.07,14.14,14.07,14.14,3212.0
GRML,2026-09-24T09:54:00Z,14.1,14.18,14.1,14.16,5122.0
GRML,2026-09-24T09:55:00Z,14.12,14.12,14.11,14.11,587.0
GRML,2026-09-24T09:56:00Z,14.11,14.11,14.05,14.05,792.0
GRML,2026-09-24T09:57:00Z,14.0,14.02,13.89,14.01,7016.0
GRML,2026-09-24T09:58:00Z,14.07,14.07,13.97,13.98,4761.0
GRML,2026-09-24T09:59:00Z,13.99,14.05,13.99,14.05,471.0
GRML,2026-09-24T10:00:00Z,14.04,14.04,13.91,13.93,6105.0
GRML,2026-09-24T10:01:00Z,13.96,13.96,13.94,13.94,2156.0
GRML,2026-09-24T10:02:00Z,13.95,13.95,13.9,13.91,2305.0
GRML,2026-09-24T10:03:00Z,13.94,13.95,13.92,13.93,2636.0
GRML,2026-09-24T10:04:00Z,13.94,13.94,13.91,13.91,2183.0
GRML,2026-09-24T10:05:00Z,13.91,13.91,13.78,13.79,7097.0
GRML,2026-09-24T10:06:00Z,13.79,13.82,13.79,13.82,5645.0
GRML,2026-09-24T10:07:00Z,13.81,13.82,13.79,13.8,4677.0
GRML,2026-09-24T10:08:00Z,13.8,13.8,13.78,13.78,3350.0
GRML,2026-09-24T10:09:00Z,13.79,13.79,13.4,13.42,18170.0
GRML,2026-09-24T10:10:00Z,13.4,13.58,13.4,13.5,11876.0
GRML,2026-09-24T10:11:00Z,13.53,13.67,13.53,13.64,10224.0
GRML,2026-09-24T10:12:00Z,13.6,13.6,13.4,13.4,8363.0
GRML,2026-09-24T10:13:00Z,13.4,13.44,13.3,13.41,19270.0
GRML,2026-09-24T10:14:00Z,13.36,13.41,13.32,13.4,3643.0
GRML,2026-09-24T10:15:00Z,13.38,13.44,13.36,13.44,2418.0
GRML,2026-09-24T10:16:00Z,13.38,13.68,13.38,13.64,13877.0
GRML,2026-09-24T10:17:00Z,13.68,13.79,13.61,13.77,6763.0
GRML,2026-09-24T10:18:00Z,13.77,13.77,13.72,13.73,7466.0
GRML,2026-09-24T10:19:00Z,13.73,13.89,13.73,13.89,16218.0
GRML,2026-09-24T10:20:00Z,13.89,13.89,13.83,13.83,6401.0
GRML,2026-09-24T10:21:00Z,13.84,13.84,13.83,13.84,5124.0
GRML,2026-09-24T10:22:00Z,13.83,13.84,13.83,13.83,1968.0
GRML,2026-09-24T10:23:00Z,13.84,13.84,13.75,13.81,7974.0
GRML,2026-09-24T10:24:00Z,13.81,13.88,13.81,13.81,3500.0
GRML,2026-09-24T10:25:00Z,13.8,13.8,13.74,13.76,4971.0
GRML,2026-09-24T10:26:00Z,13.74,13.75,13.59,13.63,6369.0
GRML,2026-09-24T10:27:00Z,13.65,13.65,13.6,13.63,2810.0
GRML,2026-09-24T10:28:00Z,13.62,13.73,13.62,13.7,1576.0
GRML,2026-09-24T10:29:00Z,13.75,13.75,13.75,13.75,240.0
GRML,2026-09-24T10:30:00Z,13.75,13.76,13.75,13.76,436.0
GRML,2026-09-24T10:31:00Z,13.8,13.8,13.73,13.73,1157.0
GRML,2026-09-24T10:32:00Z,13.8,13.8,13.78,13.78,552.0
GRML,2026-09-24T10:33:00Z,13.78,13.85,13.78,13.78,3967.0
GRML,2026-09-24T10:34:00Z,13.79,13.79,13.78,13.78,1545.0
GRML,2026-09-24T10:35:00Z,13.78,13.79,13.78,13.79,2098.0
GRML,2026-09-24T10:36:00Z,13.78,13.79,13.78,13.78,1129.0
GRML,2026-09-24T10:37:00Z,13.78,13.78,13.66,13.66,7262.0
GRML,2026-09-24T10:38:00Z,13.67,13.69,13.65,13.68,1045.0
GRML,2026-09-24T10:39:00Z,13.68,13.75,13.68,13.75,1409.0
GRML,2026-09-24T10:40:00Z,13.71,13.79,13.71,13.79,2167.0
GRML,2026-09-24T10:41:00Z,13.75,13.75,13.74,13.74,477.0
GRML,2026-09-24T10:42:00Z,13.72,13.74,13.7,13.74,1239.0
GRML,2026-09-24T10:43:00Z,13.73,13.73,13.65,13.65,1976.0
GRML,2026-09-24T10:44:00Z,13.64,13.67,13.62,13.63,1116.0
GRML,2026-09-24T10:45:00Z,13.62,13.69,13.57,13.63,8450.0
GRML,2026-09-24T10:46:00Z,13.71,13.78,13.5,13.51,6449.0
GRML,2026-09-24T10:47:00Z,13.53,13.59,13.5,13.59,2956.0
GRML,2026-09-24T10:48:00Z,13.58,13.6,13.56,13.57,3632.0
GRML,2026-09-24T10:49:00Z,13.56,13.57,13.51,13.52,7845.0
GRML,2026-09-24T10:50:00Z,13.51,13.57,13.51,13.57,2846.0
GRML,2026-09-24T10:51:00Z,13.52,13.55,13.5,13.55,2089.0
GRML,2026-09-24T10:52:00Z,13.51,13.54,13.5,13.5,3008.0
GRML,2026-09-24T10:53:00Z,13.51,13.51,13.4,13.4,4332.0
GRML,2026-09-24T10:54:00Z,13.42,13.5,13.42,13.46,1404.0
GRML,2026-09-24T10:55:00Z,13.42,13.42,13.39,13.4,4956.0
GRML,2026-09-24T10:56:00Z,13.4,13.4,13.39,13.4,9713.0
GRML,2026-09-24T10:57:00Z,13.4,13.41,13.39,13.41,7246.0
GRML,2026-09-24T10:58:00Z,13.47,13.5,13.42,13.5,3408.0
GRML,2026-09-24T10:59:00Z,13.46,13.46,13.42,13.46,1611.0
GRML,2026-09-24T11:00:00Z,13.43,13.47,13.31,13.32,36662.0
GRML,2026-09-24T11:01:00Z,13.32,13.32,13.11,13.11,33078.0
GRML,2026-09-24T11:02:00Z,13.1,13.27,13.08,13.16,36829.0
GRML,2026-09-24T11:03:00Z,13.16,13.29,13.14,13.21,30677.0
GRML,2026-09-24T11:04:00Z,13.25,13.25,13.15,13.2,9047.0
GRML,2026-09-24T11:05:00Z,13.17,13.17,13.1,13.11,18431.0
GRML,2026-09-24T11:06:00Z,13.09,13.1,12.89,12.9,22564.0
GRML,2026-09-24T11:07:00Z,12.91,12.96,12.7,12.76,24192.0
GRML,2026-09-24T11:08:00Z,12.78,12.94,12.73,12.92,30102.0
GRML,2026-09-24T11:09:00Z,12.95,12.97,12.53,12.58,28968.0
GRML,2026-09-24T11:10:00Z,12.6,12.65,12.54,12.58,11385.0
GRML,2026-09-24T11:11:00Z,12.58,12.68,12.57,12.63,21348.0
GRML,2026-09-24T11:12:00Z,12.63,12.68,12.62,12.67,7852.0
GRML,2026-09-24T11:13:00Z,12.64,12.67,12.6,12.64,4347.0
GRML,2026-09-24T11:14:00Z,12.61,12.61,12.46,12.46,19536.0
GRML,2026-09-24T11:15:00Z,12.46,12.47,12.3,12.3,23331.0
GRML,2026-09-24T11:16:00Z,12.28,12.28,12.03,12.24,110979.0
GRML,2026-09-24T11:17:00Z,12.22,12.41,12.18,12.41,20840.0
GRML,2026-09-24T11:18:00Z,12.44,12.63,12.37,12.56,19121.0
GRML,2026-09-24T11:19:00Z,12.61,12.97,12.58,12.97,35679.0
GRML,2026-09-24T11:20:00Z,12.97,12.97,12.64,12.64,27904.0
GRML,2026-09-24T11:21:00Z,12.64,12.69,12.59,12.59,6214.0
GRML,2026-09-24T11:22:00Z,12.59,12.69,12.52,12.61,16301.0
GRML,2026-09-24T11:23:00Z,12.69,12.75,12.66,12.72,5312.0
GRML,2026-09-24T11:24:00Z,12.73,12.75,12.7,12.74,8002.0
GRML,2026-09-24T11:25:00Z,12.73,12.8,12.69,12.8,13176.0
GRML,2026-09-24T11:26:00Z,12.8,12.8,12.76,12.76,8520.0
GRML,2026-09-24T11:27:00Z,12.76,12.77,12.71,12.71,11741.0
GRML,2026-09-24T11:28:00Z,12.7,12.7,12.38,12.5,33616.0
GRML,2026-09-24T11:29:00Z,12.41,12.54,12.4,12.42,9618.0
GRML,2026-09-24T11:30:00Z,12.42,12.51,12.4,12.49,2002.0
GRML,2026-09-24T11:31:00Z,12.47,12.47,12.42,12.42,1681.0
GRML,2026-09-24T11:32:00Z,12.42,12.45,12.42,12.42,1038.0
GRML,2026-09-24T11:33:00Z,12.4,12.52,12.4,12.41,16720.0
GRML,2026-09-24T11:34:00Z,12.41,12.5,12.41,12.47,15236.0
GRML,2026-09-24T11:35:00Z,12.45,12.68,12.45,12.68,21757.0
GRML,2026-09-24T11:36:00Z,12.55,12.65,12.55,12.58,8026.0
GRML,2026-09-24T11:37:00Z,12.6,12.62,12.58,12.62,1618.0
GRML,2026-09-24T11:38:00Z,12.63,12.63,12.56,12.56,2969.0
GRML,2026-09-24T11:39:00Z,12.56,12.57,12.45,12.45,7085.0
GRML,2026-09-24T11:40:00Z,12.45,12.57,12.43,12.57,5769.0
GRML,2026-09-24T11:41:00Z,12.57,12.65,12.5,12.63,4923.0
GRML,2026-09-24T11:42:00Z,12.64,12.65,12.53,12.64,2656.0
GRML,2026-09-24T11:43:00Z,12.65,12.75,12.64,12.67,7447.0
GRML,2026-09-24T11:44:00Z,12.71,12.75,12.65,12.72,17907.0
GRML,2026-09-24T11:45:00Z,12.7,12.75,12.66,12.7,11796.0
GRML,2026-09-24T11:46:00Z,12.73,12.75,12.72,12.72,4972.0
GRML,2026-09-24T11:47:00Z,12.71,12.8,12.71,12.77,11281.0
GRML,2026-09-24T11:48:00Z,12.72,12.77,12.72,12.75,4352.0
GRML,2026-09-24T11:49:00Z,12.73,12.74,12.73,12.73,2309.0
GRML,2026-09-24T11:50:00Z,12.73,12.74,12.73,12.73,3137.0
GRML,2026-09-24T11:51:00Z,12.73,12.74,12.73,12.73,5868.0
GRML,2026-09-24T11:52:00Z,12.73,12.73,12.7,12.7,5897.0
GRML,2026-09-24T11:53:00Z,12.7,12.71,12.7,12.7,2447.0
GRML,2026-09-24T11:54:00Z,12.71,12.71,12.7,12.7,1614.0
GRML,2026-09-24T11:55:00Z,12.7,12.71,12.66,12.7,3956.0
GRML,2026-09-24T11:56:00Z,12.67,12.68,12.67,12.68,600.0
GRML,2026-09-24T11:57:00Z,12.67,12.68,12.64,12.64,3024.0
GRML,2026-09-24T11:58:00Z,12.65,12.69,12.6,12.63,10751.0
GRML,2026-09-24T11:59:00Z,12.61,12.63,12.6,12.6,2224.0
GRML,2026-09-24T12:00:00Z,12.61,12.61,12.6,12.6,9144.0
GRML,2026-09-24T12:01:00Z,12.6,12.61,12.47,12.51,11038.0
GRML,2026-09-24T12:02:00Z,12.58,12.58,12.47,12.47,1967.0
GRML,2026-09-24T12:03:00Z,12.54,12.55,12.45,12.48,3784.0
GRML,2026-09-24T12:04:00Z,12.45,12.46,12.43,12.45,3857.0
GRML,2026-09-24T12:05:00Z,12.45,12.51,12.43,12.51,6352.0
GRML,2026-09-24T12:06:00Z,12.5,12.67,12.5,12.67,5304.0
GRML,2026-09-24T12:07:00Z,12.68,12.74,12.65,12.74,4075.0
GRML,2026-09-24T12:08:00Z,12.72,12.72,12.62,12.62,2309.0
GRML,2026-09-24T12:09:00Z,12.62,12.66,12.6,12.6,3755.0
GRML,2026-09-24T12:10:00Z,12.61,12.68,12.6,12.68,4474.0
GRML,2026-09-24T12:11:00Z,12.66,12.76,12.65,12.72,14178.0
GRML,2026-09-24T12:12:00Z,12.71,12.95,12.7,12.94,44295.0
GRML,2026-09-24T12:13:00Z,12.92,12.96,12.85,12.94,27261.0
GRML,2026-09-24T12:14:00Z,12.96,13.0,12.87,12.92,28907.0
GRML,2026-09-24T12:15:00Z,12.93,12.93,12.87,12.87,9452.0
GRML,2026-09-24T12:16:00Z,12.88,12.88,12.87,12.87,4313.0
GRML,2026-09-24T12:17:00Z,12.87,12.88,12.79,12.83,7616.0
GRML,2026-09-24T12:18:00Z,12.83,12.83,12.82,12.82,3538.0
GRML,2026-09-24T12:19:00Z,12.82,12.87,12.79,12.81,4550.0
GRML,2026-09-24T12:20:00Z,12.83,12.85,12.75,12.85,4473.0
GRML,2026-09-24T12:21:00Z,12.87,12.88,12.76,12.84,5700.0
GRML,2026-09-24T12:22:00Z,12.86,12.86,12.79,12.8,1285.0
GRML,2026-09-24T12:23:00Z,12.83,12.87,12.83,12.85,1971.0
GRML,2026-09-24T12:24:00Z,12.84,12.87,12.83,12.87,3726.0
GRML,2026-09-24T12:25:00Z,12.83,12.85,12.83,12.83,2372.0
GRML,2026-09-24T12:26:00Z,12.84,12.84,12.81,12.81,4158.0
GRML,2026-09-24T12:27:00Z,12.81,12.81,12.75,12.75,10662.0
GRML,2026-09-24T12:28:00Z,12.75,12.76,12.7,12.7,5394.0
GRML,2026-09-24T12:29:00Z,12.7,12.72,12.65,12.72,3085.0
GRML,2026-09-24T12:30:00Z,12.75,12.87,12.74,12.86,5181.0
GRML,2026-09-24T12:31:00Z,12.87,12.99,12.87,12.95,16042.0
GRML,2026-09-24T12:32:00Z,12.93,13.0,12.93,13.0,14421.0
GRML,2026-09-24T12:33:00Z,12.96,12.98,12.93,12.93,12177.0
GRML,2026-09-24T12:34:00Z,12.9,12.98,12.9,12.92,10568.0
GRML,2026-09-24T12:35:00Z,12.96,13.0,12.94,12.99,14639.0
GRML,2026-09-24T12:36:00Z,12.99,13.26,12.98,13.25,25968.0
GRML,2026-09-24T12:37:00Z,13.25,13.25,13.09,13.1,23815.0
GRML,2026-09-24T12:38:00Z,13.09,13.16,13.09,13.14,3199.0
GRML,2026-09-24T12:39:00Z,13.12,13.15,13.11,13.11,8043.0
GRML,2026-09-24T12:40:00Z,13.11,13.12,13.11,13.12,11636.0
GRML,2026-09-24T12:41:00Z,13.11,13.11,12.9,12.92,13864.0
GRML,2026-09-24T12:42:00Z,12.92,13.02,12.9,12.99,19777.0
GRML,2026-09-24T12:43:00Z,12.98,13.07,12.97,13.07,6221.0
GRML,2026-09-24T12:44:00Z,13.1,13.12,13.07,13.09,5888.0
GRML,2026-09-24T12:45:00Z,13.1,13.13,13.09,13.12,8701.0
GRML,2026-09-24T12:46:00Z,13.12,13.14,13.1,13.1,16149.0
GRML,2026-09-24T12:47:00Z,13.1,13.11,13.1,13.1,2070.0
GRML,2026-09-24T12:48:00Z,13.09,13.1,13.0,13.01,6588.0
GRML,2026-09-24T12:49:00Z,13.0,13.01,13.0,13.0,6558.0
GRML,2026-09-24T12:50:00Z,13.0,13.0,12.91,12.98,8206.0
GRML,2026-09-24T12:51:00Z,12.95,12.99,12.95,12.97,2071.0
GRML,2026-09-24T12:52:00Z,12.98,13.1,12.98,13.1,7610.0
GRML,2026-09-24T12:53:00Z,13.1,13.11,12.97,13.05,13843.0
GRML,2026-09-24T12:54:00Z,13.04,13.12,13.04,13.12,3293.0
GRML,2026-09-24T12:55:00Z,13.06,13.25,13.06,13.23,8483.0
GRML,2026-09-24T12:56:00Z,13.18,13.24,13.15,13.16,6436.0
GRML,2026-09-24T12:57:00Z,13.15,13.16,13.11,13.11,9761.0
GRML,2026-09-24T12:58:00Z,13.11,13.18,13.11,13.17,7064.0
GRML,2026-09-24T12:59:00Z,13.12,13.18,13.12,13.14,7300.0
GRML,2026-09-24T13:00:00Z,13.13,13.18,13.13,13.16,3774.0
GRML,2026-09-24T13:01:00Z,13.16,13.16,13.07,13.08,20727.0
GRML,2026-09-24T13:02:00Z,13.11,13.16,13.07,13.12,13121.0
GRML,2026-09-24T13:03:00Z,13.1,13.13,13.08,13.11,3745.0
GRML,2026-09-24T13:04:00Z,13.1,13.11,13.08,13.08,15212.0
GRML,2026-09-24T13:05:00Z,13.09,13.09,13.08,13.08,9589.0
GRML,2026-09-24T13:06:00Z,13.08,13.09,13.08,13.08,14938.0
GRML,2026-09-24T13:07:00Z,13.08,13.09,13.02,13.02,4421.0
GRML,2026-09-24T13:08:00Z,13.02,13.06,13.0,13.06,11582.0
GRML,2026-09-24T13:09:00Z,13.04,13.08,13.04,13.08,7565.0
GRML,2026-09-24T13:10:00Z,13.08,13.1,13.07,13.07,8987.0
GRML,2026-09-24T13:11:00Z,13.06,13.19,13.05,13.14,27429.0
GRML,2026-09-24T13:12:00Z,13.14,13.14,13.11,13.12,3992.0
GRML,2026-09-24T13:13:00Z,13.12,13.12,13.0,13.04,9521.0
GRML,2026-09-24T13:14:00Z,13.06,13.06,13.0,13.0,7164.0
GRML,2026-09-24T13:15:00Z,13.0,13.03,12.83,13.0,34825.0
GRML,2026-09-24T13:16:00Z,13.01,13.01,12.85,12.85,10316.0
GRML,2026-09-24T13:17:00Z,12.82,12.82,12.66,12.66,17443.0
GRML,2026-09-24T13:18:00Z,12.66,12.72,12.64,12.66,12847.0
GRML,2026-09-24T13:19:00Z,12.7,12.7,12.59,12.63,7353.0
GRML,2026-09-24T13:20:00Z,12.64,12.75,12.62,12.67,10561.0
GRML,2026-09-24T13:21:00Z,12.66,12.72,12.66,12.72,7783.0
GRML,2026-09-24T13:22:00Z,12.72,12.72,12.67,12.68,5555.0
GRML,2026-09-24T13:23:00Z,12.67,12.68,12.65,12.66,6238.0
GRML,2026-09-24T13:24:00Z,12.65,12.75,12.57,12.75,26997.0
GRML,2026-09-24T13:25:00Z,12.75,12.9,12.75,12.86,5804.0
GRML,2026-09-24T13:26:00Z,12.92,12.92,12.75,12.75,8922.0
GRML,2026-09-24T13:27:00Z,12.71,12.75,12.61,12.7,12794.0
GRML,2026-09-24T13:28:00Z,12.74,12.79,12.67,12.7,6543.0
GRML,2026-09-24T13:29:00Z,12.71,12.78,12.7,12.73,4644.0
GRML,2026-09-24T13:30:00Z,12.75,12.85,12.33,12.42,192881.0
GRML,2026-09-24T13:31:00Z,12.42,12.74,12.32,12.43,129109.0
GRML,2026-09-24T13:32:00Z,12.43,12.6,12.23,12.31,87078.0
GRML,2026-09-24T13:33:00Z,12.32,12.53,12.25,12.4,81451.0
GRML,2026-09-24T13:34:00Z,12.35,12.39,12.13,12.27,101649.0
GRML,2026-09-24T13:35:00Z,12.28,12.62,12.13,12.38,90925.0
GRML,2026-09-24T13:36:00Z,12.4,12.71,12.3,12.64,120514.0
GRML,2026-09-24T13:37:00Z,12.61,13.0,12.6,12.88,135909.0
GRML,2026-09-24T13:38:00Z,12.87,12.93,12.75,12.78,107755.0
GRML,2026-09-24T13:39:00Z,12.78,12.98,12.75,12.94,96945.0
GRML,2026-09-24T13:40:00Z,12.93,13.0,12.88,12.94,47467.0
GRML,2026-09-24T13:41:00Z,12.93,13.13,12.92,13.09,117010.0
GRML,2026-09-24T13:42:00Z,13.1,13.17,13.05,13.05,112604.0
GRML,2026-09-24T13:43:00Z,13.05,13.15,12.81,12.86,89893.0
GRML,2026-09-24T13:44:00Z,12.86,13.26,12.83,13.2,173037.0
GRML,2026-09-24T13:45:00Z,13.14,13.57,13.13,13.51,224558.0
GRML,2026-09-24T13:46:00Z,13.51,13.55,13.35,13.44,248456.0
GRML,2026-09-24T13:47:00Z,13.44,13.69,13.42,13.62,145204.0
GRML,2026-09-24T13:48:00Z,13.62,14.1,13.47,13.73,355562.0
GRML,2026-09-24T13:49:00Z,13.75,14.06,13.5,13.86,179580.0
GRML,2026-09-24T13:50:00Z,13.86,14.11,13.65,13.65,313730.0
GRML,2026-09-24T13:51:00Z,13.65,13.7,13.45,13.67,125602.0
GRML,2026-09-24T13:52:00Z,13.7,13.85,13.64,13.69,88136.0
GRML,2026-09-24T13:53:00Z,13.7,13.85,13.69,13.82,89929.0
GRML,2026-09-24T13:54:00Z,13.82,14.1,13.82,14.02,283867.0
GRML,2026-09-24T13:55:00Z,14.01,14.25,13.92,14.05,293346.0
GRML,2026-09-24T13:56:00Z,14.09,14.09,13.8,13.88,149261.0
GRML,2026-09-24T13:57:00Z,13.89,14.1,13.8,13.85,155595.0
GRML,2026-09-24T13:58:00Z,13.83,13.9,13.5,13.8,170423.0
GRML,2026-09-24T13:59:00Z,13.82,13.95,13.76,13.89,61674.0
GRML,2026-09-24T14:00:00Z,13.92,14.05,13.84,14.0,91062.0
GRML,2026-09-24T14:01:00Z,14.01,14.13,13.8,13.92,184768.0
GRML,2026-09-24T14:02:00Z,13.95,14.38,13.9,14.26,214690.0
GRML,2026-09-24T14:03:00Z,14.26,14.5,14.15,14.29,191581.0
GRML,2026-09-24T14:04:00Z,14.29,14.5,14.23,14.26,196288.0
GRML,2026-09-24T14:05:00Z,14.25,14.5,14.03,14.35,161593.0
GRML,2026-09-24T14:06:00Z,14.32,14.46,14.26,14.4,116116.0
GRML,2026-09-24T14:07:00Z,14.37,14.49,14.25,14.31,119518.0
GRML,2026-09-24T14:08:00Z,14.32,14.8,14.3,14.77,306865.0
GRML,2026-09-24T14:09:00Z,14.73,14.81,14.54,14.79,209083.0
GRML,2026-09-24T14:10:00Z,14.77,14.91,14.68,14.76,213649.0
GRML,2026-09-24T14:11:00Z,14.77,14.84,14.5,14.6,234659.0
GRML,2026-09-24T14:12:00Z,14.58,14.74,14.55,14.65,117883.0
GRML,2026-09-24T14:13:00Z,14.65,14.8,14.54,14.56,139910.0
GRML,2026-09-24T14:14:00Z,14.55,14.69,14.44,14.5,186538.0
GRML,2026-09-24T14:15:00Z,14.49,15.65,14.44,15.54,598425.0
GRML,2026-09-24T14:16:00Z,15.5,15.85,15.22,15.74,450988.0
GRML,2026-09-24T14:17:00Z,15.77,16.0,15.69,15.7,448059.0
GRML,2026-09-24T14:18:00Z,15.69,15.7,15.25,15.43,280531.0
GRML,2026-09-24T14:19:00Z,15.45,15.5,14.8,14.99,277706.0
GRML,2026-09-24T14:20:00Z,15.03,15.4,15.01,15.33,186371.0
GRML,2026-09-24T14:21:00Z,15.33,15.4,15.14,15.36,154453.0
GRML,2026-09-24T14:22:00Z,15.4,15.86,15.3,15.6,290482.0
GRML,2026-09-24T14:23:00Z,15.61,15.85,15.44,15.54,177442.0
GRML,2026-09-24T14:24:00Z,15.56,15.69,15.41,15.5,106198.0
GRML,2026-09-24T14:25:00Z,15.52,15.59,15.15,15.23,210437.0
GRML,2026-09-24T14:26:00Z,15.21,15.82,15.2,15.52,212814.0
GRML,2026-09-24T14:27:00Z,15.52,15.75,15.5,15.67,108663.0
GRML,2026-09-24T14:28:00Z,15.68,15.74,15.53,15.67,115508.0
GRML,2026-09-24T14:29:00Z,15.66,15.94,15.56,15.81,234637.0
GRML,2026-09-24T14:30:00Z,15.8,15.9,15.34,15.67,220131.0
GRML,2026-09-24T14:31:00Z,15.67,15.74,15.41,15.57,167612.0
GRML,2026-09-24T14:32:00Z,15.58,15.77,15.57,15.64,123885.0
GRML,2026-09-24T14:33:00Z,15.65,15.71,15.53,15.7,78563.0
GRML,2026-09-24T14:34:00Z,15.69,15.7,15.4,15.4,100987.0
GRML,2026-09-24T14:35:00Z,15.4,15.65,15.39,15.51,93152.0
GRML,2026-09-24T14:36:00Z,15.51,15.52,15.03,15.2,209894.0
GRML,2026-09-24T14:37:00Z,15.21,15.43,15.1,15.21,121287.0
GRML,2026-09-24T14:38:00Z,15.19,15.4,15.09,15.22,104894.0
GRML,2026-09-24T14:39:00Z,15.19,15.2,14.9,15.15,253881.0
GRML,2026-09-24T14:40:00Z,15.1,15.3,14.89,15.02,95446.0
GRML,2026-09-24T14:41:00Z,15.06,15.18,15.0,15.01,52840.0
GRML,2026-09-24T14:42:00Z,15.0,15.05,14.6,14.65,158779.0
GRML,2026-09-24T14:43:00Z,14.65,14.8,14.6,14.73,108671.0
GRML,2026-09-24T14:44:00Z,14.7,14.76,14.69,14.74,81354.0
GRML,2026-09-24T14:45:00Z,14.74,15.0,14.72,14.98,89959.0
GRML,2026-09-24T14:46:00Z,14.98,15.2,14.96,15.12,133408.0
GRML,2026-09-24T14:47:00Z,15.15,15.3,15.0,15.1,109390.0
GRML,2026-09-24T14:48:00Z,15.1,15.1,15.0,15.0,87445.0
GRML,2026-09-24T14:49:00Z,15.0,15.22,14.88,15.18,133164.0
GRML,2026-09-24T14:50:00Z,15.18,15.21,15.08,15.13,42185.0
GRML,2026-09-24T14:51:00Z,15.15,15.29,15.08,15.17,70878.0
GRML,2026-09-24T14:52:00Z,15.15,15.4,15.06,15.36,126977.0
GRML,2026-09-24T14:53:00Z,15.34,15.35,15.02,15.16,112215.0
GRML,2026-09-24T14:54:00Z,15.16,15.28,15.1,15.2,121725.0
GRML,2026-09-24T14:55:00Z,15.18,15.19,15.05,15.08,101993.0
GRML,2026-09-24T14:56:00Z,15.1,15.27,15.03,15.16,64313.0
GRML,2026-09-24T14:57:00Z,15.12,15.26,15.0,15.05,95904.0
GRML,2026-09-24T14:58:00Z,15.06,15.15,14.93,15.03,85176.0
GRML,2026-09-24T14:59:00Z,15.06,15.15,15.0,15.13,36039.0
GRML,2026-09-24T15:00:00Z,15.1,15.39,15.1,15.22,242938.0
GRML,2026-09-24T15:01:00Z,15.17,15.3,15.12,15.22,33202.0
GRML,2026-09-24T15:02:00Z,15.24,15.28,15.2,15.24,32605.0
GRML,2026-09-24T15:03:00Z,15.23,15.24,14.91,15.02,93583.0
GRML,2026-09-24T15:04:00Z,15.0,15.22,15.0,15.11,19594.0
GRML,2026-09-24T15:05:00Z,15.07,15.1,15.0,15.0,27980.0
GRML,2026-09-24T15:06:00Z,15.0,15.11,14.93,15.06,78825.0
GRML,2026-09-24T15:07:00Z,15.09,15.26,15.08,15.22,83802.0
GRML,2026-09-24T15:08:00Z,15.21,15.46,15.17,15.35,118717.0
GRML,2026-09-24T15:09:00Z,15.35,15.4,14.92,15.15,95090.0
GRML,2026-09-24T15:10:00Z,15.16,15.22,15.1,15.1,41305.0
GRML,2026-09-24T15:11:00Z,15.1,15.11,14.7,14.92,215133.0
GRML,2026-09-24T15:12:00Z,14.91,15.08,14.9,15.0,41039.0
GRML,2026-09-24T15:13:00Z,15.0,15.08,15.0,15.01,33902.0
GRML,2026-09-24T15:14:00Z,15.03,15.07,14.97,15.02,56839.0
GRML,2026-09-24T15:15:00Z,15.02,15.02,14.9,14.99,27200.0
GRML,2026-09-24T15:16:00Z,14.99,15.0,14.55,14.73,107443.0
GRML,2026-09-24T15:17:00Z,14.72,14.85,14.67,14.8,41964.0
GRML,2026-09-24T15:18:00Z,14.76,14.84,14.72,14.75,25912.0
GRML,2026-09-24T15:19:00Z,14.72,14.85,14.72,14.8,28389.0
GRML,2026-09-24T15:20:00Z,14.79,14.8,14.65,14.71,28358.0
GRML,2026-09-24T15:21:00Z,14.7,14.75,14.69,14.72,15744.0
GRML,2026-09-24T15:22:00Z,14.7,14.79,14.66,14.7,21559.0
GRML,2026-09-24T15:23:00Z,14.7,14.78,14.7,14.76,20631.0
GRML,2026-09-24T15:24:00Z,14.78,15.0,14.77,14.92,79145.0
GRML,2026-09-24T15:25:00Z,14.93,14.93,14.87,14.92,11902.0
GRML,2026-09-24T15:26:00Z,14.91,15.0,14.88,14.99,34653.0
GRML,2026-09-24T15:27:00Z,14.97,15.0,14.75,14.79,51271.0
GRML,2026-09-24T15:28:00Z,14.82,14.84,14.75,14.8,14140.0
GRML,2026-09-24T15:29:00Z,14.77,14.78,14.67,14.73,23427.0
GRML,2026-09-24T15:30:00Z,14.73,14.73,14.44,14.56,103710.0
GRML,2026-09-24T15:31:00Z,14.55,14.57,14.44,14.46,62473.0
HCWB,2026-09-24T09:17:00Z,1.78,1.78,1.78,1.78,549.0
HCWB,2026-09-24T09:18:00Z,1.78,1.78,1.78,1.78,0.0
HCWB,2026-09-24T09:19:00Z,1.78,1.78,1.78,1.78,0.0
HCWB,2026-09-24T09:20:00Z,1.78,1.78,1.78,1.78,0.0
HCWB,2026-09-24T09:21:00Z,1.78,1.78,1.78,1.78,0.0
HCWB,2026-09-24T09:22:00Z,1.78,1.78,1.78,1.78,0.0
HCWB,2026-09-24T09:23:00Z,1.78,1.78,1.78,1.78,0.0
HCWB,2026-09-24T09:24:00Z,1.78,1.78,1.78,1.78,0.0
HCWB,2026-09-24T09:25:00Z,1.78,1.78,1.78,1.78,0.0
HCWB,2026-09-24T09:26:00Z,1.78,1.78,1.78,1.78,0.0
HCWB,2026-09-24T09:27:00Z,1.78,1.78,1.78,1.78,0.0
HCWB,2026-09-24T09:28:00Z,1.78,1.78,1.78,1.78,0.0
HCWB,2026-09-24T09:29:00Z,1.78,1.78,1.78,1.78,0.0
HCWB,2026-09-24T09:30:00Z,1.78,1.78,1.78,1.78,0.0
HCWB,2026-09-24T09:31:00Z,1.78,1.78,1.78,1.78,0.0
HCWB,2026-09-24T09:32:00Z,1.78,1.78,1.78,1.78,0.0
HCWB,2026-09-24T09:33:00Z,1.78,1.78,1.78,1.78,0.0
HCWB,2026-09-24T09:34:00Z,1.78,1.78,1.78,1.78,0.0
HCWB,2026-09-24T09:35:00Z,1.78,1.78,1.78,1.78,0.0
HCWB,2026-09-24T09:36:00Z,1.78,1.78,1.78,1.78,0.0
HCWB,2026-09-24T09:37:00Z,1.78,1.78,1.78,1.78,0.0
HCWB,2026-09-24T09:38:00Z,1.78,1.78,1.78,1.78,0.0
HCWB,2026-09-24T09:39:00Z,1.78,1.78,1.78,1.78,0.0
HCWB,2026-09-24T09:40:00Z,1.78,1.78,1.78,1.78,0.0
HCWB,2026-09-24T09:41:00Z,1.78,1.78,1.78,1.78,0.0
HCWB,2026-09-24T09:42:00Z,1.78,1.78,1.78,1.78,0.0
HCWB,2026-09-24T09:43:00Z,1.78,1.78,1.78,1.78,0.0
HCWB,2026-09-24T09:44:00Z,1.78,1.78,1.78,1.78,0.0
HCWB,2026-09-24T09:45:00Z,1.78,1.78,1.78,1.78,0.0
HCWB,2026-09-24T09:46:00Z,1.78,1.78,1.78,1.78,0.0
HCWB,2026-09-24T09:47:00Z,1.78,1.78,1.78,1.78,0.0
HCWB,2026-09-24T09:48:00Z,1.78,1.78,1.78,1.78,0.0
HCWB,2026-09-24T09:49:00Z,1.78,1.78,1.78,1.78,0.0
HCWB,2026-09-24T09:50:00Z,1.78,1.78,1.78,1.78,0.0
HCWB,2026-09-24T09:51:00Z,1.78,1.78,1.78,1.78,0.0
HCWB,2026-09-24T09:52:00Z,1.78,1.78,1.78,1.78,0.0
HCWB,2026-09-24T09:53:00Z,1.78,1.78,1.78,1.78,0.0
HCWB,2026-09-24T09:54:00Z,1.78,1.78,1.78,1.78,0.0
HCWB,2026-09-24T09:55:00Z,1.78,1.78,1.78,1.78,0.0
HCWB,2026-09-24T09:56:00Z,1.78,1.78,1.78,1.78,0.0
HCWB,2026-09-24T09:57:00Z,1.78,1.78,1.78,1.78,0.0
HCWB,2026-09-24T09:58:00Z,1.78,1.78,1.78,1.78,0.0
HCWB,2026-09-24T09:59:00Z,1.78,1.78,1.78,1.78,0.0
HCWB,2026-09-24T10:00:00Z,1.78,1.78,1.78,1.78,0.0
HCWB,2026-09-24T10:01:00Z,1.78,1.78,1.78,1.78,0.0
HCWB,2026-09-24T10:02:00Z,1.78,1.78,1.78,1.78,0.0
HCWB,2026-09-24T10:03:00Z,1.78,1.78,1.78,1.78,0.0
HCWB,2026-09-24T10:04:00Z,1.78,1.78,1.78,1.78,0.0
HCWB,2026-09-24T10:05:00Z,1.78,1.78,1.78,1.78,0.0
HCWB,2026-09-24T10:06:00Z,1.78,1.78,1.78,1.78,0.0
HCWB,2026-09-24T10:07:00Z,1.78,1.78,1.78,1.78,0.0
HCWB,2026-09-24T10:08:00Z,1.78,1.78,1.78,1.78,0.0
HCWB,2026-09-24T10:09:00Z,1.78,1.78,1.78,1.78,0.0
HCWB,2026-09-24T10:10:00Z,1.78,1.78,1.78,1.78,0.0
HCWB,2026-09-24T10:11:00Z,1.78,1.78,1.78,1.78,0.0
HCWB,2026-09-24T10:12:00Z,1.78,1.78,1.78,1.78,0.0
HCWB,2026-09-24T10:13:00Z,1.78,1.78,1.78,1.78,0.0
HCWB,2026-09-24T10:14:00Z,1.78,1.78,1.78,1.78,0.0
HCWB,2026-09-24T10:15:00Z,1.78,1.78,1.78,1.78,0.0
HCWB,2026-09-24T10:16:00Z,1.78,1.78,1.78,1.78,0.0
HCWB,2026-09-24T10:17:00Z,1.78,1.78,1.78,1.78,0.0
HCWB,2026-09-24T10:18:00Z,1.78,1.78,1.78,1.78,0.0
HCWB,2026-09-24T10:19:00Z,1.78,1.78,1.78,1.78,0.0
HCWB,2026-09-24T10:20:00Z,1.78,1.78,1.78,1.78,0.0
HCWB,2026-09-24T10:21:00Z,1.78,1.78,1.78,1.78,0.0
HCWB,2026-09-24T10:22:00Z,1.78,1.78,1.78,1.78,0.0
HCWB,2026-09-24T10:23:00Z,1.78,1.78,1.78,1.78,0.0
HCWB,2026-09-24T10:24:00Z,1.78,1.78,1.78,1.78,0.0
HCWB,2026-09-24T10:25:00Z,1.78,1.78,1.78,1.78,0.0
HCWB,2026-09-24T10:26:00Z,1.78,1.78,1.78,1.78,0.0
HCWB,2026-09-24T10:27:00Z,1.78,1.78,1.78,1.78,0.0
HCWB,2026-09-24T10:28:00Z,1.78,1.78,1.78,1.78,0.0
HCWB,2026-09-24T10:29:00Z,1.78,1.78,1.78,1.78,0.0
HCWB,2026-09-24T10:30:00Z,1.78,1.78,1.78,1.78,0.0
HCWB,2026-09-24T10:31:00Z,1.78,1.78,1.78,1.78,0.0
HCWB,2026-09-24T10:32:00Z,1.78,1.78,1.78,1.78,0.0
HCWB,2026-09-24T10:33:00Z,1.78,1.78,1.78,1.78,0.0
HCWB,2026-09-24T10:34:00Z,1.78,1.78,1.78,1.78,0.0
HCWB,2026-09-24T10:35:00Z,1.78,1.78,1.78,1.78,0.0
HCWB,2026-09-24T10:36:00Z,1.78,1.78,1.78,1.78,0.0
HCWB,2026-09-24T10:37:00Z,1.78,1.78,1.78,1.78,0.0
HCWB,2026-09-24T10:38:00Z,1.78,1.78,1.78,1.78,0.0
HCWB,2026-09-24T10:39:00Z,1.78,1.78,1.78,1.78,0.0
HCWB,2026-09-24T10:40:00Z,1.78,1.78,1.78,1.78,0.0
HCWB,2026-09-24T10:41:00Z,1.78,1.78,1.78,1.78,0.0
HCWB,2026-09-24T10:42:00Z,1.78,1.78,1.78,1.78,0.0
HCWB,2026-09-24T10:43:00Z,1.78,1.78,1.78,1.78,0.0
HCWB,2026-09-24T10:44:00Z,1.78,1.78,1.78,1.78,0.0
HCWB,2026-09-24T10:45:00Z,1.78,1.78,1.78,1.78,0.0
HCWB,2026-09-24T10:46:00Z,1.78,1.78,1.78,1.78,0.0
HCWB,2026-09-24T10:47:00Z,1.78,1.78,1.78,1.78,0.0
HCWB,2026-09-24T10:48:00Z,1.78,1.78,1.78,1.78,0.0
HCWB,2026-09-24T10:49:00Z,1.78,1.78,1.78,1.78,0.0
HCWB,2026-09-24T10:50:00Z,1.78,1.78,1.78,1.78,0.0
HCWB,2026-09-24T10:51:00Z,1.78,1.78,1.78,1.78,0.0
HCWB,2026-09-24T10:52:00Z,1.78,1.78,1.78,1.78,0.0
HCWB,2026-09-24T10:53:00Z,1.78,1.78,1.78,1.78,0.0
HCWB,2026-09-24T10:54:00Z,1.78,1.78,1.78,1.78,0.0
HCWB,2026-09-24T10:55:00Z,1.78,1.78,1.78,1.78,0.0
HCWB,2026-09-24T10:56:00Z,1.78,1.78,1.78,1.78,0.0
HCWB,2026-09-24T10:57:00Z,1.78,1.78,1.78,1.78,0.0
HCWB,2026-09-24T10:58:00Z,1.78,1.78,1.78,1.78,0.0
HCWB,2026-09-24T10:59:00Z,1.78,1.78,1.78,1.78,0.0
HCWB,2026-09-24T11:00:00Z,1.78,1.78,1.78,1.78,0.0
HCWB,2026-09-24T11:01:00Z,1.78,1.78,1.78,1.78,0.0
HCWB,2026-09-24T11:02:00Z,1.78,1.78,1.78,1.78,0.0
HCWB,2026-09-24T11:03:00Z,1.78,1.78,1.78,1.78,0.0
HCWB,2026-09-24T11:04:00Z,1.78,1.78,1.78,1.78,0.0
HCWB,2026-09-24T11:05:00Z,1.69,1.69,1.69,1.69,200.0
HCWB,2026-09-24T11:06:00Z,1.69,1.69,1.69,1.69,0.0
HCWB,2026-09-24T11:07:00Z,1.69,1.69,1.69,1.69,0.0
HCWB,2026-09-24T11:08:00Z,1.69,1.69,1.69,1.69,0.0
HCWB,2026-09-24T11:09:00Z,1.69,1.69,1.69,1.69,0.0
HCWB,2026-09-24T11:10:00Z,1.69,1.69,1.69,1.69,0.0
HCWB,2026-09-24T11:11:00Z,1.69,1.69,1.69,1.69,0.0
HCWB,2026-09-24T11:12:00Z,1.69,1.69,1.69,1.69,0.0
HCWB,2026-09-24T11:13:00Z,1.69,1.69,1.69,1.69,0.0
HCWB,2026-09-24T11:14:00Z,1.69,1.69,1.69,1.69,0.0
HCWB,2026-09-24T11:15:00Z,1.69,1.69,1.69,1.69,0.0
HCWB,2026-09-24T11:16:00Z,1.69,1.69,1.69,1.69,0.0
HCWB,2026-09-24T11:17:00Z,1.69,1.69,1.69,1.69,0.0
HCWB,2026-09-24T11:18:00Z,1.69,1.69,1.69,1.69,0.0
HCWB,2026-09-24T11:19:00Z,1.69,1.69,1.69,1.69,0.0
HCWB,2026-09-24T11:20:00Z,1.69,1.69,1.69,1.69,0.0
HCWB,2026-09-24T11:21:00Z,1.69,1.69,1.69,1.69,0.0
HCWB,2026-09-24T11:22:00Z,1.69,1.69,1.69,1.69,0.0
HCWB,2026-09-24T11:23:00Z,1.75,1.75,1.75,1.75,318.0
HCWB,2026-09-24T11:24:00Z,1.75,1.75,1.75,1.75,0.0
HCWB,2026-09-24T11:25:00Z,1.74,1.74,1.74,1.74,584.0
HCWB,2026-09-24T11:26:00Z,1.74,1.74,1.74,1.74,0.0
HCWB,2026-09-24T11:27:00Z,1.74,1.74,1.74,1.74,0.0
HCWB,2026-09-24T11:28:00Z,1.74,1.74,1.74,1.74,0.0
HCWB,2026-09-24T11:29:00Z,1.74,1.74,1.74,1.74,0.0
HCWB,2026-09-24T11:30:00Z,1.74,1.74,1.74,1.74,0.0
HCWB,2026-09-24T11:31:00Z,1.74,1.74,1.74,1.74,0.0
HCWB,2026-09-24T11:32:00Z,1.74,1.74,1.74,1.74,0.0
HCWB,2026-09-24T11:33:00Z,1.74,1.74,1.74,1.74,0.0
HCWB,2026-09-24T11:34:00Z,1.74,1.74,1.74,1.74,0.0
HCWB,2026-09-24T11:35:00Z,1.74,1.74,1.74,1.74,1500.0
HCWB,2026-09-24T11:36:00Z,1.74,1.74,1.74,1.74,0.0
HCWB,2026-09-24T11:37:00Z,1.74,1.74,1.74,1.74,0.0
HCWB,2026-09-24T11:38:00Z,1.74,1.74,1.74,1.74,0.0
HCWB,2026-09-24T11:39:00Z,1.74,1.74,1.74,1.74,0.0
HCWB,2026-09-24T11:40:00Z,1.74,1.74,1.74,1.74,0.0
HCWB,2026-09-24T11:41:00Z,1.74,1.74,1.74,1.74,0.0
HCWB,2026-09-24T11:42:00Z,1.74,1.74,1.74,1.74,0.0
HCWB,2026-09-24T11:43:00Z,1.74,1.74,1.74,1.74,0.0
HCWB,2026-09-24T11:44:00Z,1.67,1.67,1.67,1.67,190.0
HCWB,2026-09-24T11:45:00Z,1.67,1.67,1.67,1.67,0.0
HCWB,2026-09-24T11:46:00Z,1.67,1.67,1.67,1.67,0.0
HCWB,2026-09-24T11:47:00Z,1.67,1.67,1.67,1.67,0.0
HCWB,2026-09-24T11:48:00Z,1.67,1.67,1.67,1.67,0.0
HCWB,2026-09-24T11:49:00Z,1.67,1.67,1.67,1.67,0.0
HCWB,2026-09-24T11:50:00Z,1.67,1.67,1.67,1.67,0.0
HCWB,2026-09-24T11:51:00Z,1.67,1.67,1.67,1.67,0.0
HCWB,2026-09-24T11:52:00Z,1.67,1.67,1.67,1.67,0.0
HCWB,2026-09-24T11:53:00Z,1.67,1.67,1.67,1.67,0.0
HCWB,2026-09-24T11:54:00Z,1.67,1.67,1.67,1.67,0.0
HCWB,2026-09-24T11:55:00Z,1.67,1.67,1.67,1.67,0.0
HCWB,2026-09-24T11:56:00Z,1.67,1.67,1.67,1.67,0.0
HCWB,2026-09-24T11:57:00Z,1.67,1.67,1.67,1.67,0.0
HCWB,2026-09-24T11:58:00Z,1.67,1.67,1.67,1.67,0.0
HCWB,2026-09-24T11:59:00Z,1.67,1.67,1.67,1.67,0.0
HCWB,2026-09-24T12:00:00Z,1.67,1.67,1.67,1.67,0.0
HCWB,2026-09-24T12:01:00Z,1.67,1.67,1.67,1.67,0.0
HCWB,2026-09-24T12:02:00Z,1.67,1.67,1.67,1.67,0.0
HCWB,2026-09-24T12:03:00Z,1.67,1.67,1.67,1.67,0.0
HCWB,2026-09-24T12:04:00Z,1.67,1.67,1.67,1.67,0.0
HCWB,2026-09-24T12:05:00Z,1.67,1.67,1.67,1.67,0.0
HCWB,2026-09-24T12:06:00Z,1.67,1.67,1.67,1.67,0.0
HCWB,2026-09-24T12:07:00Z,1.67,1.67,1.67,1.67,0.0
HCWB,2026-09-24T12:08:00Z,1.7,1.7,1.7,1.7,120.0
HCWB,2026-09-24T12:09:00Z,1.7,1.7,1.7,1.7,0.0
HCWB,2026-09-24T12:10:00Z,1.7,1.7,1.7,1.7,0.0
HCWB,2026-09-24T12:11:00Z,1.7,1.7,1.7,1.7,0.0
HCWB,2026-09-24T12:12:00Z,1.7,1.7,1.7,1.7,0.0
HCWB,2026-09-24T12:13:00Z,1.7,1.7,1.7,1.7,0.0
HCWB,2026-09-24T12:14:00Z,1.7,1.7,1.7,1.7,0.0
HCWB,2026-09-24T12:15:00Z,1.7,1.7,1.7,1.7,0.0
HCWB,2026-09-24T12:16:00Z,1.7,1.7,1.7,1.7,0.0
HCWB,2026-09-24T12:17:00Z,1.7,1.7,1.7,1.7,0.0
HCWB,2026-09-24T12:18:00Z,1.7,1.7,1.7,1.7,0.0
HCWB,2026-09-24T12:19:00Z,1.7,1.7,1.7,1.7,0.0
HCWB,2026-09-24T12:20:00Z,1.7,1.7,1.7,1.7,0.0
HCWB,2026-09-24T12:21:00Z,1.7,1.7,1.7,1.7,0.0
HCWB,2026-09-24T12:22:00Z,1.7,1.7,1.7,1.7,0.0
HCWB,2026-09-24T12:23:00Z,1.7,1.7,1.7,1.7,0.0
HCWB,2026-09-24T12:24:00Z,1.7,1.7,1.7,1.7,0.0
HCWB,2026-09-24T12:25:00Z,1.705,1.71,1.6,1.6,7786.0
HCWB,2026-09-24T12:26:00Z,1.6,1.6,1.396,1.45,15834.0
HCWB,2026-09-24T12:27:00Z,1.45,1.6,1.45,1.6,2955.0
HCWB,2026-09-24T12:28:00Z,1.6,1.6,1.59,1.59,650.0
HCWB,2026-09-24T12:29:00Z,1.53,1.58,1.53,1.5713,1873.0
HCWB,2026-09-24T12:30:00Z,1.51,1.51,1.51,1.51,192.0
HCWB,2026-09-24T12:31:00Z,1.51,1.51,1.51,1.51,0.0
HCWB,2026-09-24T12:32:00Z,1.55,1.55,1.55,1.55,100.0
HCWB,2026-09-24T12:33:00Z,1.5905,1.5905,1.53,1.53,376.0
HCWB,2026-09-24T12:34:00Z,1.49,1.49,1.49,1.49,176.0
HCWB,2026-09-24T12:35:00Z,1.49,1.49,1.49,1.49,0.0
HCWB,2026-09-24T12:36:00Z,1.49,1.49,1.49,1.49,0.0
HCWB,2026-09-24T12:37:00Z,1.49,1.49,1.49,1.49,0.0
HCWB,2026-09-24T12:38:00Z,1.49,1.49,1.49,1.49,0.0
HCWB,2026-09-24T12:39:00Z,1.58,1.58,1.58,1.58,149.0
HCWB,2026-09-24T12:40:00Z,1.5503,1.6,1.5503,1.6,695.0
HCWB,2026-09-24T12:41:00Z,1.64,1.64,1.64,1.64,100.0
HCWB,2026-09-24T12:42:00Z,1.635,1.65,1.63,1.65,1533.0
HCWB,2026-09-24T12:43:00Z,1.65,1.65,1.65,1.65,0.0
HCWB,2026-09-24T12:44:00Z,1.65,1.65,1.65,1.65,0.0
HCWB,2026-09-24T12:45:00Z,1.65,1.65,1.65,1.65,0.0
HCWB,2026-09-24T12:46:00Z,1.65,1.65,1.65,1.65,0.0
HCWB,2026-09-24T12:47:00Z,1.66,1.66,1.66,1.66,561.0
HCWB,2026-09-24T12:48:00Z,1.72,1.72,1.72,1.72,100.0
HCWB,2026-09-24T12:49:00Z,1.7,1.7,1.7,1.7,372.0
HCWB,2026-09-24T12:50:00Z,1.7,1.7,1.7,1.7,0.0
HCWB,2026-09-24T12:51:00Z,1.74,1.74,1.74,1.74,600.0
HCWB,2026-09-24T12:52:00Z,1.74,1.74,1.74,1.74,0.0
HCWB,2026-09-24T12:53:00Z,1.74,1.74,1.74,1.74,0.0
HCWB,2026-09-24T12:54:00Z,1.7052,1.7052,1.7052,1.7052,101.0
HCWB,2026-09-24T12:55:00Z,1.7052,1.7052,1.7052,1.7052,0.0
HCWB,2026-09-24T12:56:00Z,1.71,1.71,1.698,1.698,2481.0
HCWB,2026-09-24T12:57:00Z,1.65,1.65,1.65,1.65,101.0
HCWB,2026-09-24T12:58:00Z,1.65,1.65,1.65,1.65,0.0
HCWB,2026-09-24T12:59:00Z,1.65,1.65,1.65,1.65,0.0
HCWB,2026-09-24T13:00:00Z,1.65,1.65,1.65,1.65,0.0
HCWB,2026-09-24T13:01:00Z,1.65,1.65,1.65,1.65,0.0
HCWB,2026-09-24T13:02:00Z,1.65,1.65,1.65,1.65,0.0
HCWB,2026-09-24T13:03:00Z,1.65,1.65,1.65,1.65,0.0
HCWB,2026-09-24T13:04:00Z,1.65,1.65,1.65,1.65,0.0
HCWB,2026-09-24T13:05:00Z,1.65,1.65,1.65,1.65,0.0
HCWB,2026-09-24T13:06:00Z,1.65,1.65,1.65,1.65,0.0
HCWB,2026-09-24T13:07:00Z,1.65,1.65,1.65,1.65,0.0
HCWB,2026-09-24T13:08:00Z,1.65,1.65,1.65,1.65,0.0
HCWB,2026-09-24T13:09:00Z,1.65,1.65,1.65,1.65,0.0
HCWB,2026-09-24T13:10:00Z,1.65,1.65,1.65,1.65,0.0
HCWB,2026-09-24T13:11:00Z,1.65,1.65,1.65,1.65,0.0
HCWB,2026-09-24T13:12:00Z,1.65,1.65,1.65,1.65,0.0
HCWB,2026-09-24T13:13:00Z,1.65,1.65,1.65,1.65,0.0
HCWB,2026-09-24T13:14:00Z,1.65,1.65,1.65,1.65,0.0
HCWB,2026-09-24T13:15:00Z,1.65,1.65,1.65,1.65,0.0
HCWB,2026-09-24T13:16:00Z,1.65,1.65,1.65,1.65,0.0
HCWB,2026-09-24T13:17:00Z,1.65,1.65,1.65,1.65,0.0
HCWB,2026-09-24T13:18:00Z,1.65,1.65,1.65,1.65,0.0
HCWB,2026-09-24T13:19:00Z,1.65,1.65,1.65,1.65,0.0
HCWB,2026-09-24T13:20:00Z,1.7,1.7,1.7,1.7,100.0
HCWB,2026-09-24T13:21:00Z,1.71,1.71,1.71,1.71,155.0
HCWB,2026-09-24T13:22:00Z,1.7,1.7,1.7,1.7,816.0
HCWB,2026-09-24T13:23:00Z,1.7,1.7,1.7,1.7,0.0
HCWB,2026-09-24T13:24:00Z,1.7,1.7,1.7,1.7,0.0
HCWB,2026-09-24T13:25:00Z,1.7,1.7,1.7,1.7,0.0
HCWB,2026-09-24T13:26:00Z,1.7,1.7,1.7,1.7,200.0
HCWB,2026-09-24T13:27:00Z,1.7,1.7,1.7,1.7,0.0
HCWB,2026-09-24T13:28:00Z,1.7,1.72,1.7,1.72,1426.0
HCWB,2026-09-24T13:29:00Z,1.72,1.72,1.72,1.72,0.0
HCWB,2026-09-24T13:30:00Z,1.69,1.7248,1.69,1.7248,3277.0
HCWB,2026-09-24T13:31:00Z,1.68,1.68,1.68,1.68,827.0
HCWB,2026-09-24T13:32:00Z,1.685,1.685,1.685,1.685,748.0
HCWB,2026-09-24T13:33:00Z,1.685,1.685,1.685,1.685,0.0
HCWB,2026-09-24T13:34:00Z,1.67,1.67,1.67,1.67,200.0
HCWB,2026-09-24T13:35:00Z,1.6955,1.6955,1.6955,1.6955,150.0
HCWB,2026-09-24T13:36:00Z,1.685,1.685,1.68,1.685,1176.0
HCWB,2026-09-24T13:37:00Z,1.685,1.685,1.685,1.685,0.0
HCWB,2026-09-24T13:38:00Z,1.6758,1.6758,1.6758,1.6758,192.0
HCWB,2026-09-24T13:39:00Z,1.68,1.68,1.68,1.68,366.0
HCWB,2026-09-24T13:40:00Z,1.68,1.68,1.68,1.68,0.0
HCWB,2026-09-24T13:41:00Z,1.68,1.68,1.68,1.68,0.0
HCWB,2026-09-24T13:42:00Z,1.7,1.7,1.7,1.7,170.0
HCWB,2026-09-24T13:43:00Z,1.7,1.7,1.7,1.7,0.0
HCWB,2026-09-24T13:44:00Z,1.6846,1.6846,1.6846,1.6846,500.0
HCWB,2026-09-24T13:45:00Z,1.71,1.75,1.71,1.75,1326.0
HCWB,2026-09-24T13:46:00Z,1.775,1.775,1.775,1.775,128.0
HCWB,2026-09-24T13:47:00Z,1.78,1.78,1.7482,1.7482,737.0
HCWB,2026-09-24T13:48:00Z,1.7482,1.7482,1.7482,1.7482,0.0
HCWB,2026-09-24T13:49:00Z,1.7482,1.7482,1.7482,1.7482,0.0
HCWB,2026-09-24T13:50:00Z,1.765,1.765,1.74,1.765,1614.0
HCWB,2026-09-24T13:51:00Z,1.79,1.79,1.79,1.79,300.0
HCWB,2026-09-24T13:52:00Z,1.78,1.81,1.775,1.775,5325.0
HCWB,2026-09-24T13:53:00Z,1.775,1.775,1.775,1.775,0.0
HCWB,2026-09-24T13:54:00Z,1.775,1.775,1.775,1.775,0.0
HCWB,2026-09-24T13:55:00Z,1.81,1.81,1.78,1.78,350.0
HCWB,2026-09-24T13:56:00Z,1.7716,1.7716,1.7716,1.7716,400.0
HCWB,2026-09-24T13:57:00Z,1.7716,1.7716,1.7716,1.7716,0.0
HCWB,2026-09-24T13:58:00Z,1.78,1.8198,1.78,1.8198,1917.0
HCWB,2026-09-24T13:59:00Z,1.795,1.81,1.795,1.8,400.0
HCWB,2026-09-24T14:00:00Z,1.8,1.8,1.8,1.8,0.0
HCWB,2026-09-24T14:01:00Z,1.8262,1.87,1.8262,1.87,31832.0
HCWB,2026-09-24T14:02:00Z,1.92,1.9572,1.88,1.94,13443.0
HCWB,2026-09-24T14:03:00Z,1.97,2.38,1.9501,2.38,96413.0
HCWB,2026-09-24T14:04:00Z,2.38,2.38,2.38,2.38,5572.0
HCWB,2026-09-24T14:05:00Z,2.38,2.38,2.38,2.38,0.0
HCWB,2026-09-24T14:06:00Z,2.38,2.38,2.38,2.38,0.0
HCWB,2026-09-24T14:07:00Z,2.38,2.38,2.38,2.38,0.0
HCWB,2026-09-24T14:08:00Z,2.38,2.38,2.38,2.38,0.0
HCWB,2026-09-24T14:09:00Z,2.38,2.38,2.38,2.38,0.0
HCWB,2026-09-24T14:10:00Z,2.38,2.38,2.38,2.38,0.0
HCWB,2026-09-24T14:11:00Z,2.38,2.38,2.38,2.38,0.0
HCWB,2026-09-24T14:12:00Z,2.38,2.38,2.38,2.38,0.0
HCWB,2026-09-24T14:13:00Z,2.38,2.38,2.38,2.38,0.0
HCWB,2026-09-24T14:14:00Z,2.38,2.38,2.38,2.38,0.0
HCWB,2026-09-24T14:15:00Z,2.38,2.38,2.38,2.38,0.0
HCWB,2026-09-24T14:16:00Z,2.38,2.38,2.38,2.38,0.0
HCWB,2026-09-24T14:17:00Z,2.38,2.38,2.38,2.38,0.0
HCWB,2026-09-24T14:18:00Z,2.38,2.38,2.38,2.38,0.0
HCWB,2026-09-24T14:19:00Z,2.38,2.38,2.38,2.38,0.0
HCWB,2026-09-24T14:20:00Z,2.38,2.38,2.38,2.38,0.0
HCWB,2026-09-24T14:21:00Z,2.38,2.38,2.38,2.38,0.0
HCWB,2026-09-24T14:22:00Z,2.38,2.38,2.38,2.38,0.0
HCWB,2026-09-24T14:23:00Z,2.38,2.38,2.38,2.38,0.0
HCWB,2026-09-24T14:24:00Z,2.38,2.38,2.38,2.38,0.0
HCWB,2026-09-24T14:25:00Z,2.38,2.38,2.38,2.38,0.0
HCWB,2026-09-24T14:26:00Z,2.38,2.38,2.38,2.38,0.0
HCWB,2026-09-24T14:27:00Z,2.38,2.38,2.38,2.38,0.0
HCWB,2026-09-24T14:28:00Z,2.38,2.38,2.38,2.38,0.0
HCWB,2026-09-24T14:29:00Z,3.12,3.12,2.5,2.5,603162.0
HCWB,2026-09-24T14:30:00Z,2.5,2.5,2.5,2.5,0.0
HCWB,2026-09-24T14:31:00Z,2.5,2.5,2.5,2.5,0.0
HCWB,2026-09-24T14:32:00Z,2.5,2.5,2.5,2.5,0.0
HCWB,2026-09-24T14:33:00Z,2.5,2.5,2.5,2.5,0.0
HCWB,2026-09-24T14:34:00Z,2.5,2.5,2.22,2.29,199055.0
HCWB,2026-09-24T14:35:00Z,2.3112,2.33,1.87,2.2587,392973.0
HCWB,2026-09-24T14:36:00Z,2.23,2.3,2.13,2.2,174664.0
HCWB,2026-09-24T14:37:00Z,2.2097,2.3,2.06,2.1262,154618.0
HCWB,2026-09-24T14:38:00Z,2.1192,2.28,2.11,2.1899,96467.0
HCWB,2026-09-24T14:39:00Z,2.18,2.2671,2.06,2.0756,143754.0
HCWB,2026-09-24T14:40:00Z,2.067,2.1011,2.0,2.05,135508.0
HCWB,2026-09-24T14:41:00Z,2.05,2.0999,2.04,2.0401,56476.0
HCWB,2026-09-24T14:42:00Z,2.09,2.09,1.87,1.95,145416.0
HCWB,2026-09-24T14:43:00Z,1.96,1.9675,1.93,1.935,76777.0
HCWB,2026-09-24T14:44:00Z,1.935,1.9399,1.83,1.92,59604.0
HCWB,2026-09-24T14:45:00Z,1.9001,1.95,1.9,1.9292,29632.0
HCWB,2026-09-24T14:46:00Z,1.9292,2.0,1.9201,1.995,62381.0
HCWB,2026-09-24T14:47:00Z,1.9903,2.03,1.95,2.02,44468.0
HCWB,2026-09-24T14:48:00Z,2.02,2.15,2.02,2.1494,86229.0
HCWB,2026-09-24T14:49:00Z,2.1401,2.19,1.97,1.97,174294.0
HCWB,2026-09-24T14:50:00Z,1.98,2.0799,1.98,2.025,47274.0
HCWB,2026-09-24T14:51:00Z,2.02,2.0499,1.97,2.0006,38430.0
HCWB,2026-09-24T14:52:00Z,2.0461,2.1,1.99,2.02,23738.0
HCWB,2026-09-24T14:53:00Z,2.03,2.08,2.03,2.045,18427.0
HCWB,2026-09-24T14:54:00Z,2.045,2.06,1.98,2.001,46115.0
HCWB,2026-09-24T14:55:00Z,2.0,2.01,1.92,1.9436,34033.0
HCWB,2026-09-24T14:56:00Z,1.9677,1.97,1.92,1.9302,10801.0
HCWB,2026-09-24T14:57:00Z,1.9303,1.95,1.9,1.9422,12174.0
HCWB,2026-09-24T14:58:00Z,1.9422,1.96,1.94,1.9478,4168.0
HCWB,2026-09-24T14:59:00Z,1.95,1.9593,1.94,1.95,7340.0
HCWB,2026-09-24T15:00:00Z,1.96,1.97,1.93,1.93,11377.0
HCWB,2026-09-24T15:01:00Z,1.94,2.029,1.9101,2.015,15679.0
HCWB,2026-09-24T15:02:00Z,2.0377,2.08,2.02,2.0798,53191.0
HCWB,2026-09-24T15:03:00Z,2.08,2.0992,2.0414,2.0899,46520.0
HCWB,2026-09-24T15:04:00Z,2.085,2.0998,2.0,2.0101,42027.0
HCWB,2026-09-24T15:05:00Z,2.0839,2.0839,2.0189,2.0597,13193.0
HCWB,2026-09-24T15:06:00Z,2.0597,2.0597,2.02,2.02,3818.0
HCWB,2026-09-24T15:07:00Z,2.02,2.045,2.0199,2.02,8375.0
HCWB,2026-09-24T15:08:00Z,2.02,2.03,2.01,2.0101,5719.0
HCWB,2026-09-24T15:09:00Z,2.0101,2.04,2.0101,2.035,10326.0
HCWB,2026-09-24T15:10:00Z,2.035,2.13,2.035,2.13,23876.0
HCWB,2026-09-24T15:11:00Z,2.116,2.6,2.03,2.501,230228.0
HCWB,2026-09-24T15:12:00Z,2.52,2.69,2.47,2.6,614337.0
HCWB,2026-09-24T15:13:00Z,2.584,2.62,2.3501,2.5361,501227.0
HCWB,2026-09-24T15:14:00Z,2.5001,2.61,2.4,2.58,437422.0
HCWB,2026-09-24T15:15:00Z,2.58,2.62,2.44,2.5099,405135.0
HCWB,2026-09-24T15:16:00Z,2.5088,2.65,2.46,2.61,406827.0
HCWB,2026-09-24T15:17:00Z,2.62,2.84,2.59,2.72,859405.0
HCWB,2026-09-24T15:18:00Z,2.738,2.74,2.28,2.365,690695.0
HCWB,2026-09-24T15:19:00Z,2.3699,2.45,2.18,2.2109,420468.0
HCWB,2026-09-24T15:20:00Z,2.21,2.24,2.13,2.18,263729.0
HCWB,2026-09-24T15:21:00Z,2.17,2.23,2.1,2.22,179441.0
HCWB,2026-09-24T15:22:00Z,2.2201,2.37,2.1309,2.26,297852.0
HCWB,2026-09-24T15:23:00Z,2.2692,2.32,2.2601,2.31,102325.0
HCWB,2026-09-24T15:24:00Z,2.31,2.53,2.3,2.43,389796.0
HCWB,2026-09-24T15:25:00Z,2.4399,2.4399,2.241,2.321,196703.0
HCWB,2026-09-24T15:26:00Z,2.33,2.33,2.21,2.265,120198.0
HCWB,2026-09-24T15:27:00Z,2.2799,2.3154,2.24,2.275,66144.0
HCWB,2026-09-24T15:28:00Z,2.2717,2.2799,2.2,2.2388,89850.0
HCWB,2026-09-24T15:29:00Z,2.2301,2.24,2.19,2.23,98770.0
HCWB,2026-09-24T15:30:00Z,2.23,2.32,2.21,2.24,93845.0
HCWB,2026-09-24T15:31:00Z,2.23,2.24,2.23,2.2303,9120.0
NCPL,2026-09-24T08:00:00Z,1.18,1.29,1.13,1.27,107129.0
NCPL,2026-09-24T08:01:00Z,1.27,1.29,1.1416,1.18,17178.0
NCPL,2026-09-24T08:02:00Z,1.27,1.29,1.14,1.16,62077.0
NCPL,2026-09-24T08:03:00Z,1.18,1.18,1.14,1.16,15226.0
NCPL,2026-09-24T08:04:00Z,1.145,1.16,1.14,1.16,1133.0
NCPL,2026-09-24T08:05:00Z,1.1502,1.1502,1.15,1.15,3696.0
NCPL,2026-09-24T08:06:00Z,1.1584,1.18,1.14,1.16,3893.0
NCPL,2026-09-24T08:07:00Z,1.1402,1.16,1.1402,1.15,1390.0
NCPL,2026-09-24T08:08:00Z,1.1502,1.1502,1.1502,1.1502,169.0
NCPL,2026-09-24T08:09:00Z,1.1502,1.1502,1.1402,1.1402,3412.0
NCPL,2026-09-24T08:10:00Z,1.14,1.14,1.13,1.13,3965.0
NCPL,2026-09-24T08:11:00Z,1.1302,1.14,1.13,1.1384,1603.0
NCPL,2026-09-24T08:12:00Z,1.13,1.13,1.12,1.13,1325.0
NCPL,2026-09-24T08:13:00Z,1.13,1.13,1.12,1.12,1481.0
NCPL,2026-09-24T08:14:00Z,1.13,1.13,1.12,1.1202,1686.0
NCPL,2026-09-24T08:15:00Z,1.1216,1.1216,1.1216,1.1216,115.0
NCPL,2026-09-24T08:16:00Z,1.14,1.14,1.14,1.14,304.0
NCPL,2026-09-24T08:17:00Z,1.13,1.13,1.1202,1.1202,500.0
NCPL,2026-09-24T08:18:00Z,1.13,1.13,1.13,1.13,168.0
NCPL,2026-09-24T08:19:00Z,1.13,1.13,1.13,1.13,0.0
NCPL,2026-09-24T08:20:00Z,1.1202,1.1202,1.1202,1.1202,426.0
NCPL,2026-09-24T08:21:00Z,1.13,1.13,1.12,1.12,776.0
NCPL,2026-09-24T08:22:00Z,1.15,1.17,1.15,1.17,751.0
NCPL,2026-09-24T08:23:00Z,1.15,1.18,1.15,1.1616,3416.0
NCPL,2026-09-24T08:24:00Z,1.17,1.18,1.17,1.18,559.0
NCPL,2026-09-24T08:25:00Z,1.18,1.18,1.18,1.18,0.0
NCPL,2026-09-24T08:26:00Z,1.1702,1.1702,1.17,1.17,1466.0
NCPL,2026-09-24T08:27:00Z,1.1798,1.18,1.1798,1.1798,1207.0
NCPL,2026-09-24T08:28:00Z,1.1798,1.1798,1.1798,1.1798,0.0
NCPL,2026-09-24T08:29:00Z,1.1702,1.1702,1.1702,1.1702,631.0
NCPL,2026-09-24T08:30:00Z,1.175,1.18,1.175,1.18,4000.0
NCPL,2026-09-24T08:31:00Z,1.18,1.2284,1.18,1.2,6910.0
NCPL,2026-09-24T08:32:00Z,1.2,1.2,1.17,1.184,4218.0
NCPL,2026-09-24T08:33:00Z,1.21,1.2199,1.2099,1.2099,6376.0
NCPL,2026-09-24T08:34:00Z,1.2098,1.21,1.2002,1.2002,2408.0
NCPL,2026-09-24T08:35:00Z,1.2098,1.26,1.2002,1.21,37723.0
NCPL,2026-09-24T08:36:00Z,1.21,1.23,1.15,1.2,25822.0
NCPL,2026-09-24T08:37:00Z,1.19,1.19,1.1298,1.13,29036.0
NCPL,2026-09-24T08:38:00Z,1.1402,1.1402,1.13,1.14,2455.0
NCPL,2026-09-24T08:39:00Z,1.13,1.13,1.13,1.13,2586.0
NCPL,2026-09-24T08:40:00Z,1.13,1.13,1.1298,1.13,1501.0
NCPL,2026-09-24T08:41:00Z,1.12,1.12,1.12,1.12,456.0
NCPL,2026-09-24T08:42:00Z,1.1201,1.13,1.12,1.12,7168.0
NCPL,2026-09-24T08:43:00Z,1.13,1.14,1.13,1.14,1378.0
NCPL,2026-09-24T08:44:00Z,1.13,1.13,1.13,1.13,1101.0
NCPL,2026-09-24T08:45:00Z,1.16,1.16,1.14,1.14,1219.0
NCPL,2026-09-24T08:46:00Z,1.14,1.16,1.14,1.15,1433.0
NCPL,2026-09-24T08:47:00Z,1.15,1.15,1.13,1.13,600.0
NCPL,2026-09-24T08:48:00Z,1.1302,1.1302,1.13,1.13,1177.0
NCPL,2026-09-24T08:49:00Z,1.16,1.1697,1.16,1.1697,200.0
NCPL,2026-09-24T08:50:00Z,1.15,1.15,1.15,1.15,108.0
NCPL,2026-09-24T08:51:00Z,1.15,1.15,1.15,1.15,858.0
NCPL,2026-09-24T08:52:00Z,1.16,1.16,1.14,1.14,3372.0
NCPL,2026-09-24T08:53:00Z,1.1576,1.1576,1.1576,1.1576,212.0
NCPL,2026-09-24T08:54:00Z,1.1302,1.15,1.1302,1.15,2023.0
NCPL,2026-09-24T08:55:00Z,1.13,1.16,1.13,1.16,7998.0
NCPL,2026-09-24T08:56:00Z,1.13,1.15,1.13,1.15,358.0
NCPL,2026-09-24T08:57:00Z,1.15,1.15,1.15,1.15,0.0
NCPL,2026-09-24T08:58:00Z,1.15,1.15,1.15,1.15,0.0
NCPL,2026-09-24T08:59:00Z,1.15,1.16,1.15,1.16,500.0
NCPL,2026-09-24T09:00:00Z,1.16,1.16,1.16,1.16,0.0
NCPL,2026-09-24T09:01:00Z,1.15,1.15,1.15,1.15,2084.0
NCPL,2026-09-24T09:02:00Z,1.15,1.1502,1.15,1.1502,1412.0
NCPL,2026-09-24T09:03:00Z,1.16,1.16,1.16,1.16,200.0
NCPL,2026-09-24T09:04:00Z,1.1598,1.16,1.15,1.15,4035.0
NCPL,2026-09-24T09:05:00Z,1.15,1.15,1.15,1.15,244.0
NCPL,2026-09-24T09:06:00Z,1.15,1.15,1.14,1.14,900.0
NCPL,2026-09-24T09:07:00Z,1.15,1.15,1.15,1.15,100.0
NCPL,2026-09-24T09:08:00Z,1.15,1.15,1.15,1.15,0.0
NCPL,2026-09-24T09:09:00Z,1.15,1.15,1.15,1.15,213.0
NCPL,2026-09-24T09:10:00Z,1.15,1.15,1.15,1.15,0.0
NCPL,2026-09-24T09:11:00Z,1.15,1.15,1.15,1.15,0.0
NCPL,2026-09-24T09:12:00Z,1.1498,1.1498,1.1498,1.1498,500.0
NCPL,2026-09-24T09:13:00Z,1.1498,1.1498,1.1498,1.1498,0.0
NCPL,2026-09-24T09:14:00Z,1.1498,1.1498,1.1498,1.1498,0.0
NCPL,2026-09-24T09:15:00Z,1.15,1.15,1.15,1.15,177.0
NCPL,2026-09-24T09:16:00Z,1.16,1.1698,1.15,1.1698,3182.0
NCPL,2026-09-24T09:17:00Z,1.165,1.18,1.16,1.18,4828.0
NCPL,2026-09-24T09:18:00Z,1.18,1.1998,1.18,1.1998,1249.0
NCPL,2026-09-24T09:19:00Z,1.196,1.2198,1.17,1.2098,18549.0
NCPL,2026-09-24T09:20:00Z,1.2002,1.23,1.19,1.2102,43061.0
NCPL,2026-09-24T09:21:00Z,1.21,1.22,1.2,1.2,14267.0
NCPL,2026-09-24T09:22:00Z,1.19,1.1902,1.18,1.185,5625.0
NCPL,2026-09-24T09:23:00Z,1.1702,1.2,1.1602,1.1898,4770.0
NCPL,2026-09-24T09:24:00Z,1.16,1.17,1.16,1.16,5057.0
NCPL,2026-09-24T09:25:00Z,1.17,1.1702,1.16,1.17,4640.0
NCPL,2026-09-24T09:26:00Z,1.1602,1.17,1.1602,1.17,552.0
NCPL,2026-09-24T09:27:00Z,1.17,1.18,1.17,1.18,1224.0
NCPL,2026-09-24T09:28:00Z,1.1802,1.19,1.18,1.19,4340.0
NCPL,2026-09-24T09:29:00Z,1.19,1.2002,1.19,1.2002,3642.0
NCPL,2026-09-24T09:30:00Z,1.2098,1.23,1.2,1.21,10808.0
NCPL,2026-09-24T09:31:00Z,1.21,1.23,1.21,1.21,5617.0
NCPL,2026-09-24T09:32:00Z,1.2198,1.22,1.19,1.2002,5219.0
NCPL,2026-09-24T09:33:00Z,1.22,1.2284,1.2002,1.2002,6033.0
NCPL,2026-09-24T09:34:00Z,1.1984,1.2198,1.1984,1.21,7820.0
NCPL,2026-09-24T09:35:00Z,1.22,1.23,1.21,1.23,12116.0
NCPL,2026-09-24T09:36:00Z,1.2298,1.2398,1.22,1.2284,14367.0
NCPL,2026-09-24T09:37:00Z,1.2116,1.24,1.2116,1.24,3747.0
NCPL,2026-09-24T09:38:00Z,1.23,1.24,1.23,1.2302,2641.0
NCPL,2026-09-24T09:39:00Z,1.23,1.24,1.21,1.21,4511.0
NCPL,2026-09-24T09:40:00Z,1.22,1.2384,1.21,1.2216,3718.0
NCPL,2026-09-24T09:41:00Z,1.24,1.24,1.23,1.24,9996.0
NCPL,2026-09-24T09:42:00Z,1.24,1.25,1.2302,1.2402,5284.0
NCPL,2026-09-24T09:43:00Z,1.245,1.25,1.2398,1.2398,7211.0
NCPL,2026-09-24T09:44:00Z,1.2498,1.2498,1.23,1.23,8518.0
NCPL,2026-09-24T09:45:00Z,1.23,1.2316,1.2202,1.2202,3856.0
NCPL,2026-09-24T09:46:00Z,1.2202,1.2224,1.22,1.2202,2616.0
NCPL,2026-09-24T09:47:00Z,1.22,1.22,1.21,1.21,2262.0
NCPL,2026-09-24T09:48:00Z,1.21,1.21,1.19,1.1902,3717.0
NCPL,2026-09-24T09:49:00Z,1.1902,1.1902,1.1902,1.1902,0.0
NCPL,2026-09-24T09:50:00Z,1.1902,1.1902,1.1902,1.1902,0.0
NCPL,2026-09-24T09:51:00Z,1.22,1.22,1.19,1.19,1377.0
NCPL,2026-09-24T09:52:00Z,1.2202,1.23,1.22,1.23,2914.0
NCPL,2026-09-24T09:53:00Z,1.23,1.27,1.23,1.27,8502.0
NCPL,2026-09-24T09:54:00Z,1.27,1.29,1.24,1.29,56283.0
NCPL,2026-09-24T09:55:00Z,1.2803,1.3,1.26,1.2903,110550.0
NCPL,2026-09-24T09:56:00Z,1.3,1.4,1.29,1.3703,293654.0
NCPL,2026-09-24T09:57:00Z,1.3797,1.47,1.36,1.47,276548.0
NCPL,2026-09-24T09:58:00Z,1.4601,1.55,1.38,1.43,395879.0
NCPL,2026-09-24T09:59:00Z,1.42,1.55,1.38,1.4897,350634.0
NCPL,2026-09-24T10:00:00Z,1.49,1.55,1.44,1.4692,287824.0
NCPL,2026-09-24T10:01:00Z,1.48,1.51,1.41,1.4197,200815.0
NCPL,2026-09-24T10:02:00Z,1.4297,1.51,1.42,1.4597,135025.0
NCPL,2026-09-24T10:03:00Z,1.455,1.47,1.4,1.4,139054.0
NCPL,2026-09-24T10:04:00Z,1.4,1.42,1.37,1.3803,200851.0
NCPL,2026-09-24T10:05:00Z,1.385,1.45,1.34,1.44,209380.0
NCPL,2026-09-24T10:06:00Z,1.44,1.45,1.37,1.3897,176012.0
NCPL,2026-09-24T10:07:00Z,1.3803,1.4203,1.38,1.38,89925.0
NCPL,2026-09-24T10:08:00Z,1.3897,1.4,1.29,1.3295,238620.0
NCPL,2026-09-24T10:09:00Z,1.3297,1.3297,1.24,1.24,304447.0
NCPL,2026-09-24T10:10:00Z,1.24,1.28,1.21,1.21,155709.0
NCPL,2026-09-24T10:11:00Z,1.2198,1.2198,1.17,1.2,174477.0
NCPL,2026-09-24T10:12:00Z,1.19,1.22,1.16,1.1891,184706.0
NCPL,2026-09-24T10:13:00Z,1.19,1.2,1.18,1.18,60551.0
NCPL,2026-09-24T10:14:00Z,1.1801,1.21,1.18,1.1908,56195.0
NCPL,2026-09-24T10:15:00Z,1.1902,1.2298,1.13,1.15,183742.0
NCPL,2026-09-24T10:16:00Z,1.15,1.17,1.15,1.17,60080.0
NCPL,2026-09-24T10:17:00Z,1.17,1.17,1.13,1.1602,68512.0
NCPL,2026-09-24T10:18:00Z,1.16,1.17,1.14,1.16,21742.0
NCPL,2026-09-24T10:19:00Z,1.1602,1.17,1.14,1.1408,31596.0
NCPL,2026-09-24T10:20:00Z,1.1498,1.151,1.14,1.151,15472.0
NCPL,2026-09-24T10:21:00Z,1.1502,1.17,1.15,1.16,19389.0
NCPL,2026-09-24T10:22:00Z,1.16,1.18,1.15,1.1502,28982.0
NCPL,2026-09-24T10:23:00Z,1.15,1.1598,1.14,1.14,17519.0
NCPL,2026-09-24T10:24:00Z,1.15,1.15,1.14,1.1498,17552.0
NCPL,2026-09-24T10:25:00Z,1.1402,1.17,1.1402,1.165,34526.0
NCPL,2026-09-24T10:26:00Z,1.1698,1.17,1.1402,1.1402,15061.0
NCPL,2026-09-24T10:27:00Z,1.14,1.15,1.14,1.14,12498.0
NCPL,2026-09-24T10:28:00Z,1.1495,1.17,1.14,1.17,13367.0
NCPL,2026-09-24T10:29:00Z,1.17,1.17,1.16,1.17,9001.0
NCPL,2026-09-24T10:30:00Z,1.1602,1.1697,1.16,1.16,2056.0
NCPL,2026-09-24T10:31:00Z,1.1602,1.1694,1.14,1.1493,18526.0
NCPL,2026-09-24T10:32:00Z,1.15,1.17,1.14,1.16,8394.0
NCPL,2026-09-24T10:33:00Z,1.16,1.17,1.16,1.1603,8061.0
NCPL,2026-09-24T10:34:00Z,1.16,1.19,1.16,1.165,22564.0
NCPL,2026-09-24T10:35:00Z,1.1608,1.17,1.1602,1.1698,2531.0
NCPL,2026-09-24T10:36:00Z,1.17,1.17,1.1502,1.16,9308.0
NCPL,2026-09-24T10:37:00Z,1.155,1.17,1.15,1.16,8330.0
NCPL,2026-09-24T10:38:00Z,1.165,1.18,1.1602,1.18,7320.0
NCPL,2026-09-24T10:39:00Z,1.19,1.19,1.17,1.1702,10995.0
NCPL,2026-09-24T10:40:00Z,1.18,1.18,1.17,1.17,7154.0
NCPL,2026-09-24T10:41:00Z,1.17,1.18,1.17,1.18,5273.0
NCPL,2026-09-24T10:42:00Z,1.17,1.2102,1.17,1.2,26757.0
NCPL,2026-09-24T10:43:00Z,1.2,1.2,1.1807,1.19,9372.0
NCPL,2026-09-24T10:44:00Z,1.1807,1.19,1.18,1.1898,4119.0
NCPL,2026-09-24T10:45:00Z,1.1802,1.2,1.18,1.2,9281.0
NCPL,2026-09-24T10:46:00Z,1.2,1.2105,1.19,1.1901,16022.0
NCPL,2026-09-24T10:47:00Z,1.2,1.2,1.18,1.1893,10004.0
NCPL,2026-09-24T10:48:00Z,1.1802,1.19,1.18,1.1802,4499.0
NCPL,2026-09-24T10:49:00Z,1.18,1.19,1.18,1.19,3500.0
NCPL,2026-09-24T10:50:00Z,1.1808,1.19,1.18,1.19,6116.0
NCPL,2026-09-24T10:51:00Z,1.1802,1.1898,1.18,1.1893,1236.0
NCPL,2026-09-24T10:52:00Z,1.1802,1.185,1.1802,1.185,788.0
NCPL,2026-09-24T10:53:00Z,1.18,1.19,1.18,1.1893,3182.0
NCPL,2026-09-24T10:54:00Z,1.19,1.19,1.17,1.175,17460.0
NCPL,2026-09-24T10:55:00Z,1.175,1.18,1.16,1.16,16331.0
NCPL,2026-09-24T10:56:00Z,1.16,1.19,1.16,1.18,4089.0
NCPL,2026-09-24T10:57:00Z,1.18,1.19,1.18,1.19,1812.0
NCPL,2026-09-24T10:58:00Z,1.1607,1.17,1.16,1.1602,8314.0
NCPL,2026-09-24T10:59:00Z,1.1691,1.17,1.16,1.16,2635.0
NCPL,2026-09-24T11:00:00Z,1.17,1.1914,1.1698,1.1899,32641.0
NCPL,2026-09-24T11:01:00Z,1.1899,1.19,1.18,1.19,15080.0
NCPL,2026-09-24T11:02:00Z,1.19,1.19,1.1793,1.1793,6024.0
NCPL,2026-09-24T11:03:00Z,1.1707,1.18,1.17,1.17,4626.0
NCPL,2026-09-24T11:04:00Z,1.1798,1.18,1.17,1.17,12251.0
NCPL,2026-09-24T11:05:00Z,1.1601,1.17,1.16,1.1607,15519.0
NCPL,2026-09-24T11:06:00Z,1.17,1.17,1.14,1.15,22671.0
NCPL,2026-09-24T11:07:00Z,1.16,1.17,1.15,1.1602,17900.0
NCPL,2026-09-24T11:08:00Z,1.17,1.17,1.15,1.1585,8448.0
NCPL,2026-09-24T11:09:00Z,1.1509,1.16,1.15,1.16,3325.0
NCPL,2026-09-24T11:10:00Z,1.1502,1.16,1.15,1.1502,3441.0
NCPL,2026-09-24T11:11:00Z,1.15,1.16,1.15,1.1502,15751.0
NCPL,2026-09-24T11:12:00Z,1.15,1.17,1.15,1.16,9789.0
NCPL,2026-09-24T11:13:00Z,1.1603,1.17,1.16,1.1602,1599.0
NCPL,2026-09-24T11:14:00Z,1.16,1.17,1.16,1.16,19148.0
NCPL,2026-09-24T11:15:00Z,1.16,1.19,1.16,1.1897,15566.0
NCPL,2026-09-24T11:16:00Z,1.1802,1.2,1.18,1.18,21171.0
NCPL,2026-09-24T11:17:00Z,1.18,1.2009,1.1793,1.2009,30893.0
NCPL,2026-09-24T11:18:00Z,1.205,1.205,1.18,1.19,14037.0
NCPL,2026-09-24T11:19:00Z,1.1993,1.24,1.19,1.2398,65862.0
NCPL,2026-09-24T11:20:00Z,1.24,1.27,1.23,1.27,139856.0
NCPL,2026-09-24T11:21:00Z,1.2706,1.29,1.25,1.2803,200889.0
NCPL,2026-09-24T11:22:00Z,1.2806,1.29,1.25,1.2501,125264.0
NCPL,2026-09-24T11:23:00Z,1.25,1.26,1.22,1.24,65064.0
NCPL,2026-09-24T11:24:00Z,1.23,1.24,1.22,1.22,42116.0
NCPL,2026-09-24T11:25:00Z,1.2299,1.23,1.2,1.21,49676.0
NCPL,2026-09-24T11:26:00Z,1.205,1.21,1.2,1.2,19154.0
NCPL,2026-09-24T11:27:00Z,1.2,1.2106,1.2,1.21,24181.0
NCPL,2026-09-24T11:28:00Z,1.2002,1.21,1.19,1.19,11499.0
NCPL,2026-09-24T11:29:00Z,1.1902,1.2,1.1803,1.19,28142.0
NCPL,2026-09-24T11:30:00Z,1.2,1.23,1.19,1.22,17679.0
NCPL,2026-09-24T11:31:00Z,1.22,1.22,1.2,1.21,6393.0
NCPL,2026-09-24T11:32:00Z,1.2002,1.21,1.2,1.2093,6277.0
NCPL,2026-09-24T11:33:00Z,1.2,1.21,1.2,1.21,14777.0
NCPL,2026-09-24T11:34:00Z,1.2,1.21,1.19,1.19,18776.0
NCPL,2026-09-24T11:35:00Z,1.19,1.21,1.19,1.19,11675.0
NCPL,2026-09-24T11:36:00Z,1.2,1.2,1.19,1.19,5262.0
NCPL,2026-09-24T11:37:00Z,1.19,1.2,1.19,1.19,7106.0
NCPL,2026-09-24T11:38:00Z,1.19,1.2,1.19,1.19,4533.0
NCPL,2026-09-24T11:39:00Z,1.19,1.19,1.18,1.18,21647.0
NCPL,2026-09-24T11:40:00Z,1.185,1.19,1.18,1.18,28811.0
NCPL,2026-09-24T11:41:00Z,1.18,1.19,1.18,1.18,7706.0
NCPL,2026-09-24T11:42:00Z,1.17,1.1798,1.17,1.1701,12429.0
NCPL,2026-09-24T11:43:00Z,1.1702,1.19,1.1702,1.19,24287.0
NCPL,2026-09-24T11:44:00Z,1.1882,1.19,1.17,1.18,3471.0
NCPL,2026-09-24T11:45:00Z,1.18,1.19,1.18,1.18,35352.0
NCPL,2026-09-24T11:46:00Z,1.19,1.23,1.19,1.23,66282.0
NCPL,2026-09-24T11:47:00Z,1.22,1.23,1.21,1.23,17596.0
NCPL,2026-09-24T11:48:00Z,1.23,1.24,1.22,1.22,25739.0
NCPL,2026-09-24T11:49:00Z,1.2299,1.23,1.22,1.2298,22125.0
NCPL,2026-09-24T11:50:00Z,1.22,1.24,1.22,1.24,7145.0
NCPL,2026-09-24T11:51:00Z,1.2398,1.24,1.23,1.24,17569.0
NCPL,2026-09-24T11:52:00Z,1.2397,1.24,1.2301,1.24,3650.0
NCPL,2026-09-24T11:53:00Z,1.23,1.23,1.22,1.2203,5420.0
NCPL,2026-09-24T11:54:00Z,1.2202,1.23,1.22,1.23,8289.0
NCPL,2026-09-24T11:55:00Z,1.22,1.25,1.22,1.25,17868.0
NCPL,2026-09-24T11:56:00Z,1.2494,1.25,1.24,1.2498,20264.0
NCPL,2026-09-24T11:57:00Z,1.2499,1.25,1.24,1.25,7496.0
NCPL,2026-09-24T11:58:00Z,1.24,1.25,1.2319,1.2397,15441.0
NCPL,2026-09-24T11:59:00Z,1.2302,1.2594,1.23,1.2594,19966.0
NCPL,2026-09-24T12:00:00Z,1.26,1.26,1.25,1.25,18644.0
NCPL,2026-09-24T12:01:00Z,1.25,1.26,1.25,1.2585,40401.0
NCPL,2026-09-24T12:02:00Z,1.26,1.28,1.25,1.2785,50733.0
NCPL,2026-09-24T12:03:00Z,1.2715,1.28,1.26,1.27,24847.0
NCPL,2026-09-24T12:04:00Z,1.2607,1.27,1.2599,1.26,22817.0
NCPL,2026-09-24T12:05:00Z,1.2603,1.27,1.25,1.26,26723.0
NCPL,2026-09-24T12:06:00Z,1.25,1.26,1.25,1.25,7741.0
NCPL,2026-09-24T12:07:00Z,1.2502,1.28,1.25,1.28,22834.0
NCPL,2026-09-24T12:08:00Z,1.28,1.29,1.27,1.2798,10472.0
NCPL,2026-09-24T12:09:00Z,1.2797,1.31,1.27,1.3,31512.0
NCPL,2026-09-24T12:10:00Z,1.3098,1.31,1.28,1.29,39802.0
NCPL,2026-09-24T12:11:00Z,1.29,1.29,1.28,1.29,17249.0
NCPL,2026-09-24T12:12:00Z,1.28,1.31,1.28,1.2998,50570.0
NCPL,2026-09-24T12:13:00Z,1.2903,1.3,1.28,1.2899,38147.0
NCPL,2026-09-24T12:14:00Z,1.28,1.29,1.28,1.2803,18884.0
NCPL,2026-09-24T12:15:00Z,1.2803,1.2803,1.27,1.272,55991.0
NCPL,2026-09-24T12:16:00Z,1.2797,1.31,1.27,1.3014,16364.0
NCPL,2026-09-24T12:17:00Z,1.31,1.31,1.28,1.2997,24677.0
NCPL,2026-09-24T12:18:00Z,1.2903,1.3085,1.29,1.3085,15733.0
NCPL,2026-09-24T12:19:00Z,1.31,1.34,1.3014,1.33,102648.0
NCPL,2026-09-24T12:20:00Z,1.33,1.35,1.29,1.295,233353.0
NCPL,2026-09-24T12:21:00Z,1.295,1.3,1.29,1.3,42878.0
NCPL,2026-09-24T12:22:00Z,1.31,1.32,1.3,1.31,35957.0
NCPL,2026-09-24T12:23:00Z,1.32,1.32,1.31,1.3118,18694.0
NCPL,2026-09-24T12:24:00Z,1.31,1.32,1.31,1.3197,11922.0
NCPL,2026-09-24T12:25:00Z,1.31,1.3199,1.3,1.3093,39977.0
NCPL,2026-09-24T12:26:00Z,1.3,1.32,1.3,1.32,21488.0
NCPL,2026-09-24T12:27:00Z,1.3185,1.32,1.31,1.31,14899.0
NCPL,2026-09-24T12:28:00Z,1.3103,1.32,1.31,1.31,3332.0
NCPL,2026-09-24T12:29:00Z,1.3103,1.35,1.31,1.35,50444.0
NCPL,2026-09-24T12:30:00Z,1.34,1.35,1.33,1.33,34530.0
NCPL,2026-09-24T12:31:00Z,1.3397,1.3397,1.32,1.3215,18088.0
NCPL,2026-09-24T12:32:00Z,1.3203,1.34,1.32,1.3399,18678.0
NCPL,2026-09-24T12:33:00Z,1.33,1.34,1.33,1.33,12070.0
NCPL,2026-09-24T12:34:00Z,1.33,1.33,1.31,1.3101,16284.0
NCPL,2026-09-24T12:35:00Z,1.312,1.32,1.31,1.32,29770.0
NCPL,2026-09-24T12:36:00Z,1.3111,1.32,1.31,1.31,25151.0
NCPL,2026-09-24T12:37:00Z,1.31,1.32,1.3,1.3,23067.0
NCPL,2026-09-24T12:38:00Z,1.3008,1.32,1.3,1.31,20439.0
NCPL,2026-09-24T12:39:00Z,1.3099,1.32,1.3,1.31,11930.0
NCPL,2026-09-24T12:40:00Z,1.3197,1.33,1.31,1.33,13873.0
NCPL,2026-09-24T12:41:00Z,1.33,1.34,1.3103,1.3103,42503.0
NCPL,2026-09-24T12:42:00Z,1.31,1.34,1.31,1.34,15381.0
NCPL,2026-09-24T12:43:00Z,1.34,1.35,1.33,1.3403,21319.0
NCPL,2026-09-24T12:44:00Z,1.3403,1.35,1.34,1.34,41372.0
NCPL,2026-09-24T12:45:00Z,1.3499,1.38,1.3499,1.3797,60250.0
NCPL,2026-09-24T12:46:00Z,1.38,1.39,1.36,1.3603,84786.0
NCPL,2026-09-24T12:47:00Z,1.3611,1.37,1.35,1.36,26922.0
NCPL,2026-09-24T12:48:00Z,1.36,1.37,1.35,1.36,10177.0
NCPL,2026-09-24T12:49:00Z,1.36,1.39,1.36,1.3797,38609.0
NCPL,2026-09-24T12:50:00Z,1.3793,1.39,1.37,1.3897,24152.0
NCPL,2026-09-24T12:51:00Z,1.38,1.39,1.38,1.382,25250.0
NCPL,2026-09-24T12:52:00Z,1.3803,1.39,1.38,1.39,13761.0
NCPL,2026-09-24T12:53:00Z,1.38,1.39,1.36,1.36,27624.0
NCPL,2026-09-24T12:54:00Z,1.37,1.38,1.36,1.37,23467.0
NCPL,2026-09-24T12:55:00Z,1.38,1.39,1.37,1.3815,23096.0
NCPL,2026-09-24T12:56:00Z,1.3807,1.39,1.38,1.3897,17165.0
NCPL,2026-09-24T12:57:00Z,1.39,1.39,1.36,1.3603,23516.0
NCPL,2026-09-24T12:58:00Z,1.3684,1.39,1.3684,1.38,59037.0
NCPL,2026-09-24T12:59:00Z,1.3815,1.45,1.38,1.43,194292.0
NCPL,2026-09-24T13:00:00Z,1.4297,1.43,1.39,1.42,107026.0
NCPL,2026-09-24T13:01:00Z,1.421,1.44,1.42,1.42,39985.0
NCPL,2026-09-24T13:02:00Z,1.42,1.43,1.41,1.41,66389.0
NCPL,2026-09-24T13:03:00Z,1.4097,1.42,1.4,1.41,20565.0
NCPL,2026-09-24T13:04:00Z,1.4103,1.47,1.4103,1.465,73480.0
NCPL,2026-09-24T13:05:00Z,1.4684,1.49,1.45,1.49,127773.0
NCPL,2026-09-24T13:06:00Z,1.4885,1.6,1.47,1.5907,370338.0
NCPL,2026-09-24T13:07:00Z,1.6,1.9587,1.59,1.9316,1404356.0
NCPL,2026-09-24T13:08:00Z,1.93,2.14,1.83,2.0895,1947120.0
NCPL,2026-09-24T13:09:00Z,2.1,2.13,1.83,1.83,1563421.0
NCPL,2026-09-24T13:10:00Z,1.8307,1.89,1.62,1.6993,1627965.0
NCPL,2026-09-24T13:11:00Z,1.6997,1.745,1.65,1.67,739733.0
NCPL,2026-09-24T13:12:00Z,1.67,1.72,1.6,1.6107,624010.0
NCPL,2026-09-24T13:13:00Z,1.62,1.67,1.56,1.6015,484495.0
NCPL,2026-09-24T13:14:00Z,1.602,1.64,1.57,1.588,336606.0
NCPL,2026-09-24T13:15:00Z,1.58,1.63,1.53,1.54,286527.0
NCPL,2026-09-24T13:16:00Z,1.54,1.57,1.5,1.5601,373183.0
NCPL,2026-09-24T13:17:00Z,1.57,1.5805,1.54,1.55,129132.0
NCPL,2026-09-24T13:18:00Z,1.5408,1.5408,1.47,1.49,332111.0
NCPL,2026-09-24T13:19:00Z,1.49,1.5315,1.48,1.5297,144728.0
NCPL,2026-09-24T13:20:00Z,1.52,1.59,1.52,1.57,267307.0
NCPL,2026-09-24T13:21:00Z,1.5685,1.62,1.56,1.5707,213746.0
NCPL,2026-09-24T13:22:00Z,1.5797,1.6,1.56,1.5797,179800.0
NCPL,2026-09-24T13:23:00Z,1.58,1.58,1.5,1.5106,160874.0
NCPL,2026-09-24T13:24:00Z,1.515,1.54,1.51,1.53,69443.0
NCPL,2026-09-24T13:25:00Z,1.53,1.53,1.48,1.48,141463.0
NCPL,2026-09-24T13:26:00Z,1.48,1.52,1.48,1.4885,67925.0
NCPL,2026-09-24T13:27:00Z,1.49,1.51,1.46,1.5,178316.0
NCPL,2026-09-24T13:28:00Z,1.49,1.5505,1.47,1.5397,457140.0
NCPL,2026-09-24T13:29:00Z,1.54,1.55,1.5,1.52,84713.0
NCPL,2026-09-24T13:30:00Z,1.515,1.52,1.4102,1.4501,573304.0
NCPL,2026-09-24T13:31:00Z,1.4506,1.49,1.4506,1.4704,296977.0
NCPL,2026-09-24T13:32:00Z,1.47,1.55,1.46,1.545,261009.0
NCPL,2026-09-24T13:33:00Z,1.55,1.55,1.42,1.505,495178.0
NCPL,2026-09-24T13:34:00Z,1.51,1.52,1.4602,1.475,201425.0
NCPL,2026-09-24T13:35:00Z,1.478,1.52,1.478,1.5106,144795.0
NCPL,2026-09-24T13:36:00Z,1.5101,1.55,1.5101,1.5398,276538.0
NCPL,2026-09-24T13:37:00Z,1.5399,1.54,1.47,1.475,260352.0
NCPL,2026-09-24T13:38:00Z,1.475,1.57,1.47,1.549,454514.0
NCPL,2026-09-24T13:39:00Z,1.55,1.55,1.46,1.475,323443.0
NCPL,2026-09-24T13:40:00Z,1.4705,1.4799,1.35,1.359,701642.0
NCPL,2026-09-24T13:41:00Z,1.36,1.42,1.355,1.4106,227552.0
NCPL,2026-09-24T13:42:00Z,1.4106,1.4655,1.41,1.46,96418.0
NCPL,2026-09-24T13:43:00Z,1.4606,1.4698,1.44,1.44,101595.0
NCPL,2026-09-24T13:44:00Z,1.445,1.4599,1.4,1.44,137732.0
NCPL,2026-09-24T13:45:00Z,1.4309,1.44,1.39,1.4205,116122.0
NCPL,2026-09-24T13:46:00Z,1.425,1.43,1.4001,1.4001,39912.0
NCPL,2026-09-24T13:47:00Z,1.4003,1.415,1.39,1.4101,71410.0
NCPL,2026-09-24T13:48:00Z,1.4101,1.4101,1.34,1.3431,176761.0
NCPL,2026-09-24T13:49:00Z,1.3499,1.3995,1.335,1.3901,130746.0
NCPL,2026-09-24T13:50:00Z,1.39,1.42,1.38,1.3801,96664.0
NCPL,2026-09-24T13:51:00Z,1.3801,1.3801,1.36,1.38,90483.0
NCPL,2026-09-24T13:52:00Z,1.375,1.385,1.37,1.385,50542.0
NCPL,2026-09-24T13:53:00Z,1.385,1.3899,1.3701,1.38,36271.0
NCPL,2026-09-24T13:54:00Z,1.37,1.435,1.36,1.425,122142.0
NCPL,2026-09-24T13:55:00Z,1.4206,1.43,1.4093,1.4093,49333.0
NCPL,2026-09-24T13:56:00Z,1.401,1.41,1.4,1.4098,31839.0
NCPL,2026-09-24T13:57:00Z,1.409,1.41,1.4,1.41,18360.0
NCPL,2026-09-24T13:58:00Z,1.4099,1.41,1.39,1.4,71480.0
NCPL,2026-09-24T13:59:00Z,1.4006,1.41,1.39,1.41,27159.0
NCPL,2026-09-24T14:00:00Z,1.405,1.46,1.405,1.44,114460.0
NCPL,2026-09-24T14:01:00Z,1.4456,1.48,1.4402,1.48,149235.0
NCPL,2026-09-24T14:02:00Z,1.4701,1.51,1.47,1.49,303294.0
NCPL,2026-09-24T14:03:00Z,1.4927,1.495,1.47,1.475,124101.0
NCPL,2026-09-24T14:04:00Z,1.4794,1.62,1.4701,1.54,682702.0
NCPL,2026-09-24T14:05:00Z,1.545,1.63,1.54,1.6067,665856.0
NCPL,2026-09-24T14:06:00Z,1.6098,1.63,1.37,1.4234,1183256.0
NCPL,2026-09-24T14:07:00Z,1.425,1.55,1.4206,1.545,404237.0
NCPL,2026-09-24T14:08:00Z,1.545,1.59,1.53,1.5699,441588.0
NCPL,2026-09-24T14:09:00Z,1.5692,1.5699,1.53,1.5503,270869.0
NCPL,2026-09-24T14:10:00Z,1.55,1.62,1.55,1.5984,455098.0
NCPL,2026-09-24T14:11:00Z,1.595,1.6,1.54,1.5439,358526.0
NCPL,2026-09-24T14:12:00Z,1.5425,1.61,1.54,1.565,404733.0
NCPL,2026-09-24T14:13:00Z,1.565,1.585,1.56,1.5712,121826.0
NCPL,2026-09-24T14:14:00Z,1.5705,1.58,1.56,1.58,200748.0
NCPL,2026-09-24T14:15:00Z,1.5794,1.581,1.56,1.5606,150896.0
NCPL,2026-09-24T14:16:00Z,1.56,1.565,1.47,1.4899,404151.0
NCPL,2026-09-24T14:17:00Z,1.4801,1.4903,1.46,1.4608,141261.0
NCPL,2026-09-24T14:18:00Z,1.4601,1.49,1.45,1.485,95559.0
NCPL,2026-09-24T14:19:00Z,1.48,1.485,1.42,1.4331,146553.0
NCPL,2026-09-24T14:20:00Z,1.435,1.455,1.43,1.445,54640.0
NCPL,2026-09-24T14:21:00Z,1.4401,1.46,1.44,1.455,47737.0
NCPL,2026-09-24T14:22:00Z,1.4501,1.5,1.45,1.48,128459.0
NCPL,2026-09-24T14:23:00Z,1.475,1.48,1.46,1.4668,53278.0
NCPL,2026-09-24T14:24:00Z,1.4695,1.47,1.45,1.4506,72846.0
NCPL,2026-09-24T14:25:00Z,1.455,1.465,1.44,1.4402,65615.0
NCPL,2026-09-24T14:26:00Z,1.4404,1.46,1.4401,1.4597,21235.0
NCPL,2026-09-24T14:27:00Z,1.4599,1.48,1.4561,1.4784,63699.0
NCPL,2026-09-24T14:28:00Z,1.47,1.48,1.4601,1.465,32850.0
NCPL,2026-09-24T14:29:00Z,1.4701,1.48,1.45,1.48,145785.0
NCPL,2026-09-24T14:30:00Z,1.4806,1.495,1.48,1.4832,55977.0
NCPL,2026-09-24T14:31:00Z,1.485,1.485,1.47,1.4714,49459.0
NCPL,2026-09-24T14:32:00Z,1.4799,1.48,1.45,1.47,43277.0
NCPL,2026-09-24T14:33:00Z,1.4606,1.47,1.46,1.465,24622.0
NCPL,2026-09-24T14:34:00Z,1.465,1.4699,1.45,1.4532,57500.0
NCPL,2026-09-24T14:35:00Z,1.455,1.4695,1.43,1.439,79337.0
NCPL,2026-09-24T14:36:00Z,1.4303,1.475,1.42,1.4607,102866.0
NCPL,2026-09-24T14:37:00Z,1.4607,1.48,1.46,1.465,23962.0
NCPL,2026-09-24T14:38:00Z,1.4699,1.55,1.4699,1.5409,134945.0
NCPL,2026-09-24T14:39:00Z,1.545,1.55,1.51,1.53,156621.0
NCPL,2026-09-24T14:40:00Z,1.5396,1.56,1.52,1.5294,79940.0
NCPL,2026-09-24T14:41:00Z,1.522,1.53,1.4701,1.475,92501.0
NCPL,2026-09-24T14:42:00Z,1.475,1.49,1.47,1.49,99645.0
NCPL,2026-09-24T14:43:00Z,1.485,1.49,1.44,1.4405,83992.0
NCPL,2026-09-24T14:44:00Z,1.445,1.45,1.43,1.449,66883.0
NCPL,2026-09-24T14:45:00Z,1.445,1.45,1.4301,1.4396,54104.0
NCPL,2026-09-24T14:46:00Z,1.437,1.45,1.4224,1.44,69621.0
NCPL,2026-09-24T14:47:00Z,1.45,1.47,1.4303,1.44,61570.0
NCPL,2026-09-24T14:48:00Z,1.445,1.4598,1.44,1.445,37273.0
NCPL,2026-09-24T14:49:00Z,1.445,1.48,1.4402,1.475,65698.0
NCPL,2026-09-24T14:50:00Z,1.4738,1.4792,1.46,1.465,36996.0
NCPL,2026-09-24T14:51:00Z,1.46,1.48,1.46,1.475,39193.0
NCPL,2026-09-24T14:52:00Z,1.475,1.52,1.475,1.5,59675.0
NCPL,2026-09-24T14:53:00Z,1.5001,1.5091,1.49,1.4998,33026.0
NCPL,2026-09-24T14:54:00Z,1.4998,1.52,1.49,1.5,136816.0
NCPL,2026-09-24T14:55:00Z,1.505,1.53,1.49,1.4994,92230.0
NCPL,2026-09-24T14:56:00Z,1.491,1.51,1.491,1.505,24540.0
NCPL,2026-09-24T14:57:00Z,1.51,1.56,1.51,1.555,185586.0
NCPL,2026-09-24T14:58:00Z,1.5595,1.58,1.5,1.5,348491.0
NCPL,2026-09-24T14:59:00Z,1.5,1.53,1.5,1.5112,92528.0
NCPL,2026-09-24T15:00:00Z,1.5199,1.54,1.51,1.5399,65821.0
NCPL,2026-09-24T15:01:00Z,1.535,1.55,1.5201,1.525,86875.0
NCPL,2026-09-24T15:02:00Z,1.52,1.53,1.51,1.53,70725.0
NCPL,2026-09-24T15:03:00Z,1.525,1.5288,1.51,1.5101,56391.0
NCPL,2026-09-24T15:04:00Z,1.515,1.525,1.51,1.5194,56756.0
NCPL,2026-09-24T15:05:00Z,1.51,1.52,1.51,1.52,24058.0
NCPL,2026-09-24T15:06:00Z,1.52,1.53,1.5103,1.5299,66225.0
NCPL,2026-09-24T15:07:00Z,1.53,1.57,1.52,1.5206,187493.0
NCPL,2026-09-24T15:08:00Z,1.53,1.545,1.51,1.5196,126684.0
NCPL,2026-09-24T15:09:00Z,1.515,1.53,1.51,1.515,36932.0
NCPL,2026-09-24T15:10:00Z,1.515,1.52,1.51,1.515,25011.0
NCPL,2026-09-24T15:11:00Z,1.5193,1.53,1.515,1.5299,77073.0
NCPL,2026-09-24T15:12:00Z,1.5206,1.53,1.45,1.46,171445.0
NCPL,2026-09-24T15:13:00Z,1.455,1.49,1.45,1.4694,154650.0
NCPL,2026-09-24T15:14:00Z,1.4656,1.48,1.465,1.47,26947.0
NCPL,2026-09-24T15:15:00Z,1.4611,1.47,1.46,1.47,50821.0
NCPL,2026-09-24T15:16:00Z,1.465,1.47,1.46,1.4696,58748.0
NCPL,2026-09-24T15:17:00Z,1.47,1.47,1.41,1.41,138518.0
NCPL,2026-09-24T15:18:00Z,1.411,1.42,1.37,1.385,270046.0
NCPL,2026-09-24T15:19:00Z,1.385,1.39,1.34,1.375,214361.0
NCPL,2026-09-24T15:20:00Z,1.3701,1.39,1.37,1.3801,75404.0
NCPL,2026-09-24T15:21:00Z,1.39,1.39,1.37,1.3799,54450.0
NCPL,2026-09-24T15:22:00Z,1.375,1.38,1.37,1.3706,46292.0
NCPL,2026-09-24T15:23:00Z,1.3701,1.38,1.37,1.3789,46942.0
NCPL,2026-09-24T15:24:00Z,1.38,1.39,1.38,1.39,24423.0
NCPL,2026-09-24T15:25:00Z,1.3899,1.3899,1.35,1.355,78280.0
NCPL,2026-09-24T15:26:00Z,1.3506,1.3699,1.3501,1.365,27541.0
NCPL,2026-09-24T15:27:00Z,1.3607,1.3699,1.3505,1.3505,36442.0
NCPL,2026-09-24T15:28:00Z,1.3512,1.36,1.35,1.355,56307.0
NCPL,2026-09-24T15:29:00Z,1.355,1.37,1.3509,1.3522,16980.0
NCPL,2026-09-24T15:30:00Z,1.37,1.37,1.23,1.2705,325170.0
NCPL,2026-09-24T15:31:00Z,1.27,1.32,1.27,1.31,103471.0
PFSA,2026-09-24T08:10:00Z,2.09,2.09,2.09,2.09,190.0
PFSA,2026-09-24T08:11:00Z,2.06,2.06,2.05,2.05,809.0
PFSA,2026-09-24T08:12:00Z,2.05,2.05,2.05,2.05,0.0
PFSA,2026-09-24T08:13:00Z,2.05,2.05,2.05,2.05,0.0
PFSA,2026-09-24T08:14:00Z,2.05,2.05,2.05,2.05,0.0
PFSA,2026-09-24T08:15:00Z,2.05,2.05,2.05,2.05,0.0
PFSA,2026-09-24T08:16:00Z,2.05,2.05,2.05,2.05,0.0
PFSA,2026-09-24T08:17:00Z,2.05,2.05,2.05,2.05,0.0
PFSA,2026-09-24T08:18:00Z,2.05,2.05,2.05,2.05,0.0
PFSA,2026-09-24T08:19:00Z,2.05,2.05,2.05,2.05,0.0
PFSA,2026-09-24T08:20:00Z,2.05,2.05,2.05,2.05,0.0
PFSA,2026-09-24T08:21:00Z,2.05,2.05,2.05,2.05,0.0
PFSA,2026-09-24T08:22:00Z,2.05,2.05,2.05,2.05,0.0
PFSA,2026-09-24T08:23:00Z,2.05,2.05,2.05,2.05,0.0
PFSA,2026-09-24T08:24:00Z,2.05,2.05,2.05,2.05,0.0
PFSA,2026-09-24T08:25:00Z,2.05,2.05,2.05,2.05,0.0
PFSA,2026-09-24T08:26:00Z,2.05,2.05,2.05,2.05,0.0
PFSA,2026-09-24T08:27:00Z,2.05,2.05,2.05,2.05,0.0
PFSA,2026-09-24T08:28:00Z,2.05,2.05,2.05,2.05,0.0
PFSA,2026-09-24T08:29:00Z,2.05,2.05,2.05,2.05,0.0
PFSA,2026-09-24T08:30:00Z,2.12,2.12,2.12,2.12,200.0
PFSA,2026-09-24T08:31:00Z,2.12,2.12,2.12,2.12,0.0
PFSA,2026-09-24T08:32:00Z,2.12,2.12,2.12,2.12,0.0
PFSA,2026-09-24T08:33:00Z,2.12,2.12,2.12,2.12,0.0
PFSA,2026-09-24T08:34:00Z,2.12,2.12,2.12,2.12,0.0
PFSA,2026-09-24T08:35:00Z,2.12,2.12,2.12,2.12,0.0
PFSA,2026-09-24T08:36:00Z,2.12,2.12,2.12,2.12,0.0
PFSA,2026-09-24T08:37:00Z,2.12,2.12,2.12,2.12,0.0
PFSA,2026-09-24T08:38:00Z,2.12,2.12,2.12,2.12,0.0
PFSA,2026-09-24T08:39:00Z,2.12,2.12,2.12,2.12,0.0
PFSA,2026-09-24T08:40:00Z,2.12,2.12,2.12,2.12,0.0
PFSA,2026-09-24T08:41:00Z,2.12,2.12,2.12,2.12,0.0
PFSA,2026-09-24T08:42:00Z,2.12,2.12,2.12,2.12,0.0
PFSA,2026-09-24T08:43:00Z,2.03,2.03,2.01,2.01,942.0
PFSA,2026-09-24T08:44:00Z,2.01,2.01,2.01,2.01,0.0
PFSA,2026-09-24T08:45:00Z,2.01,2.01,2.01,2.01,0.0
PFSA,2026-09-24T08:46:00Z,2.01,2.01,2.01,2.01,0.0
PFSA,2026-09-24T08:47:00Z,2.01,2.01,2.01,2.01,0.0
PFSA,2026-09-24T08:48:00Z,2.01,2.01,2.01,2.01,0.0
PFSA,2026-09-24T08:49:00Z,2.01,2.01,2.01,2.01,0.0
PFSA,2026-09-24T08:50:00Z,2.01,2.01,2.01,2.01,0.0
PFSA,2026-09-24T08:51:00Z,2.01,2.01,2.01,2.01,0.0
PFSA,2026-09-24T08:52:00Z,2.01,2.01,2.01,2.01,0.0
PFSA,2026-09-24T08:53:00Z,2.01,2.01,2.01,2.01,0.0
PFSA,2026-09-24T08:54:00Z,2.01,2.01,2.01,2.01,0.0
PFSA,2026-09-24T08:55:00Z,2.01,2.01,2.01,2.01,0.0
PFSA,2026-09-24T08:56:00Z,2.01,2.01,2.01,2.01,0.0
PFSA,2026-09-24T08:57:00Z,2.01,2.01,2.01,2.01,0.0
PFSA,2026-09-24T08:58:00Z,2.0203,2.0203,2.0203,2.0203,199.0
PFSA,2026-09-24T08:59:00Z,2.0203,2.0203,2.0203,2.0203,0.0
PFSA,2026-09-24T09:00:00Z,2.0203,2.0203,2.0203,2.0203,0.0
PFSA,2026-09-24T09:01:00Z,2.0203,2.0203,2.0203,2.0203,0.0
PFSA,2026-09-24T09:02:00Z,2.04,2.04,2.04,2.04,109.0
PFSA,2026-09-24T09:03:00Z,2.04,2.04,2.04,2.04,0.0
PFSA,2026-09-24T09:04:00Z,2.04,2.04,2.04,2.04,0.0
PFSA,2026-09-24T09:05:00Z,2.04,2.04,2.04,2.04,0.0
PFSA,2026-09-24T09:06:00Z,2.085,2.11,2.085,2.11,500.0
PFSA,2026-09-24T09:07:00Z,2.11,2.11,2.11,2.11,0.0
PFSA,2026-09-24T09:08:00Z,2.11,2.11,2.11,2.11,0.0
PFSA,2026-09-24T09:09:00Z,2.05,2.05,2.02,2.02,367.0
PFSA,2026-09-24T09:10:00Z,2.02,2.02,2.02,2.02,0.0
PFSA,2026-09-24T09:11:00Z,2.02,2.02,2.02,2.02,0.0
PFSA,2026-09-24T09:12:00Z,2.01,2.01,2.01,2.01,290.0
PFSA,2026-09-24T09:13:00Z,2.01,2.01,2.01,2.01,0.0
PFSA,2026-09-24T09:14:00Z,2.01,2.01,2.01,2.01,0.0
PFSA,2026-09-24T09:15:00Z,2.01,2.01,2.01,2.01,0.0
PFSA,2026-09-24T09:16:00Z,2.01,2.01,2.01,2.01,0.0
PFSA,2026-09-24T09:17:00Z,2.01,2.01,2.01,2.01,0.0
PFSA,2026-09-24T09:18:00Z,2.01,2.01,2.01,2.01,0.0
PFSA,2026-09-24T09:19:00Z,2.01,2.01,2.01,2.01,0.0
PFSA,2026-09-24T09:20:00Z,2.01,2.01,2.01,2.01,0.0
PFSA,2026-09-24T09:21:00Z,2.01,2.01,2.01,2.01,0.0
PFSA,2026-09-24T09:22:00Z,2.01,2.01,2.01,2.01,0.0
PFSA,2026-09-24T09:23:00Z,2.01,2.01,2.01,2.01,0.0
PFSA,2026-09-24T09:24:00Z,2.01,2.01,2.01,2.01,0.0
PFSA,2026-09-24T09:25:00Z,2.01,2.01,2.01,2.01,0.0
PFSA,2026-09-24T09:26:00Z,2.01,2.01,2.01,2.01,0.0
PFSA,2026-09-24T09:27:00Z,2.01,2.01,2.01,2.01,0.0
PFSA,2026-09-24T09:28:00Z,2.01,2.01,2.01,2.01,0.0
PFSA,2026-09-24T09:29:00Z,2.01,2.01,2.01,2.01,0.0
PFSA,2026-09-24T09:30:00Z,2.01,2.01,2.01,2.01,0.0
PFSA,2026-09-24T09:31:00Z,2.01,2.01,2.01,2.01,0.0
PFSA,2026-09-24T09:32:00Z,2.01,2.01,2.01,2.01,0.0
PFSA,2026-09-24T09:33:00Z,2.01,2.01,2.01,2.01,0.0
PFSA,2026-09-24T09:34:00Z,2.01,2.01,2.01,2.01,0.0
PFSA,2026-09-24T09:35:00Z,2.01,2.01,2.01,2.01,0.0
PFSA,2026-09-24T09:36:00Z,2.01,2.01,2.01,2.01,0.0
PFSA,2026-09-24T09:37:00Z,2.01,2.01,2.01,2.01,0.0
PFSA,2026-09-24T09:38:00Z,2.01,2.01,2.01,2.01,0.0
PFSA,2026-09-24T09:39:00Z,2.01,2.01,2.01,2.01,0.0
PFSA,2026-09-24T09:40:00Z,2.01,2.01,2.01,2.01,0.0
PFSA,2026-09-24T09:41:00Z,2.01,2.01,2.01,2.01,0.0
PFSA,2026-09-24T09:42:00Z,2.01,2.01,2.01,2.01,0.0
PFSA,2026-09-24T09:43:00Z,2.01,2.01,2.01,2.01,0.0
PFSA,2026-09-24T09:44:00Z,2.01,2.01,2.01,2.01,0.0
PFSA,2026-09-24T09:45:00Z,2.01,2.01,2.01,2.01,0.0
PFSA,2026-09-24T09:46:00Z,2.01,2.01,2.01,2.01,0.0
PFSA,2026-09-24T09:47:00Z,2.01,2.01,2.01,2.01,0.0
PFSA,2026-09-24T09:48:00Z,2.01,2.01,2.01,2.01,0.0
PFSA,2026-09-24T09:49:00Z,2.01,2.01,2.01,2.01,0.0
PFSA,2026-09-24T09:50:00Z,2.01,2.01,2.01,2.01,0.0
PFSA,2026-09-24T09:51:00Z,2.01,2.01,2.01,2.01,0.0
PFSA,2026-09-24T09:52:00Z,2.01,2.01,2.01,2.01,0.0
PFSA,2026-09-24T09:53:00Z,2.01,2.01,2.01,2.01,0.0
PFSA,2026-09-24T09:54:00Z,2.01,2.01,2.01,2.01,0.0
PFSA,2026-09-24T09:55:00Z,2.01,2.01,2.01,2.01,0.0
PFSA,2026-09-24T09:56:00Z,2.01,2.01,2.01,2.01,0.0
PFSA,2026-09-24T09:57:00Z,2.01,2.01,2.01,2.01,0.0
PFSA,2026-09-24T09:58:00Z,2.01,2.01,2.01,2.01,0.0
PFSA,2026-09-24T09:59:00Z,2.01,2.01,2.01,2.01,0.0
PFSA,2026-09-24T10:00:00Z,2.01,2.01,2.01,2.01,0.0
PFSA,2026-09-24T10:01:00Z,2.01,2.01,2.01,2.01,0.0
PFSA,2026-09-24T10:02:00Z,2.01,2.01,2.01,2.01,0.0
PFSA,2026-09-24T10:03:00Z,2.01,2.01,2.01,2.01,0.0
PFSA,2026-09-24T10:04:00Z,2.01,2.01,2.01,2.01,0.0
PFSA,2026-09-24T10:05:00Z,2.01,2.01,2.01,2.01,0.0
PFSA,2026-09-24T10:06:00Z,2.01,2.01,2.01,2.01,0.0
PFSA,2026-09-24T10:07:00Z,2.01,2.01,2.01,2.01,0.0
PFSA,2026-09-24T10:08:00Z,2.01,2.01,2.01,2.01,0.0
PFSA,2026-09-24T10:09:00Z,2.01,2.01,2.01,2.01,0.0
PFSA,2026-09-24T10:10:00Z,2.01,2.01,2.01,2.01,0.0
PFSA,2026-09-24T10:11:00Z,2.01,2.01,2.01,2.01,0.0
PFSA,2026-09-24T10:12:00Z,2.01,2.01,2.01,2.01,0.0
PFSA,2026-09-24T10:13:00Z,2.02,2.02,2.0,2.0,471.0
PFSA,2026-09-24T10:14:00Z,2.0,2.0,2.0,2.0,0.0
PFSA,2026-09-24T10:15:00Z,2.0,2.0,2.0,2.0,0.0
PFSA,2026-09-24T10:16:00Z,2.0,2.0,2.0,2.0,0.0
PFSA,2026-09-24T10:17:00Z,2.01,2.01,1.96,1.96,3531.0
PFSA,2026-09-24T10:18:00Z,1.96,1.96,1.96,1.96,0.0
PFSA,2026-09-24T10:19:00Z,1.96,1.96,1.96,1.96,0.0
PFSA,2026-09-24T10:20:00Z,1.96,1.96,1.96,1.96,0.0
PFSA,2026-09-24T10:21:00Z,1.96,1.96,1.96,1.96,0.0
PFSA,2026-09-24T10:22:00Z,1.96,1.96,1.96,1.96,0.0
PFSA,2026-09-24T10:23:00Z,1.96,1.96,1.96,1.96,0.0
PFSA,2026-09-24T10:24:00Z,1.96,1.96,1.96,1.96,0.0
PFSA,2026-09-24T10:25:00Z,1.96,1.96,1.96,1.96,0.0
PFSA,2026-09-24T10:26:00Z,1.96,1.96,1.96,1.96,0.0
PFSA,2026-09-24T10:27:00Z,1.95,1.95,1.95,1.95,703.0
PFSA,2026-09-24T10:28:00Z,1.95,1.95,1.95,1.95,0.0
PFSA,2026-09-24T10:29:00Z,1.95,1.95,1.95,1.95,0.0
PFSA,2026-09-24T10:30:00Z,1.95,1.95,1.95,1.95,0.0
PFSA,2026-09-24T10:31:00Z,1.95,1.95,1.95,1.95,0.0
PFSA,2026-09-24T10:32:00Z,1.95,1.95,1.95,1.95,0.0
PFSA,2026-09-24T10:33:00Z,1.95,1.95,1.95,1.95,0.0
PFSA,2026-09-24T10:34:00Z,1.95,1.95,1.95,1.95,0.0
PFSA,2026-09-24T10:35:00Z,1.95,1.95,1.95,1.95,0.0
PFSA,2026-09-24T10:36:00Z,1.95,1.95,1.95,1.95,0.0
PFSA,2026-09-24T10:37:00Z,1.95,1.95,1.95,1.95,0.0
PFSA,2026-09-24T10:38:00Z,1.95,1.95,1.95,1.95,0.0
PFSA,2026-09-24T10:39:00Z,1.95,1.95,1.95,1.95,0.0
PFSA,2026-09-24T10:40:00Z,1.95,1.95,1.95,1.95,0.0
PFSA,2026-09-24T10:41:00Z,1.95,1.95,1.95,1.95,0.0
PFSA,2026-09-24T10:42:00Z,1.95,1.95,1.95,1.95,0.0
PFSA,2026-09-24T10:43:00Z,1.95,1.95,1.95,1.95,0.0
PFSA,2026-09-24T10:44:00Z,1.95,1.95,1.95,1.95,0.0
PFSA,2026-09-24T10:45:00Z,1.95,1.95,1.95,1.95,0.0
PFSA,2026-09-24T10:46:00Z,1.95,1.95,1.95,1.95,0.0
PFSA,2026-09-24T10:47:00Z,1.95,1.95,1.95,1.95,0.0
PFSA,2026-09-24T10:48:00Z,1.95,1.95,1.95,1.95,0.0
PFSA,2026-09-24T10:49:00Z,1.95,1.95,1.95,1.95,0.0
PFSA,2026-09-24T10:50:00Z,2.0578,2.0578,2.0578,2.0578,100.0
PFSA,2026-09-24T10:51:00Z,2.0578,2.0578,2.0578,2.0578,0.0
PFSA,2026-09-24T10:52:00Z,2.0578,2.0578,2.0578,2.0578,0.0
PFSA,2026-09-24T10:53:00Z,2.0578,2.0578,2.0578,2.0578,0.0
PFSA,2026-09-24T10:54:00Z,2.0578,2.0578,2.0578,2.0578,0.0
PFSA,2026-09-24T10:55:00Z,2.0578,2.0578,2.0578,2.0578,0.0
PFSA,2026-09-24T10:56:00Z,2.0578,2.0578,2.0578,2.0578,0.0
PFSA,2026-09-24T10:57:00Z,2.0578,2.0578,2.0578,2.0578,0.0
PFSA,2026-09-24T10:58:00Z,2.0578,2.0578,2.0578,2.0578,0.0
PFSA,2026-09-24T10:59:00Z,2.0578,2.0578,2.0578,2.0578,0.0
PFSA,2026-09-24T11:00:00Z,1.96,1.96,1.96,1.96,200.0
PFSA,2026-09-24T11:01:00Z,1.95,1.9559,1.94,1.9559,900.0
PFSA,2026-09-24T11:02:00Z,1.98,1.98,1.98,1.98,250.0
PFSA,2026-09-24T11:03:00Z,1.98,1.98,1.98,1.98,0.0
PFSA,2026-09-24T11:04:00Z,1.99,1.99,1.99,1.99,100.0
PFSA,2026-09-24T11:05:00Z,1.96,1.96,1.95,1.95,400.0
PFSA,2026-09-24T11:06:00Z,1.95,1.95,1.95,1.95,0.0
PFSA,2026-09-24T11:07:00Z,1.95,1.95,1.95,1.95,0.0
PFSA,2026-09-24T11:08:00Z,1.95,1.95,1.95,1.95,0.0
PFSA,2026-09-24T11:09:00Z,1.95,1.95,1.95,1.95,0.0
PFSA,2026-09-24T11:10:00Z,1.95,1.95,1.95,1.95,0.0
PFSA,2026-09-24T11:11:00Z,1.95,1.95,1.95,1.95,0.0
PFSA,2026-09-24T11:12:00Z,1.95,1.95,1.95,1.95,0.0
PFSA,2026-09-24T11:13:00Z,1.95,1.95,1.95,1.95,0.0
PFSA,2026-09-24T11:14:00Z,1.95,1.95,1.95,1.95,0.0
PFSA,2026-09-24T11:15:00Z,1.95,1.95,1.95,1.95,0.0
PFSA,2026-09-24T11:16:00Z,1.95,1.95,1.95,1.95,0.0
PFSA,2026-09-24T11:17:00Z,1.95,1.95,1.95,1.95,0.0
PFSA,2026-09-24T11:18:00Z,1.95,1.95,1.95,1.95,0.0
PFSA,2026-09-24T11:19:00Z,1.95,1.95,1.95,1.95,0.0
PFSA,2026-09-24T11:20:00Z,1.95,1.95,1.95,1.95,0.0
PFSA,2026-09-24T11:21:00Z,1.98,1.98,1.98,1.98,505.0
PFSA,2026-09-24T11:22:00Z,1.98,1.98,1.98,1.98,0.0
PFSA,2026-09-24T11:23:00Z,2.0,2.0,2.0,2.0,500.0
PFSA,2026-09-24T11:24:00Z,2.0,2.0,2.0,2.0,0.0
PFSA,2026-09-24T11:25:00Z,1.98,1.98,1.98,1.98,1500.0
PFSA,2026-09-24T11:26:00Z,1.98,1.98,1.98,1.98,0.0
PFSA,2026-09-24T11:27:00Z,1.98,1.98,1.98,1.98,0.0
PFSA,2026-09-24T11:28:00Z,1.98,1.98,1.98,1.98,0.0
PFSA,2026-09-24T11:29:00Z,1.98,1.98,1.98,1.98,2266.0
PFSA,2026-09-24T11:30:00Z,2.0,3.52,2.0,3.0757,839201.0
PFSA,2026-09-24T11:31:00Z,3.08,4.49,2.84,3.81,1229409.0
PFSA,2026-09-24T11:32:00Z,3.8101,3.85,3.2819,3.51,903681.0
PFSA,2026-09-24T11:33:00Z,3.5,3.78,3.27,3.5408,832311.0
PFSA,2026-09-24T11:34:00Z,3.56,3.93,3.44,3.5841,893301.0
PFSA,2026-09-24T11:35:00Z,3.62,3.7,3.31,3.48,687904.0
PFSA,2026-09-24T11:36:00Z,3.4815,3.6199,3.3802,3.5136,444241.0
PFSA,2026-09-24T11:37:00Z,3.5146,3.58,3.03,3.07,777174.0
PFSA,2026-09-24T11:38:00Z,3.07,3.43,3.04,3.38,520459.0
PFSA,2026-09-24T11:39:00Z,3.3701,3.5,3.1,3.1099,434382.0
PFSA,2026-09-24T11:40:00Z,3.1,3.13,2.74,2.99,607158.0
PFSA,2026-09-24T11:41:00Z,2.984,3.5,2.9502,3.3901,706288.0
PFSA,2026-09-24T11:42:00Z,3.39,3.75,3.3,3.63,917815.0
PFSA,2026-09-24T11:43:00Z,3.62,3.68,3.42,3.48,588552.0
PFSA,2026-09-24T11:44:00Z,3.4608,3.78,3.46,3.7,544074.0
PFSA,2026-09-24T11:45:00Z,3.69,4.09,3.56,4.07,1123173.0
PFSA,2026-09-24T11:46:00Z,4.0413,4.12,3.91,3.946,968417.0
PFSA,2026-09-24T11:47:00Z,3.946,4.24,3.94,4.0101,925523.0
PFSA,2026-09-24T11:48:00Z,4.01,4.1699,4.0,4.06,462898.0
PFSA,2026-09-24T11:49:00Z,4.0527,4.1,3.86,4.03,653047.0
PFSA,2026-09-24T11:50:00Z,4.03,4.06,3.78,3.8105,530364.0
PFSA,2026-09-24T11:51:00Z,3.826,4.09,3.78,4.062,502192.0
PFSA,2026-09-24T11:52:00Z,4.07,4.39,3.93,4.2792,831359.0
PFSA,2026-09-24T11:53:00Z,4.26,4.3,3.76,3.9,776973.0
PFSA,2026-09-24T11:54:00Z,3.8819,3.9098,3.8,3.85,211715.0
PFSA,2026-09-24T11:55:00Z,3.8437,3.85,3.53,3.7703,520520.0
PFSA,2026-09-24T11:56:00Z,3.77,3.95,3.75,3.8819,358519.0
PFSA,2026-09-24T11:57:00Z,3.9,3.91,3.78,3.87,219753.0
PFSA,2026-09-24T11:58:00Z,3.86,4.11,3.82,4.074,447103.0
PFSA,2026-09-24T11:59:00Z,4.074,4.19,4.0,4.038,480026.0
PFSA,2026-09-24T12:00:00Z,4.0385,4.1299,3.91,4.08,437932.0
PFSA,2026-09-24T12:01:00Z,4.06,4.08,3.94,3.96,266380.0
PFSA,2026-09-24T12:02:00Z,3.958,4.24,3.85,4.2001,608330.0
PFSA,2026-09-24T12:03:00Z,4.2005,4.4,4.13,4.356,906224.0
PFSA,2026-09-24T12:04:00Z,4.36,4.44,4.0,4.24,752798.0
PFSA,2026-09-24T12:05:00Z,4.23,4.3299,4.1403,4.189,337564.0
PFSA,2026-09-24T12:06:00Z,4.1897,4.27,4.15,4.21,295771.0
PFSA,2026-09-24T12:07:00Z,4.21,4.55,4.17,4.25,983886.0
PFSA,2026-09-24T12:08:00Z,4.25,4.3,4.1,4.15,328081.0
PFSA,2026-09-24T12:09:00Z,4.15,4.24,4.14,4.2,192180.0
PFSA,2026-09-24T12:10:00Z,4.21,4.21,4.0,4.08,253826.0
PFSA,2026-09-24T12:11:00Z,4.08,4.17,4.0702,4.15,141915.0
PFSA,2026-09-24T12:12:00Z,4.14,4.14,3.9,4.05,300161.0
PFSA,2026-09-24T12:13:00Z,4.05,4.09,3.93,3.96,127722.0
PFSA,2026-09-24T12:14:00Z,3.97,3.99,3.85,3.89,197818.0
PFSA,2026-09-24T12:15:00Z,3.88,3.98,3.88,3.9589,119200.0
PFSA,2026-09-24T12:16:00Z,3.95,4.0,3.94,3.9885,79864.0
PFSA,2026-09-24T12:17:00Z,3.99,4.15,3.98,4.12,228566.0
PFSA,2026-09-24T12:18:00Z,4.1185,4.19,4.01,4.0198,257412.0
PFSA,2026-09-24T12:19:00Z,4.02,4.12,4.01,4.09,111649.0
PFSA,2026-09-24T12:20:00Z,4.08,4.26,4.06,4.17,370696.0
PFSA,2026-09-24T12:21:00Z,4.18,4.27,4.14,4.24,315592.0
PFSA,2026-09-24T12:22:00Z,4.24,4.34,4.18,4.23,263606.0
PFSA,2026-09-24T12:23:00Z,4.21,4.22,4.08,4.1,161120.0
PFSA,2026-09-24T12:24:00Z,4.102,4.18,4.08,4.16,114561.0
PFSA,2026-09-24T12:25:00Z,4.16,4.16,4.01,4.1,157391.0
PFSA,2026-09-24T12:26:00Z,4.1087,4.1087,3.96,4.019,202228.0
PFSA,2026-09-24T12:27:00Z,4.01,4.1199,3.95,4.06,146335.0
PFSA,2026-09-24T12:28:00Z,4.058,4.06,3.98,4.0099,78701.0
PFSA,2026-09-24T12:29:00Z,4.0,4.05,4.0,4.03,49647.0
PFSA,2026-09-24T12:30:00Z,4.0202,4.1,3.95,3.988,167312.0
PFSA,2026-09-24T12:31:00Z,3.9801,4.0,3.86,3.8601,162951.0
PFSA,2026-09-24T12:32:00Z,3.86,3.96,3.86,3.8895,128798.0
PFSA,2026-09-24T12:33:00Z,3.8831,3.99,3.77,3.98,298435.0
PFSA,2026-09-24T12:34:00Z,3.99,3.99,3.86,3.87,142769.0
PFSA,2026-09-24T12:35:00Z,3.8798,3.9,3.8,3.82,112575.0
PFSA,2026-09-24T12:36:00Z,3.83,3.87,3.58,3.6,223572.0
PFSA,2026-09-24T12:37:00Z,3.6,3.68,3.56,3.5601,299260.0
PFSA,2026-09-24T12:38:00Z,3.57,3.58,3.34,3.39,399114.0
PFSA,2026-09-24T12:39:00Z,3.39,3.46,3.36,3.4501,200767.0
PFSA,2026-09-24T12:40:00Z,3.46,3.52,3.45,3.51,138589.0
PFSA,2026-09-24T12:41:00Z,3.5,3.54,3.5,3.51,93637.0
PFSA,2026-09-24T12:42:00Z,3.51,3.51,3.28,3.4,207464.0
PFSA,2026-09-24T12:43:00Z,3.41,3.43,3.34,3.3501,104626.0
PFSA,2026-09-24T12:44:00Z,3.37,3.4,3.32,3.32,100600.0
PFSA,2026-09-24T12:45:00Z,3.328,3.39,3.31,3.3701,134464.0
PFSA,2026-09-24T12:46:00Z,3.375,3.38,3.33,3.3669,74015.0
PFSA,2026-09-24T12:47:00Z,3.36,3.42,3.17,3.23,237118.0
PFSA,2026-09-24T12:48:00Z,3.23,3.27,3.12,3.15,112201.0
PFSA,2026-09-24T12:49:00Z,3.14,3.288,3.14,3.25,142355.0
PFSA,2026-09-24T12:50:00Z,3.26,3.35,3.25,3.3185,128905.0
PFSA,2026-09-24T12:51:00Z,3.31,3.3203,3.27,3.31,38975.0
PFSA,2026-09-24T12:52:00Z,3.3,3.41,3.3,3.3501,115225.0
PFSA,2026-09-24T12:53:00Z,3.3501,3.41,3.22,3.3,120844.0
PFSA,2026-09-24T12:54:00Z,3.29,3.39,3.26,3.3715,48365.0
PFSA,2026-09-24T12:55:00Z,3.3799,3.4,3.3,3.3101,81765.0
PFSA,2026-09-24T12:56:00Z,3.3102,3.35,3.31,3.33,26195.0
PFSA,2026-09-24T12:57:00Z,3.33,3.35,3.25,3.25,63093.0
PFSA,2026-09-24T12:58:00Z,3.26,3.3,3.2,3.2219,77152.0
PFSA,2026-09-24T12:59:00Z,3.23,3.28,3.22,3.2596,42294.0
PFSA,2026-09-24T13:00:00Z,3.26,3.38,3.25,3.35,70136.0
PFSA,2026-09-24T13:01:00Z,3.37,3.46,3.36,3.44,140166.0
PFSA,2026-09-24T13:02:00Z,3.44,3.48,3.37,3.48,133157.0
PFSA,2026-09-24T13:03:00Z,3.47,3.48,3.43,3.43,78962.0
PFSA,2026-09-24T13:04:00Z,3.43,3.6,3.4,3.5,217640.0
PFSA,2026-09-24T13:05:00Z,3.5296,3.53,3.46,3.49,87966.0
PFSA,2026-09-24T13:06:00Z,3.49,3.63,3.49,3.6297,149916.0
PFSA,2026-09-24T13:07:00Z,3.63,3.73,3.5889,3.68,381723.0
PFSA,2026-09-24T13:08:00Z,3.66,3.7215,3.6,3.64,157694.0
PFSA,2026-09-24T13:09:00Z,3.64,3.6899,3.49,3.59,139210.0
PFSA,2026-09-24T13:10:00Z,3.58,3.6098,3.51,3.6098,71521.0
PFSA,2026-09-24T13:11:00Z,3.61,3.6599,3.54,3.5501,67795.0
PFSA,2026-09-24T13:12:00Z,3.5515,3.6,3.55,3.55,26392.0
PFSA,2026-09-24T13:13:00Z,3.55,3.67,3.55,3.6199,117221.0
PFSA,2026-09-24T13:14:00Z,3.59,3.74,3.59,3.72,238621.0
PFSA,2026-09-24T13:15:00Z,3.71,3.74,3.59,3.59,223148.0
PFSA,2026-09-24T13:16:00Z,3.59,3.65,3.53,3.55,118891.0
PFSA,2026-09-24T13:17:00Z,3.55,3.59,3.55,3.5887,51173.0
PFSA,2026-09-24T13:18:00Z,3.5885,3.62,3.56,3.59,51677.0
PFSA,2026-09-24T13:19:00Z,3.5818,3.59,3.5,3.5,73102.0
PFSA,2026-09-24T13:20:00Z,3.5089,3.56,3.5089,3.52,49200.0
PFSA,2026-09-24T13:21:00Z,3.5103,3.56,3.47,3.5,45783.0
PFSA,2026-09-24T13:22:00Z,3.5085,3.5085,3.36,3.38,63293.0
PFSA,2026-09-24T13:23:00Z,3.39,3.5,3.3798,3.4998,51662.0
PFSA,2026-09-24T13:24:00Z,3.5,3.59,3.49,3.56,62323.0
PFSA,2026-09-24T13:25:00Z,3.57,3.57,3.5,3.51,41820.0
PFSA,2026-09-24T13:26:00Z,3.5,3.5,3.4,3.44,70824.0
PFSA,2026-09-24T13:27:00Z,3.45,3.54,3.42,3.53,42025.0
PFSA,2026-09-24T13:28:00Z,3.53,3.56,3.4997,3.53,55724.0
PFSA,2026-09-24T13:29:00Z,3.5496,3.58,3.45,3.53,68393.0
PFSA,2026-09-24T13:30:00Z,3.51,3.55,3.23,3.26,490027.0
PFSA,2026-09-24T13:31:00Z,3.25,3.64,3.2301,3.37,564839.0
PFSA,2026-09-24T13:32:00Z,3.375,3.57,3.35,3.37,327242.0
PFSA,2026-09-24T13:33:00Z,3.35,3.58,3.21,3.5775,487219.0
PFSA,2026-09-24T13:34:00Z,3.57,4.1299,3.5,3.915,1652170.0
PFSA,2026-09-24T13:35:00Z,3.9199,4.18,3.85,3.97,1472101.0
PFSA,2026-09-24T13:36:00Z,3.96,4.0,3.5,3.69,1211158.0
PFSA,2026-09-24T13:37:00Z,3.6801,3.72,3.55,3.55,427864.0
PFSA,2026-09-24T13:38:00Z,3.55,3.85,3.5,3.7401,731972.0
PFSA,2026-09-24T13:39:00Z,3.74,3.97,3.66,3.7099,768517.0
PFSA,2026-09-24T13:40:00Z,3.71,3.75,3.52,3.6,610016.0
PFSA,2026-09-24T13:41:00Z,3.5901,3.73,3.56,3.725,256223.0
PFSA,2026-09-24T13:42:00Z,3.73,3.73,3.6101,3.69,220483.0
PFSA,2026-09-24T13:43:00Z,3.7,3.7,3.58,3.58,163976.0
PFSA,2026-09-24T13:44:00Z,3.585,3.585,3.5,3.5201,198548.0
PFSA,2026-09-24T13:45:00Z,3.53,3.53,3.27,3.4191,388706.0
PFSA,2026-09-24T13:46:00Z,3.41,3.6,3.36,3.59,313167.0
PFSA,2026-09-24T13:47:00Z,3.59,3.61,3.41,3.45,247966.0
PFSA,2026-09-24T13:48:00Z,3.4501,3.5,3.4,3.425,134262.0
PFSA,2026-09-24T13:49:00Z,3.4298,3.51,3.411,3.5,69229.0
PFSA,2026-09-24T13:50:00Z,3.4872,3.52,3.46,3.5,142760.0
PFSA,2026-09-24T13:51:00Z,3.505,3.52,3.37,3.3899,194320.0
PFSA,2026-09-24T13:52:00Z,3.38,3.4301,3.34,3.4199,145411.0
PFSA,2026-09-24T13:53:00Z,3.42,3.43,3.03,3.189,578075.0
PFSA,2026-09-24T13:54:00Z,3.1882,3.23,3.1,3.2101,224765.0
PFSA,2026-09-24T13:55:00Z,3.2101,3.26,3.18,3.2501,102851.0
PFSA,2026-09-24T13:56:00Z,3.255,3.26,3.1,3.145,156279.0
PFSA,2026-09-24T13:57:00Z,3.1418,3.1871,3.14,3.15,46243.0
PFSA,2026-09-24T13:58:00Z,3.1568,3.1738,3.08,3.08,117045.0
PFSA,2026-09-24T13:59:00Z,3.085,3.1499,3.0801,3.11,90023.0
PFSA,2026-09-24T14:00:00Z,3.11,3.24,3.1013,3.1818,187731.0
PFSA,2026-09-24T14:01:00Z,3.1801,3.21,3.16,3.17,75636.0
PFSA,2026-09-24T14:02:00Z,3.17,3.17,2.85,2.881,296198.0
PFSA,2026-09-24T14:03:00Z,2.885,2.97,2.82,2.82,264670.0
PFSA,2026-09-24T14:04:00Z,2.825,2.94,2.81,2.8992,161408.0
PFSA,2026-09-24T14:05:00Z,2.9,2.95,2.87,2.935,138370.0
PFSA,2026-09-24T14:06:00Z,2.9399,2.96,2.9,2.91,84512.0
PFSA,2026-09-24T14:07:00Z,2.92,2.96,2.92,2.945,65617.0
PFSA,2026-09-24T14:08:00Z,2.95,2.95,2.92,2.92,49827.0
PFSA,2026-09-24T14:09:00Z,2.92,2.96,2.91,2.9487,63739.0
PFSA,2026-09-24T14:10:00Z,2.9482,2.9482,2.92,2.93,36509.0
PFSA,2026-09-24T14:11:00Z,2.925,2.925,2.8203,2.92,141058.0
PFSA,2026-09-24T14:12:00Z,2.91,2.99,2.9,2.975,107052.0
PFSA,2026-09-24T14:13:00Z,2.975,3.07,2.975,3.0499,180671.0
PFSA,2026-09-24T14:14:00Z,3.04,3.05,3.02,3.0488,84219.0
PFSA,2026-09-24T14:15:00Z,3.0498,3.06,3.02,3.04,95898.0
PFSA,2026-09-24T14:16:00Z,3.03,3.04,3.02,3.03,39283.0
PFSA,2026-09-24T14:17:00Z,3.03,3.03,2.94,2.957,74862.0
PFSA,2026-09-24T14:18:00Z,2.96,2.98,2.92,2.96,55158.0
PFSA,2026-09-24T14:19:00Z,2.9501,3.1,2.95,3.05,121104.0
PFSA,2026-09-24T14:20:00Z,3.0304,3.0488,3.02,3.03,31999.0
PFSA,2026-09-24T14:21:00Z,3.02,3.04,2.98,3.035,55576.0
PFSA,2026-09-24T14:22:00Z,3.03,3.0301,3.01,3.0199,11808.0
PFSA,2026-09-24T14:23:00Z,3.015,3.02,3.01,3.015,24924.0
PFSA,2026-09-24T14:24:00Z,3.02,3.0299,3.0,3.005,20217.0
PFSA,2026-09-24T14:25:00Z,3.01,3.01,3.0,3.01,23531.0
PFSA,2026-09-24T14:26:00Z,3.009,3.02,3.0,3.01,36423.0
PFSA,2026-09-24T14:27:00Z,3.005,3.01,2.92,2.93,49741.0
PFSA,2026-09-24T14:28:00Z,2.93,2.93,2.82,2.875,116575.0
PFSA,2026-09-24T14:29:00Z,2.875,2.9299,2.875,2.9014,45345.0
PFSA,2026-09-24T14:30:00Z,2.91,2.955,2.91,2.93,35230.0
PFSA,2026-09-24T14:31:00Z,2.935,2.9399,2.87,2.885,21230.0
PFSA,2026-09-24T14:32:00Z,2.885,2.94,2.885,2.9109,37035.0
PFSA,2026-09-24T14:33:00Z,2.91,2.91,2.87,2.884,26964.0
PFSA,2026-09-24T14:34:00Z,2.89,2.89,2.82,2.835,69245.0
PFSA,2026-09-24T14:35:00Z,2.835,2.85,2.7,2.7,182866.0
PFSA,2026-09-24T14:36:00Z,2.705,2.71,2.55,2.59,325049.0
PFSA,2026-09-24T14:37:00Z,2.61,2.67,2.5,2.5,257748.0
PFSA,2026-09-24T14:38:00Z,2.505,2.6,2.5,2.58,92595.0
PFSA,2026-09-24T14:39:00Z,2.58,2.62,2.57,2.5998,48933.0
PFSA,2026-09-24T14:40:00Z,2.6,2.6,2.58,2.6,43499.0
PFSA,2026-09-24T14:41:00Z,2.5901,2.6,2.53,2.585,73805.0
PFSA,2026-09-24T14:42:00Z,2.59,2.65,2.58,2.62,57320.0
PFSA,2026-09-24T14:43:00Z,2.62,2.6201,2.56,2.57,41877.0
PFSA,2026-09-24T14:44:00Z,2.5698,2.5999,2.56,2.565,21720.0
PFSA,2026-09-24T14:45:00Z,2.565,2.58,2.56,2.58,30834.0
PFSA,2026-09-24T14:46:00Z,2.58,2.61,2.5606,2.5999,36895.0
PFSA,2026-09-24T14:47:00Z,2.59,2.63,2.59,2.6099,40453.0
PFSA,2026-09-24T14:48:00Z,2.595,2.595,2.56,2.56,38315.0
PFSA,2026-09-24T14:49:00Z,2.565,2.64,2.56,2.6299,59598.0
PFSA,2026-09-24T14:50:00Z,2.624,2.66,2.61,2.6202,47582.0
PFSA,2026-09-24T14:51:00Z,2.62,2.62,2.58,2.5839,28613.0
PFSA,2026-09-24T14:52:00Z,2.5803,2.66,2.5801,2.61,48267.0
PFSA,2026-09-24T14:53:00Z,2.6199,2.65,2.6199,2.63,28820.0
PFSA,2026-09-24T14:54:00Z,2.625,2.63,2.58,2.58,28523.0
PFSA,2026-09-24T14:55:00Z,2.58,2.588,2.39,2.47,155305.0
PFSA,2026-09-24T14:56:00Z,2.45,2.5,2.43,2.495,75223.0
PFSA,2026-09-24T14:57:00Z,2.4999,2.54,2.49,2.5013,49324.0
PFSA,2026-09-24T14:58:00Z,2.51,2.52,2.48,2.495,14787.0
PFSA,2026-09-24T14:59:00Z,2.495,2.51,2.48,2.49,38854.0
PFSA,2026-09-24T15:00:00Z,2.485,2.51,2.46,2.46,32326.0
PFSA,2026-09-24T15:01:00Z,2.46,2.4877,2.45,2.465,16876.0
PFSA,2026-09-24T15:02:00Z,2.465,2.54,2.46,2.515,35476.0
PFSA,2026-09-24T15:03:00Z,2.5019,2.53,2.48,2.48,34696.0
PFSA,2026-09-24T15:04:00Z,2.49,2.52,2.4824,2.51,25879.0
PFSA,2026-09-24T15:05:00Z,2.5199,2.56,2.505,2.54,55343.0
PFSA,2026-09-24T15:06:00Z,2.5699,2.57,2.54,2.56,44833.0
PFSA,2026-09-24T15:07:00Z,2.56,2.61,2.5501,2.6,51748.0
PFSA,2026-09-24T15:08:00Z,2.5826,2.61,2.5617,2.5901,44157.0
PFSA,2026-09-24T15:09:00Z,2.59,2.61,2.56,2.6,20668.0
PFSA,2026-09-24T15:10:00Z,2.6,2.61,2.57,2.5899,21908.0
PFSA,2026-09-24T15:11:00Z,2.58,2.62,2.58,2.61,32523.0
PFSA,2026-09-24T15:12:00Z,2.605,2.64,2.605,2.63,44471.0
PFSA,2026-09-24T15:13:00Z,2.635,2.6399,2.51,2.5498,62663.0
PFSA,2026-09-24T15:14:00Z,2.54,2.57,2.52,2.5401,28497.0
PFSA,2026-09-24T15:15:00Z,2.54,2.54,2.52,2.54,18854.0
PFSA,2026-09-24T15:16:00Z,2.55,2.59,2.55,2.5899,29100.0
PFSA,2026-09-24T15:17:00Z,2.5898,2.6099,2.58,2.59,16633.0
PFSA,2026-09-24T15:18:00Z,2.5803,2.63,2.5803,2.6198,28830.0
PFSA,2026-09-24T15:19:00Z,2.615,2.62,2.55,2.6099,38211.0
PFSA,2026-09-24T15:20:00Z,2.595,2.63,2.5801,2.62,38135.0
PFSA,2026-09-24T15:21:00Z,2.62,2.62,2.5701,2.6,12038.0
PFSA,2026-09-24T15:22:00Z,2.61,2.61,2.56,2.59,22402.0
PFSA,2026-09-24T15:23:00Z,2.59,2.6,2.575,2.5902,4580.0
PFSA,2026-09-24T15:24:00Z,2.5902,2.65,2.5804,2.6399,22103.0
PFSA,2026-09-24T15:25:00Z,2.635,2.6499,2.63,2.635,27962.0
PFSA,2026-09-24T15:26:00Z,2.635,2.6384,2.62,2.63,34546.0
PFSA,2026-09-24T15:27:00Z,2.63,2.68,2.63,2.655,45610.0
PFSA,2026-09-24T15:28:00Z,2.66,2.71,2.62,2.685,67798.0
PFSA,2026-09-24T15:29:00Z,2.6899,2.72,2.65,2.695,109536.0
PFSA,2026-09-24T15:30:00Z,2.7,2.79,2.68,2.78,144270.0
PFSA,2026-09-24T15:31:00Z,2.7899,2.82,2.7,2.82,159586.0
PMAX,2026-09-24T08:00:00Z,0.93,0.9633,0.93,0.9633,1217.0
PMAX,2026-09-24T08:01:00Z,0.9633,0.9633,0.9633,0.9633,0.0
PMAX,2026-09-24T08:02:00Z,0.9633,0.9633,0.9633,0.9633,0.0
PMAX,2026-09-24T08:03:00Z,0.9633,0.9633,0.9633,0.9633,0.0
PMAX,2026-09-24T08:04:00Z,0.9633,0.9633,0.9633,0.9633,0.0
PMAX,2026-09-24T08:05:00Z,0.9633,0.9633,0.9633,0.9633,0.0
PMAX,2026-09-24T08:06:00Z,0.9633,0.9633,0.9633,0.9633,0.0
PMAX,2026-09-24T08:07:00Z,0.9633,0.9633,0.9633,0.9633,0.0
PMAX,2026-09-24T08:08:00Z,0.9633,0.9633,0.9633,0.9633,0.0
PMAX,2026-09-24T08:09:00Z,0.9633,0.9633,0.9633,0.9633,0.0
PMAX,2026-09-24T08:10:00Z,0.9633,0.9633,0.9633,0.9633,0.0
PMAX,2026-09-24T08:11:00Z,0.9633,0.9633,0.9633,0.9633,0.0
PMAX,2026-09-24T08:12:00Z,0.9633,0.9633,0.9633,0.9633,0.0
PMAX,2026-09-24T08:13:00Z,0.9633,0.9633,0.9633,0.9633,0.0
PMAX,2026-09-24T08:14:00Z,0.9633,0.9633,0.9633,0.9633,0.0
PMAX,2026-09-24T08:15:00Z,0.9633,0.9633,0.9633,0.9633,0.0
PMAX,2026-09-24T08:16:00Z,0.9633,0.9633,0.9633,0.9633,0.0
PMAX,2026-09-24T08:17:00Z,0.9633,0.9633,0.9633,0.9633,0.0
PMAX,2026-09-24T08:18:00Z,0.9633,0.9633,0.9633,0.9633,0.0
PMAX,2026-09-24T08:19:00Z,0.9633,0.9633,0.9633,0.9633,0.0
PMAX,2026-09-24T08:20:00Z,0.9633,0.9633,0.9633,0.9633,0.0
PMAX,2026-09-24T08:21:00Z,0.9633,0.9633,0.9633,0.9633,0.0
PMAX,2026-09-24T08:22:00Z,0.9633,0.9633,0.9633,0.9633,0.0
PMAX,2026-09-24T08:23:00Z,0.9633,0.9633,0.9633,0.9633,0.0
PMAX,2026-09-24T08:24:00Z,0.9633,0.9633,0.9633,0.9633,0.0
PMAX,2026-09-24T08:25:00Z,0.9633,0.9633,0.9633,0.9633,0.0
PMAX,2026-09-24T08:26:00Z,0.9633,0.9633,0.9633,0.9633,0.0
PMAX,2026-09-24T08:27:00Z,0.9633,0.9633,0.9633,0.9633,0.0
PMAX,2026-09-24T08:28:00Z,0.9633,0.9633,0.9633,0.9633,0.0
PMAX,2026-09-24T08:29:00Z,0.9633,0.9633,0.9633,0.9633,0.0
PMAX,2026-09-24T08:30:00Z,0.9633,0.9633,0.9633,0.9633,0.0
PMAX,2026-09-24T08:31:00Z,0.9633,0.9633,0.9633,0.9633,0.0
PMAX,2026-09-24T08:32:00Z,0.9633,0.9633,0.9633,0.9633,0.0
PMAX,2026-09-24T08:33:00Z,0.9633,0.9633,0.9633,0.9633,0.0
PMAX,2026-09-24T08:34:00Z,0.9633,0.9633,0.9633,0.9633,0.0
PMAX,2026-09-24T08:35:00Z,0.9633,0.9633,0.9633,0.9633,0.0
PMAX,2026-09-24T08:36:00Z,0.9633,0.9633,0.9633,0.9633,0.0
PMAX,2026-09-24T08:37:00Z,0.9633,0.9633,0.9633,0.9633,0.0
PMAX,2026-09-24T08:38:00Z,0.9633,0.9633,0.9633,0.9633,0.0
PMAX,2026-09-24T08:39:00Z,0.9633,0.9633,0.9633,0.9633,0.0
PMAX,2026-09-24T08:40:00Z,0.9633,0.9633,0.9633,0.9633,0.0
PMAX,2026-09-24T08:41:00Z,0.9633,0.9633,0.9633,0.9633,0.0
PMAX,2026-09-24T08:42:00Z,0.9633,0.9633,0.9633,0.9633,0.0
PMAX,2026-09-24T08:43:00Z,0.9633,0.9633,0.9633,0.9633,0.0
PMAX,2026-09-24T08:44:00Z,0.9633,0.9633,0.9633,0.9633,0.0
PMAX,2026-09-24T08:45:00Z,0.9633,0.9633,0.9633,0.9633,0.0
PMAX,2026-09-24T08:46:00Z,0.9633,0.9633,0.9633,0.9633,0.0
PMAX,2026-09-24T08:47:00Z,0.9633,0.9633,0.9633,0.9633,0.0
PMAX,2026-09-24T08:48:00Z,0.9633,0.9633,0.9633,0.9633,0.0
PMAX,2026-09-24T08:49:00Z,0.9633,0.9633,0.9633,0.9633,0.0
PMAX,2026-09-24T08:50:00Z,0.9633,0.9633,0.9633,0.9633,0.0
PMAX,2026-09-24T08:51:00Z,0.9633,0.9633,0.9633,0.9633,0.0
PMAX,2026-09-24T08:52:00Z,0.9633,0.9633,0.9633,0.9633,0.0
PMAX,2026-09-24T08:53:00Z,0.9633,0.9633,0.9633,0.9633,0.0
PMAX,2026-09-24T08:54:00Z,0.9633,0.9633,0.9633,0.9633,0.0
PMAX,2026-09-24T08:55:00Z,0.9633,0.9633,0.9633,0.9633,0.0
PMAX,2026-09-24T08:56:00Z,0.9633,0.9633,0.9633,0.9633,0.0
PMAX,2026-09-24T08:57:00Z,0.9633,0.9633,0.9633,0.9633,0.0
PMAX,2026-09-24T08:58:00Z,0.9633,0.9633,0.9633,0.9633,0.0
PMAX,2026-09-24T08:59:00Z,0.9633,0.9633,0.9633,0.9633,0.0
PMAX,2026-09-24T09:00:00Z,0.9633,0.9633,0.9633,0.9633,0.0
PMAX,2026-09-24T09:01:00Z,0.9633,0.9633,0.9633,0.9633,0.0
PMAX,2026-09-24T09:02:00Z,0.9633,0.9633,0.9633,0.9633,0.0
PMAX,2026-09-24T09:03:00Z,0.9633,0.9633,0.9633,0.9633,0.0
PMAX,2026-09-24T09:04:00Z,0.9633,0.9633,0.9633,0.9633,0.0
PMAX,2026-09-24T09:05:00Z,0.9633,0.9633,0.9633,0.9633,0.0
PMAX,2026-09-24T09:06:00Z,0.9633,0.9633,0.9633,0.9633,0.0
PMAX,2026-09-24T09:07:00Z,0.9633,0.9633,0.9633,0.9633,0.0
PMAX,2026-09-24T09:08:00Z,0.9633,0.9633,0.9633,0.9633,0.0
PMAX,2026-09-24T09:09:00Z,0.9633,0.9633,0.9633,0.9633,0.0
PMAX,2026-09-24T09:10:00Z,0.9633,0.9633,0.9633,0.9633,0.0
PMAX,2026-09-24T09:11:00Z,0.9633,0.9633,0.9633,0.9633,0.0
PMAX,2026-09-24T09:12:00Z,0.9633,0.9633,0.9633,0.9633,0.0
PMAX,2026-09-24T09:13:00Z,0.9633,0.9633,0.9633,0.9633,0.0
PMAX,2026-09-24T09:14:00Z,0.9633,0.9633,0.9633,0.9633,0.0
PMAX,2026-09-24T09:15:00Z,0.9633,0.9633,0.9633,0.9633,0.0
PMAX,2026-09-24T09:16:00Z,0.9633,0.9633,0.9633,0.9633,0.0
PMAX,2026-09-24T09:17:00Z,0.9633,0.9633,0.9633,0.9633,0.0
PMAX,2026-09-24T09:18:00Z,0.9633,0.9633,0.9633,0.9633,0.0
PMAX,2026-09-24T09:19:00Z,0.9633,0.9633,0.9633,0.9633,0.0
PMAX,2026-09-24T09:20:00Z,0.9633,0.9633,0.9633,0.9633,0.0
PMAX,2026-09-24T09:21:00Z,0.9633,0.9633,0.9633,0.9633,0.0
PMAX,2026-09-24T09:22:00Z,0.9633,0.9633,0.9633,0.9633,0.0
PMAX,2026-09-24T09:23:00Z,0.9633,0.9633,0.9633,0.9633,0.0
PMAX,2026-09-24T09:24:00Z,0.9633,0.9633,0.9633,0.9633,0.0
PMAX,2026-09-24T09:25:00Z,0.9633,0.9633,0.9633,0.9633,0.0
PMAX,2026-09-24T09:26:00Z,0.9633,0.9633,0.9633,0.9633,0.0
PMAX,2026-09-24T09:27:00Z,0.9633,0.9633,0.9633,0.9633,0.0
PMAX,2026-09-24T09:28:00Z,0.9633,0.9633,0.9633,0.9633,0.0
PMAX,2026-09-24T09:29:00Z,0.9633,0.9633,0.9633,0.9633,0.0
PMAX,2026-09-24T09:30:00Z,0.9633,0.9633,0.9633,0.9633,0.0
PMAX,2026-09-24T09:31:00Z,0.9633,0.9633,0.9633,0.9633,0.0
PMAX,2026-09-24T09:32:00Z,0.9633,0.9633,0.9633,0.9633,0.0
PMAX,2026-09-24T09:33:00Z,0.9633,0.9633,0.9633,0.9633,0.0
PMAX,2026-09-24T09:34:00Z,0.9633,0.9633,0.9633,0.9633,0.0
PMAX,2026-09-24T09:35:00Z,0.9633,0.9633,0.9633,0.9633,0.0
PMAX,2026-09-24T09:36:00Z,0.9633,0.9633,0.9633,0.9633,0.0
PMAX,2026-09-24T09:37:00Z,0.9633,0.9633,0.9633,0.9633,0.0
PMAX,2026-09-24T09:38:00Z,0.9633,0.9633,0.9633,0.9633,0.0
PMAX,2026-09-24T09:39:00Z,0.9633,0.9633,0.9633,0.9633,0.0
PMAX,2026-09-24T09:40:00Z,0.9633,0.9633,0.9633,0.9633,0.0
PMAX,2026-09-24T09:41:00Z,0.9633,0.9633,0.9633,0.9633,0.0
PMAX,2026-09-24T09:42:00Z,0.9633,0.9633,0.9633,0.9633,0.0
PMAX,2026-09-24T09:43:00Z,0.9633,0.9633,0.9633,0.9633,0.0
PMAX,2026-09-24T09:44:00Z,0.9633,0.9633,0.9633,0.9633,0.0
PMAX,2026-09-24T09:45:00Z,0.9633,0.9633,0.9633,0.9633,0.0
PMAX,2026-09-24T09:46:00Z,0.9633,0.9633,0.9633,0.9633,0.0
PMAX,2026-09-24T09:47:00Z,0.9633,0.9633,0.9633,0.9633,0.0
PMAX,2026-09-24T09:48:00Z,0.9633,0.9633,0.9633,0.9633,0.0
PMAX,2026-09-24T09:49:00Z,0.9633,0.9633,0.9633,0.9633,0.0
PMAX,2026-09-24T09:50:00Z,0.9633,0.9633,0.9633,0.9633,0.0
PMAX,2026-09-24T09:51:00Z,0.9633,0.9633,0.9633,0.9633,0.0
PMAX,2026-09-24T09:52:00Z,0.9633,0.9633,0.9633,0.9633,0.0
PMAX,2026-09-24T09:53:00Z,0.9633,0.9633,0.9633,0.9633,0.0
PMAX,2026-09-24T09:54:00Z,0.9633,0.9633,0.9633,0.9633,0.0
PMAX,2026-09-24T09:55:00Z,0.9633,0.9633,0.9633,0.9633,0.0
PMAX,2026-09-24T09:56:00Z,0.9633,0.9633,0.9633,0.9633,0.0
PMAX,2026-09-24T09:57:00Z,0.9633,0.9633,0.9633,0.9633,0.0
PMAX,2026-09-24T09:58:00Z,0.9633,0.9633,0.9633,0.9633,0.0
PMAX,2026-09-24T09:59:00Z,0.9633,0.9633,0.9633,0.9633,0.0
PMAX,2026-09-24T10:00:00Z,0.9633,0.9633,0.9633,0.9633,0.0
PMAX,2026-09-24T10:01:00Z,0.9633,0.9633,0.9633,0.9633,0.0
PMAX,2026-09-24T10:02:00Z,0.9633,0.9633,0.9633,0.9633,0.0
PMAX,2026-09-24T10:03:00Z,0.9633,0.9633,0.9633,0.9633,0.0
PMAX,2026-09-24T10:04:00Z,0.9633,0.9633,0.9633,0.9633,0.0
PMAX,2026-09-24T10:05:00Z,0.9633,0.9633,0.9633,0.9633,0.0
PMAX,2026-09-24T10:06:00Z,0.9633,0.9633,0.9633,0.9633,0.0
PMAX,2026-09-24T10:07:00Z,0.9633,0.9633,0.9633,0.9633,0.0
PMAX,2026-09-24T10:08:00Z,0.9633,0.9633,0.9633,0.9633,0.0
PMAX,2026-09-24T10:09:00Z,0.9633,0.9633,0.9633,0.9633,0.0
PMAX,2026-09-24T10:10:00Z,0.9633,0.9633,0.9633,0.9633,0.0
PMAX,2026-09-24T10:11:00Z,0.9633,0.9633,0.9633,0.9633,0.0
PMAX,2026-09-24T10:12:00Z,0.9633,0.9633,0.9633,0.9633,0.0
PMAX,2026-09-24T10:13:00Z,0.9633,0.9633,0.9633,0.9633,0.0
PMAX,2026-09-24T10:14:00Z,0.9633,0.9633,0.9633,0.9633,0.0
PMAX,2026-09-24T10:15:00Z,0.9633,0.9633,0.9633,0.9633,0.0
PMAX,2026-09-24T10:16:00Z,0.9633,0.9633,0.9633,0.9633,0.0
PMAX,2026-09-24T10:17:00Z,0.9633,0.9633,0.9633,0.9633,0.0
PMAX,2026-09-24T10:18:00Z,0.9633,0.9633,0.9633,0.9633,0.0
PMAX,2026-09-24T10:19:00Z,0.9633,0.9633,0.9633,0.9633,0.0
PMAX,2026-09-24T10:20:00Z,0.9633,0.9633,0.9633,0.9633,0.0
PMAX,2026-09-24T10:21:00Z,0.9633,0.9633,0.9633,0.9633,0.0
PMAX,2026-09-24T10:22:00Z,0.9633,0.9633,0.9633,0.9633,0.0
PMAX,2026-09-24T10:23:00Z,0.9633,0.9633,0.9633,0.9633,0.0
PMAX,2026-09-24T10:24:00Z,0.9633,0.9633,0.9633,0.9633,0.0
PMAX,2026-09-24T10:25:00Z,0.9633,0.9633,0.9633,0.9633,0.0
PMAX,2026-09-24T10:26:00Z,0.9633,0.9633,0.9633,0.9633,0.0
PMAX,2026-09-24T10:27:00Z,0.9633,0.9633,0.9633,0.9633,0.0
PMAX,2026-09-24T10:28:00Z,0.9633,0.9633,0.9633,0.9633,0.0
PMAX,2026-09-24T10:29:00Z,0.9633,0.9633,0.9633,0.9633,0.0
PMAX,2026-09-24T10:30:00Z,0.9633,0.9633,0.9633,0.9633,0.0
PMAX,2026-09-24T10:31:00Z,0.9633,0.9633,0.9633,0.9633,0.0
PMAX,2026-09-24T10:32:00Z,0.9633,0.9633,0.9633,0.9633,0.0
PMAX,2026-09-24T10:33:00Z,0.9633,0.9633,0.9633,0.9633,0.0
PMAX,2026-09-24T10:34:00Z,0.9633,0.9633,0.9633,0.9633,0.0
PMAX,2026-09-24T10:35:00Z,0.9633,0.9633,0.9633,0.9633,0.0
PMAX,2026-09-24T10:36:00Z,0.9633,0.9633,0.9633,0.9633,0.0
PMAX,2026-09-24T10:37:00Z,0.9633,0.9633,0.9633,0.9633,0.0
PMAX,2026-09-24T10:38:00Z,0.9633,0.9633,0.9633,0.9633,0.0
PMAX,2026-09-24T10:39:00Z,0.9633,0.9633,0.9633,0.9633,0.0
PMAX,2026-09-24T10:40:00Z,0.9633,0.9633,0.9633,0.9633,0.0
PMAX,2026-09-24T10:41:00Z,0.9633,0.9633,0.9633,0.9633,0.0
PMAX,2026-09-24T10:42:00Z,0.9633,0.9633,0.9633,0.9633,0.0
PMAX,2026-09-24T10:43:00Z,0.9633,0.9633,0.9633,0.9633,0.0
PMAX,2026-09-24T10:44:00Z,0.9633,0.9633,0.9633,0.9633,0.0
PMAX,2026-09-24T10:45:00Z,0.9633,0.9633,0.9633,0.9633,0.0
PMAX,2026-09-24T10:46:00Z,0.9633,0.9633,0.9633,0.9633,0.0
PMAX,2026-09-24T10:47:00Z,0.9633,0.9633,0.9633,0.9633,0.0
PMAX,2026-09-24T10:48:00Z,0.9633,0.9633,0.9633,0.9633,0.0
PMAX,2026-09-24T10:49:00Z,0.9633,0.9633,0.9633,0.9633,0.0
PMAX,2026-09-24T10:50:00Z,0.9633,0.9633,0.9633,0.9633,0.0
PMAX,2026-09-24T10:51:00Z,0.9633,0.9633,0.9633,0.9633,0.0
PMAX,2026-09-24T10:52:00Z,0.9633,0.9633,0.9633,0.9633,0.0
PMAX,2026-09-24T10:53:00Z,0.9633,0.9633,0.9633,0.9633,0.0
PMAX,2026-09-24T10:54:00Z,0.9633,0.9633,0.9633,0.9633,0.0
PMAX,2026-09-24T10:55:00Z,0.9633,0.9633,0.9633,0.9633,0.0
PMAX,2026-09-24T10:56:00Z,0.9633,0.9633,0.9633,0.9633,0.0
PMAX,2026-09-24T10:57:00Z,0.9633,0.9633,0.9633,0.9633,0.0
PMAX,2026-09-24T10:58:00Z,0.9633,0.9633,0.9633,0.9633,0.0
PMAX,2026-09-24T10:59:00Z,0.9633,0.9633,0.9633,0.9633,0.0
PMAX,2026-09-24T11:00:00Z,0.9633,0.9633,0.9633,0.9633,0.0
PMAX,2026-09-24T11:01:00Z,0.9633,0.9633,0.9633,0.9633,0.0
PMAX,2026-09-24T11:02:00Z,0.9633,0.9633,0.9633,0.9633,0.0
PMAX,2026-09-24T11:03:00Z,0.9633,0.9633,0.9633,0.9633,0.0
PMAX,2026-09-24T11:04:00Z,0.9633,0.9633,0.9633,0.9633,0.0
PMAX,2026-09-24T11:05:00Z,0.9633,0.9633,0.9633,0.9633,0.0
PMAX,2026-09-24T11:06:00Z,0.9633,0.9633,0.9633,0.9633,0.0
PMAX,2026-09-24T11:07:00Z,0.9633,0.9633,0.9633,0.9633,0.0
PMAX,2026-09-24T11:08:00Z,0.9633,0.9633,0.9633,0.9633,0.0
PMAX,2026-09-24T11:09:00Z,0.9633,0.9633,0.9633,0.9633,0.0
PMAX,2026-09-24T11:10:00Z,0.9633,0.9633,0.9633,0.9633,0.0
PMAX,2026-09-24T11:11:00Z,0.9633,0.9633,0.9633,0.9633,0.0
PMAX,2026-09-24T11:12:00Z,0.9633,0.9633,0.9633,0.9633,0.0
PMAX,2026-09-24T11:13:00Z,0.9633,0.9633,0.9633,0.9633,0.0
PMAX,2026-09-24T11:14:00Z,0.9633,0.9633,0.9633,0.9633,0.0
PMAX,2026-09-24T11:15:00Z,0.9633,0.9633,0.9633,0.9633,0.0
PMAX,2026-09-24T11:16:00Z,0.9633,0.9633,0.9633,0.9633,0.0
PMAX,2026-09-24T11:17:00Z,0.9633,0.9633,0.9633,0.9633,0.0
PMAX,2026-09-24T11:18:00Z,0.9633,0.9633,0.9633,0.9633,0.0
PMAX,2026-09-24T11:19:00Z,0.9633,0.9633,0.9633,0.9633,0.0
PMAX,2026-09-24T11:20:00Z,0.9633,0.9633,0.9633,0.9633,0.0
PMAX,2026-09-24T11:21:00Z,0.9633,0.9633,0.9633,0.9633,0.0
PMAX,2026-09-24T11:22:00Z,0.9633,0.9633,0.9633,0.9633,0.0
PMAX,2026-09-24T11:23:00Z,0.9633,0.9633,0.9633,0.9633,0.0
PMAX,2026-09-24T11:24:00Z,0.9633,0.9633,0.9633,0.9633,0.0
PMAX,2026-09-24T11:25:00Z,0.9633,0.9633,0.9633,0.9633,0.0
PMAX,2026-09-24T11:26:00Z,0.9633,0.9633,0.9633,0.9633,0.0
PMAX,2026-09-24T11:27:00Z,0.9633,0.9633,0.9633,0.9633,0.0
PMAX,2026-09-24T11:28:00Z,0.9633,0.9633,0.9633,0.9633,0.0
PMAX,2026-09-24T11:29:00Z,0.9633,0.9633,0.9633,0.9633,0.0
PMAX,2026-09-24T11:30:00Z,0.9633,0.9633,0.9633,0.9633,0.0
PMAX,2026-09-24T11:31:00Z,0.9633,0.9633,0.9633,0.9633,0.0
PMAX,2026-09-24T11:32:00Z,0.9633,0.9633,0.9633,0.9633,0.0
PMAX,2026-09-24T11:33:00Z,0.9633,0.9633,0.9633,0.9633,0.0
PMAX,2026-09-24T11:34:00Z,0.9101,0.9101,0.9101,0.9101,218.0
PMAX,2026-09-24T11:35:00Z,0.9101,0.9101,0.9101,0.9101,0.0
PMAX,2026-09-24T11:36:00Z,0.9101,0.9101,0.9101,0.9101,0.0
PMAX,2026-09-24T11:37:00Z,0.9101,0.9101,0.9101,0.9101,0.0
PMAX,2026-09-24T11:38:00Z,0.9101,0.9101,0.9101,0.9101,300.0
PMAX,2026-09-24T11:39:00Z,0.9101,0.9101,0.91,0.9101,1888.0
PMAX,2026-09-24T11:40:00Z,0.9101,0.9101,0.9101,0.9101,0.0
PMAX,2026-09-24T11:41:00Z,0.9101,0.9101,0.9101,0.9101,0.0
PMAX,2026-09-24T11:42:00Z,0.9101,0.9101,0.9101,0.9101,0.0
PMAX,2026-09-24T11:43:00Z,0.9101,0.9101,0.9101,0.9101,0.0
PMAX,2026-09-24T11:44:00Z,0.9101,0.9101,0.9101,0.9101,0.0
PMAX,2026-09-24T11:45:00Z,0.9101,0.9101,0.9101,0.9101,0.0
PMAX,2026-09-24T11:46:00Z,0.9101,0.9101,0.9101,0.9101,0.0
PMAX,2026-09-24T11:47:00Z,0.9101,0.9101,0.9101,0.9101,0.0
PMAX,2026-09-24T11:48:00Z,0.9101,0.9101,0.9101,0.9101,0.0
PMAX,2026-09-24T11:49:00Z,0.9101,0.9101,0.9101,0.9101,0.0
PMAX,2026-09-24T11:50:00Z,0.9101,0.9101,0.9101,0.9101,0.0
PMAX,2026-09-24T11:51:00Z,0.9101,0.9101,0.9101,0.9101,0.0
PMAX,2026-09-24T11:52:00Z,0.9101,0.9101,0.9101,0.9101,0.0
PMAX,2026-09-24T11:53:00Z,0.9101,0.9101,0.9101,0.9101,0.0
PMAX,2026-09-24T11:54:00Z,0.96,1.07,0.96,1.0,33369.0
PMAX,2026-09-24T11:55:00Z,1.0299,1.0299,0.9047,0.9551,16832.0
PMAX,2026-09-24T11:56:00Z,0.9551,0.98,0.9201,0.9511,9737.0
PMAX,2026-09-24T11:57:00Z,0.9483,0.9678,0.94,0.95,15238.0
PMAX,2026-09-24T11:58:00Z,0.9499,0.9701,0.9426,0.9701,2629.0
PMAX,2026-09-24T11:59:00Z,0.9659,0.976,0.9637,0.976,1491.0
PMAX,2026-09-24T12:00:00Z,0.9311,0.976,0.9311,0.976,1256.0
PMAX,2026-09-24T12:01:00Z,0.9565,0.9566,0.9311,0.9565,5366.0
PMAX,2026-09-24T12:02:00Z,0.9498,0.975,0.9496,0.975,2727.0
PMAX,2026-09-24T12:03:00Z,0.975,0.975,0.9513,0.9513,1695.0
PMAX,2026-09-24T12:04:00Z,0.9302,0.9302,0.91,0.91,15784.0
PMAX,2026-09-24T12:05:00Z,0.9746,0.9746,0.91,0.91,2926.0
PMAX,2026-09-24T12:06:00Z,0.91,0.915,0.91,0.915,400.0
PMAX,2026-09-24T12:07:00Z,0.9333,0.95,0.9333,0.95,1200.0
PMAX,2026-09-24T12:08:00Z,0.95,0.95,0.95,0.95,0.0
PMAX,2026-09-24T12:09:00Z,0.9499,0.9499,0.9201,0.9246,627.0
PMAX,2026-09-24T12:10:00Z,0.9246,0.9246,0.9246,0.9246,0.0
PMAX,2026-09-24T12:11:00Z,0.9246,0.9246,0.9246,0.9246,0.0
PMAX,2026-09-24T12:12:00Z,0.9246,0.9246,0.9246,0.9246,0.0
PMAX,2026-09-24T12:13:00Z,0.9431,0.9431,0.9431,0.9431,1000.0
PMAX,2026-09-24T12:14:00Z,0.9202,0.9202,0.9202,0.9202,201.0
PMAX,2026-09-24T12:15:00Z,0.9245,0.9245,0.9245,0.9245,653.0
PMAX,2026-09-24T12:16:00Z,0.9245,0.9245,0.9245,0.9245,0.0
PMAX,2026-09-24T12:17:00Z,0.9245,0.9245,0.9245,0.9245,0.0
PMAX,2026-09-24T12:18:00Z,0.9245,0.9245,0.9245,0.9245,0.0
PMAX,2026-09-24T12:19:00Z,0.9245,0.9245,0.9245,0.9245,0.0
PMAX,2026-09-24T12:20:00Z,0.94,0.94,0.94,0.94,226.0
PMAX,2026-09-24T12:21:00Z,0.94,0.94,0.94,0.94,0.0
PMAX,2026-09-24T12:22:00Z,0.9267,0.9267,0.9267,0.9267,100.0
PMAX,2026-09-24T12:23:00Z,0.9267,0.9267,0.9267,0.9267,393.0
PMAX,2026-09-24T12:24:00Z,0.93,0.93,0.93,0.93,720.0
PMAX,2026-09-24T12:25:00Z,0.9499,0.9499,0.9499,0.9499,140.0
PMAX,2026-09-24T12:26:00Z,0.931,0.931,0.931,0.931,720.0
PMAX,2026-09-24T12:27:00Z,0.9298,0.9298,0.9298,0.9298,100.0
PMAX,2026-09-24T12:28:00Z,0.9298,0.9298,0.9298,0.9298,0.0
PMAX,2026-09-24T12:29:00Z,0.9298,0.9298,0.9298,0.9298,0.0
PMAX,2026-09-24T12:30:00Z,0.9298,0.9298,0.9298,0.9298,0.0
PMAX,2026-09-24T12:31:00Z,0.9298,0.9298,0.9298,0.9298,0.0
PMAX,2026-09-24T12:32:00Z,0.9298,0.9298,0.9298,0.9298,0.0
PMAX,2026-09-24T12:33:00Z,0.93,0.93,0.93,0.93,1000.0
PMAX,2026-09-24T12:34:00Z,0.93,0.93,0.93,0.93,0.0
PMAX,2026-09-24T12:35:00Z,0.93,0.93,0.93,0.93,0.0
PMAX,2026-09-24T12:36:00Z,0.93,0.93,0.93,0.93,0.0
PMAX,2026-09-24T12:37:00Z,0.93,0.93,0.93,0.93,150.0
PMAX,2026-09-24T12:38:00Z,0.93,0.93,0.93,0.93,0.0
PMAX,2026-09-24T12:39:00Z,0.93,0.93,0.93,0.93,0.0
PMAX,2026-09-24T12:40:00Z,0.9267,0.9267,0.9245,0.9245,2000.0
PMAX,2026-09-24T12:41:00Z,0.9245,0.9245,0.9245,0.9245,0.0
PMAX,2026-09-24T12:42:00Z,0.9267,0.9267,0.9267,0.9267,150.0
PMAX,2026-09-24T12:43:00Z,0.9267,0.9267,0.9267,0.9267,0.0
PMAX,2026-09-24T12:44:00Z,0.9267,0.9267,0.9267,0.9267,0.0
PMAX,2026-09-24T12:45:00Z,0.9267,0.9267,0.9267,0.9267,0.0
PMAX,2026-09-24T12:46:00Z,0.9267,0.9267,0.9267,0.9267,0.0
PMAX,2026-09-24T12:47:00Z,0.9267,0.9267,0.9267,0.9267,0.0
PMAX,2026-09-24T12:48:00Z,0.9267,0.9267,0.9267,0.9267,0.0
PMAX,2026-09-24T12:49:00Z,0.9267,0.9267,0.9267,0.9267,0.0
PMAX,2026-09-24T12:50:00Z,0.9267,0.9267,0.9267,0.9267,0.0
PMAX,2026-09-24T12:51:00Z,0.9267,0.9267,0.9267,0.9267,0.0
PMAX,2026-09-24T12:52:00Z,0.9267,0.9267,0.9267,0.9267,0.0
PMAX,2026-09-24T12:53:00Z,0.9488,0.9488,0.9488,0.9488,384.0
PMAX,2026-09-24T12:54:00Z,0.9439,0.9439,0.9439,0.9439,150.0
PMAX,2026-09-24T12:55:00Z,0.9439,0.9439,0.9439,0.9439,226.0
PMAX,2026-09-24T12:56:00Z,0.9439,0.9439,0.9439,0.9439,0.0
PMAX,2026-09-24T12:57:00Z,0.9492,0.9625,0.9492,0.9625,6356.0
PMAX,2026-09-24T12:58:00Z,0.975,0.975,0.975,0.975,160.0
PMAX,2026-09-24T12:59:00Z,0.975,0.975,0.975,0.975,0.0
PMAX,2026-09-24T13:00:00Z,0.9958,0.9958,0.979,0.9817,2479.0
PMAX,2026-09-24T13:01:00Z,0.98,0.982,0.9798,0.982,2700.0
PMAX,2026-09-24T13:02:00Z,0.982,0.982,0.982,0.982,0.0
PMAX,2026-09-24T13:03:00Z,0.9798,0.9798,0.9798,0.9798,136.0
PMAX,2026-09-24T13:04:00Z,1.0,1.0,1.0,1.0,700.0
PMAX,2026-09-24T13:05:00Z,0.9999,1.0,0.9986,0.9999,2950.0
PMAX,2026-09-24T13:06:00Z,0.9999,0.9999,0.9999,0.9999,262.0
PMAX,2026-09-24T13:07:00Z,0.9999,0.9999,0.9999,0.9999,0.0
PMAX,2026-09-24T13:08:00Z,0.9999,0.9999,0.9999,0.9999,0.0
PMAX,2026-09-24T13:09:00Z,1.0,1.0,0.9799,0.98,1760.0
PMAX,2026-09-24T13:10:00Z,0.98,0.98,0.98,0.98,150.0
PMAX,2026-09-24T13:11:00Z,0.98,0.98,0.98,0.98,0.0
PMAX,2026-09-24T13:12:00Z,0.97,1.02,0.97,1.02,254.0
PMAX,2026-09-24T13:13:00Z,0.98,1.02,0.98,0.9996,3253.0
PMAX,2026-09-24T13:14:00Z,0.98,0.98,0.98,0.98,100.0
PMAX,2026-09-24T13:15:00Z,1.01,1.01,1.01,1.01,3500.0
PMAX,2026-09-24T13:16:00Z,1.0131,1.0131,1.01,1.01,728.0
PMAX,2026-09-24T13:17:00Z,1.0008,1.0008,1.0006,1.0006,492.0
PMAX,2026-09-24T13:18:00Z,0.9997,0.9997,0.9997,0.9997,136.0
PMAX,2026-09-24T13:19:00Z,0.958,0.97,0.958,0.97,900.0
PMAX,2026-09-24T13:20:00Z,0.97,0.97,0.97,0.97,0.0
PMAX,2026-09-24T13:21:00Z,0.9976,0.9977,0.9963,0.9964,2500.0
PMAX,2026-09-24T13:22:00Z,0.9999,1.0,0.9967,0.9999,3158.0
PMAX,2026-09-24T13:23:00Z,0.9999,0.9999,0.9999,0.9999,0.0
PMAX,2026-09-24T13:24:00Z,1.01,1.01,0.9883,0.9884,2797.0
PMAX,2026-09-24T13:25:00Z,0.99,0.99,0.99,0.99,250.0
PMAX,2026-09-24T13:26:00Z,1.0,1.0,1.0,1.0,650.0
PMAX,2026-09-24T13:27:00Z,1.0,1.0,1.0,1.0,300.0
PMAX,2026-09-24T13:28:00Z,0.99,1.0,0.99,0.9999,1650.0
PMAX,2026-09-24T13:29:00Z,1.0,1.0,1.0,1.0,100.0
PMAX,2026-09-24T13:30:00Z,1.02,1.02,0.975,0.975,2233.0
PMAX,2026-09-24T13:31:00Z,0.975,0.975,0.975,0.975,0.0
PMAX,2026-09-24T13:32:00Z,0.96,0.99,0.96,0.9601,2600.0
PMAX,2026-09-24T13:33:00Z,0.96,0.96,0.96,0.96,308.0
PMAX,2026-09-24T13:34:00Z,0.9601,0.9809,0.9601,0.9809,874.0
PMAX,2026-09-24T13:35:00Z,1.02,1.02,1.02,1.02,700.0
PMAX,2026-09-24T13:36:00Z,1.02,1.03,1.0199,1.0199,2400.0
PMAX,2026-09-24T13:37:00Z,1.0399,1.24,1.0399,1.23,95826.0
PMAX,2026-09-24T13:38:00Z,1.2174,1.29,1.21,1.29,73893.0
PMAX,2026-09-24T13:39:00Z,1.29,1.29,1.29,1.29,0.0
PMAX,2026-09-24T13:40:00Z,1.29,1.29,1.29,1.29,0.0
PMAX,2026-09-24T13:41:00Z,1.29,1.29,1.29,1.29,0.0
PMAX,2026-09-24T13:42:00Z,1.29,1.29,1.29,1.29,0.0
PMAX,2026-09-24T13:43:00Z,1.29,1.29,1.29,1.29,0.0
PMAX,2026-09-24T13:44:00Z,1.29,1.29,1.29,1.29,0.0
PMAX,2026-09-24T13:45:00Z,1.29,1.29,1.29,1.29,0.0
PMAX,2026-09-24T13:46:00Z,1.29,1.29,1.29,1.29,0.0
PMAX,2026-09-24T13:47:00Z,1.29,1.29,1.29,1.29,0.0
PMAX,2026-09-24T13:48:00Z,1.29,1.29,1.29,1.29,0.0
PMAX,2026-09-24T13:49:00Z,1.29,1.29,1.29,1.29,0.0
PMAX,2026-09-24T13:50:00Z,1.29,1.29,1.29,1.29,0.0
PMAX,2026-09-24T13:51:00Z,1.29,1.29,1.29,1.29,0.0
PMAX,2026-09-24T13:52:00Z,1.29,1.29,1.29,1.29,0.0
PMAX,2026-09-24T13:53:00Z,1.29,1.29,1.29,1.29,0.0
PMAX,2026-09-24T13:54:00Z,1.29,1.29,1.29,1.29,0.0
PMAX,2026-09-24T13:55:00Z,1.29,1.29,1.29,1.29,0.0
PMAX,2026-09-24T13:56:00Z,1.29,1.29,1.29,1.29,0.0
PMAX,2026-09-24T13:57:00Z,1.29,1.29,1.29,1.29,0.0
PMAX,2026-09-24T13:58:00Z,1.29,1.29,1.29,1.29,0.0
PMAX,2026-09-24T13:59:00Z,1.29,1.29,1.29,1.29,0.0
PMAX,2026-09-24T14:00:00Z,1.29,1.29,1.29,1.29,0.0
PMAX,2026-09-24T14:01:00Z,1.29,1.29,1.29,1.29,0.0
PMAX,2026-09-24T14:02:00Z,1.29,1.29,1.29,1.29,0.0
PMAX,2026-09-24T14:03:00Z,1.29,1.29,1.29,1.29,0.0
PMAX,2026-09-24T14:04:00Z,1.29,1.29,1.29,1.29,0.0
PMAX,2026-09-24T14:05:00Z,1.29,1.29,1.29,1.29,0.0
PMAX,2026-09-24T14:06:00Z,1.29,1.29,1.29,1.29,0.0
PMAX,2026-09-24T14:07:00Z,1.29,1.29,1.29,1.29,0.0
PMAX,2026-09-24T14:08:00Z,2.34,2.81,1.87,2.81,292118.0
PMAX,2026-09-24T14:09:00Z,2.81,2.81,2.81,2.81,0.0
PMAX,2026-09-24T14:10:00Z,2.81,2.81,2.81,2.81,0.0
PMAX,2026-09-24T14:11:00Z,2.81,2.81,2.81,2.81,0.0
PMAX,2026-09-24T14:12:00Z,2.81,2.81,2.81,2.81,0.0
PMAX,2026-09-24T14:13:00Z,1.9,2.04,1.65,1.81,308328.0
PMAX,2026-09-24T14:14:00Z,1.81,2.28,1.75,2.28,587093.0
PMAX,2026-09-24T14:15:00Z,2.28,2.28,2.28,2.28,0.0
PMAX,2026-09-24T14:16:00Z,2.28,2.28,2.28,2.28,0.0
PMAX,2026-09-24T14:17:00Z,2.28,2.28,2.28,2.28,0.0
PMAX,2026-09-24T14:18:00Z,2.28,2.28,2.28,2.28,0.0
PMAX,2026-09-24T14:19:00Z,2.29,2.29,1.83,1.83,563527.0
PMAX,2026-09-24T14:20:00Z,1.83,1.83,1.83,1.83,5354.0
PMAX,2026-09-24T14:21:00Z,1.83,1.83,1.83,1.83,0.0
PMAX,2026-09-24T14:22:00Z,1.83,1.83,1.83,1.83,0.0
PMAX,2026-09-24T14:23:00Z,1.83,1.83,1.83,1.83,0.0
PMAX,2026-09-24T14:24:00Z,1.83,1.83,1.83,1.83,0.0
PMAX,2026-09-24T14:25:00Z,1.7484,2.0201,1.73,2.02,371480.0
PMAX,2026-09-24T14:26:00Z,2.02,2.02,2.02,2.02,0.0
PMAX,2026-09-24T14:27:00Z,2.02,2.02,2.02,2.02,0.0
PMAX,2026-09-24T14:28:00Z,2.02,2.02,2.02,2.02,0.0
PMAX,2026-09-24T14:29:00Z,2.02,2.02,2.02,2.02,0.0
PMAX,2026-09-24T14:30:00Z,2.02,2.24,2.02,2.2097,641904.0
PMAX,2026-09-24T14:31:00Z,2.2099,2.36,1.87,2.165,1208162.0
PMAX,2026-09-24T14:32:00Z,2.165,2.49,2.11,2.42,1393581.0
PMAX,2026-09-24T14:33:00Z,2.41,2.59,2.17,2.535,1136621.0
PMAX,2026-09-24T14:34:00Z,2.535,2.74,2.35,2.6,1606430.0
PMAX,2026-09-24T14:35:00Z,2.5989,2.8299,2.56,2.6289,1189095.0
PMAX,2026-09-24T14:36:00Z,2.63,2.8,2.35,2.7,1223289.0
PMAX,2026-09-24T14:37:00Z,2.7,2.78,2.58,2.66,1300066.0
PMAX,2026-09-24T14:38:00Z,2.6611,2.67,2.36,2.5302,1117095.0
PMAX,2026-09-24T14:39:00Z,2.5301,2.63,2.35,2.57,981943.0
PMAX,2026-09-24T14:40:00Z,2.58,2.8699,2.44,2.4502,1498693.0
PMAX,2026-09-24T14:41:00Z,2.45,2.59,2.38,2.5682,652742.0
PMAX,2026-09-24T14:42:00Z,2.5689,2.64,2.46,2.5132,516261.0
PMAX,2026-09-24T14:43:00Z,2.5198,2.52,2.12,2.22,936561.0
PMAX,2026-09-24T14:44:00Z,2.225,2.29,2.01,2.01,530343.0
PMAX,2026-09-24T14:45:00Z,2.01,2.01,2.01,2.01,0.0
PMAX,2026-09-24T14:46:00Z,2.01,2.01,2.01,2.01,0.0
PMAX,2026-09-24T14:47:00Z,2.01,2.01,2.01,2.01,0.0
PMAX,2026-09-24T14:48:00Z,2.01,2.01,2.01,2.01,0.0
PMAX,2026-09-24T14:49:00Z,2.01,2.1499,1.9601,2.005,284311.0
PMAX,2026-09-24T14:50:00Z,2.005,2.37,2.005,2.36,939457.0
PMAX,2026-09-24T14:51:00Z,2.3596,2.46,2.2711,2.35,979808.0
PMAX,2026-09-24T14:52:00Z,2.36,2.49,2.3,2.3797,629940.0
PMAX,2026-09-24T14:53:00Z,2.3798,2.41,2.28,2.3,401299.0
PMAX,2026-09-24T14:54:00Z,2.29,2.32,2.09,2.1102,578701.0
PMAX,2026-09-24T14:55:00Z,2.1275,2.3299,2.1,2.19,421733.0
PMAX,2026-09-24T14:56:00Z,2.19,2.22,2.06,2.1,385325.0
PMAX,2026-09-24T14:57:00Z,2.0997,2.0997,1.8,1.8,479994.0
PMAX,2026-09-24T14:58:00Z,1.8,1.8,1.8,1.8,0.0
PMAX,2026-09-24T14:59:00Z,1.8,1.8,1.8,1.8,0.0
PMAX,2026-09-24T15:00:00Z,1.8,1.8,1.8,1.8,0.0
PMAX,2026-09-24T15:01:00Z,1.8,1.8,1.8,1.8,0.0
PMAX,2026-09-24T15:02:00Z,1.8,2.13,1.79,2.0709,470086.0
PMAX,2026-09-24T15:03:00Z,2.0789,2.17,1.96,2.1398,546916.0
PMAX,2026-09-24T15:04:00Z,2.135,2.17,2.0501,2.16,485044.0
PMAX,2026-09-24T15:05:00Z,2.1609,2.18,1.965,2.005,490176.0
PMAX,2026-09-24T15:06:00Z,2.0099,2.0289,1.88,1.955,350903.0
PMAX,2026-09-24T15:07:00Z,1.9589,1.96,1.66,1.8011,706903.0
PMAX,2026-09-24T15:08:00Z,1.805,1.87,1.79,1.79,283535.0
PMAX,2026-09-24T15:09:00Z,1.8,1.8199,1.72,1.7518,298035.0
PMAX,2026-09-24T15:10:00Z,1.75,1.77,1.72,1.74,208484.0
PMAX,2026-09-24T15:11:00Z,1.735,1.77,1.63,1.7401,433786.0
PMAX,2026-09-24T15:12:00Z,1.7403,1.83,1.74,1.7798,292510.0
PMAX,2026-09-24T15:13:00Z,1.779,1.8,1.73,1.77,149868.0
PMAX,2026-09-24T15:14:00Z,1.7698,1.79,1.63,1.63,257413.0
PMAX,2026-09-24T15:15:00Z,1.6399,1.6902,1.6,1.6501,270053.0
PMAX,2026-09-24T15:16:00Z,1.655,1.78,1.65,1.7,241835.0
PMAX,2026-09-24T15:17:00Z,1.7,1.72,1.66,1.6899,129466.0
PMAX,2026-09-24T15:18:00Z,1.685,1.755,1.68,1.74,191271.0
PMAX,2026-09-24T15:19:00Z,1.74,1.93,1.7399,1.9299,479176.0
PMAX,2026-09-24T15:20:00Z,1.9211,1.93,1.82,1.8999,473632.0
PMAX,2026-09-24T15:21:00Z,1.9,1.94,1.85,1.89,360453.0
PMAX,2026-09-24T15:22:00Z,1.8811,2.04,1.88,1.96,667229.0
PMAX,2026-09-24T15:23:00Z,1.9611,1.99,1.7601,1.89,505400.0
PMAX,2026-09-24T15:24:00Z,1.89,1.89,1.8,1.8399,245395.0
PMAX,2026-09-24T15:25:00Z,1.835,1.91,1.81,1.83,221185.0
PMAX,2026-09-24T15:26:00Z,1.84,1.97,1.835,1.925,294259.0
PMAX,2026-09-24T15:27:00Z,1.9289,2.03,1.92,1.98,546864.0
PMAX,2026-09-24T15:28:00Z,1.99,1.99,1.89,1.9197,221503.0
PMAX,2026-09-24T15:29:00Z,1.92,1.93,1.87,1.9102,161427.0
PMAX,2026-09-24T15:30:00Z,1.915,1.96,1.87,1.87,257591.0
PMAX,2026-09-24T15:31:00Z,1.8701,1.9,1.83,1.895,139910.0
SKYQ,2026-09-24T08:00:00Z,2.52,2.5314,2.52,2.5314,371.0
SKYQ,2026-09-24T08:01:00Z,2.5314,2.5314,2.5314,2.5314,0.0
SKYQ,2026-09-24T08:02:00Z,2.51,2.52,2.51,2.52,1231.0
SKYQ,2026-09-24T08:03:00Z,2.51,2.53,2.51,2.53,1264.0
SKYQ,2026-09-24T08:04:00Z,2.53,2.53,2.53,2.53,0.0
SKYQ,2026-09-24T08:05:00Z,2.53,2.53,2.53,2.53,0.0
SKYQ,2026-09-24T08:06:00Z,2.6,2.6,2.51,2.51,450.0
SKYQ,2026-09-24T08:07:00Z,2.51,2.51,2.51,2.51,0.0
SKYQ,2026-09-24T08:08:00Z,2.51,2.51,2.51,2.51,0.0
SKYQ,2026-09-24T08:09:00Z,2.51,2.51,2.51,2.51,0.0
SKYQ,2026-09-24T08:10:00Z,2.51,2.51,2.51,2.51,0.0
SKYQ,2026-09-24T08:11:00Z,2.51,2.51,2.51,2.51,0.0
SKYQ,2026-09-24T08:12:00Z,2.51,2.51,2.51,2.51,0.0
SKYQ,2026-09-24T08:13:00Z,2.51,2.51,2.51,2.51,0.0
SKYQ,2026-09-24T08:14:00Z,2.51,2.51,2.51,2.51,0.0
SKYQ,2026-09-24T08:15:00Z,2.55,2.55,2.55,2.55,300.0
SKYQ,2026-09-24T08:16:00Z,2.55,2.55,2.55,2.55,0.0
SKYQ,2026-09-24T08:17:00Z,2.55,2.55,2.55,2.55,700.0
SKYQ,2026-09-24T08:18:00Z,2.55,2.55,2.55,2.55,0.0
SKYQ,2026-09-24T08:19:00Z,2.55,2.55,2.55,2.55,0.0
SKYQ,2026-09-24T08:20:00Z,2.55,2.55,2.55,2.55,0.0
SKYQ,2026-09-24T08:21:00Z,2.55,2.55,2.55,2.55,0.0
SKYQ,2026-09-24T08:22:00Z,2.55,2.55,2.55,2.55,0.0
SKYQ,2026-09-24T08:23:00Z,2.6078,2.6078,2.6078,2.6078,1330.0
SKYQ,2026-09-24T08:24:00Z,2.6078,2.6078,2.6078,2.6078,0.0
SKYQ,2026-09-24T08:25:00Z,2.6078,2.6078,2.6078,2.6078,0.0
SKYQ,2026-09-24T08:26:00Z,2.6078,2.6078,2.6078,2.6078,0.0
SKYQ,2026-09-24T08:27:00Z,2.6078,2.6078,2.6078,2.6078,0.0
SKYQ,2026-09-24T08:28:00Z,2.6078,2.6078,2.6078,2.6078,0.0
SKYQ,2026-09-24T08:29:00Z,2.6078,2.6078,2.6078,2.6078,0.0
SKYQ,2026-09-24T08:30:00Z,2.6078,2.6078,2.6078,2.6078,0.0
SKYQ,2026-09-24T08:31:00Z,2.6078,2.6078,2.6078,2.6078,0.0
SKYQ,2026-09-24T08:32:00Z,2.6078,2.6078,2.6078,2.6078,0.0
SKYQ,2026-09-24T08:33:00Z,2.6078,2.6078,2.6078,2.6078,0.0
SKYQ,2026-09-24T08:34:00Z,2.54,2.54,2.54,2.54,582.0
SKYQ,2026-09-24T08:35:00Z,2.54,2.54,2.54,2.54,0.0
SKYQ,2026-09-24T08:36:00Z,2.54,2.54,2.54,2.54,0.0
SKYQ,2026-09-24T08:37:00Z,2.54,2.54,2.54,2.54,0.0
SKYQ,2026-09-24T08:38:00Z,2.53,2.53,2.5203,2.522,1700.0
SKYQ,2026-09-24T08:39:00Z,2.5288,2.5288,2.5288,2.5288,120.0
SKYQ,2026-09-24T08:40:00Z,2.5288,2.5288,2.5288,2.5288,0.0
SKYQ,2026-09-24T08:41:00Z,2.5288,2.5288,2.5288,2.5288,0.0
SKYQ,2026-09-24T08:42:00Z,2.5288,2.5288,2.5288,2.5288,0.0
SKYQ,2026-09-24T08:43:00Z,2.5288,2.5288,2.5288,2.5288,0.0
SKYQ,2026-09-24T08:44:00Z,2.5288,2.5288,2.5288,2.5288,0.0
SKYQ,2026-09-24T08:45:00Z,2.5288,2.5288,2.5288,2.5288,0.0
SKYQ,2026-09-24T08:46:00Z,2.55,2.55,2.55,2.55,1898.0
SKYQ,2026-09-24T08:47:00Z,2.55,2.55,2.55,2.55,0.0
SKYQ,2026-09-24T08:48:00Z,2.55,2.55,2.55,2.55,0.0
SKYQ,2026-09-24T08:49:00Z,2.55,2.55,2.55,2.55,0.0
SKYQ,2026-09-24T08:50:00Z,2.5482,2.5482,2.5482,2.5482,146.0
SKYQ,2026-09-24T08:51:00Z,2.5482,2.5482,2.5482,2.5482,0.0
SKYQ,2026-09-24T08:52:00Z,2.5482,2.5482,2.5482,2.5482,0.0
SKYQ,2026-09-24T08:53:00Z,2.5482,2.5482,2.5482,2.5482,0.0
SKYQ,2026-09-24T08:54:00Z,2.5482,2.5482,2.5482,2.5482,0.0
SKYQ,2026-09-24T08:55:00Z,2.54,2.54,2.54,2.54,912.0
SKYQ,2026-09-24T08:56:00Z,2.54,2.54,2.54,2.54,0.0
SKYQ,2026-09-24T08:57:00Z,2.54,2.54,2.54,2.54,0.0
SKYQ,2026-09-24T08:58:00Z,2.54,2.54,2.54,2.54,0.0
SKYQ,2026-09-24T08:59:00Z,2.54,2.54,2.54,2.54,0.0
SKYQ,2026-09-24T09:00:00Z,2.54,2.54,2.54,2.54,0.0
SKYQ,2026-09-24T09:01:00Z,2.54,2.54,2.54,2.54,0.0
SKYQ,2026-09-24T09:02:00Z,2.54,2.54,2.54,2.54,0.0
SKYQ,2026-09-24T09:03:00Z,2.54,2.54,2.54,2.54,0.0
SKYQ,2026-09-24T09:04:00Z,2.54,2.54,2.54,2.54,0.0
SKYQ,2026-09-24T09:05:00Z,2.54,2.54,2.54,2.54,0.0
SKYQ,2026-09-24T09:06:00Z,2.54,2.54,2.54,2.54,0.0
SKYQ,2026-09-24T09:07:00Z,2.54,2.54,2.54,2.54,0.0
SKYQ,2026-09-24T09:08:00Z,2.54,2.54,2.54,2.54,0.0
SKYQ,2026-09-24T09:09:00Z,2.54,2.54,2.54,2.54,0.0
SKYQ,2026-09-24T09:10:00Z,2.54,2.54,2.54,2.54,0.0
SKYQ,2026-09-24T09:11:00Z,2.54,2.54,2.54,2.54,0.0
SKYQ,2026-09-24T09:12:00Z,2.54,2.54,2.54,2.54,0.0
SKYQ,2026-09-24T09:13:00Z,2.54,2.54,2.54,2.54,0.0
SKYQ,2026-09-24T09:14:00Z,2.54,2.54,2.54,2.54,0.0
SKYQ,2026-09-24T09:15:00Z,2.54,2.54,2.54,2.54,0.0
SKYQ,2026-09-24T09:16:00Z,2.54,2.54,2.54,2.54,0.0
SKYQ,2026-09-24T09:17:00Z,2.54,2.54,2.54,2.54,0.0
SKYQ,2026-09-24T09:18:00Z,2.54,2.54,2.54,2.54,0.0
SKYQ,2026-09-24T09:19:00Z,2.54,2.54,2.54,2.54,0.0
SKYQ,2026-09-24T09:20:00Z,2.54,2.54,2.54,2.54,0.0
SKYQ,2026-09-24T09:21:00Z,2.54,2.54,2.54,2.54,0.0
SKYQ,2026-09-24T09:22:00Z,2.54,2.54,2.54,2.54,0.0
SKYQ,2026-09-24T09:23:00Z,2.54,2.54,2.54,2.54,0.0
SKYQ,2026-09-24T09:24:00Z,2.54,2.54,2.54,2.54,0.0
SKYQ,2026-09-24T09:25:00Z,2.54,2.54,2.54,2.54,0.0
SKYQ,2026-09-24T09:26:00Z,2.54,2.54,2.54,2.54,0.0
SKYQ,2026-09-24T09:27:00Z,2.54,2.54,2.54,2.54,0.0
SKYQ,2026-09-24T09:28:00Z,2.54,2.54,2.54,2.54,0.0
SKYQ,2026-09-24T09:29:00Z,2.54,2.54,2.54,2.54,0.0
SKYQ,2026-09-24T09:30:00Z,2.54,2.54,2.54,2.54,0.0
SKYQ,2026-09-24T09:31:00Z,2.54,2.54,2.54,2.54,0.0
SKYQ,2026-09-24T09:32:00Z,2.54,2.54,2.54,2.54,0.0
SKYQ,2026-09-24T09:33:00Z,2.54,2.54,2.54,2.54,0.0
SKYQ,2026-09-24T09:34:00Z,2.54,2.54,2.54,2.54,0.0
SKYQ,2026-09-24T09:35:00Z,2.54,2.54,2.54,2.54,0.0
SKYQ,2026-09-24T09:36:00Z,2.54,2.54,2.54,2.54,0.0
SKYQ,2026-09-24T09:37:00Z,2.54,2.54,2.54,2.54,0.0
SKYQ,2026-09-24T09:38:00Z,2.54,2.54,2.54,2.54,0.0
SKYQ,2026-09-24T09:39:00Z,2.54,2.54,2.54,2.54,0.0
SKYQ,2026-09-24T09:40:00Z,2.54,2.54,2.54,2.54,0.0
SKYQ,2026-09-24T09:41:00Z,2.54,2.54,2.54,2.54,0.0
SKYQ,2026-09-24T09:42:00Z,2.54,2.54,2.54,2.54,0.0
SKYQ,2026-09-24T09:43:00Z,2.54,2.54,2.54,2.54,0.0
SKYQ,2026-09-24T09:44:00Z,2.54,2.54,2.54,2.54,0.0
SKYQ,2026-09-24T09:45:00Z,2.54,2.54,2.54,2.54,0.0
SKYQ,2026-09-24T09:46:00Z,2.54,2.54,2.54,2.54,0.0
SKYQ,2026-09-24T09:47:00Z,2.54,2.54,2.54,2.54,0.0
SKYQ,2026-09-24T09:48:00Z,2.54,2.54,2.54,2.54,0.0
SKYQ,2026-09-24T09:49:00Z,2.52,2.52,2.52,2.52,677.0
SKYQ,2026-09-24T09:50:00Z,2.52,2.52,2.52,2.52,0.0
SKYQ,2026-09-24T09:51:00Z,2.52,2.52,2.52,2.52,0.0
SKYQ,2026-09-24T09:52:00Z,2.54,2.54,2.54,2.54,200.0
SKYQ,2026-09-24T09:53:00Z,2.54,2.54,2.54,2.54,0.0
SKYQ,2026-09-24T09:54:00Z,2.54,2.54,2.54,2.54,0.0
SKYQ,2026-09-24T09:55:00Z,2.54,2.54,2.54,2.54,0.0
SKYQ,2026-09-24T09:56:00Z,2.54,2.54,2.54,2.54,0.0
SKYQ,2026-09-24T09:57:00Z,2.54,2.54,2.54,2.54,0.0
SKYQ,2026-09-24T09:58:00Z,2.54,2.54,2.54,2.54,0.0
SKYQ,2026-09-24T09:59:00Z,2.54,2.54,2.54,2.54,0.0
SKYQ,2026-09-24T10:00:00Z,2.54,2.54,2.54,2.54,0.0
SKYQ,2026-09-24T10:01:00Z,2.54,2.54,2.54,2.54,0.0
SKYQ,2026-09-24T10:02:00Z,2.54,2.54,2.54,2.54,0.0
SKYQ,2026-09-24T10:03:00Z,2.54,2.54,2.54,2.54,0.0
SKYQ,2026-09-24T10:04:00Z,2.54,2.54,2.54,2.54,0.0
SKYQ,2026-09-24T10:05:00Z,2.54,2.54,2.54,2.54,0.0
SKYQ,2026-09-24T10:06:00Z,2.54,2.54,2.54,2.54,0.0
SKYQ,2026-09-24T10:07:00Z,2.54,2.54,2.54,2.54,0.0
SKYQ,2026-09-24T10:08:00Z,2.54,2.54,2.54,2.54,0.0
SKYQ,2026-09-24T10:09:00Z,2.54,2.54,2.54,2.54,0.0
SKYQ,2026-09-24T10:10:00Z,2.54,2.54,2.54,2.54,0.0
SKYQ,2026-09-24T10:11:00Z,2.54,2.54,2.54,2.54,0.0
SKYQ,2026-09-24T10:12:00Z,2.54,2.54,2.54,2.54,0.0
SKYQ,2026-09-24T10:13:00Z,2.54,2.54,2.54,2.54,0.0
SKYQ,2026-09-24T10:14:00Z,2.54,2.54,2.54,2.54,0.0
SKYQ,2026-09-24T10:15:00Z,2.54,2.54,2.54,2.54,0.0
SKYQ,2026-09-24T10:16:00Z,2.54,2.54,2.54,2.54,0.0
SKYQ,2026-09-24T10:17:00Z,2.54,2.54,2.54,2.54,0.0
SKYQ,2026-09-24T10:18:00Z,2.54,2.54,2.54,2.54,0.0
SKYQ,2026-09-24T10:19:00Z,2.54,2.54,2.54,2.54,0.0
SKYQ,2026-09-24T10:20:00Z,2.54,2.54,2.54,2.54,0.0
SKYQ,2026-09-24T10:21:00Z,2.54,2.54,2.54,2.54,0.0
SKYQ,2026-09-24T10:22:00Z,2.54,2.54,2.54,2.54,0.0
SKYQ,2026-09-24T10:23:00Z,2.54,2.54,2.54,2.54,0.0
SKYQ,2026-09-24T10:24:00Z,2.54,2.54,2.54,2.54,0.0
SKYQ,2026-09-24T10:25:00Z,2.54,2.54,2.54,2.54,0.0
SKYQ,2026-09-24T10:26:00Z,2.54,2.54,2.54,2.54,0.0
SKYQ,2026-09-24T10:27:00Z,2.54,2.54,2.54,2.54,0.0
SKYQ,2026-09-24T10:28:00Z,2.54,2.54,2.54,2.54,0.0
SKYQ,2026-09-24T10:29:00Z,2.54,2.54,2.54,2.54,0.0
SKYQ,2026-09-24T10:30:00Z,2.54,2.54,2.54,2.54,0.0
SKYQ,2026-09-24T10:31:00Z,2.54,2.54,2.54,2.54,0.0
SKYQ,2026-09-24T10:32:00Z,2.54,2.54,2.54,2.54,0.0
SKYQ,2026-09-24T10:33:00Z,2.54,2.54,2.54,2.54,1997.0
SKYQ,2026-09-24T10:34:00Z,2.54,2.54,2.54,2.54,0.0
SKYQ,2026-09-24T10:35:00Z,2.54,2.54,2.54,2.54,0.0
SKYQ,2026-09-24T10:36:00Z,2.54,2.54,2.54,2.54,0.0
SKYQ,2026-09-24T10:37:00Z,2.54,2.54,2.54,2.54,0.0
SKYQ,2026-09-24T10:38:00Z,2.54,2.54,2.54,2.54,312.0
SKYQ,2026-09-24T10:39:00Z,2.54,2.54,2.54,2.54,0.0
SKYQ,2026-09-24T10:40:00Z,2.54,2.54,2.54,2.54,0.0
SKYQ,2026-09-24T10:41:00Z,2.54,2.54,2.54,2.54,0.0
SKYQ,2026-09-24T10:42:00Z,2.54,2.54,2.54,2.54,0.0
SKYQ,2026-09-24T10:43:00Z,2.54,2.54,2.54,2.54,0.0
SKYQ,2026-09-24T10:44:00Z,2.54,2.54,2.54,2.54,0.0
SKYQ,2026-09-24T10:45:00Z,2.54,2.54,2.54,2.54,0.0
SKYQ,2026-09-24T10:46:00Z,2.54,2.54,2.54,2.54,0.0
SKYQ,2026-09-24T10:47:00Z,2.54,2.54,2.54,2.54,0.0
SKYQ,2026-09-24T10:48:00Z,2.54,2.54,2.54,2.54,0.0
SKYQ,2026-09-24T10:49:00Z,2.54,2.54,2.54,2.54,0.0
SKYQ,2026-09-24T10:50:00Z,2.54,2.54,2.54,2.54,0.0
SKYQ,2026-09-24T10:51:00Z,2.54,2.54,2.54,2.54,0.0
SKYQ,2026-09-24T10:52:00Z,2.54,2.54,2.54,2.54,0.0
SKYQ,2026-09-24T10:53:00Z,2.54,2.54,2.54,2.54,0.0
SKYQ,2026-09-24T10:54:00Z,2.54,2.54,2.54,2.54,0.0
SKYQ,2026-09-24T10:55:00Z,2.54,2.54,2.54,2.54,0.0
SKYQ,2026-09-24T10:56:00Z,2.54,2.54,2.54,2.54,0.0
SKYQ,2026-09-24T10:57:00Z,2.54,2.54,2.54,2.54,0.0
SKYQ,2026-09-24T10:58:00Z,2.54,2.54,2.54,2.54,0.0
SKYQ,2026-09-24T10:59:00Z,2.54,2.54,2.54,2.54,0.0
SKYQ,2026-09-24T11:00:00Z,2.54,2.54,2.54,2.54,0.0
SKYQ,2026-09-24T11:01:00Z,2.55,2.55,2.53,2.53,10962.0
SKYQ,2026-09-24T11:02:00Z,2.53,2.53,2.53,2.53,0.0
SKYQ,2026-09-24T11:03:00Z,2.53,2.53,2.53,2.53,0.0
SKYQ,2026-09-24T11:04:00Z,2.53,2.53,2.53,2.53,0.0
SKYQ,2026-09-24T11:05:00Z,2.53,2.53,2.53,2.53,0.0
SKYQ,2026-09-24T11:06:00Z,2.53,2.53,2.53,2.53,0.0
SKYQ,2026-09-24T11:07:00Z,2.53,2.53,2.53,2.53,0.0
SKYQ,2026-09-24T11:08:00Z,2.53,2.53,2.53,2.53,0.0
SKYQ,2026-09-24T11:09:00Z,2.53,2.53,2.53,2.53,0.0
SKYQ,2026-09-24T11:10:00Z,2.6,2.6,2.57,2.57,3854.0
SKYQ,2026-09-24T11:11:00Z,2.57,2.57,2.57,2.57,0.0
SKYQ,2026-09-24T11:12:00Z,2.57,2.57,2.57,2.57,0.0
SKYQ,2026-09-24T11:13:00Z,2.57,2.57,2.57,2.57,0.0
SKYQ,2026-09-24T11:14:00Z,2.57,2.57,2.57,2.57,0.0
SKYQ,2026-09-24T11:15:00Z,2.57,2.57,2.57,2.57,0.0
SKYQ,2026-09-24T11:16:00Z,2.57,2.57,2.57,2.57,0.0
SKYQ,2026-09-24T11:17:00Z,2.57,2.57,2.57,2.57,0.0
SKYQ,2026-09-24T11:18:00Z,2.57,2.57,2.57,2.57,0.0
SKYQ,2026-09-24T11:19:00Z,2.57,2.57,2.57,2.57,0.0
SKYQ,2026-09-24T11:20:00Z,2.57,2.57,2.57,2.57,0.0
SKYQ,2026-09-24T11:21:00Z,2.57,2.57,2.57,2.57,0.0
SKYQ,2026-09-24T11:22:00Z,2.59,2.59,2.58,2.58,400.0
SKYQ,2026-09-24T11:23:00Z,2.59,2.59,2.59,2.59,450.0
SKYQ,2026-09-24T11:24:00Z,2.59,2.59,2.59,2.59,0.0
SKYQ,2026-09-24T11:25:00Z,2.59,2.59,2.59,2.59,0.0
SKYQ,2026-09-24T11:26:00Z,2.54,2.55,2.54,2.54,3350.0
SKYQ,2026-09-24T11:27:00Z,2.54,2.54,2.54,2.54,0.0
SKYQ,2026-09-24T11:28:00Z,2.54,2.54,2.54,2.54,0.0
SKYQ,2026-09-24T11:29:00Z,2.54,2.54,2.54,2.54,0.0
SKYQ,2026-09-24T11:30:00Z,2.54,2.54,2.54,2.54,0.0
SKYQ,2026-09-24T11:31:00Z,2.54,2.54,2.54,2.54,0.0
SKYQ,2026-09-24T11:32:00Z,2.54,2.54,2.54,2.54,0.0
SKYQ,2026-09-24T11:33:00Z,2.54,2.54,2.54,2.54,0.0
SKYQ,2026-09-24T11:34:00Z,2.54,2.54,2.54,2.54,0.0
SKYQ,2026-09-24T11:35:00Z,2.54,2.54,2.54,2.54,0.0
SKYQ,2026-09-24T11:36:00Z,2.54,2.54,2.54,2.54,0.0
SKYQ,2026-09-24T11:37:00Z,2.56,2.5601,2.56,2.5601,516.0
SKYQ,2026-09-24T11:38:00Z,2.5601,2.5601,2.5601,2.5601,0.0
SKYQ,2026-09-24T11:39:00Z,2.5601,2.5601,2.5601,2.5601,0.0
SKYQ,2026-09-24T11:40:00Z,2.5601,2.5601,2.5601,2.5601,0.0
SKYQ,2026-09-24T11:41:00Z,2.5601,2.5601,2.5601,2.5601,0.0
SKYQ,2026-09-24T11:42:00Z,2.5601,2.5601,2.5601,2.5601,0.0
SKYQ,2026-09-24T11:43:00Z,2.5601,2.5601,2.5601,2.5601,0.0
SKYQ,2026-09-24T11:44:00Z,2.5854,2.6,2.58,2.59,13746.0
SKYQ,2026-09-24T11:45:00Z,2.615,2.92,2.615,2.76,142659.0
SKYQ,2026-09-24T11:46:00Z,2.75,2.8,2.67,2.76,127667.0
SKYQ,2026-09-24T11:47:00Z,2.752,2.752,2.6332,2.67,77560.0
SKYQ,2026-09-24T11:48:00Z,2.67,2.8,2.65,2.7715,46233.0
SKYQ,2026-09-24T11:49:00Z,2.79,3.0,2.7546,2.8831,302528.0
SKYQ,2026-09-24T11:50:00Z,2.89,3.06,2.8,2.9603,502286.0
SKYQ,2026-09-24T11:51:00Z,2.99,3.1,2.95,3.0966,518608.0
SKYQ,2026-09-24T11:52:00Z,3.1,3.15,2.91,2.9222,381629.0
SKYQ,2026-09-24T11:53:00Z,2.9208,2.96,2.75,2.8795,443651.0
SKYQ,2026-09-24T11:54:00Z,2.88,3.0699,2.86,3.0085,369309.0
SKYQ,2026-09-24T11:55:00Z,3.0085,3.08,2.91,3.05,319072.0
SKYQ,2026-09-24T11:56:00Z,3.04,3.06,2.79,2.85,401253.0
SKYQ,2026-09-24T11:57:00Z,2.85,2.92,2.82,2.8339,191331.0
SKYQ,2026-09-24T11:58:00Z,2.8445,2.9,2.8,2.84,104746.0
SKYQ,2026-09-24T11:59:00Z,2.8452,2.87,2.71,2.7606,189404.0
SKYQ,2026-09-24T12:00:00Z,2.7715,2.92,2.77,2.9123,120134.0
SKYQ,2026-09-24T12:01:00Z,2.919,2.99,2.85,2.93,208601.0
SKYQ,2026-09-24T12:02:00Z,2.9205,3.02,2.9,2.925,211854.0
SKYQ,2026-09-24T12:03:00Z,2.9103,2.99,2.86,2.9669,154038.0
SKYQ,2026-09-24T12:04:00Z,2.9605,2.9821,2.88,2.8908,72902.0
SKYQ,2026-09-24T12:05:00Z,2.8905,2.91,2.83,2.86,109763.0
SKYQ,2026-09-24T12:06:00Z,2.86,2.88,2.84,2.86,36117.0
SKYQ,2026-09-24T12:07:00Z,2.85,2.8569,2.76,2.8127,153913.0
SKYQ,2026-09-24T12:08:00Z,2.8,2.85,2.78,2.8495,60832.0
SKYQ,2026-09-24T12:09:00Z,2.85,2.87,2.81,2.83,43072.0
SKYQ,2026-09-24T12:10:00Z,2.82,2.83,2.75,2.78,77665.0
SKYQ,2026-09-24T12:11:00Z,2.77,2.8254,2.77,2.815,26429.0
SKYQ,2026-09-24T12:12:00Z,2.8046,2.8254,2.8,2.81,16178.0
SKYQ,2026-09-24T12:13:00Z,2.8,2.87,2.79,2.79,72403.0
SKYQ,2026-09-24T12:14:00Z,2.8,2.8069,2.75,2.7951,33086.0
SKYQ,2026-09-24T12:15:00Z,2.79,2.834,2.78,2.8115,16767.0
SKYQ,2026-09-24T12:16:00Z,2.8188,2.85,2.8,2.83,19241.0
SKYQ,2026-09-24T12:17:00Z,2.84,2.86,2.83,2.8415,20771.0
SKYQ,2026-09-24T12:18:00Z,2.85,2.86,2.82,2.84,27312.0
SKYQ,2026-09-24T12:19:00Z,2.8256,2.88,2.82,2.86,30794.0
SKYQ,2026-09-24T12:20:00Z,2.87,2.8792,2.8203,2.8792,36091.0
SKYQ,2026-09-24T12:21:00Z,2.88,2.88,2.85,2.85,22338.0
SKYQ,2026-09-24T12:22:00Z,2.85,2.88,2.83,2.88,16135.0
SKYQ,2026-09-24T12:23:00Z,2.88,3.07,2.86,2.9195,128054.0
SKYQ,2026-09-24T12:24:00Z,2.91,2.96,2.9054,2.92,77803.0
SKYQ,2026-09-24T12:25:00Z,2.92,2.92,2.86,2.88,51797.0
SKYQ,2026-09-24T12:26:00Z,2.89,2.92,2.88,2.8931,42608.0
SKYQ,2026-09-24T12:27:00Z,2.89,2.9,2.84,2.84,50475.0
SKYQ,2026-09-24T12:28:00Z,2.85,2.87,2.8426,2.87,13288.0
SKYQ,2026-09-24T12:29:00Z,2.86,2.89,2.86,2.8601,12748.0
SKYQ,2026-09-24T12:30:00Z,2.85,2.86,2.81,2.86,38183.0
SKYQ,2026-09-24T12:31:00Z,2.8505,2.87,2.85,2.8605,4240.0
SKYQ,2026-09-24T12:32:00Z,2.8609,2.9,2.86,2.8999,16708.0
SKYQ,2026-09-24T12:33:00Z,2.9,2.94,2.87,2.91,23988.0
SKYQ,2026-09-24T12:34:00Z,2.919,2.92,2.87,2.87,23451.0
SKYQ,2026-09-24T12:35:00Z,2.88,2.9,2.87,2.88,21292.0
SKYQ,2026-09-24T12:36:00Z,2.88,2.9369,2.88,2.92,38959.0
SKYQ,2026-09-24T12:37:00Z,2.91,2.94,2.9,2.91,26358.0
SKYQ,2026-09-24T12:38:00Z,2.92,2.96,2.91,2.92,61051.0
SKYQ,2026-09-24T12:39:00Z,2.91,2.95,2.9,2.95,48071.0
SKYQ,2026-09-24T12:40:00Z,2.9585,3.02,2.9378,2.95,97569.0
SKYQ,2026-09-24T12:41:00Z,2.9497,2.952,2.93,2.95,17880.0
SKYQ,2026-09-24T12:42:00Z,2.9572,2.97,2.94,2.9569,22735.0
SKYQ,2026-09-24T12:43:00Z,2.9406,2.97,2.94,2.9696,32408.0
SKYQ,2026-09-24T12:44:00Z,2.9605,3.08,2.9605,3.07,162244.0
SKYQ,2026-09-24T12:45:00Z,3.08,3.32,3.04,3.3,312736.0
SKYQ,2026-09-24T12:46:00Z,3.3028,3.36,3.18,3.2,565707.0
SKYQ,2026-09-24T12:47:00Z,3.22,3.25,3.16,3.23,261621.0
SKYQ,2026-09-24T12:48:00Z,3.229,3.28,3.12,3.1603,323964.0
SKYQ,2026-09-24T12:49:00Z,3.16,3.2199,3.14,3.188,138335.0
SKYQ,2026-09-24T12:50:00Z,3.18,3.19,3.14,3.1785,76193.0
SKYQ,2026-09-24T12:51:00Z,3.17,3.21,3.14,3.19,112246.0
SKYQ,2026-09-24T12:52:00Z,3.18,3.18,3.05,3.08,158458.0
SKYQ,2026-09-24T12:53:00Z,3.08,3.09,3.0431,3.088,98579.0
SKYQ,2026-09-24T12:54:00Z,3.0888,3.1,3.05,3.07,50883.0
SKYQ,2026-09-24T12:55:00Z,3.071,3.1599,3.05,3.1195,61397.0
SKYQ,2026-09-24T12:56:00Z,3.11,3.18,3.1,3.1485,48594.0
SKYQ,2026-09-24T12:57:00Z,3.1487,3.15,3.1,3.1003,36305.0
SKYQ,2026-09-24T12:58:00Z,3.1085,3.14,3.1,3.1249,50733.0
SKYQ,2026-09-24T12:59:00Z,3.12,3.16,3.11,3.131,45679.0
SKYQ,2026-09-24T13:00:00Z,3.145,3.16,2.96,2.96,139693.0
SKYQ,2026-09-24T13:01:00Z,2.96,3.0,2.94,2.98,76553.0
SKYQ,2026-09-24T13:02:00Z,2.99,3.03,2.99,3.01,38818.0
SKYQ,2026-09-24T13:03:00Z,3.01,3.04,2.9931,3.022,32865.0
SKYQ,2026-09-24T13:04:00Z,3.0207,3.0395,3.01,3.01,16657.0
SKYQ,2026-09-24T13:05:00Z,3.02,3.0837,3.01,3.06,21904.0
SKYQ,2026-09-24T13:06:00Z,3.05,3.07,3.05,3.06,17450.0
SKYQ,2026-09-24T13:07:00Z,3.06,3.13,3.06,3.1,46140.0
SKYQ,2026-09-24T13:08:00Z,3.07,3.1,3.06,3.1,48589.0
SKYQ,2026-09-24T13:09:00Z,3.11,3.12,3.07,3.09,32788.0
SKYQ,2026-09-24T13:10:00Z,3.1,3.12,3.0588,3.0862,32550.0
SKYQ,2026-09-24T13:11:00Z,3.09,3.1,3.07,3.09,31973.0
SKYQ,2026-09-24T13:12:00Z,3.0951,3.16,3.0803,3.1501,67690.0
SKYQ,2026-09-24T13:13:00Z,3.1431,3.17,3.12,3.13,63104.0
SKYQ,2026-09-24T13:14:00Z,3.12,3.1395,3.09,3.09,33595.0
SKYQ,2026-09-24T13:15:00Z,3.09,3.0905,3.06,3.0695,29551.0
SKYQ,2026-09-24T13:16:00Z,3.08,3.1,3.07,3.072,16127.0
SKYQ,2026-09-24T13:17:00Z,3.0706,3.1001,3.06,3.1001,22677.0
SKYQ,2026-09-24T13:18:00Z,3.1076,3.11,3.08,3.1,16500.0
SKYQ,2026-09-24T13:19:00Z,3.1002,3.11,3.06,3.11,14933.0
SKYQ,2026-09-24T13:20:00Z,3.078,3.11,3.075,3.0905,11275.0
SKYQ,2026-09-24T13:21:00Z,3.0995,3.1,3.08,3.08,8620.0
SKYQ,2026-09-24T13:22:00Z,3.09,3.14,3.09,3.1205,30038.0
SKYQ,2026-09-24T13:23:00Z,3.1291,3.15,3.12,3.13,17352.0
SKYQ,2026-09-24T13:24:00Z,3.12,3.14,3.1,3.1388,41596.0
SKYQ,2026-09-24T13:25:00Z,3.14,3.15,3.09,3.0919,43682.0
SKYQ,2026-09-24T13:26:00Z,3.1081,3.15,3.1,3.1294,12256.0
SKYQ,2026-09-24T13:27:00Z,3.12,3.15,3.12,3.1428,15917.0
SKYQ,2026-09-24T13:28:00Z,3.13,3.14,3.11,3.11,21473.0
SKYQ,2026-09-24T13:29:00Z,3.12,3.12,3.07,3.08,27986.0
SKYQ,2026-09-24T13:30:00Z,3.07,3.1,2.89,3.01,233589.0
SKYQ,2026-09-24T13:31:00Z,3.005,3.03,2.97,2.9807,99946.0
SKYQ,2026-09-24T13:32:00Z,2.985,3.0199,2.9601,2.9912,92206.0
SKYQ,2026-09-24T13:33:00Z,2.985,2.985,2.81,2.8406,196544.0
SKYQ,2026-09-24T13:34:00Z,2.8491,2.85,2.79,2.8108,96704.0
SKYQ,2026-09-24T13:35:00Z,2.815,2.865,2.7601,2.79,144786.0
SKYQ,2026-09-24T13:36:00Z,2.78,2.78,2.69,2.7495,253539.0
SKYQ,2026-09-24T13:37:00Z,2.75,2.76,2.71,2.74,137626.0
SKYQ,2026-09-24T13:38:00Z,2.735,2.765,2.72,2.73,64821.0
SKYQ,2026-09-24T13:39:00Z,2.73,2.74,2.71,2.715,76478.0
SKYQ,2026-09-24T13:40:00Z,2.715,2.7298,2.68,2.7,115579.0
SKYQ,2026-09-24T13:41:00Z,2.6989,2.72,2.69,2.6908,44092.0
SKYQ,2026-09-24T13:42:00Z,2.6999,2.705,2.69,2.7,28963.0
SKYQ,2026-09-24T13:43:00Z,2.7007,2.71,2.69,2.705,30439.0
SKYQ,2026-09-24T13:44:00Z,2.705,2.73,2.68,2.69,101267.0
SKYQ,2026-09-24T13:45:00Z,2.69,2.745,2.68,2.735,57317.0
SKYQ,2026-09-24T13:46:00Z,2.7397,2.74,2.72,2.74,38394.0
SKYQ,2026-09-24T13:47:00Z,2.73,2.765,2.725,2.7523,58952.0
SKYQ,2026-09-24T13:48:00Z,2.7675,2.77,2.75,2.7607,43205.0
SKYQ,2026-09-24T13:49:00Z,2.76,2.76,2.7338,2.735,60509.0
SKYQ,2026-09-24T13:50:00Z,2.74,2.75,2.71,2.7496,74496.0
SKYQ,2026-09-24T13:51:00Z,2.745,2.75,2.72,2.7304,41163.0
SKYQ,2026-09-24T13:52:00Z,2.735,2.735,2.715,2.7206,16307.0
SKYQ,2026-09-24T13:53:00Z,2.725,2.73,2.7,2.705,25569.0
SKYQ,2026-09-24T13:54:00Z,2.705,2.73,2.7,2.73,23993.0
SKYQ,2026-09-24T13:55:00Z,2.73,2.78,2.73,2.7799,47748.0
SKYQ,2026-09-24T13:56:00Z,2.775,2.79,2.75,2.7559,55719.0
SKYQ,2026-09-24T13:57:00Z,2.76,2.79,2.7507,2.775,31617.0
SKYQ,2026-09-24T13:58:00Z,2.775,2.8,2.775,2.79,58351.0
SKYQ,2026-09-24T13:59:00Z,2.79,2.79,2.765,2.78,49402.0
SKYQ,2026-09-24T14:00:00Z,2.775,2.79,2.7709,2.7893,12511.0
SKYQ,2026-09-24T14:01:00Z,2.79,2.825,2.76,2.8178,67709.0
SKYQ,2026-09-24T14:02:00Z,2.8101,2.85,2.81,2.825,73485.0
SKYQ,2026-09-24T14:03:00Z,2.8299,2.855,2.8205,2.8375,50318.0
SKYQ,2026-09-24T14:04:00Z,2.84,2.87,2.83,2.8588,107171.0
SKYQ,2026-09-24T14:05:00Z,2.851,2.86,2.84,2.845,54991.0
SKYQ,2026-09-24T14:06:00Z,2.845,2.89,2.84,2.865,61675.0
SKYQ,2026-09-24T14:07:00Z,2.87,2.88,2.85,2.8645,59896.0
SKYQ,2026-09-24T14:08:00Z,2.865,2.89,2.86,2.8812,52886.0
SKYQ,2026-09-24T14:09:00Z,2.8897,2.91,2.87,2.8997,60741.0
SKYQ,2026-09-24T14:10:00Z,2.895,2.9,2.85,2.855,67307.0
SKYQ,2026-09-24T14:11:00Z,2.8589,2.8802,2.8589,2.875,42948.0
SKYQ,2026-09-24T14:12:00Z,2.8793,2.9099,2.87,2.905,20376.0
SKYQ,2026-09-24T14:13:00Z,2.905,2.91,2.895,2.905,50824.0
SKYQ,2026-09-24T14:14:00Z,2.905,2.96,2.9025,2.9491,100600.0
SKYQ,2026-09-24T14:15:00Z,2.9495,2.95,2.925,2.945,43330.0
SKYQ,2026-09-24T14:16:00Z,2.9407,2.98,2.92,2.9303,89275.0
SKYQ,2026-09-24T14:17:00Z,2.939,2.95,2.91,2.935,49466.0
SKYQ,2026-09-24T14:18:00Z,2.939,2.939,2.89,2.895,70069.0
SKYQ,2026-09-24T14:19:00Z,2.891,2.9,2.87,2.8801,51696.0
SKYQ,2026-09-24T14:20:00Z,2.8888,2.9,2.88,2.89,16897.0
SKYQ,2026-09-24T14:21:00Z,2.8832,2.9,2.875,2.895,38864.0
SKYQ,2026-09-24T14:22:00Z,2.9,2.97,2.89,2.945,64559.0
SKYQ,2026-09-24T14:23:00Z,2.96,2.96,2.915,2.915,20519.0
SKYQ,2026-09-24T14:24:00Z,2.9101,2.93,2.9101,2.925,15376.0
SKYQ,2026-09-24T14:25:00Z,2.925,2.93,2.92,2.92,9175.0
SKYQ,2026-09-24T14:26:00Z,2.9207,2.9207,2.91,2.9135,12009.0
SKYQ,2026-09-24T14:27:00Z,2.9,2.905,2.89,2.9,15223.0
SKYQ,2026-09-24T14:28:00Z,2.9,2.91,2.88,2.885,15753.0
SKYQ,2026-09-24T14:29:00Z,2.88,2.885,2.83,2.83,120595.0
SKYQ,2026-09-24T14:30:00Z,2.8308,2.87,2.83,2.87,30925.0
SKYQ,2026-09-24T14:31:00Z,2.8788,2.8788,2.86,2.865,8111.0
SKYQ,2026-09-24T14:32:00Z,2.865,2.92,2.8512,2.92,29366.0
SKYQ,2026-09-24T14:33:00Z,2.91,2.9499,2.9047,2.915,56144.0
SKYQ,2026-09-24T14:34:00Z,2.915,2.93,2.9001,2.9112,17444.0
SKYQ,2026-09-24T14:35:00Z,2.9112,2.93,2.9025,2.93,7239.0
SKYQ,2026-09-24T14:36:00Z,2.93,2.93,2.9,2.905,18111.0
SKYQ,2026-09-24T14:37:00Z,2.905,2.91,2.89,2.8907,13226.0
SKYQ,2026-09-24T14:38:00Z,2.895,2.92,2.895,2.915,15925.0
SKYQ,2026-09-24T14:39:00Z,2.915,2.94,2.915,2.939,21020.0
SKYQ,2026-09-24T14:40:00Z,2.939,2.94,2.93,2.935,13447.0
SKYQ,2026-09-24T14:41:00Z,2.935,2.96,2.935,2.9538,31843.0
SKYQ,2026-09-24T14:42:00Z,2.96,2.96,2.9308,2.936,21671.0
SKYQ,2026-09-24T14:43:00Z,2.94,2.96,2.93,2.9494,24916.0
SKYQ,2026-09-24T14:44:00Z,2.945,2.98,2.945,2.965,38702.0
SKYQ,2026-09-24T14:45:00Z,2.9601,2.98,2.96,2.9799,26696.0
SKYQ,2026-09-24T14:46:00Z,2.9798,3.03,2.97,3.03,130019.0
SKYQ,2026-09-24T14:47:00Z,3.029,3.05,3.025,3.035,124413.0
SKYQ,2026-09-24T14:48:00Z,3.035,3.0388,2.98,2.9951,81234.0
SKYQ,2026-09-24T14:49:00Z,2.9901,3.03,2.99,3.0167,60685.0
SKYQ,2026-09-24T14:50:00Z,3.015,3.02,2.97,3.02,60311.0
SKYQ,2026-09-24T14:51:00Z,3.0101,3.03,3.005,3.021,48452.0
SKYQ,2026-09-24T14:52:00Z,3.025,3.0293,3.01,3.02,21341.0
SKYQ,2026-09-24T14:53:00Z,3.03,3.03,2.97,2.985,68328.0
SKYQ,2026-09-24T14:54:00Z,2.99,3.0,2.97,2.9816,28164.0
SKYQ,2026-09-24T14:55:00Z,2.98,3.0,2.98,2.995,22832.0
SKYQ,2026-09-24T14:56:00Z,2.99,3.02,2.99,2.995,26371.0
SKYQ,2026-09-24T14:57:00Z,2.991,2.9999,2.9801,2.9908,22078.0
SKYQ,2026-09-24T14:58:00Z,2.9912,3.01,2.99,3.0001,44229.0
SKYQ,2026-09-24T14:59:00Z,3.0001,3.0093,2.99,3.0,16406.0
SKYQ,2026-09-24T15:00:00Z,3.0,3.01,2.99,2.992,14083.0
SKYQ,2026-09-24T15:01:00Z,2.99,2.9988,2.98,2.99,29970.0
SKYQ,2026-09-24T15:02:00Z,2.99,3.04,2.99,3.035,30989.0
SKYQ,2026-09-24T15:03:00Z,3.04,3.04,3.01,3.015,53058.0
SKYQ,2026-09-24T15:04:00Z,3.0107,3.02,3.0,3.015,20555.0
SKYQ,2026-09-24T15:05:00Z,3.015,3.03,3.01,3.03,24583.0
SKYQ,2026-09-24T15:06:00Z,3.035,3.04,3.0206,3.025,13965.0
SKYQ,2026-09-24T15:07:00Z,3.025,3.0359,3.02,3.03,46774.0
SKYQ,2026-09-24T15:08:00Z,3.0212,3.025,3.0,3.0012,24068.0
SKYQ,2026-09-24T15:09:00Z,3.0,3.01,2.9907,3.01,10085.0
SKYQ,2026-09-24T15:10:00Z,3.005,3.01,2.97,3.0,31732.0
SKYQ,2026-09-24T15:11:00Z,3.0,3.01,2.99,2.995,23809.0
SKYQ,2026-09-24T15:12:00Z,2.995,3.005,2.9901,3.0045,12303.0
SKYQ,2026-09-24T15:13:00Z,3.0,3.0199,3.0,3.015,10981.0
SKYQ,2026-09-24T15:14:00Z,3.02,3.03,3.0002,3.01,14814.0
SKYQ,2026-09-24T15:15:00Z,3.005,3.03,3.005,3.025,33958.0
SKYQ,2026-09-24T15:16:00Z,3.0207,3.025,3.0,3.01,30633.0
SKYQ,2026-09-24T15:17:00Z,3.005,3.03,3.0001,3.0239,10599.0
SKYQ,2026-09-24T15:18:00Z,3.0239,3.025,3.01,3.015,9949.0
SKYQ,2026-09-24T15:19:00Z,3.015,3.0362,3.0102,3.0293,9530.0
SKYQ,2026-09-24T15:20:00Z,3.02,3.02,3.0,3.005,9896.0
SKYQ,2026-09-24T15:21:00Z,3.005,3.02,3.0009,3.0173,11430.0
SKYQ,2026-09-24T15:22:00Z,3.0112,3.03,3.0112,3.03,23113.0
SKYQ,2026-09-24T15:23:00Z,3.02,3.03,3.01,3.01,15098.0
SKYQ,2026-09-24T15:24:00Z,3.02,3.02,3.01,3.0199,7471.0
SKYQ,2026-09-24T15:25:00Z,3.015,3.04,3.015,3.035,46427.0
SKYQ,2026-09-24T15:26:00Z,3.035,3.07,3.03,3.065,148797.0
SKYQ,2026-09-24T15:27:00Z,3.065,3.07,3.05,3.0544,106239.0
SKYQ,2026-09-24T15:28:00Z,3.055,3.09,3.05,3.0801,101501.0
SKYQ,2026-09-24T15:29:00Z,3.085,3.19,3.085,3.155,330685.0
SKYQ,2026-09-24T15:30:00Z,3.1594,3.2,3.1201,3.1499,298162.0
SKYQ,2026-09-24T15:31:00Z,3.1493,3.15,3.13,3.1395,44108.0
SPHL,2026-09-24T08:00:00Z,3.11,6.27,2.95,6.27,13863.0
SPHL,2026-09-24T08:01:00Z,5.56,5.62,4.01,4.2,92060.0
SPHL,2026-09-24T08:02:00Z,4.1519,4.27,3.92,4.07,100701.0
SPHL,2026-09-24T08:03:00Z,4.06,4.18,3.75,3.8479,68122.0
SPHL,2026-09-24T08:04:00Z,3.8523,3.8523,3.45,3.49,71909.0
SPHL,2026-09-24T08:05:00Z,3.495,3.5776,3.31,3.3502,48355.0
SPHL,2026-09-24T08:06:00Z,3.3656,3.6,3.1212,3.42,53840.0
SPHL,2026-09-24T08:07:00Z,3.43,3.49,3.0,3.0,59661.0
SPHL,2026-09-24T08:08:00Z,2.99,3.0,2.76,2.96,90710.0
SPHL,2026-09-24T08:09:00Z,2.95,3.1,2.8208,2.95,35250.0
SPHL,2026-09-24T08:10:00Z,2.87,3.04,2.85,2.93,28647.0
SPHL,2026-09-24T08:11:00Z,2.9856,3.43,2.93,3.31,68025.0
SPHL,2026-09-24T08:12:00Z,3.27,3.2799,3.0944,3.17,57060.0
SPHL,2026-09-24T08:13:00Z,3.17,3.1798,2.71,2.8767,64168.0
SPHL,2026-09-24T08:14:00Z,2.9077,2.91,2.71,2.87,29602.0
SPHL,2026-09-24T08:15:00Z,2.86,2.96,2.78,2.96,20328.0
SPHL,2026-09-24T08:16:00Z,2.9397,3.3,2.93,3.3,62696.0
SPHL,2026-09-24T08:17:00Z,3.3199,3.8,3.2,3.65,218921.0
SPHL,2026-09-24T08:18:00Z,3.6847,3.7,3.5,3.61,113563.0
SPHL,2026-09-24T08:19:00Z,3.59,3.88,3.44,3.7764,162298.0
SPHL,2026-09-24T08:20:00Z,3.74,3.7733,3.4,3.5145,141510.0
SPHL,2026-09-24T08:21:00Z,3.5167,3.57,3.45,3.5665,38154.0
SPHL,2026-09-24T08:22:00Z,3.5666,3.57,3.24,3.24,95504.0
SPHL,2026-09-24T08:23:00Z,3.2483,3.27,3.0821,3.18,70982.0
SPHL,2026-09-24T08:24:00Z,3.18,3.2691,3.11,3.14,36530.0
SPHL,2026-09-24T08:25:00Z,3.1983,3.2347,3.04,3.12,43270.0
SPHL,2026-09-24T08:26:00Z,3.12,3.1527,3.04,3.15,25931.0
SPHL,2026-09-24T08:27:00Z,3.1171,3.1551,2.97,3.03,38899.0
SPHL,2026-09-24T08:28:00Z,3.03,3.08,2.85,2.91,51742.0
SPHL,2026-09-24T08:29:00Z,2.91,3.0256,2.87,2.9794,24422.0
SPHL,2026-09-24T08:30:00Z,2.96,2.9692,2.82,2.85,36805.0
SPHL,2026-09-24T08:31:00Z,2.8485,2.92,2.82,2.87,16123.0
SPHL,2026-09-24T08:32:00Z,2.88,2.92,2.8653,2.87,11475.0
SPHL,2026-09-24T08:33:00Z,2.8676,2.93,2.8676,2.92,7589.0
SPHL,2026-09-24T08:34:00Z,2.94,3.18,2.92,3.08,72392.0
SPHL,2026-09-24T08:35:00Z,3.0984,3.31,3.06,3.24,92686.0
SPHL,2026-09-24T08:36:00Z,3.26,3.49,3.19,3.37,110057.0
SPHL,2026-09-24T08:37:00Z,3.335,3.38,3.12,3.2247,68880.0
SPHL,2026-09-24T08:38:00Z,3.2286,3.26,3.13,3.1491,40429.0
SPHL,2026-09-24T08:39:00Z,3.1316,3.23,3.06,3.1037,35824.0
SPHL,2026-09-24T08:40:00Z,3.14,3.14,2.96,3.0317,31637.0
SPHL,2026-09-24T08:41:00Z,3.03,3.05,2.9121,2.9545,27686.0
SPHL,2026-09-24T08:42:00Z,2.98,3.04,2.92,2.9539,32400.0
SPHL,2026-09-24T08:43:00Z,2.94,3.02,2.94,3.005,15094.0
SPHL,2026-09-24T08:44:00Z,3.01,3.02,2.85,2.93,30112.0
SPHL,2026-09-24T08:45:00Z,2.94,2.9932,2.89,2.9,11054.0
SPHL,2026-09-24T08:46:00Z,2.89,3.02,2.89,3.02,8577.0
SPHL,2026-09-24T08:47:00Z,3.02,3.2754,3.02,3.22,66771.0
SPHL,2026-09-24T08:48:00Z,3.19,3.31,3.1703,3.25,63340.0
SPHL,2026-09-24T08:49:00Z,3.2695,3.34,3.2249,3.2743,44000.0
SPHL,2026-09-24T08:50:00Z,3.2741,3.33,3.21,3.21,33550.0
SPHL,2026-09-24T08:51:00Z,3.21,3.23,3.1,3.2,36085.0
SPHL,2026-09-24T08:52:00Z,3.16,3.1941,3.1,3.12,18366.0
SPHL,2026-09-24T08:53:00Z,3.12,3.2627,3.1,3.2612,30454.0
SPHL,2026-09-24T08:54:00Z,3.2639,3.48,3.24,3.41,115252.0
SPHL,2026-09-24T08:55:00Z,3.41,3.47,3.245,3.3033,71588.0
SPHL,2026-09-24T08:56:00Z,3.31,3.3258,3.21,3.21,31678.0
SPHL,2026-09-24T08:57:00Z,3.22,3.29,3.1701,3.2,29561.0
SPHL,2026-09-24T08:58:00Z,3.2,3.27,3.16,3.26,25062.0
SPHL,2026-09-24T08:59:00Z,3.25,3.34,3.25,3.2709,24110.0
SPHL,2026-09-24T09:00:00Z,3.28,3.3,3.17,3.23,21709.0
SPHL,2026-09-24T09:01:00Z,3.2099,3.2099,3.1,3.12,29438.0
SPHL,2026-09-24T09:02:00Z,3.11,3.12,2.96,2.98,44435.0
SPHL,2026-09-24T09:03:00Z,3.0,3.09,2.98,3.06,12622.0
SPHL,2026-09-24T09:04:00Z,3.07,3.16,3.0574,3.1,18657.0
SPHL,2026-09-24T09:05:00Z,3.1,3.1242,3.07,3.1,10948.0
SPHL,2026-09-24T09:06:00Z,3.11,3.1875,3.11,3.18,6575.0
SPHL,2026-09-24T09:07:00Z,3.17,3.27,3.17,3.1835,21077.0
SPHL,2026-09-24T09:08:00Z,3.1809,3.4,3.1809,3.3822,45456.0
SPHL,2026-09-24T09:09:00Z,3.4,3.72,3.3747,3.67,169162.0
SPHL,2026-09-24T09:10:00Z,3.6784,3.9,3.6,3.6858,246377.0
SPHL,2026-09-24T09:11:00Z,3.66,3.75,3.53,3.58,122864.0
SPHL,2026-09-24T09:12:00Z,3.6,3.68,3.3,3.35,148898.0
SPHL,2026-09-24T09:13:00Z,3.3514,3.4294,3.27,3.3,70901.0
SPHL,2026-09-24T09:14:00Z,3.33,3.41,3.31,3.3989,31511.0
SPHL,2026-09-24T09:15:00Z,3.3807,3.3985,3.3,3.38,34996.0
SPHL,2026-09-24T09:16:00Z,3.4,3.4999,3.37,3.4403,50132.0
SPHL,2026-09-24T09:17:00Z,3.46,3.6899,3.4408,3.6,110329.0
SPHL,2026-09-24T09:18:00Z,3.6009,3.6172,3.4588,3.52,58858.0
SPHL,2026-09-24T09:19:00Z,3.53,3.59,3.5,3.52,47953.0
SPHL,2026-09-24T09:20:00Z,3.53,3.59,3.44,3.4895,35274.0
SPHL,2026-09-24T09:21:00Z,3.48,3.48,3.36,3.39,51687.0
SPHL,2026-09-24T09:22:00Z,3.39,3.55,3.38,3.41,42981.0
SPHL,2026-09-24T09:23:00Z,3.4,3.41,3.28,3.35,47404.0
SPHL,2026-09-24T09:24:00Z,3.35,3.47,3.31,3.44,25727.0
SPHL,2026-09-24T09:25:00Z,3.4454,3.4454,3.3,3.31,31119.0
SPHL,2026-09-24T09:26:00Z,3.3002,3.39,3.29,3.3505,25367.0
SPHL,2026-09-24T09:27:00Z,3.3656,3.47,3.3581,3.4296,26857.0
SPHL,2026-09-24T09:28:00Z,3.4,3.4,3.33,3.34,17215.0
SPHL,2026-09-24T09:29:00Z,3.33,3.35,3.29,3.29,25022.0
SPHL,2026-09-24T09:30:00Z,3.3,3.36,3.29,3.31,17678.0
SPHL,2026-09-24T09:31:00Z,3.3,3.45,3.29,3.37,23057.0
SPHL,2026-09-24T09:32:00Z,3.3863,3.3863,3.31,3.35,9323.0
SPHL,2026-09-24T09:33:00Z,3.36,3.37,3.32,3.33,5163.0
SPHL,2026-09-24T09:34:00Z,3.3249,3.3917,3.3,3.39,11237.0
SPHL,2026-09-24T09:35:00Z,3.38,3.38,3.33,3.34,7969.0
SPHL,2026-09-24T09:36:00Z,3.334,3.38,3.3,3.35,9266.0
SPHL,2026-09-24T09:37:00Z,3.3586,3.37,3.3,3.3,10992.0
SPHL,2026-09-24T09:38:00Z,3.3,3.33,3.25,3.25,20980.0
SPHL,2026-09-24T09:39:00Z,3.25,3.2528,3.06,3.11,78132.0
SPHL,2026-09-24T09:40:00Z,3.1148,3.2,3.08,3.16,28510.0
SPHL,2026-09-24T09:41:00Z,3.17,3.2199,3.15,3.1635,31070.0
SPHL,2026-09-24T09:42:00Z,3.16,3.1708,3.13,3.15,11820.0
SPHL,2026-09-24T09:43:00Z,3.15,3.16,3.1,3.15,11476.0
SPHL,2026-09-24T09:44:00Z,3.15,3.24,3.15,3.19,12081.0
SPHL,2026-09-24T09:45:00Z,3.19,3.1983,3.18,3.1827,4543.0
SPHL,2026-09-24T09:46:00Z,3.2,3.24,3.2,3.21,7683.0
SPHL,2026-09-24T09:47:00Z,3.2003,3.28,3.2003,3.2693,4022.0
SPHL,2026-09-24T09:48:00Z,3.25,3.2803,3.22,3.28,13802.0
SPHL,2026-09-24T09:49:00Z,3.25,3.2728,3.2203,3.2475,12484.0
SPHL,2026-09-24T09:50:00Z,3.2486,3.2486,3.15,3.18,22661.0
SPHL,2026-09-24T09:51:00Z,3.19,3.2,3.17,3.1792,5772.0
SPHL,2026-09-24T09:52:00Z,3.1701,3.1813,3.17,3.18,2992.0
SPHL,2026-09-24T09:53:00Z,3.18,3.18,3.12,3.1424,11809.0
SPHL,2026-09-24T09:54:00Z,3.18,3.18,3.13,3.17,7167.0
SPHL,2026-09-24T09:55:00Z,3.15,3.16,3.12,3.12,7112.0
SPHL,2026-09-24T09:56:00Z,3.13,3.18,3.1206,3.17,9192.0
SPHL,2026-09-24T09:57:00Z,3.159,3.159,3.0807,3.1,10475.0
SPHL,2026-09-24T09:58:00Z,3.09,3.15,3.0811,3.12,12336.0
SPHL,2026-09-24T09:59:00Z,3.156,3.156,3.1,3.1024,5047.0
SPHL,2026-09-24T10:00:00Z,3.1,3.14,3.09,3.11,12918.0
SPHL,2026-09-24T10:01:00Z,3.1235,3.1467,3.11,3.11,2793.0
SPHL,2026-09-24T10:02:00Z,3.11,3.15,3.11,3.1497,9223.0
SPHL,2026-09-24T10:03:00Z,3.12,3.1453,3.11,3.1453,4154.0
SPHL,2026-09-24T10:04:00Z,3.1459,3.1484,3.12,3.14,2504.0
SPHL,2026-09-24T10:05:00Z,3.12,3.12,3.08,3.09,9413.0
SPHL,2026-09-24T10:06:00Z,3.09,3.12,3.07,3.12,8747.0
SPHL,2026-09-24T10:07:00Z,3.13,3.14,3.1,3.11,7026.0
SPHL,2026-09-24T10:08:00Z,3.1296,3.18,3.12,3.15,8070.0
SPHL,2026-09-24T10:09:00Z,3.16,3.19,3.07,3.07,11279.0
SPHL,2026-09-24T10:10:00Z,3.06,3.08,3.04,3.06,29971.0
SPHL,2026-09-24T10:11:00Z,3.06,3.07,3.04,3.07,20723.0
SPHL,2026-09-24T10:12:00Z,3.06,3.08,2.95,2.97,35111.0
SPHL,2026-09-24T10:13:00Z,2.9797,3.0,2.8802,2.95,53835.0
SPHL,2026-09-24T10:14:00Z,2.96,3.03,2.96,3.01,25339.0
SPHL,2026-09-24T10:15:00Z,3.0181,3.0693,3.0132,3.03,6358.0
SPHL,2026-09-24T10:16:00Z,3.0313,3.0897,3.0313,3.07,8540.0
SPHL,2026-09-24T10:17:00Z,3.076,3.08,3.06,3.07,7483.0
SPHL,2026-09-24T10:18:00Z,3.07,3.0792,3.02,3.02,14911.0
SPHL,2026-09-24T10:19:00Z,3.03,3.05,3.02,3.0415,3319.0
SPHL,2026-09-24T10:20:00Z,3.06,3.08,3.06,3.06,8930.0
SPHL,2026-09-24T10:21:00Z,3.0695,3.0695,3.0,3.02,19438.0
SPHL,2026-09-24T10:22:00Z,3.0115,3.0732,2.99,2.99,4297.0
SPHL,2026-09-24T10:23:00Z,2.9915,3.04,2.9915,3.02,5637.0
SPHL,2026-09-24T10:24:00Z,3.02,3.09,3.02,3.09,7219.0
SPHL,2026-09-24T10:25:00Z,3.0958,3.11,3.0772,3.1,17146.0
SPHL,2026-09-24T10:26:00Z,3.09,3.09,3.05,3.05,3761.0
SPHL,2026-09-24T10:27:00Z,3.06,3.07,3.06,3.07,1311.0
SPHL,2026-09-24T10:28:00Z,3.08,3.08,3.03,3.03,12098.0
SPHL,2026-09-24T10:29:00Z,3.03,3.0514,2.95,3.04,11352.0
SPHL,2026-09-24T10:30:00Z,3.0549,3.0549,3.0092,3.04,1884.0
SPHL,2026-09-24T10:31:00Z,3.03,3.0449,3.0102,3.04,2314.0
SPHL,2026-09-24T10:32:00Z,3.03,3.03,2.97,2.97,6435.0
SPHL,2026-09-24T10:33:00Z,2.97,3.0,2.97,2.98,3408.0
SPHL,2026-09-24T10:34:00Z,2.98,3.0347,2.98,2.99,3383.0
SPHL,2026-09-24T10:35:00Z,3.0,3.0174,3.0,3.0174,6527.0
SPHL,2026-09-24T10:36:00Z,3.0,3.0,2.96,2.99,13897.0
SPHL,2026-09-24T10:37:00Z,3.0,3.01,2.9833,3.0,4555.0
SPHL,2026-09-24T10:38:00Z,3.0,3.01,2.9842,2.9842,2407.0
SPHL,2026-09-24T10:39:00Z,2.99,2.9944,2.98,2.9944,4142.0
SPHL,2026-09-24T10:40:00Z,2.98,2.99,2.95,2.99,4387.0
SPHL,2026-09-24T10:41:00Z,2.9707,3.02,2.9707,3.0,8899.0
SPHL,2026-09-24T10:42:00Z,3.0,3.01,2.98,3.0001,5213.0
SPHL,2026-09-24T10:43:00Z,3.02,3.0217,3.01,3.0217,2861.0
SPHL,2026-09-24T10:44:00Z,3.0237,3.0237,3.0,3.0,5114.0
SPHL,2026-09-24T10:45:00Z,3.02,3.1,3.02,3.1,17349.0
SPHL,2026-09-24T10:46:00Z,3.1,3.27,3.1,3.19,96858.0
SPHL,2026-09-24T10:47:00Z,3.18,3.19,3.11,3.11,31234.0
SPHL,2026-09-24T10:48:00Z,3.1288,3.15,3.0528,3.1,22272.0
SPHL,2026-09-24T10:49:00Z,3.1,3.1,3.06,3.09,9749.0
SPHL,2026-09-24T10:50:00Z,3.08,3.2,3.07,3.19,21052.0
SPHL,2026-09-24T10:51:00Z,3.19,3.2107,3.1083,3.1162,18644.0
SPHL,2026-09-24T10:52:00Z,3.12,3.1564,3.11,3.13,8054.0
SPHL,2026-09-24T10:53:00Z,3.15,3.184,3.14,3.17,4275.0
SPHL,2026-09-24T10:54:00Z,3.1711,3.25,3.15,3.21,29094.0
SPHL,2026-09-24T10:55:00Z,3.2158,3.27,3.1518,3.1518,41427.0
SPHL,2026-09-24T10:56:00Z,3.2,3.2,3.16,3.19,9438.0
SPHL,2026-09-24T10:57:00Z,3.19,3.1953,3.15,3.16,12192.0
SPHL,2026-09-24T10:58:00Z,3.1688,3.1688,3.16,3.16,1270.0
SPHL,2026-09-24T10:59:00Z,3.17,3.2,3.12,3.12,10443.0
SPHL,2026-09-24T11:00:00Z,3.13,3.13,3.06,3.09,27099.0
SPHL,2026-09-24T11:01:00Z,3.06,3.08,2.96,2.99,48793.0
SPHL,2026-09-24T11:02:00Z,3.0,3.0758,3.0,3.04,8273.0
SPHL,2026-09-24T11:03:00Z,3.01,3.05,2.96,2.96,11761.0
SPHL,2026-09-24T11:04:00Z,2.99,3.046,2.99,3.03,7626.0
SPHL,2026-09-24T11:05:00Z,3.04,3.04,2.96,2.97,23993.0
SPHL,2026-09-24T11:06:00Z,2.96,3.03,2.92,2.97,19604.0
SPHL,2026-09-24T11:07:00Z,2.97,2.99,2.9567,2.9567,5109.0
SPHL,2026-09-24T11:08:00Z,2.99,3.03,2.9683,3.02,4136.0
SPHL,2026-09-24T11:09:00Z,3.01,3.02,2.97,2.99,5602.0
SPHL,2026-09-24T11:10:00Z,2.9998,2.9998,2.96,2.96,8324.0
SPHL,2026-09-24T11:11:00Z,2.97,3.0,2.95,3.0,4663.0
SPHL,2026-09-24T11:12:00Z,3.01,3.054,3.0,3.04,14918.0
SPHL,2026-09-24T11:13:00Z,3.04,3.0632,3.0,3.06,7476.0
SPHL,2026-09-24T11:14:00Z,3.05,3.05,3.0199,3.0199,9340.0
SPHL,2026-09-24T11:15:00Z,3.0199,3.08,3.0199,3.08,11171.0
SPHL,2026-09-24T11:16:00Z,3.08,3.08,3.05,3.05,2575.0
SPHL,2026-09-24T11:17:00Z,3.05,3.05,2.9755,2.98,12858.0
SPHL,2026-09-24T11:18:00Z,2.99,3.0,2.95,2.97,10262.0
SPHL,2026-09-24T11:19:00Z,2.97,2.9879,2.95,2.96,3470.0
SPHL,2026-09-24T11:20:00Z,2.96,2.97,2.95,2.95,4719.0
SPHL,2026-09-24T11:21:00Z,2.95,2.9515,2.9,2.93,14048.0
SPHL,2026-09-24T11:22:00Z,2.93,2.94,2.89,2.9,17663.0
SPHL,2026-09-24T11:23:00Z,2.91,3.0116,2.91,2.9963,11891.0
SPHL,2026-09-24T11:24:00Z,2.9963,3.0735,2.97,3.0507,11917.0
SPHL,2026-09-24T11:25:00Z,3.04,3.04,3.0,3.01,11210.0
SPHL,2026-09-24T11:26:00Z,3.01,3.0144,2.99,3.0118,6072.0
SPHL,2026-09-24T11:27:00Z,3.0118,3.0118,2.97,2.9771,5453.0
SPHL,2026-09-24T11:28:00Z,2.9781,2.98,2.97,2.98,1572.0
SPHL,2026-09-24T11:29:00Z,2.97,2.9829,2.95,2.95,6838.0
SPHL,2026-09-24T11:30:00Z,2.95,2.99,2.95,2.98,2261.0
SPHL,2026-09-24T11:31:00Z,2.97,3.0,2.96,2.97,4158.0
SPHL,2026-09-24T11:32:00Z,2.95,2.97,2.95,2.96,3744.0
SPHL,2026-09-24T11:33:00Z,2.95,2.9501,2.93,2.93,9115.0
SPHL,2026-09-24T11:34:00Z,2.91,2.93,2.9,2.91,12339.0
SPHL,2026-09-24T11:35:00Z,2.9106,2.92,2.91,2.92,2578.0
SPHL,2026-09-24T11:36:00Z,2.92,2.92,2.81,2.82,23264.0
SPHL,2026-09-24T11:37:00Z,2.82,2.86,2.8,2.81,13626.0
SPHL,2026-09-24T11:38:00Z,2.8014,2.8599,2.79,2.81,46991.0
SPHL,2026-09-24T11:39:00Z,2.81,2.82,2.8,2.8,6469.0
SPHL,2026-09-24T11:40:00Z,2.8,2.83,2.8,2.81,23266.0
SPHL,2026-09-24T11:41:00Z,2.8,2.81,2.75,2.78,17078.0
SPHL,2026-09-24T11:42:00Z,2.77,2.93,2.77,2.84,10737.0
SPHL,2026-09-24T11:43:00Z,2.81,2.85,2.81,2.85,5016.0
SPHL,2026-09-24T11:44:00Z,2.84,2.9,2.82,2.8381,12826.0
SPHL,2026-09-24T11:45:00Z,2.8392,2.85,2.8301,2.85,1182.0
SPHL,2026-09-24T11:46:00Z,2.84,2.87,2.84,2.8626,3077.0
SPHL,2026-09-24T11:47:00Z,2.8626,2.8683,2.83,2.861,5552.0
SPHL,2026-09-24T11:48:00Z,2.861,2.87,2.85,2.85,2712.0
SPHL,2026-09-24T11:49:00Z,2.86,2.86,2.84,2.8406,2351.0
SPHL,2026-09-24T11:50:00Z,2.8406,2.87,2.8406,2.85,2755.0
SPHL,2026-09-24T11:51:00Z,2.85,2.8601,2.85,2.86,1424.0
SPHL,2026-09-24T11:52:00Z,2.86,2.87,2.84,2.8458,5083.0
SPHL,2026-09-24T11:53:00Z,2.83,2.83,2.76,2.78,9820.0
SPHL,2026-09-24T11:54:00Z,2.7847,2.8,2.65,2.66,28237.0
SPHL,2026-09-24T11:55:00Z,2.65,2.74,2.61,2.72,35644.0
SPHL,2026-09-24T11:56:00Z,2.69,2.7106,2.65,2.66,9315.0
SPHL,2026-09-24T11:57:00Z,2.67,2.6961,2.65,2.69,8354.0
SPHL,2026-09-24T11:58:00Z,2.69,2.7499,2.69,2.71,5863.0
SPHL,2026-09-24T11:59:00Z,2.74,2.81,2.73,2.78,8881.0
SPHL,2026-09-24T12:00:00Z,2.78,2.82,2.76,2.7936,13707.0
SPHL,2026-09-24T12:01:00Z,2.79,2.79,2.78,2.79,2217.0
SPHL,2026-09-24T12:02:00Z,2.79,2.85,2.79,2.8025,6235.0
SPHL,2026-09-24T12:03:00Z,2.8025,2.8105,2.787,2.7955,2460.0
SPHL,2026-09-24T12:04:00Z,2.81,2.81,2.76,2.76,3985.0
SPHL,2026-09-24T12:05:00Z,2.76,2.76,2.76,2.76,1606.0
SPHL,2026-09-24T12:06:00Z,2.76,2.7603,2.7,2.7,5936.0
SPHL,2026-09-24T12:07:00Z,2.7199,2.7497,2.69,2.7,18351.0
SPHL,2026-09-24T12:08:00Z,2.7138,2.7138,2.63,2.68,7443.0
SPHL,2026-09-24T12:09:00Z,2.696,2.7,2.67,2.67,3082.0
SPHL,2026-09-24T12:10:00Z,2.67,2.7,2.67,2.7,1735.0
SPHL,2026-09-24T12:11:00Z,2.7,2.73,2.7,2.7009,1256.0
SPHL,2026-09-24T12:12:00Z,2.7009,2.8,2.7009,2.8,3577.0
SPHL,2026-09-24T12:13:00Z,2.8,2.83,2.76,2.76,5283.0
SPHL,2026-09-24T12:14:00Z,2.76,2.78,2.75,2.76,4065.0
SPHL,2026-09-24T12:15:00Z,2.77,2.82,2.77,2.8,2586.0
SPHL,2026-09-24T12:16:00Z,2.8,2.8111,2.78,2.8111,5015.0
SPHL,2026-09-24T12:17:00Z,2.78,2.8,2.78,2.7801,973.0
SPHL,2026-09-24T12:18:00Z,2.78,2.8,2.75,2.75,4515.0
SPHL,2026-09-24T12:19:00Z,2.7825,2.8031,2.78,2.7806,4705.0
SPHL,2026-09-24T12:20:00Z,2.79,2.8,2.79,2.8,1300.0
SPHL,2026-09-24T12:21:00Z,2.8,2.8008,2.79,2.8,3135.0
SPHL,2026-09-24T12:22:00Z,2.81,2.81,2.8,2.81,3309.0
SPHL,2026-09-24T12:23:00Z,2.81,2.81,2.78,2.78,2423.0
SPHL,2026-09-24T12:24:00Z,2.78,2.78,2.76,2.76,967.0
SPHL,2026-09-24T12:25:00Z,2.76,2.76,2.6908,2.7057,3337.0
SPHL,2026-09-24T12:26:00Z,2.724,2.74,2.69,2.7,11526.0
SPHL,2026-09-24T12:27:00Z,2.7084,2.75,2.7084,2.71,9200.0
SPHL,2026-09-24T12:28:00Z,2.71,2.71,2.65,2.66,3429.0
SPHL,2026-09-24T12:29:00Z,2.6639,2.69,2.66,2.69,3119.0
SPHL,2026-09-24T12:30:00Z,2.71,2.73,2.7,2.7,9055.0
SPHL,2026-09-24T12:31:00Z,2.7,2.73,2.68,2.68,1438.0
SPHL,2026-09-24T12:32:00Z,2.69,2.69,2.65,2.67,2996.0
SPHL,2026-09-24T12:33:00Z,2.67,2.73,2.67,2.73,490.0
SPHL,2026-09-24T12:34:00Z,2.73,2.73,2.7031,2.71,690.0
SPHL,2026-09-24T12:35:00Z,2.71,2.72,2.71,2.72,5412.0
SPHL,2026-09-24T12:36:00Z,2.72,2.74,2.72,2.7336,3615.0
SPHL,2026-09-24T12:37:00Z,2.7336,2.7354,2.71,2.7354,1379.0
SPHL,2026-09-24T12:38:00Z,2.7354,2.7354,2.69,2.69,5810.0
SPHL,2026-09-24T12:39:00Z,2.68,2.7,2.68,2.68,1000.0
SPHL,2026-09-24T12:40:00Z,2.69,2.6997,2.64,2.65,5262.0
SPHL,2026-09-24T12:41:00Z,2.65,2.66,2.62,2.62,8569.0
SPHL,2026-09-24T12:42:00Z,2.62,2.6664,2.62,2.64,2555.0
SPHL,2026-09-24T12:43:00Z,2.64,2.64,2.55,2.56,9245.0
SPHL,2026-09-24T12:44:00Z,2.56,2.6018,2.5502,2.59,9842.0
SPHL,2026-09-24T12:45:00Z,2.5996,2.62,2.59,2.59,7015.0
SPHL,2026-09-24T12:46:00Z,2.59,2.59,2.57,2.5755,3274.0
SPHL,2026-09-24T12:47:00Z,2.6,2.63,2.58,2.62,9930.0
SPHL,2026-09-24T12:48:00Z,2.62,2.64,2.61,2.61,1000.0
SPHL,2026-09-24T12:49:00Z,2.62,2.63,2.6,2.6,1808.0
SPHL,2026-09-24T12:50:00Z,2.6,2.61,2.59,2.59,910.0
SPHL,2026-09-24T12:51:00Z,2.59,2.59,2.57,2.57,2058.0
SPHL,2026-09-24T12:52:00Z,2.57,2.58,2.56,2.58,4049.0
SPHL,2026-09-24T12:53:00Z,2.57,2.58,2.57,2.57,4209.0
SPHL,2026-09-24T12:54:00Z,2.57,2.57,2.56,2.56,2415.0
SPHL,2026-09-24T12:55:00Z,2.5692,2.6,2.5692,2.6,2607.0
SPHL,2026-09-24T12:56:00Z,2.6,2.66,2.6,2.65,4039.0
SPHL,2026-09-24T12:57:00Z,2.65,2.7,2.65,2.6871,6281.0
SPHL,2026-09-24T12:58:00Z,2.65,2.7123,2.65,2.7,6686.0
SPHL,2026-09-24T12:59:00Z,2.72,2.72,2.68,2.71,4717.0
SPHL,2026-09-24T13:00:00Z,2.7127,2.74,2.68,2.74,4143.0
SPHL,2026-09-24T13:01:00Z,2.74,2.74,2.73,2.73,2616.0
SPHL,2026-09-24T13:02:00Z,2.73,2.75,2.7233,2.73,6310.0
SPHL,2026-09-24T13:03:00Z,2.75,2.79,2.75,2.7692,8317.0
SPHL,2026-09-24T13:04:00Z,2.7685,2.77,2.7,2.74,3180.0
SPHL,2026-09-24T13:05:00Z,2.73,2.76,2.7259,2.76,4673.0
SPHL,2026-09-24T13:06:00Z,2.79,2.8,2.76,2.79,5451.0
SPHL,2026-09-24T13:07:00Z,2.78,2.8,2.77,2.8,4205.0
SPHL,2026-09-24T13:08:00Z,2.8,2.82,2.79,2.8,5584.0
SPHL,2026-09-24T13:09:00Z,2.8,2.8189,2.78,2.78,7735.0
SPHL,2026-09-24T13:10:00Z,2.7521,2.76,2.72,2.752,2471.0
SPHL,2026-09-24T13:11:00Z,2.752,2.78,2.752,2.77,3815.0
SPHL,2026-09-24T13:12:00Z,2.77,2.77,2.7602,2.77,1481.0
SPHL,2026-09-24T13:13:00Z,2.78,2.8496,2.77,2.83,7255.0
SPHL,2026-09-24T13:14:00Z,2.83,2.87,2.82,2.87,6695.0
SPHL,2026-09-24T13:15:00Z,2.87,2.87,2.8359,2.87,11480.0
SPHL,2026-09-24T13:16:00Z,2.87,2.89,2.83,2.83,10210.0
SPHL,2026-09-24T13:17:00Z,2.82,2.8397,2.81,2.81,3352.0
SPHL,2026-09-24T13:18:00Z,2.8197,2.89,2.8197,2.88,8407.0
SPHL,2026-09-24T13:19:00Z,2.88,2.92,2.85,2.88,11535.0
SPHL,2026-09-24T13:20:00Z,2.86,2.99,2.86,2.9776,32327.0
SPHL,2026-09-24T13:21:00Z,2.9697,2.99,2.9,2.9391,12572.0
SPHL,2026-09-24T13:22:00Z,2.93,2.9542,2.9216,2.95,7219.0
SPHL,2026-09-24T13:23:00Z,2.94,2.94,2.9023,2.91,7902.0
SPHL,2026-09-24T13:24:00Z,2.91,2.91,2.85,2.85,14060.0
SPHL,2026-09-24T13:25:00Z,2.88,2.88,2.83,2.84,5598.0
SPHL,2026-09-24T13:26:00Z,2.83,2.85,2.83,2.83,1914.0
SPHL,2026-09-24T13:27:00Z,2.86,2.9199,2.85,2.88,4630.0
SPHL,2026-09-24T13:28:00Z,2.88,3.08,2.88,3.04,39710.0
SPHL,2026-09-24T13:29:00Z,3.03,3.1,2.91,2.99,24952.0
SPHL,2026-09-24T13:30:00Z,2.98,3.06,2.91,2.9275,37691.0
SPHL,2026-09-24T13:31:00Z,2.9217,3.0,2.91,2.98,26234.0
SPHL,2026-09-24T13:32:00Z,2.94,3.24,2.94,3.22,70409.0
SPHL,2026-09-24T13:33:00Z,3.215,3.6699,3.2,3.5987,431841.0
SPHL,2026-09-24T13:34:00Z,3.59,3.64,3.31,3.34,299794.0
SPHL,2026-09-24T13:35:00Z,3.3519,3.3699,3.03,3.11,212072.0
SPHL,2026-09-24T13:36:00Z,3.09,3.1,2.99,3.06,76433.0
SPHL,2026-09-24T13:37:00Z,3.04,3.0999,2.91,2.94,64197.0
SPHL,2026-09-24T13:38:00Z,2.955,2.9677,2.83,2.8601,99069.0
SPHL,2026-09-24T13:39:00Z,2.86,2.9,2.8536,2.9,25833.0
SPHL,2026-09-24T13:40:00Z,2.9,2.9,2.76,2.7999,83531.0
SPHL,2026-09-24T13:41:00Z,2.8,2.8475,2.8,2.8222,17820.0
SPHL,2026-09-24T13:42:00Z,2.82,2.8201,2.65,2.7,47684.0
SPHL,2026-09-24T13:43:00Z,2.69,2.74,2.69,2.72,33539.0
SPHL,2026-09-24T13:44:00Z,2.71,2.7499,2.67,2.7004,27493.0
SPHL,2026-09-24T13:45:00Z,2.71,2.75,2.6983,2.75,9791.0
SPHL,2026-09-24T13:46:00Z,2.7306,2.7994,2.7306,2.7825,22892.0
SPHL,2026-09-24T13:47:00Z,2.7811,2.7937,2.7601,2.7837,13575.0
SPHL,2026-09-24T13:48:00Z,2.785,2.785,2.73,2.7501,11487.0
SPHL,2026-09-24T13:49:00Z,2.75,2.7877,2.75,2.779,3668.0
SPHL,2026-09-24T13:50:00Z,2.755,2.78,2.731,2.74,8596.0
SPHL,2026-09-24T13:51:00Z,2.75,2.7507,2.72,2.72,15425.0
SPHL,2026-09-24T13:52:00Z,2.71,2.7423,2.7,2.73,7346.0
SPHL,2026-09-24T13:53:00Z,2.745,2.745,2.71,2.73,2774.0
SPHL,2026-09-24T13:54:00Z,2.71,2.71,2.61,2.65,42284.0
SPHL,2026-09-24T13:55:00Z,2.6597,2.6999,2.6505,2.6722,3797.0
SPHL,2026-09-24T13:56:00Z,2.6528,2.68,2.6301,2.67,6285.0
SPHL,2026-09-24T13:57:00Z,2.655,2.66,2.61,2.64,9440.0
SPHL,2026-09-24T13:58:00Z,2.65,2.69,2.6406,2.68,4991.0
SPHL,2026-09-24T13:59:00Z,2.6708,2.68,2.651,2.67,5045.0
SPHL,2026-09-24T14:00:00Z,2.675,2.73,2.67,2.7,17248.0
SPHL,2026-09-24T14:01:00Z,2.68,2.7199,2.67,2.695,6123.0
SPHL,2026-09-24T14:02:00Z,2.695,2.6991,2.64,2.64,4295.0
SPHL,2026-09-24T14:03:00Z,2.69,2.7,2.66,2.6601,2557.0
SPHL,2026-09-24T14:04:00Z,2.6601,2.71,2.6601,2.71,5647.0
SPHL,2026-09-24T14:05:00Z,2.71,2.8999,2.7,2.78,44084.0
SPHL,2026-09-24T14:06:00Z,2.809,2.85,2.78,2.85,19436.0
SPHL,2026-09-24T14:07:00Z,2.81,2.83,2.79,2.79,8552.0
SPHL,2026-09-24T14:08:00Z,2.79,2.92,2.7801,2.9,26721.0
SPHL,2026-09-24T14:09:00Z,2.9,2.95,2.8632,2.875,21142.0
SPHL,2026-09-24T14:10:00Z,2.89,2.95,2.89,2.92,25343.0
SPHL,2026-09-24T14:11:00Z,2.92,2.9215,2.84,2.8401,13964.0
SPHL,2026-09-24T14:12:00Z,2.8422,2.87,2.8422,2.86,2621.0
SPHL,2026-09-24T14:13:00Z,2.855,2.855,2.8001,2.825,6392.0
SPHL,2026-09-24T14:14:00Z,2.825,2.825,2.7901,2.795,3531.0
SPHL,2026-09-24T14:15:00Z,2.795,2.85,2.7902,2.83,10075.0
SPHL,2026-09-24T14:16:00Z,2.83,2.84,2.83,2.8399,600.0
SPHL,2026-09-24T14:17:00Z,2.8399,2.84,2.75,2.75,7777.0
SPHL,2026-09-24T14:18:00Z,2.7585,2.775,2.74,2.75,4557.0
SPHL,2026-09-24T14:19:00Z,2.75,2.8,2.75,2.8,4363.0
SPHL,2026-09-24T14:20:00Z,2.8,2.8,2.8,2.8,124.0
SPHL,2026-09-24T14:21:00Z,2.8,2.8,2.7509,2.76,2339.0
SPHL,2026-09-24T14:22:00Z,2.76,2.76,2.76,2.76,0.0
SPHL,2026-09-24T14:23:00Z,2.76,2.8,2.76,2.7883,960.0
SPHL,2026-09-24T14:24:00Z,2.7883,2.79,2.77,2.7765,4466.0
SPHL,2026-09-24T14:25:00Z,2.79,2.8,2.772,2.7883,2320.0
SPHL,2026-09-24T14:26:00Z,2.7883,2.7883,2.77,2.77,4307.0
SPHL,2026-09-24T14:27:00Z,2.77,2.77,2.77,2.77,600.0
SPHL,2026-09-24T14:28:00Z,2.77,2.7768,2.77,2.7721,843.0
SPHL,2026-09-24T14:29:00Z,2.77,2.8042,2.77,2.8042,2179.0
SPHL,2026-09-24T14:30:00Z,2.8042,2.84,2.8042,2.84,5027.0
SPHL,2026-09-24T14:31:00Z,2.83,2.8499,2.81,2.81,4795.0
SPHL,2026-09-24T14:32:00Z,2.82,2.8299,2.8,2.8,1804.0
SPHL,2026-09-24T14:33:00Z,2.8,2.8,2.77,2.77,8873.0
SPHL,2026-09-24T14:34:00Z,2.77,2.7983,2.7578,2.7983,8338.0
SPHL,2026-09-24T14:35:00Z,2.7983,2.8047,2.77,2.77,1144.0
SPHL,2026-09-24T14:36:00Z,2.77,2.77,2.71,2.76,6669.0
SPHL,2026-09-24T14:37:00Z,2.7599,2.76,2.7209,2.7289,2352.0
SPHL,2026-09-24T14:38:00Z,2.7289,2.7499,2.71,2.725,7340.0
SPHL,2026-09-24T14:39:00Z,2.725,2.74,2.71,2.74,4110.0
SPHL,2026-09-24T14:40:00Z,2.74,2.74,2.725,2.725,439.0
SPHL,2026-09-24T14:41:00Z,2.725,2.725,2.69,2.69,4776.0
SPHL,2026-09-24T14:42:00Z,2.69,2.7082,2.69,2.7,1230.0
SPHL,2026-09-24T14:43:00Z,2.7,2.7,2.7,2.7,1025.0
SPHL,2026-09-24T14:44:00Z,2.7,2.7086,2.69,2.6901,4563.0
SPHL,2026-09-24T14:45:00Z,2.7,2.73,2.7,2.7175,4307.0
SPHL,2026-09-24T14:46:00Z,2.7175,2.74,2.7175,2.74,1007.0
SPHL,2026-09-24T14:47:00Z,2.74,2.74,2.74,2.74,0.0
SRZN,2026-09-24T10:55:00Z,16.83,18.0,16.83,18.0,2573.0
SRZN,2026-09-24T10:56:00Z,18.0,18.0,18.0,18.0,0.0
SRZN,2026-09-24T10:57:00Z,18.0,18.0,18.0,18.0,0.0
SRZN,2026-09-24T10:58:00Z,16.99,17.0,16.98,17.0,1571.0
SRZN,2026-09-24T10:59:00Z,16.99,17.0,16.99,17.0,1900.0
SRZN,2026-09-24T11:00:00Z,17.0,17.0,16.98,16.98,1780.0
SRZN,2026-09-24T11:01:00Z,16.98,16.98,16.98,16.98,0.0
SRZN,2026-09-24T11:02:00Z,16.98,16.98,16.98,16.98,0.0
SRZN,2026-09-24T11:03:00Z,16.98,16.98,16.98,16.98,0.0
SRZN,2026-09-24T11:04:00Z,16.98,16.98,16.98,16.98,0.0
SRZN,2026-09-24T11:05:00Z,16.7,16.75,16.7,16.75,10049.0
SRZN,2026-09-24T11:06:00Z,16.75,16.75,16.75,16.75,0.0
SRZN,2026-09-24T11:07:00Z,16.5,16.5,16.5,16.5,150.0
SRZN,2026-09-24T11:08:00Z,16.5,16.5,16.5,16.5,0.0
SRZN,2026-09-24T11:09:00Z,16.5,16.5,16.5,16.5,0.0
SRZN,2026-09-24T11:10:00Z,16.5,16.5,16.5,16.5,0.0
SRZN,2026-09-24T11:11:00Z,16.99,17.0,16.99,17.0,15393.0
SRZN,2026-09-24T11:12:00Z,17.0,17.0,17.0,17.0,0.0
SRZN,2026-09-24T11:13:00Z,17.0,17.0,17.0,17.0,0.0
SRZN,2026-09-24T11:14:00Z,17.0,17.5,16.5,16.5,5400.0
SRZN,2026-09-24T11:15:00Z,16.5,16.5,16.5,16.5,0.0
SRZN,2026-09-24T11:16:00Z,16.5,16.5,16.5,16.5,0.0
SRZN,2026-09-24T11:17:00Z,16.5,16.5,16.5,16.5,0.0
SRZN,2026-09-24T11:18:00Z,16.5,16.5,16.5,16.5,0.0
SRZN,2026-09-24T11:19:00Z,16.5,20.0,16.5,18.05,1205.0
SRZN,2026-09-24T11:20:00Z,18.05,18.8,17.04,18.8,1714.0
SRZN,2026-09-24T11:21:00Z,18.8,18.8,18.8,18.8,0.0
SRZN,2026-09-24T11:22:00Z,18.8,18.8,18.8,18.8,0.0
SRZN,2026-09-24T11:23:00Z,18.8,18.8,18.8,18.8,0.0
SRZN,2026-09-24T11:24:00Z,18.8,18.8,18.8,18.8,0.0
SRZN,2026-09-24T11:25:00Z,18.8,18.99,18.8,18.99,538.0
SRZN,2026-09-24T11:26:00Z,18.99,19.23,18.99,19.23,400.0
SRZN,2026-09-24T11:27:00Z,19.13,19.2,18.5,18.5,625.0
SRZN,2026-09-24T11:28:00Z,18.05,19.21,18.05,19.07,9196.0
SRZN,2026-09-24T11:29:00Z,19.07,19.07,19.05,19.05,100.0
SRZN,2026-09-24T11:30:00Z,19.05,19.28,19.0,19.0,3364.0
SRZN,2026-09-24T11:31:00Z,19.31,20.21,19.0,20.0,4090.0
SRZN,2026-09-24T11:32:00Z,20.0,20.0,18.59,19.15,1220.0
SRZN,2026-09-24T11:33:00Z,19.15,19.55,18.5,19.55,1712.0
SRZN,2026-09-24T11:34:00Z,19.55,20.0,19.39,19.43,1935.0
SRZN,2026-09-24T11:35:00Z,19.43,19.99,18.5,19.73,1671.0
SRZN,2026-09-24T11:36:00Z,19.73,20.8,19.43,20.8,11567.0
SRZN,2026-09-24T11:37:00Z,20.8,21.5,20.2,21.12,9587.0
SRZN,2026-09-24T11:38:00Z,21.12,22.24,20.3,20.38,17398.0
SRZN,2026-09-24T11:39:00Z,20.25,21.05,19.55,21.05,9833.0
SRZN,2026-09-24T11:40:00Z,21.05,21.05,19.6,19.94,30538.0
SRZN,2026-09-24T11:41:00Z,19.63,20.0,19.6,20.0,9607.0
SRZN,2026-09-24T11:42:00Z,20.42,21.42,20.3,20.94,7457.0
SRZN,2026-09-24T11:43:00Z,20.85,20.85,20.01,20.4,10485.0
SRZN,2026-09-24T11:44:00Z,20.4,20.8,20.4,20.55,771.0
SRZN,2026-09-24T11:45:00Z,20.55,20.7,20.4,20.6,3421.0
SRZN,2026-09-24T11:46:00Z,20.6,20.66,20.43,20.43,653.0
SRZN,2026-09-24T11:47:00Z,20.43,20.6,20.4,20.49,1400.0
SRZN,2026-09-24T11:48:00Z,20.49,20.85,20.42,20.53,8847.0
SRZN,2026-09-24T11:49:00Z,20.53,20.67,20.52,20.55,645.0
SRZN,2026-09-24T11:50:00Z,20.55,20.55,20.5,20.51,425.0
SRZN,2026-09-24T11:51:00Z,20.51,20.85,20.51,20.75,1580.0
SRZN,2026-09-24T11:52:00Z,20.85,20.85,20.07,20.07,12985.0
SRZN,2026-09-24T11:53:00Z,20.07,20.48,20.07,20.48,468.0
SRZN,2026-09-24T11:54:00Z,20.13,20.48,20.11,20.48,1060.0
SRZN,2026-09-24T11:55:00Z,20.44,20.49,20.24,20.48,1957.0
SRZN,2026-09-24T11:56:00Z,20.48,20.48,20.48,20.48,300.0
SRZN,2026-09-24T11:57:00Z,20.48,21.35,20.47,21.3,7439.0
SRZN,2026-09-24T11:58:00Z,21.3,21.35,20.78,21.35,10557.0
SRZN,2026-09-24T11:59:00Z,21.35,21.35,21.05,21.05,690.0
SRZN,2026-09-24T12:00:00Z,21.05,21.25,21.05,21.25,214.0
SRZN,2026-09-24T12:01:00Z,21.25,21.35,21.25,21.25,8052.0
SRZN,2026-09-24T12:02:00Z,21.25,21.3,21.04,21.25,2704.0
SRZN,2026-09-24T12:03:00Z,21.25,21.75,21.25,21.75,12019.0
SRZN,2026-09-24T12:04:00Z,21.75,22.4,21.42,21.5,10941.0
SRZN,2026-09-24T12:05:00Z,21.5,22.3,21.5,22.2,9102.0
SRZN,2026-09-24T12:06:00Z,22.21,22.42,22.15,22.39,14278.0
SRZN,2026-09-24T12:07:00Z,22.32,22.4,22.32,22.4,1300.0
SRZN,2026-09-24T12:08:00Z,22.32,22.5,21.56,22.4,15894.0
SRZN,2026-09-24T12:09:00Z,22.4,22.5,22.23,22.23,28555.0
SRZN,2026-09-24T12:10:00Z,22.23,23.85,22.23,23.19,22891.0
SRZN,2026-09-24T12:11:00Z,23.19,23.5,22.99,22.99,16342.0
SRZN,2026-09-24T12:12:00Z,22.99,23.03,22.5,23.0,20897.0
SRZN,2026-09-24T12:13:00Z,23.0,23.44,23.0,23.2,15115.0
SRZN,2026-09-24T12:14:00Z,23.2,23.22,23.2,23.21,7095.0
SRZN,2026-09-24T12:15:00Z,23.21,23.83,23.1,23.77,15679.0
SRZN,2026-09-24T12:16:00Z,23.83,23.83,23.23,23.48,5149.0
SRZN,2026-09-24T12:17:00Z,23.49,23.53,23.31,23.41,4236.0
SRZN,2026-09-24T12:18:00Z,23.41,23.41,23.2,23.2,5105.0
SRZN,2026-09-24T12:19:00Z,23.23,23.23,22.88,22.96,12562.0
SRZN,2026-09-24T12:20:00Z,23.0,23.6,22.91,23.6,11928.0
SRZN,2026-09-24T12:21:00Z,23.66,23.77,23.6,23.72,3301.0
SRZN,2026-09-24T12:22:00Z,23.74,24.0,23.6,24.0,8646.0
SRZN,2026-09-24T12:23:00Z,24.0,25.46,23.99,25.09,28753.0
SRZN,2026-09-24T12:24:00Z,25.0,25.31,24.26,24.47,22761.0
SRZN,2026-09-24T12:25:00Z,24.51,25.25,24.33,25.13,23967.0
SRZN,2026-09-24T12:26:00Z,25.18,25.38,24.33,25.08,27712.0
SRZN,2026-09-24T12:27:00Z,25.0,27.78,25.0,26.82,38287.0
SRZN,2026-09-24T12:28:00Z,26.51,27.33,26.03,26.89,17367.0
SRZN,2026-09-24T12:29:00Z,26.8,26.97,26.05,26.07,18786.0
SRZN,2026-09-24T12:30:00Z,26.24,26.45,25.95,26.16,23351.0
SRZN,2026-09-24T12:31:00Z,26.16,29.32,26.15,29.15,48947.0
SRZN,2026-09-24T12:32:00Z,29.25,29.89,28.25,29.86,34501.0
SRZN,2026-09-24T12:33:00Z,29.33,29.84,27.25,27.25,30894.0
SRZN,2026-09-24T12:34:00Z,27.04,27.74,25.74,26.35,35418.0
SRZN,2026-09-24T12:35:00Z,26.05,26.43,25.0,26.0,34257.0
SRZN,2026-09-24T12:36:00Z,26.25,26.79,26.0,26.06,19167.0
SRZN,2026-09-24T12:37:00Z,26.25,26.65,26.0,26.65,15117.0
SRZN,2026-09-24T12:38:00Z,26.65,27.75,26.56,27.34,45061.0
SRZN,2026-09-24T12:39:00Z,27.33,27.59,26.82,26.83,13541.0
SRZN,2026-09-24T12:40:00Z,26.89,28.3,26.89,27.45,27074.0
SRZN,2026-09-24T12:41:00Z,27.26,28.5,27.26,27.7,24507.0
SRZN,2026-09-24T12:42:00Z,27.99,28.47,27.7,28.05,21520.0
SRZN,2026-09-24T12:43:00Z,28.23,28.3,27.52,28.15,17730.0
SRZN,2026-09-24T12:44:00Z,28.18,28.48,27.69,28.0,17725.0
SRZN,2026-09-24T12:45:00Z,28.0,28.4,27.76,27.82,11446.0
SRZN,2026-09-24T12:46:00Z,27.88,29.4,27.5,29.33,43925.0
SRZN,2026-09-24T12:47:00Z,29.33,31.0,29.18,31.0,64192.0
SRZN,2026-09-24T12:48:00Z,30.8,30.97,29.5,29.69,35103.0
SRZN,2026-09-24T12:49:00Z,29.76,30.49,28.91,30.06,35147.0
SRZN,2026-09-24T12:50:00Z,30.32,30.39,29.23,29.46,18686.0
SRZN,2026-09-24T12:51:00Z,29.39,29.64,28.65,29.1,21048.0
SRZN,2026-09-24T12:52:00Z,29.1,30.2,29.1,30.15,18100.0
SRZN,2026-09-24T12:53:00Z,30.05,30.05,29.16,29.4,8564.0
SRZN,2026-09-24T12:54:00Z,29.44,30.24,29.34,29.69,16145.0
SRZN,2026-09-24T12:55:00Z,29.66,29.87,28.94,29.3,19348.0
SRZN,2026-09-24T12:56:00Z,29.3,29.3,28.7,28.87,16794.0
SRZN,2026-09-24T12:57:00Z,28.92,29.28,28.76,29.02,15104.0
SRZN,2026-09-24T12:58:00Z,29.08,30.25,29.07,29.84,27881.0
SRZN,2026-09-24T12:59:00Z,29.7,30.37,29.7,29.89,17434.0
SRZN,2026-09-24T13:00:00Z,29.87,29.87,29.22,29.57,12533.0
SRZN,2026-09-24T13:01:00Z,29.45,29.9,29.45,29.89,3310.0
SRZN,2026-09-24T13:02:00Z,29.89,29.92,28.98,29.44,26189.0
SRZN,2026-09-24T13:03:00Z,29.45,29.45,28.94,29.15,21649.0
SRZN,2026-09-24T13:04:00Z,29.44,29.54,28.96,29.54,14218.0
SRZN,2026-09-24T13:05:00Z,29.32,29.32,28.89,29.01,16034.0
SRZN,2026-09-24T13:06:00Z,28.99,29.5,28.8,29.44,24775.0
SRZN,2026-09-24T13:07:00Z,29.35,30.13,29.35,29.94,28659.0
SRZN,2026-09-24T13:08:00Z,29.98,31.05,29.98,30.15,29828.0
SRZN,2026-09-24T13:09:00Z,30.2,30.2,29.56,29.63,17563.0
SRZN,2026-09-24T13:10:00Z,29.63,30.0,29.38,29.99,20633.0
SRZN,2026-09-24T13:11:00Z,30.0,30.23,29.21,29.23,42211.0
SRZN,2026-09-24T13:12:00Z,29.22,29.5,28.91,29.5,9703.0
SRZN,2026-09-24T13:13:00Z,29.42,29.42,28.85,28.97,18505.0
SRZN,2026-09-24T13:14:00Z,28.97,28.97,28.1,28.9,24413.0
SRZN,2026-09-24T13:15:00Z,28.88,29.9,28.84,29.74,17141.0
SRZN,2026-09-24T13:16:00Z,29.91,29.92,29.52,29.82,17105.0
SRZN,2026-09-24T13:17:00Z,29.92,30.01,29.6,29.83,26215.0
SRZN,2026-09-24T13:18:00Z,29.83,30.0,29.12,29.55,38273.0
SRZN,2026-09-24T13:19:00Z,29.65,29.78,29.14,29.2,9104.0
SRZN,2026-09-24T13:20:00Z,29.34,30.15,29.34,30.0,14723.0
SRZN,2026-09-24T13:21:00Z,30.0,31.2,29.66,30.07,43597.0
SRZN,2026-09-24T13:22:00Z,30.1,30.25,29.91,30.04,19978.0
SRZN,2026-09-24T13:23:00Z,30.04,30.25,29.9,30.14,8877.0
SRZN,2026-09-24T13:24:00Z,30.15,30.16,30.02,30.16,1740.0
SRZN,2026-09-24T13:25:00Z,30.2,30.72,30.0,30.2,9900.0
SRZN,2026-09-24T13:26:00Z,30.2,30.25,29.82,30.0,45571.0
SRZN,2026-09-24T13:27:00Z,30.01,30.37,29.97,30.34,8488.0
SRZN,2026-09-24T13:28:00Z,30.16,30.62,29.91,30.0,17429.0
SRZN,2026-09-24T13:29:00Z,30.0,30.6,30.0,30.57,6586.0
SRZN,2026-09-24T13:30:00Z,30.51,32.45,29.11,31.21,111881.0
SRZN,2026-09-24T13:31:00Z,30.98,34.64,30.96,34.59,149958.0
SRZN,2026-09-24T13:32:00Z,34.55,35.04,30.5,31.29,114614.0
SRZN,2026-09-24T13:33:00Z,30.8,31.21,29.21,29.99,142703.0
SRZN,2026-09-24T13:34:00Z,30.09,31.18,29.1,30.8,91925.0
SRZN,2026-09-24T13:35:00Z,30.8,32.53,30.39,32.53,94634.0
SRZN,2026-09-24T13:36:00Z,32.6,34.46,32.21,33.77,102899.0
SRZN,2026-09-24T13:37:00Z,33.66,35.04,33.62,34.56,152453.0
SRZN,2026-09-24T13:38:00Z,35.0,35.33,33.35,34.58,113178.0
SRZN,2026-09-24T13:39:00Z,34.54,34.73,32.7,32.8,60223.0
SRZN,2026-09-24T13:40:00Z,32.66,33.95,32.2,33.84,57748.0
SRZN,2026-09-24T13:41:00Z,33.61,33.74,32.2,33.02,28124.0
SRZN,2026-09-24T13:42:00Z,33.19,33.28,31.1,31.1,54004.0
SRZN,2026-09-24T13:43:00Z,31.1,31.8,30.55,31.4,70871.0
SRZN,2026-09-24T13:44:00Z,31.4,31.6,31.08,31.19,45830.0
SRZN,2026-09-24T13:45:00Z,31.26,32.88,31.12,32.19,54510.0
SRZN,2026-09-24T13:46:00Z,31.85,32.0,31.12,31.47,19114.0
SRZN,2026-09-24T13:47:00Z,31.34,32.09,31.23,31.7,18108.0
SRZN,2026-09-24T13:48:00Z,31.5,32.72,31.5,31.93,46940.0
SRZN,2026-09-24T13:49:00Z,32.01,33.87,31.94,33.38,57940.0
SRZN,2026-09-24T13:50:00Z,33.21,34.79,33.11,33.44,89489.0
SRZN,2026-09-24T13:51:00Z,33.54,35.0,33.41,34.72,101443.0
SRZN,2026-09-24T13:52:00Z,34.87,35.26,33.52,33.73,57953.0
SRZN,2026-09-24T13:53:00Z,33.84,34.93,33.7,34.2,49144.0
SRZN,2026-09-24T13:54:00Z,34.2,35.86,34.17,35.36,149764.0
SRZN,2026-09-24T13:55:00Z,35.36,35.36,32.48,32.67,73818.0
SRZN,2026-09-24T13:56:00Z,32.68,33.04,32.02,32.11,41163.0
SRZN,2026-09-24T13:57:00Z,32.1,32.52,31.85,32.32,19879.0
SRZN,2026-09-24T13:58:00Z,32.33,32.33,31.63,31.63,19479.0
SRZN,2026-09-24T13:59:00Z,31.64,31.94,31.64,31.7,18872.0
SRZN,2026-09-24T14:00:00Z,31.64,32.35,31.5,31.94,23520.0
SRZN,2026-09-24T14:01:00Z,31.83,32.29,31.6,31.78,20514.0
SRZN,2026-09-24T14:02:00Z,31.7,31.77,30.3,30.97,73013.0
SRZN,2026-09-24T14:03:00Z,30.95,31.25,30.59,30.68,14318.0
SRZN,2026-09-24T14:04:00Z,30.58,31.52,30.26,31.52,22463.0
SRZN,2026-09-24T14:05:00Z,31.51,32.9,31.18,32.17,36164.0
SRZN,2026-09-24T14:06:00Z,32.17,32.74,32.14,32.28,30398.0
SRZN,2026-09-24T14:07:00Z,32.45,33.46,32.45,33.23,41663.0
SRZN,2026-09-24T14:08:00Z,33.23,33.46,32.67,33.1,35849.0
SRZN,2026-09-24T14:09:00Z,33.17,33.53,33.17,33.45,33491.0
SRZN,2026-09-24T14:10:00Z,33.41,33.5,32.97,32.98,21884.0
SRZN,2026-09-24T14:11:00Z,32.94,33.36,32.94,33.2,29843.0
SRZN,2026-09-24T14:12:00Z,33.18,33.23,32.96,33.12,15132.0
SRZN,2026-09-24T14:13:00Z,33.12,33.41,32.6,32.6,38526.0
SRZN,2026-09-24T14:14:00Z,32.7,32.8,32.5,32.77,19609.0
SRZN,2026-09-24T14:15:00Z,32.68,33.03,32.66,32.75,9805.0
SRZN,2026-09-24T14:16:00Z,32.68,32.97,32.59,32.91,6781.0
SRZN,2026-09-24T14:17:00Z,32.91,32.99,32.35,32.41,11742.0
SRZN,2026-09-24T14:18:00Z,32.38,32.77,32.3,32.75,4721.0
SRZN,2026-09-24T14:19:00Z,32.6,32.86,32.6,32.75,7014.0
SRZN,2026-09-24T14:20:00Z,32.89,33.29,32.75,33.08,24079.0
SRZN,2026-09-24T14:21:00Z,33.18,33.28,32.85,32.85,7523.0
SRZN,2026-09-24T14:22:00Z,32.93,32.93,32.45,32.46,14697.0
SRZN,2026-09-24T14:23:00Z,32.45,32.8,32.45,32.58,8179.0
SRZN,2026-09-24T14:24:00Z,32.59,32.67,32.0,32.61,15161.0
SRZN,2026-09-24T14:25:00Z,32.77,32.78,32.49,32.64,5990.0
SRZN,2026-09-24T14:26:00Z,32.64,32.72,32.44,32.58,4491.0
SRZN,2026-09-24T14:27:00Z,32.58,32.58,32.41,32.5,2848.0
SRZN,2026-09-24T14:28:00Z,32.59,32.71,32.1,32.16,7197.0
SRZN,2026-09-24T14:29:00Z,32.16,32.28,32.13,32.24,2668.0
SRZN,2026-09-24T14:30:00Z,32.49,32.49,32.16,32.21,3075.0
SRZN,2026-09-24T14:31:00Z,32.33,32.33,31.93,32.26,18464.0
SRZN,2026-09-24T14:32:00Z,32.02,32.3,31.99,32.27,5135.0
SRZN,2026-09-24T14:33:00Z,32.2,32.26,32.04,32.07,5717.0
SRZN,2026-09-24T14:34:00Z,32.2,32.31,32.06,32.07,6145.0
SRZN,2026-09-24T14:35:00Z,32.07,32.33,31.92,32.09,20998.0
SRZN,2026-09-24T14:36:00Z,32.09,32.39,31.91,32.0,16915.0
SRZN,2026-09-24T14:37:00Z,31.98,32.29,31.9,32.15,20736.0
SRZN,2026-09-24T14:38:00Z,32.06,32.12,31.94,32.0,6022.0
SRZN,2026-09-24T14:39:00Z,32.0,32.46,31.96,32.3,7182.0
SRZN,2026-09-24T14:40:00Z,32.3,32.4,32.15,32.33,5115.0
SRZN,2026-09-24T14:41:00Z,32.31,32.48,32.25,32.46,10705.0
SRZN,2026-09-24T14:42:00Z,32.45,32.5,32.23,32.27,14717.0
SRZN,2026-09-24T14:43:00Z,32.27,32.42,32.12,32.21,9186.0
SRZN,2026-09-24T14:44:00Z,32.23,32.4,32.09,32.12,4982.0
SRZN,2026-09-24T14:45:00Z,32.22,32.38,31.98,32.36,8976.0
SRZN,2026-09-24T14:46:00Z,32.36,32.49,32.26,32.27,4540.0
SRZN,2026-09-24T14:47:00Z,32.39,32.64,32.39,32.57,6031.0
UXIN,2026-09-24T08:00:00Z,1.29,1.3346,1.17,1.25,19608.0
UXIN,2026-09-24T08:01:00Z,1.3,1.3,1.14,1.23,2572.0
UXIN,2026-09-24T08:02:00Z,1.22,1.33,1.21,1.31,25104.0
UXIN,2026-09-24T08:03:00Z,1.23,1.34,1.21,1.21,21856.0
UXIN,2026-09-24T08:04:00Z,1.1984,1.1984,1.17,1.18,1747.0
UXIN,2026-09-24T08:05:00Z,1.18,1.18,1.18,1.18,1179.0
UXIN,2026-09-24T08:06:00Z,1.19,1.2399,1.18,1.2342,3930.0
UXIN,2026-09-24T08:07:00Z,1.23,1.24,1.23,1.24,3570.0
UXIN,2026-09-24T08:08:00Z,1.23,1.23,1.23,1.23,1875.0
UXIN,2026-09-24T08:09:00Z,1.19,1.19,1.175,1.18,2715.0
UXIN,2026-09-24T08:10:00Z,1.1898,1.1898,1.18,1.18,731.0
UXIN,2026-09-24T08:11:00Z,1.2125,1.2125,1.18,1.18,1216.0
UXIN,2026-09-24T08:12:00Z,1.18,1.2,1.18,1.2,4099.0
UXIN,2026-09-24T08:13:00Z,1.19,1.19,1.19,1.19,500.0
UXIN,2026-09-24T08:14:00Z,1.19,1.19,1.19,1.19,384.0
UXIN,2026-09-24T08:15:00Z,1.19,1.19,1.19,1.19,0.0
UXIN,2026-09-24T08:16:00Z,1.18,1.18,1.17,1.17,2502.0
UXIN,2026-09-24T08:17:00Z,1.1798,1.1824,1.175,1.1824,627.0
UXIN,2026-09-24T08:18:00Z,1.1824,1.1824,1.1824,1.1824,0.0
UXIN,2026-09-24T08:19:00Z,1.1998,1.1998,1.1998,1.1998,256.0
UXIN,2026-09-24T08:20:00Z,1.19,1.19,1.19,1.19,431.0
UXIN,2026-09-24T08:21:00Z,1.19,1.19,1.19,1.19,0.0
UXIN,2026-09-24T08:22:00Z,1.1991,1.1991,1.1991,1.1991,270.0
UXIN,2026-09-24T08:23:00Z,1.2,1.2,1.2,1.2,100.0
UXIN,2026-09-24T08:24:00Z,1.1916,1.1916,1.191,1.191,802.0
UXIN,2026-09-24T08:25:00Z,1.21,1.21,1.21,1.21,200.0
UXIN,2026-09-24T08:26:00Z,1.21,1.22,1.21,1.22,805.0
UXIN,2026-09-24T08:27:00Z,1.215,1.24,1.215,1.23,4615.0
UXIN,2026-09-24T08:28:00Z,1.2298,1.24,1.225,1.23,3046.0
UXIN,2026-09-24T08:29:00Z,1.24,1.27,1.24,1.27,6558.0
UXIN,2026-09-24T08:30:00Z,1.275,1.2897,1.19,1.21,15559.0
UXIN,2026-09-24T08:31:00Z,1.21,1.27,1.205,1.27,5678.0
UXIN,2026-09-24T08:32:00Z,1.26,1.28,1.24,1.25,7185.0
UXIN,2026-09-24T08:33:00Z,1.24,1.24,1.2002,1.2002,3625.0
UXIN,2026-09-24T08:34:00Z,1.2,1.22,1.2,1.22,1673.0
UXIN,2026-09-24T08:35:00Z,1.22,1.2209,1.21,1.2209,2259.0
UXIN,2026-09-24T08:36:00Z,1.2209,1.2209,1.2209,1.2209,0.0
UXIN,2026-09-24T08:37:00Z,1.25,1.27,1.24,1.26,7499.0
UXIN,2026-09-24T08:38:00Z,1.26,1.29,1.2103,1.23,51050.0
UXIN,2026-09-24T08:39:00Z,1.24,1.29,1.2,1.28,24463.0
UXIN,2026-09-24T08:40:00Z,1.29,1.32,1.25,1.2795,53012.0
UXIN,2026-09-24T08:41:00Z,1.2642,1.29,1.23,1.2896,23606.0
UXIN,2026-09-24T08:42:00Z,1.28,1.3199,1.28,1.3,30984.0
UXIN,2026-09-24T08:43:00Z,1.31,1.38,1.31,1.37,87898.0
UXIN,2026-09-24T08:44:00Z,1.37,1.37,1.2,1.22,168977.0
UXIN,2026-09-24T08:45:00Z,1.2208,1.2208,1.06,1.0692,171292.0
UXIN,2026-09-24T08:46:00Z,1.065,1.14,1.06,1.135,74515.0
UXIN,2026-09-24T08:47:00Z,1.14,1.16,1.13,1.15,22836.0
UXIN,2026-09-24T08:48:00Z,1.1408,1.145,1.11,1.1401,50415.0
UXIN,2026-09-24T08:49:00Z,1.1407,1.17,1.135,1.135,55852.0
UXIN,2026-09-24T08:50:00Z,1.135,1.15,1.1306,1.1409,7342.0
UXIN,2026-09-24T08:51:00Z,1.14,1.21,1.14,1.18,19968.0
UXIN,2026-09-24T08:52:00Z,1.18,1.2,1.16,1.16,18387.0
UXIN,2026-09-24T08:53:00Z,1.1605,1.1799,1.16,1.1706,5437.0
UXIN,2026-09-24T08:54:00Z,1.17,1.19,1.17,1.18,5333.0
UXIN,2026-09-24T08:55:00Z,1.18,1.18,1.16,1.16,10067.0
UXIN,2026-09-24T08:56:00Z,1.16,1.18,1.16,1.1706,5300.0
UXIN,2026-09-24T08:57:00Z,1.175,1.2,1.175,1.1993,2752.0
UXIN,2026-09-24T08:58:00Z,1.1995,1.1995,1.1806,1.1806,3571.0
UXIN,2026-09-24T08:59:00Z,1.1806,1.1806,1.14,1.14,18536.0
UXIN,2026-09-24T09:00:00Z,1.14,1.15,1.13,1.14,28891.0
UXIN,2026-09-24T09:01:00Z,1.14,1.18,1.1305,1.1791,8270.0
UXIN,2026-09-24T09:02:00Z,1.1798,1.1798,1.16,1.17,6032.0
UXIN,2026-09-24T09:03:00Z,1.17,1.17,1.16,1.16,270.0
UXIN,2026-09-24T09:04:00Z,1.17,1.175,1.17,1.17,1042.0
UXIN,2026-09-24T09:05:00Z,1.16,1.16,1.16,1.16,7093.0
UXIN,2026-09-24T09:06:00Z,1.19,1.19,1.17,1.1794,4108.0
UXIN,2026-09-24T09:07:00Z,1.1706,1.21,1.17,1.2,27510.0
UXIN,2026-09-24T09:08:00Z,1.2007,1.24,1.2,1.21,29672.0
UXIN,2026-09-24T09:09:00Z,1.205,1.24,1.205,1.24,33664.0
UXIN,2026-09-24T09:10:00Z,1.235,1.27,1.235,1.255,29717.0
UXIN,2026-09-24T09:11:00Z,1.25,1.27,1.22,1.25,56024.0
UXIN,2026-09-24T09:12:00Z,1.25,1.25,1.23,1.24,46472.0
UXIN,2026-09-24T09:13:00Z,1.2305,1.2306,1.205,1.22,46168.0
UXIN,2026-09-24T09:14:00Z,1.21,1.22,1.2,1.22,8697.0
UXIN,2026-09-24T09:15:00Z,1.23,1.235,1.21,1.2107,10876.0
UXIN,2026-09-24T09:16:00Z,1.21,1.22,1.21,1.22,4289.0
UXIN,2026-09-24T09:17:00Z,1.23,1.23,1.22,1.2201,6252.0
UXIN,2026-09-24T09:18:00Z,1.22,1.2295,1.21,1.21,12080.0
UXIN,2026-09-24T09:19:00Z,1.21,1.21,1.19,1.2,9159.0
UXIN,2026-09-24T09:20:00Z,1.2,1.21,1.19,1.21,2478.0
UXIN,2026-09-24T09:21:00Z,1.2267,1.2267,1.2267,1.2267,0.0
UXIN,2026-09-24T09:22:00Z,1.2267,1.2294,1.22,1.225,1782.0
UXIN,2026-09-24T09:23:00Z,1.225,1.24,1.22,1.2306,1979.0
UXIN,2026-09-24T09:24:00Z,1.24,1.24,1.23,1.2306,5512.0
UXIN,2026-09-24T09:25:00Z,1.2306,1.25,1.23,1.25,16209.0
UXIN,2026-09-24T09:26:00Z,1.25,1.27,1.24,1.27,14429.0
UXIN,2026-09-24T09:27:00Z,1.2793,1.32,1.26,1.3,99711.0
UXIN,2026-09-24T09:28:00Z,1.3,1.39,1.27,1.37,183564.0
UXIN,2026-09-24T09:29:00Z,1.38,1.395,1.26,1.26,305871.0
UXIN,2026-09-24T09:30:00Z,1.26,1.36,1.25,1.3399,227717.0
UXIN,2026-09-24T09:31:00Z,1.33,1.42,1.3,1.3706,282971.0
UXIN,2026-09-24T09:32:00Z,1.38,1.39,1.27,1.31,276687.0
UXIN,2026-09-24T09:33:00Z,1.3,1.37,1.29,1.3599,143927.0
UXIN,2026-09-24T09:34:00Z,1.3506,1.36,1.3,1.3,134773.0
UXIN,2026-09-24T09:35:00Z,1.31,1.38,1.3,1.37,111493.0
UXIN,2026-09-24T09:36:00Z,1.37,1.38,1.33,1.37,162049.0
UXIN,2026-09-24T09:37:00Z,1.36,1.42,1.31,1.3408,373439.0
UXIN,2026-09-24T09:38:00Z,1.34,1.43,1.34,1.42,169684.0
UXIN,2026-09-24T09:39:00Z,1.42,1.43,1.37,1.38,226030.0
UXIN,2026-09-24T09:40:00Z,1.38,1.41,1.32,1.3407,275300.0
UXIN,2026-09-24T09:41:00Z,1.35,1.35,1.31,1.33,180851.0
UXIN,2026-09-24T09:42:00Z,1.32,1.345,1.32,1.3208,77238.0
UXIN,2026-09-24T09:43:00Z,1.3201,1.33,1.28,1.3,135649.0
UXIN,2026-09-24T09:44:00Z,1.3,1.33,1.3,1.3,106032.0
UXIN,2026-09-24T09:45:00Z,1.29,1.31,1.28,1.3,58807.0
UXIN,2026-09-24T09:46:00Z,1.3006,1.31,1.3,1.3,20318.0
UXIN,2026-09-24T09:47:00Z,1.3,1.3,1.26,1.28,121886.0
UXIN,2026-09-24T09:48:00Z,1.289,1.3,1.25,1.27,148042.0
UXIN,2026-09-24T09:49:00Z,1.26,1.28,1.26,1.265,40058.0
UXIN,2026-09-24T09:50:00Z,1.26,1.265,1.21,1.23,154161.0
UXIN,2026-09-24T09:51:00Z,1.2207,1.23,1.2007,1.22,82373.0
UXIN,2026-09-24T09:52:00Z,1.21,1.22,1.21,1.21,48785.0
UXIN,2026-09-24T09:53:00Z,1.2093,1.21,1.17,1.18,146775.0
UXIN,2026-09-24T09:54:00Z,1.18,1.22,1.17,1.2101,85714.0
UXIN,2026-09-24T09:55:00Z,1.22,1.24,1.215,1.2307,47729.0
UXIN,2026-09-24T09:56:00Z,1.2393,1.25,1.22,1.2294,61915.0
UXIN,2026-09-24T09:57:00Z,1.22,1.24,1.22,1.23,18847.0
UXIN,2026-09-24T09:58:00Z,1.24,1.24,1.22,1.225,22021.0
UXIN,2026-09-24T09:59:00Z,1.23,1.24,1.21,1.22,78435.0
UXIN,2026-09-24T10:00:00Z,1.22,1.23,1.21,1.2103,16249.0
UXIN,2026-09-24T10:01:00Z,1.2107,1.215,1.2,1.209,22656.0
UXIN,2026-09-24T10:02:00Z,1.2,1.25,1.2,1.23,35583.0
UXIN,2026-09-24T10:03:00Z,1.2306,1.26,1.23,1.26,12287.0
UXIN,2026-09-24T10:04:00Z,1.2594,1.27,1.25,1.26,35244.0
UXIN,2026-09-24T10:05:00Z,1.25,1.25,1.23,1.24,23020.0
UXIN,2026-09-24T10:06:00Z,1.24,1.24,1.23,1.23,7537.0
UXIN,2026-09-24T10:07:00Z,1.24,1.27,1.24,1.26,55041.0
UXIN,2026-09-24T10:08:00Z,1.2593,1.27,1.25,1.26,20736.0
UXIN,2026-09-24T10:09:00Z,1.2503,1.26,1.24,1.24,23569.0
UXIN,2026-09-24T10:10:00Z,1.24,1.24,1.2,1.21,75345.0
UXIN,2026-09-24T10:11:00Z,1.21,1.21,1.2,1.2001,25085.0
UXIN,2026-09-24T10:12:00Z,1.2,1.22,1.2,1.22,22264.0
UXIN,2026-09-24T10:13:00Z,1.2207,1.23,1.22,1.22,16160.0
UXIN,2026-09-24T10:14:00Z,1.22,1.23,1.21,1.21,26604.0
UXIN,2026-09-24T10:15:00Z,1.21,1.22,1.21,1.21,17129.0
UXIN,2026-09-24T10:16:00Z,1.2,1.22,1.2,1.2107,22718.0
UXIN,2026-09-24T10:17:00Z,1.2107,1.2207,1.21,1.22,15649.0
UXIN,2026-09-24T10:18:00Z,1.22,1.23,1.22,1.23,13135.0
UXIN,2026-09-24T10:19:00Z,1.23,1.29,1.23,1.29,51785.0
UXIN,2026-09-24T10:20:00Z,1.29,1.3,1.26,1.29,55845.0
UXIN,2026-09-24T10:21:00Z,1.3,1.32,1.29,1.32,76237.0
UXIN,2026-09-24T10:22:00Z,1.3192,1.35,1.295,1.33,135742.0
UXIN,2026-09-24T10:23:00Z,1.3309,1.35,1.32,1.34,85157.0
UXIN,2026-09-24T10:24:00Z,1.34,1.34,1.27,1.2806,79513.0
UXIN,2026-09-24T10:25:00Z,1.28,1.2806,1.27,1.27,29204.0
UXIN,2026-09-24T10:26:00Z,1.27,1.3,1.27,1.281,30346.0
UXIN,2026-09-24T10:27:00Z,1.29,1.29,1.27,1.27,15070.0
UXIN,2026-09-24T10:28:00Z,1.27,1.28,1.26,1.28,6327.0
UXIN,2026-09-24T10:29:00Z,1.28,1.29,1.27,1.27,7548.0
UXIN,2026-09-24T10:30:00Z,1.2706,1.29,1.27,1.29,9817.0
UXIN,2026-09-24T10:31:00Z,1.29,1.31,1.28,1.28,36336.0
UXIN,2026-09-24T10:32:00Z,1.28,1.29,1.28,1.2893,3640.0
UXIN,2026-09-24T10:33:00Z,1.285,1.29,1.2601,1.27,25844.0
UXIN,2026-09-24T10:34:00Z,1.2708,1.31,1.27,1.305,30797.0
UXIN,2026-09-24T10:35:00Z,1.31,1.34,1.3,1.3307,56491.0
UXIN,2026-09-24T10:36:00Z,1.3393,1.34,1.315,1.33,67864.0
UXIN,2026-09-24T10:37:00Z,1.3393,1.34,1.28,1.2893,93418.0
UXIN,2026-09-24T10:38:00Z,1.2893,1.31,1.28,1.3,29320.0
UXIN,2026-09-24T10:39:00Z,1.3,1.3,1.28,1.29,25768.0
UXIN,2026-09-24T10:40:00Z,1.28,1.2892,1.27,1.27,27314.0
UXIN,2026-09-24T10:41:00Z,1.27,1.2993,1.27,1.2702,19136.0
UXIN,2026-09-24T10:42:00Z,1.275,1.2993,1.27,1.2893,28974.0
UXIN,2026-09-24T10:43:00Z,1.2899,1.29,1.28,1.28,16809.0
UXIN,2026-09-24T10:44:00Z,1.28,1.29,1.28,1.28,4761.0
UXIN,2026-09-24T10:45:00Z,1.28,1.29,1.26,1.2791,29232.0
UXIN,2026-09-24T10:46:00Z,1.28,1.28,1.27,1.27,6984.0
UXIN,2026-09-24T10:47:00Z,1.2797,1.28,1.27,1.2701,8822.0
UXIN,2026-09-24T10:48:00Z,1.27,1.2703,1.26,1.27,27078.0
UXIN,2026-09-24T10:49:00Z,1.27,1.28,1.27,1.2702,18917.0
UXIN,2026-09-24T10:50:00Z,1.271,1.2899,1.2703,1.2899,6178.0
UXIN,2026-09-24T10:51:00Z,1.2899,1.29,1.28,1.29,2266.0
UXIN,2026-09-24T10:52:00Z,1.285,1.285,1.27,1.27,18337.0
UXIN,2026-09-24T10:53:00Z,1.27,1.28,1.27,1.27,9811.0
UXIN,2026-09-24T10:54:00Z,1.27,1.28,1.27,1.27,6159.0
UXIN,2026-09-24T10:55:00Z,1.27,1.28,1.27,1.27,4354.0
UXIN,2026-09-24T10:56:00Z,1.27,1.28,1.27,1.27,4628.0
UXIN,2026-09-24T10:57:00Z,1.27,1.28,1.26,1.26,16811.0
UXIN,2026-09-24T10:58:00Z,1.26,1.27,1.26,1.27,5354.0
UXIN,2026-09-24T10:59:00Z,1.27,1.2799,1.27,1.2799,5241.0
UXIN,2026-09-24T11:00:00Z,1.2798,1.28,1.2698,1.2698,21948.0
UXIN,2026-09-24T11:01:00Z,1.26,1.27,1.26,1.27,11295.0
UXIN,2026-09-24T11:02:00Z,1.2698,1.28,1.2603,1.27,11323.0
UXIN,2026-09-24T11:03:00Z,1.27,1.28,1.27,1.275,8402.0
UXIN,2026-09-24T11:04:00Z,1.2784,1.28,1.27,1.2797,10716.0
UXIN,2026-09-24T11:05:00Z,1.28,1.28,1.26,1.26,14422.0
UXIN,2026-09-24T11:06:00Z,1.26,1.2604,1.24,1.24,40605.0
UXIN,2026-09-24T11:07:00Z,1.2402,1.2501,1.24,1.25,15647.0
UXIN,2026-09-24T11:08:00Z,1.25,1.25,1.21,1.215,29371.0
UXIN,2026-09-24T11:09:00Z,1.22,1.24,1.22,1.2304,25043.0
UXIN,2026-09-24T11:10:00Z,1.23,1.2301,1.22,1.23,10555.0
UXIN,2026-09-24T11:11:00Z,1.23,1.23,1.22,1.22,11754.0
UXIN,2026-09-24T11:12:00Z,1.22,1.23,1.22,1.23,17461.0
UXIN,2026-09-24T11:13:00Z,1.23,1.23,1.22,1.22,3628.0
UXIN,2026-09-24T11:14:00Z,1.22,1.22,1.2093,1.21,37695.0
UXIN,2026-09-24T11:15:00Z,1.2107,1.22,1.21,1.22,8733.0
UXIN,2026-09-24T11:16:00Z,1.22,1.24,1.2199,1.23,27269.0
UXIN,2026-09-24T11:17:00Z,1.23,1.23,1.22,1.22,9156.0
UXIN,2026-09-24T11:18:00Z,1.2207,1.23,1.22,1.23,2047.0
UXIN,2026-09-24T11:19:00Z,1.23,1.2308,1.22,1.2308,11149.0
UXIN,2026-09-24T11:20:00Z,1.23,1.24,1.23,1.235,3674.0
UXIN,2026-09-24T11:21:00Z,1.2386,1.24,1.2386,1.24,1440.0
WETO,2026-09-24T08:00:00Z,2.41,2.67,2.2101,2.636,518300.0
WETO,2026-09-24T08:01:00Z,2.5985,2.7,2.36,2.4002,355231.0
WETO,2026-09-24T08:02:00Z,2.4,2.49,2.22,2.38,320255.0
WETO,2026-09-24T08:03:00Z,2.44,2.5,2.25,2.255,175785.0
WETO,2026-09-24T08:04:00Z,2.255,2.2598,2.22,2.225,106586.0
WETO,2026-09-24T08:05:00Z,2.2201,2.4,2.13,2.1796,241923.0
WETO,2026-09-24T08:06:00Z,2.1796,2.27,2.16,2.27,142594.0
WETO,2026-09-24T08:07:00Z,2.27,2.33,2.26,2.3205,158961.0
WETO,2026-09-24T08:08:00Z,2.3205,2.33,2.27,2.2996,89005.0
WETO,2026-09-24T08:09:00Z,2.3,2.39,2.29,2.375,137014.0
WETO,2026-09-24T08:10:00Z,2.3795,2.3795,2.3,2.33,105565.0
WETO,2026-09-24T08:11:00Z,2.34,2.34,2.26,2.29,102907.0
WETO,2026-09-24T08:12:00Z,2.28,2.3405,2.2796,2.29,53208.0
WETO,2026-09-24T08:13:00Z,2.2895,2.37,2.28,2.36,52279.0
WETO,2026-09-24T08:14:00Z,2.36,2.37,2.31,2.31,89199.0
WETO,2026-09-24T08:15:00Z,2.315,2.32,2.29,2.3,61485.0
WETO,2026-09-24T08:16:00Z,2.29,2.32,2.27,2.32,52353.0
WETO,2026-09-24T08:17:00Z,2.32,2.35,2.2904,2.2996,62457.0
WETO,2026-09-24T08:18:00Z,2.3,2.36,2.29,2.36,58017.0
WETO,2026-09-24T08:19:00Z,2.36,2.36,2.315,2.3201,45615.0
WETO,2026-09-24T08:20:00Z,2.3205,2.34,2.31,2.3195,30238.0
WETO,2026-09-24T08:21:00Z,2.3196,2.33,2.31,2.3199,30993.0
WETO,2026-09-24T08:22:00Z,2.32,2.4,2.31,2.39,117335.0
WETO,2026-09-24T08:23:00Z,2.39,2.39,2.36,2.37,67253.0
WETO,2026-09-24T08:24:00Z,2.37,2.39,2.33,2.3805,72844.0
WETO,2026-09-24T08:25:00Z,2.3895,2.5,2.38,2.4695,246640.0
WETO,2026-09-24T08:26:00Z,2.4601,2.4696,2.3001,2.35,190005.0
WETO,2026-09-24T08:27:00Z,2.3599,2.36,2.33,2.3302,40016.0
WETO,2026-09-24T08:28:00Z,2.335,2.34,2.33,2.33,22204.0
WETO,2026-09-24T08:29:00Z,2.335,2.34,2.21,2.2196,115848.0
WETO,2026-09-24T08:30:00Z,2.21,2.22,2.15,2.21,179693.0
WETO,2026-09-24T08:31:00Z,2.2,2.24,2.2,2.2104,51544.0
WETO,2026-09-24T08:32:00Z,2.21,2.22,2.21,2.22,33983.0
WETO,2026-09-24T08:33:00Z,2.2104,2.2104,2.2,2.2004,39324.0
WETO,2026-09-24T08:34:00Z,2.2,2.21,2.2,2.2004,20202.0
WETO,2026-09-24T08:35:00Z,2.2003,2.21,2.2,2.2098,15688.0
WETO,2026-09-24T08:36:00Z,2.21,2.21,2.13,2.15,78253.0
WETO,2026-09-24T08:37:00Z,2.1502,2.18,2.14,2.1401,48079.0
WETO,2026-09-24T08:38:00Z,2.15,2.16,2.11,2.1299,81646.0
WETO,2026-09-24T08:39:00Z,2.12,2.1796,2.12,2.1796,37475.0
WETO,2026-09-24T08:40:00Z,2.18,2.2,2.1504,2.17,29429.0
WETO,2026-09-24T08:41:00Z,2.1696,2.17,2.16,2.16,16846.0
WETO,2026-09-24T08:42:00Z,2.1596,2.17,2.15,2.17,20017.0
WETO,2026-09-24T08:43:00Z,2.1696,2.1804,2.16,2.1804,12919.0
WETO,2026-09-24T08:44:00Z,2.19,2.23,2.19,2.22,34714.0
WETO,2026-09-24T08:45:00Z,2.23,2.26,2.23,2.2301,60634.0
WETO,2026-09-24T08:46:00Z,2.2304,2.24,2.21,2.2104,32785.0
WETO,2026-09-24T08:47:00Z,2.2104,2.22,2.21,2.21,24682.0
WETO,2026-09-24T08:48:00Z,2.2102,2.22,2.21,2.21,17780.0
WETO,2026-09-24T08:49:00Z,2.2201,2.25,2.2201,2.24,18624.0
WETO,2026-09-24T08:50:00Z,2.2396,2.24,2.2004,2.2004,30545.0
WETO,2026-09-24T08:51:00Z,2.21,2.21,2.2,2.2001,20396.0
WETO,2026-09-24T08:52:00Z,2.2004,2.23,2.2,2.23,16131.0
WETO,2026-09-24T08:53:00Z,2.2304,2.2304,2.2204,2.2204,10955.0
WETO,2026-09-24T08:54:00Z,2.22,2.23,2.22,2.2204,14664.0
WETO,2026-09-24T08:55:00Z,2.23,2.24,2.2204,2.2296,11481.0
WETO,2026-09-24T08:56:00Z,2.2299,2.23,2.22,2.2296,7163.0
WETO,2026-09-24T08:57:00Z,2.2296,2.23,2.22,2.22,3837.0
WETO,2026-09-24T08:58:00Z,2.22,2.2296,2.2,2.2,23732.0
WETO,2026-09-24T08:59:00Z,2.2096,2.2096,2.16,2.17,53752.0
WETO,2026-09-24T09:00:00Z,2.17,2.18,2.16,2.1601,15195.0
WETO,2026-09-24T09:01:00Z,2.16,2.17,2.16,2.1603,12513.0
WETO,2026-09-24T09:02:00Z,2.16,2.21,2.16,2.2,41561.0
WETO,2026-09-24T09:03:00Z,2.21,2.21,2.1998,2.1998,19389.0
WETO,2026-09-24T09:04:00Z,2.195,2.2,2.16,2.17,8578.0
WETO,2026-09-24T09:05:00Z,2.17,2.1904,2.16,2.19,15242.0
WETO,2026-09-24T09:06:00Z,2.2,2.2,2.19,2.1904,5753.0
WETO,2026-09-24T09:07:00Z,2.19,2.21,2.19,2.2,6830.0
WETO,2026-09-24T09:08:00Z,2.2004,2.22,2.2,2.2196,7163.0
WETO,2026-09-24T09:09:00Z,2.2196,2.22,2.21,2.2104,7959.0
WETO,2026-09-24T09:10:00Z,2.2104,2.2104,2.2,2.2,9562.0
WETO,2026-09-24T09:11:00Z,2.21,2.21,2.19,2.2,8649.0
WETO,2026-09-24T09:12:00Z,2.2,2.2,2.19,2.1996,3999.0
WETO,2026-09-24T09:13:00Z,2.19,2.2,2.19,2.1904,8467.0
WETO,2026-09-24T09:14:00Z,2.1996,2.2,2.19,2.2,7640.0
WETO,2026-09-24T09:15:00Z,2.2,2.2,2.19,2.1904,4057.0
WETO,2026-09-24T09:16:00Z,2.19,2.2,2.19,2.19,10938.0
WETO,2026-09-24T09:17:00Z,2.2,2.2,2.18,2.1804,8306.0
WETO,2026-09-24T09:18:00Z,2.18,2.19,2.18,2.1804,9727.0
WETO,2026-09-24T09:19:00Z,2.18,2.19,2.17,2.19,13500.0
WETO,2026-09-24T09:20:00Z,2.2,2.215,2.2,2.2099,14324.0
WETO,2026-09-24T09:21:00Z,2.2099,2.2104,2.19,2.1904,37834.0
WETO,2026-09-24T09:22:00Z,2.1999,2.2,2.18,2.19,11296.0
WETO,2026-09-24T09:23:00Z,2.18,2.19,2.18,2.18,5994.0
WETO,2026-09-24T09:24:00Z,2.18,2.18,2.17,2.1704,12915.0
WETO,2026-09-24T09:25:00Z,2.17,2.18,2.17,2.1796,8590.0
WETO,2026-09-24T09:26:00Z,2.1796,2.1896,2.1796,2.1896,4425.0
WETO,2026-09-24T09:27:00Z,2.19,2.19,2.18,2.1804,2027.0
WETO,2026-09-24T09:28:00Z,2.19,2.2,2.18,2.18,10219.0
WETO,2026-09-24T09:29:00Z,2.19,2.19,2.18,2.19,4901.0
WETO,2026-09-24T09:30:00Z,2.19,2.2,2.18,2.2,6769.0
WETO,2026-09-24T09:31:00Z,2.2,2.21,2.2,2.2004,15764.0
WETO,2026-09-24T09:32:00Z,2.2096,2.2096,2.195,2.195,8240.0
WETO,2026-09-24T09:33:00Z,2.1904,2.2,2.19,2.19,5801.0
WETO,2026-09-24T09:34:00Z,2.2,2.2,2.19,2.19,1904.0
WETO,2026-09-24T09:35:00Z,2.1904,2.1996,2.19,2.19,2712.0
WETO,2026-09-24T09:36:00Z,2.19,2.2,2.19,2.1904,11039.0
WETO,2026-09-24T09:37:00Z,2.19,2.2,2.19,2.2,3907.0
WETO,2026-09-24T09:38:00Z,2.1904,2.2098,2.1901,2.2098,11707.0
WETO,2026-09-24T09:39:00Z,2.2096,2.22,2.2,2.2001,36142.0
WETO,2026-09-24T09:40:00Z,2.2098,2.21,2.2004,2.21,9822.0
WETO,2026-09-24T09:41:00Z,2.21,2.21,2.2,2.2096,8187.0
WETO,2026-09-24T09:42:00Z,2.2,2.21,2.2,2.2096,2677.0
WETO,2026-09-24T09:43:00Z,2.21,2.21,2.2004,2.205,2881.0
WETO,2026-09-24T09:44:00Z,2.2004,2.21,2.2,2.2004,4232.0
WETO,2026-09-24T09:45:00Z,2.2001,2.2096,2.1904,2.1904,5787.0
WETO,2026-09-24T09:46:00Z,2.1902,2.1999,2.19,2.1904,2583.0
WETO,2026-09-24T09:47:00Z,2.1904,2.2,2.19,2.1904,6051.0
WETO,2026-09-24T09:48:00Z,2.19,2.1904,2.18,2.19,12433.0
WETO,2026-09-24T09:49:00Z,2.19,2.19,2.18,2.1804,12046.0
WETO,2026-09-24T09:50:00Z,2.1801,2.19,2.18,2.1896,8598.0
WETO,2026-09-24T09:51:00Z,2.1899,2.19,2.1801,2.1804,1911.0
WETO,2026-09-24T09:52:00Z,2.1804,2.19,2.18,2.1804,6896.0
WETO,2026-09-24T09:53:00Z,2.1899,2.19,2.18,2.1898,6818.0
WETO,2026-09-24T09:54:00Z,2.185,2.19,2.18,2.18,4860.0
WETO,2026-09-24T09:55:00Z,2.18,2.1899,2.17,2.1701,4936.0
WETO,2026-09-24T09:56:00Z,2.1704,2.21,2.17,2.2,21345.0
WETO,2026-09-24T09:57:00Z,2.2,2.21,2.18,2.18,11430.0
WETO,2026-09-24T09:58:00Z,2.19,2.19,2.18,2.18,6729.0
WETO,2026-09-24T09:59:00Z,2.1896,2.19,2.18,2.1804,11607.0
WETO,2026-09-24T10:00:00Z,2.18,2.2,2.18,2.2,6876.0
WETO,2026-09-24T10:01:00Z,2.1904,2.2,2.19,2.19,1904.0
WETO,2026-09-24T10:02:00Z,2.1901,2.2,2.1901,2.1999,1329.0
WETO,2026-09-24T10:03:00Z,2.1901,2.2,2.19,2.1998,3940.0
WETO,2026-09-24T10:04:00Z,2.1901,2.2,2.1901,2.2,3214.0
WETO,2026-09-24T10:05:00Z,2.1999,2.2,2.19,2.195,6573.0
WETO,2026-09-24T10:06:00Z,2.1904,2.1999,2.19,2.19,1905.0
WETO,2026-09-24T10:07:00Z,2.1901,2.2,2.1901,2.2,2228.0
WETO,2026-09-24T10:08:00Z,2.1904,2.1996,2.19,2.19,3693.0
WETO,2026-09-24T10:09:00Z,2.19,2.19,2.17,2.19,25557.0
WETO,2026-09-24T10:10:00Z,2.1901,2.23,2.19,2.23,34809.0
WETO,2026-09-24T10:11:00Z,2.23,2.23,2.2101,2.215,10135.0
WETO,2026-09-24T10:12:00Z,2.215,2.22,2.2,2.2,16811.0
WETO,2026-09-24T10:13:00Z,2.2,2.2,2.18,2.18,21240.0
WETO,2026-09-24T10:14:00Z,2.1796,2.18,2.11,2.1296,86498.0
WETO,2026-09-24T10:15:00Z,2.12,2.14,2.12,2.1298,18189.0
WETO,2026-09-24T10:16:00Z,2.12,2.13,2.12,2.1296,15182.0
WETO,2026-09-24T10:17:00Z,2.12,2.13,2.12,2.12,12890.0
WETO,2026-09-24T10:18:00Z,2.1298,2.13,2.12,2.12,31212.0
WETO,2026-09-24T10:19:00Z,2.1201,2.17,2.12,2.16,56965.0
WETO,2026-09-24T10:20:00Z,2.1501,2.19,2.1501,2.18,24746.0
WETO,2026-09-24T10:21:00Z,2.18,2.18,2.16,2.165,6711.0
WETO,2026-09-24T10:22:00Z,2.16,2.16,2.14,2.16,9481.0
WETO,2026-09-24T10:23:00Z,2.1596,2.16,2.15,2.1504,6450.0
WETO,2026-09-24T10:24:00Z,2.15,2.16,2.13,2.1398,8796.0
WETO,2026-09-24T10:25:00Z,2.1304,2.16,2.1301,2.1504,7128.0
WETO,2026-09-24T10:26:00Z,2.1596,2.16,2.15,2.1501,3281.0
WETO,2026-09-24T10:27:00Z,2.1504,2.17,2.1501,2.17,5577.0
WETO,2026-09-24T10:28:00Z,2.1696,2.17,2.1496,2.1496,13661.0
WETO,2026-09-24T10:29:00Z,2.145,2.15,2.1401,2.1404,2381.0
WETO,2026-09-24T10:30:00Z,2.1404,2.15,2.14,2.14,4085.0
WETO,2026-09-24T10:31:00Z,2.15,2.17,2.14,2.17,13352.0
WETO,2026-09-24T10:32:00Z,2.1696,2.18,2.14,2.14,20179.0
WETO,2026-09-24T10:33:00Z,2.14,2.16,2.14,2.1504,8102.0
WETO,2026-09-24T10:34:00Z,2.1501,2.1504,2.1401,2.1401,2542.0
WETO,2026-09-24T10:35:00Z,2.1401,2.17,2.14,2.1697,15879.0
WETO,2026-09-24T10:36:00Z,2.16,2.16,2.15,2.1596,2640.0
WETO,2026-09-24T10:37:00Z,2.16,2.2,2.1502,2.2,17051.0
WETO,2026-09-24T10:38:00Z,2.19,2.21,2.17,2.21,71793.0
WETO,2026-09-24T10:39:00Z,2.21,2.31,2.21,2.3001,111803.0
WETO,2026-09-24T10:40:00Z,2.3098,2.37,2.25,2.37,221775.0
WETO,2026-09-24T10:41:00Z,2.3699,2.47,2.33,2.43,362410.0
WETO,2026-09-24T10:42:00Z,2.4395,2.47,2.37,2.4205,241344.0
WETO,2026-09-24T10:43:00Z,2.42,2.42,2.35,2.35,180597.0
WETO,2026-09-24T10:44:00Z,2.355,2.44,2.31,2.4298,211041.0
WETO,2026-09-24T10:45:00Z,2.43,2.45,2.38,2.3805,165809.0
WETO,2026-09-24T10:46:00Z,2.39,2.4,2.26,2.2996,198395.0
WETO,2026-09-24T10:47:00Z,2.2904,2.3,2.22,2.24,151526.0
WETO,2026-09-24T10:48:00Z,2.25,2.2801,2.22,2.27,78326.0
WETO,2026-09-24T10:49:00Z,2.27,2.28,2.25,2.2504,33093.0
WETO,2026-09-24T10:50:00Z,2.25,2.27,2.25,2.2504,28350.0
WETO,2026-09-24T10:51:00Z,2.25,2.29,2.22,2.28,88179.0
WETO,2026-09-24T10:52:00Z,2.29,2.29,2.24,2.26,35816.0
WETO,2026-09-24T10:53:00Z,2.26,2.27,2.24,2.2604,29549.0
WETO,2026-09-24T10:54:00Z,2.2604,2.2699,2.25,2.25,15649.0
WETO,2026-09-24T10:55:00Z,2.2502,2.27,2.25,2.2602,21742.0
WETO,2026-09-24T10:56:00Z,2.2699,2.27,2.25,2.25,15790.0
WETO,2026-09-24T10:57:00Z,2.25,2.265,2.22,2.265,37807.0
WETO,2026-09-24T10:58:00Z,2.26,2.26,2.22,2.2487,23489.0
WETO,2026-09-24T10:59:00Z,2.2496,2.25,2.24,2.2496,7421.0
WETO,2026-09-24T11:00:00Z,2.25,2.27,2.245,2.26,75091.0
WETO,2026-09-24T11:01:00Z,2.2604,2.27,2.25,2.2598,37513.0
WETO,2026-09-24T11:02:00Z,2.25,2.37,2.25,2.3505,152579.0
WETO,2026-09-24T11:03:00Z,2.36,2.36,2.2,2.2101,278082.0
WETO,2026-09-24T11:04:00Z,2.2103,2.23,2.18,2.23,212052.0
WETO,2026-09-24T11:05:00Z,2.229,2.27,2.22,2.24,95356.0
WETO,2026-09-24T11:06:00Z,2.2301,2.27,2.23,2.26,51943.0
WETO,2026-09-24T11:07:00Z,2.2596,2.26,2.23,2.25,41838.0
WETO,2026-09-24T11:08:00Z,2.2404,2.26,2.23,2.24,44091.0
WETO,2026-09-24T11:09:00Z,2.23,2.24,2.22,2.2203,24773.0
WETO,2026-09-24T11:10:00Z,2.23,2.32,2.22,2.3,138375.0
WETO,2026-09-24T11:11:00Z,2.3001,2.33,2.25,2.2501,139020.0
WETO,2026-09-24T11:12:00Z,2.255,2.26,2.25,2.26,33123.0
WETO,2026-09-24T11:13:00Z,2.25,2.28,2.25,2.2701,54539.0
WETO,2026-09-24T11:14:00Z,2.28,2.28,2.24,2.25,30633.0
WETO,2026-09-24T11:15:00Z,2.2404,2.26,2.23,2.2304,28665.0
WETO,2026-09-24T11:16:00Z,2.2301,2.25,2.23,2.23,18907.0
WETO,2026-09-24T11:17:00Z,2.2396,2.25,2.2396,2.25,15492.0
WETO,2026-09-24T11:18:00Z,2.24,2.242,2.23,2.23,23620.0
WETO,2026-09-24T11:19:00Z,2.23,2.24,2.2,2.21,65307.0
WETO,2026-09-24T11:20:00Z,2.2001,2.21,2.16,2.16,77036.0
WETO,2026-09-24T11:21:00Z,2.16,2.17,2.16,2.16,42372.0
WETO,2026-09-24T11:22:00Z,2.1601,2.17,2.16,2.17,28379.0
WETO,2026-09-24T11:23:00Z,2.17,2.23,2.1601,2.2196,86728.0
WETO,2026-09-24T11:24:00Z,2.22,2.22,2.21,2.21,25531.0
WETO,2026-09-24T11:25:00Z,2.2197,2.2197,2.19,2.19,10728.0
WETO,2026-09-24T11:26:00Z,2.19,2.1999,2.18,2.1801,15681.0
WETO,2026-09-24T11:27:00Z,2.19,2.2,2.1804,2.19,10718.0
WETO,2026-09-24T11:28:00Z,2.1802,2.2,2.18,2.1996,16975.0
WETO,2026-09-24T11:29:00Z,2.2,2.2196,2.18,2.2085,33881.0
WETO,2026-09-24T11:30:00Z,2.2096,2.21,2.2,2.2096,8386.0
WETO,2026-09-24T11:31:00Z,2.2,2.21,2.17,2.1704,43157.0
WETO,2026-09-24T11:32:00Z,2.17,2.17,2.15,2.16,48076.0
WETO,2026-09-24T11:33:00Z,2.15,2.1696,2.15,2.15,24348.0
WETO,2026-09-24T11:34:00Z,2.1596,2.16,2.15,2.1596,11351.0
WETO,2026-09-24T11:35:00Z,2.15,2.18,2.15,2.17,24170.0
WETO,2026-09-24T11:36:00Z,2.1603,2.19,2.1603,2.18,14040.0
WETO,2026-09-24T11:37:00Z,2.1885,2.19,2.16,2.16,14368.0
WETO,2026-09-24T11:38:00Z,2.1696,2.17,2.16,2.17,16173.0
WETO,2026-09-24T11:39:00Z,2.1601,2.17,2.16,2.17,12031.0
WETO,2026-09-24T11:40:00Z,2.16,2.18,2.15,2.1797,18551.0
WETO,2026-09-24T11:41:00Z,2.17,2.19,2.17,2.17,10851.0
WETO,2026-09-24T11:42:00Z,2.18,2.18,2.17,2.17,8703.0
WETO,2026-09-24T11:43:00Z,2.17,2.19,2.17,2.18,15625.0
WETO,2026-09-24T11:44:00Z,2.19,2.19,2.18,2.18,8978.0
WETO,2026-09-24T11:45:00Z,2.19,2.21,2.1804,2.21,19648.0
WETO,2026-09-24T11:46:00Z,2.2096,2.23,2.2004,2.22,50317.0
WETO,2026-09-24T11:47:00Z,2.22,2.2266,2.2,2.22,41805.0
WETO,2026-09-24T11:48:00Z,2.21,2.22,2.21,2.22,14282.0
WETO,2026-09-24T11:49:00Z,2.2104,2.22,2.2,2.21,19412.0
WETO,2026-09-24T11:50:00Z,2.21,2.23,2.21,2.23,25804.0
WETO,2026-09-24T11:51:00Z,2.22,2.22,2.21,2.22,19158.0
WETO,2026-09-24T11:52:00Z,2.21,2.22,2.21,2.2112,9095.0
WETO,2026-09-24T11:53:00Z,2.21,2.22,2.21,2.22,10299.0
WETO,2026-09-24T11:54:00Z,2.2101,2.27,2.21,2.24,76403.0
WETO,2026-09-24T11:55:00Z,2.25,2.27,2.2396,2.26,72390.0
WETO,2026-09-24T11:56:00Z,2.27,2.28,2.25,2.26,70008.0
WETO,2026-09-24T11:57:00Z,2.26,2.275,2.2102,2.2204,66829.0
WETO,2026-09-24T11:58:00Z,2.22,2.22,2.21,2.22,18505.0
WETO,2026-09-24T11:59:00Z,2.2199,2.22,2.18,2.1803,38643.0
WETO,2026-09-24T12:00:00Z,2.1801,2.24,2.18,2.2399,22359.0
WETO,2026-09-24T12:01:00Z,2.24,2.24,2.19,2.2,19750.0
WETO,2026-09-24T12:02:00Z,2.2004,2.21,2.17,2.1802,31011.0
WETO,2026-09-24T12:03:00Z,2.1801,2.2,2.18,2.1903,10441.0
WETO,2026-09-24T12:04:00Z,2.19,2.2,2.19,2.1904,7587.0
WETO,2026-09-24T12:05:00Z,2.1904,2.2,2.18,2.18,16528.0
WETO,2026-09-24T12:06:00Z,2.18,2.19,2.17,2.17,16423.0
WETO,2026-09-24T12:07:00Z,2.18,2.18,2.17,2.18,21721.0
WETO,2026-09-24T12:08:00Z,2.17,2.19,2.16,2.19,24514.0
WETO,2026-09-24T12:09:00Z,2.18,2.19,2.18,2.19,7091.0
WETO,2026-09-24T12:10:00Z,2.1801,2.2004,2.17,2.2,45871.0
WETO,2026-09-24T12:11:00Z,2.18,2.2,2.18,2.2,9908.0
WETO,2026-09-24T12:12:00Z,2.2,2.21,2.19,2.2085,15730.0
WETO,2026-09-24T12:13:00Z,2.21,2.22,2.18,2.1801,22135.0
WETO,2026-09-24T12:14:00Z,2.1803,2.19,2.18,2.181,9286.0
WETO,2026-09-24T12:15:00Z,2.1803,2.19,2.18,2.18,8810.0
WETO,2026-09-24T12:16:00Z,2.1896,2.19,2.18,2.19,4255.0
WETO,2026-09-24T12:17:00Z,2.1804,2.19,2.18,2.1896,6142.0
WETO,2026-09-24T12:18:00Z,2.1896,2.19,2.16,2.18,35222.0
WETO,2026-09-24T12:19:00Z,2.1801,2.19,2.18,2.1899,9279.0
WETO,2026-09-24T12:20:00Z,2.18,2.19,2.17,2.17,6714.0
WETO,2026-09-24T12:21:00Z,2.17,2.18,2.17,2.1796,11861.0
WETO,2026-09-24T12:22:00Z,2.18,2.19,2.17,2.1896,12516.0
WETO,2026-09-24T12:23:00Z,2.1898,2.19,2.17,2.1799,14339.0
WETO,2026-09-24T12:24:00Z,2.1704,2.18,2.17,2.1702,4824.0
WETO,2026-09-24T12:25:00Z,2.1796,2.18,2.17,2.1703,11154.0
WETO,2026-09-24T12:26:00Z,2.1702,2.18,2.17,2.17,12984.0
WETO,2026-09-24T12:27:00Z,2.1796,2.18,2.17,2.18,17708.0
WETO,2026-09-24T12:28:00Z,2.18,2.18,2.17,2.1704,4196.0
WETO,2026-09-24T12:29:00Z,2.1704,2.18,2.17,2.17,14330.0
WETO,2026-09-24T12:30:00Z,2.1701,2.1701,2.15,2.15,22061.0
WETO,2026-09-24T12:31:00Z,2.155,2.16,2.15,2.16,13406.0
WETO,2026-09-24T12:32:00Z,2.15,2.16,2.15,2.16,10679.0
WETO,2026-09-24T12:33:00Z,2.1503,2.16,2.15,2.15,17354.0
WETO,2026-09-24T12:34:00Z,2.15,2.16,2.12,2.1285,40498.0
WETO,2026-09-24T12:35:00Z,2.125,2.13,2.0001,2.0001,162666.0
WETO,2026-09-24T12:36:00Z,2.0001,2.03,1.95,2.0204,189015.0
WETO,2026-09-24T12:37:00Z,2.0204,2.03,1.99,2.0199,93540.0
WETO,2026-09-24T12:38:00Z,2.01,2.0101,1.97,1.99,56981.0
WETO,2026-09-24T12:39:00Z,1.9901,2.01,1.99,1.99,30517.0
WETO,2026-09-24T12:40:00Z,1.995,2.0,1.98,1.98,18678.0
WETO,2026-09-24T12:41:00Z,1.98,1.99,1.83,1.8301,168867.0
WETO,2026-09-24T12:42:00Z,1.84,1.86,1.8,1.8599,229264.0
WETO,2026-09-24T12:43:00Z,1.86,1.92,1.8501,1.8904,103500.0
WETO,2026-09-24T12:44:00Z,1.9,1.95,1.9,1.9404,59058.0
WETO,2026-09-24T12:45:00Z,1.9499,1.95,1.94,1.9401,27301.0
WETO,2026-09-24T12:46:00Z,1.9499,1.95,1.89,1.93,86304.0
WETO,2026-09-24T12:47:00Z,1.92,1.94,1.92,1.9396,21964.0
WETO,2026-09-24T12:48:00Z,1.93,1.94,1.93,1.9396,7354.0
WETO,2026-09-24T12:49:00Z,1.94,1.95,1.92,1.9499,33650.0
WETO,2026-09-24T12:50:00Z,1.95,1.97,1.95,1.96,24703.0
WETO,2026-09-24T12:51:00Z,1.96,1.99,1.96,1.9896,42596.0
WETO,2026-09-24T12:52:00Z,1.9804,1.99,1.98,1.98,18933.0
WETO,2026-09-24T12:53:00Z,1.99,1.99,1.98,1.9885,34059.0
WETO,2026-09-24T12:54:00Z,1.98,2.0,1.98,2.0,39539.0
WETO,2026-09-24T12:55:00Z,2.0,2.04,2.0,2.0399,35783.0
WETO,2026-09-24T12:56:00Z,2.0396,2.04,2.0,2.0104,37448.0
WETO,2026-09-24T12:57:00Z,2.02,2.05,2.02,2.04,45683.0
WETO,2026-09-24T12:58:00Z,2.04,2.0501,2.04,2.05,24270.0
WETO,2026-09-24T12:59:00Z,2.04,2.05,2.03,2.0404,41407.0
WETO,2026-09-24T13:00:00Z,2.05,2.07,2.04,2.0601,22935.0
WETO,2026-09-24T13:01:00Z,2.0697,2.07,2.0496,2.0496,23143.0
WETO,2026-09-24T13:02:00Z,2.0496,2.05,2.04,2.0404,21604.0
WETO,2026-09-24T13:03:00Z,2.05,2.05,2.0,2.0097,44665.0
WETO,2026-09-24T13:04:00Z,2.0,2.01,1.96,1.96,41197.0
WETO,2026-09-24T13:05:00Z,1.96,2.0,1.96,1.9815,30191.0
WETO,2026-09-24T13:06:00Z,1.9804,2.04,1.9804,2.04,18711.0
WETO,2026-09-24T13:07:00Z,2.0302,2.04,2.02,2.0288,13172.0
WETO,2026-09-24T13:08:00Z,2.0204,2.03,2.0104,2.0104,12741.0
WETO,2026-09-24T13:09:00Z,2.0104,2.02,1.98,1.9899,14501.0
WETO,2026-09-24T13:10:00Z,1.99,2.0085,1.9804,2.0085,10224.0
WETO,2026-09-24T13:11:00Z,2.01,2.03,2.01,2.03,24135.0
WETO,2026-09-24T13:12:00Z,2.03,2.03,2.01,2.01,9688.0
WETO,2026-09-24T13:13:00Z,2.0197,2.05,2.01,2.0403,18571.0
WETO,2026-09-24T13:14:00Z,2.0488,2.05,2.04,2.05,14624.0
WETO,2026-09-24T13:15:00Z,2.04,2.05,2.0399,2.0399,11283.0
WETO,2026-09-24T13:16:00Z,2.0396,2.04,2.03,2.0301,7519.0
WETO,2026-09-24T13:17:00Z,2.0396,2.04,2.01,2.02,17657.0
WETO,2026-09-24T13:18:00Z,2.01,2.03,2.0,2.0,18186.0
WETO,2026-09-24T13:19:00Z,2.0001,2.02,2.0,2.0104,13731.0
WETO,2026-09-24T13:20:00Z,2.0104,2.04,2.01,2.03,9422.0
WETO,2026-09-24T13:21:00Z,2.04,2.0496,2.03,2.0401,10188.0
WETO,2026-09-24T13:22:00Z,2.0496,2.07,2.04,2.07,15730.0
WETO,2026-09-24T13:23:00Z,2.07,2.07,2.05,2.0596,15663.0
WETO,2026-09-24T13:24:00Z,2.0501,2.06,2.05,2.0599,25867.0
WETO,2026-09-24T13:25:00Z,2.05,2.05,2.01,2.0201,24055.0
WETO,2026-09-24T13:26:00Z,2.03,2.04,2.01,2.0201,22612.0
WETO,2026-09-24T13:27:00Z,2.03,2.0599,2.03,2.03,10761.0
WETO,2026-09-24T13:28:00Z,2.03,2.03,2.0,2.02,20824.0
WETO,2026-09-24T13:29:00Z,2.02,2.03,2.0,2.01,21775.0
WETO,2026-09-24T13:30:00Z,2.02,2.02,1.86,1.9283,270619.0
WETO,2026-09-24T13:31:00Z,1.92,2.02,1.92,2.005,137309.0
WETO,2026-09-24T13:32:00Z,2.0083,2.01,1.955,1.9899,105381.0
WETO,2026-09-24T13:33:00Z,1.9899,2.0,1.96,1.985,53726.0
WETO,2026-09-24T13:34:00Z,1.985,2.09,1.98,2.02,174696.0
WETO,2026-09-24T13:35:00Z,2.0198,2.12,2.0101,2.0698,213097.0
WETO,2026-09-24T13:36:00Z,2.07,2.1399,2.05,2.095,188727.0
WETO,2026-09-24T13:37:00Z,2.095,2.19,2.0701,2.19,259002.0
WETO,2026-09-24T13:38:00Z,2.185,2.185,2.12,2.135,245978.0
WETO,2026-09-24T13:39:00Z,2.1308,2.14,2.07,2.105,180576.0
WETO,2026-09-24T13:40:00Z,2.105,2.105,2.02,2.045,173204.0
WETO,2026-09-24T13:41:00Z,2.05,2.05,1.96,2.005,185293.0
WETO,2026-09-24T13:42:00Z,2.0092,2.01,1.97,1.99,97878.0
WETO,2026-09-24T13:43:00Z,1.99,1.99,1.93,1.93,86419.0
WETO,2026-09-24T13:44:00Z,1.9308,1.96,1.88,1.9201,168596.0
WETO,2026-09-24T13:45:00Z,1.9208,1.95,1.92,1.94,61995.0
WETO,2026-09-24T13:46:00Z,1.935,1.99,1.9308,1.99,97761.0
WETO,2026-09-24T13:47:00Z,1.9803,2.0,1.951,1.965,62031.0
WETO,2026-09-24T13:48:00Z,1.965,1.98,1.96,1.965,53094.0
WETO,2026-09-24T13:49:00Z,1.965,2.02,1.96,1.995,60673.0
WETO,2026-09-24T13:50:00Z,1.995,2.04,1.98,2.035,89681.0
WETO,2026-09-24T13:51:00Z,2.035,2.06,2.03,2.06,128571.0
WETO,2026-09-24T13:52:00Z,2.055,2.1,2.05,2.07,121121.0
WETO,2026-09-24T13:53:00Z,2.0699,2.08,1.97,1.9708,152106.0
WETO,2026-09-24T13:54:00Z,1.97,2.01,1.97,1.9912,56190.0
WETO,2026-09-24T13:55:00Z,1.995,2.02,1.9908,1.9992,46935.0
WETO,2026-09-24T13:56:00Z,1.995,2.0,1.97,1.985,57467.0
WETO,2026-09-24T13:57:00Z,1.9808,2.01,1.98,1.999,30247.0
WETO,2026-09-24T13:58:00Z,2.0,2.0,1.95,1.9608,81798.0
WETO,2026-09-24T13:59:00Z,1.965,1.99,1.96,1.985,45594.0
WETO,2026-09-24T14:00:00Z,1.99,2.02,1.9801,1.9902,41154.0
WETO,2026-09-24T14:01:00Z,1.99,2.0,1.97,1.98,28492.0
WETO,2026-09-24T14:02:00Z,1.9725,1.9899,1.96,1.965,28479.0
WETO,2026-09-24T14:03:00Z,1.9608,1.9692,1.9,1.9,106925.0
WETO,2026-09-24T14:04:00Z,1.9092,1.9092,1.82,1.84,204882.0
WETO,2026-09-24T14:05:00Z,1.835,1.84,1.74,1.795,342336.0
WETO,2026-09-24T14:06:00Z,1.79,1.8,1.75,1.7799,106655.0
WETO,2026-09-24T14:07:00Z,1.77,1.8,1.77,1.795,53132.0
WETO,2026-09-24T14:08:00Z,1.795,1.8,1.77,1.7707,86514.0
WETO,2026-09-24T14:09:00Z,1.78,1.78,1.73,1.77,125612.0
WETO,2026-09-24T14:10:00Z,1.77,1.82,1.77,1.805,90432.0
WETO,2026-09-24T14:11:00Z,1.81,1.81,1.78,1.7807,51126.0
WETO,2026-09-24T14:12:00Z,1.78,1.79,1.78,1.7807,31620.0
WETO,2026-09-24T14:13:00Z,1.7801,1.8,1.78,1.7807,30991.0
WETO,2026-09-24T14:14:00Z,1.785,1.79,1.78,1.785,15566.0
WETO,2026-09-24T14:15:00Z,1.785,1.79,1.78,1.78,26278.0
WETO,2026-09-24T14:16:00Z,1.785,1.79,1.755,1.7888,103755.0
WETO,2026-09-24T14:17:00Z,1.785,1.79,1.78,1.785,16503.0
WETO,2026-09-24T14:18:00Z,1.789,1.8299,1.779,1.8,134245.0
WETO,2026-09-24T14:19:00Z,1.8,1.8,1.78,1.7807,38516.0
WETO,2026-09-24T14:20:00Z,1.7807,1.79,1.78,1.785,13205.0
WETO,2026-09-24T14:21:00Z,1.78,1.79,1.76,1.785,41620.0
WETO,2026-09-24T14:22:00Z,1.785,1.815,1.78,1.815,22222.0
WETO,2026-09-24T14:23:00Z,1.81,1.8175,1.795,1.805,33118.0
WETO,2026-09-24T14:24:00Z,1.805,1.83,1.805,1.8201,36880.0
WETO,2026-09-24T14:25:00Z,1.825,1.835,1.81,1.82,29436.0
WETO,2026-09-24T14:26:00Z,1.8197,1.82,1.805,1.805,31349.0
WETO,2026-09-24T14:27:00Z,1.805,1.81,1.8,1.8,31356.0
WETO,2026-09-24T14:28:00Z,1.8007,1.81,1.8,1.8093,14086.0
WETO,2026-09-24T14:29:00Z,1.8,1.83,1.8,1.8272,40333.0
WETO,2026-09-24T14:30:00Z,1.83,1.84,1.8208,1.835,24895.0
WETO,2026-09-24T14:31:00Z,1.8393,1.84,1.8007,1.8007,22814.0
WETO,2026-09-24T14:32:00Z,1.8093,1.83,1.8001,1.825,28412.0
WETO,2026-09-24T14:33:00Z,1.82,1.83,1.8,1.805,43220.0
WETO,2026-09-24T14:34:00Z,1.8,1.81,1.78,1.78,38793.0
WETO,2026-09-24T14:35:00Z,1.78,1.8,1.775,1.775,34972.0
WETO,2026-09-24T14:36:00Z,1.7707,1.78,1.77,1.77,26347.0
WETO,2026-09-24T14:37:00Z,1.775,1.79,1.765,1.775,50707.0
WETO,2026-09-24T14:38:00Z,1.775,1.78,1.74,1.75,49269.0
WETO,2026-09-24T14:39:00Z,1.75,1.76,1.735,1.7407,64637.0
WETO,2026-09-24T14:40:00Z,1.745,1.76,1.74,1.7501,20950.0
WETO,2026-09-24T14:41:00Z,1.7507,1.77,1.73,1.7501,56604.0
WETO,2026-09-24T14:42:00Z,1.7501,1.76,1.7412,1.7507,21208.0
WETO,2026-09-24T14:43:00Z,1.7507,1.76,1.75,1.755,8442.0
WETO,2026-09-24T14:44:00Z,1.755,1.77,1.7401,1.7501,25218.0
WETO,2026-09-24T14:45:00Z,1.7504,1.76,1.745,1.7597,18862.0
WETO,2026-09-24T14:46:00Z,1.7597,1.77,1.75,1.765,10177.0
WETO,2026-09-24T14:47:00Z,1.76,1.77,1.76,1.765,40320.0
WETO,2026-09-24T14:48:00Z,1.765,1.77,1.7613,1.769,7097.0
WETO,2026-09-24T14:49:00Z,1.769,1.77,1.76,1.77,15475.0
WETO,2026-09-24T14:50:00Z,1.7601,1.7607,1.74,1.7493,16653.0
WETO,2026-09-24T14:51:00Z,1.7407,1.76,1.74,1.75,13116.0
WETO,2026-09-24T14:52:00Z,1.745,1.75,1.74,1.74,23262.0
WETO,2026-09-24T14:53:00Z,1.74,1.75,1.74,1.745,11942.0
WETO,2026-09-24T14:54:00Z,1.7401,1.76,1.74,1.7414,19555.0
WETO,2026-09-24T14:55:00Z,1.74,1.745,1.73,1.7301,12222.0
WETO,2026-09-24T14:56:00Z,1.7307,1.74,1.73,1.73,14711.0
WETO,2026-09-24T14:57:00Z,1.73,1.745,1.73,1.74,12963.0
WETO,2026-09-24T14:58:00Z,1.74,1.75,1.74,1.7499,8674.0
WETO,2026-09-24T14:59:00Z,1.74,1.75,1.74,1.745,4571.0
WETO,2026-09-24T15:00:00Z,1.75,1.82,1.745,1.815,95621.0
WETO,2026-09-24T15:01:00Z,1.8107,1.87,1.81,1.85,137776.0
WETO,2026-09-24T15:02:00Z,1.87,1.88,1.83,1.875,117285.0
WETO,2026-09-24T15:03:00Z,1.875,1.9,1.87,1.8897,106638.0
WETO,2026-09-24T15:04:00Z,1.89,1.91,1.84,1.87,115779.0
WETO,2026-09-24T15:05:00Z,1.8697,1.8899,1.8403,1.865,62286.0
WETO,2026-09-24T15:06:00Z,1.87,1.87,1.84,1.85,44531.0
WETO,2026-09-24T15:07:00Z,1.8508,1.86,1.85,1.8508,15922.0
WETO,2026-09-24T15:08:00Z,1.855,1.87,1.85,1.855,24424.0
WETO,2026-09-24T15:09:00Z,1.8501,1.89,1.8501,1.8898,43593.0
WETO,2026-09-24T15:10:00Z,1.885,1.97,1.885,1.9308,198019.0
WETO,2026-09-24T15:11:00Z,1.9399,1.9399,1.82,1.83,185962.0
WETO,2026-09-24T15:12:00Z,1.8298,1.84,1.8101,1.84,34898.0
WETO,2026-09-24T15:13:00Z,1.8399,1.84,1.75,1.7899,125582.0
WETO,2026-09-24T15:14:00Z,1.788,1.81,1.7807,1.8007,36296.0
WETO,2026-09-24T15:15:00Z,1.8,1.825,1.8,1.815,33463.0
WETO,2026-09-24T15:16:00Z,1.818,1.82,1.8007,1.8107,21713.0
WETO,2026-09-24T15:17:00Z,1.8107,1.815,1.81,1.8107,7355.0
WETO,2026-09-24T15:18:00Z,1.8107,1.82,1.81,1.815,12653.0
WETO,2026-09-24T15:19:00Z,1.815,1.8199,1.81,1.8199,4833.0
WETO,2026-09-24T15:20:00Z,1.815,1.85,1.81,1.83,53405.0
WETO,2026-09-24T15:21:00Z,1.8217,1.85,1.82,1.845,18396.0
WETO,2026-09-24T15:22:00Z,1.841,1.85,1.83,1.84,21230.0
WETO,2026-09-24T15:23:00Z,1.84,1.87,1.835,1.855,32458.0
WETO,2026-09-24T15:24:00Z,1.855,1.87,1.8525,1.87,18723.0
WETO,2026-09-24T15:25:00Z,1.87,1.87,1.83,1.85,68326.0
WETO,2026-09-24T15:26:00Z,1.8492,1.85,1.84,1.845,15808.0
WETO,2026-09-24T15:27:00Z,1.845,1.85,1.84,1.85,19616.0
WETO,2026-09-24T15:28:00Z,1.85,1.87,1.84,1.8692,27351.0
WETO,2026-09-24T15:29:00Z,1.865,1.88,1.85,1.87,49929.0
WETO,2026-09-24T15:30:00Z,1.875,1.88,1.85,1.85,41125.0
WETO,2026-09-24T15:31:00Z,1.85,1.85,1.8206,1.8206,5105.0
