decision_id,ts_et,session,symbol,source,session_id,source_name,data_status,bar_resolution,last,bid,ask,session_high,volume,rvol,change_pct,float_shares,float_quality,float_source,catalyst,halted,verdict,killed_by,plan_allowed,gates_json,warnings_json,inputs_json,trigger,stop,target,risk_share,reward_multiple,pullback_candles,volume_ok,outcome,refusal_reasons_json,acted_at,recorded_at,rules_hash,code_commit,bar_end_ts,clocks_json,chart_json,ref_price,mfe_r_planned,mae_r_planned,stop_hit,target_hit,first_hit,trigger_hit,trigger_hit_ts,h30,l30,c_close
ebcd641ee2b3a4b8,2026-09-24T04:05:00-04:00,none,GRML,pullback,ibkr-GRML-GCTK-WETO,IBKR · TWS read-only · live,live-backfill,1m,13.91,,,14.03,432592.0,0.03711906663196036,24.307417336907953,2870000.0,verified,finviz via premarket_stars.py,1,0,WATCH,,1,"[{""id"": ""price"", ""kills"": true, ""reason"": ""$13.91 is outside $2.00\u201320.00."", ""state"": ""PASS"", ""value"": ""$13.91  band $2.00\u201320.00""}, {""id"": ""float"", ""kills"": false, ""reason"": """", ""state"": ""PASS"", ""value"": ""2.9M (verified)""}, {""id"": ""catalyst"", ""kills"": false, ""reason"": """", ""state"": ""PASS"", ""value"": ""news today \u00b7 WEAK""}, {""id"": ""pillars"", ""kills"": true, ""reason"": ""Only 4 of the Five Pillars pass (need 4); missing rvol."", ""state"": ""PASS"", ""value"": ""4/5 \u2014 missing rvol""}, {""id"": ""rising"", ""kills"": true, ""reason"": ""0.9% off the high \u2014 back side of the move."", ""state"": ""PASS"", ""value"": ""0.9% off 14.03""}, {""id"": ""split"", ""kills"": false, ""reason"": """", ""state"": ""PASS"", ""value"": ""gap is not arithmetic""}, {""id"": ""instrument"", ""kills"": false, ""reason"": """", ""state"": ""UNKNOWN"", ""value"": ""\u2014""}, {""id"": ""tick"", ""kills"": false, ""reason"": """", ""state"": ""UNKNOWN"", ""value"": ""\u2014""}, {""id"": ""buyout"", ""kills"": true, ""reason"": ""Acquisition announced \u2014 the price is pinned and volatility is gone."", ""state"": ""PASS"", ""value"": ""none""}, {""id"": ""vwap"", ""kills"": false, ""reason"": """", ""state"": ""PASS"", ""value"": ""yes""}, {""id"": ""ema9"", ""kills"": false, ""reason"": """", ""state"": ""UNKNOWN"", ""value"": ""\u2014""}, {""id"": ""macd"", ""kills"": false, ""reason"": """", ""state"": ""UNKNOWN"", ""value"": ""\u2014""}, {""id"": ""tape"", ""kills"": false, ""reason"": ""No tape and no book in this tool."", ""state"": ""MANUAL_CONFIRMATION_REQUIRED"", ""value"": ""your eyes""}]","[""Instrument type unknown \u2014 ADRs are fine, funds are not."", ""Session volume 0.43M is under the 1M floor \u2014 the band he measured himself losing in."", ""RVOL 0.04x is under the 1.5x trade floor (the 5x is a scanner dial, not a gate).""]","{""above_ema9"": null, ""above_vwap"": true, ""buyout_announced"": false, ""catalyst_source_ok"": true, ""catalyst_today"": true, ""catalyst_verdict"": ""WEAK"", ""change_pct"": 24.307417336907953, ""feed_stale"": false, ""float_is_shares_outstanding"": false, ""float_shares"": 2870000.0, ""float_verified"": true, ""halted"": false, ""in_session_window"": true, ""is_fund_or_etf"": null, ""last"": 13.91, ""live_theme"": false, ""macd_positive_and_above_signal"": null, ""penny_theme"": false, ""premarket_volume"": null, ""prev_close"": null, ""rvol"": 0.03711906663196036, ""session_high"": 14.03, ""session_volume"": 432592.0, ""split_ratio_clean_integer"": null, ""symbol"": ""GRML"", ""tick_size"": null}",13.7,13.44,14.22,0.26,2.0,1,1,REFUSED,"[""bar is outside the 07:00-16:00 ET session window (session 'none'); nothing is traded there"", ""bar clock: the bar closed 8105s before the runner saw it (budget 120s); a stale plan is not the trade the cascade reviewed (bar close \u2192 published 8102s, published \u2192 runner 3s)"", ""backfill decision: armed on loaded history, inputs not point-in-time (bar clock: the bar predates the desk's start; a fresh publication time does not make it fresh)"", ""Layer 2 not green: verdict WATCH \u2014 chart gates must all be true at entry""]",2026-09-24T10:21:05+00:00,2026-09-24T10:21:02+00:00,29c30d884550,4cfb953,2026-09-24T04:06:00-04:00,"{""bar_end"": ""2026-09-24T04:06:00-04:00"", ""bar_to_published_s"": 8102, ""published"": ""2026-09-24T10:21:02+00:00"", ""published_to_seen_s"": 3, ""quote_ts"": ""2026-09-24T10:21:03+00:00"", ""runner_seen"": ""2026-09-24T10:21:05+00:00""}",,13.7,8.8462,-6.4231,1,1,target,1,2026-09-24T08:06:00Z,15.39,13.71,14.46
35088e40e4df5367,2026-09-24T04:09:00-04:00,none,WETO,pullback,ibkr-GRML-GCTK-WETO,IBKR · TWS read-only · live,live-backfill,1m,2.375,,,2.7,2245654.0,0.5786294922132968,63.793103448275865,910000.0,verified,finviz via premarket_stars.py,0,0,REJECT,pillars,0,"[{""id"": ""price"", ""kills"": true, ""reason"": ""$2.38 is outside $2.00\u201320.00."", ""state"": ""PASS"", ""value"": ""$2.38  band $2.00\u201320.00""}, {""id"": ""float"", ""kills"": false, ""reason"": """", ""state"": ""PASS"", ""value"": ""0.9M (verified)""}, {""id"": ""catalyst"", ""kills"": false, ""reason"": ""No catalyst dated today and no live theme it belongs to."", ""state"": ""FAIL"", ""value"": ""none""}, {""id"": ""pillars"", ""kills"": true, ""reason"": ""Only 3 of the Five Pillars pass (need 4); missing rvol, catalyst."", ""state"": ""FAIL"", ""value"": ""3/5 \u2014 missing rvol, catalyst""}, {""id"": ""rising"", ""kills"": false, ""reason"": ""cascade already stopped"", ""state"": ""NOT_APPLICABLE"", ""value"": ""\u2014""}, {""id"": ""split"", ""kills"": false, ""reason"": ""cascade already stopped"", ""state"": ""NOT_APPLICABLE"", ""value"": ""\u2014""}, {""id"": ""instrument"", ""kills"": false, ""reason"": ""cascade already stopped"", ""state"": ""NOT_APPLICABLE"", ""value"": ""\u2014""}, {""id"": ""tick"", ""kills"": false, ""reason"": ""cascade already stopped"", ""state"": ""NOT_APPLICABLE"", ""value"": ""\u2014""}, {""id"": ""buyout"", ""kills"": false, ""reason"": ""cascade already stopped"", ""state"": ""NOT_APPLICABLE"", ""value"": ""\u2014""}]","[""No catalyst dated today and no live theme (A2: flagged, not killed; the read-out splits this cohort).""]","{""above_ema9"": true, ""above_vwap"": false, ""buyout_announced"": false, ""catalyst_source_ok"": true, ""catalyst_today"": false, ""catalyst_verdict"": ""NONE"", ""change_pct"": 63.793103448275865, ""feed_stale"": false, ""float_is_shares_outstanding"": false, ""float_shares"": 910000.0, ""float_verified"": true, ""halted"": false, ""in_session_window"": true, ""is_fund_or_etf"": null, ""last"": 2.375, ""live_theme"": false, ""macd_positive_and_above_signal"": null, ""penny_theme"": false, ""premarket_volume"": null, ""prev_close"": null, ""rvol"": 0.5786294922132968, ""session_high"": 2.7, ""session_volume"": 2245654.0, ""split_ratio_clean_integer"": null, ""symbol"": ""WETO"", ""tick_size"": null}",2.34,2.26,2.5,0.08,2.0,1,1,SUPPRESSED,,,2026-09-24T10:21:02+00:00,29c30d884550,4cfb953,2026-09-24T04:10:00-04:00,,,2.34,2.0,-7.625,1,1,stop,1,2026-09-24T08:10:00Z,2.5,2.11,1.8206
bab85957052dfad8,2026-09-24T04:19:00-04:00,none,GCTK,pullback,ibkr-GRML-GCTK-WETO,IBKR · TWS read-only · live,live-backfill,1m,4.6303,,,4.92,3031018.0,45.30872834357296,128.09359605911334,640000.0,verified,finviz via premarket_stars.py,1,0,WATCH,,1,"[{""id"": ""price"", ""kills"": true, ""reason"": ""$4.63 is outside $2.00\u201320.00."", ""state"": ""PASS"", ""value"": ""$4.63  band $2.00\u201320.00""}, {""id"": ""float"", ""kills"": false, ""reason"": """", ""state"": ""PASS"", ""value"": ""0.6M (verified)""}, {""id"": ""catalyst"", ""kills"": false, ""reason"": """", ""state"": ""PASS"", ""value"": ""news today \u00b7 WEAK""}, {""id"": ""pillars"", ""kills"": true, ""reason"": ""Only 5 of the Five Pillars pass (need 4); missing ."", ""state"": ""PASS"", ""value"": ""5/5""}, {""id"": ""rising"", ""kills"": true, ""reason"": ""5.9% off the high \u2014 back side of the move."", ""state"": ""PASS"", ""value"": ""5.9% off 4.92""}, {""id"": ""split"", ""kills"": false, ""reason"": """", ""state"": ""PASS"", ""value"": ""gap is not arithmetic""}, {""id"": ""instrument"", ""kills"": false, ""reason"": """", ""state"": ""UNKNOWN"", ""value"": ""\u2014""}, {""id"": ""tick"", ""kills"": false, ""reason"": """", ""state"": ""UNKNOWN"", ""value"": ""\u2014""}, {""id"": ""buyout"", ""kills"": true, ""reason"": ""Acquisition announced \u2014 the price is pinned and volatility is gone."", ""state"": ""PASS"", ""value"": ""none""}, {""id"": ""vwap"", ""kills"": false, ""reason"": """", ""state"": ""PASS"", ""value"": ""yes""}, {""id"": ""ema9"", ""kills"": false, ""reason"": """", ""state"": ""PASS"", ""value"": ""yes""}, {""id"": ""macd"", ""kills"": false, ""reason"": """", ""state"": ""UNKNOWN"", ""value"": ""\u2014""}, {""id"": ""tape"", ""kills"": false, ""reason"": ""No tape and no book in this tool."", ""state"": ""MANUAL_CONFIRMATION_REQUIRED"", ""value"": ""your eyes""}]","[""Instrument type unknown \u2014 ADRs are fine, funds are not.""]","{""above_ema9"": true, ""above_vwap"": true, ""buyout_announced"": false, ""catalyst_source_ok"": true, ""catalyst_today"": true, ""catalyst_verdict"": ""WEAK"", ""change_pct"": 128.09359605911334, ""feed_stale"": false, ""float_is_shares_outstanding"": false, ""float_shares"": 640000.0, ""float_verified"": true, ""halted"": false, ""in_session_window"": true, ""is_fund_or_etf"": null, ""last"": 4.6303, ""live_theme"": false, ""macd_positive_and_above_signal"": null, ""penny_theme"": false, ""premarket_volume"": null, ""prev_close"": null, ""rvol"": 45.30872834357296, ""session_high"": 4.92, ""session_volume"": 3031018.0, ""split_ratio_clean_integer"": null, ""symbol"": ""GCTK"", ""tick_size"": null}",4.66,4.48,5.02,0.18,2.0,3,1,REFUSED,"[""bar is outside the 07:00-16:00 ET session window (session 'none'); nothing is traded there"", ""bar clock: the bar closed 7265s before the runner saw it (budget 120s); a stale plan is not the trade the cascade reviewed (bar close \u2192 published 7262s, published \u2192 runner 3s)"", ""backfill decision: armed on loaded history, inputs not point-in-time (bar clock: the bar predates the desk's start; a fresh publication time does not make it fresh)"", ""Layer 2 not green: verdict WATCH \u2014 chart gates must all be true at entry""]",2026-09-24T10:21:05+00:00,2026-09-24T10:21:02+00:00,29c30d884550,4cfb953,2026-09-24T04:20:00-04:00,"{""bar_end"": ""2026-09-24T04:20:00-04:00"", ""bar_to_published_s"": 7262, ""published"": ""2026-09-24T10:21:02+00:00"", ""published_to_seen_s"": 3, ""quote_ts"": ""2026-09-24T10:21:04+00:00"", ""runner_seen"": ""2026-09-24T10:21:05+00:00""}",,4.66,2.1667,-14.1667,1,1,target,1,2026-09-24T08:20:00Z,5.05,4.2693,2.5717
b84fbaf2dfdd168f,2026-09-24T04:19:00-04:00,none,SPHL,pullback,ibkr-GRML-GCTK-WETO,IBKR · TWS read-only · live,live-backfill,1m,3.7764,,,6.27,1459779.0,174.15093901282785,63.835140997830806,1240000.0,verified,finviz via premarket_stars.py,0,0,REJECT,rising,0,"[{""id"": ""price"", ""kills"": true, ""reason"": ""$3.78 is outside $2.00\u201320.00."", ""state"": ""PASS"", ""value"": ""$3.78  band $2.00\u201320.00""}, {""id"": ""float"", ""kills"": false, ""reason"": """", ""state"": ""PASS"", ""value"": ""1.2M (verified)""}, {""id"": ""catalyst"", ""kills"": false, ""reason"": ""No catalyst dated today and no live theme it belongs to."", ""state"": ""FAIL"", ""value"": ""none""}, {""id"": ""pillars"", ""kills"": true, ""reason"": ""Only 4 of the Five Pillars pass (need 4); missing catalyst."", ""state"": ""PASS"", ""value"": ""4/5 \u2014 missing catalyst""}, {""id"": ""rising"", ""kills"": true, ""reason"": ""39.8% off the high \u2014 back side of the move."", ""state"": ""FAIL"", ""value"": ""39.8% off 6.27""}, {""id"": ""split"", ""kills"": false, ""reason"": ""cascade already stopped"", ""state"": ""NOT_APPLICABLE"", ""value"": ""\u2014""}, {""id"": ""instrument"", ""kills"": false, ""reason"": ""cascade already stopped"", ""state"": ""NOT_APPLICABLE"", ""value"": ""\u2014""}, {""id"": ""tick"", ""kills"": false, ""reason"": ""cascade already stopped"", ""state"": ""NOT_APPLICABLE"", ""value"": ""\u2014""}, {""id"": ""buyout"", ""kills"": false, ""reason"": ""cascade already stopped"", ""state"": ""NOT_APPLICABLE"", ""value"": ""\u2014""}]","[""No catalyst dated today and no live theme (A2: flagged, not killed; the read-out splits this cohort).""]","{""above_ema9"": true, ""above_vwap"": true, ""buyout_announced"": false, ""catalyst_source_ok"": true, ""catalyst_today"": false, ""catalyst_verdict"": ""NONE"", ""change_pct"": 63.835140997830806, ""feed_stale"": false, ""float_is_shares_outstanding"": false, ""float_shares"": 1240000.0, ""float_verified"": true, ""halted"": false, ""in_session_window"": true, ""is_fund_or_etf"": null, ""last"": 3.7764, ""live_theme"": false, ""macd_positive_and_above_signal"": null, ""penny_theme"": false, ""premarket_volume"": null, ""prev_close"": null, ""rvol"": 174.15093901282785, ""session_high"": 6.27, ""session_volume"": 1459779.0, ""split_ratio_clean_integer"": null, ""symbol"": ""SPHL"", ""tick_size"": null}",3.71,3.49,4.15,0.22,2.0,1,0,SUPPRESSED,,,2026-09-24T10:22:05+00:00,29c30d884550,4cfb953,2026-09-24T04:20:00-04:00,,,3.71,0.8636,-5.2727,1,0,stop,1,2026-09-24T08:20:00Z,3.7733,2.82,2.74
fcc9ee51ea6a4183,2026-09-24T04:22:00-04:00,none,GRML,pullback,ibkr-GRML-GCTK-WETO,IBKR · TWS read-only · live,live-backfill,1m,14.3,,,15.3,888354.0,0.0762262624338141,27.792672028596964,2870000.0,verified,finviz via premarket_stars.py,1,0,WATCH,,1,"[{""id"": ""price"", ""kills"": true, ""reason"": ""$14.30 is outside $2.00\u201320.00."", ""state"": ""PASS"", ""value"": ""$14.30  band $2.00\u201320.00""}, {""id"": ""float"", ""kills"": false, ""reason"": """", ""state"": ""PASS"", ""value"": ""2.9M (verified)""}, {""id"": ""catalyst"", ""kills"": false, ""reason"": """", ""state"": ""PASS"", ""value"": ""news today \u00b7 WEAK""}, {""id"": ""pillars"", ""kills"": true, ""reason"": ""Only 4 of the Five Pillars pass (need 4); missing rvol."", ""state"": ""PASS"", ""value"": ""4/5 \u2014 missing rvol""}, {""id"": ""rising"", ""kills"": true, ""reason"": ""6.5% off the high \u2014 back side of the move."", ""state"": ""PASS"", ""value"": ""6.5% off 15.30""}, {""id"": ""split"", ""kills"": false, ""reason"": """", ""state"": ""PASS"", ""value"": ""gap is not arithmetic""}, {""id"": ""instrument"", ""kills"": false, ""reason"": """", ""state"": ""UNKNOWN"", ""value"": ""\u2014""}, {""id"": ""tick"", ""kills"": false, ""reason"": """", ""state"": ""UNKNOWN"", ""value"": ""\u2014""}, {""id"": ""buyout"", ""kills"": true, ""reason"": ""Acquisition announced \u2014 the price is pinned and volatility is gone."", ""state"": ""PASS"", ""value"": ""none""}, {""id"": ""vwap"", ""kills"": false, ""reason"": """", ""state"": ""PASS"", ""value"": ""yes""}, {""id"": ""ema9"", ""kills"": false, ""reason"": """", ""state"": ""PASS"", ""value"": ""yes""}, {""id"": ""macd"", ""kills"": false, ""reason"": """", ""state"": ""UNKNOWN"", ""value"": ""\u2014""}, {""id"": ""tape"", ""kills"": false, ""reason"": ""No tape and no book in this tool."", ""state"": ""MANUAL_CONFIRMATION_REQUIRED"", ""value"": ""your eyes""}]","[""Instrument type unknown \u2014 ADRs are fine, funds are not."", ""Session volume 0.89M is under the 1M floor \u2014 the band he measured himself losing in."", ""RVOL 0.08x is under the 1.5x trade floor (the 5x is a scanner dial, not a gate).""]","{""above_ema9"": true, ""above_vwap"": true, ""buyout_announced"": false, ""catalyst_source_ok"": true, ""catalyst_today"": true, ""catalyst_verdict"": ""WEAK"", ""change_pct"": 27.792672028596964, ""feed_stale"": false, ""float_is_shares_outstanding"": false, ""float_shares"": 2870000.0, ""float_verified"": true, ""halted"": false, ""in_session_window"": true, ""is_fund_or_etf"": null, ""last"": 14.3, ""live_theme"": false, ""macd_positive_and_above_signal"": null, ""penny_theme"": false, ""premarket_volume"": null, ""prev_close"": null, ""rvol"": 0.0762262624338141, ""session_high"": 15.3, ""session_volume"": 888354.0, ""split_ratio_clean_integer"": null, ""symbol"": ""GRML"", ""tick_size"": null}",14.35,14.19,14.67,0.16,2.0,2,0,REFUSED,"[""bar is outside the 07:00-16:00 ET session window (session 'none'); nothing is traded there"", ""bar clock: the bar closed 7085s before the runner saw it (budget 120s); a stale plan is not the trade the cascade reviewed (bar close \u2192 published 7082s, published \u2192 runner 3s)"", ""backfill decision: armed on loaded history, inputs not point-in-time (bar clock: the bar predates the desk's start; a fresh publication time does not make it fresh)"", ""Layer 2 not green: pullback volume was not lighter than the impulse"", ""Layer 2 not green: verdict WATCH \u2014 chart gates must all be true at entry""]",2026-09-24T10:21:05+00:00,2026-09-24T10:21:02+00:00,29c30d884550,4cfb953,2026-09-24T04:23:00-04:00,"{""bar_end"": ""2026-09-24T04:23:00-04:00"", ""bar_to_published_s"": 7082, ""published"": ""2026-09-24T10:21:02+00:00"", ""published_to_seen_s"": 3, ""quote_ts"": ""2026-09-24T10:21:03+00:00"", ""runner_seen"": ""2026-09-24T10:21:05+00:00""}",,14.35,10.3125,-14.5,1,1,target,1,2026-09-24T08:23:00Z,15.39,14.1,14.46
cf63209723acbe12,2026-09-24T04:25:00-04:00,none,WETO,pullback,ibkr-GRML-GCTK-WETO,IBKR · TWS read-only · live,live-backfill,1m,2.4695,,,2.7,3494042.0,0.9002970841598626,70.31034482758622,910000.0,verified,finviz via premarket_stars.py,0,0,REJECT,pillars,0,"[{""id"": ""price"", ""kills"": true, ""reason"": ""$2.47 is outside $2.00\u201320.00."", ""state"": ""PASS"", ""value"": ""$2.47  band $2.00\u201320.00""}, {""id"": ""float"", ""kills"": false, ""reason"": """", ""state"": ""PASS"", ""value"": ""0.9M (verified)""}, {""id"": ""catalyst"", ""kills"": false, ""reason"": ""No catalyst dated today and no live theme it belongs to."", ""state"": ""FAIL"", ""value"": ""none""}, {""id"": ""pillars"", ""kills"": true, ""reason"": ""Only 3 of the Five Pillars pass (need 4); missing rvol, catalyst."", ""state"": ""FAIL"", ""value"": ""3/5 \u2014 missing rvol, catalyst""}, {""id"": ""rising"", ""kills"": false, ""reason"": ""cascade already stopped"", ""state"": ""NOT_APPLICABLE"", ""value"": ""\u2014""}, {""id"": ""split"", ""kills"": false, ""reason"": ""cascade already stopped"", ""state"": ""NOT_APPLICABLE"", ""value"": ""\u2014""}, {""id"": ""instrument"", ""kills"": false, ""reason"": ""cascade already stopped"", ""state"": ""NOT_APPLICABLE"", ""value"": ""\u2014""}, {""id"": ""tick"", ""kills"": false, ""reason"": ""cascade already stopped"", ""state"": ""NOT_APPLICABLE"", ""value"": ""\u2014""}, {""id"": ""buyout"", ""kills"": false, ""reason"": ""cascade already stopped"", ""state"": ""NOT_APPLICABLE"", ""value"": ""\u2014""}]","[""No catalyst dated today and no live theme (A2: flagged, not killed; the read-out splits this cohort).""]","{""above_ema9"": true, ""above_vwap"": true, ""buyout_announced"": false, ""catalyst_source_ok"": true, ""catalyst_today"": false, ""catalyst_verdict"": ""NONE"", ""change_pct"": 70.31034482758622, ""feed_stale"": false, ""float_is_shares_outstanding"": false, ""float_shares"": 910000.0, ""float_verified"": true, ""halted"": false, ""in_session_window"": true, ""is_fund_or_etf"": null, ""last"": 2.4695, ""live_theme"": false, ""macd_positive_and_above_signal"": null, ""penny_theme"": false, ""premarket_volume"": null, ""prev_close"": null, ""rvol"": 0.9002970841598626, ""session_high"": 2.7, ""session_volume"": 3494042.0, ""split_ratio_clean_integer"": null, ""symbol"": ""WETO"", ""tick_size"": null}",2.4,2.32,2.56,0.08,2.0,2,1,SUPPRESSED,,,2026-09-24T10:21:02+00:00,29c30d884550,4cfb953,2026-09-24T04:26:00-04:00,,,2.4,0.875,-8.375,1,0,stop,1,2026-09-24T08:26:00Z,2.4696,2.11,1.8206
3967ffdbc930ebaf,2026-09-24T04:27:00-04:00,none,NCPL,pullback,ibkr-GRML-GCTK-PFSA,IBKR · TWS read-only · live,live-backfill,1m,1.1798,,,1.29,235051.0,0.011499371246849358,13.442307692307676,4380000.0,verified,finviz via premarket_stars.py,0,0,REJECT,price,0,"[{""id"": ""price"", ""kills"": true, ""reason"": ""$1.18 is outside $2.00\u201320.00."", ""state"": ""FAIL"", ""value"": ""$1.18  band $2.00\u201320.00""}, {""id"": ""float"", ""kills"": false, ""reason"": ""cascade already stopped"", ""state"": ""NOT_APPLICABLE"", ""value"": ""\u2014""}, {""id"": ""catalyst"", ""kills"": false, ""reason"": ""cascade already stopped"", ""state"": ""NOT_APPLICABLE"", ""value"": ""\u2014""}, {""id"": ""pillars"", ""kills"": false, ""reason"": ""cascade already stopped"", ""state"": ""NOT_APPLICABLE"", ""value"": ""\u2014""}, {""id"": ""rising"", ""kills"": false, ""reason"": ""cascade already stopped"", ""state"": ""NOT_APPLICABLE"", ""value"": ""\u2014""}, {""id"": ""split"", ""kills"": false, ""reason"": ""cascade already stopped"", ""state"": ""NOT_APPLICABLE"", ""value"": ""\u2014""}, {""id"": ""instrument"", ""kills"": false, ""reason"": ""cascade already stopped"", ""state"": ""NOT_APPLICABLE"", ""value"": ""\u2014""}, {""id"": ""tick"", ""kills"": false, ""reason"": ""cascade already stopped"", ""state"": ""NOT_APPLICABLE"", ""value"": ""\u2014""}, {""id"": ""buyout"", ""kills"": false, ""reason"": ""cascade already stopped"", ""state"": ""NOT_APPLICABLE"", ""value"": ""\u2014""}]",[],"{""above_ema9"": true, ""above_vwap"": false, ""buyout_announced"": false, ""catalyst_source_ok"": true, ""catalyst_today"": false, ""catalyst_verdict"": ""NONE"", ""change_pct"": 13.442307692307676, ""feed_stale"": false, ""float_is_shares_outstanding"": false, ""float_shares"": 4380000.0, ""float_verified"": true, ""halted"": false, ""in_session_window"": true, ""is_fund_or_etf"": null, ""last"": 1.1798, ""live_theme"": false, ""macd_positive_and_above_signal"": null, ""penny_theme"": false, ""premarket_volume"": null, ""prev_close"": null, ""rvol"": 0.011499371246849358, ""session_high"": 1.29, ""session_volume"": 235051.0, ""split_ratio_clean_integer"": null, ""symbol"": ""NCPL"", ""tick_size"": null}",1.1802,1.16,1.2206,0.0202,2.0,2,1,SUPPRESSED,,,2026-09-24T12:08:51+00:00,29c30d884550,4cfb953,2026-09-24T04:28:00-04:00,,,1.1802,47.5149,-2.9802,1,1,target,1,2026-09-24T08:31:00Z,1.26,1.12,1.31
53c622baf4ee1631,2026-09-24T04:32:00-04:00,none,UXIN,pullback,ibkr-GRML-GCTK-WETO,IBKR · TWS read-only · live,live-backfill,1m,1.25,,,1.34,139720.0,3.394813506362238,14.678899082568808,219730000.0,verified,finviz via premarket_stars.py,1,0,REJECT,price,0,"[{""id"": ""price"", ""kills"": true, ""reason"": ""$1.25 is outside $2.00\u201320.00."", ""state"": ""FAIL"", ""value"": ""$1.25  band $2.00\u201320.00""}, {""id"": ""float"", ""kills"": false, ""reason"": ""cascade already stopped"", ""state"": ""NOT_APPLICABLE"", ""value"": ""\u2014""}, {""id"": ""catalyst"", ""kills"": false, ""reason"": ""cascade already stopped"", ""state"": ""NOT_APPLICABLE"", ""value"": ""\u2014""}, {""id"": ""pillars"", ""kills"": false, ""reason"": ""cascade already stopped"", ""state"": ""NOT_APPLICABLE"", ""value"": ""\u2014""}, {""id"": ""rising"", ""kills"": false, ""reason"": ""cascade already stopped"", ""state"": ""NOT_APPLICABLE"", ""value"": ""\u2014""}, {""id"": ""split"", ""kills"": false, ""reason"": ""cascade already stopped"", ""state"": ""NOT_APPLICABLE"", ""value"": ""\u2014""}, {""id"": ""instrument"", ""kills"": false, ""reason"": ""cascade already stopped"", ""state"": ""NOT_APPLICABLE"", ""value"": ""\u2014""}, {""id"": ""tick"", ""kills"": false, ""reason"": ""cascade already stopped"", ""state"": ""NOT_APPLICABLE"", ""value"": ""\u2014""}, {""id"": ""buyout"", ""kills"": false, ""reason"": ""cascade already stopped"", ""state"": ""NOT_APPLICABLE"", ""value"": ""\u2014""}]",[],"{""above_ema9"": true, ""above_vwap"": true, ""buyout_announced"": false, ""catalyst_source_ok"": true, ""catalyst_today"": true, ""catalyst_verdict"": ""WEAK"", ""change_pct"": 14.678899082568808, ""feed_stale"": false, ""float_is_shares_outstanding"": false, ""float_shares"": 219730000.0, ""float_verified"": true, ""halted"": false, ""in_session_window"": true, ""is_fund_or_etf"": null, ""last"": 1.25, ""live_theme"": false, ""macd_positive_and_above_signal"": null, ""penny_theme"": false, ""premarket_volume"": null, ""prev_close"": null, ""rvol"": 3.394813506362238, ""session_high"": 1.34, ""session_volume"": 139720.0, ""split_ratio_clean_integer"": null, ""symbol"": ""UXIN"", ""tick_size"": null}",1.28,1.18,1.48,0.1,2.0,2,0,SUPPRESSED,,,2026-09-24T10:22:05+00:00,29c30d884550,4cfb953,2026-09-24T04:33:00-04:00,,,1.28,1.5,-2.2,1,0,stop,1,2026-09-24T08:38:00Z,1.38,1.06,1.24
21f39e6e7d068a1a,2026-09-24T04:35:00-04:00,none,GRML,pullback,ibkr-GRML-GCTK-WETO,IBKR · TWS read-only · live,live-backfill,1m,14.87,,,15.39,1218221.0,0.10453088931707794,32.886505808757825,2870000.0,verified,finviz via premarket_stars.py,1,0,WAIT,,1,"[{""id"": ""price"", ""kills"": true, ""reason"": ""$14.87 is outside $2.00\u201320.00."", ""state"": ""PASS"", ""value"": ""$14.87  band $2.00\u201320.00""}, {""id"": ""float"", ""kills"": false, ""reason"": """", ""state"": ""PASS"", ""value"": ""2.9M (verified)""}, {""id"": ""catalyst"", ""kills"": false, ""reason"": """", ""state"": ""PASS"", ""value"": ""news today \u00b7 WEAK""}, {""id"": ""pillars"", ""kills"": true, ""reason"": ""Only 4 of the Five Pillars pass (need 4); missing rvol."", ""state"": ""PASS"", ""value"": ""4/5 \u2014 missing rvol""}, {""id"": ""rising"", ""kills"": true, ""reason"": ""3.4% off the high \u2014 back side of the move."", ""state"": ""PASS"", ""value"": ""3.4% off 15.39""}, {""id"": ""split"", ""kills"": false, ""reason"": """", ""state"": ""PASS"", ""value"": ""gap is not arithmetic""}, {""id"": ""instrument"", ""kills"": false, ""reason"": """", ""state"": ""UNKNOWN"", ""value"": ""\u2014""}, {""id"": ""tick"", ""kills"": false, ""reason"": """", ""state"": ""UNKNOWN"", ""value"": ""\u2014""}, {""id"": ""buyout"", ""kills"": true, ""reason"": ""Acquisition announced \u2014 the price is pinned and volatility is gone."", ""state"": ""PASS"", ""value"": ""none""}, {""id"": ""vwap"", ""kills"": false, ""reason"": """", ""state"": ""PASS"", ""value"": ""yes""}, {""id"": ""ema9"", ""kills"": false, ""reason"": """", ""state"": ""PASS"", ""value"": ""yes""}, {""id"": ""macd"", ""kills"": false, ""reason"": """", ""state"": ""FAIL"", ""value"": ""no""}, {""id"": ""tape"", ""kills"": false, ""reason"": ""No tape and no book in this tool."", ""state"": ""MANUAL_CONFIRMATION_REQUIRED"", ""value"": ""your eyes""}]","[""Instrument type unknown \u2014 ADRs are fine, funds are not."", ""RVOL 0.10x is under the 1.5x trade floor (the 5x is a scanner dial, not a gate).""]","{""above_ema9"": true, ""above_vwap"": true, ""buyout_announced"": false, ""catalyst_source_ok"": true, ""catalyst_today"": true, ""catalyst_verdict"": ""WEAK"", ""change_pct"": 32.886505808757825, ""feed_stale"": false, ""float_is_shares_outstanding"": false, ""float_shares"": 2870000.0, ""float_verified"": true, ""halted"": false, ""in_session_window"": true, ""is_fund_or_etf"": null, ""last"": 14.87, ""live_theme"": false, ""macd_positive_and_above_signal"": false, ""penny_theme"": false, ""premarket_volume"": null, ""prev_close"": null, ""rvol"": 0.10453088931707794, ""session_high"": 15.39, ""session_volume"": 1218221.0, ""split_ratio_clean_integer"": null, ""symbol"": ""GRML"", ""tick_size"": null}",14.84,14.67,15.18,0.17,2.0,2,1,REFUSED,"[""bar is outside the 07:00-16:00 ET session window (session 'none'); nothing is traded there"", ""bar clock: the bar closed 6305s before the runner saw it (budget 120s); a stale plan is not the trade the cascade reviewed (bar close \u2192 published 6302s, published \u2192 runner 3s)"", ""backfill decision: armed on loaded history, inputs not point-in-time (bar clock: the bar predates the desk's start; a fresh publication time does not make it fresh)"", ""Layer 2 not green: verdict WAIT \u2014 chart gates must all be true at entry""]",2026-09-24T10:21:05+00:00,2026-09-24T10:21:02+00:00,29c30d884550,4cfb953,2026-09-24T04:36:00-04:00,"{""bar_end"": ""2026-09-24T04:36:00-04:00"", ""bar_to_published_s"": 6302, ""published"": ""2026-09-24T10:21:02+00:00"", ""published_to_seen_s"": 3, ""quote_ts"": ""2026-09-24T10:21:03+00:00"", ""runner_seen"": ""2026-09-24T10:21:05+00:00""}",,14.84,6.8235,-16.5294,1,1,stop,1,2026-09-24T08:36:00Z,14.97,13.9,14.46
5b7c4c8450ba07d9,2026-09-24T04:42:00-04:00,none,GCTK,pullback,ibkr-GRML-GCTK-WETO,IBKR · TWS read-only · live,live-backfill,1m,4.4106,,,5.05,5285990.0,79.0168467943256,117.27093596059115,640000.0,verified,finviz via premarket_stars.py,1,0,WAIT,,1,"[{""id"": ""price"", ""kills"": true, ""reason"": ""$4.41 is outside $2.00\u201320.00."", ""state"": ""PASS"", ""value"": ""$4.41  band $2.00\u201320.00""}, {""id"": ""float"", ""kills"": false, ""reason"": """", ""state"": ""PASS"", ""value"": ""0.6M (verified)""}, {""id"": ""catalyst"", ""kills"": false, ""reason"": """", ""state"": ""PASS"", ""value"": ""news today \u00b7 WEAK""}, {""id"": ""pillars"", ""kills"": true, ""reason"": ""Only 5 of the Five Pillars pass (need 4); missing ."", ""state"": ""PASS"", ""value"": ""5/5""}, {""id"": ""rising"", ""kills"": true, ""reason"": ""12.7% off the high \u2014 back side of the move."", ""state"": ""PASS"", ""value"": ""12.7% off 5.05""}, {""id"": ""split"", ""kills"": false, ""reason"": """", ""state"": ""PASS"", ""value"": ""gap is not arithmetic""}, {""id"": ""instrument"", ""kills"": false, ""reason"": """", ""state"": ""UNKNOWN"", ""value"": ""\u2014""}, {""id"": ""tick"", ""kills"": false, ""reason"": """", ""state"": ""UNKNOWN"", ""value"": ""\u2014""}, {""id"": ""buyout"", ""kills"": true, ""reason"": ""Acquisition announced \u2014 the price is pinned and volatility is gone."", ""state"": ""PASS"", ""value"": ""none""}, {""id"": ""vwap"", ""kills"": false, ""reason"": """", ""state"": ""FAIL"", ""value"": ""no""}, {""id"": ""ema9"", ""kills"": false, ""reason"": """", ""state"": ""PASS"", ""value"": ""yes""}, {""id"": ""macd"", ""kills"": false, ""reason"": """", ""state"": ""FAIL"", ""value"": ""no""}, {""id"": ""tape"", ""kills"": false, ""reason"": ""No tape and no book in this tool."", ""state"": ""MANUAL_CONFIRMATION_REQUIRED"", ""value"": ""your eyes""}]","[""Instrument type unknown \u2014 ADRs are fine, funds are not.""]","{""above_ema9"": true, ""above_vwap"": false, ""buyout_announced"": false, ""catalyst_source_ok"": true, ""catalyst_today"": true, ""catalyst_verdict"": ""WEAK"", ""change_pct"": 117.27093596059115, ""feed_stale"": false, ""float_is_shares_outstanding"": false, ""float_shares"": 640000.0, ""float_verified"": true, ""halted"": false, ""in_session_window"": true, ""is_fund_or_etf"": null, ""last"": 4.4106, ""live_theme"": false, ""macd_positive_and_above_signal"": false, ""penny_theme"": false, ""premarket_volume"": null, ""prev_close"": null, ""rvol"": 79.0168467943256, ""session_high"": 5.05, ""session_volume"": 5285990.0, ""split_ratio_clean_integer"": null, ""symbol"": ""GCTK"", ""tick_size"": null}",4.455,4.37,4.625,0.085,2.0,1,1,REFUSED,"[""bar is outside the 07:00-16:00 ET session window (session 'none'); nothing is traded there"", ""bar clock: the bar closed 5885s before the runner saw it (budget 120s); a stale plan is not the trade the cascade reviewed (bar close \u2192 published 5882s, published \u2192 runner 3s)"", ""backfill decision: armed on loaded history, inputs not point-in-time (bar clock: the bar predates the desk's start; a fresh publication time does not make it fresh)"", ""Layer 2 not green: verdict WAIT \u2014 chart gates must all be true at entry""]",2026-09-24T10:21:05+00:00,2026-09-24T10:21:02+00:00,29c30d884550,4cfb953,2026-09-24T04:43:00-04:00,"{""bar_end"": ""2026-09-24T04:43:00-04:00"", ""bar_to_published_s"": 5882, ""published"": ""2026-09-24T10:21:02+00:00"", ""published_to_seen_s"": 3, ""quote_ts"": ""2026-09-24T10:21:04+00:00"", ""runner_seen"": ""2026-09-24T10:21:05+00:00""}",,4.455,3.8235,-27.5882,1,1,target,1,2026-09-24T08:50:00Z,4.67,4.31,2.5717
2f46148caf28caf7,2026-09-24T04:49:00-04:00,none,WETO,pullback,ibkr-GRML-GCTK-WETO,IBKR · TWS read-only · live,live-backfill,1m,2.24,,,2.7,4716432.0,1.2152658660766726,54.48275862068967,910000.0,verified,finviz via premarket_stars.py,0,0,REJECT,pillars,0,"[{""id"": ""price"", ""kills"": true, ""reason"": ""$2.24 is outside $2.00\u201320.00."", ""state"": ""PASS"", ""value"": ""$2.24  band $2.00\u201320.00""}, {""id"": ""float"", ""kills"": false, ""reason"": """", ""state"": ""PASS"", ""value"": ""0.9M (verified)""}, {""id"": ""catalyst"", ""kills"": false, ""reason"": ""No catalyst dated today and no live theme it belongs to."", ""state"": ""FAIL"", ""value"": ""none""}, {""id"": ""pillars"", ""kills"": true, ""reason"": ""Only 3 of the Five Pillars pass (need 4); missing rvol, catalyst."", ""state"": ""FAIL"", ""value"": ""3/5 \u2014 missing rvol, catalyst""}, {""id"": ""rising"", ""kills"": false, ""reason"": ""cascade already stopped"", ""state"": ""NOT_APPLICABLE"", ""value"": ""\u2014""}, {""id"": ""split"", ""kills"": false, ""reason"": ""cascade already stopped"", ""state"": ""NOT_APPLICABLE"", ""value"": ""\u2014""}, {""id"": ""instrument"", ""kills"": false, ""reason"": ""cascade already stopped"", ""state"": ""NOT_APPLICABLE"", ""value"": ""\u2014""}, {""id"": ""tick"", ""kills"": false, ""reason"": ""cascade already stopped"", ""state"": ""NOT_APPLICABLE"", ""value"": ""\u2014""}, {""id"": ""buyout"", ""kills"": false, ""reason"": ""cascade already stopped"", ""state"": ""NOT_APPLICABLE"", ""value"": ""\u2014""}]","[""No catalyst dated today and no live theme (A2: flagged, not killed; the read-out splits this cohort).""]","{""above_ema9"": true, ""above_vwap"": false, ""buyout_announced"": false, ""catalyst_source_ok"": true, ""catalyst_today"": false, ""catalyst_verdict"": ""NONE"", ""change_pct"": 54.48275862068967, ""feed_stale"": false, ""float_is_shares_outstanding"": false, ""float_shares"": 910000.0, ""float_verified"": true, ""halted"": false, ""in_session_window"": true, ""is_fund_or_etf"": null, ""last"": 2.24, ""live_theme"": false, ""macd_positive_and_above_signal"": true, ""penny_theme"": false, ""premarket_volume"": null, ""prev_close"": null, ""rvol"": 1.2152658660766726, ""session_high"": 2.7, ""session_volume"": 4716432.0, ""split_ratio_clean_integer"": null, ""symbol"": ""WETO"", ""tick_size"": null}",2.23,2.2,2.29,0.03,2.0,3,1,SUPPRESSED,,,2026-09-24T10:21:02+00:00,29c30d884550,4cfb953,2026-09-24T04:50:00-04:00,,,2.23,8.0,-16.6667,1,1,stop,1,2026-09-24T08:50:00Z,2.24,2.16,1.8206
9fed333fc68d91f7,2026-09-24T04:49:00-04:00,none,UXIN,pullback,ibkr-GRML-GCTK-WETO,IBKR · TWS read-only · live,live-backfill,1m,1.135,,,1.38,969676.0,23.56047224159254,4.128440366972463,219730000.0,verified,finviz via premarket_stars.py,1,0,REJECT,price,0,"[{""id"": ""price"", ""kills"": true, ""reason"": ""$1.14 is outside $2.00\u201320.00."", ""state"": ""FAIL"", ""value"": ""$1.14  band $2.00\u201320.00""}, {""id"": ""float"", ""kills"": false, ""reason"": ""cascade already stopped"", ""state"": ""NOT_APPLICABLE"", ""value"": ""\u2014""}, {""id"": ""catalyst"", ""kills"": false, ""reason"": ""cascade already stopped"", ""state"": ""NOT_APPLICABLE"", ""value"": ""\u2014""}, {""id"": ""pillars"", ""kills"": false, ""reason"": ""cascade already stopped"", ""state"": ""NOT_APPLICABLE"", ""value"": ""\u2014""}, {""id"": ""rising"", ""kills"": false, ""reason"": ""cascade already stopped"", ""state"": ""NOT_APPLICABLE"", ""value"": ""\u2014""}, {""id"": ""split"", ""kills"": false, ""reason"": ""cascade already stopped"", ""state"": ""NOT_APPLICABLE"", ""value"": ""\u2014""}, {""id"": ""instrument"", ""kills"": false, ""reason"": ""cascade already stopped"", ""state"": ""NOT_APPLICABLE"", ""value"": ""\u2014""}, {""id"": ""tick"", ""kills"": false, ""reason"": ""cascade already stopped"", ""state"": ""NOT_APPLICABLE"", ""value"": ""\u2014""}, {""id"": ""buyout"", ""kills"": false, ""reason"": ""cascade already stopped"", ""state"": ""NOT_APPLICABLE"", ""value"": ""\u2014""}]",[],"{""above_ema9"": false, ""above_vwap"": false, ""buyout_announced"": false, ""catalyst_source_ok"": true, ""catalyst_today"": true, ""catalyst_verdict"": ""WEAK"", ""change_pct"": 4.128440366972463, ""feed_stale"": false, ""float_is_shares_outstanding"": false, ""float_shares"": 219730000.0, ""float_verified"": true, ""halted"": false, ""in_session_window"": true, ""is_fund_or_etf"": null, ""last"": 1.135, ""live_theme"": false, ""macd_positive_and_above_signal"": false, ""penny_theme"": false, ""premarket_volume"": null, ""prev_close"": null, ""rvol"": 23.56047224159254, ""session_high"": 1.38, ""session_volume"": 969676.0, ""split_ratio_clean_integer"": null, ""symbol"": ""UXIN"", ""tick_size"": null}",1.155,1.1,1.265,0.055,2.0,1,0,SUPPRESSED,,,2026-09-24T10:22:05+00:00,29c30d884550,4cfb953,2026-09-24T04:50:00-04:00,,,1.155,5.0,-0.4545,0,1,target,1,2026-09-24T08:51:00Z,1.27,1.13,1.24
ee6696acdb2f13aa,2026-09-24T04:53:00-04:00,none,SPHL,pullback,ibkr-GRML-GCTK-WETO,IBKR · TWS read-only · live,live-backfill,1m,3.2612,,,6.27,2968109.0,354.09398918769585,41.483731019522764,1240000.0,verified,finviz via premarket_stars.py,0,0,REJECT,rising,0,"[{""id"": ""price"", ""kills"": true, ""reason"": ""$3.26 is outside $2.00\u201320.00."", ""state"": ""PASS"", ""value"": ""$3.26  band $2.00\u201320.00""}, {""id"": ""float"", ""kills"": false, ""reason"": """", ""state"": ""PASS"", ""value"": ""1.2M (verified)""}, {""id"": ""catalyst"", ""kills"": false, ""reason"": ""No catalyst dated today and no live theme it belongs to."", ""state"": ""FAIL"", ""value"": ""none""}, {""id"": ""pillars"", ""kills"": true, ""reason"": ""Only 4 of the Five Pillars pass (need 4); missing catalyst."", ""state"": ""PASS"", ""value"": ""4/5 \u2014 missing catalyst""}, {""id"": ""rising"", ""kills"": true, ""reason"": ""48.0% off the high \u2014 back side of the move."", ""state"": ""FAIL"", ""value"": ""48.0% off 6.27""}, {""id"": ""split"", ""kills"": false, ""reason"": ""cascade already stopped"", ""state"": ""NOT_APPLICABLE"", ""value"": ""\u2014""}, {""id"": ""instrument"", ""kills"": false, ""reason"": ""cascade already stopped"", ""state"": ""NOT_APPLICABLE"", ""value"": ""\u2014""}, {""id"": ""tick"", ""kills"": false, ""reason"": ""cascade already stopped"", ""state"": ""NOT_APPLICABLE"", ""value"": ""\u2014""}, {""id"": ""buyout"", ""kills"": false, ""reason"": ""cascade already stopped"", ""state"": ""NOT_APPLICABLE"", ""value"": ""\u2014""}]","[""No catalyst dated today and no live theme (A2: flagged, not killed; the read-out splits this cohort).""]","{""above_ema9"": true, ""above_vwap"": false, ""buyout_announced"": false, ""catalyst_source_ok"": true, ""catalyst_today"": false, ""catalyst_verdict"": ""NONE"", ""change_pct"": 41.483731019522764, ""feed_stale"": false, ""float_is_shares_outstanding"": false, ""float_shares"": 1240000.0, ""float_verified"": true, ""halted"": false, ""in_session_window"": true, ""is_fund_or_etf"": null, ""last"": 3.2612, ""live_theme"": false, ""macd_positive_and_above_signal"": true, ""penny_theme"": false, ""premarket_volume"": null, ""prev_close"": null, ""rvol"": 354.09398918769585, ""session_high"": 6.27, ""session_volume"": 2968109.0, ""split_ratio_clean_integer"": null, ""symbol"": ""SPHL"", ""tick_size"": null}",3.2041,3.09,3.4323,0.1141,2.0,3,1,SUPPRESSED,,,2026-09-24T10:22:05+00:00,29c30d884550,4cfb953,2026-09-24T04:54:00-04:00,,,3.2041,6.099,-5.7327,1,1,target,1,2026-09-24T08:54:00Z,3.9,2.96,2.74
ca5087d8a1d623a8,2026-09-24T04:57:00-04:00,none,GCTK,pullback,ibkr-GRML-GCTK-WETO,IBKR · TWS read-only · live,live-backfill,1m,4.62,,,5.05,6047096.0,90.39412828676922,127.58620689655173,640000.0,verified,finviz via premarket_stars.py,1,0,REVIEW,,1,"[{""id"": ""price"", ""kills"": true, ""reason"": ""$4.62 is outside $2.00\u201320.00."", ""state"": ""PASS"", ""value"": ""$4.62  band $2.00\u201320.00""}, {""id"": ""float"", ""kills"": false, ""reason"": """", ""state"": ""PASS"", ""value"": ""0.6M (verified)""}, {""id"": ""catalyst"", ""kills"": false, ""reason"": """", ""state"": ""PASS"", ""value"": ""news today \u00b7 WEAK""}, {""id"": ""pillars"", ""kills"": true, ""reason"": ""Only 5 of the Five Pillars pass (need 4); missing ."", ""state"": ""PASS"", ""value"": ""5/5""}, {""id"": ""rising"", ""kills"": true, ""reason"": ""8.5% off the high \u2014 back side of the move."", ""state"": ""PASS"", ""value"": ""8.5% off 5.05""}, {""id"": ""split"", ""kills"": false, ""reason"": """", ""state"": ""PASS"", ""value"": ""gap is not arithmetic""}, {""id"": ""instrument"", ""kills"": false, ""reason"": """", ""state"": ""UNKNOWN"", ""value"": ""\u2014""}, {""id"": ""tick"", ""kills"": false, ""reason"": """", ""state"": ""UNKNOWN"", ""value"": ""\u2014""}, {""id"": ""buyout"", ""kills"": true, ""reason"": ""Acquisition announced \u2014 the price is pinned and volatility is gone."", ""state"": ""PASS"", ""value"": ""none""}, {""id"": ""vwap"", ""kills"": false, ""reason"": """", ""state"": ""PASS"", ""value"": ""yes""}, {""id"": ""ema9"", ""kills"": false, ""reason"": """", ""state"": ""PASS"", ""value"": ""yes""}, {""id"": ""macd"", ""kills"": false, ""reason"": """", ""state"": ""PASS"", ""value"": ""yes""}, {""id"": ""tape"", ""kills"": false, ""reason"": ""No tape and no book in this tool."", ""state"": ""MANUAL_CONFIRMATION_REQUIRED"", ""value"": ""your eyes""}]","[""Instrument type unknown \u2014 ADRs are fine, funds are not.""]","{""above_ema9"": true, ""above_vwap"": true, ""buyout_announced"": false, ""catalyst_source_ok"": true, ""catalyst_today"": true, ""catalyst_verdict"": ""WEAK"", ""change_pct"": 127.58620689655173, ""feed_stale"": false, ""float_is_shares_outstanding"": false, ""float_shares"": 640000.0, ""float_verified"": true, ""halted"": false, ""in_session_window"": true, ""is_fund_or_etf"": null, ""last"": 4.62, ""live_theme"": false, ""macd_positive_and_above_signal"": true, ""penny_theme"": false, ""premarket_volume"": null, ""prev_close"": null, ""rvol"": 90.39412828676922, ""session_high"": 5.05, ""session_volume"": 6047096.0, ""split_ratio_clean_integer"": null, ""symbol"": ""GCTK"", ""tick_size"": null}",4.5597,4.49,4.6991,0.0697,2.0,4,1,REFUSED,"[""bar is outside the 07:00-16:00 ET session window (session 'none'); nothing is traded there"", ""bar clock: the bar closed 4985s before the runner saw it (budget 120s); a stale plan is not the trade the cascade reviewed (bar close \u2192 published 4982s, published \u2192 runner 3s)"", ""backfill decision: armed on loaded history, inputs not point-in-time (bar clock: the bar predates the desk's start; a fresh publication time does not make it fresh)""]",2026-09-24T10:21:05+00:00,2026-09-24T10:21:02+00:00,29c30d884550,4cfb953,2026-09-24T04:58:00-04:00,"{""bar_end"": ""2026-09-24T04:58:00-04:00"", ""bar_to_published_s"": 4982, ""published"": ""2026-09-24T10:21:02+00:00"", ""published_to_seen_s"": 3, ""quote_ts"": ""2026-09-24T10:21:04+00:00"", ""runner_seen"": ""2026-09-24T10:21:05+00:00""}",,4.5597,3.1607,-35.1463,1,1,stop,1,2026-09-24T08:58:00Z,4.65,4.13,2.5717
0ad9a09b62df90dd,2026-09-24T04:59:00-04:00,none,NCPL,pullback,ibkr-GRML-GCTK-PFSA,IBKR · TWS read-only · live,live-backfill,1m,1.16,,,1.29,388878.0,0.019025030702835916,11.538461538461519,4380000.0,verified,finviz via premarket_stars.py,0,0,REJECT,price,0,"[{""id"": ""price"", ""kills"": true, ""reason"": ""$1.16 is outside $2.00\u201320.00."", ""state"": ""FAIL"", ""value"": ""$1.16  band $2.00\u201320.00""}, {""id"": ""float"", ""kills"": false, ""reason"": ""cascade already stopped"", ""state"": ""NOT_APPLICABLE"", ""value"": ""\u2014""}, {""id"": ""catalyst"", ""kills"": false, ""reason"": ""cascade already stopped"", ""state"": ""NOT_APPLICABLE"", ""value"": ""\u2014""}, {""id"": ""pillars"", ""kills"": false, ""reason"": ""cascade already stopped"", ""state"": ""NOT_APPLICABLE"", ""value"": ""\u2014""}, {""id"": ""rising"", ""kills"": false, ""reason"": ""cascade already stopped"", ""state"": ""NOT_APPLICABLE"", ""value"": ""\u2014""}, {""id"": ""split"", ""kills"": false, ""reason"": ""cascade already stopped"", ""state"": ""NOT_APPLICABLE"", ""value"": ""\u2014""}, {""id"": ""instrument"", ""kills"": false, ""reason"": ""cascade already stopped"", ""state"": ""NOT_APPLICABLE"", ""value"": ""\u2014""}, {""id"": ""tick"", ""kills"": false, ""reason"": ""cascade already stopped"", ""state"": ""NOT_APPLICABLE"", ""value"": ""\u2014""}, {""id"": ""buyout"", ""kills"": false, ""reason"": ""cascade already stopped"", ""state"": ""NOT_APPLICABLE"", ""value"": ""\u2014""}]",[],"{""above_ema9"": true, ""above_vwap"": false, ""buyout_announced"": false, ""catalyst_source_ok"": true, ""catalyst_today"": false, ""catalyst_verdict"": ""NONE"", ""change_pct"": 11.538461538461519, ""feed_stale"": false, ""float_is_shares_outstanding"": false, ""float_shares"": 4380000.0, ""float_verified"": true, ""halted"": false, ""in_session_window"": true, ""is_fund_or_etf"": null, ""last"": 1.16, ""live_theme"": false, ""macd_positive_and_above_signal"": true, ""penny_theme"": false, ""premarket_volume"": null, ""prev_close"": null, ""rvol"": 0.019025030702835916, ""session_high"": 1.29, ""session_volume"": 388878.0, ""split_ratio_clean_integer"": null, ""symbol"": ""NCPL"", ""tick_size"": null}",1.16,1.14,1.2,0.02,2.0,2,1,SUPPRESSED,,,2026-09-24T12:08:51+00:00,29c30d884550,4cfb953,2026-09-24T05:00:00-04:00,,,1.16,49.0,-1.5,1,1,stop,1,2026-09-24T09:00:00Z,1.23,1.14,1.31
f68996bbcf9371f2,2026-09-24T05:00:00-04:00,none,GRML,pullback,ibkr-GRML-GCTK-WETO,IBKR · TWS read-only · live,live-backfill,1m,14.15,,,15.39,1480675.0,0.12705106424824755,26.45218945487042,2870000.0,verified,finviz via premarket_stars.py,1,0,WAIT,,1,"[{""id"": ""price"", ""kills"": true, ""reason"": ""$14.15 is outside $2.00\u201320.00."", ""state"": ""PASS"", ""value"": ""$14.15  band $2.00\u201320.00""}, {""id"": ""float"", ""kills"": false, ""reason"": """", ""state"": ""PASS"", ""value"": ""2.9M (verified)""}, {""id"": ""catalyst"", ""kills"": false, ""reason"": """", ""state"": ""PASS"", ""value"": ""news today \u00b7 WEAK""}, {""id"": ""pillars"", ""kills"": true, ""reason"": ""Only 4 of the Five Pillars pass (need 4); missing rvol."", ""state"": ""PASS"", ""value"": ""4/5 \u2014 missing rvol""}, {""id"": ""rising"", ""kills"": true, ""reason"": ""8.1% off the high \u2014 back side of the move."", ""state"": ""PASS"", ""value"": ""8.1% off 15.39""}, {""id"": ""split"", ""kills"": false, ""reason"": """", ""state"": ""PASS"", ""value"": ""gap is not arithmetic""}, {""id"": ""instrument"", ""kills"": false, ""reason"": """", ""state"": ""UNKNOWN"", ""value"": ""\u2014""}, {""id"": ""tick"", ""kills"": false, ""reason"": """", ""state"": ""UNKNOWN"", ""value"": ""\u2014""}, {""id"": ""buyout"", ""kills"": true, ""reason"": ""Acquisition announced \u2014 the price is pinned and volatility is gone."", ""state"": ""PASS"", ""value"": ""none""}, {""id"": ""vwap"", ""kills"": false, ""reason"": """", ""state"": ""PASS"", ""value"": ""yes""}, {""id"": ""ema9"", ""kills"": false, ""reason"": """", ""state"": ""FAIL"", ""value"": ""no""}, {""id"": ""macd"", ""kills"": false, ""reason"": """", ""state"": ""FAIL"", ""value"": ""no""}, {""id"": ""tape"", ""kills"": false, ""reason"": ""No tape and no book in this tool."", ""state"": ""MANUAL_CONFIRMATION_REQUIRED"", ""value"": ""your eyes""}]","[""Instrument type unknown \u2014 ADRs are fine, funds are not."", ""RVOL 0.13x is under the 1.5x trade floor (the 5x is a scanner dial, not a gate).""]","{""above_ema9"": false, ""above_vwap"": true, ""buyout_announced"": false, ""catalyst_source_ok"": true, ""catalyst_today"": true, ""catalyst_verdict"": ""WEAK"", ""change_pct"": 26.45218945487042, ""feed_stale"": false, ""float_is_shares_outstanding"": false, ""float_shares"": 2870000.0, ""float_verified"": true, ""halted"": false, ""in_session_window"": true, ""is_fund_or_etf"": null, ""last"": 14.15, ""live_theme"": false, ""macd_positive_and_above_signal"": false, ""penny_theme"": false, ""premarket_volume"": null, ""prev_close"": null, ""rvol"": 0.12705106424824755, ""session_high"": 15.39, ""session_volume"": 1480675.0, ""split_ratio_clean_integer"": null, ""symbol"": ""GRML"", ""tick_size"": null}",14.24,14.09,14.54,0.15,2.0,4,1,REFUSED,"[""bar is outside the 07:00-16:00 ET session window (session 'none'); nothing is traded there"", ""bar clock: the bar closed 4805s before the runner saw it (budget 120s); a stale plan is not the trade the cascade reviewed (bar close \u2192 published 4802s, published \u2192 runner 3s)"", ""backfill decision: armed on loaded history, inputs not point-in-time (bar clock: the bar predates the desk's start; a fresh publication time does not make it fresh)"", ""Layer 2 not green: verdict WAIT \u2014 chart gates must all be true at entry""]",2026-09-24T10:21:05+00:00,2026-09-24T10:21:02+00:00,29c30d884550,4cfb953,2026-09-24T05:01:00-04:00,"{""bar_end"": ""2026-09-24T05:01:00-04:00"", ""bar_to_published_s"": 4802, ""published"": ""2026-09-24T10:21:02+00:00"", ""published_to_seen_s"": 3, ""quote_ts"": ""2026-09-24T10:21:03+00:00"", ""runner_seen"": ""2026-09-24T10:21:05+00:00""}",,14.24,11.7333,-14.7333,1,1,target,1,2026-09-24T09:04:00Z,14.58,14.07,14.46
2234eb080f9043bc,2026-09-24T05:05:00-04:00,none,GCTK,pullback,ibkr-GRML-GCTK-WETO,IBKR · TWS read-only · live,live-backfill,1m,4.5,,,5.05,6345054.0,94.84810978070766,121.67487684729066,640000.0,verified,finviz via premarket_stars.py,1,0,WAIT,,1,"[{""id"": ""price"", ""kills"": true, ""reason"": ""$4.50 is outside $2.00\u201320.00."", ""state"": ""PASS"", ""value"": ""$4.50  band $2.00\u201320.00""}, {""id"": ""float"", ""kills"": false, ""reason"": """", ""state"": ""PASS"", ""value"": ""0.6M (verified)""}, {""id"": ""catalyst"", ""kills"": false, ""reason"": """", ""state"": ""PASS"", ""value"": ""news today \u00b7 WEAK""}, {""id"": ""pillars"", ""kills"": true, ""reason"": ""Only 5 of the Five Pillars pass (need 4); missing ."", ""state"": ""PASS"", ""value"": ""5/5""}, {""id"": ""rising"", ""kills"": true, ""reason"": ""10.9% off the high \u2014 back side of the move."", ""state"": ""PASS"", ""value"": ""10.9% off 5.05""}, {""id"": ""split"", ""kills"": false, ""reason"": """", ""state"": ""PASS"", ""value"": ""gap is not arithmetic""}, {""id"": ""instrument"", ""kills"": false, ""reason"": """", ""state"": ""UNKNOWN"", ""value"": ""\u2014""}, {""id"": ""tick"", ""kills"": false, ""reason"": """", ""state"": ""UNKNOWN"", ""value"": ""\u2014""}, {""id"": ""buyout"", ""kills"": true, ""reason"": ""Acquisition announced \u2014 the price is pinned and volatility is gone."", ""state"": ""PASS"", ""value"": ""none""}, {""id"": ""vwap"", ""kills"": false, ""reason"": """", ""state"": ""FAIL"", ""value"": ""no""}, {""id"": ""ema9"", ""kills"": false, ""reason"": """", ""state"": ""PASS"", ""value"": ""yes""}, {""id"": ""macd"", ""kills"": false, ""reason"": """", ""state"": ""FAIL"", ""value"": ""no""}, {""id"": ""tape"", ""kills"": false, ""reason"": ""No tape and no book in this tool."", ""state"": ""MANUAL_CONFIRMATION_REQUIRED"", ""value"": ""your eyes""}]","[""Instrument type unknown \u2014 ADRs are fine, funds are not.""]","{""above_ema9"": true, ""above_vwap"": false, ""buyout_announced"": false, ""catalyst_source_ok"": true, ""catalyst_today"": true, ""catalyst_verdict"": ""WEAK"", ""change_pct"": 121.67487684729066, ""feed_stale"": false, ""float_is_shares_outstanding"": false, ""float_shares"": 640000.0, ""float_verified"": true, ""halted"": false, ""in_session_window"": true, ""is_fund_or_etf"": null, ""last"": 4.5, ""live_theme"": false, ""macd_positive_and_above_signal"": false, ""penny_theme"": false, ""premarket_volume"": null, ""prev_close"": null, ""rvol"": 94.84810978070766, ""session_high"": 5.05, ""session_volume"": 6345054.0, ""split_ratio_clean_integer"": null, ""symbol"": ""GCTK"", ""tick_size"": null}",4.53,4.46,4.67,0.07,2.0,1,1,REFUSED,"[""bar is outside the 07:00-16:00 ET session window (session 'none'); nothing is traded there"", ""bar clock: the bar closed 4505s before the runner saw it (budget 120s); a stale plan is not the trade the cascade reviewed (bar close \u2192 published 4502s, published \u2192 runner 3s)"", ""backfill decision: armed on loaded history, inputs not point-in-time (bar clock: the bar predates the desk's start; a fresh publication time does not make it fresh)"", ""Layer 2 not green: verdict WAIT \u2014 chart gates must all be true at entry""]",2026-09-24T10:21:05+00:00,2026-09-24T10:21:02+00:00,29c30d884550,4cfb953,2026-09-24T05:06:00-04:00,"{""bar_end"": ""2026-09-24T05:06:00-04:00"", ""bar_to_published_s"": 4502, ""published"": ""2026-09-24T10:21:02+00:00"", ""published_to_seen_s"": 3, ""quote_ts"": ""2026-09-24T10:21:04+00:00"", ""runner_seen"": ""2026-09-24T10:21:05+00:00""}",,4.53,3.5714,-34.5714,1,1,stop,1,2026-09-24T09:06:00Z,4.64,4.13,2.5717
eb4b670e4914cdef,2026-09-24T05:06:00-04:00,none,WETO,pullback,ibkr-GRML-GCTK-WETO,IBKR · TWS read-only · live,live-backfill,1m,2.1904,,,2.7,5027319.0,1.2953709877675987,51.06206896551724,910000.0,verified,finviz via premarket_stars.py,0,0,REJECT,pillars,0,"[{""id"": ""price"", ""kills"": true, ""reason"": ""$2.19 is outside $2.00\u201320.00."", ""state"": ""PASS"", ""value"": ""$2.19  band $2.00\u201320.00""}, {""id"": ""float"", ""kills"": false, ""reason"": """", ""state"": ""PASS"", ""value"": ""0.9M (verified)""}, {""id"": ""catalyst"", ""kills"": false, ""reason"": ""No catalyst dated today and no live theme it belongs to."", ""state"": ""FAIL"", ""value"": ""none""}, {""id"": ""pillars"", ""kills"": true, ""reason"": ""Only 3 of the Five Pillars pass (need 4); missing rvol, catalyst."", ""state"": ""FAIL"", ""value"": ""3/5 \u2014 missing rvol, catalyst""}, {""id"": ""rising"", ""kills"": false, ""reason"": ""cascade already stopped"", ""state"": ""NOT_APPLICABLE"", ""value"": ""\u2014""}, {""id"": ""split"", ""kills"": false, ""reason"": ""cascade already stopped"", ""state"": ""NOT_APPLICABLE"", ""value"": ""\u2014""}, {""id"": ""instrument"", ""kills"": false, ""reason"": ""cascade already stopped"", ""state"": ""NOT_APPLICABLE"", ""value"": ""\u2014""}, {""id"": ""tick"", ""kills"": false, ""reason"": ""cascade already stopped"", ""state"": ""NOT_APPLICABLE"", ""value"": ""\u2014""}, {""id"": ""buyout"", ""kills"": false, ""reason"": ""cascade already stopped"", ""state"": ""NOT_APPLICABLE"", ""value"": ""\u2014""}]","[""No catalyst dated today and no live theme (A2: flagged, not killed; the read-out splits this cohort).""]","{""above_ema9"": true, ""above_vwap"": false, ""buyout_announced"": false, ""catalyst_source_ok"": true, ""catalyst_today"": false, ""catalyst_verdict"": ""NONE"", ""change_pct"": 51.06206896551724, ""feed_stale"": false, ""float_is_shares_outstanding"": false, ""float_shares"": 910000.0, ""float_verified"": true, ""halted"": false, ""in_session_window"": true, ""is_fund_or_etf"": null, ""last"": 2.1904, ""live_theme"": false, ""macd_positive_and_above_signal"": true, ""penny_theme"": false, ""premarket_volume"": null, ""prev_close"": null, ""rvol"": 1.2953709877675987, ""session_high"": 2.7, ""session_volume"": 5027319.0, ""split_ratio_clean_integer"": null, ""symbol"": ""WETO"", ""tick_size"": null}",2.2004,2.15,2.3012,0.0504,2.0,3,1,SUPPRESSED,,,2026-09-24T10:21:02+00:00,29c30d884550,4cfb953,2026-09-24T05:07:00-04:00,,,2.2004,5.3492,-9.3333,1,1,stop,1,2026-09-24T09:07:00Z,2.22,2.17,1.8206
10f09f5fecfe776c,2026-09-24T05:06:00-04:00,none,SPHL,pullback,ibkr-GRML-GCTK-WETO,IBKR · TWS read-only · live,live-backfill,1m,3.18,,,6.27,3409744.0,406.7808342176149,37.96095444685466,1240000.0,verified,finviz via premarket_stars.py,0,0,REJECT,rising,0,"[{""id"": ""price"", ""kills"": true, ""reason"": ""$3.18 is outside $2.00\u201320.00."", ""state"": ""PASS"", ""value"": ""$3.18  band $2.00\u201320.00""}, {""id"": ""float"", ""kills"": false, ""reason"": """", ""state"": ""PASS"", ""value"": ""1.2M (verified)""}, {""id"": ""catalyst"", ""kills"": false, ""reason"": ""No catalyst dated today and no live theme it belongs to."", ""state"": ""FAIL"", ""value"": ""none""}, {""id"": ""pillars"", ""kills"": true, ""reason"": ""Only 4 of the Five Pillars pass (need 4); missing catalyst."", ""state"": ""PASS"", ""value"": ""4/5 \u2014 missing catalyst""}, {""id"": ""rising"", ""kills"": true, ""reason"": ""49.3% off the high \u2014 back side of the move."", ""state"": ""FAIL"", ""value"": ""49.3% off 6.27""}, {""id"": ""split"", ""kills"": false, ""reason"": ""cascade already stopped"", ""state"": ""NOT_APPLICABLE"", ""value"": ""\u2014""}, {""id"": ""instrument"", ""kills"": false, ""reason"": ""cascade already stopped"", ""state"": ""NOT_APPLICABLE"", ""value"": ""\u2014""}, {""id"": ""tick"", ""kills"": false, ""reason"": ""cascade already stopped"", ""state"": ""NOT_APPLICABLE"", ""value"": ""\u2014""}, {""id"": ""buyout"", ""kills"": false, ""reason"": ""cascade already stopped"", ""state"": ""NOT_APPLICABLE"", ""value"": ""\u2014""}]","[""No catalyst dated today and no live theme (A2: flagged, not killed; the read-out splits this cohort).""]","{""above_ema9"": true, ""above_vwap"": false, ""buyout_announced"": false, ""catalyst_source_ok"": true, ""catalyst_today"": false, ""catalyst_verdict"": ""NONE"", ""change_pct"": 37.96095444685466, ""feed_stale"": false, ""float_is_shares_outstanding"": false, ""float_shares"": 1240000.0, ""float_verified"": true, ""halted"": false, ""in_session_window"": true, ""is_fund_or_etf"": null, ""last"": 3.18, ""live_theme"": false, ""macd_positive_and_above_signal"": false, ""penny_theme"": false, ""premarket_volume"": null, ""prev_close"": null, ""rvol"": 406.7808342176149, ""session_high"": 6.27, ""session_volume"": 3409744.0, ""split_ratio_clean_integer"": null, ""symbol"": ""SPHL"", ""tick_size"": null}",3.1342,3.06,3.2826,0.0742,2.0,1,1,SUPPRESSED,,,2026-09-24T10:22:05+00:00,29c30d884550,4cfb953,2026-09-24T05:07:00-04:00,,,3.1342,10.3208,-7.8733,1,1,target,1,2026-09-24T09:07:00Z,3.9,3.17,2.74
8284c308326986cb,2026-09-24T05:15:00-04:00,none,GRML,pullback,ibkr-GRML-GCTK-WETO,IBKR · TWS read-only · live,live-backfill,1m,14.35,,,15.39,1539254.0,0.13207750441411656,28.239499553172486,2870000.0,verified,finviz via premarket_stars.py,1,0,REVIEW,,1,"[{""id"": ""price"", ""kills"": true, ""reason"": ""$14.35 is outside $2.00\u201320.00."", ""state"": ""PASS"", ""value"": ""$14.35  band $2.00\u201320.00""}, {""id"": ""float"", ""kills"": false, ""reason"": """", ""state"": ""PASS"", ""value"": ""2.9M (verified)""}, {""id"": ""catalyst"", ""kills"": false, ""reason"": """", ""state"": ""PASS"", ""value"": ""news today \u00b7 WEAK""}, {""id"": ""pillars"", ""kills"": true, ""reason"": ""Only 4 of the Five Pillars pass (need 4); missing rvol."", ""state"": ""PASS"", ""value"": ""4/5 \u2014 missing rvol""}, {""id"": ""rising"", ""kills"": true, ""reason"": ""6.8% off the high \u2014 back side of the move."", ""state"": ""PASS"", ""value"": ""6.8% off 15.39""}, {""id"": ""split"", ""kills"": false, ""reason"": """", ""state"": ""PASS"", ""value"": ""gap is not arithmetic""}, {""id"": ""instrument"", ""kills"": false, ""reason"": """", ""state"": ""UNKNOWN"", ""value"": ""\u2014""}, {""id"": ""tick"", ""kills"": false, ""reason"": """", ""state"": ""UNKNOWN"", ""value"": ""\u2014""}, {""id"": ""buyout"", ""kills"": true, ""reason"": ""Acquisition announced \u2014 the price is pinned and volatility is gone."", ""state"": ""PASS"", ""value"": ""none""}, {""id"": ""vwap"", ""kills"": false, ""reason"": """", ""state"": ""PASS"", ""value"": ""yes""}, {""id"": ""ema9"", ""kills"": false, ""reason"": """", ""state"": ""PASS"", ""value"": ""yes""}, {""id"": ""macd"", ""kills"": false, ""reason"": """", ""state"": ""PASS"", ""value"": ""yes""}, {""id"": ""tape"", ""kills"": false, ""reason"": ""No tape and no book in this tool."", ""state"": ""MANUAL_CONFIRMATION_REQUIRED"", ""value"": ""your eyes""}]","[""Instrument type unknown \u2014 ADRs are fine, funds are not."", ""RVOL 0.13x is under the 1.5x trade floor (the 5x is a scanner dial, not a gate).""]","{""above_ema9"": true, ""above_vwap"": true, ""buyout_announced"": false, ""catalyst_source_ok"": true, ""catalyst_today"": true, ""catalyst_verdict"": ""WEAK"", ""change_pct"": 28.239499553172486, ""feed_stale"": false, ""float_is_shares_outstanding"": false, ""float_shares"": 2870000.0, ""float_verified"": true, ""halted"": false, ""in_session_window"": true, ""is_fund_or_etf"": null, ""last"": 14.35, ""live_theme"": false, ""macd_positive_and_above_signal"": true, ""penny_theme"": false, ""premarket_volume"": null, ""prev_close"": null, ""rvol"": 0.13207750441411656, ""session_high"": 15.39, ""session_volume"": 1539254.0, ""split_ratio_clean_integer"": null, ""symbol"": ""GRML"", ""tick_size"": null}",14.35,14.24,14.57,0.11,2.0,4,1,REFUSED,"[""bar is outside the 07:00-16:00 ET session window (session 'none'); nothing is traded there"", ""bar clock: the bar closed 3905s before the runner saw it (budget 120s); a stale plan is not the trade the cascade reviewed (bar close \u2192 published 3902s, published \u2192 runner 3s)"", ""backfill decision: armed on loaded history, inputs not point-in-time (bar clock: the bar predates the desk's start; a fresh publication time does not make it fresh)""]",2026-09-24T10:21:05+00:00,2026-09-24T10:21:02+00:00,29c30d884550,4cfb953,2026-09-24T05:16:00-04:00,"{""bar_end"": ""2026-09-24T05:16:00-04:00"", ""bar_to_published_s"": 3902, ""published"": ""2026-09-24T10:21:02+00:00"", ""published_to_seen_s"": 3, ""quote_ts"": ""2026-09-24T10:21:03+00:00"", ""runner_seen"": ""2026-09-24T10:21:05+00:00""}",,14.35,15.0,-21.0909,1,1,target,1,2026-09-24T09:16:00Z,14.58,13.94,14.46
2302c021285f0d47,2026-09-24T05:22:00-04:00,none,SPHL,pullback,ibkr-GRML-GCTK-WETO,IBKR · TWS read-only · live,live-backfill,1m,3.41,,,6.27,4652829.0,555.080282300346,47.93926247288503,1240000.0,verified,finviz via premarket_stars.py,0,0,REJECT,rising,0,"[{""id"": ""price"", ""kills"": true, ""reason"": ""$3.41 is outside $2.00\u201320.00."", ""state"": ""PASS"", ""value"": ""$3.41  band $2.00\u201320.00""}, {""id"": ""float"", ""kills"": false, ""reason"": """", ""state"": ""PASS"", ""value"": ""1.2M (verified)""}, {""id"": ""catalyst"", ""kills"": false, ""reason"": ""No catalyst dated today and no live theme it belongs to."", ""state"": ""FAIL"", ""value"": ""none""}, {""id"": ""pillars"", ""kills"": true, ""reason"": ""Only 4 of the Five Pillars pass (need 4); missing catalyst."", ""state"": ""PASS"", ""value"": ""4/5 \u2014 missing catalyst""}, {""id"": ""rising"", ""kills"": true, ""reason"": ""45.6% off the high \u2014 back side of the move."", ""state"": ""FAIL"", ""value"": ""45.6% off 6.27""}, {""id"": ""split"", ""kills"": false, ""reason"": ""cascade already stopped"", ""state"": ""NOT_APPLICABLE"", ""value"": ""\u2014""}, {""id"": ""instrument"", ""kills"": false, ""reason"": ""cascade already stopped"", ""state"": ""NOT_APPLICABLE"", ""value"": ""\u2014""}, {""id"": ""tick"", ""kills"": false, ""reason"": ""cascade already stopped"", ""state"": ""NOT_APPLICABLE"", ""value"": ""\u2014""}, {""id"": ""buyout"", ""kills"": false, ""reason"": ""cascade already stopped"", ""state"": ""NOT_APPLICABLE"", ""value"": ""\u2014""}]","[""No catalyst dated today and no live theme (A2: flagged, not killed; the read-out splits this cohort).""]","{""above_ema9"": false, ""above_vwap"": true, ""buyout_announced"": false, ""catalyst_source_ok"": true, ""catalyst_today"": false, ""catalyst_verdict"": ""NONE"", ""change_pct"": 47.93926247288503, ""feed_stale"": false, ""float_is_shares_outstanding"": false, ""float_shares"": 1240000.0, ""float_verified"": true, ""halted"": false, ""in_session_window"": true, ""is_fund_or_etf"": null, ""last"": 3.41, ""live_theme"": false, ""macd_positive_and_above_signal"": false, ""penny_theme"": false, ""premarket_volume"": null, ""prev_close"": null, ""rvol"": 555.080282300346, ""session_high"": 6.27, ""session_volume"": 4652829.0, ""split_ratio_clean_integer"": null, ""symbol"": ""SPHL"", ""tick_size"": null}",3.45,3.38,3.59,0.07,2.0,4,1,SUPPRESSED,,,2026-09-24T10:22:05+00:00,29c30d884550,4cfb953,2026-09-24T05:23:00-04:00,,,3.45,3.1414,-12.8571,1,1,stop,1,2026-09-24T09:24:00Z,3.47,3.06,2.74
dc0d7ba82b60fe1d,2026-09-24T05:23:00-04:00,none,NCPL,pullback,ibkr-GRML-GCTK-PFSA,IBKR · TWS read-only · live,live-backfill,1m,1.1898,,,1.29,494274.0,0.024181306285296467,14.403846153846157,4380000.0,verified,finviz via premarket_stars.py,0,0,REJECT,price,0,"[{""id"": ""price"", ""kills"": true, ""reason"": ""$1.19 is outside $2.00\u201320.00."", ""state"": ""FAIL"", ""value"": ""$1.19  band $2.00\u201320.00""}, {""id"": ""float"", ""kills"": false, ""reason"": ""cascade already stopped"", ""state"": ""NOT_APPLICABLE"", ""value"": ""\u2014""}, {""id"": ""catalyst"", ""kills"": false, ""reason"": ""cascade already stopped"", ""state"": ""NOT_APPLICABLE"", ""value"": ""\u2014""}, {""id"": ""pillars"", ""kills"": false, ""reason"": ""cascade already stopped"", ""state"": ""NOT_APPLICABLE"", ""value"": ""\u2014""}, {""id"": ""rising"", ""kills"": false, ""reason"": ""cascade already stopped"", ""state"": ""NOT_APPLICABLE"", ""value"": ""\u2014""}, {""id"": ""split"", ""kills"": false, ""reason"": ""cascade already stopped"", ""state"": ""NOT_APPLICABLE"", ""value"": ""\u2014""}, {""id"": ""instrument"", ""kills"": false, ""reason"": ""cascade already stopped"", ""state"": ""NOT_APPLICABLE"", ""value"": ""\u2014""}, {""id"": ""tick"", ""kills"": false, ""reason"": ""cascade already stopped"", ""state"": ""NOT_APPLICABLE"", ""value"": ""\u2014""}, {""id"": ""buyout"", ""kills"": false, ""reason"": ""cascade already stopped"", ""state"": ""NOT_APPLICABLE"", ""value"": ""\u2014""}]",[],"{""above_ema9"": true, ""above_vwap"": false, ""buyout_announced"": false, ""catalyst_source_ok"": true, ""catalyst_today"": false, ""catalyst_verdict"": ""NONE"", ""change_pct"": 14.403846153846157, ""feed_stale"": false, ""float_is_shares_outstanding"": false, ""float_shares"": 4380000.0, ""float_verified"": true, ""halted"": false, ""in_session_window"": true, ""is_fund_or_etf"": null, ""last"": 1.1898, ""live_theme"": false, ""macd_positive_and_above_signal"": true, ""penny_theme"": false, ""premarket_volume"": null, ""prev_close"": null, ""rvol"": 0.024181306285296467, ""session_high"": 1.29, ""session_volume"": 494274.0, ""split_ratio_clean_integer"": null, ""symbol"": ""NCPL"", ""tick_size"": null}",1.2002,1.17,1.2606,0.0302,2.0,2,1,SUPPRESSED,,,2026-09-24T12:08:51+00:00,29c30d884550,4cfb953,2026-09-24T05:24:00-04:00,,,1.2002,31.1192,-2.3245,1,1,target,1,2026-09-24T09:29:00Z,1.27,1.16,1.31
209bcc99861c4130,2026-09-24T05:30:00-04:00,none,GCTK,pullback,ibkr-GRML-GCTK-WETO,IBKR · TWS read-only · live,live-backfill,1m,4.2599,,,5.05,7040567.0,105.24488392603554,109.84729064039409,640000.0,verified,finviz via premarket_stars.py,1,0,WAIT,,1,"[{""id"": ""price"", ""kills"": true, ""reason"": ""$4.26 is outside $2.00\u201320.00."", ""state"": ""PASS"", ""value"": ""$4.26  band $2.00\u201320.00""}, {""id"": ""float"", ""kills"": false, ""reason"": """", ""state"": ""PASS"", ""value"": ""0.6M (verified)""}, {""id"": ""catalyst"", ""kills"": false, ""reason"": """", ""state"": ""PASS"", ""value"": ""news today \u00b7 WEAK""}, {""id"": ""pillars"", ""kills"": true, ""reason"": ""Only 5 of the Five Pillars pass (need 4); missing ."", ""state"": ""PASS"", ""value"": ""5/5""}, {""id"": ""rising"", ""kills"": true, ""reason"": ""15.6% off the high \u2014 back side of the move."", ""state"": ""PASS"", ""value"": ""15.6% off 5.05""}, {""id"": ""split"", ""kills"": false, ""reason"": """", ""state"": ""PASS"", ""value"": ""gap is not arithmetic""}, {""id"": ""instrument"", ""kills"": false, ""reason"": """", ""state"": ""UNKNOWN"", ""value"": ""\u2014""}, {""id"": ""tick"", ""kills"": false, ""reason"": """", ""state"": ""UNKNOWN"", ""value"": ""\u2014""}, {""id"": ""buyout"", ""kills"": true, ""reason"": ""Acquisition announced \u2014 the price is pinned and volatility is gone."", ""state"": ""PASS"", ""value"": ""none""}, {""id"": ""vwap"", ""kills"": false, ""reason"": """", ""state"": ""FAIL"", ""value"": ""no""}, {""id"": ""ema9"", ""kills"": false, ""reason"": """", ""state"": ""PASS"", ""value"": ""yes""}, {""id"": ""macd"", ""kills"": false, ""reason"": """", ""state"": ""FAIL"", ""value"": ""no""}, {""id"": ""tape"", ""kills"": false, ""reason"": ""No tape and no book in this tool."", ""state"": ""MANUAL_CONFIRMATION_REQUIRED"", ""value"": ""your eyes""}]","[""Instrument type unknown \u2014 ADRs are fine, funds are not.""]","{""above_ema9"": true, ""above_vwap"": false, ""buyout_announced"": false, ""catalyst_source_ok"": true, ""catalyst_today"": true, ""catalyst_verdict"": ""WEAK"", ""change_pct"": 109.84729064039409, ""feed_stale"": false, ""float_is_shares_outstanding"": false, ""float_shares"": 640000.0, ""float_verified"": true, ""halted"": false, ""in_session_window"": true, ""is_fund_or_etf"": null, ""last"": 4.2599, ""live_theme"": false, ""macd_positive_and_above_signal"": false, ""penny_theme"": false, ""premarket_volume"": null, ""prev_close"": null, ""rvol"": 105.24488392603554, ""session_high"": 5.05, ""session_volume"": 7040567.0, ""split_ratio_clean_integer"": null, ""symbol"": ""GCTK"", ""tick_size"": null}",4.22,4.19,4.28,0.03,2.0,2,1,REFUSED,"[""bar is outside the 07:00-16:00 ET session window (session 'none'); nothing is traded there"", ""bar clock: the bar closed 3005s before the runner saw it (budget 120s); a stale plan is not the trade the cascade reviewed (bar close \u2192 published 3002s, published \u2192 runner 3s)"", ""backfill decision: armed on loaded history, inputs not point-in-time (bar clock: the bar predates the desk's start; a fresh publication time does not make it fresh)"", ""Layer 2 not green: verdict WAIT \u2014 chart gates must all be true at entry""]",2026-09-24T10:21:05+00:00,2026-09-24T10:21:02+00:00,29c30d884550,4cfb953,2026-09-24T05:31:00-04:00,"{""bar_end"": ""2026-09-24T05:31:00-04:00"", ""bar_to_published_s"": 3002, ""published"": ""2026-09-24T10:21:02+00:00"", ""published_to_seen_s"": 3, ""quote_ts"": ""2026-09-24T10:21:04+00:00"", ""runner_seen"": ""2026-09-24T10:21:05+00:00""}",,4.22,18.6667,-70.3333,1,1,target,1,2026-09-24T09:31:00Z,4.4,4.2,2.5717
f62fffd9ee8743af,2026-09-24T05:30:00-04:00,none,SPHL,pullback,ibkr-GRML-GCTK-WETO,IBKR · TWS read-only · live,live-backfill,1m,3.31,,,6.27,4869218.0,580.8953868757967,43.600867678958785,1240000.0,verified,finviz via premarket_stars.py,0,0,REJECT,rising,0,"[{""id"": ""price"", ""kills"": true, ""reason"": ""$3.31 is outside $2.00\u201320.00."", ""state"": ""PASS"", ""value"": ""$3.31  band $2.00\u201320.00""}, {""id"": ""float"", ""kills"": false, ""reason"": """", ""state"": ""PASS"", ""value"": ""1.2M (verified)""}, {""id"": ""catalyst"", ""kills"": false, ""reason"": ""No catalyst dated today and no live theme it belongs to."", ""state"": ""FAIL"", ""value"": ""none""}, {""id"": ""pillars"", ""kills"": true, ""reason"": ""Only 4 of the Five Pillars pass (need 4); missing catalyst."", ""state"": ""PASS"", ""value"": ""4/5 \u2014 missing catalyst""}, {""id"": ""rising"", ""kills"": true, ""reason"": ""47.2% off the high \u2014 back side of the move."", ""state"": ""FAIL"", ""value"": ""47.2% off 6.27""}, {""id"": ""split"", ""kills"": false, ""reason"": ""cascade already stopped"", ""state"": ""NOT_APPLICABLE"", ""value"": ""\u2014""}, {""id"": ""instrument"", ""kills"": false, ""reason"": ""cascade already stopped"", ""state"": ""NOT_APPLICABLE"", ""value"": ""\u2014""}, {""id"": ""tick"", ""kills"": false, ""reason"": ""cascade already stopped"", ""state"": ""NOT_APPLICABLE"", ""value"": ""\u2014""}, {""id"": ""buyout"", ""kills"": false, ""reason"": ""cascade already stopped"", ""state"": ""NOT_APPLICABLE"", ""value"": ""\u2014""}]","[""No catalyst dated today and no live theme (A2: flagged, not killed; the read-out splits this cohort).""]","{""above_ema9"": false, ""above_vwap"": false, ""buyout_announced"": false, ""catalyst_source_ok"": true, ""catalyst_today"": false, ""catalyst_verdict"": ""NONE"", ""change_pct"": 43.600867678958785, ""feed_stale"": false, ""float_is_shares_outstanding"": false, ""float_shares"": 1240000.0, ""float_verified"": true, ""halted"": false, ""in_session_window"": true, ""is_fund_or_etf"": null, ""last"": 3.31, ""live_theme"": false, ""macd_positive_and_above_signal"": false, ""penny_theme"": false, ""premarket_volume"": null, ""prev_close"": null, ""rvol"": 580.8953868757967, ""session_high"": 6.27, ""session_volume"": 4869218.0, ""split_ratio_clean_integer"": null, ""symbol"": ""SPHL"", ""tick_size"": null}",3.36,3.28,3.52,0.08,2.0,2,1,SUPPRESSED,,,2026-09-24T10:22:05+00:00,29c30d884550,4cfb953,2026-09-24T05:31:00-04:00,,,3.36,3.8738,-10.125,1,1,stop,1,2026-09-24T09:31:00Z,3.45,3.06,2.74
47a834ce9c2b447b,2026-09-24T05:31:00-04:00,none,UXIN,pullback,ibkr-GRML-GCTK-WETO,IBKR · TWS read-only · live,live-backfill,1m,1.3706,,,1.42,2584878.0,62.80545910892219,25.743119266055036,219730000.0,verified,finviz via premarket_stars.py,1,0,REJECT,price,0,"[{""id"": ""price"", ""kills"": true, ""reason"": ""$1.37 is outside $2.00\u201320.00."", ""state"": ""FAIL"", ""value"": ""$1.37  band $2.00\u201320.00""}, {""id"": ""float"", ""kills"": false, ""reason"": ""cascade already stopped"", ""state"": ""NOT_APPLICABLE"", ""value"": ""\u2014""}, {""id"": ""catalyst"", ""kills"": false, ""reason"": ""cascade already stopped"", ""state"": ""NOT_APPLICABLE"", ""value"": ""\u2014""}, {""id"": ""pillars"", ""kills"": false, ""reason"": ""cascade already stopped"", ""state"": ""NOT_APPLICABLE"", ""value"": ""\u2014""}, {""id"": ""rising"", ""kills"": false, ""reason"": ""cascade already stopped"", ""state"": ""NOT_APPLICABLE"", ""value"": ""\u2014""}, {""id"": ""split"", ""kills"": false, ""reason"": ""cascade already stopped"", ""state"": ""NOT_APPLICABLE"", ""value"": ""\u2014""}, {""id"": ""instrument"", ""kills"": false, ""reason"": ""cascade already stopped"", ""state"": ""NOT_APPLICABLE"", ""value"": ""\u2014""}, {""id"": ""tick"", ""kills"": false, ""reason"": ""cascade already stopped"", ""state"": ""NOT_APPLICABLE"", ""value"": ""\u2014""}, {""id"": ""buyout"", ""kills"": false, ""reason"": ""cascade already stopped"", ""state"": ""NOT_APPLICABLE"", ""value"": ""\u2014""}]",[],"{""above_ema9"": true, ""above_vwap"": true, ""buyout_announced"": false, ""catalyst_source_ok"": true, ""catalyst_today"": true, ""catalyst_verdict"": ""WEAK"", ""change_pct"": 25.743119266055036, ""feed_stale"": false, ""float_is_shares_outstanding"": false, ""float_shares"": 219730000.0, ""float_verified"": true, ""halted"": false, ""in_session_window"": true, ""is_fund_or_etf"": null, ""last"": 1.3706, ""live_theme"": false, ""macd_positive_and_above_signal"": true, ""penny_theme"": false, ""premarket_volume"": null, ""prev_close"": null, ""rvol"": 62.80545910892219, ""session_high"": 1.42, ""session_volume"": 2584878.0, ""split_ratio_clean_integer"": null, ""symbol"": ""UXIN"", ""tick_size"": null}",1.37,1.24,1.63,0.13,2.0,2,0,SUPPRESSED,,,2026-09-24T10:22:05+00:00,29c30d884550,4cfb953,2026-09-24T05:32:00-04:00,,,1.37,0.4615,-1.5385,1,0,stop,1,2026-09-24T09:32:00Z,1.43,1.17,1.24
e720d890c9ca7ed4,2026-09-24T05:33:00-04:00,none,NCPL,pullback,ibkr-GRML-GCTK-PFSA,IBKR · TWS read-only · live,live-backfill,1m,1.2002,,,1.29,541406.0,0.026487139341129045,15.403846153846136,4380000.0,verified,finviz via premarket_stars.py,0,0,REJECT,price,0,"[{""id"": ""price"", ""kills"": true, ""reason"": ""$1.20 is outside $2.00\u201320.00."", ""state"": ""FAIL"", ""value"": ""$1.20  band $2.00\u201320.00""}, {""id"": ""float"", ""kills"": false, ""reason"": ""cascade already stopped"", ""state"": ""NOT_APPLICABLE"", ""value"": ""\u2014""}, {""id"": ""catalyst"", ""kills"": false, ""reason"": ""cascade already stopped"", ""state"": ""NOT_APPLICABLE"", ""value"": ""\u2014""}, {""id"": ""pillars"", ""kills"": false, ""reason"": ""cascade already stopped"", ""state"": ""NOT_APPLICABLE"", ""value"": ""\u2014""}, {""id"": ""rising"", ""kills"": false, ""reason"": ""cascade already stopped"", ""state"": ""NOT_APPLICABLE"", ""value"": ""\u2014""}, {""id"": ""split"", ""kills"": false, ""reason"": ""cascade already stopped"", ""state"": ""NOT_APPLICABLE"", ""value"": ""\u2014""}, {""id"": ""instrument"", ""kills"": false, ""reason"": ""cascade already stopped"", ""state"": ""NOT_APPLICABLE"", ""value"": ""\u2014""}, {""id"": ""tick"", ""kills"": false, ""reason"": ""cascade already stopped"", ""state"": ""NOT_APPLICABLE"", ""value"": ""\u2014""}, {""id"": ""buyout"", ""kills"": false, ""reason"": ""cascade already stopped"", ""state"": ""NOT_APPLICABLE"", ""value"": ""\u2014""}]",[],"{""above_ema9"": true, ""above_vwap"": true, ""buyout_announced"": false, ""catalyst_source_ok"": true, ""catalyst_today"": false, ""catalyst_verdict"": ""NONE"", ""change_pct"": 15.403846153846136, ""feed_stale"": false, ""float_is_shares_outstanding"": false, ""float_shares"": 4380000.0, ""float_verified"": true, ""halted"": false, ""in_session_window"": true, ""is_fund_or_etf"": null, ""last"": 1.2002, ""live_theme"": false, ""macd_positive_and_above_signal"": true, ""penny_theme"": false, ""premarket_volume"": null, ""prev_close"": null, ""rvol"": 0.026487139341129045, ""session_high"": 1.29, ""session_volume"": 541406.0, ""split_ratio_clean_integer"": null, ""symbol"": ""NCPL"", ""tick_size"": null}",1.23,1.18,1.33,0.05,2.0,2,0,SUPPRESSED,,,2026-09-24T12:08:51+00:00,29c30d884550,4cfb953,2026-09-24T05:34:00-04:00,,,1.23,18.2,-2.0,1,1,target,1,2026-09-24T09:35:00Z,1.55,1.19,1.31
48f88e491047f820,2026-09-24T05:53:00-04:00,none,GCTK,pullback,ibkr-GRML-GCTK-WETO,IBKR · TWS read-only · live,live-backfill,1m,4.38,,,5.05,7318291.0,109.39640043649192,115.76354679802958,640000.0,verified,finviz via premarket_stars.py,1,0,WAIT,,1,"[{""id"": ""price"", ""kills"": true, ""reason"": ""$4.38 is outside $2.00\u201320.00."", ""state"": ""PASS"", ""value"": ""$4.38  band $2.00\u201320.00""}, {""id"": ""float"", ""kills"": false, ""reason"": """", ""state"": ""PASS"", ""value"": ""0.6M (verified)""}, {""id"": ""catalyst"", ""kills"": false, ""reason"": """", ""state"": ""PASS"", ""value"": ""news today \u00b7 WEAK""}, {""id"": ""pillars"", ""kills"": true, ""reason"": ""Only 5 of the Five Pillars pass (need 4); missing ."", ""state"": ""PASS"", ""value"": ""5/5""}, {""id"": ""rising"", ""kills"": true, ""reason"": ""13.3% off the high \u2014 back side of the move."", ""state"": ""PASS"", ""value"": ""13.3% off 5.05""}, {""id"": ""split"", ""kills"": false, ""reason"": """", ""state"": ""PASS"", ""value"": ""gap is not arithmetic""}, {""id"": ""instrument"", ""kills"": false, ""reason"": """", ""state"": ""UNKNOWN"", ""value"": ""\u2014""}, {""id"": ""tick"", ""kills"": false, ""reason"": """", ""state"": ""UNKNOWN"", ""value"": ""\u2014""}, {""id"": ""buyout"", ""kills"": true, ""reason"": ""Acquisition announced \u2014 the price is pinned and volatility is gone."", ""state"": ""PASS"", ""value"": ""none""}, {""id"": ""vwap"", ""kills"": false, ""reason"": """", ""state"": ""FAIL"", ""value"": ""no""}, {""id"": ""ema9"", ""kills"": false, ""reason"": """", ""state"": ""PASS"", ""value"": ""yes""}, {""id"": ""macd"", ""kills"": false, ""reason"": """", ""state"": ""PASS"", ""value"": ""yes""}, {""id"": ""tape"", ""kills"": false, ""reason"": ""No tape and no book in this tool."", ""state"": ""MANUAL_CONFIRMATION_REQUIRED"", ""value"": ""your eyes""}]","[""Instrument type unknown \u2014 ADRs are fine, funds are not.""]","{""above_ema9"": true, ""above_vwap"": false, ""buyout_announced"": false, ""catalyst_source_ok"": true, ""catalyst_today"": true, ""catalyst_verdict"": ""WEAK"", ""change_pct"": 115.76354679802958, ""feed_stale"": false, ""float_is_shares_outstanding"": false, ""float_shares"": 640000.0, ""float_verified"": true, ""halted"": false, ""in_session_window"": true, ""is_fund_or_etf"": null, ""last"": 4.38, ""live_theme"": false, ""macd_positive_and_above_signal"": true, ""penny_theme"": false, ""premarket_volume"": null, ""prev_close"": null, ""rvol"": 109.39640043649192, ""session_high"": 5.05, ""session_volume"": 7318291.0, ""split_ratio_clean_integer"": null, ""symbol"": ""GCTK"", ""tick_size"": null}",4.36,4.32,4.44,0.04,2.0,4,1,REFUSED,"[""bar is outside the 07:00-16:00 ET session window (session 'none'); nothing is traded there"", ""bar clock: the bar closed 1625s before the runner saw it (budget 120s); a stale plan is not the trade the cascade reviewed (bar close \u2192 published 1622s, published \u2192 runner 3s)"", ""backfill decision: armed on loaded history, inputs not point-in-time (bar clock: the bar predates the desk's start; a fresh publication time does not make it fresh)"", ""Layer 2 not green: verdict WAIT \u2014 chart gates must all be true at entry""]",2026-09-24T10:21:05+00:00,2026-09-24T10:21:02+00:00,29c30d884550,4cfb953,2026-09-24T05:54:00-04:00,"{""bar_end"": ""2026-09-24T05:54:00-04:00"", ""bar_to_published_s"": 1622, ""published"": ""2026-09-24T10:21:02+00:00"", ""published_to_seen_s"": 3, ""quote_ts"": ""2026-09-24T10:21:04+00:00"", ""runner_seen"": ""2026-09-24T10:21:05+00:00""}",,4.36,10.5,-56.25,1,1,stop,1,2026-09-24T09:54:00Z,4.4,3.75,2.5717
6d6b9392ea93d3b4,2026-09-24T06:07:00-04:00,none,UXIN,pullback,ibkr-GRML-GCTK-WETO,IBKR · TWS read-only · live,live-backfill,1m,1.26,,,1.43,6301513.0,153.1095150509392,15.596330275229352,219730000.0,verified,finviz via premarket_stars.py,1,0,REJECT,price,0,"[{""id"": ""price"", ""kills"": true, ""reason"": ""$1.26 is outside $2.00\u201320.00."", ""state"": ""FAIL"", ""value"": ""$1.26  band $2.00\u201320.00""}, {""id"": ""float"", ""kills"": false, ""reason"": ""cascade already stopped"", ""state"": ""NOT_APPLICABLE"", ""value"": ""\u2014""}, {""id"": ""catalyst"", ""kills"": false, ""reason"": ""cascade already stopped"", ""state"": ""NOT_APPLICABLE"", ""value"": ""\u2014""}, {""id"": ""pillars"", ""kills"": false, ""reason"": ""cascade already stopped"", ""state"": ""NOT_APPLICABLE"", ""value"": ""\u2014""}, {""id"": ""rising"", ""kills"": false, ""reason"": ""cascade already stopped"", ""state"": ""NOT_APPLICABLE"", ""value"": ""\u2014""}, {""id"": ""split"", ""kills"": false, ""reason"": ""cascade already stopped"", ""state"": ""NOT_APPLICABLE"", ""value"": ""\u2014""}, {""id"": ""instrument"", ""kills"": false, ""reason"": ""cascade already stopped"", ""state"": ""NOT_APPLICABLE"", ""value"": ""\u2014""}, {""id"": ""tick"", ""kills"": false, ""reason"": ""cascade already stopped"", ""state"": ""NOT_APPLICABLE"", ""value"": ""\u2014""}, {""id"": ""buyout"", ""kills"": false, ""reason"": ""cascade already stopped"", ""state"": ""NOT_APPLICABLE"", ""value"": ""\u2014""}]",[],"{""above_ema9"": true, ""above_vwap"": false, ""buyout_announced"": false, ""catalyst_source_ok"": true, ""catalyst_today"": true, ""catalyst_verdict"": ""WEAK"", ""change_pct"": 15.596330275229352, ""feed_stale"": false, ""float_is_shares_outstanding"": false, ""float_shares"": 219730000.0, ""float_verified"": true, ""halted"": false, ""in_session_window"": true, ""is_fund_or_etf"": null, ""last"": 1.26, ""live_theme"": false, ""macd_positive_and_above_signal"": true, ""penny_theme"": false, ""premarket_volume"": null, ""prev_close"": null, ""rvol"": 153.1095150509392, ""session_high"": 1.43, ""session_volume"": 6301513.0, ""split_ratio_clean_integer"": null, ""symbol"": ""UXIN"", ""tick_size"": null}",1.25,1.22,1.31,0.03,2.0,2,1,SUPPRESSED,,,2026-09-24T10:22:05+00:00,29c30d884550,4cfb953,2026-09-24T06:08:00-04:00,,,1.25,3.3333,-1.6667,1,1,stop,1,2026-09-24T10:08:00Z,1.35,1.2,1.24
36aaa4e9f95c6408,2026-09-24T06:19:00-04:00,none,GRML,pullback,ibkr-GRML-GCTK-WETO,IBKR · TWS read-only · live,live-backfill,1m,13.89,,,15.39,1881661.0,0.16145814078337362,24.128686327077766,2870000.0,verified,finviz via premarket_stars.py,1,0,WAIT,,1,"[{""id"": ""price"", ""kills"": true, ""reason"": ""$13.89 is outside $2.00\u201320.00."", ""state"": ""PASS"", ""value"": ""$13.89  band $2.00\u201320.00""}, {""id"": ""float"", ""kills"": false, ""reason"": """", ""state"": ""PASS"", ""value"": ""2.9M (verified)""}, {""id"": ""catalyst"", ""kills"": false, ""reason"": """", ""state"": ""PASS"", ""value"": ""news today \u00b7 WEAK""}, {""id"": ""pillars"", ""kills"": true, ""reason"": ""Only 4 of the Five Pillars pass (need 4); missing rvol."", ""state"": ""PASS"", ""value"": ""4/5 \u2014 missing rvol""}, {""id"": ""rising"", ""kills"": true, ""reason"": ""9.7% off the high \u2014 back side of the move."", ""state"": ""PASS"", ""value"": ""9.7% off 15.39""}, {""id"": ""split"", ""kills"": false, ""reason"": """", ""state"": ""PASS"", ""value"": ""gap is not arithmetic""}, {""id"": ""instrument"", ""kills"": false, ""reason"": """", ""state"": ""UNKNOWN"", ""value"": ""\u2014""}, {""id"": ""tick"", ""kills"": false, ""reason"": """", ""state"": ""UNKNOWN"", ""value"": ""\u2014""}, {""id"": ""buyout"", ""kills"": true, ""reason"": ""Acquisition announced \u2014 the price is pinned and volatility is gone."", ""state"": ""PASS"", ""value"": ""none""}, {""id"": ""vwap"", ""kills"": false, ""reason"": """", ""state"": ""FAIL"", ""value"": ""no""}, {""id"": ""ema9"", ""kills"": false, ""reason"": """", ""state"": ""PASS"", ""value"": ""yes""}, {""id"": ""macd"", ""kills"": false, ""reason"": """", ""state"": ""PASS"", ""value"": ""yes""}, {""id"": ""tape"", ""kills"": false, ""reason"": ""No tape and no book in this tool."", ""state"": ""MANUAL_CONFIRMATION_REQUIRED"", ""value"": ""your eyes""}]","[""Instrument type unknown \u2014 ADRs are fine, funds are not."", ""RVOL 0.16x is under the 1.5x trade floor (the 5x is a scanner dial, not a gate).""]","{""above_ema9"": true, ""above_vwap"": false, ""buyout_announced"": false, ""catalyst_source_ok"": true, ""catalyst_today"": true, ""catalyst_verdict"": ""WEAK"", ""change_pct"": 24.128686327077766, ""feed_stale"": false, ""float_is_shares_outstanding"": false, ""float_shares"": 2870000.0, ""float_verified"": true, ""halted"": false, ""in_session_window"": true, ""is_fund_or_etf"": null, ""last"": 13.89, ""live_theme"": false, ""macd_positive_and_above_signal"": true, ""penny_theme"": false, ""premarket_volume"": null, ""prev_close"": null, ""rvol"": 0.16145814078337362, ""session_high"": 15.39, ""session_volume"": 1881661.0, ""split_ratio_clean_integer"": null, ""symbol"": ""GRML"", ""tick_size"": null}",13.78,13.71,13.92,0.07,2.0,1,1,REFUSED,"[""bar is outside the 07:00-16:00 ET session window (session 'none'); nothing is traded there"", ""backfill decision: armed on loaded history, inputs not point-in-time (bar clock: the bar predates the desk's start; a fresh publication time does not make it fresh)"", ""Layer 2 not green: verdict WAIT \u2014 chart gates must all be true at entry""]",2026-09-24T10:21:05+00:00,2026-09-24T10:21:02+00:00,29c30d884550,4cfb953,2026-09-24T06:20:00-04:00,"{""bar_end"": ""2026-09-24T06:20:00-04:00"", ""bar_to_published_s"": 62, ""published"": ""2026-09-24T10:21:02+00:00"", ""published_to_seen_s"": 3, ""quote_ts"": ""2026-09-24T10:21:03+00:00"", ""runner_seen"": ""2026-09-24T10:21:05+00:00""}",,13.78,31.7143,-25.0,1,1,stop,1,2026-09-24T10:20:00Z,13.89,13.5,14.46
abb2bfb4a7f7caa7,2026-09-24T06:20:00-04:00,none,SPHL,pullback,ibkr-GRML-GCTK-WETO,IBKR · TWS read-only · live,live-backfill,1m,3.06,,,6.27,5568038.0,664.2642798390084,32.75488069414316,1240000.0,verified,finviz via premarket_stars.py,0,0,REJECT,rising,0,"[{""id"": ""price"", ""kills"": true, ""reason"": ""$3.06 is outside $2.00\u201320.00."", ""state"": ""PASS"", ""value"": ""$3.06  band $2.00\u201320.00""}, {""id"": ""float"", ""kills"": false, ""reason"": """", ""state"": ""PASS"", ""value"": ""1.2M (verified)""}, {""id"": ""catalyst"", ""kills"": false, ""reason"": ""No catalyst dated today and no live theme it belongs to."", ""state"": ""FAIL"", ""value"": ""none""}, {""id"": ""pillars"", ""kills"": true, ""reason"": ""Only 4 of the Five Pillars pass (need 4); missing catalyst."", ""state"": ""PASS"", ""value"": ""4/5 \u2014 missing catalyst""}, {""id"": ""rising"", ""kills"": true, ""reason"": ""51.2% off the high \u2014 back side of the move."", ""state"": ""FAIL"", ""value"": ""51.2% off 6.27""}, {""id"": ""split"", ""kills"": false, ""reason"": ""cascade already stopped"", ""state"": ""NOT_APPLICABLE"", ""value"": ""\u2014""}, {""id"": ""instrument"", ""kills"": false, ""reason"": ""cascade already stopped"", ""state"": ""NOT_APPLICABLE"", ""value"": ""\u2014""}, {""id"": ""tick"", ""kills"": false, ""reason"": ""cascade already stopped"", ""state"": ""NOT_APPLICABLE"", ""value"": ""\u2014""}, {""id"": ""buyout"", ""kills"": false, ""reason"": ""cascade already stopped"", ""state"": ""NOT_APPLICABLE"", ""value"": ""\u2014""}]","[""No catalyst dated today and no live theme (A2: flagged, not killed; the read-out splits this cohort).""]","{""above_ema9"": true, ""above_vwap"": false, ""buyout_announced"": false, ""catalyst_source_ok"": true, ""catalyst_today"": false, ""catalyst_verdict"": ""NONE"", ""change_pct"": 32.75488069414316, ""feed_stale"": false, ""float_is_shares_outstanding"": false, ""float_shares"": 1240000.0, ""float_verified"": true, ""halted"": false, ""in_session_window"": true, ""is_fund_or_etf"": null, ""last"": 3.06, ""live_theme"": false, ""macd_positive_and_above_signal"": true, ""penny_theme"": false, ""premarket_volume"": null, ""prev_close"": null, ""rvol"": 664.2642798390084, ""session_high"": 6.27, ""session_volume"": 5568038.0, ""split_ratio_clean_integer"": null, ""symbol"": ""SPHL"", ""tick_size"": null}",3.06,3.01,3.16,0.05,2.0,3,1,SUPPRESSED,,,2026-09-24T10:22:05+00:00,29c30d884550,4cfb953,2026-09-24T06:21:00-04:00,,,3.06,12.198,-10.2,1,1,stop,1,2026-09-24T10:21:00Z,3.27,2.95,2.74
d3d8f902027ba0e5,2026-09-24T06:21:00-04:00,none,UXIN,pullback,ibkr-GRML-GCTK-WETO,IBKR · TWS read-only · live,live,1m,1.32,1.31,1.32,1.43,6763774.0,164.34119187791111,21.100917431192666,219730000.0,verified,finviz via premarket_stars.py,1,0,REJECT,price,0,"[{""id"": ""price"", ""kills"": true, ""reason"": ""$1.32 is outside $2.00\u201320.00."", ""state"": ""FAIL"", ""value"": ""$1.32  band $2.00\u201320.00""}, {""id"": ""float"", ""kills"": false, ""reason"": ""cascade already stopped"", ""state"": ""NOT_APPLICABLE"", ""value"": ""\u2014""}, {""id"": ""catalyst"", ""kills"": false, ""reason"": ""cascade already stopped"", ""state"": ""NOT_APPLICABLE"", ""value"": ""\u2014""}, {""id"": ""pillars"", ""kills"": false, ""reason"": ""cascade already stopped"", ""state"": ""NOT_APPLICABLE"", ""value"": ""\u2014""}, {""id"": ""rising"", ""kills"": false, ""reason"": ""cascade already stopped"", ""state"": ""NOT_APPLICABLE"", ""value"": ""\u2014""}, {""id"": ""split"", ""kills"": false, ""reason"": ""cascade already stopped"", ""state"": ""NOT_APPLICABLE"", ""value"": ""\u2014""}, {""id"": ""instrument"", ""kills"": false, ""reason"": ""cascade already stopped"", ""state"": ""NOT_APPLICABLE"", ""value"": ""\u2014""}, {""id"": ""tick"", ""kills"": false, ""reason"": ""cascade already stopped"", ""state"": ""NOT_APPLICABLE"", ""value"": ""\u2014""}, {""id"": ""buyout"", ""kills"": false, ""reason"": ""cascade already stopped"", ""state"": ""NOT_APPLICABLE"", ""value"": ""\u2014""}]",[],"{""above_ema9"": true, ""above_vwap"": true, ""buyout_announced"": false, ""catalyst_source_ok"": true, ""catalyst_today"": true, ""catalyst_verdict"": ""WEAK"", ""change_pct"": 21.100917431192666, ""feed_stale"": false, ""float_is_shares_outstanding"": false, ""float_shares"": 219730000.0, ""float_verified"": true, ""halted"": false, ""in_session_window"": true, ""is_fund_or_etf"": null, ""last"": 1.32, ""live_theme"": false, ""macd_positive_and_above_signal"": true, ""penny_theme"": false, ""premarket_volume"": null, ""prev_close"": null, ""rvol"": 164.34119187791111, ""session_high"": 1.43, ""session_volume"": 6763774.0, ""split_ratio_clean_integer"": null, ""symbol"": ""UXIN"", ""tick_size"": null}",1.31,1.25,1.43,0.06,2.0,1,0,SUPPRESSED,,,2026-09-24T10:22:05+00:00,29c30d884550,4cfb953,2026-09-24T06:22:00-04:00,,,1.31,0.6667,-1.6783,1,0,stop,1,2026-09-24T10:22:00Z,1.35,1.26,1.24
ed7073591dc53101,2026-09-24T06:28:00-04:00,none,SPHL,pullback,ibkr-GRML-GCTK-WETO,IBKR · TWS read-only · live,live,1m,3.08,3.07,3.08,6.27,5615378.0,669.9119192781751,33.622559652928416,1240000.0,verified,finviz via premarket_stars.py,0,0,REJECT,rising,0,"[{""id"": ""price"", ""kills"": true, ""reason"": ""$3.08 is outside $2.00\u201320.00."", ""state"": ""PASS"", ""value"": ""$3.08  band $2.00\u201320.00""}, {""id"": ""float"", ""kills"": false, ""reason"": """", ""state"": ""PASS"", ""value"": ""1.2M (verified)""}, {""id"": ""catalyst"", ""kills"": false, ""reason"": ""No catalyst dated today and no live theme it belongs to."", ""state"": ""FAIL"", ""value"": ""none""}, {""id"": ""pillars"", ""kills"": true, ""reason"": ""Only 4 of the Five Pillars pass (need 4); missing catalyst."", ""state"": ""PASS"", ""value"": ""4/5 \u2014 missing catalyst""}, {""id"": ""rising"", ""kills"": true, ""reason"": ""50.9% off the high \u2014 back side of the move."", ""state"": ""FAIL"", ""value"": ""50.9% off 6.27""}, {""id"": ""split"", ""kills"": false, ""reason"": ""cascade already stopped"", ""state"": ""NOT_APPLICABLE"", ""value"": ""\u2014""}, {""id"": ""instrument"", ""kills"": false, ""reason"": ""cascade already stopped"", ""state"": ""NOT_APPLICABLE"", ""value"": ""\u2014""}, {""id"": ""tick"", ""kills"": false, ""reason"": ""cascade already stopped"", ""state"": ""NOT_APPLICABLE"", ""value"": ""\u2014""}, {""id"": ""buyout"", ""kills"": false, ""reason"": ""cascade already stopped"", ""state"": ""NOT_APPLICABLE"", ""value"": ""\u2014""}]","[""No catalyst dated today and no live theme (A2: flagged, not killed; the read-out splits this cohort).""]","{""above_ema9"": true, ""above_vwap"": false, ""buyout_announced"": false, ""catalyst_source_ok"": true, ""catalyst_today"": false, ""catalyst_verdict"": ""NONE"", ""change_pct"": 33.622559652928416, ""feed_stale"": false, ""float_is_shares_outstanding"": false, ""float_shares"": 1240000.0, ""float_verified"": true, ""halted"": false, ""in_session_window"": true, ""is_fund_or_etf"": null, ""last"": 3.08, ""live_theme"": false, ""macd_positive_and_above_signal"": true, ""penny_theme"": false, ""premarket_volume"": null, ""prev_close"": null, ""rvol"": 669.9119192781751, ""session_high"": 6.27, ""session_volume"": 5615378.0, ""split_ratio_clean_integer"": null, ""symbol"": ""SPHL"", ""tick_size"": null}",3.08,3.04,3.16,0.04,2.0,2,1,SUPPRESSED,,,2026-09-24T10:28:33+00:00,29c30d884550,4cfb953,2026-09-24T06:29:00-04:00,,,3.08,14.7475,-13.25,1,1,stop,1,2026-09-24T10:45:00Z,3.27,2.95,2.74
c57101404dc0bd34,2026-09-24T06:31:00-04:00,none,GCTK,pullback,ibkr-GRML-GCTK-WETO,IBKR · TWS read-only · live,live,1m,3.87,3.87,3.88,5.05,8214173.0,122.7883612120125,90.64039408866998,640000.0,verified,finviz via premarket_stars.py,1,0,WAIT,,1,"[{""id"": ""price"", ""kills"": true, ""reason"": ""$3.87 is outside $2.00\u201320.00."", ""state"": ""PASS"", ""value"": ""$3.87  band $2.00\u201320.00""}, {""id"": ""float"", ""kills"": false, ""reason"": """", ""state"": ""PASS"", ""value"": ""0.6M (verified)""}, {""id"": ""catalyst"", ""kills"": false, ""reason"": """", ""state"": ""PASS"", ""value"": ""news today \u00b7 WEAK""}, {""id"": ""pillars"", ""kills"": true, ""reason"": ""Only 5 of the Five Pillars pass (need 4); missing ."", ""state"": ""PASS"", ""value"": ""5/5""}, {""id"": ""rising"", ""kills"": true, ""reason"": ""23.4% off the high \u2014 back side of the move."", ""state"": ""PASS"", ""value"": ""23.4% off 5.05""}, {""id"": ""split"", ""kills"": false, ""reason"": """", ""state"": ""PASS"", ""value"": ""gap is not arithmetic""}, {""id"": ""instrument"", ""kills"": false, ""reason"": """", ""state"": ""UNKNOWN"", ""value"": ""\u2014""}, {""id"": ""tick"", ""kills"": false, ""reason"": """", ""state"": ""UNKNOWN"", ""value"": ""\u2014""}, {""id"": ""buyout"", ""kills"": true, ""reason"": ""Acquisition announced \u2014 the price is pinned and volatility is gone."", ""state"": ""PASS"", ""value"": ""none""}, {""id"": ""vwap"", ""kills"": false, ""reason"": """", ""state"": ""FAIL"", ""value"": ""no""}, {""id"": ""ema9"", ""kills"": false, ""reason"": """", ""state"": ""PASS"", ""value"": ""yes""}, {""id"": ""macd"", ""kills"": false, ""reason"": """", ""state"": ""PASS"", ""value"": ""yes""}, {""id"": ""tape"", ""kills"": false, ""reason"": ""No tape and no book in this tool."", ""state"": ""MANUAL_CONFIRMATION_REQUIRED"", ""value"": ""your eyes""}]","[""Instrument type unknown \u2014 ADRs are fine, funds are not.""]","{""above_ema9"": true, ""above_vwap"": false, ""buyout_announced"": false, ""catalyst_source_ok"": true, ""catalyst_today"": true, ""catalyst_verdict"": ""WEAK"", ""change_pct"": 90.64039408866998, ""feed_stale"": false, ""float_is_shares_outstanding"": false, ""float_shares"": 640000.0, ""float_verified"": true, ""halted"": false, ""in_session_window"": true, ""is_fund_or_etf"": null, ""last"": 3.87, ""live_theme"": false, ""macd_positive_and_above_signal"": true, ""penny_theme"": false, ""premarket_volume"": null, ""prev_close"": null, ""rvol"": 122.7883612120125, ""session_high"": 5.05, ""session_volume"": 8214173.0, ""split_ratio_clean_integer"": null, ""symbol"": ""GCTK"", ""tick_size"": null}",3.86,3.79,4.0,0.07,2.0,3,1,REFUSED,"[""bar is outside the 07:00-16:00 ET session window (session 'none'); nothing is traded there"", ""Layer 2 not green: verdict WAIT \u2014 chart gates must all be true at entry""]",2026-09-24T10:31:36+00:00,2026-09-24T10:31:32+00:00,29c30d884550,4cfb953,2026-09-24T06:32:00-04:00,"{""bar_end"": ""2026-09-24T06:32:00-04:00"", ""bar_to_published_s"": -28, ""published"": ""2026-09-24T10:31:32+00:00"", ""published_to_seen_s"": 4, ""quote_ts"": ""2026-09-24T10:31:35+00:00"", ""runner_seen"": ""2026-09-24T10:31:36+00:00""}",,3.86,13.1429,-25.0,1,1,target,1,2026-09-24T10:32:00Z,4.78,3.85,2.5717
cdd1586eeb18807e,2026-09-24T06:37:00-04:00,none,SPHL,pullback,ibkr-GRML-GCTK-PFSA,IBKR · TWS read-only · live,live-backfill,1m,3.0,,,6.27,5738071.0,684.5491357063473,30.151843817787416,1240000.0,verified,finviz via premarket_stars.py,0,0,REJECT,rising,0,"[{""id"": ""price"", ""kills"": true, ""reason"": ""$3.00 is outside $2.00\u201320.00."", ""state"": ""PASS"", ""value"": ""$3.00  band $2.00\u201320.00""}, {""id"": ""float"", ""kills"": false, ""reason"": """", ""state"": ""PASS"", ""value"": ""1.2M (verified)""}, {""id"": ""catalyst"", ""kills"": false, ""reason"": ""No catalyst dated today and no live theme it belongs to."", ""state"": ""FAIL"", ""value"": ""none""}, {""id"": ""pillars"", ""kills"": true, ""reason"": ""Only 4 of the Five Pillars pass (need 4); missing catalyst."", ""state"": ""PASS"", ""value"": ""4/5 \u2014 missing catalyst""}, {""id"": ""rising"", ""kills"": true, ""reason"": ""52.2% off the high \u2014 back side of the move."", ""state"": ""FAIL"", ""value"": ""52.2% off 6.27""}, {""id"": ""split"", ""kills"": false, ""reason"": ""cascade already stopped"", ""state"": ""NOT_APPLICABLE"", ""value"": ""\u2014""}, {""id"": ""instrument"", ""kills"": false, ""reason"": ""cascade already stopped"", ""state"": ""NOT_APPLICABLE"", ""value"": ""\u2014""}, {""id"": ""tick"", ""kills"": false, ""reason"": ""cascade already stopped"", ""state"": ""NOT_APPLICABLE"", ""value"": ""\u2014""}, {""id"": ""buyout"", ""kills"": false, ""reason"": ""cascade already stopped"", ""state"": ""NOT_APPLICABLE"", ""value"": ""\u2014""}]","[""No catalyst dated today and no live theme (A2: flagged, not killed; the read-out splits this cohort).""]","{""above_ema9"": false, ""above_vwap"": false, ""buyout_announced"": false, ""catalyst_source_ok"": true, ""catalyst_today"": false, ""catalyst_verdict"": ""NONE"", ""change_pct"": 30.151843817787416, ""feed_stale"": false, ""float_is_shares_outstanding"": false, ""float_shares"": 1240000.0, ""float_verified"": true, ""halted"": false, ""in_session_window"": true, ""is_fund_or_etf"": null, ""last"": 3.0, ""live_theme"": false, ""macd_positive_and_above_signal"": false, ""penny_theme"": false, ""premarket_volume"": null, ""prev_close"": null, ""rvol"": 684.5491357063473, ""session_high"": 6.27, ""session_volume"": 5738071.0, ""split_ratio_clean_integer"": null, ""symbol"": ""SPHL"", ""tick_size"": null}",3.01,2.95,3.13,0.06,2.0,1,0,SUPPRESSED,,,2026-09-24T12:08:51+00:00,29c30d884550,4cfb953,2026-09-24T06:38:00-04:00,,,3.01,10.9983,-7.6667,1,1,stop,1,2026-09-24T10:38:00Z,3.27,2.92,2.74
c418f661cd15acf0,2026-09-24T06:38:00-04:00,none,NCPL,pullback,ibkr-GRML-GCTK-PFSA,IBKR · TWS read-only · live,live-backfill,1m,1.18,,,1.55,5379847.0,0.2631975950080994,13.461538461538458,4380000.0,verified,finviz via premarket_stars.py,0,0,REJECT,price,0,"[{""id"": ""price"", ""kills"": true, ""reason"": ""$1.18 is outside $2.00\u201320.00."", ""state"": ""FAIL"", ""value"": ""$1.18  band $2.00\u201320.00""}, {""id"": ""float"", ""kills"": false, ""reason"": ""cascade already stopped"", ""state"": ""NOT_APPLICABLE"", ""value"": ""\u2014""}, {""id"": ""catalyst"", ""kills"": false, ""reason"": ""cascade already stopped"", ""state"": ""NOT_APPLICABLE"", ""value"": ""\u2014""}, {""id"": ""pillars"", ""kills"": false, ""reason"": ""cascade already stopped"", ""state"": ""NOT_APPLICABLE"", ""value"": ""\u2014""}, {""id"": ""rising"", ""kills"": false, ""reason"": ""cascade already stopped"", ""state"": ""NOT_APPLICABLE"", ""value"": ""\u2014""}, {""id"": ""split"", ""kills"": false, ""reason"": ""cascade already stopped"", ""state"": ""NOT_APPLICABLE"", ""value"": ""\u2014""}, {""id"": ""instrument"", ""kills"": false, ""reason"": ""cascade already stopped"", ""state"": ""NOT_APPLICABLE"", ""value"": ""\u2014""}, {""id"": ""tick"", ""kills"": false, ""reason"": ""cascade already stopped"", ""state"": ""NOT_APPLICABLE"", ""value"": ""\u2014""}, {""id"": ""buyout"", ""kills"": false, ""reason"": ""cascade already stopped"", ""state"": ""NOT_APPLICABLE"", ""value"": ""\u2014""}]",[],"{""above_ema9"": true, ""above_vwap"": false, ""buyout_announced"": false, ""catalyst_source_ok"": true, ""catalyst_today"": false, ""catalyst_verdict"": ""NONE"", ""change_pct"": 13.461538461538458, ""feed_stale"": false, ""float_is_shares_outstanding"": false, ""float_shares"": 4380000.0, ""float_verified"": true, ""halted"": false, ""in_session_window"": true, ""is_fund_or_etf"": null, ""last"": 1.18, ""live_theme"": false, ""macd_positive_and_above_signal"": true, ""penny_theme"": false, ""premarket_volume"": null, ""prev_close"": null, ""rvol"": 0.2631975950080994, ""session_high"": 1.55, ""session_volume"": 5379847.0, ""split_ratio_clean_integer"": null, ""symbol"": ""NCPL"", ""tick_size"": null}",1.18,1.14,1.26,0.04,2.0,2,1,SUPPRESSED,,,2026-09-24T12:08:51+00:00,29c30d884550,4cfb953,2026-09-24T06:39:00-04:00,,,1.18,24.0,-1.0,1,1,stop,1,2026-09-24T10:39:00Z,1.2105,1.14,1.31
99275f6944091254,2026-09-24T06:44:00-04:00,none,WETO,pullback,ibkr-GRML-GCTK-WETO,IBKR · TWS read-only · live,live,1m,2.43,2.43,2.44,2.7,7366167.0,90.00802795733085,67.58620689655174,910000.0,verified,finviz via premarket_stars.py,0,0,REVIEW,,1,"[{""id"": ""price"", ""kills"": true, ""reason"": ""$2.43 is outside $2.00\u201320.00."", ""state"": ""PASS"", ""value"": ""$2.43  band $2.00\u201320.00""}, {""id"": ""float"", ""kills"": false, ""reason"": """", ""state"": ""PASS"", ""value"": ""0.9M (verified)""}, {""id"": ""catalyst"", ""kills"": false, ""reason"": ""No catalyst dated today and no live theme it belongs to."", ""state"": ""FAIL"", ""value"": ""none""}, {""id"": ""pillars"", ""kills"": true, ""reason"": ""Only 4 of the Five Pillars pass (need 4); missing catalyst."", ""state"": ""PASS"", ""value"": ""4/5 \u2014 missing catalyst""}, {""id"": ""rising"", ""kills"": true, ""reason"": ""10.0% off the high \u2014 back side of the move."", ""state"": ""PASS"", ""value"": ""10.0% off 2.70""}, {""id"": ""split"", ""kills"": false, ""reason"": """", ""state"": ""PASS"", ""value"": ""gap is not arithmetic""}, {""id"": ""instrument"", ""kills"": false, ""reason"": """", ""state"": ""UNKNOWN"", ""value"": ""\u2014""}, {""id"": ""tick"", ""kills"": false, ""reason"": """", ""state"": ""UNKNOWN"", ""value"": ""\u2014""}, {""id"": ""buyout"", ""kills"": true, ""reason"": ""Acquisition announced \u2014 the price is pinned and volatility is gone."", ""state"": ""PASS"", ""value"": ""none""}, {""id"": ""vwap"", ""kills"": false, ""reason"": """", ""state"": ""PASS"", ""value"": ""yes""}, {""id"": ""ema9"", ""kills"": false, ""reason"": """", ""state"": ""PASS"", ""value"": ""yes""}, {""id"": ""macd"", ""kills"": false, ""reason"": """", ""state"": ""PASS"", ""value"": ""yes""}, {""id"": ""tape"", ""kills"": false, ""reason"": ""No tape and no book in this tool."", ""state"": ""MANUAL_CONFIRMATION_REQUIRED"", ""value"": ""your eyes""}]","[""No catalyst dated today and no live theme (A2: flagged, not killed; the read-out splits this cohort)."", ""Instrument type unknown \u2014 ADRs are fine, funds are not.""]","{""above_ema9"": true, ""above_vwap"": true, ""buyout_announced"": false, ""catalyst_source_ok"": true, ""catalyst_today"": false, ""catalyst_verdict"": ""NONE"", ""change_pct"": 67.58620689655174, ""feed_stale"": false, ""float_is_shares_outstanding"": false, ""float_shares"": 910000.0, ""float_verified"": true, ""halted"": false, ""in_session_window"": true, ""is_fund_or_etf"": null, ""last"": 2.43, ""live_theme"": false, ""macd_positive_and_above_signal"": true, ""penny_theme"": false, ""premarket_volume"": null, ""prev_close"": null, ""rvol"": 90.00802795733085, ""session_high"": 2.7, ""session_volume"": 7366167.0, ""split_ratio_clean_integer"": null, ""symbol"": ""WETO"", ""tick_size"": null}",2.43,2.34,2.61,0.09,2.0,2,0,REFUSED,"[""bar is outside the 07:00-16:00 ET session window (session 'none'); nothing is traded there"", ""Layer 2 not green: pullback volume was not lighter than the impulse""]",2026-09-24T10:44:47+00:00,2026-09-24T10:44:43+00:00,29c30d884550,4cfb953,2026-09-24T06:45:00-04:00,"{""bar_end"": ""2026-09-24T06:45:00-04:00"", ""bar_to_published_s"": -17, ""published"": ""2026-09-24T10:44:43+00:00"", ""published_to_seen_s"": 4, ""quote_ts"": ""2026-09-24T10:44:46+00:00"", ""runner_seen"": ""2026-09-24T10:44:47+00:00""}",,2.43,0.2222,-7.7778,1,0,stop,1,2026-09-24T10:45:00Z,2.45,2.18,1.8206
0007541fad69828c,2026-09-24T06:50:00-04:00,none,SPHL,pullback,ibkr-GRML-GCTK-WETO,IBKR · TWS read-only · live,live,1m,3.15,3.1,3.15,6.27,5896821.0,703.4879350508279,36.659436008676785,1240000.0,verified,finviz via premarket_stars.py,0,0,REJECT,rising,0,"[{""id"": ""price"", ""kills"": true, ""reason"": ""$3.15 is outside $2.00\u201320.00."", ""state"": ""PASS"", ""value"": ""$3.15  band $2.00\u201320.00""}, {""id"": ""float"", ""kills"": false, ""reason"": """", ""state"": ""PASS"", ""value"": ""1.2M (verified)""}, {""id"": ""catalyst"", ""kills"": false, ""reason"": ""No catalyst dated today and no live theme it belongs to."", ""state"": ""FAIL"", ""value"": ""none""}, {""id"": ""pillars"", ""kills"": true, ""reason"": ""Only 4 of the Five Pillars pass (need 4); missing catalyst."", ""state"": ""PASS"", ""value"": ""4/5 \u2014 missing catalyst""}, {""id"": ""rising"", ""kills"": true, ""reason"": ""49.8% off the high \u2014 back side of the move."", ""state"": ""FAIL"", ""value"": ""49.8% off 6.27""}, {""id"": ""split"", ""kills"": false, ""reason"": ""cascade already stopped"", ""state"": ""NOT_APPLICABLE"", ""value"": ""\u2014""}, {""id"": ""instrument"", ""kills"": false, ""reason"": ""cascade already stopped"", ""state"": ""NOT_APPLICABLE"", ""value"": ""\u2014""}, {""id"": ""tick"", ""kills"": false, ""reason"": ""cascade already stopped"", ""state"": ""NOT_APPLICABLE"", ""value"": ""\u2014""}, {""id"": ""buyout"", ""kills"": false, ""reason"": ""cascade already stopped"", ""state"": ""NOT_APPLICABLE"", ""value"": ""\u2014""}]","[""No catalyst dated today and no live theme (A2: flagged, not killed; the read-out splits this cohort).""]","{""above_ema9"": true, ""above_vwap"": false, ""buyout_announced"": false, ""catalyst_source_ok"": true, ""catalyst_today"": false, ""catalyst_verdict"": ""NONE"", ""change_pct"": 36.659436008676785, ""feed_stale"": false, ""float_is_shares_outstanding"": false, ""float_shares"": 1240000.0, ""float_verified"": true, ""halted"": false, ""in_session_window"": true, ""is_fund_or_etf"": null, ""last"": 3.15, ""live_theme"": false, ""macd_positive_and_above_signal"": true, ""penny_theme"": false, ""premarket_volume"": null, ""prev_close"": null, ""rvol"": 703.4879350508279, ""session_high"": 6.27, ""session_volume"": 5896821.0, ""split_ratio_clean_integer"": null, ""symbol"": ""SPHL"", ""tick_size"": null}",3.11,3.0428,3.2444,0.0672,2.0,3,1,SUPPRESSED,,,2026-09-24T10:50:22+00:00,29c30d884550,4cfb953,2026-09-24T06:51:00-04:00,,,3.11,8.3318,-8.3333,1,1,target,1,2026-09-24T10:51:00Z,3.27,2.92,2.74
681c28890032338e,2026-09-24T06:50:00-04:00,none,GCTK,pullback,ibkr-GRML-GCTK-WETO,IBKR · TWS read-only · live,live,1m,4.28,4.27,4.28,5.05,9357566.0,139.88020389554092,110.83743842364538,640000.0,verified,finviz via premarket_stars.py,1,0,WAIT,,1,"[{""id"": ""price"", ""kills"": true, ""reason"": ""$4.28 is outside $2.00\u201320.00."", ""state"": ""PASS"", ""value"": ""$4.28  band $2.00\u201320.00""}, {""id"": ""float"", ""kills"": false, ""reason"": """", ""state"": ""PASS"", ""value"": ""0.6M (verified)""}, {""id"": ""catalyst"", ""kills"": false, ""reason"": """", ""state"": ""PASS"", ""value"": ""news today \u00b7 WEAK""}, {""id"": ""pillars"", ""kills"": true, ""reason"": ""Only 5 of the Five Pillars pass (need 4); missing ."", ""state"": ""PASS"", ""value"": ""5/5""}, {""id"": ""rising"", ""kills"": true, ""reason"": ""15.2% off the high \u2014 back side of the move."", ""state"": ""PASS"", ""value"": ""15.2% off 5.05""}, {""id"": ""split"", ""kills"": false, ""reason"": """", ""state"": ""PASS"", ""value"": ""gap is not arithmetic""}, {""id"": ""instrument"", ""kills"": false, ""reason"": """", ""state"": ""UNKNOWN"", ""value"": ""\u2014""}, {""id"": ""tick"", ""kills"": false, ""reason"": """", ""state"": ""UNKNOWN"", ""value"": ""\u2014""}, {""id"": ""buyout"", ""kills"": true, ""reason"": ""Acquisition announced \u2014 the price is pinned and volatility is gone."", ""state"": ""PASS"", ""value"": ""none""}, {""id"": ""vwap"", ""kills"": false, ""reason"": """", ""state"": ""FAIL"", ""value"": ""no""}, {""id"": ""ema9"", ""kills"": false, ""reason"": """", ""state"": ""PASS"", ""value"": ""yes""}, {""id"": ""macd"", ""kills"": false, ""reason"": """", ""state"": ""PASS"", ""value"": ""yes""}, {""id"": ""tape"", ""kills"": false, ""reason"": ""No tape and no book in this tool."", ""state"": ""MANUAL_CONFIRMATION_REQUIRED"", ""value"": ""your eyes""}]","[""Instrument type unknown \u2014 ADRs are fine, funds are not.""]","{""above_ema9"": true, ""above_vwap"": false, ""buyout_announced"": false, ""catalyst_source_ok"": true, ""catalyst_today"": true, ""catalyst_verdict"": ""WEAK"", ""change_pct"": 110.83743842364538, ""feed_stale"": false, ""float_is_shares_outstanding"": false, ""float_shares"": 640000.0, ""float_verified"": true, ""halted"": false, ""in_session_window"": true, ""is_fund_or_etf"": null, ""last"": 4.28, ""live_theme"": false, ""macd_positive_and_above_signal"": true, ""penny_theme"": false, ""premarket_volume"": null, ""prev_close"": null, ""rvol"": 139.88020389554092, ""session_high"": 5.05, ""session_volume"": 9357566.0, ""split_ratio_clean_integer"": null, ""symbol"": ""GCTK"", ""tick_size"": null}",4.27,4.17,4.47,0.1,2.0,2,1,REFUSED,"[""bar is outside the 07:00-16:00 ET session window (session 'none'); nothing is traded there"", ""Layer 2 not green: verdict WAIT \u2014 chart gates must all be true at entry""]",2026-09-24T10:50:52+00:00,2026-09-24T10:50:50+00:00,29c30d884550,4cfb953,2026-09-24T06:51:00-04:00,"{""bar_end"": ""2026-09-24T06:51:00-04:00"", ""bar_to_published_s"": -10, ""published"": ""2026-09-24T10:50:50+00:00"", ""published_to_seen_s"": 3, ""quote_ts"": ""2026-09-24T10:50:50+00:00"", ""runner_seen"": ""2026-09-24T10:50:52+00:00""}",,4.27,5.1,-21.6,1,1,target,1,2026-09-24T10:51:00Z,4.78,4.16,2.5717
54f40a44e3262d64,2026-09-24T06:59:00-04:00,none,GCTK,pullback,ibkr-GRML-GCTK-WETO,IBKR · TWS read-only · live,live,1m,4.59,4.56,4.57,5.05,10486304.0,156.7529784594227,126.10837438423647,640000.0,verified,finviz via premarket_stars.py,1,0,REVIEW,,1,"[{""id"": ""price"", ""kills"": true, ""reason"": ""$4.59 is outside $2.00\u201320.00."", ""state"": ""PASS"", ""value"": ""$4.59  band $2.00\u201320.00""}, {""id"": ""float"", ""kills"": false, ""reason"": """", ""state"": ""PASS"", ""value"": ""0.6M (verified)""}, {""id"": ""catalyst"", ""kills"": false, ""reason"": """", ""state"": ""PASS"", ""value"": ""news today \u00b7 WEAK""}, {""id"": ""pillars"", ""kills"": true, ""reason"": ""Only 5 of the Five Pillars pass (need 4); missing ."", ""state"": ""PASS"", ""value"": ""5/5""}, {""id"": ""rising"", ""kills"": true, ""reason"": ""9.1% off the high \u2014 back side of the move."", ""state"": ""PASS"", ""value"": ""9.1% off 5.05""}, {""id"": ""split"", ""kills"": false, ""reason"": """", ""state"": ""PASS"", ""value"": ""gap is not arithmetic""}, {""id"": ""instrument"", ""kills"": false, ""reason"": """", ""state"": ""UNKNOWN"", ""value"": ""\u2014""}, {""id"": ""tick"", ""kills"": false, ""reason"": """", ""state"": ""UNKNOWN"", ""value"": ""\u2014""}, {""id"": ""buyout"", ""kills"": true, ""reason"": ""Acquisition announced \u2014 the price is pinned and volatility is gone."", ""state"": ""PASS"", ""value"": ""none""}, {""id"": ""vwap"", ""kills"": false, ""reason"": """", ""state"": ""PASS"", ""value"": ""yes""}, {""id"": ""ema9"", ""kills"": false, ""reason"": """", ""state"": ""PASS"", ""value"": ""yes""}, {""id"": ""macd"", ""kills"": false, ""reason"": """", ""state"": ""PASS"", ""value"": ""yes""}, {""id"": ""tape"", ""kills"": false, ""reason"": ""No tape and no book in this tool."", ""state"": ""MANUAL_CONFIRMATION_REQUIRED"", ""value"": ""your eyes""}]","[""Instrument type unknown \u2014 ADRs are fine, funds are not.""]","{""above_ema9"": true, ""above_vwap"": true, ""buyout_announced"": false, ""catalyst_source_ok"": true, ""catalyst_today"": true, ""catalyst_verdict"": ""WEAK"", ""change_pct"": 126.10837438423647, ""feed_stale"": false, ""float_is_shares_outstanding"": false, ""float_shares"": 640000.0, ""float_verified"": true, ""halted"": false, ""in_session_window"": true, ""is_fund_or_etf"": null, ""last"": 4.59, ""live_theme"": false, ""macd_positive_and_above_signal"": true, ""penny_theme"": false, ""premarket_volume"": null, ""prev_close"": null, ""rvol"": 156.7529784594227, ""session_high"": 5.05, ""session_volume"": 10486304.0, ""split_ratio_clean_integer"": null, ""symbol"": ""GCTK"", ""tick_size"": null}",4.55,4.45,4.75,0.1,2.0,2,0,REFUSED,"[""bar is outside the 07:00-16:00 ET session window (session 'none'); nothing is traded there"", ""Layer 2 not green: pullback volume was not lighter than the impulse""]",2026-09-24T10:59:33+00:00,2026-09-24T10:59:31+00:00,29c30d884550,4cfb953,2026-09-24T07:00:00-04:00,"{""bar_end"": ""2026-09-24T07:00:00-04:00"", ""bar_to_published_s"": -29, ""published"": ""2026-09-24T10:59:31+00:00"", ""published_to_seen_s"": 3, ""quote_ts"": ""2026-09-24T10:59:30+00:00"", ""runner_seen"": ""2026-09-24T10:59:33+00:00""}",,4.55,2.3,-24.4,1,1,stop,1,2026-09-24T11:00:00Z,4.78,4.16,2.5717
0acbc6b1b5b82e0e,2026-09-24T07:10:00-04:00,premarket,WETO,pullback,ibkr-GRML-GCTK-WETO,IBKR · TWS read-only · live,live,1m,2.27,2.26,2.27,2.7,9407595.0,91.83606829430198,56.55172413793104,910000.0,verified,finviz via premarket_stars.py,0,0,WAIT,,1,"[{""id"": ""price"", ""kills"": true, ""reason"": ""$2.27 is outside $2.00\u201320.00."", ""state"": ""PASS"", ""value"": ""$2.27  band $2.00\u201320.00""}, {""id"": ""float"", ""kills"": false, ""reason"": """", ""state"": ""PASS"", ""value"": ""0.9M (verified)""}, {""id"": ""catalyst"", ""kills"": false, ""reason"": ""No catalyst dated today and no live theme it belongs to."", ""state"": ""FAIL"", ""value"": ""none""}, {""id"": ""pillars"", ""kills"": true, ""reason"": ""Only 4 of the Five Pillars pass (need 4); missing catalyst."", ""state"": ""PASS"", ""value"": ""4/5 \u2014 missing catalyst""}, {""id"": ""rising"", ""kills"": true, ""reason"": ""15.9% off the high \u2014 back side of the move."", ""state"": ""PASS"", ""value"": ""15.9% off 2.70""}, {""id"": ""split"", ""kills"": false, ""reason"": """", ""state"": ""PASS"", ""value"": ""gap is not arithmetic""}, {""id"": ""instrument"", ""kills"": false, ""reason"": """", ""state"": ""UNKNOWN"", ""value"": ""\u2014""}, {""id"": ""tick"", ""kills"": false, ""reason"": """", ""state"": ""UNKNOWN"", ""value"": ""\u2014""}, {""id"": ""buyout"", ""kills"": true, ""reason"": ""Acquisition announced \u2014 the price is pinned and volatility is gone."", ""state"": ""PASS"", ""value"": ""none""}, {""id"": ""vwap"", ""kills"": false, ""reason"": """", ""state"": ""FAIL"", ""value"": ""no""}, {""id"": ""ema9"", ""kills"": false, ""reason"": """", ""state"": ""PASS"", ""value"": ""yes""}, {""id"": ""macd"", ""kills"": false, ""reason"": """", ""state"": ""FAIL"", ""value"": ""no""}, {""id"": ""tape"", ""kills"": false, ""reason"": ""No tape and no book in this tool."", ""state"": ""MANUAL_CONFIRMATION_REQUIRED"", ""value"": ""your eyes""}]","[""No catalyst dated today and no live theme (A2: flagged, not killed; the read-out splits this cohort)."", ""Instrument type unknown \u2014 ADRs are fine, funds are not.""]","{""above_ema9"": true, ""above_vwap"": false, ""buyout_announced"": false, ""catalyst_source_ok"": true, ""catalyst_today"": false, ""catalyst_verdict"": ""NONE"", ""change_pct"": 56.55172413793104, ""feed_stale"": false, ""float_is_shares_outstanding"": false, ""float_shares"": 910000.0, ""float_verified"": true, ""halted"": false, ""in_session_window"": true, ""is_fund_or_etf"": null, ""last"": 2.27, ""live_theme"": false, ""macd_positive_and_above_signal"": false, ""penny_theme"": false, ""premarket_volume"": null, ""prev_close"": null, ""rvol"": 91.83606829430198, ""session_high"": 2.7, ""session_volume"": 9407595.0, ""split_ratio_clean_integer"": null, ""symbol"": ""WETO"", ""tick_size"": null}",2.25,2.21,2.33,0.04,2.0,3,1,REFUSED,"[""Layer 2 not green: verdict WAIT \u2014 chart gates must all be true at entry""]",2026-09-24T11:10:09+00:00,2026-09-24T11:10:06+00:00,29c30d884550,4cfb953,2026-09-24T07:11:00-04:00,"{""bar_end"": ""2026-09-24T07:11:00-04:00"", ""bar_to_published_s"": -54, ""published"": ""2026-09-24T11:10:06+00:00"", ""published_to_seen_s"": 3, ""quote_ts"": ""2026-09-24T11:10:06+00:00"", ""runner_seen"": ""2026-09-24T11:10:09+00:00""}",,2.25,2.0,-13.0,1,1,target,1,2026-09-24T11:11:00Z,2.33,2.15,1.8206
06476a1d3a599e4e,2026-09-24T07:12:00-04:00,premarket,GCTK,pullback,ibkr-GRML-GCTK-WETO,IBKR · TWS read-only · live,live,1m,4.34,4.33,4.34,5.05,13513373.0,202.00267575526556,113.79310344827589,640000.0,verified,finviz via premarket_stars.py,1,0,WAIT,,1,"[{""id"": ""price"", ""kills"": true, ""reason"": ""$4.34 is outside $2.00\u201320.00."", ""state"": ""PASS"", ""value"": ""$4.34  band $2.00\u201320.00""}, {""id"": ""float"", ""kills"": false, ""reason"": """", ""state"": ""PASS"", ""value"": ""0.6M (verified)""}, {""id"": ""catalyst"", ""kills"": false, ""reason"": """", ""state"": ""PASS"", ""value"": ""news today \u00b7 WEAK""}, {""id"": ""pillars"", ""kills"": true, ""reason"": ""Only 5 of the Five Pillars pass (need 4); missing ."", ""state"": ""PASS"", ""value"": ""5/5""}, {""id"": ""rising"", ""kills"": true, ""reason"": ""14.1% off the high \u2014 back side of the move."", ""state"": ""PASS"", ""value"": ""14.1% off 5.05""}, {""id"": ""split"", ""kills"": false, ""reason"": """", ""state"": ""PASS"", ""value"": ""gap is not arithmetic""}, {""id"": ""instrument"", ""kills"": false, ""reason"": """", ""state"": ""UNKNOWN"", ""value"": ""\u2014""}, {""id"": ""tick"", ""kills"": false, ""reason"": """", ""state"": ""UNKNOWN"", ""value"": ""\u2014""}, {""id"": ""buyout"", ""kills"": true, ""reason"": ""Acquisition announced \u2014 the price is pinned and volatility is gone."", ""state"": ""PASS"", ""value"": ""none""}, {""id"": ""vwap"", ""kills"": false, ""reason"": """", ""state"": ""FAIL"", ""value"": ""no""}, {""id"": ""ema9"", ""kills"": false, ""reason"": """", ""state"": ""PASS"", ""value"": ""yes""}, {""id"": ""macd"", ""kills"": false, ""reason"": """", ""state"": ""FAIL"", ""value"": ""no""}, {""id"": ""tape"", ""kills"": false, ""reason"": ""No tape and no book in this tool."", ""state"": ""MANUAL_CONFIRMATION_REQUIRED"", ""value"": ""your eyes""}]","[""Instrument type unknown \u2014 ADRs are fine, funds are not.""]","{""above_ema9"": true, ""above_vwap"": false, ""buyout_announced"": false, ""catalyst_source_ok"": true, ""catalyst_today"": true, ""catalyst_verdict"": ""WEAK"", ""change_pct"": 113.79310344827589, ""feed_stale"": false, ""float_is_shares_outstanding"": false, ""float_shares"": 640000.0, ""float_verified"": true, ""halted"": false, ""in_session_window"": true, ""is_fund_or_etf"": null, ""last"": 4.34, ""live_theme"": false, ""macd_positive_and_above_signal"": false, ""penny_theme"": false, ""premarket_volume"": null, ""prev_close"": null, ""rvol"": 202.00267575526556, ""session_high"": 5.05, ""session_volume"": 13513373.0, ""split_ratio_clean_integer"": null, ""symbol"": ""GCTK"", ""tick_size"": null}",4.32,4.24,4.48,0.08,2.0,4,0,REFUSED,"[""Layer 2 not green: pullback volume was not lighter than the impulse"", ""Layer 2 not green: verdict WAIT \u2014 chart gates must all be true at entry""]",2026-09-24T11:12:14+00:00,2026-09-24T11:12:10+00:00,29c30d884550,4cfb953,2026-09-24T07:13:00-04:00,"{""bar_end"": ""2026-09-24T07:13:00-04:00"", ""bar_to_published_s"": -50, ""published"": ""2026-09-24T11:12:10+00:00"", ""published_to_seen_s"": 4, ""quote_ts"": ""2026-09-24T11:12:13+00:00"", ""runner_seen"": ""2026-09-24T11:12:14+00:00""}",,4.32,1.5,-27.625,1,0,stop,1,2026-09-24T11:13:00Z,4.44,4.01,2.5717
eb2b689b9e9f9198,2026-09-24T07:15:00-04:00,premarket,SPHL,pullback,ibkr-GRML-GCTK-WETO,IBKR · TWS read-only · live,live,1m,3.0525,3.04,3.05,6.27,6258570.0,746.6444183520341,32.4295010845987,1240000.0,verified,finviz via premarket_stars.py,0,0,REJECT,rising,0,"[{""id"": ""price"", ""kills"": true, ""reason"": ""$3.05 is outside $2.00\u201320.00."", ""state"": ""PASS"", ""value"": ""$3.05  band $2.00\u201320.00""}, {""id"": ""float"", ""kills"": false, ""reason"": """", ""state"": ""PASS"", ""value"": ""1.2M (verified)""}, {""id"": ""catalyst"", ""kills"": false, ""reason"": ""No catalyst dated today and no live theme it belongs to."", ""state"": ""FAIL"", ""value"": ""none""}, {""id"": ""pillars"", ""kills"": true, ""reason"": ""Only 4 of the Five Pillars pass (need 4); missing catalyst."", ""state"": ""PASS"", ""value"": ""4/5 \u2014 missing catalyst""}, {""id"": ""rising"", ""kills"": true, ""reason"": ""51.3% off the high \u2014 back side of the move."", ""state"": ""FAIL"", ""value"": ""51.3% off 6.27""}, {""id"": ""split"", ""kills"": false, ""reason"": ""cascade already stopped"", ""state"": ""NOT_APPLICABLE"", ""value"": ""\u2014""}, {""id"": ""instrument"", ""kills"": false, ""reason"": ""cascade already stopped"", ""state"": ""NOT_APPLICABLE"", ""value"": ""\u2014""}, {""id"": ""tick"", ""kills"": false, ""reason"": ""cascade already stopped"", ""state"": ""NOT_APPLICABLE"", ""value"": ""\u2014""}, {""id"": ""buyout"", ""kills"": false, ""reason"": ""cascade already stopped"", ""state"": ""NOT_APPLICABLE"", ""value"": ""\u2014""}]","[""No catalyst dated today and no live theme (A2: flagged, not killed; the read-out splits this cohort).""]","{""above_ema9"": true, ""above_vwap"": false, ""buyout_announced"": false, ""catalyst_source_ok"": true, ""catalyst_today"": false, ""catalyst_verdict"": ""NONE"", ""change_pct"": 32.4295010845987, ""feed_stale"": false, ""float_is_shares_outstanding"": false, ""float_shares"": 1240000.0, ""float_verified"": true, ""halted"": false, ""in_session_window"": true, ""is_fund_or_etf"": null, ""last"": 3.0525, ""live_theme"": false, ""macd_positive_and_above_signal"": true, ""penny_theme"": false, ""premarket_volume"": null, ""prev_close"": null, ""rvol"": 746.6444183520341, ""session_high"": 6.27, ""session_volume"": 6258570.0, ""split_ratio_clean_integer"": null, ""symbol"": ""SPHL"", ""tick_size"": null}",3.06,3.0099,3.1602,0.0501,2.0,1,0,SUPPRESSED,,,2026-09-24T11:15:34+00:00,29c30d884550,4cfb953,2026-09-24T07:16:00-04:00,,,3.06,12.1737,-10.1796,1,1,stop,1,2026-09-24T11:16:00Z,3.08,2.75,2.74
d94c7da761c5b36b,2026-09-24T07:19:00-04:00,premarket,UXIN,pullback,ibkr-GRML-GCTK-WETO,IBKR · TWS read-only · live,live,1m,1.2308,,,1.43,8127361.0,197.47262305955988,12.917431192660533,219730000.0,verified,finviz via premarket_stars.py,1,0,REJECT,price,0,"[{""id"": ""price"", ""kills"": true, ""reason"": ""$1.23 is outside $2.00\u201320.00."", ""state"": ""FAIL"", ""value"": ""$1.23  band $2.00\u201320.00""}, {""id"": ""float"", ""kills"": false, ""reason"": ""cascade already stopped"", ""state"": ""NOT_APPLICABLE"", ""value"": ""\u2014""}, {""id"": ""catalyst"", ""kills"": false, ""reason"": ""cascade already stopped"", ""state"": ""NOT_APPLICABLE"", ""value"": ""\u2014""}, {""id"": ""pillars"", ""kills"": false, ""reason"": ""cascade already stopped"", ""state"": ""NOT_APPLICABLE"", ""value"": ""\u2014""}, {""id"": ""rising"", ""kills"": false, ""reason"": ""cascade already stopped"", ""state"": ""NOT_APPLICABLE"", ""value"": ""\u2014""}, {""id"": ""split"", ""kills"": false, ""reason"": ""cascade already stopped"", ""state"": ""NOT_APPLICABLE"", ""value"": ""\u2014""}, {""id"": ""instrument"", ""kills"": false, ""reason"": ""cascade already stopped"", ""state"": ""NOT_APPLICABLE"", ""value"": ""\u2014""}, {""id"": ""tick"", ""kills"": false, ""reason"": ""cascade already stopped"", ""state"": ""NOT_APPLICABLE"", ""value"": ""\u2014""}, {""id"": ""buyout"", ""kills"": false, ""reason"": ""cascade already stopped"", ""state"": ""NOT_APPLICABLE"", ""value"": ""\u2014""}]",[],"{""above_ema9"": true, ""above_vwap"": false, ""buyout_announced"": false, ""catalyst_source_ok"": false, ""catalyst_today"": true, ""catalyst_verdict"": ""WEAK"", ""change_pct"": 12.917431192660533, ""feed_stale"": false, ""float_is_shares_outstanding"": false, ""float_shares"": 219730000.0, ""float_verified"": true, ""halted"": false, ""in_session_window"": true, ""is_fund_or_etf"": null, ""last"": 1.2308, ""live_theme"": false, ""macd_positive_and_above_signal"": true, ""penny_theme"": false, ""premarket_volume"": null, ""prev_close"": null, ""rvol"": 197.47262305955988, ""session_high"": 1.43, ""session_volume"": 8127361.0, ""split_ratio_clean_integer"": null, ""symbol"": ""UXIN"", ""tick_size"": null}",1.24,1.21,1.3,0.03,2.0,2,1,SUPPRESSED,,,2026-09-24T11:21:16+00:00,29c30d884550,4cfb953,2026-09-24T07:20:00-04:00,,,1.24,0.0,-0.3333,0,0,neither,1,2026-09-24T11:20:00Z,1.24,1.23,1.24
94c9e0b53c186aac,2026-09-24T07:23:00-04:00,premarket,GRML,pullback,ibkr-GRML-GCTK-PFSA,IBKR · TWS read-only · live,live-backfill,1m,12.72,,,15.39,2616193.0,0.22448552513469566,13.672922252010732,2870000.0,verified,finviz via premarket_stars.py,1,0,WAIT,,1,"[{""id"": ""price"", ""kills"": true, ""reason"": ""$12.72 is outside $2.00\u201320.00."", ""state"": ""PASS"", ""value"": ""$12.72  band $2.00\u201320.00""}, {""id"": ""float"", ""kills"": false, ""reason"": """", ""state"": ""PASS"", ""value"": ""2.9M (verified)""}, {""id"": ""catalyst"", ""kills"": false, ""reason"": """", ""state"": ""PASS"", ""value"": ""news today \u00b7 WEAK""}, {""id"": ""pillars"", ""kills"": true, ""reason"": ""Only 4 of the Five Pillars pass (need 4); missing rvol."", ""state"": ""PASS"", ""value"": ""4/5 \u2014 missing rvol""}, {""id"": ""rising"", ""kills"": true, ""reason"": ""17.3% off the high \u2014 back side of the move."", ""state"": ""PASS"", ""value"": ""17.3% off 15.39""}, {""id"": ""split"", ""kills"": false, ""reason"": """", ""state"": ""PASS"", ""value"": ""gap is not arithmetic""}, {""id"": ""instrument"", ""kills"": false, ""reason"": """", ""state"": ""UNKNOWN"", ""value"": ""\u2014""}, {""id"": ""tick"", ""kills"": false, ""reason"": """", ""state"": ""UNKNOWN"", ""value"": ""\u2014""}, {""id"": ""buyout"", ""kills"": true, ""reason"": ""Acquisition announced \u2014 the price is pinned and volatility is gone."", ""state"": ""PASS"", ""value"": ""none""}, {""id"": ""vwap"", ""kills"": false, ""reason"": """", ""state"": ""FAIL"", ""value"": ""no""}, {""id"": ""ema9"", ""kills"": false, ""reason"": """", ""state"": ""PASS"", ""value"": ""yes""}, {""id"": ""macd"", ""kills"": false, ""reason"": """", ""state"": ""PASS"", ""value"": ""yes""}, {""id"": ""tape"", ""kills"": false, ""reason"": ""No tape and no book in this tool."", ""state"": ""MANUAL_CONFIRMATION_REQUIRED"", ""value"": ""your eyes""}]","[""Instrument type unknown \u2014 ADRs are fine, funds are not."", ""RVOL 0.22x is under the 1.5x trade floor (the 5x is a scanner dial, not a gate).""]","{""above_ema9"": true, ""above_vwap"": false, ""buyout_announced"": false, ""catalyst_source_ok"": true, ""catalyst_today"": true, ""catalyst_verdict"": ""WEAK"", ""change_pct"": 13.672922252010732, ""feed_stale"": false, ""float_is_shares_outstanding"": false, ""float_shares"": 2870000.0, ""float_verified"": true, ""halted"": false, ""in_session_window"": true, ""is_fund_or_etf"": null, ""last"": 12.72, ""live_theme"": false, ""macd_positive_and_above_signal"": true, ""penny_theme"": false, ""premarket_volume"": null, ""prev_close"": null, ""rvol"": 0.22448552513469566, ""session_high"": 15.39, ""session_volume"": 2616193.0, ""split_ratio_clean_integer"": null, ""symbol"": ""GRML"", ""tick_size"": null}",12.7,12.51,13.08,0.19,2.0,3,1,REFUSED,"[""bar clock: the bar closed 2622s before the runner saw it (budget 120s); a stale plan is not the trade the cascade reviewed (bar close \u2192 published 2617s, published \u2192 runner 5s)"", ""backfill decision: armed on loaded history, inputs not point-in-time (bar clock: the bar predates the desk's start; a fresh publication time does not make it fresh)"", ""Layer 2 not green: verdict WAIT \u2014 chart gates must all be true at entry""]",2026-09-24T12:07:41+00:00,2026-09-24T12:07:37+00:00,29c30d884550,4cfb953,2026-09-24T07:24:00-04:00,"{""bar_end"": ""2026-09-24T07:24:00-04:00"", ""bar_to_published_s"": 2617, ""published"": ""2026-09-24T12:07:37+00:00"", ""published_to_seen_s"": 5, ""quote_ts"": ""2026-09-24T12:07:35+00:00"", ""runner_seen"": ""2026-09-24T12:07:41+00:00""}",,12.7,17.3684,-3.0,1,1,stop,1,2026-09-24T11:24:00Z,12.8,12.38,14.46
ed6683436dda7863,2026-09-24T07:25:00-04:00,premarket,SRZN,pullback,ibkr-GRML-GCTK-PFSA,IBKR · TWS read-only · live,live-backfill,1m,18.99,,,20.0,42273.0,0.3953417143819074,17.512376237623762,11753558.0,shares_outstanding_proxy,SEC shares outstanding (upper bound),0,0,REJECT,pillars,0,"[{""id"": ""price"", ""kills"": true, ""reason"": ""$18.99 is outside $2.00\u201320.00."", ""state"": ""PASS"", ""value"": ""$18.99  band $2.00\u201320.00""}, {""id"": ""float"", ""kills"": false, ""reason"": """", ""state"": ""PASS"", ""value"": ""11.8M (SO upper bound)""}, {""id"": ""catalyst"", ""kills"": false, ""reason"": ""No catalyst dated today and no live theme it belongs to."", ""state"": ""FAIL"", ""value"": ""none""}, {""id"": ""pillars"", ""kills"": true, ""reason"": ""Only 3 of the Five Pillars pass (need 4); missing rvol, catalyst."", ""state"": ""FAIL"", ""value"": ""3/5 \u2014 missing rvol, catalyst""}, {""id"": ""rising"", ""kills"": false, ""reason"": ""cascade already stopped"", ""state"": ""NOT_APPLICABLE"", ""value"": ""\u2014""}, {""id"": ""split"", ""kills"": false, ""reason"": ""cascade already stopped"", ""state"": ""NOT_APPLICABLE"", ""value"": ""\u2014""}, {""id"": ""instrument"", ""kills"": false, ""reason"": ""cascade already stopped"", ""state"": ""NOT_APPLICABLE"", ""value"": ""\u2014""}, {""id"": ""tick"", ""kills"": false, ""reason"": ""cascade already stopped"", ""state"": ""NOT_APPLICABLE"", ""value"": ""\u2014""}, {""id"": ""buyout"", ""kills"": false, ""reason"": ""cascade already stopped"", ""state"": ""NOT_APPLICABLE"", ""value"": ""\u2014""}]","[""No catalyst dated today and no live theme (A2: flagged, not killed; the read-out splits this cohort).""]","{""above_ema9"": true, ""above_vwap"": true, ""buyout_announced"": false, ""catalyst_source_ok"": true, ""catalyst_today"": false, ""catalyst_verdict"": ""NONE"", ""change_pct"": 17.512376237623762, ""feed_stale"": false, ""float_is_shares_outstanding"": true, ""float_shares"": 11753558, ""float_verified"": false, ""halted"": false, ""in_session_window"": true, ""is_fund_or_etf"": null, ""last"": 18.99, ""live_theme"": false, ""macd_positive_and_above_signal"": null, ""penny_theme"": false, ""premarket_volume"": null, ""prev_close"": null, ""rvol"": 0.3953417143819074, ""session_high"": 20.0, ""session_volume"": 42273.0, ""split_ratio_clean_integer"": null, ""symbol"": ""SRZN"", ""tick_size"": null}",18.81,18.79,18.85,0.02,2.0,4,1,SUPPRESSED,,,2026-09-24T12:08:51+00:00,29c30d884550,4cfb953,2026-09-24T07:26:00-04:00,,,18.81,852.5,-38.0,1,1,target,1,2026-09-24T11:26:00Z,22.24,18.05,32.57
06b8b80f4b5d7b71,2026-09-24T07:27:00-04:00,premarket,WETO,pullback,ibkr-GRML-GCTK-PFSA,IBKR · TWS read-only · live,live-backfill,1m,2.19,,,2.7,10217947.0,2.63282121113599,51.03448275862068,910000.0,verified,finviz via premarket_stars.py,0,0,REJECT,pillars,0,"[{""id"": ""price"", ""kills"": true, ""reason"": ""$2.19 is outside $2.00\u201320.00."", ""state"": ""PASS"", ""value"": ""$2.19  band $2.00\u201320.00""}, {""id"": ""float"", ""kills"": false, ""reason"": """", ""state"": ""PASS"", ""value"": ""0.9M (verified)""}, {""id"": ""catalyst"", ""kills"": false, ""reason"": ""No catalyst dated today and no live theme it belongs to."", ""state"": ""FAIL"", ""value"": ""none""}, {""id"": ""pillars"", ""kills"": true, ""reason"": ""Only 3 of the Five Pillars pass (need 4); missing rvol, catalyst."", ""state"": ""FAIL"", ""value"": ""3/5 \u2014 missing rvol, catalyst""}, {""id"": ""rising"", ""kills"": false, ""reason"": ""cascade already stopped"", ""state"": ""NOT_APPLICABLE"", ""value"": ""\u2014""}, {""id"": ""split"", ""kills"": false, ""reason"": ""cascade already stopped"", ""state"": ""NOT_APPLICABLE"", ""value"": ""\u2014""}, {""id"": ""instrument"", ""kills"": false, ""reason"": ""cascade already stopped"", ""state"": ""NOT_APPLICABLE"", ""value"": ""\u2014""}, {""id"": ""tick"", ""kills"": false, ""reason"": ""cascade already stopped"", ""state"": ""NOT_APPLICABLE"", ""value"": ""\u2014""}, {""id"": ""buyout"", ""kills"": false, ""reason"": ""cascade already stopped"", ""state"": ""NOT_APPLICABLE"", ""value"": ""\u2014""}]","[""No catalyst dated today and no live theme (A2: flagged, not killed; the read-out splits this cohort).""]","{""above_ema9"": false, ""above_vwap"": false, ""buyout_announced"": false, ""catalyst_source_ok"": true, ""catalyst_today"": false, ""catalyst_verdict"": ""NONE"", ""change_pct"": 51.03448275862068, ""feed_stale"": false, ""float_is_shares_outstanding"": false, ""float_shares"": 910000.0, ""float_verified"": true, ""halted"": false, ""in_session_window"": true, ""is_fund_or_etf"": null, ""last"": 2.19, ""live_theme"": false, ""macd_positive_and_above_signal"": false, ""penny_theme"": false, ""premarket_volume"": null, ""prev_close"": null, ""rvol"": 2.63282121113599, ""session_high"": 2.7, ""session_volume"": 10217947.0, ""split_ratio_clean_integer"": null, ""symbol"": ""WETO"", ""tick_size"": null}",2.2099,2.17,2.2897,0.0399,2.0,3,1,SUPPRESSED,,,2026-09-24T12:07:37+00:00,29c30d884550,4cfb953,2026-09-24T07:28:00-04:00,,,2.2099,1.7569,-12.0276,1,0,stop,1,2026-09-24T11:29:00Z,2.28,2.15,1.8206
657c71b9698058d9,2026-09-24T07:29:00-04:00,premarket,SPHL,pullback,ibkr-GRML-GCTK-PFSA,IBKR · TWS read-only · live,live-backfill,1m,2.95,,,6.27,6439701.0,768.2532603303969,27.982646420824288,1240000.0,verified,finviz via premarket_stars.py,0,0,REJECT,rising,0,"[{""id"": ""price"", ""kills"": true, ""reason"": ""$2.95 is outside $2.00\u201320.00."", ""state"": ""PASS"", ""value"": ""$2.95  band $2.00\u201320.00""}, {""id"": ""float"", ""kills"": false, ""reason"": """", ""state"": ""PASS"", ""value"": ""1.2M (verified)""}, {""id"": ""catalyst"", ""kills"": false, ""reason"": ""No catalyst dated today and no live theme it belongs to."", ""state"": ""FAIL"", ""value"": ""none""}, {""id"": ""pillars"", ""kills"": true, ""reason"": ""Only 4 of the Five Pillars pass (need 4); missing catalyst."", ""state"": ""PASS"", ""value"": ""4/5 \u2014 missing catalyst""}, {""id"": ""rising"", ""kills"": true, ""reason"": ""53.0% off the high \u2014 back side of the move."", ""state"": ""FAIL"", ""value"": ""53.0% off 6.27""}, {""id"": ""split"", ""kills"": false, ""reason"": ""cascade already stopped"", ""state"": ""NOT_APPLICABLE"", ""value"": ""\u2014""}, {""id"": ""instrument"", ""kills"": false, ""reason"": ""cascade already stopped"", ""state"": ""NOT_APPLICABLE"", ""value"": ""\u2014""}, {""id"": ""tick"", ""kills"": false, ""reason"": ""cascade already stopped"", ""state"": ""NOT_APPLICABLE"", ""value"": ""\u2014""}, {""id"": ""buyout"", ""kills"": false, ""reason"": ""cascade already stopped"", ""state"": ""NOT_APPLICABLE"", ""value"": ""\u2014""}]","[""No catalyst dated today and no live theme (A2: flagged, not killed; the read-out splits this cohort).""]","{""above_ema9"": false, ""above_vwap"": false, ""buyout_announced"": false, ""catalyst_source_ok"": true, ""catalyst_today"": false, ""catalyst_verdict"": ""NONE"", ""change_pct"": 27.982646420824288, ""feed_stale"": false, ""float_is_shares_outstanding"": false, ""float_shares"": 1240000.0, ""float_verified"": true, ""halted"": false, ""in_session_window"": true, ""is_fund_or_etf"": null, ""last"": 2.95, ""live_theme"": false, ""macd_positive_and_above_signal"": true, ""penny_theme"": false, ""premarket_volume"": null, ""prev_close"": null, ""rvol"": 768.2532603303969, ""session_high"": 6.27, ""session_volume"": 6439701.0, ""split_ratio_clean_integer"": null, ""symbol"": ""SPHL"", ""tick_size"": null}",2.99,2.96,3.05,0.03,2.0,4,1,SUPPRESSED,,,2026-09-24T12:08:51+00:00,29c30d884550,4cfb953,2026-09-24T07:30:00-04:00,,,2.99,22.6633,-14.6667,1,1,stop,1,2026-09-24T11:30:00Z,3.0,2.61,2.74
a04f4fe3e1d0baf2,2026-09-24T07:34:00-04:00,premarket,PFSA,pullback,ibkr-GRML-GCTK-PFSA,IBKR · TWS read-only · live,live-backfill,1m,3.5841,,,4.49,4712935.0,15.1114020355304,74.83414634146341,520000.0,verified,finviz via premarket_stars.py,1,0,REVIEW,,1,"[{""id"": ""price"", ""kills"": true, ""reason"": ""$3.58 is outside $2.00\u201320.00."", ""state"": ""PASS"", ""value"": ""$3.58  band $2.00\u201320.00""}, {""id"": ""float"", ""kills"": false, ""reason"": """", ""state"": ""PASS"", ""value"": ""0.5M (verified)""}, {""id"": ""catalyst"", ""kills"": false, ""reason"": """", ""state"": ""PASS"", ""value"": ""news today \u00b7 WEAK""}, {""id"": ""pillars"", ""kills"": true, ""reason"": ""Only 5 of the Five Pillars pass (need 4); missing ."", ""state"": ""PASS"", ""value"": ""5/5""}, {""id"": ""rising"", ""kills"": true, ""reason"": ""20.2% off the high \u2014 back side of the move."", ""state"": ""PASS"", ""value"": ""20.2% off 4.49""}, {""id"": ""split"", ""kills"": false, ""reason"": """", ""state"": ""PASS"", ""value"": ""gap is not arithmetic""}, {""id"": ""instrument"", ""kills"": false, ""reason"": """", ""state"": ""UNKNOWN"", ""value"": ""\u2014""}, {""id"": ""tick"", ""kills"": false, ""reason"": """", ""state"": ""UNKNOWN"", ""value"": ""\u2014""}, {""id"": ""buyout"", ""kills"": true, ""reason"": ""Acquisition announced \u2014 the price is pinned and volatility is gone."", ""state"": ""PASS"", ""value"": ""none""}, {""id"": ""vwap"", ""kills"": false, ""reason"": """", ""state"": ""PASS"", ""value"": ""yes""}, {""id"": ""ema9"", ""kills"": false, ""reason"": """", ""state"": ""PASS"", ""value"": ""yes""}, {""id"": ""macd"", ""kills"": false, ""reason"": """", ""state"": ""PASS"", ""value"": ""yes""}, {""id"": ""tape"", ""kills"": false, ""reason"": ""No tape and no book in this tool."", ""state"": ""MANUAL_CONFIRMATION_REQUIRED"", ""value"": ""your eyes""}]","[""Instrument type unknown \u2014 ADRs are fine, funds are not.""]","{""above_ema9"": true, ""above_vwap"": true, ""buyout_announced"": false, ""catalyst_source_ok"": true, ""catalyst_today"": true, ""catalyst_verdict"": ""WEAK"", ""change_pct"": 74.83414634146341, ""feed_stale"": false, ""float_is_shares_outstanding"": false, ""float_shares"": 520000.0, ""float_verified"": true, ""halted"": false, ""in_session_window"": true, ""is_fund_or_etf"": null, ""last"": 3.5841, ""live_theme"": false, ""macd_positive_and_above_signal"": true, ""penny_theme"": false, ""premarket_volume"": null, ""prev_close"": null, ""rvol"": 15.1114020355304, ""session_high"": 4.49, ""session_volume"": 4712935.0, ""split_ratio_clean_integer"": null, ""symbol"": ""PFSA"", ""tick_size"": null}",3.79,3.26,4.85,0.53,2.0,2,1,REFUSED,"[""bar clock: the bar closed 1962s before the runner saw it (budget 120s); a stale plan is not the trade the cascade reviewed (bar close \u2192 published 1957s, published \u2192 runner 5s)"", ""backfill decision: armed on loaded history, inputs not point-in-time (bar clock: the bar predates the desk's start; a fresh publication time does not make it fresh)""]",2026-09-24T12:07:41+00:00,2026-09-24T12:07:37+00:00,29c30d884550,4cfb953,2026-09-24T07:35:00-04:00,"{""bar_end"": ""2026-09-24T07:35:00-04:00"", ""bar_to_published_s"": 1957, ""published"": ""2026-09-24T12:07:37+00:00"", ""published_to_seen_s"": 5, ""quote_ts"": ""2026-09-24T12:07:35+00:00"", ""runner_seen"": ""2026-09-24T12:07:41+00:00""}",,3.79,1.434,-2.6415,1,0,stop,1,2026-09-24T11:45:00Z,4.44,2.74,2.82
62f3ec1741fd6f3c,2026-09-24T07:38:00-04:00,premarket,GRML,pullback,ibkr-GRML-GCTK-PFSA,IBKR · TWS read-only · live,live-backfill,1m,12.56,,,15.39,2771913.0,0.2378472633451315,12.243074173369095,2870000.0,verified,finviz via premarket_stars.py,1,0,WAIT,,1,"[{""id"": ""price"", ""kills"": true, ""reason"": ""$12.56 is outside $2.00\u201320.00."", ""state"": ""PASS"", ""value"": ""$12.56  band $2.00\u201320.00""}, {""id"": ""float"", ""kills"": false, ""reason"": """", ""state"": ""PASS"", ""value"": ""2.9M (verified)""}, {""id"": ""catalyst"", ""kills"": false, ""reason"": """", ""state"": ""PASS"", ""value"": ""news today \u00b7 WEAK""}, {""id"": ""pillars"", ""kills"": true, ""reason"": ""Only 4 of the Five Pillars pass (need 4); missing rvol."", ""state"": ""PASS"", ""value"": ""4/5 \u2014 missing rvol""}, {""id"": ""rising"", ""kills"": true, ""reason"": ""18.4% off the high \u2014 back side of the move."", ""state"": ""PASS"", ""value"": ""18.4% off 15.39""}, {""id"": ""split"", ""kills"": false, ""reason"": """", ""state"": ""PASS"", ""value"": ""gap is not arithmetic""}, {""id"": ""instrument"", ""kills"": false, ""reason"": """", ""state"": ""UNKNOWN"", ""value"": ""\u2014""}, {""id"": ""tick"", ""kills"": false, ""reason"": """", ""state"": ""UNKNOWN"", ""value"": ""\u2014""}, {""id"": ""buyout"", ""kills"": true, ""reason"": ""Acquisition announced \u2014 the price is pinned and volatility is gone."", ""state"": ""PASS"", ""value"": ""none""}, {""id"": ""vwap"", ""kills"": false, ""reason"": """", ""state"": ""FAIL"", ""value"": ""no""}, {""id"": ""ema9"", ""kills"": false, ""reason"": """", ""state"": ""PASS"", ""value"": ""yes""}, {""id"": ""macd"", ""kills"": false, ""reason"": """", ""state"": ""PASS"", ""value"": ""yes""}, {""id"": ""tape"", ""kills"": false, ""reason"": ""No tape and no book in this tool."", ""state"": ""MANUAL_CONFIRMATION_REQUIRED"", ""value"": ""your eyes""}]","[""Instrument type unknown \u2014 ADRs are fine, funds are not."", ""RVOL 0.24x is under the 1.5x trade floor (the 5x is a scanner dial, not a gate).""]","{""above_ema9"": true, ""above_vwap"": false, ""buyout_announced"": false, ""catalyst_source_ok"": true, ""catalyst_today"": true, ""catalyst_verdict"": ""WEAK"", ""change_pct"": 12.243074173369095, ""feed_stale"": false, ""float_is_shares_outstanding"": false, ""float_shares"": 2870000.0, ""float_verified"": true, ""halted"": false, ""in_session_window"": true, ""is_fund_or_etf"": null, ""last"": 12.56, ""live_theme"": false, ""macd_positive_and_above_signal"": true, ""penny_theme"": false, ""premarket_volume"": null, ""prev_close"": null, ""rvol"": 0.2378472633451315, ""session_high"": 15.39, ""session_volume"": 2771913.0, ""split_ratio_clean_integer"": null, ""symbol"": ""GRML"", ""tick_size"": null}",12.63,12.54,12.81,0.09,2.0,2,1,REFUSED,"[""bar clock: the bar closed 1722s before the runner saw it (budget 120s); a stale plan is not the trade the cascade reviewed (bar close \u2192 published 1717s, published \u2192 runner 5s)"", ""backfill decision: armed on loaded history, inputs not point-in-time (bar clock: the bar predates the desk's start; a fresh publication time does not make it fresh)"", ""Layer 2 not green: verdict WAIT \u2014 chart gates must all be true at entry""]",2026-09-24T12:07:41+00:00,2026-09-24T12:07:37+00:00,29c30d884550,4cfb953,2026-09-24T07:39:00-04:00,"{""bar_end"": ""2026-09-24T07:39:00-04:00"", ""bar_to_published_s"": 1717, ""published"": ""2026-09-24T12:07:37+00:00"", ""published_to_seen_s"": 5, ""quote_ts"": ""2026-09-24T12:07:35+00:00"", ""runner_seen"": ""2026-09-24T12:07:41+00:00""}",,12.63,37.4444,-5.5556,1,1,stop,1,2026-09-24T11:41:00Z,12.8,12.43,14.46
9efedf8bea52f2fd,2026-09-24T07:41:00-04:00,premarket,GRML,pullback,ibkr-GRML-PFSA-SKYQ,IBKR · TWS read-only · live,live-backfill,1m,12.63,,,15.39,2794310.0,0.2397690643385757,12.868632707774807,2870000.0,verified,finviz via premarket_stars.py,1,0,WAIT,,1,"[{""id"": ""price"", ""kills"": true, ""reason"": ""$12.63 is outside $2.00\u201320.00."", ""state"": ""PASS"", ""value"": ""$12.63  band $2.00\u201320.00""}, {""id"": ""float"", ""kills"": false, ""reason"": """", ""state"": ""PASS"", ""value"": ""2.9M (verified)""}, {""id"": ""catalyst"", ""kills"": false, ""reason"": """", ""state"": ""PASS"", ""value"": ""news today \u00b7 WEAK""}, {""id"": ""pillars"", ""kills"": true, ""reason"": ""Only 4 of the Five Pillars pass (need 4); missing rvol."", ""state"": ""PASS"", ""value"": ""4/5 \u2014 missing rvol""}, {""id"": ""rising"", ""kills"": true, ""reason"": ""17.9% off the high \u2014 back side of the move."", ""state"": ""PASS"", ""value"": ""17.9% off 15.39""}, {""id"": ""split"", ""kills"": false, ""reason"": """", ""state"": ""PASS"", ""value"": ""gap is not arithmetic""}, {""id"": ""instrument"", ""kills"": false, ""reason"": """", ""state"": ""UNKNOWN"", ""value"": ""\u2014""}, {""id"": ""tick"", ""kills"": false, ""reason"": """", ""state"": ""UNKNOWN"", ""value"": ""\u2014""}, {""id"": ""buyout"", ""kills"": true, ""reason"": ""Acquisition announced \u2014 the price is pinned and volatility is gone."", ""state"": ""PASS"", ""value"": ""none""}, {""id"": ""vwap"", ""kills"": false, ""reason"": """", ""state"": ""FAIL"", ""value"": ""no""}, {""id"": ""ema9"", ""kills"": false, ""reason"": """", ""state"": ""PASS"", ""value"": ""yes""}, {""id"": ""macd"", ""kills"": false, ""reason"": """", ""state"": ""PASS"", ""value"": ""yes""}, {""id"": ""tape"", ""kills"": false, ""reason"": ""No tape and no book in this tool."", ""state"": ""MANUAL_CONFIRMATION_REQUIRED"", ""value"": ""your eyes""}]","[""Instrument type unknown \u2014 ADRs are fine, funds are not."", ""RVOL 0.24x is under the 1.5x trade floor (the 5x is a scanner dial, not a gate).""]","{""above_ema9"": true, ""above_vwap"": false, ""buyout_announced"": false, ""catalyst_source_ok"": true, ""catalyst_today"": true, ""catalyst_verdict"": ""WEAK"", ""change_pct"": 12.868632707774807, ""feed_stale"": false, ""float_is_shares_outstanding"": false, ""float_shares"": 2870000.0, ""float_verified"": true, ""halted"": false, ""in_session_window"": true, ""is_fund_or_etf"": null, ""last"": 12.63, ""live_theme"": false, ""macd_positive_and_above_signal"": true, ""penny_theme"": false, ""premarket_volume"": null, ""prev_close"": null, ""rvol"": 0.2397690643385757, ""session_high"": 15.39, ""session_volume"": 2794310.0, ""split_ratio_clean_integer"": null, ""symbol"": ""GRML"", ""tick_size"": null}",12.58,12.42,12.9,0.16,2.0,3,1,REFUSED,"[""bar clock: the bar closed 13344s before the runner saw it (budget 120s); a stale plan is not the trade the cascade reviewed (bar close \u2192 published 13340s, published \u2192 runner 4s)"", ""backfill decision: armed on loaded history, inputs not point-in-time (bar clock: the bar predates the desk's start; a fresh publication time does not make it fresh)"", ""Layer 2 not green: below VWAP (verdict WAIT) \u2014 chart gates must all be true at entry""]",2026-09-24T15:24:23+00:00,2026-09-24T15:24:20+00:00,29c30d884550,e1fc02d,2026-09-24T07:42:00-04:00,"{""bar_end"": ""2026-09-24T07:42:00-04:00"", ""bar_to_published_s"": 13340, ""published"": ""2026-09-24T15:24:20+00:00"", ""published_to_seen_s"": 4, ""quote_ts"": ""2026-09-24T15:24:22+00:00"", ""runner_seen"": ""2026-09-24T15:24:23+00:00""}",,12.58,21.375,-2.8125,1,1,target,1,2026-09-24T11:42:00Z,12.8,12.43,14.46
97b62c103a0b9673,2026-09-24T07:41:00-04:00,premarket,GLND,pullback,ibkr-GRML-PFSA-SKYQ,IBKR · TWS read-only · live,live-backfill,1m,3.13,,,3.19,1294087.0,0.12701044558295121,7.560137457044669,27470000.0,verified,finviz via premarket_stars.py,1,0,REJECT,pillars,0,"[{""id"": ""price"", ""kills"": true, ""reason"": ""$3.13 is outside $2.00\u201320.00."", ""state"": ""PASS"", ""value"": ""$3.13  band $2.00\u201320.00""}, {""id"": ""float"", ""kills"": false, ""reason"": ""Float 27.5M is over the 20M cap."", ""state"": ""FAIL"", ""value"": ""27.5M""}, {""id"": ""catalyst"", ""kills"": false, ""reason"": """", ""state"": ""PASS"", ""value"": ""news today \u00b7 WEAK""}, {""id"": ""pillars"", ""kills"": true, ""reason"": ""Only 2 of the Five Pillars pass (need 4); missing gain, rvol, float."", ""state"": ""FAIL"", ""value"": ""2/5 \u2014 missing gain, rvol, float""}, {""id"": ""rising"", ""kills"": false, ""reason"": ""cascade already stopped"", ""state"": ""NOT_APPLICABLE"", ""value"": ""\u2014""}, {""id"": ""split"", ""kills"": false, ""reason"": ""cascade already stopped"", ""state"": ""NOT_APPLICABLE"", ""value"": ""\u2014""}, {""id"": ""instrument"", ""kills"": false, ""reason"": ""cascade already stopped"", ""state"": ""NOT_APPLICABLE"", ""value"": ""\u2014""}, {""id"": ""tick"", ""kills"": false, ""reason"": ""cascade already stopped"", ""state"": ""NOT_APPLICABLE"", ""value"": ""\u2014""}, {""id"": ""buyout"", ""kills"": false, ""reason"": ""cascade already stopped"", ""state"": ""NOT_APPLICABLE"", ""value"": ""\u2014""}]","[""Float 27.5M over the 20M cap (A5: flagged, not killed; the pillar count decides).""]","{""above_ema9"": true, ""above_vwap"": true, ""buyout_announced"": false, ""catalyst_source_ok"": true, ""catalyst_today"": true, ""catalyst_verdict"": ""WEAK"", ""change_pct"": 7.560137457044669, ""feed_stale"": false, ""float_is_shares_outstanding"": false, ""float_shares"": 27470000.0, ""float_verified"": true, ""halted"": false, ""in_session_window"": true, ""is_fund_or_etf"": null, ""last"": 3.13, ""live_theme"": false, ""macd_positive_and_above_signal"": true, ""penny_theme"": false, ""premarket_volume"": null, ""prev_close"": null, ""rvol"": 0.12701044558295121, ""session_high"": 3.19, ""session_volume"": 1294087.0, ""split_ratio_clean_integer"": null, ""symbol"": ""GLND"", ""tick_size"": null}",3.13,3.0401,3.3098,0.0899,2.0,3,0,SUPPRESSED,,,2026-09-24T15:25:35+00:00,29c30d884550,e1fc02d,2026-09-24T07:42:00-04:00,,,3.13,20.8009,-2.2247,1,1,stop,1,2026-09-24T11:42:00Z,3.2,2.93,4.4202
a6682c05c9a06027,2026-09-24T07:42:00-04:00,premarket,SRZN,pullback,ibkr-GRML-GCTK-PFSA,IBKR · TWS read-only · live,live-backfill,1m,20.94,,,22.24,162573.0,1.5204004573181424,29.579207920792093,11753558.0,shares_outstanding_proxy,SEC shares outstanding (upper bound),0,0,REJECT,price,0,"[{""id"": ""price"", ""kills"": true, ""reason"": ""$20.94 is outside $2.00\u201320.00."", ""state"": ""FAIL"", ""value"": ""$20.94  band $2.00\u201320.00""}, {""id"": ""float"", ""kills"": false, ""reason"": ""cascade already stopped"", ""state"": ""NOT_APPLICABLE"", ""value"": ""\u2014""}, {""id"": ""catalyst"", ""kills"": false, ""reason"": ""cascade already stopped"", ""state"": ""NOT_APPLICABLE"", ""value"": ""\u2014""}, {""id"": ""pillars"", ""kills"": false, ""reason"": ""cascade already stopped"", ""state"": ""NOT_APPLICABLE"", ""value"": ""\u2014""}, {""id"": ""rising"", ""kills"": false, ""reason"": ""cascade already stopped"", ""state"": ""NOT_APPLICABLE"", ""value"": ""\u2014""}, {""id"": ""split"", ""kills"": false, ""reason"": ""cascade already stopped"", ""state"": ""NOT_APPLICABLE"", ""value"": ""\u2014""}, {""id"": ""instrument"", ""kills"": false, ""reason"": ""cascade already stopped"", ""state"": ""NOT_APPLICABLE"", ""value"": ""\u2014""}, {""id"": ""tick"", ""kills"": false, ""reason"": ""cascade already stopped"", ""state"": ""NOT_APPLICABLE"", ""value"": ""\u2014""}, {""id"": ""buyout"", ""kills"": false, ""reason"": ""cascade already stopped"", ""state"": ""NOT_APPLICABLE"", ""value"": ""\u2014""}]",[],"{""above_ema9"": true, ""above_vwap"": true, ""buyout_announced"": false, ""catalyst_source_ok"": true, ""catalyst_today"": false, ""catalyst_verdict"": ""NONE"", ""change_pct"": 29.579207920792093, ""feed_stale"": false, ""float_is_shares_outstanding"": true, ""float_shares"": 11753558, ""float_verified"": false, ""halted"": false, ""in_session_window"": true, ""is_fund_or_etf"": null, ""last"": 20.94, ""live_theme"": false, ""macd_positive_and_above_signal"": true, ""penny_theme"": false, ""premarket_volume"": null, ""prev_close"": null, ""rvol"": 1.5204004573181424, ""session_high"": 22.24, ""session_volume"": 162573.0, ""split_ratio_clean_integer"": null, ""symbol"": ""SRZN"", ""tick_size"": null}",20.01,19.54,20.95,0.47,2.0,4,0,SUPPRESSED,,,2026-09-24T12:08:51+00:00,29c30d884550,4cfb953,2026-09-24T07:43:00-04:00,,,20.01,33.7234,0.0,0,1,target,1,2026-09-24T11:43:00Z,23.85,20.01,32.57
1632a7c43746aaea,2026-09-24T07:44:00-04:00,premarket,GCTK,pullback,ibkr-GRML-GCTK-PFSA,IBKR · TWS read-only · live,live-backfill,1m,4.13,,,5.05,15296827.0,228.6623764892297,103.448275862069,640000.0,verified,finviz via premarket_stars.py,1,0,WAIT,,1,"[{""id"": ""price"", ""kills"": true, ""reason"": ""$4.13 is outside $2.00\u201320.00."", ""state"": ""PASS"", ""value"": ""$4.13  band $2.00\u201320.00""}, {""id"": ""float"", ""kills"": false, ""reason"": """", ""state"": ""PASS"", ""value"": ""0.6M (verified)""}, {""id"": ""catalyst"", ""kills"": false, ""reason"": """", ""state"": ""PASS"", ""value"": ""news today \u00b7 WEAK""}, {""id"": ""pillars"", ""kills"": true, ""reason"": ""Only 5 of the Five Pillars pass (need 4); missing ."", ""state"": ""PASS"", ""value"": ""5/5""}, {""id"": ""rising"", ""kills"": true, ""reason"": ""18.2% off the high \u2014 back side of the move."", ""state"": ""PASS"", ""value"": ""18.2% off 5.05""}, {""id"": ""split"", ""kills"": false, ""reason"": """", ""state"": ""PASS"", ""value"": ""gap is not arithmetic""}, {""id"": ""instrument"", ""kills"": false, ""reason"": """", ""state"": ""UNKNOWN"", ""value"": ""\u2014""}, {""id"": ""tick"", ""kills"": false, ""reason"": """", ""state"": ""UNKNOWN"", ""value"": ""\u2014""}, {""id"": ""buyout"", ""kills"": true, ""reason"": ""Acquisition announced \u2014 the price is pinned and volatility is gone."", ""state"": ""PASS"", ""value"": ""none""}, {""id"": ""vwap"", ""kills"": false, ""reason"": """", ""state"": ""FAIL"", ""value"": ""no""}, {""id"": ""ema9"", ""kills"": false, ""reason"": """", ""state"": ""PASS"", ""value"": ""yes""}, {""id"": ""macd"", ""kills"": false, ""reason"": """", ""state"": ""PASS"", ""value"": ""yes""}, {""id"": ""tape"", ""kills"": false, ""reason"": ""No tape and no book in this tool."", ""state"": ""MANUAL_CONFIRMATION_REQUIRED"", ""value"": ""your eyes""}]","[""Instrument type unknown \u2014 ADRs are fine, funds are not.""]","{""above_ema9"": true, ""above_vwap"": false, ""buyout_announced"": false, ""catalyst_source_ok"": true, ""catalyst_today"": true, ""catalyst_verdict"": ""WEAK"", ""change_pct"": 103.448275862069, ""feed_stale"": false, ""float_is_shares_outstanding"": false, ""float_shares"": 640000.0, ""float_verified"": true, ""halted"": false, ""in_session_window"": true, ""is_fund_or_etf"": null, ""last"": 4.13, ""live_theme"": false, ""macd_positive_and_above_signal"": true, ""penny_theme"": false, ""premarket_volume"": null, ""prev_close"": null, ""rvol"": 228.6623764892297, ""session_high"": 5.05, ""session_volume"": 15296827.0, ""split_ratio_clean_integer"": null, ""symbol"": ""GCTK"", ""tick_size"": null}",4.14,4.09,4.24,0.05,2.0,3,1,REFUSED,"[""bar clock: the bar closed 1362s before the runner saw it (budget 120s); a stale plan is not the trade the cascade reviewed (bar close \u2192 published 1357s, published \u2192 runner 5s)"", ""backfill decision: armed on loaded history, inputs not point-in-time (bar clock: the bar predates the desk's start; a fresh publication time does not make it fresh)"", ""Layer 2 not green: verdict WAIT \u2014 chart gates must all be true at entry""]",2026-09-24T12:07:41+00:00,2026-09-24T12:07:37+00:00,29c30d884550,4cfb953,2026-09-24T07:45:00-04:00,"{""bar_end"": ""2026-09-24T07:45:00-04:00"", ""bar_to_published_s"": 1357, ""published"": ""2026-09-24T12:07:37+00:00"", ""published_to_seen_s"": 5, ""quote_ts"": ""2026-09-24T12:07:34+00:00"", ""runner_seen"": ""2026-09-24T12:07:41+00:00""}",,4.14,5.2,-40.6,1,1,stop,1,2026-09-24T11:45:00Z,4.38,3.86,2.5717
92a2ca57c679316f,2026-09-24T07:44:00-04:00,premarket,PFSA,pullback,ibkr-GRML-GCTK-PFSA,IBKR · TWS read-only · live,live-backfill,1m,3.7,,,4.49,10940982.0,35.08081008235875,80.4878048780488,520000.0,verified,finviz via premarket_stars.py,1,0,REVIEW,,1,"[{""id"": ""price"", ""kills"": true, ""reason"": ""$3.70 is outside $2.00\u201320.00."", ""state"": ""PASS"", ""value"": ""$3.70  band $2.00\u201320.00""}, {""id"": ""float"", ""kills"": false, ""reason"": """", ""state"": ""PASS"", ""value"": ""0.5M (verified)""}, {""id"": ""catalyst"", ""kills"": false, ""reason"": """", ""state"": ""PASS"", ""value"": ""news today \u00b7 WEAK""}, {""id"": ""pillars"", ""kills"": true, ""reason"": ""Only 5 of the Five Pillars pass (need 4); missing ."", ""state"": ""PASS"", ""value"": ""5/5""}, {""id"": ""rising"", ""kills"": true, ""reason"": ""17.6% off the high \u2014 back side of the move."", ""state"": ""PASS"", ""value"": ""17.6% off 4.49""}, {""id"": ""split"", ""kills"": false, ""reason"": """", ""state"": ""PASS"", ""value"": ""gap is not arithmetic""}, {""id"": ""instrument"", ""kills"": false, ""reason"": """", ""state"": ""UNKNOWN"", ""value"": ""\u2014""}, {""id"": ""tick"", ""kills"": false, ""reason"": """", ""state"": ""UNKNOWN"", ""value"": ""\u2014""}, {""id"": ""buyout"", ""kills"": true, ""reason"": ""Acquisition announced \u2014 the price is pinned and volatility is gone."", ""state"": ""PASS"", ""value"": ""none""}, {""id"": ""vwap"", ""kills"": false, ""reason"": """", ""state"": ""PASS"", ""value"": ""yes""}, {""id"": ""ema9"", ""kills"": false, ""reason"": """", ""state"": ""PASS"", ""value"": ""yes""}, {""id"": ""macd"", ""kills"": false, ""reason"": """", ""state"": ""PASS"", ""value"": ""yes""}, {""id"": ""tape"", ""kills"": false, ""reason"": ""No tape and no book in this tool."", ""state"": ""MANUAL_CONFIRMATION_REQUIRED"", ""value"": ""your eyes""}]","[""Instrument type unknown \u2014 ADRs are fine, funds are not.""]","{""above_ema9"": true, ""above_vwap"": true, ""buyout_announced"": false, ""catalyst_source_ok"": true, ""catalyst_today"": true, ""catalyst_verdict"": ""WEAK"", ""change_pct"": 80.4878048780488, ""feed_stale"": false, ""float_is_shares_outstanding"": false, ""float_shares"": 520000.0, ""float_verified"": true, ""halted"": false, ""in_session_window"": true, ""is_fund_or_etf"": null, ""last"": 3.7, ""live_theme"": false, ""macd_positive_and_above_signal"": true, ""penny_theme"": false, ""premarket_volume"": null, ""prev_close"": null, ""rvol"": 35.08081008235875, ""session_high"": 4.49, ""session_volume"": 10940982.0, ""split_ratio_clean_integer"": null, ""symbol"": ""PFSA"", ""tick_size"": null}",3.69,3.41,4.25,0.28,2.0,1,1,REFUSED,"[""bar clock: the bar closed 1362s before the runner saw it (budget 120s); a stale plan is not the trade the cascade reviewed (bar close \u2192 published 1357s, published \u2192 runner 5s)"", ""backfill decision: armed on loaded history, inputs not point-in-time (bar clock: the bar predates the desk's start; a fresh publication time does not make it fresh)""]",2026-09-24T12:07:41+00:00,2026-09-24T12:07:37+00:00,29c30d884550,4cfb953,2026-09-24T07:45:00-04:00,"{""bar_end"": ""2026-09-24T07:45:00-04:00"", ""bar_to_published_s"": 1357, ""published"": ""2026-09-24T12:07:37+00:00"", ""published_to_seen_s"": 5, ""quote_ts"": ""2026-09-24T12:07:35+00:00"", ""runner_seen"": ""2026-09-24T12:07:41+00:00""}",,3.69,3.0714,-4.6429,1,1,target,1,2026-09-24T11:45:00Z,4.55,3.53,2.82
b2ec9a92d8d9e81a,2026-09-24T07:46:00-04:00,premarket,SPHL,pullback,ibkr-GRML-GCTK-PFSA,IBKR · TWS read-only · live,live-backfill,1m,2.8626,,,6.27,6637428.0,791.8419971996007,24.190889370932744,1240000.0,verified,finviz via premarket_stars.py,0,0,REJECT,rising,0,"[{""id"": ""price"", ""kills"": true, ""reason"": ""$2.86 is outside $2.00\u201320.00."", ""state"": ""PASS"", ""value"": ""$2.86  band $2.00\u201320.00""}, {""id"": ""float"", ""kills"": false, ""reason"": """", ""state"": ""PASS"", ""value"": ""1.2M (verified)""}, {""id"": ""catalyst"", ""kills"": false, ""reason"": ""No catalyst dated today and no live theme it belongs to."", ""state"": ""FAIL"", ""value"": ""none""}, {""id"": ""pillars"", ""kills"": true, ""reason"": ""Only 4 of the Five Pillars pass (need 4); missing catalyst."", ""state"": ""PASS"", ""value"": ""4/5 \u2014 missing catalyst""}, {""id"": ""rising"", ""kills"": true, ""reason"": ""54.3% off the high \u2014 back side of the move."", ""state"": ""FAIL"", ""value"": ""54.3% off 6.27""}, {""id"": ""split"", ""kills"": false, ""reason"": ""cascade already stopped"", ""state"": ""NOT_APPLICABLE"", ""value"": ""\u2014""}, {""id"": ""instrument"", ""kills"": false, ""reason"": ""cascade already stopped"", ""state"": ""NOT_APPLICABLE"", ""value"": ""\u2014""}, {""id"": ""tick"", ""kills"": false, ""reason"": ""cascade already stopped"", ""state"": ""NOT_APPLICABLE"", ""value"": ""\u2014""}, {""id"": ""buyout"", ""kills"": false, ""reason"": ""cascade already stopped"", ""state"": ""NOT_APPLICABLE"", ""value"": ""\u2014""}]","[""No catalyst dated today and no live theme (A2: flagged, not killed; the read-out splits this cohort).""]","{""above_ema9"": true, ""above_vwap"": false, ""buyout_announced"": false, ""catalyst_source_ok"": true, ""catalyst_today"": false, ""catalyst_verdict"": ""NONE"", ""change_pct"": 24.190889370932744, ""feed_stale"": false, ""float_is_shares_outstanding"": false, ""float_shares"": 1240000.0, ""float_verified"": true, ""halted"": false, ""in_session_window"": true, ""is_fund_or_etf"": null, ""last"": 2.8626, ""live_theme"": false, ""macd_positive_and_above_signal"": true, ""penny_theme"": false, ""premarket_volume"": null, ""prev_close"": null, ""rvol"": 791.8419971996007, ""session_high"": 6.27, ""session_volume"": 6637428.0, ""split_ratio_clean_integer"": null, ""symbol"": ""SPHL"", ""tick_size"": null}",2.86,2.81,2.96,0.05,2.0,2,1,SUPPRESSED,,,2026-09-24T12:08:51+00:00,29c30d884550,4cfb953,2026-09-24T07:47:00-04:00,,,2.86,16.198,-6.2,1,1,stop,1,2026-09-24T11:47:00Z,2.87,2.61,2.74
83e615a2621daff7,2026-09-24T07:48:00-04:00,premarket,SKYQ,pullback,ibkr-GRML-GCTK-PFSA,IBKR · TWS read-only · live,live-backfill,1m,2.7715,,,2.92,441587.0,0.21436635716127284,9.114173228346466,8010000.0,verified,finviz via premarket_stars.py,1,0,REJECT,pillars,0,"[{""id"": ""price"", ""kills"": true, ""reason"": ""$2.77 is outside $2.00\u201320.00."", ""state"": ""PASS"", ""value"": ""$2.77  band $2.00\u201320.00""}, {""id"": ""float"", ""kills"": false, ""reason"": """", ""state"": ""PASS"", ""value"": ""8.0M (verified)""}, {""id"": ""catalyst"", ""kills"": false, ""reason"": """", ""state"": ""PASS"", ""value"": ""news today \u00b7 WEAK""}, {""id"": ""pillars"", ""kills"": true, ""reason"": ""Only 3 of the Five Pillars pass (need 4); missing gain, rvol."", ""state"": ""FAIL"", ""value"": ""3/5 \u2014 missing gain, rvol""}, {""id"": ""rising"", ""kills"": false, ""reason"": ""cascade already stopped"", ""state"": ""NOT_APPLICABLE"", ""value"": ""\u2014""}, {""id"": ""split"", ""kills"": false, ""reason"": ""cascade already stopped"", ""state"": ""NOT_APPLICABLE"", ""value"": ""\u2014""}, {""id"": ""instrument"", ""kills"": false, ""reason"": ""cascade already stopped"", ""state"": ""NOT_APPLICABLE"", ""value"": ""\u2014""}, {""id"": ""tick"", ""kills"": false, ""reason"": ""cascade already stopped"", ""state"": ""NOT_APPLICABLE"", ""value"": ""\u2014""}, {""id"": ""buyout"", ""kills"": false, ""reason"": ""cascade already stopped"", ""state"": ""NOT_APPLICABLE"", ""value"": ""\u2014""}]",[],"{""above_ema9"": true, ""above_vwap"": true, ""buyout_announced"": false, ""catalyst_source_ok"": true, ""catalyst_today"": true, ""catalyst_verdict"": ""WEAK"", ""change_pct"": 9.114173228346466, ""feed_stale"": false, ""float_is_shares_outstanding"": false, ""float_shares"": 8010000.0, ""float_verified"": true, ""halted"": false, ""in_session_window"": true, ""is_fund_or_etf"": null, ""last"": 2.7715, ""live_theme"": false, ""macd_positive_and_above_signal"": true, ""penny_theme"": false, ""premarket_volume"": null, ""prev_close"": null, ""rvol"": 0.21436635716127284, ""session_high"": 2.92, ""session_volume"": 441587.0, ""split_ratio_clean_integer"": null, ""symbol"": ""SKYQ"", ""tick_size"": null}",2.762,2.6232,3.0396,0.1388,2.0,1,1,SUPPRESSED,,,2026-09-24T12:07:37+00:00,29c30d884550,4cfb953,2026-09-24T07:49:00-04:00,,,2.762,4.3084,-0.5908,0,1,target,1,2026-09-24T11:49:00Z,3.15,2.71,3.1395
bc546ba11edd65f8,2026-09-24T07:50:00-04:00,premarket,NCPL,pullback,ibkr-GRML-GCTK-PFSA,IBKR · TWS read-only · live,live-backfill,1m,1.24,,,1.55,6951361.0,0.3400805817029921,19.23076923076923,4380000.0,verified,finviz via premarket_stars.py,0,0,REJECT,price,0,"[{""id"": ""price"", ""kills"": true, ""reason"": ""$1.24 is outside $2.00\u201320.00."", ""state"": ""FAIL"", ""value"": ""$1.24  band $2.00\u201320.00""}, {""id"": ""float"", ""kills"": false, ""reason"": ""cascade already stopped"", ""state"": ""NOT_APPLICABLE"", ""value"": ""\u2014""}, {""id"": ""catalyst"", ""kills"": false, ""reason"": ""cascade already stopped"", ""state"": ""NOT_APPLICABLE"", ""value"": ""\u2014""}, {""id"": ""pillars"", ""kills"": false, ""reason"": ""cascade already stopped"", ""state"": ""NOT_APPLICABLE"", ""value"": ""\u2014""}, {""id"": ""rising"", ""kills"": false, ""reason"": ""cascade already stopped"", ""state"": ""NOT_APPLICABLE"", ""value"": ""\u2014""}, {""id"": ""split"", ""kills"": false, ""reason"": ""cascade already stopped"", ""state"": ""NOT_APPLICABLE"", ""value"": ""\u2014""}, {""id"": ""instrument"", ""kills"": false, ""reason"": ""cascade already stopped"", ""state"": ""NOT_APPLICABLE"", ""value"": ""\u2014""}, {""id"": ""tick"", ""kills"": false, ""reason"": ""cascade already stopped"", ""state"": ""NOT_APPLICABLE"", ""value"": ""\u2014""}, {""id"": ""buyout"", ""kills"": false, ""reason"": ""cascade already stopped"", ""state"": ""NOT_APPLICABLE"", ""value"": ""\u2014""}]",[],"{""above_ema9"": true, ""above_vwap"": false, ""buyout_announced"": false, ""catalyst_source_ok"": true, ""catalyst_today"": false, ""catalyst_verdict"": ""NONE"", ""change_pct"": 19.23076923076923, ""feed_stale"": false, ""float_is_shares_outstanding"": false, ""float_shares"": 4380000.0, ""float_verified"": true, ""halted"": false, ""in_session_window"": true, ""is_fund_or_etf"": null, ""last"": 1.24, ""live_theme"": false, ""macd_positive_and_above_signal"": true, ""penny_theme"": false, ""premarket_volume"": null, ""prev_close"": null, ""rvol"": 0.3400805817029921, ""session_high"": 1.55, ""session_volume"": 6951361.0, ""split_ratio_clean_integer"": null, ""symbol"": ""NCPL"", ""tick_size"": null}",1.24,1.21,1.3,0.03,2.0,2,1,SUPPRESSED,,,2026-09-24T12:08:51+00:00,29c30d884550,4cfb953,2026-09-24T07:51:00-04:00,,,1.24,30.0,-0.6667,0,1,target,1,2026-09-24T11:51:00Z,1.35,1.22,1.31
af1e53e4a928b5b1,2026-09-24T08:02:00-04:00,premarket,GCTK,pullback,ibkr-GRML-GCTK-PFSA,IBKR · TWS read-only · live,live-backfill,1m,3.96,,,5.05,15980381.0,238.88038327578218,95.07389162561577,640000.0,verified,finviz via premarket_stars.py,1,0,WAIT,,1,"[{""id"": ""price"", ""kills"": true, ""reason"": ""$3.96 is outside $2.00\u201320.00."", ""state"": ""PASS"", ""value"": ""$3.96  band $2.00\u201320.00""}, {""id"": ""float"", ""kills"": false, ""reason"": """", ""state"": ""PASS"", ""value"": ""0.6M (verified)""}, {""id"": ""catalyst"", ""kills"": false, ""reason"": """", ""state"": ""PASS"", ""value"": ""news today \u00b7 WEAK""}, {""id"": ""pillars"", ""kills"": true, ""reason"": ""Only 5 of the Five Pillars pass (need 4); missing ."", ""state"": ""PASS"", ""value"": ""5/5""}, {""id"": ""rising"", ""kills"": true, ""reason"": ""21.6% off the high \u2014 back side of the move."", ""state"": ""PASS"", ""value"": ""21.6% off 5.05""}, {""id"": ""split"", ""kills"": false, ""reason"": """", ""state"": ""PASS"", ""value"": ""gap is not arithmetic""}, {""id"": ""instrument"", ""kills"": false, ""reason"": """", ""state"": ""UNKNOWN"", ""value"": ""\u2014""}, {""id"": ""tick"", ""kills"": false, ""reason"": """", ""state"": ""UNKNOWN"", ""value"": ""\u2014""}, {""id"": ""buyout"", ""kills"": true, ""reason"": ""Acquisition announced \u2014 the price is pinned and volatility is gone."", ""state"": ""PASS"", ""value"": ""none""}, {""id"": ""vwap"", ""kills"": false, ""reason"": """", ""state"": ""FAIL"", ""value"": ""no""}, {""id"": ""ema9"", ""kills"": false, ""reason"": """", ""state"": ""FAIL"", ""value"": ""no""}, {""id"": ""macd"", ""kills"": false, ""reason"": """", ""state"": ""FAIL"", ""value"": ""no""}, {""id"": ""tape"", ""kills"": false, ""reason"": ""No tape and no book in this tool."", ""state"": ""MANUAL_CONFIRMATION_REQUIRED"", ""value"": ""your eyes""}]","[""Instrument type unknown \u2014 ADRs are fine, funds are not.""]","{""above_ema9"": false, ""above_vwap"": false, ""buyout_announced"": false, ""catalyst_source_ok"": true, ""catalyst_today"": true, ""catalyst_verdict"": ""WEAK"", ""change_pct"": 95.07389162561577, ""feed_stale"": false, ""float_is_shares_outstanding"": false, ""float_shares"": 640000.0, ""float_verified"": true, ""halted"": false, ""in_session_window"": true, ""is_fund_or_etf"": null, ""last"": 3.96, ""live_theme"": false, ""macd_positive_and_above_signal"": false, ""penny_theme"": false, ""premarket_volume"": null, ""prev_close"": null, ""rvol"": 238.88038327578218, ""session_high"": 5.05, ""session_volume"": 15980381.0, ""split_ratio_clean_integer"": null, ""symbol"": ""GCTK"", ""tick_size"": null}",3.95,3.86,4.13,0.09,2.0,4,1,REFUSED,"[""bar clock: the bar closed 282s before the runner saw it (budget 120s); a stale plan is not the trade the cascade reviewed (bar close \u2192 published 277s, published \u2192 runner 5s)"", ""backfill decision: armed on loaded history, inputs not point-in-time (bar clock: the bar predates the desk's start; a fresh publication time does not make it fresh)"", ""Layer 2 not green: verdict WAIT \u2014 chart gates must all be true at entry""]",2026-09-24T12:07:41+00:00,2026-09-24T12:07:37+00:00,29c30d884550,4cfb953,2026-09-24T08:03:00-04:00,"{""bar_end"": ""2026-09-24T08:03:00-04:00"", ""bar_to_published_s"": 277, ""published"": ""2026-09-24T12:07:37+00:00"", ""published_to_seen_s"": 5, ""quote_ts"": ""2026-09-24T12:07:34+00:00"", ""runner_seen"": ""2026-09-24T12:07:41+00:00""}",,3.95,5.0,-20.4444,1,1,target,1,2026-09-24T12:03:00Z,4.4,3.89,2.5717
6e091d606fe3cfa2,2026-09-24T08:02:00-04:00,premarket,SPHL,pullback,ibkr-GRML-GCTK-PFSA,IBKR · TWS read-only · live,live-backfill,1m,2.8025,,,6.27,6785578.0,809.5162215957254,21.583514099783073,1240000.0,verified,finviz via premarket_stars.py,0,0,REJECT,rising,0,"[{""id"": ""price"", ""kills"": true, ""reason"": ""$2.80 is outside $2.00\u201320.00."", ""state"": ""PASS"", ""value"": ""$2.80  band $2.00\u201320.00""}, {""id"": ""float"", ""kills"": false, ""reason"": """", ""state"": ""PASS"", ""value"": ""1.2M (verified)""}, {""id"": ""catalyst"", ""kills"": false, ""reason"": ""No catalyst dated today and no live theme it belongs to."", ""state"": ""FAIL"", ""value"": ""none""}, {""id"": ""pillars"", ""kills"": true, ""reason"": ""Only 4 of the Five Pillars pass (need 4); missing catalyst."", ""state"": ""PASS"", ""value"": ""4/5 \u2014 missing catalyst""}, {""id"": ""rising"", ""kills"": true, ""reason"": ""55.3% off the high \u2014 back side of the move."", ""state"": ""FAIL"", ""value"": ""55.3% off 6.27""}, {""id"": ""split"", ""kills"": false, ""reason"": ""cascade already stopped"", ""state"": ""NOT_APPLICABLE"", ""value"": ""\u2014""}, {""id"": ""instrument"", ""kills"": false, ""reason"": ""cascade already stopped"", ""state"": ""NOT_APPLICABLE"", ""value"": ""\u2014""}, {""id"": ""tick"", ""kills"": false, ""reason"": ""cascade already stopped"", ""state"": ""NOT_APPLICABLE"", ""value"": ""\u2014""}, {""id"": ""buyout"", ""kills"": false, ""reason"": ""cascade already stopped"", ""state"": ""NOT_APPLICABLE"", ""value"": ""\u2014""}]","[""No catalyst dated today and no live theme (A2: flagged, not killed; the read-out splits this cohort).""]","{""above_ema9"": true, ""above_vwap"": false, ""buyout_announced"": false, ""catalyst_source_ok"": true, ""catalyst_today"": false, ""catalyst_verdict"": ""NONE"", ""change_pct"": 21.583514099783073, ""feed_stale"": false, ""float_is_shares_outstanding"": false, ""float_shares"": 1240000.0, ""float_verified"": true, ""halted"": false, ""in_session_window"": true, ""is_fund_or_etf"": null, ""last"": 2.8025, ""live_theme"": false, ""macd_positive_and_above_signal"": true, ""penny_theme"": false, ""premarket_volume"": null, ""prev_close"": null, ""rvol"": 809.5162215957254, ""session_high"": 6.27, ""session_volume"": 6785578.0, ""split_ratio_clean_integer"": null, ""symbol"": ""SPHL"", ""tick_size"": null}",2.8,2.77,2.86,0.03,2.0,1,1,SUPPRESSED,,,2026-09-24T12:08:51+00:00,29c30d884550,4cfb953,2026-09-24T08:03:00-04:00,,,2.8,28.9967,-8.3333,1,1,stop,1,2026-09-24T12:03:00Z,2.83,2.63,2.74
a603d81fa48e78c5,2026-09-24T08:02:00-04:00,premarket,PMAX,pullback,ibkr-GRML-PFSA-SKYQ,IBKR · TWS read-only · live,live-backfill,1m,0.975,,,1.07,92268.0,0.9958183787354117,6.732348111658459,,unknown,EDGAR has no shares-outstanding figure for this registrant,0,0,REJECT,price,0,"[{""id"": ""price"", ""kills"": true, ""reason"": ""$0.97 is outside $2.00\u201320.00."", ""state"": ""FAIL"", ""value"": ""$0.97  band $2.00\u201320.00""}, {""id"": ""float"", ""kills"": false, ""reason"": ""cascade already stopped"", ""state"": ""NOT_APPLICABLE"", ""value"": ""\u2014""}, {""id"": ""catalyst"", ""kills"": false, ""reason"": ""cascade already stopped"", ""state"": ""NOT_APPLICABLE"", ""value"": ""\u2014""}, {""id"": ""pillars"", ""kills"": false, ""reason"": ""cascade already stopped"", ""state"": ""NOT_APPLICABLE"", ""value"": ""\u2014""}, {""id"": ""rising"", ""kills"": false, ""reason"": ""cascade already stopped"", ""state"": ""NOT_APPLICABLE"", ""value"": ""\u2014""}, {""id"": ""split"", ""kills"": false, ""reason"": ""cascade already stopped"", ""state"": ""NOT_APPLICABLE"", ""value"": ""\u2014""}, {""id"": ""instrument"", ""kills"": false, ""reason"": ""cascade already stopped"", ""state"": ""NOT_APPLICABLE"", ""value"": ""\u2014""}, {""id"": ""tick"", ""kills"": false, ""reason"": ""cascade already stopped"", ""state"": ""NOT_APPLICABLE"", ""value"": ""\u2014""}, {""id"": ""buyout"", ""kills"": false, ""reason"": ""cascade already stopped"", ""state"": ""NOT_APPLICABLE"", ""value"": ""\u2014""}]",[],"{""above_ema9"": true, ""above_vwap"": true, ""buyout_announced"": false, ""catalyst_source_ok"": true, ""catalyst_today"": false, ""catalyst_verdict"": ""NONE"", ""change_pct"": 6.732348111658459, ""feed_stale"": false, ""float_is_shares_outstanding"": false, ""float_shares"": null, ""float_verified"": false, ""halted"": false, ""in_session_window"": true, ""is_fund_or_etf"": null, ""last"": 0.975, ""live_theme"": false, ""macd_positive_and_above_signal"": true, ""penny_theme"": false, ""premarket_volume"": null, ""prev_close"": null, ""rvol"": 0.9958183787354117, ""session_high"": 1.07, ""session_volume"": 92268.0, ""split_ratio_clean_integer"": null, ""symbol"": ""PMAX"", ""tick_size"": null}",0.9666,0.9211,1.0576,0.0455,2.0,1,0,SUPPRESSED,,,2026-09-24T15:25:35+00:00,29c30d884550,e1fc02d,2026-09-24T08:03:00-04:00,,,0.9666,41.8308,-1.244,1,1,stop,1,2026-09-24T12:03:00Z,0.975,0.91,1.895
87e1fc0d7e40f3f2,2026-09-24T08:07:00-04:00,premarket,PFSA,pullback,ibkr-GRML-GCTK-PFSA,IBKR · TWS read-only · live,live-backfill,1m,4.41,4.2,4.21,4.55,24123542.0,77.34894321330616,115.12195121951221,520000.0,verified,finviz via premarket_stars.py,1,0,WAIT,,1,"[{""id"": ""price"", ""kills"": true, ""reason"": ""$4.41 is outside $2.00\u201320.00."", ""state"": ""PASS"", ""value"": ""$4.41  band $2.00\u201320.00""}, {""id"": ""float"", ""kills"": false, ""reason"": """", ""state"": ""PASS"", ""value"": ""0.5M (verified)""}, {""id"": ""catalyst"", ""kills"": false, ""reason"": """", ""state"": ""PASS"", ""value"": ""news today \u00b7 WEAK""}, {""id"": ""pillars"", ""kills"": true, ""reason"": ""Only 5 of the Five Pillars pass (need 4); missing ."", ""state"": ""PASS"", ""value"": ""5/5""}, {""id"": ""rising"", ""kills"": true, ""reason"": ""3.1% off the high \u2014 back side of the move."", ""state"": ""PASS"", ""value"": ""3.1% off 4.55""}, {""id"": ""split"", ""kills"": false, ""reason"": """", ""state"": ""PASS"", ""value"": ""gap is not arithmetic""}, {""id"": ""instrument"", ""kills"": false, ""reason"": """", ""state"": ""UNKNOWN"", ""value"": ""\u2014""}, {""id"": ""tick"", ""kills"": false, ""reason"": """", ""state"": ""UNKNOWN"", ""value"": ""\u2014""}, {""id"": ""buyout"", ""kills"": true, ""reason"": ""Acquisition announced \u2014 the price is pinned and volatility is gone."", ""state"": ""PASS"", ""value"": ""none""}, {""id"": ""vwap"", ""kills"": false, ""reason"": """", ""state"": ""PASS"", ""value"": ""yes""}, {""id"": ""ema9"", ""kills"": false, ""reason"": """", ""state"": ""PASS"", ""value"": ""yes""}, {""id"": ""macd"", ""kills"": false, ""reason"": """", ""state"": ""FAIL"", ""value"": ""no""}, {""id"": ""tape"", ""kills"": false, ""reason"": ""No tape and no book in this tool."", ""state"": ""MANUAL_CONFIRMATION_REQUIRED"", ""value"": ""your eyes""}]","[""Instrument type unknown \u2014 ADRs are fine, funds are not.""]","{""above_ema9"": true, ""above_vwap"": true, ""buyout_announced"": false, ""catalyst_source_ok"": true, ""catalyst_today"": true, ""catalyst_verdict"": ""WEAK"", ""change_pct"": 115.12195121951221, ""feed_stale"": false, ""float_is_shares_outstanding"": false, ""float_shares"": 520000.0, ""float_verified"": true, ""halted"": false, ""in_session_window"": true, ""is_fund_or_etf"": null, ""last"": 4.41, ""live_theme"": false, ""macd_positive_and_above_signal"": false, ""penny_theme"": false, ""premarket_volume"": null, ""prev_close"": null, ""rvol"": 77.34894321330616, ""session_high"": 4.55, ""session_volume"": 24123542.0, ""split_ratio_clean_integer"": null, ""symbol"": ""PFSA"", ""tick_size"": null}",4.28,3.99,4.86,0.29,2.0,3,1,REFUSED,"[""backfill decision: armed on loaded history, inputs not point-in-time (bar clock: the bar predates the desk's start; a fresh publication time does not make it fresh)"", ""Layer 2 not green: verdict WAIT \u2014 chart gates must all be true at entry""]",2026-09-24T12:07:41+00:00,2026-09-24T12:07:37+00:00,29c30d884550,4cfb953,2026-09-24T08:08:00-04:00,"{""bar_end"": ""2026-09-24T08:08:00-04:00"", ""bar_to_published_s"": -23, ""published"": ""2026-09-24T12:07:37+00:00"", ""published_to_seen_s"": 5, ""quote_ts"": ""2026-09-24T12:07:35+00:00"", ""runner_seen"": ""2026-09-24T12:07:41+00:00""}",,4.28,0.2069,-6.5172,1,0,stop,1,2026-09-24T12:08:00Z,4.34,3.56,2.82
61ffadb297fe1053,2026-09-24T08:10:00-04:00,premarket,SRZN,pullback,ibkr-GRML-GCTK-PFSA,IBKR · TWS read-only · live,live,1m,22.7,22.59,23.0,22.7,331076.0,3.0962589224967325,40.47029702970298,11753558.0,shares_outstanding_proxy,SEC shares outstanding (upper bound),0,0,REJECT,price,0,"[{""id"": ""price"", ""kills"": true, ""reason"": ""$22.70 is outside $2.00\u201320.00."", ""state"": ""FAIL"", ""value"": ""$22.70  band $2.00\u201320.00""}, {""id"": ""float"", ""kills"": false, ""reason"": ""cascade already stopped"", ""state"": ""NOT_APPLICABLE"", ""value"": ""\u2014""}, {""id"": ""catalyst"", ""kills"": false, ""reason"": ""cascade already stopped"", ""state"": ""NOT_APPLICABLE"", ""value"": ""\u2014""}, {""id"": ""pillars"", ""kills"": false, ""reason"": ""cascade already stopped"", ""state"": ""NOT_APPLICABLE"", ""value"": ""\u2014""}, {""id"": ""rising"", ""kills"": false, ""reason"": ""cascade already stopped"", ""state"": ""NOT_APPLICABLE"", ""value"": ""\u2014""}, {""id"": ""split"", ""kills"": false, ""reason"": ""cascade already stopped"", ""state"": ""NOT_APPLICABLE"", ""value"": ""\u2014""}, {""id"": ""instrument"", ""kills"": false, ""reason"": ""cascade already stopped"", ""state"": ""NOT_APPLICABLE"", ""value"": ""\u2014""}, {""id"": ""tick"", ""kills"": false, ""reason"": ""cascade already stopped"", ""state"": ""NOT_APPLICABLE"", ""value"": ""\u2014""}, {""id"": ""buyout"", ""kills"": false, ""reason"": ""cascade already stopped"", ""state"": ""NOT_APPLICABLE"", ""value"": ""\u2014""}]",[],"{""above_ema9"": true, ""above_vwap"": true, ""buyout_announced"": false, ""catalyst_source_ok"": true, ""catalyst_today"": false, ""catalyst_verdict"": ""NONE"", ""change_pct"": 40.47029702970298, ""feed_stale"": false, ""float_is_shares_outstanding"": true, ""float_shares"": 11753558, ""float_verified"": false, ""halted"": false, ""in_session_window"": true, ""is_fund_or_etf"": null, ""last"": 22.7, ""live_theme"": false, ""macd_positive_and_above_signal"": true, ""penny_theme"": false, ""premarket_volume"": null, ""prev_close"": null, ""rvol"": 3.0962589224967325, ""session_high"": 22.7, ""session_volume"": 331076.0, ""split_ratio_clean_integer"": null, ""symbol"": ""SRZN"", ""tick_size"": null}",22.51,22.22,23.09,0.29,2.0,1,0,SUPPRESSED,,,2026-09-24T12:10:13+00:00,29c30d884550,4cfb953,2026-09-24T08:11:00-04:00,,,22.51,46.0345,-0.0345,0,1,target,1,2026-09-24T12:11:00Z,29.89,22.5,32.57
d7e450d8aa925dc0,2026-09-24T08:10:00-04:00,premarket,GRML,pullback,ibkr-GRML-GCTK-PFSA,IBKR · TWS read-only · live,live,1m,12.68,12.66,12.7,15.39,2947316.0,416.52289429055963,13.315460232350308,2870000.0,verified,finviz via premarket_stars.py,1,0,WAIT,,1,"[{""id"": ""price"", ""kills"": true, ""reason"": ""$12.68 is outside $2.00\u201320.00."", ""state"": ""PASS"", ""value"": ""$12.68  band $2.00\u201320.00""}, {""id"": ""float"", ""kills"": false, ""reason"": """", ""state"": ""PASS"", ""value"": ""2.9M (verified)""}, {""id"": ""catalyst"", ""kills"": false, ""reason"": """", ""state"": ""PASS"", ""value"": ""news today \u00b7 WEAK""}, {""id"": ""pillars"", ""kills"": true, ""reason"": ""Only 5 of the Five Pillars pass (need 4); missing ."", ""state"": ""PASS"", ""value"": ""5/5""}, {""id"": ""rising"", ""kills"": true, ""reason"": ""17.6% off the high \u2014 back side of the move."", ""state"": ""PASS"", ""value"": ""17.6% off 15.39""}, {""id"": ""split"", ""kills"": false, ""reason"": """", ""state"": ""PASS"", ""value"": ""gap is not arithmetic""}, {""id"": ""instrument"", ""kills"": false, ""reason"": """", ""state"": ""UNKNOWN"", ""value"": ""\u2014""}, {""id"": ""tick"", ""kills"": false, ""reason"": """", ""state"": ""UNKNOWN"", ""value"": ""\u2014""}, {""id"": ""buyout"", ""kills"": true, ""reason"": ""Acquisition announced \u2014 the price is pinned and volatility is gone."", ""state"": ""PASS"", ""value"": ""none""}, {""id"": ""vwap"", ""kills"": false, ""reason"": """", ""state"": ""FAIL"", ""value"": ""no""}, {""id"": ""ema9"", ""kills"": false, ""reason"": """", ""state"": ""PASS"", ""value"": ""yes""}, {""id"": ""macd"", ""kills"": false, ""reason"": """", ""state"": ""PASS"", ""value"": ""yes""}, {""id"": ""tape"", ""kills"": false, ""reason"": ""No tape and no book in this tool."", ""state"": ""MANUAL_CONFIRMATION_REQUIRED"", ""value"": ""your eyes""}]","[""Instrument type unknown \u2014 ADRs are fine, funds are not.""]","{""above_ema9"": true, ""above_vwap"": false, ""buyout_announced"": false, ""catalyst_source_ok"": true, ""catalyst_today"": true, ""catalyst_verdict"": ""WEAK"", ""change_pct"": 13.315460232350308, ""feed_stale"": false, ""float_is_shares_outstanding"": false, ""float_shares"": 2870000.0, ""float_verified"": true, ""halted"": false, ""in_session_window"": true, ""is_fund_or_etf"": null, ""last"": 12.68, ""live_theme"": false, ""macd_positive_and_above_signal"": true, ""penny_theme"": false, ""premarket_volume"": null, ""prev_close"": null, ""rvol"": 416.52289429055963, ""session_high"": 15.39, ""session_volume"": 2947316.0, ""split_ratio_clean_integer"": null, ""symbol"": ""GRML"", ""tick_size"": null}",12.67,12.59,12.83,0.08,2.0,2,1,REFUSED,"[""Layer 2 not green: verdict WAIT \u2014 chart gates must all be true at entry""]",2026-09-24T12:10:41+00:00,2026-09-24T12:10:41+00:00,29c30d884550,4cfb953,2026-09-24T08:11:00-04:00,"{""bar_end"": ""2026-09-24T08:11:00-04:00"", ""bar_to_published_s"": -19, ""published"": ""2026-09-24T12:10:41+00:00"", ""published_to_seen_s"": 1, ""quote_ts"": ""2026-09-24T12:10:39+00:00"", ""runner_seen"": ""2026-09-24T12:10:41+00:00""}",,12.67,41.625,-6.75,1,1,target,1,2026-09-24T12:11:00Z,13.26,12.65,14.46
9d348aaf61a1c83f,2026-09-24T08:13:00-04:00,premarket,GLND,pullback,ibkr-GRML-PFSA-SKYQ,IBKR · TWS read-only · live,live-backfill,1m,3.0805,,,3.2,2784506.0,0.2732902407553751,5.859106529209601,27470000.0,verified,finviz via premarket_stars.py,1,0,REJECT,pillars,0,"[{""id"": ""price"", ""kills"": true, ""reason"": ""$3.08 is outside $2.00\u201320.00."", ""state"": ""PASS"", ""value"": ""$3.08  band $2.00\u201320.00""}, {""id"": ""float"", ""kills"": false, ""reason"": ""Float 27.5M is over the 20M cap."", ""state"": ""FAIL"", ""value"": ""27.5M""}, {""id"": ""catalyst"", ""kills"": false, ""reason"": """", ""state"": ""PASS"", ""value"": ""news today \u00b7 WEAK""}, {""id"": ""pillars"", ""kills"": true, ""reason"": ""Only 2 of the Five Pillars pass (need 4); missing gain, rvol, float."", ""state"": ""FAIL"", ""value"": ""2/5 \u2014 missing gain, rvol, float""}, {""id"": ""rising"", ""kills"": false, ""reason"": ""cascade already stopped"", ""state"": ""NOT_APPLICABLE"", ""value"": ""\u2014""}, {""id"": ""split"", ""kills"": false, ""reason"": ""cascade already stopped"", ""state"": ""NOT_APPLICABLE"", ""value"": ""\u2014""}, {""id"": ""instrument"", ""kills"": false, ""reason"": ""cascade already stopped"", ""state"": ""NOT_APPLICABLE"", ""value"": ""\u2014""}, {""id"": ""tick"", ""kills"": false, ""reason"": ""cascade already stopped"", ""state"": ""NOT_APPLICABLE"", ""value"": ""\u2014""}, {""id"": ""buyout"", ""kills"": false, ""reason"": ""cascade already stopped"", ""state"": ""NOT_APPLICABLE"", ""value"": ""\u2014""}]","[""Float 27.5M over the 20M cap (A5: flagged, not killed; the pillar count decides).""]","{""above_ema9"": true, ""above_vwap"": true, ""buyout_announced"": false, ""catalyst_source_ok"": true, ""catalyst_today"": true, ""catalyst_verdict"": ""WEAK"", ""change_pct"": 5.859106529209601, ""feed_stale"": false, ""float_is_shares_outstanding"": false, ""float_shares"": 27470000.0, ""float_verified"": true, ""halted"": false, ""in_session_window"": true, ""is_fund_or_etf"": null, ""last"": 3.0805, ""live_theme"": false, ""macd_positive_and_above_signal"": true, ""penny_theme"": false, ""premarket_volume"": null, ""prev_close"": null, ""rvol"": 0.2732902407553751, ""session_high"": 3.2, ""session_volume"": 2784506.0, ""split_ratio_clean_integer"": null, ""symbol"": ""GLND"", ""tick_size"": null}",3.09,3.03,3.21,0.06,2.0,4,1,SUPPRESSED,,,2026-09-24T15:25:35+00:00,29c30d884550,e1fc02d,2026-09-24T08:14:00-04:00,,,3.09,31.8333,-0.6667,0,1,target,1,2026-09-24T12:14:00Z,3.16,3.05,4.4202
ae2a45818832b346,2026-09-24T08:15:00-04:00,premarket,SPHL,pullback,ibkr-GRML-GCTK-PFSA,IBKR · TWS read-only · live,live,1m,2.82,2.8,2.83,6.27,6845638.0,816.6813509729191,22.342733188720153,1240000.0,verified,finviz via premarket_stars.py,0,0,REJECT,rising,0,"[{""id"": ""price"", ""kills"": true, ""reason"": ""$2.82 is outside $2.00\u201320.00."", ""state"": ""PASS"", ""value"": ""$2.82  band $2.00\u201320.00""}, {""id"": ""float"", ""kills"": false, ""reason"": """", ""state"": ""PASS"", ""value"": ""1.2M (verified)""}, {""id"": ""catalyst"", ""kills"": false, ""reason"": ""No catalyst dated today and no live theme it belongs to."", ""state"": ""FAIL"", ""value"": ""none""}, {""id"": ""pillars"", ""kills"": true, ""reason"": ""Only 4 of the Five Pillars pass (need 4); missing catalyst."", ""state"": ""PASS"", ""value"": ""4/5 \u2014 missing catalyst""}, {""id"": ""rising"", ""kills"": true, ""reason"": ""55.0% off the high \u2014 back side of the move."", ""state"": ""FAIL"", ""value"": ""55.0% off 6.27""}, {""id"": ""split"", ""kills"": false, ""reason"": ""cascade already stopped"", ""state"": ""NOT_APPLICABLE"", ""value"": ""\u2014""}, {""id"": ""instrument"", ""kills"": false, ""reason"": ""cascade already stopped"", ""state"": ""NOT_APPLICABLE"", ""value"": ""\u2014""}, {""id"": ""tick"", ""kills"": false, ""reason"": ""cascade already stopped"", ""state"": ""NOT_APPLICABLE"", ""value"": ""\u2014""}, {""id"": ""buyout"", ""kills"": false, ""reason"": ""cascade already stopped"", ""state"": ""NOT_APPLICABLE"", ""value"": ""\u2014""}]","[""No catalyst dated today and no live theme (A2: flagged, not killed; the read-out splits this cohort).""]","{""above_ema9"": true, ""above_vwap"": false, ""buyout_announced"": false, ""catalyst_source_ok"": true, ""catalyst_today"": false, ""catalyst_verdict"": ""NONE"", ""change_pct"": 22.342733188720153, ""feed_stale"": false, ""float_is_shares_outstanding"": false, ""float_shares"": 1240000.0, ""float_verified"": true, ""halted"": false, ""in_session_window"": true, ""is_fund_or_etf"": null, ""last"": 2.82, ""live_theme"": false, ""macd_positive_and_above_signal"": true, ""penny_theme"": false, ""premarket_volume"": null, ""prev_close"": null, ""rvol"": 816.6813509729191, ""session_high"": 6.27, ""session_volume"": 6845638.0, ""split_ratio_clean_integer"": null, ""symbol"": ""SPHL"", ""tick_size"": null}",2.79,2.74,2.89,0.05,2.0,2,0,SUPPRESSED,,,2026-09-24T12:15:53+00:00,29c30d884550,4cfb953,2026-09-24T08:16:00-04:00,,,2.79,17.598,-4.8,1,1,stop,1,2026-09-24T12:16:00Z,2.8111,2.55,2.74
8f377308236d4c0e,2026-09-24T08:19:00-04:00,premarket,SKYQ,pullback,ibkr-GRML-GCTK-PFSA,IBKR · TWS read-only · live,live,1m,2.86,2.87,2.88,3.15,5658958.0,120.37774941501809,12.598425196850393,8010000.0,verified,finviz via premarket_stars.py,1,0,WAIT,,1,"[{""id"": ""price"", ""kills"": true, ""reason"": ""$2.86 is outside $2.00\u201320.00."", ""state"": ""PASS"", ""value"": ""$2.86  band $2.00\u201320.00""}, {""id"": ""float"", ""kills"": false, ""reason"": """", ""state"": ""PASS"", ""value"": ""8.0M (verified)""}, {""id"": ""catalyst"", ""kills"": false, ""reason"": """", ""state"": ""PASS"", ""value"": ""news today \u00b7 WEAK""}, {""id"": ""pillars"", ""kills"": true, ""reason"": ""Only 5 of the Five Pillars pass (need 4); missing ."", ""state"": ""PASS"", ""value"": ""5/5""}, {""id"": ""rising"", ""kills"": true, ""reason"": ""9.2% off the high \u2014 back side of the move."", ""state"": ""PASS"", ""value"": ""9.2% off 3.15""}, {""id"": ""split"", ""kills"": false, ""reason"": """", ""state"": ""PASS"", ""value"": ""gap is not arithmetic""}, {""id"": ""instrument"", ""kills"": false, ""reason"": """", ""state"": ""UNKNOWN"", ""value"": ""\u2014""}, {""id"": ""tick"", ""kills"": false, ""reason"": """", ""state"": ""UNKNOWN"", ""value"": ""\u2014""}, {""id"": ""buyout"", ""kills"": true, ""reason"": ""Acquisition announced \u2014 the price is pinned and volatility is gone."", ""state"": ""PASS"", ""value"": ""none""}, {""id"": ""vwap"", ""kills"": false, ""reason"": """", ""state"": ""FAIL"", ""value"": ""no""}, {""id"": ""ema9"", ""kills"": false, ""reason"": """", ""state"": ""PASS"", ""value"": ""yes""}, {""id"": ""macd"", ""kills"": false, ""reason"": """", ""state"": ""FAIL"", ""value"": ""no""}, {""id"": ""tape"", ""kills"": false, ""reason"": ""No tape and no book in this tool."", ""state"": ""MANUAL_CONFIRMATION_REQUIRED"", ""value"": ""your eyes""}]","[""Instrument type unknown \u2014 ADRs are fine, funds are not.""]","{""above_ema9"": true, ""above_vwap"": false, ""buyout_announced"": false, ""catalyst_source_ok"": true, ""catalyst_today"": true, ""catalyst_verdict"": ""WEAK"", ""change_pct"": 12.598425196850393, ""feed_stale"": false, ""float_is_shares_outstanding"": false, ""float_shares"": 8010000.0, ""float_verified"": true, ""halted"": false, ""in_session_window"": true, ""is_fund_or_etf"": null, ""last"": 2.86, ""live_theme"": false, ""macd_positive_and_above_signal"": false, ""penny_theme"": false, ""premarket_volume"": null, ""prev_close"": null, ""rvol"": 120.37774941501809, ""session_high"": 3.15, ""session_volume"": 5658958.0, ""split_ratio_clean_integer"": null, ""symbol"": ""SKYQ"", ""tick_size"": null}",2.87,2.81,2.99,0.06,2.0,1,0,REFUSED,"[""Layer 2 not green: pullback volume was not lighter than the impulse"", ""Layer 2 not green: verdict WAIT \u2014 chart gates must all be true at entry""]",2026-09-24T12:19:47+00:00,2026-09-24T12:19:42+00:00,29c30d884550,4cfb953,2026-09-24T08:20:00-04:00,"{""bar_end"": ""2026-09-24T08:20:00-04:00"", ""bar_to_published_s"": -18, ""published"": ""2026-09-24T12:19:42+00:00"", ""published_to_seen_s"": 6, ""quote_ts"": ""2026-09-24T12:19:44+00:00"", ""runner_seen"": ""2026-09-24T12:19:47+00:00""}",,2.87,8.1667,-3.1667,1,1,target,1,2026-09-24T12:20:00Z,3.36,2.81,3.1395
79f8aa0f96e19303,2026-09-24T08:20:00-04:00,premarket,PFSA,pullback,ibkr-GRML-GCTK-PFSA,IBKR · TWS read-only · live,live,1m,4.14,4.12,4.14,4.55,26939140.0,4578.371855880354,101.95121951219512,520000.0,verified,finviz via premarket_stars.py,1,0,WAIT,,1,"[{""id"": ""price"", ""kills"": true, ""reason"": ""$4.14 is outside $2.00\u201320.00."", ""state"": ""PASS"", ""value"": ""$4.14  band $2.00\u201320.00""}, {""id"": ""float"", ""kills"": false, ""reason"": """", ""state"": ""PASS"", ""value"": ""0.5M (verified)""}, {""id"": ""catalyst"", ""kills"": false, ""reason"": """", ""state"": ""PASS"", ""value"": ""news today \u00b7 WEAK""}, {""id"": ""pillars"", ""kills"": true, ""reason"": ""Only 5 of the Five Pillars pass (need 4); missing ."", ""state"": ""PASS"", ""value"": ""5/5""}, {""id"": ""rising"", ""kills"": true, ""reason"": ""9.0% off the high \u2014 back side of the move."", ""state"": ""PASS"", ""value"": ""9.0% off 4.55""}, {""id"": ""split"", ""kills"": false, ""reason"": """", ""state"": ""PASS"", ""value"": ""gap is not arithmetic""}, {""id"": ""instrument"", ""kills"": false, ""reason"": """", ""state"": ""UNKNOWN"", ""value"": ""\u2014""}, {""id"": ""tick"", ""kills"": false, ""reason"": """", ""state"": ""UNKNOWN"", ""value"": ""\u2014""}, {""id"": ""buyout"", ""kills"": true, ""reason"": ""Acquisition announced \u2014 the price is pinned and volatility is gone."", ""state"": ""PASS"", ""value"": ""none""}, {""id"": ""vwap"", ""kills"": false, ""reason"": """", ""state"": ""PASS"", ""value"": ""yes""}, {""id"": ""ema9"", ""kills"": false, ""reason"": """", ""state"": ""PASS"", ""value"": ""yes""}, {""id"": ""macd"", ""kills"": false, ""reason"": """", ""state"": ""FAIL"", ""value"": ""no""}, {""id"": ""tape"", ""kills"": false, ""reason"": ""No tape and no book in this tool."", ""state"": ""MANUAL_CONFIRMATION_REQUIRED"", ""value"": ""your eyes""}]","[""Instrument type unknown \u2014 ADRs are fine, funds are not.""]","{""above_ema9"": true, ""above_vwap"": true, ""buyout_announced"": false, ""catalyst_source_ok"": true, ""catalyst_today"": true, ""catalyst_verdict"": ""WEAK"", ""change_pct"": 101.95121951219512, ""feed_stale"": false, ""float_is_shares_outstanding"": false, ""float_shares"": 520000.0, ""float_verified"": true, ""halted"": false, ""in_session_window"": true, ""is_fund_or_etf"": null, ""last"": 4.14, ""live_theme"": false, ""macd_positive_and_above_signal"": false, ""penny_theme"": false, ""premarket_volume"": null, ""prev_close"": null, ""rvol"": 4578.371855880354, ""session_high"": 4.55, ""session_volume"": 26939140.0, ""split_ratio_clean_integer"": null, ""symbol"": ""PFSA"", ""tick_size"": null}",4.13,4.0,4.39,0.13,2.0,2,0,REFUSED,"[""Layer 2 not green: pullback volume was not lighter than the impulse"", ""Layer 2 not green: verdict WAIT \u2014 chart gates must all be true at entry""]",2026-09-24T12:20:12+00:00,2026-09-24T12:20:11+00:00,29c30d884550,4cfb953,2026-09-24T08:21:00-04:00,"{""bar_end"": ""2026-09-24T08:21:00-04:00"", ""bar_to_published_s"": -49, ""published"": ""2026-09-24T12:20:11+00:00"", ""published_to_seen_s"": 2, ""quote_ts"": ""2026-09-24T12:20:10+00:00"", ""runner_seen"": ""2026-09-24T12:20:12+00:00""}",,4.13,1.6154,-13.3846,1,0,stop,1,2026-09-24T12:21:00Z,4.34,3.12,2.82
c002301b91aeb15a,2026-09-24T08:22:00-04:00,premarket,NCPL,pullback,ibkr-GRML-GCTK-PFSA,IBKR · TWS read-only · live,live,1m,1.32,1.31,1.32,1.55,7997525.0,182.29639169382963,26.923076923076916,4380000.0,verified,finviz via premarket_stars.py,0,0,REJECT,price,0,"[{""id"": ""price"", ""kills"": true, ""reason"": ""$1.32 is outside $2.00\u201320.00."", ""state"": ""FAIL"", ""value"": ""$1.32  band $2.00\u201320.00""}, {""id"": ""float"", ""kills"": false, ""reason"": ""cascade already stopped"", ""state"": ""NOT_APPLICABLE"", ""value"": ""\u2014""}, {""id"": ""catalyst"", ""kills"": false, ""reason"": ""cascade already stopped"", ""state"": ""NOT_APPLICABLE"", ""value"": ""\u2014""}, {""id"": ""pillars"", ""kills"": false, ""reason"": ""cascade already stopped"", ""state"": ""NOT_APPLICABLE"", ""value"": ""\u2014""}, {""id"": ""rising"", ""kills"": false, ""reason"": ""cascade already stopped"", ""state"": ""NOT_APPLICABLE"", ""value"": ""\u2014""}, {""id"": ""split"", ""kills"": false, ""reason"": ""cascade already stopped"", ""state"": ""NOT_APPLICABLE"", ""value"": ""\u2014""}, {""id"": ""instrument"", ""kills"": false, ""reason"": ""cascade already stopped"", ""state"": ""NOT_APPLICABLE"", ""value"": ""\u2014""}, {""id"": ""tick"", ""kills"": false, ""reason"": ""cascade already stopped"", ""state"": ""NOT_APPLICABLE"", ""value"": ""\u2014""}, {""id"": ""buyout"", ""kills"": false, ""reason"": ""cascade already stopped"", ""state"": ""NOT_APPLICABLE"", ""value"": ""\u2014""}]",[],"{""above_ema9"": true, ""above_vwap"": true, ""buyout_announced"": false, ""catalyst_source_ok"": true, ""catalyst_today"": false, ""catalyst_verdict"": ""NONE"", ""change_pct"": 26.923076923076916, ""feed_stale"": false, ""float_is_shares_outstanding"": false, ""float_shares"": 4380000.0, ""float_verified"": true, ""halted"": false, ""in_session_window"": true, ""is_fund_or_etf"": null, ""last"": 1.32, ""live_theme"": false, ""macd_positive_and_above_signal"": true, ""penny_theme"": false, ""premarket_volume"": null, ""prev_close"": null, ""rvol"": 182.29639169382963, ""session_high"": 1.55, ""session_volume"": 7997525.0, ""split_ratio_clean_integer"": null, ""symbol"": ""NCPL"", ""tick_size"": null}",1.31,1.28,1.37,0.03,2.0,2,0,SUPPRESSED,,,2026-09-24T12:22:13+00:00,29c30d884550,4cfb953,2026-09-24T08:23:00-04:00,,,1.31,27.6667,-2.6667,1,1,target,1,2026-09-24T12:23:00Z,1.39,1.3,1.31
aff51ad242d7435f,2026-09-24T08:26:00-04:00,premarket,SRZN,pullback,ibkr-GRML-GCTK-PFSA,IBKR · TWS read-only · live,live,1m,25.26,25.19,25.31,25.46,557882.0,5.217373413356214,56.31188118811883,11753558.0,shares_outstanding_proxy,SEC shares outstanding (upper bound),0,0,REJECT,price,0,"[{""id"": ""price"", ""kills"": true, ""reason"": ""$25.26 is outside $2.00\u201320.00."", ""state"": ""FAIL"", ""value"": ""$25.26  band $2.00\u201320.00""}, {""id"": ""float"", ""kills"": false, ""reason"": ""cascade already stopped"", ""state"": ""NOT_APPLICABLE"", ""value"": ""\u2014""}, {""id"": ""catalyst"", ""kills"": false, ""reason"": ""cascade already stopped"", ""state"": ""NOT_APPLICABLE"", ""value"": ""\u2014""}, {""id"": ""pillars"", ""kills"": false, ""reason"": ""cascade already stopped"", ""state"": ""NOT_APPLICABLE"", ""value"": ""\u2014""}, {""id"": ""rising"", ""kills"": false, ""reason"": ""cascade already stopped"", ""state"": ""NOT_APPLICABLE"", ""value"": ""\u2014""}, {""id"": ""split"", ""kills"": false, ""reason"": ""cascade already stopped"", ""state"": ""NOT_APPLICABLE"", ""value"": ""\u2014""}, {""id"": ""instrument"", ""kills"": false, ""reason"": ""cascade already stopped"", ""state"": ""NOT_APPLICABLE"", ""value"": ""\u2014""}, {""id"": ""tick"", ""kills"": false, ""reason"": ""cascade already stopped"", ""state"": ""NOT_APPLICABLE"", ""value"": ""\u2014""}, {""id"": ""buyout"", ""kills"": false, ""reason"": ""cascade already stopped"", ""state"": ""NOT_APPLICABLE"", ""value"": ""\u2014""}]",[],"{""above_ema9"": true, ""above_vwap"": true, ""buyout_announced"": false, ""catalyst_source_ok"": true, ""catalyst_today"": false, ""catalyst_verdict"": ""NONE"", ""change_pct"": 56.31188118811883, ""feed_stale"": false, ""float_is_shares_outstanding"": true, ""float_shares"": 11753558, ""float_verified"": false, ""halted"": false, ""in_session_window"": true, ""is_fund_or_etf"": null, ""last"": 25.26, ""live_theme"": false, ""macd_positive_and_above_signal"": true, ""penny_theme"": false, ""premarket_volume"": null, ""prev_close"": null, ""rvol"": 5.217373413356214, ""session_high"": 25.46, ""session_volume"": 557882.0, ""split_ratio_clean_integer"": null, ""symbol"": ""SRZN"", ""tick_size"": null}",25.26,24.25,27.28,1.01,2.0,2,0,SUPPRESSED,,,2026-09-24T12:26:12+00:00,29c30d884550,4cfb953,2026-09-24T08:27:00-04:00,,,25.26,10.495,-0.2574,0,1,target,1,2026-09-24T12:27:00Z,31.0,25.0,32.57
8315da33492f6420,2026-09-24T08:26:00-04:00,premarket,GCTK,pullback,ibkr-GRML-GCTK-PFSA,IBKR · TWS read-only · live,live,1m,4.29,4.29,4.3,5.05,18688180.0,279.35751976919744,111.33004926108376,640000.0,verified,finviz via premarket_stars.py,1,0,WAIT,,1,"[{""id"": ""price"", ""kills"": true, ""reason"": ""$4.29 is outside $2.00\u201320.00."", ""state"": ""PASS"", ""value"": ""$4.29  band $2.00\u201320.00""}, {""id"": ""float"", ""kills"": false, ""reason"": """", ""state"": ""PASS"", ""value"": ""0.6M (verified)""}, {""id"": ""catalyst"", ""kills"": false, ""reason"": """", ""state"": ""PASS"", ""value"": ""news today \u00b7 WEAK""}, {""id"": ""pillars"", ""kills"": true, ""reason"": ""Only 5 of the Five Pillars pass (need 4); missing ."", ""state"": ""PASS"", ""value"": ""5/5""}, {""id"": ""rising"", ""kills"": true, ""reason"": ""15.0% off the high \u2014 back side of the move."", ""state"": ""PASS"", ""value"": ""15.0% off 5.05""}, {""id"": ""split"", ""kills"": false, ""reason"": """", ""state"": ""PASS"", ""value"": ""gap is not arithmetic""}, {""id"": ""instrument"", ""kills"": false, ""reason"": """", ""state"": ""UNKNOWN"", ""value"": ""\u2014""}, {""id"": ""tick"", ""kills"": false, ""reason"": """", ""state"": ""UNKNOWN"", ""value"": ""\u2014""}, {""id"": ""buyout"", ""kills"": true, ""reason"": ""Acquisition announced \u2014 the price is pinned and volatility is gone."", ""state"": ""PASS"", ""value"": ""none""}, {""id"": ""vwap"", ""kills"": false, ""reason"": """", ""state"": ""FAIL"", ""value"": ""no""}, {""id"": ""ema9"", ""kills"": false, ""reason"": """", ""state"": ""PASS"", ""value"": ""yes""}, {""id"": ""macd"", ""kills"": false, ""reason"": """", ""state"": ""PASS"", ""value"": ""yes""}, {""id"": ""tape"", ""kills"": false, ""reason"": ""No tape and no book in this tool."", ""state"": ""MANUAL_CONFIRMATION_REQUIRED"", ""value"": ""your eyes""}]","[""Instrument type unknown \u2014 ADRs are fine, funds are not.""]","{""above_ema9"": true, ""above_vwap"": false, ""buyout_announced"": false, ""catalyst_source_ok"": true, ""catalyst_today"": true, ""catalyst_verdict"": ""WEAK"", ""change_pct"": 111.33004926108376, ""feed_stale"": false, ""float_is_shares_outstanding"": false, ""float_shares"": 640000.0, ""float_verified"": true, ""halted"": false, ""in_session_window"": true, ""is_fund_or_etf"": null, ""last"": 4.29, ""live_theme"": false, ""macd_positive_and_above_signal"": true, ""penny_theme"": false, ""premarket_volume"": null, ""prev_close"": null, ""rvol"": 279.35751976919744, ""session_high"": 5.05, ""session_volume"": 18688180.0, ""split_ratio_clean_integer"": null, ""symbol"": ""GCTK"", ""tick_size"": null}",4.29,4.13,4.61,0.16,2.0,2,0,REFUSED,"[""Layer 2 not green: pullback volume was not lighter than the impulse"", ""Layer 2 not green: verdict WAIT \u2014 chart gates must all be true at entry""]",2026-09-24T12:26:42+00:00,2026-09-24T12:26:41+00:00,29c30d884550,4cfb953,2026-09-24T08:27:00-04:00,"{""bar_end"": ""2026-09-24T08:27:00-04:00"", ""bar_to_published_s"": -19, ""published"": ""2026-09-24T12:26:41+00:00"", ""published_to_seen_s"": 2, ""quote_ts"": ""2026-09-24T12:26:41+00:00"", ""runner_seen"": ""2026-09-24T12:26:42+00:00""}",,4.29,0.5625,-13.625,1,0,stop,1,2026-09-24T12:27:00Z,4.38,2.2,2.5717
ca80d7f525fe8fe9,2026-09-24T08:35:00-04:00,premarket,GRML,pullback,ibkr-GRML-GCTK-PFSA,IBKR · TWS read-only · live,live,1m,12.95,12.95,12.98,15.39,3207651.0,440.85362836723476,15.728328865058083,2870000.0,verified,finviz via premarket_stars.py,1,0,WAIT,,1,"[{""id"": ""price"", ""kills"": true, ""reason"": ""$12.95 is outside $2.00\u201320.00."", ""state"": ""PASS"", ""value"": ""$12.95  band $2.00\u201320.00""}, {""id"": ""float"", ""kills"": false, ""reason"": """", ""state"": ""PASS"", ""value"": ""2.9M (verified)""}, {""id"": ""catalyst"", ""kills"": false, ""reason"": """", ""state"": ""PASS"", ""value"": ""news today \u00b7 WEAK""}, {""id"": ""pillars"", ""kills"": true, ""reason"": ""Only 5 of the Five Pillars pass (need 4); missing ."", ""state"": ""PASS"", ""value"": ""5/5""}, {""id"": ""rising"", ""kills"": true, ""reason"": ""15.9% off the high \u2014 back side of the move."", ""state"": ""PASS"", ""value"": ""15.9% off 15.39""}, {""id"": ""split"", ""kills"": false, ""reason"": """", ""state"": ""PASS"", ""value"": ""gap is not arithmetic""}, {""id"": ""instrument"", ""kills"": false, ""reason"": """", ""state"": ""UNKNOWN"", ""value"": ""\u2014""}, {""id"": ""tick"", ""kills"": false, ""reason"": """", ""state"": ""UNKNOWN"", ""value"": ""\u2014""}, {""id"": ""buyout"", ""kills"": true, ""reason"": ""Acquisition announced \u2014 the price is pinned and volatility is gone."", ""state"": ""PASS"", ""value"": ""none""}, {""id"": ""vwap"", ""kills"": false, ""reason"": """", ""state"": ""FAIL"", ""value"": ""no""}, {""id"": ""ema9"", ""kills"": false, ""reason"": """", ""state"": ""PASS"", ""value"": ""yes""}, {""id"": ""macd"", ""kills"": false, ""reason"": """", ""state"": ""PASS"", ""value"": ""yes""}, {""id"": ""tape"", ""kills"": false, ""reason"": ""No tape and no book in this tool."", ""state"": ""MANUAL_CONFIRMATION_REQUIRED"", ""value"": ""your eyes""}]","[""Instrument type unknown \u2014 ADRs are fine, funds are not.""]","{""above_ema9"": true, ""above_vwap"": false, ""buyout_announced"": false, ""catalyst_source_ok"": true, ""catalyst_today"": true, ""catalyst_verdict"": ""WEAK"", ""change_pct"": 15.728328865058083, ""feed_stale"": false, ""float_is_shares_outstanding"": false, ""float_shares"": 2870000.0, ""float_verified"": true, ""halted"": false, ""in_session_window"": true, ""is_fund_or_etf"": null, ""last"": 12.95, ""live_theme"": false, ""macd_positive_and_above_signal"": true, ""penny_theme"": false, ""premarket_volume"": null, ""prev_close"": null, ""rvol"": 440.85362836723476, ""session_high"": 15.39, ""session_volume"": 3207651.0, ""split_ratio_clean_integer"": null, ""symbol"": ""GRML"", ""tick_size"": null}",12.99,12.89,13.19,0.1,2.0,2,0,REFUSED,"[""Layer 2 not green: pullback volume was not lighter than the impulse"", ""Layer 2 not green: verdict WAIT \u2014 chart gates must all be true at entry""]",2026-09-24T12:35:58+00:00,2026-09-24T12:35:55+00:00,29c30d884550,4cfb953,2026-09-24T08:36:00-04:00,"{""bar_end"": ""2026-09-24T08:36:00-04:00"", ""bar_to_published_s"": -5, ""published"": ""2026-09-24T12:35:55+00:00"", ""published_to_seen_s"": 4, ""quote_ts"": ""2026-09-24T12:35:57+00:00"", ""runner_seen"": ""2026-09-24T12:35:58+00:00""}",,12.99,30.1,-8.6,1,1,target,1,2026-09-24T12:36:00Z,13.26,12.9,14.46
79534f2e01ec6940,2026-09-24T08:36:00-04:00,premarket,SKYQ,pullback,ibkr-GRML-GCTK-PFSA,IBKR · TWS read-only · live,live,1m,2.91,2.9,2.92,3.15,6261445.0,76.59353631237079,14.566929133858263,8010000.0,verified,finviz via premarket_stars.py,1,0,REVIEW,,1,"[{""id"": ""price"", ""kills"": true, ""reason"": ""$2.91 is outside $2.00\u201320.00."", ""state"": ""PASS"", ""value"": ""$2.91  band $2.00\u201320.00""}, {""id"": ""float"", ""kills"": false, ""reason"": """", ""state"": ""PASS"", ""value"": ""8.0M (verified)""}, {""id"": ""catalyst"", ""kills"": false, ""reason"": """", ""state"": ""PASS"", ""value"": ""news today \u00b7 WEAK""}, {""id"": ""pillars"", ""kills"": true, ""reason"": ""Only 5 of the Five Pillars pass (need 4); missing ."", ""state"": ""PASS"", ""value"": ""5/5""}, {""id"": ""rising"", ""kills"": true, ""reason"": ""7.6% off the high \u2014 back side of the move."", ""state"": ""PASS"", ""value"": ""7.6% off 3.15""}, {""id"": ""split"", ""kills"": false, ""reason"": """", ""state"": ""PASS"", ""value"": ""gap is not arithmetic""}, {""id"": ""instrument"", ""kills"": false, ""reason"": """", ""state"": ""UNKNOWN"", ""value"": ""\u2014""}, {""id"": ""tick"", ""kills"": false, ""reason"": """", ""state"": ""UNKNOWN"", ""value"": ""\u2014""}, {""id"": ""buyout"", ""kills"": true, ""reason"": ""Acquisition announced \u2014 the price is pinned and volatility is gone."", ""state"": ""PASS"", ""value"": ""none""}, {""id"": ""vwap"", ""kills"": false, ""reason"": """", ""state"": ""PASS"", ""value"": ""yes""}, {""id"": ""ema9"", ""kills"": false, ""reason"": """", ""state"": ""PASS"", ""value"": ""yes""}, {""id"": ""macd"", ""kills"": false, ""reason"": """", ""state"": ""PASS"", ""value"": ""yes""}, {""id"": ""tape"", ""kills"": false, ""reason"": ""No tape and no book in this tool."", ""state"": ""MANUAL_CONFIRMATION_REQUIRED"", ""value"": ""your eyes""}]","[""Instrument type unknown \u2014 ADRs are fine, funds are not.""]","{""above_ema9"": true, ""above_vwap"": true, ""buyout_announced"": false, ""catalyst_source_ok"": true, ""catalyst_today"": true, ""catalyst_verdict"": ""WEAK"", ""change_pct"": 14.566929133858263, ""feed_stale"": false, ""float_is_shares_outstanding"": false, ""float_shares"": 8010000.0, ""float_verified"": true, ""halted"": false, ""in_session_window"": true, ""is_fund_or_etf"": null, ""last"": 2.91, ""live_theme"": false, ""macd_positive_and_above_signal"": true, ""penny_theme"": false, ""premarket_volume"": null, ""prev_close"": null, ""rvol"": 76.59353631237079, ""session_high"": 3.15, ""session_volume"": 6261445.0, ""split_ratio_clean_integer"": null, ""symbol"": ""SKYQ"", ""tick_size"": null}",2.91,2.86,3.01,0.05,2.0,2,0,REFUSED,"[""Layer 2 not green: pullback volume was not lighter than the impulse""]",2026-09-24T12:36:33+00:00,2026-09-24T12:36:31+00:00,29c30d884550,4cfb953,2026-09-24T08:37:00-04:00,"{""bar_end"": ""2026-09-24T08:37:00-04:00"", ""bar_to_published_s"": -29, ""published"": ""2026-09-24T12:36:31+00:00"", ""published_to_seen_s"": 3, ""quote_ts"": ""2026-09-24T12:36:31+00:00"", ""runner_seen"": ""2026-09-24T12:36:33+00:00""}",,2.91,9.0,-4.6,1,1,target,1,2026-09-24T12:37:00Z,3.36,2.9,3.1395
ce26bcc37ffcf13a,2026-09-24T08:40:00-04:00,premarket,SRZN,pullback,ibkr-GRML-GCTK-PFSA,IBKR · TWS read-only · live,live,1m,27.37,27.54,27.79,29.89,960865.0,8.986114455789073,69.36881188118814,11753558.0,shares_outstanding_proxy,SEC shares outstanding (upper bound),0,0,REJECT,price,0,"[{""id"": ""price"", ""kills"": true, ""reason"": ""$27.37 is outside $2.00\u201320.00."", ""state"": ""FAIL"", ""value"": ""$27.37  band $2.00\u201320.00""}, {""id"": ""float"", ""kills"": false, ""reason"": ""cascade already stopped"", ""state"": ""NOT_APPLICABLE"", ""value"": ""\u2014""}, {""id"": ""catalyst"", ""kills"": false, ""reason"": ""cascade already stopped"", ""state"": ""NOT_APPLICABLE"", ""value"": ""\u2014""}, {""id"": ""pillars"", ""kills"": false, ""reason"": ""cascade already stopped"", ""state"": ""NOT_APPLICABLE"", ""value"": ""\u2014""}, {""id"": ""rising"", ""kills"": false, ""reason"": ""cascade already stopped"", ""state"": ""NOT_APPLICABLE"", ""value"": ""\u2014""}, {""id"": ""split"", ""kills"": false, ""reason"": ""cascade already stopped"", ""state"": ""NOT_APPLICABLE"", ""value"": ""\u2014""}, {""id"": ""instrument"", ""kills"": false, ""reason"": ""cascade already stopped"", ""state"": ""NOT_APPLICABLE"", ""value"": ""\u2014""}, {""id"": ""tick"", ""kills"": false, ""reason"": ""cascade already stopped"", ""state"": ""NOT_APPLICABLE"", ""value"": ""\u2014""}, {""id"": ""buyout"", ""kills"": false, ""reason"": ""cascade already stopped"", ""state"": ""NOT_APPLICABLE"", ""value"": ""\u2014""}]",[],"{""above_ema9"": true, ""above_vwap"": true, ""buyout_announced"": false, ""catalyst_source_ok"": true, ""catalyst_today"": false, ""catalyst_verdict"": ""NONE"", ""change_pct"": 69.36881188118814, ""feed_stale"": false, ""float_is_shares_outstanding"": true, ""float_shares"": 11753558, ""float_verified"": false, ""halted"": false, ""in_session_window"": true, ""is_fund_or_etf"": null, ""last"": 27.37, ""live_theme"": false, ""macd_positive_and_above_signal"": false, ""penny_theme"": false, ""premarket_volume"": null, ""prev_close"": null, ""rvol"": 8.986114455789073, ""session_high"": 29.89, ""session_volume"": 960865.0, ""split_ratio_clean_integer"": null, ""symbol"": ""SRZN"", ""tick_size"": null}",27.6,26.81,29.18,0.79,2.0,1,1,SUPPRESSED,,,2026-09-24T12:40:12+00:00,29c30d884550,4cfb953,2026-09-24T08:41:00-04:00,,,27.6,10.4557,-0.4304,0,1,target,1,2026-09-24T12:41:00Z,31.05,27.26,32.57
f1d54d0e0eb0ebe2,2026-09-24T08:44:00-04:00,premarket,GCTK,pullback,ibkr-GRML-GCTK-PFSA,IBKR · TWS read-only · live,live,1m,4.12,4.12,4.13,5.05,19582351.0,292.7239039119841,102.95566502463056,640000.0,verified,finviz via premarket_stars.py,1,0,WAIT,,1,"[{""id"": ""price"", ""kills"": true, ""reason"": ""$4.12 is outside $2.00\u201320.00."", ""state"": ""PASS"", ""value"": ""$4.12  band $2.00\u201320.00""}, {""id"": ""float"", ""kills"": false, ""reason"": """", ""state"": ""PASS"", ""value"": ""0.6M (verified)""}, {""id"": ""catalyst"", ""kills"": false, ""reason"": """", ""state"": ""PASS"", ""value"": ""news today \u00b7 WEAK""}, {""id"": ""pillars"", ""kills"": true, ""reason"": ""Only 5 of the Five Pillars pass (need 4); missing ."", ""state"": ""PASS"", ""value"": ""5/5""}, {""id"": ""rising"", ""kills"": true, ""reason"": ""18.4% off the high \u2014 back side of the move."", ""state"": ""PASS"", ""value"": ""18.4% off 5.05""}, {""id"": ""split"", ""kills"": false, ""reason"": """", ""state"": ""PASS"", ""value"": ""gap is not arithmetic""}, {""id"": ""instrument"", ""kills"": false, ""reason"": """", ""state"": ""UNKNOWN"", ""value"": ""\u2014""}, {""id"": ""tick"", ""kills"": false, ""reason"": """", ""state"": ""UNKNOWN"", ""value"": ""\u2014""}, {""id"": ""buyout"", ""kills"": true, ""reason"": ""Acquisition announced \u2014 the price is pinned and volatility is gone."", ""state"": ""PASS"", ""value"": ""none""}, {""id"": ""vwap"", ""kills"": false, ""reason"": """", ""state"": ""FAIL"", ""value"": ""no""}, {""id"": ""ema9"", ""kills"": false, ""reason"": """", ""state"": ""FAIL"", ""value"": ""no""}, {""id"": ""macd"", ""kills"": false, ""reason"": """", ""state"": ""FAIL"", ""value"": ""no""}, {""id"": ""tape"", ""kills"": false, ""reason"": ""No tape and no book in this tool."", ""state"": ""MANUAL_CONFIRMATION_REQUIRED"", ""value"": ""your eyes""}]","[""Instrument type unknown \u2014 ADRs are fine, funds are not.""]","{""above_ema9"": false, ""above_vwap"": false, ""buyout_announced"": false, ""catalyst_source_ok"": true, ""catalyst_today"": true, ""catalyst_verdict"": ""WEAK"", ""change_pct"": 102.95566502463056, ""feed_stale"": false, ""float_is_shares_outstanding"": false, ""float_shares"": 640000.0, ""float_verified"": true, ""halted"": false, ""in_session_window"": true, ""is_fund_or_etf"": null, ""last"": 4.12, ""live_theme"": false, ""macd_positive_and_above_signal"": false, ""penny_theme"": false, ""premarket_volume"": null, ""prev_close"": null, ""rvol"": 292.7239039119841, ""session_high"": 5.05, ""session_volume"": 19582351.0, ""split_ratio_clean_integer"": null, ""symbol"": ""GCTK"", ""tick_size"": null}",4.14,4.08,4.26,0.06,2.0,2,1,REFUSED,"[""Layer 2 not green: verdict WAIT \u2014 chart gates must all be true at entry""]",2026-09-24T12:44:14+00:00,2026-09-24T12:44:11+00:00,29c30d884550,4cfb953,2026-09-24T08:45:00-04:00,"{""bar_end"": ""2026-09-24T08:45:00-04:00"", ""bar_to_published_s"": -49, ""published"": ""2026-09-24T12:44:11+00:00"", ""published_to_seen_s"": 3, ""quote_ts"": ""2026-09-24T12:44:09+00:00"", ""runner_seen"": ""2026-09-24T12:44:14+00:00""}",,4.14,,,0,0,untriggered,0,,4.11,2.11,2.5717
acfb56fd5d4de0cc,2026-09-24T08:48:00-04:00,premarket,SKYQ,pullback,ibkr-GRML-GCTK-PFSA,IBKR · TWS read-only · live,live,1m,3.2,3.19,3.22,3.36,7957895.0,94.76843471633401,25.984251968503933,8010000.0,verified,finviz via premarket_stars.py,1,0,REVIEW,,1,"[{""id"": ""price"", ""kills"": true, ""reason"": ""$3.20 is outside $2.00\u201320.00."", ""state"": ""PASS"", ""value"": ""$3.20  band $2.00\u201320.00""}, {""id"": ""float"", ""kills"": false, ""reason"": """", ""state"": ""PASS"", ""value"": ""8.0M (verified)""}, {""id"": ""catalyst"", ""kills"": false, ""reason"": """", ""state"": ""PASS"", ""value"": ""news today \u00b7 WEAK""}, {""id"": ""pillars"", ""kills"": true, ""reason"": ""Only 5 of the Five Pillars pass (need 4); missing ."", ""state"": ""PASS"", ""value"": ""5/5""}, {""id"": ""rising"", ""kills"": true, ""reason"": ""4.8% off the high \u2014 back side of the move."", ""state"": ""PASS"", ""value"": ""4.8% off 3.36""}, {""id"": ""split"", ""kills"": false, ""reason"": """", ""state"": ""PASS"", ""value"": ""gap is not arithmetic""}, {""id"": ""instrument"", ""kills"": false, ""reason"": """", ""state"": ""UNKNOWN"", ""value"": ""\u2014""}, {""id"": ""tick"", ""kills"": false, ""reason"": """", ""state"": ""UNKNOWN"", ""value"": ""\u2014""}, {""id"": ""buyout"", ""kills"": true, ""reason"": ""Acquisition announced \u2014 the price is pinned and volatility is gone."", ""state"": ""PASS"", ""value"": ""none""}, {""id"": ""vwap"", ""kills"": false, ""reason"": """", ""state"": ""PASS"", ""value"": ""yes""}, {""id"": ""ema9"", ""kills"": false, ""reason"": """", ""state"": ""PASS"", ""value"": ""yes""}, {""id"": ""macd"", ""kills"": false, ""reason"": """", ""state"": ""PASS"", ""value"": ""yes""}, {""id"": ""tape"", ""kills"": false, ""reason"": ""No tape and no book in this tool."", ""state"": ""MANUAL_CONFIRMATION_REQUIRED"", ""value"": ""your eyes""}]","[""Instrument type unknown \u2014 ADRs are fine, funds are not.""]","{""above_ema9"": true, ""above_vwap"": true, ""buyout_announced"": false, ""catalyst_source_ok"": true, ""catalyst_today"": true, ""catalyst_verdict"": ""WEAK"", ""change_pct"": 25.984251968503933, ""feed_stale"": false, ""float_is_shares_outstanding"": false, ""float_shares"": 8010000.0, ""float_verified"": true, ""halted"": false, ""in_session_window"": true, ""is_fund_or_etf"": null, ""last"": 3.2, ""live_theme"": false, ""macd_positive_and_above_signal"": true, ""penny_theme"": false, ""premarket_volume"": null, ""prev_close"": null, ""rvol"": 94.76843471633401, ""session_high"": 3.36, ""session_volume"": 7957895.0, ""split_ratio_clean_integer"": null, ""symbol"": ""SKYQ"", ""tick_size"": null}",3.26,3.15,3.48,0.11,2.0,2,0,REFUSED,"[""Layer 2 not green: pullback volume was not lighter than the impulse""]",2026-09-24T12:48:14+00:00,2026-09-24T12:48:13+00:00,29c30d884550,4cfb953,2026-09-24T08:49:00-04:00,"{""bar_end"": ""2026-09-24T08:49:00-04:00"", ""bar_to_published_s"": -47, ""published"": ""2026-09-24T12:48:13+00:00"", ""published_to_seen_s"": 1, ""quote_ts"": ""2026-09-24T12:48:12+00:00"", ""runner_seen"": ""2026-09-24T12:48:14+00:00""}",,3.26,,,0,0,untriggered,0,,3.2199,2.94,3.1395
5e19d565797161dc,2026-09-24T08:49:00-04:00,premarket,WETO,pullback,ibkr-GRML-GCTK-PFSA,IBKR · TWS read-only · live,live,1m,1.95,1.94,1.95,2.7,12939493.0,69.95190212837272,34.48275862068966,910000.0,verified,finviz via premarket_stars.py,0,0,REJECT,price,0,"[{""id"": ""price"", ""kills"": true, ""reason"": ""$1.95 is outside $2.00\u201320.00."", ""state"": ""FAIL"", ""value"": ""$1.95  band $2.00\u201320.00""}, {""id"": ""float"", ""kills"": false, ""reason"": ""cascade already stopped"", ""state"": ""NOT_APPLICABLE"", ""value"": ""\u2014""}, {""id"": ""catalyst"", ""kills"": false, ""reason"": ""cascade already stopped"", ""state"": ""NOT_APPLICABLE"", ""value"": ""\u2014""}, {""id"": ""pillars"", ""kills"": false, ""reason"": ""cascade already stopped"", ""state"": ""NOT_APPLICABLE"", ""value"": ""\u2014""}, {""id"": ""rising"", ""kills"": false, ""reason"": ""cascade already stopped"", ""state"": ""NOT_APPLICABLE"", ""value"": ""\u2014""}, {""id"": ""split"", ""kills"": false, ""reason"": ""cascade already stopped"", ""state"": ""NOT_APPLICABLE"", ""value"": ""\u2014""}, {""id"": ""instrument"", ""kills"": false, ""reason"": ""cascade already stopped"", ""state"": ""NOT_APPLICABLE"", ""value"": ""\u2014""}, {""id"": ""tick"", ""kills"": false, ""reason"": ""cascade already stopped"", ""state"": ""NOT_APPLICABLE"", ""value"": ""\u2014""}, {""id"": ""buyout"", ""kills"": false, ""reason"": ""cascade already stopped"", ""state"": ""NOT_APPLICABLE"", ""value"": ""\u2014""}]",[],"{""above_ema9"": true, ""above_vwap"": false, ""buyout_announced"": false, ""catalyst_source_ok"": true, ""catalyst_today"": false, ""catalyst_verdict"": ""NONE"", ""change_pct"": 34.48275862068966, ""feed_stale"": false, ""float_is_shares_outstanding"": false, ""float_shares"": 910000.0, ""float_verified"": true, ""halted"": false, ""in_session_window"": true, ""is_fund_or_etf"": null, ""last"": 1.95, ""live_theme"": false, ""macd_positive_and_above_signal"": true, ""penny_theme"": false, ""premarket_volume"": null, ""prev_close"": null, ""rvol"": 69.95190212837272, ""session_high"": 2.7, ""session_volume"": 12939493.0, ""split_ratio_clean_integer"": null, ""symbol"": ""WETO"", ""tick_size"": null}",1.95,1.88,2.09,0.07,2.0,4,1,SUPPRESSED,,,2026-09-24T12:49:52+00:00,29c30d884550,4cfb953,2026-09-24T08:50:00-04:00,,,1.95,3.4286,-3.1429,1,1,stop,1,2026-09-24T12:50:00Z,2.07,1.95,1.8206
7968d38fc9302a06,2026-09-24T08:52:00-04:00,premarket,PFSA,pullback,ibkr-GRML-GCTK-PFSA,IBKR · TWS read-only · live,live,1m,3.37,3.37,3.38,4.55,32392706.0,5505.218558803535,64.39024390243904,520000.0,verified,finviz via premarket_stars.py,1,0,REJECT,rising,0,"[{""id"": ""price"", ""kills"": true, ""reason"": ""$3.37 is outside $2.00\u201320.00."", ""state"": ""PASS"", ""value"": ""$3.37  band $2.00\u201320.00""}, {""id"": ""float"", ""kills"": false, ""reason"": """", ""state"": ""PASS"", ""value"": ""0.5M (verified)""}, {""id"": ""catalyst"", ""kills"": false, ""reason"": """", ""state"": ""PASS"", ""value"": ""news today \u00b7 WEAK""}, {""id"": ""pillars"", ""kills"": true, ""reason"": ""Only 5 of the Five Pillars pass (need 4); missing ."", ""state"": ""PASS"", ""value"": ""5/5""}, {""id"": ""rising"", ""kills"": true, ""reason"": ""25.9% off the high \u2014 back side of the move."", ""state"": ""FAIL"", ""value"": ""25.9% off 4.55""}, {""id"": ""split"", ""kills"": false, ""reason"": ""cascade already stopped"", ""state"": ""NOT_APPLICABLE"", ""value"": ""\u2014""}, {""id"": ""instrument"", ""kills"": false, ""reason"": ""cascade already stopped"", ""state"": ""NOT_APPLICABLE"", ""value"": ""\u2014""}, {""id"": ""tick"", ""kills"": false, ""reason"": ""cascade already stopped"", ""state"": ""NOT_APPLICABLE"", ""value"": ""\u2014""}, {""id"": ""buyout"", ""kills"": false, ""reason"": ""cascade already stopped"", ""state"": ""NOT_APPLICABLE"", ""value"": ""\u2014""}]",[],"{""above_ema9"": true, ""above_vwap"": false, ""buyout_announced"": false, ""catalyst_source_ok"": true, ""catalyst_today"": true, ""catalyst_verdict"": ""WEAK"", ""change_pct"": 64.39024390243904, ""feed_stale"": false, ""float_is_shares_outstanding"": false, ""float_shares"": 520000.0, ""float_verified"": true, ""halted"": false, ""in_session_window"": true, ""is_fund_or_etf"": null, ""last"": 3.37, ""live_theme"": false, ""macd_positive_and_above_signal"": true, ""penny_theme"": false, ""premarket_volume"": null, ""prev_close"": null, ""rvol"": 5505.218558803535, ""session_high"": 4.55, ""session_volume"": 32392706.0, ""split_ratio_clean_integer"": null, ""symbol"": ""PFSA"", ""tick_size"": null}",3.3303,3.26,3.4709,0.0703,2.0,1,1,SUPPRESSED,,,2026-09-24T12:52:11+00:00,29c30d884550,4cfb953,2026-09-24T08:53:00-04:00,,,3.3303,12.0868,-13.3755,1,1,stop,1,2026-09-24T12:53:00Z,3.74,3.2,2.82
5d887ca9d2b4b961,2026-09-24T08:54:00-04:00,premarket,GCTK,pullback,ibkr-GRML-GCTK-PFSA,IBKR · TWS read-only · live,live,1m,2.4,2.39,2.4,5.05,22553648.0,337.13990163983436,18.226600985221687,640000.0,verified,finviz via premarket_stars.py,1,0,REJECT,rising,0,"[{""id"": ""price"", ""kills"": true, ""reason"": ""$2.40 is outside $2.00\u201320.00."", ""state"": ""PASS"", ""value"": ""$2.40  band $2.00\u201320.00""}, {""id"": ""float"", ""kills"": false, ""reason"": """", ""state"": ""PASS"", ""value"": ""0.6M (verified)""}, {""id"": ""catalyst"", ""kills"": false, ""reason"": """", ""state"": ""PASS"", ""value"": ""news today \u00b7 DILUTIVE""}, {""id"": ""pillars"", ""kills"": true, ""reason"": ""Only 5 of the Five Pillars pass (need 4); missing ."", ""state"": ""PASS"", ""value"": ""5/5""}, {""id"": ""rising"", ""kills"": true, ""reason"": ""52.5% off the high \u2014 back side of the move."", ""state"": ""FAIL"", ""value"": ""52.5% off 5.05""}, {""id"": ""split"", ""kills"": false, ""reason"": ""cascade already stopped"", ""state"": ""NOT_APPLICABLE"", ""value"": ""\u2014""}, {""id"": ""instrument"", ""kills"": false, ""reason"": ""cascade already stopped"", ""state"": ""NOT_APPLICABLE"", ""value"": ""\u2014""}, {""id"": ""tick"", ""kills"": false, ""reason"": ""cascade already stopped"", ""state"": ""NOT_APPLICABLE"", ""value"": ""\u2014""}, {""id"": ""buyout"", ""kills"": false, ""reason"": ""cascade already stopped"", ""state"": ""NOT_APPLICABLE"", ""value"": ""\u2014""}]",[],"{""above_ema9"": false, ""above_vwap"": false, ""buyout_announced"": false, ""catalyst_source_ok"": true, ""catalyst_today"": true, ""catalyst_verdict"": ""DILUTIVE"", ""change_pct"": 18.226600985221687, ""feed_stale"": false, ""float_is_shares_outstanding"": false, ""float_shares"": 640000.0, ""float_verified"": true, ""halted"": false, ""in_session_window"": true, ""is_fund_or_etf"": null, ""last"": 2.4, ""live_theme"": false, ""macd_positive_and_above_signal"": false, ""penny_theme"": false, ""premarket_volume"": null, ""prev_close"": null, ""rvol"": 337.13990163983436, ""session_high"": 5.05, ""session_volume"": 22553648.0, ""split_ratio_clean_integer"": null, ""symbol"": ""GCTK"", ""tick_size"": null}",2.41,2.34,2.55,0.07,2.0,4,1,SUPPRESSED,,,2026-09-24T12:54:32+00:00,29c30d884550,4cfb953,2026-09-24T08:55:00-04:00,,,2.41,12.0,-0.8571,0,1,target,1,2026-09-24T13:29:00Z,2.4,2.11,2.5717
8a59fdb31fe3db7e,2026-09-24T08:55:00-04:00,premarket,NCPL,pullback,ibkr-GRML-GCTK-PFSA,IBKR · TWS read-only · live,live,1m,1.3803,1.38,1.39,1.55,8874906.0,193.47531119879662,32.72115384615384,4380000.0,verified,finviz via premarket_stars.py,0,0,REJECT,price,0,"[{""id"": ""price"", ""kills"": true, ""reason"": ""$1.38 is outside $2.00\u201320.00."", ""state"": ""FAIL"", ""value"": ""$1.38  band $2.00\u201320.00""}, {""id"": ""float"", ""kills"": false, ""reason"": ""cascade already stopped"", ""state"": ""NOT_APPLICABLE"", ""value"": ""\u2014""}, {""id"": ""catalyst"", ""kills"": false, ""reason"": ""cascade already stopped"", ""state"": ""NOT_APPLICABLE"", ""value"": ""\u2014""}, {""id"": ""pillars"", ""kills"": false, ""reason"": ""cascade already stopped"", ""state"": ""NOT_APPLICABLE"", ""value"": ""\u2014""}, {""id"": ""rising"", ""kills"": false, ""reason"": ""cascade already stopped"", ""state"": ""NOT_APPLICABLE"", ""value"": ""\u2014""}, {""id"": ""split"", ""kills"": false, ""reason"": ""cascade already stopped"", ""state"": ""NOT_APPLICABLE"", ""value"": ""\u2014""}, {""id"": ""instrument"", ""kills"": false, ""reason"": ""cascade already stopped"", ""state"": ""NOT_APPLICABLE"", ""value"": ""\u2014""}, {""id"": ""tick"", ""kills"": false, ""reason"": ""cascade already stopped"", ""state"": ""NOT_APPLICABLE"", ""value"": ""\u2014""}, {""id"": ""buyout"", ""kills"": false, ""reason"": ""cascade already stopped"", ""state"": ""NOT_APPLICABLE"", ""value"": ""\u2014""}]",[],"{""above_ema9"": true, ""above_vwap"": true, ""buyout_announced"": false, ""catalyst_source_ok"": true, ""catalyst_today"": false, ""catalyst_verdict"": ""NONE"", ""change_pct"": 32.72115384615384, ""feed_stale"": false, ""float_is_shares_outstanding"": false, ""float_shares"": 4380000.0, ""float_verified"": true, ""halted"": false, ""in_session_window"": true, ""is_fund_or_etf"": null, ""last"": 1.3803, ""live_theme"": false, ""macd_positive_and_above_signal"": true, ""penny_theme"": false, ""premarket_volume"": null, ""prev_close"": null, ""rvol"": 193.47531119879662, ""session_high"": 1.55, ""session_volume"": 8874906.0, ""split_ratio_clean_integer"": null, ""symbol"": ""NCPL"", ""tick_size"": null}",1.39,1.35,1.47,0.04,2.0,2,0,SUPPRESSED,,,2026-09-24T12:55:33+00:00,29c30d884550,4cfb953,2026-09-24T08:56:00-04:00,,,1.39,18.75,-4.0,1,1,target,1,2026-09-24T12:56:00Z,2.14,1.36,1.31
8c5d40d244fecc96,2026-09-24T08:59:00-04:00,premarket,SKYQ,pullback,ibkr-GRML-GCTK-PFSA,IBKR · TWS read-only · live,live,1m,3.1522,3.12,3.16,3.36,9083769.0,107.54858989841586,24.102362204724415,8010000.0,verified,finviz via premarket_stars.py,1,0,WAIT,,1,"[{""id"": ""price"", ""kills"": true, ""reason"": ""$3.15 is outside $2.00\u201320.00."", ""state"": ""PASS"", ""value"": ""$3.15  band $2.00\u201320.00""}, {""id"": ""float"", ""kills"": false, ""reason"": """", ""state"": ""PASS"", ""value"": ""8.0M (verified)""}, {""id"": ""catalyst"", ""kills"": false, ""reason"": """", ""state"": ""PASS"", ""value"": ""news today \u00b7 WEAK""}, {""id"": ""pillars"", ""kills"": true, ""reason"": ""Only 5 of the Five Pillars pass (need 4); missing ."", ""state"": ""PASS"", ""value"": ""5/5""}, {""id"": ""rising"", ""kills"": true, ""reason"": ""6.2% off the high \u2014 back side of the move."", ""state"": ""PASS"", ""value"": ""6.2% off 3.36""}, {""id"": ""split"", ""kills"": false, ""reason"": """", ""state"": ""PASS"", ""value"": ""gap is not arithmetic""}, {""id"": ""instrument"", ""kills"": false, ""reason"": """", ""state"": ""UNKNOWN"", ""value"": ""\u2014""}, {""id"": ""tick"", ""kills"": false, ""reason"": """", ""state"": ""UNKNOWN"", ""value"": ""\u2014""}, {""id"": ""buyout"", ""kills"": true, ""reason"": ""Acquisition announced \u2014 the price is pinned and volatility is gone."", ""state"": ""PASS"", ""value"": ""none""}, {""id"": ""vwap"", ""kills"": false, ""reason"": """", ""state"": ""PASS"", ""value"": ""yes""}, {""id"": ""ema9"", ""kills"": false, ""reason"": """", ""state"": ""PASS"", ""value"": ""yes""}, {""id"": ""macd"", ""kills"": false, ""reason"": """", ""state"": ""FAIL"", ""value"": ""no""}, {""id"": ""tape"", ""kills"": false, ""reason"": ""No tape and no book in this tool."", ""state"": ""MANUAL_CONFIRMATION_REQUIRED"", ""value"": ""your eyes""}]","[""Instrument type unknown \u2014 ADRs are fine, funds are not.""]","{""above_ema9"": true, ""above_vwap"": true, ""buyout_announced"": false, ""catalyst_source_ok"": true, ""catalyst_today"": true, ""catalyst_verdict"": ""WEAK"", ""change_pct"": 24.102362204724415, ""feed_stale"": false, ""float_is_shares_outstanding"": false, ""float_shares"": 8010000.0, ""float_verified"": true, ""halted"": false, ""in_session_window"": true, ""is_fund_or_etf"": null, ""last"": 3.1522, ""live_theme"": false, ""macd_positive_and_above_signal"": false, ""penny_theme"": false, ""premarket_volume"": null, ""prev_close"": null, ""rvol"": 107.54858989841586, ""session_high"": 3.36, ""session_volume"": 9083769.0, ""split_ratio_clean_integer"": null, ""symbol"": ""SKYQ"", ""tick_size"": null}",3.15,3.09,3.27,0.06,2.0,2,1,REFUSED,"[""Layer 2 not green: verdict WAIT \u2014 chart gates must all be true at entry""]",2026-09-24T12:59:45+00:00,2026-09-24T12:59:41+00:00,29c30d884550,4cfb953,2026-09-24T09:00:00-04:00,"{""bar_end"": ""2026-09-24T09:00:00-04:00"", ""bar_to_published_s"": -19, ""published"": ""2026-09-24T12:59:41+00:00"", ""published_to_seen_s"": 4, ""quote_ts"": ""2026-09-24T12:59:43+00:00"", ""runner_seen"": ""2026-09-24T12:59:45+00:00""}",,3.15,0.8333,-7.8333,1,0,stop,1,2026-09-24T13:00:00Z,3.17,2.94,3.1395
87326998eb4f822b,2026-09-24T09:00:00-04:00,premarket,SPHL,pullback,ibkr-GRML-GCTK-PFSA,IBKR · TWS read-only · live,live,1m,2.74,2.73,2.79,6.27,7036395.0,839.4385701638171,18.872017353579174,1240000.0,verified,finviz via premarket_stars.py,0,0,REJECT,rising,0,"[{""id"": ""price"", ""kills"": true, ""reason"": ""$2.74 is outside $2.00\u201320.00."", ""state"": ""PASS"", ""value"": ""$2.74  band $2.00\u201320.00""}, {""id"": ""float"", ""kills"": false, ""reason"": """", ""state"": ""PASS"", ""value"": ""1.2M (verified)""}, {""id"": ""catalyst"", ""kills"": false, ""reason"": ""No catalyst dated today and no live theme it belongs to."", ""state"": ""FAIL"", ""value"": ""none""}, {""id"": ""pillars"", ""kills"": true, ""reason"": ""Only 4 of the Five Pillars pass (need 4); missing catalyst."", ""state"": ""PASS"", ""value"": ""4/5 \u2014 missing catalyst""}, {""id"": ""rising"", ""kills"": true, ""reason"": ""56.3% off the high \u2014 back side of the move."", ""state"": ""FAIL"", ""value"": ""56.3% off 6.27""}, {""id"": ""split"", ""kills"": false, ""reason"": ""cascade already stopped"", ""state"": ""NOT_APPLICABLE"", ""value"": ""\u2014""}, {""id"": ""instrument"", ""kills"": false, ""reason"": ""cascade already stopped"", ""state"": ""NOT_APPLICABLE"", ""value"": ""\u2014""}, {""id"": ""tick"", ""kills"": false, ""reason"": ""cascade already stopped"", ""state"": ""NOT_APPLICABLE"", ""value"": ""\u2014""}, {""id"": ""buyout"", ""kills"": false, ""reason"": ""cascade already stopped"", ""state"": ""NOT_APPLICABLE"", ""value"": ""\u2014""}]","[""No catalyst dated today and no live theme (A2: flagged, not killed; the read-out splits this cohort).""]","{""above_ema9"": true, ""above_vwap"": false, ""buyout_announced"": false, ""catalyst_source_ok"": true, ""catalyst_today"": false, ""catalyst_verdict"": ""NONE"", ""change_pct"": 18.872017353579174, ""feed_stale"": false, ""float_is_shares_outstanding"": false, ""float_shares"": 1240000.0, ""float_verified"": true, ""halted"": false, ""in_session_window"": true, ""is_fund_or_etf"": null, ""last"": 2.74, ""live_theme"": false, ""macd_positive_and_above_signal"": true, ""penny_theme"": false, ""premarket_volume"": null, ""prev_close"": null, ""rvol"": 839.4385701638171, ""session_high"": 6.27, ""session_volume"": 7036395.0, ""split_ratio_clean_integer"": null, ""symbol"": ""SPHL"", ""tick_size"": null}",2.73,2.67,2.85,0.06,2.0,1,1,SUPPRESSED,,,2026-09-24T13:01:04+00:00,29c30d884550,4cfb953,2026-09-24T09:01:00-04:00,,,2.73,15.665,-2.0,1,1,target,1,2026-09-24T13:01:00Z,3.1,2.7,2.74
7db13a244e032a11,2026-09-24T09:01:00-04:00,premarket,SRZN,pullback,ibkr-GRML-GCTK-PFSA,IBKR · TWS read-only · live,live,1m,29.89,29.85,29.99,31.0,1449464.0,13.555545683884679,84.96287128712872,11753558.0,shares_outstanding_proxy,SEC shares outstanding (upper bound),0,0,REJECT,price,0,"[{""id"": ""price"", ""kills"": true, ""reason"": ""$29.89 is outside $2.00\u201320.00."", ""state"": ""FAIL"", ""value"": ""$29.89  band $2.00\u201320.00""}, {""id"": ""float"", ""kills"": false, ""reason"": ""cascade already stopped"", ""state"": ""NOT_APPLICABLE"", ""value"": ""\u2014""}, {""id"": ""catalyst"", ""kills"": false, ""reason"": ""cascade already stopped"", ""state"": ""NOT_APPLICABLE"", ""value"": ""\u2014""}, {""id"": ""pillars"", ""kills"": false, ""reason"": ""cascade already stopped"", ""state"": ""NOT_APPLICABLE"", ""value"": ""\u2014""}, {""id"": ""rising"", ""kills"": false, ""reason"": ""cascade already stopped"", ""state"": ""NOT_APPLICABLE"", ""value"": ""\u2014""}, {""id"": ""split"", ""kills"": false, ""reason"": ""cascade already stopped"", ""state"": ""NOT_APPLICABLE"", ""value"": ""\u2014""}, {""id"": ""instrument"", ""kills"": false, ""reason"": ""cascade already stopped"", ""state"": ""NOT_APPLICABLE"", ""value"": ""\u2014""}, {""id"": ""tick"", ""kills"": false, ""reason"": ""cascade already stopped"", ""state"": ""NOT_APPLICABLE"", ""value"": ""\u2014""}, {""id"": ""buyout"", ""kills"": false, ""reason"": ""cascade already stopped"", ""state"": ""NOT_APPLICABLE"", ""value"": ""\u2014""}]",[],"{""above_ema9"": true, ""above_vwap"": true, ""buyout_announced"": false, ""catalyst_source_ok"": true, ""catalyst_today"": false, ""catalyst_verdict"": ""NONE"", ""change_pct"": 84.96287128712872, ""feed_stale"": false, ""float_is_shares_outstanding"": true, ""float_shares"": 11753558, ""float_verified"": false, ""halted"": false, ""in_session_window"": true, ""is_fund_or_etf"": null, ""last"": 29.89, ""live_theme"": false, ""macd_positive_and_above_signal"": false, ""penny_theme"": false, ""premarket_volume"": null, ""prev_close"": null, ""rvol"": 13.555545683884679, ""session_high"": 31.0, ""session_volume"": 1449464.0, ""split_ratio_clean_integer"": null, ""symbol"": ""SRZN"", ""tick_size"": null}",29.88,29.21,31.22,0.67,2.0,1,1,SUPPRESSED,,,2026-09-24T13:02:02+00:00,29c30d884550,4cfb953,2026-09-24T09:02:00-04:00,,,29.88,8.9254,-2.6567,1,1,stop,1,2026-09-24T13:02:00Z,34.64,28.1,32.57
37b1641d4dafd608,2026-09-24T09:04:00-04:00,premarket,PFSA,pullback,ibkr-GRML-GCTK-PFSA,IBKR · TWS read-only · live,live,1m,3.51,3.53,3.54,4.55,33445850.0,5589.212901069519,71.21951219512195,520000.0,verified,finviz via premarket_stars.py,1,0,WAIT,,1,"[{""id"": ""price"", ""kills"": true, ""reason"": ""$3.51 is outside $2.00\u201320.00."", ""state"": ""PASS"", ""value"": ""$3.51  band $2.00\u201320.00""}, {""id"": ""float"", ""kills"": false, ""reason"": """", ""state"": ""PASS"", ""value"": ""0.5M (verified)""}, {""id"": ""catalyst"", ""kills"": false, ""reason"": """", ""state"": ""PASS"", ""value"": ""news today \u00b7 WEAK""}, {""id"": ""pillars"", ""kills"": true, ""reason"": ""Only 5 of the Five Pillars pass (need 4); missing ."", ""state"": ""PASS"", ""value"": ""5/5""}, {""id"": ""rising"", ""kills"": true, ""reason"": ""22.9% off the high \u2014 back side of the move."", ""state"": ""PASS"", ""value"": ""22.9% off 4.55""}, {""id"": ""split"", ""kills"": false, ""reason"": """", ""state"": ""PASS"", ""value"": ""gap is not arithmetic""}, {""id"": ""instrument"", ""kills"": false, ""reason"": """", ""state"": ""UNKNOWN"", ""value"": ""\u2014""}, {""id"": ""tick"", ""kills"": false, ""reason"": """", ""state"": ""UNKNOWN"", ""value"": ""\u2014""}, {""id"": ""buyout"", ""kills"": true, ""reason"": ""Acquisition announced \u2014 the price is pinned and volatility is gone."", ""state"": ""PASS"", ""value"": ""none""}, {""id"": ""vwap"", ""kills"": false, ""reason"": """", ""state"": ""FAIL"", ""value"": ""no""}, {""id"": ""ema9"", ""kills"": false, ""reason"": """", ""state"": ""PASS"", ""value"": ""yes""}, {""id"": ""macd"", ""kills"": false, ""reason"": """", ""state"": ""PASS"", ""value"": ""yes""}, {""id"": ""tape"", ""kills"": false, ""reason"": ""No tape and no book in this tool."", ""state"": ""MANUAL_CONFIRMATION_REQUIRED"", ""value"": ""your eyes""}]","[""Instrument type unknown \u2014 ADRs are fine, funds are not.""]","{""above_ema9"": true, ""above_vwap"": false, ""buyout_announced"": false, ""catalyst_source_ok"": true, ""catalyst_today"": true, ""catalyst_verdict"": ""WEAK"", ""change_pct"": 71.21951219512195, ""feed_stale"": false, ""float_is_shares_outstanding"": false, ""float_shares"": 520000.0, ""float_verified"": true, ""halted"": false, ""in_session_window"": true, ""is_fund_or_etf"": null, ""last"": 3.51, ""live_theme"": false, ""macd_positive_and_above_signal"": true, ""penny_theme"": false, ""premarket_volume"": null, ""prev_close"": null, ""rvol"": 5589.212901069519, ""session_high"": 4.55, ""session_volume"": 33445850.0, ""split_ratio_clean_integer"": null, ""symbol"": ""PFSA"", ""tick_size"": null}",3.49,3.42,3.63,0.07,2.0,1,1,REFUSED,"[""Layer 2 not green: verdict WAIT \u2014 chart gates must all be true at entry""]",2026-09-24T13:04:35+00:00,2026-09-24T13:04:33+00:00,29c30d884550,4cfb953,2026-09-24T09:05:00-04:00,"{""bar_end"": ""2026-09-24T09:05:00-04:00"", ""bar_to_published_s"": -27, ""published"": ""2026-09-24T13:04:33+00:00"", ""published_to_seen_s"": 2, ""quote_ts"": ""2026-09-24T13:04:32+00:00"", ""runner_seen"": ""2026-09-24T13:04:35+00:00""}",,3.49,9.8571,-15.7143,1,1,target,1,2026-09-24T13:05:00Z,4.1299,3.21,2.82
01331a29d2475118,2026-09-24T09:05:00-04:00,premarket,SKYQ,pullback,ibkr-GRML-GCTK-PFSA,IBKR · TWS read-only · live,live,1m,3.07,3.03,3.09,3.36,9426141.0,95.05895462934016,20.86614173228345,8010000.0,verified,finviz via premarket_stars.py,1,0,WAIT,,1,"[{""id"": ""price"", ""kills"": true, ""reason"": ""$3.07 is outside $2.00\u201320.00."", ""state"": ""PASS"", ""value"": ""$3.07  band $2.00\u201320.00""}, {""id"": ""float"", ""kills"": false, ""reason"": """", ""state"": ""PASS"", ""value"": ""8.0M (verified)""}, {""id"": ""catalyst"", ""kills"": false, ""reason"": """", ""state"": ""PASS"", ""value"": ""news today \u00b7 WEAK""}, {""id"": ""pillars"", ""kills"": true, ""reason"": ""Only 5 of the Five Pillars pass (need 4); missing ."", ""state"": ""PASS"", ""value"": ""5/5""}, {""id"": ""rising"", ""kills"": true, ""reason"": ""8.6% off the high \u2014 back side of the move."", ""state"": ""PASS"", ""value"": ""8.6% off 3.36""}, {""id"": ""split"", ""kills"": false, ""reason"": """", ""state"": ""PASS"", ""value"": ""gap is not arithmetic""}, {""id"": ""instrument"", ""kills"": false, ""reason"": """", ""state"": ""UNKNOWN"", ""value"": ""\u2014""}, {""id"": ""tick"", ""kills"": false, ""reason"": """", ""state"": ""UNKNOWN"", ""value"": ""\u2014""}, {""id"": ""buyout"", ""kills"": true, ""reason"": ""Acquisition announced \u2014 the price is pinned and volatility is gone."", ""state"": ""PASS"", ""value"": ""none""}, {""id"": ""vwap"", ""kills"": false, ""reason"": """", ""state"": ""PASS"", ""value"": ""yes""}, {""id"": ""ema9"", ""kills"": false, ""reason"": """", ""state"": ""PASS"", ""value"": ""yes""}, {""id"": ""macd"", ""kills"": false, ""reason"": """", ""state"": ""FAIL"", ""value"": ""no""}, {""id"": ""tape"", ""kills"": false, ""reason"": ""No tape and no book in this tool."", ""state"": ""MANUAL_CONFIRMATION_REQUIRED"", ""value"": ""your eyes""}]","[""Instrument type unknown \u2014 ADRs are fine, funds are not.""]","{""above_ema9"": true, ""above_vwap"": true, ""buyout_announced"": false, ""catalyst_source_ok"": true, ""catalyst_today"": true, ""catalyst_verdict"": ""WEAK"", ""change_pct"": 20.86614173228345, ""feed_stale"": false, ""float_is_shares_outstanding"": false, ""float_shares"": 8010000.0, ""float_verified"": true, ""halted"": false, ""in_session_window"": true, ""is_fund_or_etf"": null, ""last"": 3.07, ""live_theme"": false, ""macd_positive_and_above_signal"": false, ""penny_theme"": false, ""premarket_volume"": null, ""prev_close"": null, ""rvol"": 95.05895462934016, ""session_high"": 3.36, ""session_volume"": 9426141.0, ""split_ratio_clean_integer"": null, ""symbol"": ""SKYQ"", ""tick_size"": null}",3.0495,3.0,3.1485,0.0495,2.0,1,1,REFUSED,"[""Layer 2 not green: verdict WAIT \u2014 chart gates must all be true at entry""]",2026-09-24T13:05:25+00:00,2026-09-24T13:05:22+00:00,29c30d884550,4cfb953,2026-09-24T09:06:00-04:00,"{""bar_end"": ""2026-09-24T09:06:00-04:00"", ""bar_to_published_s"": -38, ""published"": ""2026-09-24T13:05:22+00:00"", ""published_to_seen_s"": 3, ""quote_ts"": ""2026-09-24T13:05:24+00:00"", ""runner_seen"": ""2026-09-24T13:05:25+00:00""}",,3.0495,3.0404,-7.4646,1,1,target,1,2026-09-24T13:06:00Z,3.17,2.7601,3.1395
739475410b41b7c7,2026-09-24T09:06:00-04:00,premarket,GCTK,pullback,ibkr-GRML-GCTK-PFSA,IBKR · TWS read-only · live,live,1m,2.1794,2.17,2.18,5.05,24127673.0,360.6689836614497,7.359605911330047,640000.0,verified,finviz via premarket_stars.py,1,0,REJECT,rising,0,"[{""id"": ""price"", ""kills"": true, ""reason"": ""$2.18 is outside $2.00\u201320.00."", ""state"": ""PASS"", ""value"": ""$2.18  band $2.00\u201320.00""}, {""id"": ""float"", ""kills"": false, ""reason"": """", ""state"": ""PASS"", ""value"": ""0.6M (verified)""}, {""id"": ""catalyst"", ""kills"": false, ""reason"": """", ""state"": ""PASS"", ""value"": ""news today \u00b7 DILUTIVE""}, {""id"": ""pillars"", ""kills"": true, ""reason"": ""Only 4 of the Five Pillars pass (need 4); missing gain."", ""state"": ""PASS"", ""value"": ""4/5 \u2014 missing gain""}, {""id"": ""rising"", ""kills"": true, ""reason"": ""56.8% off the high \u2014 back side of the move."", ""state"": ""FAIL"", ""value"": ""56.8% off 5.05""}, {""id"": ""split"", ""kills"": false, ""reason"": ""cascade already stopped"", ""state"": ""NOT_APPLICABLE"", ""value"": ""\u2014""}, {""id"": ""instrument"", ""kills"": false, ""reason"": ""cascade already stopped"", ""state"": ""NOT_APPLICABLE"", ""value"": ""\u2014""}, {""id"": ""tick"", ""kills"": false, ""reason"": ""cascade already stopped"", ""state"": ""NOT_APPLICABLE"", ""value"": ""\u2014""}, {""id"": ""buyout"", ""kills"": false, ""reason"": ""cascade already stopped"", ""state"": ""NOT_APPLICABLE"", ""value"": ""\u2014""}]",[],"{""above_ema9"": false, ""above_vwap"": false, ""buyout_announced"": false, ""catalyst_source_ok"": true, ""catalyst_today"": true, ""catalyst_verdict"": ""DILUTIVE"", ""change_pct"": 7.359605911330047, ""feed_stale"": false, ""float_is_shares_outstanding"": false, ""float_shares"": 640000.0, ""float_verified"": true, ""halted"": false, ""in_session_window"": true, ""is_fund_or_etf"": null, ""last"": 2.1794, ""live_theme"": false, ""macd_positive_and_above_signal"": true, ""penny_theme"": false, ""premarket_volume"": null, ""prev_close"": null, ""rvol"": 360.6689836614497, ""session_high"": 5.05, ""session_volume"": 24127673.0, ""split_ratio_clean_integer"": null, ""symbol"": ""GCTK"", ""tick_size"": null}",2.17,2.11,2.29,0.06,2.0,3,0,SUPPRESSED,,,2026-09-24T13:06:41+00:00,29c30d884550,4cfb953,2026-09-24T09:07:00-04:00,,,2.17,18.0,0.0,0,1,target,1,2026-09-24T13:07:00Z,2.92,2.17,2.5717
f4d8464127da1bc8,2026-09-24T09:11:00-04:00,premarket,SRZN,pullback,ibkr-GRML-GCTK-PFSA,IBKR · TWS read-only · live,live,1m,29.97,29.91,30.0,31.05,1660884.0,15.53276862180304,85.4579207920792,11753558.0,shares_outstanding_proxy,SEC shares outstanding (upper bound),0,0,REJECT,price,0,"[{""id"": ""price"", ""kills"": true, ""reason"": ""$29.97 is outside $2.00\u201320.00."", ""state"": ""FAIL"", ""value"": ""$29.97  band $2.00\u201320.00""}, {""id"": ""float"", ""kills"": false, ""reason"": ""cascade already stopped"", ""state"": ""NOT_APPLICABLE"", ""value"": ""\u2014""}, {""id"": ""catalyst"", ""kills"": false, ""reason"": ""cascade already stopped"", ""state"": ""NOT_APPLICABLE"", ""value"": ""\u2014""}, {""id"": ""pillars"", ""kills"": false, ""reason"": ""cascade already stopped"", ""state"": ""NOT_APPLICABLE"", ""value"": ""\u2014""}, {""id"": ""rising"", ""kills"": false, ""reason"": ""cascade already stopped"", ""state"": ""NOT_APPLICABLE"", ""value"": ""\u2014""}, {""id"": ""split"", ""kills"": false, ""reason"": ""cascade already stopped"", ""state"": ""NOT_APPLICABLE"", ""value"": ""\u2014""}, {""id"": ""instrument"", ""kills"": false, ""reason"": ""cascade already stopped"", ""state"": ""NOT_APPLICABLE"", ""value"": ""\u2014""}, {""id"": ""tick"", ""kills"": false, ""reason"": ""cascade already stopped"", ""state"": ""NOT_APPLICABLE"", ""value"": ""\u2014""}, {""id"": ""buyout"", ""kills"": false, ""reason"": ""cascade already stopped"", ""state"": ""NOT_APPLICABLE"", ""value"": ""\u2014""}]",[],"{""above_ema9"": true, ""above_vwap"": true, ""buyout_announced"": false, ""catalyst_source_ok"": true, ""catalyst_today"": false, ""catalyst_verdict"": ""NONE"", ""change_pct"": 85.4579207920792, ""feed_stale"": false, ""float_is_shares_outstanding"": true, ""float_shares"": 11753558, ""float_verified"": false, ""halted"": false, ""in_session_window"": true, ""is_fund_or_etf"": null, ""last"": 29.97, ""live_theme"": false, ""macd_positive_and_above_signal"": false, ""penny_theme"": false, ""premarket_volume"": null, ""prev_close"": null, ""rvol"": 15.53276862180304, ""session_high"": 31.05, ""session_volume"": 1660884.0, ""split_ratio_clean_integer"": null, ""symbol"": ""SRZN"", ""tick_size"": null}",30.01,29.37,31.29,0.64,2.0,2,1,SUPPRESSED,,,2026-09-24T13:11:33+00:00,29c30d884550,4cfb953,2026-09-24T09:12:00-04:00,,,30.01,9.1406,-1.4219,1,1,stop,1,2026-09-24T13:17:00Z,35.33,28.1,32.57
954300aa61bd3ced,2026-09-24T09:15:00-04:00,premarket,PMAX,pullback,ibkr-GRML-PFSA-SKYQ,IBKR · TWS read-only · live,live-backfill,1m,1.01,,,1.07,147973.0,1.5970242441216356,10.563765736179542,,unknown,EDGAR has no shares-outstanding figure for this registrant,0,0,REJECT,price,0,"[{""id"": ""price"", ""kills"": true, ""reason"": ""$1.01 is outside $2.00\u201320.00."", ""state"": ""FAIL"", ""value"": ""$1.01  band $2.00\u201320.00""}, {""id"": ""float"", ""kills"": false, ""reason"": ""cascade already stopped"", ""state"": ""NOT_APPLICABLE"", ""value"": ""\u2014""}, {""id"": ""catalyst"", ""kills"": false, ""reason"": ""cascade already stopped"", ""state"": ""NOT_APPLICABLE"", ""value"": ""\u2014""}, {""id"": ""pillars"", ""kills"": false, ""reason"": ""cascade already stopped"", ""state"": ""NOT_APPLICABLE"", ""value"": ""\u2014""}, {""id"": ""rising"", ""kills"": false, ""reason"": ""cascade already stopped"", ""state"": ""NOT_APPLICABLE"", ""value"": ""\u2014""}, {""id"": ""split"", ""kills"": false, ""reason"": ""cascade already stopped"", ""state"": ""NOT_APPLICABLE"", ""value"": ""\u2014""}, {""id"": ""instrument"", ""kills"": false, ""reason"": ""cascade already stopped"", ""state"": ""NOT_APPLICABLE"", ""value"": ""\u2014""}, {""id"": ""tick"", ""kills"": false, ""reason"": ""cascade already stopped"", ""state"": ""NOT_APPLICABLE"", ""value"": ""\u2014""}, {""id"": ""buyout"", ""kills"": false, ""reason"": ""cascade already stopped"", ""state"": ""NOT_APPLICABLE"", ""value"": ""\u2014""}]",[],"{""above_ema9"": true, ""above_vwap"": true, ""buyout_announced"": false, ""catalyst_source_ok"": true, ""catalyst_today"": false, ""catalyst_verdict"": ""NONE"", ""change_pct"": 10.563765736179542, ""feed_stale"": false, ""float_is_shares_outstanding"": false, ""float_shares"": null, ""float_verified"": false, ""halted"": false, ""in_session_window"": true, ""is_fund_or_etf"": null, ""last"": 1.01, ""live_theme"": false, ""macd_positive_and_above_signal"": false, ""penny_theme"": false, ""premarket_volume"": null, ""prev_close"": null, ""rvol"": 1.5970242441216356, ""session_high"": 1.07, ""session_volume"": 147973.0, ""split_ratio_clean_integer"": null, ""symbol"": ""PMAX"", ""tick_size"": null}",0.99,0.97,1.03,0.02,2.0,1,1,SUPPRESSED,,,2026-09-24T15:25:35+00:00,29c30d884550,e1fc02d,2026-09-24T09:16:00-04:00,,,0.99,93.995,-1.6,1,1,stop,1,2026-09-24T13:16:00Z,1.29,0.958,1.895
f6e5227ab381adc9,2026-09-24T09:25:00-04:00,premarket,SRZN,pullback,ibkr-GRML-GCTK-PFSA,IBKR · TWS read-only · live,live,1m,30.15,30.0,30.21,31.2,1941799.0,18.159916392143295,86.57178217821782,11753558.0,shares_outstanding_proxy,SEC shares outstanding (upper bound),0,0,REJECT,price,0,"[{""id"": ""price"", ""kills"": true, ""reason"": ""$30.15 is outside $2.00\u201320.00."", ""state"": ""FAIL"", ""value"": ""$30.15  band $2.00\u201320.00""}, {""id"": ""float"", ""kills"": false, ""reason"": ""cascade already stopped"", ""state"": ""NOT_APPLICABLE"", ""value"": ""\u2014""}, {""id"": ""catalyst"", ""kills"": false, ""reason"": ""cascade already stopped"", ""state"": ""NOT_APPLICABLE"", ""value"": ""\u2014""}, {""id"": ""pillars"", ""kills"": false, ""reason"": ""cascade already stopped"", ""state"": ""NOT_APPLICABLE"", ""value"": ""\u2014""}, {""id"": ""rising"", ""kills"": false, ""reason"": ""cascade already stopped"", ""state"": ""NOT_APPLICABLE"", ""value"": ""\u2014""}, {""id"": ""split"", ""kills"": false, ""reason"": ""cascade already stopped"", ""state"": ""NOT_APPLICABLE"", ""value"": ""\u2014""}, {""id"": ""instrument"", ""kills"": false, ""reason"": ""cascade already stopped"", ""state"": ""NOT_APPLICABLE"", ""value"": ""\u2014""}, {""id"": ""tick"", ""kills"": false, ""reason"": ""cascade already stopped"", ""state"": ""NOT_APPLICABLE"", ""value"": ""\u2014""}, {""id"": ""buyout"", ""kills"": false, ""reason"": ""cascade already stopped"", ""state"": ""NOT_APPLICABLE"", ""value"": ""\u2014""}]",[],"{""above_ema9"": true, ""above_vwap"": true, ""buyout_announced"": false, ""catalyst_source_ok"": true, ""catalyst_today"": false, ""catalyst_verdict"": ""NONE"", ""change_pct"": 86.57178217821782, ""feed_stale"": false, ""float_is_shares_outstanding"": true, ""float_shares"": 11753558, ""float_verified"": false, ""halted"": false, ""in_session_window"": true, ""is_fund_or_etf"": null, ""last"": 30.15, ""live_theme"": false, ""macd_positive_and_above_signal"": true, ""penny_theme"": false, ""premarket_volume"": null, ""prev_close"": null, ""rvol"": 18.159916392143295, ""session_high"": 31.2, ""session_volume"": 1941799.0, ""split_ratio_clean_integer"": null, ""symbol"": ""SRZN"", ""tick_size"": null}",30.17,29.89,30.73,0.28,2.0,3,1,SUPPRESSED,,,2026-09-24T13:25:10+00:00,29c30d884550,4cfb953,2026-09-24T09:26:00-04:00,,,30.17,20.3214,-3.8214,1,1,stop,1,2026-09-24T13:26:00Z,35.86,29.1,32.57
1b092a22a129a1f0,2026-09-24T09:27:00-04:00,premarket,PFSA,pullback,ibkr-GRML-GCTK-PFSA,IBKR · TWS read-only · live,live,1m,3.53,3.51,3.53,4.55,35959882.0,5632.813596491228,72.1951219512195,520000.0,verified,finviz via premarket_stars.py,1,0,WAIT,,1,"[{""id"": ""price"", ""kills"": true, ""reason"": ""$3.53 is outside $2.00\u201320.00."", ""state"": ""PASS"", ""value"": ""$3.53  band $2.00\u201320.00""}, {""id"": ""float"", ""kills"": false, ""reason"": """", ""state"": ""PASS"", ""value"": ""0.5M (verified)""}, {""id"": ""catalyst"", ""kills"": false, ""reason"": """", ""state"": ""PASS"", ""value"": ""news today \u00b7 WEAK""}, {""id"": ""pillars"", ""kills"": true, ""reason"": ""Only 5 of the Five Pillars pass (need 4); missing ."", ""state"": ""PASS"", ""value"": ""5/5""}, {""id"": ""rising"", ""kills"": true, ""reason"": ""22.4% off the high \u2014 back side of the move."", ""state"": ""PASS"", ""value"": ""22.4% off 4.55""}, {""id"": ""split"", ""kills"": false, ""reason"": """", ""state"": ""PASS"", ""value"": ""gap is not arithmetic""}, {""id"": ""instrument"", ""kills"": false, ""reason"": """", ""state"": ""UNKNOWN"", ""value"": ""\u2014""}, {""id"": ""tick"", ""kills"": false, ""reason"": """", ""state"": ""UNKNOWN"", ""value"": ""\u2014""}, {""id"": ""buyout"", ""kills"": true, ""reason"": ""Acquisition announced \u2014 the price is pinned and volatility is gone."", ""state"": ""PASS"", ""value"": ""none""}, {""id"": ""vwap"", ""kills"": false, ""reason"": """", ""state"": ""FAIL"", ""value"": ""no""}, {""id"": ""ema9"", ""kills"": false, ""reason"": """", ""state"": ""PASS"", ""value"": ""yes""}, {""id"": ""macd"", ""kills"": false, ""reason"": """", ""state"": ""FAIL"", ""value"": ""no""}, {""id"": ""tape"", ""kills"": false, ""reason"": ""No tape and no book in this tool."", ""state"": ""MANUAL_CONFIRMATION_REQUIRED"", ""value"": ""your eyes""}]","[""Instrument type unknown \u2014 ADRs are fine, funds are not.""]","{""above_ema9"": true, ""above_vwap"": false, ""buyout_announced"": false, ""catalyst_source_ok"": true, ""catalyst_today"": true, ""catalyst_verdict"": ""WEAK"", ""change_pct"": 72.1951219512195, ""feed_stale"": false, ""float_is_shares_outstanding"": false, ""float_shares"": 520000.0, ""float_verified"": true, ""halted"": false, ""in_session_window"": true, ""is_fund_or_etf"": null, ""last"": 3.53, ""live_theme"": false, ""macd_positive_and_above_signal"": false, ""penny_theme"": false, ""premarket_volume"": null, ""prev_close"": null, ""rvol"": 5632.813596491228, ""session_high"": 4.55, ""session_volume"": 35959882.0, ""split_ratio_clean_integer"": null, ""symbol"": ""PFSA"", ""tick_size"": null}",3.51,3.39,3.75,0.12,2.0,2,1,REFUSED,"[""Layer 2 not green: verdict WAIT \u2014 chart gates must all be true at entry""]",2026-09-24T13:27:46+00:00,2026-09-24T13:27:42+00:00,29c30d884550,4cfb953,2026-09-24T09:28:00-04:00,"{""bar_end"": ""2026-09-24T09:28:00-04:00"", ""bar_to_published_s"": -18, ""published"": ""2026-09-24T13:27:42+00:00"", ""published_to_seen_s"": 5, ""quote_ts"": ""2026-09-24T13:27:44+00:00"", ""runner_seen"": ""2026-09-24T13:27:46+00:00""}",,3.51,5.5833,-9.3333,1,1,stop,1,2026-09-24T13:28:00Z,4.18,3.03,2.82
54bc689bc2dfadfa,2026-09-24T09:32:00-04:00,regular,SPHL,pullback,ibkr-GRML-GCTK-PFSA,IBKR · TWS read-only · live,live,1m,3.0,3.0,3.05,6.27,7379024.0,880.3140465770456,30.151843817787416,1240000.0,verified,finviz via premarket_stars.py,0,0,REJECT,rising,0,"[{""id"": ""price"", ""kills"": true, ""reason"": ""$3.00 is outside $2.00\u201320.00."", ""state"": ""PASS"", ""value"": ""$3.00  band $2.00\u201320.00""}, {""id"": ""float"", ""kills"": false, ""reason"": """", ""state"": ""PASS"", ""value"": ""1.2M (verified)""}, {""id"": ""catalyst"", ""kills"": false, ""reason"": ""No catalyst dated today and no live theme it belongs to."", ""state"": ""FAIL"", ""value"": ""none""}, {""id"": ""pillars"", ""kills"": true, ""reason"": ""Only 4 of the Five Pillars pass (need 4); missing catalyst."", ""state"": ""PASS"", ""value"": ""4/5 \u2014 missing catalyst""}, {""id"": ""rising"", ""kills"": true, ""reason"": ""52.2% off the high \u2014 back side of the move."", ""state"": ""FAIL"", ""value"": ""52.2% off 6.27""}, {""id"": ""split"", ""kills"": false, ""reason"": ""cascade already stopped"", ""state"": ""NOT_APPLICABLE"", ""value"": ""\u2014""}, {""id"": ""instrument"", ""kills"": false, ""reason"": ""cascade already stopped"", ""state"": ""NOT_APPLICABLE"", ""value"": ""\u2014""}, {""id"": ""tick"", ""kills"": false, ""reason"": ""cascade already stopped"", ""state"": ""NOT_APPLICABLE"", ""value"": ""\u2014""}, {""id"": ""buyout"", ""kills"": false, ""reason"": ""cascade already stopped"", ""state"": ""NOT_APPLICABLE"", ""value"": ""\u2014""}]","[""No catalyst dated today and no live theme (A2: flagged, not killed; the read-out splits this cohort).""]","{""above_ema9"": true, ""above_vwap"": false, ""buyout_announced"": false, ""catalyst_source_ok"": true, ""catalyst_today"": false, ""catalyst_verdict"": ""NONE"", ""change_pct"": 30.151843817787416, ""feed_stale"": false, ""float_is_shares_outstanding"": false, ""float_shares"": 1240000.0, ""float_verified"": true, ""halted"": false, ""in_session_window"": true, ""is_fund_or_etf"": null, ""last"": 3.0, ""live_theme"": false, ""macd_positive_and_above_signal"": true, ""penny_theme"": false, ""premarket_volume"": null, ""prev_close"": null, ""rvol"": 880.3140465770456, ""session_high"": 6.27, ""session_volume"": 7379024.0, ""split_ratio_clean_integer"": null, ""symbol"": ""SPHL"", ""tick_size"": null}",3.01,2.9,3.23,0.11,2.0,3,0,SUPPRESSED,,,2026-09-24T13:32:23+00:00,29c30d884550,4cfb953,2026-09-24T09:33:00-04:00,,,3.01,5.9991,-3.6364,1,1,target,1,2026-09-24T13:33:00Z,3.6699,2.61,2.74
b0f7c26670d5f6ef,2026-09-24T09:35:00-04:00,regular,GLND,pullback,ibkr-GRML-PFSA-SKYQ,IBKR · TWS read-only · live,live-backfill,1m,3.3314,,,3.5,7177056.0,0.70440478927135,14.481099656357376,27470000.0,verified,finviz via premarket_stars.py,1,0,REJECT,pillars,0,"[{""id"": ""price"", ""kills"": true, ""reason"": ""$3.33 is outside $2.00\u201320.00."", ""state"": ""PASS"", ""value"": ""$3.33  band $2.00\u201320.00""}, {""id"": ""float"", ""kills"": false, ""reason"": ""Float 27.5M is over the 20M cap."", ""state"": ""FAIL"", ""value"": ""27.5M""}, {""id"": ""catalyst"", ""kills"": false, ""reason"": """", ""state"": ""PASS"", ""value"": ""news today \u00b7 WEAK""}, {""id"": ""pillars"", ""kills"": true, ""reason"": ""Only 3 of the Five Pillars pass (need 4); missing rvol, float."", ""state"": ""FAIL"", ""value"": ""3/5 \u2014 missing rvol, float""}, {""id"": ""rising"", ""kills"": false, ""reason"": ""cascade already stopped"", ""state"": ""NOT_APPLICABLE"", ""value"": ""\u2014""}, {""id"": ""split"", ""kills"": false, ""reason"": ""cascade already stopped"", ""state"": ""NOT_APPLICABLE"", ""value"": ""\u2014""}, {""id"": ""instrument"", ""kills"": false, ""reason"": ""cascade already stopped"", ""state"": ""NOT_APPLICABLE"", ""value"": ""\u2014""}, {""id"": ""tick"", ""kills"": false, ""reason"": ""cascade already stopped"", ""state"": ""NOT_APPLICABLE"", ""value"": ""\u2014""}, {""id"": ""buyout"", ""kills"": false, ""reason"": ""cascade already stopped"", ""state"": ""NOT_APPLICABLE"", ""value"": ""\u2014""}]","[""Float 27.5M over the 20M cap (A5: flagged, not killed; the pillar count decides).""]","{""above_ema9"": true, ""above_vwap"": true, ""buyout_announced"": false, ""catalyst_source_ok"": true, ""catalyst_today"": true, ""catalyst_verdict"": ""WEAK"", ""change_pct"": 14.481099656357376, ""feed_stale"": false, ""float_is_shares_outstanding"": false, ""float_shares"": 27470000.0, ""float_verified"": true, ""halted"": false, ""in_session_window"": true, ""is_fund_or_etf"": null, ""last"": 3.3314, ""live_theme"": false, ""macd_positive_and_above_signal"": true, ""penny_theme"": false, ""premarket_volume"": null, ""prev_close"": null, ""rvol"": 0.70440478927135, ""session_high"": 3.5, ""session_volume"": 7177056.0, ""split_ratio_clean_integer"": null, ""symbol"": ""GLND"", ""tick_size"": null}",3.36,3.29,3.5,0.07,2.0,3,1,SUPPRESSED,,,2026-09-24T15:25:35+00:00,29c30d884550,e1fc02d,2026-09-24T09:36:00-04:00,,,3.36,23.4286,-0.9286,0,1,target,1,2026-09-24T13:36:00Z,4.98,3.295,4.4202
cfd1591fc2ef915c,2026-09-24T09:36:00-04:00,regular,NCPL,pullback,ibkr-GRML-GCTK-PFSA,IBKR · TWS read-only · live,live,1m,1.545,1.54,1.55,2.14,23823086.0,412.3924317961501,48.55769230769229,4380000.0,verified,finviz via premarket_stars.py,0,0,REJECT,price,0,"[{""id"": ""price"", ""kills"": true, ""reason"": ""$1.54 is outside $2.00\u201320.00."", ""state"": ""FAIL"", ""value"": ""$1.54  band $2.00\u201320.00""}, {""id"": ""float"", ""kills"": false, ""reason"": ""cascade already stopped"", ""state"": ""NOT_APPLICABLE"", ""value"": ""\u2014""}, {""id"": ""catalyst"", ""kills"": false, ""reason"": ""cascade already stopped"", ""state"": ""NOT_APPLICABLE"", ""value"": ""\u2014""}, {""id"": ""pillars"", ""kills"": false, ""reason"": ""cascade already stopped"", ""state"": ""NOT_APPLICABLE"", ""value"": ""\u2014""}, {""id"": ""rising"", ""kills"": false, ""reason"": ""cascade already stopped"", ""state"": ""NOT_APPLICABLE"", ""value"": ""\u2014""}, {""id"": ""split"", ""kills"": false, ""reason"": ""cascade already stopped"", ""state"": ""NOT_APPLICABLE"", ""value"": ""\u2014""}, {""id"": ""instrument"", ""kills"": false, ""reason"": ""cascade already stopped"", ""state"": ""NOT_APPLICABLE"", ""value"": ""\u2014""}, {""id"": ""tick"", ""kills"": false, ""reason"": ""cascade already stopped"", ""state"": ""NOT_APPLICABLE"", ""value"": ""\u2014""}, {""id"": ""buyout"", ""kills"": false, ""reason"": ""cascade already stopped"", ""state"": ""NOT_APPLICABLE"", ""value"": ""\u2014""}]",[],"{""above_ema9"": true, ""above_vwap"": false, ""buyout_announced"": false, ""catalyst_source_ok"": true, ""catalyst_today"": false, ""catalyst_verdict"": ""NONE"", ""change_pct"": 48.55769230769229, ""feed_stale"": false, ""float_is_shares_outstanding"": false, ""float_shares"": 4380000.0, ""float_verified"": true, ""halted"": false, ""in_session_window"": true, ""is_fund_or_etf"": null, ""last"": 1.545, ""live_theme"": false, ""macd_positive_and_above_signal"": false, ""penny_theme"": false, ""premarket_volume"": null, ""prev_close"": null, ""rvol"": 412.3924317961501, ""session_high"": 2.14, ""session_volume"": 23823086.0, ""split_ratio_clean_integer"": null, ""symbol"": ""NCPL"", ""tick_size"": null}",1.53,1.41,1.77,0.12,2.0,3,0,SUPPRESSED,,,2026-09-24T13:36:13+00:00,29c30d884550,4cfb953,2026-09-24T09:37:00-04:00,,,1.53,0.8333,-2.5,1,0,stop,1,2026-09-24T13:37:00Z,1.63,1.335,1.31
572b011a8646f317,2026-09-24T09:37:00-04:00,regular,GCTK,pullback,ibkr-GRML-GCTK-PFSA,IBKR · TWS read-only · live,live,1m,2.7901,2.76,2.78,5.05,28807986.0,5430.346088595665,37.44334975369459,640000.0,verified,finviz via premarket_stars.py,1,0,REJECT,rising,0,"[{""id"": ""price"", ""kills"": true, ""reason"": ""$2.79 is outside $2.00\u201320.00."", ""state"": ""PASS"", ""value"": ""$2.79  band $2.00\u201320.00""}, {""id"": ""float"", ""kills"": false, ""reason"": """", ""state"": ""PASS"", ""value"": ""0.6M (verified)""}, {""id"": ""catalyst"", ""kills"": false, ""reason"": """", ""state"": ""PASS"", ""value"": ""news today \u00b7 DILUTIVE""}, {""id"": ""pillars"", ""kills"": true, ""reason"": ""Only 5 of the Five Pillars pass (need 4); missing ."", ""state"": ""PASS"", ""value"": ""5/5""}, {""id"": ""rising"", ""kills"": true, ""reason"": ""44.8% off the high \u2014 back side of the move."", ""state"": ""FAIL"", ""value"": ""44.8% off 5.05""}, {""id"": ""split"", ""kills"": false, ""reason"": ""cascade already stopped"", ""state"": ""NOT_APPLICABLE"", ""value"": ""\u2014""}, {""id"": ""instrument"", ""kills"": false, ""reason"": ""cascade already stopped"", ""state"": ""NOT_APPLICABLE"", ""value"": ""\u2014""}, {""id"": ""tick"", ""kills"": false, ""reason"": ""cascade already stopped"", ""state"": ""NOT_APPLICABLE"", ""value"": ""\u2014""}, {""id"": ""buyout"", ""kills"": false, ""reason"": ""cascade already stopped"", ""state"": ""NOT_APPLICABLE"", ""value"": ""\u2014""}]",[],"{""above_ema9"": true, ""above_vwap"": false, ""buyout_announced"": false, ""catalyst_source_ok"": true, ""catalyst_today"": true, ""catalyst_verdict"": ""DILUTIVE"", ""change_pct"": 37.44334975369459, ""feed_stale"": false, ""float_is_shares_outstanding"": false, ""float_shares"": 640000.0, ""float_verified"": true, ""halted"": false, ""in_session_window"": true, ""is_fund_or_etf"": null, ""last"": 2.7901, ""live_theme"": false, ""macd_positive_and_above_signal"": true, ""penny_theme"": false, ""premarket_volume"": null, ""prev_close"": null, ""rvol"": 5430.346088595665, ""session_high"": 5.05, ""session_volume"": 28807986.0, ""split_ratio_clean_integer"": null, ""symbol"": ""GCTK"", ""tick_size"": null}",2.81,2.59,3.25,0.22,2.0,2,1,SUPPRESSED,,,2026-09-24T13:37:22+00:00,29c30d884550,4cfb953,2026-09-24T09:38:00-04:00,,,2.81,2.0,-1.7273,1,1,target,1,2026-09-24T13:38:00Z,3.25,2.55,2.5717
02dca3b927f65229,2026-09-24T09:38:00-04:00,regular,PFSA,pullback,ibkr-GRML-GCTK-PFSA,IBKR · TWS read-only · live,live,1m,3.8135,3.77,3.79,4.55,43170982.0,3254.012361498455,86.02439024390245,520000.0,verified,finviz via premarket_stars.py,1,0,REVIEW,,1,"[{""id"": ""price"", ""kills"": true, ""reason"": ""$3.81 is outside $2.00\u201320.00."", ""state"": ""PASS"", ""value"": ""$3.81  band $2.00\u201320.00""}, {""id"": ""float"", ""kills"": false, ""reason"": """", ""state"": ""PASS"", ""value"": ""0.5M (verified)""}, {""id"": ""catalyst"", ""kills"": false, ""reason"": """", ""state"": ""PASS"", ""value"": ""news today \u00b7 WEAK""}, {""id"": ""pillars"", ""kills"": true, ""reason"": ""Only 5 of the Five Pillars pass (need 4); missing ."", ""state"": ""PASS"", ""value"": ""5/5""}, {""id"": ""rising"", ""kills"": true, ""reason"": ""16.2% off the high \u2014 back side of the move."", ""state"": ""PASS"", ""value"": ""16.2% off 4.55""}, {""id"": ""split"", ""kills"": false, ""reason"": """", ""state"": ""PASS"", ""value"": ""gap is not arithmetic""}, {""id"": ""instrument"", ""kills"": false, ""reason"": """", ""state"": ""UNKNOWN"", ""value"": ""\u2014""}, {""id"": ""tick"", ""kills"": false, ""reason"": """", ""state"": ""UNKNOWN"", ""value"": ""\u2014""}, {""id"": ""buyout"", ""kills"": true, ""reason"": ""Acquisition announced \u2014 the price is pinned and volatility is gone."", ""state"": ""PASS"", ""value"": ""none""}, {""id"": ""vwap"", ""kills"": false, ""reason"": """", ""state"": ""PASS"", ""value"": ""yes""}, {""id"": ""ema9"", ""kills"": false, ""reason"": """", ""state"": ""PASS"", ""value"": ""yes""}, {""id"": ""macd"", ""kills"": false, ""reason"": """", ""state"": ""PASS"", ""value"": ""yes""}, {""id"": ""tape"", ""kills"": false, ""reason"": ""No tape and no book in this tool."", ""state"": ""MANUAL_CONFIRMATION_REQUIRED"", ""value"": ""your eyes""}]","[""Instrument type unknown \u2014 ADRs are fine, funds are not.""]","{""above_ema9"": true, ""above_vwap"": true, ""buyout_announced"": false, ""catalyst_source_ok"": true, ""catalyst_today"": true, ""catalyst_verdict"": ""WEAK"", ""change_pct"": 86.02439024390245, ""feed_stale"": false, ""float_is_shares_outstanding"": false, ""float_shares"": 520000.0, ""float_verified"": true, ""halted"": false, ""in_session_window"": true, ""is_fund_or_etf"": null, ""last"": 3.8135, ""live_theme"": false, ""macd_positive_and_above_signal"": true, ""penny_theme"": false, ""premarket_volume"": null, ""prev_close"": null, ""rvol"": 3254.012361498455, ""session_high"": 4.55, ""session_volume"": 43170982.0, ""split_ratio_clean_integer"": null, ""symbol"": ""PFSA"", ""tick_size"": null}",3.73,3.49,4.21,0.24,2.0,2,1,TAKEN,[],2026-09-24T13:38:32+00:00,2026-09-24T13:38:31+00:00,29c30d884550,4cfb953,2026-09-24T09:39:00-04:00,"{""bar_end"": ""2026-09-24T09:39:00-04:00"", ""bar_to_published_s"": -29, ""published"": ""2026-09-24T13:38:31+00:00"", ""published_to_seen_s"": 2, ""quote_ts"": ""2026-09-24T13:38:31+00:00"", ""runner_seen"": ""2026-09-24T13:38:32+00:00""}",,3.73,1.0,-5.5833,1,0,stop,1,2026-09-24T13:39:00Z,3.97,2.81,2.82
cc7c5f4fd204614f,2026-09-24T09:39:00-04:00,regular,GRML,pullback,ibkr-GRML-GCTK-PFSA,IBKR · TWS read-only · live,live,1m,12.94,12.88,12.93,15.39,4874612.0,114.67246935942977,15.638963360142988,2870000.0,verified,finviz via premarket_stars.py,1,0,WAIT,,1,"[{""id"": ""price"", ""kills"": true, ""reason"": ""$12.94 is outside $2.00\u201320.00."", ""state"": ""PASS"", ""value"": ""$12.94  band $2.00\u201320.00""}, {""id"": ""float"", ""kills"": false, ""reason"": """", ""state"": ""PASS"", ""value"": ""2.9M (verified)""}, {""id"": ""catalyst"", ""kills"": false, ""reason"": """", ""state"": ""PASS"", ""value"": ""news today \u00b7 WEAK""}, {""id"": ""pillars"", ""kills"": true, ""reason"": ""Only 5 of the Five Pillars pass (need 4); missing ."", ""state"": ""PASS"", ""value"": ""5/5""}, {""id"": ""rising"", ""kills"": true, ""reason"": ""15.9% off the high \u2014 back side of the move."", ""state"": ""PASS"", ""value"": ""15.9% off 15.39""}, {""id"": ""split"", ""kills"": false, ""reason"": """", ""state"": ""PASS"", ""value"": ""gap is not arithmetic""}, {""id"": ""instrument"", ""kills"": false, ""reason"": """", ""state"": ""UNKNOWN"", ""value"": ""\u2014""}, {""id"": ""tick"", ""kills"": false, ""reason"": """", ""state"": ""UNKNOWN"", ""value"": ""\u2014""}, {""id"": ""buyout"", ""kills"": true, ""reason"": ""Acquisition announced \u2014 the price is pinned and volatility is gone."", ""state"": ""PASS"", ""value"": ""none""}, {""id"": ""vwap"", ""kills"": false, ""reason"": """", ""state"": ""FAIL"", ""value"": ""no""}, {""id"": ""ema9"", ""kills"": false, ""reason"": """", ""state"": ""PASS"", ""value"": ""yes""}, {""id"": ""macd"", ""kills"": false, ""reason"": """", ""state"": ""PASS"", ""value"": ""yes""}, {""id"": ""tape"", ""kills"": false, ""reason"": ""No tape and no book in this tool."", ""state"": ""MANUAL_CONFIRMATION_REQUIRED"", ""value"": ""your eyes""}]","[""Instrument type unknown \u2014 ADRs are fine, funds are not.""]","{""above_ema9"": true, ""above_vwap"": false, ""buyout_announced"": false, ""catalyst_source_ok"": true, ""catalyst_today"": true, ""catalyst_verdict"": ""WEAK"", ""change_pct"": 15.638963360142988, ""feed_stale"": false, ""float_is_shares_outstanding"": false, ""float_shares"": 2870000.0, ""float_verified"": true, ""halted"": false, ""in_session_window"": true, ""is_fund_or_etf"": null, ""last"": 12.94, ""live_theme"": false, ""macd_positive_and_above_signal"": true, ""penny_theme"": false, ""premarket_volume"": null, ""prev_close"": null, ""rvol"": 114.67246935942977, ""session_high"": 15.39, ""session_volume"": 4874612.0, ""split_ratio_clean_integer"": null, ""symbol"": ""GRML"", ""tick_size"": null}",12.94,12.74,13.34,0.2,2.0,1,1,REFUSED,"[""one position at a time (preregistration \u00a72): 1 order(s) alive or unresolved"", ""Layer 2 not green: verdict WAIT \u2014 chart gates must all be true at entry""]",2026-09-24T13:39:35+00:00,2026-09-24T13:39:33+00:00,29c30d884550,4cfb953,2026-09-24T09:40:00-04:00,"{""bar_end"": ""2026-09-24T09:40:00-04:00"", ""bar_to_published_s"": -27, ""published"": ""2026-09-24T13:39:33+00:00"", ""published_to_seen_s"": 3, ""quote_ts"": ""2026-09-24T13:39:33+00:00"", ""runner_seen"": ""2026-09-24T13:39:35+00:00""}",,12.94,15.3,-0.65,0,1,target,1,2026-09-24T13:40:00Z,14.81,12.81,14.46
8917f432bac4669f,2026-09-24T09:43:00-04:00,regular,GLND,pullback,ibkr-GRML-PFSA-SKYQ,IBKR · TWS read-only · live,live-backfill,1m,3.72,,,3.72,11385592.0,1.1174589599815814,27.835051546391743,27470000.0,verified,finviz via premarket_stars.py,1,0,REJECT,pillars,0,"[{""id"": ""price"", ""kills"": true, ""reason"": ""$3.72 is outside $2.00\u201320.00."", ""state"": ""PASS"", ""value"": ""$3.72  band $2.00\u201320.00""}, {""id"": ""float"", ""kills"": false, ""reason"": ""Float 27.5M is over the 20M cap."", ""state"": ""FAIL"", ""value"": ""27.5M""}, {""id"": ""catalyst"", ""kills"": false, ""reason"": """", ""state"": ""PASS"", ""value"": ""news today \u00b7 WEAK""}, {""id"": ""pillars"", ""kills"": true, ""reason"": ""Only 3 of the Five Pillars pass (need 4); missing rvol, float."", ""state"": ""FAIL"", ""value"": ""3/5 \u2014 missing rvol, float""}, {""id"": ""rising"", ""kills"": false, ""reason"": ""cascade already stopped"", ""state"": ""NOT_APPLICABLE"", ""value"": ""\u2014""}, {""id"": ""split"", ""kills"": false, ""reason"": ""cascade already stopped"", ""state"": ""NOT_APPLICABLE"", ""value"": ""\u2014""}, {""id"": ""instrument"", ""kills"": false, ""reason"": ""cascade already stopped"", ""state"": ""NOT_APPLICABLE"", ""value"": ""\u2014""}, {""id"": ""tick"", ""kills"": false, ""reason"": ""cascade already stopped"", ""state"": ""NOT_APPLICABLE"", ""value"": ""\u2014""}, {""id"": ""buyout"", ""kills"": false, ""reason"": ""cascade already stopped"", ""state"": ""NOT_APPLICABLE"", ""value"": ""\u2014""}]","[""Float 27.5M over the 20M cap (A5: flagged, not killed; the pillar count decides).""]","{""above_ema9"": true, ""above_vwap"": true, ""buyout_announced"": false, ""catalyst_source_ok"": true, ""catalyst_today"": true, ""catalyst_verdict"": ""WEAK"", ""change_pct"": 27.835051546391743, ""feed_stale"": false, ""float_is_shares_outstanding"": false, ""float_shares"": 27470000.0, ""float_verified"": true, ""halted"": false, ""in_session_window"": true, ""is_fund_or_etf"": null, ""last"": 3.72, ""live_theme"": false, ""macd_positive_and_above_signal"": true, ""penny_theme"": false, ""premarket_volume"": null, ""prev_close"": null, ""rvol"": 1.1174589599815814, ""session_high"": 3.72, ""session_volume"": 11385592.0, ""split_ratio_clean_integer"": null, ""symbol"": ""GLND"", ""tick_size"": null}",3.6799,3.59,3.8597,0.0899,2.0,1,1,SUPPRESSED,,,2026-09-24T15:25:35+00:00,29c30d884550,e1fc02d,2026-09-24T09:44:00-04:00,,,3.6799,14.6841,0.2236,0,1,target,1,2026-09-24T13:44:00Z,5.0,3.7,4.4202
38711eff55dbe791,2026-09-24T09:48:00-04:00,regular,GCTK,pullback,ibkr-GRML-GCTK-PFSA,IBKR · TWS read-only · live,live,1m,3.0201,2.97,2.99,5.05,33892824.0,4409.68306010929,48.77339901477833,640000.0,verified,finviz via premarket_stars.py,1,0,REJECT,rising,0,"[{""id"": ""price"", ""kills"": true, ""reason"": ""$3.02 is outside $2.00\u201320.00."", ""state"": ""PASS"", ""value"": ""$3.02  band $2.00\u201320.00""}, {""id"": ""float"", ""kills"": false, ""reason"": """", ""state"": ""PASS"", ""value"": ""0.6M (verified)""}, {""id"": ""catalyst"", ""kills"": false, ""reason"": """", ""state"": ""PASS"", ""value"": ""news today \u00b7 DILUTIVE""}, {""id"": ""pillars"", ""kills"": true, ""reason"": ""Only 5 of the Five Pillars pass (need 4); missing ."", ""state"": ""PASS"", ""value"": ""5/5""}, {""id"": ""rising"", ""kills"": true, ""reason"": ""40.2% off the high \u2014 back side of the move."", ""state"": ""FAIL"", ""value"": ""40.2% off 5.05""}, {""id"": ""split"", ""kills"": false, ""reason"": ""cascade already stopped"", ""state"": ""NOT_APPLICABLE"", ""value"": ""\u2014""}, {""id"": ""instrument"", ""kills"": false, ""reason"": ""cascade already stopped"", ""state"": ""NOT_APPLICABLE"", ""value"": ""\u2014""}, {""id"": ""tick"", ""kills"": false, ""reason"": ""cascade already stopped"", ""state"": ""NOT_APPLICABLE"", ""value"": ""\u2014""}, {""id"": ""buyout"", ""kills"": false, ""reason"": ""cascade already stopped"", ""state"": ""NOT_APPLICABLE"", ""value"": ""\u2014""}]",[],"{""above_ema9"": true, ""above_vwap"": false, ""buyout_announced"": false, ""catalyst_source_ok"": true, ""catalyst_today"": true, ""catalyst_verdict"": ""DILUTIVE"", ""change_pct"": 48.77339901477833, ""feed_stale"": false, ""float_is_shares_outstanding"": false, ""float_shares"": 640000.0, ""float_verified"": true, ""halted"": false, ""in_session_window"": true, ""is_fund_or_etf"": null, ""last"": 3.0201, ""live_theme"": false, ""macd_positive_and_above_signal"": false, ""penny_theme"": false, ""premarket_volume"": null, ""prev_close"": null, ""rvol"": 4409.68306010929, ""session_high"": 5.05, ""session_volume"": 33892824.0, ""split_ratio_clean_integer"": null, ""symbol"": ""GCTK"", ""tick_size"": null}",3.05,2.74,3.67,0.31,2.0,1,0,SUPPRESSED,,,2026-09-24T13:48:31+00:00,29c30d884550,4cfb953,2026-09-24T09:49:00-04:00,,,3.05,0.129,-2.0,1,0,stop,1,2026-09-24T13:53:00Z,3.09,2.43,2.5717
72e5fd980919263e,2026-09-24T09:49:00-04:00,regular,SPHL,pullback,ibkr-GRML-GCTK-PFSA,IBKR · TWS read-only · live,live,1m,2.78,2.76,2.78,6.27,8915810.0,1063.6518839906319,20.607375271149664,1240000.0,verified,finviz via premarket_stars.py,0,0,REJECT,rising,0,"[{""id"": ""price"", ""kills"": true, ""reason"": ""$2.78 is outside $2.00\u201320.00."", ""state"": ""PASS"", ""value"": ""$2.78  band $2.00\u201320.00""}, {""id"": ""float"", ""kills"": false, ""reason"": """", ""state"": ""PASS"", ""value"": ""1.2M (verified)""}, {""id"": ""catalyst"", ""kills"": false, ""reason"": ""No catalyst dated today and no live theme it belongs to."", ""state"": ""FAIL"", ""value"": ""none""}, {""id"": ""pillars"", ""kills"": true, ""reason"": ""Only 4 of the Five Pillars pass (need 4); missing catalyst."", ""state"": ""PASS"", ""value"": ""4/5 \u2014 missing catalyst""}, {""id"": ""rising"", ""kills"": true, ""reason"": ""55.7% off the high \u2014 back side of the move."", ""state"": ""FAIL"", ""value"": ""55.7% off 6.27""}, {""id"": ""split"", ""kills"": false, ""reason"": ""cascade already stopped"", ""state"": ""NOT_APPLICABLE"", ""value"": ""\u2014""}, {""id"": ""instrument"", ""kills"": false, ""reason"": ""cascade already stopped"", ""state"": ""NOT_APPLICABLE"", ""value"": ""\u2014""}, {""id"": ""tick"", ""kills"": false, ""reason"": ""cascade already stopped"", ""state"": ""NOT_APPLICABLE"", ""value"": ""\u2014""}, {""id"": ""buyout"", ""kills"": false, ""reason"": ""cascade already stopped"", ""state"": ""NOT_APPLICABLE"", ""value"": ""\u2014""}]","[""No catalyst dated today and no live theme (A2: flagged, not killed; the read-out splits this cohort).""]","{""above_ema9"": false, ""above_vwap"": false, ""buyout_announced"": false, ""catalyst_source_ok"": true, ""catalyst_today"": false, ""catalyst_verdict"": ""NONE"", ""change_pct"": 20.607375271149664, ""feed_stale"": false, ""float_is_shares_outstanding"": false, ""float_shares"": 1240000.0, ""float_verified"": true, ""halted"": false, ""in_session_window"": true, ""is_fund_or_etf"": null, ""last"": 2.78, ""live_theme"": false, ""macd_positive_and_above_signal"": false, ""penny_theme"": false, ""premarket_volume"": null, ""prev_close"": null, ""rvol"": 1063.6518839906319, ""session_high"": 6.27, ""session_volume"": 8915810.0, ""split_ratio_clean_integer"": null, ""symbol"": ""SPHL"", ""tick_size"": null}",2.795,2.72,2.945,0.075,2.0,1,1,SUPPRESSED,,,2026-09-24T13:49:23+00:00,29c30d884550,4cfb953,2026-09-24T09:50:00-04:00,,,2.795,2.0667,-1.4,1,1,stop,1,2026-09-24T14:05:00Z,2.95,2.61,2.74
970fa6c84cbdd51a,2026-09-24T09:49:00-04:00,regular,WETO,pullback,ibkr-GRML-GCTK-PFSA,IBKR · TWS read-only · live,live,1m,2.0,1.99,2.01,2.7,16714702.0,38.08898145763878,37.93103448275863,910000.0,verified,finviz via premarket_stars.py,0,0,REJECT,rising,0,"[{""id"": ""price"", ""kills"": true, ""reason"": ""$2.00 is outside $2.00\u201320.00."", ""state"": ""PASS"", ""value"": ""$2.00  band $2.00\u201320.00""}, {""id"": ""float"", ""kills"": false, ""reason"": """", ""state"": ""PASS"", ""value"": ""0.9M (verified)""}, {""id"": ""catalyst"", ""kills"": false, ""reason"": ""No catalyst dated today and no live theme it belongs to."", ""state"": ""FAIL"", ""value"": ""none""}, {""id"": ""pillars"", ""kills"": true, ""reason"": ""Only 4 of the Five Pillars pass (need 4); missing catalyst."", ""state"": ""PASS"", ""value"": ""4/5 \u2014 missing catalyst""}, {""id"": ""rising"", ""kills"": true, ""reason"": ""25.9% off the high \u2014 back side of the move."", ""state"": ""FAIL"", ""value"": ""25.9% off 2.70""}, {""id"": ""split"", ""kills"": false, ""reason"": ""cascade already stopped"", ""state"": ""NOT_APPLICABLE"", ""value"": ""\u2014""}, {""id"": ""instrument"", ""kills"": false, ""reason"": ""cascade already stopped"", ""state"": ""NOT_APPLICABLE"", ""value"": ""\u2014""}, {""id"": ""tick"", ""kills"": false, ""reason"": ""cascade already stopped"", ""state"": ""NOT_APPLICABLE"", ""value"": ""\u2014""}, {""id"": ""buyout"", ""kills"": false, ""reason"": ""cascade already stopped"", ""state"": ""NOT_APPLICABLE"", ""value"": ""\u2014""}]","[""No catalyst dated today and no live theme (A2: flagged, not killed; the read-out splits this cohort).""]","{""above_ema9"": true, ""above_vwap"": false, ""buyout_announced"": false, ""catalyst_source_ok"": true, ""catalyst_today"": false, ""catalyst_verdict"": ""NONE"", ""change_pct"": 37.93103448275863, ""feed_stale"": false, ""float_is_shares_outstanding"": false, ""float_shares"": 910000.0, ""float_verified"": true, ""halted"": false, ""in_session_window"": true, ""is_fund_or_etf"": null, ""last"": 2.0, ""live_theme"": false, ""macd_positive_and_above_signal"": false, ""penny_theme"": false, ""premarket_volume"": null, ""prev_close"": null, ""rvol"": 38.08898145763878, ""session_high"": 2.7, ""session_volume"": 16714702.0, ""split_ratio_clean_integer"": null, ""symbol"": ""WETO"", ""tick_size"": null}",1.99,1.941,2.088,0.049,2.0,2,1,SUPPRESSED,,,2026-09-24T13:49:42+00:00,29c30d884550,4cfb953,2026-09-24T09:50:00-04:00,,,1.99,2.2449,-5.3061,1,1,target,1,2026-09-24T13:50:00Z,2.1,1.73,1.8206
9aefcb8c986381cd,2026-09-24T09:52:00-04:00,regular,GRML,pullback,ibkr-GRML-GCTK-PFSA,IBKR · TWS read-only · live,live,1m,13.76,13.71,13.8,15.39,7081910.0,101.89945179067325,22.966934763181413,2870000.0,verified,finviz via premarket_stars.py,1,0,REVIEW,,1,"[{""id"": ""price"", ""kills"": true, ""reason"": ""$13.76 is outside $2.00\u201320.00."", ""state"": ""PASS"", ""value"": ""$13.76  band $2.00\u201320.00""}, {""id"": ""float"", ""kills"": false, ""reason"": """", ""state"": ""PASS"", ""value"": ""2.9M (verified)""}, {""id"": ""catalyst"", ""kills"": false, ""reason"": """", ""state"": ""PASS"", ""value"": ""news today \u00b7 WEAK""}, {""id"": ""pillars"", ""kills"": true, ""reason"": ""Only 5 of the Five Pillars pass (need 4); missing ."", ""state"": ""PASS"", ""value"": ""5/5""}, {""id"": ""rising"", ""kills"": true, ""reason"": ""10.6% off the high \u2014 back side of the move."", ""state"": ""PASS"", ""value"": ""10.6% off 15.39""}, {""id"": ""split"", ""kills"": false, ""reason"": """", ""state"": ""PASS"", ""value"": ""gap is not arithmetic""}, {""id"": ""instrument"", ""kills"": false, ""reason"": """", ""state"": ""UNKNOWN"", ""value"": ""\u2014""}, {""id"": ""tick"", ""kills"": false, ""reason"": """", ""state"": ""UNKNOWN"", ""value"": ""\u2014""}, {""id"": ""buyout"", ""kills"": true, ""reason"": ""Acquisition announced \u2014 the price is pinned and volatility is gone."", ""state"": ""PASS"", ""value"": ""none""}, {""id"": ""vwap"", ""kills"": false, ""reason"": """", ""state"": ""PASS"", ""value"": ""yes""}, {""id"": ""ema9"", ""kills"": false, ""reason"": """", ""state"": ""PASS"", ""value"": ""yes""}, {""id"": ""macd"", ""kills"": false, ""reason"": """", ""state"": ""PASS"", ""value"": ""yes""}, {""id"": ""tape"", ""kills"": false, ""reason"": ""No tape and no book in this tool."", ""state"": ""MANUAL_CONFIRMATION_REQUIRED"", ""value"": ""your eyes""}]","[""Instrument type unknown \u2014 ADRs are fine, funds are not.""]","{""above_ema9"": true, ""above_vwap"": true, ""buyout_announced"": false, ""catalyst_source_ok"": true, ""catalyst_today"": true, ""catalyst_verdict"": ""WEAK"", ""change_pct"": 22.966934763181413, ""feed_stale"": false, ""float_is_shares_outstanding"": false, ""float_shares"": 2870000.0, ""float_verified"": true, ""halted"": false, ""in_session_window"": true, ""is_fund_or_etf"": null, ""last"": 13.76, ""live_theme"": false, ""macd_positive_and_above_signal"": true, ""penny_theme"": false, ""premarket_volume"": null, ""prev_close"": null, ""rvol"": 101.89945179067325, ""session_high"": 15.39, ""session_volume"": 7081910.0, ""split_ratio_clean_integer"": null, ""symbol"": ""GRML"", ""tick_size"": null}",13.71,13.44,14.25,0.27,2.0,2,1,REFUSED,"[""stop $0.27/sh is inside 4x the spread ($0.10) \u2014 the round trip would eat the trade (A6)""]",2026-09-24T13:52:25+00:00,2026-09-24T13:52:21+00:00,29c30d884550,4cfb953,2026-09-24T09:53:00-04:00,"{""bar_end"": ""2026-09-24T09:53:00-04:00"", ""bar_to_published_s"": -39, ""published"": ""2026-09-24T13:52:21+00:00"", ""published_to_seen_s"": 5, ""quote_ts"": ""2026-09-24T13:52:24+00:00"", ""runner_seen"": ""2026-09-24T13:52:25+00:00""}",,13.71,8.4815,-0.7778,0,1,target,1,2026-09-24T13:53:00Z,16.0,13.5,14.46
8f545bf8f96fe41f,2026-09-24T09:54:00-04:00,regular,SRZN,pullback,ibkr-GRML-GCTK-PFSA,IBKR · TWS read-only · live,live,1m,34.73,34.61,34.9,35.33,3943352.0,36.878658720491174,114.91336633663364,11753558.0,shares_outstanding_proxy,SEC shares outstanding (upper bound),0,0,REJECT,price,0,"[{""id"": ""price"", ""kills"": true, ""reason"": ""$34.73 is outside $2.00\u201320.00."", ""state"": ""FAIL"", ""value"": ""$34.73  band $2.00\u201320.00""}, {""id"": ""float"", ""kills"": false, ""reason"": ""cascade already stopped"", ""state"": ""NOT_APPLICABLE"", ""value"": ""\u2014""}, {""id"": ""catalyst"", ""kills"": false, ""reason"": ""cascade already stopped"", ""state"": ""NOT_APPLICABLE"", ""value"": ""\u2014""}, {""id"": ""pillars"", ""kills"": false, ""reason"": ""cascade already stopped"", ""state"": ""NOT_APPLICABLE"", ""value"": ""\u2014""}, {""id"": ""rising"", ""kills"": false, ""reason"": ""cascade already stopped"", ""state"": ""NOT_APPLICABLE"", ""value"": ""\u2014""}, {""id"": ""split"", ""kills"": false, ""reason"": ""cascade already stopped"", ""state"": ""NOT_APPLICABLE"", ""value"": ""\u2014""}, {""id"": ""instrument"", ""kills"": false, ""reason"": ""cascade already stopped"", ""state"": ""NOT_APPLICABLE"", ""value"": ""\u2014""}, {""id"": ""tick"", ""kills"": false, ""reason"": ""cascade already stopped"", ""state"": ""NOT_APPLICABLE"", ""value"": ""\u2014""}, {""id"": ""buyout"", ""kills"": false, ""reason"": ""cascade already stopped"", ""state"": ""NOT_APPLICABLE"", ""value"": ""\u2014""}]",[],"{""above_ema9"": true, ""above_vwap"": true, ""buyout_announced"": false, ""catalyst_source_ok"": true, ""catalyst_today"": false, ""catalyst_verdict"": ""NONE"", ""change_pct"": 114.91336633663364, ""feed_stale"": false, ""float_is_shares_outstanding"": true, ""float_shares"": 11753558, ""float_verified"": false, ""halted"": false, ""in_session_window"": true, ""is_fund_or_etf"": null, ""last"": 34.73, ""live_theme"": false, ""macd_positive_and_above_signal"": true, ""penny_theme"": false, ""premarket_volume"": null, ""prev_close"": null, ""rvol"": 36.878658720491174, ""session_high"": 35.33, ""session_volume"": 3943352.0, ""split_ratio_clean_integer"": null, ""symbol"": ""SRZN"", ""tick_size"": null}",34.94,33.51,37.8,1.43,2.0,2,1,SUPPRESSED,,,2026-09-24T13:54:23+00:00,29c30d884550,4cfb953,2026-09-24T09:55:00-04:00,,,34.94,0.2937,-3.2727,1,0,stop,1,2026-09-24T13:55:00Z,35.36,30.26,32.57
0caadafd17dd298a,2026-09-24T09:57:00-04:00,regular,WETO,pullback,ibkr-GRML-GCTK-PFSA,IBKR · TWS read-only · live,live,1m,1.985,1.99,2.01,2.7,17400810.0,38.71716425548579,36.89655172413795,910000.0,verified,finviz via premarket_stars.py,0,0,REJECT,price,0,"[{""id"": ""price"", ""kills"": true, ""reason"": ""$1.99 is outside $2.00\u201320.00."", ""state"": ""FAIL"", ""value"": ""$1.99  band $2.00\u201320.00""}, {""id"": ""float"", ""kills"": false, ""reason"": ""cascade already stopped"", ""state"": ""NOT_APPLICABLE"", ""value"": ""\u2014""}, {""id"": ""catalyst"", ""kills"": false, ""reason"": ""cascade already stopped"", ""state"": ""NOT_APPLICABLE"", ""value"": ""\u2014""}, {""id"": ""pillars"", ""kills"": false, ""reason"": ""cascade already stopped"", ""state"": ""NOT_APPLICABLE"", ""value"": ""\u2014""}, {""id"": ""rising"", ""kills"": false, ""reason"": ""cascade already stopped"", ""state"": ""NOT_APPLICABLE"", ""value"": ""\u2014""}, {""id"": ""split"", ""kills"": false, ""reason"": ""cascade already stopped"", ""state"": ""NOT_APPLICABLE"", ""value"": ""\u2014""}, {""id"": ""instrument"", ""kills"": false, ""reason"": ""cascade already stopped"", ""state"": ""NOT_APPLICABLE"", ""value"": ""\u2014""}, {""id"": ""tick"", ""kills"": false, ""reason"": ""cascade already stopped"", ""state"": ""NOT_APPLICABLE"", ""value"": ""\u2014""}, {""id"": ""buyout"", ""kills"": false, ""reason"": ""cascade already stopped"", ""state"": ""NOT_APPLICABLE"", ""value"": ""\u2014""}]",[],"{""above_ema9"": false, ""above_vwap"": false, ""buyout_announced"": false, ""catalyst_source_ok"": true, ""catalyst_today"": false, ""catalyst_verdict"": ""NONE"", ""change_pct"": 36.89655172413795, ""feed_stale"": false, ""float_is_shares_outstanding"": false, ""float_shares"": 910000.0, ""float_verified"": true, ""halted"": false, ""in_session_window"": true, ""is_fund_or_etf"": null, ""last"": 1.985, ""live_theme"": false, ""macd_positive_and_above_signal"": false, ""penny_theme"": false, ""premarket_volume"": null, ""prev_close"": null, ""rvol"": 38.71716425548579, ""session_high"": 2.7, ""session_volume"": 17400810.0, ""split_ratio_clean_integer"": null, ""symbol"": ""WETO"", ""tick_size"": null}",2.01,1.96,2.11,0.05,2.0,1,0,SUPPRESSED,,,2026-09-24T13:57:43+00:00,29c30d884550,4cfb953,2026-09-24T09:58:00-04:00,,,2.01,0.2,-5.6,1,0,stop,1,2026-09-24T14:00:00Z,2.02,1.73,1.8206
41245cadaeaee496,2026-09-24T09:58:00-04:00,regular,SKYQ,pullback,ibkr-GRML-GCTK-PFSA,IBKR · TWS read-only · live,live,1m,2.795,2.79,2.8,3.36,12447281.0,53.74984238571885,10.039370078740163,8010000.0,verified,finviz via premarket_stars.py,1,0,WAIT,,1,"[{""id"": ""price"", ""kills"": true, ""reason"": ""$2.79 is outside $2.00\u201320.00."", ""state"": ""PASS"", ""value"": ""$2.79  band $2.00\u201320.00""}, {""id"": ""float"", ""kills"": false, ""reason"": """", ""state"": ""PASS"", ""value"": ""8.0M (verified)""}, {""id"": ""catalyst"", ""kills"": false, ""reason"": """", ""state"": ""PASS"", ""value"": ""news today \u00b7 WEAK""}, {""id"": ""pillars"", ""kills"": true, ""reason"": ""Only 5 of the Five Pillars pass (need 4); missing ."", ""state"": ""PASS"", ""value"": ""5/5""}, {""id"": ""rising"", ""kills"": true, ""reason"": ""16.8% off the high \u2014 back side of the move."", ""state"": ""PASS"", ""value"": ""16.8% off 3.36""}, {""id"": ""split"", ""kills"": false, ""reason"": """", ""state"": ""PASS"", ""value"": ""gap is not arithmetic""}, {""id"": ""instrument"", ""kills"": false, ""reason"": """", ""state"": ""UNKNOWN"", ""value"": ""\u2014""}, {""id"": ""tick"", ""kills"": false, ""reason"": """", ""state"": ""UNKNOWN"", ""value"": ""\u2014""}, {""id"": ""buyout"", ""kills"": true, ""reason"": ""Acquisition announced \u2014 the price is pinned and volatility is gone."", ""state"": ""PASS"", ""value"": ""none""}, {""id"": ""vwap"", ""kills"": false, ""reason"": """", ""state"": ""FAIL"", ""value"": ""no""}, {""id"": ""ema9"", ""kills"": false, ""reason"": """", ""state"": ""PASS"", ""value"": ""yes""}, {""id"": ""macd"", ""kills"": false, ""reason"": """", ""state"": ""PASS"", ""value"": ""yes""}, {""id"": ""tape"", ""kills"": false, ""reason"": ""No tape and no book in this tool."", ""state"": ""MANUAL_CONFIRMATION_REQUIRED"", ""value"": ""your eyes""}]","[""Instrument type unknown \u2014 ADRs are fine, funds are not.""]","{""above_ema9"": true, ""above_vwap"": false, ""buyout_announced"": false, ""catalyst_source_ok"": true, ""catalyst_today"": true, ""catalyst_verdict"": ""WEAK"", ""change_pct"": 10.039370078740163, ""feed_stale"": false, ""float_is_shares_outstanding"": false, ""float_shares"": 8010000.0, ""float_verified"": true, ""halted"": false, ""in_session_window"": true, ""is_fund_or_etf"": null, ""last"": 2.795, ""live_theme"": false, ""macd_positive_and_above_signal"": true, ""penny_theme"": false, ""premarket_volume"": null, ""prev_close"": null, ""rvol"": 53.74984238571885, ""session_high"": 3.36, ""session_volume"": 12447281.0, ""split_ratio_clean_integer"": null, ""symbol"": ""SKYQ"", ""tick_size"": null}",2.8,2.74,2.92,0.06,2.0,2,0,REFUSED,"[""Layer 2 not green: pullback volume was not lighter than the impulse"", ""Layer 2 not green: verdict WAIT \u2014 chart gates must all be true at entry""]",2026-09-24T13:58:36+00:00,2026-09-24T13:58:33+00:00,29c30d884550,4cfb953,2026-09-24T09:59:00-04:00,"{""bar_end"": ""2026-09-24T09:59:00-04:00"", ""bar_to_published_s"": -27, ""published"": ""2026-09-24T13:58:33+00:00"", ""published_to_seen_s"": 3, ""quote_ts"": ""2026-09-24T13:58:32+00:00"", ""runner_seen"": ""2026-09-24T13:58:36+00:00""}",,2.8,6.6667,-0.6667,0,1,target,1,2026-09-24T14:01:00Z,2.98,2.76,3.1395
c3711ea60c901669,2026-09-24T10:01:00-04:00,regular,HCWB,pullback,ibkr-GRML-PFSA-SKYQ,IBKR · TWS read-only · live,live-backfill,1m,1.87,,,1.87,94828.0,0.7318601664567435,12.650602409638555,1836324.0,shares_outstanding_proxy,SEC shares outstanding (upper bound),0,0,REJECT,price,0,"[{""id"": ""price"", ""kills"": true, ""reason"": ""$1.87 is outside $2.00\u201320.00."", ""state"": ""FAIL"", ""value"": ""$1.87  band $2.00\u201320.00""}, {""id"": ""float"", ""kills"": false, ""reason"": ""cascade already stopped"", ""state"": ""NOT_APPLICABLE"", ""value"": ""\u2014""}, {""id"": ""catalyst"", ""kills"": false, ""reason"": ""cascade already stopped"", ""state"": ""NOT_APPLICABLE"", ""value"": ""\u2014""}, {""id"": ""pillars"", ""kills"": false, ""reason"": ""cascade already stopped"", ""state"": ""NOT_APPLICABLE"", ""value"": ""\u2014""}, {""id"": ""rising"", ""kills"": false, ""reason"": ""cascade already stopped"", ""state"": ""NOT_APPLICABLE"", ""value"": ""\u2014""}, {""id"": ""split"", ""kills"": false, ""reason"": ""cascade already stopped"", ""state"": ""NOT_APPLICABLE"", ""value"": ""\u2014""}, {""id"": ""instrument"", ""kills"": false, ""reason"": ""cascade already stopped"", ""state"": ""NOT_APPLICABLE"", ""value"": ""\u2014""}, {""id"": ""tick"", ""kills"": false, ""reason"": ""cascade already stopped"", ""state"": ""NOT_APPLICABLE"", ""value"": ""\u2014""}, {""id"": ""buyout"", ""kills"": false, ""reason"": ""cascade already stopped"", ""state"": ""NOT_APPLICABLE"", ""value"": ""\u2014""}]",[],"{""above_ema9"": true, ""above_vwap"": true, ""buyout_announced"": false, ""catalyst_source_ok"": true, ""catalyst_today"": false, ""catalyst_verdict"": ""DILUTIVE"", ""change_pct"": 12.650602409638555, ""feed_stale"": false, ""float_is_shares_outstanding"": true, ""float_shares"": 1836324, ""float_verified"": false, ""halted"": false, ""in_session_window"": true, ""is_fund_or_etf"": null, ""last"": 1.87, ""live_theme"": false, ""macd_positive_and_above_signal"": true, ""penny_theme"": false, ""premarket_volume"": null, ""prev_close"": null, ""rvol"": 0.7318601664567435, ""session_high"": 1.87, ""session_volume"": 94828.0, ""split_ratio_clean_integer"": null, ""symbol"": ""HCWB"", ""tick_size"": null}",1.81,1.79,1.85,0.02,2.0,1,1,SUPPRESSED,,,2026-09-24T15:25:35+00:00,29c30d884550,e1fc02d,2026-09-24T10:02:00-04:00,,,1.81,65.5,1.0,0,1,target,1,2026-09-24T14:02:00Z,3.12,1.88,2.2303
b4e5021b170104b9,2026-09-24T10:03:00-04:00,regular,SPHL,pullback,ibkr-GRML-GCTK-PFSA,IBKR · TWS read-only · live,live,1m,2.69,2.66,2.7,6.27,9052784.0,1079.992816912905,16.702819956616043,1240000.0,verified,finviz via premarket_stars.py,0,0,REJECT,rising,0,"[{""id"": ""price"", ""kills"": true, ""reason"": ""$2.69 is outside $2.00\u201320.00."", ""state"": ""PASS"", ""value"": ""$2.69  band $2.00\u201320.00""}, {""id"": ""float"", ""kills"": false, ""reason"": """", ""state"": ""PASS"", ""value"": ""1.2M (verified)""}, {""id"": ""catalyst"", ""kills"": false, ""reason"": ""No catalyst dated today and no live theme it belongs to."", ""state"": ""FAIL"", ""value"": ""none""}, {""id"": ""pillars"", ""kills"": true, ""reason"": ""Only 4 of the Five Pillars pass (need 4); missing catalyst."", ""state"": ""PASS"", ""value"": ""4/5 \u2014 missing catalyst""}, {""id"": ""rising"", ""kills"": true, ""reason"": ""57.1% off the high \u2014 back side of the move."", ""state"": ""FAIL"", ""value"": ""57.1% off 6.27""}, {""id"": ""split"", ""kills"": false, ""reason"": ""cascade already stopped"", ""state"": ""NOT_APPLICABLE"", ""value"": ""\u2014""}, {""id"": ""instrument"", ""kills"": false, ""reason"": ""cascade already stopped"", ""state"": ""NOT_APPLICABLE"", ""value"": ""\u2014""}, {""id"": ""tick"", ""kills"": false, ""reason"": ""cascade already stopped"", ""state"": ""NOT_APPLICABLE"", ""value"": ""\u2014""}, {""id"": ""buyout"", ""kills"": false, ""reason"": ""cascade already stopped"", ""state"": ""NOT_APPLICABLE"", ""value"": ""\u2014""}]","[""No catalyst dated today and no live theme (A2: flagged, not killed; the read-out splits this cohort).""]","{""above_ema9"": true, ""above_vwap"": false, ""buyout_announced"": false, ""catalyst_source_ok"": true, ""catalyst_today"": false, ""catalyst_verdict"": ""NONE"", ""change_pct"": 16.702819956616043, ""feed_stale"": false, ""float_is_shares_outstanding"": false, ""float_shares"": 1240000.0, ""float_verified"": true, ""halted"": false, ""in_session_window"": true, ""is_fund_or_etf"": null, ""last"": 2.69, ""live_theme"": false, ""macd_positive_and_above_signal"": true, ""penny_theme"": false, ""premarket_volume"": null, ""prev_close"": null, ""rvol"": 1079.992816912905, ""session_high"": 6.27, ""session_volume"": 9052784.0, ""split_ratio_clean_integer"": null, ""symbol"": ""SPHL"", ""tick_size"": null}",2.7091,2.63,2.8673,0.0791,2.0,1,1,SUPPRESSED,,,2026-09-24T14:03:33+00:00,29c30d884550,4cfb953,2026-09-24T10:04:00-04:00,,,2.7091,3.0455,-0.6195,0,1,target,1,2026-09-24T14:04:00Z,2.95,2.6601,2.74
2240cef2fe87a8d8,2026-09-24T10:04:00-04:00,regular,NCPL,pullback,ibkr-GRML-GCTK-PFSA,IBKR · TWS read-only · live,live,1m,1.5,1.49,1.5,2.14,28227700.0,276.66078604332057,44.230769230769226,4380000.0,verified,finviz via premarket_stars.py,0,0,REJECT,price,0,"[{""id"": ""price"", ""kills"": true, ""reason"": ""$1.50 is outside $2.00\u201320.00."", ""state"": ""FAIL"", ""value"": ""$1.50  band $2.00\u201320.00""}, {""id"": ""float"", ""kills"": false, ""reason"": ""cascade already stopped"", ""state"": ""NOT_APPLICABLE"", ""value"": ""\u2014""}, {""id"": ""catalyst"", ""kills"": false, ""reason"": ""cascade already stopped"", ""state"": ""NOT_APPLICABLE"", ""value"": ""\u2014""}, {""id"": ""pillars"", ""kills"": false, ""reason"": ""cascade already stopped"", ""state"": ""NOT_APPLICABLE"", ""value"": ""\u2014""}, {""id"": ""rising"", ""kills"": false, ""reason"": ""cascade already stopped"", ""state"": ""NOT_APPLICABLE"", ""value"": ""\u2014""}, {""id"": ""split"", ""kills"": false, ""reason"": ""cascade already stopped"", ""state"": ""NOT_APPLICABLE"", ""value"": ""\u2014""}, {""id"": ""instrument"", ""kills"": false, ""reason"": ""cascade already stopped"", ""state"": ""NOT_APPLICABLE"", ""value"": ""\u2014""}, {""id"": ""tick"", ""kills"": false, ""reason"": ""cascade already stopped"", ""state"": ""NOT_APPLICABLE"", ""value"": ""\u2014""}, {""id"": ""buyout"", ""kills"": false, ""reason"": ""cascade already stopped"", ""state"": ""NOT_APPLICABLE"", ""value"": ""\u2014""}]",[],"{""above_ema9"": true, ""above_vwap"": false, ""buyout_announced"": false, ""catalyst_source_ok"": true, ""catalyst_today"": false, ""catalyst_verdict"": ""NONE"", ""change_pct"": 44.230769230769226, ""feed_stale"": false, ""float_is_shares_outstanding"": false, ""float_shares"": 4380000.0, ""float_verified"": true, ""halted"": false, ""in_session_window"": true, ""is_fund_or_etf"": null, ""last"": 1.5, ""live_theme"": false, ""macd_positive_and_above_signal"": true, ""penny_theme"": false, ""premarket_volume"": null, ""prev_close"": null, ""rvol"": 276.66078604332057, ""session_high"": 2.14, ""session_volume"": 28227700.0, ""split_ratio_clean_integer"": null, ""symbol"": ""NCPL"", ""tick_size"": null}",1.505,1.46,1.595,0.045,2.0,1,1,SUPPRESSED,,,2026-09-24T14:04:11+00:00,29c30d884550,4cfb953,2026-09-24T10:05:00-04:00,,,1.505,2.7778,-6.1111,1,1,target,1,2026-09-24T14:05:00Z,1.63,1.37,1.31
401bd5cab72b93be,2026-09-24T10:07:00-04:00,regular,GRML,pullback,ibkr-GRML-GCTK-PFSA,IBKR · TWS read-only · live,live,1m,14.44,14.4,14.45,15.39,9539524.0,121.04458825022205,29.043789097408414,2870000.0,verified,finviz via premarket_stars.py,1,0,REVIEW,,1,"[{""id"": ""price"", ""kills"": true, ""reason"": ""$14.44 is outside $2.00\u201320.00."", ""state"": ""PASS"", ""value"": ""$14.44  band $2.00\u201320.00""}, {""id"": ""float"", ""kills"": false, ""reason"": """", ""state"": ""PASS"", ""value"": ""2.9M (verified)""}, {""id"": ""catalyst"", ""kills"": false, ""reason"": """", ""state"": ""PASS"", ""value"": ""news today \u00b7 WEAK""}, {""id"": ""pillars"", ""kills"": true, ""reason"": ""Only 5 of the Five Pillars pass (need 4); missing ."", ""state"": ""PASS"", ""value"": ""5/5""}, {""id"": ""rising"", ""kills"": true, ""reason"": ""6.2% off the high \u2014 back side of the move."", ""state"": ""PASS"", ""value"": ""6.2% off 15.39""}, {""id"": ""split"", ""kills"": false, ""reason"": """", ""state"": ""PASS"", ""value"": ""gap is not arithmetic""}, {""id"": ""instrument"", ""kills"": false, ""reason"": """", ""state"": ""UNKNOWN"", ""value"": ""\u2014""}, {""id"": ""tick"", ""kills"": false, ""reason"": """", ""state"": ""UNKNOWN"", ""value"": ""\u2014""}, {""id"": ""buyout"", ""kills"": true, ""reason"": ""Acquisition announced \u2014 the price is pinned and volatility is gone."", ""state"": ""PASS"", ""value"": ""none""}, {""id"": ""vwap"", ""kills"": false, ""reason"": """", ""state"": ""PASS"", ""value"": ""yes""}, {""id"": ""ema9"", ""kills"": false, ""reason"": """", ""state"": ""PASS"", ""value"": ""yes""}, {""id"": ""macd"", ""kills"": false, ""reason"": """", ""state"": ""PASS"", ""value"": ""yes""}, {""id"": ""tape"", ""kills"": false, ""reason"": ""No tape and no book in this tool."", ""state"": ""MANUAL_CONFIRMATION_REQUIRED"", ""value"": ""your eyes""}]","[""Instrument type unknown \u2014 ADRs are fine, funds are not.""]","{""above_ema9"": true, ""above_vwap"": true, ""buyout_announced"": false, ""catalyst_source_ok"": true, ""catalyst_today"": true, ""catalyst_verdict"": ""WEAK"", ""change_pct"": 29.043789097408414, ""feed_stale"": false, ""float_is_shares_outstanding"": false, ""float_shares"": 2870000.0, ""float_verified"": true, ""halted"": false, ""in_session_window"": true, ""is_fund_or_etf"": null, ""last"": 14.44, ""live_theme"": false, ""macd_positive_and_above_signal"": true, ""penny_theme"": false, ""premarket_volume"": null, ""prev_close"": null, ""rvol"": 121.04458825022205, ""session_high"": 15.39, ""session_volume"": 9539524.0, ""split_ratio_clean_integer"": null, ""symbol"": ""GRML"", ""tick_size"": null}",14.47,14.02,15.37,0.45,2.0,3,1,TAKEN,[],2026-09-24T14:07:21+00:00,2026-09-24T14:07:21+00:00,29c30d884550,4cfb953,2026-09-24T10:08:00-04:00,"{""bar_end"": ""2026-09-24T10:08:00-04:00"", ""bar_to_published_s"": -39, ""published"": ""2026-09-24T14:07:21+00:00"", ""published_to_seen_s"": 1, ""quote_ts"": ""2026-09-24T14:07:20+00:00"", ""runner_seen"": ""2026-09-24T14:07:21+00:00""}",,14.47,3.4,-0.3778,0,1,target,1,2026-09-24T14:08:00Z,16.0,14.3,14.46
8e8f5b177b81be64,2026-09-24T10:09:00-04:00,regular,SRZN,pullback,ibkr-GRML-GCTK-PFSA,IBKR · TWS read-only · live,live,1m,33.38,33.22,33.52,35.86,4556756.0,814.288062902073,106.55940594059405,11753558.0,shares_outstanding_proxy,SEC shares outstanding (upper bound),0,0,REJECT,price,0,"[{""id"": ""price"", ""kills"": true, ""reason"": ""$33.38 is outside $2.00\u201320.00."", ""state"": ""FAIL"", ""value"": ""$33.38  band $2.00\u201320.00""}, {""id"": ""float"", ""kills"": false, ""reason"": ""cascade already stopped"", ""state"": ""NOT_APPLICABLE"", ""value"": ""\u2014""}, {""id"": ""catalyst"", ""kills"": false, ""reason"": ""cascade already stopped"", ""state"": ""NOT_APPLICABLE"", ""value"": ""\u2014""}, {""id"": ""pillars"", ""kills"": false, ""reason"": ""cascade already stopped"", ""state"": ""NOT_APPLICABLE"", ""value"": ""\u2014""}, {""id"": ""rising"", ""kills"": false, ""reason"": ""cascade already stopped"", ""state"": ""NOT_APPLICABLE"", ""value"": ""\u2014""}, {""id"": ""split"", ""kills"": false, ""reason"": ""cascade already stopped"", ""state"": ""NOT_APPLICABLE"", ""value"": ""\u2014""}, {""id"": ""instrument"", ""kills"": false, ""reason"": ""cascade already stopped"", ""state"": ""NOT_APPLICABLE"", ""value"": ""\u2014""}, {""id"": ""tick"", ""kills"": false, ""reason"": ""cascade already stopped"", ""state"": ""NOT_APPLICABLE"", ""value"": ""\u2014""}, {""id"": ""buyout"", ""kills"": false, ""reason"": ""cascade already stopped"", ""state"": ""NOT_APPLICABLE"", ""value"": ""\u2014""}]",[],"{""above_ema9"": true, ""above_vwap"": true, ""buyout_announced"": false, ""catalyst_source_ok"": true, ""catalyst_today"": false, ""catalyst_verdict"": ""NONE"", ""change_pct"": 106.55940594059405, ""feed_stale"": false, ""float_is_shares_outstanding"": true, ""float_shares"": 11753558, ""float_verified"": false, ""halted"": false, ""in_session_window"": true, ""is_fund_or_etf"": null, ""last"": 33.38, ""live_theme"": false, ""macd_positive_and_above_signal"": true, ""penny_theme"": false, ""premarket_volume"": null, ""prev_close"": null, ""rvol"": 814.288062902073, ""session_high"": 35.86, ""session_volume"": 4556756.0, ""split_ratio_clean_integer"": null, ""symbol"": ""SRZN"", ""tick_size"": null}",33.47,32.66,35.09,0.81,2.0,1,0,SUPPRESSED,,,2026-09-24T14:09:43+00:00,29c30d884550,4cfb953,2026-09-24T10:10:00-04:00,,,33.47,0.037,-1.9383,1,0,stop,1,2026-09-24T14:10:00Z,33.5,31.9,32.57
f7014a97481b8fd7,2026-09-24T10:09:00-04:00,regular,PFSA,pullback,ibkr-GRML-GCTK-PFSA,IBKR · TWS read-only · live,live,1m,2.95,2.94,2.95,4.55,50009117.0,729.9428850841471,43.90243902439026,520000.0,verified,finviz via premarket_stars.py,1,0,REJECT,rising,0,"[{""id"": ""price"", ""kills"": true, ""reason"": ""$2.95 is outside $2.00\u201320.00."", ""state"": ""PASS"", ""value"": ""$2.95  band $2.00\u201320.00""}, {""id"": ""float"", ""kills"": false, ""reason"": """", ""state"": ""PASS"", ""value"": ""0.5M (verified)""}, {""id"": ""catalyst"", ""kills"": false, ""reason"": """", ""state"": ""PASS"", ""value"": ""news today \u00b7 WEAK""}, {""id"": ""pillars"", ""kills"": true, ""reason"": ""Only 5 of the Five Pillars pass (need 4); missing ."", ""state"": ""PASS"", ""value"": ""5/5""}, {""id"": ""rising"", ""kills"": true, ""reason"": ""35.2% off the high \u2014 back side of the move."", ""state"": ""FAIL"", ""value"": ""35.2% off 4.55""}, {""id"": ""split"", ""kills"": false, ""reason"": ""cascade already stopped"", ""state"": ""NOT_APPLICABLE"", ""value"": ""\u2014""}, {""id"": ""instrument"", ""kills"": false, ""reason"": ""cascade already stopped"", ""state"": ""NOT_APPLICABLE"", ""value"": ""\u2014""}, {""id"": ""tick"", ""kills"": false, ""reason"": ""cascade already stopped"", ""state"": ""NOT_APPLICABLE"", ""value"": ""\u2014""}, {""id"": ""buyout"", ""kills"": false, ""reason"": ""cascade already stopped"", ""state"": ""NOT_APPLICABLE"", ""value"": ""\u2014""}]",[],"{""above_ema9"": false, ""above_vwap"": false, ""buyout_announced"": false, ""catalyst_source_ok"": true, ""catalyst_today"": true, ""catalyst_verdict"": ""WEAK"", ""change_pct"": 43.90243902439026, ""feed_stale"": false, ""float_is_shares_outstanding"": false, ""float_shares"": 520000.0, ""float_verified"": true, ""halted"": false, ""in_session_window"": true, ""is_fund_or_etf"": null, ""last"": 2.95, ""live_theme"": false, ""macd_positive_and_above_signal"": false, ""penny_theme"": false, ""premarket_volume"": null, ""prev_close"": null, ""rvol"": 729.9428850841471, ""session_high"": 4.55, ""session_volume"": 50009117.0, ""split_ratio_clean_integer"": null, ""symbol"": ""PFSA"", ""tick_size"": null}",2.96,2.89,3.1,0.07,2.0,3,1,SUPPRESSED,,,2026-09-24T14:09:52+00:00,29c30d884550,4cfb953,2026-09-24T10:10:00-04:00,,,2.96,2.0,-8.1429,1,1,target,1,2026-09-24T14:12:00Z,3.1,2.5,2.82
fd6d6e2ecd7a306c,2026-09-24T10:10:00-04:00,regular,NCPL,pullback,ibkr-GRML-GCTK-PFSA,IBKR · TWS read-only · live,live,1m,1.57,1.57,1.58,2.14,31848480.0,283.58915453452653,50.96153846153846,4380000.0,verified,finviz via premarket_stars.py,0,0,REJECT,price,0,"[{""id"": ""price"", ""kills"": true, ""reason"": ""$1.57 is outside $2.00\u201320.00."", ""state"": ""FAIL"", ""value"": ""$1.57  band $2.00\u201320.00""}, {""id"": ""float"", ""kills"": false, ""reason"": ""cascade already stopped"", ""state"": ""NOT_APPLICABLE"", ""value"": ""\u2014""}, {""id"": ""catalyst"", ""kills"": false, ""reason"": ""cascade already stopped"", ""state"": ""NOT_APPLICABLE"", ""value"": ""\u2014""}, {""id"": ""pillars"", ""kills"": false, ""reason"": ""cascade already stopped"", ""state"": ""NOT_APPLICABLE"", ""value"": ""\u2014""}, {""id"": ""rising"", ""kills"": false, ""reason"": ""cascade already stopped"", ""state"": ""NOT_APPLICABLE"", ""value"": ""\u2014""}, {""id"": ""split"", ""kills"": false, ""reason"": ""cascade already stopped"", ""state"": ""NOT_APPLICABLE"", ""value"": ""\u2014""}, {""id"": ""instrument"", ""kills"": false, ""reason"": ""cascade already stopped"", ""state"": ""NOT_APPLICABLE"", ""value"": ""\u2014""}, {""id"": ""tick"", ""kills"": false, ""reason"": ""cascade already stopped"", ""state"": ""NOT_APPLICABLE"", ""value"": ""\u2014""}, {""id"": ""buyout"", ""kills"": false, ""reason"": ""cascade already stopped"", ""state"": ""NOT_APPLICABLE"", ""value"": ""\u2014""}]",[],"{""above_ema9"": true, ""above_vwap"": true, ""buyout_announced"": false, ""catalyst_source_ok"": true, ""catalyst_today"": false, ""catalyst_verdict"": ""NONE"", ""change_pct"": 50.96153846153846, ""feed_stale"": false, ""float_is_shares_outstanding"": false, ""float_shares"": 4380000.0, ""float_verified"": true, ""halted"": false, ""in_session_window"": true, ""is_fund_or_etf"": null, ""last"": 1.57, ""live_theme"": false, ""macd_positive_and_above_signal"": true, ""penny_theme"": false, ""premarket_volume"": null, ""prev_close"": null, ""rvol"": 283.58915453452653, ""session_high"": 2.14, ""session_volume"": 31848480.0, ""split_ratio_clean_integer"": null, ""symbol"": ""NCPL"", ""tick_size"": null}",1.5799,1.52,1.6997,0.0599,2.0,1,1,SUPPRESSED,,,2026-09-24T14:10:11+00:00,29c30d884550,4cfb953,2026-09-24T10:11:00-04:00,,,1.5799,0.5025,-5.8414,1,0,stop,1,2026-09-24T14:11:00Z,1.61,1.42,1.31
5accbaecf36df042,2026-09-24T10:12:00-04:00,regular,GLND,pullback,ibkr-GRML-PFSA-SKYQ,IBKR · TWS read-only · live,live-backfill,1m,4.73,,,5.0,47390854.0,4.6512587508386884,62.54295532646048,27470000.0,verified,finviz via premarket_stars.py,1,0,REJECT,pillars,0,"[{""id"": ""price"", ""kills"": true, ""reason"": ""$4.73 is outside $2.00\u201320.00."", ""state"": ""PASS"", ""value"": ""$4.73  band $2.00\u201320.00""}, {""id"": ""float"", ""kills"": false, ""reason"": ""Float 27.5M is over the 20M cap."", ""state"": ""FAIL"", ""value"": ""27.5M""}, {""id"": ""catalyst"", ""kills"": false, ""reason"": """", ""state"": ""PASS"", ""value"": ""news today \u00b7 WEAK""}, {""id"": ""pillars"", ""kills"": true, ""reason"": ""Only 3 of the Five Pillars pass (need 4); missing rvol, float."", ""state"": ""FAIL"", ""value"": ""3/5 \u2014 missing rvol, float""}, {""id"": ""rising"", ""kills"": false, ""reason"": ""cascade already stopped"", ""state"": ""NOT_APPLICABLE"", ""value"": ""\u2014""}, {""id"": ""split"", ""kills"": false, ""reason"": ""cascade already stopped"", ""state"": ""NOT_APPLICABLE"", ""value"": ""\u2014""}, {""id"": ""instrument"", ""kills"": false, ""reason"": ""cascade already stopped"", ""state"": ""NOT_APPLICABLE"", ""value"": ""\u2014""}, {""id"": ""tick"", ""kills"": false, ""reason"": ""cascade already stopped"", ""state"": ""NOT_APPLICABLE"", ""value"": ""\u2014""}, {""id"": ""buyout"", ""kills"": false, ""reason"": ""cascade already stopped"", ""state"": ""NOT_APPLICABLE"", ""value"": ""\u2014""}]","[""Float 27.5M over the 20M cap (A5: flagged, not killed; the pillar count decides).""]","{""above_ema9"": true, ""above_vwap"": true, ""buyout_announced"": false, ""catalyst_source_ok"": true, ""catalyst_today"": true, ""catalyst_verdict"": ""WEAK"", ""change_pct"": 62.54295532646048, ""feed_stale"": false, ""float_is_shares_outstanding"": false, ""float_shares"": 27470000.0, ""float_verified"": true, ""halted"": false, ""in_session_window"": true, ""is_fund_or_etf"": null, ""last"": 4.73, ""live_theme"": false, ""macd_positive_and_above_signal"": false, ""penny_theme"": false, ""premarket_volume"": null, ""prev_close"": null, ""rvol"": 4.6512587508386884, ""session_high"": 5.0, ""session_volume"": 47390854.0, ""split_ratio_clean_integer"": null, ""symbol"": ""GLND"", ""tick_size"": null}",4.7,4.4401,5.2198,0.2599,2.0,2,0,SUPPRESSED,,,2026-09-24T15:25:35+00:00,29c30d884550,e1fc02d,2026-09-24T10:13:00-04:00,,,4.7,0.9234,-2.6164,1,0,stop,1,2026-09-24T14:13:00Z,4.77,4.19,4.4202
cde77b1fed5ee1cd,2026-09-24T10:19:00-04:00,regular,PFSA,pullback,ibkr-GRML-GCTK-PFSA,IBKR · TWS read-only · live,live,1m,3.06,3.05,3.06,4.55,50904182.0,718.2247901234568,49.26829268292685,520000.0,verified,finviz via premarket_stars.py,1,0,REJECT,rising,0,"[{""id"": ""price"", ""kills"": true, ""reason"": ""$3.06 is outside $2.00\u201320.00."", ""state"": ""PASS"", ""value"": ""$3.06  band $2.00\u201320.00""}, {""id"": ""float"", ""kills"": false, ""reason"": """", ""state"": ""PASS"", ""value"": ""0.5M (verified)""}, {""id"": ""catalyst"", ""kills"": false, ""reason"": """", ""state"": ""PASS"", ""value"": ""news today \u00b7 WEAK""}, {""id"": ""pillars"", ""kills"": true, ""reason"": ""Only 5 of the Five Pillars pass (need 4); missing ."", ""state"": ""PASS"", ""value"": ""5/5""}, {""id"": ""rising"", ""kills"": true, ""reason"": ""32.7% off the high \u2014 back side of the move."", ""state"": ""FAIL"", ""value"": ""32.7% off 4.55""}, {""id"": ""split"", ""kills"": false, ""reason"": ""cascade already stopped"", ""state"": ""NOT_APPLICABLE"", ""value"": ""\u2014""}, {""id"": ""instrument"", ""kills"": false, ""reason"": ""cascade already stopped"", ""state"": ""NOT_APPLICABLE"", ""value"": ""\u2014""}, {""id"": ""tick"", ""kills"": false, ""reason"": ""cascade already stopped"", ""state"": ""NOT_APPLICABLE"", ""value"": ""\u2014""}, {""id"": ""buyout"", ""kills"": false, ""reason"": ""cascade already stopped"", ""state"": ""NOT_APPLICABLE"", ""value"": ""\u2014""}]",[],"{""above_ema9"": true, ""above_vwap"": false, ""buyout_announced"": false, ""catalyst_source_ok"": true, ""catalyst_today"": true, ""catalyst_verdict"": ""WEAK"", ""change_pct"": 49.26829268292685, ""feed_stale"": false, ""float_is_shares_outstanding"": false, ""float_shares"": 520000.0, ""float_verified"": true, ""halted"": false, ""in_session_window"": true, ""is_fund_or_etf"": null, ""last"": 3.06, ""live_theme"": false, ""macd_positive_and_above_signal"": true, ""penny_theme"": false, ""premarket_volume"": null, ""prev_close"": null, ""rvol"": 718.2247901234568, ""session_high"": 4.55, ""session_volume"": 50904182.0, ""split_ratio_clean_integer"": null, ""symbol"": ""PFSA"", ""tick_size"": null}",2.99,2.91,3.15,0.08,2.0,4,1,SUPPRESSED,,,2026-09-24T14:19:23+00:00,29c30d884550,4cfb953,2026-09-24T10:20:00-04:00,,,2.99,0.735,-7.5,1,0,stop,1,2026-09-24T14:20:00Z,3.0488,2.5,2.82
83c22aa6dce90752,2026-09-24T10:26:00-04:00,regular,GRML,pullback,ibkr-GRML-GCTK-PFSA,IBKR · TWS read-only · live,live,1m,15.65,15.56,15.65,16.0,14246174.0,151.8263918492625,39.85701519213585,2870000.0,verified,finviz via premarket_stars.py,1,0,WAIT,,1,"[{""id"": ""price"", ""kills"": true, ""reason"": ""$15.65 is outside $2.00\u201320.00."", ""state"": ""PASS"", ""value"": ""$15.65  band $2.00\u201320.00""}, {""id"": ""float"", ""kills"": false, ""reason"": """", ""state"": ""PASS"", ""value"": ""2.9M (verified)""}, {""id"": ""catalyst"", ""kills"": false, ""reason"": """", ""state"": ""PASS"", ""value"": ""news today \u00b7 WEAK""}, {""id"": ""pillars"", ""kills"": true, ""reason"": ""Only 5 of the Five Pillars pass (need 4); missing ."", ""state"": ""PASS"", ""value"": ""5/5""}, {""id"": ""rising"", ""kills"": true, ""reason"": ""2.2% off the high \u2014 back side of the move."", ""state"": ""PASS"", ""value"": ""2.2% off 16.00""}, {""id"": ""split"", ""kills"": false, ""reason"": """", ""state"": ""PASS"", ""value"": ""gap is not arithmetic""}, {""id"": ""instrument"", ""kills"": false, ""reason"": """", ""state"": ""UNKNOWN"", ""value"": ""\u2014""}, {""id"": ""tick"", ""kills"": false, ""reason"": """", ""state"": ""UNKNOWN"", ""value"": ""\u2014""}, {""id"": ""buyout"", ""kills"": true, ""reason"": ""Acquisition announced \u2014 the price is pinned and volatility is gone."", ""state"": ""PASS"", ""value"": ""none""}, {""id"": ""vwap"", ""kills"": false, ""reason"": """", ""state"": ""PASS"", ""value"": ""yes""}, {""id"": ""ema9"", ""kills"": false, ""reason"": """", ""state"": ""PASS"", ""value"": ""yes""}, {""id"": ""macd"", ""kills"": false, ""reason"": """", ""state"": ""FAIL"", ""value"": ""no""}, {""id"": ""tape"", ""kills"": false, ""reason"": ""No tape and no book in this tool."", ""state"": ""MANUAL_CONFIRMATION_REQUIRED"", ""value"": ""your eyes""}]","[""Instrument type unknown \u2014 ADRs are fine, funds are not.""]","{""above_ema9"": true, ""above_vwap"": true, ""buyout_announced"": false, ""catalyst_source_ok"": true, ""catalyst_today"": true, ""catalyst_verdict"": ""WEAK"", ""change_pct"": 39.85701519213585, ""feed_stale"": false, ""float_is_shares_outstanding"": false, ""float_shares"": 2870000.0, ""float_verified"": true, ""halted"": false, ""in_session_window"": true, ""is_fund_or_etf"": null, ""last"": 15.65, ""live_theme"": false, ""macd_positive_and_above_signal"": false, ""penny_theme"": false, ""premarket_volume"": null, ""prev_close"": null, ""rvol"": 151.8263918492625, ""session_high"": 16.0, ""session_volume"": 14246174.0, ""split_ratio_clean_integer"": null, ""symbol"": ""GRML"", ""tick_size"": null}",15.6,15.14,16.52,0.46,2.0,3,1,REFUSED,"[""Layer 2 not green: verdict WAIT \u2014 chart gates must all be true at entry""]",2026-09-24T14:26:16+00:00,2026-09-24T14:26:12+00:00,29c30d884550,4cfb953,2026-09-24T10:27:00-04:00,"{""bar_end"": ""2026-09-24T10:27:00-04:00"", ""bar_to_published_s"": -48, ""published"": ""2026-09-24T14:26:12+00:00"", ""published_to_seen_s"": 5, ""quote_ts"": ""2026-09-24T14:26:14+00:00"", ""runner_seen"": ""2026-09-24T14:26:16+00:00""}",,15.6,0.7391,-2.5217,1,0,stop,1,2026-09-24T14:27:00Z,15.94,14.6,14.46
8b43c88cf37827ed,2026-09-24T10:27:00-04:00,regular,NCPL,pullback,ibkr-GRML-GCTK-PFSA,IBKR · TWS read-only · live,live,1m,1.46,1.46,1.48,2.14,34763835.0,285.7692971639951,40.38461538461537,4380000.0,verified,finviz via premarket_stars.py,0,0,REJECT,price,0,"[{""id"": ""price"", ""kills"": true, ""reason"": ""$1.46 is outside $2.00\u201320.00."", ""state"": ""FAIL"", ""value"": ""$1.46  band $2.00\u201320.00""}, {""id"": ""float"", ""kills"": false, ""reason"": ""cascade already stopped"", ""state"": ""NOT_APPLICABLE"", ""value"": ""\u2014""}, {""id"": ""catalyst"", ""kills"": false, ""reason"": ""cascade already stopped"", ""state"": ""NOT_APPLICABLE"", ""value"": ""\u2014""}, {""id"": ""pillars"", ""kills"": false, ""reason"": ""cascade already stopped"", ""state"": ""NOT_APPLICABLE"", ""value"": ""\u2014""}, {""id"": ""rising"", ""kills"": false, ""reason"": ""cascade already stopped"", ""state"": ""NOT_APPLICABLE"", ""value"": ""\u2014""}, {""id"": ""split"", ""kills"": false, ""reason"": ""cascade already stopped"", ""state"": ""NOT_APPLICABLE"", ""value"": ""\u2014""}, {""id"": ""instrument"", ""kills"": false, ""reason"": ""cascade already stopped"", ""state"": ""NOT_APPLICABLE"", ""value"": ""\u2014""}, {""id"": ""tick"", ""kills"": false, ""reason"": ""cascade already stopped"", ""state"": ""NOT_APPLICABLE"", ""value"": ""\u2014""}, {""id"": ""buyout"", ""kills"": false, ""reason"": ""cascade already stopped"", ""state"": ""NOT_APPLICABLE"", ""value"": ""\u2014""}]",[],"{""above_ema9"": false, ""above_vwap"": false, ""buyout_announced"": false, ""catalyst_source_ok"": true, ""catalyst_today"": false, ""catalyst_verdict"": ""NONE"", ""change_pct"": 40.38461538461537, ""feed_stale"": false, ""float_is_shares_outstanding"": false, ""float_shares"": 4380000.0, ""float_verified"": true, ""halted"": false, ""in_session_window"": true, ""is_fund_or_etf"": null, ""last"": 1.46, ""live_theme"": false, ""macd_positive_and_above_signal"": false, ""penny_theme"": false, ""premarket_volume"": null, ""prev_close"": null, ""rvol"": 285.7692971639951, ""session_high"": 2.14, ""session_volume"": 34763835.0, ""split_ratio_clean_integer"": null, ""symbol"": ""NCPL"", ""tick_size"": null}",1.47,1.43,1.55,0.04,2.0,4,1,SUPPRESSED,,,2026-09-24T14:27:22+00:00,29c30d884550,4cfb953,2026-09-24T10:28:00-04:00,,,1.47,2.75,-6.0,1,1,stop,1,2026-09-24T14:28:00Z,1.56,1.42,1.31
9e43a04ec2046320,2026-09-24T10:29:00-04:00,regular,GCTK,pullback,ibkr-GRML-GCTK-PFSA,IBKR · TWS read-only · live,live,1m,2.71,2.71,2.72,5.05,38172707.0,4201.266453885098,33.49753694581281,640000.0,verified,finviz via premarket_stars.py,1,0,REJECT,rising,0,"[{""id"": ""price"", ""kills"": true, ""reason"": ""$2.71 is outside $2.00\u201320.00."", ""state"": ""PASS"", ""value"": ""$2.71  band $2.00\u201320.00""}, {""id"": ""float"", ""kills"": false, ""reason"": """", ""state"": ""PASS"", ""value"": ""0.6M (verified)""}, {""id"": ""catalyst"", ""kills"": false, ""reason"": """", ""state"": ""PASS"", ""value"": ""news today \u00b7 DILUTIVE""}, {""id"": ""pillars"", ""kills"": true, ""reason"": ""Only 5 of the Five Pillars pass (need 4); missing ."", ""state"": ""PASS"", ""value"": ""5/5""}, {""id"": ""rising"", ""kills"": true, ""reason"": ""46.3% off the high \u2014 back side of the move."", ""state"": ""FAIL"", ""value"": ""46.3% off 5.05""}, {""id"": ""split"", ""kills"": false, ""reason"": ""cascade already stopped"", ""state"": ""NOT_APPLICABLE"", ""value"": ""\u2014""}, {""id"": ""instrument"", ""kills"": false, ""reason"": ""cascade already stopped"", ""state"": ""NOT_APPLICABLE"", ""value"": ""\u2014""}, {""id"": ""tick"", ""kills"": false, ""reason"": ""cascade already stopped"", ""state"": ""NOT_APPLICABLE"", ""value"": ""\u2014""}, {""id"": ""buyout"", ""kills"": false, ""reason"": ""cascade already stopped"", ""state"": ""NOT_APPLICABLE"", ""value"": ""\u2014""}]",[],"{""above_ema9"": true, ""above_vwap"": false, ""buyout_announced"": false, ""catalyst_source_ok"": true, ""catalyst_today"": true, ""catalyst_verdict"": ""DILUTIVE"", ""change_pct"": 33.49753694581281, ""feed_stale"": false, ""float_is_shares_outstanding"": false, ""float_shares"": 640000.0, ""float_verified"": true, ""halted"": false, ""in_session_window"": true, ""is_fund_or_etf"": null, ""last"": 2.71, ""live_theme"": false, ""macd_positive_and_above_signal"": true, ""penny_theme"": false, ""premarket_volume"": null, ""prev_close"": null, ""rvol"": 4201.266453885098, ""session_high"": 5.05, ""session_volume"": 38172707.0, ""split_ratio_clean_integer"": null, ""symbol"": ""GCTK"", ""tick_size"": null}",2.7,2.64,2.82,0.06,2.0,3,1,SUPPRESSED,,,2026-09-24T14:29:12+00:00,29c30d884550,4cfb953,2026-09-24T10:30:00-04:00,,,2.7,0.0,-2.8333,1,0,stop,1,2026-09-24T14:30:00Z,2.7,2.53,2.5717
e36204bf736cbcc3,2026-09-24T10:32:00-04:00,regular,PFSA,pullback,ibkr-GRML-GCTK-PFSA,IBKR · TWS read-only · live,live,1m,2.94,2.9,2.94,4.55,51445871.0,602.3330835606655,43.41463414634148,520000.0,verified,finviz via premarket_stars.py,1,0,REJECT,rising,0,"[{""id"": ""price"", ""kills"": true, ""reason"": ""$2.94 is outside $2.00\u201320.00."", ""state"": ""PASS"", ""value"": ""$2.94  band $2.00\u201320.00""}, {""id"": ""float"", ""kills"": false, ""reason"": """", ""state"": ""PASS"", ""value"": ""0.5M (verified)""}, {""id"": ""catalyst"", ""kills"": false, ""reason"": """", ""state"": ""PASS"", ""value"": ""news today \u00b7 WEAK""}, {""id"": ""pillars"", ""kills"": true, ""reason"": ""Only 5 of the Five Pillars pass (need 4); missing ."", ""state"": ""PASS"", ""value"": ""5/5""}, {""id"": ""rising"", ""kills"": true, ""reason"": ""35.4% off the high \u2014 back side of the move."", ""state"": ""FAIL"", ""value"": ""35.4% off 4.55""}, {""id"": ""split"", ""kills"": false, ""reason"": ""cascade already stopped"", ""state"": ""NOT_APPLICABLE"", ""value"": ""\u2014""}, {""id"": ""instrument"", ""kills"": false, ""reason"": ""cascade already stopped"", ""state"": ""NOT_APPLICABLE"", ""value"": ""\u2014""}, {""id"": ""tick"", ""kills"": false, ""reason"": ""cascade already stopped"", ""state"": ""NOT_APPLICABLE"", ""value"": ""\u2014""}, {""id"": ""buyout"", ""kills"": false, ""reason"": ""cascade already stopped"", ""state"": ""NOT_APPLICABLE"", ""value"": ""\u2014""}]",[],"{""above_ema9"": true, ""above_vwap"": false, ""buyout_announced"": false, ""catalyst_source_ok"": true, ""catalyst_today"": true, ""catalyst_verdict"": ""WEAK"", ""change_pct"": 43.41463414634148, ""feed_stale"": false, ""float_is_shares_outstanding"": false, ""float_shares"": 520000.0, ""float_verified"": true, ""halted"": false, ""in_session_window"": true, ""is_fund_or_etf"": null, ""last"": 2.94, ""live_theme"": false, ""macd_positive_and_above_signal"": true, ""penny_theme"": false, ""premarket_volume"": null, ""prev_close"": null, ""rvol"": 602.3330835606655, ""session_high"": 4.55, ""session_volume"": 51445871.0, ""split_ratio_clean_integer"": null, ""symbol"": ""PFSA"", ""tick_size"": null}",2.9499,2.86,3.1297,0.0899,2.0,1,1,SUPPRESSED,,,2026-09-24T14:32:34+00:00,29c30d884550,4cfb953,2026-09-24T10:33:00-04:00,,,2.9499,,,0,0,untriggered,0,,2.91,2.39,2.82
db131fc2cd8f539b,2026-09-24T10:38:00-04:00,regular,SKYQ,pullback,ibkr-GRML-GCTK-PFSA,IBKR · TWS read-only · live,live,1m,2.92,2.91,2.92,3.36,14246488.0,44.60991304402283,14.960629921259837,8010000.0,verified,finviz via premarket_stars.py,1,0,WAIT,,1,"[{""id"": ""price"", ""kills"": true, ""reason"": ""$2.92 is outside $2.00\u201320.00."", ""state"": ""PASS"", ""value"": ""$2.92  band $2.00\u201320.00""}, {""id"": ""float"", ""kills"": false, ""reason"": """", ""state"": ""PASS"", ""value"": ""8.0M (verified)""}, {""id"": ""catalyst"", ""kills"": false, ""reason"": """", ""state"": ""PASS"", ""value"": ""news today \u00b7 STRONG""}, {""id"": ""pillars"", ""kills"": true, ""reason"": ""Only 5 of the Five Pillars pass (need 4); missing ."", ""state"": ""PASS"", ""value"": ""5/5""}, {""id"": ""rising"", ""kills"": true, ""reason"": ""13.1% off the high \u2014 back side of the move."", ""state"": ""PASS"", ""value"": ""13.1% off 3.36""}, {""id"": ""split"", ""kills"": false, ""reason"": """", ""state"": ""PASS"", ""value"": ""gap is not arithmetic""}, {""id"": ""instrument"", ""kills"": false, ""reason"": """", ""state"": ""UNKNOWN"", ""value"": ""\u2014""}, {""id"": ""tick"", ""kills"": false, ""reason"": """", ""state"": ""UNKNOWN"", ""value"": ""\u2014""}, {""id"": ""buyout"", ""kills"": true, ""reason"": ""Acquisition announced \u2014 the price is pinned and volatility is gone."", ""state"": ""PASS"", ""value"": ""none""}, {""id"": ""vwap"", ""kills"": false, ""reason"": """", ""state"": ""FAIL"", ""value"": ""no""}, {""id"": ""ema9"", ""kills"": false, ""reason"": """", ""state"": ""PASS"", ""value"": ""yes""}, {""id"": ""macd"", ""kills"": false, ""reason"": """", ""state"": ""FAIL"", ""value"": ""no""}, {""id"": ""tape"", ""kills"": false, ""reason"": ""No tape and no book in this tool."", ""state"": ""MANUAL_CONFIRMATION_REQUIRED"", ""value"": ""your eyes""}]","[""Instrument type unknown \u2014 ADRs are fine, funds are not.""]","{""above_ema9"": true, ""above_vwap"": false, ""buyout_announced"": false, ""catalyst_source_ok"": true, ""catalyst_today"": true, ""catalyst_verdict"": ""STRONG"", ""change_pct"": 14.960629921259837, ""feed_stale"": false, ""float_is_shares_outstanding"": false, ""float_shares"": 8010000.0, ""float_verified"": true, ""halted"": false, ""in_session_window"": true, ""is_fund_or_etf"": null, ""last"": 2.92, ""live_theme"": false, ""macd_positive_and_above_signal"": false, ""penny_theme"": false, ""premarket_volume"": null, ""prev_close"": null, ""rvol"": 44.60991304402283, ""session_high"": 3.36, ""session_volume"": 14246488.0, ""split_ratio_clean_integer"": null, ""symbol"": ""SKYQ"", ""tick_size"": null}",2.92,2.88,3.0,0.04,2.0,4,1,REFUSED,"[""Layer 2 not green: verdict WAIT \u2014 chart gates must all be true at entry""]",2026-09-24T14:38:57+00:00,2026-09-24T14:38:54+00:00,29c30d884550,4cfb953,2026-09-24T10:39:00-04:00,"{""bar_end"": ""2026-09-24T10:39:00-04:00"", ""bar_to_published_s"": -6, ""published"": ""2026-09-24T14:38:54+00:00"", ""published_to_seen_s"": 4, ""quote_ts"": ""2026-09-24T14:38:53+00:00"", ""runner_seen"": ""2026-09-24T14:38:57+00:00""}",,2.92,7.0,-0.125,0,1,target,1,2026-09-24T14:39:00Z,3.05,2.915,3.1395
8c8850b2a1b87e00,2026-09-24T10:40:00-04:00,regular,NCPL,pullback,ibkr-GRML-GCTK-PFSA,IBKR · TWS read-only · live,live,1m,1.53,1.53,1.54,2.14,35757725.0,260.2000014553499,47.115384615384606,4380000.0,verified,finviz via premarket_stars.py,0,0,REJECT,price,0,"[{""id"": ""price"", ""kills"": true, ""reason"": ""$1.53 is outside $2.00\u201320.00."", ""state"": ""FAIL"", ""value"": ""$1.53  band $2.00\u201320.00""}, {""id"": ""float"", ""kills"": false, ""reason"": ""cascade already stopped"", ""state"": ""NOT_APPLICABLE"", ""value"": ""\u2014""}, {""id"": ""catalyst"", ""kills"": false, ""reason"": ""cascade already stopped"", ""state"": ""NOT_APPLICABLE"", ""value"": ""\u2014""}, {""id"": ""pillars"", ""kills"": false, ""reason"": ""cascade already stopped"", ""state"": ""NOT_APPLICABLE"", ""value"": ""\u2014""}, {""id"": ""rising"", ""kills"": false, ""reason"": ""cascade already stopped"", ""state"": ""NOT_APPLICABLE"", ""value"": ""\u2014""}, {""id"": ""split"", ""kills"": false, ""reason"": ""cascade already stopped"", ""state"": ""NOT_APPLICABLE"", ""value"": ""\u2014""}, {""id"": ""instrument"", ""kills"": false, ""reason"": ""cascade already stopped"", ""state"": ""NOT_APPLICABLE"", ""value"": ""\u2014""}, {""id"": ""tick"", ""kills"": false, ""reason"": ""cascade already stopped"", ""state"": ""NOT_APPLICABLE"", ""value"": ""\u2014""}, {""id"": ""buyout"", ""kills"": false, ""reason"": ""cascade already stopped"", ""state"": ""NOT_APPLICABLE"", ""value"": ""\u2014""}]",[],"{""above_ema9"": true, ""above_vwap"": false, ""buyout_announced"": false, ""catalyst_source_ok"": true, ""catalyst_today"": false, ""catalyst_verdict"": ""NONE"", ""change_pct"": 47.115384615384606, ""feed_stale"": false, ""float_is_shares_outstanding"": false, ""float_shares"": 4380000.0, ""float_verified"": true, ""halted"": false, ""in_session_window"": true, ""is_fund_or_etf"": null, ""last"": 1.53, ""live_theme"": false, ""macd_positive_and_above_signal"": true, ""penny_theme"": false, ""premarket_volume"": null, ""prev_close"": null, ""rvol"": 260.2000014553499, ""session_high"": 2.14, ""session_volume"": 35757725.0, ""split_ratio_clean_integer"": null, ""symbol"": ""NCPL"", ""tick_size"": null}",1.56,1.5,1.68,0.06,2.0,1,0,SUPPRESSED,,,2026-09-24T14:40:32+00:00,29c30d884550,4cfb953,2026-09-24T10:41:00-04:00,,,1.56,0.3333,-5.5,1,0,stop,1,2026-09-24T14:57:00Z,1.58,1.4224,1.31
072677e3f3cb0a55,2026-09-24T10:40:00-04:00,regular,PMAX,pullback,ibkr-GRML-PFSA-SKYQ,IBKR · TWS read-only · live,live-backfill,1m,2.4502,,,2.8699,15765247.0,170.14916014114658,168.2211275314724,,unknown,EDGAR has no shares-outstanding figure for this registrant,0,0,REJECT,pillars,0,"[{""id"": ""price"", ""kills"": true, ""reason"": ""$2.45 is outside $2.00\u201320.00."", ""state"": ""PASS"", ""value"": ""$2.45  band $2.00\u201320.00""}, {""id"": ""float"", ""kills"": false, ""reason"": ""Float unknown; the cascade fails closed."", ""state"": ""UNKNOWN"", ""value"": ""unknown""}, {""id"": ""catalyst"", ""kills"": false, ""reason"": ""No catalyst dated today and no live theme it belongs to."", ""state"": ""FAIL"", ""value"": ""none""}, {""id"": ""pillars"", ""kills"": true, ""reason"": ""Only 3 of the Five Pillars pass (need 4); missing float, catalyst."", ""state"": ""FAIL"", ""value"": ""3/5 \u2014 missing float, catalyst""}, {""id"": ""rising"", ""kills"": false, ""reason"": ""cascade already stopped"", ""state"": ""NOT_APPLICABLE"", ""value"": ""\u2014""}, {""id"": ""split"", ""kills"": false, ""reason"": ""cascade already stopped"", ""state"": ""NOT_APPLICABLE"", ""value"": ""\u2014""}, {""id"": ""instrument"", ""kills"": false, ""reason"": ""cascade already stopped"", ""state"": ""NOT_APPLICABLE"", ""value"": ""\u2014""}, {""id"": ""tick"", ""kills"": false, ""reason"": ""cascade already stopped"", ""state"": ""NOT_APPLICABLE"", ""value"": ""\u2014""}, {""id"": ""buyout"", ""kills"": false, ""reason"": ""cascade already stopped"", ""state"": ""NOT_APPLICABLE"", ""value"": ""\u2014""}]","[""No catalyst dated today and no live theme (A2: flagged, not killed; the read-out splits this cohort).""]","{""above_ema9"": false, ""above_vwap"": true, ""buyout_announced"": false, ""catalyst_source_ok"": true, ""catalyst_today"": false, ""catalyst_verdict"": ""NONE"", ""change_pct"": 168.2211275314724, ""feed_stale"": false, ""float_is_shares_outstanding"": false, ""float_shares"": null, ""float_verified"": false, ""halted"": false, ""in_session_window"": true, ""is_fund_or_etf"": null, ""last"": 2.4502, ""live_theme"": false, ""macd_positive_and_above_signal"": true, ""penny_theme"": false, ""premarket_volume"": null, ""prev_close"": null, ""rvol"": 170.14916014114658, ""session_high"": 2.8699, ""session_volume"": 15765247.0, ""split_ratio_clean_integer"": null, ""symbol"": ""PMAX"", ""tick_size"": null}",2.64,2.34,3.24,0.3,2.0,3,1,SUPPRESSED,,,2026-09-24T15:25:35+00:00,29c30d884550,e1fc02d,2026-09-24T10:41:00-04:00,,,2.64,0.0,-3.4667,1,0,stop,1,2026-09-24T14:42:00Z,2.64,1.66,1.895
6c5ab81573ebe75c,2026-09-24T10:42:00-04:00,regular,PFSA,pullback,ibkr-GRML-GCTK-PFSA,IBKR · TWS read-only · live,live,1m,2.61,2.59,2.62,4.55,52604921.0,592.8918355386245,27.31707317073171,520000.0,verified,finviz via premarket_stars.py,1,0,REJECT,rising,0,"[{""id"": ""price"", ""kills"": true, ""reason"": ""$2.61 is outside $2.00\u201320.00."", ""state"": ""PASS"", ""value"": ""$2.61  band $2.00\u201320.00""}, {""id"": ""float"", ""kills"": false, ""reason"": """", ""state"": ""PASS"", ""value"": ""0.5M (verified)""}, {""id"": ""catalyst"", ""kills"": false, ""reason"": """", ""state"": ""PASS"", ""value"": ""news today \u00b7 WEAK""}, {""id"": ""pillars"", ""kills"": true, ""reason"": ""Only 5 of the Five Pillars pass (need 4); missing ."", ""state"": ""PASS"", ""value"": ""5/5""}, {""id"": ""rising"", ""kills"": true, ""reason"": ""42.6% off the high \u2014 back side of the move."", ""state"": ""FAIL"", ""value"": ""42.6% off 4.55""}, {""id"": ""split"", ""kills"": false, ""reason"": ""cascade already stopped"", ""state"": ""NOT_APPLICABLE"", ""value"": ""\u2014""}, {""id"": ""instrument"", ""kills"": false, ""reason"": ""cascade already stopped"", ""state"": ""NOT_APPLICABLE"", ""value"": ""\u2014""}, {""id"": ""tick"", ""kills"": false, ""reason"": ""cascade already stopped"", ""state"": ""NOT_APPLICABLE"", ""value"": ""\u2014""}, {""id"": ""buyout"", ""kills"": false, ""reason"": ""cascade already stopped"", ""state"": ""NOT_APPLICABLE"", ""value"": ""\u2014""}]",[],"{""above_ema9"": false, ""above_vwap"": false, ""buyout_announced"": false, ""catalyst_source_ok"": true, ""catalyst_today"": true, ""catalyst_verdict"": ""WEAK"", ""change_pct"": 27.31707317073171, ""feed_stale"": false, ""float_is_shares_outstanding"": false, ""float_shares"": 520000.0, ""float_verified"": true, ""halted"": false, ""in_session_window"": true, ""is_fund_or_etf"": null, ""last"": 2.61, ""live_theme"": false, ""macd_positive_and_above_signal"": false, ""penny_theme"": false, ""premarket_volume"": null, ""prev_close"": null, ""rvol"": 592.8918355386245, ""session_high"": 4.55, ""session_volume"": 52604921.0, ""split_ratio_clean_integer"": null, ""symbol"": ""PFSA"", ""tick_size"": null}",2.61,2.52,2.79,0.09,2.0,2,1,SUPPRESSED,,,2026-09-24T14:42:39+00:00,29c30d884550,4cfb953,2026-09-24T10:43:00-04:00,,,2.61,2.3333,-2.4444,1,1,stop,1,2026-09-24T14:43:00Z,2.66,2.39,2.82
e188fc73e4ec6819,2026-09-24T10:49:00-04:00,regular,GRML,pullback,ibkr-GRML-PFSA-SKYQ,IBKR · TWS read-only · live,live-backfill,1m,15.18,,,16.0,17394073.0,1.4925189432263717,35.656836461126005,2870000.0,verified,finviz via premarket_stars.py,1,0,WAIT,,1,"[{""id"": ""price"", ""kills"": true, ""reason"": ""$15.18 is outside $2.00\u201320.00."", ""state"": ""PASS"", ""value"": ""$15.18  band $2.00\u201320.00""}, {""id"": ""float"", ""kills"": false, ""reason"": """", ""state"": ""PASS"", ""value"": ""2.9M (verified)""}, {""id"": ""catalyst"", ""kills"": false, ""reason"": """", ""state"": ""PASS"", ""value"": ""news today \u00b7 WEAK""}, {""id"": ""pillars"", ""kills"": true, ""reason"": ""Only 4 of the Five Pillars pass (need 4); missing rvol."", ""state"": ""PASS"", ""value"": ""4/5 \u2014 missing rvol""}, {""id"": ""rising"", ""kills"": true, ""reason"": ""5.1% off the high \u2014 back side of the move."", ""state"": ""PASS"", ""value"": ""5.1% off 16.00""}, {""id"": ""split"", ""kills"": false, ""reason"": """", ""state"": ""PASS"", ""value"": ""gap is not arithmetic""}, {""id"": ""instrument"", ""kills"": false, ""reason"": """", ""state"": ""UNKNOWN"", ""value"": ""\u2014""}, {""id"": ""tick"", ""kills"": false, ""reason"": """", ""state"": ""UNKNOWN"", ""value"": ""\u2014""}, {""id"": ""buyout"", ""kills"": true, ""reason"": ""Acquisition announced \u2014 the price is pinned and volatility is gone."", ""state"": ""PASS"", ""value"": ""none""}, {""id"": ""vwap"", ""kills"": false, ""reason"": """", ""state"": ""PASS"", ""value"": ""yes""}, {""id"": ""ema9"", ""kills"": false, ""reason"": """", ""state"": ""PASS"", ""value"": ""yes""}, {""id"": ""macd"", ""kills"": false, ""reason"": """", ""state"": ""FAIL"", ""value"": ""no""}, {""id"": ""tape"", ""kills"": false, ""reason"": ""No tape and no book in this tool."", ""state"": ""MANUAL_CONFIRMATION_REQUIRED"", ""value"": ""your eyes""}]","[""Instrument type unknown \u2014 ADRs are fine, funds are not."", ""RVOL 1.49x is under the 1.5x trade floor (the 5x is a scanner dial, not a gate).""]","{""above_ema9"": true, ""above_vwap"": true, ""buyout_announced"": false, ""catalyst_source_ok"": true, ""catalyst_today"": true, ""catalyst_verdict"": ""WEAK"", ""change_pct"": 35.656836461126005, ""feed_stale"": false, ""float_is_shares_outstanding"": false, ""float_shares"": 2870000.0, ""float_verified"": true, ""halted"": false, ""in_session_window"": true, ""is_fund_or_etf"": null, ""last"": 15.18, ""live_theme"": false, ""macd_positive_and_above_signal"": false, ""penny_theme"": false, ""premarket_volume"": null, ""prev_close"": null, ""rvol"": 1.4925189432263717, ""session_high"": 16.0, ""session_volume"": 17394073.0, ""split_ratio_clean_integer"": null, ""symbol"": ""GRML"", ""tick_size"": null}",15.11,14.99,15.35,0.12,2.0,2,1,REFUSED,"[""bar clock: the bar closed 2064s before the runner saw it (budget 120s); a stale plan is not the trade the cascade reviewed (bar close \u2192 published 2060s, published \u2192 runner 4s)"", ""backfill decision: armed on loaded history, inputs not point-in-time (bar clock: the bar predates the desk's start; a fresh publication time does not make it fresh)"", ""Layer 2 not green: MACD not positive and above its signal (verdict WAIT) \u2014 chart gates must all be true at entry""]",2026-09-24T15:24:23+00:00,2026-09-24T15:24:20+00:00,29c30d884550,e1fc02d,2026-09-24T10:50:00-04:00,"{""bar_end"": ""2026-09-24T10:50:00-04:00"", ""bar_to_published_s"": 2060, ""published"": ""2026-09-24T15:24:20+00:00"", ""published_to_seen_s"": 4, ""quote_ts"": ""2026-09-24T15:24:22+00:00"", ""runner_seen"": ""2026-09-24T15:24:23+00:00""}",,15.11,2.9167,-5.5833,1,1,target,1,2026-09-24T14:50:00Z,15.46,14.55,14.46
ad603989036e8f88,2026-09-24T10:52:00-04:00,regular,HCWB,pullback,ibkr-GRML-PFSA-SKYQ,IBKR · TWS read-only · live,live-backfill,1m,2.02,,,3.12,2955176.0,22.807352251117532,21.68674698795181,1836324.0,shares_outstanding_proxy,SEC shares outstanding (upper bound),0,0,REJECT,rising,0,"[{""id"": ""price"", ""kills"": true, ""reason"": ""$2.02 is outside $2.00\u201320.00."", ""state"": ""PASS"", ""value"": ""$2.02  band $2.00\u201320.00""}, {""id"": ""float"", ""kills"": false, ""reason"": """", ""state"": ""PASS"", ""value"": ""1.8M (SO upper bound)""}, {""id"": ""catalyst"", ""kills"": false, ""reason"": ""The freshest headline is a supply event, not a catalyst."", ""state"": ""FAIL"", ""value"": ""dilutive""}, {""id"": ""pillars"", ""kills"": true, ""reason"": ""Only 4 of the Five Pillars pass (need 4); missing catalyst."", ""state"": ""PASS"", ""value"": ""4/5 \u2014 missing catalyst""}, {""id"": ""rising"", ""kills"": true, ""reason"": ""35.3% off the high \u2014 back side of the move."", ""state"": ""FAIL"", ""value"": ""35.3% off 3.12""}, {""id"": ""split"", ""kills"": false, ""reason"": ""cascade already stopped"", ""state"": ""NOT_APPLICABLE"", ""value"": ""\u2014""}, {""id"": ""instrument"", ""kills"": false, ""reason"": ""cascade already stopped"", ""state"": ""NOT_APPLICABLE"", ""value"": ""\u2014""}, {""id"": ""tick"", ""kills"": false, ""reason"": ""cascade already stopped"", ""state"": ""NOT_APPLICABLE"", ""value"": ""\u2014""}, {""id"": ""buyout"", ""kills"": false, ""reason"": ""cascade already stopped"", ""state"": ""NOT_APPLICABLE"", ""value"": ""\u2014""}]","[""No catalyst dated today and no live theme (A2: flagged, not killed; the read-out splits this cohort).""]","{""above_ema9"": false, ""above_vwap"": false, ""buyout_announced"": false, ""catalyst_source_ok"": true, ""catalyst_today"": false, ""catalyst_verdict"": ""DILUTIVE"", ""change_pct"": 21.68674698795181, ""feed_stale"": false, ""float_is_shares_outstanding"": true, ""float_shares"": 1836324, ""float_verified"": false, ""halted"": false, ""in_session_window"": true, ""is_fund_or_etf"": null, ""last"": 2.02, ""live_theme"": false, ""macd_positive_and_above_signal"": true, ""penny_theme"": false, ""premarket_volume"": null, ""prev_close"": null, ""rvol"": 22.807352251117532, ""session_high"": 3.12, ""session_volume"": 2955176.0, ""split_ratio_clean_integer"": null, ""symbol"": ""HCWB"", ""tick_size"": null}",2.0599,1.96,2.2597,0.0999,2.0,3,0,SUPPRESSED,,,2026-09-24T15:25:35+00:00,29c30d884550,e1fc02d,2026-09-24T10:53:00-04:00,,,2.0599,7.8088,-1.6006,1,1,stop,1,2026-09-24T14:53:00Z,2.84,1.9,2.2303
1d62e51319d1b510,2026-09-24T10:54:00-04:00,regular,GLND,pullback,ibkr-GRML-PFSA-SKYQ,IBKR · TWS read-only · live,live-backfill,1m,4.5801,,,5.0,66251754.0,6.502394967411055,57.391752577319565,27470000.0,verified,finviz via premarket_stars.py,1,0,REVIEW,,1,"[{""id"": ""price"", ""kills"": true, ""reason"": ""$4.58 is outside $2.00\u201320.00."", ""state"": ""PASS"", ""value"": ""$4.58  band $2.00\u201320.00""}, {""id"": ""float"", ""kills"": false, ""reason"": ""Float 27.5M is over the 20M cap."", ""state"": ""FAIL"", ""value"": ""27.5M""}, {""id"": ""catalyst"", ""kills"": false, ""reason"": """", ""state"": ""PASS"", ""value"": ""news today \u00b7 WEAK""}, {""id"": ""pillars"", ""kills"": true, ""reason"": ""Only 4 of the Five Pillars pass (need 4); missing float."", ""state"": ""PASS"", ""value"": ""4/5 \u2014 missing float""}, {""id"": ""rising"", ""kills"": true, ""reason"": ""8.4% off the high \u2014 back side of the move."", ""state"": ""PASS"", ""value"": ""8.4% off 5.00""}, {""id"": ""split"", ""kills"": false, ""reason"": """", ""state"": ""PASS"", ""value"": ""gap is not arithmetic""}, {""id"": ""instrument"", ""kills"": false, ""reason"": """", ""state"": ""UNKNOWN"", ""value"": ""\u2014""}, {""id"": ""tick"", ""kills"": false, ""reason"": """", ""state"": ""UNKNOWN"", ""value"": ""\u2014""}, {""id"": ""buyout"", ""kills"": true, ""reason"": ""Acquisition announced \u2014 the price is pinned and volatility is gone."", ""state"": ""PASS"", ""value"": ""none""}, {""id"": ""vwap"", ""kills"": false, ""reason"": """", ""state"": ""PASS"", ""value"": ""yes""}, {""id"": ""ema9"", ""kills"": false, ""reason"": """", ""state"": ""PASS"", ""value"": ""yes""}, {""id"": ""macd"", ""kills"": false, ""reason"": """", ""state"": ""PASS"", ""value"": ""yes""}, {""id"": ""tape"", ""kills"": false, ""reason"": ""No tape and no book in this tool."", ""state"": ""MANUAL_CONFIRMATION_REQUIRED"", ""value"": ""your eyes""}]","[""Float 27.5M over the 20M cap (A5: flagged, not killed; the pillar count decides)."", ""Instrument type unknown \u2014 ADRs are fine, funds are not.""]","{""above_ema9"": true, ""above_vwap"": true, ""buyout_announced"": false, ""catalyst_source_ok"": true, ""catalyst_today"": true, ""catalyst_verdict"": ""WEAK"", ""change_pct"": 57.391752577319565, ""feed_stale"": false, ""float_is_shares_outstanding"": false, ""float_shares"": 27470000.0, ""float_verified"": true, ""halted"": false, ""in_session_window"": true, ""is_fund_or_etf"": null, ""last"": 4.5801, ""live_theme"": false, ""macd_positive_and_above_signal"": true, ""penny_theme"": false, ""premarket_volume"": null, ""prev_close"": null, ""rvol"": 6.502394967411055, ""session_high"": 5.0, ""session_volume"": 66251754.0, ""split_ratio_clean_integer"": null, ""symbol"": ""GLND"", ""tick_size"": null}",4.6,4.54,4.72,0.06,2.0,1,0,REFUSED,"[""bar clock: the bar closed 1839s before the runner saw it (budget 120s); a stale plan is not the trade the cascade reviewed (bar close \u2192 published 1835s, published \u2192 runner 4s)"", ""backfill decision: armed on loaded history, inputs not point-in-time (bar clock: the bar predates the desk's start; a fresh publication time does not make it fresh)"", ""Layer 2 not green: pullback volume was not lighter than the impulse""]",2026-09-24T15:25:38+00:00,2026-09-24T15:25:35+00:00,29c30d884550,e1fc02d,2026-09-24T10:55:00-04:00,"{""bar_end"": ""2026-09-24T10:55:00-04:00"", ""bar_to_published_s"": 1835, ""published"": ""2026-09-24T15:25:35+00:00"", ""published_to_seen_s"": 4, ""quote_ts"": ""2026-09-24T15:25:34+00:00"", ""runner_seen"": ""2026-09-24T15:25:38+00:00""}",,4.6,5.6667,-9.6667,1,1,stop,1,2026-09-24T14:55:00Z,4.94,4.02,4.4202
e6d55bf31a754b28,2026-09-24T10:54:00-04:00,regular,NCPL,pullback,ibkr-GRML-PFSA-SKYQ,IBKR · TWS read-only · live,live-backfill,1m,1.5,,,2.14,36706204.0,1.7957731167218471,44.230769230769226,4380000.0,verified,finviz via premarket_stars.py,0,0,REJECT,price,0,"[{""id"": ""price"", ""kills"": true, ""reason"": ""$1.50 is outside $2.00\u201320.00."", ""state"": ""FAIL"", ""value"": ""$1.50  band $2.00\u201320.00""}, {""id"": ""float"", ""kills"": false, ""reason"": ""cascade already stopped"", ""state"": ""NOT_APPLICABLE"", ""value"": ""\u2014""}, {""id"": ""catalyst"", ""kills"": false, ""reason"": ""cascade already stopped"", ""state"": ""NOT_APPLICABLE"", ""value"": ""\u2014""}, {""id"": ""pillars"", ""kills"": false, ""reason"": ""cascade already stopped"", ""state"": ""NOT_APPLICABLE"", ""value"": ""\u2014""}, {""id"": ""rising"", ""kills"": false, ""reason"": ""cascade already stopped"", ""state"": ""NOT_APPLICABLE"", ""value"": ""\u2014""}, {""id"": ""split"", ""kills"": false, ""reason"": ""cascade already stopped"", ""state"": ""NOT_APPLICABLE"", ""value"": ""\u2014""}, {""id"": ""instrument"", ""kills"": false, ""reason"": ""cascade already stopped"", ""state"": ""NOT_APPLICABLE"", ""value"": ""\u2014""}, {""id"": ""tick"", ""kills"": false, ""reason"": ""cascade already stopped"", ""state"": ""NOT_APPLICABLE"", ""value"": ""\u2014""}, {""id"": ""buyout"", ""kills"": false, ""reason"": ""cascade already stopped"", ""state"": ""NOT_APPLICABLE"", ""value"": ""\u2014""}]",[],"{""above_ema9"": true, ""above_vwap"": false, ""buyout_announced"": false, ""catalyst_source_ok"": true, ""catalyst_today"": false, ""catalyst_verdict"": ""NONE"", ""change_pct"": 44.230769230769226, ""feed_stale"": false, ""float_is_shares_outstanding"": false, ""float_shares"": 4380000.0, ""float_verified"": true, ""halted"": false, ""in_session_window"": true, ""is_fund_or_etf"": null, ""last"": 1.5, ""live_theme"": false, ""macd_positive_and_above_signal"": true, ""penny_theme"": false, ""premarket_volume"": null, ""prev_close"": null, ""rvol"": 1.7957731167218471, ""session_high"": 2.14, ""session_volume"": 36706204.0, ""split_ratio_clean_integer"": null, ""symbol"": ""NCPL"", ""tick_size"": null}",1.5191,1.48,1.5973,0.0391,2.0,1,1,SUPPRESSED,,,2026-09-24T15:25:35+00:00,29c30d884550,e1fc02d,2026-09-24T10:55:00-04:00,,,1.5191,1.5575,-7.3939,1,0,stop,1,2026-09-24T14:55:00Z,1.58,1.34,1.31
cc04ad72d94df17e,2026-09-24T11:01:00-04:00,regular,GLND,pullback,ibkr-GRML-PFSA-SKYQ,IBKR · TWS read-only · live,live-backfill,1m,4.5291,,,5.0,68855259.0,6.757920546547111,55.63917525773194,27470000.0,verified,finviz via premarket_stars.py,1,0,WAIT,,1,"[{""id"": ""price"", ""kills"": true, ""reason"": ""$4.53 is outside $2.00\u201320.00."", ""state"": ""PASS"", ""value"": ""$4.53  band $2.00\u201320.00""}, {""id"": ""float"", ""kills"": false, ""reason"": ""Float 27.5M is over the 20M cap."", ""state"": ""FAIL"", ""value"": ""27.5M""}, {""id"": ""catalyst"", ""kills"": false, ""reason"": """", ""state"": ""PASS"", ""value"": ""news today \u00b7 WEAK""}, {""id"": ""pillars"", ""kills"": true, ""reason"": ""Only 4 of the Five Pillars pass (need 4); missing float."", ""state"": ""PASS"", ""value"": ""4/5 \u2014 missing float""}, {""id"": ""rising"", ""kills"": true, ""reason"": ""9.4% off the high \u2014 back side of the move."", ""state"": ""PASS"", ""value"": ""9.4% off 5.00""}, {""id"": ""split"", ""kills"": false, ""reason"": """", ""state"": ""PASS"", ""value"": ""gap is not arithmetic""}, {""id"": ""instrument"", ""kills"": false, ""reason"": """", ""state"": ""UNKNOWN"", ""value"": ""\u2014""}, {""id"": ""tick"", ""kills"": false, ""reason"": """", ""state"": ""UNKNOWN"", ""value"": ""\u2014""}, {""id"": ""buyout"", ""kills"": true, ""reason"": ""Acquisition announced \u2014 the price is pinned and volatility is gone."", ""state"": ""PASS"", ""value"": ""none""}, {""id"": ""vwap"", ""kills"": false, ""reason"": """", ""state"": ""PASS"", ""value"": ""yes""}, {""id"": ""ema9"", ""kills"": false, ""reason"": """", ""state"": ""FAIL"", ""value"": ""no""}, {""id"": ""macd"", ""kills"": false, ""reason"": """", ""state"": ""PASS"", ""value"": ""yes""}, {""id"": ""tape"", ""kills"": false, ""reason"": ""No tape and no book in this tool."", ""state"": ""MANUAL_CONFIRMATION_REQUIRED"", ""value"": ""your eyes""}]","[""Float 27.5M over the 20M cap (A5: flagged, not killed; the pillar count decides)."", ""Instrument type unknown \u2014 ADRs are fine, funds are not.""]","{""above_ema9"": false, ""above_vwap"": true, ""buyout_announced"": false, ""catalyst_source_ok"": true, ""catalyst_today"": true, ""catalyst_verdict"": ""WEAK"", ""change_pct"": 55.63917525773194, ""feed_stale"": false, ""float_is_shares_outstanding"": false, ""float_shares"": 27470000.0, ""float_verified"": true, ""halted"": false, ""in_session_window"": true, ""is_fund_or_etf"": null, ""last"": 4.5291, ""live_theme"": false, ""macd_positive_and_above_signal"": true, ""penny_theme"": false, ""premarket_volume"": null, ""prev_close"": null, ""rvol"": 6.757920546547111, ""session_high"": 5.0, ""session_volume"": 68855259.0, ""split_ratio_clean_integer"": null, ""symbol"": ""GLND"", ""tick_size"": null}",4.655,4.56,4.845,0.095,2.0,1,1,REFUSED,"[""bar clock: the bar closed 1419s before the runner saw it (budget 120s); a stale plan is not the trade the cascade reviewed (bar close \u2192 published 1415s, published \u2192 runner 4s)"", ""backfill decision: armed on loaded history, inputs not point-in-time (bar clock: the bar predates the desk's start; a fresh publication time does not make it fresh)"", ""Layer 2 not green: below the 9 EMA (verdict WAIT) \u2014 chart gates must all be true at entry""]",2026-09-24T15:25:38+00:00,2026-09-24T15:25:35+00:00,29c30d884550,e1fc02d,2026-09-24T11:02:00-04:00,"{""bar_end"": ""2026-09-24T11:02:00-04:00"", ""bar_to_published_s"": 1415, ""published"": ""2026-09-24T15:25:35+00:00"", ""published_to_seen_s"": 4, ""quote_ts"": ""2026-09-24T15:25:34+00:00"", ""runner_seen"": ""2026-09-24T15:25:38+00:00""}",,4.655,3.0,-6.6842,1,1,stop,1,2026-09-24T15:04:00Z,4.94,4.02,4.4202
e3a65b405a8bc1d9,2026-09-24T11:02:00-04:00,regular,PFSA,pullback,ibkr-GRML-PFSA-SKYQ,IBKR · TWS read-only · live,live-backfill,1m,2.515,,,4.55,53521670.0,171.61014802516613,22.68292682926831,520000.0,verified,finviz via premarket_stars.py,1,0,REJECT,rising,0,"[{""id"": ""price"", ""kills"": true, ""reason"": ""$2.52 is outside $2.00\u201320.00."", ""state"": ""PASS"", ""value"": ""$2.52  band $2.00\u201320.00""}, {""id"": ""float"", ""kills"": false, ""reason"": """", ""state"": ""PASS"", ""value"": ""0.5M (verified)""}, {""id"": ""catalyst"", ""kills"": false, ""reason"": """", ""state"": ""PASS"", ""value"": ""news today \u00b7 WEAK""}, {""id"": ""pillars"", ""kills"": true, ""reason"": ""Only 5 of the Five Pillars pass (need 4); missing ."", ""state"": ""PASS"", ""value"": ""5/5""}, {""id"": ""rising"", ""kills"": true, ""reason"": ""44.7% off the high \u2014 back side of the move."", ""state"": ""FAIL"", ""value"": ""44.7% off 4.55""}, {""id"": ""split"", ""kills"": false, ""reason"": ""cascade already stopped"", ""state"": ""NOT_APPLICABLE"", ""value"": ""\u2014""}, {""id"": ""instrument"", ""kills"": false, ""reason"": ""cascade already stopped"", ""state"": ""NOT_APPLICABLE"", ""value"": ""\u2014""}, {""id"": ""tick"", ""kills"": false, ""reason"": ""cascade already stopped"", ""state"": ""NOT_APPLICABLE"", ""value"": ""\u2014""}, {""id"": ""buyout"", ""kills"": false, ""reason"": ""cascade already stopped"", ""state"": ""NOT_APPLICABLE"", ""value"": ""\u2014""}]",[],"{""above_ema9"": true, ""above_vwap"": false, ""buyout_announced"": false, ""catalyst_source_ok"": true, ""catalyst_today"": true, ""catalyst_verdict"": ""WEAK"", ""change_pct"": 22.68292682926831, ""feed_stale"": false, ""float_is_shares_outstanding"": false, ""float_shares"": 520000.0, ""float_verified"": true, ""halted"": false, ""in_session_window"": true, ""is_fund_or_etf"": null, ""last"": 2.515, ""live_theme"": false, ""macd_positive_and_above_signal"": true, ""penny_theme"": false, ""premarket_volume"": null, ""prev_close"": null, ""rvol"": 171.61014802516613, ""session_high"": 4.55, ""session_volume"": 53521670.0, ""split_ratio_clean_integer"": null, ""symbol"": ""PFSA"", ""tick_size"": null}",2.4977,2.44,2.6131,0.0577,2.0,4,1,SUPPRESSED,,,2026-09-24T15:24:20+00:00,29c30d884550,e1fc02d,2026-09-24T11:03:00-04:00,,,2.4977,5.5858,-0.3068,0,1,target,1,2026-09-24T15:03:00Z,2.82,2.48,2.82
87d7799bbb7d4a70,2026-09-24T11:08:00-04:00,regular,WETO,pullback,ibkr-GRML-PFSA-SKYQ,IBKR · TWS read-only · live,live-backfill,1m,1.855,,,2.7,20959535.0,5.400567092738607,27.93103448275862,910000.0,verified,finviz via premarket_stars.py,0,0,REJECT,price,0,"[{""id"": ""price"", ""kills"": true, ""reason"": ""$1.85 is outside $2.00\u201320.00."", ""state"": ""FAIL"", ""value"": ""$1.85  band $2.00\u201320.00""}, {""id"": ""float"", ""kills"": false, ""reason"": ""cascade already stopped"", ""state"": ""NOT_APPLICABLE"", ""value"": ""\u2014""}, {""id"": ""catalyst"", ""kills"": false, ""reason"": ""cascade already stopped"", ""state"": ""NOT_APPLICABLE"", ""value"": ""\u2014""}, {""id"": ""pillars"", ""kills"": false, ""reason"": ""cascade already stopped"", ""state"": ""NOT_APPLICABLE"", ""value"": ""\u2014""}, {""id"": ""rising"", ""kills"": false, ""reason"": ""cascade already stopped"", ""state"": ""NOT_APPLICABLE"", ""value"": ""\u2014""}, {""id"": ""split"", ""kills"": false, ""reason"": ""cascade already stopped"", ""state"": ""NOT_APPLICABLE"", ""value"": ""\u2014""}, {""id"": ""instrument"", ""kills"": false, ""reason"": ""cascade already stopped"", ""state"": ""NOT_APPLICABLE"", ""value"": ""\u2014""}, {""id"": ""tick"", ""kills"": false, ""reason"": ""cascade already stopped"", ""state"": ""NOT_APPLICABLE"", ""value"": ""\u2014""}, {""id"": ""buyout"", ""kills"": false, ""reason"": ""cascade already stopped"", ""state"": ""NOT_APPLICABLE"", ""value"": ""\u2014""}]",[],"{""above_ema9"": true, ""above_vwap"": false, ""buyout_announced"": false, ""catalyst_source_ok"": true, ""catalyst_today"": false, ""catalyst_verdict"": ""NONE"", ""change_pct"": 27.93103448275862, ""feed_stale"": false, ""float_is_shares_outstanding"": false, ""float_shares"": 910000.0, ""float_verified"": true, ""halted"": false, ""in_session_window"": true, ""is_fund_or_etf"": null, ""last"": 1.855, ""live_theme"": false, ""macd_positive_and_above_signal"": true, ""penny_theme"": false, ""premarket_volume"": null, ""prev_close"": null, ""rvol"": 5.400567092738607, ""session_high"": 2.7, ""session_volume"": 20959535.0, ""split_ratio_clean_integer"": null, ""symbol"": ""WETO"", ""tick_size"": null}",1.87,1.83,1.95,0.04,2.0,4,1,SUPPRESSED,,,2026-09-24T15:25:35+00:00,29c30d884550,e1fc02d,2026-09-24T11:09:00-04:00,,,1.87,2.5,-3.0,1,1,target,1,2026-09-24T15:09:00Z,1.97,1.75,1.8206
717690d519337e56,2026-09-24T11:15:00-04:00,regular,HCWB,pullback,ibkr-GRML-PFSA-SKYQ,IBKR · TWS read-only · live,live-backfill,1m,2.5099,,,3.12,5510684.0,42.53016102343731,51.1987951807229,1836324.0,shares_outstanding_proxy,SEC shares outstanding (upper bound),0,0,REVIEW,,1,"[{""id"": ""price"", ""kills"": true, ""reason"": ""$2.51 is outside $2.00\u201320.00."", ""state"": ""PASS"", ""value"": ""$2.51  band $2.00\u201320.00""}, {""id"": ""float"", ""kills"": false, ""reason"": """", ""state"": ""PASS"", ""value"": ""1.8M (SO upper bound)""}, {""id"": ""catalyst"", ""kills"": false, ""reason"": ""The freshest headline is a supply event, not a catalyst."", ""state"": ""FAIL"", ""value"": ""dilutive""}, {""id"": ""pillars"", ""kills"": true, ""reason"": ""Only 4 of the Five Pillars pass (need 4); missing catalyst."", ""state"": ""PASS"", ""value"": ""4/5 \u2014 missing catalyst""}, {""id"": ""rising"", ""kills"": true, ""reason"": ""19.6% off the high \u2014 back side of the move."", ""state"": ""PASS"", ""value"": ""19.6% off 3.12""}, {""id"": ""split"", ""kills"": false, ""reason"": """", ""state"": ""PASS"", ""value"": ""gap is not arithmetic""}, {""id"": ""instrument"", ""kills"": false, ""reason"": """", ""state"": ""UNKNOWN"", ""value"": ""\u2014""}, {""id"": ""tick"", ""kills"": false, ""reason"": """", ""state"": ""UNKNOWN"", ""value"": ""\u2014""}, {""id"": ""buyout"", ""kills"": true, ""reason"": ""Acquisition announced \u2014 the price is pinned and volatility is gone."", ""state"": ""PASS"", ""value"": ""none""}, {""id"": ""vwap"", ""kills"": false, ""reason"": """", ""state"": ""PASS"", ""value"": ""yes""}, {""id"": ""ema9"", ""kills"": false, ""reason"": """", ""state"": ""PASS"", ""value"": ""yes""}, {""id"": ""macd"", ""kills"": false, ""reason"": """", ""state"": ""PASS"", ""value"": ""yes""}, {""id"": ""tape"", ""kills"": false, ""reason"": ""No tape and no book in this tool."", ""state"": ""MANUAL_CONFIRMATION_REQUIRED"", ""value"": ""your eyes""}]","[""No catalyst dated today and no live theme (A2: flagged, not killed; the read-out splits this cohort)."", ""Instrument type unknown \u2014 ADRs are fine, funds are not.""]","{""above_ema9"": true, ""above_vwap"": true, ""buyout_announced"": false, ""catalyst_source_ok"": true, ""catalyst_today"": false, ""catalyst_verdict"": ""DILUTIVE"", ""change_pct"": 51.1987951807229, ""feed_stale"": false, ""float_is_shares_outstanding"": true, ""float_shares"": 1836324, ""float_verified"": false, ""halted"": false, ""in_session_window"": true, ""is_fund_or_etf"": null, ""last"": 2.5099, ""live_theme"": false, ""macd_positive_and_above_signal"": true, ""penny_theme"": false, ""premarket_volume"": null, ""prev_close"": null, ""rvol"": 42.53016102343731, ""session_high"": 3.12, ""session_volume"": 5510684.0, ""split_ratio_clean_integer"": null, ""symbol"": ""HCWB"", ""tick_size"": null}",2.62,2.3401,3.1798,0.2799,2.0,2,0,REFUSED,"[""bar clock: the bar closed 579s before the runner saw it (budget 120s); a stale plan is not the trade the cascade reviewed (bar close \u2192 published 575s, published \u2192 runner 4s)"", ""backfill decision: armed on loaded history, inputs not point-in-time (bar clock: the bar predates the desk's start; a fresh publication time does not make it fresh)"", ""Layer 2 not green: pullback volume was not lighter than the impulse""]",2026-09-24T15:25:38+00:00,2026-09-24T15:25:35+00:00,29c30d884550,e1fc02d,2026-09-24T11:16:00-04:00,"{""bar_end"": ""2026-09-24T11:16:00-04:00"", ""bar_to_published_s"": 575, ""published"": ""2026-09-24T15:25:35+00:00"", ""published_to_seen_s"": 4, ""quote_ts"": ""2026-09-24T15:25:34+00:00"", ""runner_seen"": ""2026-09-24T15:25:38+00:00""}",,2.62,0.786,-1.8578,1,0,stop,1,2026-09-24T15:16:00Z,2.84,2.1,2.2303
471960855796f0c2,2026-09-24T11:17:00-04:00,regular,GLND,pullback,ibkr-GRML-PFSA-SKYQ,IBKR · TWS read-only · live,live-backfill,1m,4.4302,,,5.0,79084683.0,7.761905363871553,52.24054982817869,27470000.0,verified,finviz via premarket_stars.py,1,0,WAIT,,1,"[{""id"": ""price"", ""kills"": true, ""reason"": ""$4.43 is outside $2.00\u201320.00."", ""state"": ""PASS"", ""value"": ""$4.43  band $2.00\u201320.00""}, {""id"": ""float"", ""kills"": false, ""reason"": ""Float 27.5M is over the 20M cap."", ""state"": ""FAIL"", ""value"": ""27.5M""}, {""id"": ""catalyst"", ""kills"": false, ""reason"": """", ""state"": ""PASS"", ""value"": ""news today \u00b7 WEAK""}, {""id"": ""pillars"", ""kills"": true, ""reason"": ""Only 4 of the Five Pillars pass (need 4); missing float."", ""state"": ""PASS"", ""value"": ""4/5 \u2014 missing float""}, {""id"": ""rising"", ""kills"": true, ""reason"": ""11.4% off the high \u2014 back side of the move."", ""state"": ""PASS"", ""value"": ""11.4% off 5.00""}, {""id"": ""split"", ""kills"": false, ""reason"": """", ""state"": ""PASS"", ""value"": ""gap is not arithmetic""}, {""id"": ""instrument"", ""kills"": false, ""reason"": """", ""state"": ""UNKNOWN"", ""value"": ""\u2014""}, {""id"": ""tick"", ""kills"": false, ""reason"": """", ""state"": ""UNKNOWN"", ""value"": ""\u2014""}, {""id"": ""buyout"", ""kills"": true, ""reason"": ""Acquisition announced \u2014 the price is pinned and volatility is gone."", ""state"": ""PASS"", ""value"": ""none""}, {""id"": ""vwap"", ""kills"": false, ""reason"": """", ""state"": ""PASS"", ""value"": ""yes""}, {""id"": ""ema9"", ""kills"": false, ""reason"": """", ""state"": ""FAIL"", ""value"": ""no""}, {""id"": ""macd"", ""kills"": false, ""reason"": """", ""state"": ""FAIL"", ""value"": ""no""}, {""id"": ""tape"", ""kills"": false, ""reason"": ""No tape and no book in this tool."", ""state"": ""MANUAL_CONFIRMATION_REQUIRED"", ""value"": ""your eyes""}]","[""Float 27.5M over the 20M cap (A5: flagged, not killed; the pillar count decides)."", ""Instrument type unknown \u2014 ADRs are fine, funds are not.""]","{""above_ema9"": false, ""above_vwap"": true, ""buyout_announced"": false, ""catalyst_source_ok"": true, ""catalyst_today"": true, ""catalyst_verdict"": ""WEAK"", ""change_pct"": 52.24054982817869, ""feed_stale"": false, ""float_is_shares_outstanding"": false, ""float_shares"": 27470000.0, ""float_verified"": true, ""halted"": false, ""in_session_window"": true, ""is_fund_or_etf"": null, ""last"": 4.4302, ""live_theme"": false, ""macd_positive_and_above_signal"": false, ""penny_theme"": false, ""premarket_volume"": null, ""prev_close"": null, ""rvol"": 7.761905363871553, ""session_high"": 5.0, ""session_volume"": 79084683.0, ""split_ratio_clean_integer"": null, ""symbol"": ""GLND"", ""tick_size"": null}",4.48,4.34,4.76,0.14,2.0,2,1,REFUSED,"[""bar clock: the bar closed 459s before the runner saw it (budget 120s); a stale plan is not the trade the cascade reviewed (bar close \u2192 published 455s, published \u2192 runner 4s)"", ""backfill decision: armed on loaded history, inputs not point-in-time (bar clock: the bar predates the desk's start; a fresh publication time does not make it fresh)"", ""Layer 2 not green: below the 9 EMA; MACD not positive and above its signal (verdict WAIT) \u2014 chart gates must all be true at entry""]",2026-09-24T15:25:38+00:00,2026-09-24T15:25:35+00:00,29c30d884550,e1fc02d,2026-09-24T11:18:00-04:00,"{""bar_end"": ""2026-09-24T11:18:00-04:00"", ""bar_to_published_s"": 455, ""published"": ""2026-09-24T15:25:35+00:00"", ""published_to_seen_s"": 4, ""quote_ts"": ""2026-09-24T15:25:34+00:00"", ""runner_seen"": ""2026-09-24T15:25:38+00:00""}",,4.48,0.8571,-0.6429,0,0,neither,1,2026-09-24T15:19:00Z,4.6,4.39,4.4202
6dfbd385c859842b,2026-09-24T11:18:00-04:00,regular,WETO,pullback,ibkr-GRML-PFSA-SKYQ,IBKR · TWS read-only · live,live-backfill,1m,1.815,,,2.7,21659069.0,5.580813472281465,25.172413793103445,910000.0,verified,finviz via premarket_stars.py,0,0,REJECT,price,0,"[{""id"": ""price"", ""kills"": true, ""reason"": ""$1.81 is outside $2.00\u201320.00."", ""state"": ""FAIL"", ""value"": ""$1.81  band $2.00\u201320.00""}, {""id"": ""float"", ""kills"": false, ""reason"": ""cascade already stopped"", ""state"": ""NOT_APPLICABLE"", ""value"": ""\u2014""}, {""id"": ""catalyst"", ""kills"": false, ""reason"": ""cascade already stopped"", ""state"": ""NOT_APPLICABLE"", ""value"": ""\u2014""}, {""id"": ""pillars"", ""kills"": false, ""reason"": ""cascade already stopped"", ""state"": ""NOT_APPLICABLE"", ""value"": ""\u2014""}, {""id"": ""rising"", ""kills"": false, ""reason"": ""cascade already stopped"", ""state"": ""NOT_APPLICABLE"", ""value"": ""\u2014""}, {""id"": ""split"", ""kills"": false, ""reason"": ""cascade already stopped"", ""state"": ""NOT_APPLICABLE"", ""value"": ""\u2014""}, {""id"": ""instrument"", ""kills"": false, ""reason"": ""cascade already stopped"", ""state"": ""NOT_APPLICABLE"", ""value"": ""\u2014""}, {""id"": ""tick"", ""kills"": false, ""reason"": ""cascade already stopped"", ""state"": ""NOT_APPLICABLE"", ""value"": ""\u2014""}, {""id"": ""buyout"", ""kills"": false, ""reason"": ""cascade already stopped"", ""state"": ""NOT_APPLICABLE"", ""value"": ""\u2014""}]",[],"{""above_ema9"": false, ""above_vwap"": false, ""buyout_announced"": false, ""catalyst_source_ok"": true, ""catalyst_today"": false, ""catalyst_verdict"": ""NONE"", ""change_pct"": 25.172413793103445, ""feed_stale"": false, ""float_is_shares_outstanding"": false, ""float_shares"": 910000.0, ""float_verified"": true, ""halted"": false, ""in_session_window"": true, ""is_fund_or_etf"": null, ""last"": 1.815, ""live_theme"": false, ""macd_positive_and_above_signal"": false, ""penny_theme"": false, ""premarket_volume"": null, ""prev_close"": null, ""rvol"": 5.580813472281465, ""session_high"": 2.7, ""session_volume"": 21659069.0, ""split_ratio_clean_integer"": null, ""symbol"": ""WETO"", ""tick_size"": null}",1.825,1.7907,1.8936,0.0343,2.0,2,1,SUPPRESSED,,,2026-09-24T15:25:35+00:00,29c30d884550,e1fc02d,2026-09-24T11:19:00-04:00,,,1.825,1.6035,-0.4373,0,0,neither,1,2026-09-24T15:20:00Z,1.88,1.81,1.8206
ebca4fc6c54226cd,2026-09-24T11:20:00-04:00,regular,PFSA,pullback,ibkr-GRML-PFSA-SKYQ,IBKR · TWS read-only · live,live-backfill,1m,2.62,,,4.55,54158819.0,173.65308192846337,27.804878048780513,520000.0,verified,finviz via premarket_stars.py,1,0,REJECT,rising,0,"[{""id"": ""price"", ""kills"": true, ""reason"": ""$2.62 is outside $2.00\u201320.00."", ""state"": ""PASS"", ""value"": ""$2.62  band $2.00\u201320.00""}, {""id"": ""float"", ""kills"": false, ""reason"": """", ""state"": ""PASS"", ""value"": ""0.5M (verified)""}, {""id"": ""catalyst"", ""kills"": false, ""reason"": """", ""state"": ""PASS"", ""value"": ""news today \u00b7 WEAK""}, {""id"": ""pillars"", ""kills"": true, ""reason"": ""Only 5 of the Five Pillars pass (need 4); missing ."", ""state"": ""PASS"", ""value"": ""5/5""}, {""id"": ""rising"", ""kills"": true, ""reason"": ""42.4% off the high \u2014 back side of the move."", ""state"": ""FAIL"", ""value"": ""42.4% off 4.55""}, {""id"": ""split"", ""kills"": false, ""reason"": ""cascade already stopped"", ""state"": ""NOT_APPLICABLE"", ""value"": ""\u2014""}, {""id"": ""instrument"", ""kills"": false, ""reason"": ""cascade already stopped"", ""state"": ""NOT_APPLICABLE"", ""value"": ""\u2014""}, {""id"": ""tick"", ""kills"": false, ""reason"": ""cascade already stopped"", ""state"": ""NOT_APPLICABLE"", ""value"": ""\u2014""}, {""id"": ""buyout"", ""kills"": false, ""reason"": ""cascade already stopped"", ""state"": ""NOT_APPLICABLE"", ""value"": ""\u2014""}]",[],"{""above_ema9"": true, ""above_vwap"": false, ""buyout_announced"": false, ""catalyst_source_ok"": true, ""catalyst_today"": true, ""catalyst_verdict"": ""WEAK"", ""change_pct"": 27.804878048780513, ""feed_stale"": false, ""float_is_shares_outstanding"": false, ""float_shares"": 520000.0, ""float_verified"": true, ""halted"": false, ""in_session_window"": true, ""is_fund_or_etf"": null, ""last"": 2.62, ""live_theme"": false, ""macd_positive_and_above_signal"": true, ""penny_theme"": false, ""premarket_volume"": null, ""prev_close"": null, ""rvol"": 173.65308192846337, ""session_high"": 4.55, ""session_volume"": 54158819.0, ""split_ratio_clean_integer"": null, ""symbol"": ""PFSA"", ""tick_size"": null}",2.63,2.54,2.81,0.09,2.0,1,0,SUPPRESSED,,,2026-09-24T15:24:20+00:00,29c30d884550,e1fc02d,2026-09-24T11:21:00-04:00,,,2.63,2.1111,-0.5511,0,1,target,1,2026-09-24T15:24:00Z,2.82,2.56,2.82
275126fd836805ed,2026-09-24T11:21:00-04:00,regular,PMAX,pullback,ibkr-GRML-PFSA-SKYQ,IBKR · TWS read-only · live,live-backfill,1m,1.89,,,2.8699,30621267.0,330.4853303286531,106.89655172413795,,unknown,EDGAR has no shares-outstanding figure for this registrant,0,0,REJECT,price,0,"[{""id"": ""price"", ""kills"": true, ""reason"": ""$1.89 is outside $2.00\u201320.00."", ""state"": ""FAIL"", ""value"": ""$1.89  band $2.00\u201320.00""}, {""id"": ""float"", ""kills"": false, ""reason"": ""cascade already stopped"", ""state"": ""NOT_APPLICABLE"", ""value"": ""\u2014""}, {""id"": ""catalyst"", ""kills"": false, ""reason"": ""cascade already stopped"", ""state"": ""NOT_APPLICABLE"", ""value"": ""\u2014""}, {""id"": ""pillars"", ""kills"": false, ""reason"": ""cascade already stopped"", ""state"": ""NOT_APPLICABLE"", ""value"": ""\u2014""}, {""id"": ""rising"", ""kills"": false, ""reason"": ""cascade already stopped"", ""state"": ""NOT_APPLICABLE"", ""value"": ""\u2014""}, {""id"": ""split"", ""kills"": false, ""reason"": ""cascade already stopped"", ""state"": ""NOT_APPLICABLE"", ""value"": ""\u2014""}, {""id"": ""instrument"", ""kills"": false, ""reason"": ""cascade already stopped"", ""state"": ""NOT_APPLICABLE"", ""value"": ""\u2014""}, {""id"": ""tick"", ""kills"": false, ""reason"": ""cascade already stopped"", ""state"": ""NOT_APPLICABLE"", ""value"": ""\u2014""}, {""id"": ""buyout"", ""kills"": false, ""reason"": ""cascade already stopped"", ""state"": ""NOT_APPLICABLE"", ""value"": ""\u2014""}]",[],"{""above_ema9"": true, ""above_vwap"": false, ""buyout_announced"": false, ""catalyst_source_ok"": true, ""catalyst_today"": false, ""catalyst_verdict"": ""NONE"", ""change_pct"": 106.89655172413795, ""feed_stale"": false, ""float_is_shares_outstanding"": false, ""float_shares"": null, ""float_verified"": false, ""halted"": false, ""in_session_window"": true, ""is_fund_or_etf"": null, ""last"": 1.89, ""live_theme"": false, ""macd_positive_and_above_signal"": true, ""penny_theme"": false, ""premarket_volume"": null, ""prev_close"": null, ""rvol"": 330.4853303286531, ""session_high"": 2.8699, ""session_volume"": 30621267.0, ""split_ratio_clean_integer"": null, ""symbol"": ""PMAX"", ""tick_size"": null}",1.94,1.81,2.2,0.13,2.0,1,0,SUPPRESSED,,,2026-09-24T15:25:35+00:00,29c30d884550,e1fc02d,2026-09-24T11:22:00-04:00,,,1.94,0.7692,-1.3838,1,0,stop,1,2026-09-24T15:22:00Z,2.04,1.7601,1.895
19be908610dddaed,2026-09-24T11:26:00-04:00,regular,GRML,pullback,ibkr-GRML-PFSA-SKYQ,IBKR · TWS read-only · live,live,1m,14.95,14.95,15.0,16.0,19889339.0,119.26495208855522,33.60142984807864,2870000.0,verified,finviz via premarket_stars.py,1,0,REVIEW,,1,"[{""id"": ""price"", ""kills"": true, ""reason"": ""$14.95 is outside $2.00\u201320.00."", ""state"": ""PASS"", ""value"": ""$14.95  band $2.00\u201320.00""}, {""id"": ""float"", ""kills"": false, ""reason"": """", ""state"": ""PASS"", ""value"": ""2.9M (verified)""}, {""id"": ""catalyst"", ""kills"": false, ""reason"": """", ""state"": ""PASS"", ""value"": ""news today \u00b7 WEAK""}, {""id"": ""pillars"", ""kills"": true, ""reason"": ""Only 5 of the Five Pillars pass (need 4); missing ."", ""state"": ""PASS"", ""value"": ""5/5""}, {""id"": ""rising"", ""kills"": true, ""reason"": ""6.6% off the high \u2014 back side of the move."", ""state"": ""PASS"", ""value"": ""6.6% off 16.00""}, {""id"": ""split"", ""kills"": false, ""reason"": """", ""state"": ""PASS"", ""value"": ""gap is not arithmetic""}, {""id"": ""instrument"", ""kills"": false, ""reason"": """", ""state"": ""UNKNOWN"", ""value"": ""\u2014""}, {""id"": ""tick"", ""kills"": false, ""reason"": """", ""state"": ""UNKNOWN"", ""value"": ""\u2014""}, {""id"": ""buyout"", ""kills"": true, ""reason"": ""Acquisition announced \u2014 the price is pinned and volatility is gone."", ""state"": ""PASS"", ""value"": ""none""}, {""id"": ""vwap"", ""kills"": false, ""reason"": """", ""state"": ""PASS"", ""value"": ""yes""}, {""id"": ""ema9"", ""kills"": false, ""reason"": """", ""state"": ""PASS"", ""value"": ""yes""}, {""id"": ""macd"", ""kills"": false, ""reason"": """", ""state"": ""PASS"", ""value"": ""yes""}, {""id"": ""tape"", ""kills"": false, ""reason"": ""No tape and no book in this tool."", ""state"": ""MANUAL_CONFIRMATION_REQUIRED"", ""value"": ""your eyes""}]","[""Instrument type unknown \u2014 ADRs are fine, funds are not.""]","{""above_ema9"": true, ""above_vwap"": true, ""buyout_announced"": false, ""catalyst_source_ok"": true, ""catalyst_today"": true, ""catalyst_verdict"": ""WEAK"", ""change_pct"": 33.60142984807864, ""feed_stale"": false, ""float_is_shares_outstanding"": false, ""float_shares"": 2870000.0, ""float_verified"": true, ""halted"": false, ""in_session_window"": true, ""is_fund_or_etf"": null, ""last"": 14.95, ""live_theme"": false, ""macd_positive_and_above_signal"": true, ""penny_theme"": false, ""premarket_volume"": null, ""prev_close"": null, ""rvol"": 119.26495208855522, ""session_high"": 16.0, ""session_volume"": 19889339.0, ""split_ratio_clean_integer"": null, ""symbol"": ""GRML"", ""tick_size"": null}",14.94,14.86,15.1,0.08,2.0,1,1,REFUSED,"[""11:26 ET is inside the last 10 minutes before the 11:30 hard stop (A8): a forced flatten is not the strategy's exit; no new entries""]",2026-09-24T15:26:23+00:00,2026-09-24T15:26:22+00:00,29c30d884550,e1fc02d,2026-09-24T11:27:00-04:00,"{""bar_end"": ""2026-09-24T11:27:00-04:00"", ""bar_to_published_s"": -38, ""published"": ""2026-09-24T15:26:22+00:00"", ""published_to_seen_s"": 2, ""quote_ts"": ""2026-09-24T15:26:20+00:00"", ""runner_seen"": ""2026-09-24T15:26:23+00:00""}",,14.94,0.75,-6.25,1,0,stop,1,2026-09-24T15:27:00Z,15.0,14.44,14.46
253e3d2a9af39841,2026-09-24T11:30:00-04:00,regular,PMAX,pullback,ibkr-GRML-PFSA-SKYQ,IBKR · TWS read-only · live,live,1m,1.95,1.94,1.95,2.8699,33533289.0,2757.4450291916783,113.46469622331692,,unknown,EDGAR has no shares-outstanding figure for this registrant,0,0,REJECT,price,0,"[{""id"": ""price"", ""kills"": true, ""reason"": ""$1.95 is outside $2.00\u201320.00."", ""state"": ""FAIL"", ""value"": ""$1.95  band $2.00\u201320.00""}, {""id"": ""float"", ""kills"": false, ""reason"": ""cascade already stopped"", ""state"": ""NOT_APPLICABLE"", ""value"": ""\u2014""}, {""id"": ""catalyst"", ""kills"": false, ""reason"": ""cascade already stopped"", ""state"": ""NOT_APPLICABLE"", ""value"": ""\u2014""}, {""id"": ""pillars"", ""kills"": false, ""reason"": ""cascade already stopped"", ""state"": ""NOT_APPLICABLE"", ""value"": ""\u2014""}, {""id"": ""rising"", ""kills"": false, ""reason"": ""cascade already stopped"", ""state"": ""NOT_APPLICABLE"", ""value"": ""\u2014""}, {""id"": ""split"", ""kills"": false, ""reason"": ""cascade already stopped"", ""state"": ""NOT_APPLICABLE"", ""value"": ""\u2014""}, {""id"": ""instrument"", ""kills"": false, ""reason"": ""cascade already stopped"", ""state"": ""NOT_APPLICABLE"", ""value"": ""\u2014""}, {""id"": ""tick"", ""kills"": false, ""reason"": ""cascade already stopped"", ""state"": ""NOT_APPLICABLE"", ""value"": ""\u2014""}, {""id"": ""buyout"", ""kills"": false, ""reason"": ""cascade already stopped"", ""state"": ""NOT_APPLICABLE"", ""value"": ""\u2014""}]",[],"{""above_ema9"": true, ""above_vwap"": false, ""buyout_announced"": false, ""catalyst_source_ok"": true, ""catalyst_today"": false, ""catalyst_verdict"": ""NONE"", ""change_pct"": 113.46469622331692, ""feed_stale"": false, ""float_is_shares_outstanding"": false, ""float_shares"": null, ""float_verified"": false, ""halted"": false, ""in_session_window"": true, ""is_fund_or_etf"": null, ""last"": 1.95, ""live_theme"": false, ""macd_positive_and_above_signal"": true, ""penny_theme"": false, ""premarket_volume"": null, ""prev_close"": null, ""rvol"": 2757.4450291916783, ""session_high"": 2.8699, ""session_volume"": 33533289.0, ""split_ratio_clean_integer"": null, ""symbol"": ""PMAX"", ""tick_size"": null}",1.94,1.86,2.1,0.08,2.0,2,1,SUPPRESSED,,,2026-09-24T15:30:11+00:00,29c30d884550,e1fc02d,2026-09-24T11:31:00-04:00,,,1.94,,,0,0,untriggered,0,,1.9,1.83,1.895
