symbol,ts,open,high,low,close,volume
BIYA,2026-10-07T08:00:00Z,2.04,2.2,1.97,2.01,59395.0
BIYA,2026-10-07T08:01:00Z,2.02,2.14,1.82,1.9003,116303.0
BIYA,2026-10-07T08:02:00Z,1.9004,2.2,1.76,2.03,281756.0
BIYA,2026-10-07T08:03:00Z,1.99,2.07,1.78,1.8,170391.0
BIYA,2026-10-07T08:04:00Z,1.7998,1.8,1.7,1.8,174925.0
BIYA,2026-10-07T08:05:00Z,1.79,2.09,1.7,2.09,155050.0
BIYA,2026-10-07T08:06:00Z,2.08,2.08,1.7,1.8,128702.0
BIYA,2026-10-07T08:07:00Z,1.81,1.86,1.79,1.8499,94064.0
BIYA,2026-10-07T08:08:00Z,1.8498,1.95,1.8498,1.93,115629.0
BIYA,2026-10-07T08:09:00Z,1.93,2.06,1.92,1.95,336563.0
BIYA,2026-10-07T08:10:00Z,1.95,2.04,1.89,1.8996,373059.0
BIYA,2026-10-07T08:11:00Z,1.9,2.05,1.85,2.05,270582.0
BIYA,2026-10-07T08:12:00Z,2.0498,2.17,2.01,2.13,604476.0
BIYA,2026-10-07T08:13:00Z,2.1395,2.84,2.1,2.7597,1030655.0
BIYA,2026-10-07T08:14:00Z,2.76,2.86,2.1503,2.16,1440829.0
BIYA,2026-10-07T08:15:00Z,2.17,2.23,2.02,2.04,782950.0
BIYA,2026-10-07T08:16:00Z,2.04,2.15,2.03,2.09,230975.0
BIYA,2026-10-07T08:17:00Z,2.0997,2.21,2.05,2.16,293733.0
BIYA,2026-10-07T08:18:00Z,2.16,2.29,2.08,2.29,196070.0
BIYA,2026-10-07T08:19:00Z,2.29,2.46,2.2,2.24,559547.0
BIYA,2026-10-07T08:20:00Z,2.24,2.55,2.22,2.45,602750.0
BIYA,2026-10-07T08:21:00Z,2.45,2.48,2.33,2.38,409270.0
BIYA,2026-10-07T08:22:00Z,2.3795,2.39,2.22,2.33,304561.0
BIYA,2026-10-07T08:23:00Z,2.32,2.53,2.26,2.39,470143.0
BIYA,2026-10-07T08:24:00Z,2.38,2.51,2.34,2.45,351587.0
BIYA,2026-10-07T08:25:00Z,2.4503,2.72,2.42,2.6695,519491.0
BIYA,2026-10-07T08:26:00Z,2.66,2.74,2.54,2.5795,517490.0
BIYA,2026-10-07T08:27:00Z,2.5703,2.64,2.48,2.6,351721.0
BIYA,2026-10-07T08:28:00Z,2.59,2.6,2.36,2.4099,395338.0
BIYA,2026-10-07T08:29:00Z,2.4,2.5,2.36,2.37,224880.0
BIYA,2026-10-07T08:30:00Z,2.37,2.49,2.35,2.46,211965.0
BIYA,2026-10-07T08:31:00Z,2.47,2.47,2.34,2.3698,210603.0
BIYA,2026-10-07T08:32:00Z,2.37,2.44,2.31,2.3905,218015.0
BIYA,2026-10-07T08:33:00Z,2.39,2.41,2.33,2.35,190786.0
BIYA,2026-10-07T08:34:00Z,2.35,2.43,2.32,2.39,106860.0
BIYA,2026-10-07T08:35:00Z,2.3997,2.44,2.25,2.25,241625.0
BIYA,2026-10-07T08:36:00Z,2.25,2.26,2.21,2.2198,240669.0
BIYA,2026-10-07T08:37:00Z,2.2195,2.25,2.19,2.2097,142260.0
BIYA,2026-10-07T08:38:00Z,2.2,2.21,2.16,2.19,163261.0
BIYA,2026-10-07T08:39:00Z,2.19,2.29,2.18,2.2895,211731.0
BIYA,2026-10-07T08:40:00Z,2.2896,2.29,2.23,2.25,104478.0
BIYA,2026-10-07T08:41:00Z,2.25,2.41,2.23,2.4003,158727.0
BIYA,2026-10-07T08:42:00Z,2.4,2.49,2.37,2.49,300382.0
BIYA,2026-10-07T08:43:00Z,2.49,2.55,2.4305,2.4803,372340.0
BIYA,2026-10-07T08:44:00Z,2.49,2.68,2.46,2.63,288282.0
BIYA,2026-10-07T08:45:00Z,2.64,2.7,2.54,2.5499,310356.0
BIYA,2026-10-07T08:46:00Z,2.5497,2.76,2.53,2.7202,388796.0
BIYA,2026-10-07T08:47:00Z,2.72,2.8,2.64,2.78,474632.0
BIYA,2026-10-07T08:48:00Z,2.785,2.79,2.51,2.5203,510851.0
BIYA,2026-10-07T08:49:00Z,2.53,2.61,2.48,2.59,360013.0
BIYA,2026-10-07T08:50:00Z,2.58,2.73,2.56,2.69,393938.0
BIYA,2026-10-07T08:51:00Z,2.7,2.72,2.63,2.6397,231322.0
BIYA,2026-10-07T08:52:00Z,2.63,2.77,2.62,2.71,367429.0
BIYA,2026-10-07T08:53:00Z,2.71,2.79,2.69,2.7505,334386.0
BIYA,2026-10-07T08:54:00Z,2.76,2.99,2.7,2.9403,842009.0
BIYA,2026-10-07T08:55:00Z,2.95,2.97,2.57,2.67,860471.0
BIYA,2026-10-07T08:56:00Z,2.67,2.68,2.54,2.64,529380.0
BIYA,2026-10-07T08:57:00Z,2.63,2.69,2.5595,2.6505,331366.0
BIYA,2026-10-07T08:58:00Z,2.66,2.66,2.59,2.6197,203546.0
BIYA,2026-10-07T08:59:00Z,2.61,2.7498,2.6,2.72,281617.0
BIYA,2026-10-07T09:00:00Z,2.72,2.83,2.69,2.76,424687.0
BIYA,2026-10-07T09:01:00Z,2.76,2.76,2.67,2.68,208209.0
BIYA,2026-10-07T09:02:00Z,2.685,2.7,2.57,2.6,285078.0
BIYA,2026-10-07T09:03:00Z,2.61,2.66,2.58,2.65,102080.0
BIYA,2026-10-07T09:04:00Z,2.66,2.66,2.56,2.56,157516.0
BIYA,2026-10-07T09:05:00Z,2.56,2.64,2.54,2.6,141980.0
BIYA,2026-10-07T09:06:00Z,2.61,2.69,2.59,2.69,135765.0
BIYA,2026-10-07T09:07:00Z,2.68,2.69,2.6,2.64,134763.0
BIYA,2026-10-07T09:08:00Z,2.64,2.73,2.61,2.68,154264.0
BIYA,2026-10-07T09:09:00Z,2.68,2.73,2.6343,2.7101,119376.0
BIYA,2026-10-07T09:10:00Z,2.72,2.72,2.64,2.6802,180100.0
BIYA,2026-10-07T09:11:00Z,2.68,2.685,2.635,2.65,82307.0
BIYA,2026-10-07T09:12:00Z,2.65,2.68,2.62,2.6403,75699.0
BIYA,2026-10-07T09:13:00Z,2.6405,2.67,2.605,2.62,87596.0
BIYA,2026-10-07T09:14:00Z,2.6102,2.68,2.6,2.68,53608.0
BIYA,2026-10-07T09:15:00Z,2.68,2.75,2.6698,2.72,183410.0
BIYA,2026-10-07T09:16:00Z,2.7296,2.82,2.72,2.7702,204654.0
BIYA,2026-10-07T09:17:00Z,2.78,2.81,2.7,2.7296,158023.0
BIYA,2026-10-07T09:18:00Z,2.72,2.72,2.64,2.67,114681.0
BIYA,2026-10-07T09:19:00Z,2.6795,2.69,2.64,2.67,76446.0
BIYA,2026-10-07T09:20:00Z,2.6798,2.68,2.62,2.63,81163.0
BIYA,2026-10-07T09:21:00Z,2.63,2.65,2.62,2.6303,62931.0
BIYA,2026-10-07T09:22:00Z,2.6397,2.64,2.49,2.56,311956.0
BIYA,2026-10-07T09:23:00Z,2.5603,2.5998,2.53,2.5942,111187.0
BIYA,2026-10-07T09:24:00Z,2.6,2.65,2.59,2.62,101831.0
BIYA,2026-10-07T09:25:00Z,2.6203,2.6595,2.615,2.6404,99549.0
BIYA,2026-10-07T09:26:00Z,2.65,2.66,2.61,2.64,85105.0
BIYA,2026-10-07T09:27:00Z,2.6402,2.66,2.61,2.65,71266.0
BIYA,2026-10-07T09:28:00Z,2.6498,2.65,2.62,2.62,18438.0
BIYA,2026-10-07T09:29:00Z,2.62,2.64,2.61,2.6103,20672.0
BIYA,2026-10-07T09:30:00Z,2.615,2.74,2.6,2.73,162116.0
BIYA,2026-10-07T09:31:00Z,2.73,2.73,2.67,2.71,71029.0
BIYA,2026-10-07T09:32:00Z,2.71,2.78,2.69,2.75,159702.0
BIYA,2026-10-07T09:33:00Z,2.7503,2.7695,2.72,2.75,65342.0
BIYA,2026-10-07T09:34:00Z,2.76,2.79,2.73,2.73,75669.0
BIYA,2026-10-07T09:35:00Z,2.7304,2.93,2.7304,2.8996,347601.0
BIYA,2026-10-07T09:36:00Z,2.89,2.9498,2.86,2.9,210674.0
BIYA,2026-10-07T09:37:00Z,2.8997,2.99,2.87,2.88,252068.0
BIYA,2026-10-07T09:38:00Z,2.89,3.1,2.88,3.07,549316.0
BIYA,2026-10-07T09:39:00Z,3.0702,3.08,2.94,2.9403,299061.0
BIYA,2026-10-07T09:40:00Z,2.9405,2.99,2.88,2.9,249067.0
BIYA,2026-10-07T09:41:00Z,2.9,2.94,2.86,2.88,239587.0
BIYA,2026-10-07T09:42:00Z,2.89,2.98,2.86,2.92,181723.0
BIYA,2026-10-07T09:43:00Z,2.9103,2.96,2.8897,2.8903,79928.0
BIYA,2026-10-07T09:44:00Z,2.9,2.94,2.88,2.93,56926.0
BIYA,2026-10-07T09:45:00Z,2.93,3.03,2.91,3.0,206585.0
BIYA,2026-10-07T09:46:00Z,2.9997,3.01,2.86,2.89,214331.0
BIYA,2026-10-07T09:47:00Z,2.89,2.9,2.78,2.8195,297877.0
BIYA,2026-10-07T09:48:00Z,2.8198,2.82,2.74,2.7603,155380.0
BIYA,2026-10-07T09:49:00Z,2.7603,2.83,2.74,2.81,148910.0
BIYA,2026-10-07T09:50:00Z,2.8096,2.81,2.64,2.68,221601.0
BIYA,2026-10-07T09:51:00Z,2.69,2.72,2.67,2.68,111202.0
BIYA,2026-10-07T09:52:00Z,2.68,2.74,2.67,2.6803,63007.0
BIYA,2026-10-07T09:53:00Z,2.68,2.72,2.67,2.69,68811.0
BIYA,2026-10-07T09:54:00Z,2.6902,2.74,2.6902,2.7199,66027.0
BIYA,2026-10-07T09:55:00Z,2.7103,2.73,2.6803,2.72,55120.0
BIYA,2026-10-07T09:56:00Z,2.72,2.72,2.6802,2.7,29767.0
BIYA,2026-10-07T09:57:00Z,2.7,2.72,2.68,2.72,56899.0
BIYA,2026-10-07T09:58:00Z,2.72,2.74,2.6905,2.7098,50801.0
BIYA,2026-10-07T09:59:00Z,2.71,2.73,2.7,2.7197,29117.0
BIYA,2026-10-07T10:00:00Z,2.71,2.72,2.69,2.6996,27331.0
BIYA,2026-10-07T10:01:00Z,2.6903,2.73,2.61,2.7102,122694.0
BIYA,2026-10-07T10:02:00Z,2.7195,2.8,2.71,2.77,157710.0
BIYA,2026-10-07T10:03:00Z,2.78,2.79,2.73,2.77,78762.0
BIYA,2026-10-07T10:04:00Z,2.77,2.77,2.73,2.73,38906.0
BIYA,2026-10-07T10:05:00Z,2.7397,2.7397,2.68,2.68,53740.0
BIYA,2026-10-07T10:06:00Z,2.7,2.7,2.64,2.6404,93255.0
BIYA,2026-10-07T10:07:00Z,2.65,2.71,2.64,2.6897,64706.0
BIYA,2026-10-07T10:08:00Z,2.6898,2.7,2.68,2.68,22244.0
BIYA,2026-10-07T10:09:00Z,2.68,2.69,2.68,2.68,17930.0
BIYA,2026-10-07T10:10:00Z,2.67,2.74,2.65,2.7397,68586.0
BIYA,2026-10-07T10:11:00Z,2.7301,2.78,2.73,2.77,86675.0
BIYA,2026-10-07T10:12:00Z,2.7703,2.79,2.75,2.75,71661.0
BIYA,2026-10-07T10:13:00Z,2.7403,2.77,2.71,2.71,43887.0
BIYA,2026-10-07T10:14:00Z,2.72,2.75,2.71,2.73,40109.0
BIYA,2026-10-07T10:15:00Z,2.7301,2.7301,2.68,2.6999,72779.0
BIYA,2026-10-07T10:16:00Z,2.69,2.6998,2.65,2.66,52225.0
BIYA,2026-10-07T10:17:00Z,2.6602,2.68,2.64,2.6603,46345.0
BIYA,2026-10-07T10:18:00Z,2.66,2.68,2.65,2.6703,24422.0
BIYA,2026-10-07T10:19:00Z,2.6797,2.71,2.6705,2.68,38693.0
BIYA,2026-10-07T10:20:00Z,2.68,2.69,2.64,2.6797,40259.0
BIYA,2026-10-07T10:21:00Z,2.68,2.71,2.66,2.7095,35746.0
BIYA,2026-10-07T10:22:00Z,2.705,2.71,2.65,2.66,41960.0
BIYA,2026-10-07T10:23:00Z,2.67,2.67,2.56,2.58,182342.0
BIYA,2026-10-07T10:24:00Z,2.5796,2.63,2.5595,2.59,63988.0
BIYA,2026-10-07T10:25:00Z,2.5903,2.61,2.57,2.5903,54314.0
BIYA,2026-10-07T10:26:00Z,2.5996,2.66,2.59,2.61,49249.0
BIYA,2026-10-07T10:27:00Z,2.61,2.66,2.59,2.63,70018.0
BIYA,2026-10-07T10:28:00Z,2.63,2.7,2.6,2.64,57550.0
BIYA,2026-10-07T10:29:00Z,2.63,2.65,2.61,2.6198,17727.0
BIYA,2026-10-07T10:30:00Z,2.62,2.62,2.59,2.59,20637.0
BIYA,2026-10-07T10:31:00Z,2.59,2.65,2.59,2.63,20056.0
BIYA,2026-10-07T10:32:00Z,2.64,2.68,2.63,2.6597,43217.0
BIYA,2026-10-07T10:33:00Z,2.66,2.72,2.6502,2.7,67499.0
BIYA,2026-10-07T10:34:00Z,2.71,2.77,2.7,2.7502,116344.0
BIYA,2026-10-07T10:35:00Z,2.755,2.76,2.69,2.7,66865.0
BIYA,2026-10-07T10:36:00Z,2.69,2.72,2.69,2.71,24831.0
BIYA,2026-10-07T10:37:00Z,2.7001,2.7103,2.69,2.69,23606.0
BIYA,2026-10-07T10:38:00Z,2.69,2.71,2.69,2.69,17584.0
BIYA,2026-10-07T10:39:00Z,2.6902,2.7,2.68,2.6903,29405.0
BIYA,2026-10-07T10:40:00Z,2.69,2.75,2.69,2.7098,86452.0
BIYA,2026-10-07T10:41:00Z,2.7,2.71,2.64,2.66,44305.0
BIYA,2026-10-07T10:42:00Z,2.6697,2.67,2.61,2.62,35848.0
BIYA,2026-10-07T10:43:00Z,2.6203,2.64,2.61,2.61,28999.0
BIYA,2026-10-07T10:44:00Z,2.6195,2.65,2.61,2.63,24811.0
BIYA,2026-10-07T10:45:00Z,2.62,2.64,2.6197,2.6203,11364.0
BIYA,2026-10-07T10:46:00Z,2.6204,2.64,2.62,2.625,11543.0
BIYA,2026-10-07T10:47:00Z,2.62,2.63,2.59,2.6,29708.0
BIYA,2026-10-07T10:48:00Z,2.6,2.6,2.56,2.57,51100.0
BIYA,2026-10-07T10:49:00Z,2.5797,2.64,2.57,2.62,67889.0
BIYA,2026-10-07T10:50:00Z,2.63,2.63,2.59,2.5998,19182.0
BIYA,2026-10-07T10:51:00Z,2.59,2.61,2.58,2.585,26313.0
BIYA,2026-10-07T10:52:00Z,2.585,2.59,2.54,2.5703,60051.0
BIYA,2026-10-07T10:53:00Z,2.58,2.65,2.58,2.64,60284.0
BIYA,2026-10-07T10:54:00Z,2.64,2.65,2.62,2.63,34981.0
BIYA,2026-10-07T10:55:00Z,2.63,2.635,2.56,2.5601,45480.0
BIYA,2026-10-07T10:56:00Z,2.57,2.58,2.54,2.56,44973.0
BIYA,2026-10-07T10:57:00Z,2.5503,2.56,2.52,2.52,69311.0
BIYA,2026-10-07T10:58:00Z,2.52,2.58,2.49,2.569,63438.0
BIYA,2026-10-07T10:59:00Z,2.57,2.57,2.52,2.53,31659.0
BIYA,2026-10-07T11:00:00Z,2.5397,2.54,2.42,2.4498,151129.0
BIYA,2026-10-07T11:01:00Z,2.44,2.45,2.34,2.37,216171.0
BIYA,2026-10-07T11:02:00Z,2.3703,2.41,2.36,2.37,126325.0
BIYA,2026-10-07T11:03:00Z,2.37,2.38,2.35,2.3595,106906.0
BIYA,2026-10-07T11:04:00Z,2.3596,2.41,2.35,2.37,84594.0
BIYA,2026-10-07T11:05:00Z,2.3703,2.425,2.37,2.4098,58788.0
BIYA,2026-10-07T11:06:00Z,2.4081,2.43,2.39,2.3997,64094.0
BIYA,2026-10-07T11:07:00Z,2.4,2.45,2.39,2.44,67592.0
BIYA,2026-10-07T11:08:00Z,2.4496,2.5,2.44,2.4599,119939.0
BIYA,2026-10-07T11:09:00Z,2.45,2.45,2.42,2.4203,52404.0
BIYA,2026-10-07T11:10:00Z,2.4281,2.45,2.4007,2.42,51652.0
BIYA,2026-10-07T11:11:00Z,2.42,2.44,2.38,2.38,32509.0
BIYA,2026-10-07T11:12:00Z,2.3896,2.44,2.3804,2.4018,37067.0
BIYA,2026-10-07T11:13:00Z,2.405,2.4096,2.3898,2.3996,27670.0
BIYA,2026-10-07T11:14:00Z,2.39,2.42,2.39,2.41,32736.0
BIYA,2026-10-07T11:15:00Z,2.405,2.405,2.35,2.35,75948.0
BIYA,2026-10-07T11:16:00Z,2.35,2.37,2.34,2.3601,59662.0
BIYA,2026-10-07T11:17:00Z,2.3697,2.41,2.36,2.41,23643.0
BIYA,2026-10-07T11:18:00Z,2.41,2.41,2.35,2.3697,32839.0
BIYA,2026-10-07T11:19:00Z,2.37,2.38,2.35,2.37,17679.0
BIYA,2026-10-07T11:20:00Z,2.36,2.37,2.34,2.37,23806.0
BIYA,2026-10-07T11:21:00Z,2.3697,2.38,2.36,2.3619,19437.0
BIYA,2026-10-07T11:22:00Z,2.3617,2.37,2.34,2.3503,36367.0
BIYA,2026-10-07T11:23:00Z,2.355,2.415,2.355,2.3883,32493.0
BIYA,2026-10-07T11:24:00Z,2.3802,2.41,2.38,2.408,26802.0
BIYA,2026-10-07T11:25:00Z,2.41,2.43,2.4,2.42,58417.0
BIYA,2026-10-07T11:26:00Z,2.41,2.42,2.39,2.4,50498.0
BIYA,2026-10-07T11:27:00Z,2.408,2.41,2.4,2.4096,10952.0
BIYA,2026-10-07T11:28:00Z,2.4,2.41,2.37,2.4,33613.0
BIYA,2026-10-07T11:29:00Z,2.4,2.4,2.3697,2.37,29306.0
BIYA,2026-10-07T11:30:00Z,2.37,2.39,2.35,2.37,31671.0
BIYA,2026-10-07T11:31:00Z,2.38,2.46,2.37,2.425,73756.0
BIYA,2026-10-07T11:32:00Z,2.43,2.44,2.38,2.385,28927.0
BIYA,2026-10-07T11:33:00Z,2.385,2.4,2.38,2.3903,7146.0
BIYA,2026-10-07T11:34:00Z,2.3904,2.46,2.3904,2.455,46337.0
BIYA,2026-10-07T11:35:00Z,2.455,2.5899,2.442,2.55,281847.0
BIYA,2026-10-07T11:36:00Z,2.55,2.56,2.5,2.51,133630.0
BIYA,2026-10-07T11:37:00Z,2.51,2.52,2.48,2.4899,59798.0
BIYA,2026-10-07T11:38:00Z,2.4899,2.51,2.4899,2.51,56327.0
BIYA,2026-10-07T11:39:00Z,2.5185,2.52,2.4599,2.4701,72231.0
BIYA,2026-10-07T11:40:00Z,2.47,2.5,2.47,2.49,27825.0
BIYA,2026-10-07T11:41:00Z,2.48,2.5,2.48,2.49,27891.0
BIYA,2026-10-07T11:42:00Z,2.4802,2.51,2.47,2.47,48430.0
BIYA,2026-10-07T11:43:00Z,2.4698,2.4798,2.44,2.4702,48951.0
BIYA,2026-10-07T11:44:00Z,2.4701,2.4797,2.44,2.45,25476.0
BIYA,2026-10-07T11:45:00Z,2.4503,2.4596,2.44,2.4496,17719.0
BIYA,2026-10-07T11:46:00Z,2.44,2.4502,2.44,2.4502,15907.0
BIYA,2026-10-07T11:47:00Z,2.4599,2.46,2.44,2.44,16297.0
BIYA,2026-10-07T11:48:00Z,2.4499,2.4499,2.41,2.42,29715.0
BIYA,2026-10-07T11:49:00Z,2.4198,2.42,2.39,2.41,50812.0
BIYA,2026-10-07T11:50:00Z,2.41,2.48,2.38,2.43,49536.0
BIYA,2026-10-07T11:51:00Z,2.42,2.43,2.41,2.4196,12020.0
BIYA,2026-10-07T11:52:00Z,2.41,2.43,2.41,2.43,12620.0
BIYA,2026-10-07T11:53:00Z,2.4299,2.4299,2.4,2.4102,12169.0
BIYA,2026-10-07T11:54:00Z,2.42,2.4201,2.4,2.42,17209.0
BIYA,2026-10-07T11:55:00Z,2.42,2.43,2.41,2.4299,10259.0
BIYA,2026-10-07T11:56:00Z,2.4205,2.45,2.4205,2.4497,35854.0
BIYA,2026-10-07T11:57:00Z,2.45,2.48,2.44,2.45,62856.0
BIYA,2026-10-07T11:58:00Z,2.45,2.47,2.44,2.4598,30769.0
BIYA,2026-10-07T11:59:00Z,2.4598,2.48,2.42,2.4299,51431.0
BIYA,2026-10-07T12:00:00Z,2.421,2.47,2.42,2.47,31706.0
BIYA,2026-10-07T12:01:00Z,2.47,2.5,2.46,2.4998,54593.0
BIYA,2026-10-07T12:02:00Z,2.4997,2.55,2.49,2.5199,110836.0
BIYA,2026-10-07T12:03:00Z,2.5199,2.56,2.5,2.5303,125187.0
BIYA,2026-10-07T12:04:00Z,2.54,2.6,2.52,2.52,188554.0
BIYA,2026-10-07T12:05:00Z,2.52,2.52,2.44,2.4698,120368.0
BIYA,2026-10-07T12:06:00Z,2.46,2.49,2.42,2.43,68510.0
BIYA,2026-10-07T12:07:00Z,2.4304,2.46,2.41,2.43,87880.0
BIYA,2026-10-07T12:08:00Z,2.43,2.45,2.42,2.4405,23906.0
BIYA,2026-10-07T12:09:00Z,2.4402,2.45,2.4103,2.4103,31075.0
BIYA,2026-10-07T12:10:00Z,2.41,2.45,2.41,2.438,44637.0
BIYA,2026-10-07T12:11:00Z,2.44,2.45,2.43,2.4301,13473.0
BIYA,2026-10-07T12:12:00Z,2.4301,2.4396,2.36,2.3703,99871.0
BIYA,2026-10-07T12:13:00Z,2.37,2.39,2.36,2.3881,74186.0
BIYA,2026-10-07T12:14:00Z,2.39,2.39,2.38,2.39,15917.0
BIYA,2026-10-07T12:15:00Z,2.39,2.4,2.38,2.4,24666.0
BIYA,2026-10-07T12:16:00Z,2.4,2.42,2.4,2.41,26496.0
BIYA,2026-10-07T12:17:00Z,2.42,2.45,2.41,2.41,71909.0
BIYA,2026-10-07T12:18:00Z,2.41,2.44,2.38,2.4301,68356.0
BIYA,2026-10-07T12:19:00Z,2.4303,2.54,2.43,2.54,133534.0
BIYA,2026-10-07T12:20:00Z,2.54,28.56,2.51,28.56,2034099.0
BIYA,2026-10-07T12:21:00Z,28.56,37.1,7.72,8.2297,665675.0
BIYA,2026-10-07T12:22:00Z,7.92,8.1269,5.19,5.52,742275.0
BIYA,2026-10-07T12:23:00Z,5.5025,5.69,3.45,3.74,639483.0
BIYA,2026-10-07T12:24:00Z,3.86,3.9,3.2,3.3859,496079.0
BIYA,2026-10-07T12:25:00Z,3.45,3.5,2.72,2.96,779239.0
BIYA,2026-10-07T12:26:00Z,2.96,3.4,2.88,3.25,435978.0
BIYA,2026-10-07T12:27:00Z,3.25,3.33,2.78,3.0,351444.0
BIYA,2026-10-07T12:28:00Z,3.05,3.26,2.98,3.02,244095.0
BIYA,2026-10-07T12:29:00Z,3.002,3.25,3.002,3.04,209991.0
BIYA,2026-10-07T12:30:00Z,3.05,3.64,3.01,3.598,463244.0
BIYA,2026-10-07T12:31:00Z,3.59,3.6,3.26,3.37,494123.0
BIYA,2026-10-07T12:32:00Z,3.3803,3.71,3.34,3.6519,372827.0
BIYA,2026-10-07T12:33:00Z,3.66,3.75,3.42,3.5,387708.0
BIYA,2026-10-07T12:34:00Z,3.51,3.53,3.2,3.24,431662.0
BIYA,2026-10-07T12:35:00Z,3.24,3.3702,3.2,3.27,238610.0
BIYA,2026-10-07T12:36:00Z,3.2703,3.34,3.21,3.21,179681.0
BIYA,2026-10-07T12:37:00Z,3.23,3.24,3.0,3.04,311065.0
BIYA,2026-10-07T12:38:00Z,3.05,3.13,2.95,3.0799,257690.0
BIYA,2026-10-07T12:39:00Z,3.0701,3.2,3.03,3.1596,130473.0
BIYA,2026-10-07T12:40:00Z,3.15,3.38,3.13,3.31,294460.0
BIYA,2026-10-07T12:41:00Z,3.31,3.33,3.13,3.17,159651.0
BIYA,2026-10-07T12:42:00Z,3.1999,3.35,3.11,3.31,309695.0
BIYA,2026-10-07T12:43:00Z,3.31,3.32,3.1,3.11,261993.0
BIYA,2026-10-07T12:44:00Z,3.13,3.43,3.02,3.06,286168.0
BIYA,2026-10-07T12:45:00Z,3.06,3.09,2.99,3.0,255094.0
BIYA,2026-10-07T12:46:00Z,3.008,3.06,2.96,2.9997,155560.0
BIYA,2026-10-07T12:47:00Z,3.0,3.01,2.9,2.91,200963.0
BIYA,2026-10-07T12:48:00Z,2.93,2.9493,2.8,2.8398,330315.0
BIYA,2026-10-07T12:49:00Z,2.84,2.89,2.76,2.8851,184398.0
BIYA,2026-10-07T12:50:00Z,2.8708,2.91,2.51,2.53,318040.0
BIYA,2026-10-07T12:51:00Z,2.54,2.64,2.51,2.62,248100.0
BIYA,2026-10-07T12:52:00Z,2.62,2.64,2.55,2.59,135058.0
BIYA,2026-10-07T12:53:00Z,2.5996,2.61,2.48,2.48,233246.0
BIYA,2026-10-07T12:54:00Z,2.4898,2.58,2.47,2.52,162748.0
BIYA,2026-10-07T12:55:00Z,2.5203,2.6,2.5195,2.5704,92212.0
BIYA,2026-10-07T12:56:00Z,2.59,2.63,2.53,2.5598,139779.0
BIYA,2026-10-07T12:57:00Z,2.559,2.57,2.43,2.44,166604.0
BIYA,2026-10-07T12:58:00Z,2.45,2.68,2.43,2.53,335897.0
BIYA,2026-10-07T12:59:00Z,2.53,2.56,2.48,2.5,85373.0
BIYA,2026-10-07T13:00:00Z,2.5,2.5,2.24,2.2405,268797.0
BIYA,2026-10-07T13:01:00Z,2.2498,2.27,2.15,2.19,363508.0
BIYA,2026-10-07T13:02:00Z,2.1998,2.21,2.03,2.03,344835.0
BIYA,2026-10-07T13:03:00Z,2.03,2.1001,2.01,2.04,320106.0
BIYA,2026-10-07T13:04:00Z,2.03,2.04,1.9,1.97,390375.0
BIYA,2026-10-07T13:05:00Z,1.9798,2.0,1.89,1.92,244123.0
BIYA,2026-10-07T13:06:00Z,1.9103,1.99,1.9103,1.92,145805.0
BIYA,2026-10-07T13:07:00Z,1.92,2.0,1.91,1.9831,117783.0
BIYA,2026-10-07T13:08:00Z,1.99,2.0,1.9415,1.9715,125478.0
BIYA,2026-10-07T13:09:00Z,1.98,1.98,1.85,1.8903,271417.0
BIYA,2026-10-07T13:10:00Z,1.9,1.91,1.86,1.8705,104362.0
BIYA,2026-10-07T13:11:00Z,1.8798,1.89,1.86,1.86,124092.0
BIYA,2026-10-07T13:12:00Z,1.85,1.86,1.7603,1.79,293274.0
BIYA,2026-10-07T13:13:00Z,1.78,1.8501,1.78,1.85,107462.0
BIYA,2026-10-07T13:14:00Z,1.85,1.868,1.7601,1.77,159251.0
BIYA,2026-10-07T13:15:00Z,1.76,1.77,1.67,1.72,322432.0
BIYA,2026-10-07T13:16:00Z,1.7198,1.86,1.7198,1.8595,220416.0
BIYA,2026-10-07T13:17:00Z,1.8503,2.06,1.85,2.06,451632.0
BIYA,2026-10-07T13:18:00Z,2.05,2.17,2.02,2.13,575696.0
BIYA,2026-10-07T13:19:00Z,2.1396,2.1698,2.07,2.09,288970.0
BIYA,2026-10-07T13:20:00Z,2.0904,2.17,2.09,2.14,261695.0
BIYA,2026-10-07T13:21:00Z,2.14,2.14,2.01,2.06,201280.0
BIYA,2026-10-07T13:22:00Z,2.06,2.12,2.05,2.0796,83395.0
BIYA,2026-10-07T13:23:00Z,2.07,2.1,2.01,2.02,160156.0
BIYA,2026-10-07T13:24:00Z,2.02,2.03,2.0,2.0,159028.0
BIYA,2026-10-07T13:25:00Z,2.0,2.1,2.0,2.06,155819.0
BIYA,2026-10-07T13:26:00Z,2.07,2.3,2.06,2.27,337006.0
BIYA,2026-10-07T13:27:00Z,2.27,2.27,2.2,2.23,218366.0
BIYA,2026-10-07T13:28:00Z,2.23,2.23,2.09,2.17,138747.0
BIYA,2026-10-07T13:29:00Z,2.16,2.2,2.11,2.14,123726.0
BIYA,2026-10-07T13:30:00Z,2.14,2.43,2.0801,2.33,842790.0
BIYA,2026-10-07T13:31:00Z,2.34,2.5,2.11,2.21,973700.0
BIYA,2026-10-07T13:32:00Z,2.2001,2.3,2.02,2.19,433330.0
BIYA,2026-10-07T13:33:00Z,2.19,2.24,2.1,2.2122,259519.0
BIYA,2026-10-07T13:34:00Z,2.2135,2.2299,1.96,2.0399,353000.0
BIYA,2026-10-07T13:35:00Z,2.0399,2.045,1.9,1.91,353042.0
BIYA,2026-10-07T13:36:00Z,1.91,1.95,1.84,1.879,332563.0
BIYA,2026-10-07T13:37:00Z,1.8799,1.93,1.87,1.9293,159237.0
BIYA,2026-10-07T13:38:00Z,1.93,1.96,1.9,1.93,178502.0
BIYA,2026-10-07T13:39:00Z,1.92,1.93,1.89,1.9,132877.0
BIYA,2026-10-07T13:40:00Z,1.9098,2.05,1.9,2.04,197337.0
BIYA,2026-10-07T13:41:00Z,2.05,2.2,2.04,2.07,497251.0
BIYA,2026-10-07T13:42:00Z,2.07,2.09,2.03,2.0728,155615.0
BIYA,2026-10-07T13:43:00Z,2.07,2.0799,2.006,2.0398,146746.0
BIYA,2026-10-07T13:44:00Z,2.0399,2.07,2.01,2.0699,90542.0
BIYA,2026-10-07T13:45:00Z,2.06,2.075,2.0,2.038,124103.0
BIYA,2026-10-07T13:46:00Z,2.031,2.0322,1.9501,1.985,160617.0
BIYA,2026-10-07T13:47:00Z,1.99,1.99,1.95,1.965,124422.0
BIYA,2026-10-07T13:48:00Z,1.9682,2.02,1.9601,2.01,53701.0
BIYA,2026-10-07T13:49:00Z,2.005,2.015,1.97,1.97,71396.0
BIYA,2026-10-07T13:50:00Z,1.971,1.971,1.82,1.885,281080.0
BIYA,2026-10-07T13:51:00Z,1.89,1.94,1.89,1.925,64637.0
BIYA,2026-10-07T13:52:00Z,1.9299,2.1299,1.92,2.0499,317036.0
BIYA,2026-10-07T13:53:00Z,2.04,2.07,1.97,1.9937,169618.0
BIYA,2026-10-07T13:54:00Z,1.99,2.1,1.98,2.08,104399.0
BIYA,2026-10-07T13:55:00Z,2.07,2.21,2.06,2.18,407865.0
BIYA,2026-10-07T13:56:00Z,2.175,2.3699,2.13,2.315,518145.0
BIYA,2026-10-07T13:57:00Z,2.3175,2.4,2.25,2.2508,771800.0
BIYA,2026-10-07T13:58:00Z,2.26,2.39,2.24,2.3398,546389.0
BIYA,2026-10-07T13:59:00Z,2.3399,2.46,2.28,2.2999,791645.0
BIYA,2026-10-07T14:00:00Z,2.34,2.34,2.16,2.23,594118.0
BIYA,2026-10-07T14:01:00Z,2.23,2.23,2.02,2.12,439937.0
BIYA,2026-10-07T14:02:00Z,2.12,2.17,2.115,2.165,131054.0
BIYA,2026-10-07T14:03:00Z,2.16,2.21,2.14,2.18,185818.0
BIYA,2026-10-07T14:04:00Z,2.19,2.33,2.18,2.225,403626.0
BIYA,2026-10-07T14:05:00Z,2.2201,2.28,2.21,2.2499,157435.0
BIYA,2026-10-07T14:06:00Z,2.2401,2.33,2.2101,2.3299,305993.0
BIYA,2026-10-07T14:07:00Z,2.3201,2.34,2.25,2.28,211207.0
BIYA,2026-10-07T14:08:00Z,2.28,2.28,2.17,2.1899,219668.0
BIYA,2026-10-07T14:09:00Z,2.19,2.24,2.17,2.19,138544.0
BIYA,2026-10-07T14:10:00Z,2.18,2.23,2.15,2.22,115080.0
BIYA,2026-10-07T14:11:00Z,2.2279,2.23,2.18,2.22,124270.0
BIYA,2026-10-07T14:12:00Z,2.229,2.23,2.16,2.1601,92531.0
BIYA,2026-10-07T14:13:00Z,2.1601,2.23,2.12,2.195,125185.0
BIYA,2026-10-07T14:14:00Z,2.1953,2.2,2.15,2.1901,73963.0
BIYA,2026-10-07T14:15:00Z,2.195,2.2,2.15,2.16,56661.0
BIYA,2026-10-07T14:16:00Z,2.15,2.1899,2.06,2.0799,211092.0
BIYA,2026-10-07T14:17:00Z,2.075,2.1199,2.06,2.08,92065.0
BIYA,2026-10-07T14:18:00Z,2.085,2.1099,2.06,2.08,80685.0
BIYA,2026-10-07T14:19:00Z,2.075,2.11,2.0201,2.0533,180475.0
BIYA,2026-10-07T14:20:00Z,2.0512,2.0599,1.95,2.0101,219750.0
BIYA,2026-10-07T14:21:00Z,2.02,2.04,2.01,2.03,52079.0
BIYA,2026-10-07T14:22:00Z,2.03,2.055,2.0,2.01,79783.0
BIYA,2026-10-07T14:23:00Z,2.01,2.04,2.01,2.03,37129.0
BIYA,2026-10-07T14:24:00Z,2.03,2.07,2.03,2.0501,91605.0
BIYA,2026-10-07T14:25:00Z,2.06,2.07,2.05,2.0508,70662.0
BIYA,2026-10-07T14:26:00Z,2.05,2.06,1.97,1.98,141563.0
BIYA,2026-10-07T14:27:00Z,1.98,2.0,1.9701,1.99,44070.0
BIYA,2026-10-07T14:28:00Z,1.9801,1.995,1.98,1.99,39465.0
BIYA,2026-10-07T14:29:00Z,1.99,2.0,1.97,1.97,23312.0
BIYA,2026-10-07T14:30:00Z,1.9799,2.01,1.97,2.009,49099.0
BIYA,2026-10-07T14:31:00Z,2.01,2.0201,2.0,2.01,37926.0
BIYA,2026-10-07T14:32:00Z,2.01,2.015,1.95,1.95,96414.0
BIYA,2026-10-07T14:33:00Z,1.9501,2.0,1.95,1.9699,64428.0
BIYA,2026-10-07T14:34:00Z,1.9641,2.03,1.955,2.0196,98226.0
BIYA,2026-10-07T14:35:00Z,2.019,2.07,2.015,2.0499,107002.0
BIYA,2026-10-07T14:36:00Z,2.04,2.06,2.01,2.035,73438.0
BIYA,2026-10-07T14:37:00Z,2.0301,2.04,2.01,2.0183,44594.0
BIYA,2026-10-07T14:38:00Z,2.015,2.0202,1.98,2.01,47870.0
BIYA,2026-10-07T14:39:00Z,2.0014,2.01,1.99,1.9999,18024.0
BIYA,2026-10-07T14:40:00Z,1.99,2.01,1.97,1.9701,47220.0
BIYA,2026-10-07T14:41:00Z,1.9701,1.98,1.93,1.94,69515.0
BIYA,2026-10-07T14:42:00Z,1.9402,1.9757,1.93,1.9649,43308.0
BIYA,2026-10-07T14:43:00Z,1.9601,1.98,1.9601,1.97,13914.0
BIYA,2026-10-07T14:44:00Z,1.9701,1.99,1.97,1.9799,12792.0
BIYA,2026-10-07T14:45:00Z,1.9799,1.99,1.975,1.98,8113.0
BIYA,2026-10-07T14:46:00Z,1.97,1.98,1.93,1.93,52763.0
BIYA,2026-10-07T14:47:00Z,1.94,1.94,1.92,1.94,47861.0
BIYA,2026-10-07T14:48:00Z,1.9345,1.95,1.92,1.94,39249.0
BIYA,2026-10-07T14:49:00Z,1.946,2.0,1.94,1.989,55990.0
BIYA,2026-10-07T14:50:00Z,1.99,2.02,1.9701,2.005,84558.0
BIYA,2026-10-07T14:51:00Z,2.0158,2.08,2.0,2.06,140679.0
BIYA,2026-10-07T14:52:00Z,2.0583,2.07,2.03,2.05,66448.0
BIYA,2026-10-07T14:53:00Z,2.045,2.05,2.02,2.04,31029.0
BIYA,2026-10-07T14:54:00Z,2.04,2.04,2.03,2.03,12187.0
BIYA,2026-10-07T14:55:00Z,2.0301,2.06,2.03,2.0534,64378.0
BIYA,2026-10-07T14:56:00Z,2.05,2.06,2.04,2.045,27185.0
BIYA,2026-10-07T14:57:00Z,2.05,2.05,2.015,2.015,32525.0
BIYA,2026-10-07T14:58:00Z,2.01,2.02,2.0,2.015,36055.0
BIYA,2026-10-07T14:59:00Z,2.01,2.04,2.01,2.02,22578.0
BIYA,2026-10-07T15:00:00Z,2.02,2.045,2.015,2.0302,20107.0
BIYA,2026-10-07T15:01:00Z,2.04,2.05,2.0,2.03,40832.0
BIYA,2026-10-07T15:02:00Z,2.03,2.03,1.95,1.9612,76004.0
BIYA,2026-10-07T15:03:00Z,1.95,1.9582,1.78,1.84,344691.0
BIYA,2026-10-07T15:04:00Z,1.8383,1.89,1.8301,1.879,126241.0
BIYA,2026-10-07T15:05:00Z,1.879,1.915,1.87,1.89,47701.0
BIYA,2026-10-07T15:06:00Z,1.89,1.92,1.89,1.915,52734.0
BIYA,2026-10-07T15:07:00Z,1.92,1.97,1.9,1.94,45419.0
BIYA,2026-10-07T15:08:00Z,1.9417,1.95,1.9,1.9,26961.0
BIYA,2026-10-07T15:09:00Z,1.9099,2.08,1.9099,2.0122,221586.0
BIYA,2026-10-07T15:10:00Z,2.02,2.02,1.97,1.995,48307.0
BIYA,2026-10-07T15:11:00Z,1.9999,2.01,1.9818,2.0,23162.0
BIYA,2026-10-07T15:12:00Z,2.01,2.02,1.95,1.9676,31842.0
BIYA,2026-10-07T15:13:00Z,1.97,2.02,1.955,2.0,39834.0
BIYA,2026-10-07T15:14:00Z,2.01,2.02,1.97,1.98,20029.0
BIYA,2026-10-07T15:15:00Z,1.98,2.03,1.96,2.02,43281.0
BIYA,2026-10-07T15:16:00Z,2.0199,2.05,1.99,2.0336,44993.0
BIYA,2026-10-07T15:17:00Z,2.03,2.1,2.02,2.0799,106511.0
BIYA,2026-10-07T15:18:00Z,2.07,2.08,2.0501,2.06,47738.0
BIYA,2026-10-07T15:19:00Z,2.07,2.07,1.942,1.96,28885.0
BIYA,2026-10-07T15:20:00Z,1.97,2.02,1.96,1.9801,20992.0
BIYA,2026-10-07T15:21:00Z,1.9801,2.03,1.9801,2.02,22689.0
BIYA,2026-10-07T15:22:00Z,2.0199,2.05,2.0,2.0499,32439.0
BIYA,2026-10-07T15:23:00Z,2.0499,2.0499,2.02,2.03,16648.0
BIYA,2026-10-07T15:24:00Z,2.0136,2.05,2.01,2.012,21359.0
BIYA,2026-10-07T15:25:00Z,2.01,2.015,1.99,2.0,22302.0
BIYA,2026-10-07T15:26:00Z,1.995,2.08,1.995,2.075,59392.0
BIYA,2026-10-07T15:27:00Z,2.07,2.075,2.01,2.05,62931.0
BIYA,2026-10-07T15:28:00Z,2.07,2.08,2.04,2.06,23256.0
BIYA,2026-10-07T15:29:00Z,2.06,2.07,2.0201,2.04,66316.0
BIYA,2026-10-07T15:30:00Z,2.035,2.15,2.015,2.1201,130740.0
BIYA,2026-10-07T15:31:00Z,2.12,2.14,2.09,2.1,37827.0
LGCL,2026-10-07T08:03:00Z,2.31,2.31,2.31,2.31,100.0
LGCL,2026-10-07T08:04:00Z,2.31,2.31,2.31,2.31,0.0
LGCL,2026-10-07T08:05:00Z,2.31,2.31,2.31,2.31,0.0
LGCL,2026-10-07T08:06:00Z,2.31,2.31,2.31,2.31,0.0
LGCL,2026-10-07T08:07:00Z,2.31,2.31,2.31,2.31,0.0
LGCL,2026-10-07T08:08:00Z,2.31,2.31,2.31,2.31,0.0
LGCL,2026-10-07T08:09:00Z,2.31,2.31,2.31,2.31,0.0
LGCL,2026-10-07T08:10:00Z,2.31,2.31,2.31,2.31,0.0
LGCL,2026-10-07T08:11:00Z,2.31,2.31,2.31,2.31,0.0
LGCL,2026-10-07T08:12:00Z,2.31,2.31,2.31,2.31,0.0
LGCL,2026-10-07T08:13:00Z,2.31,2.31,2.31,2.31,0.0
LGCL,2026-10-07T08:14:00Z,2.31,2.31,2.31,2.31,0.0
LGCL,2026-10-07T08:15:00Z,2.31,2.31,2.31,2.31,0.0
LGCL,2026-10-07T08:16:00Z,2.31,2.31,2.31,2.31,0.0
LGCL,2026-10-07T08:17:00Z,2.31,2.31,2.31,2.31,0.0
LGCL,2026-10-07T08:18:00Z,2.31,2.31,2.31,2.31,0.0
LGCL,2026-10-07T08:19:00Z,2.31,2.31,2.31,2.31,0.0
LGCL,2026-10-07T08:20:00Z,2.31,2.31,2.31,2.31,0.0
LGCL,2026-10-07T08:21:00Z,2.31,2.31,2.31,2.31,0.0
LGCL,2026-10-07T08:22:00Z,2.31,2.31,2.31,2.31,0.0
LGCL,2026-10-07T08:23:00Z,2.31,2.31,2.31,2.31,0.0
LGCL,2026-10-07T08:24:00Z,2.31,2.31,2.31,2.31,0.0
LGCL,2026-10-07T08:25:00Z,2.31,2.31,2.31,2.31,0.0
LGCL,2026-10-07T08:26:00Z,2.31,2.31,2.31,2.31,0.0
LGCL,2026-10-07T08:27:00Z,2.31,2.31,2.31,2.31,0.0
LGCL,2026-10-07T08:28:00Z,2.31,2.31,2.31,2.31,0.0
LGCL,2026-10-07T08:29:00Z,2.31,2.31,2.31,2.31,0.0
LGCL,2026-10-07T08:30:00Z,2.31,2.31,2.31,2.31,0.0
LGCL,2026-10-07T08:31:00Z,2.31,2.31,2.31,2.31,0.0
LGCL,2026-10-07T08:32:00Z,2.31,2.31,2.31,2.31,0.0
LGCL,2026-10-07T08:33:00Z,2.31,2.31,2.31,2.31,0.0
LGCL,2026-10-07T08:34:00Z,2.31,2.31,2.31,2.31,0.0
LGCL,2026-10-07T08:35:00Z,2.31,2.31,2.31,2.31,0.0
LGCL,2026-10-07T08:36:00Z,2.31,2.31,2.31,2.31,0.0
LGCL,2026-10-07T08:37:00Z,2.31,2.31,2.31,2.31,0.0
LGCL,2026-10-07T08:38:00Z,2.31,2.31,2.31,2.31,0.0
LGCL,2026-10-07T08:39:00Z,2.31,2.31,2.31,2.31,0.0
LGCL,2026-10-07T08:40:00Z,2.31,2.31,2.31,2.31,0.0
LGCL,2026-10-07T08:41:00Z,2.31,2.31,2.31,2.31,0.0
LGCL,2026-10-07T08:42:00Z,2.31,2.31,2.31,2.31,0.0
LGCL,2026-10-07T08:43:00Z,2.31,2.31,2.31,2.31,0.0
LGCL,2026-10-07T08:44:00Z,2.31,2.31,2.31,2.31,0.0
LGCL,2026-10-07T08:45:00Z,2.31,2.31,2.31,2.31,0.0
LGCL,2026-10-07T08:46:00Z,2.31,2.31,2.31,2.31,0.0
LGCL,2026-10-07T08:47:00Z,2.31,2.31,2.31,2.31,0.0
LGCL,2026-10-07T08:48:00Z,2.31,2.31,2.31,2.31,0.0
LGCL,2026-10-07T08:49:00Z,2.31,2.31,2.31,2.31,0.0
LGCL,2026-10-07T08:50:00Z,2.31,2.31,2.31,2.31,0.0
LGCL,2026-10-07T08:51:00Z,2.31,2.31,2.31,2.31,0.0
LGCL,2026-10-07T08:52:00Z,2.31,2.31,2.31,2.31,0.0
LGCL,2026-10-07T08:53:00Z,2.31,2.31,2.31,2.31,0.0
LGCL,2026-10-07T08:54:00Z,2.31,2.31,2.31,2.31,0.0
LGCL,2026-10-07T08:55:00Z,2.31,2.31,2.31,2.31,0.0
LGCL,2026-10-07T08:56:00Z,2.31,2.31,2.31,2.31,0.0
LGCL,2026-10-07T08:57:00Z,2.31,2.31,2.31,2.31,0.0
LGCL,2026-10-07T08:58:00Z,2.31,2.31,2.31,2.31,0.0
LGCL,2026-10-07T08:59:00Z,2.31,2.31,2.31,2.31,0.0
LGCL,2026-10-07T09:00:00Z,2.31,2.31,2.31,2.31,0.0
LGCL,2026-10-07T09:01:00Z,2.31,2.31,2.31,2.31,0.0
LGCL,2026-10-07T09:02:00Z,2.31,2.31,2.31,2.31,0.0
LGCL,2026-10-07T09:03:00Z,2.31,2.31,2.31,2.31,0.0
LGCL,2026-10-07T09:04:00Z,2.31,2.31,2.31,2.31,0.0
LGCL,2026-10-07T09:05:00Z,2.31,2.31,2.31,2.31,0.0
LGCL,2026-10-07T09:06:00Z,2.31,2.31,2.31,2.31,0.0
LGCL,2026-10-07T09:07:00Z,2.31,2.31,2.31,2.31,0.0
LGCL,2026-10-07T09:08:00Z,2.31,2.31,2.31,2.31,0.0
LGCL,2026-10-07T09:09:00Z,2.31,2.31,2.31,2.31,0.0
LGCL,2026-10-07T09:10:00Z,2.31,2.31,2.31,2.31,0.0
LGCL,2026-10-07T09:11:00Z,2.31,2.31,2.31,2.31,0.0
LGCL,2026-10-07T09:12:00Z,2.31,2.31,2.31,2.31,0.0
LGCL,2026-10-07T09:13:00Z,2.31,2.31,2.31,2.31,0.0
LGCL,2026-10-07T09:14:00Z,2.31,2.31,2.31,2.31,0.0
LGCL,2026-10-07T09:15:00Z,2.31,2.31,2.31,2.31,0.0
LGCL,2026-10-07T09:16:00Z,2.31,2.31,2.31,2.31,0.0
LGCL,2026-10-07T09:17:00Z,2.31,2.31,2.31,2.31,0.0
LGCL,2026-10-07T09:18:00Z,2.31,2.31,2.31,2.31,0.0
LGCL,2026-10-07T09:19:00Z,2.31,2.31,2.31,2.31,0.0
LGCL,2026-10-07T09:20:00Z,2.31,2.31,2.31,2.31,0.0
LGCL,2026-10-07T09:21:00Z,2.31,2.31,2.31,2.31,0.0
LGCL,2026-10-07T09:22:00Z,2.31,2.31,2.31,2.31,0.0
LGCL,2026-10-07T09:23:00Z,2.31,2.31,2.31,2.31,0.0
LGCL,2026-10-07T09:24:00Z,2.31,2.31,2.31,2.31,0.0
LGCL,2026-10-07T09:25:00Z,2.31,2.31,2.31,2.31,0.0
LGCL,2026-10-07T09:26:00Z,2.31,2.31,2.31,2.31,0.0
LGCL,2026-10-07T09:27:00Z,2.31,2.31,2.31,2.31,0.0
LGCL,2026-10-07T09:28:00Z,2.31,2.31,2.31,2.31,0.0
LGCL,2026-10-07T09:29:00Z,2.31,2.31,2.31,2.31,0.0
LGCL,2026-10-07T09:30:00Z,2.31,2.31,2.31,2.31,0.0
LGCL,2026-10-07T09:31:00Z,2.31,2.31,2.31,2.31,0.0
LGCL,2026-10-07T09:32:00Z,2.31,2.31,2.31,2.31,0.0
LGCL,2026-10-07T09:33:00Z,2.31,2.31,2.31,2.31,0.0
LGCL,2026-10-07T09:34:00Z,2.31,2.31,2.31,2.31,0.0
LGCL,2026-10-07T09:35:00Z,2.31,2.31,2.31,2.31,0.0
LGCL,2026-10-07T09:36:00Z,2.31,2.31,2.31,2.31,0.0
LGCL,2026-10-07T09:37:00Z,2.31,2.31,2.31,2.31,0.0
LGCL,2026-10-07T09:38:00Z,2.31,2.31,2.31,2.31,0.0
LGCL,2026-10-07T09:39:00Z,2.31,2.31,2.31,2.31,0.0
LGCL,2026-10-07T09:40:00Z,2.31,2.31,2.31,2.31,0.0
LGCL,2026-10-07T09:41:00Z,2.31,2.31,2.31,2.31,0.0
LGCL,2026-10-07T09:42:00Z,2.31,2.31,2.31,2.31,0.0
LGCL,2026-10-07T09:43:00Z,2.31,2.31,2.31,2.31,0.0
LGCL,2026-10-07T09:44:00Z,2.31,2.31,2.31,2.31,0.0
LGCL,2026-10-07T09:45:00Z,2.31,2.31,2.31,2.31,0.0
LGCL,2026-10-07T09:46:00Z,2.31,2.31,2.31,2.31,0.0
LGCL,2026-10-07T09:47:00Z,2.31,2.31,2.31,2.31,0.0
LGCL,2026-10-07T09:48:00Z,2.31,2.31,2.31,2.31,0.0
LGCL,2026-10-07T09:49:00Z,2.31,2.31,2.31,2.31,0.0
LGCL,2026-10-07T09:50:00Z,2.31,2.31,2.31,2.31,0.0
LGCL,2026-10-07T09:51:00Z,2.31,2.31,2.31,2.31,0.0
LGCL,2026-10-07T09:52:00Z,2.31,2.31,2.31,2.31,0.0
LGCL,2026-10-07T09:53:00Z,2.31,2.31,2.31,2.31,0.0
LGCL,2026-10-07T09:54:00Z,2.31,2.31,2.31,2.31,0.0
LGCL,2026-10-07T09:55:00Z,2.31,2.31,2.31,2.31,0.0
LGCL,2026-10-07T09:56:00Z,2.31,2.31,2.31,2.31,0.0
LGCL,2026-10-07T09:57:00Z,2.26,2.26,2.26,2.26,300.0
LGCL,2026-10-07T09:58:00Z,2.26,2.26,2.26,2.26,0.0
LGCL,2026-10-07T09:59:00Z,2.26,2.26,2.26,2.26,0.0
LGCL,2026-10-07T10:00:00Z,2.26,2.26,2.26,2.26,0.0
LGCL,2026-10-07T10:01:00Z,2.26,2.26,2.26,2.26,0.0
LGCL,2026-10-07T10:02:00Z,2.26,2.26,2.26,2.26,0.0
LGCL,2026-10-07T10:03:00Z,2.26,2.26,2.26,2.26,100.0
LGCL,2026-10-07T10:04:00Z,2.26,2.26,2.26,2.26,0.0
LGCL,2026-10-07T10:05:00Z,2.26,2.26,2.26,2.26,0.0
LGCL,2026-10-07T10:06:00Z,2.26,2.26,2.26,2.26,0.0
LGCL,2026-10-07T10:07:00Z,2.26,2.26,2.26,2.26,0.0
LGCL,2026-10-07T10:08:00Z,2.26,2.26,2.26,2.26,0.0
LGCL,2026-10-07T10:09:00Z,2.26,2.26,2.26,2.26,0.0
LGCL,2026-10-07T10:10:00Z,2.26,2.26,2.26,2.26,0.0
LGCL,2026-10-07T10:11:00Z,2.26,2.26,2.26,2.26,0.0
LGCL,2026-10-07T10:12:00Z,2.26,2.26,2.26,2.26,0.0
LGCL,2026-10-07T10:13:00Z,2.26,2.26,2.26,2.26,0.0
LGCL,2026-10-07T10:14:00Z,2.26,2.26,2.26,2.26,0.0
LGCL,2026-10-07T10:15:00Z,2.26,2.26,2.26,2.26,0.0
LGCL,2026-10-07T10:16:00Z,2.26,2.26,2.26,2.26,0.0
LGCL,2026-10-07T10:17:00Z,2.26,2.26,2.26,2.26,0.0
LGCL,2026-10-07T10:18:00Z,2.26,2.26,2.26,2.26,0.0
LGCL,2026-10-07T10:19:00Z,2.26,2.26,2.26,2.26,0.0
LGCL,2026-10-07T10:20:00Z,2.26,2.26,2.26,2.26,0.0
LGCL,2026-10-07T10:21:00Z,2.26,2.26,2.26,2.26,0.0
LGCL,2026-10-07T10:22:00Z,2.26,2.26,2.26,2.26,0.0
LGCL,2026-10-07T10:23:00Z,2.26,2.26,2.26,2.26,0.0
LGCL,2026-10-07T10:24:00Z,2.26,2.26,2.26,2.26,0.0
LGCL,2026-10-07T10:25:00Z,2.26,2.26,2.26,2.26,0.0
LGCL,2026-10-07T10:26:00Z,2.26,2.26,2.26,2.26,0.0
LGCL,2026-10-07T10:27:00Z,2.26,2.26,2.26,2.26,0.0
LGCL,2026-10-07T10:28:00Z,2.26,2.26,2.26,2.26,0.0
LGCL,2026-10-07T10:29:00Z,2.26,2.26,2.26,2.26,0.0
LGCL,2026-10-07T10:30:00Z,2.26,2.26,2.26,2.26,0.0
LGCL,2026-10-07T10:31:00Z,2.26,2.26,2.26,2.26,0.0
LGCL,2026-10-07T10:32:00Z,2.26,2.26,2.26,2.26,0.0
LGCL,2026-10-07T10:33:00Z,2.26,2.26,2.26,2.26,0.0
LGCL,2026-10-07T10:34:00Z,2.26,2.26,2.26,2.26,0.0
LGCL,2026-10-07T10:35:00Z,2.26,2.26,2.26,2.26,0.0
LGCL,2026-10-07T10:36:00Z,2.26,2.26,2.26,2.26,0.0
LGCL,2026-10-07T10:37:00Z,2.26,2.26,2.26,2.26,0.0
LGCL,2026-10-07T10:38:00Z,2.26,2.26,2.26,2.26,0.0
LGCL,2026-10-07T10:39:00Z,2.26,2.26,2.26,2.26,0.0
LGCL,2026-10-07T10:40:00Z,2.26,2.26,2.26,2.26,0.0
LGCL,2026-10-07T10:41:00Z,2.26,2.26,2.26,2.26,0.0
LGCL,2026-10-07T10:42:00Z,2.26,2.26,2.26,2.26,0.0
LGCL,2026-10-07T10:43:00Z,2.26,2.26,2.26,2.26,0.0
LGCL,2026-10-07T10:44:00Z,2.26,2.26,2.26,2.26,0.0
LGCL,2026-10-07T10:45:00Z,2.26,2.26,2.26,2.26,0.0
LGCL,2026-10-07T10:46:00Z,2.26,2.26,2.26,2.26,0.0
LGCL,2026-10-07T10:47:00Z,2.26,2.26,2.26,2.26,0.0
LGCL,2026-10-07T10:48:00Z,2.26,2.26,2.26,2.26,0.0
LGCL,2026-10-07T10:49:00Z,2.26,2.26,2.26,2.26,0.0
LGCL,2026-10-07T10:50:00Z,2.26,2.26,2.26,2.26,0.0
LGCL,2026-10-07T10:51:00Z,2.26,2.26,2.26,2.26,0.0
LGCL,2026-10-07T10:52:00Z,2.26,2.26,2.26,2.26,0.0
LGCL,2026-10-07T10:53:00Z,2.26,2.26,2.26,2.26,0.0
LGCL,2026-10-07T10:54:00Z,2.26,2.26,2.26,2.26,0.0
LGCL,2026-10-07T10:55:00Z,2.26,2.26,2.26,2.26,0.0
LGCL,2026-10-07T10:56:00Z,2.26,2.26,2.26,2.26,0.0
LGCL,2026-10-07T10:57:00Z,2.26,2.26,2.26,2.26,0.0
LGCL,2026-10-07T10:58:00Z,2.26,2.26,2.26,2.26,0.0
LGCL,2026-10-07T10:59:00Z,2.26,2.26,2.26,2.26,0.0
LGCL,2026-10-07T11:00:00Z,2.26,2.26,2.26,2.26,0.0
LGCL,2026-10-07T11:01:00Z,2.26,2.26,2.26,2.26,0.0
LGCL,2026-10-07T11:02:00Z,2.26,2.26,2.26,2.26,0.0
LGCL,2026-10-07T11:03:00Z,2.26,2.26,2.26,2.26,0.0
LGCL,2026-10-07T11:04:00Z,2.26,2.26,2.26,2.26,0.0
LGCL,2026-10-07T11:05:00Z,2.26,2.26,2.26,2.26,0.0
LGCL,2026-10-07T11:06:00Z,2.26,2.26,2.26,2.26,0.0
LGCL,2026-10-07T11:07:00Z,2.26,2.26,2.26,2.26,0.0
LGCL,2026-10-07T11:08:00Z,2.26,2.26,2.26,2.26,0.0
LGCL,2026-10-07T11:09:00Z,2.26,2.26,2.26,2.26,0.0
LGCL,2026-10-07T11:10:00Z,2.26,2.26,2.26,2.26,0.0
LGCL,2026-10-07T11:11:00Z,2.26,2.26,2.26,2.26,0.0
LGCL,2026-10-07T11:12:00Z,2.26,2.26,2.26,2.26,0.0
LGCL,2026-10-07T11:13:00Z,2.26,2.26,2.26,2.26,0.0
LGCL,2026-10-07T11:14:00Z,2.26,2.26,2.26,2.26,0.0
LGCL,2026-10-07T11:15:00Z,2.26,2.26,2.26,2.26,189.0
LGCL,2026-10-07T11:16:00Z,2.26,2.26,2.26,2.26,0.0
LGCL,2026-10-07T11:17:00Z,2.26,2.26,2.26,2.26,0.0
LGCL,2026-10-07T11:18:00Z,2.26,2.26,2.26,2.26,0.0
LGCL,2026-10-07T11:19:00Z,2.26,2.26,2.26,2.26,0.0
LGCL,2026-10-07T11:20:00Z,2.26,2.26,2.26,2.26,0.0
LGCL,2026-10-07T11:21:00Z,2.26,2.26,2.26,2.26,0.0
LGCL,2026-10-07T11:22:00Z,2.26,2.26,2.26,2.26,0.0
LGCL,2026-10-07T11:23:00Z,2.26,2.26,2.26,2.26,0.0
LGCL,2026-10-07T11:24:00Z,2.26,2.26,2.26,2.26,0.0
LGCL,2026-10-07T11:25:00Z,2.26,2.26,2.26,2.26,0.0
LGCL,2026-10-07T11:26:00Z,2.26,2.26,2.26,2.26,0.0
LGCL,2026-10-07T11:27:00Z,2.26,2.26,2.26,2.26,0.0
LGCL,2026-10-07T11:28:00Z,2.26,2.26,2.26,2.26,0.0
LGCL,2026-10-07T11:29:00Z,2.26,2.26,2.26,2.26,0.0
LGCL,2026-10-07T11:30:00Z,2.26,2.26,2.26,2.26,0.0
LGCL,2026-10-07T11:31:00Z,2.26,2.26,2.26,2.26,0.0
LGCL,2026-10-07T11:32:00Z,2.26,2.26,2.26,2.26,0.0
LGCL,2026-10-07T11:33:00Z,2.26,2.26,2.26,2.26,0.0
LGCL,2026-10-07T11:34:00Z,2.26,2.26,2.26,2.26,0.0
LGCL,2026-10-07T11:35:00Z,2.26,2.26,2.26,2.26,0.0
LGCL,2026-10-07T11:36:00Z,2.26,2.26,2.26,2.26,0.0
LGCL,2026-10-07T11:37:00Z,2.26,2.26,2.26,2.26,0.0
LGCL,2026-10-07T11:38:00Z,2.26,2.26,2.26,2.26,0.0
LGCL,2026-10-07T11:39:00Z,2.26,2.26,2.26,2.26,0.0
LGCL,2026-10-07T11:40:00Z,2.3,2.3,2.3,2.3,100.0
LGCL,2026-10-07T11:41:00Z,2.3,2.3,2.3,2.3,1000.0
LGCL,2026-10-07T11:42:00Z,2.3,2.3,2.3,2.3,0.0
LGCL,2026-10-07T11:43:00Z,2.3,2.3,2.3,2.3,0.0
LGCL,2026-10-07T11:44:00Z,2.26,2.26,2.22,2.22,869.0
LGCL,2026-10-07T11:45:00Z,2.22,2.22,2.22,2.22,0.0
LGCL,2026-10-07T11:46:00Z,2.22,2.22,2.22,2.22,0.0
LGCL,2026-10-07T11:47:00Z,2.22,2.22,2.22,2.22,0.0
LGCL,2026-10-07T11:48:00Z,2.22,2.22,2.22,2.22,0.0
LGCL,2026-10-07T11:49:00Z,2.22,2.22,2.22,2.22,0.0
LGCL,2026-10-07T11:50:00Z,2.22,2.22,2.22,2.22,0.0
LGCL,2026-10-07T11:51:00Z,2.22,2.22,2.22,2.22,0.0
LGCL,2026-10-07T11:52:00Z,2.22,2.22,2.22,2.22,0.0
LGCL,2026-10-07T11:53:00Z,2.22,2.22,2.22,2.22,0.0
LGCL,2026-10-07T11:54:00Z,2.22,2.22,2.22,2.22,0.0
LGCL,2026-10-07T11:55:00Z,2.22,2.22,2.22,2.22,0.0
LGCL,2026-10-07T11:56:00Z,2.22,2.22,2.22,2.22,0.0
LGCL,2026-10-07T11:57:00Z,2.22,2.22,2.22,2.22,0.0
LGCL,2026-10-07T11:58:00Z,2.22,2.22,2.22,2.22,0.0
LGCL,2026-10-07T11:59:00Z,2.22,2.22,2.22,2.22,0.0
LGCL,2026-10-07T12:00:00Z,2.22,2.22,2.22,2.22,0.0
LGCL,2026-10-07T12:01:00Z,2.22,2.22,2.22,2.22,0.0
LGCL,2026-10-07T12:02:00Z,2.22,2.22,2.22,2.22,0.0
LGCL,2026-10-07T12:03:00Z,2.22,2.22,2.22,2.22,0.0
LGCL,2026-10-07T12:04:00Z,2.22,2.22,2.22,2.22,0.0
LGCL,2026-10-07T12:05:00Z,2.22,2.22,2.22,2.22,0.0
LGCL,2026-10-07T12:06:00Z,2.22,2.22,2.22,2.22,0.0
LGCL,2026-10-07T12:07:00Z,2.22,2.22,2.22,2.22,0.0
LGCL,2026-10-07T12:08:00Z,2.22,2.22,2.22,2.22,0.0
LGCL,2026-10-07T12:09:00Z,2.22,2.22,2.22,2.22,0.0
LGCL,2026-10-07T12:10:00Z,2.22,2.22,2.22,2.22,0.0
LGCL,2026-10-07T12:11:00Z,2.22,2.22,2.22,2.22,0.0
LGCL,2026-10-07T12:12:00Z,2.22,2.22,2.22,2.22,0.0
LGCL,2026-10-07T12:13:00Z,2.22,2.22,2.22,2.22,0.0
LGCL,2026-10-07T12:14:00Z,2.22,2.22,2.22,2.22,0.0
LGCL,2026-10-07T12:15:00Z,2.22,2.22,2.22,2.22,0.0
LGCL,2026-10-07T12:16:00Z,2.22,2.22,2.22,2.22,0.0
LGCL,2026-10-07T12:17:00Z,2.22,2.22,2.22,2.22,0.0
LGCL,2026-10-07T12:18:00Z,2.22,2.22,2.22,2.22,0.0
LGCL,2026-10-07T12:19:00Z,2.22,2.22,2.22,2.22,0.0
LGCL,2026-10-07T12:20:00Z,2.22,2.22,2.22,2.22,0.0
LGCL,2026-10-07T12:21:00Z,2.22,2.22,2.22,2.22,0.0
LGCL,2026-10-07T12:22:00Z,2.22,2.22,2.22,2.22,0.0
LGCL,2026-10-07T12:23:00Z,2.22,2.22,2.22,2.22,0.0
LGCL,2026-10-07T12:24:00Z,2.22,2.22,2.22,2.22,0.0
LGCL,2026-10-07T12:25:00Z,2.22,2.22,2.22,2.22,0.0
LGCL,2026-10-07T12:26:00Z,2.22,2.22,2.22,2.22,0.0
LGCL,2026-10-07T12:27:00Z,2.22,2.22,2.22,2.22,0.0
LGCL,2026-10-07T12:28:00Z,2.22,2.22,2.22,2.22,0.0
LGCL,2026-10-07T12:29:00Z,2.22,2.22,2.22,2.22,0.0
LGCL,2026-10-07T12:30:00Z,2.22,2.26,2.22,2.26,200.0
LGCL,2026-10-07T12:31:00Z,2.26,2.26,2.26,2.26,0.0
LGCL,2026-10-07T12:32:00Z,2.26,2.26,2.26,2.26,0.0
LGCL,2026-10-07T12:33:00Z,2.26,2.26,2.26,2.26,0.0
LGCL,2026-10-07T12:34:00Z,2.26,2.26,2.26,2.26,0.0
LGCL,2026-10-07T12:35:00Z,2.26,2.26,2.26,2.26,0.0
LGCL,2026-10-07T12:36:00Z,2.26,2.26,2.26,2.26,0.0
LGCL,2026-10-07T12:37:00Z,2.26,2.26,2.26,2.26,0.0
LGCL,2026-10-07T12:38:00Z,2.26,2.26,2.26,2.26,0.0
LGCL,2026-10-07T12:39:00Z,2.26,2.26,2.26,2.26,0.0
LGCL,2026-10-07T12:40:00Z,2.26,2.26,2.26,2.26,100.0
LGCL,2026-10-07T12:41:00Z,2.26,2.26,2.26,2.26,0.0
LGCL,2026-10-07T12:42:00Z,2.26,2.26,2.26,2.26,0.0
LGCL,2026-10-07T12:43:00Z,2.26,2.26,2.26,2.26,0.0
LGCL,2026-10-07T12:44:00Z,2.26,2.26,2.26,2.26,0.0
LGCL,2026-10-07T12:45:00Z,2.26,2.26,2.26,2.26,0.0
LGCL,2026-10-07T12:46:00Z,2.26,2.26,2.26,2.26,0.0
LGCL,2026-10-07T12:47:00Z,2.26,2.26,2.26,2.26,0.0
LGCL,2026-10-07T12:48:00Z,2.26,2.26,2.26,2.26,0.0
LGCL,2026-10-07T12:49:00Z,2.26,2.26,2.26,2.26,0.0
LGCL,2026-10-07T12:50:00Z,2.26,2.26,2.26,2.26,0.0
LGCL,2026-10-07T12:51:00Z,2.26,2.26,2.26,2.26,0.0
LGCL,2026-10-07T12:52:00Z,2.26,2.26,2.26,2.26,0.0
LGCL,2026-10-07T12:53:00Z,2.26,2.26,2.26,2.26,0.0
LGCL,2026-10-07T12:54:00Z,2.26,2.26,2.26,2.26,0.0
LGCL,2026-10-07T12:55:00Z,2.26,2.26,2.26,2.26,0.0
LGCL,2026-10-07T12:56:00Z,2.26,2.26,2.26,2.26,0.0
LGCL,2026-10-07T12:57:00Z,2.26,2.26,2.26,2.26,0.0
LGCL,2026-10-07T12:58:00Z,2.26,2.26,2.26,2.26,0.0
LGCL,2026-10-07T12:59:00Z,2.26,2.26,2.26,2.26,0.0
LGCL,2026-10-07T13:00:00Z,2.29,3.91,2.27,3.67,102580.0
LGCL,2026-10-07T13:01:00Z,3.61,3.64,2.35,2.76,284163.0
LGCL,2026-10-07T13:02:00Z,2.76,3.13,2.51,3.02,271315.0
LGCL,2026-10-07T13:03:00Z,3.06,3.3,2.63,3.2,519165.0
LGCL,2026-10-07T13:04:00Z,3.3,3.6,3.05,3.38,455890.0
LGCL,2026-10-07T13:05:00Z,3.36,4.07,3.35,3.67,785034.0
LGCL,2026-10-07T13:06:00Z,3.67,4.5,3.51,4.43,867814.0
LGCL,2026-10-07T13:07:00Z,4.38,4.48,4.01,4.1,675232.0
LGCL,2026-10-07T13:08:00Z,4.1,4.35,3.78,3.91,550294.0
LGCL,2026-10-07T13:09:00Z,3.95,4.24,3.68,3.81,468271.0
LGCL,2026-10-07T13:10:00Z,3.81,4.15,3.68,3.86,494762.0
LGCL,2026-10-07T13:11:00Z,3.85,4.12,3.43,3.5,465028.0
LGCL,2026-10-07T13:12:00Z,3.49,3.61,3.3,3.53,397091.0
LGCL,2026-10-07T13:13:00Z,3.52,3.67,3.38,3.38,213810.0
LGCL,2026-10-07T13:14:00Z,3.39,3.48,2.91,2.94,367603.0
LGCL,2026-10-07T13:15:00Z,2.95,3.02,2.77,2.8,297349.0
LGCL,2026-10-07T13:16:00Z,2.84,2.94,2.8,2.9,123703.0
LGCL,2026-10-07T13:17:00Z,2.9,2.98,2.87,2.97,105922.0
LGCL,2026-10-07T13:18:00Z,2.97,2.97,2.48,2.56,312349.0
LGCL,2026-10-07T13:19:00Z,2.56,2.66,2.56,2.64,88578.0
LGCL,2026-10-07T13:20:00Z,2.63,2.64,2.49,2.53,113209.0
LGCL,2026-10-07T13:21:00Z,2.53,2.72,2.53,2.68,68573.0
LGCL,2026-10-07T13:22:00Z,2.69,2.69,2.57,2.65,30379.0
LGCL,2026-10-07T13:23:00Z,2.65,2.75,2.65,2.65,37825.0
LGCL,2026-10-07T13:24:00Z,2.65,2.7,2.61,2.68,26178.0
LGCL,2026-10-07T13:25:00Z,2.62,2.67,2.54,2.58,45026.0
LGCL,2026-10-07T13:26:00Z,2.64,2.75,2.5,2.56,79331.0
LGCL,2026-10-07T13:27:00Z,2.6,2.65,2.43,2.44,88506.0
LGCL,2026-10-07T13:28:00Z,2.44,2.55,2.44,2.5,33759.0
LGCL,2026-10-07T13:29:00Z,2.5,2.57,2.47,2.5,17006.0
LGCL,2026-10-07T13:30:00Z,2.49,2.7,2.49,2.65,46083.0
LGCL,2026-10-07T13:31:00Z,2.64,3.08,2.64,2.89,327090.0
LGCL,2026-10-07T13:32:00Z,2.88,2.98,2.7,2.77,216174.0
LGCL,2026-10-07T13:33:00Z,2.75,2.79,2.6,2.74,92883.0
LGCL,2026-10-07T13:34:00Z,2.73,2.99,2.7,2.95,279681.0
LGCL,2026-10-07T13:35:00Z,2.94,3.35,2.85,3.29,632766.0
LGCL,2026-10-07T13:36:00Z,3.34,3.52,3.13,3.43,757753.0
LGCL,2026-10-07T13:37:00Z,3.43,3.83,3.4,3.71,1083463.0
LGCL,2026-10-07T13:38:00Z,3.71,3.94,3.38,3.52,980663.0
LGCL,2026-10-07T13:39:00Z,3.52,3.98,3.48,3.81,1102765.0
LGCL,2026-10-07T13:40:00Z,3.81,3.88,3.52,3.73,677478.0
LGCL,2026-10-07T13:41:00Z,3.71,4.4,3.57,4.25,1369294.0
LGCL,2026-10-07T13:42:00Z,4.25,4.53,3.79,4.0,1419315.0
LGCL,2026-10-07T13:43:00Z,4.0,4.06,3.5,3.72,909114.0
LGCL,2026-10-07T13:44:00Z,3.71,3.98,3.62,3.8,600173.0
LGCL,2026-10-07T13:45:00Z,3.81,3.93,3.29,3.37,932833.0
LGCL,2026-10-07T13:46:00Z,3.37,3.5,3.18,3.39,728124.0
LGCL,2026-10-07T13:47:00Z,3.42,3.53,3.15,3.35,553628.0
LGCL,2026-10-07T13:48:00Z,3.33,3.46,3.22,3.46,280224.0
LGCL,2026-10-07T13:49:00Z,3.46,3.57,3.26,3.36,431924.0
LGCL,2026-10-07T13:50:00Z,3.44,3.72,3.35,3.55,535101.0
LGCL,2026-10-07T13:51:00Z,3.56,3.6,3.16,3.29,491066.0
LGCL,2026-10-07T13:52:00Z,3.3,3.32,3.07,3.18,361896.0
LGCL,2026-10-07T13:53:00Z,3.18,3.26,3.13,3.22,164323.0
LGCL,2026-10-07T13:54:00Z,3.23,3.29,3.09,3.15,157860.0
LGCL,2026-10-07T13:55:00Z,3.16,3.24,3.1,3.23,174056.0
LGCL,2026-10-07T13:56:00Z,3.21,3.39,3.19,3.31,299706.0
LGCL,2026-10-07T13:57:00Z,3.31,3.33,3.16,3.17,146560.0
LGCL,2026-10-07T13:58:00Z,3.16,3.18,2.9,2.99,363746.0
LGCL,2026-10-07T13:59:00Z,2.99,3.1,2.98,3.03,108893.0
LGCL,2026-10-07T14:00:00Z,3.04,3.23,3.02,3.19,185422.0
LGCL,2026-10-07T14:01:00Z,3.19,3.27,3.16,3.26,143821.0
LGCL,2026-10-07T14:02:00Z,3.26,3.27,3.13,3.25,129737.0
LGCL,2026-10-07T14:03:00Z,3.25,3.41,3.14,3.22,289058.0
LGCL,2026-10-07T14:04:00Z,3.21,3.24,3.14,3.24,107472.0
LGCL,2026-10-07T14:05:00Z,3.24,3.36,3.11,3.22,293563.0
LGCL,2026-10-07T14:06:00Z,3.2,3.23,3.12,3.17,71517.0
LGCL,2026-10-07T14:07:00Z,3.22,3.34,3.13,3.31,168150.0
LGCL,2026-10-07T14:08:00Z,3.32,3.49,3.25,3.48,435303.0
LGCL,2026-10-07T14:09:00Z,3.48,3.59,3.37,3.58,670525.0
LGCL,2026-10-07T14:10:00Z,3.57,3.64,3.34,3.4,707509.0
LGCL,2026-10-07T14:11:00Z,3.41,3.41,3.2,3.3,384532.0
LGCL,2026-10-07T14:12:00Z,3.31,3.34,3.21,3.26,211655.0
LGCL,2026-10-07T14:13:00Z,3.27,3.4,3.21,3.27,206368.0
LGCL,2026-10-07T14:14:00Z,3.26,3.27,3.15,3.2,196666.0
LGCL,2026-10-07T14:15:00Z,3.21,3.28,3.19,3.22,93021.0
LGCL,2026-10-07T14:16:00Z,3.23,3.24,3.13,3.22,140558.0
LGCL,2026-10-07T14:17:00Z,3.22,3.27,3.2,3.27,103566.0
LGCL,2026-10-07T14:18:00Z,3.27,3.34,3.16,3.19,189197.0
LGCL,2026-10-07T14:19:00Z,3.19,3.28,3.17,3.24,75539.0
LGCL,2026-10-07T14:20:00Z,3.24,3.25,3.06,3.12,165228.0
LGCL,2026-10-07T14:21:00Z,3.12,3.15,3.04,3.08,136750.0
LGCL,2026-10-07T14:22:00Z,3.08,3.1,3.06,3.06,69641.0
LGCL,2026-10-07T14:23:00Z,3.06,3.14,3.05,3.12,80620.0
LGCL,2026-10-07T14:24:00Z,3.13,3.15,3.04,3.07,78508.0
LGCL,2026-10-07T14:25:00Z,3.08,3.14,3.02,3.1,147867.0
LGCL,2026-10-07T14:26:00Z,3.11,3.24,3.09,3.22,152521.0
LGCL,2026-10-07T14:27:00Z,3.22,3.25,3.16,3.18,94571.0
LGCL,2026-10-07T14:28:00Z,3.18,3.22,3.17,3.22,34382.0
LGCL,2026-10-07T14:29:00Z,3.23,3.23,3.13,3.13,37560.0
LGCL,2026-10-07T14:30:00Z,3.15,3.26,3.13,3.21,112643.0
LGCL,2026-10-07T14:31:00Z,3.21,3.38,3.19,3.32,287695.0
LGCL,2026-10-07T14:32:00Z,3.32,3.37,3.29,3.33,177163.0
LGCL,2026-10-07T14:33:00Z,3.31,3.34,3.26,3.27,117382.0
LGCL,2026-10-07T14:34:00Z,3.28,3.28,3.17,3.24,133368.0
LGCL,2026-10-07T14:35:00Z,3.23,3.26,3.03,3.17,153929.0
LGCL,2026-10-07T14:36:00Z,3.15,3.24,3.14,3.2,112263.0
LGCL,2026-10-07T14:37:00Z,3.21,3.25,2.84,2.88,222030.0
LGCL,2026-10-07T14:38:00Z,2.9,2.97,2.83,2.92,254738.0
LGCL,2026-10-07T14:39:00Z,2.93,2.94,2.78,2.83,154419.0
LGCL,2026-10-07T14:40:00Z,2.83,2.9,2.82,2.83,77723.0
LGCL,2026-10-07T14:41:00Z,2.84,2.88,2.82,2.88,54708.0
LGCL,2026-10-07T14:42:00Z,2.87,2.89,2.84,2.86,29106.0
LGCL,2026-10-07T14:43:00Z,2.85,2.86,2.78,2.8,64546.0
LGCL,2026-10-07T14:44:00Z,2.8,2.89,2.77,2.85,52017.0
LGCL,2026-10-07T14:45:00Z,2.85,2.86,2.81,2.81,16614.0
LGCL,2026-10-07T14:46:00Z,2.81,2.82,2.77,2.77,39296.0
LGCL,2026-10-07T14:47:00Z,2.77,2.77,2.7,2.71,114587.0
LGCL,2026-10-07T14:48:00Z,2.7,2.79,2.7,2.75,107401.0
LGCL,2026-10-07T14:49:00Z,2.78,2.84,2.76,2.77,47626.0
LGCL,2026-10-07T14:50:00Z,2.79,2.79,2.73,2.74,21451.0
LGCL,2026-10-07T14:51:00Z,2.73,2.74,2.59,2.65,142961.0
LGCL,2026-10-07T14:52:00Z,2.64,2.66,2.6,2.62,41481.0
LGCL,2026-10-07T14:53:00Z,2.62,2.7,2.61,2.68,43593.0
LGCL,2026-10-07T14:54:00Z,2.7,2.72,2.65,2.66,16258.0
LGCL,2026-10-07T14:55:00Z,2.66,2.67,2.65,2.66,11359.0
LGCL,2026-10-07T14:56:00Z,2.64,2.66,2.62,2.63,24410.0
LGCL,2026-10-07T14:57:00Z,2.63,2.64,2.62,2.64,17726.0
LGCL,2026-10-07T14:58:00Z,2.63,2.67,2.54,2.54,60126.0
LGCL,2026-10-07T14:59:00Z,2.54,2.55,2.48,2.51,88249.0
LGCL,2026-10-07T15:00:00Z,2.51,2.55,2.5,2.51,41918.0
LGCL,2026-10-07T15:01:00Z,2.51,2.55,2.51,2.55,34504.0
LGCL,2026-10-07T15:02:00Z,2.55,2.59,2.52,2.52,33731.0
LGCL,2026-10-07T15:03:00Z,2.54,2.54,2.48,2.49,21442.0
LGCL,2026-10-07T15:04:00Z,2.5,2.55,2.49,2.51,14623.0
LGCL,2026-10-07T15:05:00Z,2.51,2.55,2.51,2.54,13686.0
LGCL,2026-10-07T15:06:00Z,2.54,2.59,2.53,2.57,23192.0
LGCL,2026-10-07T15:07:00Z,2.58,2.6,2.56,2.57,24292.0
LGCL,2026-10-07T15:08:00Z,2.6,2.6,2.54,2.58,26018.0
LGCL,2026-10-07T15:09:00Z,2.58,2.6,2.54,2.57,26946.0
LGCL,2026-10-07T15:10:00Z,2.58,2.6,2.56,2.58,23753.0
LGCL,2026-10-07T15:11:00Z,2.57,2.65,2.57,2.63,23446.0
LGCL,2026-10-07T15:12:00Z,2.63,2.65,2.6,2.61,44250.0
LGCL,2026-10-07T15:13:00Z,2.61,2.69,2.58,2.68,32446.0
LGCL,2026-10-07T15:14:00Z,2.69,2.7,2.62,2.64,34700.0
LGCL,2026-10-07T15:15:00Z,2.64,2.66,2.6,2.6,17094.0
LGCL,2026-10-07T15:16:00Z,2.61,2.65,2.58,2.63,11058.0
LGCL,2026-10-07T15:17:00Z,2.62,2.62,2.53,2.56,32679.0
LGCL,2026-10-07T15:18:00Z,2.56,2.58,2.5,2.54,13666.0
LGCL,2026-10-07T15:19:00Z,2.54,2.55,2.51,2.52,16415.0
LGCL,2026-10-07T15:20:00Z,2.52,2.53,2.46,2.5,32595.0
LGCL,2026-10-07T15:21:00Z,2.48,2.55,2.47,2.52,31490.0
LGCL,2026-10-07T15:22:00Z,2.51,2.51,2.44,2.44,37634.0
LGCL,2026-10-07T15:23:00Z,2.45,2.52,2.44,2.5,18898.0
LGCL,2026-10-07T15:24:00Z,2.5,2.53,2.5,2.51,8343.0
LGCL,2026-10-07T15:25:00Z,2.52,2.56,2.51,2.53,14494.0
LGCL,2026-10-07T15:26:00Z,2.52,2.55,2.52,2.53,6294.0
LGCL,2026-10-07T15:27:00Z,2.53,2.56,2.53,2.56,16322.0
LGCL,2026-10-07T15:28:00Z,2.57,2.6,2.55,2.57,35341.0
LGCL,2026-10-07T15:29:00Z,2.57,2.62,2.54,2.58,20874.0
LGCL,2026-10-07T15:30:00Z,2.59,2.59,2.51,2.52,14828.0
LGCL,2026-10-07T15:31:00Z,2.52,2.53,2.5,2.51,12898.0
LPCN,2026-10-07T10:11:00Z,2.16,2.16,2.16,2.16,200.0
LPCN,2026-10-07T10:12:00Z,2.16,2.16,2.16,2.16,0.0
LPCN,2026-10-07T10:13:00Z,2.16,2.16,2.16,2.16,0.0
LPCN,2026-10-07T10:14:00Z,2.16,2.16,2.16,2.16,0.0
LPCN,2026-10-07T10:15:00Z,2.16,2.16,2.16,2.16,0.0
LPCN,2026-10-07T10:16:00Z,2.16,2.16,2.16,2.16,0.0
LPCN,2026-10-07T10:17:00Z,2.16,2.16,2.16,2.16,0.0
LPCN,2026-10-07T10:18:00Z,2.16,2.16,2.16,2.16,0.0
LPCN,2026-10-07T10:19:00Z,2.16,2.16,2.16,2.16,0.0
LPCN,2026-10-07T10:20:00Z,2.16,2.16,2.16,2.16,0.0
LPCN,2026-10-07T10:21:00Z,2.16,2.16,2.16,2.16,0.0
LPCN,2026-10-07T10:22:00Z,2.38,2.38,2.38,2.38,1000.0
LPCN,2026-10-07T10:23:00Z,2.38,2.38,2.38,2.38,0.0
LPCN,2026-10-07T10:24:00Z,2.38,2.38,2.38,2.38,0.0
LPCN,2026-10-07T10:25:00Z,2.38,2.38,2.38,2.38,0.0
LPCN,2026-10-07T10:26:00Z,2.38,2.38,2.38,2.38,0.0
LPCN,2026-10-07T10:27:00Z,2.36,2.38,2.36,2.38,720.0
LPCN,2026-10-07T10:28:00Z,2.5,2.5,2.25,2.45,19349.0
LPCN,2026-10-07T10:29:00Z,2.45,2.45,2.3,2.41,37920.0
LPCN,2026-10-07T10:30:00Z,2.399,2.45,2.3,2.32,47763.0
LPCN,2026-10-07T10:31:00Z,2.32,2.55,2.3083,2.4606,113699.0
LPCN,2026-10-07T10:32:00Z,2.4609,2.59,2.41,2.51,138468.0
LPCN,2026-10-07T10:33:00Z,2.5,2.64,2.42,2.5297,223730.0
LPCN,2026-10-07T10:34:00Z,2.53,2.61,2.4201,2.57,156787.0
LPCN,2026-10-07T10:35:00Z,2.57,2.61,2.47,2.47,160336.0
LPCN,2026-10-07T10:36:00Z,2.47,2.53,2.38,2.485,182535.0
LPCN,2026-10-07T10:37:00Z,2.48,2.61,2.48,2.52,226489.0
LPCN,2026-10-07T10:38:00Z,2.5192,2.5769,2.5,2.53,119512.0
LPCN,2026-10-07T10:39:00Z,2.53,2.61,2.49,2.5702,147858.0
LPCN,2026-10-07T10:40:00Z,2.58,2.7,2.5,2.65,308816.0
LPCN,2026-10-07T10:41:00Z,2.66,2.67,2.535,2.61,200310.0
LPCN,2026-10-07T10:42:00Z,2.6199,2.8,2.61,2.78,320230.0
LPCN,2026-10-07T10:43:00Z,2.78,2.83,2.67,2.7698,348226.0
LPCN,2026-10-07T10:44:00Z,2.77,2.81,2.7,2.72,237505.0
LPCN,2026-10-07T10:45:00Z,2.72,2.83,2.62,2.76,326153.0
LPCN,2026-10-07T10:46:00Z,2.77,2.84,2.66,2.7492,354007.0
LPCN,2026-10-07T10:47:00Z,2.7409,2.77,2.69,2.75,164144.0
LPCN,2026-10-07T10:48:00Z,2.74,2.83,2.72,2.8,212693.0
LPCN,2026-10-07T10:49:00Z,2.805,2.92,2.765,2.88,283146.0
LPCN,2026-10-07T10:50:00Z,2.88,2.9,2.765,2.7992,385088.0
LPCN,2026-10-07T10:51:00Z,2.7902,2.855,2.71,2.7803,272655.0
LPCN,2026-10-07T10:52:00Z,2.79,2.83,2.775,2.81,127219.0
LPCN,2026-10-07T10:53:00Z,2.8003,2.97,2.8,2.89,275853.0
LPCN,2026-10-07T10:54:00Z,2.8898,2.9509,2.84,2.95,279021.0
LPCN,2026-10-07T10:55:00Z,2.94,2.97,2.89,2.93,254718.0
LPCN,2026-10-07T10:56:00Z,2.94,3.07,2.91,3.05,501145.0
LPCN,2026-10-07T10:57:00Z,3.05,3.1208,2.985,3.1,445215.0
LPCN,2026-10-07T10:58:00Z,3.1,3.13,3.07,3.105,345527.0
LPCN,2026-10-07T10:59:00Z,3.11,3.15,3.045,3.085,337174.0
LPCN,2026-10-07T11:00:00Z,3.08,3.41,3.01,3.275,1765761.0
LPCN,2026-10-07T11:01:00Z,3.275,3.33,3.2,3.29,742570.0
LPCN,2026-10-07T11:02:00Z,3.29,3.34,3.25,3.29,502557.0
LPCN,2026-10-07T11:03:00Z,3.28,3.41,3.16,3.24,967745.0
LPCN,2026-10-07T11:04:00Z,3.24,3.29,3.17,3.21,451265.0
LPCN,2026-10-07T11:05:00Z,3.22,3.24,3.12,3.1798,600045.0
LPCN,2026-10-07T11:06:00Z,3.18,3.28,3.09,3.12,744293.0
LPCN,2026-10-07T11:07:00Z,3.12,3.15,2.99,3.0599,878382.0
LPCN,2026-10-07T11:08:00Z,3.05,3.16,3.0498,3.1,497788.0
LPCN,2026-10-07T11:09:00Z,3.1,3.18,3.06,3.16,349923.0
LPCN,2026-10-07T11:10:00Z,3.17,3.25,3.14,3.14,691638.0
LPCN,2026-10-07T11:11:00Z,3.14,3.22,3.11,3.1201,349851.0
LPCN,2026-10-07T11:12:00Z,3.12,3.28,3.11,3.22,562203.0
LPCN,2026-10-07T11:13:00Z,3.21,3.3,3.17,3.21,575807.0
LPCN,2026-10-07T11:14:00Z,3.21,3.34,3.17,3.3085,599732.0
LPCN,2026-10-07T11:15:00Z,3.31,3.5,3.26,3.42,1528679.0
LPCN,2026-10-07T11:16:00Z,3.421,3.45,3.36,3.42,738929.0
LPCN,2026-10-07T11:17:00Z,3.41,3.43,3.32,3.39,607061.0
LPCN,2026-10-07T11:18:00Z,3.39,3.46,3.3402,3.3611,494553.0
LPCN,2026-10-07T11:19:00Z,3.37,3.42,3.35,3.37,374576.0
LPCN,2026-10-07T11:20:00Z,3.37,3.48,3.31,3.35,1006951.0
LPCN,2026-10-07T11:21:00Z,3.36,3.4205,3.32,3.41,361684.0
LPCN,2026-10-07T11:22:00Z,3.41,3.7115,3.39,3.6398,1658641.0
LPCN,2026-10-07T11:23:00Z,3.63,3.69,3.6,3.64,773796.0
LPCN,2026-10-07T11:24:00Z,3.6385,3.75,3.6,3.63,947509.0
LPCN,2026-10-07T11:25:00Z,3.63,3.6602,3.56,3.59,782891.0
LPCN,2026-10-07T11:26:00Z,3.58,3.72,3.56,3.68,679468.0
LPCN,2026-10-07T11:27:00Z,3.68,3.74,3.62,3.6799,636447.0
LPCN,2026-10-07T11:28:00Z,3.6711,3.79,3.65,3.78,418172.0
LPCN,2026-10-07T11:29:00Z,3.78,3.97,3.73,3.9198,1598418.0
LPCN,2026-10-07T11:30:00Z,3.9198,3.98,3.8,3.84,957749.0
LPCN,2026-10-07T11:31:00Z,3.83,3.86,3.78,3.82,477316.0
LPCN,2026-10-07T11:32:00Z,3.82,3.99,3.77,3.8197,1396824.0
LPCN,2026-10-07T11:33:00Z,3.81,3.82,3.66,3.68,905593.0
LPCN,2026-10-07T11:34:00Z,3.67,3.75,3.65,3.73,383967.0
LPCN,2026-10-07T11:35:00Z,3.7389,3.78,3.678,3.719,393684.0
LPCN,2026-10-07T11:36:00Z,3.71,3.8,3.71,3.7415,419386.0
LPCN,2026-10-07T11:37:00Z,3.749,3.78,3.54,3.59,928303.0
LPCN,2026-10-07T11:38:00Z,3.59,3.67,3.54,3.58,543181.0
LPCN,2026-10-07T11:39:00Z,3.58,3.63,3.54,3.63,385182.0
LPCN,2026-10-07T11:40:00Z,3.63,3.69,3.6197,3.68,386739.0
LPCN,2026-10-07T11:41:00Z,3.68,3.7,3.64,3.66,244364.0
LPCN,2026-10-07T11:42:00Z,3.659,3.66,3.57,3.611,313584.0
LPCN,2026-10-07T11:43:00Z,3.61,3.63,3.5189,3.601,527583.0
LPCN,2026-10-07T11:44:00Z,3.6098,3.71,3.59,3.6089,492308.0
LPCN,2026-10-07T11:45:00Z,3.61,3.63,3.53,3.58,424194.0
LPCN,2026-10-07T11:46:00Z,3.59,3.59,3.46,3.51,663493.0
LPCN,2026-10-07T11:47:00Z,3.51,3.53,3.44,3.45,533730.0
LPCN,2026-10-07T11:48:00Z,3.46,3.51,3.45,3.4999,289781.0
LPCN,2026-10-07T11:49:00Z,3.51,3.56,3.47,3.53,424849.0
LPCN,2026-10-07T11:50:00Z,3.52,3.62,3.5,3.57,487163.0
LPCN,2026-10-07T11:51:00Z,3.57,3.65,3.57,3.6089,543439.0
LPCN,2026-10-07T11:52:00Z,3.61,3.62,3.53,3.56,490366.0
LPCN,2026-10-07T11:53:00Z,3.56,3.61,3.53,3.58,444946.0
LPCN,2026-10-07T11:54:00Z,3.57,3.62,3.435,3.48,679798.0
LPCN,2026-10-07T11:55:00Z,3.48,3.48,3.41,3.43,557381.0
LPCN,2026-10-07T11:56:00Z,3.42,3.54,3.42,3.46,249373.0
LPCN,2026-10-07T11:57:00Z,3.46,3.522,3.45,3.4501,299591.0
LPCN,2026-10-07T11:58:00Z,3.45,3.54,3.4,3.4715,496785.0
LPCN,2026-10-07T11:59:00Z,3.48,3.54,3.44,3.47,250257.0
LPCN,2026-10-07T12:00:00Z,3.47,3.54,3.45,3.4791,316746.0
LPCN,2026-10-07T12:01:00Z,3.47,3.51,3.36,3.45,663582.0
LPCN,2026-10-07T12:02:00Z,3.441,3.5,3.36,3.39,536183.0
LPCN,2026-10-07T12:03:00Z,3.39,3.4,3.14,3.2,1241962.0
LPCN,2026-10-07T12:04:00Z,3.2,3.37,3.15,3.19,454785.0
LPCN,2026-10-07T12:05:00Z,3.19,3.2089,3.09,3.16,557473.0
LPCN,2026-10-07T12:06:00Z,3.16,3.21,3.15,3.18,303340.0
LPCN,2026-10-07T12:07:00Z,3.18,3.21,3.12,3.12,214877.0
LPCN,2026-10-07T12:08:00Z,3.1185,3.21,3.1,3.21,272874.0
LPCN,2026-10-07T12:09:00Z,3.21,3.21,3.08,3.14,328291.0
LPCN,2026-10-07T12:10:00Z,3.14,3.2,3.12,3.1898,222598.0
LPCN,2026-10-07T12:11:00Z,3.189,3.33,3.18,3.22,703074.0
LPCN,2026-10-07T12:12:00Z,3.219,3.28,3.18,3.19,317399.0
LPCN,2026-10-07T12:13:00Z,3.19,3.23,3.18,3.195,143895.0
LPCN,2026-10-07T12:14:00Z,3.19,3.23,3.17,3.21,155366.0
LPCN,2026-10-07T12:15:00Z,3.21,3.21,3.15,3.1703,127475.0
LPCN,2026-10-07T12:16:00Z,3.18,3.19,3.15,3.16,172879.0
LPCN,2026-10-07T12:17:00Z,3.15,3.19,3.14,3.1598,120058.0
LPCN,2026-10-07T12:18:00Z,3.16,3.17,3.07,3.08,231231.0
LPCN,2026-10-07T12:19:00Z,3.08,3.09,2.88,2.91,832267.0
LPCN,2026-10-07T12:20:00Z,2.91,2.96,2.9,2.9497,260094.0
LPCN,2026-10-07T12:21:00Z,2.95,2.95,2.74,2.77,715310.0
LPCN,2026-10-07T12:22:00Z,2.78,2.8115,2.75,2.75,441872.0
LPCN,2026-10-07T12:23:00Z,2.75,2.8115,2.75,2.76,266377.0
LPCN,2026-10-07T12:24:00Z,2.75,2.77,2.52,2.61,789465.0
LPCN,2026-10-07T12:25:00Z,2.601,2.65,2.59,2.61,287102.0
LPCN,2026-10-07T12:26:00Z,2.61,2.71,2.61,2.71,337615.0
LPCN,2026-10-07T12:27:00Z,2.7,2.71,2.66,2.7089,187938.0
LPCN,2026-10-07T12:28:00Z,2.71,2.71,2.66,2.7,161819.0
LPCN,2026-10-07T12:29:00Z,2.7,2.7198,2.62,2.66,200279.0
LPCN,2026-10-07T12:30:00Z,2.66,2.66,2.62,2.6218,95509.0
LPCN,2026-10-07T12:31:00Z,2.6202,2.71,2.62,2.69,204293.0
LPCN,2026-10-07T12:32:00Z,2.7,2.77,2.7,2.7485,220356.0
LPCN,2026-10-07T12:33:00Z,2.74,2.79,2.74,2.78,243524.0
LPCN,2026-10-07T12:34:00Z,2.7811,2.8,2.735,2.77,171447.0
LPCN,2026-10-07T12:35:00Z,2.77,2.77,2.73,2.7489,88030.0
LPCN,2026-10-07T12:36:00Z,2.75,2.76,2.71,2.74,164170.0
LPCN,2026-10-07T12:37:00Z,2.74,2.75,2.7298,2.75,101682.0
LPCN,2026-10-07T12:38:00Z,2.75,2.84,2.75,2.8285,175439.0
LPCN,2026-10-07T12:39:00Z,2.83,2.97,2.81,2.96,609033.0
LPCN,2026-10-07T12:40:00Z,2.96,2.97,2.87,2.93,379668.0
LPCN,2026-10-07T12:41:00Z,2.92,2.93,2.87,2.92,245005.0
LPCN,2026-10-07T12:42:00Z,2.91,2.93,2.87,2.88,168062.0
LPCN,2026-10-07T12:43:00Z,2.88,2.95,2.88,2.9485,144549.0
LPCN,2026-10-07T12:44:00Z,2.94,3.0,2.91,2.98,392439.0
LPCN,2026-10-07T12:45:00Z,2.98,3.0,2.91,2.93,250394.0
LPCN,2026-10-07T12:46:00Z,2.93,2.93,2.84,2.87,312870.0
LPCN,2026-10-07T12:47:00Z,2.8785,2.91,2.85,2.9,102778.0
LPCN,2026-10-07T12:48:00Z,2.9,2.9,2.78,2.82,254368.0
LPCN,2026-10-07T12:49:00Z,2.83,2.84,2.76,2.7899,214484.0
LPCN,2026-10-07T12:50:00Z,2.78,2.79,2.7085,2.72,271251.0
LPCN,2026-10-07T12:51:00Z,2.72,2.7508,2.71,2.73,97676.0
LPCN,2026-10-07T12:52:00Z,2.73,2.77,2.72,2.77,88766.0
LPCN,2026-10-07T12:53:00Z,2.77,2.7901,2.739,2.7792,150019.0
LPCN,2026-10-07T12:54:00Z,2.778,2.81,2.77,2.81,52259.0
LPCN,2026-10-07T12:55:00Z,2.8099,2.85,2.79,2.811,117545.0
LPCN,2026-10-07T12:56:00Z,2.8192,2.84,2.8,2.84,77627.0
LPCN,2026-10-07T12:57:00Z,2.84,2.84,2.76,2.789,163927.0
LPCN,2026-10-07T12:58:00Z,2.788,2.84,2.75,2.84,271676.0
LPCN,2026-10-07T12:59:00Z,2.85,2.89,2.75,2.84,317002.0
LPCN,2026-10-07T13:00:00Z,2.84,2.88,2.8,2.839,266752.0
LPCN,2026-10-07T13:01:00Z,2.83,2.93,2.81,2.9098,264608.0
LPCN,2026-10-07T13:02:00Z,2.91,2.9198,2.86,2.88,157142.0
LPCN,2026-10-07T13:03:00Z,2.88,2.88,2.84,2.85,97772.0
LPCN,2026-10-07T13:04:00Z,2.8597,2.92,2.85,2.9102,95820.0
LPCN,2026-10-07T13:05:00Z,2.92,2.92,2.89,2.92,58212.0
LPCN,2026-10-07T13:06:00Z,2.9107,2.94,2.9,2.9301,101576.0
LPCN,2026-10-07T13:07:00Z,2.94,2.95,2.89,2.928,177092.0
LPCN,2026-10-07T13:08:00Z,2.93,3.0,2.91,2.98,152704.0
LPCN,2026-10-07T13:09:00Z,2.9799,3.0,2.95,2.9509,239008.0
LPCN,2026-10-07T13:10:00Z,2.95,2.96,2.91,2.92,70147.0
LPCN,2026-10-07T13:11:00Z,2.91,2.97,2.89,2.9619,86436.0
LPCN,2026-10-07T13:12:00Z,2.9619,3.01,2.9,3.01,385759.0
LPCN,2026-10-07T13:13:00Z,3.01,3.03,2.86,2.9063,943643.0
LPCN,2026-10-07T13:14:00Z,2.901,2.96,2.82,2.8691,647122.0
LPCN,2026-10-07T13:15:00Z,2.87,2.91,2.81,2.85,330910.0
LPCN,2026-10-07T13:16:00Z,2.85,2.92,2.83,2.86,278588.0
LPCN,2026-10-07T13:17:00Z,2.86,2.91,2.84,2.8903,177184.0
LPCN,2026-10-07T13:18:00Z,2.89,2.9,2.86,2.88,99719.0
LPCN,2026-10-07T13:19:00Z,2.8792,2.89,2.8591,2.8591,56063.0
LPCN,2026-10-07T13:20:00Z,2.859,2.87,2.8491,2.85,39466.0
LPCN,2026-10-07T13:21:00Z,2.84,2.91,2.83,2.91,112821.0
LPCN,2026-10-07T13:22:00Z,2.9,2.9,2.85,2.86,56041.0
LPCN,2026-10-07T13:23:00Z,2.86,2.86,2.84,2.85,38527.0
LPCN,2026-10-07T13:24:00Z,2.86,2.89,2.82,2.85,380101.0
LPCN,2026-10-07T13:25:00Z,2.84,2.92,2.82,2.89,215306.0
LPCN,2026-10-07T13:26:00Z,2.89,2.92,2.85,2.9,216510.0
LPCN,2026-10-07T13:27:00Z,2.89,2.91,2.86,2.89,137510.0
LPCN,2026-10-07T13:28:00Z,2.88,2.94,2.86,2.93,101669.0
LPCN,2026-10-07T13:29:00Z,2.9298,2.98,2.9,2.9402,309011.0
LPCN,2026-10-07T13:30:00Z,2.95,2.97,2.81,2.9099,486680.0
LPCN,2026-10-07T13:31:00Z,2.9099,3.04,2.86,3.035,761105.0
LPCN,2026-10-07T13:32:00Z,3.0388,3.15,2.98,3.06,1438490.0
LPCN,2026-10-07T13:33:00Z,3.0688,3.07,2.87,2.925,844637.0
LPCN,2026-10-07T13:34:00Z,2.92,2.94,2.74,2.7999,935567.0
LPCN,2026-10-07T13:35:00Z,2.795,2.82,2.72,2.755,494341.0
LPCN,2026-10-07T13:36:00Z,2.76,2.81,2.75,2.7512,357034.0
LPCN,2026-10-07T13:37:00Z,2.7504,2.7517,2.67,2.705,428651.0
LPCN,2026-10-07T13:38:00Z,2.7096,2.79,2.7,2.7759,239024.0
LPCN,2026-10-07T13:39:00Z,2.78,2.85,2.71,2.74,428111.0
LPCN,2026-10-07T13:40:00Z,2.74,2.75,2.68,2.695,241694.0
LPCN,2026-10-07T13:41:00Z,2.7,2.74,2.67,2.68,281750.0
LPCN,2026-10-07T13:42:00Z,2.685,2.71,2.67,2.695,123990.0
LPCN,2026-10-07T13:43:00Z,2.6912,2.6912,2.56,2.625,670859.0
LPCN,2026-10-07T13:44:00Z,2.62,2.63,2.5,2.5488,505142.0
LPCN,2026-10-07T13:45:00Z,2.545,2.59,2.51,2.57,259202.0
LPCN,2026-10-07T13:46:00Z,2.57,2.65,2.56,2.635,299055.0
LPCN,2026-10-07T13:47:00Z,2.6318,2.645,2.61,2.64,124542.0
LPCN,2026-10-07T13:48:00Z,2.64,2.64,2.58,2.61,179670.0
LPCN,2026-10-07T13:49:00Z,2.615,2.63,2.56,2.5786,138980.0
LPCN,2026-10-07T13:50:00Z,2.5712,2.59,2.535,2.5501,129900.0
LPCN,2026-10-07T13:51:00Z,2.555,2.59,2.55,2.5899,119445.0
LPCN,2026-10-07T13:52:00Z,2.585,2.7,2.58,2.67,303635.0
LPCN,2026-10-07T13:53:00Z,2.68,2.68,2.64,2.6412,181828.0
LPCN,2026-10-07T13:54:00Z,2.645,2.65,2.62,2.635,123234.0
LPCN,2026-10-07T13:55:00Z,2.64,2.65,2.61,2.6109,126305.0
LPCN,2026-10-07T13:56:00Z,2.61,2.6102,2.58,2.5999,138950.0
LPCN,2026-10-07T13:57:00Z,2.6,2.65,2.59,2.6358,146179.0
LPCN,2026-10-07T13:58:00Z,2.64,2.64,2.58,2.6,133026.0
LPCN,2026-10-07T13:59:00Z,2.595,2.62,2.58,2.62,62057.0
LPCN,2026-10-07T14:00:00Z,2.62,2.69,2.62,2.69,212305.0
LPCN,2026-10-07T14:01:00Z,2.6886,2.72,2.67,2.6899,344209.0
LPCN,2026-10-07T14:02:00Z,2.68,2.7,2.65,2.6799,178330.0
LPCN,2026-10-07T14:03:00Z,2.6705,2.7,2.65,2.65,186136.0
LPCN,2026-10-07T14:04:00Z,2.655,2.66,2.59,2.635,239832.0
LPCN,2026-10-07T14:05:00Z,2.64,2.66,2.62,2.655,90083.0
LPCN,2026-10-07T14:06:00Z,2.655,2.69,2.65,2.68,183975.0
LPCN,2026-10-07T14:07:00Z,2.6789,2.69,2.6,2.61,149795.0
LPCN,2026-10-07T14:08:00Z,2.6012,2.62,2.52,2.56,294290.0
LPCN,2026-10-07T14:09:00Z,2.555,2.56,2.53,2.53,150611.0
LPCN,2026-10-07T14:10:00Z,2.54,2.56,2.53,2.53,140675.0
LPCN,2026-10-07T14:11:00Z,2.5301,2.565,2.53,2.545,149460.0
LPCN,2026-10-07T14:12:00Z,2.54,2.58,2.54,2.55,104937.0
LPCN,2026-10-07T14:13:00Z,2.5509,2.57,2.55,2.56,61130.0
LPCN,2026-10-07T14:14:00Z,2.55,2.5585,2.4,2.4391,569204.0
LPCN,2026-10-07T14:15:00Z,2.44,2.47,2.42,2.44,289060.0
LPCN,2026-10-07T14:16:00Z,2.44,2.45,2.36,2.395,392551.0
LPCN,2026-10-07T14:17:00Z,2.3988,2.42,2.39,2.41,154002.0
LPCN,2026-10-07T14:18:00Z,2.4099,2.42,2.39,2.3985,140429.0
LPCN,2026-10-07T14:19:00Z,2.3908,2.43,2.39,2.405,65010.0
LPCN,2026-10-07T14:20:00Z,2.4001,2.46,2.4,2.44,117378.0
LPCN,2026-10-07T14:21:00Z,2.445,2.47,2.4301,2.435,108456.0
LPCN,2026-10-07T14:22:00Z,2.435,2.45,2.435,2.45,44818.0
LPCN,2026-10-07T14:23:00Z,2.4499,2.49,2.4401,2.4702,120968.0
LPCN,2026-10-07T14:24:00Z,2.4701,2.48,2.46,2.4674,45367.0
LPCN,2026-10-07T14:25:00Z,2.4675,2.47,2.4211,2.4375,108455.0
LPCN,2026-10-07T14:26:00Z,2.43,2.46,2.43,2.43,55815.0
LPCN,2026-10-07T14:27:00Z,2.435,2.44,2.43,2.4301,37945.0
LPCN,2026-10-07T14:28:00Z,2.43,2.44,2.42,2.43,65837.0
LPCN,2026-10-07T14:29:00Z,2.43,2.44,2.3915,2.401,69122.0
LPCN,2026-10-07T14:30:00Z,2.4001,2.458,2.4,2.45,91878.0
LPCN,2026-10-07T14:31:00Z,2.45,2.47,2.4288,2.4288,63192.0
LPCN,2026-10-07T14:32:00Z,2.42,2.43,2.34,2.375,236776.0
LPCN,2026-10-07T14:33:00Z,2.375,2.38,2.34,2.3476,119934.0
LPCN,2026-10-07T14:34:00Z,2.341,2.3688,2.32,2.335,238532.0
LPCN,2026-10-07T14:35:00Z,2.331,2.34,2.27,2.2799,326781.0
LPCN,2026-10-07T14:36:00Z,2.275,2.3,2.26,2.29,174609.0
LPCN,2026-10-07T14:37:00Z,2.285,2.3,2.28,2.285,114483.0
LPCN,2026-10-07T14:38:00Z,2.28,2.32,2.28,2.309,95193.0
LPCN,2026-10-07T14:39:00Z,2.3,2.32,2.24,2.26,178408.0
LPCN,2026-10-07T14:40:00Z,2.2515,2.28,2.22,2.2399,192901.0
LPCN,2026-10-07T14:41:00Z,2.2312,2.2801,2.23,2.2688,185413.0
LPCN,2026-10-07T14:42:00Z,2.265,2.29,2.26,2.2747,63659.0
LPCN,2026-10-07T14:43:00Z,2.2701,2.28,2.24,2.2499,103931.0
LPCN,2026-10-07T14:44:00Z,2.2412,2.2511,2.23,2.2402,80015.0
LPCN,2026-10-07T14:45:00Z,2.24,2.28,2.235,2.27,105162.0
LPCN,2026-10-07T14:46:00Z,2.265,2.28,2.26,2.26,45213.0
LPCN,2026-10-07T14:47:00Z,2.2612,2.265,2.245,2.265,76074.0
LPCN,2026-10-07T14:48:00Z,2.27,2.27,2.24,2.26,62206.0
LPCN,2026-10-07T14:49:00Z,2.25,2.26,2.23,2.245,57278.0
LPCN,2026-10-07T14:50:00Z,2.2401,2.2678,2.24,2.2678,55938.0
LPCN,2026-10-07T14:51:00Z,2.26,2.27,2.201,2.235,157653.0
LPCN,2026-10-07T14:52:00Z,2.235,2.25,2.22,2.2212,67478.0
LPCN,2026-10-07T14:53:00Z,2.22,2.2385,2.21,2.225,69600.0
LPCN,2026-10-07T14:54:00Z,2.2299,2.24,2.2201,2.235,43659.0
LPCN,2026-10-07T14:55:00Z,2.235,2.25,2.2301,2.2494,45829.0
LPCN,2026-10-07T14:56:00Z,2.2401,2.25,2.22,2.225,76979.0
LPCN,2026-10-07T14:57:00Z,2.23,2.23,2.21,2.211,44346.0
LPCN,2026-10-07T14:58:00Z,2.21,2.23,2.21,2.2185,41645.0
LPCN,2026-10-07T14:59:00Z,2.215,2.22,2.16,2.16,201416.0
LPCN,2026-10-07T15:00:00Z,2.16,2.22,2.14,2.2,158646.0
LPCN,2026-10-07T15:01:00Z,2.205,2.22,2.181,2.205,58732.0
LPCN,2026-10-07T15:02:00Z,2.205,2.21,2.19,2.205,29401.0
LPCN,2026-10-07T15:03:00Z,2.205,2.2091,2.18,2.185,38940.0
LPCN,2026-10-07T15:04:00Z,2.185,2.19,2.135,2.175,95183.0
LPCN,2026-10-07T15:05:00Z,2.175,2.1791,2.155,2.17,59565.0
LPCN,2026-10-07T15:06:00Z,2.1742,2.179,2.141,2.1488,52945.0
LPCN,2026-10-07T15:07:00Z,2.1499,2.16,2.14,2.1588,40391.0
LPCN,2026-10-07T15:08:00Z,2.1501,2.2,2.15,2.2,70282.0
LPCN,2026-10-07T15:09:00Z,2.1902,2.2,2.19,2.1999,56654.0
LPCN,2026-10-07T15:10:00Z,2.1999,2.24,2.19,2.23,99155.0
LPCN,2026-10-07T15:11:00Z,2.225,2.26,2.22,2.2596,152016.0
LPCN,2026-10-07T15:12:00Z,2.25,2.26,2.23,2.2588,96659.0
LPCN,2026-10-07T15:13:00Z,2.2599,2.29,2.2498,2.275,146133.0
LPCN,2026-10-07T15:14:00Z,2.28,2.288,2.26,2.288,92763.0
LPCN,2026-10-07T15:15:00Z,2.2805,2.29,2.26,2.27,56154.0
LPCN,2026-10-07T15:16:00Z,2.2612,2.27,2.24,2.25,61684.0
LPCN,2026-10-07T15:17:00Z,2.2599,2.27,2.24,2.25,20502.0
LPCN,2026-10-07T15:18:00Z,2.255,2.26,2.22,2.24,45662.0
LPCN,2026-10-07T15:19:00Z,2.245,2.26,2.23,2.24,35133.0
LPCN,2026-10-07T15:20:00Z,2.25,2.25,2.23,2.2412,24399.0
LPCN,2026-10-07T15:21:00Z,2.2474,2.249,2.23,2.2474,20272.0
LPCN,2026-10-07T15:22:00Z,2.24,2.24,2.22,2.2299,40799.0
LPCN,2026-10-07T15:23:00Z,2.2299,2.23,2.21,2.22,59263.0
LPCN,2026-10-07T15:24:00Z,2.2185,2.225,2.21,2.21,47283.0
LPCN,2026-10-07T15:25:00Z,2.2199,2.24,2.2115,2.2299,19949.0
LPCN,2026-10-07T15:26:00Z,2.2202,2.23,2.22,2.22,12556.0
LPCN,2026-10-07T15:27:00Z,2.22,2.22,2.17,2.1788,76321.0
LPCN,2026-10-07T15:28:00Z,2.18,2.21,2.17,2.185,46448.0
LPCN,2026-10-07T15:29:00Z,2.1865,2.2101,2.18,2.2101,32623.0
LPCN,2026-10-07T15:30:00Z,2.21,2.225,2.205,2.22,35475.0
LPCN,2026-10-07T15:31:00Z,2.22,2.23,2.22,2.225,2476.0
MI,2026-10-07T08:00:00Z,1.77,2.0262,1.56,1.6017,341572.0
MI,2026-10-07T08:01:00Z,1.61,1.92,1.61,1.75,138261.0
MI,2026-10-07T08:02:00Z,1.6397,1.93,1.63,1.8,723139.0
MI,2026-10-07T08:03:00Z,1.82,1.93,1.71,1.721,216489.0
MI,2026-10-07T08:04:00Z,1.73,1.73,1.68,1.68,60671.0
MI,2026-10-07T08:05:00Z,1.69,1.71,1.67,1.71,56746.0
MI,2026-10-07T08:06:00Z,1.71,1.93,1.7,1.78,81857.0
MI,2026-10-07T08:07:00Z,1.78,1.99,1.77,1.8608,257205.0
MI,2026-10-07T08:08:00Z,1.8604,1.87,1.77,1.7792,171327.0
MI,2026-10-07T08:09:00Z,1.771,1.83,1.77,1.79,86021.0
MI,2026-10-07T08:10:00Z,1.7907,1.86,1.78,1.84,51543.0
MI,2026-10-07T08:11:00Z,1.83,1.87,1.8,1.81,65793.0
MI,2026-10-07T08:12:00Z,1.8,1.82,1.8,1.8108,23459.0
MI,2026-10-07T08:13:00Z,1.8102,1.85,1.81,1.83,31520.0
MI,2026-10-07T08:14:00Z,1.8307,1.86,1.83,1.8391,27883.0
MI,2026-10-07T08:15:00Z,1.8302,2.29,1.83,2.24,496492.0
MI,2026-10-07T08:16:00Z,2.23,2.44,2.11,2.43,767307.0
MI,2026-10-07T08:17:00Z,2.4205,2.46,2.2,2.2109,586172.0
MI,2026-10-07T08:18:00Z,2.2104,2.2196,2.03,2.0596,392009.0
MI,2026-10-07T08:19:00Z,2.07,2.12,1.97,2.04,307393.0
MI,2026-10-07T08:20:00Z,2.0492,2.11,1.96,1.9603,251437.0
MI,2026-10-07T08:21:00Z,1.96,2.04,1.87,1.991,272470.0
MI,2026-10-07T08:22:00Z,2.0,2.16,2.0,2.1396,237233.0
MI,2026-10-07T08:23:00Z,2.15,2.22,2.08,2.12,344634.0
MI,2026-10-07T08:24:00Z,2.12,2.22,2.1,2.1396,218891.0
MI,2026-10-07T08:25:00Z,2.13,2.17,2.0,2.005,165453.0
MI,2026-10-07T08:26:00Z,2.0,2.06,2.0,2.04,135499.0
MI,2026-10-07T08:27:00Z,2.0304,2.06,2.03,2.0399,71144.0
MI,2026-10-07T08:28:00Z,2.03,2.12,2.03,2.0796,178685.0
MI,2026-10-07T08:29:00Z,2.07,2.07,1.95,2.01,159574.0
MI,2026-10-07T08:30:00Z,2.01,2.01,1.93,1.95,149858.0
MI,2026-10-07T08:31:00Z,1.951,1.98,1.94,1.96,73956.0
MI,2026-10-07T08:32:00Z,1.96,2.0,1.95,1.95,51232.0
MI,2026-10-07T08:33:00Z,1.95,1.9508,1.88,1.89,116694.0
MI,2026-10-07T08:34:00Z,1.89,1.91,1.87,1.9,123486.0
MI,2026-10-07T08:35:00Z,1.9,1.94,1.8901,1.9098,68762.0
MI,2026-10-07T08:36:00Z,1.91,1.93,1.9001,1.92,50912.0
MI,2026-10-07T08:37:00Z,1.93,1.94,1.91,1.91,43624.0
MI,2026-10-07T08:38:00Z,1.9196,1.95,1.91,1.9304,40242.0
MI,2026-10-07T08:39:00Z,1.94,1.95,1.93,1.9489,31825.0
MI,2026-10-07T08:40:00Z,1.94,1.94,1.92,1.92,19966.0
MI,2026-10-07T08:41:00Z,1.9192,1.92,1.7908,1.83,176597.0
MI,2026-10-07T08:42:00Z,1.83,1.86,1.82,1.8408,70747.0
MI,2026-10-07T08:43:00Z,1.8496,1.85,1.8296,1.8296,33403.0
MI,2026-10-07T08:44:00Z,1.83,1.83,1.79,1.8,73839.0
MI,2026-10-07T08:45:00Z,1.79,1.83,1.79,1.83,83118.0
MI,2026-10-07T08:46:00Z,1.8297,1.86,1.8297,1.85,47525.0
MI,2026-10-07T08:47:00Z,1.85,1.86,1.84,1.85,30707.0
MI,2026-10-07T08:48:00Z,1.85,1.8696,1.8496,1.8603,59679.0
MI,2026-10-07T08:49:00Z,1.8604,1.92,1.8604,1.9104,76364.0
MI,2026-10-07T08:50:00Z,1.9196,1.9208,1.88,1.88,89982.0
MI,2026-10-07T08:51:00Z,1.88,1.91,1.88,1.901,37956.0
MI,2026-10-07T08:52:00Z,1.901,1.901,1.8,1.82,68408.0
MI,2026-10-07T08:53:00Z,1.811,1.85,1.81,1.8407,46897.0
MI,2026-10-07T08:54:00Z,1.8492,1.8492,1.81,1.81,59958.0
MI,2026-10-07T08:55:00Z,1.82,1.82,1.79,1.8,42249.0
MI,2026-10-07T08:56:00Z,1.79,1.84,1.79,1.83,73607.0
MI,2026-10-07T08:57:00Z,1.8291,1.83,1.81,1.8196,22583.0
MI,2026-10-07T08:58:00Z,1.8104,1.8104,1.79,1.7902,39253.0
MI,2026-10-07T08:59:00Z,1.791,1.8,1.78,1.7804,28946.0
MI,2026-10-07T09:00:00Z,1.78,1.81,1.78,1.81,20717.0
MI,2026-10-07T09:01:00Z,1.8,1.84,1.8,1.83,27571.0
MI,2026-10-07T09:02:00Z,1.8304,1.84,1.825,1.83,27050.0
MI,2026-10-07T09:03:00Z,1.8204,1.87,1.8204,1.87,39400.0
MI,2026-10-07T09:04:00Z,1.87,1.87,1.84,1.85,41073.0
MI,2026-10-07T09:05:00Z,1.8503,1.88,1.84,1.8404,31505.0
MI,2026-10-07T09:06:00Z,1.8496,1.85,1.82,1.83,23436.0
MI,2026-10-07T09:07:00Z,1.82,1.83,1.8,1.8,23885.0
MI,2026-10-07T09:08:00Z,1.8,1.83,1.8,1.83,15094.0
MI,2026-10-07T09:09:00Z,1.8289,1.8289,1.8104,1.82,11207.0
MI,2026-10-07T09:10:00Z,1.82,1.84,1.82,1.8208,10648.0
MI,2026-10-07T09:11:00Z,1.821,1.83,1.82,1.8291,5937.0
MI,2026-10-07T09:12:00Z,1.82,1.8296,1.8,1.8,21912.0
MI,2026-10-07T09:13:00Z,1.8,1.8096,1.79,1.7992,14209.0
MI,2026-10-07T09:14:00Z,1.79,1.8,1.79,1.79,8685.0
MI,2026-10-07T09:15:00Z,1.79,1.7998,1.78,1.7802,10783.0
MI,2026-10-07T09:16:00Z,1.7801,1.79,1.76,1.77,43053.0
MI,2026-10-07T09:17:00Z,1.7697,1.7801,1.76,1.7603,28346.0
MI,2026-10-07T09:18:00Z,1.769,1.7704,1.7,1.71,100856.0
MI,2026-10-07T09:19:00Z,1.72,1.72,1.71,1.71,25361.0
MI,2026-10-07T09:20:00Z,1.72,1.729,1.68,1.68,66033.0
MI,2026-10-07T09:21:00Z,1.68,1.7,1.67,1.69,78243.0
MI,2026-10-07T09:22:00Z,1.7,1.72,1.7,1.7,23709.0
MI,2026-10-07T09:23:00Z,1.71,1.71,1.66,1.67,42797.0
MI,2026-10-07T09:24:00Z,1.67,1.7,1.67,1.6897,22104.0
MI,2026-10-07T09:25:00Z,1.69,1.69,1.68,1.68,10379.0
MI,2026-10-07T09:26:00Z,1.68,1.69,1.68,1.69,2966.0
MI,2026-10-07T09:27:00Z,1.69,1.69,1.66,1.66,20786.0
MI,2026-10-07T09:28:00Z,1.66,1.67,1.66,1.67,37501.0
MI,2026-10-07T09:29:00Z,1.66,1.67,1.66,1.67,14855.0
MI,2026-10-07T09:30:00Z,1.671,1.68,1.6489,1.65,31476.0
MI,2026-10-07T09:31:00Z,1.6497,1.6497,1.59,1.629,95713.0
MI,2026-10-07T09:32:00Z,1.62,1.64,1.57,1.58,90187.0
MI,2026-10-07T09:33:00Z,1.59,1.62,1.59,1.61,48791.0
MI,2026-10-07T09:34:00Z,1.62,1.6497,1.62,1.64,57967.0
MI,2026-10-07T09:35:00Z,1.6403,1.65,1.64,1.64,25144.0
MI,2026-10-07T09:36:00Z,1.64,1.65,1.64,1.64,11378.0
MI,2026-10-07T09:37:00Z,1.649,1.65,1.64,1.64,4803.0
MI,2026-10-07T09:38:00Z,1.65,1.65,1.64,1.64,18540.0
MI,2026-10-07T09:39:00Z,1.6401,1.65,1.64,1.64,7558.0
MI,2026-10-07T09:40:00Z,1.6491,1.6499,1.6092,1.6092,30126.0
MI,2026-10-07T09:41:00Z,1.6,1.62,1.6,1.6101,16003.0
MI,2026-10-07T09:42:00Z,1.6101,1.62,1.6003,1.61,17114.0
MI,2026-10-07T09:43:00Z,1.61,1.62,1.6,1.6189,6623.0
MI,2026-10-07T09:44:00Z,1.6197,1.64,1.6197,1.63,22848.0
MI,2026-10-07T09:45:00Z,1.6397,1.68,1.6303,1.68,34365.0
MI,2026-10-07T09:46:00Z,1.68,1.69,1.6697,1.69,45412.0
MI,2026-10-07T09:47:00Z,1.6897,1.72,1.68,1.7103,65834.0
MI,2026-10-07T09:48:00Z,1.7102,1.77,1.71,1.76,120781.0
MI,2026-10-07T09:49:00Z,1.7603,1.79,1.755,1.79,171681.0
MI,2026-10-07T09:50:00Z,1.7808,1.7898,1.72,1.7201,73566.0
MI,2026-10-07T09:51:00Z,1.7202,1.73,1.6494,1.6797,93070.0
MI,2026-10-07T09:52:00Z,1.6792,1.73,1.67,1.73,50711.0
MI,2026-10-07T09:53:00Z,1.73,1.75,1.71,1.71,25824.0
MI,2026-10-07T09:54:00Z,1.719,1.72,1.67,1.6897,31182.0
MI,2026-10-07T09:55:00Z,1.68,1.7,1.68,1.6903,15574.0
MI,2026-10-07T09:56:00Z,1.7,1.7,1.689,1.6992,11980.0
MI,2026-10-07T09:57:00Z,1.6909,1.74,1.6909,1.74,16340.0
MI,2026-10-07T09:58:00Z,1.7397,1.75,1.73,1.74,42394.0
MI,2026-10-07T09:59:00Z,1.75,1.79,1.75,1.79,59161.0
MI,2026-10-07T10:00:00Z,1.7897,1.8,1.77,1.7803,59401.0
MI,2026-10-07T10:01:00Z,1.79,1.79,1.78,1.78,35829.0
MI,2026-10-07T10:02:00Z,1.78,1.7896,1.77,1.77,34020.0
MI,2026-10-07T10:03:00Z,1.78,1.78,1.76,1.76,18410.0
MI,2026-10-07T10:04:00Z,1.75,1.7566,1.72,1.72,31453.0
MI,2026-10-07T10:05:00Z,1.7203,1.78,1.72,1.7503,34294.0
MI,2026-10-07T10:06:00Z,1.75,1.7698,1.75,1.76,9993.0
MI,2026-10-07T10:07:00Z,1.76,1.77,1.75,1.77,4468.0
MI,2026-10-07T10:08:00Z,1.7697,1.77,1.76,1.76,4694.0
MI,2026-10-07T10:09:00Z,1.76,1.77,1.75,1.75,7530.0
MI,2026-10-07T10:10:00Z,1.7501,1.76,1.74,1.74,10420.0
MI,2026-10-07T10:11:00Z,1.73,1.73,1.71,1.72,34668.0
MI,2026-10-07T10:12:00Z,1.72,1.73,1.67,1.7,21504.0
MI,2026-10-07T10:13:00Z,1.7,1.71,1.7,1.7003,4192.0
MI,2026-10-07T10:14:00Z,1.71,1.71,1.7,1.7097,5261.0
MI,2026-10-07T10:15:00Z,1.7,1.74,1.7,1.73,12309.0
MI,2026-10-07T10:16:00Z,1.73,1.74,1.73,1.74,3749.0
MI,2026-10-07T10:17:00Z,1.735,1.74,1.73,1.74,10152.0
MI,2026-10-07T10:18:00Z,1.7398,1.74,1.73,1.73,7230.0
MI,2026-10-07T10:19:00Z,1.73,1.74,1.73,1.73,5639.0
MI,2026-10-07T10:20:00Z,1.73,1.74,1.73,1.73,13506.0
MI,2026-10-07T10:21:00Z,1.74,1.74,1.73,1.7303,11363.0
MI,2026-10-07T10:22:00Z,1.73,1.74,1.73,1.74,2143.0
MI,2026-10-07T10:23:00Z,1.74,1.74,1.73,1.73,4699.0
MI,2026-10-07T10:24:00Z,1.73,1.74,1.73,1.7398,10521.0
MI,2026-10-07T10:25:00Z,1.73,1.74,1.73,1.73,9414.0
MI,2026-10-07T10:26:00Z,1.7302,1.74,1.73,1.7303,3798.0
MI,2026-10-07T10:27:00Z,1.73,1.7393,1.73,1.73,5279.0
MI,2026-10-07T10:28:00Z,1.7397,1.7397,1.73,1.7392,2087.0
MI,2026-10-07T10:29:00Z,1.73,1.7389,1.73,1.7389,2246.0
MI,2026-10-07T10:30:00Z,1.73,1.73,1.7,1.7,20422.0
MI,2026-10-07T10:31:00Z,1.71,1.71,1.7,1.7,13698.0
MI,2026-10-07T10:32:00Z,1.7,1.71,1.7,1.7,3172.0
MI,2026-10-07T10:33:00Z,1.7,1.7089,1.7,1.7,1700.0
MI,2026-10-07T10:34:00Z,1.7,1.71,1.7,1.7089,3040.0
MI,2026-10-07T10:35:00Z,1.7,1.71,1.7,1.71,4725.0
MI,2026-10-07T10:36:00Z,1.71,1.71,1.7,1.7,2301.0
MI,2026-10-07T10:37:00Z,1.7,1.7001,1.7,1.7,4084.0
MI,2026-10-07T10:38:00Z,1.7,1.71,1.7,1.7,7260.0
MI,2026-10-07T10:39:00Z,1.7,1.71,1.69,1.6903,22798.0
MI,2026-10-07T10:40:00Z,1.69,1.6903,1.68,1.68,15014.0
MI,2026-10-07T10:41:00Z,1.68,1.68,1.64,1.64,20407.0
MI,2026-10-07T10:42:00Z,1.65,1.67,1.64,1.66,29785.0
MI,2026-10-07T10:43:00Z,1.66,1.66,1.64,1.64,25064.0
MI,2026-10-07T10:44:00Z,1.6403,1.65,1.62,1.62,17821.0
MI,2026-10-07T10:45:00Z,1.6201,1.64,1.62,1.6399,19615.0
MI,2026-10-07T10:46:00Z,1.6303,1.6303,1.59,1.61,51809.0
MI,2026-10-07T10:47:00Z,1.6,1.62,1.59,1.62,17093.0
MI,2026-10-07T10:48:00Z,1.62,1.62,1.61,1.61,8843.0
MI,2026-10-07T10:49:00Z,1.61,1.64,1.61,1.64,16931.0
MI,2026-10-07T10:50:00Z,1.6397,1.64,1.63,1.639,7264.0
MI,2026-10-07T10:51:00Z,1.63,1.63,1.6,1.61,16919.0
MI,2026-10-07T10:52:00Z,1.6003,1.61,1.59,1.59,12605.0
MI,2026-10-07T10:53:00Z,1.59,1.6001,1.59,1.6001,4386.0
MI,2026-10-07T10:54:00Z,1.6,1.6,1.59,1.59,25369.0
MI,2026-10-07T10:55:00Z,1.59,1.6002,1.59,1.6002,5787.0
MI,2026-10-07T10:56:00Z,1.61,1.65,1.6,1.64,13009.0
MI,2026-10-07T10:57:00Z,1.65,1.65,1.63,1.63,6095.0
MI,2026-10-07T10:58:00Z,1.64,1.64,1.62,1.62,8944.0
MI,2026-10-07T10:59:00Z,1.62,1.63,1.62,1.63,4526.0
MI,2026-10-07T11:00:00Z,1.63,1.69,1.625,1.69,73776.0
MI,2026-10-07T11:01:00Z,1.68,1.68,1.66,1.67,48471.0
MI,2026-10-07T11:02:00Z,1.67,1.73,1.62,1.64,46273.0
MI,2026-10-07T11:03:00Z,1.64,1.68,1.64,1.6599,36072.0
MI,2026-10-07T11:04:00Z,1.66,1.67,1.6503,1.665,19098.0
MI,2026-10-07T11:05:00Z,1.6602,1.67,1.61,1.63,56269.0
MI,2026-10-07T11:06:00Z,1.6303,1.65,1.63,1.6497,7788.0
MI,2026-10-07T11:07:00Z,1.64,1.65,1.64,1.6403,8044.0
MI,2026-10-07T11:08:00Z,1.64,1.65,1.64,1.65,9848.0
MI,2026-10-07T11:09:00Z,1.64,1.65,1.61,1.61,32539.0
MI,2026-10-07T11:10:00Z,1.61,1.6101,1.59,1.6,52641.0
MI,2026-10-07T11:11:00Z,1.6097,1.64,1.6092,1.6303,17265.0
MI,2026-10-07T11:12:00Z,1.63,1.64,1.61,1.62,19107.0
MI,2026-10-07T11:13:00Z,1.62,1.63,1.62,1.6299,1903.0
MI,2026-10-07T11:14:00Z,1.63,1.64,1.62,1.63,7197.0
MI,2026-10-07T11:15:00Z,1.6385,1.64,1.62,1.62,5636.0
MI,2026-10-07T11:16:00Z,1.63,1.63,1.61,1.61,14094.0
MI,2026-10-07T11:17:00Z,1.61,1.62,1.61,1.61,6722.0
MI,2026-10-07T11:18:00Z,1.61,1.61,1.6,1.6,7206.0
MI,2026-10-07T11:19:00Z,1.6097,1.6097,1.59,1.6,50181.0
MI,2026-10-07T11:20:00Z,1.6,1.6,1.59,1.6,24539.0
MI,2026-10-07T11:21:00Z,1.59,1.6,1.59,1.59,5448.0
MI,2026-10-07T11:22:00Z,1.59,1.6,1.59,1.59,12096.0
MI,2026-10-07T11:23:00Z,1.59,1.6,1.59,1.6,10529.0
MI,2026-10-07T11:24:00Z,1.598,1.6,1.59,1.59,5622.0
MI,2026-10-07T11:25:00Z,1.6,1.6,1.59,1.59,15237.0
MI,2026-10-07T11:26:00Z,1.6,1.6,1.59,1.5901,8073.0
MI,2026-10-07T11:27:00Z,1.6,1.6,1.59,1.5992,3213.0
MI,2026-10-07T11:28:00Z,1.5903,1.63,1.5901,1.63,18393.0
MI,2026-10-07T11:29:00Z,1.63,1.63,1.62,1.6203,29648.0
MI,2026-10-07T11:30:00Z,1.6201,1.63,1.62,1.63,9211.0
MI,2026-10-07T11:31:00Z,1.6297,1.63,1.6101,1.6101,10278.0
MI,2026-10-07T11:32:00Z,1.61,1.61,1.59,1.5901,26493.0
MI,2026-10-07T11:33:00Z,1.59,1.61,1.59,1.5901,15960.0
MI,2026-10-07T11:34:00Z,1.59,1.6,1.58,1.5898,41320.0
MI,2026-10-07T11:35:00Z,1.59,1.59,1.56,1.56,28003.0
MI,2026-10-07T11:36:00Z,1.56,1.5697,1.55,1.55,35379.0
MI,2026-10-07T11:37:00Z,1.55,1.56,1.55,1.5597,17000.0
MI,2026-10-07T11:38:00Z,1.56,1.56,1.54,1.54,30931.0
MI,2026-10-07T11:39:00Z,1.5499,1.55,1.53,1.53,42306.0
MI,2026-10-07T11:40:00Z,1.53,1.53,1.48,1.4982,84784.0
MI,2026-10-07T11:41:00Z,1.49,1.5001,1.4801,1.4897,39152.0
MI,2026-10-07T11:42:00Z,1.4801,1.52,1.48,1.51,58203.0
MI,2026-10-07T11:43:00Z,1.51,1.5415,1.5097,1.52,70955.0
MI,2026-10-07T11:44:00Z,1.529,1.53,1.52,1.5215,15031.0
MI,2026-10-07T11:45:00Z,1.53,1.53,1.48,1.4803,29034.0
MI,2026-10-07T11:46:00Z,1.49,1.5097,1.48,1.5097,16723.0
MI,2026-10-07T11:47:00Z,1.49,1.51,1.49,1.5001,17774.0
MI,2026-10-07T11:48:00Z,1.5003,1.5099,1.5,1.5002,9779.0
MI,2026-10-07T11:49:00Z,1.501,1.5099,1.49,1.495,8976.0
MI,2026-10-07T11:50:00Z,1.495,1.5,1.49,1.5,10470.0
MI,2026-10-07T11:51:00Z,1.5,1.5099,1.49,1.5,10196.0
MI,2026-10-07T11:52:00Z,1.5,1.51,1.5,1.5,2526.0
MI,2026-10-07T11:53:00Z,1.51,1.51,1.5,1.5,5117.0
MI,2026-10-07T11:54:00Z,1.5097,1.51,1.5,1.51,14852.0
MI,2026-10-07T11:55:00Z,1.5003,1.51,1.5,1.505,7530.0
MI,2026-10-07T11:56:00Z,1.5,1.51,1.5,1.51,8247.0
MI,2026-10-07T11:57:00Z,1.5,1.51,1.5,1.5,3093.0
MI,2026-10-07T11:58:00Z,1.5,1.505,1.49,1.49,18926.0
MI,2026-10-07T11:59:00Z,1.4997,1.5,1.49,1.498,2552.0
MI,2026-10-07T12:00:00Z,1.495,1.5,1.49,1.4903,12322.0
MI,2026-10-07T12:01:00Z,1.4902,1.5,1.49,1.49,13823.0
MI,2026-10-07T12:02:00Z,1.4903,1.5,1.49,1.49,12297.0
MI,2026-10-07T12:03:00Z,1.49,1.51,1.49,1.5,17995.0
MI,2026-10-07T12:04:00Z,1.508,1.51,1.49,1.5,18865.0
MI,2026-10-07T12:05:00Z,1.4901,1.491,1.48,1.4882,29680.0
MI,2026-10-07T12:06:00Z,1.48,1.49,1.48,1.49,7325.0
MI,2026-10-07T12:07:00Z,1.48,1.4898,1.45,1.4589,21406.0
MI,2026-10-07T12:08:00Z,1.45,1.46,1.44,1.44,34662.0
MI,2026-10-07T12:09:00Z,1.44,1.44,1.43,1.4301,57690.0
MI,2026-10-07T12:10:00Z,1.4301,1.49,1.4301,1.4885,29352.0
MI,2026-10-07T12:11:00Z,1.4899,1.49,1.48,1.49,5489.0
MI,2026-10-07T12:12:00Z,1.49,1.52,1.49,1.5,31804.0
MI,2026-10-07T12:13:00Z,1.505,1.53,1.495,1.525,23402.0
MI,2026-10-07T12:14:00Z,1.525,1.53,1.52,1.5297,11235.0
MI,2026-10-07T12:15:00Z,1.53,1.57,1.52,1.5603,40932.0
MI,2026-10-07T12:16:00Z,1.5689,1.57,1.56,1.56,35392.0
MI,2026-10-07T12:17:00Z,1.57,1.57,1.56,1.57,14124.0
MI,2026-10-07T12:18:00Z,1.5697,1.59,1.56,1.59,59642.0
MI,2026-10-07T12:19:00Z,1.59,1.59,1.56,1.58,43332.0
MI,2026-10-07T12:20:00Z,1.57,1.58,1.57,1.5782,46797.0
MI,2026-10-07T12:21:00Z,1.579,1.58,1.57,1.58,58627.0
MI,2026-10-07T12:22:00Z,1.57,1.67,1.57,1.67,113651.0
MI,2026-10-07T12:23:00Z,1.68,1.882,1.67,1.7385,682341.0
MI,2026-10-07T12:24:00Z,1.7201,1.79,1.4801,1.51,424064.0
MI,2026-10-07T12:25:00Z,1.5,1.51,1.41,1.48,223518.0
MI,2026-10-07T12:26:00Z,1.48,1.53,1.47,1.5201,78796.0
MI,2026-10-07T12:27:00Z,1.53,1.53,1.48,1.4801,89577.0
MI,2026-10-07T12:28:00Z,1.49,1.53,1.48,1.53,26611.0
MI,2026-10-07T12:29:00Z,1.53,1.55,1.52,1.54,34590.0
MI,2026-10-07T12:30:00Z,1.5407,1.55,1.51,1.5208,17723.0
MI,2026-10-07T12:31:00Z,1.5201,1.55,1.52,1.5403,18566.0
MI,2026-10-07T12:32:00Z,1.54,1.55,1.53,1.5399,25087.0
MI,2026-10-07T12:33:00Z,1.53,1.54,1.53,1.539,6385.0
MI,2026-10-07T12:34:00Z,1.539,1.54,1.525,1.525,9790.0
MI,2026-10-07T12:35:00Z,1.52,1.5285,1.5,1.5,32927.0
MI,2026-10-07T12:36:00Z,1.51,1.55,1.51,1.5401,41467.0
MI,2026-10-07T12:37:00Z,1.54,1.58,1.53,1.57,25791.0
MI,2026-10-07T12:38:00Z,1.57,1.59,1.565,1.5897,31892.0
MI,2026-10-07T12:39:00Z,1.59,1.61,1.54,1.58,43268.0
MI,2026-10-07T12:40:00Z,1.59,1.65,1.58,1.6302,67114.0
MI,2026-10-07T12:41:00Z,1.63,1.64,1.59,1.6101,51793.0
MI,2026-10-07T12:42:00Z,1.615,1.62,1.6,1.6,26705.0
MI,2026-10-07T12:43:00Z,1.6,1.61,1.58,1.5897,27920.0
MI,2026-10-07T12:44:00Z,1.589,1.59,1.58,1.59,10159.0
MI,2026-10-07T12:45:00Z,1.59,1.59,1.58,1.585,13680.0
MI,2026-10-07T12:46:00Z,1.58,1.62,1.58,1.6103,14656.0
MI,2026-10-07T12:47:00Z,1.6108,1.63,1.61,1.62,40123.0
MI,2026-10-07T12:48:00Z,1.6198,1.64,1.61,1.64,26763.0
MI,2026-10-07T12:49:00Z,1.6397,1.68,1.625,1.6701,111632.0
MI,2026-10-07T12:50:00Z,1.67,1.84,1.67,1.8,494668.0
MI,2026-10-07T12:51:00Z,1.8,2.0,1.8,1.949,1051522.0
MI,2026-10-07T12:52:00Z,1.949,1.99,1.9,1.9098,527597.0
MI,2026-10-07T12:53:00Z,1.9001,1.94,1.84,1.88,553298.0
MI,2026-10-07T12:54:00Z,1.88,1.92,1.76,1.81,415892.0
MI,2026-10-07T12:55:00Z,1.8004,1.81,1.66,1.71,396256.0
MI,2026-10-07T12:56:00Z,1.7,1.74,1.68,1.735,213193.0
MI,2026-10-07T12:57:00Z,1.74,1.83,1.71,1.7901,339661.0
MI,2026-10-07T12:58:00Z,1.8,1.9,1.77,1.88,399678.0
MI,2026-10-07T12:59:00Z,1.89,1.89,1.75,1.7503,316238.0
MI,2026-10-07T13:00:00Z,1.76,1.76,1.69,1.76,228920.0
MI,2026-10-07T13:01:00Z,1.76,1.77,1.7,1.7397,122511.0
MI,2026-10-07T13:02:00Z,1.7348,1.78,1.73,1.7697,152239.0
MI,2026-10-07T13:03:00Z,1.7691,1.8,1.71,1.719,92484.0
MI,2026-10-07T13:04:00Z,1.7103,1.7198,1.68,1.6885,80546.0
MI,2026-10-07T13:05:00Z,1.6803,1.7,1.65,1.6801,129226.0
MI,2026-10-07T13:06:00Z,1.6801,1.69,1.62,1.63,77120.0
MI,2026-10-07T13:07:00Z,1.6283,1.6409,1.61,1.6203,66507.0
MI,2026-10-07T13:08:00Z,1.62,1.63,1.62,1.63,39996.0
MI,2026-10-07T13:09:00Z,1.621,1.6603,1.62,1.6603,37832.0
MI,2026-10-07T13:10:00Z,1.6603,1.69,1.66,1.6815,35844.0
MI,2026-10-07T13:11:00Z,1.681,1.7,1.67,1.689,30006.0
MI,2026-10-07T13:12:00Z,1.69,1.72,1.68,1.6981,119429.0
MI,2026-10-07T13:13:00Z,1.682,1.69,1.65,1.67,28687.0
MI,2026-10-07T13:14:00Z,1.67,1.69,1.66,1.68,15298.0
MI,2026-10-07T13:15:00Z,1.6885,1.6898,1.66,1.67,31201.0
MI,2026-10-07T13:16:00Z,1.67,1.67,1.65,1.658,27606.0
MI,2026-10-07T13:17:00Z,1.65,1.66,1.6,1.6,51004.0
MI,2026-10-07T13:18:00Z,1.61,1.62,1.6,1.61,53843.0
MI,2026-10-07T13:19:00Z,1.6009,1.61,1.58,1.58,57746.0
MI,2026-10-07T13:20:00Z,1.581,1.59,1.58,1.5818,24657.0
MI,2026-10-07T13:21:00Z,1.59,1.62,1.5802,1.62,27319.0
MI,2026-10-07T13:22:00Z,1.61,1.63,1.61,1.63,43803.0
MI,2026-10-07T13:23:00Z,1.63,1.64,1.6215,1.6396,16081.0
MI,2026-10-07T13:24:00Z,1.6309,1.64,1.62,1.6201,18031.0
MI,2026-10-07T13:25:00Z,1.63,1.67,1.62,1.6698,52016.0
MI,2026-10-07T13:26:00Z,1.669,1.71,1.66,1.7,72105.0
MI,2026-10-07T13:27:00Z,1.7,1.71,1.67,1.7,59869.0
MI,2026-10-07T13:28:00Z,1.7,1.7,1.69,1.6903,24254.0
MI,2026-10-07T13:29:00Z,1.69,1.73,1.685,1.69,33979.0
MI,2026-10-07T13:30:00Z,1.62,1.69,1.55,1.5703,127044.0
MI,2026-10-07T13:31:00Z,1.57,1.76,1.56,1.73,272699.0
MI,2026-10-07T13:32:00Z,1.7282,1.73,1.51,1.5389,275164.0
MI,2026-10-07T13:33:00Z,1.5377,1.63,1.53,1.63,150622.0
MI,2026-10-07T13:34:00Z,1.6263,1.66,1.61,1.6112,131332.0
MI,2026-10-07T13:35:00Z,1.6199,1.7,1.58,1.691,104347.0
MI,2026-10-07T13:36:00Z,1.6999,1.71,1.66,1.7,201239.0
MI,2026-10-07T13:37:00Z,1.695,1.7,1.6711,1.7,65588.0
MI,2026-10-07T13:38:00Z,1.7,1.71,1.57,1.62,174201.0
MI,2026-10-07T13:39:00Z,1.62,1.62,1.6,1.62,39104.0
MI,2026-10-07T13:40:00Z,1.62,1.62,1.61,1.61,18744.0
MI,2026-10-07T13:41:00Z,1.6101,1.62,1.6,1.6093,53725.0
MI,2026-10-07T13:42:00Z,1.6,1.61,1.57,1.6001,67184.0
MI,2026-10-07T13:43:00Z,1.605,1.62,1.58,1.59,41736.0
MI,2026-10-07T13:44:00Z,1.58,1.61,1.58,1.5903,27495.0
MI,2026-10-07T13:45:00Z,1.6,1.7,1.5999,1.685,117908.0
MI,2026-10-07T13:46:00Z,1.68,1.69,1.61,1.6701,95594.0
MI,2026-10-07T13:47:00Z,1.68,1.7,1.56,1.6317,181121.0
MI,2026-10-07T13:48:00Z,1.64,1.64,1.62,1.625,22164.0
MI,2026-10-07T13:49:00Z,1.62,1.66,1.6,1.65,58064.0
MI,2026-10-07T13:50:00Z,1.63,1.67,1.6201,1.66,40647.0
MI,2026-10-07T13:51:00Z,1.655,1.73,1.655,1.7,155111.0
MI,2026-10-07T13:52:00Z,1.7,1.71,1.63,1.7001,112263.0
MI,2026-10-07T13:53:00Z,1.7,1.73,1.68,1.69,98282.0
MI,2026-10-07T13:54:00Z,1.6895,1.7,1.67,1.685,59750.0
MI,2026-10-07T13:55:00Z,1.6807,1.74,1.68,1.7011,127539.0
MI,2026-10-07T13:56:00Z,1.7085,1.7085,1.65,1.665,49788.0
MI,2026-10-07T13:57:00Z,1.6611,1.67,1.65,1.65,23949.0
MI,2026-10-07T13:58:00Z,1.66,1.66,1.6307,1.6307,64314.0
MI,2026-10-07T13:59:00Z,1.6399,1.65,1.63,1.63,31942.0
MI,2026-10-07T14:00:00Z,1.6399,1.64,1.58,1.61,136363.0
MI,2026-10-07T14:01:00Z,1.61,1.63,1.6,1.63,27408.0
MI,2026-10-07T14:02:00Z,1.63,1.65,1.62,1.642,32420.0
MI,2026-10-07T14:03:00Z,1.65,1.6781,1.6,1.6486,69015.0
MI,2026-10-07T14:04:00Z,1.6483,1.6483,1.605,1.64,29461.0
MI,2026-10-07T14:05:00Z,1.64,1.64,1.61,1.6299,24530.0
MI,2026-10-07T14:06:00Z,1.6299,1.6299,1.62,1.625,8219.0
MI,2026-10-07T14:07:00Z,1.62,1.629,1.6,1.6,26444.0
MI,2026-10-07T14:08:00Z,1.6,1.63,1.6,1.62,12450.0
MI,2026-10-07T14:09:00Z,1.62,1.63,1.6,1.609,33744.0
MI,2026-10-07T14:10:00Z,1.6,1.62,1.6,1.6193,28301.0
MI,2026-10-07T14:11:00Z,1.62,1.62,1.6,1.6098,13784.0
MI,2026-10-07T14:12:00Z,1.605,1.62,1.6007,1.615,18867.0
MI,2026-10-07T14:13:00Z,1.6198,1.6198,1.6,1.6,16047.0
MI,2026-10-07T14:14:00Z,1.6,1.605,1.58,1.5801,34101.0
MI,2026-10-07T14:15:00Z,1.585,1.59,1.56,1.565,124643.0
MI,2026-10-07T14:16:00Z,1.56,1.5694,1.49,1.5501,117927.0
MI,2026-10-07T14:17:00Z,1.55,1.59,1.55,1.56,32496.0
MI,2026-10-07T14:18:00Z,1.57,1.57,1.47,1.5094,72730.0
MI,2026-10-07T14:19:00Z,1.5099,1.5399,1.48,1.5209,74179.0
MI,2026-10-07T14:20:00Z,1.53,1.57,1.5203,1.5412,43619.0
MI,2026-10-07T14:21:00Z,1.5498,1.56,1.5402,1.5402,15062.0
MI,2026-10-07T14:22:00Z,1.54,1.57,1.54,1.57,31533.0
MI,2026-10-07T14:23:00Z,1.57,1.57,1.56,1.565,27028.0
MI,2026-10-07T14:24:00Z,1.569,1.57,1.55,1.5503,13874.0
MI,2026-10-07T14:25:00Z,1.5503,1.57,1.55,1.5601,19324.0
MI,2026-10-07T14:26:00Z,1.5601,1.57,1.53,1.53,22198.0
MI,2026-10-07T14:27:00Z,1.53,1.5399,1.51,1.5302,13342.0
MI,2026-10-07T14:28:00Z,1.53,1.5499,1.52,1.53,12932.0
MI,2026-10-07T14:29:00Z,1.53,1.53,1.5201,1.5282,5650.0
MI,2026-10-07T14:30:00Z,1.5285,1.5399,1.52,1.5399,16931.0
MI,2026-10-07T14:31:00Z,1.5399,1.5399,1.51,1.5202,15100.0
MI,2026-10-07T14:32:00Z,1.52,1.53,1.51,1.52,12308.0
MI,2026-10-07T14:33:00Z,1.515,1.515,1.49,1.49,43274.0
MI,2026-10-07T14:34:00Z,1.49,1.5,1.49,1.49,16403.0
MI,2026-10-07T14:35:00Z,1.49,1.53,1.49,1.53,61450.0
MI,2026-10-07T14:36:00Z,1.5205,1.54,1.52,1.52,25642.0
MI,2026-10-07T14:37:00Z,1.5201,1.53,1.52,1.5201,14520.0
MI,2026-10-07T14:38:00Z,1.52,1.5299,1.52,1.52,8052.0
MI,2026-10-07T14:39:00Z,1.52,1.5298,1.5,1.5,17584.0
MI,2026-10-07T14:40:00Z,1.5,1.54,1.5,1.5301,47203.0
MI,2026-10-07T14:41:00Z,1.5301,1.57,1.53,1.55,29312.0
MI,2026-10-07T14:42:00Z,1.555,1.56,1.54,1.545,20439.0
MI,2026-10-07T14:43:00Z,1.5416,1.55,1.54,1.5406,14513.0
MI,2026-10-07T14:44:00Z,1.5406,1.548,1.535,1.535,5667.0
MI,2026-10-07T14:45:00Z,1.53,1.57,1.53,1.5494,16674.0
MI,2026-10-07T14:46:00Z,1.5499,1.55,1.51,1.521,14997.0
MI,2026-10-07T14:47:00Z,1.5299,1.5301,1.51,1.52,6934.0
MI,2026-10-07T14:48:00Z,1.52,1.53,1.51,1.5289,10128.0
MI,2026-10-07T14:49:00Z,1.53,1.53,1.52,1.52,12142.0
MI,2026-10-07T14:50:00Z,1.52,1.55,1.52,1.54,31503.0
MI,2026-10-07T14:51:00Z,1.54,1.55,1.52,1.55,9304.0
MI,2026-10-07T14:52:00Z,1.555,1.555,1.5301,1.55,8042.0
MI,2026-10-07T14:53:00Z,1.54,1.55,1.53,1.55,6262.0
MI,2026-10-07T14:54:00Z,1.54,1.54,1.5288,1.5288,3664.0
MI,2026-10-07T14:55:00Z,1.525,1.525,1.52,1.52,4538.0
MI,2026-10-07T14:56:00Z,1.52,1.53,1.52,1.525,1949.0
MI,2026-10-07T14:57:00Z,1.525,1.53,1.51,1.5299,17510.0
MI,2026-10-07T14:58:00Z,1.5285,1.5285,1.51,1.5185,4818.0
MI,2026-10-07T14:59:00Z,1.515,1.54,1.51,1.53,17634.0
MI,2026-10-07T15:00:00Z,1.53,1.57,1.52,1.555,41405.0
MI,2026-10-07T15:01:00Z,1.5551,1.56,1.55,1.5594,8095.0
MI,2026-10-07T15:02:00Z,1.5514,1.56,1.55,1.551,15478.0
MI,2026-10-07T15:03:00Z,1.55,1.56,1.55,1.555,2733.0
MI,2026-10-07T15:04:00Z,1.5507,1.5525,1.43,1.455,169892.0
MI,2026-10-07T15:05:00Z,1.4599,1.615,1.41,1.615,215647.0
MI,2026-10-07T15:06:00Z,1.6102,1.6102,1.4419,1.5151,119949.0
MI,2026-10-07T15:07:00Z,1.52,1.58,1.52,1.57,51186.0
MI,2026-10-07T15:08:00Z,1.57,1.57,1.55,1.5539,12673.0
MI,2026-10-07T15:09:00Z,1.5589,1.56,1.55,1.555,8274.0
MI,2026-10-07T15:10:00Z,1.555,1.56,1.49,1.53,35292.0
MI,2026-10-07T15:11:00Z,1.5386,1.56,1.52,1.5599,9512.0
MI,2026-10-07T15:12:00Z,1.55,1.58,1.541,1.5712,17263.0
MI,2026-10-07T15:13:00Z,1.5799,1.58,1.56,1.56,11977.0
MI,2026-10-07T15:14:00Z,1.56,1.57,1.56,1.56,6361.0
MI,2026-10-07T15:15:00Z,1.555,1.605,1.55,1.5727,38413.0
MI,2026-10-07T15:16:00Z,1.5727,1.5794,1.55,1.565,2522.0
MI,2026-10-07T15:17:00Z,1.565,1.5783,1.55,1.55,7680.0
MI,2026-10-07T15:18:00Z,1.5501,1.565,1.53,1.5399,19233.0
MI,2026-10-07T15:19:00Z,1.53,1.5599,1.53,1.54,8651.0
MI,2026-10-07T15:20:00Z,1.5489,1.56,1.5401,1.555,8411.0
MI,2026-10-07T15:21:00Z,1.56,1.56,1.55,1.56,4852.0
MI,2026-10-07T15:22:00Z,1.55,1.56,1.55,1.551,10190.0
MI,2026-10-07T15:23:00Z,1.5586,1.56,1.545,1.545,9173.0
MI,2026-10-07T15:24:00Z,1.545,1.5492,1.54,1.5403,3242.0
MI,2026-10-07T15:25:00Z,1.5403,1.5499,1.53,1.54,12315.0
MI,2026-10-07T15:26:00Z,1.531,1.54,1.52,1.529,16216.0
MI,2026-10-07T15:27:00Z,1.525,1.5499,1.525,1.525,12271.0
MI,2026-10-07T15:28:00Z,1.5206,1.53,1.51,1.5202,14647.0
MI,2026-10-07T15:29:00Z,1.5202,1.5298,1.51,1.5103,14426.0
MI,2026-10-07T15:30:00Z,1.5113,1.54,1.51,1.5251,30940.0
MI,2026-10-07T15:31:00Z,1.5241,1.53,1.52,1.5297,1239.0
MTEN,2026-10-07T08:00:00Z,1.5,1.59,1.4,1.44,415677.0
MTEN,2026-10-07T08:01:00Z,1.4396,1.63,1.43,1.4703,170873.0
MTEN,2026-10-07T08:02:00Z,1.4796,1.65,1.47,1.54,695136.0
MTEN,2026-10-07T08:03:00Z,1.53,1.61,1.4,1.5596,626152.0
MTEN,2026-10-07T08:04:00Z,1.5596,1.76,1.54,1.7195,802002.0
MTEN,2026-10-07T08:05:00Z,1.71,1.79,1.54,1.58,931663.0
MTEN,2026-10-07T08:06:00Z,1.58,1.61,1.41,1.5209,372559.0
MTEN,2026-10-07T08:07:00Z,1.52,1.63,1.42,1.4894,375856.0
MTEN,2026-10-07T08:08:00Z,1.485,1.55,1.485,1.54,106326.0
MTEN,2026-10-07T08:09:00Z,1.54,1.565,1.48,1.4893,198620.0
MTEN,2026-10-07T08:10:00Z,1.48,1.53,1.48,1.5188,139869.0
MTEN,2026-10-07T08:11:00Z,1.515,1.55,1.5,1.52,116009.0
MTEN,2026-10-07T08:12:00Z,1.52,1.549,1.52,1.53,107181.0
MTEN,2026-10-07T08:13:00Z,1.52,1.53,1.51,1.52,85345.0
MTEN,2026-10-07T08:14:00Z,1.52,1.53,1.5,1.51,89291.0
MTEN,2026-10-07T08:15:00Z,1.52,1.52,1.47,1.47,121075.0
MTEN,2026-10-07T08:16:00Z,1.4789,1.5,1.44,1.4498,189778.0
MTEN,2026-10-07T08:17:00Z,1.45,1.45,1.38,1.41,307939.0
MTEN,2026-10-07T08:18:00Z,1.4012,1.41,1.36,1.4,208386.0
MTEN,2026-10-07T08:19:00Z,1.4,1.41,1.38,1.38,120475.0
MTEN,2026-10-07T08:20:00Z,1.38,1.41,1.37,1.4088,78067.0
MTEN,2026-10-07T08:21:00Z,1.409,1.42,1.39,1.42,83422.0
MTEN,2026-10-07T08:22:00Z,1.42,1.44,1.4089,1.43,76785.0
MTEN,2026-10-07T08:23:00Z,1.4289,1.4289,1.39,1.4101,63369.0
MTEN,2026-10-07T08:24:00Z,1.4109,1.4111,1.3908,1.4089,55989.0
MTEN,2026-10-07T08:25:00Z,1.41,1.44,1.401,1.44,71668.0
MTEN,2026-10-07T08:26:00Z,1.43,1.46,1.43,1.44,120603.0
MTEN,2026-10-07T08:27:00Z,1.44,1.4511,1.43,1.45,46600.0
MTEN,2026-10-07T08:28:00Z,1.45,1.45,1.43,1.4389,49756.0
MTEN,2026-10-07T08:29:00Z,1.4311,1.4512,1.4311,1.4411,40614.0
MTEN,2026-10-07T08:30:00Z,1.4409,1.525,1.44,1.5,217286.0
MTEN,2026-10-07T08:31:00Z,1.5,1.5097,1.45,1.4609,123194.0
MTEN,2026-10-07T08:32:00Z,1.4608,1.52,1.46,1.495,164326.0
MTEN,2026-10-07T08:33:00Z,1.4909,1.5,1.49,1.4988,50538.0
MTEN,2026-10-07T08:34:00Z,1.4911,1.55,1.4909,1.5389,170962.0
MTEN,2026-10-07T08:35:00Z,1.53,1.54,1.48,1.48,139868.0
MTEN,2026-10-07T08:36:00Z,1.48,1.5,1.47,1.49,79640.0
MTEN,2026-10-07T08:37:00Z,1.5,1.5,1.47,1.475,54207.0
MTEN,2026-10-07T08:38:00Z,1.4794,1.49,1.47,1.48,25040.0
MTEN,2026-10-07T08:39:00Z,1.49,1.4911,1.42,1.44,172294.0
MTEN,2026-10-07T08:40:00Z,1.43,1.46,1.43,1.4511,71059.0
MTEN,2026-10-07T08:41:00Z,1.4599,1.46,1.43,1.431,42913.0
MTEN,2026-10-07T08:42:00Z,1.4395,1.45,1.43,1.45,27095.0
MTEN,2026-10-07T08:43:00Z,1.4499,1.45,1.44,1.45,22871.0
MTEN,2026-10-07T08:44:00Z,1.44,1.47,1.44,1.47,15347.0
MTEN,2026-10-07T08:45:00Z,1.4609,1.48,1.46,1.47,73251.0
MTEN,2026-10-07T08:46:00Z,1.4711,1.5,1.46,1.4611,112542.0
MTEN,2026-10-07T08:47:00Z,1.4612,1.48,1.46,1.48,23441.0
MTEN,2026-10-07T08:48:00Z,1.48,1.48,1.46,1.4611,13936.0
MTEN,2026-10-07T08:49:00Z,1.465,1.47,1.45,1.4689,27633.0
MTEN,2026-10-07T08:50:00Z,1.46,1.4689,1.45,1.45,23651.0
MTEN,2026-10-07T08:51:00Z,1.45,1.4591,1.43,1.43,34891.0
MTEN,2026-10-07T08:52:00Z,1.43,1.46,1.43,1.445,32657.0
MTEN,2026-10-07T08:53:00Z,1.4489,1.45,1.4208,1.4208,44813.0
MTEN,2026-10-07T08:54:00Z,1.4211,1.46,1.42,1.4594,33576.0
MTEN,2026-10-07T08:55:00Z,1.46,1.46,1.45,1.46,28480.0
MTEN,2026-10-07T08:56:00Z,1.46,1.4689,1.45,1.46,25980.0
MTEN,2026-10-07T08:57:00Z,1.46,1.46,1.45,1.46,23916.0
MTEN,2026-10-07T08:58:00Z,1.4589,1.4589,1.43,1.4491,26253.0
MTEN,2026-10-07T08:59:00Z,1.4494,1.46,1.44,1.44,21695.0
MTEN,2026-10-07T09:00:00Z,1.44,1.44,1.42,1.43,46026.0
MTEN,2026-10-07T09:01:00Z,1.43,1.5,1.43,1.4992,106150.0
MTEN,2026-10-07T09:02:00Z,1.491,1.55,1.4908,1.54,336071.0
MTEN,2026-10-07T09:03:00Z,1.5411,1.55,1.46,1.47,209651.0
MTEN,2026-10-07T09:04:00Z,1.47,1.48,1.45,1.47,81098.0
MTEN,2026-10-07T09:05:00Z,1.4611,1.4711,1.44,1.45,76473.0
MTEN,2026-10-07T09:06:00Z,1.45,1.46,1.43,1.46,52726.0
MTEN,2026-10-07T09:07:00Z,1.4511,1.47,1.441,1.441,41076.0
MTEN,2026-10-07T09:08:00Z,1.45,1.45,1.43,1.43,65165.0
MTEN,2026-10-07T09:09:00Z,1.43,1.4488,1.43,1.4398,37726.0
MTEN,2026-10-07T09:10:00Z,1.435,1.44,1.43,1.43,15480.0
MTEN,2026-10-07T09:11:00Z,1.4303,1.4409,1.41,1.41,72846.0
MTEN,2026-10-07T09:12:00Z,1.41,1.42,1.41,1.4191,31238.0
MTEN,2026-10-07T09:13:00Z,1.41,1.44,1.41,1.43,27006.0
MTEN,2026-10-07T09:14:00Z,1.43,1.44,1.4,1.4189,39163.0
MTEN,2026-10-07T09:15:00Z,1.4111,1.42,1.41,1.4108,6341.0
MTEN,2026-10-07T09:16:00Z,1.42,1.44,1.41,1.42,32124.0
MTEN,2026-10-07T09:17:00Z,1.4211,1.43,1.4189,1.4189,11874.0
MTEN,2026-10-07T09:18:00Z,1.415,1.425,1.411,1.42,19872.0
MTEN,2026-10-07T09:19:00Z,1.4194,1.42,1.41,1.41,18974.0
MTEN,2026-10-07T09:20:00Z,1.41,1.42,1.41,1.41,11523.0
MTEN,2026-10-07T09:21:00Z,1.42,1.44,1.4111,1.4399,29696.0
MTEN,2026-10-07T09:22:00Z,1.44,1.44,1.43,1.4304,13296.0
MTEN,2026-10-07T09:23:00Z,1.43,1.4396,1.425,1.43,27062.0
MTEN,2026-10-07T09:24:00Z,1.43,1.43,1.42,1.4206,10091.0
MTEN,2026-10-07T09:25:00Z,1.42,1.43,1.42,1.43,6472.0
MTEN,2026-10-07T09:26:00Z,1.43,1.4389,1.42,1.4389,6085.0
MTEN,2026-10-07T09:27:00Z,1.4305,1.44,1.43,1.44,20692.0
MTEN,2026-10-07T09:28:00Z,1.44,1.44,1.43,1.4309,11686.0
MTEN,2026-10-07T09:29:00Z,1.4389,1.44,1.43,1.44,4090.0
MTEN,2026-10-07T09:30:00Z,1.4311,1.4405,1.4301,1.4405,7006.0
MTEN,2026-10-07T09:31:00Z,1.44,1.45,1.44,1.4411,10245.0
MTEN,2026-10-07T09:32:00Z,1.44,1.45,1.43,1.4307,27612.0
MTEN,2026-10-07T09:33:00Z,1.44,1.44,1.43,1.4306,9117.0
MTEN,2026-10-07T09:34:00Z,1.44,1.44,1.43,1.43,2984.0
MTEN,2026-10-07T09:35:00Z,1.44,1.44,1.43,1.43,17503.0
MTEN,2026-10-07T09:36:00Z,1.435,1.44,1.43,1.44,11327.0
MTEN,2026-10-07T09:37:00Z,1.43,1.44,1.42,1.43,28610.0
MTEN,2026-10-07T09:38:00Z,1.43,1.43,1.4111,1.4209,21901.0
MTEN,2026-10-07T09:39:00Z,1.4209,1.43,1.42,1.43,11495.0
MTEN,2026-10-07T09:40:00Z,1.44,1.45,1.44,1.45,30022.0
MTEN,2026-10-07T09:41:00Z,1.45,1.46,1.44,1.45,29585.0
MTEN,2026-10-07T09:42:00Z,1.45,1.46,1.44,1.46,30408.0
MTEN,2026-10-07T09:43:00Z,1.4605,1.52,1.46,1.52,132114.0
MTEN,2026-10-07T09:44:00Z,1.5193,1.52,1.48,1.4892,120504.0
MTEN,2026-10-07T09:45:00Z,1.4891,1.51,1.46,1.4695,78646.0
MTEN,2026-10-07T09:46:00Z,1.4611,1.49,1.46,1.4889,32337.0
MTEN,2026-10-07T09:47:00Z,1.48,1.5,1.48,1.5,29941.0
MTEN,2026-10-07T09:48:00Z,1.5,1.5,1.47,1.4794,44822.0
MTEN,2026-10-07T09:49:00Z,1.47,1.5,1.47,1.4911,36873.0
MTEN,2026-10-07T09:50:00Z,1.5,1.52,1.48,1.48,87354.0
MTEN,2026-10-07T09:51:00Z,1.485,1.49,1.47,1.49,78374.0
MTEN,2026-10-07T09:52:00Z,1.49,1.53,1.48,1.53,82100.0
MTEN,2026-10-07T09:53:00Z,1.53,1.56,1.5109,1.5309,263039.0
MTEN,2026-10-07T09:54:00Z,1.53,1.55,1.52,1.5489,103706.0
MTEN,2026-10-07T09:55:00Z,1.55,1.58,1.53,1.54,225592.0
MTEN,2026-10-07T09:56:00Z,1.54,1.56,1.53,1.53,89580.0
MTEN,2026-10-07T09:57:00Z,1.535,1.54,1.52,1.525,64380.0
MTEN,2026-10-07T09:58:00Z,1.5211,1.5293,1.49,1.51,93750.0
MTEN,2026-10-07T09:59:00Z,1.5003,1.52,1.5003,1.51,18235.0
MTEN,2026-10-07T10:00:00Z,1.51,1.52,1.4911,1.5091,56974.0
MTEN,2026-10-07T10:01:00Z,1.5097,1.54,1.5,1.53,103234.0
MTEN,2026-10-07T10:02:00Z,1.53,1.56,1.52,1.55,101164.0
MTEN,2026-10-07T10:03:00Z,1.5406,1.55,1.53,1.5406,36065.0
MTEN,2026-10-07T10:04:00Z,1.54,1.55,1.53,1.5411,38167.0
MTEN,2026-10-07T10:05:00Z,1.55,1.55,1.525,1.53,96052.0
MTEN,2026-10-07T10:06:00Z,1.54,1.54,1.51,1.51,47181.0
MTEN,2026-10-07T10:07:00Z,1.52,1.52,1.5,1.51,53221.0
MTEN,2026-10-07T10:08:00Z,1.5106,1.5289,1.51,1.5203,14527.0
MTEN,2026-10-07T10:09:00Z,1.5206,1.53,1.5,1.5089,26003.0
MTEN,2026-10-07T10:10:00Z,1.5089,1.5089,1.49,1.4911,30180.0
MTEN,2026-10-07T10:11:00Z,1.5,1.5,1.47,1.47,48547.0
MTEN,2026-10-07T10:12:00Z,1.475,1.5,1.47,1.4891,54353.0
MTEN,2026-10-07T10:13:00Z,1.49,1.49,1.48,1.48,16118.0
MTEN,2026-10-07T10:14:00Z,1.4811,1.4888,1.44,1.44,121218.0
MTEN,2026-10-07T10:15:00Z,1.44,1.47,1.44,1.46,60364.0
MTEN,2026-10-07T10:16:00Z,1.4605,1.47,1.45,1.46,37822.0
MTEN,2026-10-07T10:17:00Z,1.45,1.47,1.45,1.4689,20636.0
MTEN,2026-10-07T10:18:00Z,1.4698,1.47,1.45,1.4508,20002.0
MTEN,2026-10-07T10:19:00Z,1.451,1.46,1.45,1.45,9410.0
MTEN,2026-10-07T10:20:00Z,1.459,1.46,1.445,1.445,15530.0
MTEN,2026-10-07T10:21:00Z,1.4404,1.45,1.42,1.42,71437.0
MTEN,2026-10-07T10:22:00Z,1.4209,1.52,1.42,1.5097,215885.0
MTEN,2026-10-07T10:23:00Z,1.51,1.51,1.48,1.4804,72124.0
MTEN,2026-10-07T10:24:00Z,1.4804,1.56,1.48,1.56,130022.0
MTEN,2026-10-07T10:25:00Z,1.56,1.6,1.55,1.5793,271323.0
MTEN,2026-10-07T10:26:00Z,1.57,1.5797,1.515,1.5203,183982.0
MTEN,2026-10-07T10:27:00Z,1.5292,1.54,1.52,1.5309,61881.0
MTEN,2026-10-07T10:28:00Z,1.54,1.54,1.5009,1.521,56586.0
MTEN,2026-10-07T10:29:00Z,1.5289,1.53,1.5,1.51,55687.0
MTEN,2026-10-07T10:30:00Z,1.5011,1.53,1.501,1.5208,39847.0
MTEN,2026-10-07T10:31:00Z,1.5288,1.53,1.5,1.5011,33231.0
MTEN,2026-10-07T10:32:00Z,1.5,1.52,1.48,1.48,72430.0
MTEN,2026-10-07T10:33:00Z,1.48,1.5,1.47,1.48,92731.0
MTEN,2026-10-07T10:34:00Z,1.4811,1.4889,1.46,1.46,73184.0
MTEN,2026-10-07T10:35:00Z,1.469,1.485,1.45,1.485,67520.0
MTEN,2026-10-07T10:36:00Z,1.48,1.49,1.48,1.48,20476.0
MTEN,2026-10-07T10:37:00Z,1.4807,1.49,1.4611,1.4695,47213.0
MTEN,2026-10-07T10:38:00Z,1.4611,1.5,1.46,1.49,27001.0
MTEN,2026-10-07T10:39:00Z,1.49,1.5,1.48,1.4805,19870.0
MTEN,2026-10-07T10:40:00Z,1.48,1.4905,1.4711,1.48,25738.0
MTEN,2026-10-07T10:41:00Z,1.47,1.49,1.47,1.48,25024.0
MTEN,2026-10-07T10:42:00Z,1.48,1.49,1.45,1.45,97184.0
MTEN,2026-10-07T10:43:00Z,1.4599,1.465,1.45,1.465,28316.0
MTEN,2026-10-07T10:44:00Z,1.46,1.47,1.46,1.4691,12256.0
MTEN,2026-10-07T10:45:00Z,1.469,1.469,1.44,1.44,48545.0
MTEN,2026-10-07T10:46:00Z,1.449,1.45,1.43,1.4302,54837.0
MTEN,2026-10-07T10:47:00Z,1.431,1.46,1.43,1.46,26280.0
MTEN,2026-10-07T10:48:00Z,1.46,1.46,1.44,1.45,19480.0
MTEN,2026-10-07T10:49:00Z,1.4505,1.46,1.45,1.451,6345.0
MTEN,2026-10-07T10:50:00Z,1.45,1.46,1.441,1.46,37637.0
MTEN,2026-10-07T10:51:00Z,1.46,1.47,1.43,1.43,36950.0
MTEN,2026-10-07T10:52:00Z,1.44,1.4508,1.44,1.45,23947.0
MTEN,2026-10-07T10:53:00Z,1.449,1.45,1.43,1.4311,25243.0
MTEN,2026-10-07T10:54:00Z,1.4394,1.44,1.4,1.4,67131.0
MTEN,2026-10-07T10:55:00Z,1.401,1.41,1.38,1.39,166435.0
MTEN,2026-10-07T10:56:00Z,1.39,1.4,1.27,1.29,313244.0
MTEN,2026-10-07T10:57:00Z,1.29,1.35,1.29,1.33,164309.0
MTEN,2026-10-07T10:58:00Z,1.3209,1.3489,1.3109,1.33,114285.0
MTEN,2026-10-07T10:59:00Z,1.33,1.3388,1.31,1.319,63930.0
MTEN,2026-10-07T11:00:00Z,1.311,1.34,1.22,1.23,248182.0
MTEN,2026-10-07T11:01:00Z,1.23,1.27,1.2,1.24,366988.0
MTEN,2026-10-07T11:02:00Z,1.24,1.28,1.24,1.2703,122391.0
MTEN,2026-10-07T11:03:00Z,1.2793,1.33,1.27,1.2788,156938.0
MTEN,2026-10-07T11:04:00Z,1.2711,1.28,1.25,1.25,61544.0
MTEN,2026-10-07T11:05:00Z,1.26,1.26,1.25,1.25,31919.0
MTEN,2026-10-07T11:06:00Z,1.2502,1.3,1.25,1.28,96113.0
MTEN,2026-10-07T11:07:00Z,1.29,1.29,1.27,1.2811,70472.0
MTEN,2026-10-07T11:08:00Z,1.29,1.3,1.28,1.29,96665.0
MTEN,2026-10-07T11:09:00Z,1.29,1.31,1.27,1.27,151840.0
MTEN,2026-10-07T11:10:00Z,1.2708,1.29,1.27,1.28,46150.0
MTEN,2026-10-07T11:11:00Z,1.29,1.31,1.2889,1.2999,58558.0
MTEN,2026-10-07T11:12:00Z,1.29,1.31,1.29,1.295,25801.0
MTEN,2026-10-07T11:13:00Z,1.2901,1.3,1.29,1.3,32030.0
MTEN,2026-10-07T11:14:00Z,1.3,1.3,1.29,1.29,26336.0
MTEN,2026-10-07T11:15:00Z,1.3,1.3,1.28,1.29,44658.0
MTEN,2026-10-07T11:16:00Z,1.29,1.29,1.27,1.27,35913.0
MTEN,2026-10-07T11:17:00Z,1.2798,1.28,1.27,1.27,20546.0
MTEN,2026-10-07T11:18:00Z,1.27,1.28,1.26,1.27,29812.0
MTEN,2026-10-07T11:19:00Z,1.27,1.28,1.2511,1.2589,73352.0
MTEN,2026-10-07T11:20:00Z,1.25,1.26,1.23,1.2588,101655.0
MTEN,2026-10-07T11:21:00Z,1.26,1.26,1.24,1.2592,44722.0
MTEN,2026-10-07T11:22:00Z,1.26,1.28,1.26,1.27,24987.0
MTEN,2026-10-07T11:23:00Z,1.27,1.27,1.25,1.2511,35241.0
MTEN,2026-10-07T11:24:00Z,1.25,1.27,1.25,1.2502,51266.0
MTEN,2026-10-07T11:25:00Z,1.2591,1.2689,1.25,1.2689,15087.0
MTEN,2026-10-07T11:26:00Z,1.2689,1.27,1.26,1.261,7704.0
MTEN,2026-10-07T11:27:00Z,1.27,1.28,1.26,1.28,21138.0
MTEN,2026-10-07T11:28:00Z,1.28,1.28,1.27,1.27,15302.0
MTEN,2026-10-07T11:29:00Z,1.27,1.28,1.18,1.1889,157092.0
MTEN,2026-10-07T11:30:00Z,1.1889,1.19,1.13,1.16,282819.0
MTEN,2026-10-07T11:31:00Z,1.16,1.17,1.12,1.1418,184120.0
MTEN,2026-10-07T11:32:00Z,1.1411,1.17,1.1411,1.17,66532.0
MTEN,2026-10-07T11:33:00Z,1.165,1.18,1.16,1.18,53803.0
MTEN,2026-10-07T11:34:00Z,1.17,1.18,1.1511,1.1511,50767.0
MTEN,2026-10-07T11:35:00Z,1.15,1.18,1.15,1.18,45337.0
MTEN,2026-10-07T11:36:00Z,1.18,1.18,1.16,1.18,54857.0
MTEN,2026-10-07T11:37:00Z,1.18,1.18,1.17,1.179,13341.0
MTEN,2026-10-07T11:38:00Z,1.1711,1.19,1.17,1.1798,29486.0
MTEN,2026-10-07T11:39:00Z,1.1703,1.18,1.155,1.155,50085.0
MTEN,2026-10-07T11:40:00Z,1.16,1.18,1.16,1.17,38317.0
MTEN,2026-10-07T11:41:00Z,1.18,1.18,1.16,1.16,30261.0
MTEN,2026-10-07T11:42:00Z,1.1611,1.17,1.16,1.17,18207.0
MTEN,2026-10-07T11:43:00Z,1.1702,1.18,1.17,1.17,11729.0
MTEN,2026-10-07T11:44:00Z,1.1711,1.18,1.17,1.1711,12414.0
MTEN,2026-10-07T11:45:00Z,1.1785,1.1785,1.16,1.16,15589.0
MTEN,2026-10-07T11:46:00Z,1.1689,1.19,1.16,1.19,20338.0
MTEN,2026-10-07T11:47:00Z,1.189,1.19,1.18,1.1812,27957.0
MTEN,2026-10-07T11:48:00Z,1.1811,1.19,1.17,1.18,25519.0
MTEN,2026-10-07T11:49:00Z,1.17,1.2,1.17,1.195,22446.0
MTEN,2026-10-07T11:50:00Z,1.2,1.22,1.19,1.21,39498.0
MTEN,2026-10-07T11:51:00Z,1.22,1.22,1.21,1.22,19555.0
MTEN,2026-10-07T11:52:00Z,1.22,1.22,1.21,1.21,48035.0
MTEN,2026-10-07T11:53:00Z,1.2193,1.23,1.2193,1.22,19242.0
MTEN,2026-10-07T11:54:00Z,1.23,1.23,1.21,1.22,31812.0
MTEN,2026-10-07T11:55:00Z,1.211,1.22,1.2,1.2,25740.0
MTEN,2026-10-07T11:56:00Z,1.2015,1.21,1.2,1.2089,21767.0
MTEN,2026-10-07T11:57:00Z,1.2,1.2192,1.2,1.2192,22292.0
MTEN,2026-10-07T11:58:00Z,1.2192,1.22,1.2,1.2089,16598.0
MTEN,2026-10-07T11:59:00Z,1.2,1.201,1.18,1.18,56023.0
MTEN,2026-10-07T12:00:00Z,1.18,1.19,1.18,1.1899,11455.0
MTEN,2026-10-07T12:01:00Z,1.18,1.19,1.18,1.19,7503.0
MTEN,2026-10-07T12:02:00Z,1.19,1.19,1.18,1.1889,16314.0
MTEN,2026-10-07T12:03:00Z,1.1889,1.19,1.18,1.1899,11599.0
MTEN,2026-10-07T12:04:00Z,1.1811,1.1902,1.18,1.1902,20019.0
MTEN,2026-10-07T12:05:00Z,1.19,1.2,1.19,1.2,17222.0
MTEN,2026-10-07T12:06:00Z,1.199,1.21,1.18,1.18,33862.0
MTEN,2026-10-07T12:07:00Z,1.1889,1.22,1.1889,1.2115,28104.0
MTEN,2026-10-07T12:08:00Z,1.22,1.22,1.1903,1.1903,26736.0
MTEN,2026-10-07T12:09:00Z,1.2,1.2,1.19,1.19,7633.0
MTEN,2026-10-07T12:10:00Z,1.19,1.2,1.19,1.2,16559.0
MTEN,2026-10-07T12:11:00Z,1.1901,1.21,1.1901,1.21,14113.0
MTEN,2026-10-07T12:12:00Z,1.21,1.22,1.2,1.22,29515.0
MTEN,2026-10-07T12:13:00Z,1.22,1.23,1.21,1.23,32963.0
MTEN,2026-10-07T12:14:00Z,1.2298,1.24,1.22,1.2205,56761.0
MTEN,2026-10-07T12:15:00Z,1.2297,1.23,1.22,1.2201,15623.0
MTEN,2026-10-07T12:16:00Z,1.2201,1.23,1.22,1.2201,10970.0
MTEN,2026-10-07T12:17:00Z,1.2201,1.25,1.22,1.25,31576.0
MTEN,2026-10-07T12:18:00Z,1.25,1.25,1.23,1.25,54506.0
MTEN,2026-10-07T12:19:00Z,1.25,1.25,1.2,1.2,62061.0
MTEN,2026-10-07T12:20:00Z,1.21,1.22,1.1907,1.22,42456.0
MTEN,2026-10-07T12:21:00Z,1.22,1.61,1.21,1.61,1168538.0
MTEN,2026-10-07T12:22:00Z,1.61,1.65,1.02,1.232,2629820.0
MTEN,2026-10-07T12:23:00Z,1.23,1.24,1.1,1.1,611941.0
MTEN,2026-10-07T12:24:00Z,1.11,1.16,1.1,1.148,195050.0
MTEN,2026-10-07T12:25:00Z,1.15,1.15,1.13,1.1301,124895.0
MTEN,2026-10-07T12:26:00Z,1.13,1.15,1.13,1.1401,85902.0
MTEN,2026-10-07T12:27:00Z,1.1488,1.1509,1.14,1.1509,81753.0
MTEN,2026-10-07T12:28:00Z,1.15,1.17,1.15,1.17,65057.0
MTEN,2026-10-07T12:29:00Z,1.17,1.43,1.17,1.37,756899.0
MTEN,2026-10-07T12:30:00Z,1.37,1.37,1.19,1.2109,433032.0
MTEN,2026-10-07T12:31:00Z,1.2189,1.36,1.21,1.32,264213.0
MTEN,2026-10-07T12:32:00Z,1.31,1.32,1.25,1.28,166973.0
MTEN,2026-10-07T12:33:00Z,1.2885,1.31,1.27,1.3009,126157.0
MTEN,2026-10-07T12:34:00Z,1.3085,1.36,1.27,1.2792,289733.0
MTEN,2026-10-07T12:35:00Z,1.28,1.34,1.28,1.3308,177807.0
MTEN,2026-10-07T12:36:00Z,1.33,1.5,1.33,1.47,1009309.0
MTEN,2026-10-07T12:37:00Z,1.47,1.52,1.42,1.4615,896074.0
MTEN,2026-10-07T12:38:00Z,1.4612,1.52,1.37,1.45,826090.0
MTEN,2026-10-07T12:39:00Z,1.451,1.46,1.3315,1.3903,367742.0
MTEN,2026-10-07T12:40:00Z,1.39,1.4,1.33,1.3605,278485.0
MTEN,2026-10-07T12:41:00Z,1.37,1.46,1.36,1.42,267064.0
MTEN,2026-10-07T12:42:00Z,1.43,1.43,1.37,1.4085,155728.0
MTEN,2026-10-07T12:43:00Z,1.408,1.41,1.37,1.39,130277.0
MTEN,2026-10-07T12:44:00Z,1.3988,1.48,1.22,1.29,719245.0
MTEN,2026-10-07T12:45:00Z,1.298,1.3206,1.2906,1.3192,146306.0
MTEN,2026-10-07T12:46:00Z,1.31,1.34,1.29,1.339,92244.0
MTEN,2026-10-07T12:47:00Z,1.34,1.34,1.28,1.28,103433.0
MTEN,2026-10-07T12:48:00Z,1.29,1.3,1.25,1.29,146298.0
MTEN,2026-10-07T12:49:00Z,1.29,1.3,1.26,1.2788,57327.0
MTEN,2026-10-07T12:50:00Z,1.27,1.3,1.27,1.2991,77522.0
MTEN,2026-10-07T12:51:00Z,1.3,1.31,1.29,1.309,55509.0
MTEN,2026-10-07T12:52:00Z,1.305,1.32,1.3,1.31,90878.0
MTEN,2026-10-07T12:53:00Z,1.31,1.33,1.28,1.2808,88840.0
MTEN,2026-10-07T12:54:00Z,1.29,1.3,1.28,1.29,89785.0
MTEN,2026-10-07T12:55:00Z,1.29,1.3,1.26,1.27,56487.0
MTEN,2026-10-07T12:56:00Z,1.2704,1.28,1.25,1.27,81654.0
MTEN,2026-10-07T12:57:00Z,1.27,1.27,1.23,1.2506,104438.0
MTEN,2026-10-07T12:58:00Z,1.26,1.35,1.25,1.3485,130714.0
MTEN,2026-10-07T12:59:00Z,1.345,1.35,1.28,1.325,150853.0
MTEN,2026-10-07T13:00:00Z,1.33,1.39,1.33,1.3403,352651.0
MTEN,2026-10-07T13:01:00Z,1.3407,1.38,1.34,1.3596,137994.0
MTEN,2026-10-07T13:02:00Z,1.35,1.35,1.31,1.33,151963.0
MTEN,2026-10-07T13:03:00Z,1.328,1.38,1.31,1.33,396264.0
MTEN,2026-10-07T13:04:00Z,1.33,1.39,1.32,1.33,477956.0
MTEN,2026-10-07T13:05:00Z,1.33,1.4,1.33,1.39,506307.0
MTEN,2026-10-07T13:06:00Z,1.39,1.4,1.34,1.36,185530.0
MTEN,2026-10-07T13:07:00Z,1.3506,1.41,1.33,1.33,376071.0
MTEN,2026-10-07T13:08:00Z,1.34,1.41,1.33,1.3815,437627.0
MTEN,2026-10-07T13:09:00Z,1.39,1.4,1.37,1.3989,71096.0
MTEN,2026-10-07T13:10:00Z,1.391,1.44,1.39,1.4389,232361.0
MTEN,2026-10-07T13:11:00Z,1.431,1.44,1.35,1.3503,204057.0
MTEN,2026-10-07T13:12:00Z,1.35,1.36,1.35,1.3511,57308.0
MTEN,2026-10-07T13:13:00Z,1.3589,1.38,1.35,1.37,39569.0
MTEN,2026-10-07T13:14:00Z,1.37,1.37,1.35,1.3512,46206.0
MTEN,2026-10-07T13:15:00Z,1.35,1.36,1.3309,1.3498,72534.0
MTEN,2026-10-07T13:16:00Z,1.34,1.35,1.32,1.32,45656.0
MTEN,2026-10-07T13:17:00Z,1.32,1.36,1.32,1.33,81210.0
MTEN,2026-10-07T13:18:00Z,1.33,1.34,1.33,1.339,17826.0
MTEN,2026-10-07T13:19:00Z,1.3392,1.34,1.32,1.33,26589.0
MTEN,2026-10-07T13:20:00Z,1.322,1.33,1.29,1.29,73088.0
MTEN,2026-10-07T13:21:00Z,1.29,1.3,1.29,1.3,52201.0
MTEN,2026-10-07T13:22:00Z,1.3,1.33,1.3,1.3201,35804.0
MTEN,2026-10-07T13:23:00Z,1.32,1.33,1.3,1.31,32730.0
MTEN,2026-10-07T13:24:00Z,1.31,1.32,1.3,1.31,28850.0
MTEN,2026-10-07T13:25:00Z,1.31,1.31,1.28,1.31,50315.0
MTEN,2026-10-07T13:26:00Z,1.3003,1.31,1.29,1.29,30928.0
MTEN,2026-10-07T13:27:00Z,1.2997,1.3,1.29,1.295,26142.0
MTEN,2026-10-07T13:28:00Z,1.295,1.295,1.26,1.26,104988.0
MTEN,2026-10-07T13:29:00Z,1.26,1.27,1.23,1.2598,103332.0
MTEN,2026-10-07T13:30:00Z,1.25,1.28,1.22,1.28,320451.0
MTEN,2026-10-07T13:31:00Z,1.2709,1.35,1.27,1.34,373877.0
MTEN,2026-10-07T13:32:00Z,1.34,1.399,1.33,1.35,757776.0
MTEN,2026-10-07T13:33:00Z,1.3568,1.36,1.3,1.3009,359220.0
MTEN,2026-10-07T13:34:00Z,1.3,1.39,1.3,1.3102,412622.0
MTEN,2026-10-07T13:35:00Z,1.31,1.385,1.31,1.35,299717.0
MTEN,2026-10-07T13:36:00Z,1.3584,1.41,1.34,1.345,761113.0
MTEN,2026-10-07T13:37:00Z,1.3498,1.3508,1.29,1.29,327041.0
MTEN,2026-10-07T13:38:00Z,1.2918,1.31,1.29,1.305,146903.0
MTEN,2026-10-07T13:39:00Z,1.3099,1.32,1.25,1.26,233141.0
MTEN,2026-10-07T13:40:00Z,1.251,1.29,1.21,1.22,307615.0
MTEN,2026-10-07T13:41:00Z,1.22,1.22,1.15,1.155,370141.0
MTEN,2026-10-07T13:42:00Z,1.155,1.2099,1.15,1.185,185622.0
MTEN,2026-10-07T13:43:00Z,1.185,1.185,1.15,1.15,164915.0
MTEN,2026-10-07T13:44:00Z,1.1502,1.17,1.15,1.17,110577.0
MTEN,2026-10-07T13:45:00Z,1.169,1.18,1.15,1.15,155318.0
MTEN,2026-10-07T13:46:00Z,1.1593,1.18,1.155,1.18,69786.0
MTEN,2026-10-07T13:47:00Z,1.18,1.225,1.1702,1.185,171875.0
MTEN,2026-10-07T13:48:00Z,1.19,1.2,1.19,1.1908,62780.0
MTEN,2026-10-07T13:49:00Z,1.195,1.25,1.19,1.1954,199909.0
MTEN,2026-10-07T13:50:00Z,1.1901,1.24,1.1901,1.231,73938.0
MTEN,2026-10-07T13:51:00Z,1.23,1.24,1.17,1.1999,231199.0
MTEN,2026-10-07T13:52:00Z,1.2,1.2,1.18,1.185,74473.0
MTEN,2026-10-07T13:53:00Z,1.185,1.1995,1.18,1.185,31192.0
MTEN,2026-10-07T13:54:00Z,1.185,1.2,1.18,1.195,43065.0
MTEN,2026-10-07T13:55:00Z,1.2,1.22,1.195,1.2,39626.0
MTEN,2026-10-07T13:56:00Z,1.21,1.2283,1.2,1.2098,47244.0
MTEN,2026-10-07T13:57:00Z,1.2,1.21,1.18,1.1801,44615.0
MTEN,2026-10-07T13:58:00Z,1.18,1.19,1.18,1.19,44227.0
MTEN,2026-10-07T13:59:00Z,1.1881,1.19,1.17,1.1761,59426.0
MTEN,2026-10-07T14:00:00Z,1.18,1.19,1.1701,1.18,29962.0
MTEN,2026-10-07T14:01:00Z,1.1832,1.2,1.18,1.195,34298.0
MTEN,2026-10-07T14:02:00Z,1.195,1.2,1.19,1.195,20295.0
MTEN,2026-10-07T14:03:00Z,1.1982,1.2,1.19,1.2,29919.0
MTEN,2026-10-07T14:04:00Z,1.1998,1.2,1.19,1.2,10999.0
MTEN,2026-10-07T14:05:00Z,1.2,1.2,1.18,1.19,26898.0
MTEN,2026-10-07T14:06:00Z,1.19,1.22,1.19,1.2188,55831.0
MTEN,2026-10-07T14:07:00Z,1.215,1.27,1.21,1.2609,168948.0
MTEN,2026-10-07T14:08:00Z,1.2673,1.3,1.26,1.2699,316675.0
MTEN,2026-10-07T14:09:00Z,1.26,1.27,1.22,1.245,149860.0
MTEN,2026-10-07T14:10:00Z,1.245,1.25,1.21,1.2299,91612.0
MTEN,2026-10-07T14:11:00Z,1.225,1.24,1.21,1.2399,59523.0
MTEN,2026-10-07T14:12:00Z,1.2393,1.25,1.23,1.249,52345.0
MTEN,2026-10-07T14:13:00Z,1.2499,1.25,1.22,1.23,135076.0
MTEN,2026-10-07T14:14:00Z,1.225,1.23,1.22,1.2295,23818.0
MTEN,2026-10-07T14:15:00Z,1.23,1.24,1.21,1.21,59904.0
MTEN,2026-10-07T14:16:00Z,1.215,1.23,1.215,1.2201,28557.0
MTEN,2026-10-07T14:17:00Z,1.225,1.23,1.22,1.23,14110.0
MTEN,2026-10-07T14:18:00Z,1.225,1.23,1.22,1.23,30742.0
MTEN,2026-10-07T14:19:00Z,1.225,1.23,1.22,1.2203,18936.0
MTEN,2026-10-07T14:20:00Z,1.2209,1.23,1.22,1.23,13116.0
MTEN,2026-10-07T14:21:00Z,1.2269,1.23,1.18,1.1999,113007.0
MTEN,2026-10-07T14:22:00Z,1.2,1.2,1.18,1.1889,39524.0
MTEN,2026-10-07T14:23:00Z,1.1809,1.1892,1.17,1.175,77322.0
MTEN,2026-10-07T14:24:00Z,1.18,1.1999,1.18,1.195,44799.0
MTEN,2026-10-07T14:25:00Z,1.195,1.2,1.18,1.182,14359.0
MTEN,2026-10-07T14:26:00Z,1.185,1.19,1.17,1.17,48317.0
MTEN,2026-10-07T14:27:00Z,1.17,1.17,1.08,1.1108,426656.0
MTEN,2026-10-07T14:28:00Z,1.11,1.14,1.1,1.11,214964.0
MTEN,2026-10-07T14:29:00Z,1.115,1.14,1.11,1.135,69178.0
MTEN,2026-10-07T14:30:00Z,1.13,1.14,1.12,1.13,59026.0
MTEN,2026-10-07T14:31:00Z,1.13,1.13,1.12,1.12,46201.0
MTEN,2026-10-07T14:32:00Z,1.12,1.13,1.12,1.12,37624.0
MTEN,2026-10-07T14:33:00Z,1.12,1.13,1.115,1.125,90844.0
MTEN,2026-10-07T14:34:00Z,1.125,1.13,1.12,1.1203,26486.0
MTEN,2026-10-07T14:35:00Z,1.12,1.125,1.08,1.0809,105791.0
MTEN,2026-10-07T14:36:00Z,1.0801,1.09,1.08,1.08,88592.0
MTEN,2026-10-07T14:37:00Z,1.0803,1.0803,1.01,1.05,241566.0
MTEN,2026-10-07T14:38:00Z,1.055,1.06,1.04,1.045,88899.0
MTEN,2026-10-07T14:39:00Z,1.0401,1.11,1.0401,1.09,155880.0
MTEN,2026-10-07T14:40:00Z,1.0902,1.14,1.09,1.125,172439.0
MTEN,2026-10-07T14:41:00Z,1.12,1.12,1.1,1.105,33986.0
MTEN,2026-10-07T14:42:00Z,1.105,1.11,1.07,1.08,54689.0
MTEN,2026-10-07T14:43:00Z,1.085,1.0988,1.08,1.0988,13216.0
MTEN,2026-10-07T14:44:00Z,1.0934,1.1199,1.09,1.0988,55734.0
MTEN,2026-10-07T14:45:00Z,1.1,1.11,1.09,1.1007,22836.0
MTEN,2026-10-07T14:46:00Z,1.1007,1.11,1.09,1.1,18018.0
MTEN,2026-10-07T14:47:00Z,1.1,1.11,1.0908,1.11,9864.0
MTEN,2026-10-07T14:48:00Z,1.105,1.1156,1.1,1.1112,15532.0
MTEN,2026-10-07T14:49:00Z,1.1192,1.1192,1.1001,1.105,17172.0
MTEN,2026-10-07T14:50:00Z,1.105,1.11,1.09,1.09,12458.0
MTEN,2026-10-07T14:51:00Z,1.09,1.0904,1.08,1.085,12288.0
MTEN,2026-10-07T14:52:00Z,1.0859,1.09,1.08,1.09,30522.0
MTEN,2026-10-07T14:53:00Z,1.0892,1.09,1.08,1.085,8658.0
MTEN,2026-10-07T14:54:00Z,1.09,1.09,1.08,1.0892,21852.0
MTEN,2026-10-07T14:55:00Z,1.0892,1.09,1.08,1.0801,12734.0
MTEN,2026-10-07T14:56:00Z,1.08,1.0802,1.05,1.06,55773.0
MTEN,2026-10-07T14:57:00Z,1.05,1.08,1.05,1.06,46770.0
MTEN,2026-10-07T14:58:00Z,1.0683,1.0799,1.0683,1.0799,15331.0
MTEN,2026-10-07T14:59:00Z,1.0799,1.09,1.075,1.08,11497.0
MTEN,2026-10-07T15:00:00Z,1.0892,1.12,1.08,1.09,64998.0
MTEN,2026-10-07T15:01:00Z,1.09,1.1,1.09,1.1,9968.0
MTEN,2026-10-07T15:02:00Z,1.09,1.11,1.09,1.105,14924.0
MTEN,2026-10-07T15:03:00Z,1.1091,1.11,1.1,1.105,14407.0
MTEN,2026-10-07T15:04:00Z,1.1,1.11,1.1,1.1,13414.0
MTEN,2026-10-07T15:05:00Z,1.1091,1.11,1.1,1.1099,22012.0
MTEN,2026-10-07T15:06:00Z,1.105,1.11,1.1,1.1009,12846.0
MTEN,2026-10-07T15:07:00Z,1.105,1.11,1.0935,1.1,14125.0
MTEN,2026-10-07T15:08:00Z,1.1,1.1,1.07,1.07,48175.0
MTEN,2026-10-07T15:09:00Z,1.07,1.08,1.07,1.07,8514.0
MTEN,2026-10-07T15:10:00Z,1.07,1.1,1.07,1.09,52725.0
MTEN,2026-10-07T15:11:00Z,1.09,1.0999,1.09,1.095,10387.0
MTEN,2026-10-07T15:12:00Z,1.095,1.1,1.09,1.09,5264.0
MTEN,2026-10-07T15:13:00Z,1.1,1.12,1.1,1.11,38102.0
MTEN,2026-10-07T15:14:00Z,1.1198,1.12,1.0901,1.11,73772.0
MTEN,2026-10-07T15:15:00Z,1.105,1.12,1.1011,1.1107,26472.0
MTEN,2026-10-07T15:16:00Z,1.11,1.1101,1.1,1.105,19761.0
MTEN,2026-10-07T15:17:00Z,1.105,1.105,1.09,1.095,17020.0
MTEN,2026-10-07T15:18:00Z,1.095,1.0999,1.09,1.09,11121.0
MTEN,2026-10-07T15:19:00Z,1.085,1.085,1.07,1.08,32793.0
MTEN,2026-10-07T15:20:00Z,1.08,1.1,1.08,1.09,32315.0
MTEN,2026-10-07T15:21:00Z,1.09,1.095,1.09,1.0901,2458.0
MTEN,2026-10-07T15:22:00Z,1.0905,1.11,1.09,1.1,32350.0
MTEN,2026-10-07T15:23:00Z,1.11,1.11,1.09,1.092,11489.0
MTEN,2026-10-07T15:24:00Z,1.0995,1.1,1.09,1.09,16399.0
MTEN,2026-10-07T15:25:00Z,1.0901,1.095,1.0807,1.0908,11765.0
MTEN,2026-10-07T15:26:00Z,1.0908,1.0908,1.08,1.085,6660.0
MTEN,2026-10-07T15:27:00Z,1.08,1.085,1.08,1.085,10562.0
MTEN,2026-10-07T15:28:00Z,1.0892,1.09,1.08,1.085,6989.0
MTEN,2026-10-07T15:29:00Z,1.0897,1.09,1.08,1.08,10516.0
MTEN,2026-10-07T15:30:00Z,1.0806,1.1,1.08,1.0948,33885.0
MTEN,2026-10-07T15:31:00Z,1.0948,1.1,1.09,1.1,3351.0
NCPL,2026-10-07T08:01:00Z,1.39,1.39,1.31,1.31,11263.0
NCPL,2026-10-07T08:02:00Z,1.36,1.47,1.29,1.37,35327.0
NCPL,2026-10-07T08:03:00Z,1.37,1.38,1.29,1.38,9033.0
NCPL,2026-10-07T08:04:00Z,1.295,1.33,1.295,1.32,6654.0
NCPL,2026-10-07T08:05:00Z,1.335,1.3476,1.33,1.34,1568.0
NCPL,2026-10-07T08:06:00Z,1.34,1.34,1.32,1.33,725.0
NCPL,2026-10-07T08:07:00Z,1.37,1.37,1.37,1.37,408.0
NCPL,2026-10-07T08:08:00Z,1.37,1.39,1.34,1.355,2272.0
NCPL,2026-10-07T08:09:00Z,1.34,1.35,1.34,1.35,358.0
NCPL,2026-10-07T08:10:00Z,1.3424,1.3424,1.34,1.34,431.0
NCPL,2026-10-07T08:11:00Z,1.34,1.34,1.34,1.34,170.0
NCPL,2026-10-07T08:12:00Z,1.36,1.37,1.35,1.36,826.0
NCPL,2026-10-07T08:13:00Z,1.3697,1.3697,1.36,1.36,300.0
NCPL,2026-10-07T08:14:00Z,1.3516,1.3516,1.3516,1.3516,200.0
NCPL,2026-10-07T08:15:00Z,1.36,1.37,1.355,1.36,2902.0
NCPL,2026-10-07T08:16:00Z,1.35,1.41,1.33,1.33,14202.0
NCPL,2026-10-07T08:17:00Z,1.3203,1.3203,1.3002,1.31,5563.0
NCPL,2026-10-07T08:18:00Z,1.3097,1.33,1.3,1.31,9991.0
NCPL,2026-10-07T08:19:00Z,1.31,1.31,1.31,1.31,0.0
NCPL,2026-10-07T08:20:00Z,1.32,1.32,1.31,1.3116,1566.0
NCPL,2026-10-07T08:21:00Z,1.32,1.3297,1.32,1.325,800.0
NCPL,2026-10-07T08:22:00Z,1.3203,1.33,1.3203,1.3297,2725.0
NCPL,2026-10-07T08:23:00Z,1.3203,1.3203,1.3203,1.3203,155.0
NCPL,2026-10-07T08:24:00Z,1.3203,1.3203,1.3203,1.3203,279.0
NCPL,2026-10-07T08:25:00Z,1.3203,1.3203,1.3203,1.3203,0.0
NCPL,2026-10-07T08:26:00Z,1.32,1.32,1.29,1.31,3600.0
NCPL,2026-10-07T08:27:00Z,1.3,1.3,1.29,1.3,3285.0
NCPL,2026-10-07T08:28:00Z,1.3,1.3003,1.3,1.3003,782.0
NCPL,2026-10-07T08:29:00Z,1.34,1.34,1.34,1.34,810.0
NCPL,2026-10-07T08:30:00Z,1.35,1.35,1.3397,1.3397,1047.0
NCPL,2026-10-07T08:31:00Z,1.3397,1.3397,1.3397,1.3397,0.0
NCPL,2026-10-07T08:32:00Z,1.31,1.34,1.31,1.34,2480.0
NCPL,2026-10-07T08:33:00Z,1.34,1.34,1.34,1.34,0.0
NCPL,2026-10-07T08:34:00Z,1.31,1.31,1.31,1.31,105.0
NCPL,2026-10-07T08:35:00Z,1.3006,1.3006,1.3006,1.3006,659.0
NCPL,2026-10-07T08:36:00Z,1.3006,1.3006,1.3006,1.3006,0.0
NCPL,2026-10-07T08:37:00Z,1.34,1.34,1.34,1.34,150.0
NCPL,2026-10-07T08:38:00Z,1.31,1.32,1.31,1.31,467.0
NCPL,2026-10-07T08:39:00Z,1.3297,1.3297,1.32,1.32,1070.0
NCPL,2026-10-07T08:40:00Z,1.32,1.32,1.32,1.32,0.0
NCPL,2026-10-07T08:41:00Z,1.34,1.34,1.34,1.34,374.0
NCPL,2026-10-07T08:42:00Z,1.33,1.33,1.311,1.32,668.0
NCPL,2026-10-07T08:43:00Z,1.33,1.33,1.32,1.32,501.0
NCPL,2026-10-07T08:44:00Z,1.32,1.32,1.32,1.32,0.0
NCPL,2026-10-07T08:45:00Z,1.32,1.32,1.32,1.32,0.0
NCPL,2026-10-07T08:46:00Z,1.33,1.335,1.33,1.335,800.0
NCPL,2026-10-07T08:47:00Z,1.34,1.34,1.34,1.34,246.0
NCPL,2026-10-07T08:48:00Z,1.35,1.35,1.3497,1.35,2366.0
NCPL,2026-10-07T08:49:00Z,1.36,1.37,1.36,1.37,2084.0
NCPL,2026-10-07T08:50:00Z,1.3691,1.37,1.3516,1.36,1079.0
NCPL,2026-10-07T08:51:00Z,1.36,1.36,1.36,1.36,288.0
NCPL,2026-10-07T08:52:00Z,1.35,1.35,1.33,1.33,1020.0
NCPL,2026-10-07T08:53:00Z,1.335,1.335,1.335,1.335,146.0
NCPL,2026-10-07T08:54:00Z,1.33,1.33,1.33,1.33,534.0
NCPL,2026-10-07T08:55:00Z,1.34,1.34,1.335,1.335,711.0
NCPL,2026-10-07T08:56:00Z,1.34,1.34,1.335,1.34,1391.0
NCPL,2026-10-07T08:57:00Z,1.3401,1.3401,1.34,1.34,614.0
NCPL,2026-10-07T08:58:00Z,1.33,1.33,1.33,1.33,222.0
NCPL,2026-10-07T08:59:00Z,1.33,1.33,1.33,1.33,0.0
NCPL,2026-10-07T09:00:00Z,1.34,1.34,1.3397,1.3397,904.0
NCPL,2026-10-07T09:01:00Z,1.33,1.33,1.33,1.33,251.0
NCPL,2026-10-07T09:02:00Z,1.33,1.36,1.33,1.35,2102.0
NCPL,2026-10-07T09:03:00Z,1.35,1.35,1.35,1.35,0.0
NCPL,2026-10-07T09:04:00Z,1.35,1.35,1.35,1.35,0.0
NCPL,2026-10-07T09:05:00Z,1.36,1.36,1.36,1.36,389.0
NCPL,2026-10-07T09:06:00Z,1.33,1.345,1.33,1.33,1992.0
NCPL,2026-10-07T09:07:00Z,1.34,1.34,1.34,1.34,506.0
NCPL,2026-10-07T09:08:00Z,1.35,1.35,1.35,1.35,124.0
NCPL,2026-10-07T09:09:00Z,1.34,1.34,1.33,1.33,461.0
NCPL,2026-10-07T09:10:00Z,1.33,1.33,1.33,1.33,100.0
NCPL,2026-10-07T09:11:00Z,1.35,1.36,1.35,1.36,652.0
NCPL,2026-10-07T09:12:00Z,1.35,1.36,1.35,1.36,400.0
NCPL,2026-10-07T09:13:00Z,1.36,1.36,1.36,1.36,0.0
NCPL,2026-10-07T09:14:00Z,1.36,1.36,1.35,1.35,256.0
NCPL,2026-10-07T09:15:00Z,1.35,1.35,1.35,1.35,165.0
NCPL,2026-10-07T09:16:00Z,1.34,1.34,1.34,1.34,731.0
NCPL,2026-10-07T09:17:00Z,1.35,1.35,1.34,1.34,2500.0
NCPL,2026-10-07T09:18:00Z,1.35,1.35,1.35,1.35,190.0
NCPL,2026-10-07T09:19:00Z,1.355,1.355,1.355,1.355,719.0
NCPL,2026-10-07T09:20:00Z,1.355,1.355,1.355,1.355,261.0
NCPL,2026-10-07T09:21:00Z,1.35,1.35,1.34,1.34,1465.0
NCPL,2026-10-07T09:22:00Z,1.34,1.34,1.34,1.34,302.0
NCPL,2026-10-07T09:23:00Z,1.33,1.34,1.32,1.32,613.0
NCPL,2026-10-07T09:24:00Z,1.34,1.34,1.34,1.34,1327.0
NCPL,2026-10-07T09:25:00Z,1.34,1.34,1.34,1.34,0.0
NCPL,2026-10-07T09:26:00Z,1.33,1.33,1.33,1.33,399.0
NCPL,2026-10-07T09:27:00Z,1.34,1.34,1.32,1.34,1623.0
NCPL,2026-10-07T09:28:00Z,1.325,1.325,1.32,1.32,1123.0
NCPL,2026-10-07T09:29:00Z,1.34,1.34,1.33,1.33,683.0
NCPL,2026-10-07T09:30:00Z,1.34,1.34,1.34,1.34,200.0
NCPL,2026-10-07T09:31:00Z,1.35,1.35,1.35,1.35,365.0
NCPL,2026-10-07T09:32:00Z,1.35,1.35,1.35,1.35,0.0
NCPL,2026-10-07T09:33:00Z,1.35,1.35,1.35,1.35,0.0
NCPL,2026-10-07T09:34:00Z,1.335,1.335,1.33,1.33,915.0
NCPL,2026-10-07T09:35:00Z,1.32,1.32,1.32,1.32,237.0
NCPL,2026-10-07T09:36:00Z,1.32,1.32,1.32,1.32,0.0
NCPL,2026-10-07T09:37:00Z,1.32,1.32,1.32,1.32,0.0
NCPL,2026-10-07T09:38:00Z,1.35,1.35,1.35,1.35,572.0
NCPL,2026-10-07T09:39:00Z,1.3496,1.3496,1.3496,1.3496,137.0
NCPL,2026-10-07T09:40:00Z,1.33,1.33,1.33,1.33,300.0
NCPL,2026-10-07T09:41:00Z,1.33,1.33,1.33,1.33,137.0
NCPL,2026-10-07T09:42:00Z,1.35,1.37,1.35,1.37,4464.0
NCPL,2026-10-07T09:43:00Z,1.38,1.38,1.38,1.38,1104.0
NCPL,2026-10-07T09:44:00Z,1.38,1.38,1.37,1.375,2181.0
NCPL,2026-10-07T09:45:00Z,1.375,1.38,1.36,1.36,4227.0
NCPL,2026-10-07T09:46:00Z,1.36,1.36,1.36,1.36,170.0
NCPL,2026-10-07T09:47:00Z,1.36,1.36,1.36,1.36,0.0
NCPL,2026-10-07T09:48:00Z,1.35,1.37,1.35,1.355,2421.0
NCPL,2026-10-07T09:49:00Z,1.35,1.36,1.35,1.36,1846.0
NCPL,2026-10-07T09:50:00Z,1.36,1.36,1.36,1.36,0.0
NCPL,2026-10-07T09:51:00Z,1.34,1.3407,1.34,1.3407,402.0
NCPL,2026-10-07T09:52:00Z,1.34,1.34,1.34,1.34,750.0
NCPL,2026-10-07T09:53:00Z,1.335,1.335,1.33,1.33,1040.0
NCPL,2026-10-07T09:54:00Z,1.33,1.33,1.33,1.33,2368.0
NCPL,2026-10-07T09:55:00Z,1.335,1.335,1.33,1.33,2841.0
NCPL,2026-10-07T09:56:00Z,1.36,1.36,1.36,1.36,200.0
NCPL,2026-10-07T09:57:00Z,1.325,1.33,1.3203,1.325,3084.0
NCPL,2026-10-07T09:58:00Z,1.325,1.325,1.325,1.325,0.0
NCPL,2026-10-07T09:59:00Z,1.33,1.33,1.32,1.32,2424.0
NCPL,2026-10-07T10:00:00Z,1.31,1.32,1.31,1.32,604.0
NCPL,2026-10-07T10:01:00Z,1.32,1.35,1.32,1.345,1226.0
NCPL,2026-10-07T10:02:00Z,1.345,1.345,1.345,1.345,0.0
NCPL,2026-10-07T10:03:00Z,1.34,1.34,1.34,1.34,249.0
NCPL,2026-10-07T10:04:00Z,1.34,1.34,1.34,1.34,1320.0
NCPL,2026-10-07T10:05:00Z,1.34,1.34,1.34,1.34,0.0
NCPL,2026-10-07T10:06:00Z,1.36,1.36,1.35,1.35,239.0
NCPL,2026-10-07T10:07:00Z,1.35,1.35,1.35,1.35,270.0
NCPL,2026-10-07T10:08:00Z,1.35,1.35,1.35,1.35,500.0
NCPL,2026-10-07T10:09:00Z,1.36,1.39,1.35,1.38,12329.0
NCPL,2026-10-07T10:10:00Z,1.38,1.38,1.36,1.36,1191.0
NCPL,2026-10-07T10:11:00Z,1.35,1.355,1.33,1.33,2073.0
NCPL,2026-10-07T10:12:00Z,1.355,1.355,1.355,1.355,300.0
NCPL,2026-10-07T10:13:00Z,1.35,1.355,1.35,1.35,1375.0
NCPL,2026-10-07T10:14:00Z,1.35,1.35,1.35,1.35,0.0
NCPL,2026-10-07T10:15:00Z,1.33,1.33,1.33,1.33,427.0
NCPL,2026-10-07T10:16:00Z,1.33,1.33,1.33,1.33,0.0
NCPL,2026-10-07T10:17:00Z,1.335,1.34,1.33,1.34,2089.0
NCPL,2026-10-07T10:18:00Z,1.34,1.34,1.34,1.34,0.0
NCPL,2026-10-07T10:19:00Z,1.33,1.33,1.33,1.33,164.0
NCPL,2026-10-07T10:20:00Z,1.33,1.35,1.33,1.35,1213.0
NCPL,2026-10-07T10:21:00Z,1.35,1.35,1.33,1.33,475.0
NCPL,2026-10-07T10:22:00Z,1.34,1.34,1.34,1.34,150.0
NCPL,2026-10-07T10:23:00Z,1.33,1.34,1.33,1.33,728.0
NCPL,2026-10-07T10:24:00Z,1.33,1.33,1.33,1.33,194.0
NCPL,2026-10-07T10:25:00Z,1.33,1.33,1.33,1.33,285.0
NCPL,2026-10-07T10:26:00Z,1.33,1.33,1.33,1.33,800.0
NCPL,2026-10-07T10:27:00Z,1.33,1.33,1.33,1.33,0.0
NCPL,2026-10-07T10:28:00Z,1.33,1.33,1.33,1.33,748.0
NCPL,2026-10-07T10:29:00Z,1.335,1.335,1.33,1.33,819.0
NCPL,2026-10-07T10:30:00Z,1.33,1.33,1.33,1.33,431.0
NCPL,2026-10-07T10:31:00Z,1.33,1.33,1.33,1.33,0.0
NCPL,2026-10-07T10:32:00Z,1.33,1.33,1.33,1.33,175.0
NCPL,2026-10-07T10:33:00Z,1.33,1.33,1.32,1.32,3424.0
NCPL,2026-10-07T10:34:00Z,1.32,1.32,1.32,1.32,400.0
NCPL,2026-10-07T10:35:00Z,1.32,1.32,1.31,1.31,4765.0
NCPL,2026-10-07T10:36:00Z,1.32,1.32,1.3,1.3,3490.0
NCPL,2026-10-07T10:37:00Z,1.31,1.31,1.31,1.31,767.0
NCPL,2026-10-07T10:38:00Z,1.31,1.315,1.31,1.315,911.0
NCPL,2026-10-07T10:39:00Z,1.315,1.315,1.315,1.315,0.0
NCPL,2026-10-07T10:40:00Z,1.3103,1.3103,1.3103,1.3103,306.0
NCPL,2026-10-07T10:41:00Z,1.31,1.32,1.29,1.31,9035.0
NCPL,2026-10-07T10:42:00Z,1.3,1.3,1.29,1.29,1157.0
NCPL,2026-10-07T10:43:00Z,1.29,1.3,1.29,1.3,332.0
NCPL,2026-10-07T10:44:00Z,1.3,1.3,1.3,1.3,672.0
NCPL,2026-10-07T10:45:00Z,1.31,1.31,1.3,1.3,293.0
NCPL,2026-10-07T10:46:00Z,1.3,1.3,1.3,1.3,1627.0
NCPL,2026-10-07T10:47:00Z,1.3,1.31,1.3,1.31,321.0
NCPL,2026-10-07T10:48:00Z,1.32,1.32,1.32,1.32,771.0
NCPL,2026-10-07T10:49:00Z,1.32,1.32,1.32,1.32,0.0
NCPL,2026-10-07T10:50:00Z,1.3,1.3,1.3,1.3,100.0
NCPL,2026-10-07T10:51:00Z,1.3,1.3,1.3,1.3,0.0
NCPL,2026-10-07T10:52:00Z,1.3009,1.3009,1.3009,1.3009,147.0
NCPL,2026-10-07T10:53:00Z,1.3009,1.3009,1.3009,1.3009,0.0
NCPL,2026-10-07T10:54:00Z,1.32,1.32,1.32,1.32,1096.0
NCPL,2026-10-07T10:55:00Z,1.32,1.32,1.32,1.32,0.0
NCPL,2026-10-07T10:56:00Z,1.32,1.32,1.31,1.31,720.0
NCPL,2026-10-07T10:57:00Z,1.32,1.32,1.32,1.32,112.0
NCPL,2026-10-07T10:58:00Z,1.3,1.32,1.3,1.32,278.0
NCPL,2026-10-07T10:59:00Z,1.32,1.32,1.32,1.32,0.0
NCPL,2026-10-07T11:00:00Z,1.31,1.33,1.3,1.33,9699.0
NCPL,2026-10-07T11:01:00Z,1.3191,1.3191,1.3191,1.3191,200.0
NCPL,2026-10-07T11:02:00Z,1.32,1.3554,1.31,1.345,26916.0
NCPL,2026-10-07T11:03:00Z,1.36,1.36,1.34,1.34,6501.0
NCPL,2026-10-07T11:04:00Z,1.35,1.36,1.35,1.36,3980.0
NCPL,2026-10-07T11:05:00Z,1.36,1.37,1.35,1.37,5315.0
NCPL,2026-10-07T11:06:00Z,1.3685,1.44,1.365,1.41,29617.0
NCPL,2026-10-07T11:07:00Z,1.41,1.41,1.3885,1.3906,45267.0
NCPL,2026-10-07T11:08:00Z,1.39,1.395,1.36,1.3896,18367.0
NCPL,2026-10-07T11:09:00Z,1.3899,1.39,1.36,1.3601,7804.0
NCPL,2026-10-07T11:10:00Z,1.3606,1.38,1.36,1.37,11573.0
NCPL,2026-10-07T11:11:00Z,1.37,1.37,1.36,1.36,2057.0
NCPL,2026-10-07T11:12:00Z,1.3603,1.3603,1.36,1.36,804.0
NCPL,2026-10-07T11:13:00Z,1.3698,1.3698,1.36,1.36,3161.0
NCPL,2026-10-07T11:14:00Z,1.355,1.355,1.32,1.32,12806.0
NCPL,2026-10-07T11:15:00Z,1.325,1.33,1.32,1.32,5054.0
NCPL,2026-10-07T11:16:00Z,1.32,1.325,1.32,1.32,462.0
NCPL,2026-10-07T11:17:00Z,1.32,1.32,1.308,1.31,10805.0
NCPL,2026-10-07T11:18:00Z,1.31,1.33,1.3,1.33,12077.0
NCPL,2026-10-07T11:19:00Z,1.34,1.34,1.31,1.3302,2342.0
NCPL,2026-10-07T11:20:00Z,1.33,1.33,1.33,1.33,300.0
NCPL,2026-10-07T11:21:00Z,1.33,1.34,1.33,1.33,521.0
NCPL,2026-10-07T11:22:00Z,1.34,1.34,1.32,1.32,6983.0
NCPL,2026-10-07T11:23:00Z,1.315,1.3156,1.3103,1.3103,1509.0
NCPL,2026-10-07T11:24:00Z,1.31,1.31,1.31,1.31,450.0
NCPL,2026-10-07T11:25:00Z,1.31,1.3101,1.3,1.3,854.0
NCPL,2026-10-07T11:26:00Z,1.31,1.31,1.3,1.3,850.0
NCPL,2026-10-07T11:27:00Z,1.3,1.3,1.3,1.3,682.0
NCPL,2026-10-07T11:28:00Z,1.31,1.31,1.31,1.31,400.0
NCPL,2026-10-07T11:29:00Z,1.3006,1.3169,1.3006,1.3169,210.0
NCPL,2026-10-07T11:30:00Z,1.31,1.31,1.31,1.31,200.0
NCPL,2026-10-07T11:31:00Z,1.3197,1.3197,1.3197,1.3197,2080.0
NCPL,2026-10-07T11:32:00Z,1.32,1.32,1.3198,1.3198,850.0
NCPL,2026-10-07T11:33:00Z,1.31,1.31,1.31,1.31,388.0
NCPL,2026-10-07T11:34:00Z,1.31,1.32,1.31,1.315,2244.0
NCPL,2026-10-07T11:35:00Z,1.3197,1.32,1.3,1.3,16119.0
NCPL,2026-10-07T11:36:00Z,1.3,1.3,1.3,1.3,0.0
NCPL,2026-10-07T11:37:00Z,1.3,1.3,1.3,1.3,0.0
NCPL,2026-10-07T11:38:00Z,1.3004,1.3004,1.3004,1.3004,100.0
NCPL,2026-10-07T11:39:00Z,1.31,1.32,1.3,1.3,7133.0
NCPL,2026-10-07T11:40:00Z,1.3,1.3,1.3,1.3,0.0
NCPL,2026-10-07T11:41:00Z,1.3,1.3,1.3,1.3,0.0
NCPL,2026-10-07T11:42:00Z,1.3,1.3,1.3,1.3,278.0
NCPL,2026-10-07T11:43:00Z,1.3,1.3,1.3,1.3,1200.0
NCPL,2026-10-07T11:44:00Z,1.2998,1.2998,1.2998,1.2998,229.0
NCPL,2026-10-07T11:45:00Z,1.29,1.29,1.28,1.28,2535.0
NCPL,2026-10-07T11:46:00Z,1.275,1.302,1.27,1.27,2729.0
NCPL,2026-10-07T11:47:00Z,1.28,1.29,1.28,1.29,985.0
NCPL,2026-10-07T11:48:00Z,1.27,1.27,1.27,1.27,246.0
NCPL,2026-10-07T11:49:00Z,1.29,1.2954,1.27,1.27,4969.0
NCPL,2026-10-07T11:50:00Z,1.2703,1.28,1.27,1.2703,2692.0
NCPL,2026-10-07T11:51:00Z,1.28,1.28,1.26,1.26,4318.0
NCPL,2026-10-07T11:52:00Z,1.27,1.29,1.26,1.29,625.0
NCPL,2026-10-07T11:53:00Z,1.3,1.3,1.292,1.292,1435.0
NCPL,2026-10-07T11:54:00Z,1.29,1.2908,1.29,1.2908,615.0
NCPL,2026-10-07T11:55:00Z,1.2908,1.2908,1.2908,1.2908,0.0
NCPL,2026-10-07T11:56:00Z,1.3,1.31,1.3,1.31,962.0
NCPL,2026-10-07T11:57:00Z,1.31,1.31,1.31,1.31,0.0
NCPL,2026-10-07T11:58:00Z,1.29,1.3,1.29,1.3,458.0
NCPL,2026-10-07T11:59:00Z,1.3,1.3,1.3,1.3,175.0
NCPL,2026-10-07T12:00:00Z,1.29,1.31,1.29,1.31,351.0
NCPL,2026-10-07T12:01:00Z,1.31,1.31,1.31,1.31,300.0
NCPL,2026-10-07T12:02:00Z,1.29,1.29,1.29,1.29,195.0
NCPL,2026-10-07T12:03:00Z,1.3,1.3,1.3,1.3,2192.0
NCPL,2026-10-07T12:04:00Z,1.3,1.3,1.3,1.3,0.0
NCPL,2026-10-07T12:05:00Z,1.31,1.31,1.31,1.31,197.0
NCPL,2026-10-07T12:06:00Z,1.31,1.31,1.31,1.31,0.0
NCPL,2026-10-07T12:07:00Z,1.2908,1.2908,1.29,1.29,1290.0
NCPL,2026-10-07T12:08:00Z,1.31,1.31,1.31,1.31,100.0
NCPL,2026-10-07T12:09:00Z,1.3,1.31,1.3,1.31,1801.0
NCPL,2026-10-07T12:10:00Z,1.31,1.31,1.27,1.27,1732.0
NCPL,2026-10-07T12:11:00Z,1.27,1.28,1.27,1.28,111.0
NCPL,2026-10-07T12:12:00Z,1.28,1.28,1.27,1.27,910.0
NCPL,2026-10-07T12:13:00Z,1.27,1.2703,1.27,1.27,372.0
NCPL,2026-10-07T12:14:00Z,1.27,1.28,1.27,1.27,2062.0
NCPL,2026-10-07T12:15:00Z,1.27,1.27,1.25,1.25,960.0
NCPL,2026-10-07T12:16:00Z,1.25,1.27,1.24,1.25,4157.0
NCPL,2026-10-07T12:17:00Z,1.25,1.27,1.24,1.25,1476.0
NCPL,2026-10-07T12:18:00Z,1.25,1.25,1.25,1.25,0.0
NCPL,2026-10-07T12:19:00Z,1.25,1.25,1.25,1.25,1159.0
NCPL,2026-10-07T12:20:00Z,1.25,1.28,1.25,1.28,719.0
NCPL,2026-10-07T12:21:00Z,1.28,1.28,1.27,1.28,756.0
NCPL,2026-10-07T12:22:00Z,1.28,1.28,1.25,1.25,498.0
NCPL,2026-10-07T12:23:00Z,1.25,1.29,1.25,1.29,581.0
NCPL,2026-10-07T12:24:00Z,1.29,1.31,1.29,1.3087,12816.0
NCPL,2026-10-07T12:25:00Z,1.31,1.31,1.27,1.27,5396.0
NCPL,2026-10-07T12:26:00Z,1.27,1.3,1.27,1.28,1926.0
NCPL,2026-10-07T12:27:00Z,1.29,1.3,1.27,1.27,16820.0
NCPL,2026-10-07T12:28:00Z,1.27,1.29,1.27,1.2899,2135.0
NCPL,2026-10-07T12:29:00Z,1.2899,1.31,1.2899,1.31,1310.0
NCPL,2026-10-07T12:30:00Z,1.31,1.34,1.28,1.3,2022.0
NCPL,2026-10-07T12:31:00Z,1.3,1.3,1.275,1.275,831.0
NCPL,2026-10-07T12:32:00Z,1.275,1.2903,1.275,1.2903,818.0
NCPL,2026-10-07T12:33:00Z,1.2901,1.3,1.29,1.29,2075.0
NCPL,2026-10-07T12:34:00Z,1.29,1.295,1.27,1.27,1690.0
NCPL,2026-10-07T12:35:00Z,1.27,1.27,1.27,1.27,274.0
NCPL,2026-10-07T12:36:00Z,1.27,1.29,1.26,1.29,1271.0
NCPL,2026-10-07T12:37:00Z,1.29,1.29,1.2803,1.29,9023.0
NCPL,2026-10-07T12:38:00Z,1.29,1.3,1.29,1.3,4515.0
NCPL,2026-10-07T12:39:00Z,1.3,1.3,1.2998,1.2998,4185.0
NCPL,2026-10-07T12:40:00Z,1.2998,1.3,1.29,1.2993,4386.0
NCPL,2026-10-07T12:41:00Z,1.2993,1.2993,1.2993,1.2993,0.0
NCPL,2026-10-07T12:42:00Z,1.2993,1.2993,1.2993,1.2993,0.0
NCPL,2026-10-07T12:43:00Z,1.2993,1.2993,1.2993,1.2993,0.0
NCPL,2026-10-07T12:44:00Z,1.2902,1.2902,1.2902,1.2902,305.0
NCPL,2026-10-07T12:45:00Z,1.3,1.3,1.3,1.3,533.0
NCPL,2026-10-07T12:46:00Z,1.3,1.3,1.2997,1.2997,120.0
NCPL,2026-10-07T12:47:00Z,1.2997,1.2997,1.28,1.28,10651.0
NCPL,2026-10-07T12:48:00Z,1.28,1.31,1.28,1.31,200.0
NCPL,2026-10-07T12:49:00Z,1.31,1.31,1.31,1.31,0.0
NCPL,2026-10-07T12:50:00Z,1.31,1.31,1.3,1.31,1040.0
NCPL,2026-10-07T12:51:00Z,1.31,1.31,1.31,1.31,0.0
NCPL,2026-10-07T12:52:00Z,1.31,1.31,1.3,1.3,1427.0
NCPL,2026-10-07T12:53:00Z,1.3,1.31,1.3,1.31,871.0
NCPL,2026-10-07T12:54:00Z,1.31,1.31,1.3,1.3,647.0
NCPL,2026-10-07T12:55:00Z,1.3,1.3,1.3,1.3,0.0
NCPL,2026-10-07T12:56:00Z,1.3,1.3,1.28,1.2994,287.0
NCPL,2026-10-07T12:57:00Z,1.2994,1.3,1.28,1.28,3625.0
NCPL,2026-10-07T12:58:00Z,1.28,1.28,1.28,1.28,0.0
NCPL,2026-10-07T12:59:00Z,1.28,1.28,1.28,1.28,0.0
NCPL,2026-10-07T13:00:00Z,1.28,1.28,1.28,1.28,0.0
NCPL,2026-10-07T13:01:00Z,1.28,1.28,1.28,1.28,0.0
NCPL,2026-10-07T13:02:00Z,1.28,1.28,1.28,1.28,200.0
NCPL,2026-10-07T13:03:00Z,1.28,1.3,1.28,1.3,1081.0
NCPL,2026-10-07T13:04:00Z,1.3,1.309,1.3,1.309,3737.0
NCPL,2026-10-07T13:05:00Z,1.309,1.309,1.309,1.309,0.0
NCPL,2026-10-07T13:06:00Z,1.309,1.309,1.309,1.309,0.0
NCPL,2026-10-07T13:07:00Z,1.29,1.295,1.29,1.295,863.0
NCPL,2026-10-07T13:08:00Z,1.295,1.3,1.29,1.29,521.0
NCPL,2026-10-07T13:09:00Z,1.29,1.31,1.29,1.31,800.0
NCPL,2026-10-07T13:10:00Z,1.31,1.32,1.3069,1.3154,7051.0
NCPL,2026-10-07T13:11:00Z,1.3154,1.3154,1.3154,1.3154,0.0
NCPL,2026-10-07T13:12:00Z,1.3154,1.35,1.3115,1.35,5186.0
NCPL,2026-10-07T13:13:00Z,1.35,1.36,1.345,1.36,24673.0
NCPL,2026-10-07T13:14:00Z,1.3769,1.3769,1.36,1.375,21811.0
NCPL,2026-10-07T13:15:00Z,1.38,1.38,1.36,1.3615,18833.0
NCPL,2026-10-07T13:16:00Z,1.37,1.38,1.365,1.375,27277.0
NCPL,2026-10-07T13:17:00Z,1.375,1.375,1.36,1.37,13974.0
NCPL,2026-10-07T13:18:00Z,1.37,1.37,1.36,1.3685,9497.0
NCPL,2026-10-07T13:19:00Z,1.37,1.38,1.36,1.38,11744.0
NCPL,2026-10-07T13:20:00Z,1.38,1.38,1.37,1.375,19463.0
NCPL,2026-10-07T13:21:00Z,1.375,1.3801,1.37,1.37,8517.0
NCPL,2026-10-07T13:22:00Z,1.37,1.38,1.36,1.36,9533.0
NCPL,2026-10-07T13:23:00Z,1.36,1.3697,1.36,1.3602,5360.0
NCPL,2026-10-07T13:24:00Z,1.3602,1.37,1.36,1.3602,2262.0
NCPL,2026-10-07T13:25:00Z,1.3602,1.37,1.36,1.36,1828.0
NCPL,2026-10-07T13:26:00Z,1.36,1.37,1.36,1.365,31731.0
NCPL,2026-10-07T13:27:00Z,1.37,1.37,1.3601,1.3601,8389.0
NCPL,2026-10-07T13:28:00Z,1.3601,1.37,1.36,1.37,4174.0
NCPL,2026-10-07T13:29:00Z,1.37,1.37,1.365,1.37,10569.0
NCPL,2026-10-07T13:30:00Z,1.37,1.37,1.36,1.365,58103.0
NCPL,2026-10-07T13:31:00Z,1.37,1.44,1.36,1.4398,410866.0
NCPL,2026-10-07T13:32:00Z,1.44,1.46,1.41,1.44,153936.0
NCPL,2026-10-07T13:33:00Z,1.4394,1.465,1.42,1.428,144326.0
NCPL,2026-10-07T13:34:00Z,1.43,1.455,1.37,1.3717,166905.0
NCPL,2026-10-07T13:35:00Z,1.371,1.4,1.3701,1.39,67476.0
NCPL,2026-10-07T13:36:00Z,1.4,1.45,1.4,1.435,85628.0
NCPL,2026-10-07T13:37:00Z,1.4399,1.44,1.42,1.43,34839.0
NCPL,2026-10-07T13:38:00Z,1.4394,1.4394,1.3872,1.4,34765.0
NCPL,2026-10-07T13:39:00Z,1.395,1.4199,1.395,1.4012,35823.0
NCPL,2026-10-07T13:40:00Z,1.408,1.4099,1.39,1.4,18048.0
NCPL,2026-10-07T13:41:00Z,1.4,1.41,1.38,1.3899,58643.0
NCPL,2026-10-07T13:42:00Z,1.3819,1.3899,1.38,1.38,21130.0
NCPL,2026-10-07T13:43:00Z,1.38,1.3899,1.38,1.385,15176.0
NCPL,2026-10-07T13:44:00Z,1.38,1.405,1.38,1.4,17522.0
NCPL,2026-10-07T13:45:00Z,1.4,1.41,1.39,1.41,18932.0
NCPL,2026-10-07T13:46:00Z,1.405,1.4099,1.3905,1.3944,10304.0
NCPL,2026-10-07T13:47:00Z,1.3944,1.41,1.3803,1.409,28183.0
NCPL,2026-10-07T13:48:00Z,1.41,1.41,1.4,1.405,16485.0
NCPL,2026-10-07T13:49:00Z,1.405,1.41,1.4,1.4,5828.0
NCPL,2026-10-07T13:50:00Z,1.4,1.4087,1.4,1.405,5544.0
NCPL,2026-10-07T13:51:00Z,1.405,1.41,1.3901,1.401,98642.0
NCPL,2026-10-07T13:52:00Z,1.4,1.4,1.39,1.3999,11607.0
NCPL,2026-10-07T13:53:00Z,1.4,1.4,1.3901,1.395,10017.0
NCPL,2026-10-07T13:54:00Z,1.39,1.395,1.37,1.37,48411.0
NCPL,2026-10-07T13:55:00Z,1.375,1.38,1.37,1.37,56252.0
NCPL,2026-10-07T13:56:00Z,1.3781,1.3781,1.3,1.315,139223.0
NCPL,2026-10-07T13:57:00Z,1.3199,1.3299,1.31,1.311,36664.0
NCPL,2026-10-07T13:58:00Z,1.315,1.36,1.31,1.3404,28971.0
NCPL,2026-10-07T13:59:00Z,1.35,1.35,1.3399,1.3399,8078.0
NCPL,2026-10-07T14:00:00Z,1.328,1.3299,1.32,1.3217,11031.0
NCPL,2026-10-07T14:01:00Z,1.3217,1.33,1.31,1.31,25051.0
NCPL,2026-10-07T14:02:00Z,1.31,1.3193,1.31,1.3193,5848.0
NCPL,2026-10-07T14:03:00Z,1.3193,1.3196,1.3,1.3099,13851.0
NCPL,2026-10-07T14:04:00Z,1.3099,1.31,1.3,1.31,18130.0
NCPL,2026-10-07T14:05:00Z,1.3097,1.31,1.3001,1.3099,5562.0
NCPL,2026-10-07T14:06:00Z,1.31,1.3199,1.3,1.31,10110.0
NCPL,2026-10-07T14:07:00Z,1.31,1.31,1.3,1.3,7556.0
NCPL,2026-10-07T14:08:00Z,1.305,1.31,1.3,1.3,13237.0
NCPL,2026-10-07T14:09:00Z,1.3001,1.3066,1.3001,1.305,19800.0
NCPL,2026-10-07T14:10:00Z,1.305,1.3137,1.3003,1.305,40629.0
NCPL,2026-10-07T14:11:00Z,1.305,1.315,1.3,1.31,13208.0
NCPL,2026-10-07T14:12:00Z,1.31,1.355,1.31,1.34,63790.0
NCPL,2026-10-07T14:13:00Z,1.3308,1.3402,1.32,1.32,4093.0
NCPL,2026-10-07T14:14:00Z,1.3201,1.33,1.32,1.3299,3389.0
NCPL,2026-10-07T14:15:00Z,1.325,1.345,1.3201,1.3404,22459.0
NCPL,2026-10-07T14:16:00Z,1.3496,1.37,1.3484,1.355,24703.0
NCPL,2026-10-07T14:17:00Z,1.355,1.355,1.33,1.33,12257.0
NCPL,2026-10-07T14:18:00Z,1.33,1.341,1.33,1.341,4883.0
NCPL,2026-10-07T14:19:00Z,1.341,1.355,1.341,1.355,4736.0
NCPL,2026-10-07T14:20:00Z,1.355,1.355,1.35,1.355,3475.0
NCPL,2026-10-07T14:21:00Z,1.351,1.36,1.351,1.356,8753.0
NCPL,2026-10-07T14:22:00Z,1.355,1.36,1.34,1.3401,29659.0
NCPL,2026-10-07T14:23:00Z,1.3439,1.3599,1.3439,1.35,12814.0
NCPL,2026-10-07T14:24:00Z,1.36,1.37,1.36,1.37,11974.0
NCPL,2026-10-07T14:25:00Z,1.375,1.43,1.375,1.41,86634.0
NCPL,2026-10-07T14:26:00Z,1.41,1.415,1.4002,1.4059,26527.0
NCPL,2026-10-07T14:27:00Z,1.405,1.4186,1.4006,1.415,13727.0
NCPL,2026-10-07T14:28:00Z,1.415,1.42,1.4101,1.4103,6949.0
NCPL,2026-10-07T14:29:00Z,1.4101,1.4194,1.41,1.41,9336.0
NCPL,2026-10-07T14:30:00Z,1.41,1.42,1.4,1.41,4157.0
NCPL,2026-10-07T14:31:00Z,1.41,1.41,1.37,1.38,24368.0
NCPL,2026-10-07T14:32:00Z,1.38,1.3875,1.3702,1.38,7612.0
NCPL,2026-10-07T14:33:00Z,1.38,1.38,1.38,1.38,757.0
NCPL,2026-10-07T14:34:00Z,1.38,1.3888,1.38,1.385,380.0
NCPL,2026-10-07T14:35:00Z,1.385,1.4,1.385,1.4,28967.0
NCPL,2026-10-07T14:36:00Z,1.4,1.405,1.4,1.4006,5629.0
NCPL,2026-10-07T14:37:00Z,1.4006,1.41,1.4,1.4005,12440.0
NCPL,2026-10-07T14:38:00Z,1.4005,1.42,1.4005,1.415,5485.0
NCPL,2026-10-07T14:39:00Z,1.4182,1.42,1.41,1.4107,9805.0
NCPL,2026-10-07T14:40:00Z,1.4106,1.421,1.41,1.421,25064.0
NCPL,2026-10-07T14:41:00Z,1.4201,1.44,1.415,1.4399,36597.0
NCPL,2026-10-07T14:42:00Z,1.4395,1.44,1.43,1.435,8282.0
NCPL,2026-10-07T14:43:00Z,1.435,1.435,1.41,1.42,40275.0
NCPL,2026-10-07T14:44:00Z,1.42,1.4203,1.41,1.4132,18276.0
NCPL,2026-10-07T14:45:00Z,1.4132,1.43,1.4103,1.42,3390.0
NCPL,2026-10-07T14:46:00Z,1.42,1.4299,1.42,1.4201,1294.0
NCPL,2026-10-07T14:47:00Z,1.4237,1.43,1.4201,1.4299,16954.0
NCPL,2026-10-07T14:48:00Z,1.4299,1.435,1.421,1.4301,6067.0
NCPL,2026-10-07T14:49:00Z,1.4301,1.44,1.4301,1.4318,7654.0
NCPL,2026-10-07T14:50:00Z,1.435,1.44,1.43,1.431,10760.0
NCPL,2026-10-07T14:51:00Z,1.43,1.43,1.4,1.4,48302.0
NCPL,2026-10-07T14:52:00Z,1.4,1.4099,1.39,1.4099,6557.0
NCPL,2026-10-07T14:53:00Z,1.4097,1.4097,1.3928,1.4,1745.0
NCPL,2026-10-07T14:54:00Z,1.4,1.405,1.3901,1.405,7330.0
NCPL,2026-10-07T14:55:00Z,1.405,1.405,1.4,1.4,12382.0
NCPL,2026-10-07T14:56:00Z,1.4,1.4096,1.39,1.3901,10268.0
NCPL,2026-10-07T14:57:00Z,1.3901,1.3903,1.39,1.39,479.0
NCPL,2026-10-07T14:58:00Z,1.39,1.398,1.39,1.398,1850.0
NCPL,2026-10-07T14:59:00Z,1.398,1.4,1.3901,1.4,1188.0
NCPL,2026-10-07T15:00:00Z,1.4,1.4,1.395,1.395,1430.0
NCPL,2026-10-07T15:01:00Z,1.395,1.395,1.39,1.395,6400.0
NCPL,2026-10-07T15:02:00Z,1.395,1.395,1.3912,1.395,6855.0
NCPL,2026-10-07T15:03:00Z,1.395,1.3999,1.39,1.395,12094.0
NCPL,2026-10-07T15:04:00Z,1.3901,1.3999,1.3901,1.395,30862.0
NCPL,2026-10-07T15:05:00Z,1.3912,1.405,1.3901,1.4,33878.0
NCPL,2026-10-07T15:06:00Z,1.4,1.4099,1.4,1.4007,11270.0
NCPL,2026-10-07T15:07:00Z,1.405,1.415,1.39,1.405,13671.0
NCPL,2026-10-07T15:08:00Z,1.4001,1.41,1.4,1.4006,2910.0
NCPL,2026-10-07T15:09:00Z,1.4006,1.42,1.4006,1.415,3187.0
NCPL,2026-10-07T15:10:00Z,1.415,1.42,1.41,1.41,2352.0
NCPL,2026-10-07T15:11:00Z,1.41,1.415,1.4008,1.405,1976.0
NCPL,2026-10-07T15:12:00Z,1.405,1.4099,1.4,1.405,5095.0
NCPL,2026-10-07T15:13:00Z,1.405,1.405,1.4001,1.4007,3272.0
NCPL,2026-10-07T15:14:00Z,1.4007,1.4099,1.4,1.405,2265.0
NCPL,2026-10-07T15:15:00Z,1.4001,1.406,1.4001,1.4002,3082.0
NCPL,2026-10-07T15:16:00Z,1.4001,1.4001,1.3901,1.3901,13278.0
NCPL,2026-10-07T15:17:00Z,1.4,1.4,1.39,1.3911,21074.0
NCPL,2026-10-07T15:18:00Z,1.3911,1.395,1.3911,1.395,11000.0
NCPL,2026-10-07T15:19:00Z,1.395,1.395,1.37,1.375,48513.0
NCPL,2026-10-07T15:20:00Z,1.375,1.39,1.37,1.3894,15305.0
NCPL,2026-10-07T15:21:00Z,1.3701,1.38,1.37,1.3775,16599.0
NCPL,2026-10-07T15:22:00Z,1.3775,1.38,1.37,1.37,2383.0
NCPL,2026-10-07T15:23:00Z,1.37,1.3776,1.37,1.375,2353.0
NCPL,2026-10-07T15:24:00Z,1.37,1.375,1.37,1.3702,3367.0
NCPL,2026-10-07T15:25:00Z,1.3702,1.375,1.37,1.3701,4135.0
NCPL,2026-10-07T15:26:00Z,1.3701,1.375,1.3701,1.375,277.0
NCPL,2026-10-07T15:27:00Z,1.375,1.3836,1.375,1.3836,100.0
NCPL,2026-10-07T15:28:00Z,1.3836,1.3836,1.3836,1.3836,0.0
NCPL,2026-10-07T15:29:00Z,1.3836,1.3836,1.38,1.38,1100.0
NCPL,2026-10-07T15:30:00Z,1.375,1.4,1.375,1.3826,25073.0
NCPL,2026-10-07T15:31:00Z,1.3826,1.4,1.3826,1.4,1000.0
NEOG,2026-10-07T08:00:00Z,13.33,13.33,13.32,13.32,828.0
NEOG,2026-10-07T08:01:00Z,13.32,13.32,13.32,13.32,0.0
NEOG,2026-10-07T08:02:00Z,13.32,13.54,13.32,13.54,318.0
NEOG,2026-10-07T08:03:00Z,13.54,13.54,13.54,13.54,0.0
NEOG,2026-10-07T08:04:00Z,13.54,13.54,13.54,13.54,0.0
NEOG,2026-10-07T08:05:00Z,13.54,13.54,13.54,13.54,0.0
NEOG,2026-10-07T08:06:00Z,13.54,13.54,13.54,13.54,0.0
NEOG,2026-10-07T08:07:00Z,13.54,13.54,13.54,13.54,0.0
NEOG,2026-10-07T08:08:00Z,13.54,13.54,13.54,13.54,0.0
NEOG,2026-10-07T08:09:00Z,13.54,13.54,13.54,13.54,0.0
NEOG,2026-10-07T08:10:00Z,13.54,13.54,13.54,13.54,0.0
NEOG,2026-10-07T08:11:00Z,13.36,13.36,13.36,13.36,231.0
NEOG,2026-10-07T08:12:00Z,13.36,13.36,13.36,13.36,0.0
NEOG,2026-10-07T08:13:00Z,13.36,13.36,13.36,13.36,0.0
NEOG,2026-10-07T08:14:00Z,13.36,13.36,13.36,13.36,0.0
NEOG,2026-10-07T08:15:00Z,13.36,13.36,13.36,13.36,0.0
NEOG,2026-10-07T08:16:00Z,13.36,13.36,13.36,13.36,0.0
NEOG,2026-10-07T08:17:00Z,13.36,13.36,13.36,13.36,0.0
NEOG,2026-10-07T08:18:00Z,13.36,13.36,13.36,13.36,0.0
NEOG,2026-10-07T08:19:00Z,13.36,13.36,13.36,13.36,0.0
NEOG,2026-10-07T08:20:00Z,13.36,13.36,13.36,13.36,0.0
NEOG,2026-10-07T08:21:00Z,13.37,13.37,13.37,13.37,200.0
NEOG,2026-10-07T08:22:00Z,13.37,13.37,13.37,13.37,0.0
NEOG,2026-10-07T08:23:00Z,13.37,13.37,13.37,13.37,400.0
NEOG,2026-10-07T08:24:00Z,13.37,13.37,13.37,13.37,181.0
NEOG,2026-10-07T08:25:00Z,13.37,13.37,13.37,13.37,0.0
NEOG,2026-10-07T08:26:00Z,13.37,13.37,13.37,13.37,0.0
NEOG,2026-10-07T08:27:00Z,13.37,13.37,13.37,13.37,0.0
NEOG,2026-10-07T08:28:00Z,13.37,13.37,13.37,13.37,0.0
NEOG,2026-10-07T08:29:00Z,13.37,13.37,13.37,13.37,0.0
NEOG,2026-10-07T08:30:00Z,13.37,13.37,13.37,13.37,0.0
NEOG,2026-10-07T08:31:00Z,13.33,13.33,13.33,13.33,100.0
NEOG,2026-10-07T08:32:00Z,13.33,13.33,13.33,13.33,0.0
NEOG,2026-10-07T08:33:00Z,13.33,13.33,13.33,13.33,0.0
NEOG,2026-10-07T08:34:00Z,13.33,13.33,13.33,13.33,0.0
NEOG,2026-10-07T08:35:00Z,13.33,13.33,13.33,13.33,0.0
NEOG,2026-10-07T08:36:00Z,13.25,13.25,13.25,13.25,150.0
NEOG,2026-10-07T08:37:00Z,13.25,13.25,13.25,13.25,0.0
NEOG,2026-10-07T08:38:00Z,13.25,13.25,13.25,13.25,0.0
NEOG,2026-10-07T08:39:00Z,13.25,13.25,13.25,13.25,0.0
NEOG,2026-10-07T08:40:00Z,13.25,13.25,13.25,13.25,0.0
NEOG,2026-10-07T08:41:00Z,13.25,13.25,13.25,13.25,0.0
NEOG,2026-10-07T08:42:00Z,13.25,13.25,13.25,13.25,0.0
NEOG,2026-10-07T08:43:00Z,13.4,13.4,13.4,13.4,5000.0
NEOG,2026-10-07T08:44:00Z,13.4,13.4,13.4,13.4,0.0
NEOG,2026-10-07T08:45:00Z,13.4,13.4,13.4,13.4,0.0
NEOG,2026-10-07T08:46:00Z,13.4,13.4,13.4,13.4,0.0
NEOG,2026-10-07T08:47:00Z,13.4,13.4,13.4,13.4,0.0
NEOG,2026-10-07T08:48:00Z,13.45,13.45,13.45,13.45,100.0
NEOG,2026-10-07T08:49:00Z,13.45,13.45,13.45,13.45,0.0
NEOG,2026-10-07T08:50:00Z,13.45,13.45,13.45,13.45,0.0
NEOG,2026-10-07T08:51:00Z,13.45,13.45,13.45,13.45,0.0
NEOG,2026-10-07T08:52:00Z,13.45,13.45,13.45,13.45,0.0
NEOG,2026-10-07T08:53:00Z,13.45,13.45,13.45,13.45,0.0
NEOG,2026-10-07T08:54:00Z,13.45,13.45,13.45,13.45,0.0
NEOG,2026-10-07T08:55:00Z,13.45,13.45,13.45,13.45,0.0
NEOG,2026-10-07T08:56:00Z,13.45,13.45,13.45,13.45,0.0
NEOG,2026-10-07T08:57:00Z,13.45,13.45,13.45,13.45,0.0
NEOG,2026-10-07T08:58:00Z,13.45,13.45,13.45,13.45,0.0
NEOG,2026-10-07T08:59:00Z,13.45,13.45,13.45,13.45,0.0
NEOG,2026-10-07T09:00:00Z,13.45,13.45,13.45,13.45,0.0
NEOG,2026-10-07T09:01:00Z,13.45,13.45,13.45,13.45,0.0
NEOG,2026-10-07T09:02:00Z,13.45,13.45,13.45,13.45,0.0
NEOG,2026-10-07T09:03:00Z,13.45,13.45,13.45,13.45,0.0
NEOG,2026-10-07T09:04:00Z,13.45,13.45,13.45,13.45,0.0
NEOG,2026-10-07T09:05:00Z,13.45,13.45,13.45,13.45,0.0
NEOG,2026-10-07T09:06:00Z,13.45,13.45,13.45,13.45,0.0
NEOG,2026-10-07T09:07:00Z,13.25,13.25,13.25,13.25,111.0
NEOG,2026-10-07T09:08:00Z,13.25,13.25,13.25,13.25,0.0
NEOG,2026-10-07T09:09:00Z,13.25,13.25,13.25,13.25,0.0
NEOG,2026-10-07T09:10:00Z,13.25,13.25,13.25,13.25,0.0
NEOG,2026-10-07T09:11:00Z,13.25,13.25,13.25,13.25,0.0
NEOG,2026-10-07T09:12:00Z,13.25,13.25,13.25,13.25,0.0
NEOG,2026-10-07T09:13:00Z,13.25,13.25,13.25,13.25,0.0
NEOG,2026-10-07T09:14:00Z,13.25,13.25,13.25,13.25,0.0
NEOG,2026-10-07T09:15:00Z,13.25,13.25,13.25,13.25,0.0
NEOG,2026-10-07T09:16:00Z,13.25,13.25,13.25,13.25,0.0
NEOG,2026-10-07T09:17:00Z,13.25,13.25,13.25,13.25,0.0
NEOG,2026-10-07T09:18:00Z,13.25,13.25,13.25,13.25,0.0
NEOG,2026-10-07T09:19:00Z,13.25,13.25,13.25,13.25,0.0
NEOG,2026-10-07T09:20:00Z,13.25,13.25,13.25,13.25,0.0
NEOG,2026-10-07T09:21:00Z,13.25,13.25,13.25,13.25,0.0
NEOG,2026-10-07T09:22:00Z,13.25,13.25,13.25,13.25,0.0
NEOG,2026-10-07T09:23:00Z,13.25,13.25,13.25,13.25,0.0
NEOG,2026-10-07T09:24:00Z,13.25,13.25,13.25,13.25,0.0
NEOG,2026-10-07T09:25:00Z,13.25,13.25,13.25,13.25,0.0
NEOG,2026-10-07T09:26:00Z,13.25,13.25,13.25,13.25,0.0
NEOG,2026-10-07T09:27:00Z,13.25,13.25,13.25,13.25,0.0
NEOG,2026-10-07T09:28:00Z,13.25,13.25,13.25,13.25,0.0
NEOG,2026-10-07T09:29:00Z,13.25,13.25,13.25,13.25,0.0
NEOG,2026-10-07T09:30:00Z,13.25,13.25,13.25,13.25,0.0
NEOG,2026-10-07T09:31:00Z,13.25,13.25,13.25,13.25,0.0
NEOG,2026-10-07T09:32:00Z,13.25,13.25,13.25,13.25,0.0
NEOG,2026-10-07T09:33:00Z,13.25,13.25,13.25,13.25,0.0
NEOG,2026-10-07T09:34:00Z,13.25,13.25,13.25,13.25,0.0
NEOG,2026-10-07T09:35:00Z,13.25,13.25,13.25,13.25,0.0
NEOG,2026-10-07T09:36:00Z,13.25,13.25,13.25,13.25,0.0
NEOG,2026-10-07T09:37:00Z,13.25,13.25,13.25,13.25,0.0
NEOG,2026-10-07T09:38:00Z,13.25,13.25,13.25,13.25,0.0
NEOG,2026-10-07T09:39:00Z,13.25,13.25,13.25,13.25,0.0
NEOG,2026-10-07T09:40:00Z,13.25,13.25,13.25,13.25,0.0
NEOG,2026-10-07T09:41:00Z,13.25,13.25,13.25,13.25,0.0
NEOG,2026-10-07T09:42:00Z,13.25,13.25,13.25,13.25,0.0
NEOG,2026-10-07T09:43:00Z,13.25,13.25,13.25,13.25,0.0
NEOG,2026-10-07T09:44:00Z,13.25,13.25,13.25,13.25,0.0
NEOG,2026-10-07T09:45:00Z,13.25,13.25,13.25,13.25,0.0
NEOG,2026-10-07T09:46:00Z,13.25,13.25,13.25,13.25,0.0
NEOG,2026-10-07T09:47:00Z,13.25,13.25,13.25,13.25,0.0
NEOG,2026-10-07T09:48:00Z,13.25,13.25,13.25,13.25,0.0
NEOG,2026-10-07T09:49:00Z,13.35,13.39,13.35,13.39,1000.0
NEOG,2026-10-07T09:50:00Z,13.39,13.39,13.39,13.39,0.0
NEOG,2026-10-07T09:51:00Z,13.39,13.39,13.39,13.39,0.0
NEOG,2026-10-07T09:52:00Z,13.39,13.39,13.39,13.39,0.0
NEOG,2026-10-07T09:53:00Z,13.39,13.39,13.39,13.39,0.0
NEOG,2026-10-07T09:54:00Z,13.39,13.39,13.39,13.39,0.0
NEOG,2026-10-07T09:55:00Z,13.39,13.39,13.39,13.39,0.0
NEOG,2026-10-07T09:56:00Z,13.28,13.28,13.25,13.25,1299.0
NEOG,2026-10-07T09:57:00Z,13.25,13.25,13.25,13.25,0.0
NEOG,2026-10-07T09:58:00Z,13.25,13.25,13.25,13.25,0.0
NEOG,2026-10-07T09:59:00Z,13.25,13.25,13.25,13.25,0.0
NEOG,2026-10-07T10:00:00Z,13.25,13.25,13.25,13.25,0.0
NEOG,2026-10-07T10:01:00Z,13.25,13.25,13.25,13.25,0.0
NEOG,2026-10-07T10:02:00Z,13.25,13.25,13.25,13.25,0.0
NEOG,2026-10-07T10:03:00Z,13.21,13.23,13.21,13.23,560.0
NEOG,2026-10-07T10:04:00Z,13.23,13.23,13.23,13.23,0.0
NEOG,2026-10-07T10:05:00Z,13.24,13.24,13.23,13.23,830.0
NEOG,2026-10-07T10:06:00Z,13.23,13.23,13.23,13.23,0.0
NEOG,2026-10-07T10:07:00Z,13.23,13.23,13.23,13.23,0.0
NEOG,2026-10-07T10:08:00Z,13.23,13.23,13.23,13.23,0.0
NEOG,2026-10-07T10:09:00Z,13.23,13.23,13.23,13.23,0.0
NEOG,2026-10-07T10:10:00Z,13.23,13.23,13.23,13.23,0.0
NEOG,2026-10-07T10:11:00Z,13.23,13.23,13.23,13.23,0.0
NEOG,2026-10-07T10:12:00Z,13.23,13.23,13.23,13.23,0.0
NEOG,2026-10-07T10:13:00Z,13.23,13.23,13.23,13.23,0.0
NEOG,2026-10-07T10:14:00Z,13.23,13.23,13.23,13.23,0.0
NEOG,2026-10-07T10:15:00Z,13.23,13.23,13.23,13.23,0.0
NEOG,2026-10-07T10:16:00Z,13.23,13.23,13.23,13.23,0.0
NEOG,2026-10-07T10:17:00Z,13.23,13.23,13.23,13.23,0.0
NEOG,2026-10-07T10:18:00Z,13.23,13.23,13.23,13.23,0.0
NEOG,2026-10-07T10:19:00Z,13.23,13.23,13.23,13.23,0.0
NEOG,2026-10-07T10:20:00Z,13.23,13.23,13.23,13.23,0.0
NEOG,2026-10-07T10:21:00Z,13.23,13.23,13.23,13.23,0.0
NEOG,2026-10-07T10:22:00Z,13.23,13.23,13.23,13.23,0.0
NEOG,2026-10-07T10:23:00Z,13.23,13.23,13.23,13.23,0.0
NEOG,2026-10-07T10:24:00Z,13.23,13.23,13.23,13.23,0.0
NEOG,2026-10-07T10:25:00Z,13.23,13.23,13.23,13.23,0.0
NEOG,2026-10-07T10:26:00Z,13.23,13.23,13.23,13.23,0.0
NEOG,2026-10-07T10:27:00Z,13.23,13.23,13.23,13.23,0.0
NEOG,2026-10-07T10:28:00Z,13.23,13.23,13.23,13.23,0.0
NEOG,2026-10-07T10:29:00Z,13.23,13.23,13.23,13.23,0.0
NEOG,2026-10-07T10:30:00Z,13.23,13.23,13.23,13.23,0.0
NEOG,2026-10-07T10:31:00Z,13.23,13.23,13.23,13.23,0.0
NEOG,2026-10-07T10:32:00Z,13.23,13.23,13.23,13.23,0.0
NEOG,2026-10-07T10:33:00Z,13.23,13.23,13.23,13.23,0.0
NEOG,2026-10-07T10:34:00Z,13.23,13.23,13.23,13.23,0.0
NEOG,2026-10-07T10:35:00Z,13.23,13.23,13.23,13.23,0.0
NEOG,2026-10-07T10:36:00Z,13.23,13.23,13.23,13.23,0.0
NEOG,2026-10-07T10:37:00Z,13.23,13.23,13.23,13.23,0.0
NEOG,2026-10-07T10:38:00Z,13.23,13.23,13.23,13.23,0.0
NEOG,2026-10-07T10:39:00Z,13.23,13.23,13.23,13.23,0.0
NEOG,2026-10-07T10:40:00Z,13.23,13.23,13.23,13.23,0.0
NEOG,2026-10-07T10:41:00Z,13.23,13.23,13.23,13.23,0.0
NEOG,2026-10-07T10:42:00Z,13.23,13.23,13.23,13.23,0.0
NEOG,2026-10-07T10:43:00Z,13.23,13.23,13.23,13.23,0.0
NEOG,2026-10-07T10:44:00Z,13.23,13.23,13.23,13.23,0.0
NEOG,2026-10-07T10:45:00Z,13.23,13.23,13.23,13.23,0.0
NEOG,2026-10-07T10:46:00Z,13.23,13.23,13.23,13.23,0.0
NEOG,2026-10-07T10:47:00Z,13.23,13.23,13.23,13.23,0.0
NEOG,2026-10-07T10:48:00Z,13.23,13.23,13.23,13.23,0.0
NEOG,2026-10-07T10:49:00Z,13.23,13.23,13.23,13.23,0.0
NEOG,2026-10-07T10:50:00Z,13.23,13.23,13.23,13.23,0.0
NEOG,2026-10-07T10:51:00Z,13.23,13.23,13.23,13.23,0.0
NEOG,2026-10-07T10:52:00Z,13.39,13.4,13.39,13.4,1400.0
NEOG,2026-10-07T10:53:00Z,13.4,13.4,13.4,13.4,0.0
NEOG,2026-10-07T10:54:00Z,13.4,13.4,13.4,13.4,0.0
NEOG,2026-10-07T10:55:00Z,13.4,13.4,13.4,13.4,0.0
NEOG,2026-10-07T10:56:00Z,13.4,13.4,13.4,13.4,0.0
NEOG,2026-10-07T10:57:00Z,13.4,13.4,13.4,13.4,0.0
NEOG,2026-10-07T10:58:00Z,13.4,13.4,13.4,13.4,0.0
NEOG,2026-10-07T10:59:00Z,13.4,13.4,13.4,13.4,0.0
NEOG,2026-10-07T11:00:00Z,13.3,13.44,13.2,13.25,5125.0
NEOG,2026-10-07T11:01:00Z,13.23,13.23,13.23,13.23,1241.0
NEOG,2026-10-07T11:02:00Z,13.23,13.23,13.23,13.23,0.0
NEOG,2026-10-07T11:03:00Z,13.23,13.23,13.23,13.23,0.0
NEOG,2026-10-07T11:04:00Z,13.23,13.23,13.23,13.23,0.0
NEOG,2026-10-07T11:05:00Z,13.23,13.23,13.23,13.23,0.0
NEOG,2026-10-07T11:06:00Z,13.2,13.2,13.2,13.2,1000.0
NEOG,2026-10-07T11:07:00Z,13.2,13.2,13.2,13.2,0.0
NEOG,2026-10-07T11:08:00Z,13.2,13.2,13.2,13.2,0.0
NEOG,2026-10-07T11:09:00Z,13.27,13.27,13.27,13.27,361.0
NEOG,2026-10-07T11:10:00Z,13.27,13.27,13.27,13.27,0.0
NEOG,2026-10-07T11:11:00Z,13.27,13.27,13.27,13.27,0.0
NEOG,2026-10-07T11:12:00Z,13.27,13.27,13.27,13.27,0.0
NEOG,2026-10-07T11:13:00Z,13.31,13.31,13.31,13.31,398.0
NEOG,2026-10-07T11:14:00Z,13.31,13.31,13.31,13.31,0.0
NEOG,2026-10-07T11:15:00Z,13.31,13.31,13.31,13.31,0.0
NEOG,2026-10-07T11:16:00Z,13.31,13.31,13.31,13.31,0.0
NEOG,2026-10-07T11:17:00Z,13.36,13.36,13.32,13.32,200.0
NEOG,2026-10-07T11:18:00Z,13.32,13.32,13.32,13.32,0.0
NEOG,2026-10-07T11:19:00Z,13.4,13.4,13.4,13.4,700.0
NEOG,2026-10-07T11:20:00Z,13.45,13.45,13.45,13.45,250.0
NEOG,2026-10-07T11:21:00Z,13.45,13.45,13.45,13.45,0.0
NEOG,2026-10-07T11:22:00Z,13.45,13.45,13.45,13.45,0.0
NEOG,2026-10-07T11:23:00Z,13.45,13.45,13.45,13.45,0.0
NEOG,2026-10-07T11:24:00Z,13.45,13.45,13.45,13.45,0.0
NEOG,2026-10-07T11:25:00Z,13.45,13.45,13.45,13.45,0.0
NEOG,2026-10-07T11:26:00Z,13.5,13.5,13.5,13.5,219.0
NEOG,2026-10-07T11:27:00Z,13.5,13.5,13.5,13.5,0.0
NEOG,2026-10-07T11:28:00Z,13.5,13.5,13.5,13.5,0.0
NEOG,2026-10-07T11:29:00Z,13.5,13.5,13.5,13.5,0.0
NEOG,2026-10-07T11:30:00Z,13.5,13.5,13.5,13.5,0.0
NEOG,2026-10-07T11:31:00Z,13.58,13.59,13.57,13.59,870.0
NEOG,2026-10-07T11:32:00Z,13.55,13.55,13.51,13.55,3464.0
NEOG,2026-10-07T11:33:00Z,13.55,13.55,13.55,13.55,160.0
NEOG,2026-10-07T11:34:00Z,13.6,13.6,13.58,13.58,25332.0
NEOG,2026-10-07T11:35:00Z,13.54,13.54,13.54,13.54,196.0
NEOG,2026-10-07T11:36:00Z,13.54,13.54,13.54,13.54,0.0
NEOG,2026-10-07T11:37:00Z,13.54,13.54,13.54,13.54,0.0
NEOG,2026-10-07T11:38:00Z,13.54,13.54,13.54,13.54,0.0
NEOG,2026-10-07T11:39:00Z,13.54,13.54,13.54,13.54,0.0
NEOG,2026-10-07T11:40:00Z,13.54,13.54,13.54,13.54,0.0
NEOG,2026-10-07T11:41:00Z,13.53,13.53,13.52,13.52,275.0
NEOG,2026-10-07T11:42:00Z,13.52,13.52,13.52,13.52,0.0
NEOG,2026-10-07T11:43:00Z,13.52,13.52,13.52,13.52,0.0
NEOG,2026-10-07T11:44:00Z,13.49,13.49,13.49,13.49,100.0
NEOG,2026-10-07T11:45:00Z,13.5,13.5,13.5,13.5,100.0
NEOG,2026-10-07T11:46:00Z,13.5,13.5,13.5,13.5,0.0
NEOG,2026-10-07T11:47:00Z,13.47,13.47,13.47,13.47,100.0
NEOG,2026-10-07T11:48:00Z,13.47,13.47,13.47,13.47,0.0
NEOG,2026-10-07T11:49:00Z,13.47,13.47,13.47,13.47,0.0
NEOG,2026-10-07T11:50:00Z,13.47,13.47,13.47,13.47,0.0
NEOG,2026-10-07T11:51:00Z,13.47,13.47,13.47,13.47,0.0
NEOG,2026-10-07T11:52:00Z,13.59,13.59,13.59,13.59,540.0
NEOG,2026-10-07T11:53:00Z,13.6,13.6,13.6,13.6,1000.0
NEOG,2026-10-07T11:54:00Z,13.6,13.6,13.6,13.6,100.0
NEOG,2026-10-07T11:55:00Z,13.6,13.6,13.6,13.6,0.0
NEOG,2026-10-07T11:56:00Z,13.7,13.7,13.64,13.67,550.0
NEOG,2026-10-07T11:57:00Z,13.67,13.67,13.67,13.67,0.0
NEOG,2026-10-07T11:58:00Z,13.67,13.67,13.67,13.67,0.0
NEOG,2026-10-07T11:59:00Z,13.67,13.67,13.67,13.67,0.0
NEOG,2026-10-07T12:00:00Z,13.58,13.58,13.58,13.58,244.0
NEOG,2026-10-07T12:01:00Z,13.58,13.58,13.58,13.58,0.0
NEOG,2026-10-07T12:02:00Z,13.6,13.65,13.6,13.65,300.0
NEOG,2026-10-07T12:03:00Z,13.65,13.65,13.65,13.65,0.0
NEOG,2026-10-07T12:04:00Z,13.5,13.5,13.5,13.5,200.0
NEOG,2026-10-07T12:05:00Z,13.5,13.56,13.5,13.53,1325.0
NEOG,2026-10-07T12:06:00Z,13.57,13.57,13.57,13.57,100.0
NEOG,2026-10-07T12:07:00Z,13.6,13.65,13.6,13.65,1060.0
NEOG,2026-10-07T12:08:00Z,13.57,13.7,13.57,13.57,8290.0
NEOG,2026-10-07T12:09:00Z,13.63,13.63,13.63,13.63,200.0
NEOG,2026-10-07T12:10:00Z,13.63,13.63,13.63,13.63,2200.0
NEOG,2026-10-07T12:11:00Z,13.63,13.63,13.62,13.63,500.0
NEOG,2026-10-07T12:12:00Z,13.63,13.63,13.51,13.52,900.0
NEOG,2026-10-07T12:13:00Z,13.52,13.57,13.51,13.57,710.0
NEOG,2026-10-07T12:14:00Z,13.57,13.57,13.57,13.57,1116.0
NEOG,2026-10-07T12:15:00Z,13.57,13.57,13.5,13.56,2416.0
NEOG,2026-10-07T12:16:00Z,13.56,13.56,13.56,13.56,0.0
NEOG,2026-10-07T12:17:00Z,13.56,13.56,13.54,13.54,400.0
NEOG,2026-10-07T12:18:00Z,13.54,13.54,13.53,13.53,287.0
NEOG,2026-10-07T12:19:00Z,13.53,13.53,13.53,13.53,0.0
NEOG,2026-10-07T12:20:00Z,13.53,13.53,13.51,13.51,100.0
NEOG,2026-10-07T12:21:00Z,13.51,13.51,13.51,13.51,0.0
NEOG,2026-10-07T12:22:00Z,13.51,13.51,13.51,13.51,0.0
NEOG,2026-10-07T12:23:00Z,13.51,13.55,13.51,13.53,3788.0
NEOG,2026-10-07T12:24:00Z,13.53,13.54,13.53,13.53,0.0
NEOG,2026-10-07T12:25:00Z,13.53,13.54,13.53,13.53,100.0
NEOG,2026-10-07T12:26:00Z,13.53,13.54,13.53,13.53,800.0
NEOG,2026-10-07T12:27:00Z,13.53,13.56,13.53,13.56,100.0
NEOG,2026-10-07T12:28:00Z,13.56,13.59,13.53,13.58,1700.0
NEOG,2026-10-07T12:29:00Z,13.58,13.59,13.57,13.59,2310.0
NEOG,2026-10-07T12:30:00Z,13.59,13.59,13.54,13.54,1750.0
NEOG,2026-10-07T12:31:00Z,13.54,13.59,13.54,13.59,3200.0
NEOG,2026-10-07T12:32:00Z,13.59,13.63,13.59,13.63,1450.0
NEOG,2026-10-07T12:33:00Z,13.63,13.71,13.62,13.71,2213.0
NEOG,2026-10-07T12:34:00Z,13.6,13.7,13.6,13.7,8967.0
NEOG,2026-10-07T12:35:00Z,13.65,13.69,13.61,13.62,2200.0
NEOG,2026-10-07T12:36:00Z,13.62,13.7,13.61,13.7,4163.0
NEOG,2026-10-07T12:37:00Z,13.64,13.81,13.64,13.8,3901.0
NEOG,2026-10-07T12:38:00Z,13.88,13.89,13.8,13.85,2050.0
NEOG,2026-10-07T12:39:00Z,13.85,13.85,13.75,13.75,1694.0
NEOG,2026-10-07T12:40:00Z,13.8,13.8,13.73,13.79,2700.0
NEOG,2026-10-07T12:41:00Z,13.79,13.8,13.78,13.8,200.0
NEOG,2026-10-07T12:42:00Z,13.75,13.85,13.75,13.84,3976.0
NEOG,2026-10-07T12:43:00Z,13.84,13.86,13.75,13.76,7247.0
NEOG,2026-10-07T12:44:00Z,13.76,13.79,13.74,13.79,4593.0
NEOG,2026-10-07T12:45:00Z,13.79,13.79,13.74,13.74,4450.0
NEOG,2026-10-07T12:46:00Z,13.74,13.8,13.69,13.7,1700.0
NEOG,2026-10-07T12:47:00Z,13.7,13.7,13.7,13.7,0.0
NEOG,2026-10-07T12:48:00Z,13.7,13.7,13.69,13.7,1389.0
NEOG,2026-10-07T12:49:00Z,13.7,13.72,13.7,13.7,980.0
NEOG,2026-10-07T12:50:00Z,13.7,13.71,13.7,13.7,10100.0
NEOG,2026-10-07T12:51:00Z,13.7,13.8,13.7,13.8,200.0
NEOG,2026-10-07T12:52:00Z,13.8,13.8,13.79,13.8,0.0
NEOG,2026-10-07T12:53:00Z,13.8,13.8,13.78,13.78,900.0
NEOG,2026-10-07T12:54:00Z,13.78,13.78,13.78,13.78,1997.0
NEOG,2026-10-07T12:55:00Z,13.78,13.78,13.78,13.78,0.0
NEOG,2026-10-07T12:56:00Z,13.78,13.78,13.78,13.78,0.0
NEOG,2026-10-07T12:57:00Z,13.78,13.78,13.78,13.78,0.0
NEOG,2026-10-07T12:58:00Z,13.78,13.78,13.71,13.72,999.0
NEOG,2026-10-07T12:59:00Z,13.71,13.76,13.71,13.75,1075.0
NEOG,2026-10-07T13:00:00Z,13.75,13.75,13.75,13.75,0.0
NEOG,2026-10-07T13:01:00Z,13.76,13.76,13.75,13.76,100.0
NEOG,2026-10-07T13:02:00Z,13.76,13.76,13.71,13.72,786.0
NEOG,2026-10-07T13:03:00Z,13.72,13.75,13.71,13.71,765.0
NEOG,2026-10-07T13:04:00Z,13.75,13.79,13.72,13.72,2173.0
NEOG,2026-10-07T13:05:00Z,13.72,13.79,13.72,13.79,205.0
NEOG,2026-10-07T13:06:00Z,13.79,13.79,13.78,13.79,515.0
NEOG,2026-10-07T13:07:00Z,13.79,13.79,13.69,13.75,5482.0
NEOG,2026-10-07T13:08:00Z,13.75,13.75,13.74,13.75,0.0
NEOG,2026-10-07T13:09:00Z,13.75,13.75,13.74,13.75,1221.0
NEOG,2026-10-07T13:10:00Z,13.75,13.75,13.71,13.74,3285.0
NEOG,2026-10-07T13:11:00Z,13.74,13.74,13.7,13.7,10200.0
NEOG,2026-10-07T13:12:00Z,13.7,13.7,13.69,13.69,400.0
NEOG,2026-10-07T13:13:00Z,13.69,13.69,13.6,13.6,485.0
NEOG,2026-10-07T13:14:00Z,13.6,13.68,13.6,13.68,500.0
NEOG,2026-10-07T13:15:00Z,13.68,13.68,13.5,13.51,6071.0
NEOG,2026-10-07T13:16:00Z,13.51,13.54,13.51,13.51,2750.0
NEOG,2026-10-07T13:17:00Z,13.51,13.54,13.51,13.54,1000.0
NEOG,2026-10-07T13:18:00Z,13.54,13.55,13.54,13.55,1456.0
NEOG,2026-10-07T13:19:00Z,13.55,13.59,13.55,13.59,900.0
NEOG,2026-10-07T13:20:00Z,13.6,13.69,13.6,13.69,350.0
NEOG,2026-10-07T13:21:00Z,13.69,13.69,13.55,13.56,2064.0
NEOG,2026-10-07T13:22:00Z,13.55,13.6,13.53,13.53,764.0
NEOG,2026-10-07T13:23:00Z,13.59,13.59,13.52,13.52,650.0
NEOG,2026-10-07T13:24:00Z,13.52,13.52,13.4,13.4,1050.0
NEOG,2026-10-07T13:25:00Z,13.31,13.32,12.83,12.83,50573.0
NEOG,2026-10-07T13:26:00Z,13.01,13.2,12.98,13.1,1593.0
NEOG,2026-10-07T13:27:00Z,12.95,13.1,12.93,12.93,1110.0
NEOG,2026-10-07T13:28:00Z,12.9,12.9,12.6,12.7,6396.0
NEOG,2026-10-07T13:29:00Z,12.64,13.0,12.5,12.62,18325.0
NEOG,2026-10-07T13:30:00Z,12.61,12.91,12.26,12.49,128463.0
NEOG,2026-10-07T13:31:00Z,12.46,12.82,12.32,12.41,71620.0
NEOG,2026-10-07T13:32:00Z,12.37,12.47,12.0,12.37,66709.0
NEOG,2026-10-07T13:33:00Z,12.38,12.56,12.38,12.52,26080.0
NEOG,2026-10-07T13:34:00Z,12.48,12.83,12.47,12.68,47880.0
NEOG,2026-10-07T13:35:00Z,12.74,12.74,12.34,12.41,80517.0
NEOG,2026-10-07T13:36:00Z,12.44,12.53,12.23,12.31,53242.0
NEOG,2026-10-07T13:37:00Z,12.22,12.26,12.06,12.08,44610.0
NEOG,2026-10-07T13:38:00Z,12.11,12.13,11.8,11.86,60353.0
NEOG,2026-10-07T13:39:00Z,11.82,11.91,11.66,11.71,35577.0
NEOG,2026-10-07T13:40:00Z,11.68,11.84,11.66,11.84,56965.0
NEOG,2026-10-07T13:41:00Z,11.84,11.89,11.7,11.81,22428.0
NEOG,2026-10-07T13:42:00Z,11.82,12.13,11.8,12.1,79828.0
NEOG,2026-10-07T13:43:00Z,12.1,12.25,12.04,12.09,56031.0
NEOG,2026-10-07T13:44:00Z,12.09,12.1,11.86,11.95,42973.0
NEOG,2026-10-07T13:45:00Z,11.96,12.12,11.89,12.12,33475.0
NEOG,2026-10-07T13:46:00Z,12.09,12.13,12.01,12.1,39589.0
NEOG,2026-10-07T13:47:00Z,12.07,12.2,12.04,12.19,26874.0
NEOG,2026-10-07T13:48:00Z,12.16,12.25,12.08,12.17,28128.0
NEOG,2026-10-07T13:49:00Z,12.17,12.17,12.05,12.1,17049.0
NEOG,2026-10-07T13:50:00Z,12.09,12.1,11.96,12.0,34844.0
NEOG,2026-10-07T13:51:00Z,12.0,12.0,11.81,11.88,53377.0
NEOG,2026-10-07T13:52:00Z,11.88,11.97,11.87,11.88,17446.0
NEOG,2026-10-07T13:53:00Z,11.88,11.91,11.76,11.85,35740.0
NEOG,2026-10-07T13:54:00Z,11.85,11.87,11.75,11.79,55180.0
NEOG,2026-10-07T13:55:00Z,11.8,11.84,11.71,11.74,31975.0
NEOG,2026-10-07T13:56:00Z,11.76,11.79,11.75,11.79,7787.0
NEOG,2026-10-07T13:57:00Z,11.79,11.82,11.75,11.8,13312.0
NEOG,2026-10-07T13:58:00Z,11.8,11.8,11.69,11.7,35599.0
NEOG,2026-10-07T13:59:00Z,11.7,11.73,11.64,11.69,42546.0
NEOG,2026-10-07T14:00:00Z,11.71,11.81,11.68,11.68,37818.0
NEOG,2026-10-07T14:01:00Z,11.69,11.69,11.61,11.67,27823.0
NEOG,2026-10-07T14:02:00Z,11.67,11.78,11.62,11.7,34624.0
NEOG,2026-10-07T14:03:00Z,11.7,11.7,11.63,11.64,18695.0
NEOG,2026-10-07T14:04:00Z,11.64,11.67,11.57,11.65,142108.0
NEOG,2026-10-07T14:05:00Z,11.63,11.64,11.53,11.58,35906.0
NEOG,2026-10-07T14:06:00Z,11.59,11.65,11.56,11.59,19910.0
NEOG,2026-10-07T14:07:00Z,11.59,11.63,11.58,11.61,16332.0
NEOG,2026-10-07T14:08:00Z,11.61,11.61,11.54,11.55,8277.0
NEOG,2026-10-07T14:09:00Z,11.55,11.55,11.44,11.46,27742.0
NEOG,2026-10-07T14:10:00Z,11.47,11.52,11.47,11.48,17441.0
NEOG,2026-10-07T14:11:00Z,11.47,11.51,11.44,11.49,17151.0
NEOG,2026-10-07T14:12:00Z,11.49,11.5,11.44,11.45,10571.0
NEOG,2026-10-07T14:13:00Z,11.46,11.47,11.44,11.46,16470.0
NEOG,2026-10-07T14:14:00Z,11.46,11.47,11.37,11.46,35731.0
NEOG,2026-10-07T14:15:00Z,11.46,11.51,11.44,11.5,12690.0
NEOG,2026-10-07T14:16:00Z,11.52,11.61,11.52,11.61,22696.0
NEOG,2026-10-07T14:17:00Z,11.61,11.62,11.6,11.62,5651.0
NEOG,2026-10-07T14:18:00Z,11.62,11.64,11.53,11.56,28339.0
NEOG,2026-10-07T14:19:00Z,11.57,11.59,11.55,11.57,5934.0
NEOG,2026-10-07T14:20:00Z,11.57,11.58,11.49,11.5,43259.0
NEOG,2026-10-07T14:21:00Z,11.5,11.59,11.49,11.59,21222.0
NEOG,2026-10-07T14:22:00Z,11.59,11.99,11.55,11.88,118143.0
NEOG,2026-10-07T14:23:00Z,11.87,12.16,11.87,12.11,171940.0
NEOG,2026-10-07T14:24:00Z,12.12,12.24,11.89,11.91,360595.0
NEOG,2026-10-07T14:25:00Z,11.88,11.98,11.77,11.83,162091.0
NEOG,2026-10-07T14:26:00Z,11.84,11.9,11.77,11.8,80569.0
NEOG,2026-10-07T14:27:00Z,11.8,11.91,11.75,11.76,148747.0
NEOG,2026-10-07T14:28:00Z,11.76,11.84,11.65,11.71,95414.0
NEOG,2026-10-07T14:29:00Z,11.7,11.7,11.6,11.63,71940.0
NEOG,2026-10-07T14:30:00Z,11.62,11.69,11.59,11.6,53832.0
NEOG,2026-10-07T14:31:00Z,11.6,11.67,11.57,11.65,33695.0
NEOG,2026-10-07T14:32:00Z,11.66,11.75,11.66,11.68,19680.0
NEOG,2026-10-07T14:33:00Z,11.68,11.74,11.55,11.58,51281.0
NEOG,2026-10-07T14:34:00Z,11.59,11.62,11.57,11.62,16644.0
NEOG,2026-10-07T14:35:00Z,11.62,11.62,11.52,11.55,25530.0
NEOG,2026-10-07T14:36:00Z,11.55,11.55,11.5,11.54,29463.0
NEOG,2026-10-07T14:37:00Z,11.54,11.58,11.52,11.56,24658.0
NEOG,2026-10-07T14:38:00Z,11.55,11.74,11.55,11.72,45659.0
NEOG,2026-10-07T14:39:00Z,11.72,11.73,11.64,11.67,26090.0
NEOG,2026-10-07T14:40:00Z,11.66,11.68,11.56,11.63,68801.0
NEOG,2026-10-07T14:41:00Z,11.63,11.66,11.6,11.62,22610.0
NEOG,2026-10-07T14:42:00Z,11.63,11.63,11.54,11.58,21494.0
NEOG,2026-10-07T14:43:00Z,11.57,11.59,11.53,11.54,8030.0
NEOG,2026-10-07T14:44:00Z,11.54,11.55,11.5,11.5,6037.0
NEOG,2026-10-07T14:45:00Z,11.5,11.53,11.5,11.53,12023.0
NEOG,2026-10-07T14:46:00Z,11.53,11.54,11.49,11.51,16270.0
NEOG,2026-10-07T14:47:00Z,11.52,11.57,11.52,11.56,8303.0
NEOG,2026-10-07T14:48:00Z,11.57,11.62,11.56,11.58,24096.0
NEOG,2026-10-07T14:49:00Z,11.57,11.62,11.57,11.59,18531.0
NEOG,2026-10-07T14:50:00Z,11.59,11.69,11.58,11.68,14267.0
NEOG,2026-10-07T14:51:00Z,11.69,11.69,11.66,11.68,8400.0
NEOG,2026-10-07T14:52:00Z,11.68,11.69,11.64,11.67,13487.0
NEOG,2026-10-07T14:53:00Z,11.68,11.7,11.66,11.66,10581.0
NEOG,2026-10-07T14:54:00Z,11.67,11.73,11.67,11.72,13196.0
NEOG,2026-10-07T14:55:00Z,11.72,11.76,11.71,11.71,9853.0
NEOG,2026-10-07T14:56:00Z,11.71,11.73,11.67,11.71,25105.0
NEOG,2026-10-07T14:57:00Z,11.7,11.77,11.68,11.76,28536.0
NEOG,2026-10-07T14:58:00Z,11.76,11.8,11.76,11.78,43988.0
NEOG,2026-10-07T14:59:00Z,11.79,11.79,11.63,11.68,33596.0
NEOG,2026-10-07T15:00:00Z,11.68,11.74,11.66,11.66,21292.0
NEOG,2026-10-07T15:01:00Z,11.66,11.66,11.64,11.65,2035.0
NEOG,2026-10-07T15:02:00Z,11.66,11.66,11.59,11.62,38349.0
NEOG,2026-10-07T15:03:00Z,11.62,11.67,11.62,11.63,11662.0
NEOG,2026-10-07T15:04:00Z,11.63,11.67,11.61,11.61,6768.0
NEOG,2026-10-07T15:05:00Z,11.61,11.63,11.59,11.61,5988.0
NEOG,2026-10-07T15:06:00Z,11.6,11.7,11.58,11.69,49398.0
NEOG,2026-10-07T15:07:00Z,11.69,11.78,11.68,11.76,32915.0
NEOG,2026-10-07T15:08:00Z,11.75,11.79,11.75,11.78,8226.0
NEOG,2026-10-07T15:09:00Z,11.79,11.82,11.72,11.75,32345.0
NEOG,2026-10-07T15:10:00Z,11.75,11.75,11.67,11.74,18796.0
NEOG,2026-10-07T15:11:00Z,11.74,11.76,11.73,11.73,4917.0
NEOG,2026-10-07T15:12:00Z,11.74,11.77,11.63,11.64,23940.0
NEOG,2026-10-07T15:13:00Z,11.65,11.72,11.62,11.71,18160.0
NEOG,2026-10-07T15:14:00Z,11.71,11.76,11.71,11.75,6311.0
NEOG,2026-10-07T15:15:00Z,11.75,11.75,11.73,11.74,10595.0
NEOG,2026-10-07T15:16:00Z,11.73,11.77,11.73,11.76,9041.0
NEOG,2026-10-07T15:17:00Z,11.77,11.79,11.75,11.76,5478.0
NEOG,2026-10-07T15:18:00Z,11.76,11.78,11.76,11.76,4585.0
NEOG,2026-10-07T15:19:00Z,11.77,11.79,11.75,11.76,3797.0
NEOG,2026-10-07T15:20:00Z,11.75,11.78,11.74,11.74,6660.0
NEOG,2026-10-07T15:21:00Z,11.75,11.76,11.69,11.7,13291.0
NEOG,2026-10-07T15:22:00Z,11.71,11.74,11.71,11.73,9712.0
NEOG,2026-10-07T15:23:00Z,11.73,11.74,11.72,11.73,6002.0
NEOG,2026-10-07T15:24:00Z,11.72,11.72,11.71,11.71,1278.0
NEOG,2026-10-07T15:25:00Z,11.71,11.75,11.7,11.73,15324.0
NEOG,2026-10-07T15:26:00Z,11.74,11.78,11.72,11.75,8369.0
NEOG,2026-10-07T15:27:00Z,11.75,11.75,11.74,11.75,2220.0
NEOG,2026-10-07T15:28:00Z,11.75,11.75,11.74,11.75,2115.0
NEOG,2026-10-07T15:29:00Z,11.75,11.75,11.68,11.7,6240.0
NEOG,2026-10-07T15:30:00Z,11.7,11.7,11.68,11.69,4070.0
NEOG,2026-10-07T15:31:00Z,11.69,11.69,11.67,11.68,3759.0
SDEV,2026-10-07T08:00:00Z,3.72,4.01,3.54,3.7799,501192.0
SDEV,2026-10-07T08:01:00Z,3.77,3.95,3.58,3.68,91360.0
SDEV,2026-10-07T08:02:00Z,3.79,4.01,3.53,3.93,572016.0
SDEV,2026-10-07T08:03:00Z,3.84,4.01,3.62,3.6803,357583.0
SDEV,2026-10-07T08:04:00Z,3.68,3.79,3.68,3.77,41059.0
SDEV,2026-10-07T08:05:00Z,3.7796,3.89,3.77,3.89,86093.0
SDEV,2026-10-07T08:06:00Z,3.89,4.0,3.57,3.78,89334.0
SDEV,2026-10-07T08:07:00Z,3.78,3.7805,3.74,3.74,26547.0
SDEV,2026-10-07T08:08:00Z,3.7401,3.76,3.74,3.75,15904.0
SDEV,2026-10-07T08:09:00Z,3.76,3.78,3.75,3.75,22008.0
SDEV,2026-10-07T08:10:00Z,3.75,3.79,3.75,3.78,8766.0
SDEV,2026-10-07T08:11:00Z,3.79,3.87,3.79,3.825,47218.0
SDEV,2026-10-07T08:12:00Z,3.82,3.82,3.77,3.7998,22062.0
SDEV,2026-10-07T08:13:00Z,3.79,3.88,3.77,3.8399,33847.0
SDEV,2026-10-07T08:14:00Z,3.83,3.88,3.8,3.8448,35122.0
SDEV,2026-10-07T08:15:00Z,3.8397,3.8704,3.83,3.8704,15044.0
SDEV,2026-10-07T08:16:00Z,3.88,3.9,3.84,3.8496,32423.0
SDEV,2026-10-07T08:17:00Z,3.8497,3.88,3.84,3.8703,15635.0
SDEV,2026-10-07T08:18:00Z,3.88,3.96,3.88,3.93,115855.0
SDEV,2026-10-07T08:19:00Z,3.9395,3.99,3.89,3.94,111583.0
SDEV,2026-10-07T08:20:00Z,3.935,3.96,3.8,3.82,139244.0
SDEV,2026-10-07T08:21:00Z,3.83,3.86,3.83,3.8597,17570.0
SDEV,2026-10-07T08:22:00Z,3.8599,3.86,3.75,3.7596,80926.0
SDEV,2026-10-07T08:23:00Z,3.755,3.76,3.73,3.7596,32764.0
SDEV,2026-10-07T08:24:00Z,3.76,3.77,3.75,3.77,16056.0
SDEV,2026-10-07T08:25:00Z,3.76,3.7859,3.76,3.7799,9033.0
SDEV,2026-10-07T08:26:00Z,3.78,3.82,3.77,3.78,30134.0
SDEV,2026-10-07T08:27:00Z,3.77,3.7799,3.77,3.7702,3564.0
SDEV,2026-10-07T08:28:00Z,3.77,3.7899,3.73,3.7306,17291.0
SDEV,2026-10-07T08:29:00Z,3.735,3.74,3.7,3.7103,43247.0
SDEV,2026-10-07T08:30:00Z,3.7194,3.74,3.7194,3.7319,18629.0
SDEV,2026-10-07T08:31:00Z,3.73,3.73,3.63,3.6658,90073.0
SDEV,2026-10-07T08:32:00Z,3.66,3.7,3.6389,3.6389,20725.0
SDEV,2026-10-07T08:33:00Z,3.63,3.66,3.63,3.66,26619.0
SDEV,2026-10-07T08:34:00Z,3.6506,3.7051,3.6506,3.6702,23452.0
SDEV,2026-10-07T08:35:00Z,3.68,3.68,3.6697,3.67,9040.0
SDEV,2026-10-07T08:36:00Z,3.6601,3.6698,3.66,3.66,4282.0
SDEV,2026-10-07T08:37:00Z,3.665,3.67,3.66,3.67,3852.0
SDEV,2026-10-07T08:38:00Z,3.67,3.73,3.67,3.7,17648.0
SDEV,2026-10-07T08:39:00Z,3.7,3.7,3.68,3.6803,9835.0
SDEV,2026-10-07T08:40:00Z,3.685,3.71,3.6802,3.7093,10639.0
SDEV,2026-10-07T08:41:00Z,3.7005,3.725,3.7002,3.715,20099.0
SDEV,2026-10-07T08:42:00Z,3.72,3.74,3.71,3.74,12907.0
SDEV,2026-10-07T08:43:00Z,3.7407,3.78,3.72,3.72,29436.0
SDEV,2026-10-07T08:44:00Z,3.7198,3.76,3.71,3.74,25987.0
SDEV,2026-10-07T08:45:00Z,3.7397,3.7414,3.7303,3.7304,9314.0
SDEV,2026-10-07T08:46:00Z,3.7301,3.7301,3.6701,3.68,32205.0
SDEV,2026-10-07T08:47:00Z,3.69,3.6996,3.6703,3.6703,25323.0
SDEV,2026-10-07T08:48:00Z,3.67,3.675,3.67,3.6706,10392.0
SDEV,2026-10-07T08:49:00Z,3.6708,3.675,3.6702,3.6702,1588.0
SDEV,2026-10-07T08:50:00Z,3.6706,3.6706,3.6501,3.6598,15252.0
SDEV,2026-10-07T08:51:00Z,3.6501,3.6501,3.6,3.6097,57104.0
SDEV,2026-10-07T08:52:00Z,3.6094,3.61,3.6,3.605,13509.0
SDEV,2026-10-07T08:53:00Z,3.6,3.6,3.58,3.58,28179.0
SDEV,2026-10-07T08:54:00Z,3.5802,3.63,3.5802,3.6,20637.0
SDEV,2026-10-07T08:55:00Z,3.5903,3.61,3.59,3.605,5284.0
SDEV,2026-10-07T08:56:00Z,3.6099,3.61,3.5904,3.61,8795.0
SDEV,2026-10-07T08:57:00Z,3.61,3.61,3.55,3.5594,30476.0
SDEV,2026-10-07T08:58:00Z,3.55,3.55,3.4,3.41,116593.0
SDEV,2026-10-07T08:59:00Z,3.41,3.49,3.41,3.4405,85837.0
SDEV,2026-10-07T09:00:00Z,3.4595,3.46,3.41,3.4493,53248.0
SDEV,2026-10-07T09:01:00Z,3.44,3.48,3.43,3.48,25464.0
SDEV,2026-10-07T09:02:00Z,3.4661,3.5,3.4661,3.5,26805.0
SDEV,2026-10-07T09:03:00Z,3.5,3.52,3.4945,3.515,30081.0
SDEV,2026-10-07T09:04:00Z,3.5198,3.52,3.48,3.5032,30902.0
SDEV,2026-10-07T09:05:00Z,3.51,3.53,3.5026,3.5297,9250.0
SDEV,2026-10-07T09:06:00Z,3.53,3.57,3.52,3.55,21507.0
SDEV,2026-10-07T09:07:00Z,3.555,3.5598,3.53,3.54,13795.0
SDEV,2026-10-07T09:08:00Z,3.5402,3.56,3.54,3.56,4054.0
SDEV,2026-10-07T09:09:00Z,3.56,3.57,3.5519,3.555,9290.0
SDEV,2026-10-07T09:10:00Z,3.56,3.56,3.54,3.55,8422.0
SDEV,2026-10-07T09:11:00Z,3.55,3.56,3.54,3.56,2021.0
SDEV,2026-10-07T09:12:00Z,3.5516,3.58,3.5516,3.57,6472.0
SDEV,2026-10-07T09:13:00Z,3.575,3.6,3.575,3.595,9236.0
SDEV,2026-10-07T09:14:00Z,3.5905,3.62,3.5905,3.6,15821.0
SDEV,2026-10-07T09:15:00Z,3.6099,3.6499,3.58,3.63,83310.0
SDEV,2026-10-07T09:16:00Z,3.5799,3.6,3.5799,3.59,8379.0
SDEV,2026-10-07T09:17:00Z,3.6,3.6181,3.59,3.61,4221.0
SDEV,2026-10-07T09:18:00Z,3.6,3.6,3.58,3.5803,12011.0
SDEV,2026-10-07T09:19:00Z,3.58,3.59,3.58,3.59,10337.0
SDEV,2026-10-07T09:20:00Z,3.59,3.59,3.58,3.59,3974.0
SDEV,2026-10-07T09:21:00Z,3.59,3.61,3.59,3.61,6726.0
SDEV,2026-10-07T09:22:00Z,3.6102,3.6103,3.6,3.61,1776.0
SDEV,2026-10-07T09:23:00Z,3.61,3.61,3.58,3.5801,5340.0
SDEV,2026-10-07T09:24:00Z,3.5803,3.5804,3.5801,3.5803,1828.0
SDEV,2026-10-07T09:25:00Z,3.5801,3.59,3.58,3.59,5340.0
SDEV,2026-10-07T09:26:00Z,3.59,3.59,3.58,3.58,3809.0
SDEV,2026-10-07T09:27:00Z,3.58,3.6,3.57,3.57,10072.0
SDEV,2026-10-07T09:28:00Z,3.56,3.56,3.53,3.5393,16629.0
SDEV,2026-10-07T09:29:00Z,3.5386,3.55,3.5202,3.5404,5690.0
SDEV,2026-10-07T09:30:00Z,3.55,3.55,3.54,3.55,2828.0
SDEV,2026-10-07T09:31:00Z,3.55,3.55,3.5399,3.5399,3785.0
SDEV,2026-10-07T09:32:00Z,3.53,3.5302,3.4797,3.4797,58279.0
SDEV,2026-10-07T09:33:00Z,3.47,3.48,3.44,3.46,41083.0
SDEV,2026-10-07T09:34:00Z,3.4602,3.49,3.46,3.49,13135.0
SDEV,2026-10-07T09:35:00Z,3.49,3.5198,3.4806,3.51,14153.0
SDEV,2026-10-07T09:36:00Z,3.5097,3.5192,3.49,3.5001,10115.0
SDEV,2026-10-07T09:37:00Z,3.5096,3.51,3.4716,3.49,9869.0
SDEV,2026-10-07T09:38:00Z,3.5,3.51,3.5,3.5002,7416.0
SDEV,2026-10-07T09:39:00Z,3.51,3.51,3.4735,3.5,6156.0
SDEV,2026-10-07T09:40:00Z,3.4784,3.51,3.4784,3.51,3883.0
SDEV,2026-10-07T09:41:00Z,3.51,3.51,3.5,3.5003,3567.0
SDEV,2026-10-07T09:42:00Z,3.5,3.5,3.49,3.4998,5064.0
SDEV,2026-10-07T09:43:00Z,3.49,3.4901,3.4854,3.4901,2546.0
SDEV,2026-10-07T09:44:00Z,3.49,3.49,3.46,3.46,17234.0
SDEV,2026-10-07T09:45:00Z,3.46,3.4609,3.45,3.4609,11625.0
SDEV,2026-10-07T09:46:00Z,3.4602,3.4699,3.46,3.4604,1933.0
SDEV,2026-10-07T09:47:00Z,3.47,3.48,3.47,3.4706,7560.0
SDEV,2026-10-07T09:48:00Z,3.4798,3.48,3.4702,3.48,3815.0
SDEV,2026-10-07T09:49:00Z,3.49,3.49,3.48,3.4801,5484.0
SDEV,2026-10-07T09:50:00Z,3.4897,3.5,3.48,3.5,3679.0
SDEV,2026-10-07T09:51:00Z,3.4902,3.51,3.4902,3.505,8267.0
SDEV,2026-10-07T09:52:00Z,3.505,3.53,3.505,3.52,8247.0
SDEV,2026-10-07T09:53:00Z,3.52,3.55,3.52,3.54,9867.0
SDEV,2026-10-07T09:54:00Z,3.545,3.545,3.52,3.5296,21864.0
SDEV,2026-10-07T09:55:00Z,3.53,3.53,3.51,3.5101,12433.0
SDEV,2026-10-07T09:56:00Z,3.5109,3.52,3.5101,3.5104,3138.0
SDEV,2026-10-07T09:57:00Z,3.51,3.52,3.51,3.5103,1735.0
SDEV,2026-10-07T09:58:00Z,3.5103,3.52,3.5103,3.52,493.0
SDEV,2026-10-07T09:59:00Z,3.52,3.52,3.5,3.5,6223.0
SDEV,2026-10-07T10:00:00Z,3.5,3.5099,3.5,3.5,1218.0
SDEV,2026-10-07T10:01:00Z,3.5,3.5098,3.5,3.5093,1320.0
SDEV,2026-10-07T10:02:00Z,3.5093,3.5093,3.5,3.5,2076.0
SDEV,2026-10-07T10:03:00Z,3.5,3.51,3.48,3.51,16398.0
SDEV,2026-10-07T10:04:00Z,3.5,3.529,3.5,3.5101,1968.0
SDEV,2026-10-07T10:05:00Z,3.5199,3.5199,3.5196,3.5196,463.0
SDEV,2026-10-07T10:06:00Z,3.5196,3.52,3.5101,3.52,1258.0
SDEV,2026-10-07T10:07:00Z,3.52,3.5398,3.52,3.5398,763.0
SDEV,2026-10-07T10:08:00Z,3.5301,3.5594,3.5301,3.55,6009.0
SDEV,2026-10-07T10:09:00Z,3.55,3.55,3.5405,3.5497,7135.0
SDEV,2026-10-07T10:10:00Z,3.5497,3.55,3.5401,3.5498,2445.0
SDEV,2026-10-07T10:11:00Z,3.5498,3.55,3.5401,3.5401,3384.0
SDEV,2026-10-07T10:12:00Z,3.5401,3.55,3.54,3.5411,3188.0
SDEV,2026-10-07T10:13:00Z,3.5411,3.56,3.5411,3.56,4149.0
SDEV,2026-10-07T10:14:00Z,3.56,3.57,3.56,3.57,8131.0
SDEV,2026-10-07T10:15:00Z,3.57,3.58,3.57,3.58,17534.0
SDEV,2026-10-07T10:16:00Z,3.58,3.58,3.56,3.58,9184.0
SDEV,2026-10-07T10:17:00Z,3.58,3.58,3.54,3.56,11586.0
SDEV,2026-10-07T10:18:00Z,3.55,3.57,3.55,3.5605,894.0
SDEV,2026-10-07T10:19:00Z,3.5605,3.57,3.56,3.56,4784.0
SDEV,2026-10-07T10:20:00Z,3.56,3.57,3.56,3.56,2324.0
SDEV,2026-10-07T10:21:00Z,3.56,3.5605,3.56,3.5605,857.0
SDEV,2026-10-07T10:22:00Z,3.5605,3.59,3.56,3.59,22297.0
SDEV,2026-10-07T10:23:00Z,3.5901,3.6,3.59,3.5999,3396.0
SDEV,2026-10-07T10:24:00Z,3.59,3.59,3.58,3.5807,6990.0
SDEV,2026-10-07T10:25:00Z,3.5801,3.59,3.5607,3.5607,9534.0
SDEV,2026-10-07T10:26:00Z,3.5607,3.6,3.5607,3.5797,12671.0
SDEV,2026-10-07T10:27:00Z,3.5797,3.58,3.57,3.5715,3349.0
SDEV,2026-10-07T10:28:00Z,3.5889,3.5889,3.5701,3.5705,2504.0
SDEV,2026-10-07T10:29:00Z,3.5705,3.63,3.57,3.59,13225.0
SDEV,2026-10-07T10:30:00Z,3.5996,3.6,3.585,3.585,4254.0
SDEV,2026-10-07T10:31:00Z,3.585,3.585,3.57,3.58,1687.0
SDEV,2026-10-07T10:32:00Z,3.5735,3.5896,3.5735,3.58,2729.0
SDEV,2026-10-07T10:33:00Z,3.58,3.5803,3.58,3.5803,1371.0
SDEV,2026-10-07T10:34:00Z,3.5803,3.5898,3.58,3.5898,3270.0
SDEV,2026-10-07T10:35:00Z,3.5898,3.5898,3.58,3.58,1300.0
SDEV,2026-10-07T10:36:00Z,3.58,3.59,3.58,3.59,754.0
SDEV,2026-10-07T10:37:00Z,3.59,3.6,3.5803,3.6,6119.0
SDEV,2026-10-07T10:38:00Z,3.6,3.6403,3.6,3.64,9506.0
SDEV,2026-10-07T10:39:00Z,3.65,3.65,3.62,3.6202,13110.0
SDEV,2026-10-07T10:40:00Z,3.6202,3.64,3.62,3.6301,7759.0
SDEV,2026-10-07T10:41:00Z,3.6301,3.6499,3.61,3.6199,13866.0
SDEV,2026-10-07T10:42:00Z,3.6199,3.62,3.61,3.61,8382.0
SDEV,2026-10-07T10:43:00Z,3.61,3.6146,3.59,3.59,6674.0
SDEV,2026-10-07T10:44:00Z,3.59,3.6,3.59,3.6,2163.0
SDEV,2026-10-07T10:45:00Z,3.5902,3.5996,3.59,3.5906,2249.0
SDEV,2026-10-07T10:46:00Z,3.5906,3.62,3.5901,3.6104,7188.0
SDEV,2026-10-07T10:47:00Z,3.6197,3.6203,3.61,3.62,2216.0
SDEV,2026-10-07T10:48:00Z,3.62,3.69,3.62,3.68,13480.0
SDEV,2026-10-07T10:49:00Z,3.6734,3.699,3.6501,3.699,19604.0
SDEV,2026-10-07T10:50:00Z,3.695,3.695,3.65,3.6599,17475.0
SDEV,2026-10-07T10:51:00Z,3.66,3.7195,3.65,3.7101,34154.0
SDEV,2026-10-07T10:52:00Z,3.7196,3.74,3.71,3.7295,23593.0
SDEV,2026-10-07T10:53:00Z,3.73,3.74,3.72,3.7203,20674.0
SDEV,2026-10-07T10:54:00Z,3.7202,3.73,3.72,3.725,12020.0
SDEV,2026-10-07T10:55:00Z,3.7201,3.73,3.72,3.7204,9315.0
SDEV,2026-10-07T10:56:00Z,3.73,3.73,3.71,3.71,16205.0
SDEV,2026-10-07T10:57:00Z,3.71,3.7198,3.71,3.7103,12640.0
SDEV,2026-10-07T10:58:00Z,3.7103,3.7191,3.65,3.6555,9279.0
SDEV,2026-10-07T10:59:00Z,3.6788,3.6788,3.6502,3.66,7934.0
SDEV,2026-10-07T11:00:00Z,3.65,3.655,3.52,3.53,90774.0
SDEV,2026-10-07T11:01:00Z,3.54,3.63,3.5321,3.59,36956.0
SDEV,2026-10-07T11:02:00Z,3.59,3.6,3.52,3.54,38488.0
SDEV,2026-10-07T11:03:00Z,3.53,3.552,3.53,3.552,41593.0
SDEV,2026-10-07T11:04:00Z,3.552,3.552,3.54,3.542,16027.0
SDEV,2026-10-07T11:05:00Z,3.55,3.58,3.54,3.5613,18026.0
SDEV,2026-10-07T11:06:00Z,3.5613,3.57,3.54,3.54,56350.0
SDEV,2026-10-07T11:07:00Z,3.5396,3.5397,3.52,3.5303,20225.0
SDEV,2026-10-07T11:08:00Z,3.5303,3.54,3.52,3.52,7882.0
SDEV,2026-10-07T11:09:00Z,3.52,3.5301,3.52,3.52,19014.0
SDEV,2026-10-07T11:10:00Z,3.5201,3.5295,3.5,3.5104,28339.0
SDEV,2026-10-07T11:11:00Z,3.5101,3.53,3.5,3.508,17073.0
SDEV,2026-10-07T11:12:00Z,3.51,3.54,3.5,3.53,5675.0
SDEV,2026-10-07T11:13:00Z,3.53,3.53,3.51,3.51,2511.0
SDEV,2026-10-07T11:14:00Z,3.5102,3.53,3.51,3.5204,7638.0
SDEV,2026-10-07T11:15:00Z,3.5299,3.53,3.52,3.5297,7353.0
SDEV,2026-10-07T11:16:00Z,3.5297,3.55,3.52,3.52,26705.0
SDEV,2026-10-07T11:17:00Z,3.52,3.53,3.52,3.5202,3206.0
SDEV,2026-10-07T11:18:00Z,3.53,3.5515,3.5203,3.5515,6271.0
SDEV,2026-10-07T11:19:00Z,3.5501,3.5598,3.5485,3.5499,15098.0
SDEV,2026-10-07T11:20:00Z,3.55,3.56,3.54,3.5499,10314.0
SDEV,2026-10-07T11:21:00Z,3.5499,3.5516,3.54,3.5499,6670.0
SDEV,2026-10-07T11:22:00Z,3.5497,3.5497,3.5,3.51,19080.0
SDEV,2026-10-07T11:23:00Z,3.51,3.52,3.45,3.455,37275.0
SDEV,2026-10-07T11:24:00Z,3.46,3.57,3.46,3.47,24689.0
SDEV,2026-10-07T11:25:00Z,3.47,3.48,3.47,3.4706,5364.0
SDEV,2026-10-07T11:26:00Z,3.48,3.48,3.42,3.42,39322.0
SDEV,2026-10-07T11:27:00Z,3.42,3.44,3.41,3.44,55753.0
SDEV,2026-10-07T11:28:00Z,3.44,3.44,3.41,3.42,21037.0
SDEV,2026-10-07T11:29:00Z,3.42,3.4497,3.42,3.4497,14444.0
SDEV,2026-10-07T11:30:00Z,3.44,3.4603,3.44,3.46,8785.0
SDEV,2026-10-07T11:31:00Z,3.4597,3.4597,3.4201,3.44,7382.0
SDEV,2026-10-07T11:32:00Z,3.43,3.4498,3.4201,3.44,6611.0
SDEV,2026-10-07T11:33:00Z,3.44,3.4494,3.43,3.43,4197.0
SDEV,2026-10-07T11:34:00Z,3.43,3.4304,3.4,3.4,40254.0
SDEV,2026-10-07T11:35:00Z,3.4001,3.41,3.4,3.4081,12693.0
SDEV,2026-10-07T11:36:00Z,3.4,3.41,3.4,3.4002,12048.0
SDEV,2026-10-07T11:37:00Z,3.4,3.42,3.4,3.42,21057.0
SDEV,2026-10-07T11:38:00Z,3.41,3.4599,3.41,3.44,9126.0
SDEV,2026-10-07T11:39:00Z,3.44,3.4499,3.435,3.4498,11552.0
SDEV,2026-10-07T11:40:00Z,3.4498,3.45,3.44,3.4497,6383.0
SDEV,2026-10-07T11:41:00Z,3.4498,3.4498,3.44,3.4497,2446.0
SDEV,2026-10-07T11:42:00Z,3.4498,3.45,3.43,3.4302,8250.0
SDEV,2026-10-07T11:43:00Z,3.4302,3.44,3.43,3.44,3298.0
SDEV,2026-10-07T11:44:00Z,3.4491,3.46,3.44,3.4597,9520.0
SDEV,2026-10-07T11:45:00Z,3.46,3.4699,3.46,3.4698,6979.0
SDEV,2026-10-07T11:46:00Z,3.4698,3.4698,3.45,3.4597,9630.0
SDEV,2026-10-07T11:47:00Z,3.4597,3.4598,3.4503,3.4596,4530.0
SDEV,2026-10-07T11:48:00Z,3.4596,3.46,3.4502,3.4502,2572.0
SDEV,2026-10-07T11:49:00Z,3.45,3.4599,3.45,3.4597,1718.0
SDEV,2026-10-07T11:50:00Z,3.4597,3.46,3.45,3.4503,10608.0
SDEV,2026-10-07T11:51:00Z,3.4503,3.46,3.45,3.4501,5112.0
SDEV,2026-10-07T11:52:00Z,3.45,3.4598,3.45,3.45,7917.0
SDEV,2026-10-07T11:53:00Z,3.45,3.4599,3.45,3.4502,5922.0
SDEV,2026-10-07T11:54:00Z,3.4502,3.4598,3.41,3.4105,16440.0
SDEV,2026-10-07T11:55:00Z,3.41,3.42,3.41,3.4101,12897.0
SDEV,2026-10-07T11:56:00Z,3.42,3.42,3.41,3.41,20863.0
SDEV,2026-10-07T11:57:00Z,3.4106,3.4167,3.38,3.38,32997.0
SDEV,2026-10-07T11:58:00Z,3.38,3.38,3.37,3.37,13430.0
SDEV,2026-10-07T11:59:00Z,3.3703,3.39,3.37,3.3898,16821.0
SDEV,2026-10-07T12:00:00Z,3.3898,3.3898,3.37,3.37,12664.0
SDEV,2026-10-07T12:01:00Z,3.37,3.3702,3.35,3.35,20396.0
SDEV,2026-10-07T12:02:00Z,3.35,3.3588,3.33,3.33,18782.0
SDEV,2026-10-07T12:03:00Z,3.332,3.332,3.18,3.215,131498.0
SDEV,2026-10-07T12:04:00Z,3.2009,3.295,3.2009,3.29,37174.0
SDEV,2026-10-07T12:05:00Z,3.29,3.33,3.28,3.3297,26763.0
SDEV,2026-10-07T12:06:00Z,3.3298,3.35,3.32,3.3309,17130.0
SDEV,2026-10-07T12:07:00Z,3.3302,3.34,3.3,3.3196,20912.0
SDEV,2026-10-07T12:08:00Z,3.32,3.32,3.31,3.31,8439.0
SDEV,2026-10-07T12:09:00Z,3.3103,3.32,3.2701,3.2899,39436.0
SDEV,2026-10-07T12:10:00Z,3.29,3.29,3.28,3.28,11717.0
SDEV,2026-10-07T12:11:00Z,3.285,3.315,3.2802,3.31,21717.0
SDEV,2026-10-07T12:12:00Z,3.3,3.31,3.28,3.2898,20619.0
SDEV,2026-10-07T12:13:00Z,3.2898,3.2898,3.275,3.28,16205.0
SDEV,2026-10-07T12:14:00Z,3.28,3.2803,3.26,3.28,14733.0
SDEV,2026-10-07T12:15:00Z,3.2761,3.2846,3.26,3.2696,15884.0
SDEV,2026-10-07T12:16:00Z,3.27,3.27,3.2207,3.24,26592.0
SDEV,2026-10-07T12:17:00Z,3.24,3.2643,3.23,3.24,8920.0
SDEV,2026-10-07T12:18:00Z,3.23,3.3,3.23,3.24,9680.0
SDEV,2026-10-07T12:19:00Z,3.24,3.2404,3.18,3.1998,49301.0
SDEV,2026-10-07T12:20:00Z,3.1984,3.2297,3.18,3.2199,18130.0
SDEV,2026-10-07T12:21:00Z,3.2285,3.2285,3.2,3.2,13910.0
SDEV,2026-10-07T12:22:00Z,3.2,3.21,3.18,3.18,24829.0
SDEV,2026-10-07T12:23:00Z,3.18,3.19,3.18,3.19,9410.0
SDEV,2026-10-07T12:24:00Z,3.19,3.27,3.19,3.2697,14916.0
SDEV,2026-10-07T12:25:00Z,3.26,3.2695,3.25,3.2501,20834.0
SDEV,2026-10-07T12:26:00Z,3.26,3.26,3.2303,3.2303,9918.0
SDEV,2026-10-07T12:27:00Z,3.24,3.26,3.2201,3.24,16463.0
SDEV,2026-10-07T12:28:00Z,3.25,3.2894,3.25,3.2697,26899.0
SDEV,2026-10-07T12:29:00Z,3.2697,3.27,3.26,3.2601,3161.0
SDEV,2026-10-07T12:30:00Z,3.26,3.3,3.26,3.2995,30393.0
SDEV,2026-10-07T12:31:00Z,3.29,3.35,3.29,3.34,34878.0
SDEV,2026-10-07T12:32:00Z,3.34,3.34,3.2301,3.25,40201.0
SDEV,2026-10-07T12:33:00Z,3.2599,3.29,3.2599,3.2897,13372.0
SDEV,2026-10-07T12:34:00Z,3.28,3.29,3.28,3.2899,2875.0
SDEV,2026-10-07T12:35:00Z,3.2896,3.3215,3.2894,3.3215,9684.0
SDEV,2026-10-07T12:36:00Z,3.3215,3.3398,3.3201,3.3301,7277.0
SDEV,2026-10-07T12:37:00Z,3.33,3.35,3.3297,3.3298,27205.0
SDEV,2026-10-07T12:38:00Z,3.3201,3.33,3.32,3.33,7404.0
SDEV,2026-10-07T12:39:00Z,3.33,3.33,3.32,3.3203,6113.0
SDEV,2026-10-07T12:40:00Z,3.3205,3.3287,3.32,3.3201,4883.0
SDEV,2026-10-07T12:41:00Z,3.3299,3.3299,3.32,3.32,3777.0
SDEV,2026-10-07T12:42:00Z,3.32,3.33,3.32,3.3202,5012.0
SDEV,2026-10-07T12:43:00Z,3.3202,3.33,3.32,3.3202,1996.0
SDEV,2026-10-07T12:44:00Z,3.3298,3.3298,3.3,3.3,10590.0
SDEV,2026-10-07T12:45:00Z,3.29,3.3,3.29,3.2904,2734.0
SDEV,2026-10-07T12:46:00Z,3.2997,3.3,3.29,3.2999,6058.0
SDEV,2026-10-07T12:47:00Z,3.2999,3.3,3.2907,3.2908,7690.0
SDEV,2026-10-07T12:48:00Z,3.2908,3.3,3.29,3.2909,4147.0
SDEV,2026-10-07T12:49:00Z,3.29,3.2997,3.29,3.2901,1131.0
SDEV,2026-10-07T12:50:00Z,3.2901,3.3,3.29,3.2998,4532.0
SDEV,2026-10-07T12:51:00Z,3.29,3.3,3.29,3.3,5440.0
SDEV,2026-10-07T12:52:00Z,3.3,3.31,3.29,3.3072,5649.0
SDEV,2026-10-07T12:53:00Z,3.3175,3.3199,3.31,3.3198,8427.0
SDEV,2026-10-07T12:54:00Z,3.3198,3.32,3.3001,3.32,12667.0
SDEV,2026-10-07T12:55:00Z,3.32,3.36,3.32,3.3495,19322.0
SDEV,2026-10-07T12:56:00Z,3.3491,3.41,3.3491,3.4001,31721.0
SDEV,2026-10-07T12:57:00Z,3.405,3.43,3.3702,3.3702,67918.0
SDEV,2026-10-07T12:58:00Z,3.37,3.4,3.37,3.3911,12530.0
SDEV,2026-10-07T12:59:00Z,3.4,3.41,3.35,3.36,18975.0
SDEV,2026-10-07T13:00:00Z,3.36,3.36,3.35,3.3513,7077.0
SDEV,2026-10-07T13:01:00Z,3.35,3.36,3.35,3.36,6831.0
SDEV,2026-10-07T13:02:00Z,3.3597,3.3843,3.3501,3.37,7191.0
SDEV,2026-10-07T13:03:00Z,3.37,3.39,3.37,3.3878,13540.0
SDEV,2026-10-07T13:04:00Z,3.39,3.39,3.37,3.37,8779.0
SDEV,2026-10-07T13:05:00Z,3.37,3.38,3.37,3.3701,5269.0
SDEV,2026-10-07T13:06:00Z,3.3701,3.3796,3.3601,3.3601,15291.0
SDEV,2026-10-07T13:07:00Z,3.3601,3.37,3.36,3.3696,21168.0
SDEV,2026-10-07T13:08:00Z,3.36,3.37,3.36,3.3694,1000.0
SXTC,2026-10-07T08:00:00Z,1.79,1.93,1.7,1.799,15105.0
SXTC,2026-10-07T08:01:00Z,1.78,1.92,1.67,1.91,28891.0
SXTC,2026-10-07T08:02:00Z,1.93,1.94,1.78,1.92,55900.0
SXTC,2026-10-07T08:03:00Z,1.86,1.92,1.59,1.7,30857.0
SXTC,2026-10-07T08:04:00Z,1.7,1.72,1.65,1.72,16021.0
SXTC,2026-10-07T08:05:00Z,1.74,1.74,1.7,1.7102,17707.0
SXTC,2026-10-07T08:06:00Z,1.71,1.77,1.7,1.7116,15746.0
SXTC,2026-10-07T08:07:00Z,1.745,1.7651,1.7212,1.765,4430.0
SXTC,2026-10-07T08:08:00Z,1.77,1.88,1.77,1.86,12453.0
SXTC,2026-10-07T08:09:00Z,1.8504,1.88,1.8401,1.8402,35332.0
SXTC,2026-10-07T08:10:00Z,1.845,1.91,1.81,1.83,48663.0
SXTC,2026-10-07T08:11:00Z,1.81,1.81,1.71,1.72,24783.0
SXTC,2026-10-07T08:12:00Z,1.7116,1.74,1.675,1.675,30667.0
SXTC,2026-10-07T08:13:00Z,1.67,1.7303,1.66,1.69,23595.0
SXTC,2026-10-07T08:14:00Z,1.6903,1.74,1.6903,1.72,8755.0
SXTC,2026-10-07T08:15:00Z,1.7198,1.73,1.7102,1.729,15435.0
SXTC,2026-10-07T08:16:00Z,1.72,1.74,1.72,1.74,16073.0
SXTC,2026-10-07T08:17:00Z,1.74,2.2197,1.73,1.95,203229.0
SXTC,2026-10-07T08:18:00Z,1.9595,1.9595,1.62,1.7096,162310.0
SXTC,2026-10-07T08:19:00Z,1.6896,1.69,1.64,1.64,44565.0
SXTC,2026-10-07T08:20:00Z,1.64,1.64,1.56,1.6,44939.0
SXTC,2026-10-07T08:21:00Z,1.58,1.63,1.56,1.6202,32365.0
SXTC,2026-10-07T08:22:00Z,1.62,1.62,1.57,1.5998,19007.0
SXTC,2026-10-07T08:23:00Z,1.5994,1.63,1.5994,1.61,4896.0
SXTC,2026-10-07T08:24:00Z,1.6197,1.64,1.61,1.63,7566.0
SXTC,2026-10-07T08:25:00Z,1.6305,1.64,1.63,1.63,11030.0
SXTC,2026-10-07T08:26:00Z,1.63,1.64,1.5695,1.5903,28453.0
SXTC,2026-10-07T08:27:00Z,1.6,1.62,1.59,1.62,6321.0
SXTC,2026-10-07T08:28:00Z,1.6297,1.67,1.62,1.65,25160.0
SXTC,2026-10-07T08:29:00Z,1.66,1.71,1.63,1.7,46156.0
SXTC,2026-10-07T08:30:00Z,1.7,1.71,1.65,1.67,48428.0
SXTC,2026-10-07T08:31:00Z,1.68,1.71,1.66,1.705,52617.0
SXTC,2026-10-07T08:32:00Z,1.7,1.74,1.68,1.71,66497.0
SXTC,2026-10-07T08:33:00Z,1.7197,1.72,1.69,1.69,12462.0
SXTC,2026-10-07T08:34:00Z,1.6804,1.69,1.68,1.6898,8135.0
SXTC,2026-10-07T08:35:00Z,1.6805,1.74,1.68,1.73,14870.0
SXTC,2026-10-07T08:36:00Z,1.74,1.76,1.7294,1.7594,17418.0
SXTC,2026-10-07T08:37:00Z,1.76,1.8,1.76,1.79,51014.0
SXTC,2026-10-07T08:38:00Z,1.7892,1.79,1.76,1.76,14224.0
SXTC,2026-10-07T08:39:00Z,1.7697,1.7699,1.71,1.7602,17993.0
SXTC,2026-10-07T08:40:00Z,1.76,1.77,1.7196,1.7196,11019.0
SXTC,2026-10-07T08:41:00Z,1.71,1.72,1.7,1.7,12305.0
SXTC,2026-10-07T08:42:00Z,1.7,1.7091,1.69,1.69,4290.0
SXTC,2026-10-07T08:43:00Z,1.68,1.7061,1.64,1.69,29899.0
SXTC,2026-10-07T08:44:00Z,1.68,1.7,1.67,1.7,5993.0
SXTC,2026-10-07T08:45:00Z,1.69,1.7087,1.68,1.68,28481.0
SXTC,2026-10-07T08:46:00Z,1.68,1.69,1.67,1.6898,7439.0
SXTC,2026-10-07T08:47:00Z,1.6803,1.71,1.68,1.7,7374.0
SXTC,2026-10-07T08:48:00Z,1.69,1.7094,1.69,1.7001,21496.0
SXTC,2026-10-07T08:49:00Z,1.71,1.7391,1.705,1.7298,15041.0
SXTC,2026-10-07T08:50:00Z,1.7298,1.74,1.7,1.74,19927.0
SXTC,2026-10-07T08:51:00Z,1.74,1.82,1.7303,1.82,37656.0
SXTC,2026-10-07T08:52:00Z,1.82,1.89,1.8104,1.87,60259.0
SXTC,2026-10-07T08:53:00Z,1.89,1.91,1.81,1.81,84192.0
SXTC,2026-10-07T08:54:00Z,1.82,1.88,1.78,1.81,56641.0
SXTC,2026-10-07T08:55:00Z,1.8003,1.91,1.8003,1.9,37422.0
SXTC,2026-10-07T08:56:00Z,1.91,2.03,1.9,2.0,182817.0
SXTC,2026-10-07T08:57:00Z,1.9904,2.19,1.9904,2.14,351227.0
SXTC,2026-10-07T08:58:00Z,2.1394,2.19,2.1,2.1,184659.0
SXTC,2026-10-07T08:59:00Z,2.1,2.1003,1.82,1.8807,230484.0
SXTC,2026-10-07T09:00:00Z,1.88,1.89,1.85,1.88,121576.0
SXTC,2026-10-07T09:01:00Z,1.87,1.8896,1.82,1.8204,73015.0
SXTC,2026-10-07T09:02:00Z,1.82,1.87,1.76,1.82,120558.0
SXTC,2026-10-07T09:03:00Z,1.83,1.87,1.81,1.83,50070.0
SXTC,2026-10-07T09:04:00Z,1.83,1.88,1.78,1.87,86567.0
SXTC,2026-10-07T09:05:00Z,1.87,1.89,1.85,1.88,124480.0
SXTC,2026-10-07T09:06:00Z,1.88,1.89,1.86,1.87,25490.0
SXTC,2026-10-07T09:07:00Z,1.8693,2.02,1.8607,2.02,119761.0
SXTC,2026-10-07T09:08:00Z,2.02,2.1,1.97,2.0001,224032.0
SXTC,2026-10-07T09:09:00Z,2.0004,2.04,1.96,1.9696,79647.0
SXTC,2026-10-07T09:10:00Z,1.9606,1.9696,1.89,1.9,75942.0
SXTC,2026-10-07T09:11:00Z,1.91,1.93,1.9,1.9,43890.0
SXTC,2026-10-07T09:12:00Z,1.9,2.1,1.83,2.03,157169.0
SXTC,2026-10-07T09:13:00Z,2.03,2.08,1.96,2.0004,96971.0
SXTC,2026-10-07T09:14:00Z,2.0003,2.0403,1.9701,1.9704,55121.0
SXTC,2026-10-07T09:15:00Z,1.97,2.08,1.96,2.0301,56861.0
SXTC,2026-10-07T09:16:00Z,2.03,2.0396,1.93,1.9899,44462.0
SXTC,2026-10-07T09:17:00Z,1.99,2.05,1.95,2.0301,41314.0
SXTC,2026-10-07T09:18:00Z,2.0306,2.0306,1.97,1.9893,22047.0
SXTC,2026-10-07T09:19:00Z,1.98,2.02,1.95,2.0193,42413.0
SXTC,2026-10-07T09:20:00Z,2.02,2.3,2.0101,2.21,296226.0
SXTC,2026-10-07T09:21:00Z,2.19,2.25,2.12,2.1404,156344.0
SXTC,2026-10-07T09:22:00Z,2.15,2.26,2.14,2.24,135472.0
SXTC,2026-10-07T09:23:00Z,2.24,2.24,2.15,2.1605,76202.0
SXTC,2026-10-07T09:24:00Z,2.1699,2.23,2.13,2.13,56036.0
SXTC,2026-10-07T09:25:00Z,2.1396,2.1396,1.98,2.0793,110500.0
SXTC,2026-10-07T09:26:00Z,2.0796,2.08,1.99,1.99,61623.0
SXTC,2026-10-07T09:27:00Z,1.99,2.05,1.9599,2.0203,65537.0
SXTC,2026-10-07T09:28:00Z,2.03,2.1496,2.02,2.1397,73387.0
SXTC,2026-10-07T09:29:00Z,2.14,2.19,2.14,2.1505,76697.0
SXTC,2026-10-07T09:30:00Z,2.15,2.16,2.07,2.0999,38771.0
SXTC,2026-10-07T09:31:00Z,2.0903,2.1701,2.02,2.1701,95266.0
SXTC,2026-10-07T09:32:00Z,2.1704,2.24,2.15,2.1699,100874.0
SXTC,2026-10-07T09:33:00Z,2.17,2.3,2.17,2.23,172073.0
SXTC,2026-10-07T09:34:00Z,2.2447,2.29,2.22,2.2399,82283.0
SXTC,2026-10-07T09:35:00Z,2.2304,2.26,2.04,2.06,102575.0
SXTC,2026-10-07T09:36:00Z,2.07,2.16,2.06,2.14,70236.0
SXTC,2026-10-07T09:37:00Z,2.14,2.16,2.11,2.1501,37929.0
SXTC,2026-10-07T09:38:00Z,2.16,2.16,2.1,2.1,22460.0
SXTC,2026-10-07T09:39:00Z,2.1,2.19,2.1,2.18,54158.0
SXTC,2026-10-07T09:40:00Z,2.1702,2.5,2.1702,2.4901,235889.0
SXTC,2026-10-07T09:41:00Z,2.49,2.5,2.21,2.2198,232229.0
SXTC,2026-10-07T09:42:00Z,2.2102,2.33,2.16,2.3,188991.0
SXTC,2026-10-07T09:43:00Z,2.31,2.33,2.3,2.315,93762.0
SXTC,2026-10-07T09:44:00Z,2.31,2.31,2.24,2.31,70307.0
SXTC,2026-10-07T09:45:00Z,2.31,2.42,2.31,2.36,134211.0
SXTC,2026-10-07T09:46:00Z,2.36,2.46,2.35,2.45,121745.0
SXTC,2026-10-07T09:47:00Z,2.4404,2.55,2.41,2.5297,239464.0
SXTC,2026-10-07T09:48:00Z,2.53,2.55,2.41,2.52,191502.0
SXTC,2026-10-07T09:49:00Z,2.5293,2.72,2.4,2.4607,268564.0
SXTC,2026-10-07T09:50:00Z,2.47,2.47,2.34,2.39,142607.0
SXTC,2026-10-07T09:51:00Z,2.3997,2.48,2.37,2.4308,99946.0
SXTC,2026-10-07T09:52:00Z,2.43,2.44,2.37,2.44,39722.0
SXTC,2026-10-07T09:53:00Z,2.44,2.45,2.36,2.36,71085.0
SXTC,2026-10-07T09:54:00Z,2.36,2.4,2.25,2.2799,80177.0
SXTC,2026-10-07T09:55:00Z,2.2796,2.31,2.22,2.3,101671.0
SXTC,2026-10-07T09:56:00Z,2.295,2.38,2.28,2.3404,75302.0
SXTC,2026-10-07T09:57:00Z,2.34,2.38,2.32,2.3608,34787.0
SXTC,2026-10-07T09:58:00Z,2.3607,2.37,2.3,2.3303,32965.0
SXTC,2026-10-07T09:59:00Z,2.34,2.38,2.33,2.3696,31088.0
SXTC,2026-10-07T10:00:00Z,2.3696,2.3696,2.3,2.31,37089.0
SXTC,2026-10-07T10:01:00Z,2.31,2.32,2.22,2.22,48556.0
SXTC,2026-10-07T10:02:00Z,2.2297,2.2297,2.06,2.12,159072.0
SXTC,2026-10-07T10:03:00Z,2.1299,2.2,2.1299,2.1904,66226.0
SXTC,2026-10-07T10:04:00Z,2.19,2.26,2.1696,2.26,56404.0
SXTC,2026-10-07T10:05:00Z,2.27,2.3,2.26,2.2606,69596.0
SXTC,2026-10-07T10:06:00Z,2.26,2.27,2.2038,2.24,24141.0
SXTC,2026-10-07T10:07:00Z,2.2302,2.26,2.23,2.25,15994.0
SXTC,2026-10-07T10:08:00Z,2.24,2.25,2.15,2.19,22404.0
SXTC,2026-10-07T10:09:00Z,2.1998,2.2239,2.1998,2.2104,12451.0
SXTC,2026-10-07T10:10:00Z,2.21,2.2193,2.13,2.1498,27494.0
SXTC,2026-10-07T10:11:00Z,2.1496,2.19,2.1402,2.1506,30762.0
SXTC,2026-10-07T10:12:00Z,2.17,2.1797,2.14,2.14,18886.0
SXTC,2026-10-07T10:13:00Z,2.1405,2.21,2.14,2.2004,23516.0
SXTC,2026-10-07T10:14:00Z,2.21,2.24,2.18,2.1995,41956.0
SXTC,2026-10-07T10:15:00Z,2.19,2.2,2.1701,2.1701,11462.0
SXTC,2026-10-07T10:16:00Z,2.1702,2.18,2.14,2.14,21723.0
SXTC,2026-10-07T10:17:00Z,2.13,2.14,2.11,2.135,24918.0
SXTC,2026-10-07T10:18:00Z,2.13,2.13,2.09,2.11,29874.0
SXTC,2026-10-07T10:19:00Z,2.12,2.12,2.08,2.08,18714.0
SXTC,2026-10-07T10:20:00Z,2.09,2.09,2.02,2.055,48498.0
SXTC,2026-10-07T10:21:00Z,2.04,2.09,2.04,2.09,34461.0
SXTC,2026-10-07T10:22:00Z,2.08,2.08,2.07,2.07,10454.0
SXTC,2026-10-07T10:23:00Z,2.07,2.0792,2.04,2.0404,13143.0
SXTC,2026-10-07T10:24:00Z,2.0496,2.1,2.04,2.09,27779.0
SXTC,2026-10-07T10:25:00Z,2.08,2.09,2.07,2.07,10101.0
SXTC,2026-10-07T10:26:00Z,2.0704,2.08,2.06,2.08,15399.0
SXTC,2026-10-07T10:27:00Z,2.08,2.15,2.07,2.13,46797.0
SXTC,2026-10-07T10:28:00Z,2.12,2.16,2.12,2.16,45125.0
SXTC,2026-10-07T10:29:00Z,2.17,2.28,2.1693,2.26,122307.0
SXTC,2026-10-07T10:30:00Z,2.2695,2.27,2.21,2.2307,71313.0
SXTC,2026-10-07T10:31:00Z,2.2305,2.28,2.2,2.2095,94331.0
SXTC,2026-10-07T10:32:00Z,2.2,2.21,2.12,2.14,41596.0
SXTC,2026-10-07T10:33:00Z,2.14,2.17,2.13,2.15,38590.0
SXTC,2026-10-07T10:34:00Z,2.14,2.15,2.1,2.1493,29169.0
SXTC,2026-10-07T10:35:00Z,2.1404,2.16,2.14,2.1498,15444.0
SXTC,2026-10-07T10:36:00Z,2.1403,2.15,2.1,2.1303,29862.0
SXTC,2026-10-07T10:37:00Z,2.13,2.13,2.09,2.105,27823.0
SXTC,2026-10-07T10:38:00Z,2.1098,2.14,2.1004,2.13,11244.0
SXTC,2026-10-07T10:39:00Z,2.13,2.14,2.11,2.11,18913.0
SXTC,2026-10-07T10:40:00Z,2.1102,2.12,2.1,2.11,18711.0
SXTC,2026-10-07T10:41:00Z,2.11,2.14,2.11,2.14,13595.0
SXTC,2026-10-07T10:42:00Z,2.14,2.15,2.13,2.13,14977.0
SXTC,2026-10-07T10:43:00Z,2.1302,2.1399,2.09,2.0903,39737.0
SXTC,2026-10-07T10:44:00Z,2.1,2.1,2.07,2.09,21406.0
SXTC,2026-10-07T10:45:00Z,2.09,2.1,2.08,2.09,6133.0
SXTC,2026-10-07T10:46:00Z,2.0993,2.1,2.09,2.0991,6023.0
SXTC,2026-10-07T10:47:00Z,2.0996,2.11,2.08,2.1,16600.0
SXTC,2026-10-07T10:48:00Z,2.1003,2.1003,2.09,2.09,5028.0
SXTC,2026-10-07T10:49:00Z,2.09,2.1,2.06,2.06,14653.0
SXTC,2026-10-07T10:50:00Z,2.06,2.06,2.02,2.03,50021.0
SXTC,2026-10-07T10:51:00Z,2.02,2.04,2.02,2.02,18247.0
SXTC,2026-10-07T10:52:00Z,2.02,2.03,2.02,2.0208,34617.0
SXTC,2026-10-07T10:53:00Z,2.0296,2.03,2.0,2.0,16600.0
SXTC,2026-10-07T10:54:00Z,2.0,2.0003,1.95,1.96,44916.0
SXTC,2026-10-07T10:55:00Z,1.97,1.99,1.96,1.98,28803.0
SXTC,2026-10-07T10:56:00Z,1.97,2.0,1.96,1.98,28610.0
SXTC,2026-10-07T10:57:00Z,1.97,1.98,1.94,1.9401,33768.0
SXTC,2026-10-07T10:58:00Z,1.94,1.96,1.93,1.9498,53830.0
SXTC,2026-10-07T10:59:00Z,1.95,1.95,1.94,1.94,10365.0
SXTC,2026-10-07T11:00:00Z,1.945,1.97,1.945,1.9603,36583.0
SXTC,2026-10-07T11:01:00Z,1.97,1.97,1.95,1.96,27348.0
SXTC,2026-10-07T11:02:00Z,1.9515,1.96,1.94,1.9403,27195.0
SXTC,2026-10-07T11:03:00Z,1.9415,1.95,1.9,1.9,35362.0
SXTC,2026-10-07T11:04:00Z,1.91,1.94,1.9,1.93,25239.0
SXTC,2026-10-07T11:05:00Z,1.93,1.94,1.92,1.92,7845.0
SXTC,2026-10-07T11:06:00Z,1.9204,1.9297,1.91,1.91,13962.0
SXTC,2026-10-07T11:07:00Z,1.9196,1.92,1.91,1.9105,1940.0
SXTC,2026-10-07T11:08:00Z,1.91,1.92,1.91,1.92,9937.0
SXTC,2026-10-07T11:09:00Z,1.92,1.93,1.91,1.9295,24069.0
SXTC,2026-10-07T11:10:00Z,1.94,1.95,1.93,1.9404,9732.0
SXTC,2026-10-07T11:11:00Z,1.9483,1.9483,1.91,1.91,16658.0
SXTC,2026-10-07T11:12:00Z,1.9197,1.92,1.91,1.92,5540.0
SXTC,2026-10-07T11:13:00Z,1.91,1.9198,1.9,1.91,14048.0
SXTC,2026-10-07T11:14:00Z,1.91,1.92,1.9,1.92,32271.0
SXTC,2026-10-07T11:15:00Z,1.92,1.97,1.9185,1.9697,50595.0
SXTC,2026-10-07T11:16:00Z,1.9608,2.06,1.96,2.0401,87183.0
SXTC,2026-10-07T11:17:00Z,2.045,2.07,2.0,2.021,94417.0
SXTC,2026-10-07T11:18:00Z,2.02,2.03,1.99,2.0,37677.0
SXTC,2026-10-07T11:19:00Z,2.0,2.0,1.9801,1.9982,38903.0
SXTC,2026-10-07T11:20:00Z,1.999,2.0,1.98,1.98,22674.0
SXTC,2026-10-07T11:21:00Z,1.981,1.99,1.98,1.9898,8124.0
SXTC,2026-10-07T11:22:00Z,1.98,1.99,1.95,1.95,18365.0
SXTC,2026-10-07T11:23:00Z,1.95,1.95,1.84,1.8701,52909.0
SXTC,2026-10-07T11:24:00Z,1.87,1.87,1.78,1.84,116023.0
SXTC,2026-10-07T11:25:00Z,1.8497,1.8497,1.8003,1.8201,49969.0
SXTC,2026-10-07T11:26:00Z,1.83,1.89,1.82,1.8601,61021.0
SXTC,2026-10-07T11:27:00Z,1.87,1.9,1.8602,1.8901,26764.0
SXTC,2026-10-07T11:28:00Z,1.9,1.9,1.86,1.86,21767.0
SXTC,2026-10-07T11:29:00Z,1.87,1.92,1.86,1.885,22572.0
SXTC,2026-10-07T11:30:00Z,1.889,1.99,1.889,1.98,30050.0
SXTC,2026-10-07T11:31:00Z,1.9802,1.99,1.95,1.96,48473.0
SXTC,2026-10-07T11:32:00Z,1.9501,2.0,1.95,2.0,35209.0
SXTC,2026-10-07T11:33:00Z,2.01,2.02,1.97,1.97,41689.0
SXTC,2026-10-07T11:34:00Z,1.9797,1.98,1.97,1.97,15641.0
SXTC,2026-10-07T11:35:00Z,1.97,1.98,1.95,1.9595,13157.0
SXTC,2026-10-07T11:36:00Z,1.9503,1.96,1.93,1.9307,16351.0
SXTC,2026-10-07T11:37:00Z,1.9396,1.95,1.93,1.94,10548.0
SXTC,2026-10-07T11:38:00Z,1.95,2.01,1.95,1.99,28044.0
SXTC,2026-10-07T11:39:00Z,2.0,2.0,1.99,1.99,19592.0
SXTC,2026-10-07T11:40:00Z,1.9996,2.0,1.99,1.99,10398.0
SXTC,2026-10-07T11:41:00Z,1.9903,2.0,1.99,2.0,4842.0
SXTC,2026-10-07T11:42:00Z,2.0,2.0,1.99,1.99,15801.0
SXTC,2026-10-07T11:43:00Z,1.98,1.98,1.94,1.9601,13747.0
SXTC,2026-10-07T11:44:00Z,1.96,1.97,1.96,1.97,4713.0
SXTC,2026-10-07T11:45:00Z,1.96,1.96,1.95,1.95,4468.0
SXTC,2026-10-07T11:46:00Z,1.95,1.9593,1.95,1.95,5152.0
SXTC,2026-10-07T11:47:00Z,1.95,1.96,1.95,1.9502,9778.0
SXTC,2026-10-07T11:48:00Z,1.96,1.96,1.95,1.955,6566.0
SXTC,2026-10-07T11:49:00Z,1.96,1.96,1.95,1.9593,17176.0
SXTC,2026-10-07T11:50:00Z,1.95,1.96,1.95,1.96,17595.0
SXTC,2026-10-07T11:51:00Z,1.96,1.98,1.95,1.9681,20495.0
SXTC,2026-10-07T11:52:00Z,1.97,2.02,1.97,2.02,36369.0
SXTC,2026-10-07T11:53:00Z,2.02,2.05,2.01,2.03,33154.0
SXTC,2026-10-07T11:54:00Z,2.03,2.05,2.0093,2.0496,44039.0
SXTC,2026-10-07T11:55:00Z,2.04,2.04,1.98,1.9897,37064.0
SXTC,2026-10-07T11:56:00Z,1.99,2.0,1.98,1.9999,13068.0
SXTC,2026-10-07T11:57:00Z,2.0,2.04,1.99,2.0299,26556.0
SXTC,2026-10-07T11:58:00Z,2.0296,2.0298,2.01,2.02,10249.0
SXTC,2026-10-07T11:59:00Z,2.0298,2.03,2.0,2.0093,10810.0
SXTC,2026-10-07T12:00:00Z,2.0001,2.01,2.0,2.01,18879.0
SXTC,2026-10-07T12:01:00Z,2.0,2.01,1.9903,1.9903,12113.0
SXTC,2026-10-07T12:02:00Z,1.9904,2.0,1.97,1.9718,8996.0
SXTC,2026-10-07T12:03:00Z,1.97,1.9997,1.97,1.9901,8223.0
SXTC,2026-10-07T12:04:00Z,1.99,2.0,1.99,1.99,3189.0
SXTC,2026-10-07T12:05:00Z,1.9702,2.02,1.97,1.98,9009.0
SXTC,2026-10-07T12:06:00Z,1.99,2.02,1.9704,1.9801,8973.0
SXTC,2026-10-07T12:07:00Z,1.99,2.0,1.98,1.98,2955.0
SXTC,2026-10-07T12:08:00Z,1.98,1.98,1.97,1.97,8307.0
SXTC,2026-10-07T12:09:00Z,1.9705,2.01,1.965,2.0096,31581.0
SXTC,2026-10-07T12:10:00Z,1.99,2.02,1.99,2.0,12405.0
SXTC,2026-10-07T12:11:00Z,2.01,2.01,2.0001,2.0005,9749.0
SXTC,2026-10-07T12:12:00Z,2.01,2.05,2.0,2.0497,20106.0
SXTC,2026-10-07T12:13:00Z,2.05,2.18,2.0302,2.11,64601.0
SXTC,2026-10-07T12:14:00Z,2.11,2.28,2.11,2.2496,237182.0
SXTC,2026-10-07T12:15:00Z,2.2493,2.45,2.21,2.43,444738.0
SXTC,2026-10-07T12:16:00Z,2.44,7.07,2.4204,4.8,1799605.0
SXTC,2026-10-07T12:17:00Z,4.8003,5.0,3.88,3.9599,1194568.0
SXTC,2026-10-07T12:18:00Z,3.9593,4.19,3.4318,3.99,897676.0
SXTC,2026-10-07T12:19:00Z,3.9668,4.47,3.23,3.36,960607.0
SXTC,2026-10-07T12:20:00Z,3.38,3.67,3.0,3.0,817065.0
SXTC,2026-10-07T12:21:00Z,3.0,3.26,2.74,3.26,593554.0
SXTC,2026-10-07T12:22:00Z,3.23,3.2585,2.5,2.9324,515728.0
SXTC,2026-10-07T12:23:00Z,2.91,3.05,2.76,2.9696,279515.0
SXTC,2026-10-07T12:24:00Z,2.9699,3.0834,2.67,2.8451,235896.0
SXTC,2026-10-07T12:25:00Z,2.78,2.97,2.51,2.52,217041.0
SXTC,2026-10-07T12:26:00Z,2.51,2.78,2.33,2.7506,291826.0
SXTC,2026-10-07T12:27:00Z,2.75,2.83,2.52,2.7897,148681.0
SXTC,2026-10-07T12:28:00Z,2.7896,2.79,2.55,2.64,159507.0
SXTC,2026-10-07T12:29:00Z,2.65,2.7,2.35,2.35,175921.0
SXTC,2026-10-07T12:30:00Z,2.3585,2.41,2.17,2.2101,326318.0
SXTC,2026-10-07T12:31:00Z,2.218,2.35,2.21,2.3,173453.0
SXTC,2026-10-07T12:32:00Z,2.305,2.42,2.305,2.39,105429.0
SXTC,2026-10-07T12:33:00Z,2.3897,2.39,2.24,2.2697,84554.0
SXTC,2026-10-07T12:34:00Z,2.2685,2.57,2.26,2.4793,232550.0
SXTC,2026-10-07T12:35:00Z,2.47,2.47,2.24,2.2498,171856.0
SXTC,2026-10-07T12:36:00Z,2.242,2.35,2.24,2.2803,79227.0
SXTC,2026-10-07T12:37:00Z,2.28,2.34,2.2703,2.3201,34598.0
SXTC,2026-10-07T12:38:00Z,2.32,2.33,2.25,2.26,93470.0
SXTC,2026-10-07T12:39:00Z,2.2504,2.3403,2.25,2.3096,47137.0
SXTC,2026-10-07T12:40:00Z,2.3,2.33,2.28,2.29,37771.0
SXTC,2026-10-07T12:41:00Z,2.282,2.31,2.11,2.11,155420.0
SXTC,2026-10-07T12:42:00Z,2.1,2.1598,2.0,2.1296,219748.0
SXTC,2026-10-07T12:43:00Z,2.12,2.41,2.12,2.3001,189638.0
SXTC,2026-10-07T12:44:00Z,2.3006,2.41,2.22,2.2799,116094.0
SXTC,2026-10-07T12:45:00Z,2.28,2.3,2.22,2.2394,47535.0
SXTC,2026-10-07T12:46:00Z,2.23,2.34,2.17,2.3,66959.0
SXTC,2026-10-07T12:47:00Z,2.3096,2.31,2.21,2.2409,46425.0
SXTC,2026-10-07T12:48:00Z,2.24,2.25,2.16,2.2,26059.0
SXTC,2026-10-07T12:49:00Z,2.2,2.24,2.2,2.2303,22479.0
SXTC,2026-10-07T12:50:00Z,2.23,2.28,2.2,2.26,46054.0
SXTC,2026-10-07T12:51:00Z,2.2502,2.28,2.22,2.2493,25728.0
SXTC,2026-10-07T12:52:00Z,2.24,2.3,2.24,2.28,36355.0
SXTC,2026-10-07T12:53:00Z,2.2803,2.36,2.28,2.32,55949.0
SXTC,2026-10-07T12:54:00Z,2.3198,2.32,2.25,2.301,50164.0
SXTC,2026-10-07T12:55:00Z,2.3001,2.38,2.28,2.3501,42014.0
SXTC,2026-10-07T12:56:00Z,2.35,2.35,2.28,2.2903,49353.0
SXTC,2026-10-07T12:57:00Z,2.2999,2.31,2.2697,2.2803,21605.0
SXTC,2026-10-07T12:58:00Z,2.2804,2.2897,2.27,2.2705,21304.0
SXTC,2026-10-07T12:59:00Z,2.28,2.44,2.27,2.38,89760.0
SXTC,2026-10-07T13:00:00Z,2.38,2.39,2.279,2.2793,59922.0
SXTC,2026-10-07T13:01:00Z,2.28,2.31,2.25,2.3001,40036.0
SXTC,2026-10-07T13:02:00Z,2.3001,2.31,2.2903,2.3,13214.0
SXTC,2026-10-07T13:03:00Z,2.291,2.35,2.29,2.34,19388.0
SXTC,2026-10-07T13:04:00Z,2.34,2.38,2.33,2.3401,60112.0
SXTC,2026-10-07T13:05:00Z,2.34,2.4,2.32,2.4,55777.0
SXTC,2026-10-07T13:06:00Z,2.4,2.43,2.33,2.3315,68792.0
SXTC,2026-10-07T13:07:00Z,2.34,2.41,2.34,2.3785,40548.0
SXTC,2026-10-07T13:08:00Z,2.37,2.44,2.35,2.42,53180.0
SXTC,2026-10-07T13:09:00Z,2.4285,2.4285,2.4,2.4083,45507.0
SXTC,2026-10-07T13:10:00Z,2.4098,2.65,2.4,2.57,275425.0
SXTC,2026-10-07T13:11:00Z,2.57,2.5801,2.4602,2.4701,180577.0
SXTC,2026-10-07T13:12:00Z,2.47,2.76,2.47,2.6893,288347.0
SXTC,2026-10-07T13:13:00Z,2.6896,2.74,2.57,2.602,295645.0
SXTC,2026-10-07T13:14:00Z,2.6001,3.0,2.59,2.94,626298.0
SXTC,2026-10-07T13:15:00Z,2.9415,3.23,2.84,3.0085,912434.0
SXTC,2026-10-07T13:16:00Z,3.01,3.06,2.83,2.8993,426921.0
SXTC,2026-10-07T13:17:00Z,2.89,2.94,2.69,2.69,378689.0
SXTC,2026-10-07T13:18:00Z,2.6993,2.84,2.68,2.73,275089.0
SXTC,2026-10-07T13:19:00Z,2.74,2.94,2.73,2.93,356596.0
SXTC,2026-10-07T13:20:00Z,2.931,3.0,2.85,2.85,249615.0
SXTC,2026-10-07T13:21:00Z,2.85,2.97,2.8,2.9696,278344.0
SXTC,2026-10-07T13:22:00Z,2.97,3.13,2.81,2.9,478367.0
SXTC,2026-10-07T13:23:00Z,2.9096,2.99,2.86,2.9003,151102.0
SXTC,2026-10-07T13:24:00Z,2.9003,3.09,2.88,3.03,254763.0
SXTC,2026-10-07T13:25:00Z,3.04,3.09,2.95,3.05,275539.0
SXTC,2026-10-07T13:26:00Z,3.042,3.09,2.97,3.0696,258343.0
SXTC,2026-10-07T13:27:00Z,3.07,3.18,3.0,3.0001,281078.0
SXTC,2026-10-07T13:28:00Z,3.0,3.05,3.0,3.0,119702.0
SXTC,2026-10-07T13:29:00Z,3.0003,3.3,3.0003,3.2,410653.0
SXTC,2026-10-07T13:30:00Z,3.19,3.23,2.56,2.7194,1491268.0
SXTC,2026-10-07T13:31:00Z,2.7103,2.77,2.53,2.605,756265.0
SXTC,2026-10-07T13:32:00Z,2.605,2.91,2.54,2.8384,587898.0
SXTC,2026-10-07T13:33:00Z,2.83,3.31,2.81,2.9699,1533693.0
SXTC,2026-10-07T13:34:00Z,2.965,3.11,2.7,2.7001,820387.0
SXTC,2026-10-07T13:35:00Z,2.7001,3.0599,2.7,2.895,708262.0
SXTC,2026-10-07T13:36:00Z,2.899,3.2199,2.63,2.669,817436.0
SXTC,2026-10-07T13:37:00Z,2.6606,2.84,2.65,2.8001,453435.0
SXTC,2026-10-07T13:38:00Z,2.805,2.81,2.48,2.53,622459.0
SXTC,2026-10-07T13:39:00Z,2.5196,2.54,2.44,2.4651,485877.0
SXTC,2026-10-07T13:40:00Z,2.4694,2.47,2.27,2.3599,543643.0
SXTC,2026-10-07T13:41:00Z,2.355,2.45,2.34,2.3501,299932.0
SXTC,2026-10-07T13:42:00Z,2.35,2.47,2.3401,2.4305,196184.0
SXTC,2026-10-07T13:43:00Z,2.4326,2.65,2.41,2.62,414526.0
SXTC,2026-10-07T13:44:00Z,2.61,2.63,2.45,2.5073,463102.0
SXTC,2026-10-07T13:45:00Z,2.5052,2.51,2.35,2.4198,293446.0
SXTC,2026-10-07T13:46:00Z,2.42,2.441,2.39,2.4201,145767.0
SXTC,2026-10-07T13:47:00Z,2.4299,2.4299,2.36,2.36,188730.0
SXTC,2026-10-07T13:48:00Z,2.365,2.365,2.19,2.21,482482.0
SXTC,2026-10-07T13:49:00Z,2.219,2.33,2.21,2.2801,200379.0
SXTC,2026-10-07T13:50:00Z,2.2803,2.3,2.2401,2.2801,97304.0
SXTC,2026-10-07T13:51:00Z,2.28,2.3,2.26,2.3,118559.0
SXTC,2026-10-07T13:52:00Z,2.31,2.35,2.3001,2.34,172560.0
SXTC,2026-10-07T13:53:00Z,2.3397,2.42,2.33,2.3901,135348.0
SXTC,2026-10-07T13:54:00Z,2.39,2.4,2.27,2.2803,205098.0
SXTC,2026-10-07T13:55:00Z,2.2802,2.2802,2.2101,2.2601,173301.0
SXTC,2026-10-07T13:56:00Z,2.265,2.2699,2.23,2.2301,86880.0
SXTC,2026-10-07T13:57:00Z,2.2301,2.28,2.23,2.2601,90160.0
SXTC,2026-10-07T13:58:00Z,2.26,2.36,2.2489,2.33,195710.0
SXTC,2026-10-07T13:59:00Z,2.3296,2.34,2.23,2.309,156433.0
SXTC,2026-10-07T14:00:00Z,2.31,2.47,2.29,2.405,328831.0
SXTC,2026-10-07T14:01:00Z,2.405,2.48,2.32,2.3306,369563.0
SXTC,2026-10-07T14:02:00Z,2.335,2.6099,2.33,2.415,181294.0
SXTC,2026-10-07T14:03:00Z,2.415,2.48,2.35,2.38,282905.0
SXTC,2026-10-07T14:04:00Z,2.38,2.38,2.33,2.34,130547.0
SXTC,2026-10-07T14:05:00Z,2.35,2.43,2.34,2.415,86064.0
SXTC,2026-10-07T14:06:00Z,2.4199,2.4199,2.34,2.345,80446.0
SXTC,2026-10-07T14:07:00Z,2.34,2.34,2.29,2.3,145725.0
SXTC,2026-10-07T14:08:00Z,2.3,2.33,2.29,2.3,78991.0
SXTC,2026-10-07T14:09:00Z,2.2998,2.32,2.25,2.2501,52061.0
SXTC,2026-10-07T14:10:00Z,2.2599,2.26,2.2,2.2006,113096.0
SXTC,2026-10-07T14:11:00Z,2.2006,2.28,2.2,2.259,139604.0
SXTC,2026-10-07T14:12:00Z,2.25,2.26,2.21,2.22,74365.0
SXTC,2026-10-07T14:13:00Z,2.22,2.25,2.215,2.25,32011.0
SXTC,2026-10-07T14:14:00Z,2.2403,2.25,2.23,2.235,32542.0
SXTC,2026-10-07T14:15:00Z,2.2306,2.38,2.23,2.3599,120619.0
SXTC,2026-10-07T14:16:00Z,2.355,2.36,2.3,2.325,89438.0
SXTC,2026-10-07T14:17:00Z,2.3296,2.34,2.31,2.32,40522.0
SXTC,2026-10-07T14:18:00Z,2.32,2.3201,2.2601,2.2816,77542.0
SXTC,2026-10-07T14:19:00Z,2.285,2.29,2.27,2.2802,40759.0
SXTC,2026-10-07T14:20:00Z,2.285,2.29,2.28,2.2801,62997.0
SXTC,2026-10-07T14:21:00Z,2.2894,2.2894,2.2,2.22,84333.0
SXTC,2026-10-07T14:22:00Z,2.229,2.23,2.22,2.23,37918.0
SXTC,2026-10-07T14:23:00Z,2.22,2.225,2.2,2.205,52016.0
SXTC,2026-10-07T14:24:00Z,2.2,2.21,2.2,2.2,35034.0
SXTC,2026-10-07T14:25:00Z,2.2006,2.26,2.2,2.2199,74785.0
SXTC,2026-10-07T14:26:00Z,2.22,2.25,2.21,2.235,57064.0
SXTC,2026-10-07T14:27:00Z,2.235,2.24,2.23,2.24,7589.0
SXTC,2026-10-07T14:28:00Z,2.235,2.245,2.23,2.245,14711.0
SXTC,2026-10-07T14:29:00Z,2.245,2.3,2.24,2.2995,59951.0
SXTC,2026-10-07T14:30:00Z,2.2994,2.34,2.24,2.25,92065.0
SXTC,2026-10-07T14:31:00Z,2.2406,2.25,2.2,2.21,105982.0
SXTC,2026-10-07T14:32:00Z,2.209,2.2298,2.2,2.22,43742.0
SXTC,2026-10-07T14:33:00Z,2.2195,2.23,2.11,2.125,107979.0
SXTC,2026-10-07T14:34:00Z,2.125,2.15,2.07,2.0706,254954.0
SXTC,2026-10-07T14:35:00Z,2.0707,2.11,2.07,2.11,116928.0
SXTC,2026-10-07T14:36:00Z,2.1098,2.12,2.06,2.06,102833.0
SXTC,2026-10-07T14:37:00Z,2.07,2.07,2.02,2.0236,153047.0
SXTC,2026-10-07T14:38:00Z,2.03,2.03,2.0,2.01,131152.0
SXTC,2026-10-07T14:39:00Z,2.0099,2.05,2.0001,2.0404,80552.0
SXTC,2026-10-07T14:40:00Z,2.045,2.055,2.01,2.0106,42960.0
SXTC,2026-10-07T14:41:00Z,2.01,2.03,2.0,2.0299,51678.0
SXTC,2026-10-07T14:42:00Z,2.02,2.03,2.01,2.01,21405.0
SXTC,2026-10-07T14:43:00Z,2.01,2.015,2.0,2.0,91068.0
SXTC,2026-10-07T14:44:00Z,2.0,2.02,2.0,2.02,69781.0
SXTC,2026-10-07T14:45:00Z,2.0101,2.08,2.0,2.0794,113494.0
SXTC,2026-10-07T14:46:00Z,2.079,2.085,2.0,2.0606,137488.0
SXTC,2026-10-07T14:47:00Z,2.0695,2.09,2.0603,2.071,73357.0
SXTC,2026-10-07T14:48:00Z,2.071,2.0799,2.06,2.065,31870.0
SXTC,2026-10-07T14:49:00Z,2.0603,2.0796,2.03,2.0772,51740.0
SXTC,2026-10-07T14:50:00Z,2.08,2.1,2.02,2.02,35374.0
SXTC,2026-10-07T14:51:00Z,2.0298,2.06,2.02,2.06,29890.0
SXTC,2026-10-07T14:52:00Z,2.0502,2.08,2.05,2.055,31309.0
SXTC,2026-10-07T14:53:00Z,2.055,2.09,2.05,2.055,55072.0
SXTC,2026-10-07T14:54:00Z,2.055,2.07,2.055,2.0694,15468.0
SXTC,2026-10-07T14:55:00Z,2.0606,2.0694,2.04,2.0401,26874.0
SXTC,2026-10-07T14:56:00Z,2.0406,2.06,2.0406,2.05,5811.0
SXTC,2026-10-07T14:57:00Z,2.0499,2.05,2.0101,2.0114,41888.0
SXTC,2026-10-07T14:58:00Z,2.011,2.05,2.0,2.03,59228.0
SXTC,2026-10-07T14:59:00Z,2.0375,2.04,2.0055,2.01,14895.0
SXTC,2026-10-07T15:00:00Z,2.0143,2.019,2.0,2.0,25133.0
SXTC,2026-10-07T15:01:00Z,2.0029,2.0094,1.91,1.91,63629.0
SXTC,2026-10-07T15:02:00Z,1.911,1.97,1.91,1.935,83086.0
SXTC,2026-10-07T15:03:00Z,1.9395,2.0,1.93,1.97,59316.0
SXTC,2026-10-07T15:04:00Z,1.9602,1.9602,1.9105,1.945,37165.0
SXTC,2026-10-07T15:05:00Z,1.9494,1.95,1.92,1.95,25838.0
SXTC,2026-10-07T15:06:00Z,1.9402,1.9402,1.9,1.9199,43755.0
SXTC,2026-10-07T15:07:00Z,1.915,1.92,1.87,1.87,57837.0
SXTC,2026-10-07T15:08:00Z,1.875,1.91,1.87,1.89,59201.0
SXTC,2026-10-07T15:09:00Z,1.8901,1.93,1.89,1.93,37152.0
SXTC,2026-10-07T15:10:00Z,1.9202,2.0,1.9202,1.96,79946.0
SXTC,2026-10-07T15:11:00Z,1.96,2.0,1.9561,1.9987,44120.0
SXTC,2026-10-07T15:12:00Z,1.995,2.02,1.99,1.995,66713.0
SXTC,2026-10-07T15:13:00Z,1.9995,2.03,1.97,2.015,66797.0
SXTC,2026-10-07T15:14:00Z,2.02,2.06,2.0,2.06,92793.0
SXTC,2026-10-07T15:15:00Z,2.06,2.11,2.0401,2.105,159903.0
SXTC,2026-10-07T15:16:00Z,2.105,2.12,2.09,2.091,112658.0
SXTC,2026-10-07T15:17:00Z,2.0905,2.12,2.0801,2.12,55783.0
SXTC,2026-10-07T15:18:00Z,2.1196,2.12,2.0902,2.11,34003.0
SXTC,2026-10-07T15:19:00Z,2.1002,2.11,2.06,2.07,40216.0
SXTC,2026-10-07T15:20:00Z,2.07,2.1,2.07,2.095,32157.0
SXTC,2026-10-07T15:21:00Z,2.0998,2.11,2.09,2.11,30062.0
SXTC,2026-10-07T15:22:00Z,2.11,2.12,2.0905,2.115,19988.0
SXTC,2026-10-07T15:23:00Z,2.11,2.12,2.08,2.09,29616.0
SXTC,2026-10-07T15:24:00Z,2.09,2.11,2.09,2.1003,13267.0
SXTC,2026-10-07T15:25:00Z,2.11,2.18,2.1001,2.18,92222.0
SXTC,2026-10-07T15:26:00Z,2.17,2.2,2.1602,2.19,88208.0
SXTC,2026-10-07T15:27:00Z,2.18,2.25,2.18,2.23,159019.0
SXTC,2026-10-07T15:28:00Z,2.2201,2.27,2.22,2.23,117941.0
SXTC,2026-10-07T15:29:00Z,2.23,2.25,2.15,2.225,71431.0
SXTC,2026-10-07T15:30:00Z,2.2201,2.229,2.16,2.1601,35551.0
SXTC,2026-10-07T15:31:00Z,2.1781,2.25,2.16,2.215,22555.0
