sym,day,variant,cost_model,ambiguity_policy,experiment,setup_ts,entry_ts,entry_et,kind,trigger,limit_cap,stop,risk_per_share,planned_shares,filled_shares,entry_fill,entry_slippage,exit_ts,exit_et,exit_price,exit_reason,gross_pnl,commissions,slippage_cost,net_pnl,net_r,mae_r,mfe_r,bars_held,ambiguous,halt_flag,participation_capped,ctx_gap_pct,ctx_price,ctx_rvol_at_time,ctx_push_pct,ctx_push_rvol,ctx_pullback_number,ctx_pullback_bars,ctx_pullback_depth_pct,ctx_pullback_volume_ratio,ctx_confluence_count,ctx_support_reasons,ctx_room_to_hod_r,ctx_is_new_high_trigger,ctx_hod_at_time,ctx_vwap,ctx_ema9,ctx_ema20,ctx_macd,ctx_macd_hist,ctx_atr,ctx_uses_atr_stop,ctx_risk_pct,ctx_scan_ts,ctx_kind,ctx_float_m,ctx_float_provenance,ctx_catalyst,ctx_catalyst_source
AMIX,2026-07-29,base_A,realistic,pessimistic,exp1_common_exits,1785349560,1785349560,2026-07-29T14:27:00-04:00,pullback,4.60000015258789,4.70000015258789,4.52000020980835,0.07999994277954059,142,142,4.658116588818514,0.058116436230622896,1785349620,2026-07-29T14:27:00-04:00,4.461883773577727,STOP,-19.612525819443313,2.0,8.252533944748452,-29.865059764191763,-2.628968408922759,-1.7264588335095947,0.0,0,True,False,False,66.1781831221147,4.569900035858154,,8.279081738922129,2.235299638855207,2,1,44.61789880578002,0.40059567403935353,0,,33.125021785513425,False,7.25,5.190801399444112,4.446074265049264,4.388495506462656,0.02885468134303526,0.04487326097538318,0.10707288744516685,False,1.7391291331704375,1785332100,pullback,,unavailable,,
AMIX,2026-07-29,base_A,realistic,pessimistic,exp1_common_exits,1785354840,1785354840,2026-07-29T15:55:00-04:00,pullback,4.395000228881836,4.495000228881835,4.318749541820507,0.07625068706132865,144,144,4.444959111161477,0.049958882279641376,1785355020,2026-07-29T15:57:00-04:00,4.54745752590721,T2,16.470148405246995,3.0,7.200426150277162,6.269722254969835,0.5710078106799986,-1.376498528979389,2.2955960286209485,2,False,False,False,58.54545940052379,4.360000133514404,376.1722941656444,8.02919496316114,3.5133952022412887,1,2,50.0,0.5466334413157239,0,,37.44228257014759,False,7.25,5.1687821610881,4.2940541890730675,4.287230313924895,-0.005617023426113477,0.018353454935707756,0.07625068706132856,True,1.7349415947750277,1785332100,pullback,,unavailable,,
ARCT,2026-08-19,base_A,realistic,pessimistic,exp1_common_exits,1787151060,1787151060,2026-08-19T10:52:00-04:00,pullback,9.989999542236328,10.089999542236328,9.950000038146973,0.03999950408935504,166,166,10.045042886934976,0.055043344698647356,1787151240,2026-08-19T10:54:00-04:00,9.990021807190253,STOP,3.319958839416449,3.0,9.135391509267725,-8.815432669851276,-1.3276418618793355,-7.126154799729064,1.303953834659231,2,False,False,False,21.31546884127642,9.960000038146973,32.657626696550864,5.04201175583855,2.5061869407957356,1,1,8.333333333333332,0.19141663501709077,0,,84.50105906845934,False,13.37,10.13307460048993,9.801437288791353,9.784957312205943,8.926062384695399e-05,0.023523073435781177,0.09119281663030133,False,0.40039545467687665,1787146500,pullback,,unavailable,,
ASPN,2026-08-06,base_A,realistic,pessimistic,exp1_common_exits,1786023300,1786023300,2026-08-06T09:36:00-04:00,pullback,7.7099998092651365,7.809999809265136,7.535044760928949,0.17495504833618725,106,106,7.74500295452027,0.03500314525513421,1786023720,2026-08-06T09:42:00-04:00,7.709999732519561,STOP,9.272617561817892,3.0,3.710359347584723,2.56225821423317,0.13816261682051037,-1.1717466550225901,1.6289714481589674,6,False,False,False,51.796400631518914,7.605000019073486,56.96007463525392,11.75616775726732,3.8436820576231208,1,1,45.6790014440514,2.5822157460358914,0,,-0.05715753900844377,True,7.699999809265137,7.386762773258862,7.096828756802417,6.829707767805316,0.2427652584154698,0.10549324536177096,0.17495504833618686,True,2.269196532611364,1786023300,pullback,,unavailable,,
AVAH,2026-08-13,base_A,realistic,pessimistic,exp1_common_exits,1786628160,1786628160,2026-08-13T09:37:00-04:00,pullback,10.369999656677246,10.473699653244019,10.250000228881836,0.11999942779540973,125,125,10.405022608162552,0.03502295148530587,1786628220,2026-08-13T09:37:00-04:00,10.21497727739653,STOP,-19.377797410089535,2.0,4.377868935663233,-25.75566634575277,-1.7170526105950639,-2.0835338949918283,0.0,0,True,False,False,13.812154405032112,10.300000190734863,2.973523681704044,8.215180423110455,3.434286591292781,1,1,15.228409808805269,1.1530860519390238,0,,0.666672706632803,False,10.45,9.939690306453674,10.099892728405532,10.0532862271744,0.03573297581477064,0.029985518029676975,0.16182719396976591,False,1.1571787055763503,1786628100,pullback,,unavailable,,
BIYA,2026-07-27,base_A,realistic,pessimistic,exp1_common_exits,1785173700,1785173700,2026-07-27T13:36:00-04:00,pullback,3.9997999763488767,4.099799976348876,3.9600000286102297,0.039799947738647035,166,166,4.054805385011233,0.05500540866235601,1785173760,2026-07-27T13:36:00-04:00,3.6951946245255103,STOP_GAP,-50.56448840267882,2.0,9.130897837951098,-61.695386240629915,-9.338176916647402,-7.658436815364378,0.0,0,True,False,False,105.77202748385686,3.971400022506714,,5.744132412825949,2.0311410893909123,1,2,36.36366591962269,0.267571482832637,0,,15.080420010222227,False,4.599999904632568,3.65821188444147,3.937014457635922,3.929922694804957,0.003006318681216147,0.00883089351546698,0.07859153880917495,False,0.9950484517722678,1785159300,pullback,,unavailable,,
BIYA,2026-07-28,base_A,realistic,pessimistic,exp1_common_exits,1785258240,1785258240,2026-07-28T13:05:00-04:00,pullback,5.549999961853027,5.649999961853027,5.439999809265137,0.1100001525878902,129,129,5.604708270551163,0.05470830869813628,1785258300,2026-07-28T13:05:00-04:00,5.385291500567001,STOP,-21.247391505897383,2.0,7.05737182205958,-30.304763327956962,-2.1356392734587617,-1.6137107615708044,0.0,0,True,False,False,31.65227845825857,5.4899001121521,0.26834038676308447,6.419368965966882,2.1558963414167147,2,1,44.404998179041186,1.0644132985349635,0,,9.72725854040179,False,6.619999885559082,5.427844265677353,5.382268291824959,5.311366226457496,0.07269379144036581,0.018064420026895837,0.08224026984840241,False,1.9819847449361692,1785245700,pullback,,unavailable,,
CDTG,2026-08-20,base_A,realistic,pessimistic,exp1_common_exits,1787249640,1787249640,2026-08-20T14:15:00-04:00,pullback,2.8301000690460203,2.9301000690460204,2.7555823012335767,0.07451776781244357,145,145,2.880189199160486,0.05008913011446561,1787249760,2026-08-20T14:16:00-04:00,2.7055016353798593,STOP,-18.06800019940186,2.0,7.261696548789003,-27.329696748190866,-2.5293386095957175,-1.7470893584488982,0.0,1,False,False,False,-6.6378742567736415,2.8101999759674072,0.8038221708476649,12.04819080993089,4.846110459843843,1,3,19.56661853259699,0.4002784148609637,0,,24.8249486478001,False,4.679999828338623,3.7376477209802315,2.711807695389912,2.64972981766508,0.04428303399761546,0.035704718209780106,0.07451776781244368,True,2.6330435671683605,1787232900,pullback,,unavailable,,
CLRO,2026-08-06,base_A,realistic,pessimistic,exp1_common_exits,1786031520,1786031520,2026-08-06T11:53:00-04:00,pullback,9.860000381469726,9.960000381469726,9.64999984741211,0.21000053405761676,97,97,9.949954075397654,0.08995369392792708,1786031640,2026-08-06T11:54:00-04:00,9.860001735815151,STOP,10.080025634765668,3.0,8.72534934596365,-1.6453237111979817,-0.08077169989857887,-1.6664419235805978,1.5711651556075996,1,False,False,False,164.53802934997444,9.734999656677246,,8.122950084307535,2.864436251002849,2,1,25.675722697555376,1.4332068023762425,0,,15.666625007856474,False,13.15,10.709729243762064,9.471034902495687,9.309315260585239,0.1364254790378432,0.07754023485949968,0.17810256924698345,False,2.1298227782250265,1786023300,pullback,,unavailable,,
CRSR,2026-08-07,base_A,realistic,pessimistic,exp1_common_exits,1786109580,1786109580,2026-08-07T09:34:00-04:00,pullback,12.619999656677246,12.746199653244018,12.357500305175781,0.2624993515014644,86,86,12.684606078302412,0.03500604931071275,1786109700,2026-08-07T09:35:00-04:00,13.174599796216945,T2,33.862416343688935,3.0,3.010344418981367,27.85207192470757,1.2337603868262557,-0.20802323338764345,2.801507865772501,1,False,False,False,18.284642759971312,12.550000190734863,13.928109099209886,7.185125840672379,3.102092681570901,1,1,36.7646893828047,0.4555435077256709,0,,0.9142892809067173,False,12.86,12.407532094779407,12.41938830624549,12.407736298728505,-0.016507443928146515,0.03852070256778581,0.23417343612477043,False,2.0800266136503094,1786109700,pullback,,unavailable,,
CRSR,2026-08-07,base_A,realistic,pessimistic,exp1_common_exits,1786109940,1786109940,2026-08-07T09:40:00-04:00,pullback,13.989999542236328,14.129899537658691,13.730099906921387,0.259899635314941,86,86,14.025010939720703,0.035011397484374325,1786110840,2026-08-07T09:54:00-04:00,14.499802464176813,T2,33.52705295562737,3.0,3.4405600458981347,27.086492909729234,1.2118494106346531,-0.8272828849623375,2.0969200454748993,14,False,False,False,29.931199721430012,13.785699844360352,17.932722735700445,18.25866324042573,4.530367124413996,2,1,11.569438974552789,0.76,0,,8.806547030099083e-07,True,13.989999771118164,12.923216828578315,13.33659785410457,12.949311892672805,0.32968900046946814,0.1759207261137763,0.2888670682957414,False,1.8577529937030688,1786109700,pullback,,unavailable,,
DFNS,2026-07-27,base_A,realistic,pessimistic,exp1_common_exits,1785168300,1785168300,2026-07-27T12:06:00-04:00,pullback,6.873800048828125,6.973800048828124,6.77000020980835,0.10379983901977496,131,131,6.938668234927551,0.06486818609942618,1785168780,2026-07-27T12:13:00-04:00,7.086266585427453,T2,20.44856828689567,3.0,7.86017280689782,9.588395479997851,0.7051442402718331,-1.1432393767351272,7.816310436838748,7,False,False,False,56.78161657885007,6.820000171661377,,5.013598348342364,4.811921859315883,1,4,39.40579605405796,0.17609982156381981,0,,17.20811870268494,False,8.66,6.6835788570176335,6.787064366266495,6.756940485996932,0.02309702955582793,0.015884799963957915,0.09507298517650734,False,1.510079407059145,1785159300,pullback,,unavailable,,
DFNS,2026-07-27,base_A,realistic,pessimistic,exp1_common_exits,1785169260,1785169260,2026-07-27T12:22:00-04:00,pullback,9.209999809265137,9.309999809265136,8.935751090811776,0.27424871845336085,84,84,9.270003038758722,0.06000322949358552,1785169320,2026-07-27T12:22:00-04:00,8.87574786131819,STOP,-28.077163627543417,2.0,5.0402712774611835,-35.1174349050046,-1.52439983533105,-2.625364494260355,0.4740097984948626,0,True,False,False,105.97701688694168,8.960000038146973,,36.494362509702796,10.864541168406525,2,1,22.00088466356176,1.0085555342413197,0,,0.510487607723858,False,9.350000381469727,6.793552440500761,8.11539357475925,7.543969060687147,0.5011059324969418,0.24862770462319694,0.2742487184533606,True,2.977727732170747,1785159300,pullback,,unavailable,,
EDBL,2026-07-27,base_A,realistic,pessimistic,exp1_common_exits,1785172260,1785172260,2026-07-27T13:12:00-04:00,pullback,3.4019999599456785,3.5019999599456786,3.309999933242798,0.09200002670288043,136,136,3.4468586896137388,0.04485872966806042,1785172320,2026-07-27T13:12:00-04:00,3.265141203574738,STOP,-18.612790866447913,2.0,6.100787234856217,-26.71357810130413,-2.1350359932644705,-3.5430291229289703,0.0,0,True,False,False,7.643312150273555,3.380000114440918,,10.506035670231746,2.4700949711918603,2,3,45.46834901470766,0.2924034636087058,0,,71.06519720009628,False,9.94,6.689649522321598,3.2926051578487256,3.2124106012290534,0.07307508869257973,0.02999781549173381,0.08647793256184919,False,2.7042924099372843,1785159060,pullback,,unavailable,,
EMBC,2026-08-07,base_A,realistic,pessimistic,exp1_common_exits,1786109760,1786109760,2026-08-07T09:37:00-04:00,pullback,4.390000114440918,4.490000114440917,4.2900001907348635,0.09999992370605426,133,133,4.425007360586785,0.035007246145867775,1786109880,2026-08-07T09:38:00-04:00,4.2549935115654405,STOP,-17.955953590305604,2.0,4.655888329533246,-24.611841919838852,-1.850515841894624,-2.050077268036187,0.0,1,False,False,False,23.85714394705636,4.335000038146973,31.14288318118991,10.606062430506404,2.896681353071635,1,1,19.047597422355032,0.6155388911457819,0,,-0.10000007629400182,True,4.380000114440918,4.12173147636999,4.217623469934971,4.148537434842326,0.06947316567587425,0.020662463218690266,0.07522500304485673,False,2.277902530733524,1786109700,pullback,,unavailable,,
ENTX,2026-07-27,base_A,realistic,pessimistic,exp1_common_exits,1785168420,1785168420,2026-07-27T12:08:00-04:00,pullback,3.750000009536743,3.850000009536743,3.6500000858306887,0.09999992370605426,133,133,3.8000025457250457,0.05000253618830261,1785170460,2026-07-27T12:41:00-04:00,3.7500488606278535,STOP,6.599994964599599,3.0,6.6469438858167695,-3.04694892121717,-0.2290940786358271,-1.3000256861518955,1.2989748433285,33,False,False,False,79.51707559718331,3.6800999641418457,,5.64971892200318,2.191687302014687,1,1,39.99995231629555,0.5724154135338346,0,,4.5000014305125875,False,4.199999809265137,3.3789982957311415,3.6014801641921887,3.5575213215371777,0.03451533750152658,0.022570112504027885,0.0690652044373882,False,2.6666646253797683,1785159300,pullback,,unavailable,,
FCUV,2026-08-03,base_A,realistic,pessimistic,exp1_common_exits,1785768360,1785768360,2026-08-03T10:47:00-04:00,pullback,15.670099983215332,15.826800983047486,15.290000190734863,0.3800997924804683,68,68,15.787838984996176,0.11773900178084498,1785768540,2026-08-03T10:49:00-04:00,15.172275120767107,STOP,-33.85303800976927,2.0,8.005304757807396,-43.858342767576666,-1.6968586715766056,-2.598893274355243,0.0,2,False,False,False,32.586203522971445,15.380000114440918,,7.275657223910035,2.5506048908454764,1,1,33.90449612236047,0.6647936872450101,0,,13.968963208675012,False,20.9797,15.296009057589384,15.04604264017951,14.946715936738666,0.04798286341934954,0.08894326871283695,0.3641798281777784,False,2.4256373149348343,1785764100,pullback,,unavailable,,
INLF,2026-08-05,base_A,realistic,pessimistic,exp1_common_exits,1785957240,1785957240,2026-08-05T15:15:00-04:00,pullback,6.3999998664855955,6.499999866485595,6.354999771118164,0.045000095367431214,163,163,6.47008404058361,0.07008417409801486,1785957300,2026-08-05T15:15:00-04:00,6.28491559702015,STOP,-18.758735922867658,2.0,11.423720377976423,-32.18245630084408,-4.387510306404001,-3.112973777805397,0.0,0,True,False,False,100.20754411849492,6.366600036621094,384.8798394616289,5.177996449029077,2.022336337737628,1,1,42.18754889440894,0.2929703251243298,0,,68.44429218654234,False,9.479999542236328,7.1361077138990305,6.294318907909741,6.301527620954559,-0.023585875050156524,0.01948058065734133,0.11973434032953385,False,0.7031265047844747,1785936900,pullback,,unavailable,,
JLHL,2026-08-05,base_A,realistic,pessimistic,exp1_common_exits,1785952740,1785952740,2026-08-05T14:00:00-04:00,pullback,10.178100357055664,10.27988136062622,10.085000267028809,0.09310009002685504,136,136,10.260718110139205,0.08261775308354118,1785952800,2026-08-05T14:00:00-04:00,10.002382513945268,STOP,-23.897626663013902,2.0,11.2360144193616,-37.133641082375505,-2.932773517921615,-1.940041632374661,0.0,0,True,False,False,87.03689171151457,10.137399673461914,,5.606515938171965,2.5638853593110267,1,2,48.181774044763806,0.7336899517516258,0,,64.03752167020508,False,16.139999389648438,11.668489108733661,10.0716758160585,10.011152852076512,0.04457483934936768,0.03534164923859476,0.16544989599602142,False,0.9147098845642271,1785936900,pullback,,unavailable,,
JUNS,2026-08-21,base_A,realistic,pessimistic,exp1_common_exits,1787328060,1787328060,2026-08-21T12:02:00-04:00,pullback,8.640000114440918,8.740000114440917,8.519999732971192,0.12000038146972614,124,124,8.720014326816441,0.08001421237552357,1787328240,2026-08-21T12:04:00-04:00,8.640008352132188,STOP,7.440023651122965,3.0,9.920733555017511,-5.480709903894546,-0.36832610761037504,-1.4167799635242786,1.9998745703243885,2,False,False,False,65.57060528619637,8.5600004196167,,7.946205309051092,2.014857572865428,1,2,46.15390258431219,0.495312488138887,0,,21.333262973585292,False,11.199999809265137,8.679634346219233,8.477024945423715,8.423799648433542,0.03502191422589718,0.03471041983955102,0.1688912859475871,False,1.3888932856512028,1787319300,pullback,,unavailable,,
KRO,2026-08-06,base_A,realistic,pessimistic,exp1_common_exits,1786024080,1786024080,2026-08-06T09:49:00-04:00,pullback,7.76,7.859999999999999,7.7200000190734865,0.039999980926513246,166,166,7.805058931168451,0.03505895024193678,1786024140,2026-08-06T09:49:00-04:00,7.68494106883155,STOP,-14.119779407764064,2.0,5.819785740161506,-21.93956514792557,-3.304152953242574,-2.1264795384044883,0.3735311904367137,0,True,False,False,24.476650106109705,7.730000019073486,,6.740488443171292,3.1854863584106776,1,1,4.086633552427739,0.13415020597866273,0,,-0.25000011920934373,True,7.75,7.44152570248999,7.542870931797143,7.345548245276306,0.2218335629297714,0.02584526500206394,0.09154293770372256,False,0.5154636717334181,1786023300,pullback,,unavailable,,
LFS,2026-08-14,base_A,realistic,pessimistic,exp1_common_exits,1786719840,1786719840,2026-08-14T11:05:00-04:00,pullback,3.1400001144409178,3.240000114440918,3.069999923706055,0.07000019073486285,148,148,3.190002474231961,0.05000235979104329,1786720080,2026-08-14T11:08:00-04:00,3.1400005453214708,STOP,5.180014114379864,3.0,7.400287733941734,-5.22027361956187,-0.5038860420351228,-1.2857474908931619,1.1428184102748555,3,False,False,False,43.51850840044651,3.0999999046325684,,8.241373646131922,3.0534342467959346,3,1,24.686215007810958,1.3165150706689666,0,,0.14142597354896513,True,3.149899959564209,2.6835142483359835,2.9939929981897926,2.9209442257753264,0.06219148756718784,0.034550563926302125,0.06891248379093799,False,2.229305356166412,1786714500,pullback,,unavailable,,
LVWR,2026-07-28,base_A,realistic,pessimistic,exp1_common_exits,1785253080,1785253080,2026-07-28T11:39:00-04:00,pullback,2.759500036239624,2.859500036239624,2.715458081180095,0.04404195505952879,163,163,2.8043057776440223,0.0448057414043984,1785253140,2026-07-28T11:39:00-04:00,2.6706523397756965,STOP,-14.482174523620172,2.0,7.303335848916939,-23.78551037253711,-3.313281082127189,-2.1412705083046935,0.0,0,True,False,False,11.934154480910276,2.7200000286102295,0.31313766389538555,5.331448040482843,4.727980037653246,1,1,49.32007154267302,0.2227405247813411,0,,8.866546877857557,False,3.1500000953674316,2.7969856093517262,2.686954987117987,2.6858354113940734,-0.0007279663953556614,0.002688783658751628,0.04404195505952884,True,1.5960121210777316,1785245700,pullback,,unavailable,,
LVWR,2026-07-28,base_A,realistic,pessimistic,exp1_common_exits,1785253320,1785253320,2026-07-28T11:43:00-04:00,pullback,2.740000019073486,2.840000019073486,2.700000038146973,0.039999980926513246,166,166,2.784505290764353,0.044505271690866904,1785254940,2026-07-28T12:09:00-04:00,2.8198033964255487,T2,9.959995250701784,3.0,7.4205052121165505,-0.46050996141476697,-0.06935394292215932,-1.8626322036067708,2.1373658890437297,26,False,False,False,11.938265484280612,2.720099925994873,0.31179730962586394,5.713083359151472,3.376680906411184,2,3,40.08014180895607,0.1918086704906517,1,ema9,10.25000679493286,False,3.1500000953674316,2.7966492434318555,2.714036751889788,2.701735017439097,0.009790268386771217,0.006389619533764343,0.04139374118984871,False,1.4598533083236616,1785245700,pullback,,unavailable,,
LVWR,2026-07-28,base_A,realistic,pessimistic,exp1_common_exits,1785266700,1785266700,2026-07-28T15:26:00-04:00,pullback,2.000000009536743,2.100000009536743,1.9461006240167251,0.05389938552001783,157,157,2.0450066236087188,0.04500661407197598,1785267360,2026-07-28T15:36:00-04:00,1.8999861866708412,STOP_GAP,-15.701031671591116,2.0,7.067176927655664,-24.76820859924678,-2.9269218733944875,-2.3192595855779556,0.0,10,False,False,False,-19.753086662011455,1.9500000476837158,0.20663143314953875,9.283642148849479,2.9131724938717585,1,1,35.256072027975954,0.16457194343483705,0,,21.336051881400156,False,3.1500000953674316,2.6980937543487276,1.9582909565070197,2.0189934715784266,-0.06278050218563269,-0.0131336165903825,0.05389938552001773,True,2.6949692631502766,1785245700,pullback,,unavailable,,
MSS,2026-08-19,base_A,realistic,pessimistic,exp1_common_exits,1787157900,1787157900,2026-08-19T12:46:00-04:00,pullback,2.269900093078613,2.369900093078613,2.2282546694840817,0.04164542359453138,165,165,2.3134555420341996,0.0435554489555866,1787157960,2026-08-19T12:46:00-04:00,2.184699220528495,STOP,-14.058143970769432,2.0,7.186649077671789,-23.24479304844122,-3.382785465181717,-2.244076428033789,0.0,0,True,False,False,41.4012709835867,2.2200000286102295,,5.361305853581869,2.284762940532787,2,1,43.478215799894265,0.6097269386767198,0,,20.412802154618948,False,3.119999885559082,2.3641196597393503,2.2000171979665852,2.181019043687198,0.01743029862944967,0.007451748349268794,0.04164542359453148,True,1.8346809060679254,1787146500,pullback,,unavailable,,
NAMI,2026-08-07,base_A,realistic,pessimistic,exp1_common_exits,1786121400,1786121400,2026-08-07T12:51:00-04:00,pullback,4.5249998664855955,4.624999866485595,4.4700000190734865,0.05499984741210895,156,156,4.580068022822647,0.05506815633705101,1786121640,2026-08-07T12:54:00-04:00,4.414979934561367,STOP,-17.170608584868916,2.0,8.583133183890757,-27.753741768759674,-3.2347108119907952,-2.5448766930242295,0.0,3,False,False,False,54.29552022973391,4.489999771118164,,5.684452176606767,1.9176444980107465,1,3,30.61218134612166,0.22188122939591717,0,,103.72756292880865,False,10.23,8.06573609850206,4.449613232937575,4.44848121475763,-0.03655091998532889,0.040959623467333756,0.07799345385851918,False,1.215466277015061,1786109700,pullback,,unavailable,,
NAMI,2026-08-07,base_A,realistic,pessimistic,exp1_common_exits,1786128480,1786128480,2026-08-07T14:49:00-04:00,pullback,4.270000228881836,4.370000228881835,4.2200000190734865,0.05000020980834918,159,159,4.320096070673578,0.05009584179174172,1786128540,2026-08-07T14:49:00-04:00,4.169904177281745,STOP,-15.9152722044145,2.0,7.965238844886934,-25.880511049301433,-3.255396534693226,-2.201911410944135,0.0,0,True,False,False,45.704455191031855,4.239999771118164,,5.402819104603791,3.1895798722318327,1,2,27.285087300830074,0.13810879020565967,0,,119.1994952413769,False,10.23,7.915346855146814,4.191732232713164,4.156392842025476,0.026199314870440027,0.018777228886761844,0.06152924100034224,False,1.1709650381316838,1786109700,pullback,,unavailable,,
NRXP,2026-08-07,base_A,realistic,pessimistic,exp1_common_exits,1786111920,1786111920,2026-08-07T10:13:00-04:00,pullback,3.8296001052856443,3.9296001052856444,3.7699999713897707,0.0596001338958736,154,154,3.8696107369767634,0.040010631691118875,1786112100,2026-08-07T10:15:00-04:00,3.9488091078045047,T2,13.767630929946808,3.0,6.160292132456916,4.607338797489891,0.5019751205853643,-1.0001788637147595,2.389077635217104,2,False,False,False,23.504855058860457,3.8162999153137207,8.037294858044802,5.785118267433915,3.01327150270509,1,2,28.57142857142857,0.42427595708506766,0,,0.17449304563369838,False,3.8399999141693115,3.5604898973886905,3.7637681019552427,3.712499512584975,0.055289443673276484,0.010666934471451103,0.04031928560160782,False,1.556301761471466,1786109700,pullback,,unavailable,,
NUWE,2026-07-30,base_A,realistic,pessimistic,exp1_common_exits,1785437580,1785437580,2026-07-30T14:54:00-04:00,pullback,4.296200046539306,4.396200046539306,4.24,0.056200046539306214,156,156,4.346223987102078,0.05002394056277134,1785438060,2026-07-30T15:01:00-04:00,4.190686681796072,STOP,-16.570941987924044,2.0,7.692877639812766,-26.263819627736808,-2.9956882332609607,-2.601851543568953,0.0,7,False,False,False,125.39683921296891,4.260000228881836,,11.565259248717629,1.8728156557524314,1,1,20.004472665337588,0.23186569528032944,1,ema9,37.43235179624946,False,6.399899959564209,5.246677399383803,4.244676691697759,4.274295831159791,-0.026510746925570317,-0.010785082698642617,0.11447237527279473,False,1.3081338375892604,1785418500,pullback,,unavailable,,
PRGO,2026-08-05,base_A,realistic,pessimistic,exp1_common_exits,1785936840,1785936840,2026-08-05T09:35:00-04:00,pullback,13.499999771118164,13.634999768829346,13.290000190734863,0.20999958038330035,97,97,13.535014964574051,0.035015193455887564,1785936900,2026-08-05T09:35:00-04:00,13.25498476839714,STOP_GAP,-23.766455263939285,2.0,3.396473765221094,-29.16292902916038,-1.4316635887042484,-1.4524572943479013,0.3094549845150223,0,True,False,False,23.37662820209651,13.300000190734863,14.845011081608918,6.970103130828598,19.229069816633217,1,1,21.615431518783808,0.18365865284720778,0,,-0.04761914277041579,True,13.489999771118164,12.976528397423872,12.986573267843681,12.774109314680741,0.22346446613039816,0.04975193383366483,0.1968271054677153,False,1.5555524736568698,1785936900,pullback,,unavailable,,
QBTS,2026-07-27,base_A,realistic,pessimistic,exp1_common_exits,1785159360,1785159360,2026-07-27T09:37:00-04:00,pullback,18.870000610351564,19.05870061645508,18.719999542236327,0.1500010681152375,105,105,18.928453279509043,0.05845266915747948,1785159720,2026-07-27T09:42:00-04:00,18.86845238232466,STOP_AMBIGUOUS,7.800055541992294,3.0,6.227289623797522,-1.4272340818052278,-0.09061739167456893,-1.0563446229838869,2.0096328938590893,5,False,False,False,16.162868520721034,18.829999923706055,,6.1339342966177135,2.9998810482803666,1,1,11.926701827204738,0.9288616060394576,0,,-0.06666619195217409,True,18.860000610351562,18.12193063795587,18.337440500180673,18.063645087353382,0.24581347135622877,0.11334549356383317,0.1980842935636807,False,0.7949181942948694,1785159300,pullback,,unavailable,,
QMCO,2026-08-11,base_A,realistic,pessimistic,exp1_common_exits,1786456740,1786456740,2026-08-11T10:00:00-04:00,pullback,18.120000610351564,18.30120061645508,17.889999618530272,0.2300009918212922,93,93,18.194860875146613,0.07486026479504836,1786456860,2026-08-11T10:01:00-04:00,17.815139845756676,STOP,-28.352096865319837,2.0,6.961958867944359,-37.3140557332642,-1.7444551110708748,-1.890690308860313,0.5293017367008749,1,False,False,False,52.80136169799368,18.0,17.056047263703878,6.779818375041657,2.1517433554369507,2,1,19.12220612273995,0.6792764831984817,1,half_dollar,9.95134119039557e-07,True,18.1200008392334,16.53721900343594,17.432883369872073,16.880322396442295,0.6208543010871033,0.08902058257978063,0.3654600905686978,False,1.2693211041609878,1786455300,pullback,,unavailable,,
SENS,2026-08-07,base_A,realistic,pessimistic,exp1_common_exits,1786110720,1786110720,2026-08-07T09:53:00-04:00,pullback,6.47999979019165,6.57999979019165,6.419999828338623,0.05999996185302692,153,153,6.515023984446664,0.035024194255013685,1786110960,2026-08-07T09:56:00-04:00,6.454972173172881,STOP_GAP,2.633132674535541,3.0,5.358038414446662,-5.724905739911121,-0.6236284727353509,-1.0837369420468534,1.5829368241998125,3,False,False,False,25.41358678477784,6.458799839019775,4.81495802679924,5.194808110195212,2.179342393914612,1,1,15.625051222714125,0.2865268926082554,0,,3.81469969449849e-06,True,6.480000019073486,6.103418869807585,6.285777601019183,6.138142341522115,0.17543403283537984,0.011900266473193671,0.08882767220518253,False,0.9259253672175255,1786109700,pullback,,unavailable,,
SKYQ,2026-07-29,base_A,realistic,pessimistic,exp1_common_exits,1785354480,1785354480,2026-07-29T15:49:00-04:00,pullback,4.580000171661377,4.680000171661376,4.52000020980835,0.05999996185302692,153,153,4.615006057070357,0.035005885408979566,1785354540,2026-07-29T15:49:00-04:00,4.48499432439937,STOP,-14.535894631087082,2.0,5.355900467573874,-21.891795098660957,-2.3847286511000485,-1.7500982491578578,0.0,0,True,False,False,23.70571845975626,4.539999961853027,3.4805921284950956,5.517247200390327,3.011413938645254,1,1,24.999950329514004,0.7531951987625148,0,,1.9999984105418163,False,4.7,4.341271611848619,4.450866612691154,4.378609097254446,0.07567817616194805,0.016122878794826462,0.0474319651649443,False,1.310042786117673,1785332100,pullback,,unavailable,,
USDE,2026-08-21,base_A,realistic,pessimistic,exp1_common_exits,1787324220,1787324220,2026-08-21T10:58:00-04:00,pullback,5.759899864196777,5.859899864196777,5.620000114440918,0.13989974975585895,117,117,5.8249014119674065,0.06500154777062929,1787324280,2026-08-21T10:58:00-04:00,6.039700088430859,T2,24.622355957031157,3.0,7.605095571924696,14.01726038510646,0.8563678242900633,-0.9363941240682447,3.3245130938209035,0,False,False,False,43.49750280380249,5.7399001121521,50.410951219915056,6.851849611567575,2.306001447811466,1,2,37.83781345609102,0.7824203401628459,0,,1.0014330362645067,False,5.900000095367432,5.2295320037734045,5.606762352505054,5.5137051483174915,0.09079510788440448,0.02884807972014418,0.10935855046549625,False,2.4288573248550405,1787319300,pullback,,unavailable,,
USDE,2026-08-21,base_A,realistic,pessimistic,exp1_common_exits,1787325480,1787325480,2026-08-21T11:19:00-04:00,pullback,7.140000114440918,7.240000114440917,6.9700000190734865,0.17000009536743121,108,108,7.210001606319069,0.07000149187815098,1787325540,2026-08-21T11:19:00-04:00,7.480001070188342,T2,27.54001544952384,3.0,7.5600785014836305,16.97993694804021,0.9248326482874455,-0.8235373889355682,2.294106350179235,0,False,False,False,76.50250196456909,7.060100078582764,52.02284344785208,9.46564683213425,2.2053662685089663,3,1,30.64517617598063,0.5413139906659824,0,,0.17647026484418654,False,7.170000076293945,5.55374830737949,6.735081639587582,6.435284546342485,0.3299890654193449,0.05010533744603446,0.2358789711268838,False,2.380953678468431,1787319300,pullback,,unavailable,,
USDE,2026-08-21,base_A,realistic,pessimistic,exp1_common_exits,1787341260,1787341260,2026-08-21T15:42:00-04:00,pullback,7.870000133514404,7.970000133514404,7.729999771118164,0.1400003623962398,117,117,7.958560170673016,0.08856003715861183,1787341620,2026-08-21T15:47:00-04:00,7.644995379129785,STOP,-26.741566747917645,2.0,9.945513862640317,-38.68708061055796,-2.361842519388568,-1.8468549436756556,0.08171135647676055,5,False,False,False,94.50000524520874,7.78000020980835,32.91780976659117,7.785234074566581,2.310671058911577,1,1,50.0,0.48159845552608643,0,,6.57141033488734,False,8.789999961853027,6.733206481844936,7.664514093071015,7.676241123299763,-0.03108074666279048,0.021890911163385388,0.17580944548528918,False,1.7789118172952516,1787319300,pullback,,unavailable,,
VEEE,2026-07-27,base_A,realistic,pessimistic,exp1_common_exits,1785168540,1785168540,2026-07-27T12:10:00-04:00,pullback,17.569999465942384,17.74569946060181,17.490099182128905,0.07990028381347969,113,49,17.648257128756637,0.07825766281425284,1785168600,2026-07-27T12:10:00-04:00,17.376742260891803,STOP_GAP,-9.46960304747848,2.0,3.8346254778983893,-15.304228525376868,-3.909012327472534,-4.35865650376246,0.0,0,True,False,True,35.38935315662148,17.559999465942383,,5.647053438074448,2.1654880469916487,1,4,47.90628551446805,0.19745415972116986,2,ema9|half_dollar,71.91464466149293,False,23.31599998474121,18.670160189857153,17.517755737611903,17.40376645409844,0.11961178786321724,0.020022662484680084,0.25608762037550614,False,0.45475404804853914,1785159300,pullback,,unavailable,,
VRAX,2026-08-19,base_A,realistic,pessimistic,exp1_common_exits,1787150820,1787150820,2026-08-19T10:48:00-04:00,pullback,3.359999904632568,3.4599999046325682,3.305000057220459,0.05499984741210895,156,156,3.4223250619772703,0.052325176418188075,1787151000,2026-08-19T10:50:00-04:00,3.3700154360732646,STOP,4.289988098144501,3.0,8.15998246840186,-6.86999437025736,-0.8007008659568035,-1.4968250219151293,1.2304570056784077,2,False,False,False,20.108698140395546,3.315000057220459,,5.329346721855139,3.247228875918866,1,1,20.64889286487916,0.3772539422344331,0,,23.636430945465126,False,4.66,3.436753608843573,3.2776253970265863,3.265369697781822,0.00374333854555875,0.01047937964750243,0.06793361957084144,False,1.6369002670588897,1787146500,pullback,,unavailable,,
WETO,2026-08-17,base_A,realistic,pessimistic,exp1_common_exits,1786983120,1786983120,2026-08-17T12:13:00-04:00,pullback,16.80999923706055,16.978099229431155,16.649999847412108,0.15999938964844063,111,111,16.956984266346783,0.14698502928623372,1786983240,2026-08-17T12:14:00-04:00,16.8100071902893,STOP_AMBIGUOUS,8.799966430664277,3.0,16.313921859976766,-10.513955429312489,-0.5920042532107156,-1.8561596990290032,3.080733046533437,1,False,False,False,103.34549403402482,16.71500015258789,0.4737394574673216,6.1490667556604715,3.206790253789958,2,3,43.43438430193914,0.4106750943727504,0,,43.250166893641165,False,23.729999542236328,15.605934496213202,16.629410011158285,16.614943653027083,-0.04708801293489984,0.07688184143473142,0.32178895942728314,False,0.9518108085079167,1786973700,pullback,,unavailable,,
WFF,2026-08-18,base_A,realistic,pessimistic,exp1_common_exits,1787063880,1787063880,2026-08-18T10:39:00-04:00,pullback,2.578900108337402,2.678900108337402,2.5309267277076444,0.047973380629757756,161,161,2.6239055313563435,0.045005423018941206,1787064000,2026-08-18T10:40:00-04:00,2.4859189797203523,STOP,-14.96958738744054,2.0,7.246247425954053,-24.215834813394594,-3.1352577181342154,-2.165900110974825,0.0,1,False,False,False,25.99010397646785,2.5450000762939453,,5.761311219732738,2.16312145877219,1,1,42.857142857142854,0.8633229520135112,0,,8.152435507536442,False,2.97,2.4865657670200165,2.496992927123723,2.4802002570914095,0.010988400046756386,0.01228762642281873,0.047973380629757915,True,1.8602263994120283,1787060100,pullback,,unavailable,,
WYHG,2026-08-11,base_A,realistic,pessimistic,exp1_common_exits,1786471380,1786471380,2026-08-11T14:04:00-04:00,pullback,6.810000190734863,6.910000190734863,6.74,0.07000019073486285,148,116,6.857549746615453,0.04754955588058981,1786471860,2026-08-11T14:11:00-04:00,6.684599680937357,STOP_GAP,-14.795768394868082,2.0,5.266439223791055,-22.062207618659137,-2.717013239418475,-1.822133999964111,0.03500543174564833,4,False,True,True,18.006997335463872,6.75,1.09670426281812,5.864199279666832,5.184643000296265,2,3,28.94739483861577,0.2860952380952381,0,,36.142758116700215,False,9.34000015258789,8.028336173187514,6.701650901940562,6.647966221240628,0.0365360102007104,0.03485487255036438,0.0994075867041307,False,1.0279029188589373,1786455300,pullback,,unavailable,,
XHLD,2026-08-10,base_A,realistic,pessimistic,exp1_common_exits,1786380180,1786380180,2026-08-10T12:44:00-04:00,pullback,3.2200000381469724,3.3200000381469725,3.190000047683716,0.02999999046325641,173,173,3.2699989035099897,0.04999886536301727,1786380300,2026-08-10T12:45:00-04:00,3.1400387229489666,STOP,-13.839802057945318,2.0,8.643309179111677,-24.483111237056995,-4.717363973031074,-4.333294664377833,0.0,1,False,False,False,58.66336405785593,3.2049999237060547,8.380588317975052,6.188927079870148,2.950378231346543,1,2,31.57890774207635,0.22310079997308188,0,,48.73001503309162,False,4.6819000244140625,3.5791408407168808,3.175677895685691,3.1673996193979743,0.0012628366823403958,0.010206074025199303,0.051712149844703244,False,0.9316767114239115,1786368900,pullback,,unavailable,,
XHLD,2026-08-12,base_A,realistic,pessimistic,exp1_common_exits,1786548180,1786548180,2026-08-12T11:24:00-04:00,pullback,4.499999771118164,4.5999997711181635,4.410100212097168,0.08989955902099567,137,137,4.545040076423147,0.045040305304983166,1786548540,2026-08-12T11:29:00-04:00,4.362586801691321,STOP,-18.486761412659156,2.0,6.509337225601059,-26.996098638260214,-2.191910806056247,-1.8358261573194674,0.9450551142072765,5,False,False,False,24.369751827625368,4.440000057220459,0.162829216755671,7.684311870819539,6.1368879537862435,1,2,42.99317275608759,0.14030570049471452,0,,4.338177329554563,False,4.89,4.239177864554743,4.39184152731602,4.354196879850135,0.030519407626608874,0.018785469632856447,0.06343853581234447,False,1.9977680798560875,1786541700,pullback,,unavailable,,
XOS,2026-08-18,base_A,realistic,pessimistic,exp1_common_exits,1787064660,1787064660,2026-08-18T10:52:00-04:00,pullback,4.450000057220459,4.550000057220458,4.370000114440918,0.07999994277954059,142,142,4.500001425438395,0.05000136821793576,1787064780,2026-08-18T10:53:00-04:00,4.319997716283554,STOP,-18.46018616164173,2.0,7.100340538345658,-27.56052669998739,-2.4261044377488097,-1.8750203511919052,0.0,1,False,False,False,112.44020284972956,4.440000057220459,,6.714621770943443,2.99506189420903,1,3,24.999914850426258,0.9458000494275964,0,,11.50000751019068,False,5.37,4.458518826414849,4.33674767409319,4.271854431799292,0.05643018370172381,0.027748751268736552,0.06223939187417694,False,1.7977515000193018,1787060100,pullback,,unavailable,,
YJ,2026-08-19,base_A,realistic,pessimistic,exp1_common_exits,1787150640,1787150640,2026-08-19T10:45:00-04:00,pullback,4.370000133514404,4.470000133514404,4.279999961853028,0.09000017166137653,137,137,4.455006053708241,0.08500592019383732,1787150820,2026-08-19T10:47:00-04:00,4.194993846034122,STOP,-23.97583458416428,2.0,11.645837867190078,-37.62167245135436,-3.0512247115852302,-3.277840484639138,0.0,2,False,False,False,146.55747552544233,4.29010009765625,,10.918103163181359,2.182528452901124,1,2,40.909090909090914,0.5672921431797322,0,,23.66662004267802,False,6.5,5.183035086493943,4.241391841357603,4.209907957074741,0.0007708601959066641,0.04217283868424818,0.15560671450436672,False,2.059500432760796,1787146500,pullback,,unavailable,,
YJ,2026-08-19,base_A,realistic,pessimistic,exp1_common_exits,1787165640,1787165640,2026-08-19T14:55:00-04:00,pullback,3.7098000144958494,3.8098000144958495,3.640000095367432,0.06979991912841754,148,148,3.7573092023440995,0.04750918784824997,1787165880,2026-08-19T14:58:00-04:00,3.7092997614113017,STOP,5.16519401550289,3.0,7.105097323585728,-4.939903308082838,-0.4781914574027743,-0.9643155173261085,1.3265173664954715,3,False,False,False,112.63218357572784,3.6998000144958496,,5.633804235778114,2.7261237962806537,2,2,49.999940395369435,0.5850504713439559,0,,39.974258141628425,False,6.5,5.0455805928697925,3.622203684175453,3.5827020521282735,0.022571795105533532,0.029349542245774508,0.06919701920559354,False,1.8815008586899027,1787146500,pullback,,unavailable,,
ZJYL,2026-08-10,base_A,realistic,pessimistic,exp1_common_exits,1786371420,1786371420,2026-08-10T10:18:00-04:00,pullback,3.4649999237060545,3.5649999237060546,3.390000095367432,0.07499982833862262,145,145,3.519911050447606,0.054911126741551845,1786371600,2026-08-10T10:20:00-04:00,3.3394887353526306,STOP,-18.83708848662528,2.0,7.324147202146173,-28.161235688771452,-2.5895448409078075,-1.9988201067831566,0.0,2,False,False,False,58.13953230482887,3.4000000953674316,,9.24764365466527,3.1848040107880933,1,2,28.81350726853786,0.4831800706566916,0,,33.32007728085742,False,5.964,3.362373972321332,3.32757660703091,3.2842267015978788,0.024502176155395627,0.034108127272266316,0.0732603835384136,False,2.164497258008744,1786368900,pullback,,unavailable,,
AMIX,2026-07-29,pullback_1_only,realistic,pessimistic,exp1_common_exits,1785354840,1785354840,2026-07-29T15:55:00-04:00,pullback,4.395000228881836,4.495000228881835,4.318749541820507,0.07625068706132865,144,144,4.444959111161477,0.049958882279641376,1785355020,2026-07-29T15:57:00-04:00,4.54745752590721,T2,16.470148405246995,3.0,7.200426150277162,6.269722254969835,0.5710078106799986,-1.376498528979389,2.2955960286209485,2,False,False,False,58.54545940052379,4.360000133514404,376.1722941656444,8.02919496316114,3.5133952022412887,1,2,50.0,0.5466334413157239,0,,37.44228257014759,False,7.25,5.1687821610881,4.2940541890730675,4.287230313924895,-0.005617023426113477,0.018353454935707756,0.07625068706132856,True,1.7349415947750277,1785332100,pullback,,unavailable,,
ARCT,2026-08-19,pullback_1_only,realistic,pessimistic,exp1_common_exits,1787151060,1787151060,2026-08-19T10:52:00-04:00,pullback,9.989999542236328,10.089999542236328,9.950000038146973,0.03999950408935504,166,166,10.045042886934976,0.055043344698647356,1787151240,2026-08-19T10:54:00-04:00,9.990021807190253,STOP,3.319958839416449,3.0,9.135391509267725,-8.815432669851276,-1.3276418618793355,-7.126154799729064,1.303953834659231,2,False,False,False,21.31546884127642,9.960000038146973,32.657626696550864,5.04201175583855,2.5061869407957356,1,1,8.333333333333332,0.19141663501709077,0,,84.50105906845934,False,13.37,10.13307460048993,9.801437288791353,9.784957312205943,8.926062384695399e-05,0.023523073435781177,0.09119281663030133,False,0.40039545467687665,1787146500,pullback,,unavailable,,
ASPN,2026-08-06,pullback_1_only,realistic,pessimistic,exp1_common_exits,1786023300,1786023300,2026-08-06T09:36:00-04:00,pullback,7.7099998092651365,7.809999809265136,7.535044760928949,0.17495504833618725,106,106,7.74500295452027,0.03500314525513421,1786023720,2026-08-06T09:42:00-04:00,7.709999732519561,STOP,9.272617561817892,3.0,3.710359347584723,2.56225821423317,0.13816261682051037,-1.1717466550225901,1.6289714481589674,6,False,False,False,51.796400631518914,7.605000019073486,56.96007463525392,11.75616775726732,3.8436820576231208,1,1,45.6790014440514,2.5822157460358914,0,,-0.05715753900844377,True,7.699999809265137,7.386762773258862,7.096828756802417,6.829707767805316,0.2427652584154698,0.10549324536177096,0.17495504833618686,True,2.269196532611364,1786023300,pullback,,unavailable,,
AVAH,2026-08-13,pullback_1_only,realistic,pessimistic,exp1_common_exits,1786628160,1786628160,2026-08-13T09:37:00-04:00,pullback,10.369999656677246,10.473699653244019,10.250000228881836,0.11999942779540973,125,125,10.405022608162552,0.03502295148530587,1786628220,2026-08-13T09:37:00-04:00,10.21497727739653,STOP,-19.377797410089535,2.0,4.377868935663233,-25.75566634575277,-1.7170526105950639,-2.0835338949918283,0.0,0,True,False,False,13.812154405032112,10.300000190734863,2.973523681704044,8.215180423110455,3.434286591292781,1,1,15.228409808805269,1.1530860519390238,0,,0.666672706632803,False,10.45,9.939690306453674,10.099892728405532,10.0532862271744,0.03573297581477064,0.029985518029676975,0.16182719396976591,False,1.1571787055763503,1786628100,pullback,,unavailable,,
BIYA,2026-07-27,pullback_1_only,realistic,pessimistic,exp1_common_exits,1785173700,1785173700,2026-07-27T13:36:00-04:00,pullback,3.9997999763488767,4.099799976348876,3.9600000286102297,0.039799947738647035,166,166,4.054805385011233,0.05500540866235601,1785173760,2026-07-27T13:36:00-04:00,3.6951946245255103,STOP_GAP,-50.56448840267882,2.0,9.130897837951098,-61.695386240629915,-9.338176916647402,-7.658436815364378,0.0,0,True,False,False,105.77202748385686,3.971400022506714,,5.744132412825949,2.0311410893909123,1,2,36.36366591962269,0.267571482832637,0,,15.080420010222227,False,4.599999904632568,3.65821188444147,3.937014457635922,3.929922694804957,0.003006318681216147,0.00883089351546698,0.07859153880917495,False,0.9950484517722678,1785159300,pullback,,unavailable,,
CDTG,2026-08-20,pullback_1_only,realistic,pessimistic,exp1_common_exits,1787249640,1787249640,2026-08-20T14:15:00-04:00,pullback,2.8301000690460203,2.9301000690460204,2.7555823012335767,0.07451776781244357,145,145,2.880189199160486,0.05008913011446561,1787249760,2026-08-20T14:16:00-04:00,2.7055016353798593,STOP,-18.06800019940186,2.0,7.261696548789003,-27.329696748190866,-2.5293386095957175,-1.7470893584488982,0.0,1,False,False,False,-6.6378742567736415,2.8101999759674072,0.8038221708476649,12.04819080993089,4.846110459843843,1,3,19.56661853259699,0.4002784148609637,0,,24.8249486478001,False,4.679999828338623,3.7376477209802315,2.711807695389912,2.64972981766508,0.04428303399761546,0.035704718209780106,0.07451776781244368,True,2.6330435671683605,1787232900,pullback,,unavailable,,
CRSR,2026-08-07,pullback_1_only,realistic,pessimistic,exp1_common_exits,1786109580,1786109580,2026-08-07T09:34:00-04:00,pullback,12.619999656677246,12.746199653244018,12.357500305175781,0.2624993515014644,86,86,12.684606078302412,0.03500604931071275,1786109700,2026-08-07T09:35:00-04:00,13.174599796216945,T2,33.862416343688935,3.0,3.010344418981367,27.85207192470757,1.2337603868262557,-0.20802323338764345,2.801507865772501,1,False,False,False,18.284642759971312,12.550000190734863,13.928109099209886,7.185125840672379,3.102092681570901,1,1,36.7646893828047,0.4555435077256709,0,,0.9142892809067173,False,12.86,12.407532094779407,12.41938830624549,12.407736298728505,-0.016507443928146515,0.03852070256778581,0.23417343612477043,False,2.0800266136503094,1786109700,pullback,,unavailable,,
DFNS,2026-07-27,pullback_1_only,realistic,pessimistic,exp1_common_exits,1785168300,1785168300,2026-07-27T12:06:00-04:00,pullback,6.873800048828125,6.973800048828124,6.77000020980835,0.10379983901977496,131,131,6.938668234927551,0.06486818609942618,1785168780,2026-07-27T12:13:00-04:00,7.086266585427453,T2,20.44856828689567,3.0,7.86017280689782,9.588395479997851,0.7051442402718331,-1.1432393767351272,7.816310436838748,7,False,False,False,56.78161657885007,6.820000171661377,,5.013598348342364,4.811921859315883,1,4,39.40579605405796,0.17609982156381981,0,,17.20811870268494,False,8.66,6.6835788570176335,6.787064366266495,6.756940485996932,0.02309702955582793,0.015884799963957915,0.09507298517650734,False,1.510079407059145,1785159300,pullback,,unavailable,,
EMBC,2026-08-07,pullback_1_only,realistic,pessimistic,exp1_common_exits,1786109760,1786109760,2026-08-07T09:37:00-04:00,pullback,4.390000114440918,4.490000114440917,4.2900001907348635,0.09999992370605426,133,133,4.425007360586785,0.035007246145867775,1786109880,2026-08-07T09:38:00-04:00,4.2549935115654405,STOP,-17.955953590305604,2.0,4.655888329533246,-24.611841919838852,-1.850515841894624,-2.050077268036187,0.0,1,False,False,False,23.85714394705636,4.335000038146973,31.14288318118991,10.606062430506404,2.896681353071635,1,1,19.047597422355032,0.6155388911457819,0,,-0.10000007629400182,True,4.380000114440918,4.12173147636999,4.217623469934971,4.148537434842326,0.06947316567587425,0.020662463218690266,0.07522500304485673,False,2.277902530733524,1786109700,pullback,,unavailable,,
ENTX,2026-07-27,pullback_1_only,realistic,pessimistic,exp1_common_exits,1785168420,1785168420,2026-07-27T12:08:00-04:00,pullback,3.750000009536743,3.850000009536743,3.6500000858306887,0.09999992370605426,133,133,3.8000025457250457,0.05000253618830261,1785170460,2026-07-27T12:41:00-04:00,3.7500488606278535,STOP,6.599994964599599,3.0,6.6469438858167695,-3.04694892121717,-0.2290940786358271,-1.3000256861518955,1.2989748433285,33,False,False,False,79.51707559718331,3.6800999641418457,,5.64971892200318,2.191687302014687,1,1,39.99995231629555,0.5724154135338346,0,,4.5000014305125875,False,4.199999809265137,3.3789982957311415,3.6014801641921887,3.5575213215371777,0.03451533750152658,0.022570112504027885,0.0690652044373882,False,2.6666646253797683,1785159300,pullback,,unavailable,,
FCUV,2026-08-03,pullback_1_only,realistic,pessimistic,exp1_common_exits,1785768360,1785768360,2026-08-03T10:47:00-04:00,pullback,15.670099983215332,15.826800983047486,15.290000190734863,0.3800997924804683,68,68,15.787838984996176,0.11773900178084498,1785768540,2026-08-03T10:49:00-04:00,15.172275120767107,STOP,-33.85303800976927,2.0,8.005304757807396,-43.858342767576666,-1.6968586715766056,-2.598893274355243,0.0,2,False,False,False,32.586203522971445,15.380000114440918,,7.275657223910035,2.5506048908454764,1,1,33.90449612236047,0.6647936872450101,0,,13.968963208675012,False,20.9797,15.296009057589384,15.04604264017951,14.946715936738666,0.04798286341934954,0.08894326871283695,0.3641798281777784,False,2.4256373149348343,1785764100,pullback,,unavailable,,
INLF,2026-08-05,pullback_1_only,realistic,pessimistic,exp1_common_exits,1785957240,1785957240,2026-08-05T15:15:00-04:00,pullback,6.3999998664855955,6.499999866485595,6.354999771118164,0.045000095367431214,163,163,6.47008404058361,0.07008417409801486,1785957300,2026-08-05T15:15:00-04:00,6.28491559702015,STOP,-18.758735922867658,2.0,11.423720377976423,-32.18245630084408,-4.387510306404001,-3.112973777805397,0.0,0,True,False,False,100.20754411849492,6.366600036621094,384.8798394616289,5.177996449029077,2.022336337737628,1,1,42.18754889440894,0.2929703251243298,0,,68.44429218654234,False,9.479999542236328,7.1361077138990305,6.294318907909741,6.301527620954559,-0.023585875050156524,0.01948058065734133,0.11973434032953385,False,0.7031265047844747,1785936900,pullback,,unavailable,,
JLHL,2026-08-05,pullback_1_only,realistic,pessimistic,exp1_common_exits,1785952740,1785952740,2026-08-05T14:00:00-04:00,pullback,10.178100357055664,10.27988136062622,10.085000267028809,0.09310009002685504,136,136,10.260718110139205,0.08261775308354118,1785952800,2026-08-05T14:00:00-04:00,10.002382513945268,STOP,-23.897626663013902,2.0,11.2360144193616,-37.133641082375505,-2.932773517921615,-1.940041632374661,0.0,0,True,False,False,87.03689171151457,10.137399673461914,,5.606515938171965,2.5638853593110267,1,2,48.181774044763806,0.7336899517516258,0,,64.03752167020508,False,16.139999389648438,11.668489108733661,10.0716758160585,10.011152852076512,0.04457483934936768,0.03534164923859476,0.16544989599602142,False,0.9147098845642271,1785936900,pullback,,unavailable,,
JUNS,2026-08-21,pullback_1_only,realistic,pessimistic,exp1_common_exits,1787328060,1787328060,2026-08-21T12:02:00-04:00,pullback,8.640000114440918,8.740000114440917,8.519999732971192,0.12000038146972614,124,124,8.720014326816441,0.08001421237552357,1787328240,2026-08-21T12:04:00-04:00,8.640008352132188,STOP,7.440023651122965,3.0,9.920733555017511,-5.480709903894546,-0.36832610761037504,-1.4167799635242786,1.9998745703243885,2,False,False,False,65.57060528619637,8.5600004196167,,7.946205309051092,2.014857572865428,1,2,46.15390258431219,0.495312488138887,0,,21.333262973585292,False,11.199999809265137,8.679634346219233,8.477024945423715,8.423799648433542,0.03502191422589718,0.03471041983955102,0.1688912859475871,False,1.3888932856512028,1787319300,pullback,,unavailable,,
KRO,2026-08-06,pullback_1_only,realistic,pessimistic,exp1_common_exits,1786024080,1786024080,2026-08-06T09:49:00-04:00,pullback,7.76,7.859999999999999,7.7200000190734865,0.039999980926513246,166,166,7.805058931168451,0.03505895024193678,1786024140,2026-08-06T09:49:00-04:00,7.68494106883155,STOP,-14.119779407764064,2.0,5.819785740161506,-21.93956514792557,-3.304152953242574,-2.1264795384044883,0.3735311904367137,0,True,False,False,24.476650106109705,7.730000019073486,,6.740488443171292,3.1854863584106776,1,1,4.086633552427739,0.13415020597866273,0,,-0.25000011920934373,True,7.75,7.44152570248999,7.542870931797143,7.345548245276306,0.2218335629297714,0.02584526500206394,0.09154293770372256,False,0.5154636717334181,1786023300,pullback,,unavailable,,
LVWR,2026-07-28,pullback_1_only,realistic,pessimistic,exp1_common_exits,1785253080,1785253080,2026-07-28T11:39:00-04:00,pullback,2.759500036239624,2.859500036239624,2.715458081180095,0.04404195505952879,163,163,2.8043057776440223,0.0448057414043984,1785253140,2026-07-28T11:39:00-04:00,2.6706523397756965,STOP,-14.482174523620172,2.0,7.303335848916939,-23.78551037253711,-3.313281082127189,-2.1412705083046935,0.0,0,True,False,False,11.934154480910276,2.7200000286102295,0.31313766389538555,5.331448040482843,4.727980037653246,1,1,49.32007154267302,0.2227405247813411,0,,8.866546877857557,False,3.1500000953674316,2.7969856093517262,2.686954987117987,2.6858354113940734,-0.0007279663953556614,0.002688783658751628,0.04404195505952884,True,1.5960121210777316,1785245700,pullback,,unavailable,,
LVWR,2026-07-28,pullback_1_only,realistic,pessimistic,exp1_common_exits,1785266700,1785266700,2026-07-28T15:26:00-04:00,pullback,2.000000009536743,2.100000009536743,1.9461006240167251,0.05389938552001783,157,157,2.0450066236087188,0.04500661407197598,1785267360,2026-07-28T15:36:00-04:00,1.8999861866708412,STOP_GAP,-15.701031671591116,2.0,7.067176927655664,-24.76820859924678,-2.9269218733944875,-2.3192595855779556,0.0,10,False,False,False,-19.753086662011455,1.9500000476837158,0.20663143314953875,9.283642148849479,2.9131724938717585,1,1,35.256072027975954,0.16457194343483705,0,,21.336051881400156,False,3.1500000953674316,2.6980937543487276,1.9582909565070197,2.0189934715784266,-0.06278050218563269,-0.0131336165903825,0.05389938552001773,True,2.6949692631502766,1785245700,pullback,,unavailable,,
NAMI,2026-08-07,pullback_1_only,realistic,pessimistic,exp1_common_exits,1786121400,1786121400,2026-08-07T12:51:00-04:00,pullback,4.5249998664855955,4.624999866485595,4.4700000190734865,0.05499984741210895,156,156,4.580068022822647,0.05506815633705101,1786121640,2026-08-07T12:54:00-04:00,4.414979934561367,STOP,-17.170608584868916,2.0,8.583133183890757,-27.753741768759674,-3.2347108119907952,-2.5448766930242295,0.0,3,False,False,False,54.29552022973391,4.489999771118164,,5.684452176606767,1.9176444980107465,1,3,30.61218134612166,0.22188122939591717,0,,103.72756292880865,False,10.23,8.06573609850206,4.449613232937575,4.44848121475763,-0.03655091998532889,0.040959623467333756,0.07799345385851918,False,1.215466277015061,1786109700,pullback,,unavailable,,
NAMI,2026-08-07,pullback_1_only,realistic,pessimistic,exp1_common_exits,1786128480,1786128480,2026-08-07T14:49:00-04:00,pullback,4.270000228881836,4.370000228881835,4.2200000190734865,0.05000020980834918,159,159,4.320096070673578,0.05009584179174172,1786128540,2026-08-07T14:49:00-04:00,4.169904177281745,STOP,-15.9152722044145,2.0,7.965238844886934,-25.880511049301433,-3.255396534693226,-2.201911410944135,0.0,0,True,False,False,45.704455191031855,4.239999771118164,,5.402819104603791,3.1895798722318327,1,2,27.285087300830074,0.13810879020565967,0,,119.1994952413769,False,10.23,7.915346855146814,4.191732232713164,4.156392842025476,0.026199314870440027,0.018777228886761844,0.06152924100034224,False,1.1709650381316838,1786109700,pullback,,unavailable,,
NRXP,2026-08-07,pullback_1_only,realistic,pessimistic,exp1_common_exits,1786111920,1786111920,2026-08-07T10:13:00-04:00,pullback,3.8296001052856443,3.9296001052856444,3.7699999713897707,0.0596001338958736,154,154,3.8696107369767634,0.040010631691118875,1786112100,2026-08-07T10:15:00-04:00,3.9488091078045047,T2,13.767630929946808,3.0,6.160292132456916,4.607338797489891,0.5019751205853643,-1.0001788637147595,2.389077635217104,2,False,False,False,23.504855058860457,3.8162999153137207,8.037294858044802,5.785118267433915,3.01327150270509,1,2,28.57142857142857,0.42427595708506766,0,,0.17449304563369838,False,3.8399999141693115,3.5604898973886905,3.7637681019552427,3.712499512584975,0.055289443673276484,0.010666934471451103,0.04031928560160782,False,1.556301761471466,1786109700,pullback,,unavailable,,
NUWE,2026-07-30,pullback_1_only,realistic,pessimistic,exp1_common_exits,1785437580,1785437580,2026-07-30T14:54:00-04:00,pullback,4.296200046539306,4.396200046539306,4.24,0.056200046539306214,156,156,4.346223987102078,0.05002394056277134,1785438060,2026-07-30T15:01:00-04:00,4.190686681796072,STOP,-16.570941987924044,2.0,7.692877639812766,-26.263819627736808,-2.9956882332609607,-2.601851543568953,0.0,7,False,False,False,125.39683921296891,4.260000228881836,,11.565259248717629,1.8728156557524314,1,1,20.004472665337588,0.23186569528032944,1,ema9,37.43235179624946,False,6.399899959564209,5.246677399383803,4.244676691697759,4.274295831159791,-0.026510746925570317,-0.010785082698642617,0.11447237527279473,False,1.3081338375892604,1785418500,pullback,,unavailable,,
PRGO,2026-08-05,pullback_1_only,realistic,pessimistic,exp1_common_exits,1785936840,1785936840,2026-08-05T09:35:00-04:00,pullback,13.499999771118164,13.634999768829346,13.290000190734863,0.20999958038330035,97,97,13.535014964574051,0.035015193455887564,1785936900,2026-08-05T09:35:00-04:00,13.25498476839714,STOP_GAP,-23.766455263939285,2.0,3.396473765221094,-29.16292902916038,-1.4316635887042484,-1.4524572943479013,0.3094549845150223,0,True,False,False,23.37662820209651,13.300000190734863,14.845011081608918,6.970103130828598,19.229069816633217,1,1,21.615431518783808,0.18365865284720778,0,,-0.04761914277041579,True,13.489999771118164,12.976528397423872,12.986573267843681,12.774109314680741,0.22346446613039816,0.04975193383366483,0.1968271054677153,False,1.5555524736568698,1785936900,pullback,,unavailable,,
QBTS,2026-07-27,pullback_1_only,realistic,pessimistic,exp1_common_exits,1785159360,1785159360,2026-07-27T09:37:00-04:00,pullback,18.870000610351564,19.05870061645508,18.719999542236327,0.1500010681152375,105,105,18.928453279509043,0.05845266915747948,1785159720,2026-07-27T09:42:00-04:00,18.86845238232466,STOP_AMBIGUOUS,7.800055541992294,3.0,6.227289623797522,-1.4272340818052278,-0.09061739167456893,-1.0563446229838869,2.0096328938590893,5,False,False,False,16.162868520721034,18.829999923706055,,6.1339342966177135,2.9998810482803666,1,1,11.926701827204738,0.9288616060394576,0,,-0.06666619195217409,True,18.860000610351562,18.12193063795587,18.337440500180673,18.063645087353382,0.24581347135622877,0.11334549356383317,0.1980842935636807,False,0.7949181942948694,1785159300,pullback,,unavailable,,
SENS,2026-08-07,pullback_1_only,realistic,pessimistic,exp1_common_exits,1786110720,1786110720,2026-08-07T09:53:00-04:00,pullback,6.47999979019165,6.57999979019165,6.419999828338623,0.05999996185302692,153,153,6.515023984446664,0.035024194255013685,1786110960,2026-08-07T09:56:00-04:00,6.454972173172881,STOP_GAP,2.633132674535541,3.0,5.358038414446662,-5.724905739911121,-0.6236284727353509,-1.0837369420468534,1.5829368241998125,3,False,False,False,25.41358678477784,6.458799839019775,4.81495802679924,5.194808110195212,2.179342393914612,1,1,15.625051222714125,0.2865268926082554,0,,3.81469969449849e-06,True,6.480000019073486,6.103418869807585,6.285777601019183,6.138142341522115,0.17543403283537984,0.011900266473193671,0.08882767220518253,False,0.9259253672175255,1786109700,pullback,,unavailable,,
SKYQ,2026-07-29,pullback_1_only,realistic,pessimistic,exp1_common_exits,1785354480,1785354480,2026-07-29T15:49:00-04:00,pullback,4.580000171661377,4.680000171661376,4.52000020980835,0.05999996185302692,153,153,4.615006057070357,0.035005885408979566,1785354540,2026-07-29T15:49:00-04:00,4.48499432439937,STOP,-14.535894631087082,2.0,5.355900467573874,-21.891795098660957,-2.3847286511000485,-1.7500982491578578,0.0,0,True,False,False,23.70571845975626,4.539999961853027,3.4805921284950956,5.517247200390327,3.011413938645254,1,1,24.999950329514004,0.7531951987625148,0,,1.9999984105418163,False,4.7,4.341271611848619,4.450866612691154,4.378609097254446,0.07567817616194805,0.016122878794826462,0.0474319651649443,False,1.310042786117673,1785332100,pullback,,unavailable,,
USDE,2026-08-21,pullback_1_only,realistic,pessimistic,exp1_common_exits,1787324220,1787324220,2026-08-21T10:58:00-04:00,pullback,5.759899864196777,5.859899864196777,5.620000114440918,0.13989974975585895,117,117,5.8249014119674065,0.06500154777062929,1787324280,2026-08-21T10:58:00-04:00,6.039700088430859,T2,24.622355957031157,3.0,7.605095571924696,14.01726038510646,0.8563678242900633,-0.9363941240682447,3.3245130938209035,0,False,False,False,43.49750280380249,5.7399001121521,50.410951219915056,6.851849611567575,2.306001447811466,1,2,37.83781345609102,0.7824203401628459,0,,1.0014330362645067,False,5.900000095367432,5.2295320037734045,5.606762352505054,5.5137051483174915,0.09079510788440448,0.02884807972014418,0.10935855046549625,False,2.4288573248550405,1787319300,pullback,,unavailable,,
USDE,2026-08-21,pullback_1_only,realistic,pessimistic,exp1_common_exits,1787341260,1787341260,2026-08-21T15:42:00-04:00,pullback,7.870000133514404,7.970000133514404,7.729999771118164,0.1400003623962398,117,117,7.958560170673016,0.08856003715861183,1787341620,2026-08-21T15:47:00-04:00,7.644995379129785,STOP,-26.741566747917645,2.0,9.945513862640317,-38.68708061055796,-2.361842519388568,-1.8468549436756556,0.08171135647676055,5,False,False,False,94.50000524520874,7.78000020980835,32.91780976659117,7.785234074566581,2.310671058911577,1,1,50.0,0.48159845552608643,0,,6.57141033488734,False,8.789999961853027,6.733206481844936,7.664514093071015,7.676241123299763,-0.03108074666279048,0.021890911163385388,0.17580944548528918,False,1.7789118172952516,1787319300,pullback,,unavailable,,
VEEE,2026-07-27,pullback_1_only,realistic,pessimistic,exp1_common_exits,1785168540,1785168540,2026-07-27T12:10:00-04:00,pullback,17.569999465942384,17.74569946060181,17.490099182128905,0.07990028381347969,113,49,17.648257128756637,0.07825766281425284,1785168600,2026-07-27T12:10:00-04:00,17.376742260891803,STOP_GAP,-9.46960304747848,2.0,3.8346254778983893,-15.304228525376868,-3.909012327472534,-4.35865650376246,0.0,0,True,False,True,35.38935315662148,17.559999465942383,,5.647053438074448,2.1654880469916487,1,4,47.90628551446805,0.19745415972116986,2,ema9|half_dollar,71.91464466149293,False,23.31599998474121,18.670160189857153,17.517755737611903,17.40376645409844,0.11961178786321724,0.020022662484680084,0.25608762037550614,False,0.45475404804853914,1785159300,pullback,,unavailable,,
VRAX,2026-08-19,pullback_1_only,realistic,pessimistic,exp1_common_exits,1787150820,1787150820,2026-08-19T10:48:00-04:00,pullback,3.359999904632568,3.4599999046325682,3.305000057220459,0.05499984741210895,156,156,3.4223250619772703,0.052325176418188075,1787151000,2026-08-19T10:50:00-04:00,3.3700154360732646,STOP,4.289988098144501,3.0,8.15998246840186,-6.86999437025736,-0.8007008659568035,-1.4968250219151293,1.2304570056784077,2,False,False,False,20.108698140395546,3.315000057220459,,5.329346721855139,3.247228875918866,1,1,20.64889286487916,0.3772539422344331,0,,23.636430945465126,False,4.66,3.436753608843573,3.2776253970265863,3.265369697781822,0.00374333854555875,0.01047937964750243,0.06793361957084144,False,1.6369002670588897,1787146500,pullback,,unavailable,,
WFF,2026-08-18,pullback_1_only,realistic,pessimistic,exp1_common_exits,1787063880,1787063880,2026-08-18T10:39:00-04:00,pullback,2.578900108337402,2.678900108337402,2.5309267277076444,0.047973380629757756,161,161,2.6239055313563435,0.045005423018941206,1787064000,2026-08-18T10:40:00-04:00,2.4859189797203523,STOP,-14.96958738744054,2.0,7.246247425954053,-24.215834813394594,-3.1352577181342154,-2.165900110974825,0.0,1,False,False,False,25.99010397646785,2.5450000762939453,,5.761311219732738,2.16312145877219,1,1,42.857142857142854,0.8633229520135112,0,,8.152435507536442,False,2.97,2.4865657670200165,2.496992927123723,2.4802002570914095,0.010988400046756386,0.01228762642281873,0.047973380629757915,True,1.8602263994120283,1787060100,pullback,,unavailable,,
XHLD,2026-08-10,pullback_1_only,realistic,pessimistic,exp1_common_exits,1786380180,1786380180,2026-08-10T12:44:00-04:00,pullback,3.2200000381469724,3.3200000381469725,3.190000047683716,0.02999999046325641,173,173,3.2699989035099897,0.04999886536301727,1786380300,2026-08-10T12:45:00-04:00,3.1400387229489666,STOP,-13.839802057945318,2.0,8.643309179111677,-24.483111237056995,-4.717363973031074,-4.333294664377833,0.0,1,False,False,False,58.66336405785593,3.2049999237060547,8.380588317975052,6.188927079870148,2.950378231346543,1,2,31.57890774207635,0.22310079997308188,0,,48.73001503309162,False,4.6819000244140625,3.5791408407168808,3.175677895685691,3.1673996193979743,0.0012628366823403958,0.010206074025199303,0.051712149844703244,False,0.9316767114239115,1786368900,pullback,,unavailable,,
XHLD,2026-08-12,pullback_1_only,realistic,pessimistic,exp1_common_exits,1786548180,1786548180,2026-08-12T11:24:00-04:00,pullback,4.499999771118164,4.5999997711181635,4.410100212097168,0.08989955902099567,137,137,4.545040076423147,0.045040305304983166,1786548540,2026-08-12T11:29:00-04:00,4.362586801691321,STOP,-18.486761412659156,2.0,6.509337225601059,-26.996098638260214,-2.191910806056247,-1.8358261573194674,0.9450551142072765,5,False,False,False,24.369751827625368,4.440000057220459,0.162829216755671,7.684311870819539,6.1368879537862435,1,2,42.99317275608759,0.14030570049471452,0,,4.338177329554563,False,4.89,4.239177864554743,4.39184152731602,4.354196879850135,0.030519407626608874,0.018785469632856447,0.06343853581234447,False,1.9977680798560875,1786541700,pullback,,unavailable,,
XOS,2026-08-18,pullback_1_only,realistic,pessimistic,exp1_common_exits,1787064660,1787064660,2026-08-18T10:52:00-04:00,pullback,4.450000057220459,4.550000057220458,4.370000114440918,0.07999994277954059,142,142,4.500001425438395,0.05000136821793576,1787064780,2026-08-18T10:53:00-04:00,4.319997716283554,STOP,-18.46018616164173,2.0,7.100340538345658,-27.56052669998739,-2.4261044377488097,-1.8750203511919052,0.0,1,False,False,False,112.44020284972956,4.440000057220459,,6.714621770943443,2.99506189420903,1,3,24.999914850426258,0.9458000494275964,0,,11.50000751019068,False,5.37,4.458518826414849,4.33674767409319,4.271854431799292,0.05643018370172381,0.027748751268736552,0.06223939187417694,False,1.7977515000193018,1787060100,pullback,,unavailable,,
YJ,2026-08-19,pullback_1_only,realistic,pessimistic,exp1_common_exits,1787150640,1787150640,2026-08-19T10:45:00-04:00,pullback,4.370000133514404,4.470000133514404,4.279999961853028,0.09000017166137653,137,137,4.455006053708241,0.08500592019383732,1787150820,2026-08-19T10:47:00-04:00,4.194993846034122,STOP,-23.97583458416428,2.0,11.645837867190078,-37.62167245135436,-3.0512247115852302,-3.277840484639138,0.0,2,False,False,False,146.55747552544233,4.29010009765625,,10.918103163181359,2.182528452901124,1,2,40.909090909090914,0.5672921431797322,0,,23.66662004267802,False,6.5,5.183035086493943,4.241391841357603,4.209907957074741,0.0007708601959066641,0.04217283868424818,0.15560671450436672,False,2.059500432760796,1787146500,pullback,,unavailable,,
ZJYL,2026-08-10,pullback_1_only,realistic,pessimistic,exp1_common_exits,1786371420,1786371420,2026-08-10T10:18:00-04:00,pullback,3.4649999237060545,3.5649999237060546,3.390000095367432,0.07499982833862262,145,145,3.519911050447606,0.054911126741551845,1786371600,2026-08-10T10:20:00-04:00,3.3394887353526306,STOP,-18.83708848662528,2.0,7.324147202146173,-28.161235688771452,-2.5895448409078075,-1.9988201067831566,0.0,2,False,False,False,58.13953230482887,3.4000000953674316,,9.24764365466527,3.1848040107880933,1,2,28.81350726853786,0.4831800706566916,0,,33.32007728085742,False,5.964,3.362373972321332,3.32757660703091,3.2842267015978788,0.024502176155395627,0.034108127272266316,0.0732603835384136,False,2.164497258008744,1786368900,pullback,,unavailable,,
AMIX,2026-07-29,pullback_2_only,realistic,pessimistic,exp1_common_exits,1785349560,1785349560,2026-07-29T14:27:00-04:00,pullback,4.60000015258789,4.70000015258789,4.52000020980835,0.07999994277954059,142,142,4.658116588818514,0.058116436230622896,1785349620,2026-07-29T14:27:00-04:00,4.461883773577727,STOP,-19.612525819443313,2.0,8.252533944748452,-29.865059764191763,-2.628968408922759,-1.7264588335095947,0.0,0,True,False,False,66.1781831221147,4.569900035858154,,8.279081738922129,2.235299638855207,2,1,44.61789880578002,0.40059567403935353,0,,33.125021785513425,False,7.25,5.190801399444112,4.446074265049264,4.388495506462656,0.02885468134303526,0.04487326097538318,0.10707288744516685,False,1.7391291331704375,1785332100,pullback,,unavailable,,
BIYA,2026-07-28,pullback_2_only,realistic,pessimistic,exp1_common_exits,1785258240,1785258240,2026-07-28T13:05:00-04:00,pullback,5.549999961853027,5.649999961853027,5.439999809265137,0.1100001525878902,129,129,5.604708270551163,0.05470830869813628,1785258300,2026-07-28T13:05:00-04:00,5.385291500567001,STOP,-21.247391505897383,2.0,7.05737182205958,-30.304763327956962,-2.1356392734587617,-1.6137107615708044,0.0,0,True,False,False,31.65227845825857,5.4899001121521,0.26834038676308447,6.419368965966882,2.1558963414167147,2,1,44.404998179041186,1.0644132985349635,0,,9.72725854040179,False,6.619999885559082,5.427844265677353,5.382268291824959,5.311366226457496,0.07269379144036581,0.018064420026895837,0.08224026984840241,False,1.9819847449361692,1785245700,pullback,,unavailable,,
CLRO,2026-08-06,pullback_2_only,realistic,pessimistic,exp1_common_exits,1786031520,1786031520,2026-08-06T11:53:00-04:00,pullback,9.860000381469726,9.960000381469726,9.64999984741211,0.21000053405761676,97,97,9.949954075397654,0.08995369392792708,1786031640,2026-08-06T11:54:00-04:00,9.860001735815151,STOP,10.080025634765668,3.0,8.72534934596365,-1.6453237111979817,-0.08077169989857887,-1.6664419235805978,1.5711651556075996,1,False,False,False,164.53802934997444,9.734999656677246,,8.122950084307535,2.864436251002849,2,1,25.675722697555376,1.4332068023762425,0,,15.666625007856474,False,13.15,10.709729243762064,9.471034902495687,9.309315260585239,0.1364254790378432,0.07754023485949968,0.17810256924698345,False,2.1298227782250265,1786023300,pullback,,unavailable,,
DFNS,2026-07-27,pullback_2_only,realistic,pessimistic,exp1_common_exits,1785169260,1785169260,2026-07-27T12:22:00-04:00,pullback,9.209999809265137,9.309999809265136,8.935751090811776,0.27424871845336085,84,84,9.270003038758722,0.06000322949358552,1785169320,2026-07-27T12:22:00-04:00,8.87574786131819,STOP,-28.077163627543417,2.0,5.0402712774611835,-35.1174349050046,-1.52439983533105,-2.625364494260355,0.4740097984948626,0,True,False,False,105.97701688694168,8.960000038146973,,36.494362509702796,10.864541168406525,2,1,22.00088466356176,1.0085555342413197,0,,0.510487607723858,False,9.350000381469727,6.793552440500761,8.11539357475925,7.543969060687147,0.5011059324969418,0.24862770462319694,0.2742487184533606,True,2.977727732170747,1785159300,pullback,,unavailable,,
EDBL,2026-07-27,pullback_2_only,realistic,pessimistic,exp1_common_exits,1785172260,1785172260,2026-07-27T13:12:00-04:00,pullback,3.4019999599456785,3.5019999599456786,3.309999933242798,0.09200002670288043,136,136,3.4468586896137388,0.04485872966806042,1785172320,2026-07-27T13:12:00-04:00,3.265141203574738,STOP,-18.612790866447913,2.0,6.100787234856217,-26.71357810130413,-2.1350359932644705,-3.5430291229289703,0.0,0,True,False,False,7.643312150273555,3.380000114440918,,10.506035670231746,2.4700949711918603,2,3,45.46834901470766,0.2924034636087058,0,,71.06519720009628,False,9.94,6.689649522321598,3.2926051578487256,3.2124106012290534,0.07307508869257973,0.02999781549173381,0.08647793256184919,False,2.7042924099372843,1785159060,pullback,,unavailable,,
QMCO,2026-08-11,pullback_2_only,realistic,pessimistic,exp1_common_exits,1786456740,1786456740,2026-08-11T10:00:00-04:00,pullback,18.120000610351564,18.30120061645508,17.889999618530272,0.2300009918212922,93,93,18.194860875146613,0.07486026479504836,1786456860,2026-08-11T10:01:00-04:00,17.815139845756676,STOP,-28.352096865319837,2.0,6.961958867944359,-37.3140557332642,-1.7444551110708748,-1.890690308860313,0.5293017367008749,1,False,False,False,52.80136169799368,18.0,17.056047263703878,6.779818375041657,2.1517433554369507,2,1,19.12220612273995,0.6792764831984817,1,half_dollar,9.95134119039557e-07,True,18.1200008392334,16.53721900343594,17.432883369872073,16.880322396442295,0.6208543010871033,0.08902058257978063,0.3654600905686978,False,1.2693211041609878,1786455300,pullback,,unavailable,,
USDE,2026-08-21,pullback_2_only,realistic,pessimistic,exp1_common_exits,1787325480,1787325480,2026-08-21T11:19:00-04:00,pullback,7.140000114440918,7.240000114440917,6.9700000190734865,0.17000009536743121,108,108,7.210001606319069,0.07000149187815098,1787325540,2026-08-21T11:19:00-04:00,7.480001070188342,T2,27.54001544952384,3.0,7.5600785014836305,16.97993694804021,0.9248326482874455,-0.8235373889355682,2.294106350179235,0,False,False,False,76.50250196456909,7.060100078582764,52.02284344785208,9.46564683213425,2.2053662685089663,2,1,30.64517617598063,0.5413139906659824,0,,0.17647026484418654,False,7.170000076293945,5.55374830737949,6.735081639587582,6.435284546342485,0.3299890654193449,0.05010533744603446,0.2358789711268838,False,2.380953678468431,1787319300,pullback,,unavailable,,
WETO,2026-08-17,pullback_2_only,realistic,pessimistic,exp1_common_exits,1786983120,1786983120,2026-08-17T12:13:00-04:00,pullback,16.80999923706055,16.978099229431155,16.649999847412108,0.15999938964844063,111,111,16.956984266346783,0.14698502928623372,1786983240,2026-08-17T12:14:00-04:00,16.8100071902893,STOP_AMBIGUOUS,8.799966430664277,3.0,16.313921859976766,-10.513955429312489,-0.5920042532107156,-1.8561596990290032,3.080733046533437,1,False,False,False,103.34549403402482,16.71500015258789,0.4737394574673216,6.1490667556604715,3.206790253789958,2,3,43.43438430193914,0.4106750943727504,0,,43.250166893641165,False,23.729999542236328,15.605934496213202,16.629410011158285,16.614943653027083,-0.04708801293489984,0.07688184143473142,0.32178895942728314,False,0.9518108085079167,1786973700,pullback,,unavailable,,
WYHG,2026-08-11,pullback_2_only,realistic,pessimistic,exp1_common_exits,1786471380,1786471380,2026-08-11T14:04:00-04:00,pullback,6.810000190734863,6.910000190734863,6.74,0.07000019073486285,148,116,6.857549746615453,0.04754955588058981,1786471860,2026-08-11T14:11:00-04:00,6.684599680937357,STOP_GAP,-14.795768394868082,2.0,5.266439223791055,-22.062207618659137,-2.717013239418475,-1.822133999964111,0.03500543174564833,4,False,True,True,18.006997335463872,6.75,1.09670426281812,5.864199279666832,5.184643000296265,2,3,28.94739483861577,0.2860952380952381,0,,36.142758116700215,False,9.34000015258789,8.028336173187514,6.701650901940562,6.647966221240628,0.0365360102007104,0.03485487255036438,0.0994075867041307,False,1.0279029188589373,1786455300,pullback,,unavailable,,
YJ,2026-08-19,pullback_2_only,realistic,pessimistic,exp1_common_exits,1787165640,1787165640,2026-08-19T14:55:00-04:00,pullback,3.7098000144958494,3.8098000144958495,3.640000095367432,0.06979991912841754,148,148,3.7573092023440995,0.04750918784824997,1787165880,2026-08-19T14:58:00-04:00,3.7092997614113017,STOP,5.16519401550289,3.0,7.105097323585728,-4.939903308082838,-0.4781914574027743,-0.9643155173261085,1.3265173664954715,3,False,False,False,112.63218357572784,3.6998000144958496,,5.633804235778114,2.7261237962806537,2,2,49.999940395369435,0.5850504713439559,0,,39.974258141628425,False,6.5,5.0455805928697925,3.622203684175453,3.5827020521282735,0.022571795105533532,0.029349542245774508,0.06919701920559354,False,1.8815008586899027,1787146500,pullback,,unavailable,,
LFS,2026-08-14,pullback_3plus,realistic,pessimistic,exp1_common_exits,1786719840,1786719840,2026-08-14T11:05:00-04:00,pullback,3.1400001144409178,3.240000114440918,3.069999923706055,0.07000019073486285,148,148,3.190002474231961,0.05000235979104329,1786720080,2026-08-14T11:08:00-04:00,3.1400005453214708,STOP,5.180014114379864,3.0,7.400287733941734,-5.22027361956187,-0.5038860420351228,-1.2857474908931619,1.1428184102748555,3,False,False,False,43.51850840044651,3.0999999046325684,,8.241373646131922,3.0534342467959346,3,1,24.686215007810958,1.3165150706689666,0,,0.14142597354896513,True,3.149899959564209,2.6835142483359835,2.9939929981897926,2.9209442257753264,0.06219148756718784,0.034550563926302125,0.06891248379093799,False,2.229305356166412,1786714500,pullback,,unavailable,,
MSS,2026-08-19,pullback_3plus,realistic,pessimistic,exp1_common_exits,1787157900,1787157900,2026-08-19T12:46:00-04:00,pullback,2.269900093078613,2.369900093078613,2.2282546694840817,0.04164542359453138,165,165,2.3134555420341996,0.0435554489555866,1787157960,2026-08-19T12:46:00-04:00,2.184699220528495,STOP,-14.058143970769432,2.0,7.186649077671789,-23.24479304844122,-3.382785465181717,-2.244076428033789,0.0,0,True,False,False,41.4012709835867,2.2200000286102295,,5.361305853581869,2.284762940532787,3,1,43.478215799894265,0.6097269386767198,0,,20.412802154618948,False,3.119999885559082,2.3641196597393503,2.2000171979665852,2.181019043687198,0.01743029862944967,0.007451748349268794,0.04164542359453148,True,1.8346809060679254,1787146500,pullback,,unavailable,,
ARCT,2026-08-19,trigger_shift_up_5t,realistic,pessimistic,exp1_common_exits,1787151060,1787151060,2026-08-19T10:52:00-04:00,pullback,10.039999542236329,10.140399537658691,9.950000038146973,0.08999950408935575,137,137,10.095035248026043,0.05503570578971456,1787151240,2026-08-19T10:54:00-04:00,9.894964995684415,STOP,-19.869823753432666,2.0,7.539800817370463,-29.40962457080313,-2.3852219482729677,-3.722631835966218,0.02405730645542993,2,False,False,False,21.31546884127642,9.960000038146973,32.657626696550864,5.04201175583855,2.5061869407957356,1,1,8.333333333333332,0.19141663501709077,0,,37.00020896179038,False,13.37,10.13307460048993,9.801437288791353,9.784957312205943,8.926062384695399e-05,0.023523073435781177,0.09119281663030133,False,0.89640944415132,1787146500,pullback,,unavailable,,
CLRO,2026-08-06,trigger_shift_up_5t,realistic,pessimistic,exp1_common_exits,1786031520,1786031520,2026-08-06T11:53:00-04:00,pullback,9.910000381469727,10.010000381469727,9.64999984741211,0.26000053405761747,86,86,9.99995364230951,0.08995326083978306,1786031640,2026-08-06T11:54:00-04:00,9.910001604527567,STOP,11.18002296447758,3.0,7.735855042554395,0.4441679219231851,0.019864356421021953,-1.5382786127322023,1.0767129993526134,1,False,False,False,164.53802934997444,9.734999656677246,,8.122950084307535,2.864436251002849,2,1,25.675722697555376,1.4332068023762425,0,,12.461511397558409,False,13.15,10.709729243762064,9.471034902495687,9.309315260585239,0.1364254790378432,0.07754023485949968,0.17810256924698345,False,2.6236178006993924,1786023300,pullback,,unavailable,,
CRSR,2026-08-07,trigger_shift_up_5t,realistic,pessimistic,exp1_common_exits,1786109580,1786109580,2026-08-07T09:34:00-04:00,pullback,12.669999656677247,12.79669965324402,12.357500305175781,0.31249935150146513,78,78,12.705005143261381,0.03500548658413482,1786109700,2026-08-07T09:35:00-04:00,13.294999324905069,T2,36.56242412567147,3.0,2.7302833214011137,30.83214080427036,1.2649109656253201,-0.2400165903067856,2.287988533727283,1,False,False,False,18.284642759971312,12.550000190734863,13.928109099209886,7.185125840672379,3.102092681570901,1,1,36.7646893828047,0.4555435077256709,0,,0.6080023603564567,False,12.86,12.407532094779407,12.41938830624549,12.407736298728505,-0.016507443928146515,0.03852070256778581,0.23417343612477043,False,2.466451144193789,1786109700,pullback,,unavailable,,
CRSR,2026-08-07,trigger_shift_up_5t,realistic,pessimistic,exp1_common_exits,1786109940,1786109940,2026-08-07T09:40:00-04:00,pullback,14.039999542236329,14.180399537658692,13.730099906921387,0.3098996353149417,78,78,14.075009879489599,0.035010337253269734,1786111380,2026-08-07T10:03:00-04:00,13.995499026265408,STOP,12.086085777282687,3.0,4.7625578783285825,4.323527898954104,0.17886385959136178,-0.8551460849690212,1.5972584634750422,23,False,False,False,29.931199721430012,13.785699844360352,17.932722735700445,18.25866324042573,4.530367124413996,2,1,11.569438974552789,0.76,0,,-0.1613418198035351,True,13.989999771118164,12.923216828578315,13.33659785410457,12.949311892672805,0.32968900046946814,0.1759207261137763,0.2888670682957414,False,2.2072624317591685,1786109700,pullback,,unavailable,,
DFNS,2026-07-27,trigger_shift_up_5t,realistic,pessimistic,exp1_common_exits,1785168300,1785168300,2026-07-27T12:06:00-04:00,pullback,6.923800048828125,7.023800048828124,6.828727063651617,0.09507298517650753,135,135,6.988668793827507,0.06486874499938257,1785168360,2026-07-27T12:06:00-04:00,6.763858318652234,STOP,-21.592133573745215,2.0,8.757280574916647,-32.349414148661864,-2.5204351114589714,-1.774096204647294,0.0,0,True,False,False,56.78161657885007,6.820000171661377,,5.013598348342364,4.811921859315883,1,4,39.40579605405796,0.17609982156381981,0,,18.2617590890676,False,8.66,6.6835788570176335,6.787064366266495,6.756940485996932,0.02309702955582793,0.015884799963957915,0.09507298517650734,True,1.3731330267487856,1785159300,pullback,,unavailable,,
DFNS,2026-07-27,trigger_shift_up_5t,realistic,pessimistic,exp1_common_exits,1785169260,1785169260,2026-07-27T12:22:00-04:00,pullback,9.259999809265137,9.359999809265137,8.985751090811776,0.27424871845336085,84,84,9.320003038758722,0.06000322949358552,1785169320,2026-07-27T12:22:00-04:00,8.914997151976142,STOP_GAP,-28.9802232122756,2.0,5.0402712774611835,-36.020494489736784,-1.5636004172067974,-2.8076807518603113,0.2916935408949067,0,True,False,False,105.97701688694168,8.960000038146973,,36.494362509702796,10.864541168406525,2,1,22.00088466356176,1.0085555342413197,0,,0.32817135012390214,False,9.350000381469727,6.793552440500761,8.11539357475925,7.543969060687147,0.5011059324969418,0.24862770462319694,0.2742487184533606,True,2.9616492883613237,1785159300,pullback,,unavailable,,
JUNS,2026-08-21,trigger_shift_up_5t,realistic,pessimistic,exp1_common_exits,1787328060,1787328060,2026-08-21T12:02:00-04:00,pullback,8.690000114440918,8.790000114440918,8.519999732971192,0.17000038146972685,108,108,8.770012517572486,0.0800124031315674,1787328240,2026-08-21T12:04:00-04:00,8.690007289204283,STOP,9.180020599365228,3.0,8.640559121674354,-2.4605385223091254,-0.13401595866131602,-1.2941872537903776,1.1175711426760497,2,False,False,False,65.57060528619637,8.5600004196167,,7.946205309051092,2.014857572865428,1,2,46.15390258431219,0.495312488138887,0,,14.764670956171893,False,11.199999809265137,8.679634346219233,8.477024945423715,8.423799648433542,0.03502191422589718,0.03471041983955102,0.1688912859475871,False,1.9562759405172232,1787319300,pullback,,unavailable,,
KRO,2026-08-06,trigger_shift_up_5t,realistic,pessimistic,exp1_common_exits,1786024080,1786024080,2026-08-06T09:49:00-04:00,pullback,7.81,7.909999999999999,7.7200000190734865,0.08999998092651307,137,137,7.845048651705694,0.035048651705694815,1786024140,2026-08-06T09:49:00-04:00,7.684951367367792,STOP,-17.13166267061239,2.0,4.801665283680189,-23.93332795429258,-1.9410651278529754,-1.3894320890595389,0.0,0,True,False,False,24.476650106109705,7.730000019073486,,6.740488443171292,3.1854863584106776,1,1,4.086633552427739,0.13415020597866273,0,,-0.6666668079517807,True,7.75,7.44152570248999,7.542870931797143,7.345548245276306,0.2218335629297714,0.02584526500206394,0.09154293770372256,False,1.1523685137837782,1786023300,pullback,,unavailable,,
LFS,2026-08-14,trigger_shift_up_5t,realistic,pessimistic,exp1_common_exits,1786719840,1786719840,2026-08-14T11:05:00-04:00,pullback,3.190000114440918,3.290000114440918,3.12108763064998,0.06891248379093806,148,148,3.2400024742319613,0.05000235979104329,1786719900,2026-08-14T11:05:00-04:00,3.049997544841525,STOP_GAP,-20.720380300710158,2.0,7.400349249074407,-30.120729549784564,-2.953288456723893,-2.0315995288186546,0.0,0,True,False,False,43.51850840044651,3.0999999046325684,,8.241373646131922,3.0534342467959346,3,1,24.686215007810958,1.3165150706689666,0,,-0.5818997178851095,True,3.149899959564209,2.6835142483359835,2.9939929981897926,2.9209442257753264,0.06219148756718784,0.034550563926302125,0.06891248379093799,True,2.1602658720598735,1786714500,pullback,,unavailable,,
NRXP,2026-08-07,trigger_shift_up_5t,realistic,pessimistic,exp1_common_exits,1786111920,1786111920,2026-08-07T10:13:00-04:00,pullback,3.8796001052856446,3.9796001052856447,3.8392808196840367,0.04031928560160791,166,166,3.91961156616335,0.040011460877705525,1786111980,2026-08-07T10:13:00-04:00,3.7874886440264692,STOP_GAP,-15.290502569023115,2.0,6.641902505699117,-23.932405074722233,-3.5757358484103645,-2.7185904151892486,0.0,0,True,False,False,23.504855058860457,3.8162999153137207,8.037294858044802,5.785118267433915,3.01327150270509,1,2,28.57142857142857,0.42427595708506766,0,,-0.9821649993410059,True,3.8399999141693115,3.5604898973886905,3.7637681019552427,3.712499512584975,0.055289443673276484,0.010666934471451103,0.04031928560160782,True,1.039263957815552,1786109700,pullback,,unavailable,,
PRGO,2026-08-05,trigger_shift_up_5t,realistic,pessimistic,exp1_common_exits,1785936840,1785936840,2026-08-05T09:35:00-04:00,pullback,13.549999771118165,13.685499768829347,13.290000190734863,0.25999958038330107,86,86,13.585013241604829,0.0350134704866632,1785936900,2026-08-05T09:35:00-04:00,13.254986491366363,STOP_GAP,-25.37114205865498,2.0,3.0111584618530354,-30.382300520508014,-1.358781285997198,-1.3654395089604607,0.057642938664760036,0,True,False,False,23.37662820209651,13.300000190734863,14.845011081608918,6.970103130828598,19.229069816633217,1,1,21.615431518783808,0.18365865284720778,0,,-0.23076960321069082,True,13.489999771118164,12.976528397423872,12.986573267843681,12.774109314680741,0.22346446613039816,0.04975193383366483,0.1968271054677153,False,1.9188161238016432,1785936900,pullback,,unavailable,,
QBTS,2026-07-27,trigger_shift_up_5t,realistic,pessimistic,exp1_common_exits,1785159360,1785159360,2026-07-27T09:37:00-04:00,pullback,18.92000061035156,19.109200616455077,18.719999542236327,0.20000106811523466,99,99,18.978453126985755,0.058452516634195005,1785159720,2026-07-27T09:42:00-04:00,18.91845228058539,STOP,11.345751916858092,3.0,5.871503520821001,2.4742483960370905,0.1249613728381631,-1.0422577798533514,1.2572294512786812,5,False,False,False,16.162868520721034,18.829999923706055,,6.1339342966177135,2.9998810482803666,1,1,11.926701827204738,0.9288616060394576,0,,-0.2999983978356981,True,18.860000610351562,18.12193063795587,18.337440500180673,18.063645087353382,0.24581347135622877,0.11334549356383317,0.1980842935636807,False,1.0570880637594142,1785159300,pullback,,unavailable,,
QMCO,2026-08-11,trigger_shift_up_5t,realistic,pessimistic,exp1_common_exits,1786456740,1786456740,2026-08-11T10:00:00-04:00,pullback,18.17000061035156,18.351700616455076,17.889999618530272,0.28000099182128935,83,83,18.244859771405206,0.07485916105364523,1786456860,2026-08-11T10:01:00-04:00,17.815140896592546,STOP,-29.45339268861969,2.0,6.213273920831153,-37.66666660945084,-1.6207630458840554,-1.7316350894672259,0.25621705012076984,1,False,False,False,52.80136169799368,18.0,17.056047263703878,6.779818375041657,2.1517433554369507,2,1,19.12220612273995,0.6792764831984817,1,half_dollar,-0.17856997860234416,True,18.1200008392334,16.53721900343594,17.432883369872073,16.880322396442295,0.6208543010871033,0.08902058257978063,0.3654600905686978,False,1.5410070578741262,1786455300,pullback,,unavailable,,
SENS,2026-08-07,trigger_shift_up_5t,realistic,pessimistic,exp1_common_exits,1786110720,1786110720,2026-08-07T09:53:00-04:00,pullback,6.52999979019165,6.62999979019165,6.419999828338623,0.10999996185302674,129,129,6.565020189269407,0.035020399077756635,1786111260,2026-08-07T10:01:00-04:00,6.5299382945748174,STOP,7.039997558593673,3.0,4.521753431792897,-0.48175587319922375,-0.0339503904346527,-1.0456401808388927,1.6816352261807919,8,False,False,False,25.41358678477784,6.458799839019775,4.81495802679924,5.194808110195212,2.179342393914612,1,1,15.625051222714125,0.2865268926082554,0,,-0.4545435314329419,True,6.480000019073486,6.103418869807585,6.285777601019183,6.138142341522115,0.17543403283537984,0.011900266473193671,0.08882767220518253,False,1.6845323949053044,1786109700,pullback,,unavailable,,
VRAX,2026-08-19,trigger_shift_up_5t,realistic,pessimistic,exp1_common_exits,1787150820,1787150820,2026-08-19T10:48:00-04:00,pullback,3.4099999046325684,3.5099999046325685,3.342066285061727,0.06793361957084132,149,149,3.462323951562208,0.052324046929639545,1787150880,2026-08-19T10:48:00-04:00,3.2897422381320878,STOP,-17.918392308571647,2.0,7.796282992516292,-27.71467530108794,-2.7380335892172036,-1.800640657242426,0.0,0,True,False,False,20.108698140395546,3.315000057220459,,5.329346721855139,3.247228875918866,1,1,20.64889286487916,0.3772539422344331,0,,18.400316415702378,False,4.66,3.436753608843573,3.2776253970265863,3.265369697781822,0.00374333854555875,0.01047937964750243,0.06793361957084144,True,1.9921883129249311,1787146500,pullback,,unavailable,,
WETO,2026-08-17,trigger_shift_up_5t,realistic,pessimistic,exp1_common_exits,1786983120,1786983120,2026-08-17T12:13:00-04:00,pullback,16.859999237060546,17.02859922943115,16.649999847412108,0.20999938964843778,97,97,17.00697985266503,0.14698061560448358,1786983240,2026-08-17T12:14:00-04:00,17.280004936024707,T2,30.659910888671888,3.0,14.256425327940526,13.403485560731362,0.6580031672664549,-1.6522905415763498,2.1091481338987763,1,False,False,False,103.34549403402482,16.71500015258789,0.4737394574673216,6.1490667556604715,3.206790253789958,2,3,43.43438430193914,0.4106750943727504,0,,32.71438224976236,False,23.729999542236328,15.605934496213202,16.629410011158285,16.614943653027083,-0.04708801293489984,0.07688184143473142,0.32178895942728314,False,1.2455480376703154,1786973700,pullback,,unavailable,,
AKAN,2026-08-14,trigger_shift_down_5t,realistic,pessimistic,exp1_common_exits,1786716780,1786716780,2026-08-14T10:14:00-04:00,pullback,8.159999809265138,8.259999809265137,7.949298544679832,0.21070126458530591,97,97,8.250028297639686,0.09002848837454859,1786716840,2026-08-14T10:14:00-04:00,7.859270056305283,STOP,-29.170786037105884,2.0,8.732763372331213,-39.9035494094371,-1.9524173186387366,-1.8036361235351905,0.0,0,True,False,False,57.155678854281234,7.873499870300293,,6.860164419492902,2.6515549202775266,1,2,48.07697245350842,0.9581067328181153,0,,16.943420808418967,False,11.73,7.7970019698248665,7.822722214168701,7.713776803279845,0.0827504616824255,0.056850009042501176,0.2107012645853061,True,2.582123400861709,1786714500,pullback,,unavailable,,
AMIX,2026-07-29,trigger_shift_down_5t,realistic,pessimistic,exp1_common_exits,1785343020,1785343020,2026-07-29T12:38:00-04:00,pullback,5.129899940490723,5.229899940490722,5.080000152587891,0.04989978790283178,160,160,5.184906269241178,0.05500632875045456,1785343080,2026-07-29T12:38:00-04:00,5.024993823837436,STOP,-16.784978664525944,2.0,8.80101260007273,-27.585991264598675,-3.4551739125519894,-3.705552207982116,0.0,0,True,False,False,85.41818098588423,5.098999977111816,269.58315035669057,8.385746267649598,2.6424802878358724,2,1,19.999976158147774,1.1985264807038036,0,,42.487155729753376,False,7.25,5.231320820135562,4.984976360977856,4.917425173130351,0.05677372677097825,0.032510734235575954,0.08644408473822891,False,0.9727243899821252,1785332100,pullback,,unavailable,,
AMIX,2026-07-29,trigger_shift_down_5t,realistic,pessimistic,exp1_common_exits,1785349560,1785349560,2026-07-29T14:27:00-04:00,pullback,4.550000152587891,4.65000015258789,4.52000020980835,0.029999942779540767,173,173,4.618220100006549,0.058120021423785535,1785349620,2026-07-29T14:27:00-04:00,4.461880188384565,STOP,-16.992041004288357,2.0,10.054763706314898,-29.046804710603254,-5.596697516973491,-3.2740102140134373,0.0,0,True,False,False,66.1781831221147,4.569900035858154,,8.279081738922129,2.235299638855207,2,1,44.61789880578002,0.40059567403935353,0,,90.0001665754324,False,7.25,5.190801399444112,4.446074265049264,4.388495506462656,0.02885468134303526,0.04487326097538318,0.10707288744516685,False,0.6593393796366751,1785332100,pullback,,unavailable,,
AMIX,2026-07-29,trigger_shift_down_5t,realistic,pessimistic,exp1_common_exits,1785354840,1785354840,2026-07-29T15:55:00-04:00,pullback,4.345000228881836,4.4450002288818355,4.265000095367432,0.08000013351440405,142,142,4.406958631821649,0.049958757706658884,1785355020,2026-07-29T15:57:00-04:00,4.5169559808408986,T2,17.040028438568015,3.0,7.096993530703093,6.943034907864922,0.6111816303208327,-0.8369795935615806,2.6630112273384543,2,False,False,False,58.54545940052379,4.360000133514404,376.1722941656444,8.02919496316114,3.5133952022412887,1,2,50.0,0.5466334413157239,0,,36.3124365360605,False,7.25,5.1687821610881,4.2940541890730675,4.287230313924895,-0.005617023426113477,0.018353454935707756,0.07625068706132856,False,1.8411997537452762,1785332100,pullback,,unavailable,,
ARCT,2026-08-19,trigger_shift_down_5t,realistic,pessimistic,exp1_common_exits,1787151120,1787151120,2026-08-19T10:53:00-04:00,pullback,10.02999969482422,10.130299691772462,9.950000038146973,0.07999965667724673,142,142,10.125075034714182,0.05507533988996362,1787151240,2026-08-19T10:54:00-04:00,9.89496370284017,STOP,-24.860649512543773,2.0,7.815159613565898,-34.67580912610967,-3.0524610861951205,-4.563454657127048,0.0,1,False,False,False,22.411694811674877,10.050000190734863,28.796668282000926,5.04201175583855,2.5061869407957356,1,2,8.333333333333332,0.5557840145631704,0,,41.750182987044404,False,13.37,10.132616438169482,9.851149869180055,9.810199491113458,0.020767024806886525,0.0353606700950566,0.09253616234794025,False,0.7976037797740807,1787146500,pullback,,unavailable,,
ASPN,2026-08-06,trigger_shift_down_5t,realistic,pessimistic,exp1_common_exits,1786023300,1786023300,2026-08-06T09:36:00-04:00,pullback,7.659999809265137,7.759999809265136,7.485044760928949,0.17495504833618725,106,106,7.6950029545202705,0.03500314525513421,1786023720,2026-08-06T09:42:00-04:00,7.6599997325195615,STOP,9.272617561817896,3.0,3.710312961422315,2.5623046003955814,0.13816511806474385,-0.8859589599803662,1.9147591432011912,6,False,False,False,51.796400631518914,7.605000019073486,56.96007463525392,11.75616775726732,3.8436820576231208,1,1,45.6790014440514,2.5822157460358914,0,,0.22863015603378015,False,7.699999809265137,7.386762773258862,7.096828756802417,6.829707767805316,0.2427652584154698,0.10549324536177096,0.17495504833618686,True,2.284008520790963,1786023300,pullback,,unavailable,,
AVAH,2026-08-13,trigger_shift_down_5t,realistic,pessimistic,exp1_common_exits,1786628160,1786628160,2026-08-13T09:37:00-04:00,pullback,10.319999656677247,10.42319965324402,10.250000228881836,0.0699994277954108,148,148,10.355026831235849,0.03502717455860215,1786628220,2026-08-13T09:37:00-04:00,10.214973054323234,STOP,-15.543937148393788,2.0,5.184021834673119,-22.727958983066905,-2.193836367848077,-2.8575533338541255,0.21390252456056524,0,True,False,False,13.812154405032112,10.300000190734863,2.973523681704044,8.215180423110455,3.434286591292781,1,1,15.228409808805269,1.1530860519390238,0,,1.8571629428558736,False,10.45,9.939690306453674,10.099892728405532,10.0532862271744,0.03573297581477064,0.029985518029676975,0.16182719396976591,False,0.678289051590421,1786628100,pullback,,unavailable,,
BIYA,2026-07-27,trigger_shift_down_5t,realistic,pessimistic,exp1_common_exits,1785175380,1785175380,2026-07-27T14:04:00-04:00,pullback,4.110000095367432,4.210000095367431,4.000000228881836,0.10999986648559545,129,129,4.1555037188372586,0.045503623469826525,1785175500,2026-07-27T14:05:00-04:00,3.954496706483918,STOP,-20.059950204249496,2.0,5.8699543893314585,-27.929904593580954,-1.9682831919681032,-1.8682174598862222,0.0,1,False,False,False,109.58550187699045,4.045000076293945,,9.498684357199599,4.136734202087234,1,1,38.88883737872115,1.1262907524676875,0,,4.454549127378282,False,4.599999904632568,3.663103603555419,3.953026584520485,3.8988578839146224,0.038319651807531496,0.03452989977748902,0.07507244702937517,False,2.676395716135903,1785159300,pullback,,unavailable,,
BIYA,2026-07-28,trigger_shift_down_5t,realistic,pessimistic,exp1_common_exits,1785258240,1785258240,2026-07-28T13:05:00-04:00,pullback,5.499999961853027,5.599999961853027,5.439999809265137,0.060000152587890376,153,153,5.554709785695947,0.05470982384292036,1785258300,2026-07-28T13:05:00-04:00,5.385289985422217,STOP,-17.55062639391393,2.0,8.370603047966815,-27.921229441880747,-3.0415205266561047,-2.125160347942647,0.5881712857354607,0,True,False,False,31.65227845825857,5.4899001121521,0.26834038676308447,6.419368965966882,2.1558963414167147,2,1,44.404998179041186,1.0644132985349635,0,,18.666617923436757,False,6.619999885559082,5.427844265677353,5.382268291824959,5.311366226457496,0.07269379144036581,0.018064420026895837,0.08224026984840241,False,1.0909118728007314,1785245700,pullback,,unavailable,,
BIYA,2026-07-28,trigger_shift_down_5t,realistic,pessimistic,exp1_common_exits,1785262140,1785262140,2026-07-28T14:10:00-04:00,pullback,6.559899768829346,6.659899768829345,6.390000095367432,0.1698996734619138,108,108,6.631304166538848,0.07140439770950167,1785262200,2026-07-28T14:10:00-04:00,6.31859569765793,STOP,-26.06083968651295,2.0,7.711674952626181,-35.77251463913913,-1.9495445791641686,-2.302560397240297,0.0,0,True,False,False,54.07674036411605,6.425000190734863,0.32088524645389427,15.454946671875824,7.915984061545478,5,1,25.915486752527773,1.2624424098504505,0,,0.4125984716932761,False,6.630000114440918,5.544295258377419,6.077159217983579,5.978779501342232,0.07018280728890236,0.0681598710642139,0.1531382111668245,False,2.5899736192498786,1785245700,pullback,,unavailable,,
BOXL,2026-08-14,trigger_shift_down_5t,realistic,pessimistic,exp1_common_exits,1786716420,1786716420,2026-08-14T10:08:00-04:00,pullback,8.1543998336792,8.2543998336792,8.090000381469727,0.0643994522094733,151,53,8.250024183090181,0.07012401371762224,1786716540,2026-08-14T10:09:00-04:00,8.019903267489864,STOP,-8.481261485884087,2.0,3.715147040932702,-14.19640852681679,-4.159301911228342,-3.882396115372577,0.0,1,False,False,True,20.344116537876225,8.18340015411377,0.20527066515336356,9.455959053275622,2.077653584334818,1,3,47.94512584254838,0.164805975784052,0,,70.58445391018608,False,12.7,9.01712264226203,8.043561500016754,8.05739330477295,-0.0832766754028551,0.08116662483038017,0.2376935721224886,False,0.7897509752157538,1786714500,pullback,,unavailable,,
CAPR,2026-08-14,trigger_shift_down_5t,realistic,pessimistic,exp1_common_exits,1786734180,1786734180,2026-08-14T15:04:00-04:00,pullback,6.684999904632568,6.784999904632568,6.629999866485596,0.05500003814697241,156,156,6.72501072154211,0.04001081690954118,1786734480,2026-08-14T15:08:00-04:00,6.58999133253008,STOP,-14.821693388816193,2.0,6.241331297060406,-23.0630246858766,-2.687996350793085,-2.0892881702113244,0.0,4,False,False,False,58.71734203495069,6.682000160217285,35.89404585644638,5.0335654379439365,2.725525482124167,1,1,46.09715817254361,0.8913587321407953,0,,53.181783029880386,False,9.61,7.017633112138743,6.609578469592723,6.538753542404122,0.06545256081626682,0.02618239894440165,0.057438702005098166,False,0.8227380543245559,1786714500,pullback,,unavailable,,
CDTG,2026-08-20,trigger_shift_down_5t,realistic,pessimistic,exp1_common_exits,1787232960,1787232960,2026-08-20T09:37:00-04:00,pullback,3.8600000953674316,3.9600000953674317,3.759999980926514,0.10000011444091772,133,133,3.918307766024447,0.04840777785000839,1787233020,2026-08-20T09:37:00-04:00,3.7115922030765054,STOP,-21.054935418025114,2.0,6.438234454051115,-29.49316987207623,-2.2175290315684655,-3.283074761370468,0.0,0,True,False,False,26.700995773812846,3.813699960708618,2.0818576662560973,19.881308577041466,4.391438872879513,1,3,40.29850002704449,0.42747010607241864,0,,1.7999966049233238,False,4.039999961853027,3.642761245524137,3.7350153826173433,3.5842960004728432,0.1562745824702545,0.034847284689332764,0.1353623282825486,False,2.5906764759133707,1787232900,pullback,,unavailable,,
CDTG,2026-08-20,trigger_shift_down_5t,realistic,pessimistic,exp1_common_exits,1787235480,1787235480,2026-08-20T10:19:00-04:00,pullback,4.420000038146973,4.520000038146972,4.2900001907348635,0.12999984741210913,121,121,4.505004347774276,0.08500430962730275,1787235540,2026-08-20T10:19:00-04:00,4.2049958811075605,STOP,-26.0155030017689,2.0,10.285521464903633,-38.30102446667253,-2.4349058755669377,-2.2692665837684984,0.7307359104595701,0,True,False,False,45.56146585445932,4.381400108337402,3.4210622874603,13.747157227633261,2.190286439521674,1,2,45.46280687880238,0.7181365522002937,0,,1.230769795074225,False,4.579999923706055,3.9389619676541923,4.279303645190366,4.1640336251417,0.13539907208183433,0.011855110825199744,0.2074283099864578,False,2.9411729929896078,1787232900,pullback,,unavailable,,
CDTG,2026-08-20,trigger_shift_down_5t,realistic,pessimistic,exp1_common_exits,1787244660,1787244660,2026-08-20T12:52:00-04:00,pullback,3.3800000762939453,3.4800000762939454,3.3101000690460207,0.06990000724792456,148,148,3.42251319051176,0.042513114217814806,1787244780,2026-08-20T12:53:00-04:00,3.2675173310888477,STOP,-16.637141976929424,2.0,6.30224521766161,-24.939387194591035,-2.410720392899948,-1.7526927824333451,0.0,1,False,False,False,11.172754063313995,3.346299886703491,1.391458437222289,7.210031816547743,5.683166570457315,1,1,43.43478215799894,1.4258023559286168,0,,18.59799166305919,False,4.679999828338623,3.8465515785343425,3.287331062966944,3.278429956582735,-0.007417095913408112,0.022490287880972088,0.06558115216802801,False,2.0680475050334177,1787232900,pullback,,unavailable,,
CDTG,2026-08-20,trigger_shift_down_5t,realistic,pessimistic,exp1_common_exits,1787249640,1787249640,2026-08-20T14:15:00-04:00,pullback,2.7801000690460205,2.8801000690460206,2.7213001155853274,0.05879995346069311,154,154,2.870091496491475,0.05009156324867714,1787250540,2026-08-20T14:29:00-04:00,2.8225870357824996,STOP_AMBIGUOUS,4.527596416473363,3.0,7.315607697794164,-5.7880112813208004,-0.6391924929816505,-2.0423740058188034,2.039262039984865,14,False,False,False,-6.6378742567736415,2.8101999759674072,0.8038221708476649,12.04819080993089,4.846110459843843,1,3,19.56661853259699,0.4002784148609637,0,,32.31124596999311,False,4.679999828338623,3.7376477209802315,2.711807695389912,2.64972981766508,0.04428303399761546,0.035704718209780106,0.07451776781244368,False,2.1150301068432427,1787232900,pullback,,unavailable,,
CLRO,2026-08-06,trigger_shift_down_5t,realistic,pessimistic,exp1_common_exits,1786031520,1786031520,2026-08-06T11:53:00-04:00,pullback,9.810000381469727,9.910000381469727,9.64999984741211,0.16000053405761783,111,111,9.899954626600747,0.08995424513101949,1786031580,2026-08-06T11:53:00-04:00,10.130003615025684,T2,26.720089187622186,3.0,9.984678680182505,13.735410507439681,0.7733876498149698,-1.5615877393088953,2.374648139801829,0,False,False,False,164.53802934997444,9.734999656677246,,8.122950084307535,2.864436251002849,2,1,25.675722697555376,1.4332068023762425,0,,20.87492793822491,False,13.15,10.709729243762064,9.471034902495687,9.309315260585239,0.1364254790378432,0.07754023485949968,0.17810256924698345,False,1.6309941675419861,1786023300,pullback,,unavailable,,
CLRO,2026-08-06,trigger_shift_down_5t,realistic,pessimistic,exp1_common_exits,1786034340,1786034340,2026-08-06T12:40:00-04:00,pullback,9.199899635314942,9.299899635314942,9.090000381469727,0.10989925384521548,129,129,9.274923601441367,0.07502396612642541,1786034400,2026-08-06T12:40:00-04:00,9.014976415343302,STOP,-23.855095376341552,2.0,9.678091630308877,-35.53318700665043,-2.506396107611512,-2.3123356684337515,0.0,0,True,False,False,148.27446176196898,9.136500358581543,3617.8012679681124,11.165859951569587,2.454425180175885,1,1,16.144614424490264,0.8407780429188922,0,,35.942922508359025,False,13.15,10.645670513937514,8.804597955738377,8.759451667794531,-0.02690104385868608,0.10466850348047402,0.17749078616023123,False,1.1945701388236207,1786023300,pullback,,unavailable,,
CRMD,2026-08-13,trigger_shift_down_5t,realistic,pessimistic,exp1_common_exits,1786628280,1786628280,2026-08-13T09:39:00-04:00,pullback,8.939999542236329,9.039999542236329,8.790100326538086,0.14989921569824283,114,114,8.98000920837099,0.04000966613466175,1786628580,2026-08-13T09:43:00-04:00,8.750075911046633,STOP,-21.649612528951128,2.0,4.562783366025681,-28.212395894976808,-1.6509569834686053,-1.5010691876002276,0.0,4,False,False,False,25.81689761815807,8.932999610900879,21.88713221245701,6.5243086257406535,2.166905557728818,1,1,32.7089936814654,1.1170853430730199,0,,0.26684595922450877,False,8.979999542236328,8.625044417235584,8.668068073648943,8.524158049005102,0.14200713470973803,0.04585294676663905,0.1587271457860035,False,1.6767250936653373,1786628100,pullback,,unavailable,,
CRMD,2026-08-13,trigger_shift_down_5t,realistic,pessimistic,exp1_common_exits,1786645920,1786645920,2026-08-13T14:33:00-04:00,pullback,8.130000076293946,8.230000076293946,8.109999885559082,0.02000019073486392,181,30,8.205037489957354,0.03503741366340796,1786646340,2026-08-13T14:39:00-04:00,8.170020838656523,STOP,0.37443078418463527,3.0,1.0503581029997302,-3.675927318815095,-6.126487104624281,-2.246853909432351,1.2480907112281223,6,False,False,True,15.070425155403584,8.170000076293945,7.902348690153568,5.249684087748539,5.210728979353587,1,4,24.390317654707367,0.20160153793895944,0,,42.49956798965324,False,8.979999542236328,8.400541207284215,8.100031835616045,8.007249216446116,0.08748551010918604,0.029039865212093383,0.03977184171992788,False,0.2460048037783167,1786628100,pullback,,unavailable,,
CRSR,2026-08-07,trigger_shift_down_5t,realistic,pessimistic,exp1_common_exits,1786109580,1786109580,2026-08-07T09:34:00-04:00,pullback,12.569999656677247,12.69569965324402,12.357500305175781,0.21249935150146548,96,96,12.684606781710634,0.035006752718935163,1786109640,2026-08-07T09:34:00-04:00,13.074602108354098,T2,30.59990661621102,3.0,3.360324130508888,24.23958248570213,1.1882184538854426,-0.25697333607787476,2.095975021021238,0,False,False,False,18.284642759971312,12.550000190734863,13.928109099209886,7.185125840672379,3.102092681570901,1,1,36.7646893828047,0.4555435077256709,0,,1.364711662758898,False,12.86,12.407532094779407,12.41938830624549,12.407736298728505,-0.016507443928146515,0.03852070256778581,0.23417343612477043,False,1.6905279021911888,1786109700,pullback,,unavailable,,
DDD,2026-08-04,trigger_shift_down_5t,realistic,pessimistic,exp1_common_exits,1785851760,1785851760,2026-08-04T09:57:00-04:00,pullback,3.509999952316284,3.6099999523162842,3.4849998855590822,0.0250000667572019,177,177,3.5455044145006234,0.03550446218433901,1785851880,2026-08-04T09:58:00-04:00,3.445996580552484,STOP,-10.709301622652788,2.0,6.903584986167893,-19.61288660882068,-4.4322789235939615,-2.620168820479923,0.0,1,False,False,False,23.67491499492834,3.5,14.535834272234949,5.651615120708939,4.844308332611042,1,1,28.96265903994737,0.15632851895774494,1,half_dollar,1.5999957275504886,False,3.549999952316284,3.4136790660637897,3.468380518779396,3.4055759950445625,0.06465099913789851,0.015874359433197635,0.04831537605021692,False,0.7122526238413225,1785850500,pullback,,unavailable,,
DDD,2026-08-04,trigger_shift_down_5t,realistic,pessimistic,exp1_common_exits,1785863640,1785863640,2026-08-04T13:15:00-04:00,pullback,3.700000009536743,3.800000009536743,3.6700000667572024,0.029999942779540767,173,173,3.735007576655466,0.035007567118722986,1785863760,2026-08-04T13:16:00-04:00,3.634994444972444,STOP,-11.246299212399586,2.0,6.055972568763211,-19.302271781162798,-3.719134604507682,-2.833588114241585,0.0,1,False,False,False,30.74205467957553,3.700000047683716,6.056748337931347,8.485812222474728,12.053263097566896,2,4,28.862480701865167,0.3312601624290487,0,,2.166673978183724,False,3.765000104904175,3.487148081748537,3.6854871137083762,3.6201638783430123,0.06707003384619625,0.014666152800485818,0.03115328443599214,False,0.8108092622220533,1785850500,pullback,,unavailable,,
DFNS,2026-07-27,trigger_shift_down_5t,realistic,pessimistic,exp1_common_exits,1785168300,1785168300,2026-07-27T12:06:00-04:00,pullback,6.823800048828125,6.923800048828125,6.77000020980835,0.05379983901977514,157,157,6.914871723581711,0.06487181894914269,1785168780,2026-07-27T12:13:00-04:00,6.962469853922419,T2,12.696762008666887,3.0,9.420241667763069,0.2765203409038186,0.0327375711303677,-1.763417022223096,15.522876864209987,7,False,False,False,56.78161657885007,6.820000171661377,,5.013598348342364,4.811921859315883,1,4,39.40579605405796,0.17609982156381981,0,,34.13021274091444,False,8.66,6.6835788570176335,6.787064366266495,6.756940485996932,0.02309702955582793,0.015884799963957915,0.09507298517650734,False,0.7884146463086118,1785159300,pullback,,unavailable,,
DFNS,2026-07-27,trigger_shift_down_5t,realistic,pessimistic,exp1_common_exits,1785169260,1785169260,2026-07-27T12:22:00-04:00,pullback,9.159999809265138,9.259999809265137,8.885751090811777,0.27424871845336085,84,84,9.220003038758723,0.06000322949358552,1785169320,2026-07-27T12:22:00-04:00,8.825747861318192,STOP,-28.077163627543417,2.0,5.0402712774611835,-35.1174349050046,-1.52439983533105,-2.443048236660406,0.656326056094812,0,True,False,False,105.97701688694168,8.960000038146973,,36.494362509702796,10.864541168406525,2,1,22.00088466356176,1.0085555342413197,0,,0.6928038653238074,False,9.350000381469727,6.793552440500761,8.11539357475925,7.543969060687147,0.5011059324969418,0.24862770462319694,0.2742487184533606,True,2.9939817048463726,1785159300,pullback,,unavailable,,
DUOT,2026-08-18,trigger_shift_down_5t,realistic,pessimistic,exp1_common_exits,1787060160,1787060160,2026-08-18T09:37:00-04:00,pullback,12.345000228881837,12.468450231170655,11.99,0.3550002288818366,72,72,12.38366611420133,0.038665885319492485,1787062380,2026-08-18T10:13:00-04:00,12.313650390788746,STOP,12.780008239746106,3.0,4.320617242523934,5.459390997222172,0.21359105936423978,-0.7990578868782138,1.2572775260189755,36,False,False,False,18.871601016052807,12.220000267028809,2.5225270907281163,13.557777999540086,4.373647748519411,1,1,32.21473932684664,1.134879444036746,0,,0.38027951074765776,False,12.479999542236328,11.767262840944303,11.944142199844169,11.736856047749194,0.1812744017065917,0.09401678892950521,0.24009810468929452,False,2.8756599619276892,1787060100,pullback,,unavailable,,
DXST,2026-08-04,trigger_shift_down_5t,realistic,pessimistic,exp1_common_exits,1785852600,1785852600,2026-08-04T10:11:00-04:00,pullback,2.96,3.06,2.8815998935699465,0.07840010643005346,143,143,3.010008868098377,0.05000886809837731,1785853140,2026-08-04T10:19:00-04:00,2.8315763071734366,STOP,-18.362483357565594,2.0,7.153372854700917,-27.515856212266513,-2.454315225740484,-2.4223028220221665,0.0,8,False,False,False,29.513276908306008,2.927000045776367,,8.108104392795584,2.0770676076439125,1,1,48.177845500456705,1.0042130257089126,0,,7.780601682527383,False,3.57,2.9064344989933804,2.870318086431948,2.857218578132852,0.0033436037343750336,0.015318719514180753,0.0703540188766885,False,2.648652244258563,1785850500,pullback,,unavailable,,
DXST,2026-08-04,trigger_shift_down_5t,realistic,pessimistic,exp1_common_exits,1785854280,1785854280,2026-08-04T10:39:00-04:00,pullback,3.1300000762939453,3.2300000762939454,3.064099004336458,0.06590107195748729,150,150,3.175006569187482,0.04500645474656375,1785854340,2026-08-04T10:39:00-04:00,3.019092549589894,STOP,-16.636134727653584,2.0,6.750968211984563,-25.387102939638147,-2.5682033372704813,-1.7451404505549082,0.0,0,True,False,False,38.9380583254133,3.140000104904175,,12.32394907143936,3.971758471942487,2,1,45.542834605012104,2.4508088420865106,0,,6.676673241216744,False,3.57,2.9170952828038286,3.026025531265525,2.9616619372913595,0.05362639312892492,0.03220516883598289,0.06590107195748739,True,2.1054655064263446,1785850500,pullback,,unavailable,,
EDBL,2026-07-27,trigger_shift_down_5t,realistic,pessimistic,exp1_common_exits,1785170940,1785170940,2026-07-27T12:50:00-04:00,pullback,3.2999999141693115,3.3999999141693116,3.238297818060612,0.06170209610869959,152,152,3.3450076065045726,0.04500769233526134,1785171000,2026-07-27T12:50:00-04:00,3.1932901257253508,STOP,-16.219887843482,2.0,6.8411692349597235,-25.061057078441724,-2.6721195212818327,-2.0259859190864327,0.0,0,True,False,False,3.7579550368390864,3.257999897003174,,10.231021310450815,3.222858912807806,1,1,45.16125558937853,1.99431834242587,0,,107.61384952195314,False,9.94,6.762119748863424,3.1514115472590905,3.1085026112820633,0.025791108529886753,0.03213530240109471,0.0617020961086996,True,1.8697605367735737,1785159060,pullback,,unavailable,,
EDBL,2026-07-27,trigger_shift_down_5t,realistic,pessimistic,exp1_common_exits,1785172140,1785172140,2026-07-27T13:10:00-04:00,pullback,3.359100065231323,3.4591000652313233,3.319999923706055,0.039100141525268306,167,167,3.4039868304312195,0.04488676519989634,1785172320,2026-07-27T13:12:00-04:00,3.2751392088391538,STOP,-14.025813423102498,2.0,7.491739382772483,-23.51755280587498,-3.601615339557036,-7.240048339801669,0.40954444761733905,2,False,False,False,6.633753767525947,3.348299980163574,,10.506035670231746,2.4700949711918603,2,1,42.437130565057046,0.30828457758015443,0,,168.30885204125914,False,9.94,6.6937424298819765,3.250945547217705,3.178429567754727,0.06141087792714739,0.033697985474020094,0.08856434756814413,False,1.1640064530967074,1785159060,pullback,,unavailable,,
EMBC,2026-08-07,trigger_shift_down_5t,realistic,pessimistic,exp1_common_exits,1786109760,1786109760,2026-08-07T09:37:00-04:00,pullback,4.340000114440918,4.440000114440918,4.2900001907348635,0.04999992370605444,160,160,4.385008621800529,0.03500871716796124,1786109880,2026-08-07T09:38:00-04:00,4.254992155643828,STOP,-15.201348970506572,2.0,5.601285614565612,-22.802634585072184,-2.8503336723980635,-3.3001816678551883,0.2998299288422121,1,False,False,False,23.85714394705636,4.335000038146973,31.14288318118991,10.606062430506404,2.896681353071635,1,1,19.047597422355032,0.6155388911457819,0,,0.8000012207049924,False,4.380000114440918,4.12173147636999,4.217623469934971,4.148537434842326,0.06947316567587425,0.020662463218690266,0.07522500304485673,False,1.15207194441504,1786109700,pullback,,unavailable,,
ENTX,2026-07-27,trigger_shift_down_5t,realistic,pessimistic,exp1_common_exits,1785168420,1785168420,2026-07-27T12:08:00-04:00,pullback,3.700000009536743,3.800000009536743,3.6500000858306887,0.04999992370605444,160,160,3.750003064462401,0.050003054925658263,1785168540,2026-07-27T12:09:00-04:00,3.8000021586172084,T2,11.999981689453081,3.0,8.000120521168286,0.9998611682847951,0.12498283674427424,-1.4000620904291987,2.7999450812126248,1,False,False,False,79.51707559718331,3.6800999641418457,,5.64971892200318,2.191687302014687,1,1,39.99995231629555,0.5724154135338346,0,,10.000011253374156,False,4.199999809265137,3.3789982957311415,3.6014801641921887,3.5575213215371777,0.03451533750152658,0.022570112504027885,0.0690652044373882,False,1.3513492858697225,1785159300,pullback,,unavailable,,
ENTX,2026-07-27,trigger_shift_down_5t,realistic,pessimistic,exp1_common_exits,1785176040,1785176040,2026-07-27T14:15:00-04:00,pullback,3.7799000358581543,3.8799000358581544,3.74,0.03990003585815405,166,166,3.8199102126726316,0.04001017681447739,1785176100,2026-07-27T14:15:00-04:00,3.699989823185523,STOP,-13.265095303656814,2.0,6.641689351203246,-21.90678465486006,-3.3074802921818374,-2.12807622225367,0.0,0,True,False,False,83.9024423716113,3.7699999809265137,,5.522103773994987,2.406567225015042,1,1,34.96747538887603,1.2976378905344235,0,,10.52880691386973,False,4.199999809265137,3.4249950268319336,3.7162345809536683,3.700870049682672,0.008446246674476132,0.012937006960938774,0.04392450239950886,False,1.055584419684144,1785159300,pullback,,unavailable,,
EZRA,2026-08-03,trigger_shift_down_5t,realistic,pessimistic,exp1_common_exits,1785781020,1785781020,2026-08-03T14:18:00-04:00,pullback,2.8800000762939453,2.9800000762939454,2.8499998950958254,0.03000018119811987,173,173,2.925006148838827,0.04500607254488137,1785781140,2026-08-03T14:19:00-04:00,2.804993341199158,STOP,-12.976081897539267,2.0,7.786133824123456,-22.762215721662724,-4.38575688634618,-3.8335170477734755,0.0,1,False,False,False,57.686807992550314,2.8698999881744385,,7.51904428883363,2.101013887720032,2,1,43.62585737647134,1.1608521760592014,0,,57.33298132367336,False,4.599999904632568,3.71547585623051,2.8355253969966605,2.8057799549934233,0.028511103800374027,0.010037247902651817,0.05663070515502804,False,1.041672930673142,1785764100,pullback,,unavailable,,
FCUV,2026-08-03,trigger_shift_down_5t,realistic,pessimistic,exp1_common_exits,1785768360,1785768360,2026-08-03T10:47:00-04:00,pullback,15.620099983215333,15.776300983047486,15.290000190734863,0.3300997924804694,75,75,15.737843011194839,0.11774302797950503,1785768540,2026-08-03T10:49:00-04:00,15.172272528725678,STOP,-33.58821153449809,2.0,8.82957465068896,-44.417786185187055,-1.794115484549623,-2.8410887914007508,0.0,2,False,False,False,32.586203522971445,15.380000114440918,,7.275657223910035,2.5506048908454764,1,1,33.90449612236047,0.6647936872450101,0,,16.236302290622532,False,20.9797,15.296009057589384,15.04604264017951,14.946715936738666,0.04798286341934954,0.08894326871283695,0.3641798281777784,False,2.113301405465906,1785764100,pullback,,unavailable,,
FEMY,2026-08-19,trigger_shift_down_5t,realistic,pessimistic,exp1_common_exits,1787156340,1787156340,2026-08-19T12:20:00-04:00,pullback,2.590000114440918,2.690000114440918,2.569999923706055,0.020000190734863033,181,181,2.629925233334503,0.039925118893584986,1787156760,2026-08-19T12:26:00-04:00,2.6303170563492606,T2,5.440051879882725,3.0,7.169140658764263,-4.729088778881538,-1.306365657239397,-2.496241675406708,2.003723038980151,6,False,False,False,17.709092276549505,2.589600086212158,347.6202823631177,6.000003814697266,4.062873594929366,1,3,46.666751437663116,0.7111815301041196,1,ema9,54.99947262313317,False,3.690000057220459,3.062382643603037,2.582960507048237,2.5540531379002176,0.028770856390088362,0.007579558365215587,0.036634188733809595,False,0.7722081023606561,1787146500,pullback,,unavailable,,
FEMY,2026-08-19,trigger_shift_down_5t,realistic,pessimistic,exp1_common_exits,1787157960,1787157960,2026-08-19T12:47:00-04:00,pullback,2.7299999809265136,2.8299999809265137,2.6900999450683596,0.03990003585815405,166,166,2.770018717955611,0.04001873702909735,1787158500,2026-08-19T12:55:00-04:00,2.7267627166816766,STOP,3.3117029762267913,3.0,6.910590326524638,-6.598887350297846,-0.9962981882234406,-1.7523486228387115,1.2526609115057414,8,False,False,False,24.318174355286374,2.734999895095825,,5.451496778154367,2.7842209725438307,2,1,48.81290124936732,0.7588009552437416,0,,24.060130665214874,False,3.690000057220459,3.0569810367801526,2.6909526387024565,2.6566330682196715,0.03495331570805105,0.01013990871430235,0.04621286238959193,False,1.4615397852351881,1787146500,pullback,,unavailable,,
FIEE,2026-08-17,trigger_shift_down_5t,realistic,pessimistic,exp1_common_exits,1786975440,1786975440,2026-08-17T10:05:00-04:00,pullback,6.010000190734863,6.110000190734863,5.96160005569458,0.048400135040282954,161,161,6.0911839934907475,0.051184031637720215,1786975500,2026-08-17T10:05:00-04:00,5.91041602405686,STOP,-20.8630139851829,2.0,8.240629093672954,-31.103643078855853,-3.9915246005314673,-4.156685241429765,0.0,0,True,False,False,20.399999618530273,6.019999980926514,78.25254498106061,5.513013429395832,2.578955823293173,1,1,37.20931975052224,1.380839666126822,1,half_dollar,28.512313201535,False,7.39,5.5841482646326215,5.884998548995563,5.825905371381735,0.05336656195547285,0.02250352165674513,0.12450992715348076,False,0.805326680603065,1786973700,pullback,,unavailable,,
FIRY,2026-07-28,trigger_shift_down_5t,realistic,pessimistic,exp1_common_exits,1785252120,1785252120,2026-07-28T11:23:00-04:00,pullback,12.689999542236329,12.816899537658692,12.590000381469727,0.0999991607666022,133,133,12.790043626646424,0.10004408441009477,1785252180,2026-07-28T11:23:00-04:00,12.489956297059631,STOP,-26.60575160850086,2.0,13.305863226542604,-41.911614835043466,-3.151275682275536,-2.4004545045315115,0.0,0,True,False,False,51.3756011085894,12.654999732971191,,5.020581312786505,99.24150119224825,1,1,26.229456937739197,0.012883640035293622,0,,14.300123444639404,False,14.119999885559082,12.554408862291194,12.424804805535272,12.261370236476939,0.13815233435422414,0.07285140740293962,0.20853548239862896,False,0.7880154796993758,1785245700,pullback,,unavailable,,
GRSD,2026-08-14,trigger_shift_down_5t,realistic,pessimistic,exp1_common_exits,1786714560,1786714560,2026-08-14T09:37:00-04:00,pullback,2.3659998989105224,2.4659998989105225,2.325000038146973,0.040999860763549556,165,165,2.4010070041996863,0.035007105289163724,1786714620,2026-08-14T09:37:00-04:00,2.289992932857809,STOP,-12.54114939869773,2.0,5.776172372712015,-20.317321771409745,-3.0033097959337787,-2.1977399338913233,0.0,0,True,False,False,23.031416142098973,2.349900007247925,,7.314887974112125,7.731666499007765,1,1,43.29265190117247,1.3371813826956058,0,,0.9756130692902637,False,2.4059998989105225,2.298654440534431,2.2880917944170545,2.2339009101843166,0.04935720285805889,0.021487692073224735,0.03596691981439174,False,1.732876691263971,1786714500,pullback,,unavailable,,
HNST,2026-08-06,trigger_shift_down_5t,realistic,pessimistic,exp1_common_exits,1786023420,1786023420,2026-08-06T09:38:00-04:00,pullback,5.668000183105469,5.768000183105468,5.6010000610351565,0.06700012207031225,149,149,5.703008944899806,0.035008761794336894,1786023540,2026-08-06T09:39:00-04:00,5.565993893925678,STOP,-15.199323695832739,2.0,5.215918899312322,-22.41524259514506,-2.245337248911271,-2.4329654634914157,0.0,1,False,False,False,47.01298669128882,5.659999847412109,64.96557246892624,5.93320794019701,2.537542719802749,1,1,30.89422651114037,0.7764090587635478,0,,0.6238732429650307,False,5.709799766540527,5.402339729152712,5.417522989872657,5.141482809403767,0.27834720777600364,0.07062270297293935,0.13204843541640593,False,1.1820769214161038,1786023300,pullback,,unavailable,,
HTZ,2026-08-07,trigger_shift_down_5t,realistic,pessimistic,exp1_common_exits,1786116540,1786116540,2026-08-07T11:30:00-04:00,pullback,2.319999895095825,2.4199998950958252,2.2899999523162844,0.029999942779540767,173,173,2.360000231188894,0.04000033609306915,1786116660,2026-08-07T11:31:00-04:00,2.2499996527995556,STOP,-12.110048244961469,2.0,6.920051816394096,-21.030100061355565,-4.0520501297042095,-3.3333477153774784,0.0,1,False,False,False,16.658412505219832,2.3564999103546143,8.141108424353897,6.136363069873223,2.007171804145133,1,4,25.925991335691617,0.9948597320183006,0,,18.666705767388372,False,2.88,2.3282924179462574,2.298504407386081,2.2596805488227316,0.03303433753212692,0.017157482691045174,0.026668682142752687,False,1.2931010403473164,1786109700,pullback,,unavailable,,
INLF,2026-08-05,trigger_shift_down_5t,realistic,pessimistic,exp1_common_exits,1785953100,1785953100,2026-08-05T14:06:00-04:00,pullback,6.454999885559082,6.554999885559082,6.339999904632569,0.11499998092651342,126,126,6.537520417624596,0.08252053206551377,1785953280,2026-08-05T14:08:00-04:00,6.259866317543487,STOP,-24.887584636995513,2.0,10.096831973224198,-36.98441661021971,-2.552410127282478,-2.0671351123795816,0.0,2,False,False,False,101.88679061383561,6.420000076293945,389.52056547957676,12.136752986692006,2.838255413723863,1,1,29.577468572403355,0.7357536658058142,0,,26.3043492034165,False,9.479999542236328,7.1629994144333295,6.17180980956689,6.091338293177931,0.02831742532075765,0.0821541381414903,0.15908554861248841,False,1.7815644146452685,1785936900,pullback,,unavailable,,
JLHL,2026-08-05,trigger_shift_down_5t,realistic,pessimistic,exp1_common_exits,1785952740,1785952740,2026-08-05T14:00:00-04:00,pullback,10.128100357055665,10.229381360626222,10.085000267028809,0.04310009002685611,164,164,10.210742400543843,0.08264204348817764,1785952800,2026-08-05T14:00:00-04:00,10.00235822354063,STOP,-20.621709896465745,2.0,13.553295132061132,-36.175005028526876,-5.117838473585251,-3.031138472173985,0.0,0,True,False,False,87.03689171151457,10.137399673461914,,5.606515938171965,2.5638853593110267,1,2,48.181774044763806,0.7336899517516258,0,,139.48692517455757,False,16.139999389648438,11.668489108733661,10.0716758160585,10.011152852076512,0.04457483934936768,0.03534164923859476,0.16544989599602142,False,0.42554959476513043,1785936900,pullback,,unavailable,,
JLHL,2026-08-05,trigger_shift_down_5t,realistic,pessimistic,exp1_common_exits,1785955200,1785955200,2026-08-05T14:41:00-04:00,pullback,11.060000381469727,11.170600385284425,10.859336249628972,0.20066413184075493,99,99,11.134168808053396,0.07416842658366907,1785955260,2026-08-05T14:41:00-04:00,10.785167823045303,STOP,-27.20842328401798,2.0,7.342674231783238,-36.55109751580122,-1.8399053274907602,-2.4128337490197502,0.0,0,True,False,False,102.0295139322666,10.949999809265137,,12.22222307849549,3.401162689804772,2,1,31.02475848789819,1.667108861586187,0,,25.315929466707818,False,16.139999389648438,11.636487816994297,10.499133413069714,10.26491410614517,0.18994589392628924,0.12306671070044561,0.2006641318407543,True,1.8143230101235253,1785936900,pullback,,unavailable,,
JUNS,2026-08-21,trigger_shift_down_5t,realistic,pessimistic,exp1_common_exits,1787328060,1787328060,2026-08-21T12:02:00-04:00,pullback,8.590000114440919,8.690000114440918,8.519999732971192,0.0700003814697272,148,148,8.670017040682376,0.08001692624145781,1787328180,2026-08-21T12:03:00-04:00,8.590010087166974,STOP_AMBIGUOUS,5.180028228759799,3.0,11.841147888263624,-9.661119659503825,-0.9325354257593362,-1.714517084444978,4.142591674161151,1,False,False,False,65.57060528619637,8.5600004196167,,7.946205309051092,2.014857572865428,1,2,46.15390258431219,0.495312488138887,0,,37.28550673617335,False,11.199999809265137,8.679634346219233,8.477024945423715,8.423799648433542,0.03502191422589718,0.03471041983955102,0.1688912859475871,False,0.8149054777315703,1787319300,pullback,,unavailable,,
LFS,2026-08-14,trigger_shift_down_5t,realistic,pessimistic,exp1_common_exits,1786719840,1786719840,2026-08-14T11:05:00-04:00,pullback,3.090000114440918,3.190000114440918,3.069999923706055,0.020000190734863033,181,181,3.1500027682656584,0.05000286363309006,1786719900,2026-08-14T11:05:00-04:00,3.1400016602169676,T2,5.440051879882766,3.0,9.050268228718814,-6.6102163488360475,-1.8260092015198182,-2.5001193386585205,2.499840130569626,0,False,False,False,43.51850840044651,3.0999999046325684,,8.241373646131922,3.0534342467959346,3,1,24.686215007810958,1.3165150706689666,0,,2.9949636939650546,False,3.149899959564209,2.6835142483359835,2.9939929981897926,2.9209442257753264,0.06219148756718784,0.034550563926302125,0.06891248379093799,False,0.6472553396161191,1786714500,pullback,,unavailable,,
LFS,2026-08-14,trigger_shift_down_5t,realistic,pessimistic,exp1_common_exits,1786720020,1786720020,2026-08-14T11:08:00-04:00,pullback,3.2299999809265136,3.3299999809265137,3.170099964141846,0.05990001678466772,153,153,3.2800038621775487,0.050003881251034894,1786720080,2026-08-14T11:08:00-04:00,3.120096082890811,STOP,-16.815296399462547,2.0,7.650593831408339,-26.465890230870887,-2.8878067819815887,-3.005073574387628,0.0,0,True,False,False,48.84258270447676,3.2149999141693115,,12.758616323845425,3.8369399229733756,4,1,24.29730934884644,1.3895366990183822,0,,0.6677794456017351,False,3.2699999809265137,2.716971766031938,3.106324422321099,2.999489957309339,0.09814762128663324,0.040045076194915034,0.0757146988068085,False,1.8544896946867975,1786714500,pullback,,unavailable,,
LVWR,2026-07-28,trigger_shift_down_5t,realistic,pessimistic,exp1_common_exits,1785253080,1785253080,2026-07-28T11:39:00-04:00,pullback,2.709500036239624,2.809500036239624,2.6810998821258547,0.028400154113769283,175,175,2.7742060870907803,0.044806167580892585,1785253560,2026-07-28T11:46:00-04:00,2.7297029908466692,STOP,2.4708134078979356,3.0,7.787935798358863,-8.317122390460927,-1.673456188631541,-2.2607641031313475,1.2603401920064483,7,False,False,False,11.934154480910276,2.7200000286102295,0.31313766389538555,5.331448040482843,4.727980037653246,1,1,49.32007154267302,0.2227405247813411,0,,15.51048129398141,False,3.1500000953674316,2.7969856093517262,2.686954987117987,2.6858354113940734,-0.0007279663953556614,0.002688783658751628,0.04404195505952884,False,1.0481695417573937,1785245700,pullback,,unavailable,,
LVWR,2026-07-28,trigger_shift_down_5t,realistic,pessimistic,exp1_common_exits,1785266760,1785266760,2026-07-28T15:27:00-04:00,pullback,1.9999999618530273,2.0999999618530274,1.9435219671437742,0.056477994709253077,155,155,2.0450253301439276,0.04502536829090015,1785267360,2026-07-28T15:36:00-04:00,1.8985082781789147,STOP,-15.733021265023787,2.0,6.977121789553224,-24.71014305457701,-2.8226972043209946,-2.2137006404511794,0.0,9,False,False,False,-17.90123662709736,1.9950000047683716,0.20707754397258385,9.283642148849479,2.9131724938717585,1,2,35.256072027975954,0.33765004123270514,0,,20.36191510400765,False,3.1500000953674316,2.6964119944951124,1.96563276615929,2.0167083795012783,-0.05675198428391415,-0.005684078950931162,0.05647799470925301,True,2.823899789324268,1785245700,pullback,,unavailable,,
LVWR,2026-07-29,trigger_shift_down_5t,realistic,pessimistic,exp1_common_exits,1785332400,1785332400,2026-07-29T09:41:00-04:00,pullback,2.340000114440918,2.440000114440918,2.2899999523162844,0.05000016212463354,159,159,2.3849069142314034,0.035006906983478824,1785332520,2026-07-29T09:42:00-04:00,2.254991811744464,STOP,-15.09020694450395,2.0,5.566294350919409,-22.65650129542336,-2.849865136115996,-2.0981320536548522,0.0,1,False,False,False,18.461532630393858,2.309999942779541,0.18676952476887426,12.03703611721231,3.348609247072779,2,2,46.153895530476774,1.1039008654229123,0,,1.59999404909157,False,2.4200000762939453,2.2353201561798124,2.273709844403799,2.2036788079304808,0.06761205253748992,0.021336223870622714,0.06945782395161373,False,2.136758960654144,1785332100,pullback,,unavailable,,
LVWR,2026-07-29,trigger_shift_down_5t,realistic,pessimistic,exp1_common_exits,1785338400,1785338400,2026-07-29T11:21:00-04:00,pullback,2.3749999618530273,2.4749999618530274,2.3399999046325686,0.035000057220458736,170,170,2.4197073459270233,0.03970723148610525,1785338580,2026-07-29T11:23:00-04:00,2.300294830593215,STOP,-13.550265020057294,2.0,6.7498625866900905,-22.300127606747385,-3.7479144788221515,-2.5630650160346464,0.8655043494896173,2,False,False,False,22.051284935504096,2.380000114440918,0.1215824410532889,8.968611927044343,5.746013645779881,1,1,40.00007152555668,1.002173064583347,0,,2.142856091870855,False,2.450000047683716,2.265138380833443,2.324252403166623,2.2822993268942984,0.0354528176363158,0.019757205066789643,0.038207047886071925,False,1.4736866434789715,1785332100,pullback,,unavailable,,
MRVI,2026-08-19,trigger_shift_down_5t,realistic,pessimistic,exp1_common_exits,1787146920,1787146920,2026-08-19T09:43:00-04:00,pullback,7.510000190734863,7.610000190734863,7.439999809265137,0.07000038146972631,148,148,7.563640288141499,0.05364009740663546,1787146980,2026-08-19T09:43:00-04:00,7.386359711858502,STOP,-18.298790873701506,2.0,7.938734416182048,-28.237525289883553,-2.725615000812887,-2.0519918439255167,0.0,0,True,False,False,30.209064026771998,7.473999977111816,43.20104082887827,5.373345860873757,2.2557556084652637,2,1,25.974109615508468,0.7809869303520851,0,,0.5714254574069598,False,7.550000190734863,7.1890450261223044,7.3092643181435,7.162323712761381,0.13211761780475495,0.05565526578370865,0.1489691260556556,False,0.9320956017562588,1787146500,pullback,,unavailable,,
MSS,2026-08-19,trigger_shift_down_5t,realistic,pessimistic,exp1_common_exits,1787153700,1787153700,2026-08-19T11:36:00-04:00,pullback,2.140000066757202,2.240000066757202,2.115,0.0250000667572019,177,177,2.1850087027364014,0.04500859783222635,1787153820,2026-08-19T11:37:00-04:00,2.190007892357804,T2,6.650017757415732,3.0,7.965166121629361,-4.315148364213629,-0.9751721675830903,-2.5603392126762605,2.5996449487430375,1,False,False,False,35.66879256559263,2.130000114440918,,7.920796403042599,2.582611725653573,1,1,34.375023283051874,1.0850302094243935,0,,39.19988807708148,False,3.119999885559082,2.3819949354473766,2.090737040914115,2.063061823875908,0.01896805211549646,0.018118420267245167,0.04721602045213825,False,1.1682273821180367,1787146500,pullback,,unavailable,,
MSS,2026-08-19,trigger_shift_down_5t,realistic,pessimistic,exp1_common_exits,1787157960,1787157960,2026-08-19T12:47:00-04:00,pullback,2.2499999618530273,2.3499999618530274,2.200000038146973,0.04999992370605444,160,160,2.3285544460280936,0.04355436019740519,1787158320,2026-08-19T12:52:00-04:00,2.2850022183009506,STOP,3.999993896484371,3.0,6.9682539568163,-5.968260060331929,-0.7460336458984984,-2.3710917756213554,1.0289149382560934,5,False,False,False,45.853502418164155,2.289900064468384,,5.361305853581869,2.284762940532787,2,2,43.478215799894265,0.793682110559398,0,,17.400025024452333,False,3.119999885559082,2.3639796678659573,2.217993771266945,2.1913886647139775,0.023877945583622218,0.011119516242753074,0.04367074571226479,False,2.222218869056163,1787146500,pullback,,unavailable,,
MSS,2026-08-19,trigger_shift_down_5t,realistic,pessimistic,exp1_common_exits,1787158740,1787158740,2026-08-19T13:00:00-04:00,pullback,2.4300000286102295,2.5300000286102295,2.3599998855590822,0.07000014305114721,148,148,2.4750021261157333,0.045002097505503796,1787158800,2026-08-19T13:00:00-04:00,2.3149977880535784,STOP,-17.020331602384374,2.0,6.660310430814562,-25.680642033198936,-2.478821385391794,-2.357169230577567,0.0,0,True,False,False,54.458590528632435,2.424999952316284,,10.313902112388593,4.107794143736276,3,2,39.13049788014803,0.7420696127865867,0,,9.857120669663322,False,3.119999885559082,2.3635308881952595,2.3578606660192527,2.3018821932471156,0.05746228966936329,0.01395241922766225,0.06634043117389084,False,2.8806642891762366,1787146500,pullback,,unavailable,,
MSS,2026-08-19,trigger_shift_down_5t,realistic,pessimistic,exp1_common_exits,1787163840,1787163840,2026-08-19T14:26:00-04:00,pullback,2.3798999404907226,2.4798999404907227,2.3299999141693117,0.049900026321410884,160,160,2.419903362745672,0.04000342225494913,1787164500,2026-08-19T14:35:00-04:00,2.2899973914780927,STOP,-14.384551772217595,2.0,6.4004036305950756,-22.78495540281267,-2.8538255741656045,-4.406877736807944,0.6031396605722873,9,False,False,False,49.68151758735592,2.3499999046325684,,7.55110846625434,2.949349081521154,1,1,47.02769529561669,1.9887378640776698,0,,14.831654402370537,False,3.119999885559082,2.360411592147832,2.3366852600029437,2.3152662017310477,0.02012051987304142,0.007389391084735936,0.04354404484199512,False,2.096727911641603,1787146500,pullback,,unavailable,,
NAMI,2026-08-07,trigger_shift_down_5t,realistic,pessimistic,exp1_common_exits,1786121460,1786121460,2026-08-07T12:52:00-04:00,pullback,4.499999961853027,4.599999961853027,4.4700000190734865,0.029999942779540767,173,128,4.573073966332976,0.05507384044796689,1786121640,2026-08-07T12:54:00-04:00,4.414983565149645,STOP,-13.193465249214732,2.0,7.042106102251702,-22.235571351466433,-5.790524417326596,-4.432467564570806,0.22752781963673704,2,False,False,True,55.32645524428686,4.519999980926514,,5.684452176606767,1.9176444980107465,1,4,30.61218134612166,0.21260785941753288,0,,191.0003655758535,False,10.23,8.065068063768544,4.463690582535363,4.455292525821333,-0.027365499636026414,0.04011603505330899,0.0767082030671636,False,0.6666654007522986,1786109700,pullback,,unavailable,,
NAMI,2026-08-07,trigger_shift_down_5t,realistic,pessimistic,exp1_common_exits,1786122180,1786122180,2026-08-07T13:04:00-04:00,pullback,4.71,4.81,4.6600000762939455,0.04999992370605444,160,160,4.7650255914948145,0.05502555334784222,1786122360,2026-08-07T13:06:00-04:00,4.604984969716176,STOP,-16.804082432139083,2.0,8.802417052443118,-27.6064994845822,-3.4508177011027317,-3.1005138906169645,0.647489112317324,2,False,False,False,63.092772271346554,4.745999813079834,,7.333331637912327,2.217453810676426,2,3,48.48481345548074,0.6062841830929047,0,,110.40016845728886,False,10.23,8.045636355497999,4.6748514026411785,4.593523641738114,0.06552625856957306,0.03578953820523483,0.08839477896488414,False,1.0615695054363998,1786109700,pullback,,unavailable,,
NAMI,2026-08-07,trigger_shift_down_5t,realistic,pessimistic,exp1_common_exits,1786128600,1786128600,2026-08-07T14:51:00-04:00,pullback,4.229999980926514,4.329999980926513,4.200000038146973,0.029999942779540767,173,123,4.290063657205725,0.05006388608756102,1786128900,2026-08-07T14:55:00-04:00,4.152483221556814,STOP,-11.077825144226612,2.0,5.844568440589494,-18.922393584816106,-5.128029722625104,-3.6688012932532383,0.33121841605359326,4,False,False,True,46.21993089138641,4.255000114440918,,5.402819104603791,3.1895798722318327,1,4,36.38011640110677,0.20308221017021963,0,,200.00038210623993,False,10.23,7.914220937399039,4.207308657928125,4.1704032250052165,0.03063614856393393,0.015463453249482078,0.06463491154927893,False,0.7092185086244317,1786109700,pullback,,unavailable,,
NCRA,2026-07-29,trigger_shift_down_5t,realistic,pessimistic,exp1_common_exits,1785335100,1785335100,2026-07-29T10:26:00-04:00,pullback,2.8700000858306884,2.9700000858306885,2.7899999523162844,0.08000013351440405,142,142,2.950001676564899,0.08000159073421073,1785335280,2026-07-29T10:28:00-04:00,2.870001173773402,STOP_AMBIGUOUS,5.6800094795226945,3.0,11.36009047648885,-8.680080996966154,-0.7640903618435135,-1.5000194073080897,3.748724069272466,2,False,False,False,99.64335580331267,2.8548998832702637,,10.984846603388814,2.472705687919896,1,2,44.82763156596632,0.7183100533080742,0,,20.999963879645613,False,4.55,3.3116034800431646,2.7811473063490895,2.735598097898864,0.02377946191938074,0.03406576244301157,0.1162270452842497,False,2.7874610147005945,1785332100,pullback,,unavailable,,
NCRA,2026-07-29,trigger_shift_down_5t,realistic,pessimistic,exp1_common_exits,1785341160,1785341160,2026-07-29T12:07:00-04:00,pullback,3.200000009536743,3.300000009536743,3.1099998855590822,0.09000012397766088,137,137,3.2649530201777126,0.06495301064096969,1785341400,2026-07-29T12:10:00-04:00,3.045997713782251,STOP,-21.228579442752338,2.0,8.768297533425912,-31.99687697617825,-2.5950391646062396,-2.610585834817964,0.38940982067169866,3,False,False,False,123.076935260767,3.190000057220459,,16.376308270084564,3.9824886935670927,1,2,46.8085138762141,0.8209808435970226,0,,14.999979231121314,False,4.55,3.033159978237706,3.073390762471324,3.0087980449090046,0.05175623551051256,0.033090254960522564,0.10288819808379168,False,2.812503865919988,1785332100,pullback,,unavailable,,
NCRA,2026-07-29,trigger_shift_down_5t,realistic,pessimistic,exp1_common_exits,1785349020,1785349020,2026-07-29T14:18:00-04:00,pullback,3.0599999046325683,3.1599999046325684,3.0000998878479006,0.05990001678466772,153,153,3.105008637105667,0.045008732473098764,1785349200,2026-07-29T14:20:00-04:00,3.0599569838880893,STOP,4.552401275634716,3.0,6.88907469210948,-5.336673416474764,-0.5823073227795805,-1.4191758323665884,1.5858327873184028,2,False,False,False,113.29372027947659,3.050100088119507,,10.489460681070552,3.8532773581614843,2,1,43.57605480828139,0.6301271129024353,1,vwap,24.874785940774874,False,4.55,3.036765748195346,2.9891943308196343,2.9372969352033262,0.04750696521827091,0.019778612241435158,0.07287147756649816,False,1.9575169493954694,1785332100,pullback,,unavailable,,
NCRA,2026-07-29,trigger_shift_down_5t,realistic,pessimistic,exp1_common_exits,1785350460,1785350460,2026-07-29T14:42:00-04:00,pullback,3.2399999713897705,3.3399999713897706,3.2100000286102297,0.029999942779540767,173,173,3.309902461563576,0.05000236848496286,1785350520,2026-07-29T14:42:00-04:00,3.159997660125267,STOP,-17.28312090092886,2.0,8.650409747898575,-27.933530648827436,-5.3821934350502465,-11.663436360126267,0.0,0,True,False,False,127.34266061305755,3.250999927520752,,5.1457695838055555,2.355193099825837,4,1,49.53556349464112,0.3133695798471887,0,,43.66675090805899,False,4.55,3.038521103462599,3.1869251765005715,3.1359127156811626,0.05893505655932385,0.006469518103986903,0.07770378054693293,False,0.925924168038574,1785332100,pullback,,unavailable,,
NRXP,2026-08-07,trigger_shift_down_5t,realistic,pessimistic,exp1_common_exits,1786111980,1786111980,2026-08-07T10:14:00-04:00,pullback,3.8500001049041748,3.950000104904175,3.806846470979494,0.04315363392468097,164,164,3.9050045946638394,0.04000458512709624,1786112100,2026-08-07T10:15:00-04:00,3.9513098417504455,T2,10.615793945471529,3.0,6.560331405091967,1.0554625403795619,0.14913569523876272,-0.9270270308386783,2.4794085579501153,1,False,False,False,25.566350233507475,3.880000114440918,8.132642232150593,5.785118267433915,3.01327150270509,1,3,28.57142857142857,0.5371124921016461,0,,0.9269207795991136,False,3.890000104904175,3.5658270641699517,3.7870145044523777,3.72845195085697,0.06179859150986999,0.01374086584643569,0.0431536339246811,True,1.1208735778918906,1786109700,pullback,,unavailable,,
NUWE,2026-07-30,trigger_shift_down_5t,realistic,pessimistic,exp1_common_exits,1785437640,1785437640,2026-07-30T14:55:00-04:00,pullback,4.260000190734863,4.360000190734863,4.24,0.020000190734863033,181,181,4.310118642042027,0.05001875419412679,1785438060,2026-07-30T15:01:00-04:00,4.190684544900935,STOP,-12.691474209606781,2.0,8.926097372930808,-23.61757158253759,-6.524128825958985,-5.505889130594043,0.8690529342438276,6,False,False,False,125.9259266267448,4.269999980926514,2392.5900146400277,11.565259248717629,1.8728156557524314,1,2,20.004472665337588,0.27778180008145165,1,ema9,106.99396806747505,False,6.399899959564209,5.246364133161191,4.24974134954351,4.273886702566146,-0.023371837431242604,-0.006116938563451923,0.10986721923437105,False,0.46948802439872517,1785418500,pullback,,unavailable,,
NUWE,2026-07-30,trigger_shift_down_5t,realistic,pessimistic,exp1_common_exits,1785440340,1785440340,2026-07-30T15:40:00-04:00,pullback,4.369999847412109,4.469999847412109,4.330000152587891,0.0399996948242185,166,166,4.419515307793011,0.04951546038090224,1785440520,2026-07-30T15:42:00-04:00,4.28049690621871,STOP_AMBIGUOUS,-14.859515764049998,2.0,8.21753889728397,-25.077054661333968,-3.7766936725207083,-3.487904060212723,1.5121293186430427,2,False,False,False,131.74603955515633,4.380000114440918,,5.755390089380094,2.403597450130461,2,1,29.1665673254973,1.34201862096883,0,,50.74788997947709,False,6.399899959564209,5.230990407150551,4.284477960169726,4.250226773039156,0.025737962241309198,0.019873430357248402,0.057946394620413504,False,0.9153248563133499,1785418500,pullback,,unavailable,,
OFAL,2026-08-12,trigger_shift_down_5t,realistic,pessimistic,exp1_common_exits,1786557180,1786557180,2026-08-12T13:54:00-04:00,pullback,1.5400000429153442,1.6400000429153443,1.5199999713897705,0.020000071525573704,181,181,1.6125136912353877,0.03751364355167193,1786557600,2026-08-12T14:00:00-04:00,1.6150111908960527,T2,5.440019454956052,3.0,6.787975891210754,-4.3479564362547025,-1.2010886427641947,-3.12567576766755,2.374305278123204,6,False,False,False,120.21037179337671,1.570099949836731,,11.888117659406376,2.398125420628241,1,3,41.17648296289648,0.5041016702552009,1,ema9,107.99961400170102,False,3.700000047683716,2.522173663564751,1.568177027578999,1.603990385497295,-0.04695635486263705,0.0031220760725717903,0.038449218002127826,False,1.2987059070278957,1786541700,pullback,,unavailable,,
PRGO,2026-08-05,trigger_shift_down_5t,realistic,pessimistic,exp1_common_exits,1785936840,1785936840,2026-08-05T09:35:00-04:00,pullback,13.449999771118165,13.584499768829346,13.290000190734863,0.15999958038330142,111,111,13.485017157443975,0.03501738632580948,1785936900,2026-08-05T09:35:00-04:00,13.254982575527217,STOP_GAP,-21.646908710595305,2.0,3.8869298821648526,-27.53383859276016,-1.550332815501962,-1.5938642751232013,0.7186470348877972,0,True,False,False,23.37662820209651,13.300000190734863,14.845011081608918,6.970103130828598,19.229069816633217,1,1,21.615431518783808,0.18365865284720778,0,,0.2500006556528057,False,13.489999771118164,12.976528397423872,12.986573267843681,12.774109314680741,0.22346446613039816,0.04975193383366483,0.1968271054677153,False,1.1895879784836596,1785936900,pullback,,unavailable,,
QBTS,2026-07-27,trigger_shift_down_5t,realistic,pessimistic,exp1_common_exits,1785159360,1785159360,2026-07-27T09:37:00-04:00,pullback,18.820000610351563,19.008200616455078,18.719999542236327,0.10000106811523679,106,106,18.898452847165917,0.05845269457802689,1785159600,2026-07-27T09:40:00-04:00,19.0398541587402,T2,15.900169830322664,3.0,6.211687413556035,6.688482416766629,0.630982167625461,-1.2845101739735627,2.393448130304715,3,False,False,False,16.162868520721034,18.829999923706055,,6.1339342966177135,2.9998810482803666,1,1,11.926701827204738,0.9288616060394576,0,,0.3999957275846786,False,18.860000610351562,18.12193063795587,18.337440500180673,18.063645087353382,0.24581347135622877,0.11334549356383317,0.1980842935636807,False,0.5313552862492109,1785159300,pullback,,unavailable,,
QMCO,2026-08-11,trigger_shift_down_5t,realistic,pessimistic,exp1_common_exits,1786456740,1786456740,2026-08-11T10:00:00-04:00,pullback,18.070000610351563,18.250700616455077,17.889999618530272,0.18000099182129148,105,105,18.144862199636297,0.07486158928473209,1786456860,2026-08-11T10:01:00-04:00,17.815138584753633,STOP,-26.760571016132477,2.0,7.860408546547188,-36.620979562679665,-1.9376072898339887,-2.1381102785064607,0.9540980757192475,1,False,False,False,52.80136169799368,18.0,17.056047263703878,6.779818375041657,2.1517433554369507,2,1,19.12220612273995,0.6792764831984817,1,half_dollar,0.2777775187565427,False,18.1200008392334,16.53721900343594,17.432883369872073,16.880322396442295,0.6208543010871033,0.08902058257978063,0.3654600905686978,False,0.9961316311089458,1786455300,pullback,,unavailable,,
RCEL,2026-08-07,trigger_shift_down_5t,realistic,pessimistic,exp1_common_exits,1786127100,1786127100,2026-08-07T14:26:00-04:00,pullback,7.999899826049805,8.099899826049805,7.950000038146973,0.04989978790283178,160,160,8.04301541471137,0.043115588661565195,1786127160,2026-08-07T14:26:00-04:00,7.906884449485408,STOP,-14.882460250303474,2.0,6.898494185850431,-23.780954436153905,-2.9785891177611035,-3.066456886023968,0.0,0,True,False,False,67.78946926719264,7.96999979019165,,7.134384969650358,3.415310238582693,4,1,14.923384529063114,0.7058683878626011,0,,0.8016066135970502,False,8.039899826049805,7.272056289240564,7.799333326619902,7.710938395864332,0.07282469981160666,0.045966424683458476,0.0758689914587519,False,0.6237551592876799,1786109700,pullback,,unavailable,,
RSKD,2026-08-12,trigger_shift_down_5t,realistic,pessimistic,exp1_common_exits,1786542000,1786542000,2026-08-12T09:41:00-04:00,pullback,5.909999809265137,6.009999809265136,5.870000114440918,0.0399996948242185,166,102,5.975108831373111,0.03510877415265237,1786542120,2026-08-12T09:42:00-04:00,5.834803078686732,STOP,-10.721089127083696,2.0,3.59009764692702,-16.311186774010714,-3.9978703969214293,-2.8752479087167533,0.0,1,False,False,True,12.335867808795719,5.920100212097168,21.808779665413045,7.014386160058626,1.379288655557326,1,3,17.948645843140085,0.7772069031911552,0,,14.250113488109598,False,6.48,5.857957722322783,5.924986894436266,6.008499213037774,-0.08861384998899968,-0.010616628107932055,0.11475354205193068,False,0.6768138090547952,1786541700,pullback,,unavailable,,
RUBI,2026-08-03,trigger_shift_down_5t,realistic,pessimistic,exp1_common_exits,1785765240,1785765240,2026-08-03T09:55:00-04:00,pullback,2.6700000381469726,2.7700000381469727,2.640000095367432,0.029999942779540767,173,173,2.717359097821974,0.03745916686799455,1785765420,2026-08-03T09:57:00-04:00,2.6003276307917993,STOP,-13.383107424635835,2.0,6.863336371584416,-22.24644379622025,-4.28641353141147,-3.9119805678243464,0.0,2,False,False,False,19.937213590329314,2.6745998859405518,107.39040214623998,5.422858615168898,4.008072955598744,1,1,43.04156419000968,1.1213550694429208,0,,12.000021616659163,False,3.03,2.504853177578602,2.6122996159912826,2.570427603579251,0.04073565343295815,0.013799249359857123,0.04648993445666248,False,1.1235933464765513,1785764100,pullback,,unavailable,,
SENS,2026-08-07,trigger_shift_down_5t,realistic,pessimistic,exp1_common_exits,1786110780,1786110780,2026-08-07T09:54:00-04:00,pullback,6.565000019073486,6.665000019073486,6.471445737039506,0.09355428203398031,136,102,6.615089242749634,0.035089319043579044,1786111200,2026-08-07T10:00:00-04:00,6.580065876749171,STOP,4.771268383733004,3.0,3.571908416209106,-1.8006400324761023,-0.18869615872114265,-1.3370790616086983,1.442058602954854,6,False,False,True,27.961165641837155,6.590000152587891,5.237394749876176,5.194808110195212,2.179342393914612,1,2,15.625051222714125,0.8039862409911251,0,,0.42755926431535696,False,6.605000019073486,6.144906295476374,6.346622111332925,6.181176418766475,0.1901385319372304,0.021283812460035356,0.09355428203398018,True,1.4250461806881085,1786109700,pullback,,unavailable,,
SKYQ,2026-07-29,trigger_shift_down_5t,realistic,pessimistic,exp1_common_exits,1785354540,1785354540,2026-07-29T15:50:00-04:00,pullback,4.550000152587891,4.65000015258789,4.500000228881836,0.04999992370605444,160,160,4.595104685410018,0.0350046068272541,1785354660,2026-07-29T15:51:00-04:00,4.560101889613769,STOP,3.9999938964843587,3.0,5.600407936790081,-4.600414040305722,-0.5750526324989,-1.0020937113951092,1.0979098744258025,1,False,False,False,24.52316285170964,4.570000171661377,3.5029419453033284,5.517247200390327,3.011413938645254,1,2,33.333267106018674,1.0675232776265582,0,,3.000001525881254,False,4.7,4.342809472969755,4.474693324485199,4.396836818626535,0.08145522126895965,0.017519939121470443,0.049758247917880756,False,1.0988993852586164,1785332100,pullback,,unavailable,,
STIM,2026-08-11,trigger_shift_down_5t,realistic,pessimistic,exp1_common_exits,1786455180,1786455180,2026-08-11T09:34:00-04:00,pullback,3.0698999977111816,3.1698999977111817,2.99,0.07989999771118139,142,142,3.1049026168731975,0.03500261916201567,1786455360,2026-08-11T09:36:00-04:00,2.954998423042699,STOP,-16.31617159599403,2.0,4.970223927936767,-23.2863955239308,-2.0524243500673234,-2.1890182118430657,0.0,2,False,False,False,38.488470209764394,3.005199909210205,34.37235455664121,10.276228558201279,2.710467194336154,1,1,37.922713858967725,1.7437405930659344,1,half_dollar,0.5006257965687319,False,3.1098999977111816,2.878116577847673,2.8715687092988755,2.7843902354653567,0.08030150576742612,0.03428675116679589,0.06781692547699292,False,2.602690568772672,1786455300,pullback,,unavailable,,
STIM,2026-08-11,trigger_shift_down_5t,realistic,pessimistic,exp1_common_exits,1786456860,1786456860,2026-08-11T10:02:00-04:00,pullback,3.400000057220459,3.500000057220459,3.301800003051758,0.09820005416870092,134,134,3.4350010858647004,0.03500102864424165,1786456920,2026-08-11T10:02:00-04:00,3.2667989744075165,STOP,-17.84894509693426,2.0,4.690137838328381,-24.53908293526264,-1.8648409732739235,-1.9857532460517675,0.0,0,True,False,False,53.72810834091438,3.335900068283081,16.16493706040886,8.176100157393746,3.2544954083041366,2,1,49.307714950404346,0.9784168402469415,0,,0.40733175086933043,False,3.440000057220459,3.0583490185071733,3.258613372334252,3.1640300924979567,0.1076784745573045,0.013083169125814989,0.07913407126377828,False,2.8882368387070163,1786455300,pullback,,unavailable,,
SUGP,2026-08-21,trigger_shift_down_5t,realistic,pessimistic,exp1_common_exits,1787326860,1787326860,2026-08-21T11:43:00-04:00,pullback,3.2399999713897705,3.3399999713897706,3.2100000286102297,0.029999942779540767,173,173,3.282923816189645,0.04292384479987466,1787327100,2026-08-21T11:45:00-04:00,3.240017744277246,STOP,2.579995079040491,3.0,7.4226309488929685,-7.842635869852478,-1.5111080594454485,-1.9308007346127127,1.9525446468291634,2,False,False,False,16.036033079266467,3.2200000286102295,384.71517070831965,6.493508202528228,3.397364327769985,1,1,29.99996423722166,0.8386326610864558,0,,53.666769981581766,False,4.85,3.7119114844117433,3.165181440037451,3.1402365384679563,0.013038898872346216,0.019150687455960724,0.04585291911638916,False,0.925924168038574,1787319300,pullback,,unavailable,,
SUGP,2026-08-21,trigger_shift_down_5t,realistic,pessimistic,exp1_common_exits,1787327640,1787327640,2026-08-21T11:55:00-04:00,pullback,3.071000061035156,3.1710000610351563,3.0499999427795412,0.021000118255614986,180,165,3.1629862936748614,0.04298640811577919,1787327760,2026-08-21T11:56:00-04:00,3.007062298783466,STOP,-18.642747897727805,2.0,7.084711259352457,-27.72745915708026,-8.00210765325933,-9.189770396318195,0.0,1,False,False,True,10.99098442727218,3.0799999237060547,,16.546764132411507,4.4127721626734635,1,4,39.130446050026436,0.19712570267209326,0,,84.71380576579261,False,4.85,3.6979686069831597,3.1143342054844085,3.1275368208333925,-0.01183554256261976,-0.0061208708105697255,0.08811575172907764,False,0.6838201835963618,1787319300,pullback,,unavailable,,
SXTC,2026-08-14,trigger_shift_down_5t,realistic,pessimistic,exp1_common_exits,1786721880,1786721880,2026-08-14T11:39:00-04:00,pullback,4.239900074005127,4.339900074005127,4.169999828338623,0.06990024566650366,148,145,4.293126166531697,0.043126166531696944,1786722060,2026-08-14T11:41:00-04:00,4.1268070000184505,STOP,-17.85331903799569,2.0,6.26296010642504,-26.11627914442073,-2.5767043912956153,-2.837274307383041,0.0,2,False,False,True,28.18182061198004,4.230000019073486,,6.446489311303292,3.967733452953642,1,1,42.30177666837971,0.45421231141086116,0,,33.745230842947024,False,6.5987,4.434250394031527,4.1147678778038905,4.079923675278515,0.025172211350334983,0.023422214746940832,0.0770502636323701,False,1.6486295536789375,1786714500,pullback,,unavailable,,
UPC,2026-08-03,trigger_shift_down_5t,realistic,pessimistic,exp1_common_exits,1785768840,1785768840,2026-08-03T10:55:00-04:00,pullback,6.686900100708008,6.786900100708007,6.581599941253662,0.10530015945434545,131,131,6.766865573021159,0.07996547231315095,1785768900,2026-08-03T10:55:00-04:00,6.5016344689405114,STOP,-24.269797761542012,2.0,10.475476873022775,-36.74527463456479,-2.6637972924891984,-2.5333811325670057,0.2196994662852241,0,True,False,False,110.73417755136732,6.659200191497803,,9.163990207205684,3.280748750094895,2,2,34.807010675293235,1.0576976476655162,0,,37.541252736715194,False,10.64,6.768881941026801,6.518698035995686,6.374091511529314,0.1333823772588998,0.051430373150679984,0.1741091821025842,False,1.5747230834687704,1785764100,pullback,,unavailable,,
USDE,2026-08-21,trigger_shift_down_5t,realistic,pessimistic,exp1_common_exits,1787324160,1787324160,2026-08-21T10:57:00-04:00,pullback,5.71029993057251,5.810299930572509,5.620000114440918,0.09029981613159155,137,137,5.785005751640569,0.06500596144891904,1787324280,2026-08-21T10:58:00-04:00,5.900604435903356,T2,18.601762123107886,3.0,8.905129026379914,6.696633096727972,0.541313766149054,-1.4950822942584674,5.592416815960547,1,False,False,False,42.750000953674316,5.710000038146973,36.88435198762468,6.851849611567575,2.306001447811466,1,1,37.83781345609102,0.9809860509419964,0,,2.10078129637027,False,5.900000095367432,5.22718911211769,5.573477912593293,5.489895152124374,0.0811843858465906,0.026449377612366348,0.11008614905289245,False,1.581349792996568,1787319300,pullback,,unavailable,,
USDE,2026-08-21,trigger_shift_down_5t,realistic,pessimistic,exp1_common_exits,1787325480,1787325480,2026-08-21T11:19:00-04:00,pullback,7.090000114440918,7.190000114440918,6.9700000190734865,0.12000009536743139,124,124,7.160001832989457,0.07000171854853968,1787325540,2026-08-21T11:19:00-04:00,7.330001183523536,T2,22.32001773834219,3.0,8.680104184897155,10.639913553445036,0.7150473855919494,-0.7500132483436941,3.6666476830361647,0,False,False,False,76.50250196456909,7.060100078582764,52.02284344785208,9.46564683213425,2.2053662685089663,3,1,30.64517617598063,0.5413139906659824,0,,0.6666658189568385,False,7.170000076293945,5.55374830737949,6.735081639587582,6.435284546342485,0.3299890654193449,0.05010533744603446,0.2358789711268838,False,1.6925260004300298,1787319300,pullback,,unavailable,,
USDE,2026-08-21,trigger_shift_down_5t,realistic,pessimistic,exp1_common_exits,1787336700,1787336700,2026-08-21T14:26:00-04:00,pullback,7.71,7.81,7.583699932098389,0.12630006790161108,122,122,7.7850054426887425,0.07000529010085164,1787336820,2026-08-21T14:27:00-04:00,7.513695790823914,STOP,-24.559272292023167,2.0,8.540505235485895,-35.09977752750906,-2.2779330151421817,-2.019042721964681,0.0,1,False,False,False,92.50249862670898,7.700099945068359,31.792071963304934,6.74930792934193,3.814735385072535,2,1,31.89798794087995,1.3226555181967876,0,,4.196353809809816,False,8.239999771118164,6.4162143791056,7.546981688980997,7.4290938184621185,0.11124528912429898,0.04033709753679739,0.14295756741067037,False,1.638133176415189,1787319300,pullback,,unavailable,,
USDE,2026-08-21,trigger_shift_down_5t,realistic,pessimistic,exp1_common_exits,1787337180,1787337180,2026-08-21T14:34:00-04:00,pullback,8.100000343322755,8.200000343322754,7.890000095367432,0.2100002479553229,97,97,8.174453034772005,0.07445269144924993,1787337240,2026-08-21T14:34:00-04:00,7.815547403918182,STOP,-27.591935122243633,2.0,7.221911070577243,-36.813846192820876,-1.8072559020768268,-1.35453729724608,0.0,0,True,False,False,101.24750137329102,8.04990005493164,56.88815460296152,10.597828745363067,2.6179567010683815,3,1,30.76925428190483,0.8237453683352431,0,,0.6666631547272929,False,8.239999771118164,6.46258834831361,7.806059442311886,7.638614484643536,0.1686081180686596,0.04577867289748544,0.18963491951577346,False,2.5925955438808943,1787319300,pullback,,unavailable,,
USDE,2026-08-21,trigger_shift_down_5t,realistic,pessimistic,exp1_common_exits,1787337840,1787337840,2026-08-21T14:45:00-04:00,pullback,8.722399673461915,8.822399673461915,8.529999961853028,0.19239971160888736,101,101,8.797402342731122,0.07500266926920589,1787337900,2026-08-21T14:45:00-04:00,8.45499729258382,STOP,-27.007640468687587,2.0,7.575269596189795,-36.58291006487738,-1.8825757446124443,-1.7536528603017076,0.0,0,True,False,False,114.49999809265137,8.579999923706055,,6.545454083066998,2.539134436893055,5,1,46.29629956678458,0.4842255740494138,0,,0.35135337691426055,False,8.789999961853027,6.576918848220079,8.364414671639304,8.117230125976992,0.27117466337183416,0.04094484863142872,0.23026428349699876,False,2.20581168957744,1787319300,pullback,,unavailable,,
USDE,2026-08-21,trigger_shift_down_5t,realistic,pessimistic,exp1_common_exits,1787341260,1787341260,2026-08-21T15:42:00-04:00,pullback,7.820000133514404,7.920000133514404,7.729999771118164,0.09000036239623999,137,137,7.908561866016364,0.0885617325019601,1787341620,2026-08-21T15:47:00-04:00,7.644994639774029,STOP,-24.463007001053363,2.0,11.645702994146559,-38.10870999519992,-3.0907182924848065,-2.3173468550382266,0.6826408532089755,5,False,False,False,94.50000524520874,7.78000020980835,32.91780976659117,7.785234074566581,2.310671058911577,1,1,50.0,0.48159845552608643,0,,10.777732472543327,False,8.789999961853027,6.733206481844936,7.664514093071015,7.676241123299763,-0.03108074666279048,0.021890911163385388,0.17580944548528918,False,1.1508997552381461,1787319300,pullback,,unavailable,,
VEEE,2026-07-27,trigger_shift_down_5t,realistic,pessimistic,exp1_common_exits,1785168540,1785168540,2026-07-27T12:10:00-04:00,pullback,17.519999465942384,17.695199460601806,17.490099182128905,0.02990028381347898,114,49,17.598257128756636,0.07825766281425284,1785168600,2026-07-27T12:10:00-04:00,17.376742260891803,STOP_GAP,-7.019603047478443,2.0,3.8346254778983893,-12.854228525376833,-8.773535262470896,-9.975085639877271,0.39945283716630675,0,True,False,True,35.38935315662148,17.559999465942383,,5.647053438074448,2.1654880469916487,1,4,47.90628551446805,0.19745415972116986,2,ema9|half_dollar,193.8443312095253,False,23.31599998474121,18.670160189857153,17.517755737611903,17.40376645409844,0.11961178786321724,0.020022662484680084,0.25608762037550614,False,0.1706637255988676,1785159300,pullback,,unavailable,,
VIVK,2026-07-29,trigger_shift_down_5t,realistic,pessimistic,exp1_common_exits,1785344460,1785344460,2026-07-29T13:02:00-04:00,pullback,2.509999952316284,2.6099999523162842,2.4800000095367434,0.029999942779540767,173,173,2.550011383317401,0.035011278413226356,1785344640,2026-07-29T13:04:00-04:00,2.444991340377939,STOP,-12.111967664053768,2.0,6.056499764473137,-20.168467428526906,-3.8860319647204666,-3.000383895125755,0.0,2,False,False,False,29.432981645456834,2.510999917984009,18.265829126045464,6.2499937911830825,2.5997995991983966,3,2,40.0,0.9469074824042835,0,,22.333377520327797,False,3.18,2.5869036896766846,2.473016724200582,2.4341302471346746,0.03946377220269248,0.010854165574131769,0.035490891297852635,False,1.1952168665125331,1785332100,pullback,,unavailable,,
VRAX,2026-08-19,trigger_shift_down_5t,realistic,pessimistic,exp1_common_exits,1787150880,1787150880,2026-08-19T10:49:00-04:00,pullback,3.3700000858306884,3.4700000858306885,3.305000057220459,0.06500002861022924,150,150,3.42731063762871,0.05231063762871008,1787151180,2026-08-19T10:53:00-04:00,3.2529365594457285,STOP,-18.34658706123764,2.0,7.8095246662096125,-28.15611172744725,-2.887805059931542,-2.1124710051908164,0.9644514509977834,4,False,False,False,22.826091181803758,3.390000104904175,,5.329346721855139,3.247228875918866,1,2,20.64889286487916,0.43855193590838776,0,,19.846143790255205,False,4.66,3.436677219357628,3.300100338602104,3.2772392603649028,0.012875068289624814,0.015688887513254795,0.06986693450222631,False,1.9287841826332492,1787146500,pullback,,unavailable,,
WETO,2026-08-17,trigger_shift_down_5t,realistic,pessimistic,exp1_common_exits,1786983120,1786983120,2026-08-17T12:13:00-04:00,pullback,16.759999237060548,16.927599229431152,16.649999847412108,0.10999938964843992,119,119,16.906986788450638,0.14698755139009093,1786983180,2026-08-17T12:13:00-04:00,16.980016616873375,T2,19.68989074707072,3.0,17.489286553507185,-0.7993958064364648,-0.061069537206192084,-2.2453482862759824,2.6637781848180544,0,False,False,False,103.34549403402482,16.71500015258789,0.4737394574673216,6.1490667556604715,3.206790253789958,2,3,43.43438430193914,0.4106750943727504,0,,63.363990722603376,False,23.729999542236328,15.605934496213202,16.629410011158285,16.614943653027083,-0.04708801293489984,0.07688184143473142,0.32178895942728314,False,0.6563209704998302,1786973700,pullback,,unavailable,,
WETO,2026-08-17,trigger_shift_down_5t,realistic,pessimistic,exp1_common_exits,1786984860,1786984860,2026-08-17T12:42:00-04:00,pullback,17.429999313354493,17.604299306488038,17.003799667358397,0.42619964599609617,63,63,17.559975262221617,0.12997594886712477,1786984980,2026-08-17T12:43:00-04:00,16.873837206617235,STOP,-35.03906247638287,2.0,8.18763502669315,-45.22669750307602,-1.6843845228275682,-1.5719766050188502,0.5397133842477058,1,False,False,False,109.6106932179488,17.229999542236328,0.4785693720567432,6.6422922774114825,3.0255465110326116,3,1,44.60552886045559,1.5051270770584453,0,,14.781805400513027,False,23.729999542236328,15.631666091976665,16.909038884029503,16.724161662626845,0.1433262883825286,0.0999952489783,0.31211707409269096,False,2.445207474389004,1786973700,pullback,,unavailable,,
WFF,2026-08-18,trigger_shift_down_5t,realistic,pessimistic,exp1_common_exits,1787063880,1787063880,2026-08-18T10:39:00-04:00,pullback,2.5289001083374023,2.6289001083374024,2.499999990463257,0.02890011787414526,174,174,2.5950058143738137,0.04500586205752958,1787064180,2026-08-18T10:43:00-04:00,2.550003248269494,STOP,2.514310255050648,3.0,7.830395681949919,-8.31608542689927,-1.653750846816593,-2.5953469731139776,1.9029085359827242,4,False,False,False,25.99010397646785,2.5450000762939453,,5.761311219732738,2.16312145877219,1,1,42.857142857142854,0.8633229520135112,0,,15.26290977716795,False,2.97,2.4865657670200165,2.496992927123723,2.4802002570914095,0.010988400046756386,0.01228762642281873,0.047973380629757915,False,1.1427939671822516,1787060100,pullback,,unavailable,,
WYHG,2026-08-11,trigger_shift_down_5t,realistic,pessimistic,exp1_common_exits,1786465860,1786465860,2026-08-11T12:32:00-04:00,pullback,6.689800224304199,6.789800224304199,6.625000228881836,0.06479999542236303,151,151,6.741772823899454,0.05197259959525435,1786465920,2026-08-11T12:32:00-04:00,6.55802753391915,STOP_GAP,-19.897676248142467,2.0,7.8478625388834065,-29.745538787025875,-3.0399743365553316,-2.9594544245663323,0.0,0,True,False,False,15.996511752660888,6.635000228881836,,5.973269978970432,2.6683127148650154,1,1,27.61250043930775,0.6959902326179155,0,,40.89814993056442,False,9.34000015258789,8.082227885369717,6.511271524636449,6.471443525785798,0.022352437165600314,0.03235769690851935,0.10230717092744934,False,0.9686387223783328,1786455300,pullback,,unavailable,,
WYHG,2026-08-11,trigger_shift_down_5t,realistic,pessimistic,exp1_common_exits,1786466160,1786466160,2026-08-11T12:37:00-04:00,pullback,6.739900074005127,6.839900074005127,6.714999904632569,0.024900169372558345,177,177,6.800021200825547,0.05502131526646564,1786466460,2026-08-11T12:41:00-04:00,6.663020428982939,STOP,-15.04876942615723,2.0,9.200367189984396,-26.249136616141627,-5.95579108928847,-4.82010265436973,0.40074996296976445,4,False,False,False,18.181826518132443,6.760000228881836,,7.210031816547743,3.23455727046109,2,2,25.000051830121595,1.1472196768748493,0,,104.42097961985142,False,9.34000015258789,8.072956778838307,6.666829566474123,6.576430953824041,0.07776146448868282,0.03838159711764566,0.10160382016366112,False,0.3694441920377261,1786455300,pullback,,unavailable,,
WYHG,2026-08-11,trigger_shift_down_5t,realistic,pessimistic,exp1_common_exits,1786471320,1786471320,2026-08-11T14:03:00-04:00,pullback,6.780000171661377,6.880000171661377,6.74,0.040000171661376704,166,26,6.827549435052524,0.04754926339114749,1786471860,2026-08-11T14:11:00-04:00,6.684910391700702,STOP_GAP,-2.536284815454992,2.0,1.1723303116923938,-5.708615127147386,-5.48902945051368,-2.4387249336039565,0.8112639799797132,5,False,True,True,19.229025979206398,6.819900035858154,1.0978971515680513,5.864199279666832,5.184643000296265,3,2,28.94739483861577,0.3854453781512605,0,,63.99972486614086,False,9.34000015258789,8.028483098654663,6.689563627425703,6.637225823476484,0.03212292580990983,0.039155506297154904,0.10167739830766734,False,0.5899730184162374,1786455300,pullback,,unavailable,,
XHLD,2026-08-10,trigger_shift_down_5t,realistic,pessimistic,exp1_common_exits,1786383720,1786383720,2026-08-10T13:43:00-04:00,pullback,3.1300000762939453,3.2300000762939454,3.0919999980926516,0.0380000782012937,168,6,3.1688984530538566,0.0388983386129386,1786383960,2026-08-10T13:46:00-04:00,3.2060485540374457,T2,0.3420007038116433,3.0,0.23310033251399004,-2.8910996287023467,-12.6802354343748,-1.2631168047709997,2.6605610477195034,3,False,False,True,56.188118870311385,3.1549999713897705,8.290265802155579,8.442286005809324,3.110226933178166,1,4,43.217285196778725,0.21432724882439197,0,,40.839388274397905,False,4.6819000244140625,3.5690591923425625,3.1340254156607226,3.1369398549828857,-0.004760997113423482,0.0014152408322611618,0.056329798434557474,False,1.214059976838321,1786368900,pullback,,unavailable,,
XHLD,2026-08-10,trigger_shift_down_5t,realistic,pessimistic,exp1_common_exits,1786384140,1786384140,2026-08-10T13:50:00-04:00,pullback,3.259999952316284,3.3599999523162842,3.2100000286102297,0.04999992370605444,160,160,3.319866598233744,0.039966524228617066,1786384740,2026-08-10T13:59:00-04:00,3.169990549546154,STOP,-17.578651139762336,2.0,6.401516650252113,-25.98016779001445,-3.247525929083135,-2.797334897925167,0.0,9,False,False,False,62.86634136300362,3.289900064468384,,7.027721962739834,2.1966427289048474,2,2,45.87152953219636,1.1077476645443922,0,,28.43804483496846,False,4.6819000244140625,3.5667035554776376,3.2149068943436587,3.1799771113659063,0.027785841230851815,0.018675506887943862,0.06271842365435192,False,1.533740013417137,1786368900,pullback,,unavailable,,
XHLD,2026-08-10,trigger_shift_down_5t,realistic,pessimistic,exp1_common_exits,1786388160,1786388160,2026-08-10T14:57:00-04:00,pullback,3.0399999237060547,3.1399999237060547,2.9800000095367434,0.059999914169311275,153,153,3.0849624186626468,0.04496249495659221,1786388520,2026-08-10T15:02:00-04:00,3.040008319928787,STOP,4.559993476867656,3.0,6.877912672222777,-5.317919195355121,-0.5792948586830562,-1.4160423367089296,1.0839628290343508,5,False,False,False,50.49504903750891,3.0399999618530273,5.539155600917147,12.408755948391253,2.1467919539607596,1,1,26.47056967328933,1.3198949877787503,0,,27.365040824471812,False,4.6819000244140625,3.540131554583049,2.871453168869865,2.8405394785242146,0.0004933000367901563,0.042985325791639405,0.06359851430926337,False,1.9736814366812734,1786368900,pullback,,unavailable,,
XHLD,2026-08-12,trigger_shift_down_5t,realistic,pessimistic,exp1_common_exits,1786548180,1786548180,2026-08-12T11:24:00-04:00,pullback,4.449999771118164,4.549999771118164,4.410100212097168,0.039899559020995845,166,166,4.495048585997041,0.04504881487887691,1786548360,2026-08-12T11:26:00-04:00,4.529839951877373,T2,9.934990196227963,3.0,7.471286858835424,-0.5362966626074614,-0.08097088955524256,-1.8809358184536245,2.88102300721855,2,False,False,False,24.369751827625368,4.440000057220459,0.162829216755671,7.684311870819539,6.1368879537862435,1,2,42.99317275608759,0.14030570049471452,0,,11.02769653795672,False,4.89,4.239177864554743,4.39184152731602,4.354196879850135,0.030519407626608874,0.018785469632856447,0.06343853581234447,False,0.8966193499594309,1786541700,pullback,,unavailable,,
XHLD,2026-08-12,trigger_shift_down_5t,realistic,pessimistic,exp1_common_exits,1786557180,1786557180,2026-08-12T13:54:00-04:00,pullback,5.659999809265137,5.759999809265136,5.5101001167297365,0.14989969253540014,114,114,5.727504581916899,0.0675047726517622,1786557300,2026-08-12T13:55:00-04:00,5.421843046031882,STOP_GAP,-27.07554843105581,2.0,7.769866659836122,-36.84541509089193,-2.156144486139036,-1.7845569877119865,0.0,1,False,False,False,57.64705568075685,5.627999782562256,0.40123569103093765,10.199203948527016,2.7251907747828645,6,1,37.75967545522017,0.5791448348855844,0,,0.4002675383229634,False,5.71999979019165,4.76661484935576,5.375659310396436,5.243315361421501,0.13641123368767083,0.0352101158671448,0.17257293785648367,False,2.6484045510040803,1786541700,pullback,,unavailable,,
XOS,2026-08-18,trigger_shift_down_5t,realistic,pessimistic,exp1_common_exits,1787064600,1787064600,2026-08-18T10:51:00-04:00,pullback,4.409999809265137,4.509999809265136,4.370000114440918,0.0399996948242185,166,166,4.470002008313312,0.05000193201936687,1787064780,2026-08-18T10:53:00-04:00,4.319997307737495,STOP,-16.600314382817402,2.0,8.300465912768212,-26.900780295585612,-4.051353243044834,-3.0000754807780723,0.24995217598812813,2,False,False,False,111.1004957167359,4.4120001792907715,,6.714621770943443,2.99506189420903,1,2,24.999914850426258,1.0229285253037406,0,,24.00018787527386,False,5.37,4.458649535379145,4.310934578311373,4.254154892281274,0.04791389145804281,0.026169646842239692,0.062411657189148935,False,0.907022597601515,1787060100,pullback,,unavailable,,
XPON,2026-08-17,trigger_shift_down_5t,realistic,pessimistic,exp1_common_exits,1786976040,1786976040,2026-08-17T10:15:00-04:00,pullback,4.809999904632568,4.909999904632568,4.704099884033203,0.10590002059936499,130,130,4.855009600557362,0.04500965777782052,1786976100,2026-08-17T10:15:00-04:00,4.659090226255382,STOP,-19.618263148140677,2.0,5.851255511116667,-27.469518659257346,-1.9953158506549151,-1.4637371212480648,0.0,0,True,False,False,32.14285176253222,4.809999942779541,,10.67954820547216,2.0766727245130556,1,3,33.15605427763097,3.756206098081575,0,,6.326722993776733,False,5.48,4.458856660425367,4.670199716899454,4.577590049886176,0.07591268565323439,0.04689434074468139,0.08459400930463624,False,2.201663673576613,1786973700,pullback,,unavailable,,
YJ,2026-08-19,trigger_shift_down_5t,realistic,pessimistic,exp1_common_exits,1787150640,1787150640,2026-08-19T10:45:00-04:00,pullback,4.320000133514404,4.420000133514404,4.279999961853028,0.040000171661376704,166,166,4.405007343225039,0.08500720971063451,1787150820,2026-08-19T10:47:00-04:00,4.235096193085435,STOP_GAP,-3.7273092977063786,3.0,14.110815564382102,-20.83812486208848,-3.138258348635876,-6.1251611089835265,1.1248068238552464,2,False,False,False,146.55747552544233,4.29010009765625,,10.918103163181359,2.182528452901124,1,2,40.909090909090914,0.5672921431797322,0,,54.49976277453219,False,6.5,5.183035086493943,4.241391841357603,4.209907957074741,0.0007708601959066641,0.04217283868424818,0.15560671450436672,False,0.9259298709520127,1787146500,pullback,,unavailable,,
YJ,2026-08-19,trigger_shift_down_5t,realistic,pessimistic,exp1_common_exits,1787153880,1787153880,2026-08-19T11:39:00-04:00,pullback,4.309999904632568,4.409999904632568,4.27000020980835,0.0399996948242185,166,166,4.380013255145357,0.07001331236581583,1787153940,2026-08-19T11:39:00-04:00,4.199986897442534,STOP,-18.26216552594329,2.0,11.622209852725428,-31.884375378668718,-4.8019003974403605,-3.00034854743085,0.0,0,True,False,False,147.9885076764616,4.315000057220459,1387.2524380648083,8.955227244340257,2.1973936100366975,1,1,27.77774098480082,0.5583279167452946,0,,54.7504200967418,False,6.5,5.130521566129195,4.246643308363943,4.240617929614009,-0.011251896777492831,0.023265076569498708,0.10285849925888753,False,0.9280671858304488,1787146500,pullback,,unavailable,,
YJ,2026-08-19,trigger_shift_down_5t,realistic,pessimistic,exp1_common_exits,1787161440,1787161440,2026-08-19T13:45:00-04:00,pullback,3.950000009536743,4.050000009536743,3.910099973678589,0.03990003585815405,166,166,4.01826204455071,0.0532621303813987,1787161500,2026-08-19T13:45:00-04:00,3.8568378432971904,STOP,-17.95490376477204,2.0,8.841513643312185,-28.796417408084224,-4.3476751409774135,-3.4652081667624954,0.0,0,True,False,False,127.0172369780637,3.9500999450683594,,8.80580190453834,2.7257467525384613,1,4,48.42518803805744,1.0938271165791476,0,,63.90971676137313,False,6.5,5.066241187476412,3.9050378499884193,3.8572656965758725,0.039936547150805524,0.021399919194804894,0.07759410884345089,False,1.0101274876410324,1787146500,pullback,,unavailable,,
YJ,2026-08-19,trigger_shift_down_5t,realistic,pessimistic,exp1_common_exits,1787165580,1787165580,2026-08-19T14:54:00-04:00,pullback,3.6890000915527343,3.7890000915527344,3.6482999229431154,0.04070016860961889,166,166,3.736533219586673,0.047533128033938506,1787165760,2026-08-19T14:56:00-04:00,3.688527039052036,STOP,3.3781139945983814,3.0,7.927437872758377,-7.549323878159996,-1.1173873780209056,-2.126112180252503,1.5593727224661127,2,False,False,False,112.06321271225934,3.6898999214172363,,5.633804235778114,2.7261237962806537,2,1,45.85002759694395,0.7578209727204471,0,,69.06605069402407,False,6.5,5.045769314052303,3.6028046015953534,3.5703759508264237,0.014623594411292462,0.028738727112977064,0.07068910382691473,False,1.103284564910049,1787146500,pullback,,unavailable,,
YJ,2026-08-19,trigger_shift_down_5t,realistic,pessimistic,exp1_common_exits,1787165940,1787165940,2026-08-19T15:00:00-04:00,pullback,3.759999952316284,3.8599999523162842,3.7100000286102297,0.04999992370605444,160,160,3.8179469682585405,0.048046884716670506,1787166120,2026-08-19T15:02:00-04:00,3.661963746141908,STOP,-17.271510343729716,2.0,7.685805194931506,-26.95731553866122,-3.3696695840404085,-2.3589420109563615,0.0,2,False,False,False,114.50574253068166,3.7323999404907227,,8.444830052304875,3.016441173720834,3,2,43.32889048647582,0.6199025902147443,0,,54.8000845719677,False,6.5,5.04335490031715,3.71452623527407,3.6529869330247173,0.0535878212069294,0.023085777149195276,0.08161545125632262,False,1.329785221812379,1787146500,pullback,,unavailable,,
YJ,2026-08-19,trigger_shift_down_5t,realistic,pessimistic,exp1_common_exits,1787168040,1787168040,2026-08-19T15:35:00-04:00,pullback,3.8298999881744384,3.9298999881744385,3.7799999618530276,0.049900026321410884,160,160,3.879856232288856,0.049956244114417625,1787168280,2026-08-19T15:38:00-04:00,3.730032067429519,STOP,-15.977003269732533,2.0,7.994863107761391,-25.971866377493924,-3.2529875598419813,-2.6023279317016663,0.0,3,False,False,False,117.85631827729148,3.7906999588012695,1837.7646199684525,6.575342555233092,2.7337545600773767,4,1,41.66672461562456,0.7546507096562474,0,,53.5089900479649,False,6.5,5.035917745754015,3.7673413757329426,3.7357850264790953,0.02809779695777781,0.014358776693490576,0.06650317785672669,False,1.3029067723827497,1787146500,pullback,,unavailable,,
ZJYL,2026-08-05,trigger_shift_down_5t,realistic,pessimistic,exp1_common_exits,1785939060,1785939060,2026-08-05T10:12:00-04:00,pullback,2.2999999141693115,2.3999999141693116,2.2750000858306887,0.024999828338622798,177,177,2.367515873571408,0.04251582588769253,1785939180,2026-08-05T10:13:00-04:00,2.3750095840761705,T2,6.649954338073702,3.0,7.5235466403159625,-3.8735923022422605,-0.8753941017564898,-2.7006553941339306,2.0993825242173023,1,False,False,False,20.103085308377217,2.3299999237060547,,16.190484191825693,5.419643841382143,1,2,45.588206419908225,0.6496921284739557,0,,47.60033027875759,False,3.49,2.2203600631627243,2.2390176685468375,2.186213969058869,0.04239345910357706,0.027567843748707337,0.06223743944058667,False,1.0869490987634214,1785936900,pullback,,unavailable,,
ZJYL,2026-08-10,trigger_shift_down_5t,realistic,pessimistic,exp1_common_exits,1786371420,1786371420,2026-08-10T10:18:00-04:00,pullback,3.4149999237060547,3.5149999237060547,3.390000095367432,0.024999828338622798,177,177,3.4699135149281237,0.05491359122206889,1786371540,2026-08-10T10:19:00-04:00,3.4094870789606575,STOP_GAP,1.3176854602763566,3.0,9.327446213517579,-11.009760753241222,-2.4880986105735725,-3.196558349982303,1.403473617400331,1,False,False,False,58.13953230482887,3.4000000953674316,,9.24764365466527,3.1848040107880933,1,2,28.81350726853786,0.4831800706566916,0,,101.96070316034682,False,5.964,3.362373972321332,3.32757660703091,3.2842267015978788,0.024502176155395627,0.034108127272266316,0.0732603835384136,False,0.7320594113364511,1786368900,pullback,,unavailable,,
ZNB,2026-08-19,trigger_shift_down_5t,realistic,pessimistic,exp1_common_exits,1787164440,1787164440,2026-08-19T14:35:00-04:00,pullback,2.7999999141693115,2.8999999141693116,2.74,0.059999914169311275,153,153,2.835009176336191,0.03500926216687924,1787164560,2026-08-19T14:36:00-04:00,2.704980610265875,STOP,-14.536403979437196,2.0,5.357966629321115,-21.89437060875831,-2.3850111033716335,-1.916821870801712,0.0,1,False,False,False,23.991035033845815,2.765000104904175,,10.077519308209066,12.975943159874115,2,1,34.61535287326493,1.8498004165220407,0,,37.166721264599545,False,5.03,2.67809301403297,2.6794122627782393,2.615783678463018,0.059516038456067566,0.023188301689061788,0.04410883480374183,False,2.142854143162062,1787146500,pullback,,unavailable,,
