symbol,ts,open,high,low,close,volume
AIXI,2026-10-02T08:00:00Z,1.21,1.21,1.18,1.18,1300.0
AIXI,2026-10-02T08:01:00Z,1.22,1.22,1.22,1.22,351.0
AIXI,2026-10-02T08:02:00Z,1.22,1.22,1.22,1.22,2164.0
AIXI,2026-10-02T08:03:00Z,1.17,1.17,1.17,1.17,100.0
AIXI,2026-10-02T08:04:00Z,1.18,1.18,1.1466,1.18,5377.0
AIXI,2026-10-02T08:05:00Z,1.17,1.18,1.17,1.18,4014.0
AIXI,2026-10-02T08:06:00Z,1.18,1.18,1.18,1.18,0.0
AIXI,2026-10-02T08:07:00Z,1.18,1.18,1.18,1.18,0.0
AIXI,2026-10-02T08:08:00Z,1.18,1.18,1.18,1.18,0.0
AIXI,2026-10-02T08:09:00Z,1.23,1.23,1.23,1.23,2500.0
AIXI,2026-10-02T08:10:00Z,1.23,1.23,1.21,1.21,1316.0
AIXI,2026-10-02T08:11:00Z,1.23,1.23,1.23,1.23,100.0
AIXI,2026-10-02T08:12:00Z,1.23,1.23,1.23,1.23,0.0
AIXI,2026-10-02T08:13:00Z,1.23,1.23,1.23,1.23,0.0
AIXI,2026-10-02T08:14:00Z,1.21,1.2285,1.21,1.2285,300.0
AIXI,2026-10-02T08:15:00Z,1.22,1.22,1.22,1.22,246.0
AIXI,2026-10-02T08:16:00Z,1.21,1.24,1.21,1.24,458.0
AIXI,2026-10-02T08:17:00Z,1.24,1.25,1.24,1.25,3896.0
AIXI,2026-10-02T08:18:00Z,1.25,1.26,1.25,1.26,200.0
AIXI,2026-10-02T08:19:00Z,1.26,1.26,1.26,1.26,500.0
AIXI,2026-10-02T08:20:00Z,1.29,1.29,1.274,1.274,200.0
AIXI,2026-10-02T08:21:00Z,1.274,1.35,1.274,1.3124,4055.0
AIXI,2026-10-02T08:22:00Z,1.33,1.41,1.31,1.35,7695.0
AIXI,2026-10-02T08:23:00Z,1.35,1.36,1.22,1.29,21970.0
AIXI,2026-10-02T08:24:00Z,1.25,1.27,1.25,1.26,1823.0
AIXI,2026-10-02T08:25:00Z,1.26,1.26,1.26,1.26,1493.0
AIXI,2026-10-02T08:26:00Z,1.28,1.28,1.25,1.25,1890.0
AIXI,2026-10-02T08:27:00Z,1.25,1.28,1.25,1.25,401.0
AIXI,2026-10-02T08:28:00Z,1.25,1.25,1.25,1.25,0.0
AIXI,2026-10-02T08:29:00Z,1.25,1.25,1.25,1.25,0.0
AIXI,2026-10-02T08:30:00Z,1.3,1.3,1.255,1.26,11749.0
AIXI,2026-10-02T08:31:00Z,1.26,1.26,1.26,1.26,0.0
AIXI,2026-10-02T08:32:00Z,1.32,1.33,1.32,1.33,627.0
AIXI,2026-10-02T08:33:00Z,1.33,1.35,1.32,1.35,2155.0
AIXI,2026-10-02T08:34:00Z,1.31,1.31,1.31,1.31,598.0
AIXI,2026-10-02T08:35:00Z,1.2968,1.35,1.28,1.35,3170.0
AIXI,2026-10-02T08:36:00Z,1.29,1.29,1.28,1.28,400.0
AIXI,2026-10-02T08:37:00Z,1.3,1.3,1.3,1.3,220.0
AIXI,2026-10-02T08:38:00Z,1.3,1.3,1.3,1.3,0.0
AIXI,2026-10-02T08:39:00Z,1.29,1.29,1.29,1.29,239.0
AIXI,2026-10-02T08:40:00Z,1.29,1.29,1.29,1.29,0.0
AIXI,2026-10-02T08:41:00Z,1.29,1.29,1.29,1.29,0.0
AIXI,2026-10-02T08:42:00Z,1.29,1.29,1.29,1.29,0.0
AIXI,2026-10-02T08:43:00Z,1.28,1.28,1.28,1.28,117.0
AIXI,2026-10-02T08:44:00Z,1.26,1.27,1.26,1.27,1100.0
AIXI,2026-10-02T08:45:00Z,1.27,1.27,1.27,1.27,0.0
AIXI,2026-10-02T08:46:00Z,1.27,1.27,1.27,1.27,0.0
AIXI,2026-10-02T08:47:00Z,1.28,1.28,1.28,1.28,283.0
AIXI,2026-10-02T08:48:00Z,1.28,1.28,1.28,1.28,0.0
AIXI,2026-10-02T08:49:00Z,1.29,1.29,1.29,1.29,370.0
AIXI,2026-10-02T08:50:00Z,1.29,1.29,1.29,1.29,0.0
AIXI,2026-10-02T08:51:00Z,1.29,1.29,1.29,1.29,0.0
AIXI,2026-10-02T08:52:00Z,1.3,1.3,1.29,1.29,890.0
AIXI,2026-10-02T08:53:00Z,1.32,1.37,1.32,1.36,5068.0
AIXI,2026-10-02T08:54:00Z,1.36,1.46,1.35,1.43,29161.0
AIXI,2026-10-02T08:55:00Z,1.43,1.52,1.34,1.51,53931.0
AIXI,2026-10-02T08:56:00Z,1.52,1.6599,1.44,1.56,132156.0
AIXI,2026-10-02T08:57:00Z,1.5502,1.56,1.48,1.49,110489.0
AIXI,2026-10-02T08:58:00Z,1.49,1.49,1.38,1.47,122361.0
AIXI,2026-10-02T08:59:00Z,1.46,1.5,1.4,1.5,128816.0
AIXI,2026-10-02T09:00:00Z,1.49,1.58,1.46,1.55,200480.0
AIXI,2026-10-02T09:01:00Z,1.55,1.7,1.55,1.66,285142.0
AIXI,2026-10-02T09:02:00Z,1.6597,1.71,1.6,1.66,181822.0
AIXI,2026-10-02T09:03:00Z,1.66,1.71,1.65,1.68,163821.0
AIXI,2026-10-02T09:04:00Z,1.68,1.72,1.6,1.69,193299.0
AIXI,2026-10-02T09:05:00Z,1.68,1.71,1.65,1.65,124979.0
AIXI,2026-10-02T09:06:00Z,1.65,1.66,1.56,1.63,158655.0
AIXI,2026-10-02T09:07:00Z,1.62,1.75,1.58,1.71,168539.0
AIXI,2026-10-02T09:08:00Z,1.71,1.72,1.67,1.68,139142.0
AIXI,2026-10-02T09:09:00Z,1.69,1.7398,1.68,1.7101,137912.0
AIXI,2026-10-02T09:10:00Z,1.7102,1.79,1.69,1.76,216495.0
AIXI,2026-10-02T09:11:00Z,1.76,1.8,1.74,1.77,174814.0
AIXI,2026-10-02T09:12:00Z,1.765,1.77,1.71,1.74,105577.0
AIXI,2026-10-02T09:13:00Z,1.75,1.8,1.75,1.77,198304.0
AIXI,2026-10-02T09:14:00Z,1.76,1.84,1.76,1.83,223469.0
AIXI,2026-10-02T09:15:00Z,1.82,1.83,1.78,1.79,77238.0
AIXI,2026-10-02T09:16:00Z,1.78,1.79,1.68,1.71,221440.0
AIXI,2026-10-02T09:17:00Z,1.71,1.71,1.57,1.58,162098.0
AIXI,2026-10-02T09:18:00Z,1.58,1.64,1.57,1.63,156356.0
AIXI,2026-10-02T09:19:00Z,1.63,1.64,1.62,1.62,72380.0
AIXI,2026-10-02T09:20:00Z,1.62,1.68,1.62,1.68,132705.0
AIXI,2026-10-02T09:21:00Z,1.68,1.75,1.67,1.73,116739.0
AIXI,2026-10-02T09:22:00Z,1.74,1.74,1.71,1.71,104576.0
AIXI,2026-10-02T09:23:00Z,1.71,1.72,1.63,1.68,118483.0
AIXI,2026-10-02T09:24:00Z,1.69,1.75,1.6898,1.74,130269.0
AIXI,2026-10-02T09:25:00Z,1.75,1.75,1.73,1.73,62437.0
AIXI,2026-10-02T09:26:00Z,1.73,1.74,1.65,1.69,108142.0
AIXI,2026-10-02T09:27:00Z,1.7,1.71,1.65,1.66,69502.0
AIXI,2026-10-02T09:28:00Z,1.66,1.74,1.65,1.74,67694.0
AIXI,2026-10-02T09:29:00Z,1.73,1.75,1.7,1.7203,68693.0
AIXI,2026-10-02T09:30:00Z,1.7203,1.74,1.71,1.71,72511.0
AIXI,2026-10-02T09:31:00Z,1.71,1.79,1.66,1.76,192792.0
AIXI,2026-10-02T09:32:00Z,1.76,1.79,1.76,1.785,140075.0
AIXI,2026-10-02T09:33:00Z,1.785,1.79,1.72,1.72,108763.0
AIXI,2026-10-02T09:34:00Z,1.72,1.73,1.65,1.66,91736.0
AIXI,2026-10-02T09:35:00Z,1.655,1.69,1.65,1.68,73530.0
AIXI,2026-10-02T09:36:00Z,1.6897,1.6897,1.59,1.59,83842.0
AIXI,2026-10-02T09:37:00Z,1.58,1.625,1.58,1.6198,145529.0
AIXI,2026-10-02T09:38:00Z,1.615,1.62,1.61,1.61,47448.0
AIXI,2026-10-02T09:39:00Z,1.61,1.62,1.51,1.52,107542.0
AIXI,2026-10-02T09:40:00Z,1.515,1.52,1.44,1.49,334118.0
AIXI,2026-10-02T09:41:00Z,1.48,1.51,1.48,1.5002,112006.0
AIXI,2026-10-02T09:42:00Z,1.5,1.53,1.5,1.53,63982.0
AIXI,2026-10-02T09:43:00Z,1.53,1.5597,1.52,1.5597,79885.0
AIXI,2026-10-02T09:44:00Z,1.55,1.59,1.55,1.58,105519.0
AIXI,2026-10-02T09:45:00Z,1.58,1.59,1.57,1.59,35260.0
AIXI,2026-10-02T09:46:00Z,1.58,1.59,1.49,1.5097,72544.0
AIXI,2026-10-02T09:47:00Z,1.51,1.53,1.51,1.53,53402.0
AIXI,2026-10-02T09:48:00Z,1.5303,1.54,1.48,1.49,62904.0
AIXI,2026-10-02T09:49:00Z,1.48,1.51,1.48,1.48,46583.0
AIXI,2026-10-02T09:50:00Z,1.49,1.49,1.45,1.46,113776.0
AIXI,2026-10-02T09:51:00Z,1.46,1.49,1.43,1.49,96738.0
AIXI,2026-10-02T09:52:00Z,1.48,1.5,1.48,1.49,31354.0
AIXI,2026-10-02T09:53:00Z,1.49,1.5,1.47,1.47,18636.0
AIXI,2026-10-02T09:54:00Z,1.47,1.5,1.47,1.5,20946.0
AIXI,2026-10-02T09:55:00Z,1.5,1.5,1.49,1.49,31909.0
AIXI,2026-10-02T09:56:00Z,1.5,1.5,1.44,1.45,42215.0
AIXI,2026-10-02T09:57:00Z,1.45,1.46,1.43,1.43,41058.0
AIXI,2026-10-02T09:58:00Z,1.43,1.45,1.43,1.43,31304.0
AIXI,2026-10-02T09:59:00Z,1.44,1.48,1.42,1.47,55583.0
AIXI,2026-10-02T10:00:00Z,1.48,1.48,1.43,1.4302,26923.0
AIXI,2026-10-02T10:01:00Z,1.4302,1.46,1.43,1.45,6514.0
AIXI,2026-10-02T10:02:00Z,1.45,1.45,1.43,1.43,14276.0
AIXI,2026-10-02T10:03:00Z,1.44,1.44,1.41,1.43,43261.0
AIXI,2026-10-02T10:04:00Z,1.42,1.43,1.42,1.43,20854.0
AIXI,2026-10-02T10:05:00Z,1.4203,1.43,1.41,1.41,21363.0
AIXI,2026-10-02T10:06:00Z,1.42,1.42,1.41,1.42,11661.0
AIXI,2026-10-02T10:07:00Z,1.41,1.42,1.39,1.39,44688.0
AIXI,2026-10-02T10:08:00Z,1.39,1.44,1.39,1.43,46595.0
AIXI,2026-10-02T10:09:00Z,1.43,1.4597,1.43,1.45,27895.0
AIXI,2026-10-02T10:10:00Z,1.45,1.45,1.41,1.42,13878.0
AIXI,2026-10-02T10:11:00Z,1.41,1.48,1.41,1.48,25981.0
AIXI,2026-10-02T10:12:00Z,1.48,1.49,1.47,1.49,62800.0
AIXI,2026-10-02T10:13:00Z,1.49,1.51,1.48,1.5,48948.0
AIXI,2026-10-02T10:14:00Z,1.5,1.5,1.45,1.45,52661.0
AIXI,2026-10-02T10:15:00Z,1.4597,1.52,1.45,1.5,41056.0
AIXI,2026-10-02T10:16:00Z,1.5,1.52,1.5,1.51,46830.0
AIXI,2026-10-02T10:17:00Z,1.52,1.53,1.51,1.53,34481.0
AIXI,2026-10-02T10:18:00Z,1.53,1.55,1.52,1.54,104391.0
AIXI,2026-10-02T10:19:00Z,1.54,1.54,1.5,1.51,30073.0
AIXI,2026-10-02T10:20:00Z,1.51,1.52,1.47,1.48,27521.0
AIXI,2026-10-02T10:21:00Z,1.48,1.5,1.46,1.49,28185.0
AIXI,2026-10-02T10:22:00Z,1.49,1.49,1.47,1.49,12122.0
AIXI,2026-10-02T10:23:00Z,1.49,1.49,1.47,1.48,5883.0
AIXI,2026-10-02T10:24:00Z,1.48,1.49,1.47,1.47,5505.0
AIXI,2026-10-02T10:25:00Z,1.47,1.47,1.45,1.45,14270.0
AIXI,2026-10-02T10:26:00Z,1.45,1.45,1.43,1.45,41093.0
AIXI,2026-10-02T10:27:00Z,1.45,1.45,1.44,1.44,7865.0
AIXI,2026-10-02T10:28:00Z,1.45,1.46,1.42,1.42,28550.0
AIXI,2026-10-02T10:29:00Z,1.42,1.43,1.41,1.42,31365.0
AIXI,2026-10-02T10:30:00Z,1.42,1.44,1.42,1.44,9992.0
AIXI,2026-10-02T10:31:00Z,1.44,1.46,1.44,1.46,9437.0
AIXI,2026-10-02T10:32:00Z,1.4503,1.4598,1.44,1.45,13661.0
AIXI,2026-10-02T10:33:00Z,1.45,1.45,1.44,1.45,10549.0
AIXI,2026-10-02T10:34:00Z,1.44,1.45,1.44,1.44,2677.0
AIXI,2026-10-02T10:35:00Z,1.44,1.44,1.43,1.44,13932.0
AIXI,2026-10-02T10:36:00Z,1.44,1.45,1.44,1.45,4752.0
AIXI,2026-10-02T10:37:00Z,1.44,1.44,1.42,1.42,21264.0
AIXI,2026-10-02T10:38:00Z,1.42,1.43,1.41,1.42,12420.0
AIXI,2026-10-02T10:39:00Z,1.42,1.44,1.42,1.44,11098.0
AIXI,2026-10-02T10:40:00Z,1.44,1.47,1.44,1.47,13944.0
AIXI,2026-10-02T10:41:00Z,1.47,1.47,1.45,1.455,14612.0
AIXI,2026-10-02T10:42:00Z,1.46,1.46,1.45,1.45,5640.0
AIXI,2026-10-02T10:43:00Z,1.45,1.4596,1.43,1.43,15930.0
AIXI,2026-10-02T10:44:00Z,1.43,1.43,1.42,1.42,15978.0
AIXI,2026-10-02T10:45:00Z,1.42,1.42,1.4,1.4,21039.0
AIXI,2026-10-02T10:46:00Z,1.4,1.43,1.4,1.42,8054.0
AIXI,2026-10-02T10:47:00Z,1.42,1.45,1.41,1.44,24411.0
AIXI,2026-10-02T10:48:00Z,1.44,1.45,1.43,1.44,8778.0
AIXI,2026-10-02T10:49:00Z,1.44,1.45,1.44,1.4497,12154.0
AIXI,2026-10-02T10:50:00Z,1.44,1.45,1.44,1.45,4299.0
AIXI,2026-10-02T10:51:00Z,1.45,1.46,1.44,1.45,14211.0
AIXI,2026-10-02T10:52:00Z,1.46,1.47,1.45,1.465,11074.0
AIXI,2026-10-02T10:53:00Z,1.46,1.49,1.46,1.49,23275.0
AIXI,2026-10-02T10:54:00Z,1.48,1.49,1.48,1.48,16102.0
AIXI,2026-10-02T10:55:00Z,1.48,1.48,1.44,1.4403,25388.0
AIXI,2026-10-02T10:56:00Z,1.45,1.45,1.44,1.45,8496.0
AIXI,2026-10-02T10:57:00Z,1.45,1.45,1.44,1.445,2417.0
AIXI,2026-10-02T10:58:00Z,1.445,1.45,1.44,1.44,2786.0
AIXI,2026-10-02T10:59:00Z,1.44,1.45,1.44,1.44,3938.0
AIXI,2026-10-02T11:00:00Z,1.45,1.46,1.44,1.44,29325.0
AIXI,2026-10-02T11:01:00Z,1.45,1.45,1.449,1.45,3290.0
AIXI,2026-10-02T11:02:00Z,1.4597,1.4597,1.42,1.42,16973.0
AIXI,2026-10-02T11:03:00Z,1.4215,1.43,1.41,1.42,9901.0
AIXI,2026-10-02T11:04:00Z,1.41,1.43,1.41,1.42,16842.0
AIXI,2026-10-02T11:05:00Z,1.42,1.42,1.41,1.4184,28188.0
AIXI,2026-10-02T11:06:00Z,1.41,1.41,1.4,1.41,12363.0
AIXI,2026-10-02T11:07:00Z,1.41,1.42,1.41,1.41,7235.0
AIXI,2026-10-02T11:08:00Z,1.42,1.42,1.41,1.41,4524.0
AIXI,2026-10-02T11:09:00Z,1.41,1.42,1.41,1.4196,6281.0
AIXI,2026-10-02T11:10:00Z,1.4101,1.42,1.41,1.42,7034.0
AIXI,2026-10-02T11:11:00Z,1.419,1.42,1.41,1.41,4773.0
AIXI,2026-10-02T11:12:00Z,1.4184,1.42,1.41,1.41,4591.0
AIXI,2026-10-02T11:13:00Z,1.41,1.41,1.4,1.4,6418.0
AIXI,2026-10-02T11:14:00Z,1.4,1.4099,1.4,1.4,6610.0
AIXI,2026-10-02T11:15:00Z,1.4,1.41,1.38,1.39,18169.0
AIXI,2026-10-02T11:16:00Z,1.38,1.39,1.38,1.38,20069.0
AIXI,2026-10-02T11:17:00Z,1.38,1.39,1.38,1.3818,12952.0
AIXI,2026-10-02T11:18:00Z,1.39,1.4,1.39,1.39,11833.0
AIXI,2026-10-02T11:19:00Z,1.39,1.39,1.38,1.39,8241.0
AIXI,2026-10-02T11:20:00Z,1.39,1.4,1.39,1.4,10117.0
AIXI,2026-10-02T11:21:00Z,1.3904,1.4,1.39,1.39,1814.0
AIXI,2026-10-02T11:22:00Z,1.39,1.4,1.39,1.4,1785.0
AIXI,2026-10-02T11:23:00Z,1.4,1.4,1.39,1.4,10067.0
AIXI,2026-10-02T11:24:00Z,1.4002,1.41,1.4,1.41,5137.0
AIXI,2026-10-02T11:25:00Z,1.41,1.42,1.41,1.42,13359.0
AIXI,2026-10-02T11:26:00Z,1.41,1.45,1.41,1.43,12898.0
AIXI,2026-10-02T11:27:00Z,1.4303,1.44,1.43,1.44,18563.0
AIXI,2026-10-02T11:28:00Z,1.44,1.44,1.43,1.43,13758.0
AIXI,2026-10-02T11:29:00Z,1.43,1.44,1.43,1.43,16219.0
AIXI,2026-10-02T11:30:00Z,1.43,1.43,1.42,1.42,7964.0
AIXI,2026-10-02T11:31:00Z,1.42,1.43,1.42,1.43,2487.0
AIXI,2026-10-02T11:32:00Z,1.43,1.44,1.43,1.44,7885.0
AIXI,2026-10-02T11:33:00Z,1.44,1.44,1.43,1.44,4882.0
AIXI,2026-10-02T11:34:00Z,1.44,1.44,1.43,1.44,4246.0
AIXI,2026-10-02T11:35:00Z,1.4301,1.44,1.42,1.43,9174.0
AIXI,2026-10-02T11:36:00Z,1.4285,1.43,1.42,1.421,8423.0
AIXI,2026-10-02T11:37:00Z,1.42,1.48,1.42,1.47,57124.0
AIXI,2026-10-02T11:38:00Z,1.47,1.52,1.46,1.51,103752.0
AIXI,2026-10-02T11:39:00Z,1.51,1.54,1.5,1.52,105054.0
AIXI,2026-10-02T11:40:00Z,1.51,1.51,1.47,1.51,69981.0
AIXI,2026-10-02T11:41:00Z,1.5098,1.51,1.49,1.5,29804.0
AIXI,2026-10-02T11:42:00Z,1.5,1.56,1.5,1.54,115592.0
AIXI,2026-10-02T11:43:00Z,1.545,1.545,1.48,1.52,56116.0
AIXI,2026-10-02T11:44:00Z,1.52,1.52,1.47,1.4785,32027.0
AIXI,2026-10-02T11:45:00Z,1.47,1.48,1.44,1.48,86275.0
AIXI,2026-10-02T11:46:00Z,1.48,1.51,1.469,1.51,46206.0
AIXI,2026-10-02T11:47:00Z,1.51,1.51,1.5,1.5,22885.0
AIXI,2026-10-02T11:48:00Z,1.51,1.56,1.5,1.5501,72469.0
AIXI,2026-10-02T11:49:00Z,1.56,1.595,1.548,1.55,234660.0
AIXI,2026-10-02T11:50:00Z,1.56,1.58,1.52,1.5215,100197.0
AIXI,2026-10-02T11:51:00Z,1.5215,1.67,1.52,1.6,403956.0
AIXI,2026-10-02T11:52:00Z,1.6,1.67,1.59,1.66,338529.0
AIXI,2026-10-02T11:53:00Z,1.65,1.68,1.61,1.61,366218.0
AIXI,2026-10-02T11:54:00Z,1.62,1.63,1.56,1.5685,175409.0
AIXI,2026-10-02T11:55:00Z,1.56,1.57,1.52,1.528,201953.0
AIXI,2026-10-02T11:56:00Z,1.52,1.55,1.46,1.49,207469.0
AIXI,2026-10-02T11:57:00Z,1.49,1.51,1.48,1.49,73231.0
AIXI,2026-10-02T11:58:00Z,1.48,1.52,1.48,1.5,81977.0
AIXI,2026-10-02T11:59:00Z,1.5,1.51,1.49,1.5,51530.0
AIXI,2026-10-02T12:00:00Z,1.492,1.51,1.49,1.49,41315.0
AIXI,2026-10-02T12:01:00Z,1.49,1.51,1.47,1.4701,80823.0
AIXI,2026-10-02T12:02:00Z,1.48,1.48,1.47,1.4782,34268.0
AIXI,2026-10-02T12:03:00Z,1.4799,1.48,1.47,1.48,23544.0
AIXI,2026-10-02T12:04:00Z,1.4703,1.48,1.47,1.47,28036.0
AIXI,2026-10-02T12:05:00Z,1.471,1.5,1.47,1.4996,32387.0
AIXI,2026-10-02T12:06:00Z,1.4903,1.51,1.49,1.51,35039.0
AIXI,2026-10-02T12:07:00Z,1.51,1.58,1.51,1.58,132868.0
AIXI,2026-10-02T12:08:00Z,1.58,1.67,1.57,1.6504,391429.0
AIXI,2026-10-02T12:09:00Z,1.65,1.67,1.61,1.6615,294232.0
AIXI,2026-10-02T12:10:00Z,1.67,1.74,1.65,1.74,540401.0
AIXI,2026-10-02T12:11:00Z,1.74,1.84,1.69,1.82,952892.0
AIXI,2026-10-02T12:12:00Z,1.81,1.82,1.75,1.78,400460.0
AIXI,2026-10-02T12:13:00Z,1.79,1.9,1.79,1.86,845191.0
AIXI,2026-10-02T12:14:00Z,1.86,1.87,1.73,1.76,512891.0
AIXI,2026-10-02T12:15:00Z,1.76,1.78,1.7,1.72,471173.0
AIXI,2026-10-02T12:16:00Z,1.7104,1.79,1.71,1.76,310204.0
AIXI,2026-10-02T12:17:00Z,1.76,1.82,1.71,1.73,335222.0
AIXI,2026-10-02T12:18:00Z,1.73,1.74,1.65,1.71,370390.0
AIXI,2026-10-02T12:19:00Z,1.71,1.76,1.66,1.73,223280.0
AIXI,2026-10-02T12:20:00Z,1.73,1.77,1.73,1.77,193512.0
AIXI,2026-10-02T12:21:00Z,1.77,1.82,1.7695,1.81,274832.0
AIXI,2026-10-02T12:22:00Z,1.82,1.89,1.8,1.8696,596944.0
AIXI,2026-10-02T12:23:00Z,1.86,1.89,1.82,1.84,520853.0
AIXI,2026-10-02T12:24:00Z,1.84,1.88,1.79,1.81,312345.0
AIXI,2026-10-02T12:25:00Z,1.82,1.92,1.7803,1.89,606701.0
AIXI,2026-10-02T12:26:00Z,1.88,1.89,1.8,1.89,347639.0
AIXI,2026-10-02T12:27:00Z,1.89,1.9,1.83,1.84,181588.0
AIXI,2026-10-02T12:28:00Z,1.85,1.85,1.77,1.78,218424.0
AIXI,2026-10-02T12:29:00Z,1.77,1.78,1.68,1.71,373544.0
AIXI,2026-10-02T12:30:00Z,1.71,1.76,1.69,1.74,222453.0
AIXI,2026-10-02T12:31:00Z,1.7397,1.74,1.65,1.69,215228.0
AIXI,2026-10-02T12:32:00Z,1.69,1.69,1.66,1.67,140847.0
AIXI,2026-10-02T12:33:00Z,1.68,1.74,1.66,1.71,169654.0
AIXI,2026-10-02T12:34:00Z,1.72,1.73,1.68,1.72,115880.0
AIXI,2026-10-02T12:35:00Z,1.72,1.73,1.67,1.68,125661.0
AIXI,2026-10-02T12:36:00Z,1.6796,1.7,1.66,1.68,57817.0
AIXI,2026-10-02T12:37:00Z,1.68,1.73,1.66,1.7199,125940.0
AIXI,2026-10-02T12:38:00Z,1.72,1.72,1.68,1.69,54052.0
AIXI,2026-10-02T12:39:00Z,1.69,1.7,1.67,1.6799,47608.0
AIXI,2026-10-02T12:40:00Z,1.679,1.68,1.56,1.56,337488.0
AIXI,2026-10-02T12:41:00Z,1.56,1.62,1.56,1.6096,167701.0
AIXI,2026-10-02T12:42:00Z,1.601,1.65,1.6,1.6396,110384.0
AIXI,2026-10-02T12:43:00Z,1.63,1.65,1.6,1.61,109393.0
AIXI,2026-10-02T12:44:00Z,1.61,1.65,1.61,1.62,82312.0
AIXI,2026-10-02T12:45:00Z,1.62,1.63,1.58,1.59,110933.0
AIXI,2026-10-02T12:46:00Z,1.59,1.61,1.59,1.6001,34702.0
AIXI,2026-10-02T12:47:00Z,1.6,1.61,1.58,1.61,123479.0
AIXI,2026-10-02T12:48:00Z,1.6,1.64,1.6,1.64,65931.0
AIXI,2026-10-02T12:49:00Z,1.64,1.7,1.63,1.67,228013.0
AIXI,2026-10-02T12:50:00Z,1.669,1.69,1.65,1.69,141727.0
AIXI,2026-10-02T12:51:00Z,1.69,1.69,1.64,1.64,54121.0
AIXI,2026-10-02T12:52:00Z,1.65,1.65,1.6101,1.63,75884.0
AIXI,2026-10-02T12:53:00Z,1.63,1.64,1.58,1.6001,121680.0
AIXI,2026-10-02T12:54:00Z,1.6084,1.61,1.59,1.6,46270.0
AIXI,2026-10-02T12:55:00Z,1.61,1.64,1.6,1.64,59924.0
AIXI,2026-10-02T12:56:00Z,1.63,1.66,1.63,1.6599,30888.0
AIXI,2026-10-02T12:57:00Z,1.66,1.66,1.63,1.64,30441.0
AIXI,2026-10-02T12:58:00Z,1.63,1.6385,1.61,1.6385,22818.0
AIXI,2026-10-02T12:59:00Z,1.64,1.64,1.63,1.63,27454.0
AIXI,2026-10-02T13:00:00Z,1.6303,1.64,1.63,1.6399,10213.0
AIXI,2026-10-02T13:01:00Z,1.6301,1.64,1.61,1.61,40868.0
AIXI,2026-10-02T13:02:00Z,1.61,1.61,1.55,1.58,110882.0
AIXI,2026-10-02T13:03:00Z,1.59,1.59,1.58,1.5897,28249.0
AIXI,2026-10-02T13:04:00Z,1.5802,1.6,1.58,1.6,23066.0
AIXI,2026-10-02T13:05:00Z,1.5982,1.63,1.59,1.63,27043.0
AIXI,2026-10-02T13:06:00Z,1.64,1.7,1.62,1.69,180352.0
AIXI,2026-10-02T13:07:00Z,1.69,1.74,1.65,1.74,308966.0
AIXI,2026-10-02T13:08:00Z,1.74,1.74,1.71,1.7182,188352.0
AIXI,2026-10-02T13:09:00Z,1.71,1.75,1.68,1.74,279563.0
AIXI,2026-10-02T13:10:00Z,1.74,1.7415,1.69,1.69,121011.0
AIXI,2026-10-02T13:11:00Z,1.69,1.7,1.6,1.65,133009.0
AIXI,2026-10-02T13:12:00Z,1.6416,1.66,1.64,1.64,55569.0
AIXI,2026-10-02T13:13:00Z,1.6404,1.7,1.64,1.6995,54959.0
AIXI,2026-10-02T13:14:00Z,1.69,1.71,1.69,1.7096,126457.0
AIXI,2026-10-02T13:15:00Z,1.7098,1.71,1.66,1.6684,55497.0
AIXI,2026-10-02T13:16:00Z,1.65,1.69,1.65,1.679,51109.0
AIXI,2026-10-02T13:17:00Z,1.67,1.68,1.65,1.66,47259.0
AIXI,2026-10-02T13:18:00Z,1.67,1.67,1.66,1.662,39111.0
AIXI,2026-10-02T13:19:00Z,1.6698,1.67,1.66,1.66,32220.0
AIXI,2026-10-02T13:20:00Z,1.66,1.68,1.65,1.67,35397.0
AIXI,2026-10-02T13:21:00Z,1.679,1.68,1.64,1.64,21575.0
AIXI,2026-10-02T13:22:00Z,1.64,1.66,1.64,1.65,34452.0
AIXI,2026-10-02T13:23:00Z,1.6418,1.74,1.6418,1.6985,241322.0
AIXI,2026-10-02T13:24:00Z,1.699,1.72,1.65,1.69,78807.0
AIXI,2026-10-02T13:25:00Z,1.69,1.73,1.67,1.7195,88922.0
AIXI,2026-10-02T13:26:00Z,1.72,1.76,1.64,1.69,171522.0
AIXI,2026-10-02T13:27:00Z,1.69,1.7,1.6801,1.6801,40891.0
AIXI,2026-10-02T13:28:00Z,1.69,1.7,1.68,1.69,30965.0
AIXI,2026-10-02T13:29:00Z,1.69,1.7,1.68,1.69,30860.0
AIXI,2026-10-02T13:30:00Z,1.7,1.77,1.61,1.76,439955.0
AIXI,2026-10-02T13:31:00Z,1.76,1.77,1.63,1.67,316861.0
AIXI,2026-10-02T13:32:00Z,1.67,1.77,1.65,1.685,235321.0
AIXI,2026-10-02T13:33:00Z,1.69,1.8,1.6898,1.78,510873.0
AIXI,2026-10-02T13:34:00Z,1.77,1.82,1.7,1.7904,702692.0
AIXI,2026-10-02T13:35:00Z,1.8,1.97,1.76,1.9222,1393225.0
AIXI,2026-10-02T13:36:00Z,1.93,2.14,1.93,2.0599,2093847.0
AIXI,2026-10-02T13:37:00Z,2.06,2.26,2.01,2.16,2037974.0
AIXI,2026-10-02T13:38:00Z,2.1682,2.185,2.02,2.09,1358336.0
AIXI,2026-10-02T13:39:00Z,2.09,2.17,2.01,2.0101,1035607.0
AIXI,2026-10-02T13:40:00Z,2.02,2.13,1.96,1.96,859900.0
AIXI,2026-10-02T13:41:00Z,1.99,2.0,1.81,1.8901,1198262.0
AIXI,2026-10-02T13:42:00Z,1.89,1.96,1.88,1.94,629930.0
AIXI,2026-10-02T13:43:00Z,1.95,2.14,1.94,2.1,996298.0
AIXI,2026-10-02T13:44:00Z,2.1083,2.14,2.04,2.1,847730.0
AIXI,2026-10-02T13:45:00Z,2.1,2.13,2.02,2.03,577122.0
AIXI,2026-10-02T13:46:00Z,2.03,2.17,2.02,2.0798,886701.0
AIXI,2026-10-02T13:47:00Z,2.07,2.08,1.96,2.0,431110.0
AIXI,2026-10-02T13:48:00Z,2.0,2.15,2.0,2.0905,502583.0
AIXI,2026-10-02T13:49:00Z,2.1,2.23,1.87,1.8999,1368879.0
AIXI,2026-10-02T13:50:00Z,1.89,2.05,1.845,2.01,877585.0
AIXI,2026-10-02T13:51:00Z,2.02,2.04,1.93,1.9398,356573.0
AIXI,2026-10-02T13:52:00Z,1.935,1.99,1.9,1.91,385080.0
AIXI,2026-10-02T13:53:00Z,1.91,2.03,1.905,2.005,344787.0
AIXI,2026-10-02T13:54:00Z,2.005,2.069,1.97,2.0598,384085.0
AIXI,2026-10-02T13:55:00Z,2.06,2.08,2.0,2.0096,345772.0
AIXI,2026-10-02T13:56:00Z,2.01,2.1,1.92,1.975,628903.0
AIXI,2026-10-02T13:57:00Z,1.9702,1.99,1.93,1.9499,224200.0
AIXI,2026-10-02T13:58:00Z,1.9402,1.95,1.9,1.935,251107.0
AIXI,2026-10-02T13:59:00Z,1.935,1.96,1.9,1.9599,212991.0
AIXI,2026-10-02T14:00:00Z,1.96,1.98,1.81,1.86,465903.0
AIXI,2026-10-02T14:01:00Z,1.85,1.85,1.76,1.8197,398018.0
AIXI,2026-10-02T14:02:00Z,1.815,1.84,1.8,1.8099,160786.0
AIXI,2026-10-02T14:03:00Z,1.81,1.83,1.81,1.83,109793.0
AIXI,2026-10-02T14:04:00Z,1.821,1.86,1.82,1.84,123263.0
AIXI,2026-10-02T14:05:00Z,1.84,1.93,1.84,1.9,219702.0
AIXI,2026-10-02T14:06:00Z,1.9098,1.91,1.86,1.86,103657.0
AIXI,2026-10-02T14:07:00Z,1.86,1.89,1.84,1.88,92881.0
AIXI,2026-10-02T14:08:00Z,1.87,1.9,1.85,1.855,68757.0
AIXI,2026-10-02T14:09:00Z,1.85,1.86,1.76,1.78,237564.0
AIXI,2026-10-02T14:10:00Z,1.7801,1.8,1.76,1.7998,145442.0
AIXI,2026-10-02T14:11:00Z,1.8,1.81,1.77,1.78,138759.0
AIXI,2026-10-02T14:12:00Z,1.77,1.78,1.76,1.7699,110932.0
AIXI,2026-10-02T14:13:00Z,1.7699,1.77,1.68,1.715,467144.0
AIXI,2026-10-02T14:14:00Z,1.71,1.73,1.7,1.7001,168149.0
AIXI,2026-10-02T14:15:00Z,1.7098,1.74,1.709,1.73,87257.0
AIXI,2026-10-02T14:16:00Z,1.7296,1.79,1.72,1.78,129926.0
AIXI,2026-10-02T14:17:00Z,1.77,1.78,1.73,1.7502,89901.0
AIXI,2026-10-02T14:18:00Z,1.76,1.81,1.75,1.7802,132407.0
AIXI,2026-10-02T14:19:00Z,1.78,1.84,1.78,1.82,170141.0
AIXI,2026-10-02T14:20:00Z,1.8283,1.9,1.81,1.88,292624.0
AIXI,2026-10-02T14:21:00Z,1.88,1.9,1.86,1.8902,202295.0
AIXI,2026-10-02T14:22:00Z,1.8904,1.9,1.86,1.89,155706.0
AIXI,2026-10-02T14:23:00Z,1.89,1.8996,1.81,1.86,165351.0
AIXI,2026-10-02T14:24:00Z,1.85,1.87,1.78,1.8,175768.0
AIXI,2026-10-02T14:25:00Z,1.8082,1.85,1.8,1.8399,89038.0
AIXI,2026-10-02T14:26:00Z,1.84,1.88,1.79,1.79,172896.0
AIXI,2026-10-02T14:27:00Z,1.7998,1.8,1.75,1.78,143534.0
AIXI,2026-10-02T14:28:00Z,1.785,1.8,1.72,1.72,103964.0
AIXI,2026-10-02T14:29:00Z,1.72,1.76,1.72,1.7498,81093.0
AIXI,2026-10-02T14:30:00Z,1.75,1.77,1.74,1.76,70379.0
AIXI,2026-10-02T14:31:00Z,1.76,1.77,1.74,1.77,98295.0
AIXI,2026-10-02T14:32:00Z,1.7651,1.79,1.75,1.76,84364.0
AIXI,2026-10-02T14:33:00Z,1.77,1.78,1.72,1.72,76324.0
AIXI,2026-10-02T14:34:00Z,1.72,1.76,1.71,1.76,77875.0
AIXI,2026-10-02T14:35:00Z,1.76,1.765,1.73,1.73,46600.0
AIXI,2026-10-02T14:36:00Z,1.735,1.74,1.68,1.68,189334.0
AIXI,2026-10-02T14:37:00Z,1.68,1.71,1.63,1.6303,225962.0
AIXI,2026-10-02T14:38:00Z,1.6399,1.67,1.63,1.6599,156757.0
AIXI,2026-10-02T14:39:00Z,1.66,1.67,1.655,1.6601,50619.0
AIXI,2026-10-02T14:40:00Z,1.66,1.68,1.66,1.66,63795.0
AIXI,2026-10-02T14:41:00Z,1.66,1.67,1.63,1.63,60238.0
AIXI,2026-10-02T14:42:00Z,1.63,1.6402,1.5901,1.6,101545.0
AIXI,2026-10-02T14:43:00Z,1.6099,1.65,1.6,1.65,65292.0
AIXI,2026-10-02T14:44:00Z,1.65,1.67,1.649,1.6503,47332.0
AIXI,2026-10-02T14:45:00Z,1.6586,1.66,1.64,1.641,52201.0
AIXI,2026-10-02T14:46:00Z,1.64,1.66,1.64,1.65,43353.0
AIXI,2026-10-02T14:47:00Z,1.651,1.69,1.6402,1.68,76516.0
AIXI,2026-10-02T14:48:00Z,1.67,1.68,1.65,1.6567,43866.0
AIXI,2026-10-02T14:49:00Z,1.65,1.65,1.61,1.62,53110.0
AIXI,2026-10-02T14:50:00Z,1.62,1.63,1.6,1.61,41880.0
AIXI,2026-10-02T14:51:00Z,1.6099,1.64,1.59,1.63,82457.0
AIXI,2026-10-02T14:52:00Z,1.6387,1.6497,1.615,1.615,43829.0
AIXI,2026-10-02T14:53:00Z,1.6196,1.63,1.61,1.62,20326.0
AIXI,2026-10-02T14:54:00Z,1.6177,1.65,1.6,1.65,50164.0
AIXI,2026-10-02T14:55:00Z,1.65,1.7,1.63,1.68,118257.0
AIXI,2026-10-02T14:56:00Z,1.68,1.69,1.6596,1.69,84788.0
AIXI,2026-10-02T14:57:00Z,1.69,1.69,1.66,1.6899,78904.0
AIXI,2026-10-02T14:58:00Z,1.68,1.7,1.67,1.6801,61337.0
AIXI,2026-10-02T14:59:00Z,1.6782,1.6797,1.66,1.6699,23450.0
AIXI,2026-10-02T15:00:00Z,1.67,1.67,1.65,1.66,30511.0
AIXI,2026-10-02T15:01:00Z,1.66,1.67,1.65,1.655,29426.0
AIXI,2026-10-02T15:02:00Z,1.655,1.7,1.65,1.7,61625.0
AIXI,2026-10-02T15:03:00Z,1.7,1.7,1.6877,1.6877,35652.0
AIXI,2026-10-02T15:04:00Z,1.69,1.69,1.66,1.6799,24552.0
AIXI,2026-10-02T15:05:00Z,1.68,1.75,1.6798,1.73,95406.0
AIXI,2026-10-02T15:06:00Z,1.739,1.76,1.7,1.74,151093.0
AIXI,2026-10-02T15:07:00Z,1.74,1.76,1.71,1.75,61337.0
AIXI,2026-10-02T15:08:00Z,1.7596,1.77,1.74,1.76,124177.0
AIXI,2026-10-02T15:09:00Z,1.77,1.77,1.73,1.75,72063.0
AIXI,2026-10-02T15:10:00Z,1.74,1.75,1.72,1.7399,50861.0
AIXI,2026-10-02T15:11:00Z,1.7302,1.74,1.72,1.72,16107.0
AIXI,2026-10-02T15:12:00Z,1.72,1.73,1.72,1.72,33316.0
AIXI,2026-10-02T15:13:00Z,1.72,1.721,1.7,1.721,30869.0
AIXI,2026-10-02T15:14:00Z,1.72,1.7302,1.72,1.72,10589.0
AIXI,2026-10-02T15:15:00Z,1.72,1.73,1.71,1.71,17795.0
AIXI,2026-10-02T15:16:00Z,1.71,1.76,1.71,1.76,38568.0
AIXI,2026-10-02T15:17:00Z,1.7561,1.7561,1.74,1.75,44947.0
AIXI,2026-10-02T15:18:00Z,1.75,1.77,1.75,1.75,91338.0
AIXI,2026-10-02T15:19:00Z,1.75,1.75,1.7,1.72,43288.0
AIXI,2026-10-02T15:20:00Z,1.72,1.74,1.71,1.7202,34258.0
AIXI,2026-10-02T15:21:00Z,1.73,1.73,1.72,1.72,15964.0
AIXI,2026-10-02T15:22:00Z,1.7299,1.73,1.71,1.71,16853.0
AIXI,2026-10-02T15:23:00Z,1.71,1.71,1.65,1.6618,63922.0
AIXI,2026-10-02T15:24:00Z,1.6601,1.695,1.66,1.6902,21298.0
AIXI,2026-10-02T15:25:00Z,1.7,1.71,1.69,1.6901,22803.0
AIXI,2026-10-02T15:26:00Z,1.69,1.7,1.68,1.7,20000.0
AIXI,2026-10-02T15:27:00Z,1.7,1.71,1.69,1.7,17276.0
AIXI,2026-10-02T15:28:00Z,1.7,1.7,1.69,1.6982,6341.0
AIXI,2026-10-02T15:29:00Z,1.69,1.69,1.68,1.68,3721.0
AIXI,2026-10-02T15:30:00Z,1.68,1.69,1.67,1.6896,20311.0
AIXI,2026-10-02T15:31:00Z,1.69,1.69,1.68,1.69,10546.0
AIXI,2026-10-02T15:32:00Z,1.68,1.69,1.68,1.69,2345.0
AMOD,2026-10-02T08:00:00Z,2.1,2.27,2.0,2.08,347013.0
AMOD,2026-10-02T08:01:00Z,2.0702,2.22,1.92,1.96,149455.0
AMOD,2026-10-02T08:02:00Z,1.97,2.27,1.91,2.0107,1095095.0
AMOD,2026-10-02T08:03:00Z,2.15,2.17,1.98,2.0095,93107.0
AMOD,2026-10-02T08:04:00Z,2.005,2.06,2.005,2.04,147870.0
AMOD,2026-10-02T08:05:00Z,2.03,2.04,1.99,1.995,86063.0
AMOD,2026-10-02T08:06:00Z,1.9903,2.19,1.91,1.98,182198.0
AMOD,2026-10-02T08:07:00Z,1.98,2.14,1.979,2.1,222298.0
AMOD,2026-10-02T08:08:00Z,2.09,2.17,2.06,2.1503,237932.0
AMOD,2026-10-02T08:09:00Z,2.15,2.24,2.13,2.2294,343931.0
AMOD,2026-10-02T08:10:00Z,2.22,2.23,2.13,2.15,165763.0
AMOD,2026-10-02T08:11:00Z,2.15,2.16,2.08,2.12,168476.0
AMOD,2026-10-02T08:12:00Z,2.12,2.16,2.1,2.14,130455.0
AMOD,2026-10-02T08:13:00Z,2.14,2.2,2.11,2.1498,125830.0
AMOD,2026-10-02T08:14:00Z,2.14,2.15,2.11,2.11,31113.0
AMOD,2026-10-02T08:15:00Z,2.1193,2.12,2.07,2.07,64357.0
AMOD,2026-10-02T08:16:00Z,2.07,2.08,2.06,2.07,79315.0
AMOD,2026-10-02T08:17:00Z,2.08,2.12,2.07,2.11,71977.0
AMOD,2026-10-02T08:18:00Z,2.1199,2.12,2.11,2.1103,32992.0
AMOD,2026-10-02T08:19:00Z,2.12,2.13,2.05,2.06,171616.0
AMOD,2026-10-02T08:20:00Z,2.06,2.08,2.05,2.07,55751.0
AMOD,2026-10-02T08:21:00Z,2.0794,2.16,2.075,2.13,191856.0
AMOD,2026-10-02T08:22:00Z,2.135,2.24,2.12,2.15,264414.0
AMOD,2026-10-02T08:23:00Z,2.1501,2.18,2.15,2.16,80123.0
AMOD,2026-10-02T08:24:00Z,2.1694,2.17,2.1,2.13,71296.0
AMOD,2026-10-02T08:25:00Z,2.12,2.13,2.1,2.1,43482.0
AMOD,2026-10-02T08:26:00Z,2.1,2.11,2.06,2.07,81301.0
AMOD,2026-10-02T08:27:00Z,2.0799,2.09,2.07,2.07,47701.0
AMOD,2026-10-02T08:28:00Z,2.07,2.08,2.06,2.06,35358.0
AMOD,2026-10-02T08:29:00Z,2.06,2.11,2.06,2.1,63552.0
AMOD,2026-10-02T08:30:00Z,2.1,2.1,2.08,2.09,10721.0
AMOD,2026-10-02T08:31:00Z,2.09,2.09,2.08,2.08,16046.0
AMOD,2026-10-02T08:32:00Z,2.08,2.09,2.05,2.06,48643.0
AMOD,2026-10-02T08:33:00Z,2.05,2.06,2.04,2.0403,27493.0
AMOD,2026-10-02T08:34:00Z,2.04,2.05,2.02,2.0494,106679.0
AMOD,2026-10-02T08:35:00Z,2.05,2.05,2.03,2.03,34459.0
AMOD,2026-10-02T08:36:00Z,2.03,2.04,2.03,2.0398,34982.0
AMOD,2026-10-02T08:37:00Z,2.03,2.04,2.01,2.01,43851.0
AMOD,2026-10-02T08:38:00Z,2.01,2.02,2.01,2.0194,32180.0
AMOD,2026-10-02T08:39:00Z,2.01,2.02,1.9994,2.0,45192.0
AMOD,2026-10-02T08:40:00Z,1.9989,2.0,1.99,1.9997,30167.0
AMOD,2026-10-02T08:41:00Z,2.0,2.0,1.99,1.99,25703.0
AMOD,2026-10-02T08:42:00Z,1.99,2.03,1.99,2.03,55194.0
AMOD,2026-10-02T08:43:00Z,2.03,2.03,1.9903,2.01,50178.0
AMOD,2026-10-02T08:44:00Z,2.0194,2.02,2.01,2.0199,11827.0
AMOD,2026-10-02T08:45:00Z,2.015,2.02,2.0,2.0,19024.0
AMOD,2026-10-02T08:46:00Z,2.0,2.01,2.0,2.0,11141.0
AMOD,2026-10-02T08:47:00Z,2.0,2.03,2.0,2.03,36350.0
AMOD,2026-10-02T08:48:00Z,2.03,2.05,2.02,2.0298,76634.0
AMOD,2026-10-02T08:49:00Z,2.03,2.03,2.02,2.025,14912.0
AMOD,2026-10-02T08:50:00Z,2.02,2.04,2.02,2.03,31467.0
AMOD,2026-10-02T08:51:00Z,2.0201,2.03,2.02,2.02,30019.0
AMOD,2026-10-02T08:52:00Z,2.0208,2.06,2.02,2.06,34079.0
AMOD,2026-10-02T08:53:00Z,2.0599,2.08,2.05,2.06,87244.0
AMOD,2026-10-02T08:54:00Z,2.05,2.07,2.05,2.05,52686.0
AMOD,2026-10-02T08:55:00Z,2.06,2.07,2.05,2.0506,52457.0
AMOD,2026-10-02T08:56:00Z,2.0501,2.0509,2.0,2.0,53032.0
AMOD,2026-10-02T08:57:00Z,2.0,2.01,1.98,1.9807,46923.0
AMOD,2026-10-02T08:58:00Z,1.98,1.9892,1.96,1.97,74486.0
AMOD,2026-10-02T08:59:00Z,1.96,1.97,1.96,1.96,36345.0
AMOD,2026-10-02T09:00:00Z,1.96,1.97,1.96,1.9603,22467.0
AMOD,2026-10-02T09:01:00Z,1.97,1.97,1.92,1.9294,67988.0
AMOD,2026-10-02T09:02:00Z,1.9202,1.95,1.91,1.95,113480.0
AMOD,2026-10-02T09:03:00Z,1.95,1.96,1.95,1.9594,25070.0
AMOD,2026-10-02T09:04:00Z,1.95,1.96,1.95,1.95,17601.0
AMOD,2026-10-02T09:05:00Z,1.9508,1.96,1.95,1.95,16608.0
AMOD,2026-10-02T09:06:00Z,1.95,1.96,1.95,1.95,10511.0
AMOD,2026-10-02T09:07:00Z,1.9594,1.96,1.95,1.96,12325.0
AMOD,2026-10-02T09:08:00Z,1.95,1.97,1.95,1.97,33024.0
AMOD,2026-10-02T09:09:00Z,1.97,1.98,1.97,1.98,30443.0
AMOD,2026-10-02T09:10:00Z,1.98,1.98,1.97,1.9794,34478.0
AMOD,2026-10-02T09:11:00Z,1.9708,1.98,1.97,1.97,16451.0
AMOD,2026-10-02T09:12:00Z,1.98,1.98,1.95,1.9503,37282.0
AMOD,2026-10-02T09:13:00Z,1.96,1.96,1.94,1.94,18854.0
AMOD,2026-10-02T09:14:00Z,1.93,1.94,1.91,1.91,36389.0
AMOD,2026-10-02T09:15:00Z,1.91,1.92,1.91,1.91,34692.0
AMOD,2026-10-02T09:16:00Z,1.91,1.92,1.86,1.86,69361.0
AMOD,2026-10-02T09:17:00Z,1.8607,1.87,1.82,1.85,146433.0
AMOD,2026-10-02T09:18:00Z,1.84,1.88,1.84,1.8707,61231.0
AMOD,2026-10-02T09:19:00Z,1.8706,1.88,1.87,1.88,26181.0
AMOD,2026-10-02T09:20:00Z,1.88,1.89,1.8792,1.8894,31955.0
AMOD,2026-10-02T09:21:00Z,1.8899,1.9,1.8801,1.89,55746.0
AMOD,2026-10-02T09:22:00Z,1.895,1.9,1.89,1.89,17052.0
AMOD,2026-10-02T09:23:00Z,1.9,1.91,1.89,1.9,31577.0
AMOD,2026-10-02T09:24:00Z,1.9,1.91,1.9,1.91,15265.0
AMOD,2026-10-02T09:25:00Z,1.9,1.9091,1.88,1.88,32433.0
AMOD,2026-10-02T09:26:00Z,1.8799,1.88,1.87,1.87,12470.0
AMOD,2026-10-02T09:27:00Z,1.8703,1.88,1.87,1.87,13765.0
AMOD,2026-10-02T09:28:00Z,1.87,1.8791,1.85,1.85,21428.0
AMOD,2026-10-02T09:29:00Z,1.85,1.88,1.85,1.8792,23117.0
AMOD,2026-10-02T09:30:00Z,1.88,1.88,1.86,1.87,14578.0
AMOD,2026-10-02T09:31:00Z,1.87,1.88,1.87,1.87,6005.0
AMOD,2026-10-02T09:32:00Z,1.87,1.88,1.87,1.88,6648.0
AMOD,2026-10-02T09:33:00Z,1.88,1.93,1.88,1.9199,49969.0
AMOD,2026-10-02T09:34:00Z,1.9195,1.95,1.91,1.95,91132.0
AMOD,2026-10-02T09:35:00Z,1.95,1.98,1.94,1.965,112878.0
AMOD,2026-10-02T09:36:00Z,1.96,1.97,1.95,1.96,50420.0
AMOD,2026-10-02T09:37:00Z,1.9692,2.03,1.96,2.0203,160966.0
AMOD,2026-10-02T09:38:00Z,2.03,2.03,1.99,1.9999,85432.0
AMOD,2026-10-02T09:39:00Z,2.0,2.04,1.99,2.04,95900.0
AMOD,2026-10-02T09:40:00Z,2.04,2.05,2.04,2.0491,134760.0
AMOD,2026-10-02T09:41:00Z,2.04,2.05,2.0,2.0211,76550.0
AMOD,2026-10-02T09:42:00Z,2.0294,2.03,1.99,2.01,64415.0
AMOD,2026-10-02T09:43:00Z,2.01,2.01,1.96,1.97,76495.0
AMOD,2026-10-02T09:44:00Z,1.97,1.9701,1.94,1.96,89072.0
AMOD,2026-10-02T09:45:00Z,1.97,2.0,1.96,1.99,53880.0
AMOD,2026-10-02T09:46:00Z,2.0,2.0,1.97,1.98,28602.0
AMOD,2026-10-02T09:47:00Z,1.97,1.99,1.97,1.9892,21151.0
AMOD,2026-10-02T09:48:00Z,1.9805,1.9894,1.95,1.95,36497.0
AMOD,2026-10-02T09:49:00Z,1.95,1.9598,1.93,1.931,36544.0
AMOD,2026-10-02T09:50:00Z,1.93,1.9505,1.93,1.9405,37156.0
AMOD,2026-10-02T09:51:00Z,1.94,1.96,1.94,1.96,15835.0
AMOD,2026-10-02T09:52:00Z,1.96,2.0,1.95,1.9901,41835.0
AMOD,2026-10-02T09:53:00Z,1.99,2.0,1.99,1.99,22653.0
AMOD,2026-10-02T09:54:00Z,1.99,2.0,1.99,1.99,25886.0
AMOD,2026-10-02T09:55:00Z,1.99,2.0,1.96,1.97,25479.0
AMOD,2026-10-02T09:56:00Z,1.96,1.97,1.96,1.9698,14629.0
AMOD,2026-10-02T09:57:00Z,1.96,1.96,1.94,1.94,24771.0
AMOD,2026-10-02T09:58:00Z,1.94,1.95,1.92,1.93,50397.0
AMOD,2026-10-02T09:59:00Z,1.9301,1.94,1.91,1.92,45592.0
AMOD,2026-10-02T10:00:00Z,1.9299,1.96,1.92,1.9592,18983.0
AMOD,2026-10-02T10:01:00Z,1.96,1.96,1.95,1.9594,23807.0
AMOD,2026-10-02T10:02:00Z,1.95,1.96,1.94,1.9502,21279.0
AMOD,2026-10-02T10:03:00Z,1.95,1.97,1.95,1.97,17979.0
AMOD,2026-10-02T10:04:00Z,1.97,1.99,1.97,1.98,47464.0
AMOD,2026-10-02T10:05:00Z,1.9798,1.98,1.96,1.9605,9911.0
AMOD,2026-10-02T10:06:00Z,1.96,1.965,1.95,1.9594,15427.0
AMOD,2026-10-02T10:07:00Z,1.95,1.96,1.95,1.9598,3179.0
AMOD,2026-10-02T10:08:00Z,1.95,1.9594,1.95,1.95,8076.0
AMOD,2026-10-02T10:09:00Z,1.95,1.96,1.93,1.9392,11370.0
AMOD,2026-10-02T10:10:00Z,1.93,1.95,1.93,1.9494,30204.0
AMOD,2026-10-02T10:11:00Z,1.9494,1.95,1.94,1.95,8969.0
AMOD,2026-10-02T10:12:00Z,1.945,1.95,1.94,1.94,11183.0
AMOD,2026-10-02T10:13:00Z,1.94,1.945,1.94,1.94,5295.0
AMOD,2026-10-02T10:14:00Z,1.94,1.9499,1.94,1.9499,5438.0
AMOD,2026-10-02T10:15:00Z,1.9402,1.95,1.92,1.92,14253.0
AMOD,2026-10-02T10:16:00Z,1.9294,1.93,1.91,1.91,14696.0
AMOD,2026-10-02T10:17:00Z,1.915,1.92,1.91,1.91,7396.0
AMOD,2026-10-02T10:18:00Z,1.9191,1.92,1.91,1.92,19829.0
AMOD,2026-10-02T10:19:00Z,1.91,1.92,1.91,1.91,14536.0
AMOD,2026-10-02T10:20:00Z,1.91,1.92,1.91,1.91,4005.0
AMOD,2026-10-02T10:21:00Z,1.915,1.9192,1.89,1.8999,14794.0
AMOD,2026-10-02T10:22:00Z,1.8994,1.91,1.89,1.9,22947.0
AMOD,2026-10-02T10:23:00Z,1.9,1.9,1.88,1.88,44833.0
AMOD,2026-10-02T10:24:00Z,1.88,1.89,1.88,1.89,8645.0
AMOD,2026-10-02T10:25:00Z,1.88,1.91,1.88,1.9002,17958.0
AMOD,2026-10-02T10:26:00Z,1.9002,1.94,1.9002,1.94,65071.0
AMOD,2026-10-02T10:27:00Z,1.94,1.96,1.9391,1.9398,48811.0
AMOD,2026-10-02T10:28:00Z,1.9395,1.9494,1.93,1.93,14490.0
AMOD,2026-10-02T10:29:00Z,1.93,1.94,1.93,1.94,14518.0
AMOD,2026-10-02T10:30:00Z,1.94,1.95,1.94,1.94,17010.0
AMOD,2026-10-02T10:31:00Z,1.94,1.95,1.94,1.94,10259.0
AMOD,2026-10-02T10:32:00Z,1.935,1.94,1.93,1.93,9435.0
AMOD,2026-10-02T10:33:00Z,1.9394,1.9395,1.92,1.92,6089.0
AMOD,2026-10-02T10:34:00Z,1.92,1.93,1.92,1.93,6378.0
AMOD,2026-10-02T10:35:00Z,1.92,1.93,1.92,1.925,4601.0
AMOD,2026-10-02T10:36:00Z,1.9203,1.93,1.92,1.92,10427.0
AMOD,2026-10-02T10:37:00Z,1.93,1.98,1.93,1.98,56115.0
AMOD,2026-10-02T10:38:00Z,1.98,2.04,1.98,2.03,134772.0
AMOD,2026-10-02T10:39:00Z,2.0394,2.04,2.03,2.0303,74794.0
AMOD,2026-10-02T10:40:00Z,2.04,2.04,2.0,2.0002,56844.0
AMOD,2026-10-02T10:41:00Z,2.0094,2.01,1.98,1.995,55250.0
AMOD,2026-10-02T10:42:00Z,1.99,1.9989,1.97,1.97,26730.0
AMOD,2026-10-02T10:43:00Z,1.97,1.99,1.95,1.97,50640.0
AMOD,2026-10-02T10:44:00Z,1.97,2.0,1.97,1.97,41397.0
AMOD,2026-10-02T10:45:00Z,1.98,1.98,1.96,1.98,31941.0
AMOD,2026-10-02T10:46:00Z,1.98,1.98,1.96,1.96,16594.0
AMOD,2026-10-02T10:47:00Z,1.97,1.97,1.96,1.97,15295.0
AMOD,2026-10-02T10:48:00Z,1.9694,1.97,1.96,1.96,10726.0
AMOD,2026-10-02T10:49:00Z,1.97,1.98,1.97,1.9795,9753.0
AMOD,2026-10-02T10:50:00Z,1.98,1.98,1.97,1.98,19865.0
AMOD,2026-10-02T10:51:00Z,1.98,1.98,1.97,1.97,6316.0
AMOD,2026-10-02T10:52:00Z,1.97,1.9702,1.96,1.9602,6273.0
AMOD,2026-10-02T10:53:00Z,1.965,1.97,1.96,1.97,14203.0
AMOD,2026-10-02T10:54:00Z,1.97,1.97,1.96,1.96,9836.0
AMOD,2026-10-02T10:55:00Z,1.96,1.97,1.96,1.96,5236.0
AMOD,2026-10-02T10:56:00Z,1.965,1.9697,1.96,1.9697,12702.0
AMOD,2026-10-02T10:57:00Z,1.96,2.0,1.96,2.0,30124.0
AMOD,2026-10-02T10:58:00Z,1.9995,2.0,1.99,2.0,18795.0
AMOD,2026-10-02T10:59:00Z,2.0,2.0,1.97,1.9794,33073.0
AMOD,2026-10-02T11:00:00Z,1.98,2.02,1.975,2.012,88744.0
AMOD,2026-10-02T11:01:00Z,2.0185,2.17,2.0185,2.1492,644994.0
AMOD,2026-10-02T11:02:00Z,2.1489,2.17,2.09,2.15,478157.0
AMOD,2026-10-02T11:03:00Z,2.1484,2.15,2.12,2.12,335538.0
AMOD,2026-10-02T11:04:00Z,2.12,2.17,2.11,2.13,327521.0
AMOD,2026-10-02T11:05:00Z,2.12,2.19,2.1,2.182,439691.0
AMOD,2026-10-02T11:06:00Z,2.1804,2.34,2.18,2.31,1145154.0
AMOD,2026-10-02T11:07:00Z,2.32,2.36,2.26,2.35,1016911.0
AMOD,2026-10-02T11:08:00Z,2.35,2.48,2.32,2.4,1244224.0
AMOD,2026-10-02T11:09:00Z,2.4,2.44,2.35,2.4002,654961.0
AMOD,2026-10-02T11:10:00Z,2.4098,2.43,2.35,2.388,644232.0
AMOD,2026-10-02T11:11:00Z,2.3894,2.44,2.34,2.432,756632.0
AMOD,2026-10-02T11:12:00Z,2.43,2.46,2.38,2.3998,791487.0
AMOD,2026-10-02T11:13:00Z,2.4,2.41,2.36,2.39,332349.0
AMOD,2026-10-02T11:14:00Z,2.3904,2.45,2.36,2.4192,508699.0
AMOD,2026-10-02T11:15:00Z,2.41,2.48,2.4,2.478,647837.0
AMOD,2026-10-02T11:16:00Z,2.478,2.5,2.4,2.4,541555.0
AMOD,2026-10-02T11:17:00Z,2.41,2.41,2.3,2.34,708930.0
AMOD,2026-10-02T11:18:00Z,2.33,2.3397,2.28,2.31,499211.0
AMOD,2026-10-02T11:19:00Z,2.31,2.34,2.27,2.32,401796.0
AMOD,2026-10-02T11:20:00Z,2.32,2.32,2.27,2.27,265392.0
AMOD,2026-10-02T11:21:00Z,2.2799,2.29,2.25,2.275,356608.0
AMOD,2026-10-02T11:22:00Z,2.28,2.33,2.27,2.322,300288.0
AMOD,2026-10-02T11:23:00Z,2.3201,2.33,2.32,2.32,192503.0
AMOD,2026-10-02T11:24:00Z,2.32,2.38,2.32,2.3702,435353.0
AMOD,2026-10-02T11:25:00Z,2.3702,2.38,2.34,2.35,316605.0
AMOD,2026-10-02T11:26:00Z,2.348,2.37,2.32,2.32,206207.0
AMOD,2026-10-02T11:27:00Z,2.32,2.33,2.29,2.3102,303108.0
AMOD,2026-10-02T11:28:00Z,2.32,2.38,2.31,2.379,337373.0
AMOD,2026-10-02T11:29:00Z,2.378,2.5,2.36,2.43,1071439.0
AMOD,2026-10-02T11:30:00Z,2.43,2.48,2.43,2.46,674835.0
AMOD,2026-10-02T11:31:00Z,2.458,2.48,2.44,2.44,461721.0
AMOD,2026-10-02T11:32:00Z,2.4415,2.56,2.44,2.5,829620.0
AMOD,2026-10-02T11:33:00Z,2.5,2.5,2.45,2.46,327339.0
AMOD,2026-10-02T11:34:00Z,2.46,2.47,2.44,2.44,203892.0
AMOD,2026-10-02T11:35:00Z,2.4403,2.45,2.35,2.38,651061.0
AMOD,2026-10-02T11:36:00Z,2.38,2.41,2.38,2.4007,176914.0
AMOD,2026-10-02T11:37:00Z,2.41,2.42,2.4,2.41,221539.0
AMOD,2026-10-02T11:38:00Z,2.4108,2.47,2.41,2.46,368303.0
AMOD,2026-10-02T11:39:00Z,2.4689,2.62,2.46,2.5885,916843.0
AMOD,2026-10-02T11:40:00Z,2.59,2.66,2.56,2.64,1061820.0
AMOD,2026-10-02T11:41:00Z,2.64,2.65,2.57,2.5703,760564.0
AMOD,2026-10-02T11:42:00Z,2.58,2.61,2.55,2.57,705275.0
AMOD,2026-10-02T11:43:00Z,2.57,2.6,2.51,2.5394,663937.0
AMOD,2026-10-02T11:44:00Z,2.54,2.55,2.52,2.53,299358.0
AMOD,2026-10-02T11:45:00Z,2.5397,2.63,2.53,2.605,744529.0
AMOD,2026-10-02T11:46:00Z,2.6,2.68,2.6,2.65,885782.0
AMOD,2026-10-02T11:47:00Z,2.6402,2.69,2.63,2.6389,551890.0
AMOD,2026-10-02T11:48:00Z,2.635,2.71,2.6,2.6,660203.0
AMOD,2026-10-02T11:49:00Z,2.61,2.62,2.6,2.6103,316810.0
AMOD,2026-10-02T11:50:00Z,2.615,2.62,2.51,2.5199,390609.0
AMOD,2026-10-02T11:51:00Z,2.52,2.56,2.5,2.56,523376.0
AMOD,2026-10-02T11:52:00Z,2.56,2.62,2.55,2.62,292872.0
AMOD,2026-10-02T11:53:00Z,2.62,2.65,2.58,2.58,415776.0
AMOD,2026-10-02T11:54:00Z,2.5892,2.59,2.55,2.56,161888.0
AMOD,2026-10-02T11:55:00Z,2.5594,2.64,2.55,2.638,314590.0
AMOD,2026-10-02T11:56:00Z,2.638,2.7,2.63,2.7,741228.0
AMOD,2026-10-02T11:57:00Z,2.69,2.74,2.63,2.65,710654.0
AMOD,2026-10-02T11:58:00Z,2.655,2.71,2.64,2.71,266158.0
AMOD,2026-10-02T11:59:00Z,2.7,2.73,2.64,2.64,449330.0
AMOD,2026-10-02T12:00:00Z,2.65,2.69,2.64,2.65,266021.0
AMOD,2026-10-02T12:01:00Z,2.6597,2.68,2.65,2.65,191755.0
AMOD,2026-10-02T12:02:00Z,2.6501,2.66,2.55,2.5815,412223.0
AMOD,2026-10-02T12:03:00Z,2.58,2.64,2.58,2.63,218537.0
AMOD,2026-10-02T12:04:00Z,2.64,2.64,2.61,2.615,146026.0
AMOD,2026-10-02T12:05:00Z,2.61,2.62,2.58,2.58,164002.0
AMOD,2026-10-02T12:06:00Z,2.59,2.59,2.58,2.59,83178.0
AMOD,2026-10-02T12:07:00Z,2.58,2.59,2.58,2.58,43044.0
AMOD,2026-10-02T12:08:00Z,2.585,2.59,2.58,2.58,44103.0
AMOD,2026-10-02T12:09:00Z,2.5803,2.59,2.49,2.5,283129.0
AMOD,2026-10-02T12:10:00Z,2.5,2.5,2.44,2.44,565236.0
AMOD,2026-10-02T12:11:00Z,2.44,2.47,2.42,2.43,443760.0
AMOD,2026-10-02T12:12:00Z,2.4301,2.47,2.43,2.47,263483.0
AMOD,2026-10-02T12:13:00Z,2.4699,2.48,2.46,2.48,166645.0
AMOD,2026-10-02T12:14:00Z,2.48,2.48,2.47,2.48,82245.0
AMOD,2026-10-02T12:15:00Z,2.4797,2.48,2.47,2.4701,99993.0
AMOD,2026-10-02T12:16:00Z,2.4719,2.48,2.47,2.478,39745.0
AMOD,2026-10-02T12:17:00Z,2.4792,2.48,2.46,2.4697,52762.0
AMOD,2026-10-02T12:18:00Z,2.4692,2.47,2.4,2.46,252361.0
AMOD,2026-10-02T12:19:00Z,2.45,2.46,2.43,2.4585,107129.0
AMOD,2026-10-02T12:20:00Z,2.46,2.46,2.44,2.4498,58153.0
AMOD,2026-10-02T12:21:00Z,2.4499,2.47,2.44,2.4698,77417.0
AMOD,2026-10-02T12:22:00Z,2.47,2.54,2.4603,2.518,327096.0
AMOD,2026-10-02T12:23:00Z,2.52,2.52,2.48,2.51,142677.0
AMOD,2026-10-02T12:24:00Z,2.5,2.55,2.49,2.549,226635.0
AMOD,2026-10-02T12:25:00Z,2.5402,2.55,2.46,2.4601,194686.0
AMOD,2026-10-02T12:26:00Z,2.4689,2.47,2.46,2.47,62981.0
AMOD,2026-10-02T12:27:00Z,2.46,2.47,2.45,2.45,64340.0
AMOD,2026-10-02T12:28:00Z,2.45,2.45,2.42,2.44,110289.0
AMOD,2026-10-02T12:29:00Z,2.44,2.44,2.43,2.4392,65046.0
AMOD,2026-10-02T12:30:00Z,2.43,2.5,2.43,2.4992,162302.0
AMOD,2026-10-02T12:31:00Z,2.4997,2.56,2.49,2.5301,432976.0
AMOD,2026-10-02T12:32:00Z,2.5392,2.59,2.52,2.5799,375956.0
AMOD,2026-10-02T12:33:00Z,2.57,2.63,2.54,2.63,404348.0
AMOD,2026-10-02T12:34:00Z,2.6285,2.64,2.57,2.6,407622.0
AMOD,2026-10-02T12:35:00Z,2.59,2.7,2.57,2.67,758496.0
AMOD,2026-10-02T12:36:00Z,2.67,2.68,2.63,2.645,432008.0
AMOD,2026-10-02T12:37:00Z,2.65,2.69,2.61,2.6586,359070.0
AMOD,2026-10-02T12:38:00Z,2.65,2.6501,2.62,2.62,217290.0
AMOD,2026-10-02T12:39:00Z,2.6202,2.65,2.61,2.65,323567.0
AMOD,2026-10-02T12:40:00Z,2.64,2.69,2.55,2.6,567777.0
AMOD,2026-10-02T12:41:00Z,2.5903,2.6,2.59,2.5908,75772.0
AMOD,2026-10-02T12:42:00Z,2.59,2.6,2.59,2.598,65692.0
AMOD,2026-10-02T12:43:00Z,2.59,2.6,2.51,2.53,131792.0
AMOD,2026-10-02T12:44:00Z,2.5302,2.57,2.53,2.5585,177766.0
AMOD,2026-10-02T12:45:00Z,2.5591,2.66,2.55,2.6508,319221.0
AMOD,2026-10-02T12:46:00Z,2.65,2.75,2.59,2.742,933950.0
AMOD,2026-10-02T12:47:00Z,2.74,2.75,2.69,2.7201,816251.0
AMOD,2026-10-02T12:48:00Z,2.7202,2.75,2.69,2.7,506956.0
AMOD,2026-10-02T12:49:00Z,2.695,2.72,2.64,2.6685,493119.0
AMOD,2026-10-02T12:50:00Z,2.67,2.7,2.65,2.66,253972.0
AMOD,2026-10-02T12:51:00Z,2.66,2.74,2.66,2.69,506756.0
AMOD,2026-10-02T12:52:00Z,2.6901,2.6915,2.615,2.66,275599.0
AMOD,2026-10-02T12:53:00Z,2.67,2.8,2.66,2.778,760395.0
AMOD,2026-10-02T12:54:00Z,2.77,2.89,2.75,2.875,909864.0
AMOD,2026-10-02T12:55:00Z,2.8792,2.95,2.85,2.872,1117339.0
AMOD,2026-10-02T12:56:00Z,2.8703,2.88,2.84,2.84,491346.0
AMOD,2026-10-02T12:57:00Z,2.84,3.0,2.84,2.95,961799.0
AMOD,2026-10-02T12:58:00Z,2.95,2.97,2.9,2.94,485152.0
AMOD,2026-10-02T12:59:00Z,2.9315,3.1,2.9,2.9899,903848.0
AMOD,2026-10-02T13:00:00Z,2.98,3.0,2.91,2.98,679349.0
AMOD,2026-10-02T13:01:00Z,2.99,3.09,2.98,3.03,1102808.0
AMOD,2026-10-02T13:02:00Z,3.0301,3.16,3.02,3.07,833190.0
AMOD,2026-10-02T13:03:00Z,3.0694,3.08,3.0,3.072,580048.0
AMOD,2026-10-02T13:04:00Z,3.0701,3.08,3.02,3.0498,286987.0
AMOD,2026-10-02T13:05:00Z,3.048,3.12,3.04,3.0799,552742.0
AMOD,2026-10-02T13:06:00Z,3.07,3.08,3.02,3.0215,429160.0
AMOD,2026-10-02T13:07:00Z,3.03,3.03,2.93,2.94,489457.0
AMOD,2026-10-02T13:08:00Z,2.9301,3.01,2.93,3.0091,392866.0
AMOD,2026-10-02T13:09:00Z,3.01,3.02,3.0,3.0,142192.0
AMOD,2026-10-02T13:10:00Z,3.0,3.01,2.95,2.97,200682.0
AMOD,2026-10-02T13:11:00Z,2.98,3.06,2.97,3.03,372471.0
AMOD,2026-10-02T13:12:00Z,3.03,3.08,3.03,3.06,375977.0
AMOD,2026-10-02T13:13:00Z,3.06,3.06,2.99,3.02,226673.0
AMOD,2026-10-02T13:14:00Z,3.01,3.06,3.01,3.06,153148.0
AMOD,2026-10-02T13:15:00Z,3.0585,3.16,3.05,3.13,854640.0
AMOD,2026-10-02T13:16:00Z,3.1399,3.2,3.11,3.1711,854698.0
AMOD,2026-10-02T13:17:00Z,3.17,3.39,3.17,3.32,1021962.0
AMOD,2026-10-02T13:18:00Z,3.33,3.51,3.32,3.4203,1394928.0
AMOD,2026-10-02T13:19:00Z,3.42,3.5,3.38,3.47,1106999.0
AMOD,2026-10-02T13:20:00Z,3.47,3.54,3.45,3.47,743013.0
AMOD,2026-10-02T13:21:00Z,3.47,3.52,3.47,3.48,565714.0
AMOD,2026-10-02T13:22:00Z,3.48,3.49,3.31,3.32,816457.0
AMOD,2026-10-02T13:23:00Z,3.32,3.4,3.29,3.4,643221.0
AMOD,2026-10-02T13:24:00Z,3.39,3.6,3.39,3.5085,1232950.0
AMOD,2026-10-02T13:25:00Z,3.51,3.53,3.4,3.4389,602085.0
AMOD,2026-10-02T13:26:00Z,3.4301,3.5,3.4,3.4906,336951.0
AMOD,2026-10-02T13:27:00Z,3.49,3.5,3.45,3.47,302184.0
AMOD,2026-10-02T13:28:00Z,3.47,3.5,3.42,3.42,229812.0
AMOD,2026-10-02T13:29:00Z,3.4201,3.48,3.37,3.48,414955.0
AMOD,2026-10-02T13:30:00Z,3.48,3.88,3.47,3.59,2811346.0
AMOD,2026-10-02T13:31:00Z,3.59,3.77,3.52,3.6523,2302802.0
AMOD,2026-10-02T13:32:00Z,3.6601,3.97,3.66,3.97,2509564.0
AMOD,2026-10-02T13:33:00Z,3.96,3.97,3.62,3.6501,2396954.0
AMOD,2026-10-02T13:34:00Z,3.6601,3.77,3.52,3.645,1528742.0
AMOD,2026-10-02T13:35:00Z,3.645,3.66,3.57,3.575,788555.0
AMOD,2026-10-02T13:36:00Z,3.5993,3.67,3.4,3.515,1276258.0
AMOD,2026-10-02T13:37:00Z,3.5192,3.62,3.48,3.52,555026.0
AMOD,2026-10-02T13:38:00Z,3.5101,3.74,3.49,3.695,1235278.0
AMOD,2026-10-02T13:39:00Z,3.6901,3.8499,3.65,3.7897,1211716.0
AMOD,2026-10-02T13:40:00Z,3.7799,4.19,3.765,4.07,3904407.0
AMOD,2026-10-02T13:41:00Z,4.08,4.56,4.07,4.56,2253464.0
AMOD,2026-10-02T13:42:00Z,4.56,4.56,4.56,4.56,0.0
AMOD,2026-10-02T13:43:00Z,4.56,4.56,4.56,4.56,0.0
AMOD,2026-10-02T13:44:00Z,4.56,4.56,4.56,4.56,0.0
AMOD,2026-10-02T13:45:00Z,4.56,4.56,4.56,4.56,0.0
AMOD,2026-10-02T13:46:00Z,4.56,4.56,4.09,4.1896,2100609.0
AMOD,2026-10-02T13:47:00Z,4.19,4.77,4.17,4.365,3651157.0
AMOD,2026-10-02T13:48:00Z,4.365,4.68,4.3562,4.5097,1773725.0
AMOD,2026-10-02T13:49:00Z,4.5,4.56,4.23,4.23,1211712.0
AMOD,2026-10-02T13:50:00Z,4.23,4.33,4.02,4.06,1496010.0
AMOD,2026-10-02T13:51:00Z,4.0799,4.25,4.01,4.21,1001270.0
AMOD,2026-10-02T13:52:00Z,4.21,4.2999,4.14,4.18,763246.0
AMOD,2026-10-02T13:53:00Z,4.18,4.22,4.01,4.1492,762279.0
AMOD,2026-10-02T13:54:00Z,4.1402,4.19,4.08,4.1,598490.0
AMOD,2026-10-02T13:55:00Z,4.1087,4.1401,4.01,4.0998,609178.0
AMOD,2026-10-02T13:56:00Z,4.1,4.1,3.91,4.05,1021232.0
AMOD,2026-10-02T13:57:00Z,4.04,4.18,4.02,4.125,762945.0
AMOD,2026-10-02T13:58:00Z,4.13,4.21,4.05,4.12,610578.0
AMOD,2026-10-02T13:59:00Z,4.1101,4.24,3.81,3.8201,1574756.0
AMOD,2026-10-02T14:00:00Z,3.8492,3.94,3.8,3.9093,719724.0
AMOD,2026-10-02T14:01:00Z,3.905,3.91,3.75,3.81,622206.0
AMOD,2026-10-02T14:02:00Z,3.81,3.93,3.77,3.8992,567711.0
AMOD,2026-10-02T14:03:00Z,3.8908,3.92,3.85,3.885,393043.0
AMOD,2026-10-02T14:04:00Z,3.89,3.89,3.78,3.785,328737.0
AMOD,2026-10-02T14:05:00Z,3.78,3.87,3.71,3.825,696229.0
AMOD,2026-10-02T14:06:00Z,3.8294,3.91,3.825,3.9,404794.0
AMOD,2026-10-02T14:07:00Z,3.899,3.9399,3.8282,3.831,350276.0
AMOD,2026-10-02T14:08:00Z,3.8301,4.1,3.8301,4.0492,1143507.0
AMOD,2026-10-02T14:09:00Z,4.0414,4.28,3.96,4.03,1807815.0
AMOD,2026-10-02T14:10:00Z,4.0201,4.2,4.0201,4.14,860763.0
AMOD,2026-10-02T14:11:00Z,4.14,4.15,4.05,4.05,490179.0
AMOD,2026-10-02T14:12:00Z,4.055,4.08,4.01,4.02,390378.0
AMOD,2026-10-02T14:13:00Z,4.015,4.03,3.93,4.0115,473649.0
AMOD,2026-10-02T14:14:00Z,4.011,4.02,3.95,3.97,284004.0
AMOD,2026-10-02T14:15:00Z,3.975,4.06,3.88,3.89,530518.0
AMOD,2026-10-02T14:16:00Z,3.89,3.9399,3.87,3.875,369292.0
AMOD,2026-10-02T14:17:00Z,3.875,3.97,3.875,3.9599,178626.0
AMOD,2026-10-02T14:18:00Z,3.965,4.01,3.92,3.9699,294666.0
AMOD,2026-10-02T14:19:00Z,3.965,3.98,3.9,3.9,178476.0
AMOD,2026-10-02T14:20:00Z,3.9,4.0,3.9,3.985,253105.0
AMOD,2026-10-02T14:21:00Z,3.9899,4.08,3.96,4.0,514985.0
AMOD,2026-10-02T14:22:00Z,4.0099,4.01,3.85,3.9015,574488.0
AMOD,2026-10-02T14:23:00Z,3.9063,3.92,3.77,3.825,464933.0
AMOD,2026-10-02T14:24:00Z,3.825,3.85,3.8,3.8,262837.0
AMOD,2026-10-02T14:25:00Z,3.805,3.87,3.72,3.76,382368.0
AMOD,2026-10-02T14:26:00Z,3.75,3.765,3.65,3.6901,618730.0
AMOD,2026-10-02T14:27:00Z,3.69,3.74,3.6609,3.6685,297540.0
AMOD,2026-10-02T14:28:00Z,3.66,3.71,3.65,3.665,280846.0
AMOD,2026-10-02T14:29:00Z,3.6601,3.67,3.55,3.5607,642997.0
AMOD,2026-10-02T14:30:00Z,3.5699,3.67,3.5601,3.64,327204.0
AMOD,2026-10-02T14:31:00Z,3.6301,3.6899,3.6301,3.67,241661.0
AMOD,2026-10-02T14:32:00Z,3.665,3.68,3.63,3.6308,214322.0
AMOD,2026-10-02T14:33:00Z,3.6303,3.69,3.6,3.6701,230884.0
AMOD,2026-10-02T14:34:00Z,3.67,3.71,3.64,3.7,276398.0
AMOD,2026-10-02T14:35:00Z,3.6901,3.7,3.6401,3.6501,155020.0
AMOD,2026-10-02T14:36:00Z,3.655,3.67,3.591,3.625,224388.0
AMOD,2026-10-02T14:37:00Z,3.6201,3.63,3.56,3.5899,224687.0
AMOD,2026-10-02T14:38:00Z,3.58,3.7,3.58,3.66,270955.0
AMOD,2026-10-02T14:39:00Z,3.6692,3.72,3.63,3.685,234168.0
AMOD,2026-10-02T14:40:00Z,3.6899,3.72,3.65,3.67,196550.0
AMOD,2026-10-02T14:41:00Z,3.6607,3.73,3.6607,3.7285,139268.0
AMOD,2026-10-02T14:42:00Z,3.725,3.75,3.65,3.66,205432.0
AMOD,2026-10-02T14:43:00Z,3.65,3.66,3.6,3.6501,209951.0
AMOD,2026-10-02T14:44:00Z,3.6501,3.7,3.64,3.6469,133215.0
AMOD,2026-10-02T14:45:00Z,3.64,3.66,3.61,3.6398,89559.0
AMOD,2026-10-02T14:46:00Z,3.6363,3.69,3.6,3.6101,150580.0
AMOD,2026-10-02T14:47:00Z,3.6112,3.64,3.55,3.5504,225548.0
AMOD,2026-10-02T14:48:00Z,3.5504,3.61,3.55,3.6099,134590.0
AMOD,2026-10-02T14:49:00Z,3.6099,3.7099,3.5816,3.6599,185138.0
AMOD,2026-10-02T14:50:00Z,3.6599,3.7499,3.6501,3.68,249280.0
AMOD,2026-10-02T14:51:00Z,3.68,3.6892,3.62,3.6392,96495.0
AMOD,2026-10-02T14:52:00Z,3.635,3.6899,3.63,3.655,73543.0
AMOD,2026-10-02T14:53:00Z,3.6585,3.73,3.6425,3.72,175887.0
AMOD,2026-10-02T14:54:00Z,3.7265,3.73,3.55,3.59,343596.0
AMOD,2026-10-02T14:55:00Z,3.5802,3.61,3.56,3.5702,168718.0
AMOD,2026-10-02T14:56:00Z,3.575,3.5917,3.55,3.555,186892.0
AMOD,2026-10-02T14:57:00Z,3.55,3.62,3.55,3.5969,191016.0
AMOD,2026-10-02T14:58:00Z,3.595,3.6,3.57,3.585,57535.0
AMOD,2026-10-02T14:59:00Z,3.585,3.62,3.5801,3.6103,87181.0
AMOD,2026-10-02T15:00:00Z,3.615,3.71,3.6106,3.665,272664.0
AMOD,2026-10-02T15:01:00Z,3.67,3.67,3.55,3.55,217140.0
AMOD,2026-10-02T15:02:00Z,3.55,3.56,3.39,3.43,611570.0
AMOD,2026-10-02T15:03:00Z,3.4207,3.43,3.33,3.3692,602825.0
AMOD,2026-10-02T15:04:00Z,3.36,3.42,3.35,3.3906,307223.0
AMOD,2026-10-02T15:05:00Z,3.4,3.41,3.35,3.37,177805.0
AMOD,2026-10-02T15:06:00Z,3.3779,3.38,3.33,3.335,126267.0
AMOD,2026-10-02T15:07:00Z,3.33,3.37,3.32,3.35,202645.0
AMOD,2026-10-02T15:08:00Z,3.345,3.37,3.31,3.34,232743.0
AMOD,2026-10-02T15:09:00Z,3.3485,3.35,3.32,3.3201,71020.0
AMOD,2026-10-02T15:10:00Z,3.32,3.37,3.31,3.3699,193345.0
AMOD,2026-10-02T15:11:00Z,3.37,3.39,3.36,3.3797,111065.0
AMOD,2026-10-02T15:12:00Z,3.3708,3.4,3.37,3.374,113617.0
AMOD,2026-10-02T15:13:00Z,3.3705,3.38,3.33,3.3404,144684.0
AMOD,2026-10-02T15:14:00Z,3.345,3.36,3.3306,3.3401,85177.0
AMOD,2026-10-02T15:15:00Z,3.3402,3.4,3.3401,3.3741,228981.0
AMOD,2026-10-02T15:16:00Z,3.3796,3.38,3.33,3.355,156463.0
AMOD,2026-10-02T15:17:00Z,3.359,3.3998,3.35,3.375,195217.0
AMOD,2026-10-02T15:18:00Z,3.375,3.3799,3.35,3.36,50028.0
AMOD,2026-10-02T15:19:00Z,3.3614,3.47,3.36,3.4591,321060.0
AMOD,2026-10-02T15:20:00Z,3.455,3.4799,3.41,3.415,260719.0
AMOD,2026-10-02T15:21:00Z,3.415,3.5,3.4101,3.4984,279027.0
AMOD,2026-10-02T15:22:00Z,3.48,3.54,3.48,3.4961,360799.0
AMOD,2026-10-02T15:23:00Z,3.4999,3.53,3.49,3.5094,259491.0
AMOD,2026-10-02T15:24:00Z,3.5001,3.52,3.48,3.5194,156500.0
AMOD,2026-10-02T15:25:00Z,3.515,3.53,3.48,3.4815,218827.0
AMOD,2026-10-02T15:26:00Z,3.4898,3.51,3.45,3.4622,207157.0
AMOD,2026-10-02T15:27:00Z,3.4777,3.5,3.44,3.4803,103702.0
AMOD,2026-10-02T15:28:00Z,3.485,3.5099,3.45,3.4591,66150.0
AMOD,2026-10-02T15:29:00Z,3.46,3.47,3.44,3.4601,76436.0
AMOD,2026-10-02T15:30:00Z,3.4692,3.4692,3.39,3.4085,67902.0
AMOD,2026-10-02T15:31:00Z,3.4016,3.48,3.39,3.4788,108138.0
AMOD,2026-10-02T15:32:00Z,3.4712,3.48,3.44,3.47,28143.0
DBGI,2026-10-02T08:05:00Z,5.13,5.13,5.13,5.13,300.0
DBGI,2026-10-02T08:06:00Z,5.13,5.13,5.13,5.13,0.0
DBGI,2026-10-02T08:07:00Z,5.13,5.13,5.13,5.13,0.0
DBGI,2026-10-02T08:08:00Z,5.13,5.13,5.13,5.13,0.0
DBGI,2026-10-02T08:09:00Z,5.13,5.13,5.13,5.13,0.0
DBGI,2026-10-02T08:10:00Z,5.13,5.13,5.13,5.13,0.0
DBGI,2026-10-02T08:11:00Z,5.13,5.13,5.13,5.13,0.0
DBGI,2026-10-02T08:12:00Z,5.13,5.13,5.13,5.13,0.0
DBGI,2026-10-02T08:13:00Z,5.13,5.13,5.13,5.13,0.0
DBGI,2026-10-02T08:14:00Z,5.13,5.13,5.13,5.13,0.0
DBGI,2026-10-02T08:15:00Z,5.13,5.13,5.13,5.13,0.0
DBGI,2026-10-02T08:16:00Z,5.13,5.13,5.13,5.13,0.0
DBGI,2026-10-02T08:17:00Z,5.13,5.13,5.13,5.13,0.0
DBGI,2026-10-02T08:18:00Z,5.13,5.13,5.13,5.13,0.0
DBGI,2026-10-02T08:19:00Z,5.13,5.13,5.13,5.13,0.0
DBGI,2026-10-02T08:20:00Z,5.13,5.13,5.13,5.13,0.0
DBGI,2026-10-02T08:21:00Z,5.13,5.13,5.13,5.13,0.0
DBGI,2026-10-02T08:22:00Z,5.13,5.13,5.13,5.13,0.0
DBGI,2026-10-02T08:23:00Z,5.13,5.13,5.13,5.13,0.0
DBGI,2026-10-02T08:24:00Z,5.13,5.13,5.13,5.13,0.0
DBGI,2026-10-02T08:25:00Z,5.13,5.13,5.13,5.13,0.0
DBGI,2026-10-02T08:26:00Z,5.13,5.13,5.13,5.13,0.0
DBGI,2026-10-02T08:27:00Z,5.13,5.13,5.13,5.13,0.0
DBGI,2026-10-02T08:28:00Z,5.13,5.13,5.13,5.13,0.0
DBGI,2026-10-02T08:29:00Z,5.13,5.13,5.13,5.13,0.0
DBGI,2026-10-02T08:30:00Z,5.13,5.13,5.13,5.13,0.0
DBGI,2026-10-02T08:31:00Z,5.13,5.13,5.13,5.13,0.0
DBGI,2026-10-02T08:32:00Z,5.13,5.13,5.13,5.13,0.0
DBGI,2026-10-02T08:33:00Z,5.13,5.13,5.13,5.13,0.0
DBGI,2026-10-02T08:34:00Z,5.13,5.13,5.13,5.13,0.0
DBGI,2026-10-02T08:35:00Z,5.13,5.13,5.13,5.13,0.0
DBGI,2026-10-02T08:36:00Z,5.13,5.13,5.13,5.13,0.0
DBGI,2026-10-02T08:37:00Z,5.13,5.13,5.13,5.13,0.0
DBGI,2026-10-02T08:38:00Z,5.13,5.13,5.13,5.13,0.0
DBGI,2026-10-02T08:39:00Z,5.13,5.13,5.13,5.13,0.0
DBGI,2026-10-02T08:40:00Z,5.13,5.13,5.13,5.13,0.0
DBGI,2026-10-02T08:41:00Z,5.13,5.13,5.13,5.13,0.0
DBGI,2026-10-02T08:42:00Z,5.13,5.13,5.13,5.13,0.0
DBGI,2026-10-02T08:43:00Z,5.13,5.13,5.13,5.13,0.0
DBGI,2026-10-02T08:44:00Z,5.13,5.13,5.13,5.13,0.0
DBGI,2026-10-02T08:45:00Z,5.13,5.13,5.13,5.13,0.0
DBGI,2026-10-02T08:46:00Z,5.13,5.13,5.13,5.13,0.0
DBGI,2026-10-02T08:47:00Z,5.13,5.13,5.13,5.13,0.0
DBGI,2026-10-02T08:48:00Z,5.13,5.13,5.13,5.13,0.0
DBGI,2026-10-02T08:49:00Z,5.13,5.13,5.13,5.13,0.0
DBGI,2026-10-02T08:50:00Z,5.13,5.13,5.13,5.13,0.0
DBGI,2026-10-02T08:51:00Z,5.13,5.13,5.13,5.13,0.0
DBGI,2026-10-02T08:52:00Z,5.13,5.13,5.13,5.13,0.0
DBGI,2026-10-02T08:53:00Z,5.13,5.13,5.13,5.13,0.0
DBGI,2026-10-02T08:54:00Z,5.13,5.13,5.13,5.13,0.0
DBGI,2026-10-02T08:55:00Z,5.13,5.13,5.13,5.13,0.0
DBGI,2026-10-02T08:56:00Z,5.13,5.13,5.13,5.13,0.0
DBGI,2026-10-02T08:57:00Z,5.13,5.13,5.13,5.13,0.0
DBGI,2026-10-02T08:58:00Z,5.13,5.13,5.13,5.13,0.0
DBGI,2026-10-02T08:59:00Z,5.13,5.13,5.13,5.13,0.0
DBGI,2026-10-02T09:00:00Z,5.13,5.13,5.13,5.13,0.0
DBGI,2026-10-02T09:01:00Z,5.13,5.13,5.13,5.13,0.0
DBGI,2026-10-02T09:02:00Z,5.13,5.13,5.13,5.13,0.0
DBGI,2026-10-02T09:03:00Z,5.13,5.13,5.13,5.13,0.0
DBGI,2026-10-02T09:04:00Z,5.13,5.13,5.13,5.13,0.0
DBGI,2026-10-02T09:05:00Z,5.13,5.13,5.13,5.13,0.0
DBGI,2026-10-02T09:06:00Z,5.13,5.13,5.13,5.13,0.0
DBGI,2026-10-02T09:07:00Z,5.13,5.13,5.13,5.13,0.0
DBGI,2026-10-02T09:08:00Z,5.13,5.13,5.13,5.13,0.0
DBGI,2026-10-02T09:09:00Z,5.13,5.13,5.13,5.13,0.0
DBGI,2026-10-02T09:10:00Z,5.13,5.13,5.13,5.13,0.0
DBGI,2026-10-02T09:11:00Z,5.13,5.13,5.13,5.13,0.0
DBGI,2026-10-02T09:12:00Z,5.13,5.13,5.13,5.13,0.0
DBGI,2026-10-02T09:13:00Z,5.13,5.13,5.13,5.13,0.0
DBGI,2026-10-02T09:14:00Z,5.13,5.13,5.13,5.13,0.0
DBGI,2026-10-02T09:15:00Z,5.13,5.13,5.13,5.13,0.0
DBGI,2026-10-02T09:16:00Z,5.13,5.13,5.13,5.13,0.0
DBGI,2026-10-02T09:17:00Z,5.13,5.13,5.13,5.13,0.0
DBGI,2026-10-02T09:18:00Z,5.13,5.13,5.13,5.13,0.0
DBGI,2026-10-02T09:19:00Z,5.3,5.3,5.3,5.3,436.0
DBGI,2026-10-02T09:20:00Z,5.3,5.3,5.3,5.3,0.0
DBGI,2026-10-02T09:21:00Z,5.3,5.3,5.3,5.3,0.0
DBGI,2026-10-02T09:22:00Z,5.3,5.3,5.3,5.3,0.0
DBGI,2026-10-02T09:23:00Z,5.3,5.3,5.3,5.3,0.0
DBGI,2026-10-02T09:24:00Z,5.3,5.3,5.3,5.3,0.0
DBGI,2026-10-02T09:25:00Z,5.3,5.3,5.3,5.3,0.0
DBGI,2026-10-02T09:26:00Z,5.3,5.3,5.3,5.3,0.0
DBGI,2026-10-02T09:27:00Z,5.3,5.3,5.3,5.3,0.0
DBGI,2026-10-02T09:28:00Z,5.3,5.3,5.3,5.3,0.0
DBGI,2026-10-02T09:29:00Z,5.3,5.3,5.3,5.3,0.0
DBGI,2026-10-02T09:30:00Z,5.3,5.3,5.3,5.3,0.0
DBGI,2026-10-02T09:31:00Z,5.3,5.3,5.3,5.3,0.0
DBGI,2026-10-02T09:32:00Z,5.3,5.3,5.3,5.3,0.0
DBGI,2026-10-02T09:33:00Z,5.3,5.44,5.3,5.44,100.0
DBGI,2026-10-02T09:34:00Z,5.44,5.44,5.44,5.44,0.0
DBGI,2026-10-02T09:35:00Z,5.44,5.44,5.44,5.44,0.0
DBGI,2026-10-02T09:36:00Z,5.44,5.44,5.44,5.44,0.0
DBGI,2026-10-02T09:37:00Z,5.44,5.44,5.44,5.44,0.0
DBGI,2026-10-02T09:38:00Z,5.44,5.44,5.44,5.44,0.0
DBGI,2026-10-02T09:39:00Z,5.44,5.44,5.44,5.44,0.0
DBGI,2026-10-02T09:40:00Z,5.44,5.44,5.44,5.44,0.0
DBGI,2026-10-02T09:41:00Z,5.72,5.72,5.72,5.72,128.0
DBGI,2026-10-02T09:42:00Z,5.72,5.72,5.51,5.51,150.0
DBGI,2026-10-02T09:43:00Z,5.51,5.51,5.51,5.51,0.0
DBGI,2026-10-02T09:44:00Z,5.51,5.7,5.51,5.7,150.0
DBGI,2026-10-02T09:45:00Z,5.7,5.7,5.7,5.7,0.0
DBGI,2026-10-02T09:46:00Z,5.7,5.7,5.7,5.7,0.0
DBGI,2026-10-02T09:47:00Z,5.7,5.7,5.7,5.7,0.0
DBGI,2026-10-02T09:48:00Z,5.7,5.7,5.7,5.7,0.0
DBGI,2026-10-02T09:49:00Z,5.7,5.7,5.7,5.7,0.0
DBGI,2026-10-02T09:50:00Z,5.7,5.7,5.7,5.7,0.0
DBGI,2026-10-02T09:51:00Z,5.63,5.63,5.63,5.63,100.0
DBGI,2026-10-02T09:52:00Z,5.63,5.63,5.63,5.63,0.0
DBGI,2026-10-02T09:53:00Z,5.63,5.63,5.63,5.63,0.0
DBGI,2026-10-02T09:54:00Z,5.63,5.63,5.63,5.63,0.0
DBGI,2026-10-02T09:55:00Z,5.63,5.63,5.63,5.63,0.0
DBGI,2026-10-02T09:56:00Z,5.63,5.66,5.63,5.66,149.0
DBGI,2026-10-02T09:57:00Z,5.66,5.66,5.66,5.66,0.0
DBGI,2026-10-02T09:58:00Z,5.66,5.66,5.66,5.66,0.0
DBGI,2026-10-02T09:59:00Z,5.66,5.66,5.66,5.66,0.0
DBGI,2026-10-02T10:00:00Z,5.66,5.66,5.66,5.66,0.0
DBGI,2026-10-02T10:01:00Z,5.66,5.66,5.66,5.66,0.0
DBGI,2026-10-02T10:02:00Z,5.66,5.66,5.66,5.66,0.0
DBGI,2026-10-02T10:03:00Z,5.66,5.66,5.4,5.4,100.0
DBGI,2026-10-02T10:04:00Z,5.4,5.4,5.4,5.4,0.0
DBGI,2026-10-02T10:05:00Z,5.4,5.4,5.4,5.4,0.0
DBGI,2026-10-02T10:06:00Z,5.4,5.4,5.39,5.39,111.0
DBGI,2026-10-02T10:07:00Z,5.39,5.39,5.39,5.39,0.0
DBGI,2026-10-02T10:08:00Z,5.39,5.39,5.39,5.39,0.0
DBGI,2026-10-02T10:09:00Z,5.39,5.39,5.39,5.39,0.0
DBGI,2026-10-02T10:10:00Z,5.39,5.39,5.39,5.39,0.0
DBGI,2026-10-02T10:11:00Z,5.39,5.39,5.39,5.39,0.0
DBGI,2026-10-02T10:12:00Z,5.39,5.39,5.39,5.39,0.0
DBGI,2026-10-02T10:13:00Z,5.39,5.39,5.39,5.39,0.0
DBGI,2026-10-02T10:14:00Z,5.39,5.39,5.39,5.39,0.0
DBGI,2026-10-02T10:15:00Z,5.39,5.39,5.39,5.39,0.0
DBGI,2026-10-02T10:16:00Z,5.39,5.39,5.39,5.39,0.0
DBGI,2026-10-02T10:17:00Z,5.39,5.39,5.39,5.39,0.0
DBGI,2026-10-02T10:18:00Z,5.39,5.39,5.39,5.39,0.0
DBGI,2026-10-02T10:19:00Z,5.39,5.39,5.39,5.39,0.0
DBGI,2026-10-02T10:20:00Z,5.39,5.39,5.39,5.39,0.0
DBGI,2026-10-02T10:21:00Z,5.39,5.39,5.39,5.39,0.0
DBGI,2026-10-02T10:22:00Z,5.39,5.39,5.39,5.39,0.0
DBGI,2026-10-02T10:23:00Z,5.39,5.39,5.39,5.39,0.0
DBGI,2026-10-02T10:24:00Z,5.39,5.39,5.39,5.39,0.0
DBGI,2026-10-02T10:25:00Z,5.39,5.63,5.39,5.63,3737.0
DBGI,2026-10-02T10:26:00Z,5.63,5.63,5.63,5.63,0.0
DBGI,2026-10-02T10:27:00Z,5.63,5.63,5.59,5.59,130.0
DBGI,2026-10-02T10:28:00Z,5.59,5.59,5.59,5.59,0.0
DBGI,2026-10-02T10:29:00Z,5.59,5.59,5.59,5.59,0.0
DBGI,2026-10-02T10:30:00Z,5.59,5.59,5.59,5.59,0.0
DBGI,2026-10-02T10:31:00Z,5.59,5.59,5.59,5.59,0.0
DBGI,2026-10-02T10:32:00Z,5.59,5.59,5.59,5.59,0.0
DBGI,2026-10-02T10:33:00Z,5.59,5.59,5.59,5.59,0.0
DBGI,2026-10-02T10:34:00Z,5.59,5.59,5.59,5.59,0.0
DBGI,2026-10-02T10:35:00Z,5.59,5.59,5.59,5.59,0.0
DBGI,2026-10-02T10:36:00Z,5.59,5.59,5.59,5.59,0.0
DBGI,2026-10-02T10:37:00Z,5.59,5.59,5.59,5.59,0.0
DBGI,2026-10-02T10:38:00Z,5.59,5.59,5.59,5.59,0.0
DBGI,2026-10-02T10:39:00Z,5.59,5.59,5.59,5.59,0.0
DBGI,2026-10-02T10:40:00Z,5.59,5.59,5.59,5.59,0.0
DBGI,2026-10-02T10:41:00Z,5.59,5.59,5.59,5.59,0.0
DBGI,2026-10-02T10:42:00Z,5.59,5.59,5.51,5.51,144.0
DBGI,2026-10-02T10:43:00Z,5.51,5.51,5.51,5.51,0.0
DBGI,2026-10-02T10:44:00Z,5.51,5.51,5.51,5.51,0.0
DBGI,2026-10-02T10:45:00Z,5.51,5.51,5.51,5.51,0.0
DBGI,2026-10-02T10:46:00Z,5.51,5.51,5.51,5.51,0.0
DBGI,2026-10-02T10:47:00Z,5.51,5.51,5.51,5.51,0.0
DBGI,2026-10-02T10:48:00Z,5.51,5.51,5.51,5.51,0.0
DBGI,2026-10-02T10:49:00Z,5.51,5.51,5.51,5.51,0.0
DBGI,2026-10-02T10:50:00Z,5.51,5.51,5.51,5.51,0.0
DBGI,2026-10-02T10:51:00Z,5.51,5.51,5.51,5.51,0.0
DBGI,2026-10-02T10:52:00Z,5.51,5.51,5.51,5.51,0.0
DBGI,2026-10-02T10:53:00Z,5.51,5.55,5.51,5.55,100.0
DBGI,2026-10-02T10:54:00Z,5.55,5.55,5.55,5.55,0.0
DBGI,2026-10-02T10:55:00Z,5.55,5.55,5.55,5.55,0.0
DBGI,2026-10-02T10:56:00Z,5.55,5.55,5.52,5.52,200.0
DBGI,2026-10-02T10:57:00Z,5.52,5.52,5.52,5.52,0.0
DBGI,2026-10-02T10:58:00Z,5.52,5.52,5.52,5.52,0.0
DBGI,2026-10-02T10:59:00Z,5.52,5.52,5.52,5.52,0.0
DBGI,2026-10-02T11:00:00Z,5.52,5.52,5.52,5.52,0.0
DBGI,2026-10-02T11:01:00Z,5.52,5.52,5.52,5.52,0.0
DBGI,2026-10-02T11:02:00Z,5.52,5.52,5.52,5.52,0.0
DBGI,2026-10-02T11:03:00Z,5.52,5.52,5.52,5.52,0.0
DBGI,2026-10-02T11:04:00Z,5.52,5.52,5.48,5.48,124.0
DBGI,2026-10-02T11:05:00Z,5.48,5.48,5.48,5.48,0.0
DBGI,2026-10-02T11:06:00Z,5.48,5.48,5.43,5.43,208.0
DBGI,2026-10-02T11:07:00Z,5.43,5.43,5.43,5.43,0.0
DBGI,2026-10-02T11:08:00Z,5.43,5.43,5.43,5.43,0.0
DBGI,2026-10-02T11:09:00Z,5.43,5.43,5.43,5.43,0.0
DBGI,2026-10-02T11:10:00Z,5.43,5.43,5.43,5.43,0.0
DBGI,2026-10-02T11:11:00Z,5.43,5.43,5.43,5.43,0.0
DBGI,2026-10-02T11:12:00Z,5.43,5.43,5.43,5.43,0.0
DBGI,2026-10-02T11:13:00Z,5.48,5.48,5.48,5.48,108.0
DBGI,2026-10-02T11:14:00Z,5.48,5.48,5.48,5.48,0.0
DBGI,2026-10-02T11:15:00Z,5.48,5.48,5.48,5.48,0.0
DBGI,2026-10-02T11:16:00Z,5.48,5.48,5.48,5.48,0.0
DBGI,2026-10-02T11:17:00Z,5.48,5.48,5.48,5.48,0.0
DBGI,2026-10-02T11:18:00Z,5.48,5.48,5.47,5.47,250.0
DBGI,2026-10-02T11:19:00Z,5.47,5.47,5.47,5.47,0.0
DBGI,2026-10-02T11:20:00Z,5.47,5.47,5.47,5.47,0.0
DBGI,2026-10-02T11:21:00Z,5.47,5.47,5.47,5.47,0.0
DBGI,2026-10-02T11:22:00Z,5.47,5.47,5.47,5.47,0.0
DBGI,2026-10-02T11:23:00Z,5.47,5.47,5.47,5.47,0.0
DBGI,2026-10-02T11:24:00Z,5.47,5.47,5.47,5.47,0.0
DBGI,2026-10-02T11:25:00Z,5.47,5.47,5.35,5.35,1363.0
DBGI,2026-10-02T11:26:00Z,5.35,5.35,5.35,5.35,0.0
DBGI,2026-10-02T11:27:00Z,5.35,5.35,5.33,5.33,100.0
DBGI,2026-10-02T11:28:00Z,5.33,5.33,5.33,5.33,0.0
DBGI,2026-10-02T11:29:00Z,5.33,5.33,5.33,5.33,117.0
DBGI,2026-10-02T11:30:00Z,5.33,5.33,5.33,5.33,0.0
DBGI,2026-10-02T11:31:00Z,5.33,5.33,5.33,5.33,0.0
DBGI,2026-10-02T11:32:00Z,5.33,5.33,5.33,5.33,0.0
DBGI,2026-10-02T11:33:00Z,5.33,5.33,5.33,5.33,0.0
DBGI,2026-10-02T11:34:00Z,5.33,5.33,5.28,5.28,100.0
DBGI,2026-10-02T11:35:00Z,5.28,5.28,5.28,5.28,0.0
DBGI,2026-10-02T11:36:00Z,5.28,5.28,5.28,5.28,0.0
DBGI,2026-10-02T11:37:00Z,5.28,5.28,5.28,5.28,0.0
DBGI,2026-10-02T11:38:00Z,5.28,5.28,5.28,5.28,0.0
DBGI,2026-10-02T11:39:00Z,5.28,5.28,5.28,5.28,0.0
DBGI,2026-10-02T11:40:00Z,5.28,5.28,5.28,5.28,0.0
DBGI,2026-10-02T11:41:00Z,5.28,5.28,5.28,5.28,0.0
DBGI,2026-10-02T11:42:00Z,5.28,5.28,5.28,5.28,0.0
DBGI,2026-10-02T11:43:00Z,5.28,5.28,5.28,5.28,0.0
DBGI,2026-10-02T11:44:00Z,5.28,5.28,5.28,5.28,0.0
DBGI,2026-10-02T11:45:00Z,5.28,5.28,5.28,5.28,0.0
DBGI,2026-10-02T11:46:00Z,5.28,5.28,5.28,5.28,0.0
DBGI,2026-10-02T11:47:00Z,5.28,5.28,5.28,5.28,0.0
DBGI,2026-10-02T11:48:00Z,5.28,5.28,5.28,5.28,0.0
DBGI,2026-10-02T11:49:00Z,5.28,5.28,5.28,5.28,0.0
DBGI,2026-10-02T11:50:00Z,5.28,5.28,5.28,5.28,0.0
DBGI,2026-10-02T11:51:00Z,5.28,5.28,5.28,5.28,0.0
DBGI,2026-10-02T11:52:00Z,5.28,5.35,5.27,5.35,2009.0
DBGI,2026-10-02T11:53:00Z,5.35,5.35,5.35,5.35,0.0
DBGI,2026-10-02T11:54:00Z,5.35,5.35,5.35,5.35,0.0
DBGI,2026-10-02T11:55:00Z,5.35,5.35,5.35,5.35,0.0
DBGI,2026-10-02T11:56:00Z,5.35,5.35,5.35,5.35,0.0
DBGI,2026-10-02T11:57:00Z,5.35,5.35,5.35,5.35,0.0
DBGI,2026-10-02T11:58:00Z,5.35,5.35,5.35,5.35,0.0
DBGI,2026-10-02T11:59:00Z,5.35,5.35,5.35,5.35,0.0
DBGI,2026-10-02T12:00:00Z,5.35,5.35,5.35,5.35,0.0
DBGI,2026-10-02T12:01:00Z,5.35,5.35,5.35,5.35,0.0
DBGI,2026-10-02T12:02:00Z,5.35,5.35,5.35,5.35,0.0
DBGI,2026-10-02T12:03:00Z,5.35,5.35,5.2,5.2,400.0
DBGI,2026-10-02T12:04:00Z,5.2,5.2,5.2,5.2,0.0
DBGI,2026-10-02T12:05:00Z,5.2,5.2,5.2,5.2,0.0
DBGI,2026-10-02T12:06:00Z,5.35,5.35,5.35,5.35,140.0
DBGI,2026-10-02T12:07:00Z,5.35,5.35,5.35,5.35,0.0
DBGI,2026-10-02T12:08:00Z,5.35,5.35,5.35,5.35,0.0
DBGI,2026-10-02T12:09:00Z,5.35,5.35,5.35,5.35,0.0
DBGI,2026-10-02T12:10:00Z,5.35,5.35,5.35,5.35,0.0
DBGI,2026-10-02T12:11:00Z,5.35,5.35,5.35,5.35,0.0
DBGI,2026-10-02T12:12:00Z,5.35,5.35,5.35,5.35,0.0
DBGI,2026-10-02T12:13:00Z,5.35,5.35,5.35,5.35,0.0
DBGI,2026-10-02T12:14:00Z,5.35,5.35,5.35,5.35,0.0
DBGI,2026-10-02T12:15:00Z,5.35,5.35,5.35,5.35,0.0
DBGI,2026-10-02T12:16:00Z,5.35,5.35,5.35,5.35,0.0
DBGI,2026-10-02T12:17:00Z,5.35,5.35,5.35,5.35,0.0
DBGI,2026-10-02T12:18:00Z,5.35,5.47,5.35,5.47,1219.0
DBGI,2026-10-02T12:19:00Z,5.47,5.47,5.47,5.47,0.0
DBGI,2026-10-02T12:20:00Z,5.47,5.47,5.47,5.47,0.0
DBGI,2026-10-02T12:21:00Z,5.47,5.47,5.47,5.47,0.0
DBGI,2026-10-02T12:22:00Z,5.47,5.47,5.47,5.47,0.0
DBGI,2026-10-02T12:23:00Z,5.47,5.47,5.47,5.47,0.0
DBGI,2026-10-02T12:24:00Z,5.47,5.47,5.47,5.47,0.0
DBGI,2026-10-02T12:25:00Z,5.47,5.47,5.47,5.47,0.0
DBGI,2026-10-02T12:26:00Z,5.47,5.47,5.47,5.47,0.0
DBGI,2026-10-02T12:27:00Z,5.47,5.47,5.47,5.47,0.0
DBGI,2026-10-02T12:28:00Z,5.47,5.47,5.47,5.47,0.0
DBGI,2026-10-02T12:29:00Z,5.47,5.47,5.47,5.47,0.0
DBGI,2026-10-02T12:30:00Z,5.47,5.47,5.47,5.47,0.0
DBGI,2026-10-02T12:31:00Z,5.47,5.47,5.47,5.47,0.0
DBGI,2026-10-02T12:32:00Z,5.47,5.47,5.47,5.47,0.0
DBGI,2026-10-02T12:33:00Z,5.47,5.47,5.47,5.47,0.0
DBGI,2026-10-02T12:34:00Z,5.47,5.47,5.29,5.29,144.0
DBGI,2026-10-02T12:35:00Z,5.29,5.29,5.29,5.29,0.0
DBGI,2026-10-02T12:36:00Z,5.29,5.29,5.29,5.29,0.0
DBGI,2026-10-02T12:37:00Z,5.29,5.29,5.29,5.29,0.0
DBGI,2026-10-02T12:38:00Z,5.29,5.29,5.29,5.29,0.0
DBGI,2026-10-02T12:39:00Z,5.29,5.29,5.29,5.29,0.0
DBGI,2026-10-02T12:40:00Z,5.29,5.29,5.29,5.29,0.0
DBGI,2026-10-02T12:41:00Z,5.29,5.29,5.29,5.29,0.0
DBGI,2026-10-02T12:42:00Z,5.29,5.29,5.29,5.29,0.0
DBGI,2026-10-02T12:43:00Z,5.29,5.29,5.29,5.29,0.0
DBGI,2026-10-02T12:44:00Z,5.29,5.29,5.29,5.29,0.0
DBGI,2026-10-02T12:45:00Z,5.29,5.29,5.29,5.29,0.0
DBGI,2026-10-02T12:46:00Z,5.29,5.29,5.29,5.29,0.0
DBGI,2026-10-02T12:47:00Z,5.29,5.29,5.29,5.29,0.0
DBGI,2026-10-02T12:48:00Z,5.29,5.3,5.29,5.3,100.0
DBGI,2026-10-02T12:49:00Z,5.3,5.3,5.3,5.3,0.0
DBGI,2026-10-02T12:50:00Z,5.3,5.3,5.3,5.3,0.0
DBGI,2026-10-02T12:51:00Z,5.3,5.3,5.3,5.3,0.0
DBGI,2026-10-02T12:52:00Z,5.3,5.3,5.3,5.3,0.0
DBGI,2026-10-02T12:53:00Z,5.3,5.3,5.3,5.3,0.0
DBGI,2026-10-02T12:54:00Z,5.3,5.3,5.3,5.3,0.0
DBGI,2026-10-02T12:55:00Z,5.3,5.3,5.3,5.3,100.0
DBGI,2026-10-02T12:56:00Z,5.3,5.3,5.3,5.3,0.0
DBGI,2026-10-02T12:57:00Z,5.3,5.37,5.3,5.37,720.0
DBGI,2026-10-02T12:58:00Z,5.37,5.37,5.37,5.37,0.0
DBGI,2026-10-02T12:59:00Z,5.37,5.37,5.37,5.37,0.0
DBGI,2026-10-02T13:00:00Z,5.37,5.37,5.37,5.37,0.0
DBGI,2026-10-02T13:01:00Z,5.37,5.37,5.37,5.37,0.0
DBGI,2026-10-02T13:02:00Z,5.37,5.37,5.37,5.37,0.0
DBGI,2026-10-02T13:03:00Z,5.37,5.37,5.37,5.37,0.0
DBGI,2026-10-02T13:04:00Z,5.37,5.37,5.37,5.37,0.0
DBGI,2026-10-02T13:05:00Z,5.37,5.37,5.37,5.37,0.0
DBGI,2026-10-02T13:06:00Z,5.37,5.37,5.25,5.25,226.0
DBGI,2026-10-02T13:07:00Z,5.25,5.26,5.25,5.26,109.0
DBGI,2026-10-02T13:08:00Z,5.26,5.26,5.26,5.26,0.0
DBGI,2026-10-02T13:09:00Z,5.26,5.26,5.26,5.26,0.0
DBGI,2026-10-02T13:10:00Z,5.26,5.26,5.26,5.26,0.0
DBGI,2026-10-02T13:11:00Z,5.26,5.26,5.26,5.26,0.0
DBGI,2026-10-02T13:12:00Z,5.26,5.26,5.26,5.26,0.0
DBGI,2026-10-02T13:13:00Z,5.26,5.26,5.26,5.26,0.0
DBGI,2026-10-02T13:14:00Z,5.26,5.26,5.26,5.26,0.0
DBGI,2026-10-02T13:15:00Z,5.26,5.26,5.26,5.26,0.0
DBGI,2026-10-02T13:16:00Z,5.26,5.26,5.26,5.26,0.0
DBGI,2026-10-02T13:17:00Z,5.26,5.26,5.26,5.26,0.0
DBGI,2026-10-02T13:18:00Z,5.26,5.26,5.26,5.26,0.0
DBGI,2026-10-02T13:19:00Z,5.26,5.26,5.26,5.26,0.0
DBGI,2026-10-02T13:20:00Z,5.26,5.26,5.26,5.26,0.0
DBGI,2026-10-02T13:21:00Z,5.26,5.26,5.26,5.26,0.0
DBGI,2026-10-02T13:22:00Z,5.26,5.26,5.26,5.26,0.0
DBGI,2026-10-02T13:23:00Z,5.26,5.26,5.26,5.26,0.0
DBGI,2026-10-02T13:24:00Z,5.26,5.26,5.26,5.26,0.0
DBGI,2026-10-02T13:25:00Z,5.26,5.26,5.26,5.26,0.0
DBGI,2026-10-02T13:26:00Z,5.26,5.26,5.26,5.26,0.0
DBGI,2026-10-02T13:27:00Z,5.26,5.43,5.26,5.38,320.0
DBGI,2026-10-02T13:28:00Z,5.38,5.38,5.37,5.37,200.0
DBGI,2026-10-02T13:29:00Z,5.37,5.38,5.26,5.26,200.0
DBGI,2026-10-02T13:30:00Z,5.37,5.57,5.25,5.57,2906.0
DBGI,2026-10-02T13:31:00Z,5.57,5.57,5.57,5.57,0.0
DBGI,2026-10-02T13:32:00Z,5.57,5.58,5.57,5.57,200.0
DBGI,2026-10-02T13:33:00Z,5.57,5.59,5.32,5.5,4138.0
DBGI,2026-10-02T13:34:00Z,5.42,5.47,5.39,5.47,544.0
DBGI,2026-10-02T13:35:00Z,5.47,5.47,5.41,5.41,114.0
DBGI,2026-10-02T13:36:00Z,5.41,5.41,5.41,5.41,0.0
DBGI,2026-10-02T13:37:00Z,5.5,5.5,5.5,5.5,470.0
DBGI,2026-10-02T13:38:00Z,5.47,5.47,5.45,5.46,495.0
DBGI,2026-10-02T13:39:00Z,5.46,5.49,5.45,5.48,4873.0
DBGI,2026-10-02T13:40:00Z,5.48,5.48,5.48,5.48,0.0
DBGI,2026-10-02T13:41:00Z,5.48,5.48,5.29,5.29,500.0
DBGI,2026-10-02T13:42:00Z,5.29,5.39,5.29,5.39,100.0
DBGI,2026-10-02T13:43:00Z,5.39,5.49,5.39,5.49,100.0
DBGI,2026-10-02T13:44:00Z,5.49,5.49,5.48,5.48,500.0
DBGI,2026-10-02T13:45:00Z,5.48,5.48,5.48,5.48,0.0
DBGI,2026-10-02T13:46:00Z,5.48,5.5,5.48,5.5,1150.0
DBGI,2026-10-02T13:47:00Z,5.5,5.5,5.5,5.5,0.0
DBGI,2026-10-02T13:48:00Z,5.5,5.5,5.5,5.5,0.0
DBGI,2026-10-02T13:49:00Z,5.5,5.5,5.5,5.5,0.0
DBGI,2026-10-02T13:50:00Z,5.5,5.5,5.5,5.5,0.0
DBGI,2026-10-02T13:51:00Z,5.5,5.5,5.48,5.48,100.0
DBGI,2026-10-02T13:52:00Z,5.48,5.48,5.48,5.48,0.0
DBGI,2026-10-02T13:53:00Z,5.48,5.48,5.48,5.48,0.0
DBGI,2026-10-02T13:54:00Z,5.48,5.48,5.48,5.48,0.0
DBGI,2026-10-02T13:55:00Z,5.48,5.48,5.48,5.48,0.0
DBGI,2026-10-02T13:56:00Z,5.48,5.48,5.48,5.48,0.0
DBGI,2026-10-02T13:57:00Z,5.48,5.48,5.41,5.41,200.0
DBGI,2026-10-02T13:58:00Z,5.41,5.41,5.41,5.41,0.0
DBGI,2026-10-02T13:59:00Z,5.41,5.42,5.41,5.42,148.0
DBGI,2026-10-02T14:00:00Z,5.42,5.42,5.42,5.42,0.0
DBGI,2026-10-02T14:01:00Z,5.42,5.42,5.42,5.42,0.0
DBGI,2026-10-02T14:02:00Z,5.42,5.42,5.42,5.42,0.0
DBGI,2026-10-02T14:03:00Z,5.42,5.42,5.42,5.42,0.0
DBGI,2026-10-02T14:04:00Z,5.42,5.42,5.42,5.42,380.0
DBGI,2026-10-02T14:05:00Z,5.42,5.42,5.42,5.42,0.0
DBGI,2026-10-02T14:06:00Z,5.42,5.42,5.42,5.42,0.0
DBGI,2026-10-02T14:07:00Z,5.49,5.59,5.49,5.5,3388.0
DBGI,2026-10-02T14:08:00Z,5.5,5.68,5.5,5.62,3380.0
DBGI,2026-10-02T14:09:00Z,5.62,5.67,5.5,5.67,6891.0
DBGI,2026-10-02T14:10:00Z,5.6,5.6,5.6,5.6,2000.0
DBGI,2026-10-02T14:11:00Z,5.6,5.6,5.6,5.6,200.0
DBGI,2026-10-02T14:12:00Z,5.6,5.6,5.6,5.6,0.0
DBGI,2026-10-02T14:13:00Z,5.6,5.6,5.52,5.52,200.0
DBGI,2026-10-02T14:14:00Z,5.52,5.52,5.52,5.52,0.0
DBGI,2026-10-02T14:15:00Z,5.52,5.52,5.52,5.52,0.0
DBGI,2026-10-02T14:16:00Z,5.52,5.53,5.5,5.5,1413.0
DBGI,2026-10-02T14:17:00Z,5.5,5.5,5.5,5.5,0.0
DBGI,2026-10-02T14:18:00Z,5.5,5.5,5.5,5.5,0.0
DBGI,2026-10-02T14:19:00Z,5.5,5.5,5.5,5.5,0.0
DBGI,2026-10-02T14:20:00Z,5.5,5.5,5.5,5.5,0.0
DBGI,2026-10-02T14:21:00Z,5.5,5.51,5.5,5.51,2000.0
DBGI,2026-10-02T14:22:00Z,5.51,5.59,5.51,5.51,3500.0
DBGI,2026-10-02T14:23:00Z,5.51,5.51,5.42,5.42,4058.0
DBGI,2026-10-02T14:24:00Z,5.42,5.45,5.42,5.45,540.0
DBGI,2026-10-02T14:25:00Z,5.45,5.45,5.45,5.45,0.0
DBGI,2026-10-02T14:26:00Z,5.45,5.45,5.45,5.45,200.0
DBGI,2026-10-02T14:27:00Z,5.45,5.45,5.45,5.45,0.0
DBGI,2026-10-02T14:28:00Z,5.45,5.48,5.45,5.48,125.0
DBGI,2026-10-02T14:29:00Z,5.48,5.48,5.48,5.48,0.0
DBGI,2026-10-02T14:30:00Z,5.48,5.48,5.48,5.48,0.0
DBGI,2026-10-02T14:31:00Z,5.48,5.48,5.48,5.48,0.0
DBGI,2026-10-02T14:32:00Z,5.48,5.48,5.48,5.48,0.0
DBGI,2026-10-02T14:33:00Z,5.44,5.44,5.44,5.44,535.0
DBGI,2026-10-02T14:34:00Z,5.44,5.44,5.35,5.42,2593.0
DBGI,2026-10-02T14:35:00Z,5.42,5.42,5.42,5.42,0.0
DBGI,2026-10-02T14:36:00Z,5.42,5.42,5.3,5.3,2768.0
DBGI,2026-10-02T14:37:00Z,5.3,5.37,5.3,5.37,229.0
DBGI,2026-10-02T14:38:00Z,5.37,5.37,5.37,5.37,0.0
DBGI,2026-10-02T14:39:00Z,5.37,5.37,5.37,5.37,0.0
DBGI,2026-10-02T14:40:00Z,5.37,5.37,5.37,5.37,0.0
DBGI,2026-10-02T14:41:00Z,5.37,5.37,5.37,5.37,0.0
DBGI,2026-10-02T14:42:00Z,5.37,5.37,5.37,5.37,0.0
DBGI,2026-10-02T14:43:00Z,5.37,5.37,5.37,5.37,0.0
DBGI,2026-10-02T14:44:00Z,5.37,5.37,5.32,5.32,400.0
DBGI,2026-10-02T14:45:00Z,5.32,5.32,5.32,5.32,0.0
DBGI,2026-10-02T14:46:00Z,5.32,5.32,5.32,5.32,114.0
DBGI,2026-10-02T14:47:00Z,5.32,5.32,5.32,5.32,0.0
DBGI,2026-10-02T14:48:00Z,5.32,5.32,5.32,5.32,0.0
DBGI,2026-10-02T14:49:00Z,5.32,5.32,5.2,5.23,1850.0
DBGI,2026-10-02T14:50:00Z,5.26,5.26,5.26,5.26,200.0
DBGI,2026-10-02T14:51:00Z,5.26,5.26,5.26,5.26,0.0
DBGI,2026-10-02T14:52:00Z,5.26,5.26,5.26,5.26,0.0
DBGI,2026-10-02T14:53:00Z,5.26,5.26,5.26,5.26,0.0
DBGI,2026-10-02T14:54:00Z,5.26,5.26,5.21,5.21,500.0
DBGI,2026-10-02T14:55:00Z,5.21,5.21,5.21,5.21,0.0
DBGI,2026-10-02T14:56:00Z,5.21,5.26,5.21,5.26,100.0
DBGI,2026-10-02T14:57:00Z,5.26,5.34,5.26,5.34,1009.0
DBGI,2026-10-02T14:58:00Z,5.34,5.34,5.34,5.34,2006.0
DBGI,2026-10-02T14:59:00Z,5.34,5.34,5.34,5.34,1698.0
DBGI,2026-10-02T15:00:00Z,5.34,5.34,5.34,5.34,0.0
DBGI,2026-10-02T15:01:00Z,5.34,5.34,5.34,5.34,0.0
DBGI,2026-10-02T15:02:00Z,5.34,5.34,5.34,5.34,0.0
DBGI,2026-10-02T15:03:00Z,5.34,5.34,5.34,5.34,0.0
DBGI,2026-10-02T15:04:00Z,5.34,5.34,5.34,5.34,0.0
DBGI,2026-10-02T15:05:00Z,5.34,5.34,5.34,5.34,0.0
DBGI,2026-10-02T15:06:00Z,5.34,5.34,5.34,5.34,0.0
DBGI,2026-10-02T15:07:00Z,5.34,5.34,5.34,5.34,0.0
DBGI,2026-10-02T15:08:00Z,5.34,5.34,5.34,5.34,0.0
DBGI,2026-10-02T15:09:00Z,5.34,5.34,5.34,5.34,0.0
DBGI,2026-10-02T15:10:00Z,5.34,5.34,5.34,5.34,0.0
DBGI,2026-10-02T15:11:00Z,5.34,5.34,5.34,5.34,0.0
DBGI,2026-10-02T15:12:00Z,5.34,5.34,5.34,5.34,0.0
DBGI,2026-10-02T15:13:00Z,5.34,5.34,5.26,5.26,177.0
DBGI,2026-10-02T15:14:00Z,5.26,5.26,5.26,5.26,0.0
DBGI,2026-10-02T15:15:00Z,5.26,5.26,5.26,5.26,0.0
DBGI,2026-10-02T15:16:00Z,5.26,5.26,5.26,5.26,0.0
DBGI,2026-10-02T15:17:00Z,5.26,5.26,5.26,5.26,0.0
DBGI,2026-10-02T15:18:00Z,5.26,5.26,5.26,5.26,0.0
DBGI,2026-10-02T15:19:00Z,5.26,5.26,5.26,5.26,0.0
DBGI,2026-10-02T15:20:00Z,5.26,5.26,5.26,5.26,0.0
DBGI,2026-10-02T15:21:00Z,5.26,5.26,5.26,5.26,0.0
DBGI,2026-10-02T15:22:00Z,5.26,5.26,5.26,5.26,0.0
DBGI,2026-10-02T15:23:00Z,5.26,5.4,5.26,5.4,186.0
DBGI,2026-10-02T15:24:00Z,5.4,5.4,5.4,5.4,0.0
DBGI,2026-10-02T15:25:00Z,5.36,5.36,5.36,5.36,210.0
DBGI,2026-10-02T15:26:00Z,5.36,5.36,5.36,5.36,0.0
DBGI,2026-10-02T15:27:00Z,5.36,5.36,5.36,5.36,0.0
DBGI,2026-10-02T15:28:00Z,5.36,5.36,5.36,5.36,0.0
DBGI,2026-10-02T15:29:00Z,5.36,5.36,5.36,5.36,0.0
DBGI,2026-10-02T15:30:00Z,5.36,5.36,5.27,5.27,150.0
DBGI,2026-10-02T15:31:00Z,5.27,5.27,5.27,5.27,0.0
DBGI,2026-10-02T15:32:00Z,5.27,5.27,5.27,5.27,0.0
SDEV,2026-10-02T08:00:00Z,4.51,4.82,4.36,4.61,380635.0
SDEV,2026-10-02T08:01:00Z,4.6004,4.82,4.45,4.76,332374.0
SDEV,2026-10-02T08:02:00Z,4.53,4.82,4.45,4.6,1271388.0
SDEV,2026-10-02T08:03:00Z,4.65,4.71,4.485,4.6,55824.0
SDEV,2026-10-02T08:04:00Z,4.6,4.7,4.6,4.67,70827.0
SDEV,2026-10-02T08:05:00Z,4.67,4.79,4.46,4.73,79236.0
SDEV,2026-10-02T08:06:00Z,4.81,4.82,4.46,4.645,99285.0
SDEV,2026-10-02T08:07:00Z,4.65,4.71,4.64,4.6898,60510.0
SDEV,2026-10-02T08:08:00Z,4.69,4.7,4.59,4.59,79554.0
SDEV,2026-10-02T08:09:00Z,4.6,4.7,4.6,4.69,56978.0
SDEV,2026-10-02T08:10:00Z,4.69,4.69,4.635,4.64,37442.0
SDEV,2026-10-02T08:11:00Z,4.64,4.65,4.61,4.61,26166.0
SDEV,2026-10-02T08:12:00Z,4.61,4.6102,4.54,4.56,70665.0
SDEV,2026-10-02T08:13:00Z,4.56,4.59,4.55,4.58,21737.0
SDEV,2026-10-02T08:14:00Z,4.58,4.62,4.58,4.61,23108.0
SDEV,2026-10-02T08:15:00Z,4.6194,4.63,4.59,4.61,22374.0
SDEV,2026-10-02T08:16:00Z,4.62,4.66,4.61,4.65,21588.0
SDEV,2026-10-02T08:17:00Z,4.65,4.68,4.59,4.62,74092.0
SDEV,2026-10-02T08:18:00Z,4.63,4.63,4.6,4.6,18910.0
SDEV,2026-10-02T08:19:00Z,4.6,4.61,4.6,4.6,16606.0
SDEV,2026-10-02T08:20:00Z,4.6009,4.66,4.6,4.63,39998.0
SDEV,2026-10-02T08:21:00Z,4.63,4.6405,4.62,4.6405,5917.0
SDEV,2026-10-02T08:22:00Z,4.645,4.7,4.64,4.67,33180.0
SDEV,2026-10-02T08:23:00Z,4.675,4.69,4.67,4.6897,23764.0
SDEV,2026-10-02T08:24:00Z,4.6809,4.75,4.65,4.72,115307.0
SDEV,2026-10-02T08:25:00Z,4.7296,4.78,4.71,4.7696,110662.0
SDEV,2026-10-02T08:26:00Z,4.76,4.88,4.76,4.8602,199951.0
SDEV,2026-10-02T08:27:00Z,4.8605,4.98,4.83,4.8469,334674.0
SDEV,2026-10-02T08:28:00Z,4.845,5.02,4.82,4.9795,273194.0
SDEV,2026-10-02T08:29:00Z,4.98,5.0,4.92,4.98,243123.0
SDEV,2026-10-02T08:30:00Z,4.9894,5.01,4.86,4.9,195658.0
SDEV,2026-10-02T08:31:00Z,4.89,5.01,4.89,4.91,133288.0
SDEV,2026-10-02T08:32:00Z,4.9113,5.07,4.9,4.9494,200417.0
SDEV,2026-10-02T08:33:00Z,4.95,5.03,4.9404,5.0096,141254.0
SDEV,2026-10-02T08:34:00Z,5.0004,5.01,4.9,4.92,121569.0
SDEV,2026-10-02T08:35:00Z,4.92,4.96,4.89,4.92,120498.0
SDEV,2026-10-02T08:36:00Z,4.92,4.96,4.9,4.9298,52719.0
SDEV,2026-10-02T08:37:00Z,4.93,4.99,4.92,4.9694,74675.0
SDEV,2026-10-02T08:38:00Z,4.97,5.12,4.94,5.1,317406.0
SDEV,2026-10-02T08:39:00Z,5.09,5.25,5.09,5.21,388646.0
SDEV,2026-10-02T08:40:00Z,5.22,5.23,5.13,5.1797,217126.0
SDEV,2026-10-02T08:41:00Z,5.18,5.28,5.14,5.2297,233242.0
SDEV,2026-10-02T08:42:00Z,5.2296,5.26,5.2,5.225,117485.0
SDEV,2026-10-02T08:43:00Z,5.22,5.3,5.2,5.26,147729.0
SDEV,2026-10-02T08:44:00Z,5.2595,5.38,5.21,5.3697,276838.0
SDEV,2026-10-02T08:45:00Z,5.3695,5.4697,5.36,5.41,341413.0
SDEV,2026-10-02T08:46:00Z,5.41,5.43,5.37,5.425,137359.0
SDEV,2026-10-02T08:47:00Z,5.4299,5.5,5.37,5.4296,304331.0
SDEV,2026-10-02T08:48:00Z,5.43,5.49,5.42,5.44,116601.0
SDEV,2026-10-02T08:49:00Z,5.4495,5.52,5.41,5.4397,288446.0
SDEV,2026-10-02T08:50:00Z,5.44,5.48,5.41,5.4195,110005.0
SDEV,2026-10-02T08:51:00Z,5.41,5.43,5.24,5.25,146847.0
SDEV,2026-10-02T08:52:00Z,5.25,5.31,5.19,5.27,177731.0
SDEV,2026-10-02T08:53:00Z,5.27,5.37,5.27,5.3505,116300.0
SDEV,2026-10-02T08:54:00Z,5.3595,5.48,5.3503,5.43,147101.0
SDEV,2026-10-02T08:55:00Z,5.4394,5.5,5.43,5.4495,145932.0
SDEV,2026-10-02T08:56:00Z,5.4496,5.45,5.3,5.36,134021.0
SDEV,2026-10-02T08:57:00Z,5.35,5.4394,5.335,5.37,95635.0
SDEV,2026-10-02T08:58:00Z,5.3703,5.42,5.3499,5.4,53707.0
SDEV,2026-10-02T08:59:00Z,5.41,5.41,5.34,5.3401,56613.0
SDEV,2026-10-02T09:00:00Z,5.34,5.3503,5.23,5.2395,188643.0
SDEV,2026-10-02T09:01:00Z,5.23,5.2895,5.23,5.26,49443.0
SDEV,2026-10-02T09:02:00Z,5.26,5.295,5.25,5.26,44604.0
SDEV,2026-10-02T09:03:00Z,5.2695,5.28,5.15,5.15,72393.0
SDEV,2026-10-02T09:04:00Z,5.15,5.2199,5.09,5.141,155923.0
SDEV,2026-10-02T09:05:00Z,5.15,5.19,5.1,5.16,86472.0
SDEV,2026-10-02T09:06:00Z,5.17,5.26,5.1651,5.24,82511.0
SDEV,2026-10-02T09:07:00Z,5.2495,5.2496,5.19,5.19,35715.0
SDEV,2026-10-02T09:08:00Z,5.2,5.21,5.17,5.19,30881.0
SDEV,2026-10-02T09:09:00Z,5.1905,5.23,5.18,5.21,19735.0
SDEV,2026-10-02T09:10:00Z,5.21,5.2203,5.16,5.17,36429.0
SDEV,2026-10-02T09:11:00Z,5.189,5.189,5.1,5.1296,86711.0
SDEV,2026-10-02T09:12:00Z,5.1296,5.18,5.1,5.151,37872.0
SDEV,2026-10-02T09:13:00Z,5.169,5.2,5.15,5.18,23173.0
SDEV,2026-10-02T09:14:00Z,5.18,5.2295,5.16,5.22,50448.0
SDEV,2026-10-02T09:15:00Z,5.23,5.28,5.21,5.27,77330.0
SDEV,2026-10-02T09:16:00Z,5.27,5.35,5.25,5.34,83495.0
SDEV,2026-10-02T09:17:00Z,5.3494,5.3997,5.32,5.39,111521.0
SDEV,2026-10-02T09:18:00Z,5.3894,5.39,5.33,5.34,73947.0
SDEV,2026-10-02T09:19:00Z,5.33,5.38,5.31,5.31,57364.0
SDEV,2026-10-02T09:20:00Z,5.31,5.35,5.31,5.32,22553.0
SDEV,2026-10-02T09:21:00Z,5.3205,5.339,5.28,5.28,36060.0
SDEV,2026-10-02T09:22:00Z,5.2801,5.32,5.27,5.31,32438.0
SDEV,2026-10-02T09:23:00Z,5.3103,5.32,5.28,5.2894,17531.0
SDEV,2026-10-02T09:24:00Z,5.2895,5.2905,5.26,5.29,34701.0
SDEV,2026-10-02T09:25:00Z,5.29,5.39,5.29,5.38,68650.0
SDEV,2026-10-02T09:26:00Z,5.38,5.42,5.3,5.32,131038.0
SDEV,2026-10-02T09:27:00Z,5.3199,5.37,5.28,5.37,32351.0
SDEV,2026-10-02T09:28:00Z,5.3602,5.37,5.34,5.35,39855.0
SDEV,2026-10-02T09:29:00Z,5.3505,5.4,5.35,5.36,38187.0
SDEV,2026-10-02T09:30:00Z,5.3504,5.3596,5.3001,5.33,22180.0
SDEV,2026-10-02T09:31:00Z,5.3205,5.39,5.32,5.365,33093.0
SDEV,2026-10-02T09:32:00Z,5.36,5.36,5.33,5.33,18720.0
SDEV,2026-10-02T09:33:00Z,5.3395,5.3395,5.3,5.31,24907.0
SDEV,2026-10-02T09:34:00Z,5.31,5.3196,5.26,5.2805,58757.0
SDEV,2026-10-02T09:35:00Z,5.29,5.33,5.26,5.28,35004.0
SDEV,2026-10-02T09:36:00Z,5.2895,5.29,5.28,5.28,16737.0
SDEV,2026-10-02T09:37:00Z,5.28,5.295,5.27,5.27,27182.0
SDEV,2026-10-02T09:38:00Z,5.27,5.27,5.22,5.24,48269.0
SDEV,2026-10-02T09:39:00Z,5.2402,5.2403,5.22,5.22,25830.0
SDEV,2026-10-02T09:40:00Z,5.2205,5.28,5.2205,5.2761,22520.0
SDEV,2026-10-02T09:41:00Z,5.27,5.28,5.2597,5.2597,21967.0
SDEV,2026-10-02T09:42:00Z,5.25,5.2796,5.25,5.25,19961.0
SDEV,2026-10-02T09:43:00Z,5.25,5.26,5.23,5.25,10867.0
SDEV,2026-10-02T09:44:00Z,5.25,5.26,5.23,5.26,10920.0
SDEV,2026-10-02T09:45:00Z,5.255,5.33,5.25,5.25,46593.0
SDEV,2026-10-02T09:46:00Z,5.26,5.27,5.26,5.265,17391.0
SDEV,2026-10-02T09:47:00Z,5.26,5.26,5.19,5.25,50081.0
SDEV,2026-10-02T09:48:00Z,5.24,5.24,5.17,5.185,42475.0
SDEV,2026-10-02T09:49:00Z,5.185,5.22,5.185,5.22,18942.0
SDEV,2026-10-02T09:50:00Z,5.21,5.2195,5.17,5.175,15446.0
SDEV,2026-10-02T09:51:00Z,5.1796,5.19,5.15,5.17,41609.0
SDEV,2026-10-02T09:52:00Z,5.17,5.18,5.1,5.175,65642.0
SDEV,2026-10-02T09:53:00Z,5.18,5.22,5.1602,5.2103,45028.0
SDEV,2026-10-02T09:54:00Z,5.21,5.22,5.16,5.185,29470.0
SDEV,2026-10-02T09:55:00Z,5.18,5.24,5.18,5.21,30956.0
SDEV,2026-10-02T09:56:00Z,5.21,5.29,5.21,5.26,40387.0
SDEV,2026-10-02T09:57:00Z,5.27,5.29,5.26,5.2699,31961.0
SDEV,2026-10-02T09:58:00Z,5.26,5.26,5.22,5.23,28457.0
SDEV,2026-10-02T09:59:00Z,5.2202,5.2496,5.22,5.23,11910.0
SDEV,2026-10-02T10:00:00Z,5.2395,5.25,5.21,5.25,18585.0
SDEV,2026-10-02T10:01:00Z,5.26,5.29,5.26,5.2696,31834.0
SDEV,2026-10-02T10:02:00Z,5.26,5.2669,5.22,5.23,12126.0
SDEV,2026-10-02T10:03:00Z,5.2202,5.2397,5.2,5.2,14918.0
SDEV,2026-10-02T10:04:00Z,5.2098,5.2298,5.2002,5.2009,18885.0
SDEV,2026-10-02T10:05:00Z,5.201,5.2376,5.2,5.2297,13626.0
SDEV,2026-10-02T10:06:00Z,5.22,5.23,5.2,5.23,8351.0
SDEV,2026-10-02T10:07:00Z,5.2305,5.26,5.23,5.2595,7326.0
SDEV,2026-10-02T10:08:00Z,5.25,5.26,5.23,5.24,10490.0
SDEV,2026-10-02T10:09:00Z,5.24,5.25,5.23,5.2494,12244.0
SDEV,2026-10-02T10:10:00Z,5.2494,5.26,5.24,5.2599,4393.0
SDEV,2026-10-02T10:11:00Z,5.2595,5.26,5.25,5.2598,7929.0
SDEV,2026-10-02T10:12:00Z,5.25,5.2595,5.23,5.2395,16167.0
SDEV,2026-10-02T10:13:00Z,5.2395,5.4297,5.23,5.41,112925.0
SDEV,2026-10-02T10:14:00Z,5.411,5.51,5.37,5.46,216926.0
SDEV,2026-10-02T10:15:00Z,5.46,5.57,5.45,5.4806,213454.0
SDEV,2026-10-02T10:16:00Z,5.48,5.489,5.38,5.38,89122.0
SDEV,2026-10-02T10:17:00Z,5.3805,5.43,5.35,5.41,91226.0
SDEV,2026-10-02T10:18:00Z,5.4,5.5,5.38,5.45,126537.0
SDEV,2026-10-02T10:19:00Z,5.4594,5.46,5.37,5.38,76782.0
SDEV,2026-10-02T10:20:00Z,5.389,5.43,5.371,5.43,41671.0
SDEV,2026-10-02T10:21:00Z,5.4202,5.4295,5.38,5.38,25938.0
SDEV,2026-10-02T10:22:00Z,5.39,5.44,5.34,5.4,76621.0
SDEV,2026-10-02T10:23:00Z,5.4,5.41,5.36,5.39,34628.0
SDEV,2026-10-02T10:24:00Z,5.38,5.43,5.38,5.38,28942.0
SDEV,2026-10-02T10:25:00Z,5.4,5.4,5.37,5.38,30491.0
SDEV,2026-10-02T10:26:00Z,5.38,5.38,5.28,5.31,62943.0
SDEV,2026-10-02T10:27:00Z,5.291,5.38,5.29,5.33,39546.0
SDEV,2026-10-02T10:28:00Z,5.33,5.3595,5.326,5.3595,7876.0
SDEV,2026-10-02T10:29:00Z,5.35,5.38,5.35,5.3598,12287.0
SDEV,2026-10-02T10:30:00Z,5.36,5.36,5.26,5.32,72340.0
SDEV,2026-10-02T10:31:00Z,5.31,5.31,5.26,5.29,41087.0
SDEV,2026-10-02T10:32:00Z,5.2831,5.3,5.28,5.2805,16747.0
SDEV,2026-10-02T10:33:00Z,5.2805,5.2896,5.27,5.27,18892.0
SDEV,2026-10-02T10:34:00Z,5.29,5.29,5.27,5.2895,8991.0
SDEV,2026-10-02T10:35:00Z,5.28,5.34,5.28,5.32,25400.0
SDEV,2026-10-02T10:36:00Z,5.32,5.32,5.29,5.2999,7809.0
SDEV,2026-10-02T10:37:00Z,5.3,5.34,5.3,5.33,12438.0
SDEV,2026-10-02T10:38:00Z,5.33,5.33,5.295,5.2995,10152.0
SDEV,2026-10-02T10:39:00Z,5.3,5.3183,5.28,5.28,23221.0
SDEV,2026-10-02T10:40:00Z,5.28,5.36,5.28,5.36,23262.0
SDEV,2026-10-02T10:41:00Z,5.3595,5.38,5.35,5.351,35720.0
SDEV,2026-10-02T10:42:00Z,5.351,5.3595,5.32,5.34,18351.0
SDEV,2026-10-02T10:43:00Z,5.34,5.34,5.31,5.33,23156.0
SDEV,2026-10-02T10:44:00Z,5.32,5.33,5.3,5.3003,21731.0
SDEV,2026-10-02T10:45:00Z,5.3095,5.3097,5.29,5.3011,8492.0
SDEV,2026-10-02T10:46:00Z,5.3011,5.37,5.3011,5.36,15534.0
SDEV,2026-10-02T10:47:00Z,5.3695,5.37,5.33,5.33,19626.0
SDEV,2026-10-02T10:48:00Z,5.33,5.34,5.33,5.33,7089.0
SDEV,2026-10-02T10:49:00Z,5.34,5.37,5.32,5.36,21508.0
SDEV,2026-10-02T10:50:00Z,5.3602,5.425,5.3602,5.4,59063.0
SDEV,2026-10-02T10:51:00Z,5.4097,5.44,5.39,5.4,57804.0
SDEV,2026-10-02T10:52:00Z,5.4,5.42,5.37,5.3713,24874.0
SDEV,2026-10-02T10:53:00Z,5.371,5.4,5.3405,5.35,26615.0
SDEV,2026-10-02T10:54:00Z,5.35,5.359,5.33,5.34,13629.0
SDEV,2026-10-02T10:55:00Z,5.35,5.42,5.35,5.4089,16862.0
SDEV,2026-10-02T10:56:00Z,5.391,5.42,5.37,5.37,17955.0
SDEV,2026-10-02T10:57:00Z,5.3702,5.41,5.37,5.4005,11049.0
SDEV,2026-10-02T10:58:00Z,5.4095,5.4095,5.37,5.38,20167.0
SDEV,2026-10-02T10:59:00Z,5.385,5.41,5.38,5.3895,15997.0
SDEV,2026-10-02T11:00:00Z,5.385,5.385,5.2,5.22,204403.0
SDEV,2026-10-02T11:01:00Z,5.23,5.3,5.21,5.291,70729.0
SDEV,2026-10-02T11:02:00Z,5.285,5.3,5.25,5.2897,41451.0
SDEV,2026-10-02T11:03:00Z,5.2897,5.2897,5.24,5.2687,46096.0
SDEV,2026-10-02T11:04:00Z,5.26,5.3,5.26,5.27,34243.0
SDEV,2026-10-02T11:05:00Z,5.27,5.28,5.25,5.27,27400.0
SDEV,2026-10-02T11:06:00Z,5.272,5.29,5.23,5.24,42394.0
SDEV,2026-10-02T11:07:00Z,5.24,5.26,5.23,5.25,21040.0
SDEV,2026-10-02T11:08:00Z,5.25,5.2503,5.22,5.2201,37738.0
SDEV,2026-10-02T11:09:00Z,5.23,5.26,5.2,5.24,52086.0
SDEV,2026-10-02T11:10:00Z,5.24,5.25,5.22,5.22,22611.0
SDEV,2026-10-02T11:11:00Z,5.2295,5.26,5.21,5.25,29204.0
SDEV,2026-10-02T11:12:00Z,5.25,5.27,5.23,5.2696,16287.0
SDEV,2026-10-02T11:13:00Z,5.2699,5.3,5.26,5.2798,29701.0
SDEV,2026-10-02T11:14:00Z,5.2797,5.31,5.26,5.3099,26742.0
SDEV,2026-10-02T11:15:00Z,5.31,5.32,5.29,5.29,45599.0
SDEV,2026-10-02T11:16:00Z,5.2903,5.2983,5.28,5.29,10967.0
SDEV,2026-10-02T11:17:00Z,5.28,5.3,5.28,5.2901,11334.0
SDEV,2026-10-02T11:18:00Z,5.2902,5.2995,5.27,5.28,10264.0
SDEV,2026-10-02T11:19:00Z,5.2705,5.2896,5.23,5.24,22153.0
SDEV,2026-10-02T11:20:00Z,5.2496,5.25,5.22,5.22,37947.0
SDEV,2026-10-02T11:21:00Z,5.2297,5.2499,5.2106,5.2499,40999.0
SDEV,2026-10-02T11:22:00Z,5.231,5.25,5.23,5.24,12307.0
SDEV,2026-10-02T11:23:00Z,5.24,5.2482,5.23,5.248,12128.0
SDEV,2026-10-02T11:24:00Z,5.248,5.248,5.22,5.23,10834.0
SDEV,2026-10-02T11:25:00Z,5.22,5.232,5.22,5.2202,23160.0
SDEV,2026-10-02T11:26:00Z,5.22,5.2393,5.22,5.22,13650.0
SDEV,2026-10-02T11:27:00Z,5.22,5.22,5.2,5.2095,19864.0
SDEV,2026-10-02T11:28:00Z,5.2098,5.246,5.2,5.239,35325.0
SDEV,2026-10-02T11:29:00Z,5.23,5.24,5.21,5.21,6870.0
SDEV,2026-10-02T11:30:00Z,5.21,5.2198,5.16,5.17,45881.0
SDEV,2026-10-02T11:31:00Z,5.17,5.2,5.16,5.19,29979.0
SDEV,2026-10-02T11:32:00Z,5.19,5.1992,5.17,5.1897,13047.0
SDEV,2026-10-02T11:33:00Z,5.1899,5.1899,5.12,5.13,44531.0
SDEV,2026-10-02T11:34:00Z,5.121,5.15,5.02,5.05,121400.0
SDEV,2026-10-02T11:35:00Z,5.04,5.07,4.97,4.98,141505.0
SDEV,2026-10-02T11:36:00Z,4.9895,5.01,4.95,4.98,129375.0
SDEV,2026-10-02T11:37:00Z,4.99,4.999,4.91,4.91,97931.0
SDEV,2026-10-02T11:38:00Z,4.91,5.0,4.91,4.99,116923.0
SDEV,2026-10-02T11:39:00Z,4.98,5.0,4.9798,4.9905,54161.0
SDEV,2026-10-02T11:40:00Z,4.99,4.9963,4.8,4.8,153603.0
SDEV,2026-10-02T11:41:00Z,4.8,4.805,4.6,4.73,274653.0
SDEV,2026-10-02T11:42:00Z,4.73,4.76,4.6805,4.7402,127199.0
SDEV,2026-10-02T11:43:00Z,4.74,4.9,4.74,4.89,112280.0
SDEV,2026-10-02T11:44:00Z,4.89,4.99,4.86,4.98,193119.0
SDEV,2026-10-02T11:45:00Z,4.97,5.01,4.95,4.9703,118893.0
SDEV,2026-10-02T11:46:00Z,4.975,4.98,4.9,4.915,63976.0
SDEV,2026-10-02T11:47:00Z,4.9198,4.9696,4.88,4.9695,67308.0
SDEV,2026-10-02T11:48:00Z,4.96,4.97,4.9402,4.9402,71380.0
SDEV,2026-10-02T11:49:00Z,4.9495,5.02,4.9401,4.98,87736.0
SDEV,2026-10-02T11:50:00Z,4.9895,5.01,4.96,4.97,39109.0
SDEV,2026-10-02T11:51:00Z,4.97,4.99,4.94,4.9402,39278.0
SDEV,2026-10-02T11:52:00Z,4.9484,4.95,4.88,4.88,60806.0
SDEV,2026-10-02T11:53:00Z,4.89,4.9298,4.88,4.89,36675.0
SDEV,2026-10-02T11:54:00Z,4.89,4.91,4.87,4.87,32840.0
SDEV,2026-10-02T11:55:00Z,4.87,4.9182,4.87,4.8703,16978.0
SDEV,2026-10-02T11:56:00Z,4.87,4.87,4.85,4.85,49564.0
SDEV,2026-10-02T11:57:00Z,4.8503,4.8503,4.8,4.8101,60827.0
SDEV,2026-10-02T11:58:00Z,4.81,4.83,4.74,4.8297,68207.0
SDEV,2026-10-02T11:59:00Z,4.82,4.865,4.82,4.865,39404.0
SDEV,2026-10-02T12:00:00Z,4.855,4.88,4.7918,4.7918,47744.0
SDEV,2026-10-02T12:01:00Z,4.7996,4.82,4.77,4.78,39273.0
SDEV,2026-10-02T12:02:00Z,4.78,4.84,4.78,4.8016,19470.0
SDEV,2026-10-02T12:03:00Z,4.8097,4.81,4.77,4.7898,35168.0
SDEV,2026-10-02T12:04:00Z,4.7803,4.8681,4.78,4.8596,28720.0
SDEV,2026-10-02T12:05:00Z,4.8599,5.02,4.8596,5.0,134714.0
SDEV,2026-10-02T12:06:00Z,5.008,5.0899,5.0004,5.04,164903.0
SDEV,2026-10-02T12:07:00Z,5.0401,5.05,4.9702,5.0002,96508.0
SDEV,2026-10-02T12:08:00Z,5.0,5.06,5.0,5.0287,53403.0
SDEV,2026-10-02T12:09:00Z,5.0201,5.045,5.01,5.02,67460.0
SDEV,2026-10-02T12:10:00Z,5.02,5.04,5.0,5.03,22315.0
SDEV,2026-10-02T12:11:00Z,5.0303,5.11,5.0303,5.0902,108038.0
SDEV,2026-10-02T12:12:00Z,5.09,5.11,5.0629,5.0884,87193.0
SDEV,2026-10-02T12:13:00Z,5.0801,5.0996,5.03,5.06,58737.0
SDEV,2026-10-02T12:14:00Z,5.05,5.06,5.01,5.0303,51138.0
SDEV,2026-10-02T12:15:00Z,5.05,5.13,5.04,5.0597,91096.0
SDEV,2026-10-02T12:16:00Z,5.0503,5.13,5.04,5.1218,50679.0
SDEV,2026-10-02T12:17:00Z,5.12,5.2,5.1102,5.16,147436.0
SDEV,2026-10-02T12:18:00Z,5.1698,5.23,5.16,5.2195,160806.0
SDEV,2026-10-02T12:19:00Z,5.2103,5.25,5.18,5.1995,127713.0
SDEV,2026-10-02T12:20:00Z,5.19,5.22,5.12,5.22,87696.0
SDEV,2026-10-02T12:21:00Z,5.2176,5.2297,5.17,5.1999,44071.0
SDEV,2026-10-02T12:22:00Z,5.19,5.2004,5.13,5.18,55366.0
SDEV,2026-10-02T12:23:00Z,5.18,5.2,5.15,5.19,43844.0
SDEV,2026-10-02T12:24:00Z,5.19,5.1902,5.14,5.16,23350.0
SDEV,2026-10-02T12:25:00Z,5.15,5.16,5.1,5.1,49517.0
SDEV,2026-10-02T12:26:00Z,5.09,5.1265,5.04,5.0846,83214.0
SDEV,2026-10-02T12:27:00Z,5.09,5.1,5.06,5.08,35143.0
SDEV,2026-10-02T12:28:00Z,5.0896,5.09,5.04,5.06,26461.0
SDEV,2026-10-02T12:29:00Z,5.0601,5.1,5.06,5.07,44672.0
SDEV,2026-10-02T12:30:00Z,5.0703,5.13,5.0703,5.13,36094.0
SDEV,2026-10-02T12:31:00Z,5.12,5.13,5.01,5.01,75551.0
SDEV,2026-10-02T12:32:00Z,5.03,5.05,5.02,5.0384,30886.0
SDEV,2026-10-02T12:33:00Z,5.04,5.06,5.04,5.0503,17432.0
SDEV,2026-10-02T12:34:00Z,5.0503,5.08,5.01,5.03,43993.0
SDEV,2026-10-02T12:35:00Z,5.02,5.0498,4.98,5.0199,44875.0
SDEV,2026-10-02T12:36:00Z,5.02,5.03,5.01,5.02,19848.0
SDEV,2026-10-02T12:37:00Z,5.03,5.09,5.03,5.0896,51291.0
SDEV,2026-10-02T12:38:00Z,5.09,5.09,5.06,5.0603,20135.0
SDEV,2026-10-02T12:39:00Z,5.0601,5.08,5.04,5.0402,28844.0
SDEV,2026-10-02T12:40:00Z,5.04,5.05,5.03,5.04,18322.0
SDEV,2026-10-02T12:41:00Z,5.03,5.04,5.01,5.02,27467.0
SDEV,2026-10-02T12:42:00Z,5.0202,5.1,5.02,5.0981,58190.0
SDEV,2026-10-02T12:43:00Z,5.09,5.14,5.07,5.14,55849.0
SDEV,2026-10-02T12:44:00Z,5.1399,5.14,5.12,5.13,66209.0
SDEV,2026-10-02T12:45:00Z,5.1296,5.1498,5.1,5.12,58036.0
SDEV,2026-10-02T12:46:00Z,5.12,5.14,5.09,5.09,34199.0
SDEV,2026-10-02T12:47:00Z,5.088,5.1,5.08,5.0996,17020.0
SDEV,2026-10-02T12:48:00Z,5.0996,5.12,5.0996,5.1,13296.0
SDEV,2026-10-02T12:49:00Z,5.1,5.102,5.08,5.08,15830.0
SDEV,2026-10-02T12:50:00Z,5.0803,5.1096,5.08,5.1,10315.0
SDEV,2026-10-02T12:51:00Z,5.1002,5.1071,5.06,5.06,23832.0
SDEV,2026-10-02T12:52:00Z,5.07,5.0999,5.06,5.0894,17998.0
SDEV,2026-10-02T12:53:00Z,5.09,5.09,5.08,5.081,16158.0
SDEV,2026-10-02T12:54:00Z,5.08,5.11,5.08,5.1,18164.0
SDEV,2026-10-02T12:55:00Z,5.1001,5.14,5.09,5.1399,39759.0
SDEV,2026-10-02T12:56:00Z,5.1303,5.1399,5.1195,5.12,9248.0
SDEV,2026-10-02T12:57:00Z,5.12,5.17,5.12,5.1395,46882.0
SDEV,2026-10-02T12:58:00Z,5.1398,5.21,5.1396,5.2,60739.0
SDEV,2026-10-02T12:59:00Z,5.21,5.21,5.1595,5.16,56035.0
SDEV,2026-10-02T13:00:00Z,5.1601,5.18,5.12,5.15,40261.0
SDEV,2026-10-02T13:01:00Z,5.1495,5.1502,5.14,5.15,15521.0
SDEV,2026-10-02T13:02:00Z,5.1498,5.15,5.12,5.14,30560.0
SDEV,2026-10-02T13:03:00Z,5.134,5.2074,5.1302,5.198,51344.0
SDEV,2026-10-02T13:04:00Z,5.2,5.22,5.18,5.18,43535.0
SDEV,2026-10-02T13:05:00Z,5.19,5.1999,5.15,5.15,37615.0
SDEV,2026-10-02T13:06:00Z,5.15,5.19,5.15,5.1804,28575.0
SDEV,2026-10-02T13:07:00Z,5.1804,5.19,5.17,5.1701,12174.0
SDEV,2026-10-02T13:08:00Z,5.18,5.18,5.16,5.17,14314.0
SDEV,2026-10-02T13:09:00Z,5.17,5.1804,5.16,5.18,29738.0
SDEV,2026-10-02T13:10:00Z,5.18,5.19,5.16,5.16,17035.0
SDEV,2026-10-02T13:11:00Z,5.1697,5.18,5.16,5.1703,9588.0
SDEV,2026-10-02T13:12:00Z,5.1705,5.24,5.17,5.23,51644.0
SDEV,2026-10-02T13:13:00Z,5.23,5.25,5.11,5.15,105246.0
SDEV,2026-10-02T13:14:00Z,5.1599,5.2,5.13,5.19,65211.0
SDEV,2026-10-02T13:15:00Z,5.2,5.2,5.17,5.1795,23319.0
SDEV,2026-10-02T13:16:00Z,5.1797,5.1895,5.12,5.1301,40211.0
SDEV,2026-10-02T13:17:00Z,5.1398,5.16,5.1301,5.15,28772.0
SDEV,2026-10-02T13:18:00Z,5.15,5.15,5.1204,5.13,34855.0
SDEV,2026-10-02T13:19:00Z,5.1303,5.1303,5.06,5.09,70482.0
SDEV,2026-10-02T13:20:00Z,5.09,5.12,5.05,5.0697,71476.0
SDEV,2026-10-02T13:21:00Z,5.06,5.07,4.98,5.02,69337.0
SDEV,2026-10-02T13:22:00Z,5.01,5.05,5.01,5.0404,37209.0
SDEV,2026-10-02T13:23:00Z,5.0484,5.0886,5.04,5.0695,23516.0
SDEV,2026-10-02T13:24:00Z,5.06,5.07,5.02,5.0203,31534.0
SDEV,2026-10-02T13:25:00Z,5.03,5.07,5.03,5.06,30316.0
SDEV,2026-10-02T13:26:00Z,5.0304,5.05,5.01,5.04,28350.0
SDEV,2026-10-02T13:27:00Z,5.05,5.0796,5.03,5.0796,19696.0
SDEV,2026-10-02T13:28:00Z,5.07,5.07,5.05,5.05,25950.0
SDEV,2026-10-02T13:29:00Z,5.05,5.06,4.99,5.005,36456.0
SDEV,2026-10-02T13:30:00Z,5.06,5.32,4.98,5.2498,778769.0
SDEV,2026-10-02T13:31:00Z,5.2403,5.4,5.24,5.3398,651710.0
SDEV,2026-10-02T13:32:00Z,5.33,5.5,5.2,5.465,639480.0
SDEV,2026-10-02T13:33:00Z,5.4693,5.72,5.35,5.68,1110531.0
SDEV,2026-10-02T13:34:00Z,5.6702,5.7,5.43,5.575,1084837.0
SDEV,2026-10-02T13:35:00Z,5.599,5.599,5.21,5.255,990349.0
SDEV,2026-10-02T13:36:00Z,5.255,5.31,5.17,5.2749,583008.0
SDEV,2026-10-02T13:37:00Z,5.27,5.37,5.23,5.3344,448233.0
SDEV,2026-10-02T13:38:00Z,5.33,5.3999,5.2301,5.26,279615.0
SDEV,2026-10-02T13:39:00Z,5.27,5.3094,5.1501,5.245,299141.0
SDEV,2026-10-02T13:40:00Z,5.2489,5.2899,5.1701,5.26,161275.0
SDEV,2026-10-02T13:41:00Z,5.26,5.44,5.26,5.4301,386274.0
SDEV,2026-10-02T13:42:00Z,5.4209,5.93,5.42,5.865,1749656.0
SDEV,2026-10-02T13:43:00Z,5.8799,6.07,5.82,5.9299,1449307.0
SDEV,2026-10-02T13:44:00Z,5.9223,6.1,5.88,5.93,824329.0
SDEV,2026-10-02T13:45:00Z,5.93,5.96,5.83,5.89,478602.0
SDEV,2026-10-02T13:46:00Z,5.8995,5.9099,5.75,5.8102,432014.0
SDEV,2026-10-02T13:47:00Z,5.8189,5.88,5.75,5.77,292652.0
SDEV,2026-10-02T13:48:00Z,5.775,5.85,5.7001,5.795,409753.0
SDEV,2026-10-02T13:49:00Z,5.7953,5.8899,5.7902,5.8598,402461.0
SDEV,2026-10-02T13:50:00Z,5.8599,5.99,5.8204,5.935,562978.0
SDEV,2026-10-02T13:51:00Z,5.93,6.0,5.8301,5.98,647071.0
SDEV,2026-10-02T13:52:00Z,5.975,5.98,5.8,5.8299,477803.0
SDEV,2026-10-02T13:53:00Z,5.82,5.9,5.7201,5.8643,313550.0
SDEV,2026-10-02T13:54:00Z,5.8698,5.98,5.8521,5.865,428041.0
SDEV,2026-10-02T13:55:00Z,5.8609,5.9098,5.855,5.8701,199297.0
SDEV,2026-10-02T13:56:00Z,5.88,6.08,5.87,6.02,824920.0
SDEV,2026-10-02T13:57:00Z,6.015,6.22,6.0,6.1006,1110537.0
SDEV,2026-10-02T13:58:00Z,6.13,6.16,5.82,5.92,910452.0
SDEV,2026-10-02T13:59:00Z,5.9192,5.985,5.88,5.9403,365629.0
SDEV,2026-10-02T14:00:00Z,5.945,6.17,5.93,6.135,616768.0
SDEV,2026-10-02T14:01:00Z,6.1399,6.53,6.1301,6.4501,1698823.0
SDEV,2026-10-02T14:02:00Z,6.4598,6.5399,6.39,6.4303,1037498.0
SDEV,2026-10-02T14:03:00Z,6.44,6.64,6.4205,6.61,1142279.0
SDEV,2026-10-02T14:04:00Z,6.61,6.9,6.55,6.59,1273556.0
SDEV,2026-10-02T14:05:00Z,6.59,6.59,6.4,6.48,747773.0
SDEV,2026-10-02T14:06:00Z,6.45,6.53,6.4,6.435,497952.0
SDEV,2026-10-02T14:07:00Z,6.435,6.5,6.41,6.43,396598.0
SDEV,2026-10-02T14:08:00Z,6.43,6.49,6.41,6.4324,300107.0
SDEV,2026-10-02T14:09:00Z,6.43,6.4899,5.95,5.98,959069.0
SDEV,2026-10-02T14:10:00Z,5.9889,6.04,5.8102,5.93,797699.0
SDEV,2026-10-02T14:11:00Z,5.935,6.2,5.92,6.19,518117.0
SDEV,2026-10-02T14:12:00Z,6.19,6.3199,6.18,6.2778,616737.0
SDEV,2026-10-02T14:13:00Z,6.27,6.2793,6.2,6.2,396948.0
SDEV,2026-10-02T14:14:00Z,6.2003,6.21,6.0801,6.16,286910.0
SDEV,2026-10-02T14:15:00Z,6.17,6.4,6.15,6.3401,412451.0
SDEV,2026-10-02T14:16:00Z,6.3498,6.43,6.335,6.43,496130.0
SDEV,2026-10-02T14:17:00Z,6.42,6.46,6.36,6.4211,423554.0
SDEV,2026-10-02T14:18:00Z,6.4283,6.5,6.36,6.38,368986.0
SDEV,2026-10-02T14:19:00Z,6.375,6.44,6.3729,6.403,264978.0
SDEV,2026-10-02T14:20:00Z,6.3903,6.44,6.35,6.38,307021.0
SDEV,2026-10-02T14:21:00Z,6.37,6.43,6.37,6.395,235575.0
SDEV,2026-10-02T14:22:00Z,6.4,6.55,6.37,6.4266,562721.0
SDEV,2026-10-02T14:23:00Z,6.425,6.67,6.41,6.5297,777305.0
SDEV,2026-10-02T14:24:00Z,6.5298,6.5599,6.29,6.305,626194.0
SDEV,2026-10-02T14:25:00Z,6.3101,6.55,6.19,6.505,503626.0
SDEV,2026-10-02T14:26:00Z,6.505,6.8899,6.49,6.8544,1417815.0
SDEV,2026-10-02T14:27:00Z,6.8598,7.1,6.8,6.975,1584472.0
SDEV,2026-10-02T14:28:00Z,6.971,7.12,6.96,7.0,1095617.0
SDEV,2026-10-02T14:29:00Z,7.0,7.1,6.96,7.09,682761.0
SDEV,2026-10-02T14:30:00Z,7.0801,7.14,6.98,7.1139,836356.0
SDEV,2026-10-02T14:31:00Z,7.1101,7.325,7.1,7.3199,1215598.0
SDEV,2026-10-02T14:32:00Z,7.32,7.42,7.15,7.2183,1177278.0
SDEV,2026-10-02T14:33:00Z,7.2141,7.39,7.1878,7.3002,669521.0
SDEV,2026-10-02T14:34:00Z,7.3099,7.31,6.81,6.935,1089759.0
SDEV,2026-10-02T14:35:00Z,6.935,7.12,6.93,7.09,586948.0
SDEV,2026-10-02T14:36:00Z,7.0901,7.0999,6.93,7.025,341531.0
SDEV,2026-10-02T14:37:00Z,7.0017,7.06,6.95,6.9795,229714.0
SDEV,2026-10-02T14:38:00Z,6.9798,6.98,6.8,6.8101,447393.0
SDEV,2026-10-02T14:39:00Z,6.812,6.96,6.76,6.93,341119.0
SDEV,2026-10-02T14:40:00Z,6.93,7.07,6.88,7.0698,370392.0
SDEV,2026-10-02T14:41:00Z,7.06,7.1,6.98,7.03,343730.0
SDEV,2026-10-02T14:42:00Z,7.035,7.1,6.91,7.0691,330077.0
SDEV,2026-10-02T14:43:00Z,7.0602,7.1,7.01,7.05,250115.0
SDEV,2026-10-02T14:44:00Z,7.047,7.06,6.93,6.9701,230247.0
SDEV,2026-10-02T14:45:00Z,6.98,7.0,6.82,6.8402,245796.0
SDEV,2026-10-02T14:46:00Z,6.855,6.88,6.63,6.65,566041.0
SDEV,2026-10-02T14:47:00Z,6.65,6.7487,6.51,6.73,512770.0
SDEV,2026-10-02T14:48:00Z,6.74,6.7487,6.68,6.71,170609.0
SDEV,2026-10-02T14:49:00Z,6.7101,6.72,6.4601,6.555,414433.0
SDEV,2026-10-02T14:50:00Z,6.56,6.67,6.5001,6.6301,253819.0
SDEV,2026-10-02T14:51:00Z,6.6305,6.7,6.63,6.6801,195562.0
SDEV,2026-10-02T14:52:00Z,6.69,6.75,6.63,6.6901,246095.0
SDEV,2026-10-02T14:53:00Z,6.69,6.78,6.69,6.74,239170.0
SDEV,2026-10-02T14:54:00Z,6.735,6.7498,6.67,6.72,138437.0
SDEV,2026-10-02T14:55:00Z,6.72,6.85,6.69,6.8498,212987.0
SDEV,2026-10-02T14:56:00Z,6.845,6.88,6.7601,6.7601,320630.0
SDEV,2026-10-02T14:57:00Z,6.77,6.94,6.76,6.94,306421.0
SDEV,2026-10-02T14:58:00Z,6.948,7.1,6.91,7.05,544702.0
SDEV,2026-10-02T14:59:00Z,7.0362,7.0599,6.92,6.9842,431406.0
SDEV,2026-10-02T15:00:00Z,6.98,7.0,6.75,6.7845,462964.0
SDEV,2026-10-02T15:01:00Z,6.79,6.9,6.7503,6.855,199112.0
SDEV,2026-10-02T15:02:00Z,6.86,6.94,6.85,6.9,188191.0
SDEV,2026-10-02T15:03:00Z,6.91,6.9399,6.89,6.925,129060.0
SDEV,2026-10-02T15:04:00Z,6.9201,6.96,6.84,6.95,194858.0
SDEV,2026-10-02T15:05:00Z,6.95,6.9799,6.88,6.88,154343.0
SDEV,2026-10-02T15:06:00Z,6.88,6.9099,6.8,6.82,172475.0
SDEV,2026-10-02T15:07:00Z,6.82,6.85,6.7,6.73,238230.0
SDEV,2026-10-02T15:08:00Z,6.7303,6.75,6.65,6.6998,228577.0
SDEV,2026-10-02T15:09:00Z,6.6907,6.7096,6.64,6.68,124190.0
SDEV,2026-10-02T15:10:00Z,6.68,6.85,6.68,6.81,228333.0
SDEV,2026-10-02T15:11:00Z,6.82,6.83,6.7707,6.83,66517.0
SDEV,2026-10-02T15:12:00Z,6.825,6.8386,6.7624,6.765,117663.0
SDEV,2026-10-02T15:13:00Z,6.76,6.7992,6.71,6.7805,99348.0
SDEV,2026-10-02T15:14:00Z,6.78,6.817,6.74,6.76,60873.0
SDEV,2026-10-02T15:15:00Z,6.75,6.76,6.61,6.685,182047.0
SDEV,2026-10-02T15:16:00Z,6.69,6.77,6.688,6.7432,60991.0
SDEV,2026-10-02T15:17:00Z,6.7505,6.9,6.7505,6.8002,218994.0
SDEV,2026-10-02T15:18:00Z,6.8,6.85,6.79,6.84,94038.0
SDEV,2026-10-02T15:19:00Z,6.835,6.84,6.8,6.82,84467.0
SDEV,2026-10-02T15:20:00Z,6.8101,6.83,6.74,6.75,94216.0
SDEV,2026-10-02T15:21:00Z,6.755,6.7699,6.7001,6.7299,79889.0
SDEV,2026-10-02T15:22:00Z,6.7297,6.7395,6.57,6.58,201445.0
SDEV,2026-10-02T15:23:00Z,6.5802,6.6699,6.55,6.635,186051.0
SDEV,2026-10-02T15:24:00Z,6.6383,6.65,6.56,6.59,115464.0
SDEV,2026-10-02T15:25:00Z,6.585,6.63,6.4902,6.501,166493.0
SDEV,2026-10-02T15:26:00Z,6.502,6.5352,6.35,6.41,384364.0
SDEV,2026-10-02T15:27:00Z,6.4295,6.4494,6.35,6.41,181664.0
SDEV,2026-10-02T15:28:00Z,6.4004,6.43,6.27,6.29,214524.0
SDEV,2026-10-02T15:29:00Z,6.31,6.43,6.2928,6.409,142114.0
SDEV,2026-10-02T15:30:00Z,6.4099,6.49,6.394,6.4703,135938.0
SDEV,2026-10-02T15:31:00Z,6.47,6.5196,6.41,6.5056,209678.0
SDEV,2026-10-02T15:32:00Z,6.51,6.51,6.42,6.475,90208.0
SGRX,2026-10-02T08:00:00Z,1.74,2.08,1.7,1.97,120507.0
SGRX,2026-10-02T08:01:00Z,1.98,1.98,1.7,1.9601,116065.0
SGRX,2026-10-02T08:02:00Z,1.97,1.97,1.7,1.9601,40053.0
SGRX,2026-10-02T08:03:00Z,1.7,1.97,1.7,1.97,16119.0
SGRX,2026-10-02T08:04:00Z,1.96,1.97,1.74,1.745,117587.0
SGRX,2026-10-02T08:05:00Z,1.745,1.75,1.6,1.665,145680.0
SGRX,2026-10-02T08:06:00Z,1.67,1.74,1.61,1.65,102820.0
SGRX,2026-10-02T08:07:00Z,1.65,1.7395,1.645,1.73,35235.0
SGRX,2026-10-02T08:08:00Z,1.73,1.73,1.68,1.695,65695.0
SGRX,2026-10-02T08:09:00Z,1.7,1.73,1.695,1.71,29392.0
SGRX,2026-10-02T08:10:00Z,1.7,1.73,1.7,1.73,30797.0
SGRX,2026-10-02T08:11:00Z,1.725,1.79,1.72,1.7699,106652.0
SGRX,2026-10-02T08:12:00Z,1.7699,1.77,1.74,1.7401,48714.0
SGRX,2026-10-02T08:13:00Z,1.7498,1.84,1.74,1.8101,120860.0
SGRX,2026-10-02T08:14:00Z,1.815,1.85,1.81,1.8394,139627.0
SGRX,2026-10-02T08:15:00Z,1.84,1.84,1.795,1.7999,98122.0
SGRX,2026-10-02T08:16:00Z,1.8,1.8,1.78,1.78,38198.0
SGRX,2026-10-02T08:17:00Z,1.79,1.79,1.78,1.7802,29160.0
SGRX,2026-10-02T08:18:00Z,1.7801,1.79,1.78,1.7802,20016.0
SGRX,2026-10-02T08:19:00Z,1.79,1.8352,1.79,1.7999,106246.0
SGRX,2026-10-02T08:20:00Z,1.79,1.79,1.76,1.77,37902.0
SGRX,2026-10-02T08:21:00Z,1.7601,1.77,1.76,1.765,14729.0
SGRX,2026-10-02T08:22:00Z,1.76,1.77,1.76,1.7603,9942.0
SGRX,2026-10-02T08:23:00Z,1.7602,1.8,1.76,1.7998,30063.0
SGRX,2026-10-02T08:24:00Z,1.7997,1.86,1.799,1.8503,90979.0
SGRX,2026-10-02T08:25:00Z,1.855,1.86,1.81,1.8299,73929.0
SGRX,2026-10-02T08:26:00Z,1.83,1.87,1.83,1.86,61072.0
SGRX,2026-10-02T08:27:00Z,1.86,1.87,1.81,1.8201,84245.0
SGRX,2026-10-02T08:28:00Z,1.82,1.83,1.8,1.8098,26792.0
SGRX,2026-10-02T08:29:00Z,1.8,1.8099,1.74,1.7601,49223.0
SGRX,2026-10-02T08:30:00Z,1.7601,1.77,1.74,1.75,41360.0
SGRX,2026-10-02T08:31:00Z,1.74,1.75,1.7,1.7397,59075.0
SGRX,2026-10-02T08:32:00Z,1.7301,1.76,1.72,1.73,58388.0
SGRX,2026-10-02T08:33:00Z,1.725,1.7491,1.71,1.7491,50611.0
SGRX,2026-10-02T08:34:00Z,1.75,1.76,1.73,1.76,22612.0
SGRX,2026-10-02T08:35:00Z,1.7597,1.78,1.75,1.76,27883.0
SGRX,2026-10-02T08:36:00Z,1.7594,1.76,1.7,1.71,61526.0
SGRX,2026-10-02T08:37:00Z,1.7,1.71,1.66,1.6895,71083.0
SGRX,2026-10-02T08:38:00Z,1.6895,1.72,1.6801,1.71,38556.0
SGRX,2026-10-02T08:39:00Z,1.71,1.72,1.7,1.7,14744.0
SGRX,2026-10-02T08:40:00Z,1.71,1.72,1.7032,1.7199,12764.0
SGRX,2026-10-02T08:41:00Z,1.71,1.73,1.71,1.73,30253.0
SGRX,2026-10-02T08:42:00Z,1.725,1.8,1.725,1.7999,71851.0
SGRX,2026-10-02T08:43:00Z,1.7999,1.8,1.77,1.7701,56228.0
SGRX,2026-10-02T08:44:00Z,1.78,1.78,1.7401,1.76,44631.0
SGRX,2026-10-02T08:45:00Z,1.76,1.76,1.71,1.76,30558.0
SGRX,2026-10-02T08:46:00Z,1.75,1.7695,1.7303,1.76,17659.0
SGRX,2026-10-02T08:47:00Z,1.75,1.76,1.75,1.7501,7959.0
SGRX,2026-10-02T08:48:00Z,1.75,1.76,1.75,1.7501,9023.0
SGRX,2026-10-02T08:49:00Z,1.76,1.76,1.75,1.7506,8505.0
SGRX,2026-10-02T08:50:00Z,1.7501,1.76,1.69,1.69,65319.0
SGRX,2026-10-02T08:51:00Z,1.6999,1.73,1.695,1.71,25531.0
SGRX,2026-10-02T08:52:00Z,1.72,1.72,1.71,1.7194,12637.0
SGRX,2026-10-02T08:53:00Z,1.7194,1.72,1.71,1.72,9480.0
SGRX,2026-10-02T08:54:00Z,1.7194,1.7194,1.6803,1.7099,49293.0
SGRX,2026-10-02T08:55:00Z,1.7002,1.71,1.69,1.6901,12737.0
SGRX,2026-10-02T08:56:00Z,1.695,1.7,1.62,1.6497,130062.0
SGRX,2026-10-02T08:57:00Z,1.64,1.65,1.64,1.64,35131.0
SGRX,2026-10-02T08:58:00Z,1.6401,1.65,1.64,1.645,29933.0
SGRX,2026-10-02T08:59:00Z,1.6403,1.65,1.63,1.6397,13959.0
SGRX,2026-10-02T09:00:00Z,1.6301,1.64,1.63,1.6301,29572.0
SGRX,2026-10-02T09:01:00Z,1.635,1.66,1.63,1.66,31273.0
SGRX,2026-10-02T09:02:00Z,1.66,1.67,1.65,1.67,17308.0
SGRX,2026-10-02T09:03:00Z,1.6601,1.67,1.66,1.66,18135.0
SGRX,2026-10-02T09:04:00Z,1.6601,1.67,1.66,1.6694,11432.0
SGRX,2026-10-02T09:05:00Z,1.66,1.66,1.62,1.62,20136.0
SGRX,2026-10-02T09:06:00Z,1.6294,1.63,1.61,1.6199,20407.0
SGRX,2026-10-02T09:07:00Z,1.61,1.62,1.55,1.58,76118.0
SGRX,2026-10-02T09:08:00Z,1.5895,1.59,1.56,1.56,46880.0
SGRX,2026-10-02T09:09:00Z,1.5694,1.59,1.56,1.59,32397.0
SGRX,2026-10-02T09:10:00Z,1.58,1.62,1.58,1.6,23498.0
SGRX,2026-10-02T09:11:00Z,1.595,1.6,1.59,1.5997,6577.0
SGRX,2026-10-02T09:12:00Z,1.5997,1.6,1.59,1.6,10577.0
SGRX,2026-10-02T09:13:00Z,1.5901,1.5999,1.58,1.5895,18956.0
SGRX,2026-10-02T09:14:00Z,1.59,1.59,1.56,1.5601,13658.0
SGRX,2026-10-02T09:15:00Z,1.56,1.59,1.56,1.585,27340.0
SGRX,2026-10-02T09:16:00Z,1.585,1.6,1.585,1.5902,5147.0
SGRX,2026-10-02T09:17:00Z,1.599,1.63,1.599,1.63,23400.0
SGRX,2026-10-02T09:18:00Z,1.63,1.64,1.62,1.64,14577.0
SGRX,2026-10-02T09:19:00Z,1.64,1.64,1.6,1.6109,14928.0
SGRX,2026-10-02T09:20:00Z,1.63,1.63,1.62,1.63,3705.0
SGRX,2026-10-02T09:21:00Z,1.62,1.66,1.62,1.66,17851.0
SGRX,2026-10-02T09:22:00Z,1.65,1.67,1.65,1.6597,26003.0
SGRX,2026-10-02T09:23:00Z,1.6598,1.66,1.65,1.65,11595.0
SGRX,2026-10-02T09:24:00Z,1.65,1.66,1.65,1.65,6883.0
SGRX,2026-10-02T09:25:00Z,1.6501,1.66,1.65,1.65,12735.0
SGRX,2026-10-02T09:26:00Z,1.6599,1.66,1.62,1.62,14703.0
SGRX,2026-10-02T09:27:00Z,1.62,1.63,1.62,1.63,14070.0
SGRX,2026-10-02T09:28:00Z,1.6466,1.6466,1.6301,1.6301,3173.0
SGRX,2026-10-02T09:29:00Z,1.6301,1.64,1.63,1.6397,3801.0
SGRX,2026-10-02T09:30:00Z,1.6301,1.64,1.63,1.6303,1478.0
SGRX,2026-10-02T09:31:00Z,1.6303,1.64,1.63,1.6301,4214.0
SGRX,2026-10-02T09:32:00Z,1.64,1.64,1.63,1.6397,7974.0
SGRX,2026-10-02T09:33:00Z,1.6397,1.67,1.6301,1.67,15625.0
SGRX,2026-10-02T09:34:00Z,1.66,1.69,1.66,1.68,28272.0
SGRX,2026-10-02T09:35:00Z,1.68,1.71,1.68,1.691,64178.0
SGRX,2026-10-02T09:36:00Z,1.69,1.69,1.64,1.68,33999.0
SGRX,2026-10-02T09:37:00Z,1.68,1.6802,1.67,1.6802,7532.0
SGRX,2026-10-02T09:38:00Z,1.6802,1.69,1.65,1.67,17638.0
SGRX,2026-10-02T09:39:00Z,1.67,1.67,1.66,1.66,7276.0
SGRX,2026-10-02T09:40:00Z,1.6501,1.66,1.65,1.6501,8965.0
SGRX,2026-10-02T09:41:00Z,1.65,1.66,1.65,1.6598,5134.0
SGRX,2026-10-02T09:42:00Z,1.65,1.6599,1.65,1.65,3394.0
SGRX,2026-10-02T09:43:00Z,1.65,1.67,1.65,1.67,7142.0
SGRX,2026-10-02T09:44:00Z,1.67,1.67,1.64,1.64,13457.0
SGRX,2026-10-02T09:45:00Z,1.64,1.67,1.64,1.66,6167.0
SGRX,2026-10-02T09:46:00Z,1.6601,1.6699,1.66,1.6601,1758.0
SGRX,2026-10-02T09:47:00Z,1.6601,1.67,1.66,1.66,5847.0
SGRX,2026-10-02T09:48:00Z,1.6697,1.67,1.66,1.66,8959.0
SGRX,2026-10-02T09:49:00Z,1.66,1.67,1.66,1.67,3542.0
SGRX,2026-10-02T09:50:00Z,1.6699,1.6699,1.64,1.6533,6932.0
SGRX,2026-10-02T09:51:00Z,1.6533,1.6533,1.6201,1.63,9289.0
SGRX,2026-10-02T09:52:00Z,1.63,1.6499,1.63,1.63,7366.0
SGRX,2026-10-02T09:53:00Z,1.62,1.64,1.62,1.62,9588.0
SGRX,2026-10-02T09:54:00Z,1.64,1.64,1.62,1.63,10019.0
SGRX,2026-10-02T09:55:00Z,1.63,1.65,1.63,1.6301,6226.0
SGRX,2026-10-02T09:56:00Z,1.63,1.64,1.63,1.63,4764.0
SGRX,2026-10-02T09:57:00Z,1.63,1.6302,1.62,1.63,5343.0
SGRX,2026-10-02T09:58:00Z,1.64,1.64,1.61,1.61,13875.0
SGRX,2026-10-02T09:59:00Z,1.6101,1.62,1.61,1.6176,6026.0
SGRX,2026-10-02T10:00:00Z,1.6176,1.62,1.61,1.62,1222.0
SGRX,2026-10-02T10:01:00Z,1.61,1.6194,1.61,1.61,4925.0
SGRX,2026-10-02T10:02:00Z,1.6195,1.63,1.61,1.63,4370.0
SGRX,2026-10-02T10:03:00Z,1.63,1.63,1.62,1.63,2084.0
SGRX,2026-10-02T10:04:00Z,1.63,1.63,1.62,1.6206,1652.0
SGRX,2026-10-02T10:05:00Z,1.6206,1.63,1.62,1.63,2069.0
SGRX,2026-10-02T10:06:00Z,1.63,1.63,1.62,1.62,1321.0
SGRX,2026-10-02T10:07:00Z,1.62,1.63,1.62,1.63,3055.0
SGRX,2026-10-02T10:08:00Z,1.63,1.63,1.62,1.63,751.0
SGRX,2026-10-02T10:09:00Z,1.62,1.63,1.62,1.63,3510.0
SGRX,2026-10-02T10:10:00Z,1.62,1.63,1.62,1.63,3450.0
SGRX,2026-10-02T10:11:00Z,1.63,1.63,1.62,1.6297,454.0
SGRX,2026-10-02T10:12:00Z,1.6297,1.6392,1.62,1.6392,8914.0
SGRX,2026-10-02T10:13:00Z,1.6392,1.64,1.6297,1.6297,3128.0
SGRX,2026-10-02T10:14:00Z,1.63,1.63,1.62,1.62,1549.0
SGRX,2026-10-02T10:15:00Z,1.6299,1.63,1.62,1.6299,2975.0
SGRX,2026-10-02T10:16:00Z,1.6299,1.63,1.62,1.62,5978.0
SGRX,2026-10-02T10:17:00Z,1.6297,1.63,1.62,1.63,1362.0
SGRX,2026-10-02T10:18:00Z,1.63,1.64,1.62,1.64,4135.0
SGRX,2026-10-02T10:19:00Z,1.64,1.65,1.63,1.65,1473.0
SGRX,2026-10-02T10:20:00Z,1.6474,1.6485,1.63,1.63,2022.0
SGRX,2026-10-02T10:21:00Z,1.63,1.64,1.63,1.64,1612.0
SGRX,2026-10-02T10:22:00Z,1.64,1.65,1.63,1.65,4146.0
SGRX,2026-10-02T10:23:00Z,1.64,1.66,1.64,1.65,19645.0
SGRX,2026-10-02T10:24:00Z,1.65,1.66,1.64,1.65,8484.0
SGRX,2026-10-02T10:25:00Z,1.65,1.65,1.63,1.63,819.0
SGRX,2026-10-02T10:26:00Z,1.63,1.6495,1.62,1.63,1573.0
SGRX,2026-10-02T10:27:00Z,1.63,1.64,1.63,1.64,1219.0
SGRX,2026-10-02T10:28:00Z,1.64,1.64,1.61,1.62,7869.0
SGRX,2026-10-02T10:29:00Z,1.62,1.64,1.62,1.64,2387.0
SGRX,2026-10-02T10:30:00Z,1.64,1.65,1.6398,1.6398,4193.0
SGRX,2026-10-02T10:31:00Z,1.6398,1.6398,1.63,1.63,1743.0
SGRX,2026-10-02T10:32:00Z,1.64,1.64,1.6301,1.6301,5721.0
SGRX,2026-10-02T10:33:00Z,1.6301,1.64,1.63,1.64,3195.0
SGRX,2026-10-02T10:34:00Z,1.64,1.65,1.64,1.6401,572.0
SGRX,2026-10-02T10:35:00Z,1.6401,1.65,1.61,1.61,10122.0
SGRX,2026-10-02T10:36:00Z,1.649,1.6499,1.62,1.6499,4003.0
SGRX,2026-10-02T10:37:00Z,1.65,1.65,1.64,1.6497,2254.0
SGRX,2026-10-02T10:38:00Z,1.6497,1.6697,1.6497,1.6697,1018.0
SGRX,2026-10-02T10:39:00Z,1.6697,1.6801,1.66,1.6801,5910.0
SGRX,2026-10-02T10:40:00Z,1.6803,1.69,1.68,1.69,14572.0
SGRX,2026-10-02T10:41:00Z,1.68,1.69,1.6797,1.6797,7696.0
SGRX,2026-10-02T10:42:00Z,1.6797,1.68,1.67,1.6788,3507.0
SGRX,2026-10-02T10:43:00Z,1.67,1.6701,1.65,1.65,3161.0
SGRX,2026-10-02T10:44:00Z,1.65,1.6608,1.65,1.66,4726.0
SGRX,2026-10-02T10:45:00Z,1.66,1.66,1.65,1.6599,1676.0
SGRX,2026-10-02T10:46:00Z,1.66,1.66,1.65,1.65,2177.0
SGRX,2026-10-02T10:47:00Z,1.65,1.65,1.63,1.64,5463.0
SGRX,2026-10-02T10:48:00Z,1.64,1.6503,1.64,1.6503,3372.0
SGRX,2026-10-02T10:49:00Z,1.6503,1.66,1.65,1.65,2077.0
SGRX,2026-10-02T10:50:00Z,1.67,1.68,1.66,1.66,5713.0
SGRX,2026-10-02T10:51:00Z,1.6599,1.66,1.65,1.65,3111.0
SGRX,2026-10-02T10:52:00Z,1.65,1.66,1.65,1.65,2167.0
SGRX,2026-10-02T10:53:00Z,1.65,1.67,1.65,1.66,5810.0
SGRX,2026-10-02T10:54:00Z,1.66,1.67,1.66,1.67,1151.0
SGRX,2026-10-02T10:55:00Z,1.67,1.68,1.66,1.68,8340.0
SGRX,2026-10-02T10:56:00Z,1.68,1.69,1.67,1.67,8606.0
SGRX,2026-10-02T10:57:00Z,1.68,1.68,1.67,1.67,1938.0
SGRX,2026-10-02T10:58:00Z,1.68,1.68,1.66,1.66,4183.0
SGRX,2026-10-02T10:59:00Z,1.66,1.67,1.66,1.66,2386.0
SGRX,2026-10-02T11:00:00Z,1.67,1.67,1.65,1.65,5785.0
SGRX,2026-10-02T11:01:00Z,1.66,1.66,1.63,1.64,9759.0
SGRX,2026-10-02T11:02:00Z,1.64,1.6599,1.63,1.6402,8092.0
SGRX,2026-10-02T11:03:00Z,1.6403,1.66,1.64,1.65,5302.0
SGRX,2026-10-02T11:04:00Z,1.6499,1.68,1.64,1.6505,6804.0
SGRX,2026-10-02T11:05:00Z,1.66,1.66,1.65,1.65,1064.0
SGRX,2026-10-02T11:06:00Z,1.65,1.651,1.64,1.64,6924.0
SGRX,2026-10-02T11:07:00Z,1.64,1.65,1.64,1.6499,3986.0
SGRX,2026-10-02T11:08:00Z,1.6402,1.65,1.64,1.645,5422.0
SGRX,2026-10-02T11:09:00Z,1.645,1.65,1.64,1.645,3378.0
SGRX,2026-10-02T11:10:00Z,1.6492,1.65,1.63,1.63,3125.0
SGRX,2026-10-02T11:11:00Z,1.63,1.65,1.63,1.64,5417.0
SGRX,2026-10-02T11:12:00Z,1.64,1.64,1.63,1.6399,2960.0
SGRX,2026-10-02T11:13:00Z,1.63,1.6425,1.62,1.62,11295.0
SGRX,2026-10-02T11:14:00Z,1.62,1.63,1.62,1.62,2304.0
SGRX,2026-10-02T11:15:00Z,1.63,1.63,1.62,1.6299,3284.0
SGRX,2026-10-02T11:16:00Z,1.6299,1.63,1.62,1.62,7521.0
SGRX,2026-10-02T11:17:00Z,1.62,1.63,1.62,1.63,544.0
SGRX,2026-10-02T11:18:00Z,1.63,1.63,1.61,1.61,4257.0
SGRX,2026-10-02T11:19:00Z,1.61,1.62,1.61,1.61,4420.0
SGRX,2026-10-02T11:20:00Z,1.61,1.62,1.61,1.61,879.0
SGRX,2026-10-02T11:21:00Z,1.62,1.62,1.61,1.62,10050.0
SGRX,2026-10-02T11:22:00Z,1.62,1.62,1.62,1.62,220.0
SGRX,2026-10-02T11:23:00Z,1.62,1.63,1.62,1.62,2647.0
SGRX,2026-10-02T11:24:00Z,1.62,1.62,1.61,1.62,6459.0
SGRX,2026-10-02T11:25:00Z,1.6198,1.62,1.61,1.6197,4712.0
SGRX,2026-10-02T11:26:00Z,1.61,1.62,1.59,1.5997,24806.0
SGRX,2026-10-02T11:27:00Z,1.59,1.6,1.59,1.59,8660.0
SGRX,2026-10-02T11:28:00Z,1.5999,1.5999,1.56,1.57,35513.0
SGRX,2026-10-02T11:29:00Z,1.56,1.59,1.55,1.59,20293.0
SGRX,2026-10-02T11:30:00Z,1.59,1.6,1.5803,1.59,30381.0
SGRX,2026-10-02T11:31:00Z,1.59,1.59,1.5701,1.5798,4009.0
SGRX,2026-10-02T11:32:00Z,1.57,1.59,1.57,1.59,7158.0
SGRX,2026-10-02T11:33:00Z,1.59,1.59,1.58,1.5899,4168.0
SGRX,2026-10-02T11:34:00Z,1.59,1.6,1.5803,1.6,5259.0
SGRX,2026-10-02T11:35:00Z,1.5999,1.6,1.59,1.5999,3526.0
SGRX,2026-10-02T11:36:00Z,1.6,1.6,1.59,1.5997,3512.0
SGRX,2026-10-02T11:37:00Z,1.59,1.6,1.59,1.5902,2220.0
SGRX,2026-10-02T11:38:00Z,1.5902,1.6,1.5902,1.5998,4672.0
SGRX,2026-10-02T11:39:00Z,1.59,1.61,1.59,1.61,8546.0
SGRX,2026-10-02T11:40:00Z,1.61,1.62,1.609,1.61,16912.0
SGRX,2026-10-02T11:41:00Z,1.61,1.66,1.61,1.64,22042.0
SGRX,2026-10-02T11:42:00Z,1.65,1.67,1.62,1.64,37932.0
SGRX,2026-10-02T11:43:00Z,1.6381,1.648,1.63,1.63,6828.0
SGRX,2026-10-02T11:44:00Z,1.64,1.66,1.6311,1.6503,16537.0
SGRX,2026-10-02T11:45:00Z,1.65,1.66,1.65,1.66,11067.0
SGRX,2026-10-02T11:46:00Z,1.65,1.6503,1.6,1.63,16972.0
SGRX,2026-10-02T11:47:00Z,1.63,1.63,1.61,1.62,7877.0
SGRX,2026-10-02T11:48:00Z,1.62,1.63,1.61,1.62,2810.0
SGRX,2026-10-02T11:49:00Z,1.62,1.62,1.6,1.6,7963.0
SGRX,2026-10-02T11:50:00Z,1.6098,1.62,1.6,1.61,6843.0
SGRX,2026-10-02T11:51:00Z,1.61,1.62,1.6001,1.6101,1443.0
SGRX,2026-10-02T11:52:00Z,1.6101,1.62,1.6,1.6009,2458.0
SGRX,2026-10-02T11:53:00Z,1.6009,1.61,1.6,1.6099,4578.0
SGRX,2026-10-02T11:54:00Z,1.61,1.61,1.6,1.6,13410.0
SGRX,2026-10-02T11:55:00Z,1.6,1.6,1.59,1.59,9081.0
SGRX,2026-10-02T11:56:00Z,1.59,1.6,1.59,1.5997,2151.0
SGRX,2026-10-02T11:57:00Z,1.6,1.6,1.59,1.59,1816.0
SGRX,2026-10-02T11:58:00Z,1.59,1.6,1.59,1.59,1563.0
SGRX,2026-10-02T11:59:00Z,1.6,1.61,1.59,1.61,3150.0
SGRX,2026-10-02T12:00:00Z,1.6296,1.6298,1.61,1.61,3987.0
SGRX,2026-10-02T12:01:00Z,1.61,1.62,1.61,1.6194,5585.0
SGRX,2026-10-02T12:02:00Z,1.62,1.64,1.61,1.6303,16460.0
SGRX,2026-10-02T12:03:00Z,1.631,1.64,1.63,1.64,4042.0
SGRX,2026-10-02T12:04:00Z,1.64,1.64,1.61,1.62,11862.0
SGRX,2026-10-02T12:05:00Z,1.62,1.63,1.61,1.62,7595.0
SGRX,2026-10-02T12:06:00Z,1.62,1.63,1.62,1.62,8085.0
SGRX,2026-10-02T12:07:00Z,1.62,1.63,1.62,1.63,2585.0
SGRX,2026-10-02T12:08:00Z,1.64,1.64,1.63,1.63,9676.0
SGRX,2026-10-02T12:09:00Z,1.63,1.64,1.63,1.6301,6635.0
SGRX,2026-10-02T12:10:00Z,1.6301,1.64,1.63,1.64,5345.0
SGRX,2026-10-02T12:11:00Z,1.64,1.64,1.6301,1.6301,884.0
SGRX,2026-10-02T12:12:00Z,1.63,1.64,1.63,1.63,5805.0
SGRX,2026-10-02T12:13:00Z,1.6303,1.64,1.63,1.64,3523.0
SGRX,2026-10-02T12:14:00Z,1.64,1.64,1.63,1.63,3185.0
SGRX,2026-10-02T12:15:00Z,1.63,1.64,1.63,1.63,4693.0
SGRX,2026-10-02T12:16:00Z,1.63,1.64,1.63,1.6301,5017.0
SGRX,2026-10-02T12:17:00Z,1.6301,1.6303,1.62,1.62,6168.0
SGRX,2026-10-02T12:18:00Z,1.63,1.63,1.61,1.62,14427.0
SGRX,2026-10-02T12:19:00Z,1.62,1.63,1.62,1.62,1437.0
SGRX,2026-10-02T12:20:00Z,1.62,1.64,1.62,1.63,5539.0
SGRX,2026-10-02T12:21:00Z,1.63,1.64,1.63,1.63,8747.0
SGRX,2026-10-02T12:22:00Z,1.63,1.64,1.63,1.63,875.0
SGRX,2026-10-02T12:23:00Z,1.6398,1.6398,1.63,1.63,4505.0
SGRX,2026-10-02T12:24:00Z,1.63,1.68,1.63,1.6706,38544.0
SGRX,2026-10-02T12:25:00Z,1.6797,1.7,1.6701,1.6901,29466.0
SGRX,2026-10-02T12:26:00Z,1.6997,1.7,1.69,1.69,29610.0
SGRX,2026-10-02T12:27:00Z,1.7,1.7,1.69,1.6999,23080.0
SGRX,2026-10-02T12:28:00Z,1.6994,1.71,1.69,1.698,52044.0
SGRX,2026-10-02T12:29:00Z,1.6983,1.7,1.69,1.6903,28396.0
SGRX,2026-10-02T12:30:00Z,1.69,1.6999,1.65,1.65,49169.0
SGRX,2026-10-02T12:31:00Z,1.65,1.67,1.65,1.67,12483.0
SGRX,2026-10-02T12:32:00Z,1.66,1.67,1.66,1.66,5171.0
SGRX,2026-10-02T12:33:00Z,1.6605,1.67,1.66,1.67,6747.0
SGRX,2026-10-02T12:34:00Z,1.66,1.6698,1.655,1.6698,9703.0
SGRX,2026-10-02T12:35:00Z,1.66,1.67,1.66,1.67,8400.0
SGRX,2026-10-02T12:36:00Z,1.67,1.67,1.66,1.66,5643.0
SGRX,2026-10-02T12:37:00Z,1.67,1.67,1.66,1.6696,3330.0
SGRX,2026-10-02T12:38:00Z,1.6696,1.67,1.66,1.6603,2961.0
SGRX,2026-10-02T12:39:00Z,1.67,1.67,1.6601,1.665,12793.0
SGRX,2026-10-02T12:40:00Z,1.67,1.67,1.66,1.67,2722.0
SGRX,2026-10-02T12:41:00Z,1.6699,1.68,1.6699,1.67,4648.0
SGRX,2026-10-02T12:42:00Z,1.6798,1.73,1.67,1.72,49625.0
SGRX,2026-10-02T12:43:00Z,1.7298,1.73,1.72,1.7206,41740.0
SGRX,2026-10-02T12:44:00Z,1.7215,1.7499,1.72,1.7499,45763.0
SGRX,2026-10-02T12:45:00Z,1.75,1.75,1.71,1.73,57681.0
SGRX,2026-10-02T12:46:00Z,1.7301,1.74,1.73,1.7306,18944.0
SGRX,2026-10-02T12:47:00Z,1.7302,1.7398,1.7,1.7,24694.0
SGRX,2026-10-02T12:48:00Z,1.7099,1.7099,1.69,1.7,30995.0
SGRX,2026-10-02T12:49:00Z,1.6994,1.7,1.68,1.68,10882.0
SGRX,2026-10-02T12:50:00Z,1.68,1.69,1.68,1.6804,12151.0
SGRX,2026-10-02T12:51:00Z,1.6804,1.69,1.67,1.6701,13926.0
SGRX,2026-10-02T12:52:00Z,1.67,1.68,1.67,1.67,3119.0
SGRX,2026-10-02T12:53:00Z,1.67,1.68,1.66,1.68,20449.0
SGRX,2026-10-02T12:54:00Z,1.6701,1.7001,1.67,1.7,16474.0
SGRX,2026-10-02T12:55:00Z,1.7001,1.7004,1.69,1.69,15506.0
SGRX,2026-10-02T12:56:00Z,1.7,1.75,1.6992,1.7499,25629.0
SGRX,2026-10-02T12:57:00Z,1.74,1.8,1.74,1.7901,108642.0
SGRX,2026-10-02T12:58:00Z,1.79,1.8,1.77,1.78,105966.0
SGRX,2026-10-02T12:59:00Z,1.78,1.88,1.76,1.82,238339.0
SGRX,2026-10-02T13:00:00Z,1.81,1.83,1.78,1.8297,127491.0
SGRX,2026-10-02T13:01:00Z,1.8296,1.8298,1.75,1.8,150546.0
SGRX,2026-10-02T13:02:00Z,1.8097,1.81,1.76,1.7992,65467.0
SGRX,2026-10-02T13:03:00Z,1.8,1.8,1.77,1.77,30314.0
SGRX,2026-10-02T13:04:00Z,1.77,1.78,1.77,1.78,41094.0
SGRX,2026-10-02T13:05:00Z,1.7701,1.82,1.77,1.7994,57069.0
SGRX,2026-10-02T13:06:00Z,1.79,1.8,1.79,1.79,15738.0
SGRX,2026-10-02T13:07:00Z,1.7999,1.8,1.79,1.7903,13331.0
SGRX,2026-10-02T13:08:00Z,1.79,1.8,1.78,1.7801,34634.0
SGRX,2026-10-02T13:09:00Z,1.78,1.79,1.76,1.76,15486.0
SGRX,2026-10-02T13:10:00Z,1.77,1.77,1.76,1.7601,38265.0
SGRX,2026-10-02T13:11:00Z,1.7603,1.77,1.76,1.76,13925.0
SGRX,2026-10-02T13:12:00Z,1.7602,1.79,1.76,1.78,45101.0
SGRX,2026-10-02T13:13:00Z,1.78,1.81,1.78,1.81,40491.0
SGRX,2026-10-02T13:14:00Z,1.8118,1.82,1.79,1.7999,46829.0
SGRX,2026-10-02T13:15:00Z,1.7999,1.81,1.79,1.8,9053.0
SGRX,2026-10-02T13:16:00Z,1.8097,1.81,1.79,1.79,15993.0
SGRX,2026-10-02T13:17:00Z,1.795,1.8,1.79,1.8,7728.0
SGRX,2026-10-02T13:18:00Z,1.79,1.8,1.77,1.77,30070.0
SGRX,2026-10-02T13:19:00Z,1.77,1.78,1.77,1.7799,5642.0
SGRX,2026-10-02T13:20:00Z,1.77,1.78,1.77,1.78,23003.0
SGRX,2026-10-02T13:21:00Z,1.7785,1.78,1.77,1.7798,9335.0
SGRX,2026-10-02T13:22:00Z,1.7798,1.79,1.77,1.79,18884.0
SGRX,2026-10-02T13:23:00Z,1.7898,1.81,1.78,1.7999,35298.0
SGRX,2026-10-02T13:24:00Z,1.7999,1.82,1.7999,1.8,23073.0
SGRX,2026-10-02T13:25:00Z,1.81,1.81,1.8,1.81,17179.0
SGRX,2026-10-02T13:26:00Z,1.8001,1.81,1.8,1.8085,17266.0
SGRX,2026-10-02T13:27:00Z,1.8099,1.81,1.8,1.8,10003.0
SGRX,2026-10-02T13:28:00Z,1.8,1.81,1.78,1.7803,24499.0
SGRX,2026-10-02T13:29:00Z,1.785,1.7897,1.77,1.775,14707.0
SGRX,2026-10-02T13:30:00Z,1.78,1.78,1.77,1.77,37737.0
SGRX,2026-10-02T13:31:00Z,1.78,1.78,1.75,1.755,64901.0
SGRX,2026-10-02T13:32:00Z,1.755,1.7592,1.64,1.6892,171671.0
SGRX,2026-10-02T13:33:00Z,1.6892,1.69,1.66,1.665,51863.0
SGRX,2026-10-02T13:34:00Z,1.665,1.68,1.66,1.6692,61047.0
SGRX,2026-10-02T13:35:00Z,1.6692,1.71,1.66,1.6901,114204.0
SGRX,2026-10-02T13:36:00Z,1.7,1.73,1.68,1.69,173701.0
SGRX,2026-10-02T13:37:00Z,1.685,1.72,1.68,1.7199,50218.0
SGRX,2026-10-02T13:38:00Z,1.7101,1.72,1.71,1.7197,24580.0
SGRX,2026-10-02T13:39:00Z,1.7192,1.72,1.7001,1.7084,33696.0
SGRX,2026-10-02T13:40:00Z,1.71,1.71,1.7,1.7007,26917.0
SGRX,2026-10-02T13:41:00Z,1.705,1.71,1.69,1.69,13978.0
SGRX,2026-10-02T13:42:00Z,1.6902,1.7,1.605,1.62,130284.0
SGRX,2026-10-02T13:43:00Z,1.63,1.69,1.62,1.6701,135234.0
SGRX,2026-10-02T13:44:00Z,1.67,1.75,1.67,1.7103,89887.0
SGRX,2026-10-02T13:45:00Z,1.72,1.77,1.715,1.7503,134322.0
SGRX,2026-10-02T13:46:00Z,1.755,1.77,1.75,1.75,72885.0
SGRX,2026-10-02T13:47:00Z,1.7508,1.7592,1.68,1.685,59169.0
SGRX,2026-10-02T13:48:00Z,1.685,1.74,1.685,1.7,46771.0
SGRX,2026-10-02T13:49:00Z,1.7,1.72,1.7,1.7,29440.0
SGRX,2026-10-02T13:50:00Z,1.7,1.75,1.7,1.7008,25748.0
SGRX,2026-10-02T13:51:00Z,1.7,1.71,1.7,1.7002,23570.0
SGRX,2026-10-02T13:52:00Z,1.71,1.71,1.7,1.705,8197.0
SGRX,2026-10-02T13:53:00Z,1.7,1.71,1.69,1.7,19376.0
SGRX,2026-10-02T13:54:00Z,1.6999,1.72,1.69,1.6902,28785.0
SGRX,2026-10-02T13:55:00Z,1.71,1.71,1.7,1.71,17070.0
SGRX,2026-10-02T13:56:00Z,1.705,1.73,1.69,1.73,40618.0
SGRX,2026-10-02T13:57:00Z,1.6901,1.74,1.69,1.74,33756.0
SGRX,2026-10-02T13:58:00Z,1.73,1.81,1.72,1.8,133247.0
SGRX,2026-10-02T13:59:00Z,1.805,1.88,1.75,1.86,386695.0
SGRX,2026-10-02T14:00:00Z,1.8592,1.94,1.66,1.7,899439.0
SGRX,2026-10-02T14:01:00Z,1.7084,1.73,1.69,1.7192,168152.0
SGRX,2026-10-02T14:02:00Z,1.7199,1.7299,1.7,1.7084,90236.0
SGRX,2026-10-02T14:03:00Z,1.705,1.71,1.69,1.695,64739.0
SGRX,2026-10-02T14:04:00Z,1.69,1.7,1.69,1.69,22284.0
SGRX,2026-10-02T14:05:00Z,1.69,1.71,1.69,1.7,33227.0
SGRX,2026-10-02T14:06:00Z,1.695,1.72,1.695,1.705,44824.0
SGRX,2026-10-02T14:07:00Z,1.7,1.705,1.51,1.5401,250822.0
SGRX,2026-10-02T14:08:00Z,1.545,1.64,1.5401,1.6092,162580.0
SGRX,2026-10-02T14:09:00Z,1.6062,1.65,1.595,1.62,109651.0
SGRX,2026-10-02T14:10:00Z,1.625,1.71,1.625,1.6801,137113.0
SGRX,2026-10-02T14:11:00Z,1.685,1.73,1.67,1.685,59931.0
SGRX,2026-10-02T14:12:00Z,1.68,1.69,1.67,1.6708,28752.0
SGRX,2026-10-02T14:13:00Z,1.6784,1.7,1.67,1.6938,26799.0
SGRX,2026-10-02T14:14:00Z,1.69,1.69,1.67,1.68,11431.0
SGRX,2026-10-02T14:15:00Z,1.675,1.7,1.675,1.69,23142.0
SGRX,2026-10-02T14:16:00Z,1.6898,1.69,1.67,1.681,9782.0
SGRX,2026-10-02T14:17:00Z,1.681,1.69,1.68,1.68,7409.0
SGRX,2026-10-02T14:18:00Z,1.6801,1.69,1.68,1.68,9274.0
SGRX,2026-10-02T14:19:00Z,1.6808,1.69,1.68,1.6897,6826.0
SGRX,2026-10-02T14:20:00Z,1.6897,1.6897,1.65,1.65,17735.0
SGRX,2026-10-02T14:21:00Z,1.65,1.66,1.63,1.6402,20843.0
SGRX,2026-10-02T14:22:00Z,1.6401,1.6498,1.63,1.645,24269.0
SGRX,2026-10-02T14:23:00Z,1.6402,1.65,1.64,1.64,12565.0
SGRX,2026-10-02T14:24:00Z,1.64,1.65,1.63,1.635,27005.0
SGRX,2026-10-02T14:25:00Z,1.635,1.66,1.6308,1.6599,12123.0
SGRX,2026-10-02T14:26:00Z,1.655,1.7,1.64,1.645,33396.0
SGRX,2026-10-02T14:27:00Z,1.645,1.65,1.64,1.65,4366.0
SGRX,2026-10-02T14:28:00Z,1.64,1.6501,1.64,1.6501,9257.0
SGRX,2026-10-02T14:29:00Z,1.6501,1.66,1.64,1.64,5938.0
SGRX,2026-10-02T14:30:00Z,1.645,1.69,1.6401,1.6784,23852.0
SGRX,2026-10-02T14:31:00Z,1.6784,1.68,1.67,1.675,9932.0
SGRX,2026-10-02T14:32:00Z,1.675,1.68,1.67,1.671,5701.0
SGRX,2026-10-02T14:33:00Z,1.671,1.68,1.67,1.675,4094.0
SGRX,2026-10-02T14:34:00Z,1.67,1.67,1.65,1.655,1759.0
SGRX,2026-10-02T14:35:00Z,1.655,1.655,1.64,1.64,8441.0
SGRX,2026-10-02T14:36:00Z,1.64,1.65,1.64,1.65,4598.0
SGRX,2026-10-02T14:37:00Z,1.65,1.65,1.64,1.64,4956.0
SGRX,2026-10-02T14:38:00Z,1.64,1.65,1.64,1.64,6564.0
SGRX,2026-10-02T14:39:00Z,1.64,1.65,1.64,1.65,6509.0
SGRX,2026-10-02T14:40:00Z,1.65,1.65,1.6401,1.645,25393.0
SGRX,2026-10-02T14:41:00Z,1.645,1.6498,1.63,1.63,7524.0
SGRX,2026-10-02T14:42:00Z,1.64,1.6499,1.6301,1.64,17094.0
SGRX,2026-10-02T14:43:00Z,1.64,1.655,1.64,1.645,10852.0
SGRX,2026-10-02T14:44:00Z,1.645,1.6501,1.63,1.65,17665.0
SGRX,2026-10-02T14:45:00Z,1.65,1.65,1.635,1.64,6815.0
SGRX,2026-10-02T14:46:00Z,1.64,1.66,1.64,1.6599,15208.0
SGRX,2026-10-02T14:47:00Z,1.6599,1.66,1.65,1.6592,4554.0
SGRX,2026-10-02T14:48:00Z,1.6592,1.6592,1.64,1.645,3263.0
SGRX,2026-10-02T14:49:00Z,1.64,1.65,1.64,1.645,4055.0
SGRX,2026-10-02T14:50:00Z,1.645,1.66,1.64,1.6599,18046.0
SGRX,2026-10-02T14:51:00Z,1.66,1.67,1.65,1.6592,13154.0
SGRX,2026-10-02T14:52:00Z,1.6592,1.66,1.65,1.6592,10991.0
SGRX,2026-10-02T14:53:00Z,1.6592,1.67,1.65,1.67,7692.0
SGRX,2026-10-02T14:54:00Z,1.67,1.6798,1.665,1.67,18619.0
SGRX,2026-10-02T14:55:00Z,1.675,1.675,1.66,1.67,14891.0
SGRX,2026-10-02T14:56:00Z,1.67,1.68,1.6606,1.6701,14374.0
SGRX,2026-10-02T14:57:00Z,1.6701,1.68,1.67,1.6798,7864.0
SGRX,2026-10-02T14:58:00Z,1.6798,1.6798,1.66,1.66,6646.0
SGRX,2026-10-02T14:59:00Z,1.66,1.6692,1.655,1.6692,9248.0
SGRX,2026-10-02T15:00:00Z,1.6692,1.71,1.6692,1.7,28970.0
SGRX,2026-10-02T15:01:00Z,1.7,1.71,1.699,1.705,23918.0
SGRX,2026-10-02T15:02:00Z,1.7001,1.72,1.69,1.7094,27527.0
SGRX,2026-10-02T15:03:00Z,1.7001,1.72,1.7,1.7108,12966.0
SGRX,2026-10-02T15:04:00Z,1.71,1.7108,1.7,1.71,8706.0
SGRX,2026-10-02T15:05:00Z,1.7001,1.7099,1.7,1.7,10277.0
SGRX,2026-10-02T15:06:00Z,1.7007,1.7008,1.66,1.685,20196.0
SGRX,2026-10-02T15:07:00Z,1.685,1.7016,1.68,1.7016,4641.0
SGRX,2026-10-02T15:08:00Z,1.7016,1.7092,1.695,1.7,6402.0
SGRX,2026-10-02T15:09:00Z,1.7,1.7001,1.69,1.7001,7095.0
SGRX,2026-10-02T15:10:00Z,1.7002,1.74,1.7001,1.7351,28373.0
SGRX,2026-10-02T15:11:00Z,1.735,1.74,1.73,1.73,19534.0
SGRX,2026-10-02T15:12:00Z,1.7299,1.73,1.715,1.72,15749.0
SGRX,2026-10-02T15:13:00Z,1.73,1.73,1.72,1.725,10417.0
SGRX,2026-10-02T15:14:00Z,1.725,1.74,1.725,1.735,19376.0
SGRX,2026-10-02T15:15:00Z,1.7392,1.74,1.72,1.72,32733.0
SGRX,2026-10-02T15:16:00Z,1.72,1.72,1.68,1.705,32359.0
SGRX,2026-10-02T15:17:00Z,1.705,1.71,1.7,1.71,2980.0
SGRX,2026-10-02T15:18:00Z,1.71,1.71,1.68,1.6899,15204.0
SGRX,2026-10-02T15:19:00Z,1.6801,1.69,1.68,1.69,3889.0
SGRX,2026-10-02T15:20:00Z,1.6801,1.7098,1.6801,1.7,14310.0
SGRX,2026-10-02T15:21:00Z,1.7,1.71,1.7,1.71,2447.0
SGRX,2026-10-02T15:22:00Z,1.7,1.71,1.69,1.7,8353.0
SGRX,2026-10-02T15:23:00Z,1.6984,1.6984,1.68,1.69,4733.0
SGRX,2026-10-02T15:24:00Z,1.69,1.69,1.68,1.69,4038.0
SGRX,2026-10-02T15:25:00Z,1.6899,1.69,1.6803,1.69,3151.0
SGRX,2026-10-02T15:26:00Z,1.6898,1.6899,1.66,1.6602,18507.0
SGRX,2026-10-02T15:27:00Z,1.6692,1.67,1.65,1.655,18350.0
SGRX,2026-10-02T15:28:00Z,1.6502,1.66,1.6501,1.6501,2829.0
SGRX,2026-10-02T15:29:00Z,1.655,1.6699,1.6501,1.6699,4296.0
SGRX,2026-10-02T15:30:00Z,1.66,1.7006,1.65,1.685,44657.0
SGRX,2026-10-02T15:31:00Z,1.69,1.69,1.68,1.68,5062.0
SGRX,2026-10-02T15:32:00Z,1.68,1.6899,1.68,1.685,6163.0
SSM,2026-10-02T08:00:00Z,2.3,2.6,2.2308,2.27,56625.0
SSM,2026-10-02T08:01:00Z,2.2786,2.37,2.25,2.35,30040.0
SSM,2026-10-02T08:02:00Z,2.29,2.34,2.25,2.29,89738.0
SSM,2026-10-02T08:03:00Z,2.28,2.31,2.27,2.3003,3629.0
SSM,2026-10-02T08:04:00Z,2.31,2.33,2.3,2.3,7210.0
SSM,2026-10-02T08:05:00Z,2.3005,2.34,2.3,2.31,4129.0
SSM,2026-10-02T08:06:00Z,2.31,2.34,2.29,2.32,4714.0
SSM,2026-10-02T08:07:00Z,2.31,2.34,2.31,2.32,9063.0
SSM,2026-10-02T08:08:00Z,2.3105,2.3105,2.29,2.3,19194.0
SSM,2026-10-02T08:09:00Z,2.3101,2.36,2.3101,2.35,4049.0
SSM,2026-10-02T08:10:00Z,2.35,2.4,2.35,2.39,16742.0
SSM,2026-10-02T08:11:00Z,2.39,2.4,2.37,2.39,5887.0
SSM,2026-10-02T08:12:00Z,2.39,2.4,2.3632,2.39,3508.0
SSM,2026-10-02T08:13:00Z,2.39,2.4,2.35,2.37,3526.0
SSM,2026-10-02T08:14:00Z,2.36,2.4,2.36,2.4,3599.0
SSM,2026-10-02T08:15:00Z,2.4,2.4,2.357,2.357,2134.0
SSM,2026-10-02T08:16:00Z,2.36,2.39,2.36,2.38,1971.0
SSM,2026-10-02T08:17:00Z,2.37,2.3883,2.37,2.3883,1651.0
SSM,2026-10-02T08:18:00Z,2.37,2.38,2.37,2.3705,1902.0
SSM,2026-10-02T08:19:00Z,2.37,2.3797,2.37,2.37,3230.0
SSM,2026-10-02T08:20:00Z,2.37,2.3795,2.36,2.36,1781.0
SSM,2026-10-02T08:21:00Z,2.36,2.37,2.36,2.3605,1563.0
SSM,2026-10-02T08:22:00Z,2.36,2.37,2.36,2.37,3595.0
SSM,2026-10-02T08:23:00Z,2.37,2.37,2.34,2.3697,3446.0
SSM,2026-10-02T08:24:00Z,2.3498,2.35,2.33,2.331,2810.0
SSM,2026-10-02T08:25:00Z,2.33,2.34,2.33,2.3395,1450.0
SSM,2026-10-02T08:26:00Z,2.3395,2.35,2.3395,2.34,5192.0
SSM,2026-10-02T08:27:00Z,2.34,2.35,2.34,2.35,1495.0
SSM,2026-10-02T08:28:00Z,2.35,2.35,2.3498,2.35,2668.0
SSM,2026-10-02T08:29:00Z,2.345,2.36,2.33,2.36,9325.0
SSM,2026-10-02T08:30:00Z,2.3695,2.38,2.3695,2.38,2075.0
SSM,2026-10-02T08:31:00Z,2.38,2.46,2.38,2.459,25315.0
SSM,2026-10-02T08:32:00Z,2.4595,2.54,2.45,2.46,46885.0
SSM,2026-10-02T08:33:00Z,2.46,2.5,2.41,2.49,41483.0
SSM,2026-10-02T08:34:00Z,2.4605,2.49,2.44,2.4405,9754.0
SSM,2026-10-02T08:35:00Z,2.45,2.45,2.41,2.42,14965.0
SSM,2026-10-02T08:36:00Z,2.42,2.43,2.41,2.41,8054.0
SSM,2026-10-02T08:37:00Z,2.41,2.44,2.41,2.429,9037.0
SSM,2026-10-02T08:38:00Z,2.42,2.4745,2.41,2.43,11183.0
SSM,2026-10-02T08:39:00Z,2.46,2.46,2.4205,2.4205,2346.0
SSM,2026-10-02T08:40:00Z,2.4224,2.45,2.42,2.43,2398.0
SSM,2026-10-02T08:41:00Z,2.43,2.435,2.42,2.4305,3538.0
SSM,2026-10-02T08:42:00Z,2.4395,2.4395,2.43,2.4304,2469.0
SSM,2026-10-02T08:43:00Z,2.43,2.44,2.43,2.44,5765.0
SSM,2026-10-02T08:44:00Z,2.44,2.45,2.42,2.4205,7364.0
SSM,2026-10-02T08:45:00Z,2.42,2.43,2.42,2.42,2184.0
SSM,2026-10-02T08:46:00Z,2.42,2.43,2.42,2.43,3134.0
SSM,2026-10-02T08:47:00Z,2.43,2.4342,2.42,2.43,4869.0
SSM,2026-10-02T08:48:00Z,2.4205,2.4299,2.42,2.4205,1983.0
SSM,2026-10-02T08:49:00Z,2.41,2.4295,2.36,2.39,7411.0
SSM,2026-10-02T08:50:00Z,2.39,2.42,2.39,2.42,3434.0
SSM,2026-10-02T08:51:00Z,2.4005,2.41,2.4,2.4095,2101.0
SSM,2026-10-02T08:52:00Z,2.4,2.4101,2.4,2.41,2875.0
SSM,2026-10-02T08:53:00Z,2.4101,2.4101,2.4,2.4,762.0
SSM,2026-10-02T08:54:00Z,2.43,2.44,2.42,2.44,1664.0
SSM,2026-10-02T08:55:00Z,2.44,2.45,2.44,2.45,2720.0
SSM,2026-10-02T08:56:00Z,2.4632,2.48,2.4632,2.475,2832.0
SSM,2026-10-02T08:57:00Z,2.48,2.4895,2.45,2.45,4899.0
SSM,2026-10-02T08:58:00Z,2.45,2.46,2.43,2.44,3750.0
SSM,2026-10-02T08:59:00Z,2.44,2.44,2.43,2.43,211.0
SSM,2026-10-02T09:00:00Z,2.43,2.43,2.41,2.4204,4641.0
SSM,2026-10-02T09:01:00Z,2.4226,2.4226,2.42,2.42,852.0
SSM,2026-10-02T09:02:00Z,2.4318,2.4318,2.4,2.4,2021.0
SSM,2026-10-02T09:03:00Z,2.4,2.41,2.4,2.4004,1298.0
SSM,2026-10-02T09:04:00Z,2.4004,2.42,2.4,2.4195,2359.0
SSM,2026-10-02T09:05:00Z,2.415,2.415,2.415,2.415,275.0
SSM,2026-10-02T09:06:00Z,2.41,2.41,2.4,2.4002,6302.0
SSM,2026-10-02T09:07:00Z,2.4,2.4,2.4,2.4,3764.0
SSM,2026-10-02T09:08:00Z,2.4,2.405,2.4,2.4,1319.0
SSM,2026-10-02T09:09:00Z,2.4,2.42,2.4,2.42,7627.0
SSM,2026-10-02T09:10:00Z,2.4195,2.4195,2.41,2.41,875.0
SSM,2026-10-02T09:11:00Z,2.4,2.4005,2.4,2.4,1344.0
SSM,2026-10-02T09:12:00Z,2.4,2.41,2.385,2.385,3229.0
SSM,2026-10-02T09:13:00Z,2.385,2.3987,2.36,2.38,5031.0
SSM,2026-10-02T09:14:00Z,2.38,2.39,2.38,2.38,3501.0
SSM,2026-10-02T09:15:00Z,2.36,2.37,2.3505,2.36,4626.0
SSM,2026-10-02T09:16:00Z,2.36,2.37,2.35,2.37,1902.0
SSM,2026-10-02T09:17:00Z,2.36,2.39,2.36,2.39,2243.0
SSM,2026-10-02T09:18:00Z,2.38,2.38,2.35,2.35,3997.0
SSM,2026-10-02T09:19:00Z,2.35,2.35,2.35,2.35,897.0
SSM,2026-10-02T09:20:00Z,2.35,2.36,2.35,2.35,8232.0
SSM,2026-10-02T09:21:00Z,2.35,2.36,2.35,2.3505,1646.0
SSM,2026-10-02T09:22:00Z,2.36,2.36,2.355,2.36,1054.0
SSM,2026-10-02T09:23:00Z,2.3624,2.38,2.3624,2.3624,460.0
SSM,2026-10-02T09:24:00Z,2.39,2.4,2.3703,2.4,1382.0
SSM,2026-10-02T09:25:00Z,2.4,2.4,2.4,2.4,0.0
SSM,2026-10-02T09:26:00Z,2.4,2.41,2.4,2.41,1330.0
SSM,2026-10-02T09:27:00Z,2.41,2.41,2.4005,2.41,998.0
SSM,2026-10-02T09:28:00Z,2.41,2.42,2.4,2.4,4591.0
SSM,2026-10-02T09:29:00Z,2.4,2.4097,2.4,2.4,695.0
SSM,2026-10-02T09:30:00Z,2.4,2.4,2.4,2.4,414.0
SSM,2026-10-02T09:31:00Z,2.4,2.4,2.4,2.4,0.0
SSM,2026-10-02T09:32:00Z,2.37,2.37,2.36,2.36,2455.0
SSM,2026-10-02T09:33:00Z,2.36,2.36,2.36,2.36,150.0
SSM,2026-10-02T09:34:00Z,2.36,2.37,2.36,2.37,667.0
SSM,2026-10-02T09:35:00Z,2.37,2.38,2.37,2.37,600.0
SSM,2026-10-02T09:36:00Z,2.37,2.42,2.37,2.41,1865.0
SSM,2026-10-02T09:37:00Z,2.41,2.42,2.41,2.41,936.0
SSM,2026-10-02T09:38:00Z,2.41,2.41,2.41,2.41,800.0
SSM,2026-10-02T09:39:00Z,2.41,2.42,2.41,2.42,500.0
SSM,2026-10-02T09:40:00Z,2.42,2.42,2.3903,2.3903,509.0
SSM,2026-10-02T09:41:00Z,2.3903,2.4276,2.3903,2.4276,1059.0
SSM,2026-10-02T09:42:00Z,2.4276,2.4276,2.42,2.42,1109.0
SSM,2026-10-02T09:43:00Z,2.42,2.44,2.415,2.44,5982.0
SSM,2026-10-02T09:44:00Z,2.44,2.45,2.43,2.45,3126.0
SSM,2026-10-02T09:45:00Z,2.45,2.47,2.44,2.47,4964.0
SSM,2026-10-02T09:46:00Z,2.48,2.53,2.47,2.53,18244.0
SSM,2026-10-02T09:47:00Z,2.53,2.6795,2.53,2.66,75351.0
SSM,2026-10-02T09:48:00Z,2.66,2.79,2.65,2.77,169436.0
SSM,2026-10-02T09:49:00Z,2.78,2.785,2.59,2.6398,258488.0
SSM,2026-10-02T09:50:00Z,2.64,2.79,2.61,2.7799,176458.0
SSM,2026-10-02T09:51:00Z,2.77,2.8499,2.7,2.7405,231445.0
SSM,2026-10-02T09:52:00Z,2.75,2.79,2.7,2.7205,124975.0
SSM,2026-10-02T09:53:00Z,2.7205,2.78,2.68,2.76,91903.0
SSM,2026-10-02T09:54:00Z,2.75,2.76,2.71,2.7104,76888.0
SSM,2026-10-02T09:55:00Z,2.72,2.72,2.61,2.6205,196172.0
SSM,2026-10-02T09:56:00Z,2.63,2.63,2.48,2.5402,240439.0
SSM,2026-10-02T09:57:00Z,2.54,2.55,2.47,2.48,80407.0
SSM,2026-10-02T09:58:00Z,2.48,2.52,2.47,2.48,80265.0
SSM,2026-10-02T09:59:00Z,2.48,2.52,2.45,2.5,44936.0
SSM,2026-10-02T10:00:00Z,2.5,2.51,2.47,2.4895,43625.0
SSM,2026-10-02T10:01:00Z,2.49,2.49,2.46,2.48,26649.0
SSM,2026-10-02T10:02:00Z,2.48,2.4903,2.47,2.48,18462.0
SSM,2026-10-02T10:03:00Z,2.47,2.5,2.46,2.5,30302.0
SSM,2026-10-02T10:04:00Z,2.5,2.52,2.5,2.515,12586.0
SSM,2026-10-02T10:05:00Z,2.51,2.52,2.47,2.4895,24604.0
SSM,2026-10-02T10:06:00Z,2.49,2.54,2.49,2.5295,23834.0
SSM,2026-10-02T10:07:00Z,2.54,2.54,2.51,2.53,14262.0
SSM,2026-10-02T10:08:00Z,2.53,2.55,2.52,2.535,15300.0
SSM,2026-10-02T10:09:00Z,2.53,2.53,2.51,2.5105,22674.0
SSM,2026-10-02T10:10:00Z,2.5105,2.52,2.51,2.52,18166.0
SSM,2026-10-02T10:11:00Z,2.52,2.52,2.49,2.5,23890.0
SSM,2026-10-02T10:12:00Z,2.5,2.54,2.49,2.53,16235.0
SSM,2026-10-02T10:13:00Z,2.53,2.53,2.51,2.5105,16202.0
SSM,2026-10-02T10:14:00Z,2.5199,2.55,2.5105,2.5401,11118.0
SSM,2026-10-02T10:15:00Z,2.5401,2.58,2.535,2.54,37022.0
SSM,2026-10-02T10:16:00Z,2.54,2.54,2.5102,2.5202,11242.0
SSM,2026-10-02T10:17:00Z,2.525,2.53,2.5,2.51,34995.0
SSM,2026-10-02T10:18:00Z,2.51,2.55,2.475,2.54,24046.0
SSM,2026-10-02T10:19:00Z,2.53,2.5399,2.52,2.5299,5754.0
SSM,2026-10-02T10:20:00Z,2.52,2.55,2.52,2.55,18258.0
SSM,2026-10-02T10:21:00Z,2.55,2.57,2.55,2.55,28046.0
SSM,2026-10-02T10:22:00Z,2.56,2.56,2.55,2.5599,17873.0
SSM,2026-10-02T10:23:00Z,2.55,2.57,2.54,2.56,25232.0
SSM,2026-10-02T10:24:00Z,2.56,2.56,2.525,2.5301,27633.0
SSM,2026-10-02T10:25:00Z,2.53,2.55,2.52,2.55,33382.0
SSM,2026-10-02T10:26:00Z,2.5501,2.58,2.54,2.57,64068.0
SSM,2026-10-02T10:27:00Z,2.57,2.64,2.57,2.6,80412.0
SSM,2026-10-02T10:28:00Z,2.6,2.69,2.6,2.6695,150517.0
SSM,2026-10-02T10:29:00Z,2.67,2.69,2.65,2.67,87114.0
SSM,2026-10-02T10:30:00Z,2.67,2.68,2.56,2.5997,103847.0
SSM,2026-10-02T10:31:00Z,2.59,2.64,2.56,2.64,58591.0
SSM,2026-10-02T10:32:00Z,2.6402,2.6505,2.59,2.6504,53333.0
SSM,2026-10-02T10:33:00Z,2.6501,2.68,2.63,2.6796,62446.0
SSM,2026-10-02T10:34:00Z,2.67,2.7,2.64,2.67,45908.0
SSM,2026-10-02T10:35:00Z,2.6606,2.7,2.65,2.68,57288.0
SSM,2026-10-02T10:36:00Z,2.67,2.71,2.67,2.7,79129.0
SSM,2026-10-02T10:37:00Z,2.7,2.71,2.64,2.665,60199.0
SSM,2026-10-02T10:38:00Z,2.66,2.67,2.64,2.665,38442.0
SSM,2026-10-02T10:39:00Z,2.66,2.68,2.66,2.67,23376.0
SSM,2026-10-02T10:40:00Z,2.67,2.76,2.67,2.75,96701.0
SSM,2026-10-02T10:41:00Z,2.75,2.75,2.63,2.65,130703.0
SSM,2026-10-02T10:42:00Z,2.65,2.66,2.64,2.6495,26703.0
SSM,2026-10-02T10:43:00Z,2.64,2.65,2.61,2.64,58023.0
SSM,2026-10-02T10:44:00Z,2.66,2.66,2.62,2.6202,23003.0
SSM,2026-10-02T10:45:00Z,2.62,2.63,2.62,2.62,8490.0
SSM,2026-10-02T10:46:00Z,2.62,2.6203,2.59,2.6,42473.0
SSM,2026-10-02T10:47:00Z,2.59,2.59,2.56,2.58,43362.0
SSM,2026-10-02T10:48:00Z,2.59,2.63,2.59,2.63,24284.0
SSM,2026-10-02T10:49:00Z,2.62,2.65,2.62,2.65,14172.0
SSM,2026-10-02T10:50:00Z,2.6495,2.65,2.62,2.62,15280.0
SSM,2026-10-02T10:51:00Z,2.62,2.63,2.6095,2.6095,5045.0
SSM,2026-10-02T10:52:00Z,2.6,2.61,2.59,2.59,8363.0
SSM,2026-10-02T10:53:00Z,2.59,2.59,2.57,2.5802,22077.0
SSM,2026-10-02T10:54:00Z,2.58,2.6,2.58,2.6,4027.0
SSM,2026-10-02T10:55:00Z,2.5902,2.5902,2.53,2.5301,28043.0
SSM,2026-10-02T10:56:00Z,2.53,2.57,2.53,2.55,10608.0
SSM,2026-10-02T10:57:00Z,2.55,2.559,2.54,2.54,10640.0
SSM,2026-10-02T10:58:00Z,2.5395,2.54,2.49,2.5198,56446.0
SSM,2026-10-02T10:59:00Z,2.52,2.55,2.5,2.5404,39682.0
SSM,2026-10-02T11:00:00Z,2.54,2.58,2.51,2.52,86318.0
SSM,2026-10-02T11:01:00Z,2.5195,2.5205,2.49,2.5205,33233.0
SSM,2026-10-02T11:02:00Z,2.5302,2.67,2.53,2.61,94872.0
SSM,2026-10-02T11:03:00Z,2.6188,2.66,2.6,2.66,81904.0
SSM,2026-10-02T11:04:00Z,2.66,2.68,2.63,2.65,107199.0
SSM,2026-10-02T11:05:00Z,2.66,2.68,2.65,2.65,43891.0
SSM,2026-10-02T11:06:00Z,2.65,2.66,2.64,2.64,36748.0
SSM,2026-10-02T11:07:00Z,2.63,2.6498,2.62,2.6204,44464.0
SSM,2026-10-02T11:08:00Z,2.62,2.67,2.61,2.6497,36394.0
SSM,2026-10-02T11:09:00Z,2.64,2.67,2.64,2.6687,25549.0
SSM,2026-10-02T11:10:00Z,2.6699,2.68,2.6502,2.66,40863.0
SSM,2026-10-02T11:11:00Z,2.6605,2.68,2.6,2.61,80654.0
SSM,2026-10-02T11:12:00Z,2.6105,2.64,2.61,2.63,26100.0
SSM,2026-10-02T11:13:00Z,2.63,2.64,2.62,2.6213,11579.0
SSM,2026-10-02T11:14:00Z,2.63,2.6404,2.62,2.6404,6561.0
SSM,2026-10-02T11:15:00Z,2.65,2.69,2.63,2.64,47185.0
SSM,2026-10-02T11:16:00Z,2.64,2.6497,2.62,2.6205,11769.0
SSM,2026-10-02T11:17:00Z,2.6205,2.64,2.62,2.62,18261.0
SSM,2026-10-02T11:18:00Z,2.61,2.6199,2.6,2.6,12752.0
SSM,2026-10-02T11:19:00Z,2.6,2.6199,2.6,2.61,4838.0
SSM,2026-10-02T11:20:00Z,2.61,2.62,2.61,2.61,12908.0
SSM,2026-10-02T11:21:00Z,2.61,2.62,2.61,2.6195,12708.0
SSM,2026-10-02T11:22:00Z,2.6195,2.62,2.6,2.6,9548.0
SSM,2026-10-02T11:23:00Z,2.6,2.63,2.6,2.63,22301.0
SSM,2026-10-02T11:24:00Z,2.63,2.6399,2.62,2.6299,10387.0
SSM,2026-10-02T11:25:00Z,2.6299,2.6299,2.6,2.6096,8381.0
SSM,2026-10-02T11:26:00Z,2.6096,2.61,2.6,2.6005,6812.0
SSM,2026-10-02T11:27:00Z,2.6005,2.61,2.6,2.6,6197.0
SSM,2026-10-02T11:28:00Z,2.6,2.61,2.555,2.6095,61056.0
SSM,2026-10-02T11:29:00Z,2.6095,2.6095,2.59,2.5903,8986.0
SSM,2026-10-02T11:30:00Z,2.5905,2.6,2.56,2.6,19552.0
SSM,2026-10-02T11:31:00Z,2.6,2.61,2.59,2.595,10226.0
SSM,2026-10-02T11:32:00Z,2.595,2.61,2.59,2.6,7267.0
SSM,2026-10-02T11:33:00Z,2.61,2.61,2.6,2.61,5443.0
SSM,2026-10-02T11:34:00Z,2.61,2.69,2.61,2.6895,112651.0
SSM,2026-10-02T11:35:00Z,2.68,2.86,2.66,2.78,236017.0
SSM,2026-10-02T11:36:00Z,2.7798,2.81,2.72,2.76,295071.0
SSM,2026-10-02T11:37:00Z,2.75,2.85,2.73,2.85,392952.0
SSM,2026-10-02T11:38:00Z,2.8498,2.88,2.72,2.7598,529634.0
SSM,2026-10-02T11:39:00Z,2.7598,2.77,2.5203,2.5802,457755.0
SSM,2026-10-02T11:40:00Z,2.58,2.59,2.47,2.55,424558.0
SSM,2026-10-02T11:41:00Z,2.5405,2.57,2.52,2.56,94188.0
SSM,2026-10-02T11:42:00Z,2.57,2.58,2.54,2.5502,94527.0
SSM,2026-10-02T11:43:00Z,2.55,2.5685,2.48,2.4996,114203.0
SSM,2026-10-02T11:44:00Z,2.5,2.52,2.49,2.52,47780.0
SSM,2026-10-02T11:45:00Z,2.52,2.56,2.52,2.56,37500.0
SSM,2026-10-02T11:46:00Z,2.56,2.59,2.54,2.56,54537.0
SSM,2026-10-02T11:47:00Z,2.5503,2.57,2.49,2.5015,79774.0
SSM,2026-10-02T11:48:00Z,2.5,2.52,2.45,2.45,93369.0
SSM,2026-10-02T11:49:00Z,2.4505,2.4701,2.37,2.37,121211.0
SSM,2026-10-02T11:50:00Z,2.3799,2.42,2.35,2.41,98311.0
SSM,2026-10-02T11:51:00Z,2.42,2.4398,2.4,2.4305,49534.0
SSM,2026-10-02T11:52:00Z,2.4395,2.45,2.41,2.4495,43690.0
SSM,2026-10-02T11:53:00Z,2.45,2.45,2.4301,2.45,38455.0
SSM,2026-10-02T11:54:00Z,2.44,2.45,2.43,2.43,20803.0
SSM,2026-10-02T11:55:00Z,2.43,2.45,2.42,2.4305,27388.0
SSM,2026-10-02T11:56:00Z,2.43,2.44,2.42,2.42,27132.0
SSM,2026-10-02T11:57:00Z,2.41,2.43,2.4,2.43,23901.0
SSM,2026-10-02T11:58:00Z,2.42,2.43,2.41,2.41,10297.0
SSM,2026-10-02T11:59:00Z,2.42,2.42,2.4,2.4005,17391.0
SSM,2026-10-02T12:00:00Z,2.4002,2.4297,2.4,2.4,16830.0
SSM,2026-10-02T12:01:00Z,2.41,2.42,2.4,2.4006,9543.0
SSM,2026-10-02T12:02:00Z,2.41,2.43,2.4,2.43,14928.0
SSM,2026-10-02T12:03:00Z,2.4205,2.44,2.42,2.4305,11484.0
SSM,2026-10-02T12:04:00Z,2.4399,2.44,2.42,2.4206,13986.0
SSM,2026-10-02T12:05:00Z,2.4206,2.43,2.4105,2.4205,18683.0
SSM,2026-10-02T12:06:00Z,2.4295,2.43,2.4198,2.4205,10651.0
SSM,2026-10-02T12:07:00Z,2.4205,2.44,2.42,2.44,27221.0
SSM,2026-10-02T12:08:00Z,2.43,2.44,2.42,2.42,14500.0
SSM,2026-10-02T12:09:00Z,2.43,2.44,2.43,2.43,4380.0
SSM,2026-10-02T12:10:00Z,2.44,2.48,2.43,2.46,58558.0
SSM,2026-10-02T12:11:00Z,2.46,2.48,2.46,2.46,20719.0
SSM,2026-10-02T12:12:00Z,2.4699,2.48,2.4699,2.4705,28132.0
SSM,2026-10-02T12:13:00Z,2.479,2.48,2.45,2.45,28386.0
SSM,2026-10-02T12:14:00Z,2.455,2.47,2.455,2.46,30138.0
SSM,2026-10-02T12:15:00Z,2.4594,2.46,2.43,2.4405,20358.0
SSM,2026-10-02T12:16:00Z,2.45,2.45,2.44,2.4496,8374.0
SSM,2026-10-02T12:17:00Z,2.442,2.45,2.43,2.43,12568.0
SSM,2026-10-02T12:18:00Z,2.44,2.44,2.425,2.4399,7393.0
SSM,2026-10-02T12:19:00Z,2.435,2.45,2.4305,2.4404,7237.0
SSM,2026-10-02T12:20:00Z,2.44,2.45,2.43,2.43,15169.0
SSM,2026-10-02T12:21:00Z,2.43,2.44,2.41,2.44,28629.0
SSM,2026-10-02T12:22:00Z,2.44,2.44,2.43,2.43,7600.0
SSM,2026-10-02T12:23:00Z,2.43,2.44,2.42,2.4398,14498.0
SSM,2026-10-02T12:24:00Z,2.4303,2.44,2.42,2.44,11188.0
SSM,2026-10-02T12:25:00Z,2.43,2.44,2.42,2.43,7522.0
SSM,2026-10-02T12:26:00Z,2.43,2.43,2.42,2.42,4750.0
SSM,2026-10-02T12:27:00Z,2.42,2.4201,2.37,2.38,44510.0
SSM,2026-10-02T12:28:00Z,2.37,2.39,2.35,2.39,52579.0
SSM,2026-10-02T12:29:00Z,2.3898,2.4,2.3898,2.4,5328.0
SSM,2026-10-02T12:30:00Z,2.41,2.41,2.4,2.405,38158.0
SSM,2026-10-02T12:31:00Z,2.405,2.41,2.38,2.38,21150.0
SSM,2026-10-02T12:32:00Z,2.3803,2.4,2.36,2.3795,41176.0
SSM,2026-10-02T12:33:00Z,2.3701,2.43,2.37,2.42,27967.0
SSM,2026-10-02T12:34:00Z,2.43,2.44,2.39,2.4,40054.0
SSM,2026-10-02T12:35:00Z,2.4,2.43,2.3905,2.43,30381.0
SSM,2026-10-02T12:36:00Z,2.4294,2.43,2.37,2.37,36005.0
SSM,2026-10-02T12:37:00Z,2.37,2.4,2.37,2.39,19902.0
SSM,2026-10-02T12:38:00Z,2.4,2.41,2.39,2.3997,6561.0
SSM,2026-10-02T12:39:00Z,2.3997,2.41,2.37,2.4,8923.0
SSM,2026-10-02T12:40:00Z,2.4,2.41,2.3795,2.41,14928.0
SSM,2026-10-02T12:41:00Z,2.41,2.43,2.4,2.42,27222.0
SSM,2026-10-02T12:42:00Z,2.42,2.43,2.41,2.42,5230.0
SSM,2026-10-02T12:43:00Z,2.42,2.42,2.41,2.42,7271.0
SSM,2026-10-02T12:44:00Z,2.42,2.43,2.415,2.43,14987.0
SSM,2026-10-02T12:45:00Z,2.43,2.44,2.42,2.43,17475.0
SSM,2026-10-02T12:46:00Z,2.43,2.44,2.4,2.44,19493.0
SSM,2026-10-02T12:47:00Z,2.4305,2.44,2.4,2.4096,10335.0
SSM,2026-10-02T12:48:00Z,2.4002,2.44,2.4,2.44,21438.0
SSM,2026-10-02T12:49:00Z,2.44,2.44,2.4,2.42,35290.0
SSM,2026-10-02T12:50:00Z,2.42,2.43,2.4,2.43,23778.0
SSM,2026-10-02T12:51:00Z,2.43,2.43,2.4,2.42,7897.0
SSM,2026-10-02T12:52:00Z,2.42,2.43,2.41,2.4205,6827.0
SSM,2026-10-02T12:53:00Z,2.4205,2.44,2.4205,2.44,18527.0
SSM,2026-10-02T12:54:00Z,2.44,2.45,2.43,2.45,18691.0
SSM,2026-10-02T12:55:00Z,2.44,2.47,2.41,2.43,35248.0
SSM,2026-10-02T12:56:00Z,2.43,2.46,2.43,2.455,43705.0
SSM,2026-10-02T12:57:00Z,2.455,2.46,2.41,2.42,24971.0
SSM,2026-10-02T12:58:00Z,2.42,2.43,2.4,2.43,27702.0
SSM,2026-10-02T12:59:00Z,2.43,2.43,2.4,2.42,13345.0
SSM,2026-10-02T13:00:00Z,2.42,2.4205,2.39,2.3997,15351.0
SSM,2026-10-02T13:01:00Z,2.3915,2.43,2.39,2.41,6944.0
SSM,2026-10-02T13:02:00Z,2.41,2.43,2.41,2.43,5183.0
SSM,2026-10-02T13:03:00Z,2.43,2.43,2.42,2.42,4478.0
SSM,2026-10-02T13:04:00Z,2.42,2.42,2.4,2.405,7780.0
SSM,2026-10-02T13:05:00Z,2.405,2.41,2.4,2.41,4379.0
SSM,2026-10-02T13:06:00Z,2.41,2.41,2.4,2.4001,4086.0
SSM,2026-10-02T13:07:00Z,2.4002,2.41,2.39,2.4,27732.0
SSM,2026-10-02T13:08:00Z,2.39,2.39,2.37,2.3799,15804.0
SSM,2026-10-02T13:09:00Z,2.38,2.38,2.37,2.37,11846.0
SSM,2026-10-02T13:10:00Z,2.38,2.4,2.38,2.3986,7377.0
SSM,2026-10-02T13:11:00Z,2.3986,2.3986,2.39,2.39,7502.0
SSM,2026-10-02T13:12:00Z,2.39,2.39,2.38,2.38,3931.0
SSM,2026-10-02T13:13:00Z,2.3714,2.3714,2.35,2.35,28772.0
SSM,2026-10-02T13:14:00Z,2.36,2.3702,2.345,2.37,19238.0
SSM,2026-10-02T13:15:00Z,2.37,2.38,2.37,2.38,15317.0
SSM,2026-10-02T13:16:00Z,2.38,2.4102,2.38,2.4087,13364.0
SSM,2026-10-02T13:17:00Z,2.41,2.41,2.39,2.3991,9396.0
SSM,2026-10-02T13:18:00Z,2.3903,2.4,2.38,2.385,13765.0
SSM,2026-10-02T13:19:00Z,2.3899,2.41,2.38,2.38,23502.0
SSM,2026-10-02T13:20:00Z,2.39,2.39,2.37,2.39,8911.0
SSM,2026-10-02T13:21:00Z,2.39,2.3997,2.39,2.3995,2842.0
SSM,2026-10-02T13:22:00Z,2.3995,2.3995,2.37,2.38,5235.0
SSM,2026-10-02T13:23:00Z,2.38,2.38,2.36,2.38,18220.0
SSM,2026-10-02T13:24:00Z,2.3705,2.38,2.37,2.37,3852.0
SSM,2026-10-02T13:25:00Z,2.39,2.41,2.38,2.41,34891.0
SSM,2026-10-02T13:26:00Z,2.41,2.42,2.4,2.4,4901.0
SSM,2026-10-02T13:27:00Z,2.3999,2.4,2.3501,2.38,29668.0
SSM,2026-10-02T13:28:00Z,2.39,2.42,2.28,2.29,78732.0
SSM,2026-10-02T13:29:00Z,2.29,2.295,2.25,2.295,76102.0
SSM,2026-10-02T13:30:00Z,2.31,2.355,2.28,2.315,112866.0
SSM,2026-10-02T13:31:00Z,2.31,2.315,2.11,2.15,274752.0
SSM,2026-10-02T13:32:00Z,2.16,2.17,2.13,2.16,106291.0
SSM,2026-10-02T13:33:00Z,2.16,2.18,2.14,2.175,32610.0
SSM,2026-10-02T13:34:00Z,2.1783,2.23,2.14,2.1983,143602.0
SSM,2026-10-02T13:35:00Z,2.195,2.25,2.19,2.238,69962.0
SSM,2026-10-02T13:36:00Z,2.235,2.52,2.229,2.375,234402.0
SSM,2026-10-02T13:37:00Z,2.37,2.4,2.33,2.35,112644.0
SSM,2026-10-02T13:38:00Z,2.355,2.355,2.285,2.3003,86633.0
SSM,2026-10-02T13:39:00Z,2.305,2.305,2.29,2.295,16292.0
SSM,2026-10-02T13:40:00Z,2.295,2.3,2.27,2.2799,37272.0
SSM,2026-10-02T13:41:00Z,2.2715,2.3102,2.24,2.26,36368.0
SSM,2026-10-02T13:42:00Z,2.25,2.28,2.25,2.25,22962.0
SSM,2026-10-02T13:43:00Z,2.25,2.38,2.25,2.37,125777.0
SSM,2026-10-02T13:44:00Z,2.36,2.39,2.32,2.375,47084.0
SSM,2026-10-02T13:45:00Z,2.3799,2.43,2.3799,2.395,76191.0
SSM,2026-10-02T13:46:00Z,2.39,2.3981,2.37,2.37,73072.0
SSM,2026-10-02T13:47:00Z,2.3703,2.42,2.37,2.375,40890.0
SSM,2026-10-02T13:48:00Z,2.375,2.375,2.32,2.335,48524.0
SSM,2026-10-02T13:49:00Z,2.3409,2.36,2.33,2.3599,13184.0
SSM,2026-10-02T13:50:00Z,2.35,2.36,2.33,2.332,7062.0
SSM,2026-10-02T13:51:00Z,2.34,2.35,2.3,2.32,33593.0
SSM,2026-10-02T13:52:00Z,2.31,2.33,2.3,2.33,18260.0
SSM,2026-10-02T13:53:00Z,2.3201,2.33,2.31,2.33,10496.0
SSM,2026-10-02T13:54:00Z,2.325,2.33,2.3,2.3004,20174.0
SSM,2026-10-02T13:55:00Z,2.3,2.34,2.3,2.31,39367.0
SSM,2026-10-02T13:56:00Z,2.311,2.33,2.3101,2.32,11439.0
SSM,2026-10-02T13:57:00Z,2.32,2.39,2.3107,2.3887,83130.0
SSM,2026-10-02T13:58:00Z,2.39,2.48,2.3899,2.46,118347.0
SSM,2026-10-02T13:59:00Z,2.455,2.455,2.42,2.43,58490.0
SSM,2026-10-02T14:00:00Z,2.43,2.44,2.41,2.42,46223.0
SSM,2026-10-02T14:01:00Z,2.4101,2.48,2.41,2.4601,91838.0
SSM,2026-10-02T14:02:00Z,2.4683,2.48,2.44,2.465,60533.0
SSM,2026-10-02T14:03:00Z,2.46,2.46,2.41,2.435,28944.0
SSM,2026-10-02T14:04:00Z,2.44,2.45,2.37,2.4,45448.0
SSM,2026-10-02T14:05:00Z,2.41,2.4202,2.38,2.41,16983.0
SSM,2026-10-02T14:06:00Z,2.4201,2.43,2.41,2.42,19478.0
SSM,2026-10-02T14:07:00Z,2.43,2.43,2.39,2.3901,19313.0
SSM,2026-10-02T14:08:00Z,2.3901,2.48,2.39,2.47,73040.0
SSM,2026-10-02T14:09:00Z,2.4703,2.54,2.4384,2.4384,169130.0
SSM,2026-10-02T14:10:00Z,2.435,2.4699,2.43,2.44,51957.0
SSM,2026-10-02T14:11:00Z,2.441,2.49,2.38,2.4601,64229.0
SSM,2026-10-02T14:12:00Z,2.469,2.47,2.398,2.4636,45355.0
SSM,2026-10-02T14:13:00Z,2.46,2.7199,2.445,2.6,328133.0
SSM,2026-10-02T14:14:00Z,2.6009,2.655,2.56,2.6539,159732.0
SSM,2026-10-02T14:15:00Z,2.65,2.7,2.53,2.5992,216104.0
SSM,2026-10-02T14:16:00Z,2.5983,2.74,2.5701,2.7,286134.0
SSM,2026-10-02T14:17:00Z,2.7,2.72,2.52,2.5849,356612.0
SSM,2026-10-02T14:18:00Z,2.589,2.61,2.52,2.54,86085.0
SSM,2026-10-02T14:19:00Z,2.5401,2.5499,2.5,2.525,67098.0
SSM,2026-10-02T14:20:00Z,2.525,2.62,2.525,2.5801,131891.0
SSM,2026-10-02T14:21:00Z,2.585,2.62,2.56,2.5699,97804.0
SSM,2026-10-02T14:22:00Z,2.5603,2.5882,2.53,2.5401,71058.0
SSM,2026-10-02T14:23:00Z,2.54,2.58,2.54,2.5611,53157.0
SSM,2026-10-02T14:24:00Z,2.5698,2.64,2.55,2.6301,87723.0
SSM,2026-10-02T14:25:00Z,2.6361,2.65,2.6,2.61,82938.0
SSM,2026-10-02T14:26:00Z,2.6,2.61,2.53,2.56,92812.0
SSM,2026-10-02T14:27:00Z,2.55,2.57,2.55,2.565,15686.0
SSM,2026-10-02T14:28:00Z,2.565,2.57,2.56,2.57,27015.0
SSM,2026-10-02T14:29:00Z,2.575,2.6203,2.57,2.591,23288.0
SSM,2026-10-02T14:30:00Z,2.5999,2.62,2.59,2.61,32588.0
SSM,2026-10-02T14:31:00Z,2.6001,2.61,2.57,2.575,42668.0
SSM,2026-10-02T14:32:00Z,2.5702,2.579,2.54,2.551,46099.0
SSM,2026-10-02T14:33:00Z,2.551,2.56,2.54,2.55,35444.0
SSM,2026-10-02T14:34:00Z,2.54,2.57,2.52,2.565,37593.0
SSM,2026-10-02T14:35:00Z,2.56,2.58,2.55,2.55,16073.0
SSM,2026-10-02T14:36:00Z,2.555,2.5698,2.555,2.56,6719.0
SSM,2026-10-02T14:37:00Z,2.5545,2.56,2.53,2.535,20697.0
SSM,2026-10-02T14:38:00Z,2.5334,2.535,2.5,2.5154,78284.0
SSM,2026-10-02T14:39:00Z,2.51,2.52,2.51,2.52,14534.0
SSM,2026-10-02T14:40:00Z,2.52,2.53,2.47,2.5201,58828.0
SSM,2026-10-02T14:41:00Z,2.51,2.51,2.45,2.462,78044.0
SSM,2026-10-02T14:42:00Z,2.4603,2.47,2.45,2.4599,23854.0
SSM,2026-10-02T14:43:00Z,2.46,2.48,2.46,2.47,26443.0
SSM,2026-10-02T14:44:00Z,2.4796,2.48,2.4642,2.47,12915.0
SSM,2026-10-02T14:45:00Z,2.48,2.48,2.46,2.47,10211.0
SSM,2026-10-02T14:46:00Z,2.4698,2.47,2.41,2.41,50508.0
SSM,2026-10-02T14:47:00Z,2.42,2.4201,2.4,2.415,39326.0
SSM,2026-10-02T14:48:00Z,2.42,2.42,2.33,2.3703,105780.0
SSM,2026-10-02T14:49:00Z,2.3701,2.39,2.33,2.3615,94103.0
SSM,2026-10-02T14:50:00Z,2.37,2.415,2.37,2.41,31578.0
SSM,2026-10-02T14:51:00Z,2.41,2.42,2.39,2.39,16660.0
SSM,2026-10-02T14:52:00Z,2.3903,2.398,2.37,2.3763,15445.0
SSM,2026-10-02T14:53:00Z,2.37,2.39,2.36,2.375,39932.0
SSM,2026-10-02T14:54:00Z,2.37,2.41,2.37,2.41,8648.0
SSM,2026-10-02T14:55:00Z,2.41,2.4129,2.381,2.3958,5200.0
SSM,2026-10-02T14:56:00Z,2.3821,2.39,2.37,2.3801,6500.0
SSM,2026-10-02T14:57:00Z,2.39,2.4,2.3899,2.3999,5956.0
SSM,2026-10-02T14:58:00Z,2.3999,2.3999,2.35,2.35,29415.0
SSM,2026-10-02T14:59:00Z,2.36,2.3699,2.35,2.36,22934.0
SSM,2026-10-02T15:00:00Z,2.36,2.37,2.35,2.36,6136.0
SSM,2026-10-02T15:01:00Z,2.36,2.37,2.35,2.3601,7337.0
SSM,2026-10-02T15:02:00Z,2.3601,2.3799,2.36,2.3699,14622.0
SSM,2026-10-02T15:03:00Z,2.365,2.37,2.36,2.365,4546.0
SSM,2026-10-02T15:04:00Z,2.36,2.37,2.36,2.37,8668.0
SSM,2026-10-02T15:05:00Z,2.36,2.37,2.36,2.36,12141.0
SSM,2026-10-02T15:06:00Z,2.36,2.365,2.3501,2.3501,4161.0
SSM,2026-10-02T15:07:00Z,2.36,2.36,2.35,2.3599,5989.0
SSM,2026-10-02T15:08:00Z,2.3599,2.3599,2.35,2.35,3696.0
SSM,2026-10-02T15:09:00Z,2.355,2.36,2.35,2.355,3544.0
SSM,2026-10-02T15:10:00Z,2.355,2.41,2.355,2.4094,68290.0
SSM,2026-10-02T15:11:00Z,2.4,2.42,2.375,2.38,22135.0
SSM,2026-10-02T15:12:00Z,2.389,2.3893,2.37,2.3701,4411.0
SSM,2026-10-02T15:13:00Z,2.3701,2.41,2.37,2.405,10934.0
SSM,2026-10-02T15:14:00Z,2.405,2.43,2.4,2.43,25104.0
SSM,2026-10-02T15:15:00Z,2.4299,2.44,2.4,2.43,36016.0
SSM,2026-10-02T15:16:00Z,2.41,2.41,2.37,2.3792,21427.0
SSM,2026-10-02T15:17:00Z,2.375,2.375,2.3601,2.37,3700.0
SSM,2026-10-02T15:18:00Z,2.37,2.375,2.365,2.375,3412.0
SSM,2026-10-02T15:19:00Z,2.37,2.375,2.32,2.34,30738.0
SSM,2026-10-02T15:20:00Z,2.3399,2.37,2.32,2.37,32721.0
SSM,2026-10-02T15:21:00Z,2.3691,2.39,2.36,2.3884,10892.0
SSM,2026-10-02T15:22:00Z,2.3884,2.39,2.38,2.3802,5649.0
SSM,2026-10-02T15:23:00Z,2.3802,2.3802,2.37,2.37,5678.0
SSM,2026-10-02T15:24:00Z,2.37,2.38,2.37,2.38,3220.0
SSM,2026-10-02T15:25:00Z,2.38,2.38,2.3603,2.37,1154.0
SSM,2026-10-02T15:26:00Z,2.37,2.37,2.36,2.36,5612.0
SSM,2026-10-02T15:27:00Z,2.35,2.3899,2.34,2.37,11016.0
SSM,2026-10-02T15:28:00Z,2.36,2.37,2.36,2.36,3452.0
SSM,2026-10-02T15:29:00Z,2.36,2.37,2.36,2.369,1500.0
SSM,2026-10-02T15:30:00Z,2.36,2.38,2.36,2.375,28265.0
SSM,2026-10-02T15:31:00Z,2.375,2.4,2.375,2.3901,9182.0
SSM,2026-10-02T15:32:00Z,2.4,2.4,2.3801,2.39,9899.0
