symbol,ts,open,high,low,close,volume
BMM,2026-09-14T09:21:00Z,5.58,5.58,5.47,5.47,1300.0
BMM,2026-09-14T09:22:00Z,5.47,5.47,5.47,5.47,0.0
BMM,2026-09-14T09:23:00Z,5.47,5.47,5.47,5.47,0.0
BMM,2026-09-14T09:24:00Z,5.47,5.47,5.47,5.47,0.0
BMM,2026-09-14T09:25:00Z,5.47,5.47,5.47,5.47,0.0
BMM,2026-09-14T09:26:00Z,5.54,5.59,5.54,5.59,675.0
BMM,2026-09-14T09:27:00Z,5.64,5.64,5.64,5.64,300.0
BMM,2026-09-14T09:28:00Z,5.64,5.64,5.64,5.64,0.0
BMM,2026-09-14T09:29:00Z,5.64,5.64,5.64,5.64,0.0
BMM,2026-09-14T09:30:00Z,5.64,5.64,5.64,5.64,0.0
BMM,2026-09-14T09:31:00Z,5.67,5.67,5.67,5.67,200.0
BMM,2026-09-14T09:32:00Z,5.75,5.75,5.74,5.74,933.0
BMM,2026-09-14T09:33:00Z,5.74,5.74,5.74,5.74,100.0
BMM,2026-09-14T09:34:00Z,5.74,5.74,5.74,5.74,0.0
BMM,2026-09-14T09:35:00Z,5.74,5.74,5.74,5.74,0.0
BMM,2026-09-14T09:36:00Z,5.96,5.96,5.96,5.96,300.0
BMM,2026-09-14T09:37:00Z,5.96,5.96,5.96,5.96,0.0
BMM,2026-09-14T09:38:00Z,6.0,6.0,6.0,6.0,1000.0
BMM,2026-09-14T09:39:00Z,5.69,5.69,5.69,5.69,301.0
BMM,2026-09-14T09:40:00Z,5.88,6.25,5.88,6.25,400.0
BMM,2026-09-14T09:41:00Z,6.0,6.25,5.86,6.18,559.0
BMM,2026-09-14T09:42:00Z,6.08,6.11,6.07,6.11,1858.0
BMM,2026-09-14T09:43:00Z,6.24,6.24,6.23,6.23,621.0
BMM,2026-09-14T09:44:00Z,6.18,6.19,6.09,6.09,3531.0
BMM,2026-09-14T09:45:00Z,5.94,5.94,5.94,5.94,227.0
BMM,2026-09-14T09:46:00Z,5.94,5.94,5.62,5.7,1698.0
BMM,2026-09-14T09:47:00Z,5.87,5.87,5.87,5.87,100.0
BMM,2026-09-14T09:48:00Z,5.81,5.81,5.81,5.81,134.0
BMM,2026-09-14T09:49:00Z,5.81,5.81,5.81,5.81,0.0
BMM,2026-09-14T09:50:00Z,5.81,5.81,5.81,5.81,0.0
BMM,2026-09-14T09:51:00Z,5.87,5.87,5.87,5.87,138.0
BMM,2026-09-14T09:52:00Z,6.03,6.04,6.03,6.04,638.0
BMM,2026-09-14T09:53:00Z,6.02,6.02,6.02,6.02,200.0
BMM,2026-09-14T09:54:00Z,6.02,6.02,6.02,6.02,0.0
BMM,2026-09-14T09:55:00Z,5.96,5.96,5.96,5.96,101.0
BMM,2026-09-14T09:56:00Z,5.96,5.96,5.96,5.96,0.0
BMM,2026-09-14T09:57:00Z,5.96,6.04,5.96,6.04,625.0
BMM,2026-09-14T09:58:00Z,6.04,6.09,6.04,6.09,375.0
BMM,2026-09-14T09:59:00Z,6.09,6.09,6.09,6.09,0.0
BMM,2026-09-14T10:00:00Z,6.09,6.09,6.06,6.06,245.0
BMM,2026-09-14T10:01:00Z,6.06,6.07,6.06,6.06,0.0
BMM,2026-09-14T10:02:00Z,6.06,6.07,6.06,6.06,0.0
BMM,2026-09-14T10:03:00Z,6.06,6.07,6.06,6.06,0.0
BMM,2026-09-14T10:04:00Z,6.06,6.07,6.05,6.05,500.0
BMM,2026-09-14T10:05:00Z,6.05,6.05,6.05,6.05,0.0
BMM,2026-09-14T10:06:00Z,6.05,6.05,6.05,6.05,0.0
BMM,2026-09-14T10:07:00Z,6.05,6.06,6.04,6.04,467.0
BMM,2026-09-14T10:08:00Z,6.04,6.05,6.04,6.04,0.0
BMM,2026-09-14T10:09:00Z,6.04,6.05,6.04,6.04,112.0
BMM,2026-09-14T10:10:00Z,6.05,6.07,6.05,6.07,1300.0
BMM,2026-09-14T10:11:00Z,6.07,6.07,6.07,6.07,0.0
BMM,2026-09-14T10:12:00Z,6.07,6.07,5.89,5.89,245.0
BMM,2026-09-14T10:13:00Z,5.89,6.09,5.89,6.09,1985.0
BMM,2026-09-14T10:14:00Z,6.14,6.14,6.1,6.14,1540.0
BMM,2026-09-14T10:15:00Z,6.15,6.19,6.1,6.19,1492.0
BMM,2026-09-14T10:16:00Z,6.19,6.39,6.18,6.3,7902.0
BMM,2026-09-14T10:17:00Z,6.3,6.31,6.23,6.24,3598.0
BMM,2026-09-14T10:18:00Z,6.24,6.24,6.21,6.24,3126.0
BMM,2026-09-14T10:19:00Z,6.24,6.24,6.22,6.22,200.0
BMM,2026-09-14T10:20:00Z,6.23,6.24,6.21,6.23,1433.0
BMM,2026-09-14T10:21:00Z,6.23,6.24,6.23,6.23,1946.0
BMM,2026-09-14T10:22:00Z,6.24,6.24,6.22,6.24,1177.0
BMM,2026-09-14T10:23:00Z,6.24,6.24,6.23,6.23,1888.0
BMM,2026-09-14T10:24:00Z,6.23,6.24,6.0,6.2,4191.0
BMM,2026-09-14T10:25:00Z,6.2,6.2,6.07,6.15,438.0
BMM,2026-09-14T10:26:00Z,6.15,6.15,6.14,6.15,0.0
BMM,2026-09-14T10:27:00Z,6.15,6.15,6.14,6.15,0.0
BMM,2026-09-14T10:28:00Z,6.16,6.16,6.16,6.16,440.0
BMM,2026-09-14T10:29:00Z,6.14,6.15,6.14,6.14,1388.0
BMM,2026-09-14T10:30:00Z,6.14,6.14,5.96,6.04,1102.0
BMM,2026-09-14T10:31:00Z,6.04,6.07,6.01,6.01,307.0
BMM,2026-09-14T10:32:00Z,6.01,6.01,6.01,6.01,0.0
BMM,2026-09-14T10:33:00Z,6.01,6.08,6.01,6.07,344.0
BMM,2026-09-14T10:34:00Z,6.07,6.29,6.07,6.28,2285.0
BMM,2026-09-14T10:35:00Z,6.28,6.38,6.28,6.38,108.0
BMM,2026-09-14T10:36:00Z,6.31,6.39,6.28,6.29,1883.0
BMM,2026-09-14T10:37:00Z,6.29,6.29,6.27,6.28,319.0
BMM,2026-09-14T10:38:00Z,6.28,6.28,6.28,6.28,0.0
BMM,2026-09-14T10:39:00Z,6.28,6.28,6.28,6.28,0.0
BMM,2026-09-14T10:40:00Z,6.28,6.28,6.27,6.28,200.0
BMM,2026-09-14T10:41:00Z,6.28,6.28,6.27,6.27,1000.0
BMM,2026-09-14T10:42:00Z,6.27,6.27,6.24,6.24,1146.0
BMM,2026-09-14T10:43:00Z,6.24,6.24,6.2,6.2,138.0
BMM,2026-09-14T10:44:00Z,6.2,6.2,6.2,6.2,100.0
BMM,2026-09-14T10:45:00Z,6.2,6.2,6.2,6.2,0.0
BMM,2026-09-14T10:46:00Z,6.2,6.2,6.2,6.2,0.0
BMM,2026-09-14T10:47:00Z,6.2,6.2,6.2,6.2,0.0
BMM,2026-09-14T10:48:00Z,6.2,6.22,6.2,6.22,480.0
BMM,2026-09-14T10:49:00Z,6.22,6.22,6.22,6.22,0.0
BMM,2026-09-14T10:50:00Z,6.22,6.34,6.21,6.34,1878.0
BMM,2026-09-14T10:51:00Z,6.34,6.39,6.34,6.38,1220.0
BMM,2026-09-14T10:52:00Z,6.38,6.44,6.38,6.42,1555.0
BMM,2026-09-14T10:53:00Z,6.42,6.44,6.42,6.44,1297.0
BMM,2026-09-14T10:54:00Z,6.44,6.44,6.38,6.38,520.0
BMM,2026-09-14T10:55:00Z,6.38,6.39,6.37,6.38,972.0
BMM,2026-09-14T10:56:00Z,6.38,6.44,6.38,6.44,1188.0
BMM,2026-09-14T10:57:00Z,6.44,6.46,6.44,6.44,412.0
BMM,2026-09-14T10:58:00Z,6.44,6.52,6.44,6.52,673.0
BMM,2026-09-14T10:59:00Z,6.52,6.52,6.42,6.49,776.0
BMM,2026-09-14T11:00:00Z,6.5,6.6,6.43,6.46,11263.0
BMM,2026-09-14T11:01:00Z,6.46,6.67,6.43,6.57,3030.0
BMM,2026-09-14T11:02:00Z,6.57,6.68,6.57,6.61,6890.0
BMM,2026-09-14T11:03:00Z,6.59,6.59,6.53,6.54,2748.0
BMM,2026-09-14T11:04:00Z,6.54,6.54,6.5,6.51,5522.0
BMM,2026-09-14T11:05:00Z,6.51,6.53,6.5,6.53,4525.0
BMM,2026-09-14T11:06:00Z,6.53,6.53,6.5,6.5,4134.0
BMM,2026-09-14T11:07:00Z,6.5,6.53,6.5,6.51,1097.0
BMM,2026-09-14T11:08:00Z,6.51,6.57,6.51,6.55,4307.0
BMM,2026-09-14T11:09:00Z,6.55,6.55,6.53,6.53,1239.0
BMM,2026-09-14T11:10:00Z,6.53,6.55,6.5,6.5,3683.0
BMM,2026-09-14T11:11:00Z,6.5,6.53,6.5,6.53,2172.0
BMM,2026-09-14T11:12:00Z,6.51,6.62,6.51,6.62,1583.0
BMM,2026-09-14T11:13:00Z,6.62,6.66,6.57,6.66,4394.0
BMM,2026-09-14T11:14:00Z,6.68,6.68,6.63,6.65,4917.0
BMM,2026-09-14T11:15:00Z,6.65,6.65,6.51,6.6,3788.0
BMM,2026-09-14T11:16:00Z,6.6,6.66,6.58,6.63,4893.0
BMM,2026-09-14T11:17:00Z,6.63,6.63,6.61,6.62,1308.0
BMM,2026-09-14T11:18:00Z,6.6,6.64,6.6,6.62,2300.0
BMM,2026-09-14T11:19:00Z,6.62,6.64,6.62,6.64,1302.0
BMM,2026-09-14T11:20:00Z,6.64,6.64,6.61,6.61,1316.0
BMM,2026-09-14T11:21:00Z,6.61,6.64,6.61,6.64,2447.0
BMM,2026-09-14T11:22:00Z,6.65,6.69,6.63,6.68,6741.0
BMM,2026-09-14T11:23:00Z,6.68,6.69,6.61,6.61,5167.0
BMM,2026-09-14T11:24:00Z,6.61,6.62,6.54,6.55,3611.0
BMM,2026-09-14T11:25:00Z,6.55,6.58,6.5,6.5,6896.0
BMM,2026-09-14T11:26:00Z,6.5,6.52,6.5,6.51,5227.0
BMM,2026-09-14T11:27:00Z,6.53,6.53,6.53,6.53,100.0
BMM,2026-09-14T11:28:00Z,6.53,6.53,6.5,6.5,1253.0
BMM,2026-09-14T11:29:00Z,6.5,6.51,6.5,6.5,364.0
BMM,2026-09-14T11:30:00Z,6.5,6.51,6.5,6.5,3138.0
BMM,2026-09-14T11:31:00Z,6.5,6.54,6.5,6.53,2148.0
BMM,2026-09-14T11:32:00Z,6.53,6.53,6.5,6.51,220.0
BMM,2026-09-14T11:33:00Z,6.51,6.52,6.5,6.5,1351.0
BMM,2026-09-14T11:34:00Z,6.5,6.5,6.5,6.5,1430.0
BMM,2026-09-14T11:35:00Z,6.5,6.51,6.5,6.51,1169.0
BMM,2026-09-14T11:36:00Z,6.51,6.51,6.5,6.51,613.0
BMM,2026-09-14T11:37:00Z,6.51,6.53,6.51,6.52,3711.0
BMM,2026-09-14T11:38:00Z,6.54,6.56,6.54,6.56,1292.0
BMM,2026-09-14T11:39:00Z,6.56,6.56,6.52,6.55,4821.0
BMM,2026-09-14T11:40:00Z,6.55,6.58,6.53,6.58,1668.0
BMM,2026-09-14T11:41:00Z,6.58,6.58,6.54,6.54,1580.0
BMM,2026-09-14T11:42:00Z,6.54,6.55,6.54,6.55,2473.0
BMM,2026-09-14T11:43:00Z,6.55,6.55,6.55,6.55,0.0
BMM,2026-09-14T11:44:00Z,6.55,6.57,6.54,6.57,1100.0
BMM,2026-09-14T11:45:00Z,6.57,6.57,6.57,6.57,0.0
BMM,2026-09-14T11:46:00Z,6.58,6.58,6.51,6.51,642.0
BMM,2026-09-14T11:47:00Z,6.51,6.54,6.51,6.54,450.0
BMM,2026-09-14T11:48:00Z,6.54,6.57,6.54,6.55,4099.0
BMM,2026-09-14T11:49:00Z,6.55,6.55,6.52,6.52,123.0
BMM,2026-09-14T11:50:00Z,6.52,6.56,6.52,6.55,4225.0
BMM,2026-09-14T11:51:00Z,6.55,6.55,6.55,6.55,500.0
BMM,2026-09-14T11:52:00Z,6.55,6.6,6.55,6.6,2603.0
BMM,2026-09-14T11:53:00Z,6.6,6.6,6.6,6.6,590.0
BMM,2026-09-14T11:54:00Z,6.56,6.59,6.56,6.59,639.0
BMM,2026-09-14T11:55:00Z,6.59,6.59,6.58,6.58,3511.0
BMM,2026-09-14T11:56:00Z,6.58,6.58,6.57,6.57,500.0
BMM,2026-09-14T11:57:00Z,6.56,6.63,6.56,6.63,3056.0
BMM,2026-09-14T11:58:00Z,6.63,6.63,6.61,6.61,13048.0
BMM,2026-09-14T11:59:00Z,6.61,6.62,6.61,6.62,2602.0
BMM,2026-09-14T12:00:00Z,6.62,6.62,6.61,6.62,737.0
BMM,2026-09-14T12:01:00Z,6.62,6.68,6.61,6.67,4825.0
BMM,2026-09-14T12:02:00Z,6.67,6.67,6.61,6.61,1703.0
BMM,2026-09-14T12:03:00Z,6.61,6.61,6.58,6.59,700.0
BMM,2026-09-14T12:04:00Z,6.58,6.59,6.58,6.59,809.0
BMM,2026-09-14T12:05:00Z,6.59,6.6,6.59,6.59,446.0
BMM,2026-09-14T12:06:00Z,6.59,6.6,6.59,6.59,3389.0
BMM,2026-09-14T12:07:00Z,6.59,6.59,6.57,6.57,200.0
BMM,2026-09-14T12:08:00Z,6.57,6.57,6.54,6.54,1853.0
BMM,2026-09-14T12:09:00Z,6.54,6.6,6.54,6.6,1372.0
BMM,2026-09-14T12:10:00Z,6.6,6.6,6.5,6.5,9828.0
BMM,2026-09-14T12:11:00Z,6.5,6.51,6.47,6.47,1190.0
BMM,2026-09-14T12:12:00Z,6.48,6.48,6.48,6.48,494.0
BMM,2026-09-14T12:13:00Z,6.48,6.48,6.48,6.48,0.0
BMM,2026-09-14T12:14:00Z,6.48,6.5,6.48,6.49,483.0
BMM,2026-09-14T12:15:00Z,6.49,6.54,6.49,6.54,344.0
BMM,2026-09-14T12:16:00Z,6.54,6.54,6.48,6.49,1420.0
BMM,2026-09-14T12:17:00Z,6.49,6.49,6.3,6.3,12792.0
BMM,2026-09-14T12:18:00Z,6.3,6.37,6.26,6.37,2253.0
BMM,2026-09-14T12:19:00Z,6.37,6.39,6.36,6.39,521.0
BMM,2026-09-14T12:20:00Z,6.39,6.4,6.36,6.36,417.0
BMM,2026-09-14T12:21:00Z,6.36,6.37,6.36,6.37,104.0
BMM,2026-09-14T12:22:00Z,6.45,6.45,6.35,6.35,860.0
BMM,2026-09-14T12:23:00Z,6.35,6.35,6.34,6.35,1552.0
BMM,2026-09-14T12:24:00Z,6.35,6.35,6.35,6.35,0.0
BMM,2026-09-14T12:25:00Z,6.35,6.38,6.35,6.38,100.0
BMM,2026-09-14T12:26:00Z,6.38,6.38,6.37,6.37,2500.0
BMM,2026-09-14T12:27:00Z,6.38,6.38,6.38,6.38,500.0
BMM,2026-09-14T12:28:00Z,6.32,6.36,6.3,6.36,5062.0
BMM,2026-09-14T12:29:00Z,6.36,6.36,6.31,6.31,200.0
BMM,2026-09-14T12:30:00Z,6.31,6.32,6.31,6.32,200.0
BMM,2026-09-14T12:31:00Z,6.32,6.32,6.3,6.3,3023.0
BMM,2026-09-14T12:32:00Z,6.27,6.27,6.25,6.25,2874.0
BMM,2026-09-14T12:33:00Z,6.25,6.26,6.25,6.25,1431.0
BMM,2026-09-14T12:34:00Z,6.25,6.25,6.23,6.25,588.0
BMM,2026-09-14T12:35:00Z,6.25,6.25,6.24,6.24,285.0
BMM,2026-09-14T12:36:00Z,6.24,6.24,6.24,6.24,1937.0
BMM,2026-09-14T12:37:00Z,6.24,6.24,6.24,6.24,1000.0
BMM,2026-09-14T12:38:00Z,6.24,6.25,6.24,6.25,1312.0
BMM,2026-09-14T12:39:00Z,6.25,6.25,6.25,6.25,500.0
BMM,2026-09-14T12:40:00Z,6.25,6.26,6.25,6.25,2196.0
BMM,2026-09-14T12:41:00Z,6.29,6.29,6.25,6.25,1577.0
BMM,2026-09-14T12:42:00Z,6.25,6.25,6.25,6.25,0.0
BMM,2026-09-14T12:43:00Z,6.25,6.28,6.25,6.28,150.0
BMM,2026-09-14T12:44:00Z,6.28,6.39,6.28,6.39,119.0
BMM,2026-09-14T12:45:00Z,6.39,6.39,6.39,6.39,0.0
BMM,2026-09-14T12:46:00Z,6.39,6.39,6.25,6.27,900.0
BMM,2026-09-14T12:47:00Z,6.27,6.27,6.27,6.27,100.0
BMM,2026-09-14T12:48:00Z,6.27,6.29,6.26,6.29,771.0
BMM,2026-09-14T12:49:00Z,6.29,6.29,6.29,6.29,0.0
BMM,2026-09-14T12:50:00Z,6.29,6.29,6.29,6.29,0.0
BMM,2026-09-14T12:51:00Z,6.29,6.29,6.29,6.29,0.0
BMM,2026-09-14T12:52:00Z,6.29,6.29,6.29,6.29,0.0
BMM,2026-09-14T12:53:00Z,6.29,6.32,6.29,6.32,500.0
BMM,2026-09-14T12:54:00Z,6.32,6.32,6.32,6.32,348.0
BMM,2026-09-14T12:55:00Z,6.32,6.32,6.32,6.32,0.0
BMM,2026-09-14T12:56:00Z,6.32,6.32,6.32,6.32,0.0
BMM,2026-09-14T12:57:00Z,6.32,6.32,6.29,6.29,757.0
BMM,2026-09-14T12:58:00Z,6.29,6.3,6.29,6.3,100.0
BMM,2026-09-14T12:59:00Z,6.3,6.3,6.3,6.3,0.0
BMM,2026-09-14T13:00:00Z,6.3,6.3,6.28,6.3,3100.0
BMM,2026-09-14T13:01:00Z,6.3,6.3,6.3,6.3,0.0
BMM,2026-09-14T13:02:00Z,6.3,6.32,6.29,6.32,2460.0
BMM,2026-09-14T13:03:00Z,6.32,6.37,6.32,6.37,5119.0
BMM,2026-09-14T13:04:00Z,6.37,6.39,6.36,6.39,1600.0
BMM,2026-09-14T13:05:00Z,6.39,6.42,6.39,6.4,3824.0
BMM,2026-09-14T13:06:00Z,6.4,6.42,6.4,6.4,1620.0
BMM,2026-09-14T13:07:00Z,6.4,6.42,6.39,6.41,1729.0
BMM,2026-09-14T13:08:00Z,6.41,6.41,6.41,6.41,0.0
BMM,2026-09-14T13:09:00Z,6.41,6.42,6.4,6.41,5854.0
BMM,2026-09-14T13:10:00Z,6.41,6.41,6.4,6.4,3840.0
BMM,2026-09-14T13:11:00Z,6.4,6.4,6.4,6.4,400.0
BMM,2026-09-14T13:12:00Z,6.4,6.4,6.4,6.4,0.0
BMM,2026-09-14T13:13:00Z,6.4,6.41,6.4,6.4,9054.0
BMM,2026-09-14T13:14:00Z,6.4,6.49,6.4,6.48,1218.0
BMM,2026-09-14T13:15:00Z,6.48,6.53,6.48,6.5,3057.0
BMM,2026-09-14T13:16:00Z,6.53,6.53,6.5,6.5,620.0
BMM,2026-09-14T13:17:00Z,6.5,6.53,6.5,6.53,5000.0
BMM,2026-09-14T13:18:00Z,6.52,6.55,6.49,6.49,6852.0
BMM,2026-09-14T13:19:00Z,6.49,6.53,6.49,6.53,120.0
BMM,2026-09-14T13:20:00Z,6.54,6.56,6.54,6.55,323.0
BMM,2026-09-14T13:21:00Z,6.55,6.61,6.55,6.61,1725.0
BMM,2026-09-14T13:22:00Z,6.6,6.64,6.6,6.6,15398.0
BMM,2026-09-14T13:23:00Z,6.62,6.62,6.6,6.62,8520.0
BMM,2026-09-14T13:24:00Z,6.6,6.61,6.6,6.6,1494.0
BMM,2026-09-14T13:25:00Z,6.6,6.61,6.6,6.6,300.0
BMM,2026-09-14T13:26:00Z,6.6,6.7,6.6,6.68,7546.0
BMM,2026-09-14T13:27:00Z,6.68,6.69,6.67,6.68,5035.0
BMM,2026-09-14T13:28:00Z,6.58,6.65,6.53,6.54,8059.0
BMM,2026-09-14T13:29:00Z,6.54,6.63,6.52,6.63,4508.0
BMM,2026-09-14T13:30:00Z,6.56,6.65,6.41,6.48,52125.0
BMM,2026-09-14T13:31:00Z,6.48,6.62,6.45,6.6,20444.0
BMM,2026-09-14T13:32:00Z,6.6,6.74,6.5,6.55,54648.0
BMM,2026-09-14T13:33:00Z,6.54,6.65,6.47,6.55,24999.0
BMM,2026-09-14T13:34:00Z,6.48,6.54,6.33,6.38,33427.0
BMM,2026-09-14T13:35:00Z,6.35,6.42,6.28,6.35,15418.0
BMM,2026-09-14T13:36:00Z,6.4,6.4,6.25,6.34,20160.0
BMM,2026-09-14T13:37:00Z,6.36,6.43,6.33,6.43,34334.0
BMM,2026-09-14T13:38:00Z,6.43,6.45,6.25,6.25,13260.0
BMM,2026-09-14T13:39:00Z,6.31,6.32,6.17,6.27,35709.0
BMM,2026-09-14T13:40:00Z,6.27,6.35,6.24,6.33,13289.0
BMM,2026-09-14T13:41:00Z,6.31,6.35,6.25,6.26,14602.0
BMM,2026-09-14T13:42:00Z,6.32,6.35,6.26,6.3,13893.0
BMM,2026-09-14T13:43:00Z,6.34,6.35,6.24,6.33,11481.0
BMM,2026-09-14T13:44:00Z,6.32,6.32,6.16,6.16,10657.0
BMM,2026-09-14T13:45:00Z,6.16,6.19,6.14,6.17,6477.0
BMM,2026-09-14T13:46:00Z,6.15,6.26,6.15,6.19,10706.0
BMM,2026-09-14T13:47:00Z,6.19,6.24,6.19,6.19,1598.0
BMM,2026-09-14T13:48:00Z,6.19,6.19,6.13,6.15,1546.0
BMM,2026-09-14T13:49:00Z,6.16,6.17,6.06,6.09,11699.0
BMM,2026-09-14T13:50:00Z,6.1,6.1,5.97,6.08,17665.0
BMM,2026-09-14T13:51:00Z,6.08,6.08,5.98,5.99,9564.0
BMM,2026-09-14T13:52:00Z,5.99,6.03,5.97,6.0,7370.0
BMM,2026-09-14T13:53:00Z,5.97,6.03,5.97,6.01,5416.0
BMM,2026-09-14T13:54:00Z,6.01,6.06,6.01,6.06,3444.0
BMM,2026-09-14T13:55:00Z,6.02,6.02,5.91,5.98,8879.0
BMM,2026-09-14T13:56:00Z,5.97,5.98,5.93,5.93,6992.0
BMM,2026-09-14T13:57:00Z,5.93,5.94,5.91,5.94,9810.0
BMM,2026-09-14T13:58:00Z,5.92,5.94,5.92,5.92,4022.0
BMM,2026-09-14T13:59:00Z,5.92,5.95,5.92,5.92,1636.0
BMM,2026-09-14T14:00:00Z,5.92,5.94,5.91,5.92,5481.0
BMM,2026-09-14T14:01:00Z,5.94,5.95,5.92,5.92,5211.0
BMM,2026-09-14T14:02:00Z,5.92,5.94,5.91,5.92,3550.0
BMM,2026-09-14T14:03:00Z,5.92,5.93,5.9,5.93,11866.0
BMM,2026-09-14T14:04:00Z,5.92,5.94,5.85,5.88,10420.0
BMM,2026-09-14T14:05:00Z,5.85,5.88,5.85,5.87,13400.0
BMM,2026-09-14T14:06:00Z,5.86,5.88,5.83,5.84,6826.0
BMM,2026-09-14T14:07:00Z,5.84,5.88,5.82,5.86,9423.0
BMM,2026-09-14T14:08:00Z,5.86,5.94,5.83,5.91,38432.0
BMM,2026-09-14T14:09:00Z,5.93,6.03,5.93,6.0,44374.0
BMM,2026-09-14T14:10:00Z,6.02,6.11,6.0,6.11,17618.0
BMM,2026-09-14T14:11:00Z,6.11,6.17,6.08,6.1,11234.0
BMM,2026-09-14T14:12:00Z,6.12,6.15,6.08,6.09,16925.0
BMM,2026-09-14T14:13:00Z,6.09,6.09,6.08,6.09,2150.0
BMM,2026-09-14T14:14:00Z,6.09,6.12,6.08,6.12,6562.0
BMM,2026-09-14T14:15:00Z,6.1,6.15,6.09,6.14,4297.0
BMM,2026-09-14T14:16:00Z,6.14,6.17,6.11,6.12,5153.0
BMM,2026-09-14T14:17:00Z,6.12,6.18,6.12,6.18,8442.0
BMM,2026-09-14T14:18:00Z,6.13,6.13,6.03,6.03,24332.0
BMM,2026-09-14T14:19:00Z,6.03,6.07,6.03,6.06,2319.0
BMM,2026-09-14T14:20:00Z,6.06,6.1,6.01,6.04,1964.0
BMM,2026-09-14T14:21:00Z,6.04,6.04,6.02,6.02,500.0
BMM,2026-09-14T14:22:00Z,6.02,6.05,6.02,6.04,800.0
BMM,2026-09-14T14:23:00Z,6.04,6.04,6.02,6.03,1601.0
BMM,2026-09-14T14:24:00Z,6.03,6.03,5.97,6.0,14484.0
BMM,2026-09-14T14:25:00Z,6.0,6.01,6.0,6.01,400.0
BMM,2026-09-14T14:26:00Z,6.01,6.02,6.0,6.01,3911.0
BMM,2026-09-14T14:27:00Z,6.01,6.03,6.01,6.03,3500.0
BMM,2026-09-14T14:28:00Z,6.03,6.06,6.03,6.05,5159.0
BMM,2026-09-14T14:29:00Z,6.05,6.08,6.05,6.08,593.0
BMM,2026-09-14T14:30:00Z,6.09,6.17,6.09,6.13,12293.0
BMM,2026-09-14T14:31:00Z,6.15,6.16,6.15,6.16,5170.0
BMM,2026-09-14T14:32:00Z,6.16,6.18,6.12,6.15,3398.0
BMM,2026-09-14T14:33:00Z,6.16,6.17,6.16,6.16,3650.0
BMM,2026-09-14T14:34:00Z,6.16,6.17,6.15,6.15,3867.0
BMM,2026-09-14T14:35:00Z,6.16,6.18,6.15,6.15,12738.0
BMM,2026-09-14T14:36:00Z,6.14,6.15,6.12,6.13,14504.0
BMM,2026-09-14T14:37:00Z,6.13,6.13,6.13,6.13,218.0
BMM,2026-09-14T14:38:00Z,6.13,6.16,6.12,6.13,1515.0
BMM,2026-09-14T14:39:00Z,6.14,6.15,6.12,6.12,1154.0
BMM,2026-09-14T14:40:00Z,6.12,6.14,6.11,6.14,6668.0
BMM,2026-09-14T14:41:00Z,6.14,6.19,6.13,6.18,21014.0
BMM,2026-09-14T14:42:00Z,6.18,6.19,6.14,6.14,7305.0
BMM,2026-09-14T14:43:00Z,6.14,6.2,6.14,6.18,6559.0
BMM,2026-09-14T14:44:00Z,6.19,6.25,6.18,6.25,11788.0
BMM,2026-09-14T14:45:00Z,6.26,6.26,6.23,6.24,10566.0
BMM,2026-09-14T14:46:00Z,6.24,6.25,6.18,6.2,5871.0
BMM,2026-09-14T14:47:00Z,6.2,6.21,6.18,6.19,6055.0
BMM,2026-09-14T14:48:00Z,6.21,6.22,6.16,6.19,5500.0
BMM,2026-09-14T14:49:00Z,6.15,6.17,6.15,6.17,770.0
BMM,2026-09-14T14:50:00Z,6.17,6.17,6.14,6.14,3322.0
BMM,2026-09-14T14:51:00Z,6.14,6.15,6.13,6.15,1087.0
BMM,2026-09-14T14:52:00Z,6.14,6.15,6.13,6.13,2200.0
BMM,2026-09-14T14:53:00Z,6.13,6.14,6.13,6.13,545.0
BMM,2026-09-14T14:54:00Z,6.13,6.13,6.13,6.13,100.0
BMM,2026-09-14T14:55:00Z,6.13,6.15,6.13,6.14,700.0
BMM,2026-09-14T14:56:00Z,6.15,6.15,6.15,6.15,300.0
BMM,2026-09-14T14:57:00Z,6.15,6.18,6.13,6.13,2226.0
BMM,2026-09-14T14:58:00Z,6.14,6.19,6.14,6.18,1427.0
BMM,2026-09-14T14:59:00Z,6.17,6.17,6.13,6.13,1300.0
BMM,2026-09-14T15:00:00Z,6.13,6.13,6.11,6.13,1904.0
BMM,2026-09-14T15:01:00Z,6.13,6.16,6.12,6.16,8144.0
BMM,2026-09-14T15:02:00Z,6.17,6.17,6.15,6.15,2146.0
BMM,2026-09-14T15:03:00Z,6.15,6.15,6.13,6.14,3656.0
BMM,2026-09-14T15:04:00Z,6.15,6.15,6.13,6.14,600.0
BMM,2026-09-14T15:05:00Z,6.14,6.17,6.14,6.16,1195.0
BMM,2026-09-14T15:06:00Z,6.17,6.17,6.14,6.15,2777.0
BMM,2026-09-14T15:07:00Z,6.15,6.18,6.14,6.15,978.0
BMM,2026-09-14T15:08:00Z,6.15,6.15,6.13,6.13,525.0
BMM,2026-09-14T15:09:00Z,6.13,6.14,6.12,6.12,7599.0
BMM,2026-09-14T15:10:00Z,6.12,6.13,6.12,6.13,1863.0
BMM,2026-09-14T15:11:00Z,6.13,6.14,6.12,6.13,1800.0
BMM,2026-09-14T15:12:00Z,6.13,6.13,6.06,6.08,4048.0
BMM,2026-09-14T15:13:00Z,6.08,6.1,6.08,6.08,1100.0
BMM,2026-09-14T15:14:00Z,6.07,6.07,6.06,6.06,1300.0
BMM,2026-09-14T15:15:00Z,6.06,6.09,6.02,6.09,19876.0
BMM,2026-09-14T15:16:00Z,6.09,6.11,6.08,6.1,5006.0
BMM,2026-09-14T15:17:00Z,6.09,6.16,6.09,6.14,7767.0
BMM,2026-09-14T15:18:00Z,6.14,6.15,6.13,6.15,7440.0
BMM,2026-09-14T15:19:00Z,6.15,6.15,6.13,6.15,662.0
BMM,2026-09-14T15:20:00Z,6.13,6.13,6.12,6.12,1563.0
BMM,2026-09-14T15:21:00Z,6.14,6.14,6.09,6.09,10000.0
BMM,2026-09-14T15:22:00Z,6.09,6.11,6.05,6.06,6829.0
BMM,2026-09-14T15:23:00Z,6.06,6.06,6.06,6.06,0.0
BMM,2026-09-14T15:24:00Z,6.06,6.1,6.06,6.1,350.0
BMM,2026-09-14T15:25:00Z,6.1,6.1,6.1,6.1,0.0
BMM,2026-09-14T15:26:00Z,6.1,6.12,6.1,6.1,1000.0
BMM,2026-09-14T15:27:00Z,6.1,6.12,6.1,6.11,1300.0
BMM,2026-09-14T15:28:00Z,6.11,6.13,6.09,6.09,10100.0
BMM,2026-09-14T15:29:00Z,6.09,6.09,6.05,6.07,6995.0
BMM,2026-09-14T15:30:00Z,6.07,6.07,6.03,6.04,1958.0
BMM,2026-09-14T15:31:00Z,6.04,6.04,6.02,6.02,6937.0
BNC,2026-09-14T08:00:00Z,5.28,5.42,5.08,5.31,17464.0
BNC,2026-09-14T08:01:00Z,5.28,5.41,4.9,5.24,13524.0
BNC,2026-09-14T08:02:00Z,5.22,5.25,5.22,5.25,552.0
BNC,2026-09-14T08:03:00Z,4.88,5.41,4.84,5.25,53791.0
BNC,2026-09-14T08:04:00Z,5.34,5.38,5.2,5.2552,32992.0
BNC,2026-09-14T08:05:00Z,5.25,5.25,5.25,5.25,378.0
BNC,2026-09-14T08:06:00Z,5.25,5.27,5.25,5.27,5914.0
BNC,2026-09-14T08:07:00Z,5.25,5.27,5.25,5.27,5350.0
BNC,2026-09-14T08:08:00Z,5.25,5.25,5.25,5.25,658.0
BNC,2026-09-14T08:09:00Z,5.26,5.26,5.26,5.26,1040.0
BNC,2026-09-14T08:10:00Z,5.2794,5.3,5.26,5.26,5620.0
BNC,2026-09-14T08:11:00Z,5.28,5.3,5.28,5.3,5174.0
BNC,2026-09-14T08:12:00Z,5.29,5.3,5.29,5.29,5827.0
BNC,2026-09-14T08:13:00Z,5.3115,5.37,5.3115,5.37,12528.0
BNC,2026-09-14T08:14:00Z,5.37,5.37,5.37,5.37,1190.0
BNC,2026-09-14T08:15:00Z,5.38,5.38,5.35,5.35,3506.0
BNC,2026-09-14T08:16:00Z,5.341,5.341,5.32,5.3245,5993.0
BNC,2026-09-14T08:17:00Z,5.3245,5.3245,5.3245,5.3245,0.0
BNC,2026-09-14T08:18:00Z,5.34,5.34,5.34,5.34,350.0
BNC,2026-09-14T08:19:00Z,5.32,5.32,5.3,5.3,6900.0
BNC,2026-09-14T08:20:00Z,5.32,5.32,5.32,5.32,1000.0
BNC,2026-09-14T08:21:00Z,5.3,5.3,5.3,5.3,400.0
BNC,2026-09-14T08:22:00Z,5.29,5.3,5.2755,5.2755,2345.0
BNC,2026-09-14T08:23:00Z,5.2755,5.2755,5.2755,5.2755,0.0
BNC,2026-09-14T08:24:00Z,5.28,5.28,5.28,5.28,200.0
BNC,2026-09-14T08:25:00Z,5.26,5.26,5.26,5.26,100.0
BNC,2026-09-14T08:26:00Z,5.25,5.25,5.25,5.25,150.0
BNC,2026-09-14T08:27:00Z,5.25,5.25,5.25,5.25,0.0
BNC,2026-09-14T08:28:00Z,5.28,5.29,5.28,5.29,326.0
BNC,2026-09-14T08:29:00Z,5.29,5.29,5.29,5.29,0.0
BNC,2026-09-14T08:30:00Z,5.29,5.29,5.29,5.29,112.0
BNC,2026-09-14T08:31:00Z,5.29,5.29,5.29,5.29,0.0
BNC,2026-09-14T08:32:00Z,5.31,5.31,5.31,5.31,100.0
BNC,2026-09-14T08:33:00Z,5.26,5.26,5.26,5.26,4947.0
BNC,2026-09-14T08:34:00Z,5.26,5.26,5.26,5.26,0.0
BNC,2026-09-14T08:35:00Z,5.26,5.26,5.26,5.26,0.0
BNC,2026-09-14T08:36:00Z,5.26,5.26,5.26,5.26,0.0
BNC,2026-09-14T08:37:00Z,5.33,5.33,5.33,5.33,375.0
BNC,2026-09-14T08:38:00Z,5.33,5.33,5.33,5.33,0.0
BNC,2026-09-14T08:39:00Z,5.33,5.33,5.33,5.33,0.0
BNC,2026-09-14T08:40:00Z,5.27,5.31,5.26,5.31,1154.0
BNC,2026-09-14T08:41:00Z,5.31,5.31,5.31,5.31,0.0
BNC,2026-09-14T08:42:00Z,5.31,5.31,5.31,5.31,0.0
BNC,2026-09-14T08:43:00Z,5.3,5.3,5.3,5.3,226.0
BNC,2026-09-14T08:44:00Z,5.3,5.3,5.3,5.3,0.0
BNC,2026-09-14T08:45:00Z,5.3,5.3,5.3,5.3,0.0
BNC,2026-09-14T08:46:00Z,5.3,5.3,5.3,5.3,500.0
BNC,2026-09-14T08:47:00Z,5.3,5.3,5.3,5.3,0.0
BNC,2026-09-14T08:48:00Z,5.32,5.32,5.3,5.3,2351.0
BNC,2026-09-14T08:49:00Z,5.3011,5.3011,5.3011,5.3011,126.0
BNC,2026-09-14T08:50:00Z,5.33,5.35,5.32,5.35,6078.0
BNC,2026-09-14T08:51:00Z,5.36,5.36,5.36,5.36,100.0
BNC,2026-09-14T08:52:00Z,5.36,5.36,5.36,5.36,0.0
BNC,2026-09-14T08:53:00Z,5.35,5.35,5.35,5.35,143.0
BNC,2026-09-14T08:54:00Z,5.37,5.38,5.37,5.38,1030.0
BNC,2026-09-14T08:55:00Z,5.38,5.38,5.38,5.38,0.0
BNC,2026-09-14T08:56:00Z,5.3489,5.3489,5.3489,5.3489,113.0
BNC,2026-09-14T08:57:00Z,5.3489,5.3489,5.3489,5.3489,0.0
BNC,2026-09-14T08:58:00Z,5.3489,5.3489,5.3489,5.3489,0.0
BNC,2026-09-14T08:59:00Z,5.3489,5.3489,5.3489,5.3489,0.0
BNC,2026-09-14T09:00:00Z,5.3111,5.39,5.3111,5.39,16773.0
BNC,2026-09-14T09:01:00Z,5.4,5.41,5.37,5.4,3654.0
BNC,2026-09-14T09:02:00Z,5.38,5.43,5.38,5.43,2106.0
BNC,2026-09-14T09:03:00Z,5.45,5.52,5.44,5.51,9692.0
BNC,2026-09-14T09:04:00Z,5.49,5.52,5.48,5.48,2674.0
BNC,2026-09-14T09:05:00Z,5.47,5.49,5.4503,5.4503,2900.0
BNC,2026-09-14T09:06:00Z,5.44,5.47,5.44,5.46,4437.0
BNC,2026-09-14T09:07:00Z,5.45,5.45,5.44,5.44,2298.0
BNC,2026-09-14T09:08:00Z,5.43,5.43,5.3605,5.4152,4492.0
BNC,2026-09-14T09:09:00Z,5.38,5.38,5.34,5.341,1491.0
BNC,2026-09-14T09:10:00Z,5.36,5.36,5.3103,5.3169,3760.0
BNC,2026-09-14T09:11:00Z,5.35,5.35,5.3444,5.3444,371.0
BNC,2026-09-14T09:12:00Z,5.34,5.34,5.34,5.34,300.0
BNC,2026-09-14T09:13:00Z,5.34,5.34,5.34,5.34,0.0
BNC,2026-09-14T09:14:00Z,5.4,5.4,5.4,5.4,431.0
BNC,2026-09-14T09:15:00Z,5.4,5.4,5.4,5.4,0.0
BNC,2026-09-14T09:16:00Z,5.44,5.44,5.44,5.44,200.0
BNC,2026-09-14T09:17:00Z,5.43,5.43,5.4,5.43,1399.0
BNC,2026-09-14T09:18:00Z,5.4,5.418,5.38,5.418,2261.0
BNC,2026-09-14T09:19:00Z,5.38,5.42,5.38,5.42,363.0
BNC,2026-09-14T09:20:00Z,5.4,5.43,5.4,5.43,737.0
BNC,2026-09-14T09:21:00Z,5.4048,5.4048,5.4048,5.4048,174.0
BNC,2026-09-14T09:22:00Z,5.4048,5.4048,5.4048,5.4048,0.0
BNC,2026-09-14T09:23:00Z,5.43,5.43,5.41,5.41,500.0
BNC,2026-09-14T09:24:00Z,5.4,5.45,5.4,5.45,1936.0
BNC,2026-09-14T09:25:00Z,5.4,5.4,5.4,5.4,1600.0
BNC,2026-09-14T09:26:00Z,5.4168,5.44,5.41,5.44,1619.0
BNC,2026-09-14T09:27:00Z,5.42,5.439,5.42,5.42,10231.0
BNC,2026-09-14T09:28:00Z,5.42,5.43,5.41,5.41,1112.0
BNC,2026-09-14T09:29:00Z,5.38,5.38,5.38,5.38,500.0
BNC,2026-09-14T09:30:00Z,5.42,5.43,5.42,5.43,2300.0
BNC,2026-09-14T09:31:00Z,5.42,5.42,5.42,5.42,213.0
BNC,2026-09-14T09:32:00Z,5.41,5.41,5.41,5.41,1089.0
BNC,2026-09-14T09:33:00Z,5.4,5.42,5.4,5.42,6325.0
BNC,2026-09-14T09:34:00Z,5.4195,5.43,5.4195,5.43,6344.0
BNC,2026-09-14T09:35:00Z,5.45,5.45,5.45,5.45,100.0
BNC,2026-09-14T09:36:00Z,5.45,5.45,5.45,5.45,0.0
BNC,2026-09-14T09:37:00Z,5.47,5.47,5.47,5.47,1000.0
BNC,2026-09-14T09:38:00Z,5.46,5.47,5.44,5.45,6555.0
BNC,2026-09-14T09:39:00Z,5.47,5.48,5.47,5.48,3000.0
BNC,2026-09-14T09:40:00Z,5.48,5.48,5.48,5.48,0.0
BNC,2026-09-14T09:41:00Z,5.46,5.46,5.46,5.46,391.0
BNC,2026-09-14T09:42:00Z,5.45,5.46,5.43,5.46,4443.0
BNC,2026-09-14T09:43:00Z,5.47,5.49,5.47,5.49,624.0
BNC,2026-09-14T09:44:00Z,5.49,5.49,5.49,5.49,0.0
BNC,2026-09-14T09:45:00Z,5.49,5.49,5.49,5.49,0.0
BNC,2026-09-14T09:46:00Z,5.47,5.47,5.47,5.47,100.0
BNC,2026-09-14T09:47:00Z,5.47,5.47,5.47,5.47,0.0
BNC,2026-09-14T09:48:00Z,5.43,5.43,5.43,5.43,800.0
BNC,2026-09-14T09:49:00Z,5.43,5.43,5.43,5.43,900.0
BNC,2026-09-14T09:50:00Z,5.44,5.44,5.44,5.44,1102.0
BNC,2026-09-14T09:51:00Z,5.44,5.44,5.44,5.44,0.0
BNC,2026-09-14T09:52:00Z,5.45,5.4689,5.45,5.45,2004.0
BNC,2026-09-14T09:53:00Z,5.45,5.45,5.45,5.45,0.0
BNC,2026-09-14T09:54:00Z,5.47,5.47,5.47,5.47,173.0
BNC,2026-09-14T09:55:00Z,5.46,5.46,5.45,5.45,9680.0
BNC,2026-09-14T09:56:00Z,5.45,5.45,5.43,5.43,4790.0
BNC,2026-09-14T09:57:00Z,5.43,5.43,5.43,5.43,0.0
BNC,2026-09-14T09:58:00Z,5.43,5.46,5.43,5.46,500.0
BNC,2026-09-14T09:59:00Z,5.46,5.48,5.43,5.45,2946.0
BNC,2026-09-14T10:00:00Z,5.45,5.52,5.45,5.509,6335.0
BNC,2026-09-14T10:01:00Z,5.5,5.53,5.5,5.5,11906.0
BNC,2026-09-14T10:02:00Z,5.5,5.53,5.5,5.53,438.0
BNC,2026-09-14T10:03:00Z,5.53,5.53,5.5,5.5,913.0
BNC,2026-09-14T10:04:00Z,5.5,5.54,5.5,5.54,221.0
BNC,2026-09-14T10:05:00Z,5.54,5.58,5.54,5.57,1113.0
BNC,2026-09-14T10:06:00Z,5.57,5.57,5.5348,5.55,1164.0
BNC,2026-09-14T10:07:00Z,5.55,5.5989,5.55,5.56,1252.0
BNC,2026-09-14T10:08:00Z,5.56,5.56,5.52,5.53,2355.0
BNC,2026-09-14T10:09:00Z,5.54,5.56,5.52,5.56,2922.0
BNC,2026-09-14T10:10:00Z,5.56,5.56,5.54,5.54,954.0
BNC,2026-09-14T10:11:00Z,5.54,5.58,5.54,5.58,943.0
BNC,2026-09-14T10:12:00Z,5.57,5.71,5.57,5.65,10648.0
BNC,2026-09-14T10:13:00Z,5.66,5.7,5.62,5.65,13449.0
BNC,2026-09-14T10:14:00Z,5.66,5.71,5.6,5.6511,16608.0
BNC,2026-09-14T10:15:00Z,5.6511,5.6968,5.65,5.69,3463.0
BNC,2026-09-14T10:16:00Z,5.69,5.69,5.64,5.64,5876.0
BNC,2026-09-14T10:17:00Z,5.65,5.67,5.6208,5.67,7441.0
BNC,2026-09-14T10:18:00Z,5.67,5.69,5.6348,5.64,2511.0
BNC,2026-09-14T10:19:00Z,5.64,5.6768,5.61,5.6289,4252.0
BNC,2026-09-14T10:20:00Z,5.6289,5.6289,5.49,5.4971,13205.0
BNC,2026-09-14T10:21:00Z,5.4983,5.5,5.4983,5.5,2553.0
BNC,2026-09-14T10:22:00Z,5.5,5.56,5.5,5.56,1628.0
BNC,2026-09-14T10:23:00Z,5.56,5.56,5.56,5.56,0.0
BNC,2026-09-14T10:24:00Z,5.56,5.58,5.56,5.58,485.0
BNC,2026-09-14T10:25:00Z,5.61,5.61,5.5603,5.5603,1906.0
BNC,2026-09-14T10:26:00Z,5.5603,5.61,5.5603,5.61,300.0
BNC,2026-09-14T10:27:00Z,5.61,5.61,5.59,5.59,200.0
BNC,2026-09-14T10:28:00Z,5.59,5.59,5.5892,5.5892,1000.0
BNC,2026-09-14T10:29:00Z,5.57,5.58,5.5211,5.58,2241.0
BNC,2026-09-14T10:30:00Z,5.58,5.58,5.55,5.55,700.0
BNC,2026-09-14T10:31:00Z,5.55,5.55,5.55,5.55,300.0
BNC,2026-09-14T10:32:00Z,5.55,5.55,5.51,5.51,1310.0
BNC,2026-09-14T10:33:00Z,5.51,5.55,5.51,5.55,881.0
BNC,2026-09-14T10:34:00Z,5.55,5.56,5.55,5.56,300.0
BNC,2026-09-14T10:35:00Z,5.56,5.56,5.56,5.56,0.0
BNC,2026-09-14T10:36:00Z,5.56,5.56,5.5462,5.5462,2050.0
BNC,2026-09-14T10:37:00Z,5.5462,5.5462,5.5,5.54,700.0
BNC,2026-09-14T10:38:00Z,5.54,5.54,5.4911,5.4911,2383.0
BNC,2026-09-14T10:39:00Z,5.5032,5.5032,5.49,5.49,2224.0
BNC,2026-09-14T10:40:00Z,5.49,5.5,5.44,5.49,1851.0
BNC,2026-09-14T10:41:00Z,5.49,5.55,5.49,5.55,654.0
BNC,2026-09-14T10:42:00Z,5.5447,5.5447,5.53,5.53,600.0
BNC,2026-09-14T10:43:00Z,5.53,5.53,5.53,5.53,0.0
BNC,2026-09-14T10:44:00Z,5.53,5.53,5.48,5.5,1193.0
BNC,2026-09-14T10:45:00Z,5.5,5.53,5.5,5.5028,960.0
BNC,2026-09-14T10:46:00Z,5.5028,5.5028,5.5028,5.5028,0.0
BNC,2026-09-14T10:47:00Z,5.5028,5.5028,5.5028,5.5028,0.0
BNC,2026-09-14T10:48:00Z,5.5028,5.5028,5.5028,5.5028,0.0
BNC,2026-09-14T10:49:00Z,5.5028,5.53,5.5028,5.52,627.0
BNC,2026-09-14T10:50:00Z,5.52,5.52,5.5,5.5,2117.0
BNC,2026-09-14T10:51:00Z,5.5,5.5,5.4811,5.4811,1010.0
BNC,2026-09-14T10:52:00Z,5.4811,5.49,5.47,5.49,1196.0
BNC,2026-09-14T10:53:00Z,5.4463,5.4463,5.4463,5.4463,202.0
BNC,2026-09-14T10:54:00Z,5.4463,5.4647,5.4463,5.4647,239.0
BNC,2026-09-14T10:55:00Z,5.4647,5.5182,5.4647,5.4711,590.0
BNC,2026-09-14T10:56:00Z,5.4711,5.52,5.4711,5.52,1000.0
BNC,2026-09-14T10:57:00Z,5.52,5.55,5.5111,5.52,1458.0
BNC,2026-09-14T10:58:00Z,5.54,5.55,5.54,5.54,1944.0
BNC,2026-09-14T10:59:00Z,5.55,5.56,5.54,5.56,2913.0
BNC,2026-09-14T11:00:00Z,5.53,5.53,5.4522,5.47,20105.0
BNC,2026-09-14T11:01:00Z,5.47,5.48,5.47,5.48,1456.0
BNC,2026-09-14T11:02:00Z,5.48,5.48,5.45,5.45,1107.0
BNC,2026-09-14T11:03:00Z,5.48,5.48,5.47,5.48,4254.0
BNC,2026-09-14T11:04:00Z,5.48,5.48,5.46,5.46,100.0
BNC,2026-09-14T11:05:00Z,5.46,5.46,5.46,5.46,0.0
BNC,2026-09-14T11:06:00Z,5.46,5.48,5.46,5.48,1200.0
BNC,2026-09-14T11:07:00Z,5.48,5.48,5.46,5.46,630.0
BNC,2026-09-14T11:08:00Z,5.46,5.46,5.39,5.4101,10463.0
BNC,2026-09-14T11:09:00Z,5.4101,5.42,5.35,5.42,13948.0
BNC,2026-09-14T11:10:00Z,5.42,5.43,5.35,5.4,11934.0
BNC,2026-09-14T11:11:00Z,5.3611,5.3611,5.301,5.301,7728.0
BNC,2026-09-14T11:12:00Z,5.301,5.36,5.301,5.33,879.0
BNC,2026-09-14T11:13:00Z,5.33,5.33,5.33,5.33,0.0
BNC,2026-09-14T11:14:00Z,5.33,5.33,5.33,5.33,0.0
BNC,2026-09-14T11:15:00Z,5.33,5.35,5.33,5.35,1379.0
BNC,2026-09-14T11:16:00Z,5.32,5.33,5.2,5.23,46302.0
BNC,2026-09-14T11:17:00Z,5.26,5.3299,5.22,5.3299,8868.0
BNC,2026-09-14T11:18:00Z,5.3299,5.3299,5.26,5.26,169.0
BNC,2026-09-14T11:19:00Z,5.26,5.26,5.26,5.26,0.0
BNC,2026-09-14T11:20:00Z,5.26,5.29,5.26,5.29,100.0
BNC,2026-09-14T11:21:00Z,5.29,5.29,5.2663,5.2663,108.0
BNC,2026-09-14T11:22:00Z,5.2663,5.2663,5.2663,5.2663,0.0
BNC,2026-09-14T11:23:00Z,5.2663,5.3429,5.2663,5.3,677.0
BNC,2026-09-14T11:24:00Z,5.3,5.34,5.3,5.34,5194.0
BNC,2026-09-14T11:25:00Z,5.34,5.34,5.34,5.34,0.0
BNC,2026-09-14T11:26:00Z,5.34,5.34,5.34,5.34,0.0
BNC,2026-09-14T11:27:00Z,5.34,5.34,5.32,5.32,200.0
BNC,2026-09-14T11:28:00Z,5.32,5.32,5.32,5.32,0.0
BNC,2026-09-14T11:29:00Z,5.32,5.3388,5.32,5.3388,1000.0
BNC,2026-09-14T11:30:00Z,5.3381,5.34,5.3381,5.34,2107.0
BNC,2026-09-14T11:31:00Z,5.34,5.34,5.3111,5.3111,263.0
BNC,2026-09-14T11:32:00Z,5.3111,5.33,5.31,5.33,200.0
BNC,2026-09-14T11:33:00Z,5.33,5.33,5.33,5.33,1440.0
BNC,2026-09-14T11:34:00Z,5.33,5.33,5.33,5.33,0.0
BNC,2026-09-14T11:35:00Z,5.33,5.33,5.3033,5.3033,398.0
BNC,2026-09-14T11:36:00Z,5.3033,5.31,5.3033,5.31,250.0
BNC,2026-09-14T11:37:00Z,5.31,5.31,5.3011,5.3011,113.0
BNC,2026-09-14T11:38:00Z,5.3011,5.33,5.3011,5.33,350.0
BNC,2026-09-14T11:39:00Z,5.33,5.33,5.33,5.33,0.0
BNC,2026-09-14T11:40:00Z,5.33,5.34,5.33,5.34,1873.0
BNC,2026-09-14T11:41:00Z,5.34,5.34,5.3399,5.3399,1000.0
BNC,2026-09-14T11:42:00Z,5.3399,5.34,5.3399,5.34,1563.0
BNC,2026-09-14T11:43:00Z,5.34,5.37,5.34,5.36,2471.0
BNC,2026-09-14T11:44:00Z,5.36,5.36,5.34,5.34,500.0
BNC,2026-09-14T11:45:00Z,5.34,5.36,5.34,5.36,659.0
BNC,2026-09-14T11:46:00Z,5.36,5.36,5.36,5.36,0.0
BNC,2026-09-14T11:47:00Z,5.36,5.36,5.34,5.359,1407.0
BNC,2026-09-14T11:48:00Z,5.359,5.359,5.359,5.359,0.0
BNC,2026-09-14T11:49:00Z,5.359,5.359,5.349,5.35,1800.0
BNC,2026-09-14T11:50:00Z,5.35,5.35,5.32,5.32,521.0
BNC,2026-09-14T11:51:00Z,5.32,5.3399,5.31,5.31,4000.0
BNC,2026-09-14T11:52:00Z,5.31,5.31,5.31,5.31,0.0
BNC,2026-09-14T11:53:00Z,5.31,5.31,5.31,5.31,0.0
BNC,2026-09-14T11:54:00Z,5.31,5.31,5.3,5.3,1539.0
BNC,2026-09-14T11:55:00Z,5.3,5.3,5.28,5.28,1843.0
BNC,2026-09-14T11:56:00Z,5.28,5.31,5.2718,5.31,2147.0
BNC,2026-09-14T11:57:00Z,5.31,5.31,5.2818,5.2818,494.0
BNC,2026-09-14T11:58:00Z,5.2818,5.2818,5.2818,5.2818,0.0
BNC,2026-09-14T11:59:00Z,5.2818,5.33,5.2818,5.33,1873.0
BNC,2026-09-14T12:00:00Z,5.3498,5.56,5.325,5.48,52081.0
BNC,2026-09-14T12:01:00Z,5.51,5.6299,5.45,5.5059,48632.0
BNC,2026-09-14T12:02:00Z,5.47,5.5699,5.42,5.47,53275.0
BNC,2026-09-14T12:03:00Z,5.46,5.529,5.3537,5.4099,38756.0
BNC,2026-09-14T12:04:00Z,5.39,5.52,5.39,5.46,21039.0
BNC,2026-09-14T12:05:00Z,5.454,5.51,5.4236,5.47,15316.0
BNC,2026-09-14T12:06:00Z,5.46,5.54,5.46,5.54,14238.0
BNC,2026-09-14T12:07:00Z,5.52,5.53,5.4877,5.5,3405.0
BNC,2026-09-14T12:08:00Z,5.5,5.52,5.48,5.5199,12280.0
BNC,2026-09-14T12:09:00Z,5.54,5.562,5.5,5.562,5966.0
BNC,2026-09-14T12:10:00Z,5.552,5.6199,5.53,5.6002,22093.0
BNC,2026-09-14T12:11:00Z,5.6002,5.619,5.5715,5.6003,14175.0
BNC,2026-09-14T12:12:00Z,5.6003,5.61,5.59,5.6,8759.0
BNC,2026-09-14T12:13:00Z,5.62,5.65,5.59,5.63,16408.0
BNC,2026-09-14T12:14:00Z,5.61,5.6299,5.5846,5.6095,7677.0
BNC,2026-09-14T12:15:00Z,5.6,5.64,5.6,5.63,2659.0
BNC,2026-09-14T12:16:00Z,5.6057,5.606,5.5577,5.6,10065.0
BNC,2026-09-14T12:17:00Z,5.6,5.6,5.57,5.59,3276.0
BNC,2026-09-14T12:18:00Z,5.59,5.59,5.5605,5.5605,7906.0
BNC,2026-09-14T12:19:00Z,5.5605,5.6,5.5605,5.5702,8475.0
BNC,2026-09-14T12:20:00Z,5.57,5.5799,5.54,5.57,3838.0
BNC,2026-09-14T12:21:00Z,5.57,5.59,5.55,5.55,4308.0
BNC,2026-09-14T12:22:00Z,5.56,5.57,5.55,5.55,59181.0
BNC,2026-09-14T12:23:00Z,5.55,5.62,5.55,5.62,7394.0
BNC,2026-09-14T12:24:00Z,5.61,5.66,5.6,5.6012,21095.0
BNC,2026-09-14T12:25:00Z,5.61,5.61,5.56,5.6,5956.0
BNC,2026-09-14T12:26:00Z,5.5999,5.6396,5.57,5.63,22014.0
BNC,2026-09-14T12:27:00Z,5.63,5.72,5.63,5.7,47613.0
BNC,2026-09-14T12:28:00Z,5.7,5.74,5.65,5.7083,48068.0
BNC,2026-09-14T12:29:00Z,5.69,5.75,5.66,5.7481,48578.0
BNC,2026-09-14T12:30:00Z,5.73,5.81,5.73,5.81,64370.0
BNC,2026-09-14T12:31:00Z,5.7746,5.7969,5.7,5.76,53865.0
BNC,2026-09-14T12:32:00Z,5.74,5.74,5.6,5.6199,36248.0
BNC,2026-09-14T12:33:00Z,5.6005,5.61,5.55,5.5511,22888.0
BNC,2026-09-14T12:34:00Z,5.5562,5.61,5.5447,5.61,8723.0
BNC,2026-09-14T12:35:00Z,5.61,5.61,5.5611,5.59,3279.0
BNC,2026-09-14T12:36:00Z,5.59,5.6,5.59,5.59,5510.0
BNC,2026-09-14T12:37:00Z,5.59,5.6037,5.51,5.51,23598.0
BNC,2026-09-14T12:38:00Z,5.52,5.52,5.44,5.48,23630.0
BNC,2026-09-14T12:39:00Z,5.4701,5.49,5.42,5.46,21543.0
BNC,2026-09-14T12:40:00Z,5.47,5.51,5.45,5.5,9410.0
BNC,2026-09-14T12:41:00Z,5.5,5.5,5.38,5.39,21570.0
BNC,2026-09-14T12:42:00Z,5.4,5.4,5.3512,5.38,14030.0
BNC,2026-09-14T12:43:00Z,5.38,5.43,5.38,5.39,20734.0
BNC,2026-09-14T12:44:00Z,5.39,5.4482,5.39,5.42,12495.0
BNC,2026-09-14T12:45:00Z,5.42,5.45,5.42,5.45,5577.0
BNC,2026-09-14T12:46:00Z,5.45,5.46,5.44,5.45,2465.0
BNC,2026-09-14T12:47:00Z,5.45,5.48,5.45,5.4695,2711.0
BNC,2026-09-14T12:48:00Z,5.4601,5.4601,5.42,5.4204,9833.0
BNC,2026-09-14T12:49:00Z,5.4204,5.45,5.4204,5.45,751.0
BNC,2026-09-14T12:50:00Z,5.4617,5.5,5.45,5.48,8918.0
BNC,2026-09-14T12:51:00Z,5.48,5.49,5.45,5.49,4760.0
BNC,2026-09-14T12:52:00Z,5.49,5.52,5.46,5.5,9541.0
BNC,2026-09-14T12:53:00Z,5.5,5.5247,5.5,5.52,2346.0
BNC,2026-09-14T12:54:00Z,5.52,5.52,5.45,5.49,12070.0
BNC,2026-09-14T12:55:00Z,5.49,5.4903,5.49,5.4903,1136.0
BNC,2026-09-14T12:56:00Z,5.51,5.5199,5.49,5.5,4832.0
BNC,2026-09-14T12:57:00Z,5.5,5.55,5.47,5.51,10943.0
BNC,2026-09-14T12:58:00Z,5.51,5.53,5.5,5.53,4247.0
BNC,2026-09-14T12:59:00Z,5.53,5.53,5.5,5.52,4458.0
BNC,2026-09-14T13:00:00Z,5.52,5.52,5.51,5.51,5513.0
BNC,2026-09-14T13:01:00Z,5.5199,5.52,5.43,5.51,17394.0
BNC,2026-09-14T13:02:00Z,5.47,5.49,5.43,5.4699,9366.0
BNC,2026-09-14T13:03:00Z,5.4699,5.4891,5.43,5.4654,6739.0
BNC,2026-09-14T13:04:00Z,5.4654,5.48,5.4649,5.47,12805.0
BNC,2026-09-14T13:05:00Z,5.4868,5.4868,5.45,5.47,3512.0
BNC,2026-09-14T13:06:00Z,5.46,5.47,5.36,5.47,15620.0
BNC,2026-09-14T13:07:00Z,5.46,5.4861,5.43,5.46,3954.0
BNC,2026-09-14T13:08:00Z,5.46,5.47,5.45,5.47,4488.0
BNC,2026-09-14T13:09:00Z,5.4604,5.47,5.4604,5.4607,748.0
BNC,2026-09-14T13:10:00Z,5.47,5.47,5.42,5.46,15874.0
BNC,2026-09-14T13:11:00Z,5.46,5.46,5.449,5.4491,21415.0
BNC,2026-09-14T13:12:00Z,5.45,5.45,5.297,5.3799,26831.0
BNC,2026-09-14T13:13:00Z,5.37,5.4396,5.335,5.37,9795.0
BNC,2026-09-14T13:14:00Z,5.37,5.3999,5.37,5.38,2431.0
BNC,2026-09-14T13:15:00Z,5.36,5.39,5.3501,5.37,17021.0
BNC,2026-09-14T13:16:00Z,5.35,5.3743,5.3,5.37,7992.0
BNC,2026-09-14T13:17:00Z,5.37,5.37,5.37,5.37,2097.0
BNC,2026-09-14T13:18:00Z,5.37,5.38,5.37,5.37,3000.0
BNC,2026-09-14T13:19:00Z,5.364,5.3782,5.32,5.35,6035.0
BNC,2026-09-14T13:20:00Z,5.35,5.35,5.32,5.33,1050.0
BNC,2026-09-14T13:21:00Z,5.33,5.34,5.32,5.34,911.0
BNC,2026-09-14T13:22:00Z,5.34,5.34,5.3,5.33,4995.0
BNC,2026-09-14T13:23:00Z,5.33,5.33,5.3,5.3,1405.0
BNC,2026-09-14T13:24:00Z,5.3,5.31,5.25,5.3,8448.0
BNC,2026-09-14T13:25:00Z,5.25,5.2928,5.22,5.24,12304.0
BNC,2026-09-14T13:26:00Z,5.24,5.24,5.15,5.21,15315.0
BNC,2026-09-14T13:27:00Z,5.21,5.24,5.05,5.1,25667.0
BNC,2026-09-14T13:28:00Z,5.03,5.19,5.0,5.12,57413.0
BNC,2026-09-14T13:29:00Z,5.12,5.12,5.0,5.02,18179.0
BNC,2026-09-14T13:30:00Z,4.97,5.05,4.85,4.9077,136370.0
BNC,2026-09-14T13:31:00Z,4.97,5.0,4.89,4.93,55058.0
BNC,2026-09-14T13:32:00Z,4.9472,4.95,4.81,4.84,69534.0
BNC,2026-09-14T13:33:00Z,4.8502,4.8982,4.8,4.84,39881.0
BNC,2026-09-14T13:34:00Z,4.84,4.8517,4.75,4.8006,88578.0
BNC,2026-09-14T13:35:00Z,4.795,4.915,4.7838,4.83,67091.0
BNC,2026-09-14T13:36:00Z,4.8101,4.8795,4.8101,4.8795,19919.0
BNC,2026-09-14T13:37:00Z,4.85,4.88,4.84,4.88,10426.0
BNC,2026-09-14T13:38:00Z,4.8999,4.8999,4.82,4.83,31577.0
BNC,2026-09-14T13:39:00Z,4.81,4.85,4.76,4.848,54931.0
BNC,2026-09-14T13:40:00Z,4.82,4.88,4.79,4.7985,33673.0
BNC,2026-09-14T13:41:00Z,4.8,4.8112,4.76,4.7795,22924.0
BNC,2026-09-14T13:42:00Z,4.7769,4.84,4.7641,4.82,13725.0
BNC,2026-09-14T13:43:00Z,4.82,4.888,4.82,4.8501,15533.0
BNC,2026-09-14T13:44:00Z,4.8501,4.88,4.8501,4.86,5748.0
BNC,2026-09-14T13:45:00Z,4.85,4.88,4.82,4.88,12407.0
BNC,2026-09-14T13:46:00Z,4.88,4.93,4.88,4.89,11172.0
BNC,2026-09-14T13:47:00Z,4.89,4.905,4.88,4.905,2071.0
BNC,2026-09-14T13:48:00Z,4.9,4.9399,4.9,4.9244,8591.0
BNC,2026-09-14T13:49:00Z,4.9244,4.955,4.9244,4.955,5890.0
BNC,2026-09-14T13:50:00Z,4.955,4.99,4.955,4.9708,10679.0
BNC,2026-09-14T13:51:00Z,4.9708,4.99,4.97,4.975,6715.0
BNC,2026-09-14T13:52:00Z,4.975,4.975,4.94,4.94,8439.0
BNC,2026-09-14T13:53:00Z,4.948,4.96,4.93,4.955,3489.0
BNC,2026-09-14T13:54:00Z,4.95,4.96,4.95,4.96,1853.0
BNC,2026-09-14T13:55:00Z,4.96,4.96,4.93,4.94,11952.0
BNC,2026-09-14T13:56:00Z,4.94,4.9461,4.92,4.93,3495.0
BNC,2026-09-14T13:57:00Z,4.93,4.96,4.93,4.95,1956.0
BNC,2026-09-14T13:58:00Z,4.94,4.99,4.93,4.9533,6079.0
BNC,2026-09-14T13:59:00Z,4.9694,5.01,4.9694,4.99,19452.0
BNC,2026-09-14T14:00:00Z,5.0,5.08,5.0,5.04,25158.0
BNC,2026-09-14T14:01:00Z,5.03,5.05,5.0201,5.04,11075.0
BNC,2026-09-14T14:02:00Z,5.0321,5.06,5.0321,5.05,17312.0
BNC,2026-09-14T14:03:00Z,5.05,5.09,5.05,5.0528,10145.0
BNC,2026-09-14T14:04:00Z,5.05,5.0537,5.03,5.04,23091.0
BNC,2026-09-14T14:05:00Z,5.0317,5.08,5.0317,5.0601,9057.0
BNC,2026-09-14T14:06:00Z,5.07,5.12,5.06,5.1,26471.0
BNC,2026-09-14T14:07:00Z,5.09,5.12,5.07,5.08,60121.0
BNC,2026-09-14T14:08:00Z,5.0619,5.15,5.0619,5.13,38678.0
BNC,2026-09-14T14:09:00Z,5.122,5.14,5.12,5.125,24077.0
BNC,2026-09-14T14:10:00Z,5.125,5.14,5.12,5.125,5872.0
BNC,2026-09-14T14:11:00Z,5.12,5.17,5.11,5.128,26343.0
BNC,2026-09-14T14:12:00Z,5.13,5.13,5.1101,5.1177,7781.0
BNC,2026-09-14T14:13:00Z,5.1101,5.12,5.11,5.1162,3528.0
BNC,2026-09-14T14:14:00Z,5.115,5.1276,5.115,5.1276,2761.0
BNC,2026-09-14T14:15:00Z,5.125,5.1298,5.112,5.12,5502.0
BNC,2026-09-14T14:16:00Z,5.12,5.145,5.1123,5.1399,17849.0
BNC,2026-09-14T14:17:00Z,5.1399,5.1399,5.08,5.1324,15279.0
BNC,2026-09-14T14:18:00Z,5.1379,5.1379,5.1,5.11,3384.0
BNC,2026-09-14T14:19:00Z,5.1093,5.14,5.1093,5.14,2563.0
BNC,2026-09-14T14:20:00Z,5.15,5.18,5.15,5.18,31679.0
BNC,2026-09-14T14:21:00Z,5.18,5.21,5.16,5.2,22649.0
BNC,2026-09-14T14:22:00Z,5.21,5.2199,5.18,5.18,10654.0
BNC,2026-09-14T14:23:00Z,5.185,5.2695,5.18,5.25,44177.0
BNC,2026-09-14T14:24:00Z,5.25,5.26,5.23,5.235,75685.0
BNC,2026-09-14T14:25:00Z,5.24,5.25,5.16,5.205,22192.0
BNC,2026-09-14T14:26:00Z,5.205,5.21,5.17,5.17,3459.0
BNC,2026-09-14T14:27:00Z,5.17,5.17,5.15,5.15,3757.0
BNC,2026-09-14T14:28:00Z,5.15,5.15,5.12,5.13,17119.0
BNC,2026-09-14T14:29:00Z,5.13,5.1405,5.11,5.11,9658.0
BNC,2026-09-14T14:30:00Z,5.11,5.1595,5.11,5.14,3672.0
BNC,2026-09-14T14:31:00Z,5.14,5.1787,5.14,5.1787,11984.0
BNC,2026-09-14T14:32:00Z,5.1787,5.19,5.16,5.1731,5326.0
BNC,2026-09-14T14:33:00Z,5.1731,5.18,5.1608,5.17,6508.0
BNC,2026-09-14T14:34:00Z,5.17,5.17,5.12,5.12,3695.0
BNC,2026-09-14T14:35:00Z,5.12,5.12,5.0705,5.1,7085.0
BNC,2026-09-14T14:36:00Z,5.095,5.1,5.06,5.09,4186.0
BNC,2026-09-14T14:37:00Z,5.07,5.0812,5.07,5.07,2705.0
BNC,2026-09-14T14:38:00Z,5.07,5.07,5.05,5.0694,17177.0
BNC,2026-09-14T14:39:00Z,5.07,5.1,5.06,5.09,1494.0
BNC,2026-09-14T14:40:00Z,5.1,5.1,5.075,5.0821,2010.0
BNC,2026-09-14T14:41:00Z,5.0822,5.09,5.0705,5.08,1800.0
BNC,2026-09-14T14:42:00Z,5.08,5.08,5.0709,5.0709,1200.0
BNC,2026-09-14T14:43:00Z,5.07,5.09,5.06,5.07,2207.0
BNC,2026-09-14T14:44:00Z,5.07,5.09,5.06,5.09,2533.0
BNC,2026-09-14T14:45:00Z,5.09,5.11,5.08,5.1,2950.0
BNC,2026-09-14T14:46:00Z,5.1,5.1,5.06,5.06,1634.0
BNC,2026-09-14T14:47:00Z,5.0641,5.0641,5.021,5.05,10089.0
BNC,2026-09-14T14:48:00Z,5.06,5.06,5.0293,5.03,11326.0
BNC,2026-09-14T14:49:00Z,5.03,5.03,4.98,5.01,36573.0
BNC,2026-09-14T14:50:00Z,5.0,5.0,4.9605,4.9605,3297.0
BNC,2026-09-14T14:51:00Z,4.97,4.98,4.97,4.98,1430.0
BNC,2026-09-14T14:52:00Z,4.98,4.985,4.97,4.984,3850.0
BNC,2026-09-14T14:53:00Z,4.98,4.98,4.9694,4.97,3930.0
BNC,2026-09-14T14:54:00Z,4.97,5.0,4.97,4.99,7779.0
BNC,2026-09-14T14:55:00Z,4.99,5.01,4.99,5.01,3650.0
BNC,2026-09-14T14:56:00Z,5.0,5.02,4.99,5.02,3003.0
BNC,2026-09-14T14:57:00Z,5.02,5.02,5.01,5.01,1566.0
BNC,2026-09-14T14:58:00Z,5.015,5.03,5.015,5.03,1104.0
BNC,2026-09-14T14:59:00Z,5.03,5.04,5.029,5.029,1752.0
BNC,2026-09-14T15:00:00Z,5.02,5.03,5.01,5.02,5380.0
BNC,2026-09-14T15:01:00Z,5.02,5.02,5.02,5.02,202.0
BNC,2026-09-14T15:02:00Z,5.02,5.035,5.02,5.035,900.0
BNC,2026-09-14T15:03:00Z,5.035,5.05,5.02,5.02,3709.0
BNC,2026-09-14T15:04:00Z,5.02,5.02,5.0062,5.0062,2271.0
BNC,2026-09-14T15:05:00Z,5.0062,5.05,5.0062,5.05,2021.0
BNC,2026-09-14T15:06:00Z,5.05,5.055,5.0405,5.05,1647.0
BNC,2026-09-14T15:07:00Z,5.05,5.05,5.05,5.05,100.0
BNC,2026-09-14T15:08:00Z,5.04,5.06,5.04,5.055,920.0
BNC,2026-09-14T15:09:00Z,5.055,5.0695,5.03,5.04,1418.0
BNC,2026-09-14T15:10:00Z,5.02,5.04,5.02,5.04,1220.0
BNC,2026-09-14T15:11:00Z,5.04,5.0495,5.04,5.0495,344.0
BNC,2026-09-14T15:12:00Z,5.04,5.05,5.03,5.0432,3040.0
BNC,2026-09-14T15:13:00Z,5.0432,5.06,5.0432,5.05,1740.0
BNC,2026-09-14T15:14:00Z,5.05,5.05,5.0399,5.0399,1948.0
BNC,2026-09-14T15:15:00Z,5.0338,5.0338,5.01,5.01,1280.0
BNC,2026-09-14T15:16:00Z,5.0023,5.0379,5.0023,5.0379,2752.0
BNC,2026-09-14T15:17:00Z,5.04,5.05,5.04,5.05,1500.0
BNC,2026-09-14T15:18:00Z,5.05,5.05,5.035,5.04,2166.0
BNC,2026-09-14T15:19:00Z,5.0205,5.0217,5.0101,5.0105,1700.0
BNC,2026-09-14T15:20:00Z,5.01,5.031,5.01,5.031,1966.0
BNC,2026-09-14T15:21:00Z,5.031,5.04,5.012,5.012,1149.0
BNC,2026-09-14T15:22:00Z,5.012,5.03,5.012,5.03,100.0
BNC,2026-09-14T15:23:00Z,5.03,5.0308,5.0109,5.03,2228.0
BNC,2026-09-14T15:24:00Z,5.03,5.03,5.0054,5.01,1000.0
BNC,2026-09-14T15:25:00Z,5.01,5.01,5.01,5.01,0.0
BNC,2026-09-14T15:26:00Z,5.01,5.02,5.005,5.005,500.0
BNC,2026-09-14T15:27:00Z,5.0086,5.02,4.995,4.995,2924.0
BNC,2026-09-14T15:28:00Z,4.995,5.0,4.995,5.0,400.0
BNC,2026-09-14T15:29:00Z,5.0,5.0007,5.0,5.0,1100.0
BNC,2026-09-14T15:30:00Z,5.0,5.0,5.0,5.0,0.0
BNC,2026-09-14T15:31:00Z,5.0,5.0,5.0,5.0,589.0
ELMT,2026-09-14T08:55:00Z,16.24,16.24,16.24,16.24,100.0
ELMT,2026-09-14T08:56:00Z,16.24,16.24,16.24,16.24,0.0
ELMT,2026-09-14T08:57:00Z,16.24,16.24,16.24,16.24,0.0
ELMT,2026-09-14T08:58:00Z,16.24,16.24,16.24,16.24,0.0
ELMT,2026-09-14T08:59:00Z,16.24,16.24,16.24,16.24,0.0
ELMT,2026-09-14T09:00:00Z,16.24,16.24,16.24,16.24,0.0
ELMT,2026-09-14T09:01:00Z,16.24,16.24,16.24,16.24,0.0
ELMT,2026-09-14T09:02:00Z,16.24,16.24,16.24,16.24,0.0
ELMT,2026-09-14T09:03:00Z,16.24,16.24,16.24,16.24,0.0
ELMT,2026-09-14T09:04:00Z,16.24,16.24,16.24,16.24,0.0
ELMT,2026-09-14T09:05:00Z,16.24,16.24,16.24,16.24,0.0
ELMT,2026-09-14T09:06:00Z,16.24,16.24,16.24,16.24,0.0
ELMT,2026-09-14T09:07:00Z,16.24,16.24,16.24,16.24,0.0
ELMT,2026-09-14T09:08:00Z,16.24,16.24,16.24,16.24,0.0
ELMT,2026-09-14T09:09:00Z,16.37,16.37,16.3,16.3,378.0
ELMT,2026-09-14T09:10:00Z,16.3,16.3,16.3,16.3,0.0
ELMT,2026-09-14T09:11:00Z,16.3,16.3,16.3,16.3,0.0
ELMT,2026-09-14T09:12:00Z,16.3,16.3,16.3,16.3,0.0
ELMT,2026-09-14T09:13:00Z,16.3,16.3,16.3,16.3,0.0
ELMT,2026-09-14T09:14:00Z,16.3,16.3,16.3,16.3,0.0
ELMT,2026-09-14T09:15:00Z,17.01,18.0,17.01,18.0,5335.0
ELMT,2026-09-14T09:16:00Z,18.0,19.0,18.0,18.95,1613.0
ELMT,2026-09-14T09:17:00Z,18.65,19.76,18.57,19.32,8014.0
ELMT,2026-09-14T09:18:00Z,19.49,19.49,19.0,19.46,2345.0
ELMT,2026-09-14T09:19:00Z,19.3,20.35,19.3,20.14,14614.0
ELMT,2026-09-14T09:20:00Z,20.0,20.03,18.44,18.7,16182.0
ELMT,2026-09-14T09:21:00Z,18.7,18.7,18.3,18.32,1930.0
ELMT,2026-09-14T09:22:00Z,18.55,19.02,18.55,18.79,4771.0
ELMT,2026-09-14T09:23:00Z,18.88,19.32,18.87,19.23,4922.0
ELMT,2026-09-14T09:24:00Z,19.01,19.34,19.0,19.21,5958.0
ELMT,2026-09-14T09:25:00Z,19.21,19.68,19.21,19.68,7590.0
ELMT,2026-09-14T09:26:00Z,19.6,20.26,19.53,19.95,15496.0
ELMT,2026-09-14T09:27:00Z,19.95,20.77,19.82,20.49,12901.0
ELMT,2026-09-14T09:28:00Z,20.2,21.0,20.09,20.89,17083.0
ELMT,2026-09-14T09:29:00Z,20.74,21.33,20.55,21.2,12939.0
ELMT,2026-09-14T09:30:00Z,21.22,21.89,21.12,21.68,26038.0
ELMT,2026-09-14T09:31:00Z,21.68,21.9,21.26,21.36,21747.0
ELMT,2026-09-14T09:32:00Z,21.26,22.13,20.5,21.82,21339.0
ELMT,2026-09-14T09:33:00Z,21.82,22.08,21.31,21.5,12440.0
ELMT,2026-09-14T09:34:00Z,21.43,21.52,21.0,21.33,10607.0
ELMT,2026-09-14T09:35:00Z,21.3,21.35,20.94,21.35,4799.0
ELMT,2026-09-14T09:36:00Z,21.48,21.83,21.27,21.29,3761.0
ELMT,2026-09-14T09:37:00Z,21.14,21.21,20.77,21.21,4753.0
ELMT,2026-09-14T09:38:00Z,21.17,21.69,21.03,21.65,5083.0
ELMT,2026-09-14T09:39:00Z,21.62,21.86,21.31,21.6,7933.0
ELMT,2026-09-14T09:40:00Z,21.65,22.05,21.6,21.83,9041.0
ELMT,2026-09-14T09:41:00Z,21.91,21.92,21.29,21.59,5781.0
ELMT,2026-09-14T09:42:00Z,21.5,21.62,21.35,21.43,2666.0
ELMT,2026-09-14T09:43:00Z,21.5,21.8,21.44,21.73,3369.0
ELMT,2026-09-14T09:44:00Z,21.73,21.73,21.47,21.58,1527.0
ELMT,2026-09-14T09:45:00Z,21.54,21.65,21.29,21.29,2177.0
ELMT,2026-09-14T09:46:00Z,21.29,21.7,21.05,21.49,8513.0
ELMT,2026-09-14T09:47:00Z,21.56,21.65,21.44,21.45,1620.0
ELMT,2026-09-14T09:48:00Z,21.46,21.7,21.4,21.64,1488.0
ELMT,2026-09-14T09:49:00Z,21.62,21.79,21.6,21.74,4180.0
ELMT,2026-09-14T09:50:00Z,21.66,22.35,21.66,21.97,9333.0
ELMT,2026-09-14T09:51:00Z,21.68,21.87,21.68,21.78,1678.0
ELMT,2026-09-14T09:52:00Z,21.82,22.01,21.82,21.85,5011.0
ELMT,2026-09-14T09:53:00Z,22.0,22.0,21.77,21.85,6260.0
ELMT,2026-09-14T09:54:00Z,21.9,21.9,21.84,21.89,795.0
ELMT,2026-09-14T09:55:00Z,21.9,21.98,21.86,21.86,4753.0
ELMT,2026-09-14T09:56:00Z,21.73,21.79,21.7,21.76,1801.0
ELMT,2026-09-14T09:57:00Z,21.7,21.8,21.58,21.73,3791.0
ELMT,2026-09-14T09:58:00Z,21.73,22.0,21.73,21.95,5916.0
ELMT,2026-09-14T09:59:00Z,21.96,22.0,21.68,21.72,7964.0
ELMT,2026-09-14T10:00:00Z,21.68,21.72,21.05,21.31,16826.0
ELMT,2026-09-14T10:01:00Z,21.4,21.43,21.36,21.39,2133.0
ELMT,2026-09-14T10:02:00Z,21.39,21.65,21.2,21.65,3067.0
ELMT,2026-09-14T10:03:00Z,21.65,21.85,21.44,21.78,2585.0
ELMT,2026-09-14T10:04:00Z,21.78,21.99,21.73,21.91,5918.0
ELMT,2026-09-14T10:05:00Z,21.86,22.02,21.86,21.93,5005.0
ELMT,2026-09-14T10:06:00Z,21.9,22.0,21.81,21.98,6264.0
ELMT,2026-09-14T10:07:00Z,22.0,22.11,21.73,21.73,17487.0
ELMT,2026-09-14T10:08:00Z,21.73,21.75,21.53,21.55,2082.0
ELMT,2026-09-14T10:09:00Z,21.55,21.6,21.55,21.56,409.0
ELMT,2026-09-14T10:10:00Z,21.56,21.57,21.56,21.56,0.0
ELMT,2026-09-14T10:11:00Z,21.56,21.57,21.56,21.56,0.0
ELMT,2026-09-14T10:12:00Z,21.56,21.67,21.56,21.67,597.0
ELMT,2026-09-14T10:13:00Z,21.67,21.67,21.22,21.45,4020.0
ELMT,2026-09-14T10:14:00Z,21.31,21.5,21.31,21.5,889.0
ELMT,2026-09-14T10:15:00Z,21.5,21.52,21.42,21.52,750.0
ELMT,2026-09-14T10:16:00Z,21.52,21.54,21.08,21.27,6976.0
ELMT,2026-09-14T10:17:00Z,21.16,21.21,21.0,21.02,6204.0
ELMT,2026-09-14T10:18:00Z,21.02,21.06,20.93,21.06,2151.0
ELMT,2026-09-14T10:19:00Z,21.06,21.12,20.94,20.95,1548.0
ELMT,2026-09-14T10:20:00Z,20.95,21.44,20.91,21.26,2793.0
ELMT,2026-09-14T10:21:00Z,21.26,21.26,21.1,21.1,202.0
ELMT,2026-09-14T10:22:00Z,21.1,21.1,21.1,21.1,120.0
ELMT,2026-09-14T10:23:00Z,21.17,21.17,21.11,21.11,1150.0
ELMT,2026-09-14T10:24:00Z,21.11,21.27,21.11,21.27,1067.0
ELMT,2026-09-14T10:25:00Z,21.27,21.27,21.27,21.27,0.0
ELMT,2026-09-14T10:26:00Z,21.27,21.33,21.26,21.26,556.0
ELMT,2026-09-14T10:27:00Z,21.26,21.83,21.17,21.74,7886.0
ELMT,2026-09-14T10:28:00Z,21.74,21.83,21.72,21.83,3798.0
ELMT,2026-09-14T10:29:00Z,21.8,22.0,21.8,21.85,4520.0
ELMT,2026-09-14T10:30:00Z,21.85,21.98,21.81,21.81,1193.0
ELMT,2026-09-14T10:31:00Z,21.81,21.81,21.7,21.7,1862.0
ELMT,2026-09-14T10:32:00Z,21.72,21.72,21.5,21.61,2594.0
ELMT,2026-09-14T10:33:00Z,21.61,21.85,21.61,21.85,2771.0
ELMT,2026-09-14T10:34:00Z,21.85,21.85,21.68,21.68,642.0
ELMT,2026-09-14T10:35:00Z,21.81,21.89,21.65,21.65,583.0
ELMT,2026-09-14T10:36:00Z,21.65,21.67,21.6,21.6,824.0
ELMT,2026-09-14T10:37:00Z,21.6,21.6,21.56,21.6,200.0
ELMT,2026-09-14T10:38:00Z,21.7,21.9,21.6,21.86,2203.0
ELMT,2026-09-14T10:39:00Z,21.86,21.89,21.75,21.89,618.0
ELMT,2026-09-14T10:40:00Z,21.89,21.97,21.8,21.97,2701.0
ELMT,2026-09-14T10:41:00Z,21.97,23.04,21.97,23.01,26373.0
ELMT,2026-09-14T10:42:00Z,22.91,23.55,22.53,22.78,40880.0
ELMT,2026-09-14T10:43:00Z,22.73,22.99,22.43,22.83,17945.0
ELMT,2026-09-14T10:44:00Z,22.74,23.0,22.67,23.0,10021.0
ELMT,2026-09-14T10:45:00Z,23.09,23.45,22.8,22.82,11626.0
ELMT,2026-09-14T10:46:00Z,22.82,23.05,22.6,22.6,8522.0
ELMT,2026-09-14T10:47:00Z,22.65,23.1,22.55,23.09,12315.0
ELMT,2026-09-14T10:48:00Z,23.12,23.25,22.84,23.0,8275.0
ELMT,2026-09-14T10:49:00Z,22.95,23.46,22.94,23.23,11808.0
ELMT,2026-09-14T10:50:00Z,23.23,23.33,23.09,23.18,8615.0
ELMT,2026-09-14T10:51:00Z,23.17,23.74,23.17,23.27,10828.0
ELMT,2026-09-14T10:52:00Z,23.7,23.7,23.2,23.21,6923.0
ELMT,2026-09-14T10:53:00Z,23.22,23.46,23.02,23.2,12396.0
ELMT,2026-09-14T10:54:00Z,23.31,23.6,23.18,23.6,5579.0
ELMT,2026-09-14T10:55:00Z,23.63,23.87,23.36,23.63,17884.0
ELMT,2026-09-14T10:56:00Z,23.61,23.79,23.52,23.79,7400.0
ELMT,2026-09-14T10:57:00Z,23.9,24.15,23.76,24.04,18908.0
ELMT,2026-09-14T10:58:00Z,24.02,24.19,24.0,24.09,7437.0
ELMT,2026-09-14T10:59:00Z,24.02,24.46,23.92,23.95,15617.0
ELMT,2026-09-14T11:00:00Z,23.89,24.1,23.09,23.45,32404.0
ELMT,2026-09-14T11:01:00Z,23.42,23.42,23.09,23.13,17034.0
ELMT,2026-09-14T11:02:00Z,23.13,23.42,23.13,23.23,8813.0
ELMT,2026-09-14T11:03:00Z,23.23,23.31,23.06,23.13,8062.0
ELMT,2026-09-14T11:04:00Z,23.1,23.65,23.1,23.58,9584.0
ELMT,2026-09-14T11:05:00Z,23.58,24.2,23.48,23.98,31672.0
ELMT,2026-09-14T11:06:00Z,23.93,23.97,23.68,23.75,7829.0
ELMT,2026-09-14T11:07:00Z,23.8,24.2,23.71,23.94,24865.0
ELMT,2026-09-14T11:08:00Z,23.94,24.18,23.93,23.97,11185.0
ELMT,2026-09-14T11:09:00Z,23.97,24.05,23.7,23.9,10565.0
ELMT,2026-09-14T11:10:00Z,23.9,24.14,23.85,23.97,6705.0
ELMT,2026-09-14T11:11:00Z,24.0,24.17,23.93,23.93,5292.0
ELMT,2026-09-14T11:12:00Z,23.93,23.96,23.79,23.79,9050.0
ELMT,2026-09-14T11:13:00Z,23.79,24.3,23.71,24.19,19296.0
ELMT,2026-09-14T11:14:00Z,24.09,24.3,24.09,24.26,14299.0
ELMT,2026-09-14T11:15:00Z,24.25,24.66,24.25,24.46,30215.0
ELMT,2026-09-14T11:16:00Z,24.47,24.58,24.08,24.08,27601.0
ELMT,2026-09-14T11:17:00Z,24.18,24.2,23.95,24.1,12434.0
ELMT,2026-09-14T11:18:00Z,24.1,24.2,24.04,24.16,3278.0
ELMT,2026-09-14T11:19:00Z,24.12,24.12,23.87,24.0,7725.0
ELMT,2026-09-14T11:20:00Z,24.01,24.1,23.97,24.01,4705.0
ELMT,2026-09-14T11:21:00Z,24.0,24.0,23.85,23.9,6477.0
ELMT,2026-09-14T11:22:00Z,23.93,24.04,23.9,23.97,4412.0
ELMT,2026-09-14T11:23:00Z,24.01,24.01,23.83,23.83,6683.0
ELMT,2026-09-14T11:24:00Z,23.82,23.87,23.7,23.75,3633.0
ELMT,2026-09-14T11:25:00Z,23.75,23.99,23.75,23.99,1924.0
ELMT,2026-09-14T11:26:00Z,24.0,24.1,24.0,24.09,4336.0
ELMT,2026-09-14T11:27:00Z,24.1,24.1,23.8,23.84,5779.0
ELMT,2026-09-14T11:28:00Z,23.84,23.87,23.78,23.78,9808.0
ELMT,2026-09-14T11:29:00Z,23.77,23.79,23.23,23.7,19160.0
ELMT,2026-09-14T11:30:00Z,23.7,23.7,23.57,23.6,8535.0
ELMT,2026-09-14T11:31:00Z,23.62,23.76,23.39,23.75,6837.0
ELMT,2026-09-14T11:32:00Z,23.75,23.75,23.63,23.68,5993.0
ELMT,2026-09-14T11:33:00Z,23.68,23.7,23.6,23.64,3202.0
ELMT,2026-09-14T11:34:00Z,23.75,23.77,23.61,23.73,5126.0
ELMT,2026-09-14T11:35:00Z,23.73,23.73,23.63,23.63,737.0
ELMT,2026-09-14T11:36:00Z,23.64,24.0,23.64,23.93,6825.0
ELMT,2026-09-14T11:37:00Z,23.97,24.01,23.6,23.6,10493.0
ELMT,2026-09-14T11:38:00Z,23.6,23.69,23.56,23.6,3993.0
ELMT,2026-09-14T11:39:00Z,23.6,23.79,23.52,23.7,5871.0
ELMT,2026-09-14T11:40:00Z,23.7,23.7,23.6,23.66,6476.0
ELMT,2026-09-14T11:41:00Z,23.62,23.77,23.6,23.77,7217.0
ELMT,2026-09-14T11:42:00Z,23.77,23.87,23.7,23.79,3109.0
ELMT,2026-09-14T11:43:00Z,23.77,24.05,23.75,23.93,15102.0
ELMT,2026-09-14T11:44:00Z,23.93,24.02,23.84,23.86,2457.0
ELMT,2026-09-14T11:45:00Z,23.85,23.88,23.6,23.6,11873.0
ELMT,2026-09-14T11:46:00Z,23.61,23.67,23.29,23.39,15034.0
ELMT,2026-09-14T11:47:00Z,23.37,23.42,23.12,23.32,13258.0
ELMT,2026-09-14T11:48:00Z,23.3,23.5,23.3,23.5,6288.0
ELMT,2026-09-14T11:49:00Z,23.5,23.5,23.2,23.21,4149.0
ELMT,2026-09-14T11:50:00Z,23.12,23.48,22.91,23.45,20440.0
ELMT,2026-09-14T11:51:00Z,23.4,23.5,23.19,23.2,10894.0
ELMT,2026-09-14T11:52:00Z,23.2,23.43,23.2,23.43,3241.0
ELMT,2026-09-14T11:53:00Z,23.39,23.47,23.25,23.25,11177.0
ELMT,2026-09-14T11:54:00Z,23.25,23.3,23.21,23.3,2918.0
ELMT,2026-09-14T11:55:00Z,23.25,23.6,23.25,23.52,4036.0
ELMT,2026-09-14T11:56:00Z,23.52,23.7,23.03,23.07,18101.0
ELMT,2026-09-14T11:57:00Z,23.15,23.17,22.98,23.17,7856.0
ELMT,2026-09-14T11:58:00Z,23.05,23.15,23.0,23.0,9665.0
ELMT,2026-09-14T11:59:00Z,23.02,23.03,22.82,22.89,13350.0
ELMT,2026-09-14T12:00:00Z,22.89,23.13,22.89,23.08,2482.0
ELMT,2026-09-14T12:01:00Z,23.08,23.08,22.94,22.94,5399.0
ELMT,2026-09-14T12:02:00Z,22.95,22.95,22.61,22.65,17890.0
ELMT,2026-09-14T12:03:00Z,22.64,22.8,22.56,22.65,6233.0
ELMT,2026-09-14T12:04:00Z,22.68,22.9,22.63,22.89,7046.0
ELMT,2026-09-14T12:05:00Z,22.89,22.9,22.77,22.81,3241.0
ELMT,2026-09-14T12:06:00Z,22.81,22.83,22.79,22.8,2393.0
ELMT,2026-09-14T12:07:00Z,22.75,23.09,22.73,23.09,7714.0
ELMT,2026-09-14T12:08:00Z,23.09,23.09,22.92,22.92,1824.0
ELMT,2026-09-14T12:09:00Z,22.92,23.11,22.92,22.97,3293.0
ELMT,2026-09-14T12:10:00Z,22.97,23.1,22.92,23.05,5229.0
ELMT,2026-09-14T12:11:00Z,23.05,23.1,23.05,23.07,1662.0
ELMT,2026-09-14T12:12:00Z,23.0,23.0,22.88,22.89,7164.0
ELMT,2026-09-14T12:13:00Z,22.89,22.92,22.88,22.91,1107.0
ELMT,2026-09-14T12:14:00Z,22.91,22.91,22.7,22.77,5462.0
ELMT,2026-09-14T12:15:00Z,22.65,22.75,22.6,22.6,6089.0
ELMT,2026-09-14T12:16:00Z,22.6,22.7,22.2,22.23,26366.0
ELMT,2026-09-14T12:17:00Z,22.22,22.35,22.0,22.0,17800.0
ELMT,2026-09-14T12:18:00Z,21.96,22.0,21.64,22.0,23236.0
ELMT,2026-09-14T12:19:00Z,22.0,22.0,21.44,21.87,17662.0
ELMT,2026-09-14T12:20:00Z,21.74,21.9,21.72,21.9,5108.0
ELMT,2026-09-14T12:21:00Z,21.9,21.95,21.68,21.73,3962.0
ELMT,2026-09-14T12:22:00Z,21.85,22.05,21.72,21.97,12627.0
ELMT,2026-09-14T12:23:00Z,21.95,22.19,21.95,22.1,10574.0
ELMT,2026-09-14T12:24:00Z,22.0,22.14,21.78,22.12,5672.0
ELMT,2026-09-14T12:25:00Z,22.11,22.14,21.95,22.11,4980.0
ELMT,2026-09-14T12:26:00Z,22.03,22.2,22.03,22.03,7414.0
ELMT,2026-09-14T12:27:00Z,22.03,22.12,22.03,22.04,2746.0
ELMT,2026-09-14T12:28:00Z,21.98,22.14,21.98,22.1,1790.0
ELMT,2026-09-14T12:29:00Z,21.99,22.12,21.83,21.83,2737.0
ELMT,2026-09-14T12:30:00Z,21.9,21.91,21.8,21.91,6712.0
ELMT,2026-09-14T12:31:00Z,21.83,21.85,21.6,21.68,20088.0
ELMT,2026-09-14T12:32:00Z,21.6,21.62,21.41,21.54,7682.0
ELMT,2026-09-14T12:33:00Z,21.54,21.61,21.46,21.59,7378.0
ELMT,2026-09-14T12:34:00Z,21.58,21.7,21.42,21.56,3337.0
ELMT,2026-09-14T12:35:00Z,21.45,21.75,21.45,21.58,2150.0
ELMT,2026-09-14T12:36:00Z,21.58,21.6,21.5,21.58,2217.0
ELMT,2026-09-14T12:37:00Z,21.51,21.61,21.47,21.58,2622.0
ELMT,2026-09-14T12:38:00Z,21.58,21.59,21.55,21.55,4028.0
ELMT,2026-09-14T12:39:00Z,21.55,21.55,21.3,21.5,8957.0
ELMT,2026-09-14T12:40:00Z,21.44,21.81,21.44,21.81,4515.0
ELMT,2026-09-14T12:41:00Z,21.83,21.99,21.79,21.97,6707.0
ELMT,2026-09-14T12:42:00Z,21.9,22.27,21.9,22.2,8523.0
ELMT,2026-09-14T12:43:00Z,22.2,22.24,22.12,22.12,8970.0
ELMT,2026-09-14T12:44:00Z,22.12,22.38,22.12,22.36,6560.0
ELMT,2026-09-14T12:45:00Z,22.27,22.47,22.26,22.33,9190.0
ELMT,2026-09-14T12:46:00Z,22.32,22.38,22.29,22.38,4955.0
ELMT,2026-09-14T12:47:00Z,22.35,22.39,22.17,22.39,7886.0
ELMT,2026-09-14T12:48:00Z,22.36,22.36,22.32,22.35,1329.0
ELMT,2026-09-14T12:49:00Z,22.35,22.35,22.22,22.32,3469.0
ELMT,2026-09-14T12:50:00Z,22.35,22.58,22.35,22.41,10322.0
ELMT,2026-09-14T12:51:00Z,22.41,22.58,22.41,22.51,4960.0
ELMT,2026-09-14T12:52:00Z,22.55,22.61,22.49,22.6,10297.0
ELMT,2026-09-14T12:53:00Z,22.6,22.8,22.52,22.8,10233.0
ELMT,2026-09-14T12:54:00Z,22.8,22.87,22.77,22.82,8154.0
ELMT,2026-09-14T12:55:00Z,22.82,22.85,22.66,22.66,4864.0
ELMT,2026-09-14T12:56:00Z,22.66,22.66,22.5,22.51,7324.0
ELMT,2026-09-14T12:57:00Z,22.5,22.56,22.46,22.5,2804.0
ELMT,2026-09-14T12:58:00Z,22.48,22.58,22.48,22.5,1208.0
ELMT,2026-09-14T12:59:00Z,22.55,22.8,22.55,22.75,4163.0
ELMT,2026-09-14T13:00:00Z,22.75,22.82,22.65,22.77,6537.0
ELMT,2026-09-14T13:01:00Z,22.68,23.29,22.65,23.2,65676.0
ELMT,2026-09-14T13:02:00Z,23.17,23.29,23.0,23.13,10907.0
ELMT,2026-09-14T13:03:00Z,23.13,23.2,23.05,23.05,2142.0
ELMT,2026-09-14T13:04:00Z,23.11,23.29,23.04,23.23,3921.0
ELMT,2026-09-14T13:05:00Z,23.21,23.24,23.05,23.07,3211.0
ELMT,2026-09-14T13:06:00Z,23.05,23.16,23.04,23.16,4998.0
ELMT,2026-09-14T13:07:00Z,23.1,23.15,23.06,23.06,2987.0
ELMT,2026-09-14T13:08:00Z,23.07,23.1,22.98,22.98,6147.0
ELMT,2026-09-14T13:09:00Z,22.89,23.23,22.85,23.21,5952.0
ELMT,2026-09-14T13:10:00Z,23.25,23.4,23.1,23.33,8900.0
ELMT,2026-09-14T13:11:00Z,23.33,23.35,23.2,23.2,5478.0
ELMT,2026-09-14T13:12:00Z,23.2,23.2,23.08,23.12,3472.0
ELMT,2026-09-14T13:13:00Z,23.01,23.22,23.01,23.22,3142.0
ELMT,2026-09-14T13:14:00Z,23.22,23.5,23.17,23.33,16095.0
ELMT,2026-09-14T13:15:00Z,23.35,23.42,23.17,23.17,3712.0
ELMT,2026-09-14T13:16:00Z,23.17,23.23,23.1,23.12,5698.0
ELMT,2026-09-14T13:17:00Z,23.11,23.2,23.11,23.13,6427.0
ELMT,2026-09-14T13:18:00Z,23.16,23.16,23.03,23.05,9052.0
ELMT,2026-09-14T13:19:00Z,23.05,23.2,22.82,22.82,3389.0
ELMT,2026-09-14T13:20:00Z,22.79,22.92,22.54,22.87,10827.0
ELMT,2026-09-14T13:21:00Z,22.87,22.88,22.58,22.88,8898.0
ELMT,2026-09-14T13:22:00Z,22.88,22.88,22.81,22.82,1292.0
ELMT,2026-09-14T13:23:00Z,22.84,23.03,22.84,23.03,2435.0
ELMT,2026-09-14T13:24:00Z,23.1,23.18,23.04,23.05,5000.0
ELMT,2026-09-14T13:25:00Z,23.04,23.16,23.04,23.16,1637.0
ELMT,2026-09-14T13:26:00Z,23.05,23.15,23.0,23.0,3117.0
ELMT,2026-09-14T13:27:00Z,23.0,23.01,22.7,22.8,2916.0
ELMT,2026-09-14T13:28:00Z,22.6,22.66,22.36,22.39,14833.0
ELMT,2026-09-14T13:29:00Z,22.36,22.5,22.24,22.35,7399.0
ELMT,2026-09-14T13:30:00Z,22.36,22.47,20.85,21.65,89380.0
ELMT,2026-09-14T13:31:00Z,21.67,22.23,21.4,22.23,75243.0
ELMT,2026-09-14T13:32:00Z,22.17,23.11,22.17,23.03,136936.0
ELMT,2026-09-14T13:33:00Z,22.96,23.02,22.46,22.48,59327.0
ELMT,2026-09-14T13:34:00Z,22.46,22.46,21.7,21.78,67452.0
ELMT,2026-09-14T13:35:00Z,21.73,22.17,21.37,21.8,59311.0
ELMT,2026-09-14T13:36:00Z,21.8,21.8,21.4,21.5,32513.0
ELMT,2026-09-14T13:37:00Z,21.5,21.68,21.03,21.19,47100.0
ELMT,2026-09-14T13:38:00Z,21.31,21.5,20.78,21.37,69492.0
ELMT,2026-09-14T13:39:00Z,21.15,21.69,21.0,21.64,53828.0
ELMT,2026-09-14T13:40:00Z,21.6,22.04,21.56,21.77,51585.0
ELMT,2026-09-14T13:41:00Z,21.77,22.38,21.73,22.35,49097.0
ELMT,2026-09-14T13:42:00Z,22.35,22.4,21.75,22.07,53066.0
ELMT,2026-09-14T13:43:00Z,22.0,22.16,21.81,21.89,22708.0
ELMT,2026-09-14T13:44:00Z,21.94,21.96,21.78,21.81,11921.0
ELMT,2026-09-14T13:45:00Z,21.81,22.05,21.22,21.31,77641.0
ELMT,2026-09-14T13:46:00Z,21.31,21.5,21.16,21.26,27818.0
ELMT,2026-09-14T13:47:00Z,21.23,21.56,20.95,21.44,48380.0
ELMT,2026-09-14T13:48:00Z,21.55,21.72,21.26,21.41,23883.0
ELMT,2026-09-14T13:49:00Z,21.45,21.75,21.4,21.64,36998.0
ELMT,2026-09-14T13:50:00Z,21.68,21.68,21.31,21.46,31348.0
ELMT,2026-09-14T13:51:00Z,21.4,21.45,21.12,21.12,32435.0
ELMT,2026-09-14T13:52:00Z,21.12,21.31,21.02,21.23,17599.0
ELMT,2026-09-14T13:53:00Z,21.23,21.4,20.33,20.43,115676.0
ELMT,2026-09-14T13:54:00Z,20.6,20.6,20.22,20.35,49567.0
ELMT,2026-09-14T13:55:00Z,20.4,20.88,20.3,20.54,28063.0
ELMT,2026-09-14T13:56:00Z,20.66,20.95,20.53,20.92,25483.0
ELMT,2026-09-14T13:57:00Z,20.9,21.18,20.8,21.0,31781.0
ELMT,2026-09-14T13:58:00Z,20.99,21.39,20.97,21.13,23660.0
ELMT,2026-09-14T13:59:00Z,21.16,21.5,20.89,21.49,31082.0
ELMT,2026-09-14T14:00:00Z,21.49,22.4,21.49,22.32,99822.0
ELMT,2026-09-14T14:01:00Z,22.32,22.37,22.0,22.15,53214.0
ELMT,2026-09-14T14:02:00Z,22.21,22.21,21.74,21.91,37642.0
ELMT,2026-09-14T14:03:00Z,21.93,22.1,21.84,21.96,28144.0
ELMT,2026-09-14T14:04:00Z,22.0,22.53,22.0,22.46,63772.0
ELMT,2026-09-14T14:05:00Z,22.45,22.5,22.3,22.47,31268.0
ELMT,2026-09-14T14:06:00Z,22.55,22.88,22.12,22.19,65443.0
ELMT,2026-09-14T14:07:00Z,22.35,22.4,22.2,22.33,14049.0
ELMT,2026-09-14T14:08:00Z,22.35,22.46,22.21,22.27,15551.0
ELMT,2026-09-14T14:09:00Z,22.21,22.21,21.86,22.04,38198.0
ELMT,2026-09-14T14:10:00Z,22.03,22.3,21.99,22.01,10770.0
ELMT,2026-09-14T14:11:00Z,22.0,22.16,21.88,21.9,10331.0
ELMT,2026-09-14T14:12:00Z,21.89,22.0,21.88,21.92,7756.0
ELMT,2026-09-14T14:13:00Z,21.92,22.15,21.8,22.12,17857.0
ELMT,2026-09-14T14:14:00Z,22.12,22.23,21.98,22.09,13871.0
ELMT,2026-09-14T14:15:00Z,22.08,22.2,21.98,22.03,10333.0
ELMT,2026-09-14T14:16:00Z,22.03,22.18,22.03,22.06,2640.0
ELMT,2026-09-14T14:17:00Z,22.09,22.23,21.89,21.98,21767.0
ELMT,2026-09-14T14:18:00Z,22.01,22.18,21.94,22.13,10515.0
ELMT,2026-09-14T14:19:00Z,22.11,22.39,21.94,22.38,24514.0
ELMT,2026-09-14T14:20:00Z,22.38,22.38,22.05,22.19,21312.0
ELMT,2026-09-14T14:21:00Z,22.28,22.28,22.06,22.14,18012.0
ELMT,2026-09-14T14:22:00Z,22.14,22.2,22.06,22.19,5412.0
ELMT,2026-09-14T14:23:00Z,22.19,22.44,22.14,22.31,12567.0
ELMT,2026-09-14T14:24:00Z,22.37,22.43,22.08,22.09,8928.0
ELMT,2026-09-14T14:25:00Z,22.1,22.25,22.05,22.25,5643.0
ELMT,2026-09-14T14:26:00Z,22.11,22.19,22.0,22.1,11250.0
ELMT,2026-09-14T14:27:00Z,22.1,22.35,22.1,22.31,11284.0
ELMT,2026-09-14T14:28:00Z,22.24,22.4,22.19,22.31,17805.0
ELMT,2026-09-14T14:29:00Z,22.31,22.67,22.28,22.41,39303.0
ELMT,2026-09-14T14:30:00Z,22.41,22.67,22.35,22.54,46689.0
ELMT,2026-09-14T14:31:00Z,22.42,22.75,22.42,22.7,39957.0
ELMT,2026-09-14T14:32:00Z,22.66,22.88,22.5,22.59,40273.0
ELMT,2026-09-14T14:33:00Z,22.58,23.0,22.58,22.89,35436.0
ELMT,2026-09-14T14:34:00Z,22.95,23.32,22.84,23.08,85795.0
ELMT,2026-09-14T14:35:00Z,23.05,23.69,22.81,23.39,132623.0
ELMT,2026-09-14T14:36:00Z,23.42,24.25,23.35,24.08,159088.0
ELMT,2026-09-14T14:37:00Z,24.13,24.39,23.81,24.09,141549.0
ELMT,2026-09-14T14:38:00Z,24.13,24.29,24.01,24.28,76370.0
ELMT,2026-09-14T14:39:00Z,24.23,25.03,24.23,24.43,238246.0
ELMT,2026-09-14T14:40:00Z,24.39,24.8,24.17,24.71,98187.0
ELMT,2026-09-14T14:41:00Z,24.71,24.83,24.28,24.5,66887.0
ELMT,2026-09-14T14:42:00Z,24.49,24.75,24.38,24.6,38268.0
ELMT,2026-09-14T14:43:00Z,24.48,24.83,24.48,24.56,63094.0
ELMT,2026-09-14T14:44:00Z,24.57,24.67,24.3,24.5,54028.0
ELMT,2026-09-14T14:45:00Z,24.47,24.48,23.89,24.05,101643.0
ELMT,2026-09-14T14:46:00Z,24.04,24.1,23.6,23.79,72831.0
ELMT,2026-09-14T14:47:00Z,23.78,23.88,23.51,23.71,45586.0
ELMT,2026-09-14T14:48:00Z,23.71,23.75,23.43,23.51,29599.0
ELMT,2026-09-14T14:49:00Z,23.55,23.7,23.21,23.37,73059.0
ELMT,2026-09-14T14:50:00Z,23.35,23.44,23.23,23.28,44084.0
ELMT,2026-09-14T14:51:00Z,23.23,23.34,22.96,23.34,73887.0
ELMT,2026-09-14T14:52:00Z,23.24,23.3,23.0,23.1,28175.0
ELMT,2026-09-14T14:53:00Z,23.03,23.54,23.0,23.52,48399.0
ELMT,2026-09-14T14:54:00Z,23.46,23.58,23.35,23.39,35646.0
ELMT,2026-09-14T14:55:00Z,23.42,23.48,23.27,23.35,17121.0
ELMT,2026-09-14T14:56:00Z,23.35,23.9,23.27,23.78,70457.0
ELMT,2026-09-14T14:57:00Z,23.82,23.84,23.57,23.73,47094.0
ELMT,2026-09-14T14:58:00Z,23.7,23.77,23.4,23.61,31190.0
ELMT,2026-09-14T14:59:00Z,23.66,23.77,23.61,23.69,18442.0
ELMT,2026-09-14T15:00:00Z,23.75,23.75,23.4,23.49,27981.0
ELMT,2026-09-14T15:01:00Z,23.55,23.55,23.12,23.4,35915.0
ELMT,2026-09-14T15:02:00Z,23.31,23.4,22.95,22.96,38541.0
ELMT,2026-09-14T15:03:00Z,22.95,23.08,22.6,22.86,100944.0
ELMT,2026-09-14T15:04:00Z,22.89,23.2,22.89,23.17,24783.0
ELMT,2026-09-14T15:05:00Z,23.14,23.39,23.1,23.39,26523.0
ELMT,2026-09-14T15:06:00Z,23.36,23.47,23.21,23.3,22434.0
ELMT,2026-09-14T15:07:00Z,23.39,23.45,23.25,23.41,16601.0
ELMT,2026-09-14T15:08:00Z,23.39,23.4,23.15,23.33,22335.0
ELMT,2026-09-14T15:09:00Z,23.22,23.25,23.1,23.22,6450.0
ELMT,2026-09-14T15:10:00Z,23.14,23.25,23.05,23.23,13512.0
ELMT,2026-09-14T15:11:00Z,23.21,23.5,23.16,23.45,17036.0
ELMT,2026-09-14T15:12:00Z,23.45,23.49,23.35,23.41,10724.0
ELMT,2026-09-14T15:13:00Z,23.41,23.41,23.26,23.35,13598.0
ELMT,2026-09-14T15:14:00Z,23.34,23.37,23.1,23.28,9198.0
ELMT,2026-09-14T15:15:00Z,23.2,23.2,22.92,23.05,20987.0
ELMT,2026-09-14T15:16:00Z,23.09,23.19,22.95,23.09,27491.0
ELMT,2026-09-14T15:17:00Z,23.09,23.18,22.97,22.97,11005.0
ELMT,2026-09-14T15:18:00Z,23.02,23.07,22.8,22.85,26899.0
ELMT,2026-09-14T15:19:00Z,22.89,22.93,22.7,22.73,29969.0
ELMT,2026-09-14T15:20:00Z,22.76,22.77,22.48,22.54,70640.0
ELMT,2026-09-14T15:21:00Z,22.57,22.71,22.49,22.52,27871.0
ELMT,2026-09-14T15:22:00Z,22.59,22.76,22.4,22.49,40760.0
ELMT,2026-09-14T15:23:00Z,22.45,22.76,22.44,22.57,24455.0
ELMT,2026-09-14T15:24:00Z,22.59,22.73,22.55,22.57,11202.0
ELMT,2026-09-14T15:25:00Z,22.52,22.7,22.44,22.47,20853.0
ELMT,2026-09-14T15:26:00Z,22.4,22.63,22.33,22.48,26545.0
ELMT,2026-09-14T15:27:00Z,22.45,22.58,22.44,22.45,8027.0
ELMT,2026-09-14T15:28:00Z,22.49,22.58,22.46,22.57,8719.0
ELMT,2026-09-14T15:29:00Z,22.5,22.62,22.42,22.49,13677.0
ELMT,2026-09-14T15:30:00Z,22.49,22.78,22.4,22.66,15336.0
ELMT,2026-09-14T15:31:00Z,22.62,22.73,22.5,22.58,14065.0
MLEC,2026-09-14T08:03:00Z,8.0,8.0,8.0,8.0,100.0
MLEC,2026-09-14T08:04:00Z,8.0,8.0,8.0,8.0,100.0
MLEC,2026-09-14T08:05:00Z,8.0,8.0,8.0,8.0,0.0
MLEC,2026-09-14T08:06:00Z,8.0,8.0,8.0,8.0,0.0
MLEC,2026-09-14T08:07:00Z,8.0,8.0,8.0,8.0,100.0
MLEC,2026-09-14T08:08:00Z,8.0,8.0,8.0,8.0,0.0
MLEC,2026-09-14T08:09:00Z,8.0,8.0,8.0,8.0,0.0
MLEC,2026-09-14T08:10:00Z,8.01,8.01,8.01,8.01,250.0
MLEC,2026-09-14T08:11:00Z,8.01,8.01,8.01,8.01,0.0
MLEC,2026-09-14T08:12:00Z,8.01,8.01,8.01,8.01,0.0
MLEC,2026-09-14T08:13:00Z,8.01,8.01,8.01,8.01,0.0
MLEC,2026-09-14T08:14:00Z,8.01,8.01,8.01,8.01,0.0
MLEC,2026-09-14T08:15:00Z,8.01,8.01,8.01,8.01,0.0
MLEC,2026-09-14T08:16:00Z,8.01,8.01,8.01,8.01,0.0
MLEC,2026-09-14T08:17:00Z,8.01,8.01,8.01,8.01,0.0
MLEC,2026-09-14T08:18:00Z,8.01,8.01,8.01,8.01,0.0
MLEC,2026-09-14T08:19:00Z,8.01,8.01,8.01,8.01,0.0
MLEC,2026-09-14T08:20:00Z,8.01,8.01,8.01,8.01,0.0
MLEC,2026-09-14T08:21:00Z,8.01,8.01,8.01,8.01,0.0
MLEC,2026-09-14T08:22:00Z,8.01,8.01,8.01,8.01,0.0
MLEC,2026-09-14T08:23:00Z,8.01,8.01,8.01,8.01,0.0
MLEC,2026-09-14T08:24:00Z,8.01,8.01,8.01,8.01,0.0
MLEC,2026-09-14T08:25:00Z,8.01,8.01,8.01,8.01,0.0
MLEC,2026-09-14T08:26:00Z,8.01,8.01,8.01,8.01,0.0
MLEC,2026-09-14T08:27:00Z,8.01,8.01,8.01,8.01,0.0
MLEC,2026-09-14T08:28:00Z,8.01,8.01,8.01,8.01,0.0
MLEC,2026-09-14T08:29:00Z,8.01,8.01,8.01,8.01,0.0
MLEC,2026-09-14T08:30:00Z,8.01,8.01,8.01,8.01,0.0
MLEC,2026-09-14T08:31:00Z,8.01,8.01,8.01,8.01,0.0
MLEC,2026-09-14T08:32:00Z,8.01,8.01,8.01,8.01,0.0
MLEC,2026-09-14T08:33:00Z,8.01,8.01,8.01,8.01,0.0
MLEC,2026-09-14T08:34:00Z,8.01,8.01,8.01,8.01,0.0
MLEC,2026-09-14T08:35:00Z,8.01,8.01,8.01,8.01,0.0
MLEC,2026-09-14T08:36:00Z,8.01,8.01,8.01,8.01,0.0
MLEC,2026-09-14T08:37:00Z,8.01,8.01,8.01,8.01,0.0
MLEC,2026-09-14T08:38:00Z,8.01,8.01,8.01,8.01,0.0
MLEC,2026-09-14T08:39:00Z,8.01,8.01,8.01,8.01,0.0
MLEC,2026-09-14T08:40:00Z,8.01,8.01,8.01,8.01,0.0
MLEC,2026-09-14T08:41:00Z,8.01,8.01,8.01,8.01,0.0
MLEC,2026-09-14T08:42:00Z,8.01,8.01,8.01,8.01,0.0
MLEC,2026-09-14T08:43:00Z,8.01,8.01,8.01,8.01,0.0
MLEC,2026-09-14T08:44:00Z,8.01,8.01,8.01,8.01,0.0
MLEC,2026-09-14T08:45:00Z,8.01,8.01,8.01,8.01,0.0
MLEC,2026-09-14T08:46:00Z,8.01,8.01,8.01,8.01,0.0
MLEC,2026-09-14T08:47:00Z,8.01,8.01,8.01,8.01,0.0
MLEC,2026-09-14T08:48:00Z,8.01,8.01,8.01,8.01,0.0
MLEC,2026-09-14T08:49:00Z,8.01,8.01,8.01,8.01,0.0
MLEC,2026-09-14T08:50:00Z,8.01,8.01,8.01,8.01,0.0
MLEC,2026-09-14T08:51:00Z,8.01,8.01,8.01,8.01,0.0
MLEC,2026-09-14T08:52:00Z,8.01,8.01,8.01,8.01,0.0
MLEC,2026-09-14T08:53:00Z,8.01,8.01,8.01,8.01,0.0
MLEC,2026-09-14T08:54:00Z,8.01,8.01,8.01,8.01,0.0
MLEC,2026-09-14T08:55:00Z,8.01,8.01,8.01,8.01,0.0
MLEC,2026-09-14T08:56:00Z,8.01,8.01,8.01,8.01,0.0
MLEC,2026-09-14T08:57:00Z,8.0,8.0,8.0,8.0,511.0
MLEC,2026-09-14T08:58:00Z,8.0,8.0,8.0,8.0,0.0
MLEC,2026-09-14T08:59:00Z,8.0,8.0,8.0,8.0,0.0
MLEC,2026-09-14T09:00:00Z,8.0,8.0,8.0,8.0,0.0
MLEC,2026-09-14T09:01:00Z,8.0,8.0,8.0,8.0,0.0
MLEC,2026-09-14T09:02:00Z,8.0,8.0,8.0,8.0,0.0
MLEC,2026-09-14T09:03:00Z,8.0,8.0,8.0,8.0,0.0
MLEC,2026-09-14T09:04:00Z,8.0,8.0,8.0,8.0,0.0
MLEC,2026-09-14T09:05:00Z,8.18,8.18,8.18,8.18,100.0
MLEC,2026-09-14T09:06:00Z,8.18,8.18,8.18,8.18,0.0
MLEC,2026-09-14T09:07:00Z,8.18,8.18,8.18,8.18,0.0
MLEC,2026-09-14T09:08:00Z,8.2,8.2,8.2,8.2,100.0
MLEC,2026-09-14T09:09:00Z,8.31,8.35,8.31,8.35,500.0
MLEC,2026-09-14T09:10:00Z,8.35,8.35,8.35,8.35,0.0
MLEC,2026-09-14T09:11:00Z,8.35,8.35,8.35,8.35,0.0
MLEC,2026-09-14T09:12:00Z,8.35,8.35,8.35,8.35,0.0
MLEC,2026-09-14T09:13:00Z,8.35,8.35,8.35,8.35,0.0
MLEC,2026-09-14T09:14:00Z,8.49,8.5,8.49,8.5,427.0
MLEC,2026-09-14T09:15:00Z,8.5,8.5,8.1,8.1,571.0
MLEC,2026-09-14T09:16:00Z,7.9,7.9,7.88,7.88,359.0
MLEC,2026-09-14T09:17:00Z,7.88,7.88,7.88,7.88,0.0
MLEC,2026-09-14T09:18:00Z,7.88,7.88,7.88,7.88,0.0
MLEC,2026-09-14T09:19:00Z,7.88,7.88,7.88,7.88,0.0
MLEC,2026-09-14T09:20:00Z,7.88,7.88,7.88,7.88,0.0
MLEC,2026-09-14T09:21:00Z,7.88,7.88,7.88,7.88,0.0
MLEC,2026-09-14T09:22:00Z,7.88,7.88,7.88,7.88,0.0
MLEC,2026-09-14T09:23:00Z,7.88,7.88,7.88,7.88,0.0
MLEC,2026-09-14T09:24:00Z,7.88,7.88,7.88,7.88,0.0
MLEC,2026-09-14T09:25:00Z,7.88,7.88,7.88,7.88,0.0
MLEC,2026-09-14T09:26:00Z,7.88,7.88,7.88,7.88,0.0
MLEC,2026-09-14T09:27:00Z,7.88,7.88,7.88,7.88,0.0
MLEC,2026-09-14T09:28:00Z,7.88,7.88,7.88,7.88,0.0
MLEC,2026-09-14T09:29:00Z,7.89,7.89,7.89,7.89,200.0
MLEC,2026-09-14T09:30:00Z,7.89,7.89,7.89,7.89,0.0
MLEC,2026-09-14T09:31:00Z,7.89,7.89,7.89,7.89,0.0
MLEC,2026-09-14T09:32:00Z,7.89,7.89,7.89,7.89,0.0
MLEC,2026-09-14T09:33:00Z,7.89,7.89,7.89,7.89,0.0
MLEC,2026-09-14T09:34:00Z,7.89,7.89,7.89,7.89,0.0
MLEC,2026-09-14T09:35:00Z,7.89,7.89,7.89,7.89,0.0
MLEC,2026-09-14T09:36:00Z,7.89,7.89,7.89,7.89,0.0
MLEC,2026-09-14T09:37:00Z,7.89,7.89,7.89,7.89,0.0
MLEC,2026-09-14T09:38:00Z,7.89,7.89,7.89,7.89,0.0
MLEC,2026-09-14T09:39:00Z,7.89,7.89,7.89,7.89,0.0
MLEC,2026-09-14T09:40:00Z,7.89,7.89,7.89,7.89,0.0
MLEC,2026-09-14T09:41:00Z,7.89,7.89,7.89,7.89,0.0
MLEC,2026-09-14T09:42:00Z,7.89,7.89,7.89,7.89,0.0
MLEC,2026-09-14T09:43:00Z,7.89,7.89,7.89,7.89,0.0
MLEC,2026-09-14T09:44:00Z,7.89,7.89,7.89,7.89,0.0
MLEC,2026-09-14T09:45:00Z,8.29,8.29,8.29,8.29,100.0
MLEC,2026-09-14T09:46:00Z,8.29,8.29,8.29,8.29,0.0
MLEC,2026-09-14T09:47:00Z,8.29,8.29,8.29,8.29,0.0
MLEC,2026-09-14T09:48:00Z,8.29,8.29,8.29,8.29,0.0
MLEC,2026-09-14T09:49:00Z,8.29,8.29,8.29,8.29,0.0
MLEC,2026-09-14T09:50:00Z,8.29,8.29,8.29,8.29,0.0
MLEC,2026-09-14T09:51:00Z,8.29,8.29,8.29,8.29,0.0
MLEC,2026-09-14T09:52:00Z,8.29,8.29,8.29,8.29,0.0
MLEC,2026-09-14T09:53:00Z,8.29,8.29,8.29,8.29,0.0
MLEC,2026-09-14T09:54:00Z,8.29,8.29,8.29,8.29,0.0
MLEC,2026-09-14T09:55:00Z,8.29,8.29,8.29,8.29,0.0
MLEC,2026-09-14T09:56:00Z,8.29,8.29,8.29,8.29,0.0
MLEC,2026-09-14T09:57:00Z,8.29,8.29,8.29,8.29,0.0
MLEC,2026-09-14T09:58:00Z,8.29,8.29,8.29,8.29,0.0
MLEC,2026-09-14T09:59:00Z,8.29,8.29,8.29,8.29,0.0
MLEC,2026-09-14T10:00:00Z,8.29,8.29,8.29,8.29,0.0
MLEC,2026-09-14T10:01:00Z,8.29,8.29,8.29,8.29,0.0
MLEC,2026-09-14T10:02:00Z,8.29,8.29,8.29,8.29,0.0
MLEC,2026-09-14T10:03:00Z,8.29,8.29,8.29,8.29,0.0
MLEC,2026-09-14T10:04:00Z,8.29,8.29,8.29,8.29,0.0
MLEC,2026-09-14T10:05:00Z,8.29,8.29,8.29,8.29,0.0
MLEC,2026-09-14T10:06:00Z,8.29,8.29,8.29,8.29,0.0
MLEC,2026-09-14T10:07:00Z,8.29,8.29,8.29,8.29,0.0
MLEC,2026-09-14T10:08:00Z,8.29,8.29,8.29,8.29,0.0
MLEC,2026-09-14T10:09:00Z,8.29,8.29,8.29,8.29,0.0
MLEC,2026-09-14T10:10:00Z,8.29,8.29,8.29,8.29,0.0
MLEC,2026-09-14T10:11:00Z,8.29,8.29,8.29,8.29,0.0
MLEC,2026-09-14T10:12:00Z,8.29,8.29,8.29,8.29,0.0
MLEC,2026-09-14T10:13:00Z,8.29,8.29,8.29,8.29,0.0
MLEC,2026-09-14T10:14:00Z,8.29,8.29,8.29,8.29,0.0
MLEC,2026-09-14T10:15:00Z,8.29,8.29,8.29,8.29,0.0
MLEC,2026-09-14T10:16:00Z,8.29,8.29,8.29,8.29,0.0
MLEC,2026-09-14T10:17:00Z,8.29,8.29,8.29,8.29,0.0
MLEC,2026-09-14T10:18:00Z,8.29,8.29,8.29,8.29,0.0
MLEC,2026-09-14T10:19:00Z,8.29,8.29,8.29,8.29,0.0
MLEC,2026-09-14T10:20:00Z,8.29,8.29,8.29,8.29,0.0
MLEC,2026-09-14T10:21:00Z,8.29,8.29,8.29,8.29,0.0
MLEC,2026-09-14T10:22:00Z,8.29,8.29,8.29,8.29,0.0
MLEC,2026-09-14T10:23:00Z,8.29,8.29,8.29,8.29,0.0
MLEC,2026-09-14T10:24:00Z,8.29,8.29,8.29,8.29,0.0
MLEC,2026-09-14T10:25:00Z,8.29,8.29,8.29,8.29,0.0
MLEC,2026-09-14T10:26:00Z,8.29,8.29,8.29,8.29,0.0
MLEC,2026-09-14T10:27:00Z,8.29,8.29,8.29,8.29,0.0
MLEC,2026-09-14T10:28:00Z,8.29,8.29,8.29,8.29,0.0
MLEC,2026-09-14T10:29:00Z,8.29,8.29,8.29,8.29,0.0
MLEC,2026-09-14T10:30:00Z,8.29,8.29,8.29,8.29,0.0
MLEC,2026-09-14T10:31:00Z,8.29,8.29,8.29,8.29,0.0
MLEC,2026-09-14T10:32:00Z,8.29,8.29,8.29,8.29,0.0
MLEC,2026-09-14T10:33:00Z,8.29,8.29,8.29,8.29,0.0
MLEC,2026-09-14T10:34:00Z,8.29,8.29,8.29,8.29,0.0
MLEC,2026-09-14T10:35:00Z,8.29,8.29,8.29,8.29,0.0
MLEC,2026-09-14T10:36:00Z,8.29,8.29,8.29,8.29,125.0
MLEC,2026-09-14T10:37:00Z,8.29,8.29,8.29,8.29,0.0
MLEC,2026-09-14T10:38:00Z,8.29,8.29,8.29,8.29,0.0
MLEC,2026-09-14T10:39:00Z,8.29,8.29,8.29,8.29,0.0
MLEC,2026-09-14T10:40:00Z,8.29,8.29,8.29,8.29,0.0
MLEC,2026-09-14T10:41:00Z,8.29,8.29,8.29,8.29,0.0
MLEC,2026-09-14T10:42:00Z,8.29,8.29,8.29,8.29,0.0
MLEC,2026-09-14T10:43:00Z,8.29,8.29,8.29,8.29,0.0
MLEC,2026-09-14T10:44:00Z,8.29,8.29,8.29,8.29,0.0
MLEC,2026-09-14T10:45:00Z,8.29,8.29,8.29,8.29,0.0
MLEC,2026-09-14T10:46:00Z,8.29,8.29,8.29,8.29,0.0
MLEC,2026-09-14T10:47:00Z,8.29,8.29,8.29,8.29,0.0
MLEC,2026-09-14T10:48:00Z,8.29,8.3,8.29,8.3,447.0
MLEC,2026-09-14T10:49:00Z,8.3,8.41,8.3,8.41,362.0
MLEC,2026-09-14T10:50:00Z,8.41,8.41,8.4,8.4,200.0
MLEC,2026-09-14T10:51:00Z,8.4,8.4,8.4,8.4,0.0
MLEC,2026-09-14T10:52:00Z,8.4,8.4,8.4,8.4,0.0
MLEC,2026-09-14T10:53:00Z,8.4,8.4,8.4,8.4,0.0
MLEC,2026-09-14T10:54:00Z,8.4,8.4,8.4,8.4,0.0
MLEC,2026-09-14T10:55:00Z,8.4,8.4,8.4,8.4,0.0
MLEC,2026-09-14T10:56:00Z,8.4,8.4,8.4,8.4,0.0
MLEC,2026-09-14T10:57:00Z,8.4,8.4,8.4,8.4,0.0
MLEC,2026-09-14T10:58:00Z,8.4,8.4,8.4,8.4,0.0
MLEC,2026-09-14T10:59:00Z,8.4,8.4,8.4,8.4,0.0
MLEC,2026-09-14T11:00:00Z,8.4,8.54,8.4,8.53,250.0
MLEC,2026-09-14T11:01:00Z,8.53,8.53,8.53,8.53,0.0
MLEC,2026-09-14T11:02:00Z,8.53,8.69,8.53,8.69,127.0
MLEC,2026-09-14T11:03:00Z,8.69,8.69,8.49,8.49,100.0
MLEC,2026-09-14T11:04:00Z,8.49,8.49,8.49,8.49,0.0
MLEC,2026-09-14T11:05:00Z,8.49,8.49,8.49,8.49,0.0
MLEC,2026-09-14T11:06:00Z,8.49,8.49,8.49,8.49,0.0
MLEC,2026-09-14T11:07:00Z,8.49,8.5,8.49,8.5,201.0
MLEC,2026-09-14T11:08:00Z,8.5,8.5,8.5,8.5,0.0
MLEC,2026-09-14T11:09:00Z,8.5,8.5,8.33,8.34,433.0
MLEC,2026-09-14T11:10:00Z,8.34,8.34,8.34,8.34,0.0
MLEC,2026-09-14T11:11:00Z,8.34,8.34,8.33,8.33,500.0
MLEC,2026-09-14T11:12:00Z,8.33,8.33,8.33,8.33,0.0
MLEC,2026-09-14T11:13:00Z,8.33,8.33,8.33,8.33,0.0
MLEC,2026-09-14T11:14:00Z,8.33,8.33,8.33,8.33,0.0
MLEC,2026-09-14T11:15:00Z,8.28,8.28,8.02,8.02,1153.0
MLEC,2026-09-14T11:16:00Z,8.02,8.02,8.02,8.02,0.0
MLEC,2026-09-14T11:17:00Z,8.02,8.13,8.02,8.13,100.0
MLEC,2026-09-14T11:18:00Z,8.13,8.13,8.13,8.13,0.0
MLEC,2026-09-14T11:19:00Z,8.13,8.13,8.13,8.13,0.0
MLEC,2026-09-14T11:20:00Z,8.13,8.13,8.13,8.13,0.0
MLEC,2026-09-14T11:21:00Z,8.13,8.13,8.13,8.13,0.0
MLEC,2026-09-14T11:22:00Z,8.13,8.13,8.13,8.13,0.0
MLEC,2026-09-14T11:23:00Z,8.13,8.13,8.13,8.13,0.0
MLEC,2026-09-14T11:24:00Z,8.13,8.13,8.13,8.13,0.0
MLEC,2026-09-14T11:25:00Z,8.13,8.45,8.13,8.45,110.0
MLEC,2026-09-14T11:26:00Z,8.45,8.45,8.45,8.45,0.0
MLEC,2026-09-14T11:27:00Z,8.45,8.45,8.45,8.45,0.0
MLEC,2026-09-14T11:28:00Z,8.45,8.45,8.2,8.2,100.0
MLEC,2026-09-14T11:29:00Z,8.2,8.2,8.2,8.2,0.0
MLEC,2026-09-14T11:30:00Z,8.2,8.2,8.2,8.2,0.0
MLEC,2026-09-14T11:31:00Z,8.2,8.2,8.2,8.2,0.0
MLEC,2026-09-14T11:32:00Z,8.2,8.2,8.2,8.2,0.0
MLEC,2026-09-14T11:33:00Z,8.2,8.2,8.2,8.2,0.0
MLEC,2026-09-14T11:34:00Z,8.2,8.2,8.2,8.2,0.0
MLEC,2026-09-14T11:35:00Z,8.2,8.2,8.2,8.2,0.0
MLEC,2026-09-14T11:36:00Z,8.2,8.2,8.2,8.2,0.0
MLEC,2026-09-14T11:37:00Z,8.2,8.2,8.2,8.2,0.0
MLEC,2026-09-14T11:38:00Z,8.2,8.2,8.2,8.2,0.0
MLEC,2026-09-14T11:39:00Z,8.2,8.2,8.2,8.2,0.0
MLEC,2026-09-14T11:40:00Z,8.2,8.2,8.2,8.2,0.0
MLEC,2026-09-14T11:41:00Z,8.2,8.2,8.2,8.2,0.0
MLEC,2026-09-14T11:42:00Z,8.2,8.2,8.2,8.2,0.0
MLEC,2026-09-14T11:43:00Z,8.2,8.2,8.2,8.2,0.0
MLEC,2026-09-14T11:44:00Z,8.2,8.2,8.2,8.2,250.0
MLEC,2026-09-14T11:45:00Z,8.2,8.2,8.2,8.2,0.0
MLEC,2026-09-14T11:46:00Z,8.2,8.2,8.2,8.2,0.0
MLEC,2026-09-14T11:47:00Z,8.2,8.2,8.2,8.2,0.0
MLEC,2026-09-14T11:48:00Z,8.2,8.2,8.2,8.2,0.0
MLEC,2026-09-14T11:49:00Z,8.2,8.2,8.2,8.2,0.0
MLEC,2026-09-14T11:50:00Z,8.2,8.2,8.13,8.13,1000.0
MLEC,2026-09-14T11:51:00Z,8.13,8.13,8.13,8.13,0.0
MLEC,2026-09-14T11:52:00Z,8.13,8.13,8.13,8.13,0.0
MLEC,2026-09-14T11:53:00Z,8.13,8.13,7.88,7.88,200.0
MLEC,2026-09-14T11:54:00Z,7.88,7.9,7.88,7.9,300.0
MLEC,2026-09-14T11:55:00Z,7.9,8.0,7.9,7.9,300.0
MLEC,2026-09-14T11:56:00Z,7.9,7.9,7.9,7.9,0.0
MLEC,2026-09-14T11:57:00Z,7.9,7.9,7.9,7.9,0.0
MLEC,2026-09-14T11:58:00Z,7.9,7.9,7.9,7.9,0.0
MLEC,2026-09-14T11:59:00Z,7.9,8.05,7.9,8.05,100.0
MLEC,2026-09-14T12:00:00Z,8.05,8.05,8.05,8.05,0.0
MLEC,2026-09-14T12:01:00Z,8.05,8.05,8.05,8.05,0.0
MLEC,2026-09-14T12:02:00Z,8.05,8.05,8.05,8.05,0.0
MLEC,2026-09-14T12:03:00Z,8.05,8.05,8.05,8.05,0.0
MLEC,2026-09-14T12:04:00Z,8.13,8.13,7.9,7.9,565.0
MLEC,2026-09-14T12:05:00Z,7.9,7.9,7.9,7.9,0.0
MLEC,2026-09-14T12:06:00Z,7.9,7.9,7.9,7.9,276.0
MLEC,2026-09-14T12:07:00Z,7.9,7.9,7.9,7.9,0.0
MLEC,2026-09-14T12:08:00Z,7.9,7.9,7.9,7.9,0.0
MLEC,2026-09-14T12:09:00Z,7.9,7.9,7.59,7.6,200.0
MLEC,2026-09-14T12:10:00Z,7.6,7.6,7.6,7.6,0.0
MLEC,2026-09-14T12:11:00Z,7.6,7.6,7.6,7.6,0.0
MLEC,2026-09-14T12:12:00Z,7.6,7.6,7.6,7.6,0.0
MLEC,2026-09-14T12:13:00Z,7.6,7.6,7.6,7.6,0.0
MLEC,2026-09-14T12:14:00Z,7.6,7.6,7.6,7.6,0.0
MLEC,2026-09-14T12:15:00Z,7.6,7.6,7.6,7.6,0.0
MLEC,2026-09-14T12:16:00Z,7.6,7.6,7.6,7.6,0.0
MLEC,2026-09-14T12:17:00Z,7.6,7.6,7.6,7.6,0.0
MLEC,2026-09-14T12:18:00Z,7.6,7.6,7.6,7.6,0.0
MLEC,2026-09-14T12:19:00Z,7.6,7.6,7.6,7.6,0.0
MLEC,2026-09-14T12:20:00Z,7.6,7.6,7.6,7.6,0.0
MLEC,2026-09-14T12:21:00Z,7.6,7.6,7.6,7.6,0.0
MLEC,2026-09-14T12:22:00Z,7.6,7.6,7.6,7.6,0.0
MLEC,2026-09-14T12:23:00Z,7.6,7.6,7.6,7.6,0.0
MLEC,2026-09-14T12:24:00Z,7.6,7.6,7.6,7.6,0.0
MLEC,2026-09-14T12:25:00Z,7.6,7.6,7.6,7.6,0.0
MLEC,2026-09-14T12:26:00Z,7.6,7.6,7.6,7.6,0.0
MLEC,2026-09-14T12:27:00Z,7.6,7.6,7.6,7.6,0.0
MLEC,2026-09-14T12:28:00Z,7.6,7.6,7.6,7.6,0.0
MLEC,2026-09-14T12:29:00Z,7.6,7.9,7.6,7.9,400.0
MLEC,2026-09-14T12:30:00Z,7.9,7.9,7.9,7.9,0.0
MLEC,2026-09-14T12:31:00Z,7.9,7.9,7.9,7.9,0.0
MLEC,2026-09-14T12:32:00Z,7.9,7.9,7.9,7.9,0.0
MLEC,2026-09-14T12:33:00Z,7.9,7.9,7.9,7.9,0.0
MLEC,2026-09-14T12:34:00Z,7.9,7.9,7.84,7.84,200.0
MLEC,2026-09-14T12:35:00Z,7.84,7.84,7.84,7.84,0.0
MLEC,2026-09-14T12:36:00Z,7.84,7.84,7.84,7.84,0.0
MLEC,2026-09-14T12:37:00Z,7.84,7.84,7.84,7.84,0.0
MLEC,2026-09-14T12:38:00Z,7.84,7.84,7.84,7.84,0.0
MLEC,2026-09-14T12:39:00Z,7.84,7.84,7.75,7.75,150.0
MLEC,2026-09-14T12:40:00Z,7.75,7.75,7.75,7.75,0.0
MLEC,2026-09-14T12:41:00Z,7.75,7.75,7.75,7.75,0.0
MLEC,2026-09-14T12:42:00Z,7.75,7.92,7.75,7.91,200.0
MLEC,2026-09-14T12:43:00Z,7.91,7.91,7.91,7.91,0.0
MLEC,2026-09-14T12:44:00Z,7.91,7.91,7.91,7.91,0.0
MLEC,2026-09-14T12:45:00Z,7.91,8.07,7.91,8.07,485.0
MLEC,2026-09-14T12:46:00Z,8.07,8.07,8.07,8.07,0.0
MLEC,2026-09-14T12:47:00Z,8.07,8.07,8.07,8.07,0.0
MLEC,2026-09-14T12:48:00Z,8.07,8.07,8.07,8.07,0.0
MLEC,2026-09-14T12:49:00Z,8.07,8.19,8.07,8.19,165.0
MLEC,2026-09-14T12:50:00Z,8.19,8.19,8.19,8.19,0.0
MLEC,2026-09-14T12:51:00Z,8.19,8.19,8.19,8.19,0.0
MLEC,2026-09-14T12:52:00Z,8.19,8.19,8.19,8.19,0.0
MLEC,2026-09-14T12:53:00Z,8.19,8.19,8.19,8.19,0.0
MLEC,2026-09-14T12:54:00Z,8.19,8.19,8.19,8.19,0.0
MLEC,2026-09-14T12:55:00Z,8.19,8.19,8.19,8.19,0.0
MLEC,2026-09-14T12:56:00Z,8.19,8.19,8.19,8.19,0.0
MLEC,2026-09-14T12:57:00Z,8.19,8.19,8.19,8.19,0.0
MLEC,2026-09-14T12:58:00Z,8.19,8.19,8.19,8.19,0.0
MLEC,2026-09-14T12:59:00Z,8.19,8.19,8.19,8.19,0.0
MLEC,2026-09-14T13:00:00Z,8.19,8.19,8.19,8.19,0.0
MLEC,2026-09-14T13:01:00Z,8.19,8.19,8.19,8.19,0.0
MLEC,2026-09-14T13:02:00Z,8.19,8.19,8.19,8.19,0.0
MLEC,2026-09-14T13:03:00Z,8.19,8.19,8.19,8.19,0.0
MLEC,2026-09-14T13:04:00Z,8.19,8.19,8.19,8.19,0.0
MLEC,2026-09-14T13:05:00Z,8.19,8.19,8.19,8.19,0.0
MLEC,2026-09-14T13:06:00Z,8.19,8.19,8.19,8.19,0.0
MLEC,2026-09-14T13:07:00Z,8.19,8.19,8.19,8.19,0.0
MLEC,2026-09-14T13:08:00Z,8.19,8.19,8.19,8.19,0.0
MLEC,2026-09-14T13:09:00Z,8.19,8.19,8.19,8.19,0.0
MLEC,2026-09-14T13:10:00Z,8.19,8.19,8.19,8.19,0.0
MLEC,2026-09-14T13:11:00Z,8.19,8.19,7.74,7.74,954.0
MLEC,2026-09-14T13:12:00Z,7.74,7.74,7.74,7.74,0.0
MLEC,2026-09-14T13:13:00Z,7.74,7.74,7.74,7.74,0.0
MLEC,2026-09-14T13:14:00Z,7.74,7.74,7.74,7.74,0.0
MLEC,2026-09-14T13:15:00Z,7.74,7.74,7.74,7.74,0.0
MLEC,2026-09-14T13:16:00Z,7.74,7.74,7.74,7.74,0.0
MLEC,2026-09-14T13:17:00Z,7.74,7.74,7.74,7.74,0.0
MLEC,2026-09-14T13:18:00Z,7.74,7.74,7.74,7.74,0.0
MLEC,2026-09-14T13:19:00Z,7.74,7.74,7.74,7.74,0.0
MLEC,2026-09-14T13:20:00Z,7.74,7.74,7.72,7.72,100.0
MLEC,2026-09-14T13:21:00Z,7.72,7.72,7.72,7.72,254.0
MLEC,2026-09-14T13:22:00Z,7.72,7.72,7.72,7.72,0.0
MLEC,2026-09-14T13:23:00Z,7.72,7.72,7.72,7.72,0.0
MLEC,2026-09-14T13:24:00Z,7.72,7.72,7.72,7.72,0.0
MLEC,2026-09-14T13:25:00Z,7.72,7.72,7.72,7.72,0.0
MLEC,2026-09-14T13:26:00Z,7.72,7.72,7.72,7.72,0.0
MLEC,2026-09-14T13:27:00Z,7.72,7.72,7.72,7.72,0.0
MLEC,2026-09-14T13:28:00Z,7.72,7.72,7.72,7.72,0.0
MLEC,2026-09-14T13:29:00Z,7.72,7.72,7.72,7.72,0.0
MLEC,2026-09-14T13:30:00Z,7.76,7.8,7.47,7.47,1440.0
MLEC,2026-09-14T13:31:00Z,7.47,7.68,7.47,7.68,100.0
MLEC,2026-09-14T13:32:00Z,7.69,7.89,7.6,7.6,1000.0
MLEC,2026-09-14T13:33:00Z,7.6,7.7,7.35,7.35,1174.0
MLEC,2026-09-14T13:34:00Z,7.35,7.64,7.35,7.64,273.0
MLEC,2026-09-14T13:35:00Z,7.64,7.7,7.58,7.7,1366.0
MLEC,2026-09-14T13:36:00Z,7.7,7.9,7.7,7.9,1094.0
MLEC,2026-09-14T13:37:00Z,7.9,7.9,7.9,7.9,0.0
MLEC,2026-09-14T13:38:00Z,7.9,8.02,7.9,8.02,2080.0
MLEC,2026-09-14T13:39:00Z,8.02,8.02,8.01,8.02,200.0
MLEC,2026-09-14T13:40:00Z,8.02,8.02,7.81,7.81,1392.0
MLEC,2026-09-14T13:41:00Z,7.81,8.02,7.8,8.02,1513.0
MLEC,2026-09-14T13:42:00Z,7.91,8.02,7.91,8.02,2392.0
MLEC,2026-09-14T13:43:00Z,8.01,8.02,7.85,8.0,3375.0
MLEC,2026-09-14T13:44:00Z,7.97,7.97,7.85,7.85,825.0
MLEC,2026-09-14T13:45:00Z,8.02,8.02,8.02,8.02,114.0
MLEC,2026-09-14T13:46:00Z,8.02,8.02,8.0,8.0,306.0
MLEC,2026-09-14T13:47:00Z,8.01,8.01,8.01,8.01,150.0
MLEC,2026-09-14T13:48:00Z,8.01,8.02,8.0,8.0,2492.0
MLEC,2026-09-14T13:49:00Z,8.0,8.0,7.97,7.97,100.0
MLEC,2026-09-14T13:50:00Z,7.97,7.97,7.9,7.9,405.0
MLEC,2026-09-14T13:51:00Z,7.9,7.9,7.75,7.76,844.0
MLEC,2026-09-14T13:52:00Z,7.76,7.76,7.76,7.76,2700.0
MLEC,2026-09-14T13:53:00Z,7.76,7.76,7.76,7.76,0.0
MLEC,2026-09-14T13:54:00Z,7.76,7.76,7.76,7.76,0.0
MLEC,2026-09-14T13:55:00Z,7.76,7.76,7.76,7.76,0.0
MLEC,2026-09-14T13:56:00Z,7.76,7.76,7.76,7.76,0.0
MLEC,2026-09-14T13:57:00Z,7.76,7.76,7.7,7.7,100.0
MLEC,2026-09-14T13:58:00Z,7.7,7.8,7.7,7.8,3000.0
MLEC,2026-09-14T13:59:00Z,7.8,7.8,7.8,7.8,0.0
MLEC,2026-09-14T14:00:00Z,7.8,7.8,7.8,7.8,0.0
MLEC,2026-09-14T14:01:00Z,7.8,7.8,7.8,7.8,0.0
MLEC,2026-09-14T14:02:00Z,7.8,7.8,7.8,7.8,0.0
MLEC,2026-09-14T14:03:00Z,7.8,7.8,7.8,7.8,0.0
MLEC,2026-09-14T14:04:00Z,7.8,7.83,7.7,7.82,1062.0
MLEC,2026-09-14T14:05:00Z,7.82,7.82,7.74,7.74,1000.0
MLEC,2026-09-14T14:06:00Z,7.74,7.74,7.74,7.74,0.0
MLEC,2026-09-14T14:07:00Z,7.74,7.74,7.74,7.74,0.0
MLEC,2026-09-14T14:08:00Z,7.74,7.74,7.74,7.74,0.0
MLEC,2026-09-14T14:09:00Z,7.74,7.74,7.74,7.74,0.0
MLEC,2026-09-14T14:10:00Z,7.74,7.74,7.74,7.74,0.0
MLEC,2026-09-14T14:11:00Z,7.74,7.74,7.55,7.55,1903.0
MLEC,2026-09-14T14:12:00Z,7.55,7.55,7.39,7.39,1356.0
MLEC,2026-09-14T14:13:00Z,7.39,7.5,7.31,7.35,4974.0
MLEC,2026-09-14T14:14:00Z,7.35,7.35,7.35,7.35,0.0
MLEC,2026-09-14T14:15:00Z,7.35,7.4,7.35,7.35,300.0
MLEC,2026-09-14T14:16:00Z,7.35,7.35,7.35,7.35,0.0
MLEC,2026-09-14T14:17:00Z,7.35,7.35,7.35,7.35,0.0
MLEC,2026-09-14T14:18:00Z,7.35,7.35,7.35,7.35,0.0
MLEC,2026-09-14T14:19:00Z,7.35,7.35,7.35,7.35,0.0
MLEC,2026-09-14T14:20:00Z,7.35,7.35,7.35,7.35,0.0
MLEC,2026-09-14T14:21:00Z,7.35,7.35,7.35,7.35,0.0
MLEC,2026-09-14T14:22:00Z,7.35,7.35,7.35,7.35,0.0
MLEC,2026-09-14T14:23:00Z,7.35,7.4,7.35,7.4,133.0
MLEC,2026-09-14T14:24:00Z,7.4,7.4,7.4,7.4,0.0
MLEC,2026-09-14T14:25:00Z,7.4,7.5,7.4,7.5,150.0
MLEC,2026-09-14T14:26:00Z,7.5,7.5,7.5,7.5,0.0
MLEC,2026-09-14T14:27:00Z,7.5,7.5,7.5,7.5,0.0
MLEC,2026-09-14T14:28:00Z,7.5,7.5,7.5,7.5,0.0
MLEC,2026-09-14T14:29:00Z,7.5,7.5,7.48,7.48,657.0
MLEC,2026-09-14T14:30:00Z,7.48,7.48,7.48,7.48,0.0
MLEC,2026-09-14T14:31:00Z,7.48,7.48,7.48,7.48,0.0
MLEC,2026-09-14T14:32:00Z,7.48,7.48,7.48,7.48,0.0
MLEC,2026-09-14T14:33:00Z,7.48,7.48,7.48,7.48,0.0
MLEC,2026-09-14T14:34:00Z,7.48,7.48,7.3,7.3,100.0
MLEC,2026-09-14T14:35:00Z,7.3,7.32,7.25,7.25,2338.0
MLEC,2026-09-14T14:36:00Z,7.23,7.23,7.23,7.23,100.0
MLEC,2026-09-14T14:37:00Z,7.23,7.23,7.23,7.23,0.0
MLEC,2026-09-14T14:38:00Z,7.23,7.23,7.0,7.01,1237.0
MLEC,2026-09-14T14:39:00Z,7.01,7.01,7.01,7.01,0.0
MLEC,2026-09-14T14:40:00Z,7.01,7.01,7.01,7.01,0.0
MLEC,2026-09-14T14:41:00Z,7.01,7.01,7.01,7.01,0.0
MLEC,2026-09-14T14:42:00Z,7.01,7.01,7.01,7.01,0.0
MLEC,2026-09-14T14:43:00Z,7.01,7.01,6.81,6.81,384.0
MLEC,2026-09-14T14:44:00Z,6.81,6.82,6.81,6.81,2993.0
MLEC,2026-09-14T14:45:00Z,6.81,6.81,6.65,6.65,600.0
MLEC,2026-09-14T14:46:00Z,6.65,6.73,6.65,6.67,3158.0
MLEC,2026-09-14T14:47:00Z,6.79,6.79,6.7,6.7,300.0
MLEC,2026-09-14T14:48:00Z,6.7,6.7,6.66,6.66,287.0
MLEC,2026-09-14T14:49:00Z,6.65,6.69,6.65,6.65,2954.0
MLEC,2026-09-14T14:50:00Z,6.65,6.65,6.42,6.44,400.0
MLEC,2026-09-14T14:51:00Z,6.41,6.41,6.2,6.37,1566.0
MLEC,2026-09-14T14:52:00Z,6.37,6.37,6.25,6.36,545.0
MLEC,2026-09-14T14:53:00Z,6.36,6.36,6.31,6.32,434.0
MLEC,2026-09-14T14:54:00Z,6.32,6.5,6.32,6.5,100.0
MLEC,2026-09-14T14:55:00Z,6.5,6.5,6.5,6.5,0.0
MLEC,2026-09-14T14:56:00Z,6.5,6.5,6.5,6.5,0.0
MLEC,2026-09-14T14:57:00Z,6.5,6.5,6.5,6.5,0.0
MLEC,2026-09-14T14:58:00Z,6.5,6.5,6.5,6.5,0.0
MLEC,2026-09-14T14:59:00Z,6.5,6.5,6.5,6.5,0.0
MLEC,2026-09-14T15:00:00Z,6.5,6.5,6.5,6.5,0.0
MLEC,2026-09-14T15:01:00Z,6.5,7.0,6.48,6.86,710.0
MLEC,2026-09-14T15:02:00Z,6.86,6.86,6.86,6.86,576.0
MLEC,2026-09-14T15:03:00Z,6.86,7.16,6.86,7.16,1046.0
MLEC,2026-09-14T15:04:00Z,7.16,7.16,6.87,6.87,100.0
MLEC,2026-09-14T15:05:00Z,6.87,6.87,6.87,6.87,0.0
MLEC,2026-09-14T15:06:00Z,6.87,6.87,6.87,6.87,0.0
MLEC,2026-09-14T15:07:00Z,6.87,6.87,6.87,6.87,0.0
MLEC,2026-09-14T15:08:00Z,6.87,7.0,6.87,7.0,150.0
MLEC,2026-09-14T15:09:00Z,6.9,6.9,6.9,6.9,150.0
MLEC,2026-09-14T15:10:00Z,6.9,6.9,6.8,6.8,360.0
MLEC,2026-09-14T15:11:00Z,6.8,6.8,6.8,6.8,0.0
MLEC,2026-09-14T15:12:00Z,6.8,6.8,6.69,6.69,136.0
MLEC,2026-09-14T15:13:00Z,6.69,7.0,6.69,7.0,150.0
MLEC,2026-09-14T15:14:00Z,7.0,7.0,7.0,7.0,0.0
MLEC,2026-09-14T15:15:00Z,7.0,7.0,7.0,7.0,0.0
MLEC,2026-09-14T15:16:00Z,7.0,7.0,7.0,7.0,0.0
MLEC,2026-09-14T15:17:00Z,7.0,7.0,7.0,7.0,0.0
MLEC,2026-09-14T15:18:00Z,7.0,7.0,7.0,7.0,0.0
MLEC,2026-09-14T15:19:00Z,7.0,7.0,7.0,7.0,0.0
MLEC,2026-09-14T15:20:00Z,7.0,7.0,7.0,7.0,0.0
MLEC,2026-09-14T15:21:00Z,7.0,7.0,6.89,6.89,100.0
MLEC,2026-09-14T15:22:00Z,6.89,6.89,6.89,6.89,0.0
MLEC,2026-09-14T15:23:00Z,6.89,6.89,6.89,6.89,0.0
MLEC,2026-09-14T15:24:00Z,6.89,6.89,6.89,6.89,0.0
MLEC,2026-09-14T15:25:00Z,6.89,6.89,6.89,6.89,0.0
MLEC,2026-09-14T15:26:00Z,6.89,6.89,6.89,6.89,0.0
MLEC,2026-09-14T15:27:00Z,6.89,6.89,6.89,6.89,0.0
MLEC,2026-09-14T15:28:00Z,6.89,6.89,6.89,6.89,0.0
MLEC,2026-09-14T15:29:00Z,6.89,6.89,6.76,6.78,200.0
MLEC,2026-09-14T15:30:00Z,6.78,6.78,6.78,6.78,0.0
MLEC,2026-09-14T15:31:00Z,6.78,6.78,6.78,6.78,0.0
RUM,2026-09-14T08:00:00Z,8.5,9.18,8.4,8.92,108185.0
RUM,2026-09-14T08:01:00Z,8.92,8.98,8.4,8.79,96343.0
RUM,2026-09-14T08:02:00Z,8.77,8.84,8.56,8.56,27276.0
RUM,2026-09-14T08:03:00Z,8.71,8.79,8.42,8.63,44430.0
RUM,2026-09-14T08:04:00Z,8.64,8.73,8.56,8.67,12601.0
RUM,2026-09-14T08:05:00Z,8.66,8.76,8.62,8.63,12335.0
RUM,2026-09-14T08:06:00Z,8.65,8.7,8.65,8.69,17077.0
RUM,2026-09-14T08:07:00Z,8.69,8.73,8.58,8.72,20929.0
RUM,2026-09-14T08:08:00Z,8.72,8.8,8.71,8.77,15964.0
RUM,2026-09-14T08:09:00Z,8.77,8.85,8.76,8.82,25960.0
RUM,2026-09-14T08:10:00Z,8.8,9.0,8.8,8.9,40253.0
RUM,2026-09-14T08:11:00Z,8.9,8.91,8.78,8.81,12392.0
RUM,2026-09-14T08:12:00Z,8.82,8.85,8.82,8.85,14231.0
RUM,2026-09-14T08:13:00Z,8.84,8.89,8.82,8.87,9518.0
RUM,2026-09-14T08:14:00Z,8.88,8.99,8.83,8.85,23272.0
RUM,2026-09-14T08:15:00Z,8.85,8.9,8.85,8.87,14676.0
RUM,2026-09-14T08:16:00Z,8.86,9.0,8.85,8.98,24609.0
RUM,2026-09-14T08:17:00Z,8.97,9.01,8.97,8.98,30003.0
RUM,2026-09-14T08:18:00Z,8.99,9.06,8.85,8.86,23689.0
RUM,2026-09-14T08:19:00Z,8.86,8.86,8.7,8.8,34850.0
RUM,2026-09-14T08:20:00Z,8.8,8.96,8.79,8.95,13189.0
RUM,2026-09-14T08:21:00Z,8.95,9.08,8.88,9.03,47043.0
RUM,2026-09-14T08:22:00Z,9.02,9.04,8.8,8.87,22851.0
RUM,2026-09-14T08:23:00Z,8.88,8.96,8.84,8.88,15307.0
RUM,2026-09-14T08:24:00Z,8.89,8.94,8.88,8.92,10686.0
RUM,2026-09-14T08:25:00Z,8.92,9.0,8.88,8.94,22055.0
RUM,2026-09-14T08:26:00Z,8.94,9.0,8.91,8.98,24522.0
RUM,2026-09-14T08:27:00Z,8.98,9.02,8.95,9.01,17945.0
RUM,2026-09-14T08:28:00Z,9.04,9.04,8.8,9.01,44091.0
RUM,2026-09-14T08:29:00Z,9.02,9.12,8.95,8.97,21320.0
RUM,2026-09-14T08:30:00Z,8.97,9.03,8.96,9.01,12115.0
RUM,2026-09-14T08:31:00Z,9.01,9.2,9.01,9.14,43569.0
RUM,2026-09-14T08:32:00Z,9.15,9.17,9.03,9.14,25595.0
RUM,2026-09-14T08:33:00Z,9.15,9.15,9.04,9.05,15176.0
RUM,2026-09-14T08:34:00Z,9.03,9.12,9.03,9.09,13300.0
RUM,2026-09-14T08:35:00Z,9.09,9.09,9.04,9.05,10033.0
RUM,2026-09-14T08:36:00Z,9.05,9.06,8.86,8.9,37547.0
RUM,2026-09-14T08:37:00Z,8.9,8.9,8.81,8.83,26534.0
RUM,2026-09-14T08:38:00Z,8.82,8.9,8.81,8.83,14908.0
RUM,2026-09-14T08:39:00Z,8.83,8.85,8.83,8.84,11022.0
RUM,2026-09-14T08:40:00Z,8.83,8.87,8.83,8.85,35387.0
RUM,2026-09-14T08:41:00Z,8.84,8.87,8.78,8.81,18055.0
RUM,2026-09-14T08:42:00Z,8.82,8.82,8.72,8.8,28571.0
RUM,2026-09-14T08:43:00Z,8.79,8.82,8.76,8.77,15629.0
RUM,2026-09-14T08:44:00Z,8.78,8.82,8.76,8.77,30879.0
RUM,2026-09-14T08:45:00Z,8.78,8.82,8.7,8.75,35155.0
RUM,2026-09-14T08:46:00Z,8.75,8.79,8.74,8.77,9382.0
RUM,2026-09-14T08:47:00Z,8.76,8.82,8.76,8.8,23024.0
RUM,2026-09-14T08:48:00Z,8.81,8.81,8.76,8.78,8915.0
RUM,2026-09-14T08:49:00Z,8.78,8.8,8.77,8.78,10946.0
RUM,2026-09-14T08:50:00Z,8.78,8.78,8.75,8.78,7780.0
RUM,2026-09-14T08:51:00Z,8.77,8.78,8.77,8.78,1342.0
RUM,2026-09-14T08:52:00Z,8.79,8.8,8.77,8.79,4333.0
RUM,2026-09-14T08:53:00Z,8.79,8.79,8.67,8.73,30479.0
RUM,2026-09-14T08:54:00Z,8.75,8.76,8.71,8.71,9335.0
RUM,2026-09-14T08:55:00Z,8.72,8.8,8.72,8.77,13581.0
RUM,2026-09-14T08:56:00Z,8.75,8.77,8.72,8.76,11666.0
RUM,2026-09-14T08:57:00Z,8.75,8.77,8.75,8.77,803.0
RUM,2026-09-14T08:58:00Z,8.75,8.77,8.74,8.76,7109.0
RUM,2026-09-14T08:59:00Z,8.77,8.8,8.77,8.8,10308.0
RUM,2026-09-14T09:00:00Z,8.8,8.82,8.8,8.82,5600.0
RUM,2026-09-14T09:01:00Z,8.8,8.82,8.8,8.82,6931.0
RUM,2026-09-14T09:02:00Z,8.81,8.82,8.78,8.78,13138.0
RUM,2026-09-14T09:03:00Z,8.76,8.82,8.75,8.8,7402.0
RUM,2026-09-14T09:04:00Z,8.79,8.82,8.77,8.79,2327.0
RUM,2026-09-14T09:05:00Z,8.8,8.85,8.8,8.84,3733.0
RUM,2026-09-14T09:06:00Z,8.82,8.84,8.81,8.83,3588.0
RUM,2026-09-14T09:07:00Z,8.84,8.85,8.8,8.82,10396.0
RUM,2026-09-14T09:08:00Z,8.83,8.83,8.79,8.8,3809.0
RUM,2026-09-14T09:09:00Z,8.79,8.84,8.79,8.84,5756.0
RUM,2026-09-14T09:10:00Z,8.83,8.88,8.81,8.81,10208.0
RUM,2026-09-14T09:11:00Z,8.8,8.81,8.75,8.75,5669.0
RUM,2026-09-14T09:12:00Z,8.75,8.82,8.75,8.77,3833.0
RUM,2026-09-14T09:13:00Z,8.78,8.8,8.75,8.8,782.0
RUM,2026-09-14T09:14:00Z,8.78,8.8,8.75,8.78,3262.0
RUM,2026-09-14T09:15:00Z,8.78,8.8,8.76,8.77,1342.0
RUM,2026-09-14T09:16:00Z,8.79,8.8,8.76,8.8,6227.0
RUM,2026-09-14T09:17:00Z,8.82,8.88,8.8,8.87,24889.0
RUM,2026-09-14T09:18:00Z,8.85,8.87,8.82,8.82,7054.0
RUM,2026-09-14T09:19:00Z,8.83,8.84,8.81,8.82,3593.0
RUM,2026-09-14T09:20:00Z,8.84,8.92,8.84,8.88,17590.0
RUM,2026-09-14T09:21:00Z,8.91,8.92,8.84,8.84,8149.0
RUM,2026-09-14T09:22:00Z,8.88,8.88,8.82,8.85,9656.0
RUM,2026-09-14T09:23:00Z,8.85,8.85,8.81,8.82,3931.0
RUM,2026-09-14T09:24:00Z,8.82,8.83,8.8,8.81,11336.0
RUM,2026-09-14T09:25:00Z,8.84,8.88,8.84,8.88,888.0
RUM,2026-09-14T09:26:00Z,8.85,8.86,8.81,8.83,4411.0
RUM,2026-09-14T09:27:00Z,8.82,8.82,8.76,8.81,17842.0
RUM,2026-09-14T09:28:00Z,8.82,8.82,8.78,8.79,5383.0
RUM,2026-09-14T09:29:00Z,8.79,8.82,8.79,8.82,4392.0
RUM,2026-09-14T09:30:00Z,8.82,8.85,8.82,8.85,1430.0
RUM,2026-09-14T09:31:00Z,8.84,8.85,8.83,8.85,519.0
RUM,2026-09-14T09:32:00Z,8.84,8.85,8.81,8.84,6430.0
RUM,2026-09-14T09:33:00Z,8.84,8.84,8.8,8.81,3994.0
RUM,2026-09-14T09:34:00Z,8.8,8.8,8.8,8.8,766.0
RUM,2026-09-14T09:35:00Z,8.8,8.83,8.8,8.83,843.0
RUM,2026-09-14T09:36:00Z,8.84,8.84,8.83,8.83,1637.0
RUM,2026-09-14T09:37:00Z,8.82,8.82,8.82,8.82,546.0
RUM,2026-09-14T09:38:00Z,8.81,8.84,8.8,8.82,3278.0
RUM,2026-09-14T09:39:00Z,8.83,8.84,8.73,8.74,9700.0
RUM,2026-09-14T09:40:00Z,8.7,8.8,8.67,8.7,21480.0
RUM,2026-09-14T09:41:00Z,8.7,8.75,8.69,8.72,4258.0
RUM,2026-09-14T09:42:00Z,8.71,8.75,8.71,8.72,11596.0
RUM,2026-09-14T09:43:00Z,8.75,8.75,8.73,8.73,2166.0
RUM,2026-09-14T09:44:00Z,8.74,8.75,8.72,8.74,2984.0
RUM,2026-09-14T09:45:00Z,8.74,8.74,8.74,8.74,2915.0
RUM,2026-09-14T09:46:00Z,8.75,8.75,8.71,8.73,6985.0
RUM,2026-09-14T09:47:00Z,8.76,8.79,8.76,8.79,704.0
RUM,2026-09-14T09:48:00Z,8.79,8.79,8.75,8.75,1641.0
RUM,2026-09-14T09:49:00Z,8.75,8.75,8.72,8.72,4496.0
RUM,2026-09-14T09:50:00Z,8.74,8.75,8.7,8.71,8095.0
RUM,2026-09-14T09:51:00Z,8.71,8.72,8.7,8.72,3944.0
RUM,2026-09-14T09:52:00Z,8.73,8.76,8.73,8.75,9517.0
RUM,2026-09-14T09:53:00Z,8.76,8.77,8.75,8.75,2577.0
RUM,2026-09-14T09:54:00Z,8.76,8.76,8.74,8.75,2290.0
RUM,2026-09-14T09:55:00Z,8.76,8.77,8.76,8.77,893.0
RUM,2026-09-14T09:56:00Z,8.74,8.74,8.74,8.74,0.0
RUM,2026-09-14T09:57:00Z,8.74,8.77,8.74,8.74,361.0
RUM,2026-09-14T09:58:00Z,8.74,8.77,8.71,8.71,3599.0
RUM,2026-09-14T09:59:00Z,8.71,8.76,8.71,8.75,2231.0
RUM,2026-09-14T10:00:00Z,8.75,8.77,8.72,8.72,1397.0
RUM,2026-09-14T10:01:00Z,8.72,8.77,8.71,8.71,3039.0
RUM,2026-09-14T10:02:00Z,8.71,8.76,8.7,8.71,3186.0
RUM,2026-09-14T10:03:00Z,8.71,8.73,8.71,8.73,400.0
RUM,2026-09-14T10:04:00Z,8.73,8.73,8.7,8.7,729.0
RUM,2026-09-14T10:05:00Z,8.7,8.73,8.66,8.73,9311.0
RUM,2026-09-14T10:06:00Z,8.73,8.73,8.66,8.68,2911.0
RUM,2026-09-14T10:07:00Z,8.68,8.68,8.63,8.65,9422.0
RUM,2026-09-14T10:08:00Z,8.61,8.68,8.61,8.68,7209.0
RUM,2026-09-14T10:09:00Z,8.68,8.68,8.63,8.64,8200.0
RUM,2026-09-14T10:10:00Z,8.64,8.66,8.62,8.65,7422.0
RUM,2026-09-14T10:11:00Z,8.63,8.64,8.56,8.57,43841.0
RUM,2026-09-14T10:12:00Z,8.57,8.59,8.54,8.54,9125.0
RUM,2026-09-14T10:13:00Z,8.53,8.6,8.52,8.54,18504.0
RUM,2026-09-14T10:14:00Z,8.54,8.58,8.52,8.55,6298.0
RUM,2026-09-14T10:15:00Z,8.55,8.56,8.53,8.53,8438.0
RUM,2026-09-14T10:16:00Z,8.52,8.55,8.3,8.3,32345.0
RUM,2026-09-14T10:17:00Z,8.33,8.37,8.25,8.25,17389.0
RUM,2026-09-14T10:18:00Z,8.24,8.32,8.24,8.28,13738.0
RUM,2026-09-14T10:19:00Z,8.28,8.37,8.25,8.3,6626.0
RUM,2026-09-14T10:20:00Z,8.32,8.37,8.27,8.37,2763.0
RUM,2026-09-14T10:21:00Z,8.37,8.38,8.3,8.35,4896.0
RUM,2026-09-14T10:22:00Z,8.36,8.4,8.36,8.39,3090.0
RUM,2026-09-14T10:23:00Z,8.4,8.46,8.37,8.4,5540.0
RUM,2026-09-14T10:24:00Z,8.43,8.45,8.4,8.43,6412.0
RUM,2026-09-14T10:25:00Z,8.44,8.46,8.42,8.43,3937.0
RUM,2026-09-14T10:26:00Z,8.43,8.44,8.36,8.39,5839.0
RUM,2026-09-14T10:27:00Z,8.39,8.41,8.39,8.4,5230.0
RUM,2026-09-14T10:28:00Z,8.4,8.41,8.37,8.4,5649.0
RUM,2026-09-14T10:29:00Z,8.4,8.41,8.37,8.37,4783.0
RUM,2026-09-14T10:30:00Z,8.38,8.38,8.37,8.38,1901.0
RUM,2026-09-14T10:31:00Z,8.38,8.38,8.32,8.32,2230.0
RUM,2026-09-14T10:32:00Z,8.34,8.35,8.32,8.35,1919.0
RUM,2026-09-14T10:33:00Z,8.33,8.4,8.33,8.39,3856.0
RUM,2026-09-14T10:34:00Z,8.39,8.39,8.34,8.34,5060.0
RUM,2026-09-14T10:35:00Z,8.34,8.35,8.33,8.33,2187.0
RUM,2026-09-14T10:36:00Z,8.33,8.37,8.31,8.32,7328.0
RUM,2026-09-14T10:37:00Z,8.31,8.37,8.31,8.35,2264.0
RUM,2026-09-14T10:38:00Z,8.35,8.37,8.31,8.34,4855.0
RUM,2026-09-14T10:39:00Z,8.32,8.37,8.25,8.35,12467.0
RUM,2026-09-14T10:40:00Z,8.35,8.37,8.35,8.37,1999.0
RUM,2026-09-14T10:41:00Z,8.35,8.35,8.32,8.33,4046.0
RUM,2026-09-14T10:42:00Z,8.33,8.38,8.33,8.35,7334.0
RUM,2026-09-14T10:43:00Z,8.35,8.38,8.34,8.34,5158.0
RUM,2026-09-14T10:44:00Z,8.34,8.34,8.33,8.33,400.0
RUM,2026-09-14T10:45:00Z,8.34,8.37,8.34,8.35,2824.0
RUM,2026-09-14T10:46:00Z,8.35,8.36,8.33,8.33,7712.0
RUM,2026-09-14T10:47:00Z,8.33,8.33,8.3,8.33,4186.0
RUM,2026-09-14T10:48:00Z,8.33,8.33,8.23,8.24,5144.0
RUM,2026-09-14T10:49:00Z,8.21,8.22,8.19,8.21,6452.0
RUM,2026-09-14T10:50:00Z,8.21,8.22,8.12,8.12,9683.0
RUM,2026-09-14T10:51:00Z,8.13,8.2,8.12,8.2,8987.0
RUM,2026-09-14T10:52:00Z,8.15,8.18,8.12,8.15,5863.0
RUM,2026-09-14T10:53:00Z,8.16,8.18,8.1,8.1,9259.0
RUM,2026-09-14T10:54:00Z,8.1,8.13,8.06,8.06,16002.0
RUM,2026-09-14T10:55:00Z,8.06,8.1,8.06,8.08,4915.0
RUM,2026-09-14T10:56:00Z,8.08,8.16,8.05,8.15,13329.0
RUM,2026-09-14T10:57:00Z,8.14,8.16,8.07,8.08,9048.0
RUM,2026-09-14T10:58:00Z,8.06,8.09,8.06,8.08,1848.0
RUM,2026-09-14T10:59:00Z,8.06,8.06,7.92,7.98,13657.0
RUM,2026-09-14T11:00:00Z,7.96,8.02,7.92,7.97,35690.0
RUM,2026-09-14T11:01:00Z,7.95,7.99,7.92,7.99,6974.0
RUM,2026-09-14T11:02:00Z,8.0,8.0,7.95,7.98,20093.0
RUM,2026-09-14T11:03:00Z,7.93,7.98,7.93,7.94,9801.0
RUM,2026-09-14T11:04:00Z,7.94,7.97,7.94,7.95,8984.0
RUM,2026-09-14T11:05:00Z,7.96,7.98,7.9,7.98,21872.0
RUM,2026-09-14T11:06:00Z,7.97,7.98,7.92,7.94,15419.0
RUM,2026-09-14T11:07:00Z,7.92,7.96,7.9,7.91,22981.0
RUM,2026-09-14T11:08:00Z,7.91,7.93,7.79,7.8,44991.0
RUM,2026-09-14T11:09:00Z,7.8,7.81,7.71,7.79,34549.0
RUM,2026-09-14T11:10:00Z,7.8,7.86,7.79,7.85,17919.0
RUM,2026-09-14T11:11:00Z,7.84,7.92,7.84,7.87,9407.0
RUM,2026-09-14T11:12:00Z,7.85,7.92,7.85,7.89,41029.0
RUM,2026-09-14T11:13:00Z,7.95,7.98,7.92,7.95,17688.0
RUM,2026-09-14T11:14:00Z,7.97,7.98,7.96,7.98,9453.0
RUM,2026-09-14T11:15:00Z,7.98,7.98,7.97,7.98,16155.0
RUM,2026-09-14T11:16:00Z,7.97,8.0,7.96,7.98,37426.0
RUM,2026-09-14T11:17:00Z,7.97,8.0,7.96,7.98,6224.0
RUM,2026-09-14T11:18:00Z,7.99,8.0,7.98,7.98,33687.0
RUM,2026-09-14T11:19:00Z,7.98,8.06,7.98,8.06,9419.0
RUM,2026-09-14T11:20:00Z,8.07,8.13,7.99,7.99,30705.0
RUM,2026-09-14T11:21:00Z,8.0,8.1,7.98,8.02,15557.0
RUM,2026-09-14T11:22:00Z,8.02,8.05,8.01,8.05,3080.0
RUM,2026-09-14T11:23:00Z,8.05,8.05,7.97,7.97,31451.0
RUM,2026-09-14T11:24:00Z,7.97,8.03,7.97,8.0,5532.0
RUM,2026-09-14T11:25:00Z,7.99,8.04,7.99,8.0,5747.0
RUM,2026-09-14T11:26:00Z,8.0,8.02,7.99,8.01,2719.0
RUM,2026-09-14T11:27:00Z,8.01,8.04,7.96,7.96,10784.0
RUM,2026-09-14T11:28:00Z,7.96,7.99,7.96,7.97,1203.0
RUM,2026-09-14T11:29:00Z,7.97,7.99,7.97,7.98,1400.0
RUM,2026-09-14T11:30:00Z,7.98,7.99,7.97,7.98,9142.0
RUM,2026-09-14T11:31:00Z,7.99,8.01,7.97,7.97,23321.0
RUM,2026-09-14T11:32:00Z,7.96,7.98,7.96,7.96,3142.0
RUM,2026-09-14T11:33:00Z,7.96,7.99,7.96,7.98,4564.0
RUM,2026-09-14T11:34:00Z,7.96,8.0,7.96,7.98,1440.0
RUM,2026-09-14T11:35:00Z,7.98,7.98,7.95,7.95,3515.0
RUM,2026-09-14T11:36:00Z,7.95,7.98,7.95,7.96,1399.0
RUM,2026-09-14T11:37:00Z,7.96,7.99,7.95,7.99,2032.0
RUM,2026-09-14T11:38:00Z,7.98,7.99,7.98,7.98,2199.0
RUM,2026-09-14T11:39:00Z,7.98,7.99,7.98,7.98,4022.0
RUM,2026-09-14T11:40:00Z,7.98,7.98,7.97,7.97,880.0
RUM,2026-09-14T11:41:00Z,7.97,7.98,7.95,7.95,2911.0
RUM,2026-09-14T11:42:00Z,7.95,7.96,7.95,7.95,1922.0
RUM,2026-09-14T11:43:00Z,7.95,7.98,7.95,7.98,2073.0
RUM,2026-09-14T11:44:00Z,7.98,7.99,7.95,7.96,1678.0
RUM,2026-09-14T11:45:00Z,7.96,7.97,7.96,7.97,1773.0
RUM,2026-09-14T11:46:00Z,7.97,7.98,7.95,7.95,1700.0
RUM,2026-09-14T11:47:00Z,7.95,7.97,7.95,7.96,1295.0
RUM,2026-09-14T11:48:00Z,7.96,7.98,7.96,7.96,3761.0
RUM,2026-09-14T11:49:00Z,7.96,7.97,7.95,7.95,1471.0
RUM,2026-09-14T11:50:00Z,7.95,8.0,7.95,7.99,14809.0
RUM,2026-09-14T11:51:00Z,7.99,7.99,7.93,7.93,8942.0
RUM,2026-09-14T11:52:00Z,7.93,7.97,7.89,7.9,20417.0
RUM,2026-09-14T11:53:00Z,7.9,7.92,7.9,7.92,1012.0
RUM,2026-09-14T11:54:00Z,7.92,7.93,7.91,7.91,5273.0
RUM,2026-09-14T11:55:00Z,7.92,7.95,7.92,7.95,12160.0
RUM,2026-09-14T11:56:00Z,7.95,7.95,7.94,7.95,7620.0
RUM,2026-09-14T11:57:00Z,7.95,7.95,7.92,7.93,4083.0
RUM,2026-09-14T11:58:00Z,7.94,7.95,7.93,7.93,1740.0
RUM,2026-09-14T11:59:00Z,7.93,7.95,7.93,7.94,2938.0
RUM,2026-09-14T12:00:00Z,7.94,7.98,7.93,7.95,9514.0
RUM,2026-09-14T12:01:00Z,7.95,8.0,7.95,7.98,11379.0
RUM,2026-09-14T12:02:00Z,7.98,8.0,7.98,7.99,38649.0
RUM,2026-09-14T12:03:00Z,7.99,7.99,7.97,7.97,11453.0
RUM,2026-09-14T12:04:00Z,7.98,8.0,7.96,7.98,22581.0
RUM,2026-09-14T12:05:00Z,7.98,7.98,7.97,7.98,2369.0
RUM,2026-09-14T12:06:00Z,7.97,7.98,7.97,7.97,1850.0
RUM,2026-09-14T12:07:00Z,7.97,7.99,7.97,7.99,3528.0
RUM,2026-09-14T12:08:00Z,7.99,8.05,7.98,8.03,27399.0
RUM,2026-09-14T12:09:00Z,7.97,8.04,7.97,8.0,6697.0
RUM,2026-09-14T12:10:00Z,8.0,8.03,7.93,7.97,25443.0
RUM,2026-09-14T12:11:00Z,7.97,7.98,7.96,7.96,1768.0
RUM,2026-09-14T12:12:00Z,7.96,7.99,7.96,7.97,2833.0
RUM,2026-09-14T12:13:00Z,7.97,7.98,7.96,7.96,52883.0
RUM,2026-09-14T12:14:00Z,7.97,7.98,7.95,7.97,21211.0
RUM,2026-09-14T12:15:00Z,7.97,7.99,7.96,7.98,13119.0
RUM,2026-09-14T12:16:00Z,7.99,7.99,7.95,7.97,15536.0
RUM,2026-09-14T12:17:00Z,7.94,7.95,7.9,7.91,27484.0
RUM,2026-09-14T12:18:00Z,7.91,7.95,7.91,7.92,2250.0
RUM,2026-09-14T12:19:00Z,7.94,7.94,7.93,7.94,2202.0
RUM,2026-09-14T12:20:00Z,7.94,7.95,7.93,7.93,4659.0
RUM,2026-09-14T12:21:00Z,7.93,7.95,7.93,7.93,8096.0
RUM,2026-09-14T12:22:00Z,7.93,7.93,7.93,7.93,0.0
RUM,2026-09-14T12:23:00Z,7.93,7.94,7.9,7.91,13370.0
RUM,2026-09-14T12:24:00Z,7.91,7.91,7.9,7.9,14422.0
RUM,2026-09-14T12:25:00Z,7.9,7.95,7.88,7.95,5342.0
RUM,2026-09-14T12:26:00Z,7.95,7.95,7.89,7.89,456.0
RUM,2026-09-14T12:27:00Z,7.91,7.91,7.81,7.85,27825.0
RUM,2026-09-14T12:28:00Z,7.84,7.84,7.82,7.84,19378.0
RUM,2026-09-14T12:29:00Z,7.84,7.85,7.84,7.84,6912.0
RUM,2026-09-14T12:30:00Z,7.84,7.88,7.84,7.86,380.0
RUM,2026-09-14T12:31:00Z,7.87,7.91,7.86,7.91,8037.0
RUM,2026-09-14T12:32:00Z,7.91,7.91,7.88,7.88,4087.0
RUM,2026-09-14T12:33:00Z,7.88,7.91,7.88,7.91,1550.0
RUM,2026-09-14T12:34:00Z,7.91,7.91,7.87,7.89,1357.0
RUM,2026-09-14T12:35:00Z,7.89,7.89,7.86,7.89,3927.0
RUM,2026-09-14T12:36:00Z,7.88,7.89,7.85,7.88,4588.0
RUM,2026-09-14T12:37:00Z,7.85,7.85,7.81,7.82,17823.0
RUM,2026-09-14T12:38:00Z,7.81,7.81,7.79,7.8,3937.0
RUM,2026-09-14T12:39:00Z,7.8,7.86,7.8,7.83,6075.0
RUM,2026-09-14T12:40:00Z,7.81,7.86,7.81,7.85,7515.0
RUM,2026-09-14T12:41:00Z,7.86,7.86,7.82,7.83,2261.0
RUM,2026-09-14T12:42:00Z,7.83,7.83,7.83,7.83,2057.0
RUM,2026-09-14T12:43:00Z,7.82,7.85,7.82,7.84,6114.0
RUM,2026-09-14T12:44:00Z,7.84,7.9,7.83,7.9,27602.0
RUM,2026-09-14T12:45:00Z,7.89,7.9,7.87,7.87,5732.0
RUM,2026-09-14T12:46:00Z,7.87,7.88,7.84,7.86,10154.0
RUM,2026-09-14T12:47:00Z,7.82,7.86,7.82,7.86,7386.0
RUM,2026-09-14T12:48:00Z,7.86,7.86,7.85,7.86,2979.0
RUM,2026-09-14T12:49:00Z,7.86,7.86,7.8,7.83,9294.0
RUM,2026-09-14T12:50:00Z,7.83,7.83,7.81,7.83,1400.0
RUM,2026-09-14T12:51:00Z,7.83,7.83,7.83,7.83,1390.0
RUM,2026-09-14T12:52:00Z,7.83,7.84,7.83,7.84,7580.0
RUM,2026-09-14T12:53:00Z,7.84,7.89,7.84,7.89,82027.0
RUM,2026-09-14T12:54:00Z,7.89,7.89,7.88,7.88,1192.0
RUM,2026-09-14T12:55:00Z,7.88,7.9,7.88,7.89,13400.0
RUM,2026-09-14T12:56:00Z,7.89,7.94,7.89,7.94,9019.0
RUM,2026-09-14T12:57:00Z,7.94,7.96,7.91,7.96,14678.0
RUM,2026-09-14T12:58:00Z,7.96,7.96,7.95,7.95,10817.0
RUM,2026-09-14T12:59:00Z,7.95,7.95,7.93,7.94,4056.0
RUM,2026-09-14T13:00:00Z,7.94,7.99,7.94,7.99,7655.0
RUM,2026-09-14T13:01:00Z,7.98,7.99,7.97,7.98,20771.0
RUM,2026-09-14T13:02:00Z,7.97,7.99,7.95,7.95,7366.0
RUM,2026-09-14T13:03:00Z,7.95,7.97,7.88,7.89,44320.0
RUM,2026-09-14T13:04:00Z,7.9,7.95,7.87,7.91,30055.0
RUM,2026-09-14T13:05:00Z,7.91,7.91,7.88,7.9,3398.0
RUM,2026-09-14T13:06:00Z,7.9,7.9,7.88,7.88,8100.0
RUM,2026-09-14T13:07:00Z,7.88,7.88,7.85,7.85,2330.0
RUM,2026-09-14T13:08:00Z,7.85,7.85,7.81,7.81,11161.0
RUM,2026-09-14T13:09:00Z,7.81,7.9,7.81,7.9,2217.0
RUM,2026-09-14T13:10:00Z,7.9,7.9,7.86,7.88,1430.0
RUM,2026-09-14T13:11:00Z,7.88,7.89,7.84,7.86,3075.0
RUM,2026-09-14T13:12:00Z,7.86,7.88,7.84,7.85,638.0
RUM,2026-09-14T13:13:00Z,7.85,7.88,7.83,7.86,5956.0
RUM,2026-09-14T13:14:00Z,7.82,7.85,7.81,7.85,6017.0
RUM,2026-09-14T13:15:00Z,7.85,7.85,7.84,7.84,2306.0
RUM,2026-09-14T13:16:00Z,7.84,7.84,7.82,7.82,1106.0
RUM,2026-09-14T13:17:00Z,7.82,7.85,7.82,7.83,6368.0
RUM,2026-09-14T13:18:00Z,7.83,7.83,7.8,7.8,14284.0
RUM,2026-09-14T13:19:00Z,7.82,7.86,7.81,7.84,18887.0
RUM,2026-09-14T13:20:00Z,7.84,7.84,7.82,7.83,1452.0
RUM,2026-09-14T13:21:00Z,7.83,7.83,7.78,7.8,6473.0
RUM,2026-09-14T13:22:00Z,7.79,7.82,7.78,7.79,4660.0
RUM,2026-09-14T13:23:00Z,7.79,7.79,7.78,7.78,811.0
RUM,2026-09-14T13:24:00Z,7.78,7.79,7.78,7.78,2866.0
RUM,2026-09-14T13:25:00Z,7.8,7.84,7.77,7.78,15809.0
RUM,2026-09-14T13:26:00Z,7.81,7.81,7.73,7.73,36453.0
RUM,2026-09-14T13:27:00Z,7.73,7.75,7.71,7.73,12493.0
RUM,2026-09-14T13:28:00Z,7.71,7.72,7.65,7.68,17279.0
RUM,2026-09-14T13:29:00Z,7.68,7.69,7.66,7.69,7575.0
RUM,2026-09-14T13:30:00Z,7.68,7.76,7.6,7.75,290771.0
RUM,2026-09-14T13:31:00Z,7.75,8.28,7.74,8.12,465745.0
RUM,2026-09-14T13:32:00Z,8.14,8.16,8.02,8.11,236880.0
RUM,2026-09-14T13:33:00Z,8.11,8.37,8.09,8.32,320552.0
RUM,2026-09-14T13:34:00Z,8.3,8.44,8.3,8.38,255668.0
RUM,2026-09-14T13:35:00Z,8.38,8.48,8.32,8.45,304245.0
RUM,2026-09-14T13:36:00Z,8.45,8.59,8.4,8.56,360633.0
RUM,2026-09-14T13:37:00Z,8.58,8.6,8.4,8.48,345658.0
RUM,2026-09-14T13:38:00Z,8.47,8.55,8.4,8.51,185905.0
RUM,2026-09-14T13:39:00Z,8.51,8.51,8.33,8.35,244974.0
RUM,2026-09-14T13:40:00Z,8.37,8.41,8.33,8.37,183653.0
RUM,2026-09-14T13:41:00Z,8.36,8.36,8.2,8.26,168652.0
RUM,2026-09-14T13:42:00Z,8.26,8.26,8.04,8.14,337803.0
RUM,2026-09-14T13:43:00Z,8.14,8.19,8.11,8.11,91253.0
RUM,2026-09-14T13:44:00Z,8.1,8.19,8.07,8.11,76497.0
RUM,2026-09-14T13:45:00Z,8.1,8.21,8.08,8.16,179897.0
RUM,2026-09-14T13:46:00Z,8.16,8.21,8.13,8.19,119532.0
RUM,2026-09-14T13:47:00Z,8.21,8.25,8.15,8.22,93006.0
RUM,2026-09-14T13:48:00Z,8.22,8.28,8.18,8.27,138998.0
RUM,2026-09-14T13:49:00Z,8.26,8.36,8.26,8.33,149460.0
RUM,2026-09-14T13:50:00Z,8.33,8.41,8.3,8.39,123487.0
RUM,2026-09-14T13:51:00Z,8.38,8.41,8.28,8.3,213790.0
RUM,2026-09-14T13:52:00Z,8.3,8.31,8.25,8.27,76070.0
RUM,2026-09-14T13:53:00Z,8.28,8.41,8.25,8.37,131816.0
RUM,2026-09-14T13:54:00Z,8.38,8.39,8.33,8.35,84456.0
RUM,2026-09-14T13:55:00Z,8.34,8.38,8.33,8.35,69942.0
RUM,2026-09-14T13:56:00Z,8.36,8.37,8.3,8.33,79363.0
RUM,2026-09-14T13:57:00Z,8.32,8.33,8.22,8.23,114920.0
RUM,2026-09-14T13:58:00Z,8.22,8.25,8.22,8.23,78064.0
RUM,2026-09-14T13:59:00Z,8.23,8.29,8.21,8.28,108009.0
RUM,2026-09-14T14:00:00Z,8.27,8.27,8.21,8.26,74432.0
RUM,2026-09-14T14:01:00Z,8.26,8.37,8.19,8.36,196406.0
RUM,2026-09-14T14:02:00Z,8.36,8.36,8.28,8.31,105093.0
RUM,2026-09-14T14:03:00Z,8.3,8.34,8.28,8.29,54461.0
RUM,2026-09-14T14:04:00Z,8.3,8.32,8.27,8.27,51200.0
RUM,2026-09-14T14:05:00Z,8.27,8.28,8.19,8.26,82187.0
RUM,2026-09-14T14:06:00Z,8.27,8.27,8.23,8.25,18027.0
RUM,2026-09-14T14:07:00Z,8.25,8.29,8.23,8.28,26079.0
RUM,2026-09-14T14:08:00Z,8.28,8.37,8.27,8.34,95030.0
RUM,2026-09-14T14:09:00Z,8.34,8.34,8.24,8.28,103395.0
RUM,2026-09-14T14:10:00Z,8.27,8.33,8.25,8.32,41016.0
RUM,2026-09-14T14:11:00Z,8.32,8.33,8.29,8.29,38873.0
RUM,2026-09-14T14:12:00Z,8.3,8.35,8.28,8.35,62934.0
RUM,2026-09-14T14:13:00Z,8.34,8.4,8.32,8.39,100634.0
RUM,2026-09-14T14:14:00Z,8.38,8.42,8.37,8.38,101561.0
RUM,2026-09-14T14:15:00Z,8.38,8.41,8.34,8.35,94825.0
RUM,2026-09-14T14:16:00Z,8.34,8.38,8.3,8.36,150067.0
RUM,2026-09-14T14:17:00Z,8.36,8.4,8.35,8.37,36518.0
RUM,2026-09-14T14:18:00Z,8.37,8.47,8.34,8.46,79661.0
RUM,2026-09-14T14:19:00Z,8.46,8.48,8.42,8.45,131049.0
RUM,2026-09-14T14:20:00Z,8.45,8.55,8.45,8.54,193999.0
RUM,2026-09-14T14:21:00Z,8.55,8.55,8.48,8.5,66626.0
RUM,2026-09-14T14:22:00Z,8.5,8.51,8.4,8.42,129084.0
RUM,2026-09-14T14:23:00Z,8.41,8.44,8.4,8.41,56919.0
RUM,2026-09-14T14:24:00Z,8.42,8.45,8.39,8.44,86620.0
RUM,2026-09-14T14:25:00Z,8.44,8.48,8.42,8.44,85350.0
RUM,2026-09-14T14:26:00Z,8.44,8.51,8.43,8.5,97772.0
RUM,2026-09-14T14:27:00Z,8.51,8.55,8.48,8.55,146356.0
RUM,2026-09-14T14:28:00Z,8.55,8.66,8.54,8.6,276524.0
RUM,2026-09-14T14:29:00Z,8.61,8.65,8.57,8.58,103564.0
RUM,2026-09-14T14:30:00Z,8.58,8.6,8.55,8.58,126227.0
RUM,2026-09-14T14:31:00Z,8.57,8.57,8.48,8.53,96457.0
RUM,2026-09-14T14:32:00Z,8.53,8.54,8.42,8.44,86453.0
RUM,2026-09-14T14:33:00Z,8.44,8.46,8.41,8.42,67969.0
RUM,2026-09-14T14:34:00Z,8.43,8.44,8.3,8.34,227875.0
RUM,2026-09-14T14:35:00Z,8.33,8.35,8.23,8.25,143916.0
RUM,2026-09-14T14:36:00Z,8.24,8.25,8.22,8.24,48018.0
RUM,2026-09-14T14:37:00Z,8.23,8.35,8.2,8.33,103667.0
RUM,2026-09-14T14:38:00Z,8.33,8.34,8.27,8.28,34329.0
RUM,2026-09-14T14:39:00Z,8.28,8.32,8.26,8.32,73046.0
RUM,2026-09-14T14:40:00Z,8.32,8.32,8.28,8.29,54099.0
RUM,2026-09-14T14:41:00Z,8.29,8.3,8.23,8.25,74848.0
RUM,2026-09-14T14:42:00Z,8.25,8.27,8.25,8.27,27964.0
RUM,2026-09-14T14:43:00Z,8.27,8.28,8.2,8.22,83715.0
RUM,2026-09-14T14:44:00Z,8.23,8.28,8.22,8.28,70086.0
RUM,2026-09-14T14:45:00Z,8.27,8.28,8.24,8.27,20126.0
RUM,2026-09-14T14:46:00Z,8.27,8.29,8.26,8.26,23799.0
RUM,2026-09-14T14:47:00Z,8.27,8.32,8.26,8.31,26160.0
RUM,2026-09-14T14:48:00Z,8.3,8.32,8.27,8.27,42784.0
RUM,2026-09-14T14:49:00Z,8.27,8.3,8.26,8.28,23088.0
RUM,2026-09-14T14:50:00Z,8.29,8.29,8.24,8.24,23738.0
RUM,2026-09-14T14:51:00Z,8.24,8.25,8.22,8.25,30370.0
RUM,2026-09-14T14:52:00Z,8.24,8.25,8.21,8.22,15394.0
RUM,2026-09-14T14:53:00Z,8.22,8.24,8.2,8.22,39784.0
RUM,2026-09-14T14:54:00Z,8.22,8.27,8.21,8.27,21594.0
RUM,2026-09-14T14:55:00Z,8.26,8.28,8.24,8.25,20676.0
RUM,2026-09-14T14:56:00Z,8.27,8.3,8.25,8.28,35212.0
RUM,2026-09-14T14:57:00Z,8.27,8.28,8.23,8.24,19823.0
RUM,2026-09-14T14:58:00Z,8.24,8.26,8.22,8.25,22735.0
RUM,2026-09-14T14:59:00Z,8.26,8.26,8.15,8.17,127606.0
RUM,2026-09-14T15:00:00Z,8.16,8.19,8.11,8.19,121412.0
RUM,2026-09-14T15:01:00Z,8.18,8.23,8.17,8.22,48812.0
RUM,2026-09-14T15:02:00Z,8.21,8.22,8.18,8.19,23966.0
RUM,2026-09-14T15:03:00Z,8.2,8.23,8.2,8.22,24918.0
RUM,2026-09-14T15:04:00Z,8.21,8.23,8.2,8.21,11679.0
RUM,2026-09-14T15:05:00Z,8.2,8.28,8.2,8.26,13445.0
RUM,2026-09-14T15:06:00Z,8.27,8.3,8.23,8.25,61796.0
RUM,2026-09-14T15:07:00Z,8.25,8.26,8.23,8.25,8594.0
RUM,2026-09-14T15:08:00Z,8.25,8.28,8.24,8.24,34246.0
RUM,2026-09-14T15:09:00Z,8.24,8.27,8.24,8.27,4123.0
RUM,2026-09-14T15:10:00Z,8.26,8.32,8.26,8.32,51470.0
RUM,2026-09-14T15:11:00Z,8.31,8.32,8.29,8.3,28683.0
RUM,2026-09-14T15:12:00Z,8.3,8.32,8.3,8.3,41969.0
RUM,2026-09-14T15:13:00Z,8.3,8.31,8.27,8.27,71965.0
RUM,2026-09-14T15:14:00Z,8.28,8.28,8.26,8.27,10591.0
RUM,2026-09-14T15:15:00Z,8.27,8.3,8.26,8.27,49288.0
RUM,2026-09-14T15:16:00Z,8.27,8.29,8.26,8.26,9066.0
RUM,2026-09-14T15:17:00Z,8.26,8.29,8.26,8.27,7189.0
RUM,2026-09-14T15:18:00Z,8.27,8.28,8.26,8.27,7787.0
RUM,2026-09-14T15:19:00Z,8.27,8.3,8.23,8.23,68211.0
RUM,2026-09-14T15:20:00Z,8.25,8.25,8.21,8.21,20098.0
RUM,2026-09-14T15:21:00Z,8.21,8.23,8.21,8.22,6453.0
RUM,2026-09-14T15:22:00Z,8.22,8.23,8.22,8.22,6500.0
RUM,2026-09-14T15:23:00Z,8.22,8.23,8.22,8.22,6220.0
RUM,2026-09-14T15:24:00Z,8.22,8.23,8.22,8.22,12645.0
RUM,2026-09-14T15:25:00Z,8.22,8.23,8.21,8.21,8201.0
RUM,2026-09-14T15:26:00Z,8.21,8.22,8.21,8.21,13789.0
RUM,2026-09-14T15:27:00Z,8.21,8.23,8.2,8.23,18417.0
RUM,2026-09-14T15:28:00Z,8.24,8.27,8.24,8.27,16917.0
RUM,2026-09-14T15:29:00Z,8.26,8.27,8.25,8.25,5359.0
RUM,2026-09-14T15:30:00Z,8.26,8.27,8.24,8.24,21738.0
RUM,2026-09-14T15:31:00Z,8.25,8.25,8.22,8.23,3519.0
SCNI,2026-09-14T08:00:00Z,2.26,2.41,2.01,2.21,52459.0
SCNI,2026-09-14T08:01:00Z,2.1704,2.99,2.16,2.85,230816.0
SCNI,2026-09-14T08:02:00Z,2.85,2.89,2.06,2.65,224438.0
SCNI,2026-09-14T08:03:00Z,2.65,2.84,2.06,2.28,307053.0
SCNI,2026-09-14T08:04:00Z,2.3,2.85,2.2,2.76,140494.0
SCNI,2026-09-14T08:05:00Z,2.77,2.96,2.68,2.8064,181643.0
SCNI,2026-09-14T08:06:00Z,2.78,2.81,2.7024,2.72,82454.0
SCNI,2026-09-14T08:07:00Z,2.7299,2.7668,2.62,2.69,85044.0
SCNI,2026-09-14T08:08:00Z,2.6805,2.76,2.66,2.729,66287.0
SCNI,2026-09-14T08:09:00Z,2.73,2.81,2.7298,2.7693,95352.0
SCNI,2026-09-14T08:10:00Z,2.76,2.9,2.76,2.83,173074.0
SCNI,2026-09-14T08:11:00Z,2.82,2.89,2.78,2.8847,77353.0
SCNI,2026-09-14T08:12:00Z,2.89,2.98,2.83,2.9,165058.0
SCNI,2026-09-14T08:13:00Z,2.9,3.13,2.85,3.05,248731.0
SCNI,2026-09-14T08:14:00Z,3.06,3.1181,3.0,3.0106,148104.0
SCNI,2026-09-14T08:15:00Z,3.02,3.08,2.98,3.0601,133789.0
SCNI,2026-09-14T08:16:00Z,3.07,3.08,3.02,3.05,76528.0
SCNI,2026-09-14T08:17:00Z,3.04,3.05,2.95,2.96,84992.0
SCNI,2026-09-14T08:18:00Z,2.96,2.97,2.88,2.94,89812.0
SCNI,2026-09-14T08:19:00Z,2.93,3.02,2.93,2.99,69058.0
SCNI,2026-09-14T08:20:00Z,2.99,3.0,2.92,2.93,52837.0
SCNI,2026-09-14T08:21:00Z,2.92,2.95,2.91,2.93,30378.0
SCNI,2026-09-14T08:22:00Z,2.925,3.0,2.925,2.9695,39990.0
SCNI,2026-09-14T08:23:00Z,2.9699,2.97,2.86,2.8995,70718.0
SCNI,2026-09-14T08:24:00Z,2.9,2.927,2.87,2.88,33630.0
SCNI,2026-09-14T08:25:00Z,2.8891,2.93,2.87,2.93,36100.0
SCNI,2026-09-14T08:26:00Z,2.93,2.98,2.92,2.98,57221.0
SCNI,2026-09-14T08:27:00Z,2.9809,3.1,2.98,3.0796,146618.0
SCNI,2026-09-14T08:28:00Z,3.0706,3.08,3.02,3.04,100439.0
SCNI,2026-09-14T08:29:00Z,3.0495,3.0499,2.97,3.02,63623.0
SCNI,2026-09-14T08:30:00Z,3.02,3.06,2.98,3.0,68895.0
SCNI,2026-09-14T08:31:00Z,3.02,3.02,2.96,2.9803,27561.0
SCNI,2026-09-14T08:32:00Z,2.98,2.99,2.92,2.9495,47813.0
SCNI,2026-09-14T08:33:00Z,2.9405,3.05,2.94,3.05,58248.0
SCNI,2026-09-14T08:34:00Z,3.04,3.12,3.0,3.0801,137750.0
SCNI,2026-09-14T08:35:00Z,3.09,3.12,3.04,3.1,93099.0
SCNI,2026-09-14T08:36:00Z,3.09,3.19,3.06,3.16,156597.0
SCNI,2026-09-14T08:37:00Z,3.1695,3.2,3.13,3.17,132724.0
SCNI,2026-09-14T08:38:00Z,3.1799,3.2,3.15,3.1795,83108.0
SCNI,2026-09-14T08:39:00Z,3.18,3.19,3.14,3.17,51318.0
SCNI,2026-09-14T08:40:00Z,3.1706,3.1706,3.05,3.0595,86733.0
SCNI,2026-09-14T08:41:00Z,3.0595,3.1,3.04,3.08,71744.0
SCNI,2026-09-14T08:42:00Z,3.0802,3.27,3.0802,3.25,145012.0
SCNI,2026-09-14T08:43:00Z,3.25,3.27,3.19,3.24,107607.0
SCNI,2026-09-14T08:44:00Z,3.25,3.31,3.24,3.26,165982.0
SCNI,2026-09-14T08:45:00Z,3.2508,3.29,3.21,3.25,88883.0
SCNI,2026-09-14T08:46:00Z,3.24,3.25,3.205,3.21,50196.0
SCNI,2026-09-14T08:47:00Z,3.21,3.21,3.15,3.165,79314.0
SCNI,2026-09-14T08:48:00Z,3.16,3.26,3.16,3.235,105049.0
SCNI,2026-09-14T08:49:00Z,3.23,3.27,3.21,3.2503,93051.0
SCNI,2026-09-14T08:50:00Z,3.2503,3.33,3.24,3.3,119498.0
SCNI,2026-09-14T08:51:00Z,3.2906,3.2995,3.23,3.24,91064.0
SCNI,2026-09-14T08:52:00Z,3.23,3.25,3.2094,3.2094,67186.0
SCNI,2026-09-14T08:53:00Z,3.2,3.27,3.2,3.24,62448.0
SCNI,2026-09-14T08:54:00Z,3.25,3.27,3.2,3.2194,60491.0
SCNI,2026-09-14T08:55:00Z,3.219,3.25,3.2,3.21,62092.0
SCNI,2026-09-14T08:56:00Z,3.2,3.2406,3.18,3.18,69989.0
SCNI,2026-09-14T08:57:00Z,3.18,3.18,3.0206,3.0794,228092.0
SCNI,2026-09-14T08:58:00Z,3.08,3.11,3.08,3.09,73624.0
SCNI,2026-09-14T08:59:00Z,3.08,3.09,3.03,3.07,82441.0
SCNI,2026-09-14T09:00:00Z,3.07,3.11,3.06,3.06,64493.0
SCNI,2026-09-14T09:01:00Z,3.06,3.12,3.05,3.09,54442.0
SCNI,2026-09-14T09:02:00Z,3.1,3.1,3.06,3.07,43286.0
SCNI,2026-09-14T09:03:00Z,3.06,3.06,2.95,2.95,132661.0
SCNI,2026-09-14T09:04:00Z,2.95,2.9699,2.93,2.9307,108666.0
SCNI,2026-09-14T09:05:00Z,2.9394,2.94,2.86,2.89,171186.0
SCNI,2026-09-14T09:06:00Z,2.89,2.92,2.88,2.91,51562.0
SCNI,2026-09-14T09:07:00Z,2.92,2.95,2.9,2.9197,81703.0
SCNI,2026-09-14T09:08:00Z,2.91,2.94,2.9007,2.94,35183.0
SCNI,2026-09-14T09:09:00Z,2.94,2.96,2.93,2.95,31053.0
SCNI,2026-09-14T09:10:00Z,2.9406,2.97,2.94,2.97,37467.0
SCNI,2026-09-14T09:11:00Z,2.9699,3.0497,2.9602,3.03,76896.0
SCNI,2026-09-14T09:12:00Z,3.04,3.04,3.0,3.0001,80563.0
SCNI,2026-09-14T09:13:00Z,3.0,3.02,2.93,2.94,107093.0
SCNI,2026-09-14T09:14:00Z,2.94,2.99,2.94,2.97,32717.0
SCNI,2026-09-14T09:15:00Z,2.9702,2.98,2.91,2.91,61741.0
SCNI,2026-09-14T09:16:00Z,2.91,2.94,2.87,2.88,76761.0
SCNI,2026-09-14T09:17:00Z,2.87,2.91,2.87,2.9,43327.0
SCNI,2026-09-14T09:18:00Z,2.91,2.91,2.88,2.8907,41705.0
SCNI,2026-09-14T09:19:00Z,2.89,2.89,2.81,2.84,69670.0
SCNI,2026-09-14T09:20:00Z,2.84,2.85,2.8,2.83,65202.0
SCNI,2026-09-14T09:21:00Z,2.82,2.87,2.82,2.85,65529.0
SCNI,2026-09-14T09:22:00Z,2.8503,2.86,2.83,2.85,20413.0
SCNI,2026-09-14T09:23:00Z,2.8407,2.87,2.84,2.8601,35019.0
SCNI,2026-09-14T09:24:00Z,2.87,2.89,2.86,2.87,22953.0
SCNI,2026-09-14T09:25:00Z,2.87,2.8909,2.85,2.85,45413.0
SCNI,2026-09-14T09:26:00Z,2.86,2.86,2.82,2.82,38655.0
SCNI,2026-09-14T09:27:00Z,2.83,2.8506,2.83,2.8506,16338.0
SCNI,2026-09-14T09:28:00Z,2.8506,2.86,2.8,2.81,44325.0
SCNI,2026-09-14T09:29:00Z,2.8106,2.83,2.81,2.829,27962.0
SCNI,2026-09-14T09:30:00Z,2.8291,2.83,2.81,2.81,17910.0
SCNI,2026-09-14T09:31:00Z,2.8101,2.84,2.81,2.82,25916.0
SCNI,2026-09-14T09:32:00Z,2.82,2.86,2.81,2.8509,21908.0
SCNI,2026-09-14T09:33:00Z,2.85,2.88,2.85,2.8599,29986.0
SCNI,2026-09-14T09:34:00Z,2.86,2.9,2.86,2.88,20771.0
SCNI,2026-09-14T09:35:00Z,2.89,2.93,2.88,2.92,48507.0
SCNI,2026-09-14T09:36:00Z,2.91,2.91,2.86,2.8706,40392.0
SCNI,2026-09-14T09:37:00Z,2.88,2.88,2.85,2.86,11110.0
SCNI,2026-09-14T09:38:00Z,2.86,2.87,2.85,2.86,13024.0
SCNI,2026-09-14T09:39:00Z,2.8594,2.86,2.82,2.82,33585.0
SCNI,2026-09-14T09:40:00Z,2.8206,2.8498,2.8,2.8306,48103.0
SCNI,2026-09-14T09:41:00Z,2.83,2.84,2.82,2.8294,18594.0
SCNI,2026-09-14T09:42:00Z,2.82,2.83,2.79,2.8102,46096.0
SCNI,2026-09-14T09:43:00Z,2.81,2.82,2.8,2.81,13293.0
SCNI,2026-09-14T09:44:00Z,2.81,2.86,2.81,2.839,37259.0
SCNI,2026-09-14T09:45:00Z,2.84,2.84,2.8,2.82,26816.0
SCNI,2026-09-14T09:46:00Z,2.8194,2.83,2.8,2.8001,16007.0
SCNI,2026-09-14T09:47:00Z,2.8,2.81,2.74,2.74,69435.0
SCNI,2026-09-14T09:48:00Z,2.75,2.76,2.74,2.75,44737.0
SCNI,2026-09-14T09:49:00Z,2.7502,2.76,2.73,2.74,28996.0
SCNI,2026-09-14T09:50:00Z,2.74,2.74,2.69,2.69,55097.0
SCNI,2026-09-14T09:51:00Z,2.7,2.72,2.6594,2.68,106322.0
SCNI,2026-09-14T09:52:00Z,2.67,2.71,2.6595,2.69,58102.0
SCNI,2026-09-14T09:53:00Z,2.69,2.71,2.68,2.69,35455.0
SCNI,2026-09-14T09:54:00Z,2.68,2.68,2.66,2.6698,22303.0
SCNI,2026-09-14T09:55:00Z,2.6999,2.71,2.69,2.7006,11069.0
SCNI,2026-09-14T09:56:00Z,2.7009,2.74,2.7,2.73,30251.0
SCNI,2026-09-14T09:57:00Z,2.73,2.73,2.7,2.7,24341.0
SCNI,2026-09-14T09:58:00Z,2.71,2.72,2.71,2.7106,7501.0
SCNI,2026-09-14T09:59:00Z,2.71,2.7199,2.7,2.7195,7708.0
SCNI,2026-09-14T10:00:00Z,2.7193,2.72,2.69,2.6903,15531.0
SCNI,2026-09-14T10:01:00Z,2.69,2.6995,2.66,2.6893,24750.0
SCNI,2026-09-14T10:02:00Z,2.68,2.68,2.66,2.68,34341.0
SCNI,2026-09-14T10:03:00Z,2.6894,2.69,2.67,2.68,19079.0
SCNI,2026-09-14T10:04:00Z,2.68,2.73,2.68,2.72,23309.0
SCNI,2026-09-14T10:05:00Z,2.7293,2.73,2.7,2.7093,16278.0
SCNI,2026-09-14T10:06:00Z,2.7099,2.72,2.69,2.6906,11197.0
SCNI,2026-09-14T10:07:00Z,2.6906,2.72,2.69,2.7,11395.0
SCNI,2026-09-14T10:08:00Z,2.7,2.72,2.7,2.72,11727.0
SCNI,2026-09-14T10:09:00Z,2.73,2.73,2.71,2.71,9916.0
SCNI,2026-09-14T10:10:00Z,2.7195,2.73,2.7006,2.72,9909.0
SCNI,2026-09-14T10:11:00Z,2.729,2.76,2.729,2.74,43560.0
SCNI,2026-09-14T10:12:00Z,2.74,2.74,2.69,2.7,46264.0
SCNI,2026-09-14T10:13:00Z,2.699,2.72,2.69,2.72,3667.0
SCNI,2026-09-14T10:14:00Z,2.71,2.72,2.6995,2.7,15649.0
SCNI,2026-09-14T10:15:00Z,2.7,2.72,2.69,2.72,19399.0
SCNI,2026-09-14T10:16:00Z,2.72,2.72,2.7,2.7,9039.0
SCNI,2026-09-14T10:17:00Z,2.6902,2.73,2.69,2.73,13619.0
SCNI,2026-09-14T10:18:00Z,2.72,2.72,2.7,2.72,14097.0
SCNI,2026-09-14T10:19:00Z,2.72,2.73,2.68,2.69,63503.0
SCNI,2026-09-14T10:20:00Z,2.69,2.7,2.69,2.7,9808.0
SCNI,2026-09-14T10:21:00Z,2.7,2.7,2.65,2.6895,48941.0
SCNI,2026-09-14T10:22:00Z,2.69,2.7194,2.6807,2.7194,16649.0
SCNI,2026-09-14T10:23:00Z,2.72,2.77,2.72,2.7603,44824.0
SCNI,2026-09-14T10:24:00Z,2.77,2.77,2.73,2.73,43748.0
SCNI,2026-09-14T10:25:00Z,2.73,2.77,2.72,2.7503,43319.0
SCNI,2026-09-14T10:26:00Z,2.7507,2.76,2.69,2.7,36775.0
SCNI,2026-09-14T10:27:00Z,2.709,2.73,2.709,2.72,14727.0
SCNI,2026-09-14T10:28:00Z,2.72,2.73,2.71,2.72,11564.0
SCNI,2026-09-14T10:29:00Z,2.72,2.76,2.72,2.76,25304.0
SCNI,2026-09-14T10:30:00Z,2.76,2.77,2.75,2.751,14171.0
SCNI,2026-09-14T10:31:00Z,2.76,2.76,2.74,2.76,23345.0
SCNI,2026-09-14T10:32:00Z,2.76,2.76,2.7,2.74,47647.0
SCNI,2026-09-14T10:33:00Z,2.74,2.74,2.7,2.72,13086.0
SCNI,2026-09-14T10:34:00Z,2.72,2.72,2.7,2.7094,23320.0
SCNI,2026-09-14T10:35:00Z,2.7095,2.71,2.7,2.71,20237.0
SCNI,2026-09-14T10:36:00Z,2.71,2.71,2.69,2.69,25458.0
SCNI,2026-09-14T10:37:00Z,2.6997,2.73,2.6907,2.729,11353.0
SCNI,2026-09-14T10:38:00Z,2.729,2.73,2.71,2.71,10234.0
SCNI,2026-09-14T10:39:00Z,2.7,2.7194,2.7,2.71,7778.0
SCNI,2026-09-14T10:40:00Z,2.71,2.71,2.69,2.709,11101.0
SCNI,2026-09-14T10:41:00Z,2.71,2.72,2.68,2.6805,24280.0
SCNI,2026-09-14T10:42:00Z,2.68,2.69,2.66,2.69,25129.0
SCNI,2026-09-14T10:43:00Z,2.69,2.69,2.66,2.6695,32870.0
SCNI,2026-09-14T10:44:00Z,2.66,2.68,2.66,2.68,16866.0
SCNI,2026-09-14T10:45:00Z,2.6805,2.7,2.6805,2.69,8179.0
SCNI,2026-09-14T10:46:00Z,2.7,2.7,2.68,2.68,6759.0
SCNI,2026-09-14T10:47:00Z,2.6806,2.7,2.68,2.7,15451.0
SCNI,2026-09-14T10:48:00Z,2.7,2.7,2.68,2.69,4881.0
SCNI,2026-09-14T10:49:00Z,2.68,2.71,2.66,2.7,29567.0
SCNI,2026-09-14T10:50:00Z,2.6998,2.71,2.69,2.7,22452.0
SCNI,2026-09-14T10:51:00Z,2.71,2.71,2.7,2.7097,20632.0
SCNI,2026-09-14T10:52:00Z,2.7097,2.72,2.7,2.72,9707.0
SCNI,2026-09-14T10:53:00Z,2.7106,2.72,2.7,2.71,13690.0
SCNI,2026-09-14T10:54:00Z,2.71,2.73,2.71,2.73,14260.0
SCNI,2026-09-14T10:55:00Z,2.7206,2.76,2.72,2.75,35916.0
SCNI,2026-09-14T10:56:00Z,2.75,2.75,2.73,2.7493,28763.0
SCNI,2026-09-14T10:57:00Z,2.74,2.76,2.72,2.76,31518.0
SCNI,2026-09-14T10:58:00Z,2.76,2.8293,2.76,2.8,107631.0
SCNI,2026-09-14T10:59:00Z,2.79,2.82,2.78,2.8,65021.0
SCNI,2026-09-14T11:00:00Z,2.79,2.85,2.74,2.76,153183.0
SCNI,2026-09-14T11:01:00Z,2.76,2.7682,2.66,2.7,158271.0
SCNI,2026-09-14T11:02:00Z,2.71,2.71,2.5,2.55,260747.0
SCNI,2026-09-14T11:03:00Z,2.55,2.56,2.52,2.55,127045.0
SCNI,2026-09-14T11:04:00Z,2.55,2.56,2.51,2.53,86286.0
SCNI,2026-09-14T11:05:00Z,2.539,2.56,2.52,2.55,40222.0
SCNI,2026-09-14T11:06:00Z,2.5485,2.57,2.53,2.5505,43229.0
SCNI,2026-09-14T11:07:00Z,2.5599,2.58,2.54,2.56,42851.0
SCNI,2026-09-14T11:08:00Z,2.56,2.58,2.55,2.5793,32748.0
SCNI,2026-09-14T11:09:00Z,2.5794,2.58,2.54,2.55,41720.0
SCNI,2026-09-14T11:10:00Z,2.56,2.57,2.55,2.55,14209.0
SCNI,2026-09-14T11:11:00Z,2.56,2.56,2.54,2.54,18197.0
SCNI,2026-09-14T11:12:00Z,2.5494,2.55,2.52,2.52,40914.0
SCNI,2026-09-14T11:13:00Z,2.52,2.52,2.46,2.49,150194.0
SCNI,2026-09-14T11:14:00Z,2.49,2.5,2.45,2.45,92892.0
SCNI,2026-09-14T11:15:00Z,2.46,2.4704,2.42,2.43,68773.0
SCNI,2026-09-14T11:16:00Z,2.4302,2.46,2.43,2.45,40780.0
SCNI,2026-09-14T11:17:00Z,2.44,2.47,2.44,2.46,26588.0
SCNI,2026-09-14T11:18:00Z,2.4603,2.48,2.46,2.48,25402.0
SCNI,2026-09-14T11:19:00Z,2.48,2.48,2.45,2.47,27763.0
SCNI,2026-09-14T11:20:00Z,2.4602,2.47,2.4593,2.469,17125.0
SCNI,2026-09-14T11:21:00Z,2.47,2.48,2.46,2.48,17196.0
SCNI,2026-09-14T11:22:00Z,2.489,2.49,2.46,2.46,24125.0
SCNI,2026-09-14T11:23:00Z,2.47,2.4706,2.46,2.4706,12507.0
SCNI,2026-09-14T11:24:00Z,2.4701,2.48,2.46,2.47,18507.0
SCNI,2026-09-14T11:25:00Z,2.4794,2.48,2.47,2.47,11043.0
SCNI,2026-09-14T11:26:00Z,2.46,2.48,2.46,2.48,9516.0
SCNI,2026-09-14T11:27:00Z,2.48,2.5,2.48,2.4985,23994.0
SCNI,2026-09-14T11:28:00Z,2.49,2.5,2.48,2.48,20193.0
SCNI,2026-09-14T11:29:00Z,2.48,2.4811,2.46,2.4685,21143.0
SCNI,2026-09-14T11:30:00Z,2.46,2.48,2.46,2.48,22937.0
SCNI,2026-09-14T11:31:00Z,2.48,2.49,2.47,2.4894,11820.0
SCNI,2026-09-14T11:32:00Z,2.49,2.49,2.4494,2.46,43679.0
SCNI,2026-09-14T11:33:00Z,2.45,2.46,2.44,2.44,17911.0
SCNI,2026-09-14T11:34:00Z,2.44,2.45,2.38,2.4,158450.0
SCNI,2026-09-14T11:35:00Z,2.4,2.43,2.36,2.37,103736.0
SCNI,2026-09-14T11:36:00Z,2.37,2.4,2.3598,2.4,43858.0
SCNI,2026-09-14T11:37:00Z,2.3982,2.4,2.38,2.39,50141.0
SCNI,2026-09-14T11:38:00Z,2.39,2.41,2.39,2.41,31613.0
SCNI,2026-09-14T11:39:00Z,2.4,2.4085,2.38,2.38,35369.0
SCNI,2026-09-14T11:40:00Z,2.38,2.41,2.38,2.4093,14547.0
SCNI,2026-09-14T11:41:00Z,2.41,2.41,2.39,2.39,8861.0
SCNI,2026-09-14T11:42:00Z,2.39,2.4,2.38,2.38,8545.0
SCNI,2026-09-14T11:43:00Z,2.38,2.41,2.38,2.41,15969.0
SCNI,2026-09-14T11:44:00Z,2.41,2.42,2.3998,2.4,13212.0
SCNI,2026-09-14T11:45:00Z,2.4,2.41,2.39,2.41,6115.0
SCNI,2026-09-14T11:46:00Z,2.41,2.41,2.4,2.4099,5739.0
SCNI,2026-09-14T11:47:00Z,2.4099,2.42,2.4,2.42,28021.0
SCNI,2026-09-14T11:48:00Z,2.42,2.44,2.41,2.44,26488.0
SCNI,2026-09-14T11:49:00Z,2.44,2.44,2.42,2.43,23335.0
SCNI,2026-09-14T11:50:00Z,2.43,2.4315,2.4218,2.4303,13500.0
SCNI,2026-09-14T11:51:00Z,2.4303,2.44,2.42,2.42,20219.0
SCNI,2026-09-14T11:52:00Z,2.42,2.43,2.42,2.42,6699.0
SCNI,2026-09-14T11:53:00Z,2.43,2.44,2.42,2.4306,12834.0
SCNI,2026-09-14T11:54:00Z,2.44,2.44,2.4,2.4094,33851.0
SCNI,2026-09-14T11:55:00Z,2.4,2.41,2.4,2.41,9389.0
SCNI,2026-09-14T11:56:00Z,2.4085,2.42,2.4,2.42,17994.0
SCNI,2026-09-14T11:57:00Z,2.42,2.42,2.41,2.41,7234.0
SCNI,2026-09-14T11:58:00Z,2.42,2.42,2.4,2.4003,11922.0
SCNI,2026-09-14T11:59:00Z,2.4003,2.4003,2.39,2.4,21447.0
SCNI,2026-09-14T12:00:00Z,2.4,2.41,2.39,2.39,10453.0
SCNI,2026-09-14T12:01:00Z,2.39,2.39,2.38,2.38,24636.0
SCNI,2026-09-14T12:02:00Z,2.38,2.41,2.38,2.41,20002.0
SCNI,2026-09-14T12:03:00Z,2.4,2.4,2.39,2.3998,14731.0
SCNI,2026-09-14T12:04:00Z,2.3998,2.4,2.39,2.4,14642.0
SCNI,2026-09-14T12:05:00Z,2.3985,2.4082,2.39,2.4082,13061.0
SCNI,2026-09-14T12:06:00Z,2.41,2.41,2.4,2.41,5632.0
SCNI,2026-09-14T12:07:00Z,2.41,2.41,2.38,2.38,30117.0
SCNI,2026-09-14T12:08:00Z,2.38,2.39,2.35,2.37,51152.0
SCNI,2026-09-14T12:09:00Z,2.37,2.4,2.36,2.39,29353.0
SCNI,2026-09-14T12:10:00Z,2.39,2.4,2.38,2.3802,15069.0
SCNI,2026-09-14T12:11:00Z,2.38,2.39,2.38,2.38,7883.0
SCNI,2026-09-14T12:12:00Z,2.38,2.39,2.36,2.36,34917.0
SCNI,2026-09-14T12:13:00Z,2.35,2.38,2.34,2.37,39643.0
SCNI,2026-09-14T12:14:00Z,2.3606,2.371,2.35,2.36,16949.0
SCNI,2026-09-14T12:15:00Z,2.36,2.38,2.36,2.36,14369.0
SCNI,2026-09-14T12:16:00Z,2.36,2.37,2.3594,2.3594,30959.0
SCNI,2026-09-14T12:17:00Z,2.35,2.359,2.33,2.33,45315.0
SCNI,2026-09-14T12:18:00Z,2.34,2.35,2.33,2.34,12804.0
SCNI,2026-09-14T12:19:00Z,2.35,2.35,2.33,2.35,12520.0
SCNI,2026-09-14T12:20:00Z,2.34,2.35,2.34,2.3407,5954.0
SCNI,2026-09-14T12:21:00Z,2.35,2.35,2.33,2.3401,17667.0
SCNI,2026-09-14T12:22:00Z,2.3401,2.37,2.34,2.37,22200.0
SCNI,2026-09-14T12:23:00Z,2.37,2.37,2.36,2.3615,12713.0
SCNI,2026-09-14T12:24:00Z,2.3602,2.37,2.3515,2.36,12220.0
SCNI,2026-09-14T12:25:00Z,2.36,2.37,2.36,2.37,11742.0
SCNI,2026-09-14T12:26:00Z,2.37,2.37,2.34,2.35,36073.0
SCNI,2026-09-14T12:27:00Z,2.34,2.35,2.33,2.35,18584.0
SCNI,2026-09-14T12:28:00Z,2.3406,2.3406,2.3299,2.3382,32381.0
SCNI,2026-09-14T12:29:00Z,2.33,2.33,2.29,2.29,73052.0
SCNI,2026-09-14T12:30:00Z,2.2985,2.2985,2.24,2.2485,112546.0
SCNI,2026-09-14T12:31:00Z,2.24,2.27,2.23,2.26,63568.0
SCNI,2026-09-14T12:32:00Z,2.25,2.25,2.24,2.24,27083.0
SCNI,2026-09-14T12:33:00Z,2.245,2.245,2.22,2.229,45109.0
SCNI,2026-09-14T12:34:00Z,2.23,2.25,2.22,2.2399,53582.0
SCNI,2026-09-14T12:35:00Z,2.23,2.28,2.21,2.28,122430.0
SCNI,2026-09-14T12:36:00Z,2.28,2.33,2.28,2.3101,102677.0
SCNI,2026-09-14T12:37:00Z,2.3198,2.32,2.29,2.31,48645.0
SCNI,2026-09-14T12:38:00Z,2.31,2.31,2.29,2.3,39911.0
SCNI,2026-09-14T12:39:00Z,2.3,2.3,2.26,2.27,27853.0
SCNI,2026-09-14T12:40:00Z,2.27,2.27,2.22,2.2386,61371.0
SCNI,2026-09-14T12:41:00Z,2.23,2.265,2.23,2.2601,27661.0
SCNI,2026-09-14T12:42:00Z,2.26,2.27,2.25,2.25,8091.0
SCNI,2026-09-14T12:43:00Z,2.25,2.26,2.25,2.2501,26698.0
SCNI,2026-09-14T12:44:00Z,2.25,2.27,2.25,2.2699,10051.0
SCNI,2026-09-14T12:45:00Z,2.26,2.33,2.26,2.311,65785.0
SCNI,2026-09-14T12:46:00Z,2.31,2.34,2.29,2.29,47039.0
SCNI,2026-09-14T12:47:00Z,2.2997,2.33,2.29,2.33,24473.0
SCNI,2026-09-14T12:48:00Z,2.34,2.34,2.32,2.34,25884.0
SCNI,2026-09-14T12:49:00Z,2.33,2.34,2.3,2.33,22276.0
SCNI,2026-09-14T12:50:00Z,2.33,2.34,2.3194,2.32,24369.0
SCNI,2026-09-14T12:51:00Z,2.32,2.32,2.31,2.3194,8150.0
SCNI,2026-09-14T12:52:00Z,2.3101,2.33,2.31,2.32,13814.0
SCNI,2026-09-14T12:53:00Z,2.32,2.34,2.32,2.33,16903.0
SCNI,2026-09-14T12:54:00Z,2.33,2.36,2.33,2.36,32688.0
SCNI,2026-09-14T12:55:00Z,2.35,2.38,2.34,2.3614,49639.0
SCNI,2026-09-14T12:56:00Z,2.37,2.44,2.36,2.41,151174.0
SCNI,2026-09-14T12:57:00Z,2.41,2.45,2.41,2.45,129893.0
SCNI,2026-09-14T12:58:00Z,2.4497,2.52,2.44,2.5193,204312.0
SCNI,2026-09-14T12:59:00Z,2.5198,2.54,2.48,2.5,199485.0
SCNI,2026-09-14T13:00:00Z,2.5093,2.51,2.38,2.4,221201.0
SCNI,2026-09-14T13:01:00Z,2.4006,2.43,2.39,2.3901,132789.0
SCNI,2026-09-14T13:02:00Z,2.39,2.42,2.39,2.39,48211.0
SCNI,2026-09-14T13:03:00Z,2.392,2.4,2.36,2.369,56468.0
SCNI,2026-09-14T13:04:00Z,2.36,2.3886,2.34,2.35,84870.0
SCNI,2026-09-14T13:05:00Z,2.35,2.39,2.34,2.36,81371.0
SCNI,2026-09-14T13:06:00Z,2.36,2.41,2.36,2.4,43824.0
SCNI,2026-09-14T13:07:00Z,2.39,2.4,2.36,2.3786,37348.0
SCNI,2026-09-14T13:08:00Z,2.38,2.39,2.36,2.39,36844.0
SCNI,2026-09-14T13:09:00Z,2.3994,2.3994,2.38,2.38,7799.0
SCNI,2026-09-14T13:10:00Z,2.38,2.41,2.37,2.39,52122.0
SCNI,2026-09-14T13:11:00Z,2.3895,2.39,2.37,2.3787,21062.0
SCNI,2026-09-14T13:12:00Z,2.37,2.392,2.37,2.3882,15727.0
SCNI,2026-09-14T13:13:00Z,2.39,2.39,2.38,2.3882,9893.0
SCNI,2026-09-14T13:14:00Z,2.3886,2.3886,2.37,2.3807,14472.0
SCNI,2026-09-14T13:15:00Z,2.39,2.41,2.3897,2.4097,15589.0
SCNI,2026-09-14T13:16:00Z,2.4014,2.43,2.4014,2.43,43078.0
SCNI,2026-09-14T13:17:00Z,2.4305,2.4494,2.43,2.44,52024.0
SCNI,2026-09-14T13:18:00Z,2.44,2.45,2.42,2.43,40046.0
SCNI,2026-09-14T13:19:00Z,2.43,2.43,2.39,2.39,31174.0
SCNI,2026-09-14T13:20:00Z,2.39,2.41,2.39,2.4,19609.0
SCNI,2026-09-14T13:21:00Z,2.4082,2.42,2.39,2.3914,21133.0
SCNI,2026-09-14T13:22:00Z,2.3914,2.4104,2.39,2.4,29366.0
SCNI,2026-09-14T13:23:00Z,2.4,2.4,2.36,2.36,28604.0
SCNI,2026-09-14T13:24:00Z,2.37,2.4,2.36,2.3903,40205.0
SCNI,2026-09-14T13:25:00Z,2.4,2.41,2.3994,2.4,25598.0
SCNI,2026-09-14T13:26:00Z,2.4,2.41,2.39,2.3982,12817.0
SCNI,2026-09-14T13:27:00Z,2.4,2.4,2.39,2.4,17979.0
SCNI,2026-09-14T13:28:00Z,2.39,2.39,2.36,2.39,21681.0
SCNI,2026-09-14T13:29:00Z,2.38,2.39,2.34,2.34,56118.0
SCNI,2026-09-14T13:30:00Z,2.33,2.35,2.27,2.335,157574.0
SCNI,2026-09-14T13:31:00Z,2.33,2.39,2.27,2.3701,215100.0
SCNI,2026-09-14T13:32:00Z,2.37,2.48,2.32,2.455,391622.0
SCNI,2026-09-14T13:33:00Z,2.451,2.49,2.405,2.46,398608.0
SCNI,2026-09-14T13:34:00Z,2.4502,2.47,2.37,2.435,287465.0
SCNI,2026-09-14T13:35:00Z,2.431,2.58,2.43,2.54,491100.0
SCNI,2026-09-14T13:36:00Z,2.54,2.54,2.39,2.5012,437922.0
SCNI,2026-09-14T13:37:00Z,2.51,2.6,2.49,2.5892,514014.0
SCNI,2026-09-14T13:38:00Z,2.59,2.64,2.53,2.54,677616.0
SCNI,2026-09-14T13:39:00Z,2.5401,2.56,2.48,2.5401,310499.0
SCNI,2026-09-14T13:40:00Z,2.535,2.56,2.5,2.51,167720.0
SCNI,2026-09-14T13:41:00Z,2.5199,2.56,2.48,2.5393,222560.0
SCNI,2026-09-14T13:42:00Z,2.535,2.62,2.535,2.6015,386115.0
SCNI,2026-09-14T13:43:00Z,2.6092,2.67,2.55,2.56,611810.0
SCNI,2026-09-14T13:44:00Z,2.57,2.6,2.41,2.44,447916.0
SCNI,2026-09-14T13:45:00Z,2.4303,2.54,2.43,2.51,357424.0
SCNI,2026-09-14T13:46:00Z,2.51,2.53,2.4609,2.4902,162419.0
SCNI,2026-09-14T13:47:00Z,2.49,2.51,2.45,2.45,157538.0
SCNI,2026-09-14T13:48:00Z,2.45,2.5,2.42,2.485,141230.0
SCNI,2026-09-14T13:49:00Z,2.4899,2.54,2.48,2.49,193480.0
SCNI,2026-09-14T13:50:00Z,2.4894,2.5,2.33,2.371,305548.0
SCNI,2026-09-14T13:51:00Z,2.37,2.45,2.34,2.43,178567.0
SCNI,2026-09-14T13:52:00Z,2.4299,2.43,2.38,2.395,79881.0
SCNI,2026-09-14T13:53:00Z,2.3982,2.48,2.3701,2.445,185940.0
SCNI,2026-09-14T13:54:00Z,2.4485,2.47,2.4,2.45,177001.0
SCNI,2026-09-14T13:55:00Z,2.4498,2.49,2.42,2.4693,141551.0
SCNI,2026-09-14T13:56:00Z,2.465,2.47,2.4,2.4186,120195.0
SCNI,2026-09-14T13:57:00Z,2.4109,2.43,2.36,2.3985,101372.0
SCNI,2026-09-14T13:58:00Z,2.39,2.4,2.36,2.37,83264.0
SCNI,2026-09-14T13:59:00Z,2.37,2.41,2.37,2.4099,50831.0
SCNI,2026-09-14T14:00:00Z,2.4092,2.44,2.39,2.425,129207.0
SCNI,2026-09-14T14:01:00Z,2.425,2.44,2.405,2.425,90401.0
SCNI,2026-09-14T14:02:00Z,2.4201,2.47,2.3801,2.41,108069.0
SCNI,2026-09-14T14:03:00Z,2.4146,2.438,2.41,2.4199,44097.0
SCNI,2026-09-14T14:04:00Z,2.4292,2.5,2.42,2.465,119069.0
SCNI,2026-09-14T14:05:00Z,2.46,2.52,2.45,2.5089,206481.0
SCNI,2026-09-14T14:06:00Z,2.5003,2.57,2.45,2.48,271602.0
SCNI,2026-09-14T14:07:00Z,2.48,2.5,2.43,2.48,117180.0
SCNI,2026-09-14T14:08:00Z,2.48,2.5199,2.47,2.49,58623.0
SCNI,2026-09-14T14:09:00Z,2.49,2.49,2.45,2.48,38256.0
SCNI,2026-09-14T14:10:00Z,2.48,2.53,2.4582,2.51,75046.0
SCNI,2026-09-14T14:11:00Z,2.5,2.51,2.36,2.4192,208624.0
SCNI,2026-09-14T14:12:00Z,2.4182,2.435,2.39,2.41,100303.0
SCNI,2026-09-14T14:13:00Z,2.415,2.4593,2.395,2.42,78999.0
SCNI,2026-09-14T14:14:00Z,2.4206,2.4206,2.38,2.4,76268.0
SCNI,2026-09-14T14:15:00Z,2.4,2.4097,2.38,2.385,41862.0
SCNI,2026-09-14T14:16:00Z,2.3817,2.4,2.35,2.385,133196.0
SCNI,2026-09-14T14:17:00Z,2.3799,2.4,2.37,2.3913,48379.0
SCNI,2026-09-14T14:18:00Z,2.395,2.41,2.38,2.4009,54035.0
SCNI,2026-09-14T14:19:00Z,2.4001,2.42,2.37,2.4071,69775.0
SCNI,2026-09-14T14:20:00Z,2.4029,2.4099,2.35,2.35,98821.0
SCNI,2026-09-14T14:21:00Z,2.35,2.39,2.35,2.385,94123.0
SCNI,2026-09-14T14:22:00Z,2.385,2.39,2.37,2.3711,24244.0
SCNI,2026-09-14T14:23:00Z,2.37,2.41,2.36,2.4,51672.0
SCNI,2026-09-14T14:24:00Z,2.41,2.41,2.375,2.385,20623.0
SCNI,2026-09-14T14:25:00Z,2.38,2.41,2.38,2.4,52149.0
SCNI,2026-09-14T14:26:00Z,2.4008,2.42,2.4,2.4191,28702.0
SCNI,2026-09-14T14:27:00Z,2.4199,2.4199,2.36,2.38,85873.0
SCNI,2026-09-14T14:28:00Z,2.3785,2.39,2.37,2.3791,15115.0
SCNI,2026-09-14T14:29:00Z,2.3792,2.4296,2.37,2.3894,79730.0
SCNI,2026-09-14T14:30:00Z,2.39,2.44,2.39,2.425,73366.0
SCNI,2026-09-14T14:31:00Z,2.423,2.4297,2.41,2.4197,15112.0
SCNI,2026-09-14T14:32:00Z,2.4197,2.4197,2.39,2.39,24369.0
SCNI,2026-09-14T14:33:00Z,2.38,2.4,2.36,2.385,57460.0
SCNI,2026-09-14T14:34:00Z,2.38,2.395,2.37,2.38,24305.0
SCNI,2026-09-14T14:35:00Z,2.38,2.4,2.3709,2.3709,27569.0
SCNI,2026-09-14T14:36:00Z,2.3712,2.39,2.3698,2.3804,29068.0
SCNI,2026-09-14T14:37:00Z,2.3804,2.4,2.37,2.3809,14859.0
SCNI,2026-09-14T14:38:00Z,2.3809,2.4,2.3809,2.3999,16568.0
SCNI,2026-09-14T14:39:00Z,2.395,2.4,2.37,2.3707,21587.0
SCNI,2026-09-14T14:40:00Z,2.37,2.3701,2.24,2.25,304861.0
SCNI,2026-09-14T14:41:00Z,2.2592,2.3,2.21,2.2899,233195.0
SCNI,2026-09-14T14:42:00Z,2.2872,2.33,2.2808,2.33,79491.0
SCNI,2026-09-14T14:43:00Z,2.3299,2.33,2.27,2.2892,72504.0
SCNI,2026-09-14T14:44:00Z,2.28,2.29,2.27,2.27,22927.0
SCNI,2026-09-14T14:45:00Z,2.27,2.29,2.26,2.2791,44669.0
SCNI,2026-09-14T14:46:00Z,2.28,2.28,2.2608,2.275,26828.0
SCNI,2026-09-14T14:47:00Z,2.2799,2.33,2.27,2.3,51622.0
SCNI,2026-09-14T14:48:00Z,2.305,2.33,2.2901,2.3282,33601.0
SCNI,2026-09-14T14:49:00Z,2.325,2.35,2.32,2.34,40294.0
SCNI,2026-09-14T14:50:00Z,2.3398,2.34,2.31,2.33,31076.0
SCNI,2026-09-14T14:51:00Z,2.32,2.38,2.32,2.3501,33384.0
SCNI,2026-09-14T14:52:00Z,2.3508,2.4,2.3501,2.3996,81062.0
SCNI,2026-09-14T14:53:00Z,2.395,2.4,2.3717,2.3809,40152.0
SCNI,2026-09-14T14:54:00Z,2.389,2.389,2.35,2.3695,39192.0
SCNI,2026-09-14T14:55:00Z,2.36,2.39,2.36,2.3888,21609.0
SCNI,2026-09-14T14:56:00Z,2.39,2.41,2.37,2.3799,79915.0
SCNI,2026-09-14T14:57:00Z,2.38,2.39,2.37,2.37,7321.0
SCNI,2026-09-14T14:58:00Z,2.3609,2.3717,2.36,2.37,11825.0
SCNI,2026-09-14T14:59:00Z,2.375,2.395,2.37,2.3796,17956.0
SCNI,2026-09-14T15:00:00Z,2.3701,2.39,2.36,2.3601,10565.0
SCNI,2026-09-14T15:01:00Z,2.37,2.39,2.34,2.375,59005.0
SCNI,2026-09-14T15:02:00Z,2.38,2.38,2.355,2.37,12501.0
SCNI,2026-09-14T15:03:00Z,2.37,2.37,2.35,2.35,6394.0
SCNI,2026-09-14T15:04:00Z,2.35,2.35,2.32,2.3488,19869.0
SCNI,2026-09-14T15:05:00Z,2.34,2.37,2.33,2.3601,28445.0
SCNI,2026-09-14T15:06:00Z,2.3609,2.3792,2.36,2.3701,18048.0
SCNI,2026-09-14T15:07:00Z,2.3792,2.39,2.3712,2.39,21028.0
SCNI,2026-09-14T15:08:00Z,2.39,2.39,2.37,2.375,18502.0
SCNI,2026-09-14T15:09:00Z,2.375,2.39,2.3612,2.3699,19398.0
SCNI,2026-09-14T15:10:00Z,2.385,2.4,2.37,2.3701,59762.0
SCNI,2026-09-14T15:11:00Z,2.3788,2.3847,2.365,2.3692,7277.0
SCNI,2026-09-14T15:12:00Z,2.3692,2.39,2.3692,2.375,26513.0
SCNI,2026-09-14T15:13:00Z,2.375,2.38,2.37,2.38,4714.0
SCNI,2026-09-14T15:14:00Z,2.38,2.38,2.35,2.36,8365.0
SCNI,2026-09-14T15:15:00Z,2.36,2.4,2.36,2.38,16934.0
SCNI,2026-09-14T15:16:00Z,2.38,2.3812,2.37,2.37,7827.0
SCNI,2026-09-14T15:17:00Z,2.37,2.37,2.35,2.3601,8391.0
SCNI,2026-09-14T15:18:00Z,2.3601,2.3601,2.32,2.3492,48945.0
SCNI,2026-09-14T15:19:00Z,2.345,2.37,2.3401,2.36,13501.0
SCNI,2026-09-14T15:20:00Z,2.36,2.37,2.35,2.35,5625.0
SCNI,2026-09-14T15:21:00Z,2.35,2.36,2.3437,2.35,8117.0
SCNI,2026-09-14T15:22:00Z,2.35,2.35,2.33,2.3497,10156.0
SCNI,2026-09-14T15:23:00Z,2.35,2.3682,2.35,2.3582,10032.0
SCNI,2026-09-14T15:24:00Z,2.3582,2.3582,2.33,2.34,7879.0
SCNI,2026-09-14T15:25:00Z,2.34,2.35,2.3312,2.3494,8413.0
SCNI,2026-09-14T15:26:00Z,2.3494,2.36,2.3328,2.3328,9744.0
SCNI,2026-09-14T15:27:00Z,2.3393,2.3416,2.31,2.3209,19103.0
SCNI,2026-09-14T15:28:00Z,2.3203,2.34,2.3203,2.33,40749.0
SCNI,2026-09-14T15:29:00Z,2.3304,2.3407,2.32,2.3218,4666.0
SCNI,2026-09-14T15:30:00Z,2.3299,2.34,2.31,2.34,20440.0
SCNI,2026-09-14T15:31:00Z,2.335,2.35,2.335,2.35,9351.0
VSME,2026-09-14T08:00:00Z,1.38,1.47,1.26,1.3,95780.0
VSME,2026-09-14T08:01:00Z,1.3,1.48,1.26,1.26,133102.0
VSME,2026-09-14T08:02:00Z,1.265,1.44,1.25,1.32,67821.0
VSME,2026-09-14T08:03:00Z,1.32,1.48,1.25,1.41,218005.0
VSME,2026-09-14T08:04:00Z,1.29,1.45,1.28,1.32,109104.0
VSME,2026-09-14T08:05:00Z,1.32,1.46,1.31,1.33,114634.0
VSME,2026-09-14T08:06:00Z,1.34,1.34,1.3,1.34,59713.0
VSME,2026-09-14T08:07:00Z,1.34,1.34,1.3,1.32,46432.0
VSME,2026-09-14T08:08:00Z,1.32,1.32,1.29,1.2901,26027.0
VSME,2026-09-14T08:09:00Z,1.3,1.3,1.27,1.29,47888.0
VSME,2026-09-14T08:10:00Z,1.29,1.3,1.28,1.3,20274.0
VSME,2026-09-14T08:11:00Z,1.3,1.33,1.3,1.32,23465.0
VSME,2026-09-14T08:12:00Z,1.32,1.32,1.3,1.3099,16935.0
VSME,2026-09-14T08:13:00Z,1.31,1.31,1.3,1.3,12462.0
VSME,2026-09-14T08:14:00Z,1.3,1.3,1.28,1.29,36374.0
VSME,2026-09-14T08:15:00Z,1.3,1.3,1.29,1.29,9789.0
VSME,2026-09-14T08:16:00Z,1.29,1.2901,1.25,1.2501,61000.0
VSME,2026-09-14T08:17:00Z,1.26,1.3,1.25,1.29,24345.0
VSME,2026-09-14T08:18:00Z,1.28,1.29,1.27,1.28,23061.0
VSME,2026-09-14T08:19:00Z,1.28,1.28,1.26,1.2601,20512.0
VSME,2026-09-14T08:20:00Z,1.265,1.33,1.265,1.33,43557.0
VSME,2026-09-14T08:21:00Z,1.33,1.33,1.32,1.32,38524.0
VSME,2026-09-14T08:22:00Z,1.3299,1.38,1.32,1.3713,117662.0
VSME,2026-09-14T08:23:00Z,1.37,1.39,1.35,1.3525,180052.0
VSME,2026-09-14T08:24:00Z,1.35,1.36,1.32,1.32,65424.0
VSME,2026-09-14T08:25:00Z,1.32,1.33,1.29,1.32,159358.0
VSME,2026-09-14T08:26:00Z,1.325,1.33,1.31,1.32,19508.0
VSME,2026-09-14T08:27:00Z,1.31,1.3101,1.28,1.3,88774.0
VSME,2026-09-14T08:28:00Z,1.3,1.3,1.29,1.2999,20509.0
VSME,2026-09-14T08:29:00Z,1.3,1.3,1.24,1.2698,110848.0
VSME,2026-09-14T08:30:00Z,1.2601,1.29,1.26,1.28,47277.0
VSME,2026-09-14T08:31:00Z,1.285,1.3,1.28,1.3,20415.0
VSME,2026-09-14T08:32:00Z,1.2997,1.3,1.27,1.29,26449.0
VSME,2026-09-14T08:33:00Z,1.2801,1.3,1.28,1.2999,30174.0
VSME,2026-09-14T08:34:00Z,1.3,1.31,1.29,1.3,31412.0
VSME,2026-09-14T08:35:00Z,1.29,1.3,1.29,1.29,13561.0
VSME,2026-09-14T08:36:00Z,1.2999,1.2999,1.24,1.26,94385.0
VSME,2026-09-14T08:37:00Z,1.27,1.27,1.24,1.27,73859.0
VSME,2026-09-14T08:38:00Z,1.27,1.27,1.26,1.27,19070.0
VSME,2026-09-14T08:39:00Z,1.27,1.31,1.26,1.29,33131.0
VSME,2026-09-14T08:40:00Z,1.29,1.32,1.29,1.31,65972.0
VSME,2026-09-14T08:41:00Z,1.31,1.32,1.29,1.3,44568.0
VSME,2026-09-14T08:42:00Z,1.3001,1.31,1.27,1.27,38088.0
VSME,2026-09-14T08:43:00Z,1.28,1.29,1.27,1.29,15303.0
VSME,2026-09-14T08:44:00Z,1.2899,1.29,1.27,1.2813,12704.0
VSME,2026-09-14T08:45:00Z,1.29,1.29,1.28,1.29,11296.0
VSME,2026-09-14T08:46:00Z,1.29,1.29,1.28,1.28,12526.0
VSME,2026-09-14T08:47:00Z,1.28,1.29,1.28,1.29,23714.0
VSME,2026-09-14T08:48:00Z,1.29,1.2913,1.28,1.29,22459.0
VSME,2026-09-14T08:49:00Z,1.2999,1.31,1.29,1.3,39806.0
VSME,2026-09-14T08:50:00Z,1.29,1.3,1.29,1.3,6287.0
VSME,2026-09-14T08:51:00Z,1.3,1.3,1.29,1.29,4577.0
VSME,2026-09-14T08:52:00Z,1.3,1.3,1.27,1.29,18964.0
VSME,2026-09-14T08:53:00Z,1.29,1.29,1.27,1.28,26861.0
VSME,2026-09-14T08:54:00Z,1.28,1.29,1.27,1.29,7058.0
VSME,2026-09-14T08:55:00Z,1.29,1.29,1.28,1.29,1247.0
VSME,2026-09-14T08:56:00Z,1.2898,1.29,1.28,1.28,6806.0
VSME,2026-09-14T08:57:00Z,1.28,1.28,1.27,1.28,14615.0
VSME,2026-09-14T08:58:00Z,1.28,1.28,1.27,1.28,7742.0
VSME,2026-09-14T08:59:00Z,1.2803,1.29,1.28,1.28,8931.0
VSME,2026-09-14T09:00:00Z,1.29,1.29,1.28,1.29,7744.0
VSME,2026-09-14T09:01:00Z,1.2897,1.29,1.28,1.28,11597.0
VSME,2026-09-14T09:02:00Z,1.28,1.29,1.28,1.2813,4589.0
VSME,2026-09-14T09:03:00Z,1.28,1.29,1.28,1.29,11763.0
VSME,2026-09-14T09:04:00Z,1.28,1.2803,1.27,1.27,13841.0
VSME,2026-09-14T09:05:00Z,1.27,1.28,1.27,1.28,4012.0
VSME,2026-09-14T09:06:00Z,1.28,1.29,1.2799,1.29,8118.0
VSME,2026-09-14T09:07:00Z,1.29,1.29,1.28,1.2899,4738.0
VSME,2026-09-14T09:08:00Z,1.29,1.29,1.28,1.2801,3339.0
VSME,2026-09-14T09:09:00Z,1.2898,1.29,1.28,1.28,2129.0
VSME,2026-09-14T09:10:00Z,1.28,1.2813,1.28,1.2813,1004.0
VSME,2026-09-14T09:11:00Z,1.28,1.29,1.28,1.2898,11548.0
VSME,2026-09-14T09:12:00Z,1.29,1.29,1.28,1.29,7832.0
VSME,2026-09-14T09:13:00Z,1.28,1.29,1.28,1.2803,5515.0
VSME,2026-09-14T09:14:00Z,1.28,1.28,1.27,1.28,16651.0
VSME,2026-09-14T09:15:00Z,1.27,1.28,1.27,1.28,1813.0
VSME,2026-09-14T09:16:00Z,1.28,1.28,1.27,1.27,4211.0
VSME,2026-09-14T09:17:00Z,1.27,1.28,1.27,1.27,5991.0
VSME,2026-09-14T09:18:00Z,1.27,1.28,1.27,1.27,5673.0
VSME,2026-09-14T09:19:00Z,1.28,1.28,1.27,1.27,3531.0
VSME,2026-09-14T09:20:00Z,1.27,1.2703,1.27,1.27,16993.0
VSME,2026-09-14T09:21:00Z,1.27,1.27,1.26,1.27,13768.0
VSME,2026-09-14T09:22:00Z,1.27,1.2701,1.26,1.27,13264.0
VSME,2026-09-14T09:23:00Z,1.2797,1.28,1.27,1.28,10316.0
VSME,2026-09-14T09:24:00Z,1.27,1.27,1.27,1.27,589.0
VSME,2026-09-14T09:25:00Z,1.28,1.28,1.2799,1.28,4038.0
VSME,2026-09-14T09:26:00Z,1.27,1.28,1.27,1.28,4486.0
VSME,2026-09-14T09:27:00Z,1.28,1.29,1.28,1.29,6577.0
VSME,2026-09-14T09:28:00Z,1.29,1.29,1.28,1.29,6252.0
VSME,2026-09-14T09:29:00Z,1.2897,1.29,1.28,1.285,8508.0
VSME,2026-09-14T09:30:00Z,1.28,1.29,1.28,1.28,16238.0
VSME,2026-09-14T09:31:00Z,1.28,1.29,1.27,1.28,22256.0
VSME,2026-09-14T09:32:00Z,1.28,1.28,1.27,1.27,8104.0
VSME,2026-09-14T09:33:00Z,1.27,1.28,1.27,1.27,8663.0
VSME,2026-09-14T09:34:00Z,1.2701,1.28,1.26,1.27,10296.0
VSME,2026-09-14T09:35:00Z,1.2701,1.2701,1.27,1.27,3180.0
VSME,2026-09-14T09:36:00Z,1.27,1.2703,1.27,1.27,2214.0
VSME,2026-09-14T09:37:00Z,1.27,1.27,1.27,1.27,4093.0
VSME,2026-09-14T09:38:00Z,1.27,1.27,1.26,1.26,6548.0
VSME,2026-09-14T09:39:00Z,1.27,1.27,1.25,1.26,18484.0
VSME,2026-09-14T09:40:00Z,1.2599,1.26,1.25,1.25,4454.0
VSME,2026-09-14T09:41:00Z,1.25,1.26,1.25,1.25,6209.0
VSME,2026-09-14T09:42:00Z,1.25,1.2587,1.23,1.25,78671.0
VSME,2026-09-14T09:43:00Z,1.24,1.25,1.21,1.21,63429.0
VSME,2026-09-14T09:44:00Z,1.22,1.22,1.19,1.1901,77897.0
VSME,2026-09-14T09:45:00Z,1.2,1.22,1.19,1.22,15338.0
VSME,2026-09-14T09:46:00Z,1.22,1.22,1.21,1.21,23450.0
VSME,2026-09-14T09:47:00Z,1.21,1.22,1.21,1.22,8303.0
VSME,2026-09-14T09:48:00Z,1.2201,1.23,1.2199,1.22,13166.0
VSME,2026-09-14T09:49:00Z,1.2199,1.23,1.21,1.22,7664.0
VSME,2026-09-14T09:50:00Z,1.2299,1.23,1.21,1.21,23506.0
VSME,2026-09-14T09:51:00Z,1.21,1.2101,1.21,1.21,11750.0
VSME,2026-09-14T09:52:00Z,1.219,1.2299,1.21,1.22,6771.0
VSME,2026-09-14T09:53:00Z,1.23,1.23,1.22,1.2299,7090.0
VSME,2026-09-14T09:54:00Z,1.2299,1.23,1.22,1.23,2448.0
VSME,2026-09-14T09:55:00Z,1.22,1.2201,1.2199,1.22,6592.0
VSME,2026-09-14T09:56:00Z,1.23,1.23,1.22,1.22,1940.0
VSME,2026-09-14T09:57:00Z,1.22,1.22,1.21,1.21,4694.0
VSME,2026-09-14T09:58:00Z,1.21,1.22,1.21,1.21,6201.0
VSME,2026-09-14T09:59:00Z,1.21,1.22,1.21,1.21,7021.0
VSME,2026-09-14T10:00:00Z,1.21,1.2201,1.21,1.22,2127.0
VSME,2026-09-14T10:01:00Z,1.22,1.23,1.22,1.2297,8683.0
VSME,2026-09-14T10:02:00Z,1.23,1.24,1.2299,1.24,11683.0
VSME,2026-09-14T10:03:00Z,1.24,1.25,1.2397,1.24,9431.0
VSME,2026-09-14T10:04:00Z,1.24,1.24,1.23,1.24,1259.0
VSME,2026-09-14T10:05:00Z,1.24,1.24,1.23,1.24,2935.0
VSME,2026-09-14T10:06:00Z,1.24,1.24,1.23,1.23,1456.0
VSME,2026-09-14T10:07:00Z,1.23,1.2399,1.23,1.23,1484.0
VSME,2026-09-14T10:08:00Z,1.23,1.23,1.23,1.23,220.0
VSME,2026-09-14T10:09:00Z,1.2387,1.24,1.2387,1.24,230.0
VSME,2026-09-14T10:10:00Z,1.24,1.24,1.23,1.23,875.0
VSME,2026-09-14T10:11:00Z,1.24,1.24,1.24,1.24,13156.0
VSME,2026-09-14T10:12:00Z,1.24,1.26,1.24,1.26,15008.0
VSME,2026-09-14T10:13:00Z,1.26,1.27,1.26,1.27,10054.0
VSME,2026-09-14T10:14:00Z,1.26,1.26,1.24,1.25,14255.0
VSME,2026-09-14T10:15:00Z,1.25,1.25,1.25,1.25,3445.0
VSME,2026-09-14T10:16:00Z,1.25,1.26,1.25,1.26,598.0
VSME,2026-09-14T10:17:00Z,1.26,1.26,1.26,1.26,100.0
VSME,2026-09-14T10:18:00Z,1.26,1.26,1.25,1.25,1797.0
VSME,2026-09-14T10:19:00Z,1.25,1.2599,1.25,1.25,5402.0
VSME,2026-09-14T10:20:00Z,1.25,1.25,1.24,1.24,8890.0
VSME,2026-09-14T10:21:00Z,1.24,1.25,1.24,1.2499,2207.0
VSME,2026-09-14T10:22:00Z,1.24,1.2499,1.24,1.2497,1914.0
VSME,2026-09-14T10:23:00Z,1.2497,1.25,1.24,1.24,870.0
VSME,2026-09-14T10:24:00Z,1.24,1.24,1.2399,1.2399,1919.0
VSME,2026-09-14T10:25:00Z,1.2399,1.2399,1.23,1.23,1343.0
VSME,2026-09-14T10:26:00Z,1.24,1.25,1.24,1.24,7510.0
VSME,2026-09-14T10:27:00Z,1.24,1.25,1.24,1.25,3264.0
VSME,2026-09-14T10:28:00Z,1.24,1.25,1.24,1.25,7674.0
VSME,2026-09-14T10:29:00Z,1.25,1.25,1.25,1.25,0.0
VSME,2026-09-14T10:30:00Z,1.25,1.25,1.24,1.24,2614.0
VSME,2026-09-14T10:31:00Z,1.24,1.25,1.23,1.24,7916.0
VSME,2026-09-14T10:32:00Z,1.24,1.2401,1.23,1.23,12106.0
VSME,2026-09-14T10:33:00Z,1.23,1.23,1.22,1.23,5235.0
VSME,2026-09-14T10:34:00Z,1.23,1.23,1.225,1.23,1875.0
VSME,2026-09-14T10:35:00Z,1.23,1.23,1.22,1.22,2542.0
VSME,2026-09-14T10:36:00Z,1.22,1.23,1.22,1.2299,11779.0
VSME,2026-09-14T10:37:00Z,1.2299,1.23,1.2299,1.23,3111.0
VSME,2026-09-14T10:38:00Z,1.23,1.24,1.23,1.24,5241.0
VSME,2026-09-14T10:39:00Z,1.24,1.24,1.23,1.23,4335.0
VSME,2026-09-14T10:40:00Z,1.23,1.24,1.23,1.24,6397.0
VSME,2026-09-14T10:41:00Z,1.24,1.24,1.23,1.23,4479.0
VSME,2026-09-14T10:42:00Z,1.23,1.2303,1.23,1.2303,4767.0
VSME,2026-09-14T10:43:00Z,1.2303,1.24,1.2303,1.24,1887.0
VSME,2026-09-14T10:44:00Z,1.24,1.24,1.2302,1.2303,351.0
VSME,2026-09-14T10:45:00Z,1.2303,1.24,1.23,1.24,906.0
VSME,2026-09-14T10:46:00Z,1.23,1.24,1.23,1.23,4419.0
VSME,2026-09-14T10:47:00Z,1.24,1.24,1.23,1.24,5134.0
VSME,2026-09-14T10:48:00Z,1.24,1.24,1.23,1.2397,4325.0
VSME,2026-09-14T10:49:00Z,1.2397,1.24,1.23,1.23,4392.0
VSME,2026-09-14T10:50:00Z,1.23,1.24,1.23,1.23,13687.0
VSME,2026-09-14T10:51:00Z,1.23,1.23,1.23,1.23,590.0
VSME,2026-09-14T10:52:00Z,1.23,1.23,1.23,1.23,2060.0
VSME,2026-09-14T10:53:00Z,1.23,1.23,1.21,1.22,9397.0
VSME,2026-09-14T10:54:00Z,1.22,1.22,1.2,1.21,14548.0
VSME,2026-09-14T10:55:00Z,1.2101,1.22,1.21,1.22,3108.0
VSME,2026-09-14T10:56:00Z,1.22,1.2299,1.22,1.2299,11241.0
VSME,2026-09-14T10:57:00Z,1.2299,1.2299,1.22,1.22,2149.0
VSME,2026-09-14T10:58:00Z,1.22,1.23,1.22,1.23,1715.0
VSME,2026-09-14T10:59:00Z,1.23,1.23,1.2299,1.23,642.0
VSME,2026-09-14T11:00:00Z,1.23,1.25,1.23,1.25,13542.0
VSME,2026-09-14T11:01:00Z,1.25,1.25,1.24,1.24,8188.0
VSME,2026-09-14T11:02:00Z,1.24,1.24,1.22,1.23,7305.0
VSME,2026-09-14T11:03:00Z,1.23,1.23,1.22,1.2298,1544.0
VSME,2026-09-14T11:04:00Z,1.2298,1.23,1.22,1.22,5023.0
VSME,2026-09-14T11:05:00Z,1.22,1.2215,1.21,1.2201,8687.0
VSME,2026-09-14T11:06:00Z,1.2201,1.23,1.22,1.22,5320.0
VSME,2026-09-14T11:07:00Z,1.22,1.22,1.2,1.2,21486.0
VSME,2026-09-14T11:08:00Z,1.2,1.21,1.2,1.21,6278.0
VSME,2026-09-14T11:09:00Z,1.2099,1.2101,1.2099,1.21,4403.0
VSME,2026-09-14T11:10:00Z,1.21,1.23,1.21,1.22,6456.0
VSME,2026-09-14T11:11:00Z,1.22,1.23,1.21,1.21,12170.0
VSME,2026-09-14T11:12:00Z,1.21,1.211,1.21,1.2102,6361.0
VSME,2026-09-14T11:13:00Z,1.2102,1.22,1.2102,1.2197,1695.0
VSME,2026-09-14T11:14:00Z,1.2199,1.22,1.21,1.21,1406.0
VSME,2026-09-14T11:15:00Z,1.21,1.21,1.21,1.21,4984.0
VSME,2026-09-14T11:16:00Z,1.21,1.22,1.21,1.21,4068.0
VSME,2026-09-14T11:17:00Z,1.21,1.23,1.21,1.23,1798.0
VSME,2026-09-14T11:18:00Z,1.2202,1.23,1.22,1.22,9263.0
VSME,2026-09-14T11:19:00Z,1.22,1.23,1.22,1.23,3448.0
VSME,2026-09-14T11:20:00Z,1.23,1.25,1.23,1.2385,48457.0
VSME,2026-09-14T11:21:00Z,1.2398,1.24,1.23,1.24,13473.0
VSME,2026-09-14T11:22:00Z,1.24,1.24,1.2399,1.24,7704.0
VSME,2026-09-14T11:23:00Z,1.24,1.25,1.2399,1.24,16668.0
VSME,2026-09-14T11:24:00Z,1.24,1.2477,1.23,1.2303,8209.0
VSME,2026-09-14T11:25:00Z,1.23,1.2302,1.23,1.23,5167.0
VSME,2026-09-14T11:26:00Z,1.23,1.23,1.22,1.23,5842.0
VSME,2026-09-14T11:27:00Z,1.23,1.23,1.22,1.23,2476.0
VSME,2026-09-14T11:28:00Z,1.2279,1.23,1.22,1.23,4601.0
VSME,2026-09-14T11:29:00Z,1.23,1.23,1.22,1.22,2021.0
VSME,2026-09-14T11:30:00Z,1.22,1.23,1.22,1.23,912.0
VSME,2026-09-14T11:31:00Z,1.23,1.2399,1.23,1.23,5685.0
VSME,2026-09-14T11:32:00Z,1.23,1.24,1.23,1.24,2857.0
VSME,2026-09-14T11:33:00Z,1.24,1.24,1.23,1.23,1653.0
VSME,2026-09-14T11:34:00Z,1.23,1.24,1.23,1.23,2349.0
VSME,2026-09-14T11:35:00Z,1.24,1.24,1.23,1.2399,1650.0
VSME,2026-09-14T11:36:00Z,1.24,1.24,1.23,1.23,10543.0
VSME,2026-09-14T11:37:00Z,1.23,1.24,1.23,1.24,4547.0
VSME,2026-09-14T11:38:00Z,1.24,1.24,1.2302,1.24,4342.0
VSME,2026-09-14T11:39:00Z,1.24,1.24,1.23,1.238,4547.0
VSME,2026-09-14T11:40:00Z,1.2303,1.24,1.23,1.2301,2421.0
VSME,2026-09-14T11:41:00Z,1.2301,1.2497,1.2301,1.2497,3848.0
VSME,2026-09-14T11:42:00Z,1.2497,1.26,1.248,1.26,9390.0
VSME,2026-09-14T11:43:00Z,1.26,1.26,1.25,1.26,16337.0
VSME,2026-09-14T11:44:00Z,1.26,1.26,1.25,1.2599,4910.0
VSME,2026-09-14T11:45:00Z,1.2599,1.26,1.25,1.25,14934.0
VSME,2026-09-14T11:46:00Z,1.26,1.26,1.25,1.2598,6227.0
VSME,2026-09-14T11:47:00Z,1.25,1.26,1.25,1.2597,3126.0
VSME,2026-09-14T11:48:00Z,1.26,1.26,1.25,1.26,13287.0
VSME,2026-09-14T11:49:00Z,1.26,1.26,1.24,1.24,17723.0
VSME,2026-09-14T11:50:00Z,1.24,1.24,1.22,1.22,10818.0
VSME,2026-09-14T11:51:00Z,1.23,1.24,1.23,1.24,6447.0
VSME,2026-09-14T11:52:00Z,1.24,1.24,1.2377,1.2377,9632.0
VSME,2026-09-14T11:53:00Z,1.2377,1.2377,1.23,1.2303,1027.0
VSME,2026-09-14T11:54:00Z,1.2303,1.2377,1.23,1.2302,856.0
VSME,2026-09-14T11:55:00Z,1.23,1.2399,1.23,1.23,2023.0
VSME,2026-09-14T11:56:00Z,1.23,1.2377,1.23,1.2377,1191.0
VSME,2026-09-14T11:57:00Z,1.2398,1.2398,1.23,1.23,2412.0
VSME,2026-09-14T11:58:00Z,1.23,1.23,1.22,1.22,3384.0
VSME,2026-09-14T11:59:00Z,1.2203,1.24,1.2203,1.24,15382.0
VSME,2026-09-14T12:00:00Z,1.24,1.24,1.24,1.24,10615.0
VSME,2026-09-14T12:01:00Z,1.2398,1.24,1.23,1.23,1845.0
VSME,2026-09-14T12:02:00Z,1.24,1.24,1.23,1.24,5235.0
VSME,2026-09-14T12:03:00Z,1.24,1.25,1.24,1.25,11522.0
VSME,2026-09-14T12:04:00Z,1.25,1.251,1.25,1.251,11388.0
VSME,2026-09-14T12:05:00Z,1.26,1.28,1.25,1.28,17336.0
VSME,2026-09-14T12:06:00Z,1.28,1.29,1.2685,1.29,54091.0
VSME,2026-09-14T12:07:00Z,1.29,1.29,1.27,1.2813,30038.0
VSME,2026-09-14T12:08:00Z,1.29,1.29,1.27,1.27,31893.0
VSME,2026-09-14T12:09:00Z,1.27,1.28,1.27,1.2722,4671.0
VSME,2026-09-14T12:10:00Z,1.2798,1.28,1.27,1.2701,6700.0
VSME,2026-09-14T12:11:00Z,1.2702,1.28,1.27,1.2701,4521.0
VSME,2026-09-14T12:12:00Z,1.27,1.28,1.27,1.2798,11450.0
VSME,2026-09-14T12:13:00Z,1.2798,1.28,1.27,1.27,3430.0
VSME,2026-09-14T12:14:00Z,1.2701,1.28,1.27,1.27,5529.0
VSME,2026-09-14T12:15:00Z,1.27,1.2799,1.27,1.27,9324.0
VSME,2026-09-14T12:16:00Z,1.27,1.27,1.2678,1.2678,3418.0
VSME,2026-09-14T12:17:00Z,1.2678,1.2678,1.25,1.2577,10837.0
VSME,2026-09-14T12:18:00Z,1.2577,1.2598,1.25,1.251,2776.0
VSME,2026-09-14T12:19:00Z,1.251,1.26,1.25,1.25,2595.0
VSME,2026-09-14T12:20:00Z,1.25,1.26,1.24,1.2402,20995.0
VSME,2026-09-14T12:21:00Z,1.24,1.24,1.24,1.24,5894.0
VSME,2026-09-14T12:22:00Z,1.24,1.24,1.23,1.24,9541.0
VSME,2026-09-14T12:23:00Z,1.24,1.25,1.24,1.25,3233.0
VSME,2026-09-14T12:24:00Z,1.25,1.25,1.24,1.24,4244.0
VSME,2026-09-14T12:25:00Z,1.24,1.25,1.24,1.24,2599.0
VSME,2026-09-14T12:26:00Z,1.24,1.2499,1.24,1.24,6329.0
VSME,2026-09-14T12:27:00Z,1.24,1.24,1.23,1.23,39239.0
VSME,2026-09-14T12:28:00Z,1.23,1.2301,1.23,1.2301,5012.0
VSME,2026-09-14T12:29:00Z,1.2301,1.2301,1.2299,1.2299,7096.0
VSME,2026-09-14T12:30:00Z,1.2299,1.23,1.22,1.2202,5259.0
VSME,2026-09-14T12:31:00Z,1.2208,1.26,1.21,1.2501,65964.0
VSME,2026-09-14T12:32:00Z,1.2599,1.26,1.25,1.26,2620.0
VSME,2026-09-14T12:33:00Z,1.26,1.28,1.25,1.2799,22846.0
VSME,2026-09-14T12:34:00Z,1.2785,1.29,1.26,1.26,54528.0
VSME,2026-09-14T12:35:00Z,1.26,1.27,1.26,1.27,18879.0
VSME,2026-09-14T12:36:00Z,1.27,1.27,1.26,1.26,7224.0
VSME,2026-09-14T12:37:00Z,1.26,1.27,1.26,1.2677,2429.0
VSME,2026-09-14T12:38:00Z,1.27,1.27,1.26,1.2697,8817.0
VSME,2026-09-14T12:39:00Z,1.2699,1.27,1.26,1.2602,3078.0
VSME,2026-09-14T12:40:00Z,1.2601,1.27,1.26,1.269,5731.0
VSME,2026-09-14T12:41:00Z,1.269,1.27,1.26,1.2699,4509.0
VSME,2026-09-14T12:42:00Z,1.27,1.27,1.26,1.2697,4918.0
VSME,2026-09-14T12:43:00Z,1.2697,1.2697,1.2601,1.2601,180.0
VSME,2026-09-14T12:44:00Z,1.2623,1.27,1.26,1.2697,1301.0
VSME,2026-09-14T12:45:00Z,1.26,1.27,1.26,1.27,11096.0
VSME,2026-09-14T12:46:00Z,1.27,1.28,1.27,1.28,22867.0
VSME,2026-09-14T12:47:00Z,1.28,1.28,1.27,1.27,10237.0
VSME,2026-09-14T12:48:00Z,1.27,1.28,1.26,1.26,8336.0
VSME,2026-09-14T12:49:00Z,1.26,1.26,1.25,1.26,11248.0
VSME,2026-09-14T12:50:00Z,1.26,1.27,1.26,1.27,4970.0
VSME,2026-09-14T12:51:00Z,1.27,1.27,1.2621,1.2698,3373.0
VSME,2026-09-14T12:52:00Z,1.2623,1.27,1.26,1.261,1847.0
VSME,2026-09-14T12:53:00Z,1.27,1.27,1.26,1.27,6509.0
VSME,2026-09-14T12:54:00Z,1.27,1.28,1.27,1.28,17004.0
VSME,2026-09-14T12:55:00Z,1.28,1.31,1.28,1.31,48577.0
VSME,2026-09-14T12:56:00Z,1.31,1.31,1.29,1.31,42757.0
VSME,2026-09-14T12:57:00Z,1.3013,1.31,1.29,1.3097,19950.0
VSME,2026-09-14T12:58:00Z,1.3002,1.31,1.2997,1.3,26779.0
VSME,2026-09-14T12:59:00Z,1.3,1.3,1.29,1.2913,6062.0
VSME,2026-09-14T13:00:00Z,1.29,1.3,1.29,1.2987,10754.0
VSME,2026-09-14T13:01:00Z,1.2987,1.3,1.29,1.2998,3912.0
VSME,2026-09-14T13:02:00Z,1.3,1.32,1.29,1.2999,119605.0
VSME,2026-09-14T13:03:00Z,1.2998,1.3,1.29,1.29,7836.0
VSME,2026-09-14T13:04:00Z,1.29,1.3,1.29,1.3,2279.0
VSME,2026-09-14T13:05:00Z,1.3,1.3,1.28,1.2801,31993.0
VSME,2026-09-14T13:06:00Z,1.29,1.29,1.28,1.28,3637.0
VSME,2026-09-14T13:07:00Z,1.28,1.29,1.28,1.29,3082.0
VSME,2026-09-14T13:08:00Z,1.28,1.29,1.28,1.2803,1218.0
VSME,2026-09-14T13:09:00Z,1.2899,1.29,1.28,1.2801,5056.0
VSME,2026-09-14T13:10:00Z,1.2801,1.29,1.28,1.29,6082.0
VSME,2026-09-14T13:11:00Z,1.29,1.29,1.28,1.28,2298.0
VSME,2026-09-14T13:12:00Z,1.28,1.29,1.28,1.29,887.0
VSME,2026-09-14T13:13:00Z,1.29,1.3,1.2899,1.29,23493.0
VSME,2026-09-14T13:14:00Z,1.29,1.3,1.29,1.29,4060.0
VSME,2026-09-14T13:15:00Z,1.3,1.3,1.2997,1.3,2117.0
VSME,2026-09-14T13:16:00Z,1.3,1.31,1.29,1.2965,30301.0
VSME,2026-09-14T13:17:00Z,1.2965,1.3,1.29,1.298,5099.0
VSME,2026-09-14T13:18:00Z,1.298,1.3,1.29,1.3,1152.0
VSME,2026-09-14T13:19:00Z,1.3,1.3,1.29,1.29,8453.0
VSME,2026-09-14T13:20:00Z,1.29,1.3,1.29,1.29,10419.0
VSME,2026-09-14T13:21:00Z,1.3,1.3,1.29,1.2977,16489.0
VSME,2026-09-14T13:22:00Z,1.3,1.3,1.28,1.29,12455.0
VSME,2026-09-14T13:23:00Z,1.29,1.29,1.28,1.2801,8170.0
VSME,2026-09-14T13:24:00Z,1.28,1.29,1.28,1.29,7629.0
VSME,2026-09-14T13:25:00Z,1.29,1.29,1.28,1.29,13336.0
VSME,2026-09-14T13:26:00Z,1.29,1.2902,1.29,1.29,12279.0
VSME,2026-09-14T13:27:00Z,1.29,1.31,1.29,1.3,26831.0
VSME,2026-09-14T13:28:00Z,1.3,1.3,1.2899,1.2899,32690.0
VSME,2026-09-14T13:29:00Z,1.29,1.29,1.27,1.28,21861.0
VSME,2026-09-14T13:30:00Z,1.28,1.29,1.23,1.24,107609.0
VSME,2026-09-14T13:31:00Z,1.23,1.26,1.22,1.26,76017.0
VSME,2026-09-14T13:32:00Z,1.26,1.28,1.25,1.2679,88425.0
VSME,2026-09-14T13:33:00Z,1.269,1.28,1.23,1.23,82577.0
VSME,2026-09-14T13:34:00Z,1.24,1.24,1.22,1.2302,225833.0
VSME,2026-09-14T13:35:00Z,1.239,1.27,1.22,1.2668,134384.0
VSME,2026-09-14T13:36:00Z,1.2618,1.28,1.26,1.2788,94583.0
VSME,2026-09-14T13:37:00Z,1.27,1.28,1.26,1.27,44748.0
VSME,2026-09-14T13:38:00Z,1.28,1.33,1.2717,1.328,234042.0
VSME,2026-09-14T13:39:00Z,1.32,1.35,1.32,1.3421,253327.0
VSME,2026-09-14T13:40:00Z,1.35,1.37,1.28,1.295,396796.0
VSME,2026-09-14T13:41:00Z,1.29,1.3,1.28,1.2801,84377.0
VSME,2026-09-14T13:42:00Z,1.28,1.31,1.28,1.3,63179.0
VSME,2026-09-14T13:43:00Z,1.3002,1.31,1.29,1.29,35298.0
VSME,2026-09-14T13:44:00Z,1.29,1.3,1.28,1.28,59710.0
VSME,2026-09-14T13:45:00Z,1.28,1.2821,1.25,1.26,98153.0
VSME,2026-09-14T13:46:00Z,1.26,1.27,1.24,1.24,144328.0
VSME,2026-09-14T13:47:00Z,1.241,1.25,1.24,1.2401,50931.0
VSME,2026-09-14T13:48:00Z,1.245,1.25,1.23,1.25,55421.0
VSME,2026-09-14T13:49:00Z,1.2499,1.2693,1.2499,1.2602,28453.0
VSME,2026-09-14T13:50:00Z,1.2617,1.27,1.26,1.26,19945.0
VSME,2026-09-14T13:51:00Z,1.26,1.28,1.26,1.27,33415.0
VSME,2026-09-14T13:52:00Z,1.275,1.28,1.27,1.275,34033.0
VSME,2026-09-14T13:53:00Z,1.28,1.3,1.2799,1.2999,122574.0
VSME,2026-09-14T13:54:00Z,1.295,1.31,1.26,1.275,140665.0
VSME,2026-09-14T13:55:00Z,1.28,1.3,1.27,1.29,32839.0
VSME,2026-09-14T13:56:00Z,1.285,1.29,1.28,1.2899,7387.0
VSME,2026-09-14T13:57:00Z,1.285,1.29,1.27,1.27,28540.0
VSME,2026-09-14T13:58:00Z,1.275,1.29,1.27,1.2801,29464.0
VSME,2026-09-14T13:59:00Z,1.2801,1.29,1.28,1.28,5953.0
VSME,2026-09-14T14:00:00Z,1.29,1.29,1.28,1.28,21460.0
VSME,2026-09-14T14:01:00Z,1.29,1.29,1.28,1.28,16970.0
VSME,2026-09-14T14:02:00Z,1.285,1.29,1.28,1.28,32327.0
VSME,2026-09-14T14:03:00Z,1.2801,1.29,1.28,1.28,31345.0
VSME,2026-09-14T14:04:00Z,1.28,1.285,1.27,1.28,31735.0
VSME,2026-09-14T14:05:00Z,1.275,1.32,1.2702,1.2999,137890.0
VSME,2026-09-14T14:06:00Z,1.2901,1.32,1.29,1.3,86169.0
VSME,2026-09-14T14:07:00Z,1.3,1.3,1.29,1.295,29132.0
VSME,2026-09-14T14:08:00Z,1.2999,1.31,1.2901,1.3001,35952.0
VSME,2026-09-14T14:09:00Z,1.3099,1.31,1.29,1.295,21120.0
VSME,2026-09-14T14:10:00Z,1.29,1.3,1.28,1.28,59665.0
VSME,2026-09-14T14:11:00Z,1.28,1.2899,1.265,1.2699,30252.0
VSME,2026-09-14T14:12:00Z,1.265,1.295,1.265,1.295,23223.0
VSME,2026-09-14T14:13:00Z,1.295,1.3099,1.295,1.3,19632.0
VSME,2026-09-14T14:14:00Z,1.291,1.31,1.29,1.3099,21922.0
VSME,2026-09-14T14:15:00Z,1.3099,1.33,1.3,1.3201,71069.0
VSME,2026-09-14T14:16:00Z,1.325,1.33,1.31,1.33,73405.0
VSME,2026-09-14T14:17:00Z,1.3282,1.33,1.31,1.315,30001.0
VSME,2026-09-14T14:18:00Z,1.3148,1.33,1.31,1.32,78233.0
VSME,2026-09-14T14:19:00Z,1.325,1.35,1.32,1.345,142803.0
VSME,2026-09-14T14:20:00Z,1.345,1.35,1.28,1.2999,218674.0
VSME,2026-09-14T14:21:00Z,1.29,1.315,1.28,1.3029,48884.0
VSME,2026-09-14T14:22:00Z,1.3,1.31,1.3,1.3002,27901.0
VSME,2026-09-14T14:23:00Z,1.3,1.31,1.29,1.295,28769.0
VSME,2026-09-14T14:24:00Z,1.29,1.2999,1.28,1.28,9714.0
VSME,2026-09-14T14:25:00Z,1.28,1.325,1.26,1.305,139682.0
VSME,2026-09-14T14:26:00Z,1.305,1.31,1.29,1.3,9841.0
VSME,2026-09-14T14:27:00Z,1.3,1.3099,1.3,1.305,12122.0
VSME,2026-09-14T14:28:00Z,1.305,1.31,1.3,1.3,16347.0
VSME,2026-09-14T14:29:00Z,1.31,1.31,1.29,1.2999,25995.0
VSME,2026-09-14T14:30:00Z,1.3,1.3099,1.2901,1.3,13402.0
VSME,2026-09-14T14:31:00Z,1.31,1.32,1.31,1.319,22772.0
VSME,2026-09-14T14:32:00Z,1.3199,1.32,1.31,1.315,7953.0
VSME,2026-09-14T14:33:00Z,1.3101,1.3239,1.31,1.31,48644.0
VSME,2026-09-14T14:34:00Z,1.31,1.32,1.31,1.31,5460.0
VSME,2026-09-14T14:35:00Z,1.31,1.32,1.31,1.31,17279.0
VSME,2026-09-14T14:36:00Z,1.31,1.31,1.3,1.305,6151.0
VSME,2026-09-14T14:37:00Z,1.305,1.305,1.3,1.3,1651.0
VSME,2026-09-14T14:38:00Z,1.3,1.305,1.3,1.3,6224.0
VSME,2026-09-14T14:39:00Z,1.3,1.31,1.3,1.3,9669.0
VSME,2026-09-14T14:40:00Z,1.31,1.33,1.3,1.3201,23027.0
VSME,2026-09-14T14:41:00Z,1.3201,1.34,1.3201,1.33,50109.0
VSME,2026-09-14T14:42:00Z,1.34,1.34,1.32,1.32,63085.0
VSME,2026-09-14T14:43:00Z,1.325,1.325,1.31,1.3101,17454.0
VSME,2026-09-14T14:44:00Z,1.32,1.3491,1.315,1.345,33683.0
VSME,2026-09-14T14:45:00Z,1.345,1.38,1.3401,1.38,144745.0
VSME,2026-09-14T14:46:00Z,1.38,1.42,1.3799,1.42,421888.0
VSME,2026-09-14T14:47:00Z,1.42,1.44,1.33,1.3697,479466.0
VSME,2026-09-14T14:48:00Z,1.37,1.4,1.36,1.37,183188.0
VSME,2026-09-14T14:49:00Z,1.37,1.38,1.31,1.33,188621.0
VSME,2026-09-14T14:50:00Z,1.325,1.34,1.32,1.33,90404.0
VSME,2026-09-14T14:51:00Z,1.3303,1.355,1.33,1.355,102217.0
VSME,2026-09-14T14:52:00Z,1.36,1.36,1.34,1.34,63866.0
VSME,2026-09-14T14:53:00Z,1.3401,1.35,1.34,1.3418,17919.0
VSME,2026-09-14T14:54:00Z,1.3401,1.35,1.34,1.3429,23651.0
VSME,2026-09-14T14:55:00Z,1.35,1.35,1.33,1.33,42643.0
VSME,2026-09-14T14:56:00Z,1.34,1.34,1.33,1.34,32946.0
VSME,2026-09-14T14:57:00Z,1.34,1.345,1.33,1.3401,22990.0
VSME,2026-09-14T14:58:00Z,1.34,1.3499,1.33,1.33,11559.0
VSME,2026-09-14T14:59:00Z,1.33,1.34,1.33,1.33,14013.0
VSME,2026-09-14T15:00:00Z,1.3301,1.35,1.3301,1.345,30250.0
VSME,2026-09-14T15:01:00Z,1.35,1.36,1.3401,1.355,39088.0
VSME,2026-09-14T15:02:00Z,1.35,1.39,1.35,1.385,100540.0
VSME,2026-09-14T15:03:00Z,1.39,1.4,1.38,1.4,46027.0
VSME,2026-09-14T15:04:00Z,1.39,1.4,1.35,1.37,124813.0
VSME,2026-09-14T15:05:00Z,1.368,1.37,1.33,1.3406,47170.0
VSME,2026-09-14T15:06:00Z,1.35,1.3679,1.34,1.35,28171.0
VSME,2026-09-14T15:07:00Z,1.3598,1.38,1.35,1.3701,41743.0
VSME,2026-09-14T15:08:00Z,1.3799,1.38,1.37,1.375,12837.0
VSME,2026-09-14T15:09:00Z,1.38,1.38,1.37,1.37,18929.0
VSME,2026-09-14T15:10:00Z,1.37,1.41,1.3617,1.4099,95873.0
VSME,2026-09-14T15:11:00Z,1.41,1.43,1.39,1.4,115635.0
VSME,2026-09-14T15:12:00Z,1.4097,1.41,1.4,1.4,33175.0
VSME,2026-09-14T15:13:00Z,1.4001,1.415,1.39,1.395,49978.0
VSME,2026-09-14T15:14:00Z,1.3901,1.3901,1.37,1.385,51153.0
VSME,2026-09-14T15:15:00Z,1.385,1.39,1.38,1.3801,12310.0
VSME,2026-09-14T15:16:00Z,1.385,1.385,1.37,1.3701,23435.0
VSME,2026-09-14T15:17:00Z,1.3701,1.38,1.37,1.37,16437.0
VSME,2026-09-14T15:18:00Z,1.3718,1.38,1.37,1.375,13492.0
VSME,2026-09-14T15:19:00Z,1.375,1.38,1.37,1.3733,5507.0
VSME,2026-09-14T15:20:00Z,1.375,1.375,1.35,1.36,38647.0
VSME,2026-09-14T15:21:00Z,1.35,1.3513,1.3,1.33,134863.0
VSME,2026-09-14T15:22:00Z,1.325,1.33,1.305,1.3151,51388.0
VSME,2026-09-14T15:23:00Z,1.315,1.3299,1.31,1.3299,19160.0
VSME,2026-09-14T15:24:00Z,1.3299,1.33,1.31,1.31,26082.0
VSME,2026-09-14T15:25:00Z,1.31,1.32,1.31,1.31,12329.0
VSME,2026-09-14T15:26:00Z,1.32,1.33,1.31,1.3299,16071.0
VSME,2026-09-14T15:27:00Z,1.3299,1.33,1.32,1.33,2614.0
VSME,2026-09-14T15:28:00Z,1.33,1.335,1.32,1.335,13493.0
VSME,2026-09-14T15:29:00Z,1.335,1.3399,1.33,1.33,4631.0
VSME,2026-09-14T15:30:00Z,1.33,1.35,1.33,1.35,22045.0
VSME,2026-09-14T15:31:00Z,1.3499,1.35,1.34,1.34,6309.0
