decision_id,ts_et,session,symbol,source,session_id,source_name,data_status,bar_resolution,last,bid,ask,session_high,volume,rvol,change_pct,float_shares,float_quality,float_source,catalyst,halted,verdict,killed_by,plan_allowed,gates_json,warnings_json,inputs_json,trigger,stop,target,risk_share,reward_multiple,pullback_candles,volume_ok,outcome,refusal_reasons_json,acted_at,recorded_at,rules_hash,code_commit,bar_end_ts,clocks_json,chart_json,ref_price,mfe_r_planned,mae_r_planned,stop_hit,target_hit,first_hit,trigger_hit,trigger_hit_ts,h30,l30,c_close
459a5cf368df135e,2026-09-14T04:06:00-04:00,none,BNC,pullback,ibkr-SCNI-ELMT-MLEC,IBKR · TWS read-only · live,live-backfill,1m,5.27,,,5.42,124615.0,0.05603919267316843,9.791666666666664,36240000.0,verified,finviz via premarket_stars.py,0,0,REJECT,float,0,"[{""id"": ""price"", ""kills"": true, ""reason"": ""$5.27 is outside $2.00\u201320.00."", ""state"": ""PASS"", ""value"": ""$5.27  band $2.00\u201320.00""}, {""id"": ""float"", ""kills"": true, ""reason"": ""Float 36.2M is over the 20M cap."", ""state"": ""FAIL"", ""value"": ""36.2M""}, {""id"": ""catalyst"", ""kills"": false, ""reason"": ""cascade already stopped"", ""state"": ""NOT_APPLICABLE"", ""value"": ""\u2014""}, {""id"": ""rising"", ""kills"": false, ""reason"": ""cascade already stopped"", ""state"": ""NOT_APPLICABLE"", ""value"": ""\u2014""}, {""id"": ""split"", ""kills"": false, ""reason"": ""cascade already stopped"", ""state"": ""NOT_APPLICABLE"", ""value"": ""\u2014""}, {""id"": ""instrument"", ""kills"": false, ""reason"": ""cascade already stopped"", ""state"": ""NOT_APPLICABLE"", ""value"": ""\u2014""}, {""id"": ""tick"", ""kills"": false, ""reason"": ""cascade already stopped"", ""state"": ""NOT_APPLICABLE"", ""value"": ""\u2014""}, {""id"": ""buyout"", ""kills"": false, ""reason"": ""cascade already stopped"", ""state"": ""NOT_APPLICABLE"", ""value"": ""\u2014""}]",[],"{""above_ema9"": null, ""above_vwap"": true, ""buyout_announced"": false, ""catalyst_today"": false, ""change_pct"": 9.791666666666664, ""feed_stale"": false, ""float_is_shares_outstanding"": false, ""float_shares"": 36240000.0, ""float_verified"": true, ""halted"": false, ""in_session_window"": true, ""is_fund_or_etf"": null, ""last"": 5.27, ""live_theme"": false, ""macd_positive_and_above_signal"": null, ""penny_theme"": false, ""premarket_volume"": null, ""prev_close"": null, ""rvol"": 0.05603919267316843, ""session_high"": 5.42, ""session_volume"": 124615.0, ""split_ratio_clean_integer"": null, ""symbol"": ""BNC"", ""tick_size"": null}",5.26,5.19,5.4,0.07,2.0,2,1,SUPPRESSED,,,2026-09-14T10:56:24+00:00,33dfeedb3f51,b09af53,,,,5.26,7.8571,-7.2857,1,1,target,1,2026-09-14T08:07:00Z,5.38,5.25,5.0
b324681021f31f44,2026-09-14T04:09:00-04:00,none,SCNI,pullback,ibkr-SCNI,IBKR · TWS read-only · live,live-backfill,1m,2.7693,,,2.99,1466040.0,19.181209730861998,66.82530120481928,690000.0,verified,finviz via premarket_stars.py,0,0,REJECT,catalyst,0,"[{""id"": ""price"", ""kills"": true, ""reason"": ""$2.77 is outside $2.00\u201320.00."", ""state"": ""PASS"", ""value"": ""$2.77  band $2.00\u201320.00""}, {""id"": ""float"", ""kills"": false, ""reason"": """", ""state"": ""PASS"", ""value"": ""0.7M (verified)""}, {""id"": ""catalyst"", ""kills"": true, ""reason"": ""No catalyst dated today and no live theme it belongs to."", ""state"": ""FAIL"", ""value"": ""none""}, {""id"": ""rising"", ""kills"": false, ""reason"": ""cascade already stopped"", ""state"": ""NOT_APPLICABLE"", ""value"": ""\u2014""}, {""id"": ""split"", ""kills"": false, ""reason"": ""cascade already stopped"", ""state"": ""NOT_APPLICABLE"", ""value"": ""\u2014""}, {""id"": ""instrument"", ""kills"": false, ""reason"": ""cascade already stopped"", ""state"": ""NOT_APPLICABLE"", ""value"": ""\u2014""}, {""id"": ""tick"", ""kills"": false, ""reason"": ""cascade already stopped"", ""state"": ""NOT_APPLICABLE"", ""value"": ""\u2014""}, {""id"": ""buyout"", ""kills"": false, ""reason"": ""cascade already stopped"", ""state"": ""NOT_APPLICABLE"", ""value"": ""\u2014""}]",[],"{""above_ema9"": true, ""above_vwap"": true, ""buyout_announced"": false, ""catalyst_today"": false, ""change_pct"": 66.82530120481928, ""feed_stale"": false, ""float_is_shares_outstanding"": false, ""float_shares"": 690000.0, ""float_verified"": true, ""halted"": false, ""in_session_window"": true, ""is_fund_or_etf"": null, ""last"": 2.7693, ""live_theme"": false, ""macd_positive_and_above_signal"": null, ""penny_theme"": false, ""premarket_volume"": null, ""prev_close"": null, ""rvol"": 19.181209730861998, ""session_high"": 2.99, ""session_volume"": 1466040.0, ""split_ratio_clean_integer"": null, ""symbol"": ""SCNI"", ""tick_size"": null}",2.77,2.61,3.09,0.16,2.0,3,1,SUPPRESSED,,,2026-09-14T10:55:32+00:00,33dfeedb3f51,b09af53,,,,2.77,3.5,-3.5,1,1,target,1,2026-09-14T08:10:00Z,3.2,2.76,2.35
3f68b1f578ab8142,2026-09-14T04:13:00-04:00,none,RUM,pullback,ibkr-SCNI-ELMT-MLEC,IBKR · TWS read-only · live,live-backfill,1m,8.87,,,9.18,457494.0,0.1475662950678214,23.70990237099022,132440000.0,verified,finviz via premarket_stars.py,0,0,REJECT,float,0,"[{""id"": ""price"", ""kills"": true, ""reason"": ""$8.87 is outside $2.00\u201320.00."", ""state"": ""PASS"", ""value"": ""$8.87  band $2.00\u201320.00""}, {""id"": ""float"", ""kills"": true, ""reason"": ""Float 132.4M is over the 20M cap."", ""state"": ""FAIL"", ""value"": ""132.4M""}, {""id"": ""catalyst"", ""kills"": false, ""reason"": ""cascade already stopped"", ""state"": ""NOT_APPLICABLE"", ""value"": ""\u2014""}, {""id"": ""rising"", ""kills"": false, ""reason"": ""cascade already stopped"", ""state"": ""NOT_APPLICABLE"", ""value"": ""\u2014""}, {""id"": ""split"", ""kills"": false, ""reason"": ""cascade already stopped"", ""state"": ""NOT_APPLICABLE"", ""value"": ""\u2014""}, {""id"": ""instrument"", ""kills"": false, ""reason"": ""cascade already stopped"", ""state"": ""NOT_APPLICABLE"", ""value"": ""\u2014""}, {""id"": ""tick"", ""kills"": false, ""reason"": ""cascade already stopped"", ""state"": ""NOT_APPLICABLE"", ""value"": ""\u2014""}, {""id"": ""buyout"", ""kills"": false, ""reason"": ""cascade already stopped"", ""state"": ""NOT_APPLICABLE"", ""value"": ""\u2014""}]",[],"{""above_ema9"": true, ""above_vwap"": true, ""buyout_announced"": false, ""catalyst_today"": false, ""change_pct"": 23.70990237099022, ""feed_stale"": false, ""float_is_shares_outstanding"": false, ""float_shares"": 132440000.0, ""float_verified"": true, ""halted"": false, ""in_session_window"": true, ""is_fund_or_etf"": null, ""last"": 8.87, ""live_theme"": false, ""macd_positive_and_above_signal"": null, ""penny_theme"": false, ""premarket_volume"": null, ""prev_close"": null, ""rvol"": 0.1475662950678214, ""session_high"": 9.18, ""session_volume"": 457494.0, ""split_ratio_clean_integer"": null, ""symbol"": ""RUM"", ""tick_size"": null}",8.86,8.77,9.04,0.09,2.0,2,1,SUPPRESSED,,,2026-09-14T10:56:24+00:00,33dfeedb3f51,b09af53,,,,8.86,3.7778,-14.0,1,1,target,1,2026-09-14T08:14:00Z,9.2,8.7,8.23
c2e5254854247cd9,2026-09-14T04:25:00-04:00,none,SCNI,pullback,ibkr-SCNI,IBKR · TWS read-only · live,live-backfill,1m,2.93,,,3.13,2996192.0,39.20124085695539,76.50602409638556,690000.0,verified,finviz via premarket_stars.py,0,0,REJECT,catalyst,0,"[{""id"": ""price"", ""kills"": true, ""reason"": ""$2.93 is outside $2.00\u201320.00."", ""state"": ""PASS"", ""value"": ""$2.93  band $2.00\u201320.00""}, {""id"": ""float"", ""kills"": false, ""reason"": """", ""state"": ""PASS"", ""value"": ""0.7M (verified)""}, {""id"": ""catalyst"", ""kills"": true, ""reason"": ""No catalyst dated today and no live theme it belongs to."", ""state"": ""FAIL"", ""value"": ""none""}, {""id"": ""rising"", ""kills"": false, ""reason"": ""cascade already stopped"", ""state"": ""NOT_APPLICABLE"", ""value"": ""\u2014""}, {""id"": ""split"", ""kills"": false, ""reason"": ""cascade already stopped"", ""state"": ""NOT_APPLICABLE"", ""value"": ""\u2014""}, {""id"": ""instrument"", ""kills"": false, ""reason"": ""cascade already stopped"", ""state"": ""NOT_APPLICABLE"", ""value"": ""\u2014""}, {""id"": ""tick"", ""kills"": false, ""reason"": ""cascade already stopped"", ""state"": ""NOT_APPLICABLE"", ""value"": ""\u2014""}, {""id"": ""buyout"", ""kills"": false, ""reason"": ""cascade already stopped"", ""state"": ""NOT_APPLICABLE"", ""value"": ""\u2014""}]",[],"{""above_ema9"": true, ""above_vwap"": true, ""buyout_announced"": false, ""catalyst_today"": false, ""change_pct"": 76.50602409638556, ""feed_stale"": false, ""float_is_shares_outstanding"": false, ""float_shares"": 690000.0, ""float_verified"": true, ""halted"": false, ""in_session_window"": true, ""is_fund_or_etf"": null, ""last"": 2.93, ""live_theme"": false, ""macd_positive_and_above_signal"": null, ""penny_theme"": false, ""premarket_volume"": null, ""prev_close"": null, ""rvol"": 39.20124085695539, ""session_high"": 3.13, ""session_volume"": 2996192.0, ""split_ratio_clean_integer"": null, ""symbol"": ""SCNI"", ""tick_size"": null}",2.937,2.85,3.111,0.087,2.0,2,0,SUPPRESSED,,,2026-09-14T10:55:32+00:00,33dfeedb3f51,b09af53,,,,2.937,4.5172,-8.3563,1,1,target,1,2026-09-14T08:26:00Z,3.33,2.92,2.35
0a3d9667776291d7,2026-09-14T04:25:00-04:00,none,RUM,pullback,ibkr-SCNI-ELMT-MLEC,IBKR · TWS read-only · live,live-backfill,1m,8.94,,,9.18,739724.0,0.23860057192607798,24.68619246861925,132440000.0,verified,finviz via premarket_stars.py,0,0,REJECT,float,0,"[{""id"": ""price"", ""kills"": true, ""reason"": ""$8.94 is outside $2.00\u201320.00."", ""state"": ""PASS"", ""value"": ""$8.94  band $2.00\u201320.00""}, {""id"": ""float"", ""kills"": true, ""reason"": ""Float 132.4M is over the 20M cap."", ""state"": ""FAIL"", ""value"": ""132.4M""}, {""id"": ""catalyst"", ""kills"": false, ""reason"": ""cascade already stopped"", ""state"": ""NOT_APPLICABLE"", ""value"": ""\u2014""}, {""id"": ""rising"", ""kills"": false, ""reason"": ""cascade already stopped"", ""state"": ""NOT_APPLICABLE"", ""value"": ""\u2014""}, {""id"": ""split"", ""kills"": false, ""reason"": ""cascade already stopped"", ""state"": ""NOT_APPLICABLE"", ""value"": ""\u2014""}, {""id"": ""instrument"", ""kills"": false, ""reason"": ""cascade already stopped"", ""state"": ""NOT_APPLICABLE"", ""value"": ""\u2014""}, {""id"": ""tick"", ""kills"": false, ""reason"": ""cascade already stopped"", ""state"": ""NOT_APPLICABLE"", ""value"": ""\u2014""}, {""id"": ""buyout"", ""kills"": false, ""reason"": ""cascade already stopped"", ""state"": ""NOT_APPLICABLE"", ""value"": ""\u2014""}]",[],"{""above_ema9"": true, ""above_vwap"": true, ""buyout_announced"": false, ""catalyst_today"": false, ""change_pct"": 24.68619246861925, ""feed_stale"": false, ""float_is_shares_outstanding"": false, ""float_shares"": 132440000.0, ""float_verified"": true, ""halted"": false, ""in_session_window"": true, ""is_fund_or_etf"": null, ""last"": 8.94, ""live_theme"": false, ""macd_positive_and_above_signal"": null, ""penny_theme"": false, ""premarket_volume"": null, ""prev_close"": null, ""rvol"": 0.23860057192607798, ""session_high"": 9.18, ""session_volume"": 739724.0, ""split_ratio_clean_integer"": null, ""symbol"": ""RUM"", ""tick_size"": null}",8.95,8.79,9.27,0.16,2.0,3,1,SUPPRESSED,,,2026-09-14T10:56:24+00:00,33dfeedb3f51,b09af53,,,,8.95,1.5625,-8.4375,1,0,stop,1,2026-09-14T08:26:00Z,9.2,8.67,8.23
fff5dad02b6db55e,2026-09-14T04:34:00-04:00,none,VSME,pullback,ibkr-SCNI-ELMT-MLEC,IBKR · TWS read-only · live,live-backfill,1m,1.3,,,1.48,2166666.0,84.93665030655606,21.495327102803728,2570000.0,verified,finviz via premarket_stars.py,0,0,REJECT,price,0,"[{""id"": ""price"", ""kills"": true, ""reason"": ""$1.30 is outside $2.00\u201320.00."", ""state"": ""FAIL"", ""value"": ""$1.30  band $2.00\u201320.00""}, {""id"": ""float"", ""kills"": false, ""reason"": ""cascade already stopped"", ""state"": ""NOT_APPLICABLE"", ""value"": ""\u2014""}, {""id"": ""catalyst"", ""kills"": false, ""reason"": ""cascade already stopped"", ""state"": ""NOT_APPLICABLE"", ""value"": ""\u2014""}, {""id"": ""rising"", ""kills"": false, ""reason"": ""cascade already stopped"", ""state"": ""NOT_APPLICABLE"", ""value"": ""\u2014""}, {""id"": ""split"", ""kills"": false, ""reason"": ""cascade already stopped"", ""state"": ""NOT_APPLICABLE"", ""value"": ""\u2014""}, {""id"": ""instrument"", ""kills"": false, ""reason"": ""cascade already stopped"", ""state"": ""NOT_APPLICABLE"", ""value"": ""\u2014""}, {""id"": ""tick"", ""kills"": false, ""reason"": ""cascade already stopped"", ""state"": ""NOT_APPLICABLE"", ""value"": ""\u2014""}, {""id"": ""buyout"", ""kills"": false, ""reason"": ""cascade already stopped"", ""state"": ""NOT_APPLICABLE"", ""value"": ""\u2014""}]",[],"{""above_ema9"": true, ""above_vwap"": false, ""buyout_announced"": false, ""catalyst_today"": false, ""change_pct"": 21.495327102803728, ""feed_stale"": false, ""float_is_shares_outstanding"": false, ""float_shares"": 2570000.0, ""float_verified"": true, ""halted"": false, ""in_session_window"": true, ""is_fund_or_etf"": null, ""last"": 1.3, ""live_theme"": false, ""macd_positive_and_above_signal"": false, ""penny_theme"": false, ""premarket_volume"": null, ""prev_close"": null, ""rvol"": 84.93665030655606, ""session_high"": 1.48, ""session_volume"": 2166666.0, ""split_ratio_clean_integer"": null, ""symbol"": ""VSME"", ""tick_size"": null}",1.31,1.26,1.41,0.05,2.0,2,1,SUPPRESSED,,,2026-09-14T10:56:24+00:00,33dfeedb3f51,b09af53,,,,1.31,2.6,-2.4,1,1,stop,1,2026-09-14T08:39:00Z,1.32,1.24,1.34
7e0299f88f447179,2026-09-14T04:42:00-04:00,none,SCNI,pullback,ibkr-SCNI,IBKR · TWS read-only · live,live-backfill,1m,3.25,,,3.27,4524695.0,59.199696981789465,95.7831325301205,690000.0,verified,finviz via premarket_stars.py,0,0,REJECT,catalyst,0,"[{""id"": ""price"", ""kills"": true, ""reason"": ""$3.25 is outside $2.00\u201320.00."", ""state"": ""PASS"", ""value"": ""$3.25  band $2.00\u201320.00""}, {""id"": ""float"", ""kills"": false, ""reason"": """", ""state"": ""PASS"", ""value"": ""0.7M (verified)""}, {""id"": ""catalyst"", ""kills"": true, ""reason"": ""No catalyst dated today and no live theme it belongs to."", ""state"": ""FAIL"", ""value"": ""none""}, {""id"": ""rising"", ""kills"": false, ""reason"": ""cascade already stopped"", ""state"": ""NOT_APPLICABLE"", ""value"": ""\u2014""}, {""id"": ""split"", ""kills"": false, ""reason"": ""cascade already stopped"", ""state"": ""NOT_APPLICABLE"", ""value"": ""\u2014""}, {""id"": ""instrument"", ""kills"": false, ""reason"": ""cascade already stopped"", ""state"": ""NOT_APPLICABLE"", ""value"": ""\u2014""}, {""id"": ""tick"", ""kills"": false, ""reason"": ""cascade already stopped"", ""state"": ""NOT_APPLICABLE"", ""value"": ""\u2014""}, {""id"": ""buyout"", ""kills"": false, ""reason"": ""cascade already stopped"", ""state"": ""NOT_APPLICABLE"", ""value"": ""\u2014""}]",[],"{""above_ema9"": true, ""above_vwap"": true, ""buyout_announced"": false, ""catalyst_today"": false, ""change_pct"": 95.7831325301205, ""feed_stale"": false, ""float_is_shares_outstanding"": false, ""float_shares"": 690000.0, ""float_verified"": true, ""halted"": false, ""in_session_window"": true, ""is_fund_or_etf"": null, ""last"": 3.25, ""live_theme"": false, ""macd_positive_and_above_signal"": false, ""penny_theme"": false, ""premarket_volume"": null, ""prev_close"": null, ""rvol"": 59.199696981789465, ""session_high"": 3.27, ""session_volume"": 4524695.0, ""split_ratio_clean_integer"": null, ""symbol"": ""SCNI"", ""tick_size"": null}",3.11,3.03,3.27,0.08,2.0,4,1,SUPPRESSED,,,2026-09-14T10:55:32+00:00,33dfeedb3f51,b09af53,,,,3.11,2.75,-11.25,1,1,target,1,2026-09-14T08:43:00Z,3.33,2.86,2.35
f0939af7be3514c8,2026-09-14T04:53:00-04:00,none,SCNI,pullback,ibkr-SCNI,IBKR · TWS read-only · live,live-backfill,1m,3.24,,,3.33,5554973.0,72.67953272917224,95.18072289156629,690000.0,verified,finviz via premarket_stars.py,0,0,REJECT,catalyst,0,"[{""id"": ""price"", ""kills"": true, ""reason"": ""$3.24 is outside $2.00\u201320.00."", ""state"": ""PASS"", ""value"": ""$3.24  band $2.00\u201320.00""}, {""id"": ""float"", ""kills"": false, ""reason"": """", ""state"": ""PASS"", ""value"": ""0.7M (verified)""}, {""id"": ""catalyst"", ""kills"": true, ""reason"": ""No catalyst dated today and no live theme it belongs to."", ""state"": ""FAIL"", ""value"": ""none""}, {""id"": ""rising"", ""kills"": false, ""reason"": ""cascade already stopped"", ""state"": ""NOT_APPLICABLE"", ""value"": ""\u2014""}, {""id"": ""split"", ""kills"": false, ""reason"": ""cascade already stopped"", ""state"": ""NOT_APPLICABLE"", ""value"": ""\u2014""}, {""id"": ""instrument"", ""kills"": false, ""reason"": ""cascade already stopped"", ""state"": ""NOT_APPLICABLE"", ""value"": ""\u2014""}, {""id"": ""tick"", ""kills"": false, ""reason"": ""cascade already stopped"", ""state"": ""NOT_APPLICABLE"", ""value"": ""\u2014""}, {""id"": ""buyout"", ""kills"": false, ""reason"": ""cascade already stopped"", ""state"": ""NOT_APPLICABLE"", ""value"": ""\u2014""}]",[],"{""above_ema9"": true, ""above_vwap"": true, ""buyout_announced"": false, ""catalyst_today"": false, ""change_pct"": 95.18072289156629, ""feed_stale"": false, ""float_is_shares_outstanding"": false, ""float_shares"": 690000.0, ""float_verified"": true, ""halted"": false, ""in_session_window"": true, ""is_fund_or_etf"": null, ""last"": 3.24, ""live_theme"": false, ""macd_positive_and_above_signal"": false, ""penny_theme"": false, ""premarket_volume"": null, ""prev_close"": null, ""rvol"": 72.67953272917224, ""session_high"": 3.33, ""session_volume"": 5554973.0, ""split_ratio_clean_integer"": null, ""symbol"": ""SCNI"", ""tick_size"": null}",3.26,3.1994,3.3812,0.0606,2.0,2,1,SUPPRESSED,,,2026-09-14T10:55:32+00:00,33dfeedb3f51,b09af53,,,,3.26,0.165,-17.3267,1,0,stop,1,2026-09-14T08:54:00Z,3.27,2.8,2.35
530c79537f2d971d,2026-09-14T05:19:00-04:00,none,ELMT,pullback,ibkr-SCNI-ELMT-MLEC,IBKR · TWS read-only · live,live-backfill,1m,20.14,,,20.35,32399.0,0.1459527166175225,24.397776405188388,10260000.0,verified,finviz via premarket_stars.py,0,0,REJECT,price,0,"[{""id"": ""price"", ""kills"": true, ""reason"": ""$20.14 is outside $2.00\u201320.00."", ""state"": ""FAIL"", ""value"": ""$20.14  band $2.00\u201320.00""}, {""id"": ""float"", ""kills"": false, ""reason"": ""cascade already stopped"", ""state"": ""NOT_APPLICABLE"", ""value"": ""\u2014""}, {""id"": ""catalyst"", ""kills"": false, ""reason"": ""cascade already stopped"", ""state"": ""NOT_APPLICABLE"", ""value"": ""\u2014""}, {""id"": ""rising"", ""kills"": false, ""reason"": ""cascade already stopped"", ""state"": ""NOT_APPLICABLE"", ""value"": ""\u2014""}, {""id"": ""split"", ""kills"": false, ""reason"": ""cascade already stopped"", ""state"": ""NOT_APPLICABLE"", ""value"": ""\u2014""}, {""id"": ""instrument"", ""kills"": false, ""reason"": ""cascade already stopped"", ""state"": ""NOT_APPLICABLE"", ""value"": ""\u2014""}, {""id"": ""tick"", ""kills"": false, ""reason"": ""cascade already stopped"", ""state"": ""NOT_APPLICABLE"", ""value"": ""\u2014""}, {""id"": ""buyout"", ""kills"": false, ""reason"": ""cascade already stopped"", ""state"": ""NOT_APPLICABLE"", ""value"": ""\u2014""}]",[],"{""above_ema9"": true, ""above_vwap"": true, ""buyout_announced"": false, ""catalyst_today"": false, ""change_pct"": 24.397776405188388, ""feed_stale"": false, ""float_is_shares_outstanding"": false, ""float_shares"": 10260000.0, ""float_verified"": true, ""halted"": false, ""in_session_window"": true, ""is_fund_or_etf"": null, ""last"": 20.14, ""live_theme"": false, ""macd_positive_and_above_signal"": null, ""penny_theme"": false, ""premarket_volume"": null, ""prev_close"": null, ""rvol"": 0.1459527166175225, ""session_high"": 20.35, ""session_volume"": 32399.0, ""split_ratio_clean_integer"": null, ""symbol"": ""ELMT"", ""tick_size"": null}",19.5,18.99,20.52,0.51,2.0,1,1,SUPPRESSED,,,2026-09-14T10:56:24+00:00,33dfeedb3f51,b09af53,,,,19.5,10.8431,-2.3529,1,1,stop,1,2026-09-14T09:20:00Z,22.13,18.3,22.58
9b16b963b126d97e,2026-09-14T05:32:00-04:00,none,ELMT,pullback,ibkr-SCNI-ELMT-MLEC,IBKR · TWS read-only · live,live-backfill,1m,21.82,,,22.13,201295.0,0.9068042869077498,34.77455219271155,10260000.0,verified,finviz via premarket_stars.py,0,0,REJECT,price,0,"[{""id"": ""price"", ""kills"": true, ""reason"": ""$21.82 is outside $2.00\u201320.00."", ""state"": ""FAIL"", ""value"": ""$21.82  band $2.00\u201320.00""}, {""id"": ""float"", ""kills"": false, ""reason"": ""cascade already stopped"", ""state"": ""NOT_APPLICABLE"", ""value"": ""\u2014""}, {""id"": ""catalyst"", ""kills"": false, ""reason"": ""cascade already stopped"", ""state"": ""NOT_APPLICABLE"", ""value"": ""\u2014""}, {""id"": ""rising"", ""kills"": false, ""reason"": ""cascade already stopped"", ""state"": ""NOT_APPLICABLE"", ""value"": ""\u2014""}, {""id"": ""split"", ""kills"": false, ""reason"": ""cascade already stopped"", ""state"": ""NOT_APPLICABLE"", ""value"": ""\u2014""}, {""id"": ""instrument"", ""kills"": false, ""reason"": ""cascade already stopped"", ""state"": ""NOT_APPLICABLE"", ""value"": ""\u2014""}, {""id"": ""tick"", ""kills"": false, ""reason"": ""cascade already stopped"", ""state"": ""NOT_APPLICABLE"", ""value"": ""\u2014""}, {""id"": ""buyout"", ""kills"": false, ""reason"": ""cascade already stopped"", ""state"": ""NOT_APPLICABLE"", ""value"": ""\u2014""}]",[],"{""above_ema9"": true, ""above_vwap"": true, ""buyout_announced"": false, ""catalyst_today"": false, ""change_pct"": 34.77455219271155, ""feed_stale"": false, ""float_is_shares_outstanding"": false, ""float_shares"": 10260000.0, ""float_verified"": true, ""halted"": false, ""in_session_window"": true, ""is_fund_or_etf"": null, ""last"": 21.82, ""live_theme"": false, ""macd_positive_and_above_signal"": true, ""penny_theme"": false, ""premarket_volume"": null, ""prev_close"": null, ""rvol"": 0.9068042869077498, ""session_high"": 22.13, ""session_volume"": 201295.0, ""split_ratio_clean_integer"": null, ""symbol"": ""ELMT"", ""tick_size"": null}",21.91,21.25,23.23,0.66,2.0,1,0,SUPPRESSED,,,2026-09-14T10:56:24+00:00,33dfeedb3f51,b09af53,,,,21.91,4.7273,-2.5606,1,1,stop,1,2026-09-14T09:33:00Z,22.35,20.77,22.58
c6b36272c321cadb,2026-09-14T05:40:00-04:00,none,ELMT,pullback,ibkr-SCNI-ELMT-MLEC,IBKR · TWS read-only · live,live-backfill,1m,21.83,,,22.13,259712.0,1.1699642562477237,34.83631871525632,10260000.0,verified,finviz via premarket_stars.py,0,0,REJECT,price,0,"[{""id"": ""price"", ""kills"": true, ""reason"": ""$21.83 is outside $2.00\u201320.00."", ""state"": ""FAIL"", ""value"": ""$21.83  band $2.00\u201320.00""}, {""id"": ""float"", ""kills"": false, ""reason"": ""cascade already stopped"", ""state"": ""NOT_APPLICABLE"", ""value"": ""\u2014""}, {""id"": ""catalyst"", ""kills"": false, ""reason"": ""cascade already stopped"", ""state"": ""NOT_APPLICABLE"", ""value"": ""\u2014""}, {""id"": ""rising"", ""kills"": false, ""reason"": ""cascade already stopped"", ""state"": ""NOT_APPLICABLE"", ""value"": ""\u2014""}, {""id"": ""split"", ""kills"": false, ""reason"": ""cascade already stopped"", ""state"": ""NOT_APPLICABLE"", ""value"": ""\u2014""}, {""id"": ""instrument"", ""kills"": false, ""reason"": ""cascade already stopped"", ""state"": ""NOT_APPLICABLE"", ""value"": ""\u2014""}, {""id"": ""tick"", ""kills"": false, ""reason"": ""cascade already stopped"", ""state"": ""NOT_APPLICABLE"", ""value"": ""\u2014""}, {""id"": ""buyout"", ""kills"": false, ""reason"": ""cascade already stopped"", ""state"": ""NOT_APPLICABLE"", ""value"": ""\u2014""}]",[],"{""above_ema9"": true, ""above_vwap"": true, ""buyout_announced"": false, ""catalyst_today"": false, ""change_pct"": 34.83631871525632, ""feed_stale"": false, ""float_is_shares_outstanding"": false, ""float_shares"": 10260000.0, ""float_verified"": true, ""halted"": false, ""in_session_window"": true, ""is_fund_or_etf"": null, ""last"": 21.83, ""live_theme"": false, ""macd_positive_and_above_signal"": false, ""penny_theme"": false, ""premarket_volume"": null, ""prev_close"": null, ""rvol"": 1.1699642562477237, ""session_high"": 22.13, ""session_volume"": 259712.0, ""split_ratio_clean_integer"": null, ""symbol"": ""ELMT"", ""tick_size"": null}",21.87,21.3,23.01,0.57,2.0,1,0,SUPPRESSED,,,2026-09-14T10:56:24+00:00,33dfeedb3f51,b09af53,,,,21.87,5.5439,-2.8947,1,1,stop,1,2026-09-14T09:41:00Z,22.35,21.05,22.58
575ce5aa01d7e449,2026-09-14T05:55:00-04:00,none,ELMT,pullback,ibkr-SCNI-ELMT-MLEC,IBKR · TWS read-only · live,live-backfill,1m,21.86,,,22.35,318863.0,1.4364307873333457,35.02161828289066,10260000.0,verified,finviz via premarket_stars.py,0,0,REJECT,price,0,"[{""id"": ""price"", ""kills"": true, ""reason"": ""$21.86 is outside $2.00\u201320.00."", ""state"": ""FAIL"", ""value"": ""$21.86  band $2.00\u201320.00""}, {""id"": ""float"", ""kills"": false, ""reason"": ""cascade already stopped"", ""state"": ""NOT_APPLICABLE"", ""value"": ""\u2014""}, {""id"": ""catalyst"", ""kills"": false, ""reason"": ""cascade already stopped"", ""state"": ""NOT_APPLICABLE"", ""value"": ""\u2014""}, {""id"": ""rising"", ""kills"": false, ""reason"": ""cascade already stopped"", ""state"": ""NOT_APPLICABLE"", ""value"": ""\u2014""}, {""id"": ""split"", ""kills"": false, ""reason"": ""cascade already stopped"", ""state"": ""NOT_APPLICABLE"", ""value"": ""\u2014""}, {""id"": ""instrument"", ""kills"": false, ""reason"": ""cascade already stopped"", ""state"": ""NOT_APPLICABLE"", ""value"": ""\u2014""}, {""id"": ""tick"", ""kills"": false, ""reason"": ""cascade already stopped"", ""state"": ""NOT_APPLICABLE"", ""value"": ""\u2014""}, {""id"": ""buyout"", ""kills"": false, ""reason"": ""cascade already stopped"", ""state"": ""NOT_APPLICABLE"", ""value"": ""\u2014""}]",[],"{""above_ema9"": true, ""above_vwap"": true, ""buyout_announced"": false, ""catalyst_today"": false, ""change_pct"": 35.02161828289066, ""feed_stale"": false, ""float_is_shares_outstanding"": false, ""float_shares"": 10260000.0, ""float_verified"": true, ""halted"": false, ""in_session_window"": true, ""is_fund_or_etf"": null, ""last"": 21.86, ""live_theme"": false, ""macd_positive_and_above_signal"": false, ""penny_theme"": false, ""premarket_volume"": null, ""prev_close"": null, ""rvol"": 1.4364307873333457, ""session_high"": 22.35, ""session_volume"": 318863.0, ""split_ratio_clean_integer"": null, ""symbol"": ""ELMT"", ""tick_size"": null}",21.91,21.76,22.21,0.15,2.0,2,1,SUPPRESSED,,,2026-09-14T10:56:24+00:00,33dfeedb3f51,b09af53,,,,21.91,20.8,-11.2667,1,1,stop,1,2026-09-14T09:58:00Z,22.11,20.91,22.58
3f595f603a52daf7,2026-09-14T06:14:00-04:00,none,BNC,pullback,ibkr-SCNI-ELMT-MLEC,IBKR · TWS read-only · live,live-backfill,1m,5.6511,,,5.71,405238.0,0.18223496658098484,17.73125,36240000.0,verified,finviz via premarket_stars.py,0,0,REJECT,float,0,"[{""id"": ""price"", ""kills"": true, ""reason"": ""$5.65 is outside $2.00\u201320.00."", ""state"": ""PASS"", ""value"": ""$5.65  band $2.00\u201320.00""}, {""id"": ""float"", ""kills"": true, ""reason"": ""Float 36.2M is over the 20M cap."", ""state"": ""FAIL"", ""value"": ""36.2M""}, {""id"": ""catalyst"", ""kills"": false, ""reason"": ""cascade already stopped"", ""state"": ""NOT_APPLICABLE"", ""value"": ""\u2014""}, {""id"": ""rising"", ""kills"": false, ""reason"": ""cascade already stopped"", ""state"": ""NOT_APPLICABLE"", ""value"": ""\u2014""}, {""id"": ""split"", ""kills"": false, ""reason"": ""cascade already stopped"", ""state"": ""NOT_APPLICABLE"", ""value"": ""\u2014""}, {""id"": ""instrument"", ""kills"": false, ""reason"": ""cascade already stopped"", ""state"": ""NOT_APPLICABLE"", ""value"": ""\u2014""}, {""id"": ""tick"", ""kills"": false, ""reason"": ""cascade already stopped"", ""state"": ""NOT_APPLICABLE"", ""value"": ""\u2014""}, {""id"": ""buyout"", ""kills"": false, ""reason"": ""cascade already stopped"", ""state"": ""NOT_APPLICABLE"", ""value"": ""\u2014""}]",[],"{""above_ema9"": true, ""above_vwap"": true, ""buyout_announced"": false, ""catalyst_today"": false, ""change_pct"": 17.73125, ""feed_stale"": false, ""float_is_shares_outstanding"": false, ""float_shares"": 36240000.0, ""float_verified"": true, ""halted"": false, ""in_session_window"": true, ""is_fund_or_etf"": null, ""last"": 5.6511, ""live_theme"": false, ""macd_positive_and_above_signal"": true, ""penny_theme"": false, ""premarket_volume"": null, ""prev_close"": null, ""rvol"": 0.18223496658098484, ""session_high"": 5.71, ""session_volume"": 405238.0, ""split_ratio_clean_integer"": null, ""symbol"": ""BNC"", ""tick_size"": null}",5.71,5.61,5.91,0.1,2.0,1,0,SUPPRESSED,,,2026-09-14T10:56:24+00:00,33dfeedb3f51,b09af53,,,,5.71,1.0,-9.6,1,0,stop,1,2026-09-14T12:27:00Z,5.6968,5.44,5.0
fdd86fe79ad78b5b,2026-09-14T06:16:00-04:00,none,VSME,pullback,ibkr-SCNI-ELMT-MLEC,IBKR · TWS read-only · live,live-backfill,1m,1.26,,,1.48,3584195.0,140.50597431514905,17.757009345794383,2570000.0,verified,finviz via premarket_stars.py,0,0,REJECT,price,0,"[{""id"": ""price"", ""kills"": true, ""reason"": ""$1.26 is outside $2.00\u201320.00."", ""state"": ""FAIL"", ""value"": ""$1.26  band $2.00\u201320.00""}, {""id"": ""float"", ""kills"": false, ""reason"": ""cascade already stopped"", ""state"": ""NOT_APPLICABLE"", ""value"": ""\u2014""}, {""id"": ""catalyst"", ""kills"": false, ""reason"": ""cascade already stopped"", ""state"": ""NOT_APPLICABLE"", ""value"": ""\u2014""}, {""id"": ""rising"", ""kills"": false, ""reason"": ""cascade already stopped"", ""state"": ""NOT_APPLICABLE"", ""value"": ""\u2014""}, {""id"": ""split"", ""kills"": false, ""reason"": ""cascade already stopped"", ""state"": ""NOT_APPLICABLE"", ""value"": ""\u2014""}, {""id"": ""instrument"", ""kills"": false, ""reason"": ""cascade already stopped"", ""state"": ""NOT_APPLICABLE"", ""value"": ""\u2014""}, {""id"": ""tick"", ""kills"": false, ""reason"": ""cascade already stopped"", ""state"": ""NOT_APPLICABLE"", ""value"": ""\u2014""}, {""id"": ""buyout"", ""kills"": false, ""reason"": ""cascade already stopped"", ""state"": ""NOT_APPLICABLE"", ""value"": ""\u2014""}]",[],"{""above_ema9"": true, ""above_vwap"": false, ""buyout_announced"": false, ""catalyst_today"": false, ""change_pct"": 17.757009345794383, ""feed_stale"": false, ""float_is_shares_outstanding"": false, ""float_shares"": 2570000.0, ""float_verified"": true, ""halted"": false, ""in_session_window"": true, ""is_fund_or_etf"": null, ""last"": 1.26, ""live_theme"": false, ""macd_positive_and_above_signal"": true, ""penny_theme"": false, ""premarket_volume"": null, ""prev_close"": null, ""rvol"": 140.50597431514905, ""session_high"": 1.48, ""session_volume"": 3584195.0, ""split_ratio_clean_integer"": null, ""symbol"": ""VSME"", ""tick_size"": null}",1.26,1.23,1.32,0.03,2.0,2,1,SUPPRESSED,,,2026-09-14T10:56:24+00:00,33dfeedb3f51,b09af53,,,,1.26,6.0,-2.0,1,1,stop,1,2026-09-14T10:17:00Z,1.26,1.22,1.34
ce233b2c80b4218c,2026-09-14T06:33:00-04:00,none,ELMT,pullback,ibkr-SCNI-ELMT-MLEC,IBKR · TWS read-only · live,live-backfill,1m,21.85,,,22.35,453758.0,2.0441128672778097,34.959851760345884,10260000.0,verified,finviz via premarket_stars.py,0,0,REJECT,price,0,"[{""id"": ""price"", ""kills"": true, ""reason"": ""$21.85 is outside $2.00\u201320.00."", ""state"": ""FAIL"", ""value"": ""$21.85  band $2.00\u201320.00""}, {""id"": ""float"", ""kills"": false, ""reason"": ""cascade already stopped"", ""state"": ""NOT_APPLICABLE"", ""value"": ""\u2014""}, {""id"": ""catalyst"", ""kills"": false, ""reason"": ""cascade already stopped"", ""state"": ""NOT_APPLICABLE"", ""value"": ""\u2014""}, {""id"": ""rising"", ""kills"": false, ""reason"": ""cascade already stopped"", ""state"": ""NOT_APPLICABLE"", ""value"": ""\u2014""}, {""id"": ""split"", ""kills"": false, ""reason"": ""cascade already stopped"", ""state"": ""NOT_APPLICABLE"", ""value"": ""\u2014""}, {""id"": ""instrument"", ""kills"": false, ""reason"": ""cascade already stopped"", ""state"": ""NOT_APPLICABLE"", ""value"": ""\u2014""}, {""id"": ""tick"", ""kills"": false, ""reason"": ""cascade already stopped"", ""state"": ""NOT_APPLICABLE"", ""value"": ""\u2014""}, {""id"": ""buyout"", ""kills"": false, ""reason"": ""cascade already stopped"", ""state"": ""NOT_APPLICABLE"", ""value"": ""\u2014""}]",[],"{""above_ema9"": true, ""above_vwap"": true, ""buyout_announced"": false, ""catalyst_today"": false, ""change_pct"": 34.959851760345884, ""feed_stale"": false, ""float_is_shares_outstanding"": false, ""float_shares"": 10260000.0, ""float_verified"": true, ""halted"": false, ""in_session_window"": true, ""is_fund_or_etf"": null, ""last"": 21.85, ""live_theme"": false, ""macd_positive_and_above_signal"": true, ""penny_theme"": false, ""premarket_volume"": null, ""prev_close"": null, ""rvol"": 2.0441128672778097, ""session_high"": 22.35, ""session_volume"": 453758.0, ""split_ratio_clean_integer"": null, ""symbol"": ""ELMT"", ""tick_size"": null}",21.73,21.49,22.21,0.24,2.0,3,1,SUPPRESSED,,,2026-09-14T10:56:24+00:00,33dfeedb3f51,b09af53,,,,21.73,13.75,-6.2917,1,1,target,1,2026-09-14T10:34:00Z,24.46,21.56,22.58
670ed7aac15d8eb5,2026-09-14T06:56:00-04:00,none,BMM,pullback,ibkr-SCNI-ELMT-MLEC,IBKR · TWS read-only · live,live,1m,6.44,6.4,6.44,6.44,69869.0,0.3273423561865639,17.948717948717952,,unknown,EDGAR lookup failed: Not found at https://data.sec.gov/api/xbrl/companyfacts/CIK0001732379.json — the company may have no EDGAR history under that CIK.,0,0,REJECT,float,0,"[{""id"": ""price"", ""kills"": true, ""reason"": ""$6.44 is outside $2.00\u201320.00."", ""state"": ""PASS"", ""value"": ""$6.44  band $2.00\u201320.00""}, {""id"": ""float"", ""kills"": true, ""reason"": ""Float unknown; the cascade fails closed."", ""state"": ""UNKNOWN"", ""value"": ""unknown""}, {""id"": ""catalyst"", ""kills"": false, ""reason"": ""cascade already stopped"", ""state"": ""NOT_APPLICABLE"", ""value"": ""\u2014""}, {""id"": ""rising"", ""kills"": false, ""reason"": ""cascade already stopped"", ""state"": ""NOT_APPLICABLE"", ""value"": ""\u2014""}, {""id"": ""split"", ""kills"": false, ""reason"": ""cascade already stopped"", ""state"": ""NOT_APPLICABLE"", ""value"": ""\u2014""}, {""id"": ""instrument"", ""kills"": false, ""reason"": ""cascade already stopped"", ""state"": ""NOT_APPLICABLE"", ""value"": ""\u2014""}, {""id"": ""tick"", ""kills"": false, ""reason"": ""cascade already stopped"", ""state"": ""NOT_APPLICABLE"", ""value"": ""\u2014""}, {""id"": ""buyout"", ""kills"": false, ""reason"": ""cascade already stopped"", ""state"": ""NOT_APPLICABLE"", ""value"": ""\u2014""}]",[],"{""above_ema9"": true, ""above_vwap"": true, ""buyout_announced"": false, ""catalyst_today"": false, ""change_pct"": 17.948717948717952, ""feed_stale"": false, ""float_is_shares_outstanding"": false, ""float_shares"": null, ""float_verified"": false, ""halted"": false, ""in_session_window"": true, ""is_fund_or_etf"": null, ""last"": 6.44, ""live_theme"": false, ""macd_positive_and_above_signal"": true, ""penny_theme"": false, ""premarket_volume"": null, ""prev_close"": null, ""rvol"": 0.3273423561865639, ""session_high"": 6.44, ""session_volume"": 69869.0, ""split_ratio_clean_integer"": null, ""symbol"": ""BMM"", ""tick_size"": null}",6.4,6.36,6.48,0.04,2.0,2,1,SUPPRESSED,,,2026-09-14T10:56:24+00:00,33dfeedb3f51,b09af53,,,,6.4,8.5,-14.5,1,1,target,1,2026-09-14T10:57:00Z,6.69,6.42,6.02
8cefad80b5032686,2026-09-14T07:07:00-04:00,premarket,ELMT,pullback,ibkr-SCNI-ELMT-MLEC,IBKR · TWS read-only · live,live,1m,24.09,23.97,24.2,24.46,847815.0,3.819281534587019,48.795552810376755,10260000.0,verified,finviz via premarket_stars.py,0,0,REJECT,price,0,"[{""id"": ""price"", ""kills"": true, ""reason"": ""$24.09 is outside $2.00\u201320.00."", ""state"": ""FAIL"", ""value"": ""$24.09  band $2.00\u201320.00""}, {""id"": ""float"", ""kills"": false, ""reason"": ""cascade already stopped"", ""state"": ""NOT_APPLICABLE"", ""value"": ""\u2014""}, {""id"": ""catalyst"", ""kills"": false, ""reason"": ""cascade already stopped"", ""state"": ""NOT_APPLICABLE"", ""value"": ""\u2014""}, {""id"": ""rising"", ""kills"": false, ""reason"": ""cascade already stopped"", ""state"": ""NOT_APPLICABLE"", ""value"": ""\u2014""}, {""id"": ""split"", ""kills"": false, ""reason"": ""cascade already stopped"", ""state"": ""NOT_APPLICABLE"", ""value"": ""\u2014""}, {""id"": ""instrument"", ""kills"": false, ""reason"": ""cascade already stopped"", ""state"": ""NOT_APPLICABLE"", ""value"": ""\u2014""}, {""id"": ""tick"", ""kills"": false, ""reason"": ""cascade already stopped"", ""state"": ""NOT_APPLICABLE"", ""value"": ""\u2014""}, {""id"": ""buyout"", ""kills"": false, ""reason"": ""cascade already stopped"", ""state"": ""NOT_APPLICABLE"", ""value"": ""\u2014""}]",[],"{""above_ema9"": true, ""above_vwap"": true, ""buyout_announced"": false, ""catalyst_today"": false, ""change_pct"": 48.795552810376755, ""feed_stale"": false, ""float_is_shares_outstanding"": false, ""float_shares"": 10260000.0, ""float_verified"": true, ""halted"": false, ""in_session_window"": true, ""is_fund_or_etf"": null, ""last"": 24.09, ""live_theme"": false, ""macd_positive_and_above_signal"": false, ""penny_theme"": false, ""premarket_volume"": null, ""prev_close"": null, ""rvol"": 3.819281534587019, ""session_high"": 24.46, ""session_volume"": 847815.0, ""split_ratio_clean_integer"": null, ""symbol"": ""ELMT"", ""tick_size"": null}",23.98,23.67,24.6,0.31,2.0,1,1,SUPPRESSED,,,2026-09-14T11:07:11+00:00,33dfeedb3f51,b09af53,,,,23.98,3.3871,-12.129,1,1,target,1,2026-09-14T11:08:00Z,24.66,23.23,22.58
a011e4c1e287945d,2026-09-14T07:13:00-04:00,premarket,VSME,pullback,ibkr-SCNI-ELMT-MLEC,IBKR · TWS read-only · live,live,1m,1.22,1.21,1.22,1.48,3888296.0,152.42720273469962,14.018691588785037,2570000.0,verified,finviz via premarket_stars.py,0,0,REJECT,price,0,"[{""id"": ""price"", ""kills"": true, ""reason"": ""$1.22 is outside $2.00\u201320.00."", ""state"": ""FAIL"", ""value"": ""$1.22  band $2.00\u201320.00""}, {""id"": ""float"", ""kills"": false, ""reason"": ""cascade already stopped"", ""state"": ""NOT_APPLICABLE"", ""value"": ""\u2014""}, {""id"": ""catalyst"", ""kills"": false, ""reason"": ""cascade already stopped"", ""state"": ""NOT_APPLICABLE"", ""value"": ""\u2014""}, {""id"": ""rising"", ""kills"": false, ""reason"": ""cascade already stopped"", ""state"": ""NOT_APPLICABLE"", ""value"": ""\u2014""}, {""id"": ""split"", ""kills"": false, ""reason"": ""cascade already stopped"", ""state"": ""NOT_APPLICABLE"", ""value"": ""\u2014""}, {""id"": ""instrument"", ""kills"": false, ""reason"": ""cascade already stopped"", ""state"": ""NOT_APPLICABLE"", ""value"": ""\u2014""}, {""id"": ""tick"", ""kills"": false, ""reason"": ""cascade already stopped"", ""state"": ""NOT_APPLICABLE"", ""value"": ""\u2014""}, {""id"": ""buyout"", ""kills"": false, ""reason"": ""cascade already stopped"", ""state"": ""NOT_APPLICABLE"", ""value"": ""\u2014""}]",[],"{""above_ema9"": true, ""above_vwap"": false, ""buyout_announced"": false, ""catalyst_today"": false, ""change_pct"": 14.018691588785037, ""feed_stale"": false, ""float_is_shares_outstanding"": false, ""float_shares"": 2570000.0, ""float_verified"": true, ""halted"": false, ""in_session_window"": true, ""is_fund_or_etf"": null, ""last"": 1.22, ""live_theme"": false, ""macd_positive_and_above_signal"": false, ""penny_theme"": false, ""premarket_volume"": null, ""prev_close"": null, ""rvol"": 152.42720273469962, ""session_high"": 1.48, ""session_volume"": 3888296.0, ""split_ratio_clean_integer"": null, ""symbol"": ""VSME"", ""tick_size"": null}",1.221,1.2,1.263,0.021,2.0,2,0,SUPPRESSED,,,2026-09-14T11:13:22+00:00,33dfeedb3f51,b09af53,,,,1.221,10.4286,-0.5238,0,1,target,1,2026-09-14T11:17:00Z,1.26,1.21,1.34
dd4943df3bb0e1b6,2026-09-14T07:16:00-04:00,premarket,BMM,pullback,ibkr-SCNI-ELMT-MLEC,IBKR · TWS read-only · live,live,1m,6.63,6.59,6.64,6.68,142015.0,0.6653526558822206,21.42857142857142,,unknown,EDGAR lookup failed: Not found at https://data.sec.gov/api/xbrl/companyfacts/CIK0001732379.json — the company may have no EDGAR history under that CIK.,0,0,REJECT,float,0,"[{""id"": ""price"", ""kills"": true, ""reason"": ""$6.63 is outside $2.00\u201320.00."", ""state"": ""PASS"", ""value"": ""$6.63  band $2.00\u201320.00""}, {""id"": ""float"", ""kills"": true, ""reason"": ""Float unknown; the cascade fails closed."", ""state"": ""UNKNOWN"", ""value"": ""unknown""}, {""id"": ""catalyst"", ""kills"": false, ""reason"": ""cascade already stopped"", ""state"": ""NOT_APPLICABLE"", ""value"": ""\u2014""}, {""id"": ""rising"", ""kills"": false, ""reason"": ""cascade already stopped"", ""state"": ""NOT_APPLICABLE"", ""value"": ""\u2014""}, {""id"": ""split"", ""kills"": false, ""reason"": ""cascade already stopped"", ""state"": ""NOT_APPLICABLE"", ""value"": ""\u2014""}, {""id"": ""instrument"", ""kills"": false, ""reason"": ""cascade already stopped"", ""state"": ""NOT_APPLICABLE"", ""value"": ""\u2014""}, {""id"": ""tick"", ""kills"": false, ""reason"": ""cascade already stopped"", ""state"": ""NOT_APPLICABLE"", ""value"": ""\u2014""}, {""id"": ""buyout"", ""kills"": false, ""reason"": ""cascade already stopped"", ""state"": ""NOT_APPLICABLE"", ""value"": ""\u2014""}]",[],"{""above_ema9"": true, ""above_vwap"": true, ""buyout_announced"": false, ""catalyst_today"": false, ""change_pct"": 21.42857142857142, ""feed_stale"": false, ""float_is_shares_outstanding"": false, ""float_shares"": null, ""float_verified"": false, ""halted"": false, ""in_session_window"": true, ""is_fund_or_etf"": null, ""last"": 6.63, ""live_theme"": false, ""macd_positive_and_above_signal"": true, ""penny_theme"": false, ""premarket_volume"": null, ""prev_close"": null, ""rvol"": 0.6653526558822206, ""session_high"": 6.68, ""session_volume"": 142015.0, ""split_ratio_clean_integer"": null, ""symbol"": ""BMM"", ""tick_size"": null}",6.66,6.5,6.98,0.16,2.0,2,0,SUPPRESSED,,,2026-09-14T11:17:06+00:00,33dfeedb3f51,b09af53,,,,6.66,0.5,-5.25,1,0,stop,1,2026-09-14T11:22:00Z,6.69,6.5,6.02
799fa62315f01529,2026-09-14T07:21:00-04:00,premarket,SCNI,pullback,ibkr-SCNI-ELMT-MLEC,IBKR · TWS read-only · live,live,1m,2.48,2.47,2.48,3.33,11837619.0,154.87971184485886,49.3975903614458,690000.0,verified,finviz via premarket_stars.py,0,0,REJECT,catalyst,0,"[{""id"": ""price"", ""kills"": true, ""reason"": ""$2.48 is outside $2.00\u201320.00."", ""state"": ""PASS"", ""value"": ""$2.48  band $2.00\u201320.00""}, {""id"": ""float"", ""kills"": false, ""reason"": """", ""state"": ""PASS"", ""value"": ""0.7M (verified)""}, {""id"": ""catalyst"", ""kills"": true, ""reason"": ""No catalyst dated today and no live theme it belongs to."", ""state"": ""FAIL"", ""value"": ""none""}, {""id"": ""rising"", ""kills"": false, ""reason"": ""cascade already stopped"", ""state"": ""NOT_APPLICABLE"", ""value"": ""\u2014""}, {""id"": ""split"", ""kills"": false, ""reason"": ""cascade already stopped"", ""state"": ""NOT_APPLICABLE"", ""value"": ""\u2014""}, {""id"": ""instrument"", ""kills"": false, ""reason"": ""cascade already stopped"", ""state"": ""NOT_APPLICABLE"", ""value"": ""\u2014""}, {""id"": ""tick"", ""kills"": false, ""reason"": ""cascade already stopped"", ""state"": ""NOT_APPLICABLE"", ""value"": ""\u2014""}, {""id"": ""buyout"", ""kills"": false, ""reason"": ""cascade already stopped"", ""state"": ""NOT_APPLICABLE"", ""value"": ""\u2014""}]",[],"{""above_ema9"": false, ""above_vwap"": false, ""buyout_announced"": false, ""catalyst_today"": false, ""change_pct"": 49.3975903614458, ""feed_stale"": false, ""float_is_shares_outstanding"": false, ""float_shares"": 690000.0, ""float_verified"": true, ""halted"": false, ""in_session_window"": true, ""is_fund_or_etf"": null, ""last"": 2.48, ""live_theme"": false, ""macd_positive_and_above_signal"": true, ""penny_theme"": false, ""premarket_volume"": null, ""prev_close"": null, ""rvol"": 154.87971184485886, ""session_high"": 3.33, ""session_volume"": 11837619.0, ""split_ratio_clean_integer"": null, ""symbol"": ""SCNI"", ""tick_size"": null}",2.48,2.44,2.56,0.04,2.0,2,1,SUPPRESSED,,,2026-09-14T11:21:31+00:00,33dfeedb3f51,b09af53,,,,2.48,4.75,-6.75,1,1,stop,1,2026-09-14T11:22:00Z,2.5,2.3598,2.35
62c093b1c99eb40f,2026-09-14T08:13:00-04:00,premarket,BNC,pullback,ibkr-SCNI-ELMT-MLEC,IBKR · TWS read-only · live,live,1m,5.62,5.6,5.63,5.71,959126.0,9.5606658692185,17.08333333333334,36240000.0,verified,finviz via premarket_stars.py,0,0,REJECT,float,0,"[{""id"": ""price"", ""kills"": true, ""reason"": ""$5.62 is outside $2.00\u201320.00."", ""state"": ""PASS"", ""value"": ""$5.62  band $2.00\u201320.00""}, {""id"": ""float"", ""kills"": true, ""reason"": ""Float 36.2M is over the 20M cap."", ""state"": ""FAIL"", ""value"": ""36.2M""}, {""id"": ""catalyst"", ""kills"": false, ""reason"": ""cascade already stopped"", ""state"": ""NOT_APPLICABLE"", ""value"": ""\u2014""}, {""id"": ""rising"", ""kills"": false, ""reason"": ""cascade already stopped"", ""state"": ""NOT_APPLICABLE"", ""value"": ""\u2014""}, {""id"": ""split"", ""kills"": false, ""reason"": ""cascade already stopped"", ""state"": ""NOT_APPLICABLE"", ""value"": ""\u2014""}, {""id"": ""instrument"", ""kills"": false, ""reason"": ""cascade already stopped"", ""state"": ""NOT_APPLICABLE"", ""value"": ""\u2014""}, {""id"": ""tick"", ""kills"": false, ""reason"": ""cascade already stopped"", ""state"": ""NOT_APPLICABLE"", ""value"": ""\u2014""}, {""id"": ""buyout"", ""kills"": false, ""reason"": ""cascade already stopped"", ""state"": ""NOT_APPLICABLE"", ""value"": ""\u2014""}]",[],"{""above_ema9"": true, ""above_vwap"": true, ""buyout_announced"": false, ""catalyst_today"": false, ""change_pct"": 17.08333333333334, ""feed_stale"": false, ""float_is_shares_outstanding"": false, ""float_shares"": 36240000.0, ""float_verified"": true, ""halted"": false, ""in_session_window"": true, ""is_fund_or_etf"": null, ""last"": 5.62, ""live_theme"": false, ""macd_positive_and_above_signal"": true, ""penny_theme"": false, ""premarket_volume"": null, ""prev_close"": null, ""rvol"": 9.5606658692185, ""session_high"": 5.71, ""session_volume"": 959126.0, ""split_ratio_clean_integer"": null, ""symbol"": ""BNC"", ""tick_size"": null}",5.62,5.58,5.7,0.04,2.0,1,1,SUPPRESSED,,,2026-09-14T12:13:12+00:00,33dfeedb3f51,b09af53,,,,5.62,4.75,-21.75,1,1,stop,1,2026-09-14T12:14:00Z,5.81,5.3512,5.0
9aeed2f4b9ca72be,2026-09-14T08:44:00-04:00,premarket,ELMT,pullback,ibkr-SCNI-ELMT-MLEC,IBKR · TWS read-only · live,live,1m,22.27,22.3,22.38,24.66,1653354.0,7.448115924270726,37.55404570722667,10260000.0,verified,finviz via premarket_stars.py,0,0,REJECT,price,0,"[{""id"": ""price"", ""kills"": true, ""reason"": ""$22.27 is outside $2.00\u201320.00."", ""state"": ""FAIL"", ""value"": ""$22.27  band $2.00\u201320.00""}, {""id"": ""float"", ""kills"": false, ""reason"": ""cascade already stopped"", ""state"": ""NOT_APPLICABLE"", ""value"": ""\u2014""}, {""id"": ""catalyst"", ""kills"": false, ""reason"": ""cascade already stopped"", ""state"": ""NOT_APPLICABLE"", ""value"": ""\u2014""}, {""id"": ""rising"", ""kills"": false, ""reason"": ""cascade already stopped"", ""state"": ""NOT_APPLICABLE"", ""value"": ""\u2014""}, {""id"": ""split"", ""kills"": false, ""reason"": ""cascade already stopped"", ""state"": ""NOT_APPLICABLE"", ""value"": ""\u2014""}, {""id"": ""instrument"", ""kills"": false, ""reason"": ""cascade already stopped"", ""state"": ""NOT_APPLICABLE"", ""value"": ""\u2014""}, {""id"": ""tick"", ""kills"": false, ""reason"": ""cascade already stopped"", ""state"": ""NOT_APPLICABLE"", ""value"": ""\u2014""}, {""id"": ""buyout"", ""kills"": false, ""reason"": ""cascade already stopped"", ""state"": ""NOT_APPLICABLE"", ""value"": ""\u2014""}]",[],"{""above_ema9"": true, ""above_vwap"": false, ""buyout_announced"": false, ""catalyst_today"": false, ""change_pct"": 37.55404570722667, ""feed_stale"": false, ""float_is_shares_outstanding"": false, ""float_shares"": 10260000.0, ""float_verified"": true, ""halted"": false, ""in_session_window"": true, ""is_fund_or_etf"": null, ""last"": 22.27, ""live_theme"": false, ""macd_positive_and_above_signal"": true, ""penny_theme"": false, ""premarket_volume"": null, ""prev_close"": null, ""rvol"": 7.448115924270726, ""session_high"": 24.66, ""session_volume"": 1653354.0, ""split_ratio_clean_integer"": null, ""symbol"": ""ELMT"", ""tick_size"": null}",22.25,22.11,22.53,0.14,2.0,1,0,SUPPRESSED,,,2026-09-14T12:44:43+00:00,33dfeedb3f51,b09af53,,,,22.25,19.8571,-14.5,1,1,target,1,2026-09-14T12:45:00Z,23.5,22.17,22.58
46a026925c0e6695,2026-09-14T08:48:00-04:00,premarket,SCNI,pullback,ibkr-SCNI-ELMT-MLEC,IBKR · TWS read-only · live,live,1m,2.33,2.32,2.33,3.33,14426788.0,188.755590823363,40.361445783132545,690000.0,verified,finviz via premarket_stars.py,0,0,REJECT,catalyst,0,"[{""id"": ""price"", ""kills"": true, ""reason"": ""$2.33 is outside $2.00\u201320.00."", ""state"": ""PASS"", ""value"": ""$2.33  band $2.00\u201320.00""}, {""id"": ""float"", ""kills"": false, ""reason"": """", ""state"": ""PASS"", ""value"": ""0.7M (verified)""}, {""id"": ""catalyst"", ""kills"": true, ""reason"": ""No catalyst dated today and no live theme it belongs to."", ""state"": ""FAIL"", ""value"": ""none""}, {""id"": ""rising"", ""kills"": false, ""reason"": ""cascade already stopped"", ""state"": ""NOT_APPLICABLE"", ""value"": ""\u2014""}, {""id"": ""split"", ""kills"": false, ""reason"": ""cascade already stopped"", ""state"": ""NOT_APPLICABLE"", ""value"": ""\u2014""}, {""id"": ""instrument"", ""kills"": false, ""reason"": ""cascade already stopped"", ""state"": ""NOT_APPLICABLE"", ""value"": ""\u2014""}, {""id"": ""tick"", ""kills"": false, ""reason"": ""cascade already stopped"", ""state"": ""NOT_APPLICABLE"", ""value"": ""\u2014""}, {""id"": ""buyout"", ""kills"": false, ""reason"": ""cascade already stopped"", ""state"": ""NOT_APPLICABLE"", ""value"": ""\u2014""}]",[],"{""above_ema9"": true, ""above_vwap"": false, ""buyout_announced"": false, ""catalyst_today"": false, ""change_pct"": 40.361445783132545, ""feed_stale"": false, ""float_is_shares_outstanding"": false, ""float_shares"": 690000.0, ""float_verified"": true, ""halted"": false, ""in_session_window"": true, ""is_fund_or_etf"": null, ""last"": 2.33, ""live_theme"": false, ""macd_positive_and_above_signal"": true, ""penny_theme"": false, ""premarket_volume"": null, ""prev_close"": null, ""rvol"": 188.755590823363, ""session_high"": 3.33, ""session_volume"": 14426788.0, ""split_ratio_clean_integer"": null, ""symbol"": ""SCNI"", ""tick_size"": null}",2.34,2.28,2.46,0.06,2.0,2,0,SUPPRESSED,,,2026-09-14T12:48:33+00:00,33dfeedb3f51,b09af53,,,,2.34,5.5,-2.1667,1,1,target,1,2026-09-14T12:49:00Z,2.54,2.3,2.35
75d8e03920e47ca7,2026-09-14T08:48:00-04:00,premarket,BMM,pullback,ibkr-SCNI-ELMT-MLEC,IBKR · TWS read-only · live,live,1m,6.29,6.26,6.35,6.69,318966.0,1.4943835174884934,15.201465201465192,,unknown,EDGAR lookup failed: Not found at https://data.sec.gov/api/xbrl/companyfacts/CIK0001732379.json — the company may have no EDGAR history under that CIK.,0,0,REJECT,float,0,"[{""id"": ""price"", ""kills"": true, ""reason"": ""$6.29 is outside $2.00\u201320.00."", ""state"": ""PASS"", ""value"": ""$6.29  band $2.00\u201320.00""}, {""id"": ""float"", ""kills"": true, ""reason"": ""Float unknown; the cascade fails closed."", ""state"": ""UNKNOWN"", ""value"": ""unknown""}, {""id"": ""catalyst"", ""kills"": false, ""reason"": ""cascade already stopped"", ""state"": ""NOT_APPLICABLE"", ""value"": ""\u2014""}, {""id"": ""rising"", ""kills"": false, ""reason"": ""cascade already stopped"", ""state"": ""NOT_APPLICABLE"", ""value"": ""\u2014""}, {""id"": ""split"", ""kills"": false, ""reason"": ""cascade already stopped"", ""state"": ""NOT_APPLICABLE"", ""value"": ""\u2014""}, {""id"": ""instrument"", ""kills"": false, ""reason"": ""cascade already stopped"", ""state"": ""NOT_APPLICABLE"", ""value"": ""\u2014""}, {""id"": ""tick"", ""kills"": false, ""reason"": ""cascade already stopped"", ""state"": ""NOT_APPLICABLE"", ""value"": ""\u2014""}, {""id"": ""buyout"", ""kills"": false, ""reason"": ""cascade already stopped"", ""state"": ""NOT_APPLICABLE"", ""value"": ""\u2014""}]",[],"{""above_ema9"": false, ""above_vwap"": false, ""buyout_announced"": false, ""catalyst_today"": false, ""change_pct"": 15.201465201465192, ""feed_stale"": false, ""float_is_shares_outstanding"": false, ""float_shares"": null, ""float_verified"": false, ""halted"": false, ""in_session_window"": true, ""is_fund_or_etf"": null, ""last"": 6.29, ""live_theme"": false, ""macd_positive_and_above_signal"": true, ""penny_theme"": false, ""premarket_volume"": null, ""prev_close"": null, ""rvol"": 1.4943835174884934, ""session_high"": 6.69, ""session_volume"": 318966.0, ""split_ratio_clean_integer"": null, ""symbol"": ""BMM"", ""tick_size"": null}",6.28,6.24,6.36,0.04,2.0,3,0,SUPPRESSED,,,2026-09-14T12:48:42+00:00,33dfeedb3f51,b09af53,,,,6.28,11.5,-11.5,1,1,target,1,2026-09-14T12:49:00Z,6.55,6.28,6.02
6f71bc09327c2989,2026-09-14T08:58:00-04:00,premarket,ELMT,pullback,ibkr-SCNI-ELMT-MLEC,IBKR · TWS read-only · live,live,1m,22.5,22.53,22.6,24.66,1744302.0,7.857823250760138,38.97467572575663,10260000.0,verified,finviz via premarket_stars.py,0,0,REJECT,price,0,"[{""id"": ""price"", ""kills"": true, ""reason"": ""$22.50 is outside $2.00\u201320.00."", ""state"": ""FAIL"", ""value"": ""$22.50  band $2.00\u201320.00""}, {""id"": ""float"", ""kills"": false, ""reason"": ""cascade already stopped"", ""state"": ""NOT_APPLICABLE"", ""value"": ""\u2014""}, {""id"": ""catalyst"", ""kills"": false, ""reason"": ""cascade already stopped"", ""state"": ""NOT_APPLICABLE"", ""value"": ""\u2014""}, {""id"": ""rising"", ""kills"": false, ""reason"": ""cascade already stopped"", ""state"": ""NOT_APPLICABLE"", ""value"": ""\u2014""}, {""id"": ""split"", ""kills"": false, ""reason"": ""cascade already stopped"", ""state"": ""NOT_APPLICABLE"", ""value"": ""\u2014""}, {""id"": ""instrument"", ""kills"": false, ""reason"": ""cascade already stopped"", ""state"": ""NOT_APPLICABLE"", ""value"": ""\u2014""}, {""id"": ""tick"", ""kills"": false, ""reason"": ""cascade already stopped"", ""state"": ""NOT_APPLICABLE"", ""value"": ""\u2014""}, {""id"": ""buyout"", ""kills"": false, ""reason"": ""cascade already stopped"", ""state"": ""NOT_APPLICABLE"", ""value"": ""\u2014""}]",[],"{""above_ema9"": false, ""above_vwap"": false, ""buyout_announced"": false, ""catalyst_today"": false, ""change_pct"": 38.97467572575663, ""feed_stale"": false, ""float_is_shares_outstanding"": false, ""float_shares"": 10260000.0, ""float_verified"": true, ""halted"": false, ""in_session_window"": true, ""is_fund_or_etf"": null, ""last"": 22.5, ""live_theme"": false, ""macd_positive_and_above_signal"": true, ""penny_theme"": false, ""premarket_volume"": null, ""prev_close"": null, ""rvol"": 7.857823250760138, ""session_high"": 24.66, ""session_volume"": 1744302.0, ""split_ratio_clean_integer"": null, ""symbol"": ""ELMT"", ""tick_size"": null}",22.57,22.45,22.81,0.12,2.0,3,1,SUPPRESSED,,,2026-09-14T12:59:04+00:00,33dfeedb3f51,b09af53,,,,22.57,20.5,-19.5833,1,1,target,1,2026-09-14T12:59:00Z,23.5,22.36,22.58
251f2ff3338a8849,2026-09-14T09:09:00-04:00,premarket,SCNI,pullback,ibkr-SCNI-ELMT-MLEC,IBKR · TWS read-only · live,live,1m,2.3994,2.38,2.39,3.33,16035547.0,209.80409140002655,44.5421686746988,690000.0,verified,finviz via premarket_stars.py,0,0,REJECT,catalyst,0,"[{""id"": ""price"", ""kills"": true, ""reason"": ""$2.40 is outside $2.00\u201320.00."", ""state"": ""PASS"", ""value"": ""$2.40  band $2.00\u201320.00""}, {""id"": ""float"", ""kills"": false, ""reason"": """", ""state"": ""PASS"", ""value"": ""0.7M (verified)""}, {""id"": ""catalyst"", ""kills"": true, ""reason"": ""No catalyst dated today and no live theme it belongs to."", ""state"": ""FAIL"", ""value"": ""none""}, {""id"": ""rising"", ""kills"": false, ""reason"": ""cascade already stopped"", ""state"": ""NOT_APPLICABLE"", ""value"": ""\u2014""}, {""id"": ""split"", ""kills"": false, ""reason"": ""cascade already stopped"", ""state"": ""NOT_APPLICABLE"", ""value"": ""\u2014""}, {""id"": ""instrument"", ""kills"": false, ""reason"": ""cascade already stopped"", ""state"": ""NOT_APPLICABLE"", ""value"": ""\u2014""}, {""id"": ""tick"", ""kills"": false, ""reason"": ""cascade already stopped"", ""state"": ""NOT_APPLICABLE"", ""value"": ""\u2014""}, {""id"": ""buyout"", ""kills"": false, ""reason"": ""cascade already stopped"", ""state"": ""NOT_APPLICABLE"", ""value"": ""\u2014""}]",[],"{""above_ema9"": true, ""above_vwap"": false, ""buyout_announced"": false, ""catalyst_today"": false, ""change_pct"": 44.5421686746988, ""feed_stale"": false, ""float_is_shares_outstanding"": false, ""float_shares"": 690000.0, ""float_verified"": true, ""halted"": false, ""in_session_window"": true, ""is_fund_or_etf"": null, ""last"": 2.3994, ""live_theme"": false, ""macd_positive_and_above_signal"": false, ""penny_theme"": false, ""premarket_volume"": null, ""prev_close"": null, ""rvol"": 209.80409140002655, ""session_high"": 3.33, ""session_volume"": 16035547.0, ""split_ratio_clean_integer"": null, ""symbol"": ""SCNI"", ""tick_size"": null}",2.4,2.35,2.5,0.05,2.0,2,1,SUPPRESSED,,,2026-09-14T13:09:14+00:00,33dfeedb3f51,b09af53,,,,2.4,5.4,-3.8,1,1,stop,1,2026-09-14T13:10:00Z,2.64,2.27,2.35
db2e1e58f372f178,2026-09-14T09:13:00-04:00,premarket,ELMT,pullback,ibkr-SCNI-ELMT-MLEC,IBKR · TWS read-only · live,live,1m,23.22,,,24.66,1881935.0,8.477839616889323,43.42186534898082,10260000.0,verified,finviz via premarket_stars.py,0,0,REJECT,price,0,"[{""id"": ""price"", ""kills"": true, ""reason"": ""$23.22 is outside $2.00\u201320.00."", ""state"": ""FAIL"", ""value"": ""$23.22  band $2.00\u201320.00""}, {""id"": ""float"", ""kills"": false, ""reason"": ""cascade already stopped"", ""state"": ""NOT_APPLICABLE"", ""value"": ""\u2014""}, {""id"": ""catalyst"", ""kills"": false, ""reason"": ""cascade already stopped"", ""state"": ""NOT_APPLICABLE"", ""value"": ""\u2014""}, {""id"": ""rising"", ""kills"": false, ""reason"": ""cascade already stopped"", ""state"": ""NOT_APPLICABLE"", ""value"": ""\u2014""}, {""id"": ""split"", ""kills"": false, ""reason"": ""cascade already stopped"", ""state"": ""NOT_APPLICABLE"", ""value"": ""\u2014""}, {""id"": ""instrument"", ""kills"": false, ""reason"": ""cascade already stopped"", ""state"": ""NOT_APPLICABLE"", ""value"": ""\u2014""}, {""id"": ""tick"", ""kills"": false, ""reason"": ""cascade already stopped"", ""state"": ""NOT_APPLICABLE"", ""value"": ""\u2014""}, {""id"": ""buyout"", ""kills"": false, ""reason"": ""cascade already stopped"", ""state"": ""NOT_APPLICABLE"", ""value"": ""\u2014""}]",[],"{""above_ema9"": true, ""above_vwap"": true, ""buyout_announced"": false, ""catalyst_today"": false, ""change_pct"": 43.42186534898082, ""feed_stale"": false, ""float_is_shares_outstanding"": false, ""float_shares"": 10260000.0, ""float_verified"": true, ""halted"": false, ""in_session_window"": true, ""is_fund_or_etf"": null, ""last"": 23.22, ""live_theme"": false, ""macd_positive_and_above_signal"": false, ""penny_theme"": false, ""premarket_volume"": null, ""prev_close"": null, ""rvol"": 8.477839616889323, ""session_high"": 24.66, ""session_volume"": 1881935.0, ""split_ratio_clean_integer"": null, ""symbol"": ""ELMT"", ""tick_size"": null}",23.21,23.07,23.49,0.14,2.0,2,1,SUPPRESSED,,,2026-09-14T13:14:33+00:00,33dfeedb3f51,b09af53,,,,23.21,13.0,-21.3571,1,1,target,1,2026-09-14T13:14:00Z,23.5,20.78,22.58
0f334bb9cbd3187a,2026-09-14T09:18:00-04:00,premarket,BMM,pullback,ibkr-SCNI-ELMT-MLEC,IBKR · TWS read-only · live,live,1m,6.49,6.49,6.54,6.69,376018.0,1.7616771112876868,18.864468864468865,,unknown,EDGAR lookup failed: Not found at https://data.sec.gov/api/xbrl/companyfacts/CIK0001732379.json — the company may have no EDGAR history under that CIK.,0,0,REJECT,float,0,"[{""id"": ""price"", ""kills"": true, ""reason"": ""$6.49 is outside $2.00\u201320.00."", ""state"": ""PASS"", ""value"": ""$6.49  band $2.00\u201320.00""}, {""id"": ""float"", ""kills"": true, ""reason"": ""Float unknown; the cascade fails closed."", ""state"": ""UNKNOWN"", ""value"": ""unknown""}, {""id"": ""catalyst"", ""kills"": false, ""reason"": ""cascade already stopped"", ""state"": ""NOT_APPLICABLE"", ""value"": ""\u2014""}, {""id"": ""rising"", ""kills"": false, ""reason"": ""cascade already stopped"", ""state"": ""NOT_APPLICABLE"", ""value"": ""\u2014""}, {""id"": ""split"", ""kills"": false, ""reason"": ""cascade already stopped"", ""state"": ""NOT_APPLICABLE"", ""value"": ""\u2014""}, {""id"": ""instrument"", ""kills"": false, ""reason"": ""cascade already stopped"", ""state"": ""NOT_APPLICABLE"", ""value"": ""\u2014""}, {""id"": ""tick"", ""kills"": false, ""reason"": ""cascade already stopped"", ""state"": ""NOT_APPLICABLE"", ""value"": ""\u2014""}, {""id"": ""buyout"", ""kills"": false, ""reason"": ""cascade already stopped"", ""state"": ""NOT_APPLICABLE"", ""value"": ""\u2014""}]",[],"{""above_ema9"": true, ""above_vwap"": true, ""buyout_announced"": false, ""catalyst_today"": false, ""change_pct"": 18.864468864468865, ""feed_stale"": false, ""float_is_shares_outstanding"": false, ""float_shares"": null, ""float_verified"": false, ""halted"": false, ""in_session_window"": true, ""is_fund_or_etf"": null, ""last"": 6.49, ""live_theme"": false, ""macd_positive_and_above_signal"": true, ""penny_theme"": false, ""premarket_volume"": null, ""prev_close"": null, ""rvol"": 1.7616771112876868, ""session_high"": 6.69, ""session_volume"": 376018.0, ""split_ratio_clean_integer"": null, ""symbol"": ""BMM"", ""tick_size"": null}",6.54,6.49,6.64,0.05,2.0,2,0,SUPPRESSED,,,2026-09-14T13:19:06+00:00,33dfeedb3f51,b09af53,,,,6.54,4.0,-14.4,1,1,target,1,2026-09-14T13:20:00Z,6.74,6.13,6.02
b2fb115ea64cac33,2026-09-14T09:33:00-04:00,regular,RUM,pullback,ibkr-SCNI-ELMT-MLEC,IBKR · TWS read-only · live,live,1m,8.19,8.15,8.17,9.2,4838431.0,40.281319724266545,14.225941422594147,132440000.0,verified,finviz via premarket_stars.py,0,0,REJECT,float,0,"[{""id"": ""price"", ""kills"": true, ""reason"": ""$8.19 is outside $2.00\u201320.00."", ""state"": ""PASS"", ""value"": ""$8.19  band $2.00\u201320.00""}, {""id"": ""float"", ""kills"": true, ""reason"": ""Float 132.4M is over the 20M cap."", ""state"": ""FAIL"", ""value"": ""132.4M""}, {""id"": ""catalyst"", ""kills"": false, ""reason"": ""cascade already stopped"", ""state"": ""NOT_APPLICABLE"", ""value"": ""\u2014""}, {""id"": ""rising"", ""kills"": false, ""reason"": ""cascade already stopped"", ""state"": ""NOT_APPLICABLE"", ""value"": ""\u2014""}, {""id"": ""split"", ""kills"": false, ""reason"": ""cascade already stopped"", ""state"": ""NOT_APPLICABLE"", ""value"": ""\u2014""}, {""id"": ""instrument"", ""kills"": false, ""reason"": ""cascade already stopped"", ""state"": ""NOT_APPLICABLE"", ""value"": ""\u2014""}, {""id"": ""tick"", ""kills"": false, ""reason"": ""cascade already stopped"", ""state"": ""NOT_APPLICABLE"", ""value"": ""\u2014""}, {""id"": ""buyout"", ""kills"": false, ""reason"": ""cascade already stopped"", ""state"": ""NOT_APPLICABLE"", ""value"": ""\u2014""}]",[],"{""above_ema9"": true, ""above_vwap"": false, ""buyout_announced"": false, ""catalyst_today"": false, ""change_pct"": 14.225941422594147, ""feed_stale"": false, ""float_is_shares_outstanding"": false, ""float_shares"": 132440000.0, ""float_verified"": true, ""halted"": false, ""in_session_window"": true, ""is_fund_or_etf"": null, ""last"": 8.19, ""live_theme"": false, ""macd_positive_and_above_signal"": true, ""penny_theme"": false, ""premarket_volume"": null, ""prev_close"": null, ""rvol"": 40.281319724266545, ""session_high"": 9.2, ""session_volume"": 4838431.0, ""split_ratio_clean_integer"": null, ""symbol"": ""RUM"", ""tick_size"": null}",8.17,8.01,8.49,0.16,2.0,1,1,SUPPRESSED,,,2026-09-14T13:33:13+00:00,33dfeedb3f51,b09af53,,,,8.17,3.0625,-0.8125,0,1,target,1,2026-09-14T13:34:00Z,8.6,8.04,8.23
9cf1cb51329e96d1,2026-09-14T09:35:00-04:00,regular,VSME,pullback,ibkr-SCNI-ELMT-MLEC,IBKR · TWS read-only · live,live,1m,1.235,1.23,1.24,1.48,6034760.0,236.5719034701206,15.420560747663558,2570000.0,verified,finviz via premarket_stars.py,0,0,REJECT,price,0,"[{""id"": ""price"", ""kills"": true, ""reason"": ""$1.24 is outside $2.00\u201320.00."", ""state"": ""FAIL"", ""value"": ""$1.24  band $2.00\u201320.00""}, {""id"": ""float"", ""kills"": false, ""reason"": ""cascade already stopped"", ""state"": ""NOT_APPLICABLE"", ""value"": ""\u2014""}, {""id"": ""catalyst"", ""kills"": false, ""reason"": ""cascade already stopped"", ""state"": ""NOT_APPLICABLE"", ""value"": ""\u2014""}, {""id"": ""rising"", ""kills"": false, ""reason"": ""cascade already stopped"", ""state"": ""NOT_APPLICABLE"", ""value"": ""\u2014""}, {""id"": ""split"", ""kills"": false, ""reason"": ""cascade already stopped"", ""state"": ""NOT_APPLICABLE"", ""value"": ""\u2014""}, {""id"": ""instrument"", ""kills"": false, ""reason"": ""cascade already stopped"", ""state"": ""NOT_APPLICABLE"", ""value"": ""\u2014""}, {""id"": ""tick"", ""kills"": false, ""reason"": ""cascade already stopped"", ""state"": ""NOT_APPLICABLE"", ""value"": ""\u2014""}, {""id"": ""buyout"", ""kills"": false, ""reason"": ""cascade already stopped"", ""state"": ""NOT_APPLICABLE"", ""value"": ""\u2014""}]",[],"{""above_ema9"": false, ""above_vwap"": false, ""buyout_announced"": false, ""catalyst_today"": false, ""change_pct"": 15.420560747663558, ""feed_stale"": false, ""float_is_shares_outstanding"": false, ""float_shares"": 2570000.0, ""float_verified"": true, ""halted"": false, ""in_session_window"": true, ""is_fund_or_etf"": null, ""last"": 1.235, ""live_theme"": false, ""macd_positive_and_above_signal"": false, ""penny_theme"": false, ""premarket_volume"": null, ""prev_close"": null, ""rvol"": 236.5719034701206, ""session_high"": 1.48, ""session_volume"": 6034760.0, ""split_ratio_clean_integer"": null, ""symbol"": ""VSME"", ""tick_size"": null}",1.25,1.21,1.33,0.04,2.0,2,0,SUPPRESSED,,,2026-09-14T13:35:11+00:00,33dfeedb3f51,b09af53,,,,1.25,4.75,-0.5,0,1,target,1,2026-09-14T13:36:00Z,1.37,1.23,1.34
248051c1f3a98f46,2026-09-14T09:35:00-04:00,regular,SCNI,pullback,ibkr-SCNI-ELMT-MLEC,IBKR · TWS read-only · live,live,1m,2.4764,2.49,2.5,3.33,18201741.0,1679.1273985239852,49.180722891566276,690000.0,verified,finviz via premarket_stars.py,0,0,REJECT,catalyst,0,"[{""id"": ""price"", ""kills"": true, ""reason"": ""$2.48 is outside $2.00\u201320.00."", ""state"": ""PASS"", ""value"": ""$2.48  band $2.00\u201320.00""}, {""id"": ""float"", ""kills"": false, ""reason"": """", ""state"": ""PASS"", ""value"": ""0.7M (verified)""}, {""id"": ""catalyst"", ""kills"": true, ""reason"": ""No catalyst dated today and no live theme it belongs to."", ""state"": ""FAIL"", ""value"": ""none""}, {""id"": ""rising"", ""kills"": false, ""reason"": ""cascade already stopped"", ""state"": ""NOT_APPLICABLE"", ""value"": ""\u2014""}, {""id"": ""split"", ""kills"": false, ""reason"": ""cascade already stopped"", ""state"": ""NOT_APPLICABLE"", ""value"": ""\u2014""}, {""id"": ""instrument"", ""kills"": false, ""reason"": ""cascade already stopped"", ""state"": ""NOT_APPLICABLE"", ""value"": ""\u2014""}, {""id"": ""tick"", ""kills"": false, ""reason"": ""cascade already stopped"", ""state"": ""NOT_APPLICABLE"", ""value"": ""\u2014""}, {""id"": ""buyout"", ""kills"": false, ""reason"": ""cascade already stopped"", ""state"": ""NOT_APPLICABLE"", ""value"": ""\u2014""}]",[],"{""above_ema9"": true, ""above_vwap"": false, ""buyout_announced"": false, ""catalyst_today"": false, ""change_pct"": 49.180722891566276, ""feed_stale"": false, ""float_is_shares_outstanding"": false, ""float_shares"": 690000.0, ""float_verified"": true, ""halted"": false, ""in_session_window"": true, ""is_fund_or_etf"": null, ""last"": 2.4764, ""live_theme"": false, ""macd_positive_and_above_signal"": true, ""penny_theme"": false, ""premarket_volume"": null, ""prev_close"": null, ""rvol"": 1679.1273985239852, ""session_high"": 3.33, ""session_volume"": 18201741.0, ""split_ratio_clean_integer"": null, ""symbol"": ""SCNI"", ""tick_size"": null}",2.48,2.36,2.72,0.12,2.0,1,1,SUPPRESSED,,,2026-09-14T13:35:42+00:00,33dfeedb3f51,b09af53,,,,2.48,1.5833,-2.25,1,0,stop,1,2026-09-14T13:36:00Z,2.67,2.33,2.35
065ab503b7b4e95c,2026-09-14T09:38:00-04:00,regular,MLEC,pullback,ibkr-SCNI-ELMT-MLEC,IBKR · TWS read-only · live,live,1m,8.02,7.6,8.02,8.69,22252.0,1.7286003990449088,14.082503556187763,38440602.0,shares_outstanding_proxy,SEC shares outstanding (upper bound),0,0,REJECT,float,0,"[{""id"": ""price"", ""kills"": true, ""reason"": ""$8.02 is outside $2.00\u201320.00."", ""state"": ""PASS"", ""value"": ""$8.02  band $2.00\u201320.00""}, {""id"": ""float"", ""kills"": true, ""reason"": ""38.4M outstanding is an upper bound over the 20M cap \u2014 it proves nothing either way. Verify the float by hand."", ""state"": ""MANUAL_CONFIRMATION_REQUIRED"", ""value"": ""38.4M shares outstanding""}, {""id"": ""catalyst"", ""kills"": false, ""reason"": ""cascade already stopped"", ""state"": ""NOT_APPLICABLE"", ""value"": ""\u2014""}, {""id"": ""rising"", ""kills"": false, ""reason"": ""cascade already stopped"", ""state"": ""NOT_APPLICABLE"", ""value"": ""\u2014""}, {""id"": ""split"", ""kills"": false, ""reason"": ""cascade already stopped"", ""state"": ""NOT_APPLICABLE"", ""value"": ""\u2014""}, {""id"": ""instrument"", ""kills"": false, ""reason"": ""cascade already stopped"", ""state"": ""NOT_APPLICABLE"", ""value"": ""\u2014""}, {""id"": ""tick"", ""kills"": false, ""reason"": ""cascade already stopped"", ""state"": ""NOT_APPLICABLE"", ""value"": ""\u2014""}, {""id"": ""buyout"", ""kills"": false, ""reason"": ""cascade already stopped"", ""state"": ""NOT_APPLICABLE"", ""value"": ""\u2014""}]",[],"{""above_ema9"": true, ""above_vwap"": true, ""buyout_announced"": false, ""catalyst_today"": false, ""change_pct"": 14.082503556187763, ""feed_stale"": false, ""float_is_shares_outstanding"": true, ""float_shares"": 38440602, ""float_verified"": false, ""halted"": false, ""in_session_window"": true, ""is_fund_or_etf"": null, ""last"": 8.02, ""live_theme"": false, ""macd_positive_and_above_signal"": true, ""penny_theme"": false, ""premarket_volume"": null, ""prev_close"": null, ""rvol"": 1.7286003990449088, ""session_high"": 8.69, ""session_volume"": 22252.0, ""split_ratio_clean_integer"": null, ""symbol"": ""MLEC"", ""tick_size"": null}",7.91,7.89,7.95,0.02,2.0,1,1,SUPPRESSED,,,2026-09-14T13:38:43+00:00,33dfeedb3f51,b09af53,,,,7.91,5.5,-85.5,1,1,target,1,2026-09-14T13:39:00Z,8.02,7.7,6.78
d89d5d34da61e350,2026-09-14T09:45:00-04:00,regular,ELMT,pullback,ibkr-SCNI-ELMT-MLEC,IBKR · TWS read-only · live,live,1m,21.79,21.69,22.0,24.66,2888184.0,237.26148032531012,34.589252625077194,10260000.0,verified,finviz via premarket_stars.py,0,0,REJECT,price,0,"[{""id"": ""price"", ""kills"": true, ""reason"": ""$21.79 is outside $2.00\u201320.00."", ""state"": ""FAIL"", ""value"": ""$21.79  band $2.00\u201320.00""}, {""id"": ""float"", ""kills"": false, ""reason"": ""cascade already stopped"", ""state"": ""NOT_APPLICABLE"", ""value"": ""\u2014""}, {""id"": ""catalyst"", ""kills"": false, ""reason"": ""cascade already stopped"", ""state"": ""NOT_APPLICABLE"", ""value"": ""\u2014""}, {""id"": ""rising"", ""kills"": false, ""reason"": ""cascade already stopped"", ""state"": ""NOT_APPLICABLE"", ""value"": ""\u2014""}, {""id"": ""split"", ""kills"": false, ""reason"": ""cascade already stopped"", ""state"": ""NOT_APPLICABLE"", ""value"": ""\u2014""}, {""id"": ""instrument"", ""kills"": false, ""reason"": ""cascade already stopped"", ""state"": ""NOT_APPLICABLE"", ""value"": ""\u2014""}, {""id"": ""tick"", ""kills"": false, ""reason"": ""cascade already stopped"", ""state"": ""NOT_APPLICABLE"", ""value"": ""\u2014""}, {""id"": ""buyout"", ""kills"": false, ""reason"": ""cascade already stopped"", ""state"": ""NOT_APPLICABLE"", ""value"": ""\u2014""}]",[],"{""above_ema9"": false, ""above_vwap"": false, ""buyout_announced"": false, ""catalyst_today"": false, ""change_pct"": 34.589252625077194, ""feed_stale"": false, ""float_is_shares_outstanding"": false, ""float_shares"": 10260000.0, ""float_verified"": true, ""halted"": false, ""in_session_window"": true, ""is_fund_or_etf"": null, ""last"": 21.79, ""live_theme"": false, ""macd_positive_and_above_signal"": true, ""penny_theme"": false, ""premarket_volume"": null, ""prev_close"": null, ""rvol"": 237.26148032531012, ""session_high"": 24.66, ""session_volume"": 2888184.0, ""split_ratio_clean_integer"": null, ""symbol"": ""ELMT"", ""tick_size"": null}",21.97,21.74,22.43,0.23,2.0,3,1,SUPPRESSED,,,2026-09-14T13:45:12+00:00,33dfeedb3f51,b09af53,,,,21.97,13.3043,-2.087,1,1,stop,1,2026-09-14T14:00:00Z,22.88,20.22,22.58
56b038d8d216f9fd,2026-09-14T09:45:00-04:00,regular,MLEC,pullback,ibkr-SCNI-ELMT-MLEC,IBKR · TWS read-only · live,live,1m,8.02,7.8,8.02,8.69,32063.0,2.490747555032218,14.082503556187763,38440602.0,shares_outstanding_proxy,SEC shares outstanding (upper bound),0,0,REJECT,float,0,"[{""id"": ""price"", ""kills"": true, ""reason"": ""$8.02 is outside $2.00\u201320.00."", ""state"": ""PASS"", ""value"": ""$8.02  band $2.00\u201320.00""}, {""id"": ""float"", ""kills"": true, ""reason"": ""38.4M outstanding is an upper bound over the 20M cap \u2014 it proves nothing either way. Verify the float by hand."", ""state"": ""MANUAL_CONFIRMATION_REQUIRED"", ""value"": ""38.4M shares outstanding""}, {""id"": ""catalyst"", ""kills"": false, ""reason"": ""cascade already stopped"", ""state"": ""NOT_APPLICABLE"", ""value"": ""\u2014""}, {""id"": ""rising"", ""kills"": false, ""reason"": ""cascade already stopped"", ""state"": ""NOT_APPLICABLE"", ""value"": ""\u2014""}, {""id"": ""split"", ""kills"": false, ""reason"": ""cascade already stopped"", ""state"": ""NOT_APPLICABLE"", ""value"": ""\u2014""}, {""id"": ""instrument"", ""kills"": false, ""reason"": ""cascade already stopped"", ""state"": ""NOT_APPLICABLE"", ""value"": ""\u2014""}, {""id"": ""tick"", ""kills"": false, ""reason"": ""cascade already stopped"", ""state"": ""NOT_APPLICABLE"", ""value"": ""\u2014""}, {""id"": ""buyout"", ""kills"": false, ""reason"": ""cascade already stopped"", ""state"": ""NOT_APPLICABLE"", ""value"": ""\u2014""}]",[],"{""above_ema9"": true, ""above_vwap"": true, ""buyout_announced"": false, ""catalyst_today"": false, ""change_pct"": 14.082503556187763, ""feed_stale"": false, ""float_is_shares_outstanding"": true, ""float_shares"": 38440602, ""float_verified"": false, ""halted"": false, ""in_session_window"": true, ""is_fund_or_etf"": null, ""last"": 8.02, ""live_theme"": false, ""macd_positive_and_above_signal"": true, ""penny_theme"": false, ""premarket_volume"": null, ""prev_close"": null, ""rvol"": 2.490747555032218, ""session_high"": 8.69, ""session_volume"": 32063.0, ""split_ratio_clean_integer"": null, ""symbol"": ""MLEC"", ""tick_size"": null}",7.98,7.84,8.26,0.14,2.0,2,0,SUPPRESSED,,,2026-09-14T13:45:12+00:00,33dfeedb3f51,b09af53,,,,7.98,0.2857,-12.7143,1,0,stop,1,2026-09-14T13:46:00Z,8.02,7.31,6.78
fd41084ee5aa873a,2026-09-14T09:53:00-04:00,regular,RUM,pullback,ibkr-SCNI-ELMT-MLEC,IBKR · TWS read-only · live,live,1m,8.34,8.32,8.35,9.2,8822059.0,27.14655100791128,16.317991631799167,132440000.0,verified,finviz via premarket_stars.py,0,0,REJECT,float,0,"[{""id"": ""price"", ""kills"": true, ""reason"": ""$8.34 is outside $2.00\u201320.00."", ""state"": ""PASS"", ""value"": ""$8.34  band $2.00\u201320.00""}, {""id"": ""float"", ""kills"": true, ""reason"": ""Float 132.4M is over the 20M cap."", ""state"": ""FAIL"", ""value"": ""132.4M""}, {""id"": ""catalyst"", ""kills"": false, ""reason"": ""cascade already stopped"", ""state"": ""NOT_APPLICABLE"", ""value"": ""\u2014""}, {""id"": ""rising"", ""kills"": false, ""reason"": ""cascade already stopped"", ""state"": ""NOT_APPLICABLE"", ""value"": ""\u2014""}, {""id"": ""split"", ""kills"": false, ""reason"": ""cascade already stopped"", ""state"": ""NOT_APPLICABLE"", ""value"": ""\u2014""}, {""id"": ""instrument"", ""kills"": false, ""reason"": ""cascade already stopped"", ""state"": ""NOT_APPLICABLE"", ""value"": ""\u2014""}, {""id"": ""tick"", ""kills"": false, ""reason"": ""cascade already stopped"", ""state"": ""NOT_APPLICABLE"", ""value"": ""\u2014""}, {""id"": ""buyout"", ""kills"": false, ""reason"": ""cascade already stopped"", ""state"": ""NOT_APPLICABLE"", ""value"": ""\u2014""}]",[],"{""above_ema9"": true, ""above_vwap"": true, ""buyout_announced"": false, ""catalyst_today"": false, ""change_pct"": 16.317991631799167, ""feed_stale"": false, ""float_is_shares_outstanding"": false, ""float_shares"": 132440000.0, ""float_verified"": true, ""halted"": false, ""in_session_window"": true, ""is_fund_or_etf"": null, ""last"": 8.34, ""live_theme"": false, ""macd_positive_and_above_signal"": false, ""penny_theme"": false, ""premarket_volume"": null, ""prev_close"": null, ""rvol"": 27.14655100791128, ""session_high"": 9.2, ""session_volume"": 8822059.0, ""split_ratio_clean_integer"": null, ""symbol"": ""RUM"", ""tick_size"": null}",8.32,8.24,8.48,0.08,2.0,2,0,SUPPRESSED,,,2026-09-14T13:53:22+00:00,33dfeedb3f51,b09af53,,,,8.32,4.25,-2.625,1,1,stop,1,2026-09-14T13:54:00Z,8.55,8.19,8.23
75d1245078ca0cff,2026-09-14T10:02:00-04:00,regular,SCNI,pullback,ibkr-SCNI-ELMT-MLEC,IBKR · TWS read-only · live,live,1m,2.453,2.45,2.46,3.33,25018218.0,2286.8572212065815,47.7710843373494,690000.0,verified,finviz via premarket_stars.py,0,0,REJECT,catalyst,0,"[{""id"": ""price"", ""kills"": true, ""reason"": ""$2.45 is outside $2.00\u201320.00."", ""state"": ""PASS"", ""value"": ""$2.45  band $2.00\u201320.00""}, {""id"": ""float"", ""kills"": false, ""reason"": """", ""state"": ""PASS"", ""value"": ""0.7M (verified)""}, {""id"": ""catalyst"", ""kills"": true, ""reason"": ""No catalyst dated today and no live theme it belongs to."", ""state"": ""FAIL"", ""value"": ""none""}, {""id"": ""rising"", ""kills"": false, ""reason"": ""cascade already stopped"", ""state"": ""NOT_APPLICABLE"", ""value"": ""\u2014""}, {""id"": ""split"", ""kills"": false, ""reason"": ""cascade already stopped"", ""state"": ""NOT_APPLICABLE"", ""value"": ""\u2014""}, {""id"": ""instrument"", ""kills"": false, ""reason"": ""cascade already stopped"", ""state"": ""NOT_APPLICABLE"", ""value"": ""\u2014""}, {""id"": ""tick"", ""kills"": false, ""reason"": ""cascade already stopped"", ""state"": ""NOT_APPLICABLE"", ""value"": ""\u2014""}, {""id"": ""buyout"", ""kills"": false, ""reason"": ""cascade already stopped"", ""state"": ""NOT_APPLICABLE"", ""value"": ""\u2014""}]",[],"{""above_ema9"": true, ""above_vwap"": false, ""buyout_announced"": false, ""catalyst_today"": false, ""change_pct"": 47.7710843373494, ""feed_stale"": false, ""float_is_shares_outstanding"": false, ""float_shares"": 690000.0, ""float_verified"": true, ""halted"": false, ""in_session_window"": true, ""is_fund_or_etf"": null, ""last"": 2.453, ""live_theme"": false, ""macd_positive_and_above_signal"": false, ""penny_theme"": false, ""premarket_volume"": null, ""prev_close"": null, ""rvol"": 2286.8572212065815, ""session_high"": 3.33, ""session_volume"": 25018218.0, ""split_ratio_clean_integer"": null, ""symbol"": ""SCNI"", ""tick_size"": null}",2.45,2.395,2.56,0.055,2.0,1,0,SUPPRESSED,,,2026-09-14T14:02:15+00:00,33dfeedb3f51,b09af53,,,,2.45,2.1818,-4.3636,1,1,target,1,2026-09-14T14:04:00Z,2.57,2.35,2.35
bb77326ea1c81d46,2026-09-14T10:04:00-04:00,regular,ELMT,pullback,ibkr-SCNI-ELMT-MLEC,IBKR · TWS read-only · live,live,1m,22.11,22.06,22.15,24.66,3686642.0,159.65709583820535,36.565781346510185,10260000.0,verified,finviz via premarket_stars.py,0,0,REJECT,price,0,"[{""id"": ""price"", ""kills"": true, ""reason"": ""$22.11 is outside $2.00\u201320.00."", ""state"": ""FAIL"", ""value"": ""$22.11  band $2.00\u201320.00""}, {""id"": ""float"", ""kills"": false, ""reason"": ""cascade already stopped"", ""state"": ""NOT_APPLICABLE"", ""value"": ""\u2014""}, {""id"": ""catalyst"", ""kills"": false, ""reason"": ""cascade already stopped"", ""state"": ""NOT_APPLICABLE"", ""value"": ""\u2014""}, {""id"": ""rising"", ""kills"": false, ""reason"": ""cascade already stopped"", ""state"": ""NOT_APPLICABLE"", ""value"": ""\u2014""}, {""id"": ""split"", ""kills"": false, ""reason"": ""cascade already stopped"", ""state"": ""NOT_APPLICABLE"", ""value"": ""\u2014""}, {""id"": ""instrument"", ""kills"": false, ""reason"": ""cascade already stopped"", ""state"": ""NOT_APPLICABLE"", ""value"": ""\u2014""}, {""id"": ""tick"", ""kills"": false, ""reason"": ""cascade already stopped"", ""state"": ""NOT_APPLICABLE"", ""value"": ""\u2014""}, {""id"": ""buyout"", ""kills"": false, ""reason"": ""cascade already stopped"", ""state"": ""NOT_APPLICABLE"", ""value"": ""\u2014""}]",[],"{""above_ema9"": true, ""above_vwap"": false, ""buyout_announced"": false, ""catalyst_today"": false, ""change_pct"": 36.565781346510185, ""feed_stale"": false, ""float_is_shares_outstanding"": false, ""float_shares"": 10260000.0, ""float_verified"": true, ""halted"": false, ""in_session_window"": true, ""is_fund_or_etf"": null, ""last"": 22.11, ""live_theme"": false, ""macd_positive_and_above_signal"": true, ""penny_theme"": false, ""premarket_volume"": null, ""prev_close"": null, ""rvol"": 159.65709583820535, ""session_high"": 24.66, ""session_volume"": 3686642.0, ""split_ratio_clean_integer"": null, ""symbol"": ""ELMT"", ""tick_size"": null}",22.11,21.73,22.87,0.38,2.0,3,1,SUPPRESSED,,,2026-09-14T14:04:13+00:00,33dfeedb3f51,b09af53,,,,22.11,7.6842,-0.8158,0,1,target,1,2026-09-14T14:05:00Z,23.32,21.8,22.58
dce793a358f3952d,2026-09-14T10:05:00-04:00,regular,BNC,pullback,ibkr-SCNI-ELMT-MLEC,IBKR · TWS read-only · live,live,1m,5.07,5.06,5.09,5.81,2918786.0,8.933272529167636,5.625000000000013,36240000.0,verified,finviz via premarket_stars.py,0,0,REJECT,float,0,"[{""id"": ""price"", ""kills"": true, ""reason"": ""$5.07 is outside $2.00\u201320.00."", ""state"": ""PASS"", ""value"": ""$5.07  band $2.00\u201320.00""}, {""id"": ""float"", ""kills"": true, ""reason"": ""Float 36.2M is over the 20M cap."", ""state"": ""FAIL"", ""value"": ""36.2M""}, {""id"": ""catalyst"", ""kills"": false, ""reason"": ""cascade already stopped"", ""state"": ""NOT_APPLICABLE"", ""value"": ""\u2014""}, {""id"": ""rising"", ""kills"": false, ""reason"": ""cascade already stopped"", ""state"": ""NOT_APPLICABLE"", ""value"": ""\u2014""}, {""id"": ""split"", ""kills"": false, ""reason"": ""cascade already stopped"", ""state"": ""NOT_APPLICABLE"", ""value"": ""\u2014""}, {""id"": ""instrument"", ""kills"": false, ""reason"": ""cascade already stopped"", ""state"": ""NOT_APPLICABLE"", ""value"": ""\u2014""}, {""id"": ""tick"", ""kills"": false, ""reason"": ""cascade already stopped"", ""state"": ""NOT_APPLICABLE"", ""value"": ""\u2014""}, {""id"": ""buyout"", ""kills"": false, ""reason"": ""cascade already stopped"", ""state"": ""NOT_APPLICABLE"", ""value"": ""\u2014""}]",[],"{""above_ema9"": true, ""above_vwap"": false, ""buyout_announced"": false, ""catalyst_today"": false, ""change_pct"": 5.625000000000013, ""feed_stale"": false, ""float_is_shares_outstanding"": false, ""float_shares"": 36240000.0, ""float_verified"": true, ""halted"": false, ""in_session_window"": true, ""is_fund_or_etf"": null, ""last"": 5.07, ""live_theme"": false, ""macd_positive_and_above_signal"": true, ""penny_theme"": false, ""premarket_volume"": null, ""prev_close"": null, ""rvol"": 8.933272529167636, ""session_high"": 5.81, ""session_volume"": 2918786.0, ""split_ratio_clean_integer"": null, ""symbol"": ""BNC"", ""tick_size"": null}",5.0637,5.02,5.1511,0.0437,2.0,1,0,SUPPRESSED,,,2026-09-14T14:05:32+00:00,33dfeedb3f51,b09af53,,,,5.0637,4.7094,-2.3616,1,1,target,1,2026-09-14T14:06:00Z,5.2695,5.06,5.0
d11068ad2468e28a,2026-09-14T10:08:00-04:00,regular,VSME,pullback,ibkr-SCNI-ELMT-MLEC,IBKR · TWS read-only · live,live,1m,1.305,1.3,1.31,1.48,8664617.0,339.6663556677591,21.962616822429904,2570000.0,verified,finviz via premarket_stars.py,0,0,REJECT,price,0,"[{""id"": ""price"", ""kills"": true, ""reason"": ""$1.30 is outside $2.00\u201320.00."", ""state"": ""FAIL"", ""value"": ""$1.30  band $2.00\u201320.00""}, {""id"": ""float"", ""kills"": false, ""reason"": ""cascade already stopped"", ""state"": ""NOT_APPLICABLE"", ""value"": ""\u2014""}, {""id"": ""catalyst"", ""kills"": false, ""reason"": ""cascade already stopped"", ""state"": ""NOT_APPLICABLE"", ""value"": ""\u2014""}, {""id"": ""rising"", ""kills"": false, ""reason"": ""cascade already stopped"", ""state"": ""NOT_APPLICABLE"", ""value"": ""\u2014""}, {""id"": ""split"", ""kills"": false, ""reason"": ""cascade already stopped"", ""state"": ""NOT_APPLICABLE"", ""value"": ""\u2014""}, {""id"": ""instrument"", ""kills"": false, ""reason"": ""cascade already stopped"", ""state"": ""NOT_APPLICABLE"", ""value"": ""\u2014""}, {""id"": ""tick"", ""kills"": false, ""reason"": ""cascade already stopped"", ""state"": ""NOT_APPLICABLE"", ""value"": ""\u2014""}, {""id"": ""buyout"", ""kills"": false, ""reason"": ""cascade already stopped"", ""state"": ""NOT_APPLICABLE"", ""value"": ""\u2014""}]",[],"{""above_ema9"": true, ""above_vwap"": true, ""buyout_announced"": false, ""catalyst_today"": false, ""change_pct"": 21.962616822429904, ""feed_stale"": false, ""float_is_shares_outstanding"": false, ""float_shares"": 2570000.0, ""float_verified"": true, ""halted"": false, ""in_session_window"": true, ""is_fund_or_etf"": null, ""last"": 1.305, ""live_theme"": false, ""macd_positive_and_above_signal"": true, ""penny_theme"": false, ""premarket_volume"": null, ""prev_close"": null, ""rvol"": 339.6663556677591, ""session_high"": 1.48, ""session_volume"": 8664617.0, ""split_ratio_clean_integer"": null, ""symbol"": ""VSME"", ""tick_size"": null}",1.31,1.28,1.37,0.03,2.0,1,1,SUPPRESSED,,,2026-09-14T14:08:14+00:00,33dfeedb3f51,b09af53,,,,1.31,4.3333,-1.6667,1,1,stop,1,2026-09-14T14:09:00Z,1.35,1.26,1.34
a115c67890f4c1c0,2026-09-14T10:14:00-04:00,regular,BMM,pullback,ibkr-SCNI-ELMT-MLEC,IBKR · TWS read-only · live,live,1m,6.09,6.08,6.1,6.74,1102354.0,19.93947725422809,11.538461538461542,,unknown,EDGAR lookup failed: Not found at https://data.sec.gov/api/xbrl/companyfacts/CIK0001732379.json — the company may have no EDGAR history under that CIK.,0,0,REJECT,float,0,"[{""id"": ""price"", ""kills"": true, ""reason"": ""$6.09 is outside $2.00\u201320.00."", ""state"": ""PASS"", ""value"": ""$6.09  band $2.00\u201320.00""}, {""id"": ""float"", ""kills"": true, ""reason"": ""Float unknown; the cascade fails closed."", ""state"": ""UNKNOWN"", ""value"": ""unknown""}, {""id"": ""catalyst"", ""kills"": false, ""reason"": ""cascade already stopped"", ""state"": ""NOT_APPLICABLE"", ""value"": ""\u2014""}, {""id"": ""rising"", ""kills"": false, ""reason"": ""cascade already stopped"", ""state"": ""NOT_APPLICABLE"", ""value"": ""\u2014""}, {""id"": ""split"", ""kills"": false, ""reason"": ""cascade already stopped"", ""state"": ""NOT_APPLICABLE"", ""value"": ""\u2014""}, {""id"": ""instrument"", ""kills"": false, ""reason"": ""cascade already stopped"", ""state"": ""NOT_APPLICABLE"", ""value"": ""\u2014""}, {""id"": ""tick"", ""kills"": false, ""reason"": ""cascade already stopped"", ""state"": ""NOT_APPLICABLE"", ""value"": ""\u2014""}, {""id"": ""buyout"", ""kills"": false, ""reason"": ""cascade already stopped"", ""state"": ""NOT_APPLICABLE"", ""value"": ""\u2014""}]",[],"{""above_ema9"": true, ""above_vwap"": false, ""buyout_announced"": false, ""catalyst_today"": false, ""change_pct"": 11.538461538461542, ""feed_stale"": false, ""float_is_shares_outstanding"": false, ""float_shares"": null, ""float_verified"": false, ""halted"": false, ""in_session_window"": true, ""is_fund_or_etf"": null, ""last"": 6.09, ""live_theme"": false, ""macd_positive_and_above_signal"": true, ""penny_theme"": false, ""premarket_volume"": null, ""prev_close"": null, ""rvol"": 19.93947725422809, ""session_high"": 6.74, ""session_volume"": 1102354.0, ""split_ratio_clean_integer"": null, ""symbol"": ""BMM"", ""tick_size"": null}",6.1,6.07,6.16,0.03,2.0,3,1,SUPPRESSED,,,2026-09-14T14:14:23+00:00,33dfeedb3f51,b09af53,,,,6.1,5.3333,-4.3333,1,1,target,1,2026-09-14T14:15:00Z,6.25,5.97,6.02
31386f7ba0b6dc06,2026-09-14T10:19:00-04:00,regular,VSME,pullback,ibkr-SCNI-ELMT-MLEC,IBKR · TWS read-only · live,live,1m,1.3399,1.34,1.35,1.48,9227425.0,361.7292976651561,25.224299065420563,2570000.0,verified,finviz via premarket_stars.py,0,0,REJECT,price,0,"[{""id"": ""price"", ""kills"": true, ""reason"": ""$1.34 is outside $2.00\u201320.00."", ""state"": ""FAIL"", ""value"": ""$1.34  band $2.00\u201320.00""}, {""id"": ""float"", ""kills"": false, ""reason"": ""cascade already stopped"", ""state"": ""NOT_APPLICABLE"", ""value"": ""\u2014""}, {""id"": ""catalyst"", ""kills"": false, ""reason"": ""cascade already stopped"", ""state"": ""NOT_APPLICABLE"", ""value"": ""\u2014""}, {""id"": ""rising"", ""kills"": false, ""reason"": ""cascade already stopped"", ""state"": ""NOT_APPLICABLE"", ""value"": ""\u2014""}, {""id"": ""split"", ""kills"": false, ""reason"": ""cascade already stopped"", ""state"": ""NOT_APPLICABLE"", ""value"": ""\u2014""}, {""id"": ""instrument"", ""kills"": false, ""reason"": ""cascade already stopped"", ""state"": ""NOT_APPLICABLE"", ""value"": ""\u2014""}, {""id"": ""tick"", ""kills"": false, ""reason"": ""cascade already stopped"", ""state"": ""NOT_APPLICABLE"", ""value"": ""\u2014""}, {""id"": ""buyout"", ""kills"": false, ""reason"": ""cascade already stopped"", ""state"": ""NOT_APPLICABLE"", ""value"": ""\u2014""}]",[],"{""above_ema9"": true, ""above_vwap"": true, ""buyout_announced"": false, ""catalyst_today"": false, ""change_pct"": 25.224299065420563, ""feed_stale"": false, ""float_is_shares_outstanding"": false, ""float_shares"": 2570000.0, ""float_verified"": true, ""halted"": false, ""in_session_window"": true, ""is_fund_or_etf"": null, ""last"": 1.3399, ""live_theme"": false, ""macd_positive_and_above_signal"": true, ""penny_theme"": false, ""premarket_volume"": null, ""prev_close"": null, ""rvol"": 361.7292976651561, ""session_high"": 1.48, ""session_volume"": 9227425.0, ""split_ratio_clean_integer"": null, ""symbol"": ""VSME"", ""tick_size"": null}",1.34,1.3,1.42,0.04,2.0,2,0,SUPPRESSED,,,2026-09-14T14:19:52+00:00,33dfeedb3f51,b09af53,,,,1.34,2.5,-2.0,1,1,stop,1,2026-09-14T14:20:00Z,1.44,1.26,1.34
001e0fc9c45e60fa,2026-09-14T10:33:00-04:00,regular,ELMT,pullback,ibkr-SCNI-ELMT-MLEC,IBKR · TWS read-only · live,live,1m,22.98,22.9,22.98,24.66,4353525.0,138.37846858014686,41.93946880790611,10260000.0,verified,finviz via premarket_stars.py,0,0,REJECT,price,0,"[{""id"": ""price"", ""kills"": true, ""reason"": ""$22.98 is outside $2.00\u201320.00."", ""state"": ""FAIL"", ""value"": ""$22.98  band $2.00\u201320.00""}, {""id"": ""float"", ""kills"": false, ""reason"": ""cascade already stopped"", ""state"": ""NOT_APPLICABLE"", ""value"": ""\u2014""}, {""id"": ""catalyst"", ""kills"": false, ""reason"": ""cascade already stopped"", ""state"": ""NOT_APPLICABLE"", ""value"": ""\u2014""}, {""id"": ""rising"", ""kills"": false, ""reason"": ""cascade already stopped"", ""state"": ""NOT_APPLICABLE"", ""value"": ""\u2014""}, {""id"": ""split"", ""kills"": false, ""reason"": ""cascade already stopped"", ""state"": ""NOT_APPLICABLE"", ""value"": ""\u2014""}, {""id"": ""instrument"", ""kills"": false, ""reason"": ""cascade already stopped"", ""state"": ""NOT_APPLICABLE"", ""value"": ""\u2014""}, {""id"": ""tick"", ""kills"": false, ""reason"": ""cascade already stopped"", ""state"": ""NOT_APPLICABLE"", ""value"": ""\u2014""}, {""id"": ""buyout"", ""kills"": false, ""reason"": ""cascade already stopped"", ""state"": ""NOT_APPLICABLE"", ""value"": ""\u2014""}]",[],"{""above_ema9"": true, ""above_vwap"": true, ""buyout_announced"": false, ""catalyst_today"": false, ""change_pct"": 41.93946880790611, ""feed_stale"": false, ""float_is_shares_outstanding"": false, ""float_shares"": 10260000.0, ""float_verified"": true, ""halted"": false, ""in_session_window"": true, ""is_fund_or_etf"": null, ""last"": 22.98, ""live_theme"": false, ""macd_positive_and_above_signal"": true, ""penny_theme"": false, ""premarket_volume"": null, ""prev_close"": null, ""rvol"": 138.37846858014686, ""session_high"": 24.66, ""session_volume"": 4353525.0, ""split_ratio_clean_integer"": null, ""symbol"": ""ELMT"", ""tick_size"": null}",22.89,22.49,23.69,0.4,2.0,1,0,SUPPRESSED,,,2026-09-14T14:33:52+00:00,33dfeedb3f51,b09af53,,,,22.89,5.35,-1.4,1,1,target,1,2026-09-14T14:34:00Z,25.03,22.6,22.58
cb1d7c40a7cfa8ae,2026-09-14T10:35:00-04:00,regular,BMM,pullback,ibkr-SCNI-ELMT-MLEC,IBKR · TWS read-only · live,live,1m,6.17,6.16,6.18,6.74,1225859.0,19.390366972477064,13.003663003663002,,unknown,EDGAR lookup failed: Not found at https://data.sec.gov/api/xbrl/companyfacts/CIK0001732379.json — the company may have no EDGAR history under that CIK.,0,0,REJECT,float,0,"[{""id"": ""price"", ""kills"": true, ""reason"": ""$6.17 is outside $2.00\u201320.00."", ""state"": ""PASS"", ""value"": ""$6.17  band $2.00\u201320.00""}, {""id"": ""float"", ""kills"": true, ""reason"": ""Float unknown; the cascade fails closed."", ""state"": ""UNKNOWN"", ""value"": ""unknown""}, {""id"": ""catalyst"", ""kills"": false, ""reason"": ""cascade already stopped"", ""state"": ""NOT_APPLICABLE"", ""value"": ""\u2014""}, {""id"": ""rising"", ""kills"": false, ""reason"": ""cascade already stopped"", ""state"": ""NOT_APPLICABLE"", ""value"": ""\u2014""}, {""id"": ""split"", ""kills"": false, ""reason"": ""cascade already stopped"", ""state"": ""NOT_APPLICABLE"", ""value"": ""\u2014""}, {""id"": ""instrument"", ""kills"": false, ""reason"": ""cascade already stopped"", ""state"": ""NOT_APPLICABLE"", ""value"": ""\u2014""}, {""id"": ""tick"", ""kills"": false, ""reason"": ""cascade already stopped"", ""state"": ""NOT_APPLICABLE"", ""value"": ""\u2014""}, {""id"": ""buyout"", ""kills"": false, ""reason"": ""cascade already stopped"", ""state"": ""NOT_APPLICABLE"", ""value"": ""\u2014""}]",[],"{""above_ema9"": true, ""above_vwap"": false, ""buyout_announced"": false, ""catalyst_today"": false, ""change_pct"": 13.003663003663002, ""feed_stale"": false, ""float_is_shares_outstanding"": false, ""float_shares"": null, ""float_verified"": false, ""halted"": false, ""in_session_window"": true, ""is_fund_or_etf"": null, ""last"": 6.17, ""live_theme"": false, ""macd_positive_and_above_signal"": true, ""penny_theme"": false, ""premarket_volume"": null, ""prev_close"": null, ""rvol"": 19.390366972477064, ""session_high"": 6.74, ""session_volume"": 1225859.0, ""split_ratio_clean_integer"": null, ""symbol"": ""BMM"", ""tick_size"": null}",6.18,6.11,6.32,0.07,2.0,3,1,SUPPRESSED,,,2026-09-14T14:35:22+00:00,33dfeedb3f51,b09af53,,,,6.18,1.1429,-2.2857,1,0,stop,1,2026-09-14T14:41:00Z,6.26,6.11,6.02
06a49c01ae35d144,2026-09-14T10:43:00-04:00,regular,ELMT,pullback,ibkr-SCNI-ELMT-MLEC,IBKR · TWS read-only · live,live,1m,24.74,24.7,24.78,25.03,5416167.0,162.19468152007906,52.8103767757875,10260000.0,verified,finviz via premarket_stars.py,0,0,REJECT,price,0,"[{""id"": ""price"", ""kills"": true, ""reason"": ""$24.74 is outside $2.00\u201320.00."", ""state"": ""FAIL"", ""value"": ""$24.74  band $2.00\u201320.00""}, {""id"": ""float"", ""kills"": false, ""reason"": ""cascade already stopped"", ""state"": ""NOT_APPLICABLE"", ""value"": ""\u2014""}, {""id"": ""catalyst"", ""kills"": false, ""reason"": ""cascade already stopped"", ""state"": ""NOT_APPLICABLE"", ""value"": ""\u2014""}, {""id"": ""rising"", ""kills"": false, ""reason"": ""cascade already stopped"", ""state"": ""NOT_APPLICABLE"", ""value"": ""\u2014""}, {""id"": ""split"", ""kills"": false, ""reason"": ""cascade already stopped"", ""state"": ""NOT_APPLICABLE"", ""value"": ""\u2014""}, {""id"": ""instrument"", ""kills"": false, ""reason"": ""cascade already stopped"", ""state"": ""NOT_APPLICABLE"", ""value"": ""\u2014""}, {""id"": ""tick"", ""kills"": false, ""reason"": ""cascade already stopped"", ""state"": ""NOT_APPLICABLE"", ""value"": ""\u2014""}, {""id"": ""buyout"", ""kills"": false, ""reason"": ""cascade already stopped"", ""state"": ""NOT_APPLICABLE"", ""value"": ""\u2014""}]",[],"{""above_ema9"": true, ""above_vwap"": true, ""buyout_announced"": false, ""catalyst_today"": false, ""change_pct"": 52.8103767757875, ""feed_stale"": false, ""float_is_shares_outstanding"": false, ""float_shares"": 10260000.0, ""float_verified"": true, ""halted"": false, ""in_session_window"": true, ""is_fund_or_etf"": null, ""last"": 24.74, ""live_theme"": false, ""macd_positive_and_above_signal"": true, ""penny_theme"": false, ""premarket_volume"": null, ""prev_close"": null, ""rvol"": 162.19468152007906, ""session_high"": 25.03, ""session_volume"": 5416167.0, ""split_ratio_clean_integer"": null, ""symbol"": ""ELMT"", ""tick_size"": null}",24.76,24.27,25.74,0.49,2.0,2,1,SUPPRESSED,,,2026-09-14T14:43:10+00:00,33dfeedb3f51,b09af53,,,,24.76,,,0,0,untriggered,0,,24.67,22.6,22.58
22a264f534706f0e,2026-09-14T10:44:00-04:00,regular,VSME,pullback,ibkr-SCNI-ELMT-MLEC,IBKR · TWS read-only · live,live,1m,1.3299,1.32,1.33,1.48,10086720.0,395.4149875339093,24.289719626168214,2570000.0,verified,finviz via premarket_stars.py,0,0,REJECT,price,0,"[{""id"": ""price"", ""kills"": true, ""reason"": ""$1.33 is outside $2.00\u201320.00."", ""state"": ""FAIL"", ""value"": ""$1.33  band $2.00\u201320.00""}, {""id"": ""float"", ""kills"": false, ""reason"": ""cascade already stopped"", ""state"": ""NOT_APPLICABLE"", ""value"": ""\u2014""}, {""id"": ""catalyst"", ""kills"": false, ""reason"": ""cascade already stopped"", ""state"": ""NOT_APPLICABLE"", ""value"": ""\u2014""}, {""id"": ""rising"", ""kills"": false, ""reason"": ""cascade already stopped"", ""state"": ""NOT_APPLICABLE"", ""value"": ""\u2014""}, {""id"": ""split"", ""kills"": false, ""reason"": ""cascade already stopped"", ""state"": ""NOT_APPLICABLE"", ""value"": ""\u2014""}, {""id"": ""instrument"", ""kills"": false, ""reason"": ""cascade already stopped"", ""state"": ""NOT_APPLICABLE"", ""value"": ""\u2014""}, {""id"": ""tick"", ""kills"": false, ""reason"": ""cascade already stopped"", ""state"": ""NOT_APPLICABLE"", ""value"": ""\u2014""}, {""id"": ""buyout"", ""kills"": false, ""reason"": ""cascade already stopped"", ""state"": ""NOT_APPLICABLE"", ""value"": ""\u2014""}]",[],"{""above_ema9"": true, ""above_vwap"": true, ""buyout_announced"": false, ""catalyst_today"": false, ""change_pct"": 24.289719626168214, ""feed_stale"": false, ""float_is_shares_outstanding"": false, ""float_shares"": 2570000.0, ""float_verified"": true, ""halted"": false, ""in_session_window"": true, ""is_fund_or_etf"": null, ""last"": 1.3299, ""live_theme"": false, ""macd_positive_and_above_signal"": true, ""penny_theme"": false, ""premarket_volume"": null, ""prev_close"": null, ""rvol"": 395.4149875339093, ""session_high"": 1.48, ""session_volume"": 10086720.0, ""split_ratio_clean_integer"": null, ""symbol"": ""VSME"", ""tick_size"": null}",1.335,1.3,1.405,0.035,2.0,2,0,SUPPRESSED,,,2026-09-14T14:44:11+00:00,33dfeedb3f51,b09af53,,,,1.335,3.0,-1.0,1,1,target,1,2026-09-14T14:45:00Z,1.44,1.31,1.34
9a83941a63fa3667,2026-09-14T10:47:00-04:00,regular,SCNI,pullback,ibkr-SCNI-ELMT-MLEC,IBKR · TWS read-only · live,live,1m,2.3,2.3,2.31,3.33,28491031.0,1353.8790629157954,38.55421686746987,690000.0,verified,finviz via premarket_stars.py,0,0,REJECT,catalyst,0,"[{""id"": ""price"", ""kills"": true, ""reason"": ""$2.30 is outside $2.00\u201320.00."", ""state"": ""PASS"", ""value"": ""$2.30  band $2.00\u201320.00""}, {""id"": ""float"", ""kills"": false, ""reason"": """", ""state"": ""PASS"", ""value"": ""0.7M (verified)""}, {""id"": ""catalyst"", ""kills"": true, ""reason"": ""No catalyst dated today and no live theme it belongs to."", ""state"": ""FAIL"", ""value"": ""none""}, {""id"": ""rising"", ""kills"": false, ""reason"": ""cascade already stopped"", ""state"": ""NOT_APPLICABLE"", ""value"": ""\u2014""}, {""id"": ""split"", ""kills"": false, ""reason"": ""cascade already stopped"", ""state"": ""NOT_APPLICABLE"", ""value"": ""\u2014""}, {""id"": ""instrument"", ""kills"": false, ""reason"": ""cascade already stopped"", ""state"": ""NOT_APPLICABLE"", ""value"": ""\u2014""}, {""id"": ""tick"", ""kills"": false, ""reason"": ""cascade already stopped"", ""state"": ""NOT_APPLICABLE"", ""value"": ""\u2014""}, {""id"": ""buyout"", ""kills"": false, ""reason"": ""cascade already stopped"", ""state"": ""NOT_APPLICABLE"", ""value"": ""\u2014""}]",[],"{""above_ema9"": false, ""above_vwap"": false, ""buyout_announced"": false, ""catalyst_today"": false, ""change_pct"": 38.55421686746987, ""feed_stale"": false, ""float_is_shares_outstanding"": false, ""float_shares"": 690000.0, ""float_verified"": true, ""halted"": false, ""in_session_window"": true, ""is_fund_or_etf"": null, ""last"": 2.3, ""live_theme"": false, ""macd_positive_and_above_signal"": false, ""penny_theme"": false, ""premarket_volume"": null, ""prev_close"": null, ""rvol"": 1353.8790629157954, ""session_high"": 3.33, ""session_volume"": 28491031.0, ""split_ratio_clean_integer"": null, ""symbol"": ""SCNI"", ""tick_size"": null}",2.29,2.25,2.37,0.04,2.0,4,1,SUPPRESSED,,,2026-09-14T14:47:12+00:00,33dfeedb3f51,b09af53,,,,2.29,3.0,0.0025,0,1,target,1,2026-09-14T14:48:00Z,2.41,2.2901,2.35
c2acb716a2821aed,2026-09-14T11:10:00-04:00,regular,SCNI,pullback,ibkr-SCNI-ELMT-MLEC,IBKR · TWS read-only · live,live,1m,2.4,2.39,2.4,3.33,29216141.0,1388.3359152252424,44.57831325301205,690000.0,verified,finviz via premarket_stars.py,0,0,REJECT,catalyst,0,"[{""id"": ""price"", ""kills"": true, ""reason"": ""$2.40 is outside $2.00\u201320.00."", ""state"": ""PASS"", ""value"": ""$2.40  band $2.00\u201320.00""}, {""id"": ""float"", ""kills"": false, ""reason"": """", ""state"": ""PASS"", ""value"": ""0.7M (verified)""}, {""id"": ""catalyst"", ""kills"": true, ""reason"": ""No catalyst dated today and no live theme it belongs to."", ""state"": ""FAIL"", ""value"": ""none""}, {""id"": ""rising"", ""kills"": false, ""reason"": ""cascade already stopped"", ""state"": ""NOT_APPLICABLE"", ""value"": ""\u2014""}, {""id"": ""split"", ""kills"": false, ""reason"": ""cascade already stopped"", ""state"": ""NOT_APPLICABLE"", ""value"": ""\u2014""}, {""id"": ""instrument"", ""kills"": false, ""reason"": ""cascade already stopped"", ""state"": ""NOT_APPLICABLE"", ""value"": ""\u2014""}, {""id"": ""tick"", ""kills"": false, ""reason"": ""cascade already stopped"", ""state"": ""NOT_APPLICABLE"", ""value"": ""\u2014""}, {""id"": ""buyout"", ""kills"": false, ""reason"": ""cascade already stopped"", ""state"": ""NOT_APPLICABLE"", ""value"": ""\u2014""}]",[],"{""above_ema9"": true, ""above_vwap"": false, ""buyout_announced"": false, ""catalyst_today"": false, ""change_pct"": 44.57831325301205, ""feed_stale"": false, ""float_is_shares_outstanding"": false, ""float_shares"": 690000.0, ""float_verified"": true, ""halted"": false, ""in_session_window"": true, ""is_fund_or_etf"": null, ""last"": 2.4, ""live_theme"": false, ""macd_positive_and_above_signal"": true, ""penny_theme"": false, ""premarket_volume"": null, ""prev_close"": null, ""rvol"": 1388.3359152252424, ""session_high"": 3.33, ""session_volume"": 29216141.0, ""split_ratio_clean_integer"": null, ""symbol"": ""SCNI"", ""tick_size"": null}",2.4,2.3512,2.4976,0.0488,2.0,2,1,SUPPRESSED,,,2026-09-14T15:10:13+00:00,33dfeedb3f51,b09af53,,,,2.4,0.0,-1.8443,1,0,stop,1,2026-09-14T15:15:00Z,2.4,2.31,2.35
