decision_id,ts_et,session,symbol,source,session_id,source_name,data_status,bar_resolution,last,bid,ask,session_high,volume,rvol,change_pct,float_shares,float_quality,float_source,catalyst,halted,verdict,killed_by,plan_allowed,gates_json,warnings_json,inputs_json,trigger,stop,target,risk_share,reward_multiple,pullback_candles,volume_ok,outcome,refusal_reasons_json,acted_at,recorded_at,rules_hash,code_commit,bar_end_ts,clocks_json,chart_json,ref_price,mfe_r_planned,mae_r_planned,stop_hit,target_hit,first_hit,trigger_hit,trigger_hit_ts,h30,l30,c_close
d116502770354170,2026-10-01T04:03:00-04:00,none,GLUE,pullback,ibkr-MEDS-OPNW-GLUE,IBKR · TWS read-only · live,live-backfill,1m,14.06,,,14.41,5713.0,0.009250772442737467,17.854149203688195,85313401.0,shares_outstanding_proxy,SEC shares outstanding (upper bound),0,0,REJECT,pillars,0,"[{""id"": ""price"", ""kills"": true, ""reason"": ""$14.06 is outside $2.00\u201320.00."", ""state"": ""PASS"", ""value"": ""$14.06  band $2.00\u201320.00""}, {""id"": ""float"", ""kills"": false, ""reason"": ""85.3M outstanding is an upper bound over the 20M cap \u2014 it proves nothing either way. Verify the float by hand."", ""state"": ""MANUAL_CONFIRMATION_REQUIRED"", ""value"": ""85.3M shares outstanding""}, {""id"": ""catalyst"", ""kills"": false, ""reason"": ""The desk has no news feed (no headline keys in .env); the gate could not be evaluated."", ""state"": ""UNKNOWN"", ""value"": ""no headline source""}, {""id"": ""pillars"", ""kills"": true, ""reason"": ""Only 2 of the Five Pillars pass (need 4); missing rvol, float, catalyst."", ""state"": ""FAIL"", ""value"": ""2/5 \u2014 missing rvol, float, catalyst""}, {""id"": ""rising"", ""kills"": false, ""reason"": ""cascade already stopped"", ""state"": ""NOT_APPLICABLE"", ""value"": ""\u2014""}, {""id"": ""split"", ""kills"": false, ""reason"": ""cascade already stopped"", ""state"": ""NOT_APPLICABLE"", ""value"": ""\u2014""}, {""id"": ""instrument"", ""kills"": false, ""reason"": ""cascade already stopped"", ""state"": ""NOT_APPLICABLE"", ""value"": ""\u2014""}, {""id"": ""tick"", ""kills"": false, ""reason"": ""cascade already stopped"", ""state"": ""NOT_APPLICABLE"", ""value"": ""\u2014""}, {""id"": ""buyout"", ""kills"": false, ""reason"": ""cascade already stopped"", ""state"": ""NOT_APPLICABLE"", ""value"": ""\u2014""}]","[""Catalyst unknown \u2014 no headline source on this desk (A2: flagged, not killed).""]","{""above_ema9"": null, ""above_vwap"": false, ""buyout_announced"": false, ""catalyst_source_ok"": false, ""catalyst_today"": false, ""catalyst_verdict"": ""UNKNOWN"", ""change_pct"": 17.854149203688195, ""feed_stale"": false, ""float_is_shares_outstanding"": true, ""float_shares"": 85313401, ""float_verified"": false, ""halted"": false, ""in_session_window"": true, ""is_fund_or_etf"": null, ""last"": 14.06, ""live_theme"": false, ""macd_positive_and_above_signal"": null, ""penny_theme"": false, ""premarket_volume"": null, ""prev_close"": null, ""rvol"": 0.009250772442737467, ""session_high"": 14.41, ""session_volume"": 5713.0, ""split_ratio_clean_integer"": null, ""symbol"": ""GLUE"", ""tick_size"": null}",13.81,13.79,13.85,0.02,2.0,1,1,SUPPRESSED,,,2026-10-01T10:56:31+00:00,29c30d884550,cf26a25,2026-10-01T04:04:00-04:00,,,13.81,34.5,-90.5,1,1,target,1,2026-10-01T08:18:00Z,14.18,13.5,12.33
146769d7fc8ce65b,2026-10-01T05:28:00-04:00,none,OPNW,pullback,ibkr-MEDS-OPNW-GLUE,IBKR · TWS read-only · live,live-backfill,1m,11.01,,,15.67,219607.0,0.39894384980715153,22.60579064587973,1000000.0,verified,finviz via premarket_stars.py,0,0,REJECT,pillars,0,"[{""id"": ""price"", ""kills"": true, ""reason"": ""$11.01 is outside $2.00\u201320.00."", ""state"": ""PASS"", ""value"": ""$11.01  band $2.00\u201320.00""}, {""id"": ""float"", ""kills"": false, ""reason"": """", ""state"": ""PASS"", ""value"": ""1.0M (verified)""}, {""id"": ""catalyst"", ""kills"": false, ""reason"": ""The desk has no news feed (no headline keys in .env); the gate could not be evaluated."", ""state"": ""UNKNOWN"", ""value"": ""no headline source""}, {""id"": ""pillars"", ""kills"": true, ""reason"": ""Only 3 of the Five Pillars pass (need 4); missing rvol, catalyst."", ""state"": ""FAIL"", ""value"": ""3/5 \u2014 missing rvol, catalyst""}, {""id"": ""rising"", ""kills"": false, ""reason"": ""cascade already stopped"", ""state"": ""NOT_APPLICABLE"", ""value"": ""\u2014""}, {""id"": ""split"", ""kills"": false, ""reason"": ""cascade already stopped"", ""state"": ""NOT_APPLICABLE"", ""value"": ""\u2014""}, {""id"": ""instrument"", ""kills"": false, ""reason"": ""cascade already stopped"", ""state"": ""NOT_APPLICABLE"", ""value"": ""\u2014""}, {""id"": ""tick"", ""kills"": false, ""reason"": ""cascade already stopped"", ""state"": ""NOT_APPLICABLE"", ""value"": ""\u2014""}, {""id"": ""buyout"", ""kills"": false, ""reason"": ""cascade already stopped"", ""state"": ""NOT_APPLICABLE"", ""value"": ""\u2014""}]","[""Catalyst unknown \u2014 no headline source on this desk (A2: flagged, not killed).""]","{""above_ema9"": true, ""above_vwap"": false, ""buyout_announced"": false, ""catalyst_source_ok"": false, ""catalyst_today"": false, ""catalyst_verdict"": ""UNKNOWN"", ""change_pct"": 22.60579064587973, ""feed_stale"": false, ""float_is_shares_outstanding"": false, ""float_shares"": 1000000.0, ""float_verified"": true, ""halted"": false, ""in_session_window"": true, ""is_fund_or_etf"": null, ""last"": 11.01, ""live_theme"": false, ""macd_positive_and_above_signal"": true, ""penny_theme"": false, ""premarket_volume"": null, ""prev_close"": null, ""rvol"": 0.39894384980715153, ""session_high"": 15.67, ""session_volume"": 219607.0, ""split_ratio_clean_integer"": null, ""symbol"": ""OPNW"", ""tick_size"": null}",11.02,10.74,11.58,0.28,2.0,4,0,SUPPRESSED,,,2026-10-01T10:56:31+00:00,29c30d884550,cf26a25,2026-10-01T05:29:00-04:00,,,11.02,7.0714,-9.75,1,1,target,1,2026-10-01T09:29:00Z,13.0,10.77,9.0
2c842a6d2ab8e64b,2026-10-01T05:51:00-04:00,none,OPNW,pullback,ibkr-MEDS-OPNW-GLUE,IBKR · TWS read-only · live,live-backfill,1m,10.89,,,15.67,320050.0,0.5814112443172524,21.26948775055679,1000000.0,verified,finviz via premarket_stars.py,0,0,REJECT,pillars,0,"[{""id"": ""price"", ""kills"": true, ""reason"": ""$10.89 is outside $2.00\u201320.00."", ""state"": ""PASS"", ""value"": ""$10.89  band $2.00\u201320.00""}, {""id"": ""float"", ""kills"": false, ""reason"": """", ""state"": ""PASS"", ""value"": ""1.0M (verified)""}, {""id"": ""catalyst"", ""kills"": false, ""reason"": ""The desk has no news feed (no headline keys in .env); the gate could not be evaluated."", ""state"": ""UNKNOWN"", ""value"": ""no headline source""}, {""id"": ""pillars"", ""kills"": true, ""reason"": ""Only 3 of the Five Pillars pass (need 4); missing rvol, catalyst."", ""state"": ""FAIL"", ""value"": ""3/5 \u2014 missing rvol, catalyst""}, {""id"": ""rising"", ""kills"": false, ""reason"": ""cascade already stopped"", ""state"": ""NOT_APPLICABLE"", ""value"": ""\u2014""}, {""id"": ""split"", ""kills"": false, ""reason"": ""cascade already stopped"", ""state"": ""NOT_APPLICABLE"", ""value"": ""\u2014""}, {""id"": ""instrument"", ""kills"": false, ""reason"": ""cascade already stopped"", ""state"": ""NOT_APPLICABLE"", ""value"": ""\u2014""}, {""id"": ""tick"", ""kills"": false, ""reason"": ""cascade already stopped"", ""state"": ""NOT_APPLICABLE"", ""value"": ""\u2014""}, {""id"": ""buyout"", ""kills"": false, ""reason"": ""cascade already stopped"", ""state"": ""NOT_APPLICABLE"", ""value"": ""\u2014""}]","[""Catalyst unknown \u2014 no headline source on this desk (A2: flagged, not killed).""]","{""above_ema9"": false, ""above_vwap"": false, ""buyout_announced"": false, ""catalyst_source_ok"": false, ""catalyst_today"": false, ""catalyst_verdict"": ""UNKNOWN"", ""change_pct"": 21.26948775055679, ""feed_stale"": false, ""float_is_shares_outstanding"": false, ""float_shares"": 1000000.0, ""float_verified"": true, ""halted"": false, ""in_session_window"": true, ""is_fund_or_etf"": null, ""last"": 10.89, ""live_theme"": false, ""macd_positive_and_above_signal"": false, ""penny_theme"": false, ""premarket_volume"": null, ""prev_close"": null, ""rvol"": 0.5814112443172524, ""session_high"": 15.67, ""session_volume"": 320050.0, ""split_ratio_clean_integer"": null, ""symbol"": ""OPNW"", ""tick_size"": null}",10.94,10.83,11.16,0.11,2.0,3,1,SUPPRESSED,,,2026-10-01T10:56:31+00:00,29c30d884550,cf26a25,2026-10-01T05:52:00-04:00,,,10.94,1.4545,-24.0909,1,0,stop,1,2026-10-01T09:53:00Z,11.1,9.81,9.0
be4ac283f4472142,2026-10-01T05:59:00-04:00,none,NAMM,pullback,ibkr-VEEA-NXL-MEDS,IBKR · TWS read-only · live,live-backfill,1m,1.0297,,,1.1,146378.0,0.3345405877691954,7.45069393718043,6750000.0,verified,finviz on join,0,0,REJECT,price,0,"[{""id"": ""price"", ""kills"": true, ""reason"": ""$1.03 is outside $2.00\u201320.00."", ""state"": ""FAIL"", ""value"": ""$1.03  band $2.00\u201320.00""}, {""id"": ""float"", ""kills"": false, ""reason"": ""cascade already stopped"", ""state"": ""NOT_APPLICABLE"", ""value"": ""\u2014""}, {""id"": ""catalyst"", ""kills"": false, ""reason"": ""cascade already stopped"", ""state"": ""NOT_APPLICABLE"", ""value"": ""\u2014""}, {""id"": ""pillars"", ""kills"": false, ""reason"": ""cascade already stopped"", ""state"": ""NOT_APPLICABLE"", ""value"": ""\u2014""}, {""id"": ""rising"", ""kills"": false, ""reason"": ""cascade already stopped"", ""state"": ""NOT_APPLICABLE"", ""value"": ""\u2014""}, {""id"": ""split"", ""kills"": false, ""reason"": ""cascade already stopped"", ""state"": ""NOT_APPLICABLE"", ""value"": ""\u2014""}, {""id"": ""instrument"", ""kills"": false, ""reason"": ""cascade already stopped"", ""state"": ""NOT_APPLICABLE"", ""value"": ""\u2014""}, {""id"": ""tick"", ""kills"": false, ""reason"": ""cascade already stopped"", ""state"": ""NOT_APPLICABLE"", ""value"": ""\u2014""}, {""id"": ""buyout"", ""kills"": false, ""reason"": ""cascade already stopped"", ""state"": ""NOT_APPLICABLE"", ""value"": ""\u2014""}]",[],"{""above_ema9"": true, ""above_vwap"": false, ""buyout_announced"": false, ""catalyst_source_ok"": true, ""catalyst_today"": false, ""catalyst_verdict"": ""NONE"", ""change_pct"": 7.45069393718043, ""feed_stale"": false, ""float_is_shares_outstanding"": false, ""float_shares"": 6750000.0, ""float_verified"": true, ""halted"": false, ""in_session_window"": true, ""is_fund_or_etf"": null, ""last"": 1.0297, ""live_theme"": false, ""macd_positive_and_above_signal"": false, ""penny_theme"": false, ""premarket_volume"": null, ""prev_close"": null, ""rvol"": 0.3345405877691954, ""session_high"": 1.1, ""session_volume"": 146378.0, ""split_ratio_clean_integer"": null, ""symbol"": ""NAMM"", ""tick_size"": null}",1.01,0.98,1.07,0.03,2.0,1,0,SUPPRESSED,,,2026-10-01T13:00:37+00:00,29c30d884550,00f7105,2026-10-01T06:00:00-04:00,,"{""bar"": [0.9907, 1.08, 0.9902, 1.0297, 3647], ""bars"": 115, ""ema9"": 1.0153, ""last"": 1.0297, ""macd_hist"": -0.005263, ""vwap"": 1.0321}",1.01,8.0,-2.5467,1,1,stop,1,2026-10-01T10:00:00Z,1.03,0.9605,1.135
8d1d93da2ed36f95,2026-10-01T06:06:00-04:00,none,MEDS,pullback,ibkr-MEDS-OPNW-GLUE,IBKR · TWS read-only · live,live-backfill,1m,4.9443,,,5.0,684554.0,0.07196945585989668,55.97160883280758,1540000.0,verified,finviz via premarket_stars.py,0,0,REJECT,pillars,0,"[{""id"": ""price"", ""kills"": true, ""reason"": ""$4.94 is outside $2.00\u201320.00."", ""state"": ""PASS"", ""value"": ""$4.94  band $2.00\u201320.00""}, {""id"": ""float"", ""kills"": false, ""reason"": """", ""state"": ""PASS"", ""value"": ""1.5M (verified)""}, {""id"": ""catalyst"", ""kills"": false, ""reason"": ""The desk has no news feed (no headline keys in .env); the gate could not be evaluated."", ""state"": ""UNKNOWN"", ""value"": ""no headline source""}, {""id"": ""pillars"", ""kills"": true, ""reason"": ""Only 3 of the Five Pillars pass (need 4); missing rvol, catalyst."", ""state"": ""FAIL"", ""value"": ""3/5 \u2014 missing rvol, catalyst""}, {""id"": ""rising"", ""kills"": false, ""reason"": ""cascade already stopped"", ""state"": ""NOT_APPLICABLE"", ""value"": ""\u2014""}, {""id"": ""split"", ""kills"": false, ""reason"": ""cascade already stopped"", ""state"": ""NOT_APPLICABLE"", ""value"": ""\u2014""}, {""id"": ""instrument"", ""kills"": false, ""reason"": ""cascade already stopped"", ""state"": ""NOT_APPLICABLE"", ""value"": ""\u2014""}, {""id"": ""tick"", ""kills"": false, ""reason"": ""cascade already stopped"", ""state"": ""NOT_APPLICABLE"", ""value"": ""\u2014""}, {""id"": ""buyout"", ""kills"": false, ""reason"": ""cascade already stopped"", ""state"": ""NOT_APPLICABLE"", ""value"": ""\u2014""}]","[""Catalyst unknown \u2014 no headline source on this desk (A2: flagged, not killed).""]","{""above_ema9"": true, ""above_vwap"": true, ""buyout_announced"": false, ""catalyst_source_ok"": false, ""catalyst_today"": false, ""catalyst_verdict"": ""UNKNOWN"", ""change_pct"": 55.97160883280758, ""feed_stale"": false, ""float_is_shares_outstanding"": false, ""float_shares"": 1540000.0, ""float_verified"": true, ""halted"": false, ""in_session_window"": true, ""is_fund_or_etf"": null, ""last"": 4.9443, ""live_theme"": false, ""macd_positive_and_above_signal"": true, ""penny_theme"": false, ""premarket_volume"": null, ""prev_close"": null, ""rvol"": 0.07196945585989668, ""session_high"": 5.0, ""session_volume"": 684554.0, ""split_ratio_clean_integer"": null, ""symbol"": ""MEDS"", ""tick_size"": null}",4.31,3.99,4.95,0.32,2.0,2,0,SUPPRESSED,,,2026-10-01T10:56:31+00:00,29c30d884550,cf26a25,2026-10-01T06:07:00-04:00,,"{""bar"": [4.025, 5.0, 4.02, 4.9443, 252019], ""bars"": 127, ""ema9"": 4.0452, ""last"": 4.9443, ""macd_hist"": 0.148605, ""vwap"": 4.3356}",4.31,3.5313,-2.2188,1,1,target,1,2026-10-01T10:07:00Z,5.44,4.1,3.925
be02f31dc423525e,2026-10-01T06:17:00-04:00,none,MEDS,pullback,ibkr-MEDS-OPNW-GLUE,IBKR · TWS read-only · live,live-backfill,1m,5.2401,,,5.44,2130234.0,0.22395863852121403,65.30283911671924,1540000.0,verified,finviz via premarket_stars.py,0,0,REJECT,pillars,0,"[{""id"": ""price"", ""kills"": true, ""reason"": ""$5.24 is outside $2.00\u201320.00."", ""state"": ""PASS"", ""value"": ""$5.24  band $2.00\u201320.00""}, {""id"": ""float"", ""kills"": false, ""reason"": """", ""state"": ""PASS"", ""value"": ""1.5M (verified)""}, {""id"": ""catalyst"", ""kills"": false, ""reason"": ""The desk has no news feed (no headline keys in .env); the gate could not be evaluated."", ""state"": ""UNKNOWN"", ""value"": ""no headline source""}, {""id"": ""pillars"", ""kills"": true, ""reason"": ""Only 3 of the Five Pillars pass (need 4); missing rvol, catalyst."", ""state"": ""FAIL"", ""value"": ""3/5 \u2014 missing rvol, catalyst""}, {""id"": ""rising"", ""kills"": false, ""reason"": ""cascade already stopped"", ""state"": ""NOT_APPLICABLE"", ""value"": ""\u2014""}, {""id"": ""split"", ""kills"": false, ""reason"": ""cascade already stopped"", ""state"": ""NOT_APPLICABLE"", ""value"": ""\u2014""}, {""id"": ""instrument"", ""kills"": false, ""reason"": ""cascade already stopped"", ""state"": ""NOT_APPLICABLE"", ""value"": ""\u2014""}, {""id"": ""tick"", ""kills"": false, ""reason"": ""cascade already stopped"", ""state"": ""NOT_APPLICABLE"", ""value"": ""\u2014""}, {""id"": ""buyout"", ""kills"": false, ""reason"": ""cascade already stopped"", ""state"": ""NOT_APPLICABLE"", ""value"": ""\u2014""}]","[""Catalyst unknown \u2014 no headline source on this desk (A2: flagged, not killed).""]","{""above_ema9"": true, ""above_vwap"": true, ""buyout_announced"": false, ""catalyst_source_ok"": false, ""catalyst_today"": false, ""catalyst_verdict"": ""UNKNOWN"", ""change_pct"": 65.30283911671924, ""feed_stale"": false, ""float_is_shares_outstanding"": false, ""float_shares"": 1540000.0, ""float_verified"": true, ""halted"": false, ""in_session_window"": true, ""is_fund_or_etf"": null, ""last"": 5.2401, ""live_theme"": false, ""macd_positive_and_above_signal"": true, ""penny_theme"": false, ""premarket_volume"": null, ""prev_close"": null, ""rvol"": 0.22395863852121403, ""session_high"": 5.44, ""session_volume"": 2130234.0, ""split_ratio_clean_integer"": null, ""symbol"": ""MEDS"", ""tick_size"": null}",5.29,5.15,5.57,0.14,2.0,1,1,SUPPRESSED,,,2026-10-01T10:56:31+00:00,29c30d884550,cf26a25,2026-10-01T06:18:00-04:00,,"{""bar"": [5.2, 5.375, 5.14, 5.2401, 67196], ""bars"": 138, ""ema9"": 5.0928, ""last"": 5.2401, ""macd_hist"": 0.028138, ""vwap"": 4.8645}",5.29,,,0,0,untriggered,0,,5.23,3.82,3.925
49fd42d3e79eaa71,2026-10-01T06:21:00-04:00,none,OPNW,pullback,ibkr-MEDS-OPNW-GLUE,IBKR · TWS read-only · live,live-backfill,1m,10.33,,,15.67,362738.0,0.6589593874118154,15.033407572383073,1000000.0,verified,finviz via premarket_stars.py,0,0,REJECT,pillars,0,"[{""id"": ""price"", ""kills"": true, ""reason"": ""$10.33 is outside $2.00\u201320.00."", ""state"": ""PASS"", ""value"": ""$10.33  band $2.00\u201320.00""}, {""id"": ""float"", ""kills"": false, ""reason"": """", ""state"": ""PASS"", ""value"": ""1.0M (verified)""}, {""id"": ""catalyst"", ""kills"": false, ""reason"": ""The desk has no news feed (no headline keys in .env); the gate could not be evaluated."", ""state"": ""UNKNOWN"", ""value"": ""no headline source""}, {""id"": ""pillars"", ""kills"": true, ""reason"": ""Only 3 of the Five Pillars pass (need 4); missing rvol, catalyst."", ""state"": ""FAIL"", ""value"": ""3/5 \u2014 missing rvol, catalyst""}, {""id"": ""rising"", ""kills"": false, ""reason"": ""cascade already stopped"", ""state"": ""NOT_APPLICABLE"", ""value"": ""\u2014""}, {""id"": ""split"", ""kills"": false, ""reason"": ""cascade already stopped"", ""state"": ""NOT_APPLICABLE"", ""value"": ""\u2014""}, {""id"": ""instrument"", ""kills"": false, ""reason"": ""cascade already stopped"", ""state"": ""NOT_APPLICABLE"", ""value"": ""\u2014""}, {""id"": ""tick"", ""kills"": false, ""reason"": ""cascade already stopped"", ""state"": ""NOT_APPLICABLE"", ""value"": ""\u2014""}, {""id"": ""buyout"", ""kills"": false, ""reason"": ""cascade already stopped"", ""state"": ""NOT_APPLICABLE"", ""value"": ""\u2014""}]","[""Catalyst unknown \u2014 no headline source on this desk (A2: flagged, not killed).""]","{""above_ema9"": true, ""above_vwap"": false, ""buyout_announced"": false, ""catalyst_source_ok"": false, ""catalyst_today"": false, ""catalyst_verdict"": ""UNKNOWN"", ""change_pct"": 15.033407572383073, ""feed_stale"": false, ""float_is_shares_outstanding"": false, ""float_shares"": 1000000.0, ""float_verified"": true, ""halted"": false, ""in_session_window"": true, ""is_fund_or_etf"": null, ""last"": 10.33, ""live_theme"": false, ""macd_positive_and_above_signal"": true, ""penny_theme"": false, ""premarket_volume"": null, ""prev_close"": null, ""rvol"": 0.6589593874118154, ""session_high"": 15.67, ""session_volume"": 362738.0, ""split_ratio_clean_integer"": null, ""symbol"": ""OPNW"", ""tick_size"": null}",10.18,10.13,10.28,0.05,2.0,4,1,SUPPRESSED,,,2026-10-01T10:56:31+00:00,29c30d884550,cf26a25,2026-10-01T06:22:00-04:00,,,10.18,16.4,-37.8,1,1,target,1,2026-10-01T10:22:00Z,10.33,10.13,9.0
09b17cad8dc9d719,2026-10-01T06:29:00-04:00,none,MEDS,pullback,ibkr-MEDS-OPNW-GLUE,IBKR · TWS read-only · live,live-backfill,1m,4.5501,,,5.44,3134539.0,0.329544588449742,43.536277602523654,1540000.0,verified,finviz via premarket_stars.py,0,0,REJECT,pillars,0,"[{""id"": ""price"", ""kills"": true, ""reason"": ""$4.55 is outside $2.00\u201320.00."", ""state"": ""PASS"", ""value"": ""$4.55  band $2.00\u201320.00""}, {""id"": ""float"", ""kills"": false, ""reason"": """", ""state"": ""PASS"", ""value"": ""1.5M (verified)""}, {""id"": ""catalyst"", ""kills"": false, ""reason"": ""The desk has no news feed (no headline keys in .env); the gate could not be evaluated."", ""state"": ""UNKNOWN"", ""value"": ""no headline source""}, {""id"": ""pillars"", ""kills"": true, ""reason"": ""Only 3 of the Five Pillars pass (need 4); missing rvol, catalyst."", ""state"": ""FAIL"", ""value"": ""3/5 \u2014 missing rvol, catalyst""}, {""id"": ""rising"", ""kills"": false, ""reason"": ""cascade already stopped"", ""state"": ""NOT_APPLICABLE"", ""value"": ""\u2014""}, {""id"": ""split"", ""kills"": false, ""reason"": ""cascade already stopped"", ""state"": ""NOT_APPLICABLE"", ""value"": ""\u2014""}, {""id"": ""instrument"", ""kills"": false, ""reason"": ""cascade already stopped"", ""state"": ""NOT_APPLICABLE"", ""value"": ""\u2014""}, {""id"": ""tick"", ""kills"": false, ""reason"": ""cascade already stopped"", ""state"": ""NOT_APPLICABLE"", ""value"": ""\u2014""}, {""id"": ""buyout"", ""kills"": false, ""reason"": ""cascade already stopped"", ""state"": ""NOT_APPLICABLE"", ""value"": ""\u2014""}]","[""Catalyst unknown \u2014 no headline source on this desk (A2: flagged, not killed).""]","{""above_ema9"": false, ""above_vwap"": false, ""buyout_announced"": false, ""catalyst_source_ok"": false, ""catalyst_today"": false, ""catalyst_verdict"": ""UNKNOWN"", ""change_pct"": 43.536277602523654, ""feed_stale"": false, ""float_is_shares_outstanding"": false, ""float_shares"": 1540000.0, ""float_verified"": true, ""halted"": false, ""in_session_window"": true, ""is_fund_or_etf"": null, ""last"": 4.5501, ""live_theme"": false, ""macd_positive_and_above_signal"": false, ""penny_theme"": false, ""premarket_volume"": null, ""prev_close"": null, ""rvol"": 0.329544588449742, ""session_high"": 5.44, ""session_volume"": 3134539.0, ""split_ratio_clean_integer"": null, ""symbol"": ""MEDS"", ""tick_size"": null}",4.4801,4.37,4.7003,0.1101,2.0,1,1,SUPPRESSED,,,2026-10-01T10:56:31+00:00,29c30d884550,cf26a25,2026-10-01T06:30:00-04:00,,"{""bar"": [4.4001, 4.58, 4.4001, 4.5501, 38447], ""bars"": 150, ""ema9"": 4.579, ""last"": 4.5501, ""macd_hist"": -0.110798, ""vwap"": 4.7966}",4.4801,5.6303,-7.9936,1,1,stop,1,2026-10-01T10:30:00Z,4.58,3.8,3.925
ea89601a15ac5490,2026-10-01T06:48:00-04:00,none,NAMM,pullback,ibkr-VEEA-NXL-MEDS,IBKR · TWS read-only · live,live-backfill,1m,1.01,,,1.1,188100.0,0.4298944141837274,5.39497025983513,6750000.0,verified,finviz on join,0,0,REJECT,price,0,"[{""id"": ""price"", ""kills"": true, ""reason"": ""$1.01 is outside $2.00\u201320.00."", ""state"": ""FAIL"", ""value"": ""$1.01  band $2.00\u201320.00""}, {""id"": ""float"", ""kills"": false, ""reason"": ""cascade already stopped"", ""state"": ""NOT_APPLICABLE"", ""value"": ""\u2014""}, {""id"": ""catalyst"", ""kills"": false, ""reason"": ""cascade already stopped"", ""state"": ""NOT_APPLICABLE"", ""value"": ""\u2014""}, {""id"": ""pillars"", ""kills"": false, ""reason"": ""cascade already stopped"", ""state"": ""NOT_APPLICABLE"", ""value"": ""\u2014""}, {""id"": ""rising"", ""kills"": false, ""reason"": ""cascade already stopped"", ""state"": ""NOT_APPLICABLE"", ""value"": ""\u2014""}, {""id"": ""split"", ""kills"": false, ""reason"": ""cascade already stopped"", ""state"": ""NOT_APPLICABLE"", ""value"": ""\u2014""}, {""id"": ""instrument"", ""kills"": false, ""reason"": ""cascade already stopped"", ""state"": ""NOT_APPLICABLE"", ""value"": ""\u2014""}, {""id"": ""tick"", ""kills"": false, ""reason"": ""cascade already stopped"", ""state"": ""NOT_APPLICABLE"", ""value"": ""\u2014""}, {""id"": ""buyout"", ""kills"": false, ""reason"": ""cascade already stopped"", ""state"": ""NOT_APPLICABLE"", ""value"": ""\u2014""}]",[],"{""above_ema9"": true, ""above_vwap"": false, ""buyout_announced"": false, ""catalyst_source_ok"": true, ""catalyst_today"": false, ""catalyst_verdict"": ""NONE"", ""change_pct"": 5.39497025983513, ""feed_stale"": false, ""float_is_shares_outstanding"": false, ""float_shares"": 6750000.0, ""float_verified"": true, ""halted"": false, ""in_session_window"": true, ""is_fund_or_etf"": null, ""last"": 1.01, ""live_theme"": false, ""macd_positive_and_above_signal"": true, ""penny_theme"": false, ""premarket_volume"": null, ""prev_close"": null, ""rvol"": 0.4298944141837274, ""session_high"": 1.1, ""session_volume"": 188100.0, ""split_ratio_clean_integer"": null, ""symbol"": ""NAMM"", ""tick_size"": null}",0.9999,0.9799,1.0399,0.02,2.0,3,1,SUPPRESSED,,,2026-10-01T13:00:37+00:00,29c30d884550,00f7105,2026-10-01T06:49:00-04:00,,"{""bar"": [1.01, 1.01, 1.01, 1.01, 6000], ""bars"": 164, ""ema9"": 0.9907, ""last"": 1.01, ""macd_hist"": 0.004083, ""vwap"": 1.0223}",0.9999,12.505,-3.315,1,1,target,1,2026-10-01T10:49:00Z,1.04,1.0,1.135
bdaa5a5056c604cd,2026-10-01T06:53:00-04:00,none,MEDS,pullback,ibkr-MEDS-OPNW-GLUE,IBKR · TWS read-only · live,live-backfill,1m,3.98,,,5.44,4113112.0,0.4324252469941179,25.552050473186117,1540000.0,verified,finviz via premarket_stars.py,0,0,REJECT,pillars,0,"[{""id"": ""price"", ""kills"": true, ""reason"": ""$3.98 is outside $2.00\u201320.00."", ""state"": ""PASS"", ""value"": ""$3.98  band $2.00\u201320.00""}, {""id"": ""float"", ""kills"": false, ""reason"": """", ""state"": ""PASS"", ""value"": ""1.5M (verified)""}, {""id"": ""catalyst"", ""kills"": false, ""reason"": ""The desk has no news feed (no headline keys in .env); the gate could not be evaluated."", ""state"": ""UNKNOWN"", ""value"": ""no headline source""}, {""id"": ""pillars"", ""kills"": true, ""reason"": ""Only 3 of the Five Pillars pass (need 4); missing rvol, catalyst."", ""state"": ""FAIL"", ""value"": ""3/5 \u2014 missing rvol, catalyst""}, {""id"": ""rising"", ""kills"": false, ""reason"": ""cascade already stopped"", ""state"": ""NOT_APPLICABLE"", ""value"": ""\u2014""}, {""id"": ""split"", ""kills"": false, ""reason"": ""cascade already stopped"", ""state"": ""NOT_APPLICABLE"", ""value"": ""\u2014""}, {""id"": ""instrument"", ""kills"": false, ""reason"": ""cascade already stopped"", ""state"": ""NOT_APPLICABLE"", ""value"": ""\u2014""}, {""id"": ""tick"", ""kills"": false, ""reason"": ""cascade already stopped"", ""state"": ""NOT_APPLICABLE"", ""value"": ""\u2014""}, {""id"": ""buyout"", ""kills"": false, ""reason"": ""cascade already stopped"", ""state"": ""NOT_APPLICABLE"", ""value"": ""\u2014""}]","[""Catalyst unknown \u2014 no headline source on this desk (A2: flagged, not killed).""]","{""above_ema9"": true, ""above_vwap"": false, ""buyout_announced"": false, ""catalyst_source_ok"": false, ""catalyst_today"": false, ""catalyst_verdict"": ""UNKNOWN"", ""change_pct"": 25.552050473186117, ""feed_stale"": false, ""float_is_shares_outstanding"": false, ""float_shares"": 1540000.0, ""float_verified"": true, ""halted"": false, ""in_session_window"": true, ""is_fund_or_etf"": null, ""last"": 3.98, ""live_theme"": false, ""macd_positive_and_above_signal"": true, ""penny_theme"": false, ""premarket_volume"": null, ""prev_close"": null, ""rvol"": 0.4324252469941179, ""session_high"": 5.44, ""session_volume"": 4113112.0, ""split_ratio_clean_integer"": null, ""symbol"": ""MEDS"", ""tick_size"": null}",3.97,3.86,4.19,0.11,2.0,1,1,SUPPRESSED,,,2026-10-01T10:56:31+00:00,29c30d884550,cf26a25,2026-10-01T06:54:00-04:00,,"{""bar"": [3.91, 4.03, 3.9, 3.98, 29712], ""bars"": 174, ""ema9"": 3.938, ""last"": 3.98, ""macd_hist"": 0.00891, ""vwap"": 4.6264}",3.97,10.2727,-3.3636,1,1,target,1,2026-10-01T10:54:00Z,5.1,3.92,3.925
c33e08e3b75f9f85,2026-10-01T06:55:00-04:00,none,GLUE,pullback,ibkr-MEDS-OPNW-GLUE,IBKR · TWS read-only · live,live-backfill,1m,13.95,13.72,14.0,14.5,70297.0,0.1138283827073544,16.932103939647945,85313401.0,shares_outstanding_proxy,SEC shares outstanding (upper bound),0,0,REJECT,pillars,0,"[{""id"": ""price"", ""kills"": true, ""reason"": ""$13.95 is outside $2.00\u201320.00."", ""state"": ""PASS"", ""value"": ""$13.95  band $2.00\u201320.00""}, {""id"": ""float"", ""kills"": false, ""reason"": ""85.3M outstanding is an upper bound over the 20M cap \u2014 it proves nothing either way. Verify the float by hand."", ""state"": ""MANUAL_CONFIRMATION_REQUIRED"", ""value"": ""85.3M shares outstanding""}, {""id"": ""catalyst"", ""kills"": false, ""reason"": ""The desk has no news feed (no headline keys in .env); the gate could not be evaluated."", ""state"": ""UNKNOWN"", ""value"": ""no headline source""}, {""id"": ""pillars"", ""kills"": true, ""reason"": ""Only 2 of the Five Pillars pass (need 4); missing rvol, float, catalyst."", ""state"": ""FAIL"", ""value"": ""2/5 \u2014 missing rvol, float, catalyst""}, {""id"": ""rising"", ""kills"": false, ""reason"": ""cascade already stopped"", ""state"": ""NOT_APPLICABLE"", ""value"": ""\u2014""}, {""id"": ""split"", ""kills"": false, ""reason"": ""cascade already stopped"", ""state"": ""NOT_APPLICABLE"", ""value"": ""\u2014""}, {""id"": ""instrument"", ""kills"": false, ""reason"": ""cascade already stopped"", ""state"": ""NOT_APPLICABLE"", ""value"": ""\u2014""}, {""id"": ""tick"", ""kills"": false, ""reason"": ""cascade already stopped"", ""state"": ""NOT_APPLICABLE"", ""value"": ""\u2014""}, {""id"": ""buyout"", ""kills"": false, ""reason"": ""cascade already stopped"", ""state"": ""NOT_APPLICABLE"", ""value"": ""\u2014""}]","[""Catalyst unknown \u2014 no headline source on this desk (A2: flagged, not killed).""]","{""above_ema9"": true, ""above_vwap"": false, ""buyout_announced"": false, ""catalyst_source_ok"": false, ""catalyst_today"": false, ""catalyst_verdict"": ""UNKNOWN"", ""change_pct"": 16.932103939647945, ""feed_stale"": false, ""float_is_shares_outstanding"": true, ""float_shares"": 85313401, ""float_verified"": false, ""halted"": false, ""in_session_window"": true, ""is_fund_or_etf"": null, ""last"": 13.95, ""live_theme"": false, ""macd_positive_and_above_signal"": true, ""penny_theme"": false, ""premarket_volume"": null, ""prev_close"": null, ""rvol"": 0.1138283827073544, ""session_high"": 14.5, ""session_volume"": 70297.0, ""split_ratio_clean_integer"": null, ""symbol"": ""GLUE"", ""tick_size"": null}",13.87,13.85,13.91,0.02,2.0,4,1,SUPPRESSED,,,2026-10-01T10:56:31+00:00,29c30d884550,cf26a25,2026-10-01T06:56:00-04:00,,,13.87,6.5,-93.5,1,1,target,1,2026-10-01T10:56:00Z,14.0,12.2,12.33
9d105d27d8e87860,2026-10-01T06:59:00-04:00,none,OPNW,pullback,ibkr-MEDS-OPNW-GLUE,IBKR · TWS read-only · live,live,1m,10.75,10.65,10.76,15.67,386687.0,23.621397417258187,19.710467706013368,1000000.0,verified,finviz via premarket_stars.py,0,0,REJECT,rising,0,"[{""id"": ""price"", ""kills"": true, ""reason"": ""$10.75 is outside $2.00\u201320.00."", ""state"": ""PASS"", ""value"": ""$10.75  band $2.00\u201320.00""}, {""id"": ""float"", ""kills"": false, ""reason"": """", ""state"": ""PASS"", ""value"": ""1.0M (verified)""}, {""id"": ""catalyst"", ""kills"": false, ""reason"": ""The desk has no news feed (no headline keys in .env); the gate could not be evaluated."", ""state"": ""UNKNOWN"", ""value"": ""no headline source""}, {""id"": ""pillars"", ""kills"": true, ""reason"": ""Only 4 of the Five Pillars pass (need 4); missing catalyst."", ""state"": ""PASS"", ""value"": ""4/5 \u2014 missing catalyst""}, {""id"": ""rising"", ""kills"": true, ""reason"": ""31.4% off the high \u2014 back side of the move."", ""state"": ""FAIL"", ""value"": ""31.4% off 15.67""}, {""id"": ""split"", ""kills"": false, ""reason"": ""cascade already stopped"", ""state"": ""NOT_APPLICABLE"", ""value"": ""\u2014""}, {""id"": ""instrument"", ""kills"": false, ""reason"": ""cascade already stopped"", ""state"": ""NOT_APPLICABLE"", ""value"": ""\u2014""}, {""id"": ""tick"", ""kills"": false, ""reason"": ""cascade already stopped"", ""state"": ""NOT_APPLICABLE"", ""value"": ""\u2014""}, {""id"": ""buyout"", ""kills"": false, ""reason"": ""cascade already stopped"", ""state"": ""NOT_APPLICABLE"", ""value"": ""\u2014""}]","[""Catalyst unknown \u2014 no headline source on this desk (A2: flagged, not killed).""]","{""above_ema9"": true, ""above_vwap"": false, ""buyout_announced"": false, ""catalyst_source_ok"": false, ""catalyst_today"": false, ""catalyst_verdict"": ""UNKNOWN"", ""change_pct"": 19.710467706013368, ""feed_stale"": false, ""float_is_shares_outstanding"": false, ""float_shares"": 1000000.0, ""float_verified"": true, ""halted"": false, ""in_session_window"": true, ""is_fund_or_etf"": null, ""last"": 10.75, ""live_theme"": false, ""macd_positive_and_above_signal"": true, ""penny_theme"": false, ""premarket_volume"": null, ""prev_close"": null, ""rvol"": 23.621397417258187, ""session_high"": 15.67, ""session_volume"": 386687.0, ""split_ratio_clean_integer"": null, ""symbol"": ""OPNW"", ""tick_size"": null}",10.56,10.37,10.94,0.19,2.0,3,0,SUPPRESSED,,,2026-10-01T10:59:33+00:00,29c30d884550,cf26a25,2026-10-01T07:00:00-04:00,,,10.56,0.7368,-11.9474,1,0,stop,1,2026-10-01T11:00:00Z,10.7,9.67,9.0
8a6966a7d65794b6,2026-10-01T07:05:00-04:00,premarket,MEDS,pullback,ibkr-MEDS-OPNW-GLUE,IBKR · TWS read-only · live,live,1m,4.3,4.3,4.31,5.44,6043199.0,79.68458181146903,35.646687697160885,1540000.0,verified,finviz via premarket_stars.py,0,0,WAIT,,1,"[{""id"": ""price"", ""kills"": true, ""reason"": ""$4.30 is outside $2.00\u201320.00."", ""state"": ""PASS"", ""value"": ""$4.30  band $2.00\u201320.00""}, {""id"": ""float"", ""kills"": false, ""reason"": """", ""state"": ""PASS"", ""value"": ""1.5M (verified)""}, {""id"": ""catalyst"", ""kills"": false, ""reason"": ""The desk has no news feed (no headline keys in .env); the gate could not be evaluated."", ""state"": ""UNKNOWN"", ""value"": ""no headline source""}, {""id"": ""pillars"", ""kills"": true, ""reason"": ""Only 4 of the Five Pillars pass (need 4); missing catalyst."", ""state"": ""PASS"", ""value"": ""4/5 \u2014 missing catalyst""}, {""id"": ""rising"", ""kills"": true, ""reason"": ""21.0% off the high \u2014 back side of the move."", ""state"": ""PASS"", ""value"": ""21.0% off 5.44""}, {""id"": ""split"", ""kills"": false, ""reason"": """", ""state"": ""PASS"", ""value"": ""gap is not arithmetic""}, {""id"": ""instrument"", ""kills"": false, ""reason"": """", ""state"": ""UNKNOWN"", ""value"": ""\u2014""}, {""id"": ""tick"", ""kills"": false, ""reason"": """", ""state"": ""UNKNOWN"", ""value"": ""\u2014""}, {""id"": ""buyout"", ""kills"": true, ""reason"": ""Acquisition announced \u2014 the price is pinned and volatility is gone."", ""state"": ""PASS"", ""value"": ""none""}, {""id"": ""vwap"", ""kills"": false, ""reason"": """", ""state"": ""FAIL"", ""value"": ""no""}, {""id"": ""ema9"", ""kills"": false, ""reason"": """", ""state"": ""PASS"", ""value"": ""yes""}, {""id"": ""macd"", ""kills"": false, ""reason"": """", ""state"": ""PASS"", ""value"": ""yes""}, {""id"": ""tape"", ""kills"": false, ""reason"": ""No tape and no book in this tool."", ""state"": ""MANUAL_CONFIRMATION_REQUIRED"", ""value"": ""your eyes""}]","[""Catalyst unknown \u2014 no headline source on this desk (A2: flagged, not killed)."", ""Instrument type unknown \u2014 ADRs are fine, funds are not.""]","{""above_ema9"": true, ""above_vwap"": false, ""buyout_announced"": false, ""catalyst_source_ok"": false, ""catalyst_today"": false, ""catalyst_verdict"": ""UNKNOWN"", ""change_pct"": 35.646687697160885, ""feed_stale"": false, ""float_is_shares_outstanding"": false, ""float_shares"": 1540000.0, ""float_verified"": true, ""halted"": false, ""in_session_window"": true, ""is_fund_or_etf"": null, ""last"": 4.3, ""live_theme"": false, ""macd_positive_and_above_signal"": true, ""penny_theme"": false, ""premarket_volume"": null, ""prev_close"": null, ""rvol"": 79.68458181146903, ""session_high"": 5.44, ""session_volume"": 6043199.0, ""split_ratio_clean_integer"": null, ""symbol"": ""MEDS"", ""tick_size"": null}",4.3,4.19,4.52,0.11,2.0,2,1,REFUSED,"[""Layer 2 not green: below VWAP (verdict WAIT) \u2014 chart gates must all be true at entry""]",2026-10-01T11:05:54+00:00,2026-10-01T11:05:53+00:00,29c30d884550,cf26a25,2026-10-01T07:06:00-04:00,"{""bar_end"": ""2026-10-01T07:06:00-04:00"", ""bar_to_published_s"": -7, ""published"": ""2026-10-01T11:05:53+00:00"", ""published_to_seen_s"": 2, ""quote_ts"": ""2026-10-01T11:05:52+00:00"", ""runner_seen"": ""2026-10-01T11:05:54+00:00""}","{""bar"": [4.25, 4.32, 4.21, 4.21, 156627], ""bars"": 186, ""ema9"": 4.2408, ""last"": 4.21, ""macd_hist"": 0.038449, ""vwap"": 4.5241}",4.3,7.2727,-6.3636,1,1,stop,1,2026-10-01T11:09:00Z,5.1,4.15,3.925
fa753b47b45962d4,2026-10-01T07:12:00-04:00,premarket,MEDS,pullback,ibkr-MEDS-OPNW-GLUE,IBKR · TWS read-only · live,live,1m,4.27,4.27,4.29,5.44,6672171.0,82.52530612244898,34.70031545741323,1540000.0,verified,finviz via premarket_stars.py,0,0,WAIT,,1,"[{""id"": ""price"", ""kills"": true, ""reason"": ""$4.27 is outside $2.00\u201320.00."", ""state"": ""PASS"", ""value"": ""$4.27  band $2.00\u201320.00""}, {""id"": ""float"", ""kills"": false, ""reason"": """", ""state"": ""PASS"", ""value"": ""1.5M (verified)""}, {""id"": ""catalyst"", ""kills"": false, ""reason"": ""The desk has no news feed (no headline keys in .env); the gate could not be evaluated."", ""state"": ""UNKNOWN"", ""value"": ""no headline source""}, {""id"": ""pillars"", ""kills"": true, ""reason"": ""Only 4 of the Five Pillars pass (need 4); missing catalyst."", ""state"": ""PASS"", ""value"": ""4/5 \u2014 missing catalyst""}, {""id"": ""rising"", ""kills"": true, ""reason"": ""21.5% off the high \u2014 back side of the move."", ""state"": ""PASS"", ""value"": ""21.5% off 5.44""}, {""id"": ""split"", ""kills"": false, ""reason"": """", ""state"": ""PASS"", ""value"": ""gap is not arithmetic""}, {""id"": ""instrument"", ""kills"": false, ""reason"": """", ""state"": ""UNKNOWN"", ""value"": ""\u2014""}, {""id"": ""tick"", ""kills"": false, ""reason"": """", ""state"": ""UNKNOWN"", ""value"": ""\u2014""}, {""id"": ""buyout"", ""kills"": true, ""reason"": ""Acquisition announced \u2014 the price is pinned and volatility is gone."", ""state"": ""PASS"", ""value"": ""none""}, {""id"": ""vwap"", ""kills"": false, ""reason"": """", ""state"": ""FAIL"", ""value"": ""no""}, {""id"": ""ema9"", ""kills"": false, ""reason"": """", ""state"": ""PASS"", ""value"": ""yes""}, {""id"": ""macd"", ""kills"": false, ""reason"": """", ""state"": ""PASS"", ""value"": ""yes""}, {""id"": ""tape"", ""kills"": false, ""reason"": ""No tape and no book in this tool."", ""state"": ""MANUAL_CONFIRMATION_REQUIRED"", ""value"": ""your eyes""}]","[""Catalyst unknown \u2014 no headline source on this desk (A2: flagged, not killed)."", ""Instrument type unknown \u2014 ADRs are fine, funds are not.""]","{""above_ema9"": true, ""above_vwap"": false, ""buyout_announced"": false, ""catalyst_source_ok"": false, ""catalyst_today"": false, ""catalyst_verdict"": ""UNKNOWN"", ""change_pct"": 34.70031545741323, ""feed_stale"": false, ""float_is_shares_outstanding"": false, ""float_shares"": 1540000.0, ""float_verified"": true, ""halted"": false, ""in_session_window"": true, ""is_fund_or_etf"": null, ""last"": 4.27, ""live_theme"": false, ""macd_positive_and_above_signal"": true, ""penny_theme"": false, ""premarket_volume"": null, ""prev_close"": null, ""rvol"": 82.52530612244898, ""session_high"": 5.44, ""session_volume"": 6672171.0, ""split_ratio_clean_integer"": null, ""symbol"": ""MEDS"", ""tick_size"": null}",4.26,4.17,4.44,0.09,2.0,2,1,REFUSED,"[""Layer 2 not green: below VWAP (verdict WAIT) \u2014 chart gates must all be true at entry""]",2026-10-01T11:12:15+00:00,2026-10-01T11:12:13+00:00,29c30d884550,cf26a25,2026-10-01T07:13:00-04:00,"{""bar_end"": ""2026-10-01T07:13:00-04:00"", ""bar_to_published_s"": -47, ""published"": ""2026-10-01T11:12:13+00:00"", ""published_to_seen_s"": 2, ""quote_ts"": ""2026-10-01T11:12:12+00:00"", ""runner_seen"": ""2026-10-01T11:12:15+00:00""}","{""bar"": [4.2485, 4.37, 4.21, 4.2498, 209186], ""bars"": 193, ""ema9"": 4.2407, ""last"": 4.2498, ""macd_hist"": 0.004841, ""vwap"": 4.4925}",4.26,9.3333,-7.3333,1,1,target,1,2026-10-01T11:13:00Z,5.1,4.24,3.925
187589c6c67e9975,2026-10-01T07:17:00-04:00,premarket,GLUE,pullback,ibkr-MEDS-OPNW-GLUE,IBKR · TWS read-only · live,live,1m,12.79,12.57,12.79,14.5,143552.0,0.23244650546120232,7.208717518860008,85313401.0,shares_outstanding_proxy,SEC shares outstanding (upper bound),0,0,REJECT,pillars,0,"[{""id"": ""price"", ""kills"": true, ""reason"": ""$12.79 is outside $2.00\u201320.00."", ""state"": ""PASS"", ""value"": ""$12.79  band $2.00\u201320.00""}, {""id"": ""float"", ""kills"": false, ""reason"": ""85.3M outstanding is an upper bound over the 20M cap \u2014 it proves nothing either way. Verify the float by hand."", ""state"": ""MANUAL_CONFIRMATION_REQUIRED"", ""value"": ""85.3M shares outstanding""}, {""id"": ""catalyst"", ""kills"": false, ""reason"": ""The desk has no news feed (no headline keys in .env); the gate could not be evaluated."", ""state"": ""UNKNOWN"", ""value"": ""no headline source""}, {""id"": ""pillars"", ""kills"": true, ""reason"": ""Only 1 of the Five Pillars pass (need 4); missing gain, rvol, float, catalyst."", ""state"": ""FAIL"", ""value"": ""1/5 \u2014 missing gain, rvol, float, catalyst""}, {""id"": ""rising"", ""kills"": false, ""reason"": ""cascade already stopped"", ""state"": ""NOT_APPLICABLE"", ""value"": ""\u2014""}, {""id"": ""split"", ""kills"": false, ""reason"": ""cascade already stopped"", ""state"": ""NOT_APPLICABLE"", ""value"": ""\u2014""}, {""id"": ""instrument"", ""kills"": false, ""reason"": ""cascade already stopped"", ""state"": ""NOT_APPLICABLE"", ""value"": ""\u2014""}, {""id"": ""tick"", ""kills"": false, ""reason"": ""cascade already stopped"", ""state"": ""NOT_APPLICABLE"", ""value"": ""\u2014""}, {""id"": ""buyout"", ""kills"": false, ""reason"": ""cascade already stopped"", ""state"": ""NOT_APPLICABLE"", ""value"": ""\u2014""}]","[""Catalyst unknown \u2014 no headline source on this desk (A2: flagged, not killed).""]","{""above_ema9"": false, ""above_vwap"": false, ""buyout_announced"": false, ""catalyst_source_ok"": false, ""catalyst_today"": false, ""catalyst_verdict"": ""UNKNOWN"", ""change_pct"": 7.208717518860008, ""feed_stale"": false, ""float_is_shares_outstanding"": true, ""float_shares"": 85313401, ""float_verified"": false, ""halted"": false, ""in_session_window"": true, ""is_fund_or_etf"": null, ""last"": 12.79, ""live_theme"": false, ""macd_positive_and_above_signal"": true, ""penny_theme"": false, ""premarket_volume"": null, ""prev_close"": null, ""rvol"": 0.23244650546120232, ""session_high"": 14.5, ""session_volume"": 143552.0, ""split_ratio_clean_integer"": null, ""symbol"": ""GLUE"", ""tick_size"": null}",12.76,12.64,13.0,0.12,2.0,3,1,SUPPRESSED,,,2026-10-01T11:18:02+00:00,29c30d884550,cf26a25,2026-10-01T07:18:00-04:00,,,12.76,6.1667,-6.3333,1,1,target,1,2026-10-01T11:18:00Z,13.5,12.79,12.33
55a0948e825b9bca,2026-10-01T07:20:00-04:00,premarket,MEDS,pullback,ibkr-MEDS-OPNW-GLUE,IBKR · TWS read-only · live,live,1m,4.78,4.82,4.83,5.44,10074134.0,120.68589021731317,50.78864353312304,1540000.0,verified,finviz via premarket_stars.py,0,0,REVIEW,,1,"[{""id"": ""price"", ""kills"": true, ""reason"": ""$4.78 is outside $2.00\u201320.00."", ""state"": ""PASS"", ""value"": ""$4.78  band $2.00\u201320.00""}, {""id"": ""float"", ""kills"": false, ""reason"": """", ""state"": ""PASS"", ""value"": ""1.5M (verified)""}, {""id"": ""catalyst"", ""kills"": false, ""reason"": ""The desk has no news feed (no headline keys in .env); the gate could not be evaluated."", ""state"": ""UNKNOWN"", ""value"": ""no headline source""}, {""id"": ""pillars"", ""kills"": true, ""reason"": ""Only 4 of the Five Pillars pass (need 4); missing catalyst."", ""state"": ""PASS"", ""value"": ""4/5 \u2014 missing catalyst""}, {""id"": ""rising"", ""kills"": true, ""reason"": ""12.1% off the high \u2014 back side of the move."", ""state"": ""PASS"", ""value"": ""12.1% off 5.44""}, {""id"": ""split"", ""kills"": false, ""reason"": """", ""state"": ""PASS"", ""value"": ""gap is not arithmetic""}, {""id"": ""instrument"", ""kills"": false, ""reason"": """", ""state"": ""UNKNOWN"", ""value"": ""\u2014""}, {""id"": ""tick"", ""kills"": false, ""reason"": """", ""state"": ""UNKNOWN"", ""value"": ""\u2014""}, {""id"": ""buyout"", ""kills"": true, ""reason"": ""Acquisition announced \u2014 the price is pinned and volatility is gone."", ""state"": ""PASS"", ""value"": ""none""}, {""id"": ""vwap"", ""kills"": false, ""reason"": """", ""state"": ""PASS"", ""value"": ""yes""}, {""id"": ""ema9"", ""kills"": false, ""reason"": """", ""state"": ""PASS"", ""value"": ""yes""}, {""id"": ""macd"", ""kills"": false, ""reason"": """", ""state"": ""PASS"", ""value"": ""yes""}, {""id"": ""tape"", ""kills"": false, ""reason"": ""No tape and no book in this tool."", ""state"": ""MANUAL_CONFIRMATION_REQUIRED"", ""value"": ""your eyes""}]","[""Catalyst unknown \u2014 no headline source on this desk (A2: flagged, not killed)."", ""Instrument type unknown \u2014 ADRs are fine, funds are not.""]","{""above_ema9"": true, ""above_vwap"": true, ""buyout_announced"": false, ""catalyst_source_ok"": false, ""catalyst_today"": false, ""catalyst_verdict"": ""UNKNOWN"", ""change_pct"": 50.78864353312304, ""feed_stale"": false, ""float_is_shares_outstanding"": false, ""float_shares"": 1540000.0, ""float_verified"": true, ""halted"": false, ""in_session_window"": true, ""is_fund_or_etf"": null, ""last"": 4.78, ""live_theme"": false, ""macd_positive_and_above_signal"": true, ""penny_theme"": false, ""premarket_volume"": null, ""prev_close"": null, ""rvol"": 120.68589021731317, ""session_high"": 5.44, ""session_volume"": 10074134.0, ""split_ratio_clean_integer"": null, ""symbol"": ""MEDS"", ""tick_size"": null}",4.7701,4.65,5.0103,0.1201,2.0,2,0,REFUSED,"[""Layer 2 not green: pullback volume was not lighter than the impulse""]",2026-10-01T11:20:23+00:00,2026-10-01T11:20:21+00:00,29c30d884550,cf26a25,2026-10-01T07:21:00-04:00,"{""bar_end"": ""2026-10-01T07:21:00-04:00"", ""bar_to_published_s"": -39, ""published"": ""2026-10-01T11:20:21+00:00"", ""published_to_seen_s"": 3, ""quote_ts"": ""2026-10-01T11:20:21+00:00"", ""runner_seen"": ""2026-10-01T11:20:23+00:00""}","{""bar"": [4.705, 4.87, 4.6404, 4.8006, 482479], ""bars"": 201, ""ema9"": 4.614, ""last"": 4.8006, ""macd_hist"": 0.052868, ""vwap"": 4.5576}",4.7701,0.6653,-9.7427,1,0,stop,1,2026-10-01T11:21:00Z,4.85,4.33,3.925
08b442e12687fa5d,2026-10-01T07:25:00-04:00,premarket,GLUE,pullback,ibkr-MEDS-OPNW-GLUE,IBKR · TWS read-only · live,live,1m,13.49,13.23,13.49,14.5,171705.0,0.27803323687733883,13.076278290025156,85313401.0,shares_outstanding_proxy,SEC shares outstanding (upper bound),0,0,REJECT,pillars,0,"[{""id"": ""price"", ""kills"": true, ""reason"": ""$13.49 is outside $2.00\u201320.00."", ""state"": ""PASS"", ""value"": ""$13.49  band $2.00\u201320.00""}, {""id"": ""float"", ""kills"": false, ""reason"": ""85.3M outstanding is an upper bound over the 20M cap \u2014 it proves nothing either way. Verify the float by hand."", ""state"": ""MANUAL_CONFIRMATION_REQUIRED"", ""value"": ""85.3M shares outstanding""}, {""id"": ""catalyst"", ""kills"": false, ""reason"": ""The desk has no news feed (no headline keys in .env); the gate could not be evaluated."", ""state"": ""UNKNOWN"", ""value"": ""no headline source""}, {""id"": ""pillars"", ""kills"": true, ""reason"": ""Only 2 of the Five Pillars pass (need 4); missing rvol, float, catalyst."", ""state"": ""FAIL"", ""value"": ""2/5 \u2014 missing rvol, float, catalyst""}, {""id"": ""rising"", ""kills"": false, ""reason"": ""cascade already stopped"", ""state"": ""NOT_APPLICABLE"", ""value"": ""\u2014""}, {""id"": ""split"", ""kills"": false, ""reason"": ""cascade already stopped"", ""state"": ""NOT_APPLICABLE"", ""value"": ""\u2014""}, {""id"": ""instrument"", ""kills"": false, ""reason"": ""cascade already stopped"", ""state"": ""NOT_APPLICABLE"", ""value"": ""\u2014""}, {""id"": ""tick"", ""kills"": false, ""reason"": ""cascade already stopped"", ""state"": ""NOT_APPLICABLE"", ""value"": ""\u2014""}, {""id"": ""buyout"", ""kills"": false, ""reason"": ""cascade already stopped"", ""state"": ""NOT_APPLICABLE"", ""value"": ""\u2014""}]","[""Catalyst unknown \u2014 no headline source on this desk (A2: flagged, not killed).""]","{""above_ema9"": true, ""above_vwap"": false, ""buyout_announced"": false, ""catalyst_source_ok"": false, ""catalyst_today"": false, ""catalyst_verdict"": ""UNKNOWN"", ""change_pct"": 13.076278290025156, ""feed_stale"": false, ""float_is_shares_outstanding"": true, ""float_shares"": 85313401, ""float_verified"": false, ""halted"": false, ""in_session_window"": true, ""is_fund_or_etf"": null, ""last"": 13.49, ""live_theme"": false, ""macd_positive_and_above_signal"": true, ""penny_theme"": false, ""premarket_volume"": null, ""prev_close"": null, ""rvol"": 0.27803323687733883, ""session_high"": 14.5, ""session_volume"": 171705.0, ""split_ratio_clean_integer"": null, ""symbol"": ""GLUE"", ""tick_size"": null}",13.49,13.25,13.97,0.24,2.0,2,1,SUPPRESSED,,,2026-10-01T11:25:41+00:00,29c30d884550,cf26a25,2026-10-01T07:26:00-04:00,,,13.49,0.0417,-6.2083,1,0,stop,1,2026-10-01T11:44:00Z,13.5,13.01,12.33
c768043541b450ff,2026-10-01T07:26:00-04:00,premarket,MEDS,pullback,ibkr-MEDS-OPNW-GLUE,IBKR · TWS read-only · live,live,1m,4.73,4.75,4.76,5.44,11623246.0,138.46428571428572,49.211356466877,1540000.0,verified,finviz via premarket_stars.py,0,0,REVIEW,,1,"[{""id"": ""price"", ""kills"": true, ""reason"": ""$4.73 is outside $2.00\u201320.00."", ""state"": ""PASS"", ""value"": ""$4.73  band $2.00\u201320.00""}, {""id"": ""float"", ""kills"": false, ""reason"": """", ""state"": ""PASS"", ""value"": ""1.5M (verified)""}, {""id"": ""catalyst"", ""kills"": false, ""reason"": ""The desk has no news feed (no headline keys in .env); the gate could not be evaluated."", ""state"": ""UNKNOWN"", ""value"": ""no headline source""}, {""id"": ""pillars"", ""kills"": true, ""reason"": ""Only 4 of the Five Pillars pass (need 4); missing catalyst."", ""state"": ""PASS"", ""value"": ""4/5 \u2014 missing catalyst""}, {""id"": ""rising"", ""kills"": true, ""reason"": ""13.1% off the high \u2014 back side of the move."", ""state"": ""PASS"", ""value"": ""13.1% off 5.44""}, {""id"": ""split"", ""kills"": false, ""reason"": """", ""state"": ""PASS"", ""value"": ""gap is not arithmetic""}, {""id"": ""instrument"", ""kills"": false, ""reason"": """", ""state"": ""UNKNOWN"", ""value"": ""\u2014""}, {""id"": ""tick"", ""kills"": false, ""reason"": """", ""state"": ""UNKNOWN"", ""value"": ""\u2014""}, {""id"": ""buyout"", ""kills"": true, ""reason"": ""Acquisition announced \u2014 the price is pinned and volatility is gone."", ""state"": ""PASS"", ""value"": ""none""}, {""id"": ""vwap"", ""kills"": false, ""reason"": """", ""state"": ""PASS"", ""value"": ""yes""}, {""id"": ""ema9"", ""kills"": false, ""reason"": """", ""state"": ""PASS"", ""value"": ""yes""}, {""id"": ""macd"", ""kills"": false, ""reason"": """", ""state"": ""PASS"", ""value"": ""yes""}, {""id"": ""tape"", ""kills"": false, ""reason"": ""No tape and no book in this tool."", ""state"": ""MANUAL_CONFIRMATION_REQUIRED"", ""value"": ""your eyes""}]","[""Catalyst unknown \u2014 no headline source on this desk (A2: flagged, not killed)."", ""Instrument type unknown \u2014 ADRs are fine, funds are not.""]","{""above_ema9"": true, ""above_vwap"": true, ""buyout_announced"": false, ""catalyst_source_ok"": false, ""catalyst_today"": false, ""catalyst_verdict"": ""UNKNOWN"", ""change_pct"": 49.211356466877, ""feed_stale"": false, ""float_is_shares_outstanding"": false, ""float_shares"": 1540000.0, ""float_verified"": true, ""halted"": false, ""in_session_window"": true, ""is_fund_or_etf"": null, ""last"": 4.73, ""live_theme"": false, ""macd_positive_and_above_signal"": true, ""penny_theme"": false, ""premarket_volume"": null, ""prev_close"": null, ""rvol"": 138.46428571428572, ""session_high"": 5.44, ""session_volume"": 11623246.0, ""split_ratio_clean_integer"": null, ""symbol"": ""MEDS"", ""tick_size"": null}",4.77,4.67,4.97,0.1,2.0,1,1,TAKEN,[],2026-10-01T11:26:55+00:00,2026-10-01T11:26:41+00:00,29c30d884550,cf26a25,2026-10-01T07:27:00-04:00,"{""bar_end"": ""2026-10-01T07:27:00-04:00"", ""bar_to_published_s"": -19, ""published"": ""2026-10-01T11:26:41+00:00"", ""published_to_seen_s"": 4, ""quote_ts"": ""2026-10-01T11:26:44+00:00"", ""runner_seen"": ""2026-10-01T11:26:45+00:00""}","{""bar"": [4.6902, 4.84, 4.68, 4.7999, 310283], ""bars"": 207, ""ema9"": 4.6972, ""last"": 4.7999, ""macd_hist"": 0.010245, ""vwap"": 4.5761}",4.77,0.8,-11.7,1,0,stop,1,2026-10-01T11:27:00Z,4.85,4.33,3.925
75d21f72dff52a26,2026-10-01T07:43:00-04:00,premarket,MEDS,pullback,ibkr-MEDS-OPNW-GLUE,IBKR · TWS read-only · live,live,1m,4.73,4.73,4.74,5.44,14361942.0,166.22040901357593,49.211356466877,1540000.0,verified,finviz via premarket_stars.py,0,0,REVIEW,,1,"[{""id"": ""price"", ""kills"": true, ""reason"": ""$4.73 is outside $2.00\u201320.00."", ""state"": ""PASS"", ""value"": ""$4.73  band $2.00\u201320.00""}, {""id"": ""float"", ""kills"": false, ""reason"": """", ""state"": ""PASS"", ""value"": ""1.5M (verified)""}, {""id"": ""catalyst"", ""kills"": false, ""reason"": ""The desk has no news feed (no headline keys in .env); the gate could not be evaluated."", ""state"": ""UNKNOWN"", ""value"": ""no headline source""}, {""id"": ""pillars"", ""kills"": true, ""reason"": ""Only 4 of the Five Pillars pass (need 4); missing catalyst."", ""state"": ""PASS"", ""value"": ""4/5 \u2014 missing catalyst""}, {""id"": ""rising"", ""kills"": true, ""reason"": ""13.1% off the high \u2014 back side of the move."", ""state"": ""PASS"", ""value"": ""13.1% off 5.44""}, {""id"": ""split"", ""kills"": false, ""reason"": """", ""state"": ""PASS"", ""value"": ""gap is not arithmetic""}, {""id"": ""instrument"", ""kills"": false, ""reason"": """", ""state"": ""UNKNOWN"", ""value"": ""\u2014""}, {""id"": ""tick"", ""kills"": false, ""reason"": """", ""state"": ""UNKNOWN"", ""value"": ""\u2014""}, {""id"": ""buyout"", ""kills"": true, ""reason"": ""Acquisition announced \u2014 the price is pinned and volatility is gone."", ""state"": ""PASS"", ""value"": ""none""}, {""id"": ""vwap"", ""kills"": false, ""reason"": """", ""state"": ""PASS"", ""value"": ""yes""}, {""id"": ""ema9"", ""kills"": false, ""reason"": """", ""state"": ""PASS"", ""value"": ""yes""}, {""id"": ""macd"", ""kills"": false, ""reason"": """", ""state"": ""PASS"", ""value"": ""yes""}, {""id"": ""tape"", ""kills"": false, ""reason"": ""No tape and no book in this tool."", ""state"": ""MANUAL_CONFIRMATION_REQUIRED"", ""value"": ""your eyes""}]","[""Catalyst unknown \u2014 no headline source on this desk (A2: flagged, not killed)."", ""Instrument type unknown \u2014 ADRs are fine, funds are not.""]","{""above_ema9"": true, ""above_vwap"": true, ""buyout_announced"": false, ""catalyst_source_ok"": false, ""catalyst_today"": false, ""catalyst_verdict"": ""UNKNOWN"", ""change_pct"": 49.211356466877, ""feed_stale"": false, ""float_is_shares_outstanding"": false, ""float_shares"": 1540000.0, ""float_verified"": true, ""halted"": false, ""in_session_window"": true, ""is_fund_or_etf"": null, ""last"": 4.73, ""live_theme"": false, ""macd_positive_and_above_signal"": true, ""penny_theme"": false, ""premarket_volume"": null, ""prev_close"": null, ""rvol"": 166.22040901357593, ""session_high"": 5.44, ""session_volume"": 14361942.0, ""split_ratio_clean_integer"": null, ""symbol"": ""MEDS"", ""tick_size"": null}",4.73,4.65,4.89,0.08,2.0,1,1,REFUSED,"[""selective (A13): stop 1.7% of price, under 2%""]",2026-10-01T11:43:55+00:00,2026-10-01T11:43:53+00:00,29c30d884550,cf26a25,2026-10-01T07:44:00-04:00,"{""bar_end"": ""2026-10-01T07:44:00-04:00"", ""bar_to_published_s"": -7, ""published"": ""2026-10-01T11:43:53+00:00"", ""published_to_seen_s"": 2, ""quote_ts"": ""2026-10-01T11:43:53+00:00"", ""runner_seen"": ""2026-10-01T11:43:55+00:00""}","{""bar"": [4.67, 4.74, 4.63, 4.66, 121563], ""bars"": 224, ""ema9"": 4.6441, ""last"": 4.66, ""macd_hist"": 0.000331, ""vwap"": 4.5873}",4.73,0.0,-14.125,1,0,stop,1,2026-10-01T11:44:00Z,4.73,4.33,3.925
f7de1f62f083ef5b,2026-10-01T07:51:00-04:00,premarket,MEDS,pullback,ibkr-MEDS-OPNW-GLUE,IBKR · TWS read-only · live,live,1m,4.42,4.41,4.42,5.44,15259071.0,172.01847676594593,39.43217665615142,1540000.0,verified,finviz via premarket_stars.py,0,0,WAIT,,1,"[{""id"": ""price"", ""kills"": true, ""reason"": ""$4.42 is outside $2.00\u201320.00."", ""state"": ""PASS"", ""value"": ""$4.42  band $2.00\u201320.00""}, {""id"": ""float"", ""kills"": false, ""reason"": """", ""state"": ""PASS"", ""value"": ""1.5M (verified)""}, {""id"": ""catalyst"", ""kills"": false, ""reason"": ""The desk has no news feed (no headline keys in .env); the gate could not be evaluated."", ""state"": ""UNKNOWN"", ""value"": ""no headline source""}, {""id"": ""pillars"", ""kills"": true, ""reason"": ""Only 4 of the Five Pillars pass (need 4); missing catalyst."", ""state"": ""PASS"", ""value"": ""4/5 \u2014 missing catalyst""}, {""id"": ""rising"", ""kills"": true, ""reason"": ""18.8% off the high \u2014 back side of the move."", ""state"": ""PASS"", ""value"": ""18.8% off 5.44""}, {""id"": ""split"", ""kills"": false, ""reason"": """", ""state"": ""PASS"", ""value"": ""gap is not arithmetic""}, {""id"": ""instrument"", ""kills"": false, ""reason"": """", ""state"": ""UNKNOWN"", ""value"": ""\u2014""}, {""id"": ""tick"", ""kills"": false, ""reason"": """", ""state"": ""UNKNOWN"", ""value"": ""\u2014""}, {""id"": ""buyout"", ""kills"": true, ""reason"": ""Acquisition announced \u2014 the price is pinned and volatility is gone."", ""state"": ""PASS"", ""value"": ""none""}, {""id"": ""vwap"", ""kills"": false, ""reason"": """", ""state"": ""FAIL"", ""value"": ""no""}, {""id"": ""ema9"", ""kills"": false, ""reason"": """", ""state"": ""FAIL"", ""value"": ""no""}, {""id"": ""macd"", ""kills"": false, ""reason"": """", ""state"": ""FAIL"", ""value"": ""no""}, {""id"": ""tape"", ""kills"": false, ""reason"": ""No tape and no book in this tool."", ""state"": ""MANUAL_CONFIRMATION_REQUIRED"", ""value"": ""your eyes""}]","[""Catalyst unknown \u2014 no headline source on this desk (A2: flagged, not killed)."", ""Instrument type unknown \u2014 ADRs are fine, funds are not.""]","{""above_ema9"": false, ""above_vwap"": false, ""buyout_announced"": false, ""catalyst_source_ok"": false, ""catalyst_today"": false, ""catalyst_verdict"": ""UNKNOWN"", ""change_pct"": 39.43217665615142, ""feed_stale"": false, ""float_is_shares_outstanding"": false, ""float_shares"": 1540000.0, ""float_verified"": true, ""halted"": false, ""in_session_window"": true, ""is_fund_or_etf"": null, ""last"": 4.42, ""live_theme"": false, ""macd_positive_and_above_signal"": false, ""penny_theme"": false, ""premarket_volume"": null, ""prev_close"": null, ""rvol"": 172.01847676594593, ""session_high"": 5.44, ""session_volume"": 15259071.0, ""split_ratio_clean_integer"": null, ""symbol"": ""MEDS"", ""tick_size"": null}",4.46,4.39,4.6,0.07,2.0,1,1,REFUSED,"[""Layer 2 not green: below VWAP; below the 9 EMA; MACD not positive and above its signal (verdict WAIT) \u2014 chart gates must all be true at entry"", ""selective (A13): stop 1.6% of price, under 2%""]",2026-10-01T11:51:46+00:00,2026-10-01T11:51:43+00:00,29c30d884550,cf26a25,2026-10-01T07:52:00-04:00,"{""bar_end"": ""2026-10-01T07:52:00-04:00"", ""bar_to_published_s"": -17, ""published"": ""2026-10-01T11:51:43+00:00"", ""published_to_seen_s"": 4, ""quote_ts"": ""2026-10-01T11:51:43+00:00"", ""runner_seen"": ""2026-10-01T11:51:46+00:00""}","{""bar"": [4.4, 4.46, 4.38, 4.43, 55640], ""bars"": 232, ""ema9"": 4.4828, ""last"": 4.43, ""macd_hist"": -0.030701, ""vwap"": 4.582}",4.46,2.8571,-12.2857,1,1,stop,1,2026-10-01T11:54:00Z,4.66,4.23,3.925
0efd68ab5c8ef852,2026-10-01T08:05:00-04:00,premarket,VEEA,pullback,ibkr-VEEA-MEDS,IBKR · TWS read-only · live,live-backfill,1m,2.8404,,,3.31,4097975.0,0.5016300137081214,30.89400921658987,1590000.0,verified,finviz via premarket_stars.py,0,0,REJECT,pillars,0,"[{""id"": ""price"", ""kills"": true, ""reason"": ""$2.84 is outside $2.00\u201320.00."", ""state"": ""PASS"", ""value"": ""$2.84  band $2.00\u201320.00""}, {""id"": ""float"", ""kills"": false, ""reason"": """", ""state"": ""PASS"", ""value"": ""1.6M (verified)""}, {""id"": ""catalyst"", ""kills"": false, ""reason"": ""The desk has no news feed (no headline keys in .env); the gate could not be evaluated."", ""state"": ""UNKNOWN"", ""value"": ""no headline source""}, {""id"": ""pillars"", ""kills"": true, ""reason"": ""Only 3 of the Five Pillars pass (need 4); missing rvol, catalyst."", ""state"": ""FAIL"", ""value"": ""3/5 \u2014 missing rvol, catalyst""}, {""id"": ""rising"", ""kills"": false, ""reason"": ""cascade already stopped"", ""state"": ""NOT_APPLICABLE"", ""value"": ""\u2014""}, {""id"": ""split"", ""kills"": false, ""reason"": ""cascade already stopped"", ""state"": ""NOT_APPLICABLE"", ""value"": ""\u2014""}, {""id"": ""instrument"", ""kills"": false, ""reason"": ""cascade already stopped"", ""state"": ""NOT_APPLICABLE"", ""value"": ""\u2014""}, {""id"": ""tick"", ""kills"": false, ""reason"": ""cascade already stopped"", ""state"": ""NOT_APPLICABLE"", ""value"": ""\u2014""}, {""id"": ""buyout"", ""kills"": false, ""reason"": ""cascade already stopped"", ""state"": ""NOT_APPLICABLE"", ""value"": ""\u2014""}]","[""Catalyst unknown \u2014 no headline source on this desk (A2: flagged, not killed).""]","{""above_ema9"": true, ""above_vwap"": false, ""buyout_announced"": false, ""catalyst_source_ok"": false, ""catalyst_today"": false, ""catalyst_verdict"": ""UNKNOWN"", ""change_pct"": 30.89400921658987, ""feed_stale"": false, ""float_is_shares_outstanding"": false, ""float_shares"": 1590000.0, ""float_verified"": true, ""halted"": false, ""in_session_window"": true, ""is_fund_or_etf"": null, ""last"": 2.8404, ""live_theme"": false, ""macd_positive_and_above_signal"": true, ""penny_theme"": false, ""premarket_volume"": null, ""prev_close"": null, ""rvol"": 0.5016300137081214, ""session_high"": 3.31, ""session_volume"": 4097975.0, ""split_ratio_clean_integer"": null, ""symbol"": ""VEEA"", ""tick_size"": null}",3.18,2.84,3.86,0.34,2.0,1,1,SUPPRESSED,,,2026-10-01T12:31:25+00:00,29c30d884550,a907f92,2026-10-01T08:06:00-04:00,,"{""bar"": [2.8814, 3.31, 2.8, 2.8404, 1338087], ""bars"": 78, ""ema9"": 2.6824, ""last"": 2.8404, ""macd_hist"": 0.076679, ""vwap"": 2.9337}",3.18,2.2059,-1.2353,1,1,stop,1,2026-10-01T12:10:00Z,3.51,2.72,3.09
1462aceeb0d82073,2026-10-01T08:13:00-04:00,premarket,VEEA,pullback,ibkr-VEEA-MEDS,IBKR · TWS read-only · live,live-backfill,1m,3.22,,,3.31,9181780.0,1.12393473051079,48.38709677419357,1590000.0,verified,finviz via premarket_stars.py,0,0,REJECT,pillars,0,"[{""id"": ""price"", ""kills"": true, ""reason"": ""$3.22 is outside $2.00\u201320.00."", ""state"": ""PASS"", ""value"": ""$3.22  band $2.00\u201320.00""}, {""id"": ""float"", ""kills"": false, ""reason"": """", ""state"": ""PASS"", ""value"": ""1.6M (verified)""}, {""id"": ""catalyst"", ""kills"": false, ""reason"": ""The desk has no news feed (no headline keys in .env); the gate could not be evaluated."", ""state"": ""UNKNOWN"", ""value"": ""no headline source""}, {""id"": ""pillars"", ""kills"": true, ""reason"": ""Only 3 of the Five Pillars pass (need 4); missing rvol, catalyst."", ""state"": ""FAIL"", ""value"": ""3/5 \u2014 missing rvol, catalyst""}, {""id"": ""rising"", ""kills"": false, ""reason"": ""cascade already stopped"", ""state"": ""NOT_APPLICABLE"", ""value"": ""\u2014""}, {""id"": ""split"", ""kills"": false, ""reason"": ""cascade already stopped"", ""state"": ""NOT_APPLICABLE"", ""value"": ""\u2014""}, {""id"": ""instrument"", ""kills"": false, ""reason"": ""cascade already stopped"", ""state"": ""NOT_APPLICABLE"", ""value"": ""\u2014""}, {""id"": ""tick"", ""kills"": false, ""reason"": ""cascade already stopped"", ""state"": ""NOT_APPLICABLE"", ""value"": ""\u2014""}, {""id"": ""buyout"", ""kills"": false, ""reason"": ""cascade already stopped"", ""state"": ""NOT_APPLICABLE"", ""value"": ""\u2014""}]","[""Catalyst unknown \u2014 no headline source on this desk (A2: flagged, not killed).""]","{""above_ema9"": true, ""above_vwap"": true, ""buyout_announced"": false, ""catalyst_source_ok"": false, ""catalyst_today"": false, ""catalyst_verdict"": ""UNKNOWN"", ""change_pct"": 48.38709677419357, ""feed_stale"": false, ""float_is_shares_outstanding"": false, ""float_shares"": 1590000.0, ""float_verified"": true, ""halted"": false, ""in_session_window"": true, ""is_fund_or_etf"": null, ""last"": 3.22, ""live_theme"": false, ""macd_positive_and_above_signal"": true, ""penny_theme"": false, ""premarket_volume"": null, ""prev_close"": null, ""rvol"": 1.12393473051079, ""session_high"": 3.31, ""session_volume"": 9181780.0, ""split_ratio_clean_integer"": null, ""symbol"": ""VEEA"", ""tick_size"": null}",3.17,3.03,3.45,0.14,2.0,2,1,SUPPRESSED,,,2026-10-01T12:31:25+00:00,29c30d884550,a907f92,2026-10-01T08:14:00-04:00,,"{""bar"": [3.1001, 3.24, 3.06, 3.22, 635061], ""bars"": 86, ""ema9"": 3.046, ""last"": 3.22, ""macd_hist"": 0.031968, ""vwap"": 3.0037}",3.17,5.4286,-2.9286,1,1,stop,1,2026-10-01T12:14:00Z,3.51,2.87,3.09
bbfb4a8341686197,2026-10-01T08:17:00-04:00,premarket,GLUE,pullback,ibkr-MEDS-OPNW-GLUE,IBKR · TWS read-only · live,live,1m,12.67,12.5,12.71,14.5,270106.0,0.43736900777490745,6.202849958088863,85313401.0,shares_outstanding_proxy,SEC shares outstanding (upper bound),0,0,REJECT,pillars,0,"[{""id"": ""price"", ""kills"": true, ""reason"": ""$12.67 is outside $2.00\u201320.00."", ""state"": ""PASS"", ""value"": ""$12.67  band $2.00\u201320.00""}, {""id"": ""float"", ""kills"": false, ""reason"": ""85.3M outstanding is an upper bound over the 20M cap \u2014 it proves nothing either way. Verify the float by hand."", ""state"": ""MANUAL_CONFIRMATION_REQUIRED"", ""value"": ""85.3M shares outstanding""}, {""id"": ""catalyst"", ""kills"": false, ""reason"": ""The desk has no news feed (no headline keys in .env); the gate could not be evaluated."", ""state"": ""UNKNOWN"", ""value"": ""no headline source""}, {""id"": ""pillars"", ""kills"": true, ""reason"": ""Only 1 of the Five Pillars pass (need 4); missing gain, rvol, float, catalyst."", ""state"": ""FAIL"", ""value"": ""1/5 \u2014 missing gain, rvol, float, catalyst""}, {""id"": ""rising"", ""kills"": false, ""reason"": ""cascade already stopped"", ""state"": ""NOT_APPLICABLE"", ""value"": ""\u2014""}, {""id"": ""split"", ""kills"": false, ""reason"": ""cascade already stopped"", ""state"": ""NOT_APPLICABLE"", ""value"": ""\u2014""}, {""id"": ""instrument"", ""kills"": false, ""reason"": ""cascade already stopped"", ""state"": ""NOT_APPLICABLE"", ""value"": ""\u2014""}, {""id"": ""tick"", ""kills"": false, ""reason"": ""cascade already stopped"", ""state"": ""NOT_APPLICABLE"", ""value"": ""\u2014""}, {""id"": ""buyout"", ""kills"": false, ""reason"": ""cascade already stopped"", ""state"": ""NOT_APPLICABLE"", ""value"": ""\u2014""}]","[""Catalyst unknown \u2014 no headline source on this desk (A2: flagged, not killed).""]","{""above_ema9"": false, ""above_vwap"": false, ""buyout_announced"": false, ""catalyst_source_ok"": false, ""catalyst_today"": false, ""catalyst_verdict"": ""UNKNOWN"", ""change_pct"": 6.202849958088863, ""feed_stale"": false, ""float_is_shares_outstanding"": true, ""float_shares"": 85313401, ""float_verified"": false, ""halted"": false, ""in_session_window"": true, ""is_fund_or_etf"": null, ""last"": 12.67, ""live_theme"": false, ""macd_positive_and_above_signal"": false, ""penny_theme"": false, ""premarket_volume"": null, ""prev_close"": null, ""rvol"": 0.43736900777490745, ""session_high"": 14.5, ""session_volume"": 270106.0, ""split_ratio_clean_integer"": null, ""symbol"": ""GLUE"", ""tick_size"": null}",12.59,12.57,12.63,0.02,2.0,4,1,SUPPRESSED,,,2026-10-01T12:18:01+00:00,29c30d884550,cf26a25,2026-10-01T08:18:00-04:00,,,12.59,4.0,-29.5,1,1,target,1,2026-10-01T12:18:00Z,12.67,12.0,12.33
157caf7866e56f28,2026-10-01T08:24:00-04:00,premarket,VEEA,pullback,ibkr-VEEA-MEDS,IBKR · TWS read-only · live,live-backfill,1m,3.47,,,3.47,14563163.0,1.7826657447455405,59.9078341013825,1590000.0,verified,finviz via premarket_stars.py,0,0,REJECT,pillars,0,"[{""id"": ""price"", ""kills"": true, ""reason"": ""$3.47 is outside $2.00\u201320.00."", ""state"": ""PASS"", ""value"": ""$3.47  band $2.00\u201320.00""}, {""id"": ""float"", ""kills"": false, ""reason"": """", ""state"": ""PASS"", ""value"": ""1.6M (verified)""}, {""id"": ""catalyst"", ""kills"": false, ""reason"": ""The desk has no news feed (no headline keys in .env); the gate could not be evaluated."", ""state"": ""UNKNOWN"", ""value"": ""no headline source""}, {""id"": ""pillars"", ""kills"": true, ""reason"": ""Only 3 of the Five Pillars pass (need 4); missing rvol, catalyst."", ""state"": ""FAIL"", ""value"": ""3/5 \u2014 missing rvol, catalyst""}, {""id"": ""rising"", ""kills"": false, ""reason"": ""cascade already stopped"", ""state"": ""NOT_APPLICABLE"", ""value"": ""\u2014""}, {""id"": ""split"", ""kills"": false, ""reason"": ""cascade already stopped"", ""state"": ""NOT_APPLICABLE"", ""value"": ""\u2014""}, {""id"": ""instrument"", ""kills"": false, ""reason"": ""cascade already stopped"", ""state"": ""NOT_APPLICABLE"", ""value"": ""\u2014""}, {""id"": ""tick"", ""kills"": false, ""reason"": ""cascade already stopped"", ""state"": ""NOT_APPLICABLE"", ""value"": ""\u2014""}, {""id"": ""buyout"", ""kills"": false, ""reason"": ""cascade already stopped"", ""state"": ""NOT_APPLICABLE"", ""value"": ""\u2014""}]","[""Catalyst unknown \u2014 no headline source on this desk (A2: flagged, not killed).""]","{""above_ema9"": true, ""above_vwap"": true, ""buyout_announced"": false, ""catalyst_source_ok"": false, ""catalyst_today"": false, ""catalyst_verdict"": ""UNKNOWN"", ""change_pct"": 59.9078341013825, ""feed_stale"": false, ""float_is_shares_outstanding"": false, ""float_shares"": 1590000.0, ""float_verified"": true, ""halted"": false, ""in_session_window"": true, ""is_fund_or_etf"": null, ""last"": 3.47, ""live_theme"": false, ""macd_positive_and_above_signal"": false, ""penny_theme"": false, ""premarket_volume"": null, ""prev_close"": null, ""rvol"": 1.7826657447455405, ""session_high"": 3.47, ""session_volume"": 14563163.0, ""split_ratio_clean_integer"": null, ""symbol"": ""VEEA"", ""tick_size"": null}",3.21,3.07,3.49,0.14,2.0,2,0,SUPPRESSED,,,2026-10-01T12:31:25+00:00,29c30d884550,a907f92,2026-10-01T08:25:00-04:00,,"{""bar"": [3.15, 3.47, 3.13, 3.47, 954399], ""bars"": 97, ""ema9"": 3.1889, ""last"": 3.47, ""macd_hist"": -0.003587, ""vwap"": 3.0583}",3.21,5.1429,-3.2143,1,1,target,1,2026-10-01T12:25:00Z,3.51,2.76,3.09
cd52dfa7c5260c34,2026-10-01T08:28:00-04:00,premarket,OPNW,pullback,ibkr-MEDS-OPNW-GLUE,IBKR · TWS read-only · live,live,1m,8.64,8.6,8.65,15.67,464496.0,8.657724312944481,-3.786191536748329,1000000.0,verified,finviz via premarket_stars.py,0,0,REJECT,pillars,0,"[{""id"": ""price"", ""kills"": true, ""reason"": ""$8.64 is outside $2.00\u201320.00."", ""state"": ""PASS"", ""value"": ""$8.64  band $2.00\u201320.00""}, {""id"": ""float"", ""kills"": false, ""reason"": """", ""state"": ""PASS"", ""value"": ""1.0M (verified)""}, {""id"": ""catalyst"", ""kills"": false, ""reason"": ""The desk has no news feed (no headline keys in .env); the gate could not be evaluated."", ""state"": ""UNKNOWN"", ""value"": ""no headline source""}, {""id"": ""pillars"", ""kills"": true, ""reason"": ""Only 3 of the Five Pillars pass (need 4); missing gain, catalyst."", ""state"": ""FAIL"", ""value"": ""3/5 \u2014 missing gain, catalyst""}, {""id"": ""rising"", ""kills"": false, ""reason"": ""cascade already stopped"", ""state"": ""NOT_APPLICABLE"", ""value"": ""\u2014""}, {""id"": ""split"", ""kills"": false, ""reason"": ""cascade already stopped"", ""state"": ""NOT_APPLICABLE"", ""value"": ""\u2014""}, {""id"": ""instrument"", ""kills"": false, ""reason"": ""cascade already stopped"", ""state"": ""NOT_APPLICABLE"", ""value"": ""\u2014""}, {""id"": ""tick"", ""kills"": false, ""reason"": ""cascade already stopped"", ""state"": ""NOT_APPLICABLE"", ""value"": ""\u2014""}, {""id"": ""buyout"", ""kills"": false, ""reason"": ""cascade already stopped"", ""state"": ""NOT_APPLICABLE"", ""value"": ""\u2014""}]","[""Catalyst unknown \u2014 no headline source on this desk (A2: flagged, not killed).""]","{""above_ema9"": false, ""above_vwap"": false, ""buyout_announced"": false, ""catalyst_source_ok"": false, ""catalyst_today"": false, ""catalyst_verdict"": ""UNKNOWN"", ""change_pct"": -3.786191536748329, ""feed_stale"": false, ""float_is_shares_outstanding"": false, ""float_shares"": 1000000.0, ""float_verified"": true, ""halted"": false, ""in_session_window"": true, ""is_fund_or_etf"": null, ""last"": 8.64, ""live_theme"": false, ""macd_positive_and_above_signal"": false, ""penny_theme"": false, ""premarket_volume"": null, ""prev_close"": null, ""rvol"": 8.657724312944481, ""session_high"": 15.67, ""session_volume"": 464496.0, ""split_ratio_clean_integer"": null, ""symbol"": ""OPNW"", ""tick_size"": null}",8.61,8.54,8.75,0.07,2.0,4,1,SUPPRESSED,,,2026-10-01T12:28:13+00:00,29c30d884550,cf26a25,2026-10-01T08:29:00-04:00,,,8.61,8.7143,0.5714,0,1,target,1,2026-10-01T12:29:00Z,9.22,8.65,9.0
4d92181c1e5d4b8f,2026-10-01T08:33:00-04:00,premarket,NXL,pullback,ibkr-VEEA-MEDS-NXL,IBKR · TWS read-only · live,live,1m,5.6,5.84,5.94,5.73,117528.0,11.155003369432132,30.841121495327094,22036402.0,shares_outstanding_proxy,SEC shares outstanding (upper bound),0,0,REJECT,pillars,0,"[{""id"": ""price"", ""kills"": true, ""reason"": ""$5.60 is outside $2.00\u201320.00."", ""state"": ""PASS"", ""value"": ""$5.60  band $2.00\u201320.00""}, {""id"": ""float"", ""kills"": false, ""reason"": ""22.0M outstanding is an upper bound over the 20M cap \u2014 it proves nothing either way. Verify the float by hand."", ""state"": ""MANUAL_CONFIRMATION_REQUIRED"", ""value"": ""22.0M shares outstanding""}, {""id"": ""catalyst"", ""kills"": false, ""reason"": ""The desk has no news feed (no headline keys in .env); the gate could not be evaluated."", ""state"": ""UNKNOWN"", ""value"": ""no headline source""}, {""id"": ""pillars"", ""kills"": true, ""reason"": ""Only 3 of the Five Pillars pass (need 4); missing float, catalyst."", ""state"": ""FAIL"", ""value"": ""3/5 \u2014 missing float, catalyst""}, {""id"": ""rising"", ""kills"": false, ""reason"": ""cascade already stopped"", ""state"": ""NOT_APPLICABLE"", ""value"": ""\u2014""}, {""id"": ""split"", ""kills"": false, ""reason"": ""cascade already stopped"", ""state"": ""NOT_APPLICABLE"", ""value"": ""\u2014""}, {""id"": ""instrument"", ""kills"": false, ""reason"": ""cascade already stopped"", ""state"": ""NOT_APPLICABLE"", ""value"": ""\u2014""}, {""id"": ""tick"", ""kills"": false, ""reason"": ""cascade already stopped"", ""state"": ""NOT_APPLICABLE"", ""value"": ""\u2014""}, {""id"": ""buyout"", ""kills"": false, ""reason"": ""cascade already stopped"", ""state"": ""NOT_APPLICABLE"", ""value"": ""\u2014""}]","[""Catalyst unknown \u2014 no headline source on this desk (A2: flagged, not killed).""]","{""above_ema9"": null, ""above_vwap"": true, ""buyout_announced"": false, ""catalyst_source_ok"": false, ""catalyst_today"": false, ""catalyst_verdict"": ""UNKNOWN"", ""change_pct"": 30.841121495327094, ""feed_stale"": false, ""float_is_shares_outstanding"": true, ""float_shares"": 22036402, ""float_verified"": false, ""halted"": false, ""in_session_window"": true, ""is_fund_or_etf"": null, ""last"": 5.6, ""live_theme"": false, ""macd_positive_and_above_signal"": null, ""penny_theme"": false, ""premarket_volume"": null, ""prev_close"": null, ""rvol"": 11.155003369432132, ""session_high"": 5.73, ""session_volume"": 117528.0, ""split_ratio_clean_integer"": null, ""symbol"": ""NXL"", ""tick_size"": null}",5.57,4.89,6.93,0.68,2.0,1,0,SUPPRESSED,,,2026-10-01T12:33:32+00:00,29c30d884550,a907f92,2026-10-01T08:34:00-04:00,,"{""bar"": [5.12, 5.73, 4.93, 5.6, 72532], ""bars"": 4, ""ema9"": null, ""last"": 5.6, ""macd_hist"": null, ""vwap"": 5.3266}",5.57,7.9559,0.2206,0,1,target,1,2026-10-01T12:34:00Z,7.93,5.72,7.34
711a63158e456c82,2026-10-01T08:42:00-04:00,premarket,NXL,pullback,ibkr-VEEA-MEDS-NXL,IBKR · TWS read-only · live,live,1m,6.65,6.7,6.74,7.01,3605024.0,342.16573809546406,55.37383177570094,22036402.0,shares_outstanding_proxy,SEC shares outstanding (upper bound),0,0,REJECT,pillars,0,"[{""id"": ""price"", ""kills"": true, ""reason"": ""$6.65 is outside $2.00\u201320.00."", ""state"": ""PASS"", ""value"": ""$6.65  band $2.00\u201320.00""}, {""id"": ""float"", ""kills"": false, ""reason"": ""22.0M outstanding is an upper bound over the 20M cap \u2014 it proves nothing either way. Verify the float by hand."", ""state"": ""MANUAL_CONFIRMATION_REQUIRED"", ""value"": ""22.0M shares outstanding""}, {""id"": ""catalyst"", ""kills"": false, ""reason"": ""The desk has no news feed (no headline keys in .env); the gate could not be evaluated."", ""state"": ""UNKNOWN"", ""value"": ""no headline source""}, {""id"": ""pillars"", ""kills"": true, ""reason"": ""Only 3 of the Five Pillars pass (need 4); missing float, catalyst."", ""state"": ""FAIL"", ""value"": ""3/5 \u2014 missing float, catalyst""}, {""id"": ""rising"", ""kills"": false, ""reason"": ""cascade already stopped"", ""state"": ""NOT_APPLICABLE"", ""value"": ""\u2014""}, {""id"": ""split"", ""kills"": false, ""reason"": ""cascade already stopped"", ""state"": ""NOT_APPLICABLE"", ""value"": ""\u2014""}, {""id"": ""instrument"", ""kills"": false, ""reason"": ""cascade already stopped"", ""state"": ""NOT_APPLICABLE"", ""value"": ""\u2014""}, {""id"": ""tick"", ""kills"": false, ""reason"": ""cascade already stopped"", ""state"": ""NOT_APPLICABLE"", ""value"": ""\u2014""}, {""id"": ""buyout"", ""kills"": false, ""reason"": ""cascade already stopped"", ""state"": ""NOT_APPLICABLE"", ""value"": ""\u2014""}]","[""Catalyst unknown \u2014 no headline source on this desk (A2: flagged, not killed).""]","{""above_ema9"": true, ""above_vwap"": true, ""buyout_announced"": false, ""catalyst_source_ok"": false, ""catalyst_today"": false, ""catalyst_verdict"": ""UNKNOWN"", ""change_pct"": 55.37383177570094, ""feed_stale"": false, ""float_is_shares_outstanding"": true, ""float_shares"": 22036402, ""float_verified"": false, ""halted"": false, ""in_session_window"": true, ""is_fund_or_etf"": null, ""last"": 6.65, ""live_theme"": false, ""macd_positive_and_above_signal"": null, ""penny_theme"": false, ""premarket_volume"": null, ""prev_close"": null, ""rvol"": 342.16573809546406, ""session_high"": 7.01, ""session_volume"": 3605024.0, ""split_ratio_clean_integer"": null, ""symbol"": ""NXL"", ""tick_size"": null}",6.7,6.46,7.18,0.24,2.0,1,1,SUPPRESSED,,,2026-10-01T12:42:20+00:00,29c30d884550,a907f92,2026-10-01T08:43:00-04:00,,"{""bar"": [6.53, 6.72, 6.45, 6.65, 152943], ""bars"": 13, ""ema9"": 6.3545, ""last"": 6.65, ""macd_hist"": null, ""vwap"": 6.4258}",6.7,17.8333,-1.9167,1,1,stop,1,2026-10-01T12:43:00Z,7.93,6.24,7.34
e3b15ede65439a51,2026-10-01T08:44:00-04:00,premarket,VEEA,pullback,ibkr-VEEA-MEDS-NXL,IBKR · TWS read-only · live,live,1m,2.96,2.95,2.96,3.51,21138583.0,633.8405697151425,36.40552995391706,1590000.0,verified,finviz via premarket_stars.py,0,0,WAIT,,1,"[{""id"": ""price"", ""kills"": true, ""reason"": ""$2.96 is outside $2.00\u201320.00."", ""state"": ""PASS"", ""value"": ""$2.96  band $2.00\u201320.00""}, {""id"": ""float"", ""kills"": false, ""reason"": """", ""state"": ""PASS"", ""value"": ""1.6M (verified)""}, {""id"": ""catalyst"", ""kills"": false, ""reason"": ""The desk has no news feed (no headline keys in .env); the gate could not be evaluated."", ""state"": ""UNKNOWN"", ""value"": ""no headline source""}, {""id"": ""pillars"", ""kills"": true, ""reason"": ""Only 4 of the Five Pillars pass (need 4); missing catalyst."", ""state"": ""PASS"", ""value"": ""4/5 \u2014 missing catalyst""}, {""id"": ""rising"", ""kills"": true, ""reason"": ""15.7% off the high \u2014 back side of the move."", ""state"": ""PASS"", ""value"": ""15.7% off 3.51""}, {""id"": ""split"", ""kills"": false, ""reason"": """", ""state"": ""PASS"", ""value"": ""gap is not arithmetic""}, {""id"": ""instrument"", ""kills"": false, ""reason"": """", ""state"": ""UNKNOWN"", ""value"": ""\u2014""}, {""id"": ""tick"", ""kills"": false, ""reason"": """", ""state"": ""UNKNOWN"", ""value"": ""\u2014""}, {""id"": ""buyout"", ""kills"": true, ""reason"": ""Acquisition announced \u2014 the price is pinned and volatility is gone."", ""state"": ""PASS"", ""value"": ""none""}, {""id"": ""vwap"", ""kills"": false, ""reason"": """", ""state"": ""FAIL"", ""value"": ""no""}, {""id"": ""ema9"", ""kills"": false, ""reason"": """", ""state"": ""FAIL"", ""value"": ""no""}, {""id"": ""macd"", ""kills"": false, ""reason"": """", ""state"": ""FAIL"", ""value"": ""no""}, {""id"": ""tape"", ""kills"": false, ""reason"": ""No tape and no book in this tool."", ""state"": ""MANUAL_CONFIRMATION_REQUIRED"", ""value"": ""your eyes""}]","[""Catalyst unknown \u2014 no headline source on this desk (A2: flagged, not killed)."", ""Instrument type unknown \u2014 ADRs are fine, funds are not.""]","{""above_ema9"": false, ""above_vwap"": false, ""buyout_announced"": false, ""catalyst_source_ok"": false, ""catalyst_today"": false, ""catalyst_verdict"": ""UNKNOWN"", ""change_pct"": 36.40552995391706, ""feed_stale"": false, ""float_is_shares_outstanding"": false, ""float_shares"": 1590000.0, ""float_verified"": true, ""halted"": false, ""in_session_window"": true, ""is_fund_or_etf"": null, ""last"": 2.96, ""live_theme"": false, ""macd_positive_and_above_signal"": false, ""penny_theme"": false, ""premarket_volume"": null, ""prev_close"": null, ""rvol"": 633.8405697151425, ""session_high"": 3.51, ""session_volume"": 21138583.0, ""split_ratio_clean_integer"": null, ""symbol"": ""VEEA"", ""tick_size"": null}",2.94,2.885,3.05,0.055,2.0,2,1,REFUSED,"[""Layer 2 not green: below VWAP; below the 9 EMA; MACD not positive and above its signal (verdict WAIT) \u2014 chart gates must all be true at entry""]",2026-10-01T12:44:32+00:00,2026-10-01T12:44:32+00:00,29c30d884550,a907f92,2026-10-01T08:45:00-04:00,"{""bar_end"": ""2026-10-01T08:45:00-04:00"", ""bar_to_published_s"": -28, ""published"": ""2026-10-01T12:44:32+00:00"", ""published_to_seen_s"": 1, ""quote_ts"": ""2026-10-01T12:44:32+00:00"", ""runner_seen"": ""2026-10-01T12:44:32+00:00""}","{""bar"": [2.9199, 2.96, 2.91, 2.96, 32332], ""bars"": 117, ""ema9"": 2.975, ""last"": 2.96, ""macd_hist"": -0.03596, ""vwap"": 3.1082}",2.94,18.0,-3.2727,1,1,stop,1,2026-10-01T12:45:00Z,3.08,2.76,3.09
267fd8a0d2cb2e84,2026-10-01T08:51:00-04:00,premarket,NXL,pullback,ibkr-VEEA-MEDS-NXL,IBKR · TWS read-only · live,live,1m,7.88,7.74,7.78,7.91,7122192.0,675.9927486023976,84.11214953271026,22036402.0,shares_outstanding_proxy,SEC shares outstanding (upper bound),0,0,REJECT,pillars,0,"[{""id"": ""price"", ""kills"": true, ""reason"": ""$7.88 is outside $2.00\u201320.00."", ""state"": ""PASS"", ""value"": ""$7.88  band $2.00\u201320.00""}, {""id"": ""float"", ""kills"": false, ""reason"": ""22.0M outstanding is an upper bound over the 20M cap \u2014 it proves nothing either way. Verify the float by hand."", ""state"": ""MANUAL_CONFIRMATION_REQUIRED"", ""value"": ""22.0M shares outstanding""}, {""id"": ""catalyst"", ""kills"": false, ""reason"": ""The desk has no news feed (no headline keys in .env); the gate could not be evaluated."", ""state"": ""UNKNOWN"", ""value"": ""no headline source""}, {""id"": ""pillars"", ""kills"": true, ""reason"": ""Only 3 of the Five Pillars pass (need 4); missing float, catalyst."", ""state"": ""FAIL"", ""value"": ""3/5 \u2014 missing float, catalyst""}, {""id"": ""rising"", ""kills"": false, ""reason"": ""cascade already stopped"", ""state"": ""NOT_APPLICABLE"", ""value"": ""\u2014""}, {""id"": ""split"", ""kills"": false, ""reason"": ""cascade already stopped"", ""state"": ""NOT_APPLICABLE"", ""value"": ""\u2014""}, {""id"": ""instrument"", ""kills"": false, ""reason"": ""cascade already stopped"", ""state"": ""NOT_APPLICABLE"", ""value"": ""\u2014""}, {""id"": ""tick"", ""kills"": false, ""reason"": ""cascade already stopped"", ""state"": ""NOT_APPLICABLE"", ""value"": ""\u2014""}, {""id"": ""buyout"", ""kills"": false, ""reason"": ""cascade already stopped"", ""state"": ""NOT_APPLICABLE"", ""value"": ""\u2014""}]","[""Catalyst unknown \u2014 no headline source on this desk (A2: flagged, not killed).""]","{""above_ema9"": true, ""above_vwap"": true, ""buyout_announced"": false, ""catalyst_source_ok"": false, ""catalyst_today"": false, ""catalyst_verdict"": ""UNKNOWN"", ""change_pct"": 84.11214953271026, ""feed_stale"": false, ""float_is_shares_outstanding"": true, ""float_shares"": 22036402, ""float_verified"": false, ""halted"": false, ""in_session_window"": true, ""is_fund_or_etf"": null, ""last"": 7.88, ""live_theme"": false, ""macd_positive_and_above_signal"": null, ""penny_theme"": false, ""premarket_volume"": null, ""prev_close"": null, ""rvol"": 675.9927486023976, ""session_high"": 7.91, ""session_volume"": 7122192.0, ""split_ratio_clean_integer"": null, ""symbol"": ""NXL"", ""tick_size"": null}",7.71,7.37,8.39,0.34,2.0,2,1,SUPPRESSED,,,2026-10-01T12:52:02+00:00,29c30d884550,a907f92,2026-10-01T08:52:00-04:00,,"{""bar"": [7.61, 7.91, 7.38, 7.88, 313425], ""bars"": 22, ""ema9"": 7.3334, ""last"": 7.88, ""macd_hist"": null, ""vwap"": 6.8208}",7.71,9.6176,-4.3235,1,1,stop,1,2026-10-01T12:52:00Z,7.93,6.24,7.34
76210c680e7c9ca6,2026-10-01T08:53:00-04:00,premarket,NAMM,pullback,ibkr-VEEA-NXL-MEDS,IBKR · TWS read-only · live,live-backfill,1m,1.08,,,1.1,320626.0,0.732776855088101,12.699572159031614,6750000.0,verified,finviz on join,0,0,REJECT,price,0,"[{""id"": ""price"", ""kills"": true, ""reason"": ""$1.08 is outside $2.00\u201320.00."", ""state"": ""FAIL"", ""value"": ""$1.08  band $2.00\u201320.00""}, {""id"": ""float"", ""kills"": false, ""reason"": ""cascade already stopped"", ""state"": ""NOT_APPLICABLE"", ""value"": ""\u2014""}, {""id"": ""catalyst"", ""kills"": false, ""reason"": ""cascade already stopped"", ""state"": ""NOT_APPLICABLE"", ""value"": ""\u2014""}, {""id"": ""pillars"", ""kills"": false, ""reason"": ""cascade already stopped"", ""state"": ""NOT_APPLICABLE"", ""value"": ""\u2014""}, {""id"": ""rising"", ""kills"": false, ""reason"": ""cascade already stopped"", ""state"": ""NOT_APPLICABLE"", ""value"": ""\u2014""}, {""id"": ""split"", ""kills"": false, ""reason"": ""cascade already stopped"", ""state"": ""NOT_APPLICABLE"", ""value"": ""\u2014""}, {""id"": ""instrument"", ""kills"": false, ""reason"": ""cascade already stopped"", ""state"": ""NOT_APPLICABLE"", ""value"": ""\u2014""}, {""id"": ""tick"", ""kills"": false, ""reason"": ""cascade already stopped"", ""state"": ""NOT_APPLICABLE"", ""value"": ""\u2014""}, {""id"": ""buyout"", ""kills"": false, ""reason"": ""cascade already stopped"", ""state"": ""NOT_APPLICABLE"", ""value"": ""\u2014""}]",[],"{""above_ema9"": true, ""above_vwap"": true, ""buyout_announced"": false, ""catalyst_source_ok"": true, ""catalyst_today"": false, ""catalyst_verdict"": ""NONE"", ""change_pct"": 12.699572159031614, ""feed_stale"": false, ""float_is_shares_outstanding"": false, ""float_shares"": 6750000.0, ""float_verified"": true, ""halted"": false, ""in_session_window"": true, ""is_fund_or_etf"": null, ""last"": 1.08, ""live_theme"": false, ""macd_positive_and_above_signal"": true, ""penny_theme"": false, ""premarket_volume"": null, ""prev_close"": null, ""rvol"": 0.732776855088101, ""session_high"": 1.1, ""session_volume"": 320626.0, ""split_ratio_clean_integer"": null, ""symbol"": ""NAMM"", ""tick_size"": null}",1.07,1.05,1.11,0.02,2.0,3,1,SUPPRESSED,,,2026-10-01T13:00:37+00:00,29c30d884550,00f7105,2026-10-01T08:54:00-04:00,,"{""bar"": [1.06, 1.08, 1.06, 1.08, 12943], ""bars"": 289, ""ema9"": 1.0558, ""last"": 1.08, ""macd_hist"": 0.004892, ""vwap"": 1.0289}",1.07,9.0,-6.82,1,1,target,1,2026-10-01T12:54:00Z,1.25,0.9336,1.135
0918a9f8535e7d96,2026-10-01T08:56:00-04:00,premarket,VEEA,pullback,ibkr-VEEA-MEDS-NXL,IBKR · TWS read-only · live,live,1m,2.9699,2.97,2.98,3.51,22718666.0,665.592417894706,36.86175115207373,1590000.0,verified,finviz via premarket_stars.py,0,0,WAIT,,1,"[{""id"": ""price"", ""kills"": true, ""reason"": ""$2.97 is outside $2.00\u201320.00."", ""state"": ""PASS"", ""value"": ""$2.97  band $2.00\u201320.00""}, {""id"": ""float"", ""kills"": false, ""reason"": """", ""state"": ""PASS"", ""value"": ""1.6M (verified)""}, {""id"": ""catalyst"", ""kills"": false, ""reason"": ""The desk has no news feed (no headline keys in .env); the gate could not be evaluated."", ""state"": ""UNKNOWN"", ""value"": ""no headline source""}, {""id"": ""pillars"", ""kills"": true, ""reason"": ""Only 4 of the Five Pillars pass (need 4); missing catalyst."", ""state"": ""PASS"", ""value"": ""4/5 \u2014 missing catalyst""}, {""id"": ""rising"", ""kills"": true, ""reason"": ""15.4% off the high \u2014 back side of the move."", ""state"": ""PASS"", ""value"": ""15.4% off 3.51""}, {""id"": ""split"", ""kills"": false, ""reason"": """", ""state"": ""PASS"", ""value"": ""gap is not arithmetic""}, {""id"": ""instrument"", ""kills"": false, ""reason"": """", ""state"": ""UNKNOWN"", ""value"": ""\u2014""}, {""id"": ""tick"", ""kills"": false, ""reason"": """", ""state"": ""UNKNOWN"", ""value"": ""\u2014""}, {""id"": ""buyout"", ""kills"": true, ""reason"": ""Acquisition announced \u2014 the price is pinned and volatility is gone."", ""state"": ""PASS"", ""value"": ""none""}, {""id"": ""vwap"", ""kills"": false, ""reason"": """", ""state"": ""FAIL"", ""value"": ""no""}, {""id"": ""ema9"", ""kills"": false, ""reason"": """", ""state"": ""PASS"", ""value"": ""yes""}, {""id"": ""macd"", ""kills"": false, ""reason"": """", ""state"": ""PASS"", ""value"": ""yes""}, {""id"": ""tape"", ""kills"": false, ""reason"": ""No tape and no book in this tool."", ""state"": ""MANUAL_CONFIRMATION_REQUIRED"", ""value"": ""your eyes""}]","[""Catalyst unknown \u2014 no headline source on this desk (A2: flagged, not killed)."", ""Instrument type unknown \u2014 ADRs are fine, funds are not.""]","{""above_ema9"": true, ""above_vwap"": false, ""buyout_announced"": false, ""catalyst_source_ok"": false, ""catalyst_today"": false, ""catalyst_verdict"": ""UNKNOWN"", ""change_pct"": 36.86175115207373, ""feed_stale"": false, ""float_is_shares_outstanding"": false, ""float_shares"": 1590000.0, ""float_verified"": true, ""halted"": false, ""in_session_window"": true, ""is_fund_or_etf"": null, ""last"": 2.9699, ""live_theme"": false, ""macd_positive_and_above_signal"": true, ""penny_theme"": false, ""premarket_volume"": null, ""prev_close"": null, ""rvol"": 665.592417894706, ""session_high"": 3.51, ""session_volume"": 22718666.0, ""split_ratio_clean_integer"": null, ""symbol"": ""VEEA"", ""tick_size"": null}",2.9702,2.88,3.1506,0.0902,2.0,1,1,REFUSED,"[""Layer 2 not green: below VWAP (verdict WAIT) \u2014 chart gates must all be true at entry""]",2026-10-01T12:56:33+00:00,2026-10-01T12:56:32+00:00,29c30d884550,a907f92,2026-10-01T08:57:00-04:00,"{""bar_end"": ""2026-10-01T08:57:00-04:00"", ""bar_to_published_s"": -28, ""published"": ""2026-10-01T12:56:32+00:00"", ""published_to_seen_s"": 2, ""quote_ts"": ""2026-10-01T12:56:31+00:00"", ""runner_seen"": ""2026-10-01T12:56:33+00:00""}","{""bar"": [2.91, 2.9699, 2.9, 2.9699, 49441], ""bars"": 129, ""ema9"": 2.9141, ""last"": 2.9699, ""macd_hist"": 0.014426, ""vwap"": 3.0916}",2.9702,10.6408,-1.8869,1,1,stop,1,2026-10-01T12:57:00Z,3.08,2.8,3.09
db97389bc11da4a5,2026-10-01T08:59:00-04:00,premarket,MEDS,pullback,ibkr-VEEA-NXL-MEDS,IBKR · TWS read-only · live,live-backfill,1m,4.035,,,5.44,18408291.0,1.9353253163090616,27.28706624605679,1540000.0,verified,finviz via premarket_stars.py,1,0,REJECT,rising,0,"[{""id"": ""price"", ""kills"": true, ""reason"": ""$4.04 is outside $2.00\u201320.00."", ""state"": ""PASS"", ""value"": ""$4.04  band $2.00\u201320.00""}, {""id"": ""float"", ""kills"": false, ""reason"": """", ""state"": ""PASS"", ""value"": ""1.5M (verified)""}, {""id"": ""catalyst"", ""kills"": false, ""reason"": """", ""state"": ""PASS"", ""value"": ""news today \u00b7 STRONG""}, {""id"": ""pillars"", ""kills"": true, ""reason"": ""Only 4 of the Five Pillars pass (need 4); missing rvol."", ""state"": ""PASS"", ""value"": ""4/5 \u2014 missing rvol""}, {""id"": ""rising"", ""kills"": true, ""reason"": ""25.8% off the high \u2014 back side of the move."", ""state"": ""FAIL"", ""value"": ""25.8% off 5.44""}, {""id"": ""split"", ""kills"": false, ""reason"": ""cascade already stopped"", ""state"": ""NOT_APPLICABLE"", ""value"": ""\u2014""}, {""id"": ""instrument"", ""kills"": false, ""reason"": ""cascade already stopped"", ""state"": ""NOT_APPLICABLE"", ""value"": ""\u2014""}, {""id"": ""tick"", ""kills"": false, ""reason"": ""cascade already stopped"", ""state"": ""NOT_APPLICABLE"", ""value"": ""\u2014""}, {""id"": ""buyout"", ""kills"": false, ""reason"": ""cascade already stopped"", ""state"": ""NOT_APPLICABLE"", ""value"": ""\u2014""}]",[],"{""above_ema9"": true, ""above_vwap"": false, ""buyout_announced"": false, ""catalyst_source_ok"": true, ""catalyst_today"": true, ""catalyst_verdict"": ""STRONG"", ""change_pct"": 27.28706624605679, ""feed_stale"": false, ""float_is_shares_outstanding"": false, ""float_shares"": 1540000.0, ""float_verified"": true, ""halted"": false, ""in_session_window"": true, ""is_fund_or_etf"": null, ""last"": 4.035, ""live_theme"": false, ""macd_positive_and_above_signal"": true, ""penny_theme"": false, ""premarket_volume"": null, ""prev_close"": null, ""rvol"": 1.9353253163090616, ""session_high"": 5.44, ""session_volume"": 18408291.0, ""split_ratio_clean_integer"": null, ""symbol"": ""MEDS"", ""tick_size"": null}",4.06,4.01,4.16,0.05,2.0,2,0,SUPPRESSED,,,2026-10-01T13:00:37+00:00,29c30d884550,00f7105,2026-10-01T09:00:00-04:00,,"{""bar"": [4.0399, 4.0501, 4.03, 4.035, 21861], ""bars"": 300, ""ema9"": 3.9987, ""last"": 4.035, ""macd_hist"": 0.022536, ""vwap"": 4.5261}",4.06,5.8,-3.6,1,1,stop,1,2026-10-01T13:32:00Z,4.03,3.6,3.925
ebb7d2e738348fb6,2026-10-01T09:07:00-04:00,premarket,VEEA,pullback,ibkr-VEEA-NXL-MEDS,IBKR · TWS read-only · live,live,1m,2.9899,2.98,2.99,3.51,23807344.0,693.2226072270914,37.78341013824886,1590000.0,verified,finviz via premarket_stars.py,1,0,WAIT,,1,"[{""id"": ""price"", ""kills"": true, ""reason"": ""$2.99 is outside $2.00\u201320.00."", ""state"": ""PASS"", ""value"": ""$2.99  band $2.00\u201320.00""}, {""id"": ""float"", ""kills"": false, ""reason"": """", ""state"": ""PASS"", ""value"": ""1.6M (verified)""}, {""id"": ""catalyst"", ""kills"": false, ""reason"": """", ""state"": ""PASS"", ""value"": ""news today \u00b7 WEAK""}, {""id"": ""pillars"", ""kills"": true, ""reason"": ""Only 5 of the Five Pillars pass (need 4); missing ."", ""state"": ""PASS"", ""value"": ""5/5""}, {""id"": ""rising"", ""kills"": true, ""reason"": ""14.8% off the high \u2014 back side of the move."", ""state"": ""PASS"", ""value"": ""14.8% off 3.51""}, {""id"": ""split"", ""kills"": false, ""reason"": """", ""state"": ""PASS"", ""value"": ""gap is not arithmetic""}, {""id"": ""instrument"", ""kills"": false, ""reason"": """", ""state"": ""UNKNOWN"", ""value"": ""\u2014""}, {""id"": ""tick"", ""kills"": false, ""reason"": """", ""state"": ""UNKNOWN"", ""value"": ""\u2014""}, {""id"": ""buyout"", ""kills"": true, ""reason"": ""Acquisition announced \u2014 the price is pinned and volatility is gone."", ""state"": ""PASS"", ""value"": ""none""}, {""id"": ""vwap"", ""kills"": false, ""reason"": """", ""state"": ""FAIL"", ""value"": ""no""}, {""id"": ""ema9"", ""kills"": false, ""reason"": """", ""state"": ""PASS"", ""value"": ""yes""}, {""id"": ""macd"", ""kills"": false, ""reason"": """", ""state"": ""PASS"", ""value"": ""yes""}, {""id"": ""tape"", ""kills"": false, ""reason"": ""No tape and no book in this tool."", ""state"": ""MANUAL_CONFIRMATION_REQUIRED"", ""value"": ""your eyes""}]","[""Instrument type unknown \u2014 ADRs are fine, funds are not.""]","{""above_ema9"": true, ""above_vwap"": false, ""buyout_announced"": false, ""catalyst_source_ok"": true, ""catalyst_today"": true, ""catalyst_verdict"": ""WEAK"", ""change_pct"": 37.78341013824886, ""feed_stale"": false, ""float_is_shares_outstanding"": false, ""float_shares"": 1590000.0, ""float_verified"": true, ""halted"": false, ""in_session_window"": true, ""is_fund_or_etf"": null, ""last"": 2.9899, ""live_theme"": false, ""macd_positive_and_above_signal"": true, ""penny_theme"": false, ""premarket_volume"": null, ""prev_close"": null, ""rvol"": 693.2226072270914, ""session_high"": 3.51, ""session_volume"": 23807344.0, ""split_ratio_clean_integer"": null, ""symbol"": ""VEEA"", ""tick_size"": null}",2.98,2.92,3.1,0.06,2.0,2,0,REFUSED,"[""Layer 2 not green: pullback volume was not lighter than the impulse"", ""Layer 2 not green: below VWAP (verdict WAIT) \u2014 chart gates must all be true at entry""]",2026-10-01T13:07:15+00:00,2026-10-01T13:07:12+00:00,29c30d884550,00f7105,2026-10-01T09:08:00-04:00,"{""bar_end"": ""2026-10-01T09:08:00-04:00"", ""bar_to_published_s"": -48, ""published"": ""2026-10-01T13:07:12+00:00"", ""published_to_seen_s"": 4, ""quote_ts"": ""2026-10-01T13:07:15+00:00"", ""runner_seen"": ""2026-10-01T13:07:15+00:00""}","{""bar"": [2.95, 2.99, 2.95, 2.9899, 45937], ""bars"": 140, ""ema9"": 2.9273, ""last"": 2.9899, ""macd_hist"": 0.015217, ""vwap"": 3.0836}",2.98,15.8333,-1.1667,1,1,stop,1,2026-10-01T13:08:00Z,3.93,2.91,3.09
4789b4d6550ef05f,2026-10-01T09:07:00-04:00,premarket,NAMM,pullback,ibkr-VEEA-NXL-MEDS,IBKR · TWS read-only · live,live,1m,1.0002,1.0,1.01,1.25,3565327.0,310.3792983372508,4.372325993947612,6750000.0,verified,finviz on join,0,0,REJECT,price,0,"[{""id"": ""price"", ""kills"": true, ""reason"": ""$1.00 is outside $2.00\u201320.00."", ""state"": ""FAIL"", ""value"": ""$1.00  band $2.00\u201320.00""}, {""id"": ""float"", ""kills"": false, ""reason"": ""cascade already stopped"", ""state"": ""NOT_APPLICABLE"", ""value"": ""\u2014""}, {""id"": ""catalyst"", ""kills"": false, ""reason"": ""cascade already stopped"", ""state"": ""NOT_APPLICABLE"", ""value"": ""\u2014""}, {""id"": ""pillars"", ""kills"": false, ""reason"": ""cascade already stopped"", ""state"": ""NOT_APPLICABLE"", ""value"": ""\u2014""}, {""id"": ""rising"", ""kills"": false, ""reason"": ""cascade already stopped"", ""state"": ""NOT_APPLICABLE"", ""value"": ""\u2014""}, {""id"": ""split"", ""kills"": false, ""reason"": ""cascade already stopped"", ""state"": ""NOT_APPLICABLE"", ""value"": ""\u2014""}, {""id"": ""instrument"", ""kills"": false, ""reason"": ""cascade already stopped"", ""state"": ""NOT_APPLICABLE"", ""value"": ""\u2014""}, {""id"": ""tick"", ""kills"": false, ""reason"": ""cascade already stopped"", ""state"": ""NOT_APPLICABLE"", ""value"": ""\u2014""}, {""id"": ""buyout"", ""kills"": false, ""reason"": ""cascade already stopped"", ""state"": ""NOT_APPLICABLE"", ""value"": ""\u2014""}]",[],"{""above_ema9"": false, ""above_vwap"": false, ""buyout_announced"": false, ""catalyst_source_ok"": true, ""catalyst_today"": false, ""catalyst_verdict"": ""NONE"", ""change_pct"": 4.372325993947612, ""feed_stale"": false, ""float_is_shares_outstanding"": false, ""float_shares"": 6750000.0, ""float_verified"": true, ""halted"": false, ""in_session_window"": true, ""is_fund_or_etf"": null, ""last"": 1.0002, ""live_theme"": false, ""macd_positive_and_above_signal"": false, ""penny_theme"": false, ""premarket_volume"": null, ""prev_close"": null, ""rvol"": 310.3792983372508, ""session_high"": 1.25, ""session_volume"": 3565327.0, ""split_ratio_clean_integer"": null, ""symbol"": ""NAMM"", ""tick_size"": null}",1.0051,0.9702,1.0749,0.0349,2.0,1,1,SUPPRESSED,,,2026-10-01T13:07:12+00:00,29c30d884550,00f7105,2026-10-01T09:08:00-04:00,,"{""bar"": [0.99, 1.01, 0.9899, 1.0002, 19303], ""bars"": 303, ""ema9"": 1.0115, ""last"": 1.0002, ""macd_hist"": -0.014022, ""vwap"": 1.1001}",1.0051,4.7249,-1.5702,1,1,stop,1,2026-10-01T13:08:00Z,1.04,0.9503,1.135
4cf73f58526a62fa,2026-10-01T09:12:00-04:00,premarket,NXL,pullback,ibkr-VEEA-NXL-MEDS,IBKR · TWS read-only · live,live,1m,6.69,6.67,6.7,7.93,10253624.0,973.2081739576116,56.30841121495327,650000.0,verified,finviz via premarket_stars.py,1,0,WAIT,,1,"[{""id"": ""price"", ""kills"": true, ""reason"": ""$6.69 is outside $2.00\u201320.00."", ""state"": ""PASS"", ""value"": ""$6.69  band $2.00\u201320.00""}, {""id"": ""float"", ""kills"": false, ""reason"": """", ""state"": ""PASS"", ""value"": ""0.7M (verified)""}, {""id"": ""catalyst"", ""kills"": false, ""reason"": """", ""state"": ""PASS"", ""value"": ""news today \u00b7 WEAK""}, {""id"": ""pillars"", ""kills"": true, ""reason"": ""Only 5 of the Five Pillars pass (need 4); missing ."", ""state"": ""PASS"", ""value"": ""5/5""}, {""id"": ""rising"", ""kills"": true, ""reason"": ""15.6% off the high \u2014 back side of the move."", ""state"": ""PASS"", ""value"": ""15.6% off 7.93""}, {""id"": ""split"", ""kills"": false, ""reason"": """", ""state"": ""PASS"", ""value"": ""gap is not arithmetic""}, {""id"": ""instrument"", ""kills"": false, ""reason"": """", ""state"": ""UNKNOWN"", ""value"": ""\u2014""}, {""id"": ""tick"", ""kills"": false, ""reason"": """", ""state"": ""UNKNOWN"", ""value"": ""\u2014""}, {""id"": ""buyout"", ""kills"": true, ""reason"": ""Acquisition announced \u2014 the price is pinned and volatility is gone."", ""state"": ""PASS"", ""value"": ""none""}, {""id"": ""vwap"", ""kills"": false, ""reason"": """", ""state"": ""FAIL"", ""value"": ""no""}, {""id"": ""ema9"", ""kills"": false, ""reason"": """", ""state"": ""PASS"", ""value"": ""yes""}, {""id"": ""macd"", ""kills"": false, ""reason"": """", ""state"": ""FAIL"", ""value"": ""no""}, {""id"": ""tape"", ""kills"": false, ""reason"": ""No tape and no book in this tool."", ""state"": ""MANUAL_CONFIRMATION_REQUIRED"", ""value"": ""your eyes""}]","[""Instrument type unknown \u2014 ADRs are fine, funds are not.""]","{""above_ema9"": true, ""above_vwap"": false, ""buyout_announced"": false, ""catalyst_source_ok"": true, ""catalyst_today"": true, ""catalyst_verdict"": ""WEAK"", ""change_pct"": 56.30841121495327, ""feed_stale"": false, ""float_is_shares_outstanding"": false, ""float_shares"": 650000.0, ""float_verified"": true, ""halted"": false, ""in_session_window"": true, ""is_fund_or_etf"": null, ""last"": 6.69, ""live_theme"": false, ""macd_positive_and_above_signal"": false, ""penny_theme"": false, ""premarket_volume"": null, ""prev_close"": null, ""rvol"": 973.2081739576116, ""session_high"": 7.93, ""session_volume"": 10253624.0, ""split_ratio_clean_integer"": null, ""symbol"": ""NXL"", ""tick_size"": null}",6.61,6.23,7.37,0.38,2.0,2,0,REFUSED,"[""Layer 2 not green: pullback volume was not lighter than the impulse"", ""Layer 2 not green: below VWAP; MACD not positive and above its signal (verdict WAIT) \u2014 chart gates must all be true at entry""]",2026-10-01T13:12:26+00:00,2026-10-01T13:12:23+00:00,29c30d884550,00f7105,2026-10-01T09:13:00-04:00,"{""bar_end"": ""2026-10-01T09:13:00-04:00"", ""bar_to_published_s"": -37, ""published"": ""2026-10-01T13:12:23+00:00"", ""published_to_seen_s"": 3, ""quote_ts"": ""2026-10-01T13:12:23+00:00"", ""runner_seen"": ""2026-10-01T13:12:26+00:00""}","{""bar"": [6.57, 6.7, 6.54, 6.69, 41297], ""bars"": 43, ""ema9"": 6.5393, ""last"": 6.69, ""macd_hist"": -0.033011, ""vwap"": 6.8334}",6.61,11.5,0.1842,0,1,target,1,2026-10-01T13:13:00Z,9.12,6.68,7.34
dc6dcd53284a42a8,2026-10-01T09:22:00-04:00,premarket,MEDS,pullback,ibkr-VEEA-NXL-MEDS,IBKR · TWS read-only · live,live,1m,3.9401,3.94,3.95,5.44,18957295.0,148.89019352203826,24.29337539432177,1540000.0,verified,finviz via premarket_stars.py,1,0,REJECT,rising,0,"[{""id"": ""price"", ""kills"": true, ""reason"": ""$3.94 is outside $2.00\u201320.00."", ""state"": ""PASS"", ""value"": ""$3.94  band $2.00\u201320.00""}, {""id"": ""float"", ""kills"": false, ""reason"": """", ""state"": ""PASS"", ""value"": ""1.5M (verified)""}, {""id"": ""catalyst"", ""kills"": false, ""reason"": """", ""state"": ""PASS"", ""value"": ""news today \u00b7 STRONG""}, {""id"": ""pillars"", ""kills"": true, ""reason"": ""Only 5 of the Five Pillars pass (need 4); missing ."", ""state"": ""PASS"", ""value"": ""5/5""}, {""id"": ""rising"", ""kills"": true, ""reason"": ""27.6% off the high \u2014 back side of the move."", ""state"": ""FAIL"", ""value"": ""27.6% off 5.44""}, {""id"": ""split"", ""kills"": false, ""reason"": ""cascade already stopped"", ""state"": ""NOT_APPLICABLE"", ""value"": ""\u2014""}, {""id"": ""instrument"", ""kills"": false, ""reason"": ""cascade already stopped"", ""state"": ""NOT_APPLICABLE"", ""value"": ""\u2014""}, {""id"": ""tick"", ""kills"": false, ""reason"": ""cascade already stopped"", ""state"": ""NOT_APPLICABLE"", ""value"": ""\u2014""}, {""id"": ""buyout"", ""kills"": false, ""reason"": ""cascade already stopped"", ""state"": ""NOT_APPLICABLE"", ""value"": ""\u2014""}]",[],"{""above_ema9"": true, ""above_vwap"": false, ""buyout_announced"": false, ""catalyst_source_ok"": true, ""catalyst_today"": true, ""catalyst_verdict"": ""STRONG"", ""change_pct"": 24.29337539432177, ""feed_stale"": false, ""float_is_shares_outstanding"": false, ""float_shares"": 1540000.0, ""float_verified"": true, ""halted"": false, ""in_session_window"": true, ""is_fund_or_etf"": null, ""last"": 3.9401, ""live_theme"": false, ""macd_positive_and_above_signal"": true, ""penny_theme"": false, ""premarket_volume"": null, ""prev_close"": null, ""rvol"": 148.89019352203826, ""session_high"": 5.44, ""session_volume"": 18957295.0, ""split_ratio_clean_integer"": null, ""symbol"": ""MEDS"", ""tick_size"": null}",3.9599,3.88,4.1197,0.0799,2.0,2,1,SUPPRESSED,,,2026-10-01T13:22:11+00:00,29c30d884550,00f7105,2026-10-01T09:23:00-04:00,,"{""bar"": [3.9496, 3.95, 3.9401, 3.9401, 821], ""bars"": 323, ""ema9"": 3.901, ""last"": 3.9401, ""macd_hist"": 0.023839, ""vwap"": 4.5057}",3.9599,4.8824,-1.5632,1,1,stop,1,2026-10-01T13:30:00Z,4.35,3.835,3.925
b320740065f5c9e1,2026-10-01T09:28:00-04:00,premarket,VEEA,pullback,ibkr-VEEA-NXL-MEDS,IBKR · TWS read-only · live,live,1m,2.99,2.98,2.99,3.51,25288539.0,728.1258529843656,37.78801843317974,1590000.0,verified,finviz via premarket_stars.py,1,0,WAIT,,1,"[{""id"": ""price"", ""kills"": true, ""reason"": ""$2.99 is outside $2.00\u201320.00."", ""state"": ""PASS"", ""value"": ""$2.99  band $2.00\u201320.00""}, {""id"": ""float"", ""kills"": false, ""reason"": """", ""state"": ""PASS"", ""value"": ""1.6M (verified)""}, {""id"": ""catalyst"", ""kills"": false, ""reason"": """", ""state"": ""PASS"", ""value"": ""news today \u00b7 WEAK""}, {""id"": ""pillars"", ""kills"": true, ""reason"": ""Only 5 of the Five Pillars pass (need 4); missing ."", ""state"": ""PASS"", ""value"": ""5/5""}, {""id"": ""rising"", ""kills"": true, ""reason"": ""14.8% off the high \u2014 back side of the move."", ""state"": ""PASS"", ""value"": ""14.8% off 3.51""}, {""id"": ""split"", ""kills"": false, ""reason"": """", ""state"": ""PASS"", ""value"": ""gap is not arithmetic""}, {""id"": ""instrument"", ""kills"": false, ""reason"": """", ""state"": ""UNKNOWN"", ""value"": ""\u2014""}, {""id"": ""tick"", ""kills"": false, ""reason"": """", ""state"": ""UNKNOWN"", ""value"": ""\u2014""}, {""id"": ""buyout"", ""kills"": true, ""reason"": ""Acquisition announced \u2014 the price is pinned and volatility is gone."", ""state"": ""PASS"", ""value"": ""none""}, {""id"": ""vwap"", ""kills"": false, ""reason"": """", ""state"": ""FAIL"", ""value"": ""no""}, {""id"": ""ema9"", ""kills"": false, ""reason"": """", ""state"": ""PASS"", ""value"": ""yes""}, {""id"": ""macd"", ""kills"": false, ""reason"": """", ""state"": ""FAIL"", ""value"": ""no""}, {""id"": ""tape"", ""kills"": false, ""reason"": ""No tape and no book in this tool."", ""state"": ""MANUAL_CONFIRMATION_REQUIRED"", ""value"": ""your eyes""}]","[""Instrument type unknown \u2014 ADRs are fine, funds are not.""]","{""above_ema9"": true, ""above_vwap"": false, ""buyout_announced"": false, ""catalyst_source_ok"": true, ""catalyst_today"": true, ""catalyst_verdict"": ""WEAK"", ""change_pct"": 37.78801843317974, ""feed_stale"": false, ""float_is_shares_outstanding"": false, ""float_shares"": 1590000.0, ""float_verified"": true, ""halted"": false, ""in_session_window"": true, ""is_fund_or_etf"": null, ""last"": 2.99, ""live_theme"": false, ""macd_positive_and_above_signal"": false, ""penny_theme"": false, ""premarket_volume"": null, ""prev_close"": null, ""rvol"": 728.1258529843656, ""session_high"": 3.51, ""session_volume"": 25288539.0, ""split_ratio_clean_integer"": null, ""symbol"": ""VEEA"", ""tick_size"": null}",2.99,2.96,3.05,0.03,2.0,3,1,REFUSED,"[""Layer 2 not green: below VWAP; MACD not positive and above its signal (verdict WAIT) \u2014 chart gates must all be true at entry"", ""selective (A13): stop 1.0% of price, under 2%""]",2026-10-01T13:28:12+00:00,2026-10-01T13:28:10+00:00,29c30d884550,00f7105,2026-10-01T09:29:00-04:00,"{""bar_end"": ""2026-10-01T09:29:00-04:00"", ""bar_to_published_s"": -50, ""published"": ""2026-10-01T13:28:10+00:00"", ""published_to_seen_s"": 3, ""quote_ts"": ""2026-10-01T13:28:09+00:00"", ""runner_seen"": ""2026-10-01T13:28:12+00:00""}","{""bar"": [2.97, 3.01, 2.97, 2.99, 19869], ""bars"": 161, ""ema9"": 2.9802, ""last"": 2.99, ""macd_hist"": -0.000327, ""vwap"": 3.0791}",2.99,31.3333,-2.6667,1,1,stop,1,2026-10-01T13:30:00Z,3.93,2.91,3.09
4fdd8f811cb0cfd8,2026-10-01T09:30:00-04:00,regular,NXL,pullback,ibkr-VEEA-NXL-MEDS,IBKR · TWS read-only · live,live,1m,8.75,8.72,8.8,9.09,14423888.0,1369.0228646817075,104.43925233644858,650000.0,verified,finviz via premarket_stars.py,1,0,REVIEW,,1,"[{""id"": ""price"", ""kills"": true, ""reason"": ""$8.75 is outside $2.00\u201320.00."", ""state"": ""PASS"", ""value"": ""$8.75  band $2.00\u201320.00""}, {""id"": ""float"", ""kills"": false, ""reason"": """", ""state"": ""PASS"", ""value"": ""0.7M (verified)""}, {""id"": ""catalyst"", ""kills"": false, ""reason"": """", ""state"": ""PASS"", ""value"": ""news today \u00b7 WEAK""}, {""id"": ""pillars"", ""kills"": true, ""reason"": ""Only 5 of the Five Pillars pass (need 4); missing ."", ""state"": ""PASS"", ""value"": ""5/5""}, {""id"": ""rising"", ""kills"": true, ""reason"": ""3.7% off the high \u2014 back side of the move."", ""state"": ""PASS"", ""value"": ""3.7% off 9.09""}, {""id"": ""split"", ""kills"": false, ""reason"": """", ""state"": ""PASS"", ""value"": ""gap is not arithmetic""}, {""id"": ""instrument"", ""kills"": false, ""reason"": """", ""state"": ""UNKNOWN"", ""value"": ""\u2014""}, {""id"": ""tick"", ""kills"": false, ""reason"": """", ""state"": ""UNKNOWN"", ""value"": ""\u2014""}, {""id"": ""buyout"", ""kills"": true, ""reason"": ""Acquisition announced \u2014 the price is pinned and volatility is gone."", ""state"": ""PASS"", ""value"": ""none""}, {""id"": ""vwap"", ""kills"": false, ""reason"": """", ""state"": ""PASS"", ""value"": ""yes""}, {""id"": ""ema9"", ""kills"": false, ""reason"": """", ""state"": ""PASS"", ""value"": ""yes""}, {""id"": ""macd"", ""kills"": false, ""reason"": """", ""state"": ""PASS"", ""value"": ""yes""}, {""id"": ""tape"", ""kills"": false, ""reason"": ""No tape and no book in this tool."", ""state"": ""MANUAL_CONFIRMATION_REQUIRED"", ""value"": ""your eyes""}]","[""Instrument type unknown \u2014 ADRs are fine, funds are not.""]","{""above_ema9"": true, ""above_vwap"": true, ""buyout_announced"": false, ""catalyst_source_ok"": true, ""catalyst_today"": true, ""catalyst_verdict"": ""WEAK"", ""change_pct"": 104.43925233644858, ""feed_stale"": false, ""float_is_shares_outstanding"": false, ""float_shares"": 650000.0, ""float_verified"": true, ""halted"": false, ""in_session_window"": true, ""is_fund_or_etf"": null, ""last"": 8.75, ""live_theme"": false, ""macd_positive_and_above_signal"": true, ""penny_theme"": false, ""premarket_volume"": null, ""prev_close"": null, ""rvol"": 1369.0228646817075, ""session_high"": 9.09, ""session_volume"": 14423888.0, ""split_ratio_clean_integer"": null, ""symbol"": ""NXL"", ""tick_size"": null}",8.87,8.58,9.45,0.29,2.0,2,1,TAKEN,[],2026-10-01T13:30:18+00:00,2026-10-01T13:30:13+00:00,29c30d884550,00f7105,2026-10-01T09:31:00-04:00,"{""bar_end"": ""2026-10-01T09:31:00-04:00"", ""bar_to_published_s"": -47, ""published"": ""2026-10-01T13:30:13+00:00"", ""published_to_seen_s"": 5, ""quote_ts"": ""2026-10-01T13:30:16+00:00"", ""runner_seen"": ""2026-10-01T13:30:18+00:00""}","{""bar"": [8.8, 8.95, 8.75, 8.75, 77023], ""bars"": 61, ""ema9"": 8.3605, ""last"": 8.75, ""macd_hist"": 0.14163, ""vwap"": 7.109}",8.87,7.2759,-7.1379,1,1,stop,1,2026-10-01T13:31:00Z,9.9,6.8,7.34
250d91b5dbb5954b,2026-10-01T09:34:00-04:00,regular,VEEA,pullback,ibkr-VEEA-NXL-MEDS,IBKR · TWS read-only · live,live,1m,3.48,3.46,3.47,3.51,30386978.0,674.1426067665003,60.36866359447004,1590000.0,verified,finviz via premarket_stars.py,1,0,REVIEW,,1,"[{""id"": ""price"", ""kills"": true, ""reason"": ""$3.48 is outside $2.00\u201320.00."", ""state"": ""PASS"", ""value"": ""$3.48  band $2.00\u201320.00""}, {""id"": ""float"", ""kills"": false, ""reason"": """", ""state"": ""PASS"", ""value"": ""1.6M (verified)""}, {""id"": ""catalyst"", ""kills"": false, ""reason"": """", ""state"": ""PASS"", ""value"": ""news today \u00b7 WEAK""}, {""id"": ""pillars"", ""kills"": true, ""reason"": ""Only 5 of the Five Pillars pass (need 4); missing ."", ""state"": ""PASS"", ""value"": ""5/5""}, {""id"": ""rising"", ""kills"": true, ""reason"": ""0.9% off the high \u2014 back side of the move."", ""state"": ""PASS"", ""value"": ""0.9% off 3.51""}, {""id"": ""split"", ""kills"": false, ""reason"": """", ""state"": ""PASS"", ""value"": ""gap is not arithmetic""}, {""id"": ""instrument"", ""kills"": false, ""reason"": """", ""state"": ""UNKNOWN"", ""value"": ""\u2014""}, {""id"": ""tick"", ""kills"": false, ""reason"": """", ""state"": ""UNKNOWN"", ""value"": ""\u2014""}, {""id"": ""buyout"", ""kills"": true, ""reason"": ""Acquisition announced \u2014 the price is pinned and volatility is gone."", ""state"": ""PASS"", ""value"": ""none""}, {""id"": ""vwap"", ""kills"": false, ""reason"": """", ""state"": ""PASS"", ""value"": ""yes""}, {""id"": ""ema9"", ""kills"": false, ""reason"": """", ""state"": ""PASS"", ""value"": ""yes""}, {""id"": ""macd"", ""kills"": false, ""reason"": """", ""state"": ""PASS"", ""value"": ""yes""}, {""id"": ""tape"", ""kills"": false, ""reason"": ""No tape and no book in this tool."", ""state"": ""MANUAL_CONFIRMATION_REQUIRED"", ""value"": ""your eyes""}]","[""Instrument type unknown \u2014 ADRs are fine, funds are not.""]","{""above_ema9"": true, ""above_vwap"": true, ""buyout_announced"": false, ""catalyst_source_ok"": true, ""catalyst_today"": true, ""catalyst_verdict"": ""WEAK"", ""change_pct"": 60.36866359447004, ""feed_stale"": false, ""float_is_shares_outstanding"": false, ""float_shares"": 1590000.0, ""float_verified"": true, ""halted"": false, ""in_session_window"": true, ""is_fund_or_etf"": null, ""last"": 3.48, ""live_theme"": false, ""macd_positive_and_above_signal"": true, ""penny_theme"": false, ""premarket_volume"": null, ""prev_close"": null, ""rvol"": 674.1426067665003, ""session_high"": 3.51, ""session_volume"": 30386978.0, ""split_ratio_clean_integer"": null, ""symbol"": ""VEEA"", ""tick_size"": null}",3.48,3.29,3.86,0.19,2.0,1,1,TAKEN,[],2026-10-01T13:34:23+00:00,2026-10-01T13:34:23+00:00,29c30d884550,00f7105,2026-10-01T09:35:00-04:00,"{""bar_end"": ""2026-10-01T09:35:00-04:00"", ""bar_to_published_s"": -37, ""published"": ""2026-10-01T13:34:23+00:00"", ""published_to_seen_s"": 1, ""quote_ts"": ""2026-10-01T13:34:22+00:00"", ""runner_seen"": ""2026-10-01T13:34:23+00:00""}","{""bar"": [3.3598, 3.49, 3.3, 3.48, 368737], ""bars"": 167, ""ema9"": 3.2276, ""last"": 3.48, ""macd_hist"": 0.053124, ""vwap"": 3.1145}",3.48,2.3684,-2.5263,1,1,target,1,2026-10-01T13:35:00Z,3.93,3.09,3.09
0deafcb1765ee3fc,2026-10-01T09:35:00-04:00,regular,MEDS,pullback,ibkr-VEEA-NXL-MEDS,IBKR · TWS read-only · live,live,1m,4.005,4.0,4.01,5.44,20029849.0,84.82192343525027,26.34069400630914,1540000.0,verified,finviz via premarket_stars.py,1,0,REJECT,rising,0,"[{""id"": ""price"", ""kills"": true, ""reason"": ""$4.00 is outside $2.00\u201320.00."", ""state"": ""PASS"", ""value"": ""$4.00  band $2.00\u201320.00""}, {""id"": ""float"", ""kills"": false, ""reason"": """", ""state"": ""PASS"", ""value"": ""1.5M (verified)""}, {""id"": ""catalyst"", ""kills"": false, ""reason"": """", ""state"": ""PASS"", ""value"": ""news today \u00b7 STRONG""}, {""id"": ""pillars"", ""kills"": true, ""reason"": ""Only 5 of the Five Pillars pass (need 4); missing ."", ""state"": ""PASS"", ""value"": ""5/5""}, {""id"": ""rising"", ""kills"": true, ""reason"": ""26.4% off the high \u2014 back side of the move."", ""state"": ""FAIL"", ""value"": ""26.4% off 5.44""}, {""id"": ""split"", ""kills"": false, ""reason"": ""cascade already stopped"", ""state"": ""NOT_APPLICABLE"", ""value"": ""\u2014""}, {""id"": ""instrument"", ""kills"": false, ""reason"": ""cascade already stopped"", ""state"": ""NOT_APPLICABLE"", ""value"": ""\u2014""}, {""id"": ""tick"", ""kills"": false, ""reason"": ""cascade already stopped"", ""state"": ""NOT_APPLICABLE"", ""value"": ""\u2014""}, {""id"": ""buyout"", ""kills"": false, ""reason"": ""cascade already stopped"", ""state"": ""NOT_APPLICABLE"", ""value"": ""\u2014""}]",[],"{""above_ema9"": true, ""above_vwap"": false, ""buyout_announced"": false, ""catalyst_source_ok"": true, ""catalyst_today"": true, ""catalyst_verdict"": ""STRONG"", ""change_pct"": 26.34069400630914, ""feed_stale"": false, ""float_is_shares_outstanding"": false, ""float_shares"": 1540000.0, ""float_verified"": true, ""halted"": false, ""in_session_window"": true, ""is_fund_or_etf"": null, ""last"": 4.005, ""live_theme"": false, ""macd_positive_and_above_signal"": true, ""penny_theme"": false, ""premarket_volume"": null, ""prev_close"": null, ""rvol"": 84.82192343525027, ""session_high"": 5.44, ""session_volume"": 20029849.0, ""split_ratio_clean_integer"": null, ""symbol"": ""MEDS"", ""tick_size"": null}",4.07,3.94,4.33,0.13,2.0,2,1,SUPPRESSED,,,2026-10-01T13:35:13+00:00,29c30d884550,00f7105,2026-10-01T09:36:00-04:00,,"{""bar"": [4.06, 4.11, 4.0, 4.005, 113510], ""bars"": 336, ""ema9"": 3.9843, ""last"": 4.005, ""macd_hist"": 0.014253, ""vwap"": 4.4793}",4.07,2.1538,-1.4615,1,1,target,1,2026-10-01T13:37:00Z,4.35,3.98,3.925
6bef76b818eea7f7,2026-10-01T09:35:00-04:00,regular,NAMM,pullback,ibkr-VEEA-NXL-MEDS,IBKR · TWS read-only · live,live,1m,1.015,1.01,1.02,1.25,4027877.0,89.32971834109559,5.9167275383491535,6750000.0,verified,finviz on join,0,0,REJECT,price,0,"[{""id"": ""price"", ""kills"": true, ""reason"": ""$1.01 is outside $2.00\u201320.00."", ""state"": ""FAIL"", ""value"": ""$1.01  band $2.00\u201320.00""}, {""id"": ""float"", ""kills"": false, ""reason"": ""cascade already stopped"", ""state"": ""NOT_APPLICABLE"", ""value"": ""\u2014""}, {""id"": ""catalyst"", ""kills"": false, ""reason"": ""cascade already stopped"", ""state"": ""NOT_APPLICABLE"", ""value"": ""\u2014""}, {""id"": ""pillars"", ""kills"": false, ""reason"": ""cascade already stopped"", ""state"": ""NOT_APPLICABLE"", ""value"": ""\u2014""}, {""id"": ""rising"", ""kills"": false, ""reason"": ""cascade already stopped"", ""state"": ""NOT_APPLICABLE"", ""value"": ""\u2014""}, {""id"": ""split"", ""kills"": false, ""reason"": ""cascade already stopped"", ""state"": ""NOT_APPLICABLE"", ""value"": ""\u2014""}, {""id"": ""instrument"", ""kills"": false, ""reason"": ""cascade already stopped"", ""state"": ""NOT_APPLICABLE"", ""value"": ""\u2014""}, {""id"": ""tick"", ""kills"": false, ""reason"": ""cascade already stopped"", ""state"": ""NOT_APPLICABLE"", ""value"": ""\u2014""}, {""id"": ""buyout"", ""kills"": false, ""reason"": ""cascade already stopped"", ""state"": ""NOT_APPLICABLE"", ""value"": ""\u2014""}]",[],"{""above_ema9"": true, ""above_vwap"": false, ""buyout_announced"": false, ""catalyst_source_ok"": true, ""catalyst_today"": false, ""catalyst_verdict"": ""NONE"", ""change_pct"": 5.9167275383491535, ""feed_stale"": false, ""float_is_shares_outstanding"": false, ""float_shares"": 6750000.0, ""float_verified"": true, ""halted"": false, ""in_session_window"": true, ""is_fund_or_etf"": null, ""last"": 1.015, ""live_theme"": false, ""macd_positive_and_above_signal"": true, ""penny_theme"": false, ""premarket_volume"": null, ""prev_close"": null, ""rvol"": 89.32971834109559, ""session_high"": 1.25, ""session_volume"": 4027877.0, ""split_ratio_clean_integer"": null, ""symbol"": ""NAMM"", ""tick_size"": null}",1.02,0.982,1.096,0.038,2.0,1,0,SUPPRESSED,,,2026-10-01T13:35:33+00:00,29c30d884550,00f7105,2026-10-01T09:36:00-04:00,,"{""bar"": [1.0091, 1.015, 1.0, 1.015, 6970], ""bars"": 331, ""ema9"": 1.0032, ""last"": 1.015, ""macd_hist"": 0.003315, ""vwap"": 1.0885}",1.02,3.9474,-0.5263,0,1,target,1,2026-10-01T13:36:00Z,1.05,1.0,1.135
bf1739b28208201b,2026-10-01T09:51:00-04:00,regular,VEEA,pullback,ibkr-VEEA-NXL-MEDS,IBKR · TWS read-only · live,live,1m,3.27,3.26,3.28,3.93,42743960.0,584.157327939649,50.69124423963134,1590000.0,verified,finviz via premarket_stars.py,1,0,WAIT,,1,"[{""id"": ""price"", ""kills"": true, ""reason"": ""$3.27 is outside $2.00\u201320.00."", ""state"": ""PASS"", ""value"": ""$3.27  band $2.00\u201320.00""}, {""id"": ""float"", ""kills"": false, ""reason"": """", ""state"": ""PASS"", ""value"": ""1.6M (verified)""}, {""id"": ""catalyst"", ""kills"": false, ""reason"": """", ""state"": ""PASS"", ""value"": ""news today \u00b7 WEAK""}, {""id"": ""pillars"", ""kills"": true, ""reason"": ""Only 5 of the Five Pillars pass (need 4); missing ."", ""state"": ""PASS"", ""value"": ""5/5""}, {""id"": ""rising"", ""kills"": true, ""reason"": ""16.8% off the high \u2014 back side of the move."", ""state"": ""PASS"", ""value"": ""16.8% off 3.93""}, {""id"": ""split"", ""kills"": false, ""reason"": """", ""state"": ""PASS"", ""value"": ""gap is not arithmetic""}, {""id"": ""instrument"", ""kills"": false, ""reason"": """", ""state"": ""UNKNOWN"", ""value"": ""\u2014""}, {""id"": ""tick"", ""kills"": false, ""reason"": """", ""state"": ""UNKNOWN"", ""value"": ""\u2014""}, {""id"": ""buyout"", ""kills"": true, ""reason"": ""Acquisition announced \u2014 the price is pinned and volatility is gone."", ""state"": ""PASS"", ""value"": ""none""}, {""id"": ""vwap"", ""kills"": false, ""reason"": """", ""state"": ""PASS"", ""value"": ""yes""}, {""id"": ""ema9"", ""kills"": false, ""reason"": """", ""state"": ""PASS"", ""value"": ""yes""}, {""id"": ""macd"", ""kills"": false, ""reason"": """", ""state"": ""FAIL"", ""value"": ""no""}, {""id"": ""tape"", ""kills"": false, ""reason"": ""No tape and no book in this tool."", ""state"": ""MANUAL_CONFIRMATION_REQUIRED"", ""value"": ""your eyes""}]","[""Instrument type unknown \u2014 ADRs are fine, funds are not.""]","{""above_ema9"": true, ""above_vwap"": true, ""buyout_announced"": false, ""catalyst_source_ok"": true, ""catalyst_today"": true, ""catalyst_verdict"": ""WEAK"", ""change_pct"": 50.69124423963134, ""feed_stale"": false, ""float_is_shares_outstanding"": false, ""float_shares"": 1590000.0, ""float_verified"": true, ""halted"": false, ""in_session_window"": true, ""is_fund_or_etf"": null, ""last"": 3.27, ""live_theme"": false, ""macd_positive_and_above_signal"": false, ""penny_theme"": false, ""premarket_volume"": null, ""prev_close"": null, ""rvol"": 584.157327939649, ""session_high"": 3.93, ""session_volume"": 42743960.0, ""split_ratio_clean_integer"": null, ""symbol"": ""VEEA"", ""tick_size"": null}",3.28,3.19,3.46,0.09,2.0,3,1,REFUSED,"[""Layer 2 not green: MACD not positive and above its signal (verdict WAIT) \u2014 chart gates must all be true at entry""]",2026-10-01T13:51:35+00:00,2026-10-01T13:51:31+00:00,29c30d884550,00f7105,2026-10-01T09:52:00-04:00,"{""bar_end"": ""2026-10-01T09:52:00-04:00"", ""bar_to_published_s"": -29, ""published"": ""2026-10-01T13:51:31+00:00"", ""published_to_seen_s"": 5, ""quote_ts"": ""2026-10-01T13:51:34+00:00"", ""runner_seen"": ""2026-10-01T13:51:35+00:00""}","{""bar"": [3.2199, 3.28, 3.21, 3.27, 99722], ""bars"": 184, ""ema9"": 3.2684, ""last"": 3.27, ""macd_hist"": -0.027875, ""vwap"": 3.2236}",3.28,2.6667,-3.1111,1,1,stop,1,2026-10-01T13:52:00Z,3.4,3.09,3.09
1a48d0ddecf76bd2,2026-10-01T10:04:00-04:00,regular,VEEA,pullback,ibkr-VEEA-NXL-MEDS,IBKR · TWS read-only · live,live,1m,3.23,3.23,3.24,3.93,45387019.0,559.2909391135045,48.84792626728112,1590000.0,verified,finviz via premarket_stars.py,1,0,WAIT,,1,"[{""id"": ""price"", ""kills"": true, ""reason"": ""$3.23 is outside $2.00\u201320.00."", ""state"": ""PASS"", ""value"": ""$3.23  band $2.00\u201320.00""}, {""id"": ""float"", ""kills"": false, ""reason"": """", ""state"": ""PASS"", ""value"": ""1.6M (verified)""}, {""id"": ""catalyst"", ""kills"": false, ""reason"": """", ""state"": ""PASS"", ""value"": ""news today \u00b7 WEAK""}, {""id"": ""pillars"", ""kills"": true, ""reason"": ""Only 5 of the Five Pillars pass (need 4); missing ."", ""state"": ""PASS"", ""value"": ""5/5""}, {""id"": ""rising"", ""kills"": true, ""reason"": ""17.8% off the high \u2014 back side of the move."", ""state"": ""PASS"", ""value"": ""17.8% off 3.93""}, {""id"": ""split"", ""kills"": false, ""reason"": """", ""state"": ""PASS"", ""value"": ""gap is not arithmetic""}, {""id"": ""instrument"", ""kills"": false, ""reason"": """", ""state"": ""UNKNOWN"", ""value"": ""\u2014""}, {""id"": ""tick"", ""kills"": false, ""reason"": """", ""state"": ""UNKNOWN"", ""value"": ""\u2014""}, {""id"": ""buyout"", ""kills"": true, ""reason"": ""Acquisition announced \u2014 the price is pinned and volatility is gone."", ""state"": ""PASS"", ""value"": ""none""}, {""id"": ""vwap"", ""kills"": false, ""reason"": """", ""state"": ""PASS"", ""value"": ""yes""}, {""id"": ""ema9"", ""kills"": false, ""reason"": """", ""state"": ""PASS"", ""value"": ""yes""}, {""id"": ""macd"", ""kills"": false, ""reason"": """", ""state"": ""FAIL"", ""value"": ""no""}, {""id"": ""tape"", ""kills"": false, ""reason"": ""No tape and no book in this tool."", ""state"": ""MANUAL_CONFIRMATION_REQUIRED"", ""value"": ""your eyes""}]","[""Instrument type unknown \u2014 ADRs are fine, funds are not.""]","{""above_ema9"": true, ""above_vwap"": true, ""buyout_announced"": false, ""catalyst_source_ok"": true, ""catalyst_today"": true, ""catalyst_verdict"": ""WEAK"", ""change_pct"": 48.84792626728112, ""feed_stale"": false, ""float_is_shares_outstanding"": false, ""float_shares"": 1590000.0, ""float_verified"": true, ""halted"": false, ""in_session_window"": true, ""is_fund_or_etf"": null, ""last"": 3.23, ""live_theme"": false, ""macd_positive_and_above_signal"": false, ""penny_theme"": false, ""premarket_volume"": null, ""prev_close"": null, ""rvol"": 559.2909391135045, ""session_high"": 3.93, ""session_volume"": 45387019.0, ""split_ratio_clean_integer"": null, ""symbol"": ""VEEA"", ""tick_size"": null}",3.25,3.16,3.43,0.09,2.0,4,1,REFUSED,"[""Layer 2 not green: MACD not positive and above its signal (verdict WAIT) \u2014 chart gates must all be true at entry""]",2026-10-01T14:05:02+00:00,2026-10-01T14:05:02+00:00,29c30d884550,00f7105,2026-10-01T10:05:00-04:00,"{""bar_end"": ""2026-10-01T10:05:00-04:00"", ""bar_to_published_s"": 2, ""published"": ""2026-10-01T14:05:02+00:00"", ""published_to_seen_s"": 0, ""quote_ts"": ""2026-10-01T14:05:01+00:00"", ""runner_seen"": ""2026-10-01T14:05:02+00:00""}","{""bar"": [3.205, 3.245, 3.2, 3.23, 75424], ""bars"": 197, ""ema9"": 3.2226, ""last"": 3.23, ""macd_hist"": -0.002048, ""vwap"": 3.2234}",3.25,3.0,-2.7778,1,1,stop,1,2026-10-01T14:05:00Z,3.34,3.13,3.09
46e4b019172566c1,2026-10-01T10:19:00-04:00,regular,MEDS,pullback,ibkr-VEEA-NXL-MEDS,IBKR · TWS read-only · live,live,1m,4.21,4.22,4.23,5.44,24009306.0,37.287958017608624,32.807570977917976,1540000.0,verified,finviz via premarket_stars.py,1,0,WAIT,,1,"[{""id"": ""price"", ""kills"": true, ""reason"": ""$4.21 is outside $2.00\u201320.00."", ""state"": ""PASS"", ""value"": ""$4.21  band $2.00\u201320.00""}, {""id"": ""float"", ""kills"": false, ""reason"": """", ""state"": ""PASS"", ""value"": ""1.5M (verified)""}, {""id"": ""catalyst"", ""kills"": false, ""reason"": """", ""state"": ""PASS"", ""value"": ""news today \u00b7 STRONG""}, {""id"": ""pillars"", ""kills"": true, ""reason"": ""Only 5 of the Five Pillars pass (need 4); missing ."", ""state"": ""PASS"", ""value"": ""5/5""}, {""id"": ""rising"", ""kills"": true, ""reason"": ""22.6% off the high \u2014 back side of the move."", ""state"": ""PASS"", ""value"": ""22.6% off 5.44""}, {""id"": ""split"", ""kills"": false, ""reason"": """", ""state"": ""PASS"", ""value"": ""gap is not arithmetic""}, {""id"": ""instrument"", ""kills"": false, ""reason"": """", ""state"": ""UNKNOWN"", ""value"": ""\u2014""}, {""id"": ""tick"", ""kills"": false, ""reason"": """", ""state"": ""UNKNOWN"", ""value"": ""\u2014""}, {""id"": ""buyout"", ""kills"": true, ""reason"": ""Acquisition announced \u2014 the price is pinned and volatility is gone."", ""state"": ""PASS"", ""value"": ""none""}, {""id"": ""vwap"", ""kills"": false, ""reason"": """", ""state"": ""FAIL"", ""value"": ""no""}, {""id"": ""ema9"", ""kills"": false, ""reason"": """", ""state"": ""PASS"", ""value"": ""yes""}, {""id"": ""macd"", ""kills"": false, ""reason"": """", ""state"": ""PASS"", ""value"": ""yes""}, {""id"": ""tape"", ""kills"": false, ""reason"": ""No tape and no book in this tool."", ""state"": ""MANUAL_CONFIRMATION_REQUIRED"", ""value"": ""your eyes""}]","[""Instrument type unknown \u2014 ADRs are fine, funds are not.""]","{""above_ema9"": true, ""above_vwap"": false, ""buyout_announced"": false, ""catalyst_source_ok"": true, ""catalyst_today"": true, ""catalyst_verdict"": ""STRONG"", ""change_pct"": 32.807570977917976, ""feed_stale"": false, ""float_is_shares_outstanding"": false, ""float_shares"": 1540000.0, ""float_verified"": true, ""halted"": false, ""in_session_window"": true, ""is_fund_or_etf"": null, ""last"": 4.21, ""live_theme"": false, ""macd_positive_and_above_signal"": true, ""penny_theme"": false, ""premarket_volume"": null, ""prev_close"": null, ""rvol"": 37.287958017608624, ""session_high"": 5.44, ""session_volume"": 24009306.0, ""split_ratio_clean_integer"": null, ""symbol"": ""MEDS"", ""tick_size"": null}",4.21,4.135,4.36,0.075,2.0,2,1,REFUSED,"[""Layer 2 not green: below VWAP (verdict WAIT) \u2014 chart gates must all be true at entry"", ""selective (A13): stop 1.9% of price, under 2%""]",2026-10-01T14:19:49+00:00,2026-10-01T14:19:44+00:00,29c30d884550,00f7105,2026-10-01T10:20:00-04:00,"{""bar_end"": ""2026-10-01T10:20:00-04:00"", ""bar_to_published_s"": -16, ""published"": ""2026-10-01T14:19:44+00:00"", ""published_to_seen_s"": 5, ""quote_ts"": ""2026-10-01T14:19:46+00:00"", ""runner_seen"": ""2026-10-01T14:19:49+00:00""}","{""bar"": [4.155, 4.23, 4.1401, 4.21, 70559], ""bars"": 380, ""ema9"": 4.1681, ""last"": 4.21, ""macd_hist"": 0.00074, ""vwap"": 4.4272}",4.21,,,0,0,untriggered,0,,4.2,3.8814,3.925
609be125aff6862a,2026-10-01T10:27:00-04:00,regular,VEEA,pullback,ibkr-VEEA-NXL-MEDS,IBKR · TWS read-only · live,live,1m,3.32,3.33,3.34,3.93,48413162.0,314.31199319608646,52.995391705069125,1590000.0,verified,finviz via premarket_stars.py,1,0,REVIEW,,1,"[{""id"": ""price"", ""kills"": true, ""reason"": ""$3.32 is outside $2.00\u201320.00."", ""state"": ""PASS"", ""value"": ""$3.32  band $2.00\u201320.00""}, {""id"": ""float"", ""kills"": false, ""reason"": """", ""state"": ""PASS"", ""value"": ""1.6M (verified)""}, {""id"": ""catalyst"", ""kills"": false, ""reason"": """", ""state"": ""PASS"", ""value"": ""news today \u00b7 WEAK""}, {""id"": ""pillars"", ""kills"": true, ""reason"": ""Only 5 of the Five Pillars pass (need 4); missing ."", ""state"": ""PASS"", ""value"": ""5/5""}, {""id"": ""rising"", ""kills"": true, ""reason"": ""15.5% off the high \u2014 back side of the move."", ""state"": ""PASS"", ""value"": ""15.5% off 3.93""}, {""id"": ""split"", ""kills"": false, ""reason"": """", ""state"": ""PASS"", ""value"": ""gap is not arithmetic""}, {""id"": ""instrument"", ""kills"": false, ""reason"": """", ""state"": ""UNKNOWN"", ""value"": ""\u2014""}, {""id"": ""tick"", ""kills"": false, ""reason"": """", ""state"": ""UNKNOWN"", ""value"": ""\u2014""}, {""id"": ""buyout"", ""kills"": true, ""reason"": ""Acquisition announced \u2014 the price is pinned and volatility is gone."", ""state"": ""PASS"", ""value"": ""none""}, {""id"": ""vwap"", ""kills"": false, ""reason"": """", ""state"": ""PASS"", ""value"": ""yes""}, {""id"": ""ema9"", ""kills"": false, ""reason"": """", ""state"": ""PASS"", ""value"": ""yes""}, {""id"": ""macd"", ""kills"": false, ""reason"": """", ""state"": ""PASS"", ""value"": ""yes""}, {""id"": ""tape"", ""kills"": false, ""reason"": ""No tape and no book in this tool."", ""state"": ""MANUAL_CONFIRMATION_REQUIRED"", ""value"": ""your eyes""}]","[""Instrument type unknown \u2014 ADRs are fine, funds are not.""]","{""above_ema9"": true, ""above_vwap"": true, ""buyout_announced"": false, ""catalyst_source_ok"": true, ""catalyst_today"": true, ""catalyst_verdict"": ""WEAK"", ""change_pct"": 52.995391705069125, ""feed_stale"": false, ""float_is_shares_outstanding"": false, ""float_shares"": 1590000.0, ""float_verified"": true, ""halted"": false, ""in_session_window"": true, ""is_fund_or_etf"": null, ""last"": 3.32, ""live_theme"": false, ""macd_positive_and_above_signal"": true, ""penny_theme"": false, ""premarket_volume"": null, ""prev_close"": null, ""rvol"": 314.31199319608646, ""session_high"": 3.93, ""session_volume"": 48413162.0, ""split_ratio_clean_integer"": null, ""symbol"": ""VEEA"", ""tick_size"": null}",3.33,3.2401,3.5098,0.0899,2.0,2,0,REFUSED,"[""Layer 2 not green: pullback volume was not lighter than the impulse""]",2026-10-01T14:27:24+00:00,2026-10-01T14:27:21+00:00,29c30d884550,00f7105,2026-10-01T10:28:00-04:00,"{""bar_end"": ""2026-10-01T10:28:00-04:00"", ""bar_to_published_s"": -39, ""published"": ""2026-10-01T14:27:21+00:00"", ""published_to_seen_s"": 4, ""quote_ts"": ""2026-10-01T14:27:21+00:00"", ""runner_seen"": ""2026-10-01T14:27:24+00:00""}","{""bar"": [3.265, 3.33, 3.23, 3.32, 163145], ""bars"": 220, ""ema9"": 3.2498, ""last"": 3.32, ""macd_hist"": 0.015932, ""vwap"": 3.2239}",3.33,2.1135,-3.6707,1,1,stop,1,2026-10-01T14:34:00Z,3.52,3.04,3.09
ee865e0722bb1054,2026-10-01T10:30:00-04:00,regular,MEDS,pullback,ibkr-VEEA-NXL-MEDS,IBKR · TWS read-only · live,live,1m,4.03,4.01,4.05,5.44,24560355.0,34.592633960010595,27.129337539432186,1540000.0,verified,finviz via premarket_stars.py,1,0,REJECT,rising,0,"[{""id"": ""price"", ""kills"": true, ""reason"": ""$4.03 is outside $2.00\u201320.00."", ""state"": ""PASS"", ""value"": ""$4.03  band $2.00\u201320.00""}, {""id"": ""float"", ""kills"": false, ""reason"": """", ""state"": ""PASS"", ""value"": ""1.5M (verified)""}, {""id"": ""catalyst"", ""kills"": false, ""reason"": """", ""state"": ""PASS"", ""value"": ""news today \u00b7 STRONG""}, {""id"": ""pillars"", ""kills"": true, ""reason"": ""Only 5 of the Five Pillars pass (need 4); missing ."", ""state"": ""PASS"", ""value"": ""5/5""}, {""id"": ""rising"", ""kills"": true, ""reason"": ""25.9% off the high \u2014 back side of the move."", ""state"": ""FAIL"", ""value"": ""25.9% off 5.44""}, {""id"": ""split"", ""kills"": false, ""reason"": ""cascade already stopped"", ""state"": ""NOT_APPLICABLE"", ""value"": ""\u2014""}, {""id"": ""instrument"", ""kills"": false, ""reason"": ""cascade already stopped"", ""state"": ""NOT_APPLICABLE"", ""value"": ""\u2014""}, {""id"": ""tick"", ""kills"": false, ""reason"": ""cascade already stopped"", ""state"": ""NOT_APPLICABLE"", ""value"": ""\u2014""}, {""id"": ""buyout"", ""kills"": false, ""reason"": ""cascade already stopped"", ""state"": ""NOT_APPLICABLE"", ""value"": ""\u2014""}]",[],"{""above_ema9"": false, ""above_vwap"": false, ""buyout_announced"": false, ""catalyst_source_ok"": true, ""catalyst_today"": true, ""catalyst_verdict"": ""STRONG"", ""change_pct"": 27.129337539432186, ""feed_stale"": false, ""float_is_shares_outstanding"": false, ""float_shares"": 1540000.0, ""float_verified"": true, ""halted"": false, ""in_session_window"": true, ""is_fund_or_etf"": null, ""last"": 4.03, ""live_theme"": false, ""macd_positive_and_above_signal"": false, ""penny_theme"": false, ""premarket_volume"": null, ""prev_close"": null, ""rvol"": 34.592633960010595, ""session_high"": 5.44, ""session_volume"": 24560355.0, ""split_ratio_clean_integer"": null, ""symbol"": ""MEDS"", ""tick_size"": null}",4.125,4.072,4.231,0.053,2.0,2,1,SUPPRESSED,,,2026-10-01T14:30:11+00:00,29c30d884550,00f7105,2026-10-01T10:31:00-04:00,,"{""bar"": [4.1101, 4.12, 4.03, 4.03, 17296], ""bars"": 391, ""ema9"": 4.0766, ""last"": 4.03, ""macd_hist"": -0.006999, ""vwap"": 4.4193}",4.125,,,0,0,untriggered,0,,4.1,3.8814,3.925
b7b1db9cae69a917,2026-10-01T10:35:00-04:00,regular,NAMM,pullback,ibkr-VEEA-NXL-MEDS,IBKR · TWS read-only · live,live,1m,1.14,1.13,1.14,1.25,5257028.0,42.94922427104354,18.960659501200027,6750000.0,verified,finviz on join,0,0,REJECT,price,0,"[{""id"": ""price"", ""kills"": true, ""reason"": ""$1.14 is outside $2.00\u201320.00."", ""state"": ""FAIL"", ""value"": ""$1.14  band $2.00\u201320.00""}, {""id"": ""float"", ""kills"": false, ""reason"": ""cascade already stopped"", ""state"": ""NOT_APPLICABLE"", ""value"": ""\u2014""}, {""id"": ""catalyst"", ""kills"": false, ""reason"": ""cascade already stopped"", ""state"": ""NOT_APPLICABLE"", ""value"": ""\u2014""}, {""id"": ""pillars"", ""kills"": false, ""reason"": ""cascade already stopped"", ""state"": ""NOT_APPLICABLE"", ""value"": ""\u2014""}, {""id"": ""rising"", ""kills"": false, ""reason"": ""cascade already stopped"", ""state"": ""NOT_APPLICABLE"", ""value"": ""\u2014""}, {""id"": ""split"", ""kills"": false, ""reason"": ""cascade already stopped"", ""state"": ""NOT_APPLICABLE"", ""value"": ""\u2014""}, {""id"": ""instrument"", ""kills"": false, ""reason"": ""cascade already stopped"", ""state"": ""NOT_APPLICABLE"", ""value"": ""\u2014""}, {""id"": ""tick"", ""kills"": false, ""reason"": ""cascade already stopped"", ""state"": ""NOT_APPLICABLE"", ""value"": ""\u2014""}, {""id"": ""buyout"", ""kills"": false, ""reason"": ""cascade already stopped"", ""state"": ""NOT_APPLICABLE"", ""value"": ""\u2014""}]",[],"{""above_ema9"": true, ""above_vwap"": true, ""buyout_announced"": false, ""catalyst_source_ok"": true, ""catalyst_today"": false, ""catalyst_verdict"": ""NONE"", ""change_pct"": 18.960659501200027, ""feed_stale"": false, ""float_is_shares_outstanding"": false, ""float_shares"": 6750000.0, ""float_verified"": true, ""halted"": false, ""in_session_window"": true, ""is_fund_or_etf"": null, ""last"": 1.14, ""live_theme"": false, ""macd_positive_and_above_signal"": true, ""penny_theme"": false, ""premarket_volume"": null, ""prev_close"": null, ""rvol"": 42.94922427104354, ""session_high"": 1.25, ""session_volume"": 5257028.0, ""split_ratio_clean_integer"": null, ""symbol"": ""NAMM"", ""tick_size"": null}",1.125,1.09,1.195,0.035,2.0,2,1,SUPPRESSED,,,2026-10-01T14:35:11+00:00,29c30d884550,00f7105,2026-10-01T10:36:00-04:00,,"{""bar"": [1.115, 1.14, 1.11, 1.14, 8797], ""bars"": 391, ""ema9"": 1.1106, ""last"": 1.14, ""macd_hist"": 0.002811, ""vwap"": 1.0838}",1.125,1.2857,-0.8571,0,0,neither,1,2026-10-01T14:36:00Z,1.17,1.095,1.135
9e784368bc0fd5f9,2026-10-01T10:39:00-04:00,regular,NXL,pullback,ibkr-VEEA-NXL-MEDS,IBKR · TWS read-only · live,live,1m,7.53,7.61,7.67,10.98,26648669.0,2529.320608585883,75.93457943925233,650000.0,verified,finviz via premarket_stars.py,1,0,REJECT,rising,0,"[{""id"": ""price"", ""kills"": true, ""reason"": ""$7.53 is outside $2.00\u201320.00."", ""state"": ""PASS"", ""value"": ""$7.53  band $2.00\u201320.00""}, {""id"": ""float"", ""kills"": false, ""reason"": """", ""state"": ""PASS"", ""value"": ""0.7M (verified)""}, {""id"": ""catalyst"", ""kills"": false, ""reason"": """", ""state"": ""PASS"", ""value"": ""news today \u00b7 WEAK""}, {""id"": ""pillars"", ""kills"": true, ""reason"": ""Only 5 of the Five Pillars pass (need 4); missing ."", ""state"": ""PASS"", ""value"": ""5/5""}, {""id"": ""rising"", ""kills"": true, ""reason"": ""31.4% off the high \u2014 back side of the move."", ""state"": ""FAIL"", ""value"": ""31.4% off 10.98""}, {""id"": ""split"", ""kills"": false, ""reason"": ""cascade already stopped"", ""state"": ""NOT_APPLICABLE"", ""value"": ""\u2014""}, {""id"": ""instrument"", ""kills"": false, ""reason"": ""cascade already stopped"", ""state"": ""NOT_APPLICABLE"", ""value"": ""\u2014""}, {""id"": ""tick"", ""kills"": false, ""reason"": ""cascade already stopped"", ""state"": ""NOT_APPLICABLE"", ""value"": ""\u2014""}, {""id"": ""buyout"", ""kills"": false, ""reason"": ""cascade already stopped"", ""state"": ""NOT_APPLICABLE"", ""value"": ""\u2014""}]",[],"{""above_ema9"": true, ""above_vwap"": false, ""buyout_announced"": false, ""catalyst_source_ok"": true, ""catalyst_today"": true, ""catalyst_verdict"": ""WEAK"", ""change_pct"": 75.93457943925233, ""feed_stale"": false, ""float_is_shares_outstanding"": false, ""float_shares"": 650000.0, ""float_verified"": true, ""halted"": false, ""in_session_window"": true, ""is_fund_or_etf"": null, ""last"": 7.53, ""live_theme"": false, ""macd_positive_and_above_signal"": true, ""penny_theme"": false, ""premarket_volume"": null, ""prev_close"": null, ""rvol"": 2529.320608585883, ""session_high"": 10.98, ""session_volume"": 26648669.0, ""split_ratio_clean_integer"": null, ""symbol"": ""NXL"", ""tick_size"": null}",7.51,7.34,7.85,0.17,2.0,1,1,SUPPRESSED,,,2026-10-01T14:40:02+00:00,29c30d884550,00f7105,2026-10-01T10:40:00-04:00,,"{""bar"": [7.41, 7.55, 7.2, 7.53, 132769], ""bars"": 130, ""ema9"": 7.443, ""last"": 7.53, ""macd_hist"": 0.055717, ""vwap"": 7.5341}",7.51,6.2941,-3.5882,1,1,stop,1,2026-10-01T14:40:00Z,8.58,7.23,7.34
6184c25550fb0932,2026-10-01T10:41:00-04:00,regular,VEEA,pullback,ibkr-VEEA-NXL-MEDS,IBKR · TWS read-only · live,live,1m,3.325,3.32,3.33,3.93,51158728.0,306.6150913994606,53.225806451612925,1590000.0,verified,finviz via premarket_stars.py,1,0,REVIEW,,1,"[{""id"": ""price"", ""kills"": true, ""reason"": ""$3.33 is outside $2.00\u201320.00."", ""state"": ""PASS"", ""value"": ""$3.33  band $2.00\u201320.00""}, {""id"": ""float"", ""kills"": false, ""reason"": """", ""state"": ""PASS"", ""value"": ""1.6M (verified)""}, {""id"": ""catalyst"", ""kills"": false, ""reason"": """", ""state"": ""PASS"", ""value"": ""news today \u00b7 WEAK""}, {""id"": ""pillars"", ""kills"": true, ""reason"": ""Only 5 of the Five Pillars pass (need 4); missing ."", ""state"": ""PASS"", ""value"": ""5/5""}, {""id"": ""rising"", ""kills"": true, ""reason"": ""15.4% off the high \u2014 back side of the move."", ""state"": ""PASS"", ""value"": ""15.4% off 3.93""}, {""id"": ""split"", ""kills"": false, ""reason"": """", ""state"": ""PASS"", ""value"": ""gap is not arithmetic""}, {""id"": ""instrument"", ""kills"": false, ""reason"": """", ""state"": ""UNKNOWN"", ""value"": ""\u2014""}, {""id"": ""tick"", ""kills"": false, ""reason"": """", ""state"": ""UNKNOWN"", ""value"": ""\u2014""}, {""id"": ""buyout"", ""kills"": true, ""reason"": ""Acquisition announced \u2014 the price is pinned and volatility is gone."", ""state"": ""PASS"", ""value"": ""none""}, {""id"": ""vwap"", ""kills"": false, ""reason"": """", ""state"": ""PASS"", ""value"": ""yes""}, {""id"": ""ema9"", ""kills"": false, ""reason"": """", ""state"": ""PASS"", ""value"": ""yes""}, {""id"": ""macd"", ""kills"": false, ""reason"": """", ""state"": ""PASS"", ""value"": ""yes""}, {""id"": ""tape"", ""kills"": false, ""reason"": ""No tape and no book in this tool."", ""state"": ""MANUAL_CONFIRMATION_REQUIRED"", ""value"": ""your eyes""}]","[""Instrument type unknown \u2014 ADRs are fine, funds are not.""]","{""above_ema9"": true, ""above_vwap"": true, ""buyout_announced"": false, ""catalyst_source_ok"": true, ""catalyst_today"": true, ""catalyst_verdict"": ""WEAK"", ""change_pct"": 53.225806451612925, ""feed_stale"": false, ""float_is_shares_outstanding"": false, ""float_shares"": 1590000.0, ""float_verified"": true, ""halted"": false, ""in_session_window"": true, ""is_fund_or_etf"": null, ""last"": 3.325, ""live_theme"": false, ""macd_positive_and_above_signal"": true, ""penny_theme"": false, ""premarket_volume"": null, ""prev_close"": null, ""rvol"": 306.6150913994606, ""session_high"": 3.93, ""session_volume"": 51158728.0, ""split_ratio_clean_integer"": null, ""symbol"": ""VEEA"", ""tick_size"": null}",3.3399,3.21,3.5997,0.1299,2.0,3,0,REFUSED,"[""Layer 2 not green: pullback volume was not lighter than the impulse""]",2026-10-01T14:42:01+00:00,2026-10-01T14:42:00+00:00,29c30d884550,00f7105,2026-10-01T10:42:00-04:00,"{""bar_end"": ""2026-10-01T10:42:00-04:00"", ""bar_to_published_s"": 0, ""published"": ""2026-10-01T14:42:00+00:00"", ""published_to_seen_s"": 1, ""quote_ts"": ""2026-10-01T14:42:00+00:00"", ""runner_seen"": ""2026-10-01T14:42:01+00:00""}","{""bar"": [3.265, 3.33, 3.265, 3.325, 86925], ""bars"": 234, ""ema9"": 3.2965, ""last"": 3.325, ""macd_hist"": 0.004647, ""vwap"": 3.228}",3.3399,1.3865,-2.6166,1,0,stop,1,2026-10-01T14:42:00Z,3.52,3.0,3.09
ee1596797aacec69,2026-10-01T10:46:00-04:00,regular,MEDS,pullback,ibkr-VEEA-NXL-MEDS,IBKR · TWS read-only · live,live,1m,3.977,3.97,4.0,5.44,24941672.0,32.41261850150421,25.457413249211356,1540000.0,verified,finviz via premarket_stars.py,1,0,REJECT,rising,0,"[{""id"": ""price"", ""kills"": true, ""reason"": ""$3.98 is outside $2.00\u201320.00."", ""state"": ""PASS"", ""value"": ""$3.98  band $2.00\u201320.00""}, {""id"": ""float"", ""kills"": false, ""reason"": """", ""state"": ""PASS"", ""value"": ""1.5M (verified)""}, {""id"": ""catalyst"", ""kills"": false, ""reason"": """", ""state"": ""PASS"", ""value"": ""news today \u00b7 STRONG""}, {""id"": ""pillars"", ""kills"": true, ""reason"": ""Only 5 of the Five Pillars pass (need 4); missing ."", ""state"": ""PASS"", ""value"": ""5/5""}, {""id"": ""rising"", ""kills"": true, ""reason"": ""26.9% off the high \u2014 back side of the move."", ""state"": ""FAIL"", ""value"": ""26.9% off 5.44""}, {""id"": ""split"", ""kills"": false, ""reason"": ""cascade already stopped"", ""state"": ""NOT_APPLICABLE"", ""value"": ""\u2014""}, {""id"": ""instrument"", ""kills"": false, ""reason"": ""cascade already stopped"", ""state"": ""NOT_APPLICABLE"", ""value"": ""\u2014""}, {""id"": ""tick"", ""kills"": false, ""reason"": ""cascade already stopped"", ""state"": ""NOT_APPLICABLE"", ""value"": ""\u2014""}, {""id"": ""buyout"", ""kills"": false, ""reason"": ""cascade already stopped"", ""state"": ""NOT_APPLICABLE"", ""value"": ""\u2014""}]",[],"{""above_ema9"": true, ""above_vwap"": false, ""buyout_announced"": false, ""catalyst_source_ok"": true, ""catalyst_today"": true, ""catalyst_verdict"": ""STRONG"", ""change_pct"": 25.457413249211356, ""feed_stale"": false, ""float_is_shares_outstanding"": false, ""float_shares"": 1540000.0, ""float_verified"": true, ""halted"": false, ""in_session_window"": true, ""is_fund_or_etf"": null, ""last"": 3.977, ""live_theme"": false, ""macd_positive_and_above_signal"": true, ""penny_theme"": false, ""premarket_volume"": null, ""prev_close"": null, ""rvol"": 32.41261850150421, ""session_high"": 5.44, ""session_volume"": 24941672.0, ""split_ratio_clean_integer"": null, ""symbol"": ""MEDS"", ""tick_size"": null}",3.98,3.93,4.08,0.05,2.0,3,1,SUPPRESSED,,,2026-10-01T14:46:14+00:00,29c30d884550,00f7105,2026-10-01T10:47:00-04:00,,"{""bar"": [3.97, 3.977, 3.965, 3.977, 1034], ""bars"": 407, ""ema9"": 3.9766, ""last"": 3.977, ""macd_hist"": 0.001763, ""vwap"": 4.4125}",3.98,1.2,-2.0,1,0,stop,1,2026-10-01T14:47:00Z,4.04,3.88,3.925
cec028037abceffd,2026-10-01T10:50:00-04:00,regular,NXL,pullback,ibkr-VEEA-NXL-MEDS,IBKR · TWS read-only · live,live,1m,7.84,7.75,7.81,10.98,27925229.0,2650.483489782553,83.17757009345792,650000.0,verified,finviz via premarket_stars.py,1,0,REJECT,rising,0,"[{""id"": ""price"", ""kills"": true, ""reason"": ""$7.84 is outside $2.00\u201320.00."", ""state"": ""PASS"", ""value"": ""$7.84  band $2.00\u201320.00""}, {""id"": ""float"", ""kills"": false, ""reason"": """", ""state"": ""PASS"", ""value"": ""0.7M (verified)""}, {""id"": ""catalyst"", ""kills"": false, ""reason"": """", ""state"": ""PASS"", ""value"": ""news today \u00b7 WEAK""}, {""id"": ""pillars"", ""kills"": true, ""reason"": ""Only 5 of the Five Pillars pass (need 4); missing ."", ""state"": ""PASS"", ""value"": ""5/5""}, {""id"": ""rising"", ""kills"": true, ""reason"": ""28.6% off the high \u2014 back side of the move."", ""state"": ""FAIL"", ""value"": ""28.6% off 10.98""}, {""id"": ""split"", ""kills"": false, ""reason"": ""cascade already stopped"", ""state"": ""NOT_APPLICABLE"", ""value"": ""\u2014""}, {""id"": ""instrument"", ""kills"": false, ""reason"": ""cascade already stopped"", ""state"": ""NOT_APPLICABLE"", ""value"": ""\u2014""}, {""id"": ""tick"", ""kills"": false, ""reason"": ""cascade already stopped"", ""state"": ""NOT_APPLICABLE"", ""value"": ""\u2014""}, {""id"": ""buyout"", ""kills"": false, ""reason"": ""cascade already stopped"", ""state"": ""NOT_APPLICABLE"", ""value"": ""\u2014""}]",[],"{""above_ema9"": true, ""above_vwap"": true, ""buyout_announced"": false, ""catalyst_source_ok"": true, ""catalyst_today"": true, ""catalyst_verdict"": ""WEAK"", ""change_pct"": 83.17757009345792, ""feed_stale"": false, ""float_is_shares_outstanding"": false, ""float_shares"": 650000.0, ""float_verified"": true, ""halted"": false, ""in_session_window"": true, ""is_fund_or_etf"": null, ""last"": 7.84, ""live_theme"": false, ""macd_positive_and_above_signal"": true, ""penny_theme"": false, ""premarket_volume"": null, ""prev_close"": null, ""rvol"": 2650.483489782553, ""session_high"": 10.98, ""session_volume"": 27925229.0, ""split_ratio_clean_integer"": null, ""symbol"": ""NXL"", ""tick_size"": null}",7.72,7.4,8.36,0.32,2.0,3,1,SUPPRESSED,,,2026-10-01T14:50:11+00:00,29c30d884550,00f7105,2026-10-01T10:51:00-04:00,,"{""bar"": [7.66, 7.85, 7.66, 7.84, 48956], ""bars"": 141, ""ema9"": 7.6293, ""last"": 7.84, ""macd_hist"": 0.081575, ""vwap"": 7.5365}",7.72,2.6875,-2.5625,1,1,target,1,2026-10-01T14:51:00Z,8.58,7.34,7.34
10c969cdd55aa3bf,2026-10-01T11:11:00-04:00,regular,VEEA,pullback,ibkr-VEEA-NXL-MEDS,IBKR · TWS read-only · live,live,1m,3.115,3.11,3.12,3.93,55606067.0,304.9731916130554,43.5483870967742,1590000.0,verified,finviz via premarket_stars.py,1,0,WAIT,,1,"[{""id"": ""price"", ""kills"": true, ""reason"": ""$3.12 is outside $2.00\u201320.00."", ""state"": ""PASS"", ""value"": ""$3.12  band $2.00\u201320.00""}, {""id"": ""float"", ""kills"": false, ""reason"": """", ""state"": ""PASS"", ""value"": ""1.6M (verified)""}, {""id"": ""catalyst"", ""kills"": false, ""reason"": """", ""state"": ""PASS"", ""value"": ""news today \u00b7 WEAK""}, {""id"": ""pillars"", ""kills"": true, ""reason"": ""Only 5 of the Five Pillars pass (need 4); missing ."", ""state"": ""PASS"", ""value"": ""5/5""}, {""id"": ""rising"", ""kills"": true, ""reason"": ""20.7% off the high \u2014 back side of the move."", ""state"": ""PASS"", ""value"": ""20.7% off 3.93""}, {""id"": ""split"", ""kills"": false, ""reason"": """", ""state"": ""PASS"", ""value"": ""gap is not arithmetic""}, {""id"": ""instrument"", ""kills"": false, ""reason"": """", ""state"": ""UNKNOWN"", ""value"": ""\u2014""}, {""id"": ""tick"", ""kills"": false, ""reason"": """", ""state"": ""UNKNOWN"", ""value"": ""\u2014""}, {""id"": ""buyout"", ""kills"": true, ""reason"": ""Acquisition announced \u2014 the price is pinned and volatility is gone."", ""state"": ""PASS"", ""value"": ""none""}, {""id"": ""vwap"", ""kills"": false, ""reason"": """", ""state"": ""FAIL"", ""value"": ""no""}, {""id"": ""ema9"", ""kills"": false, ""reason"": """", ""state"": ""PASS"", ""value"": ""yes""}, {""id"": ""macd"", ""kills"": false, ""reason"": """", ""state"": ""PASS"", ""value"": ""yes""}, {""id"": ""tape"", ""kills"": false, ""reason"": ""No tape and no book in this tool."", ""state"": ""MANUAL_CONFIRMATION_REQUIRED"", ""value"": ""your eyes""}]","[""Instrument type unknown \u2014 ADRs are fine, funds are not.""]","{""above_ema9"": true, ""above_vwap"": false, ""buyout_announced"": false, ""catalyst_source_ok"": true, ""catalyst_today"": true, ""catalyst_verdict"": ""WEAK"", ""change_pct"": 43.5483870967742, ""feed_stale"": false, ""float_is_shares_outstanding"": false, ""float_shares"": 1590000.0, ""float_verified"": true, ""halted"": false, ""in_session_window"": true, ""is_fund_or_etf"": null, ""last"": 3.115, ""live_theme"": false, ""macd_positive_and_above_signal"": true, ""penny_theme"": false, ""premarket_volume"": null, ""prev_close"": null, ""rvol"": 304.9731916130554, ""session_high"": 3.93, ""session_volume"": 55606067.0, ""split_ratio_clean_integer"": null, ""symbol"": ""VEEA"", ""tick_size"": null}",3.12,3.08,3.2,0.04,2.0,3,1,REFUSED,"[""Layer 2 not green: below VWAP (verdict WAIT) \u2014 chart gates must all be true at entry"", ""selective (A13): stop 1.3% of price, under 2%""]",2026-10-01T15:12:04+00:00,2026-10-01T15:12:03+00:00,29c30d884550,00f7105,2026-10-01T11:12:00-04:00,"{""bar_end"": ""2026-10-01T11:12:00-04:00"", ""bar_to_published_s"": 3, ""published"": ""2026-10-01T15:12:03+00:00"", ""published_to_seen_s"": 2, ""quote_ts"": ""2026-10-01T15:12:02+00:00"", ""runner_seen"": ""2026-10-01T15:12:04+00:00""}","{""bar"": [3.1, 3.12, 3.09, 3.115, 33800], ""bars"": 264, ""ema9"": 3.1091, ""last"": 3.115, ""macd_hist"": 0.005958, ""vwap"": 3.2298}",3.12,1.75,-1.5,1,0,stop,1,2026-10-01T15:12:00Z,3.19,3.06,3.09
