decision_id,ts_et,session,symbol,source,session_id,source_name,data_status,bar_resolution,last,bid,ask,session_high,volume,rvol,change_pct,float_shares,float_quality,float_source,catalyst,halted,verdict,killed_by,plan_allowed,gates_json,warnings_json,inputs_json,trigger,stop,target,risk_share,reward_multiple,pullback_candles,volume_ok,outcome,refusal_reasons_json,acted_at,recorded_at,rules_hash,code_commit,bar_end_ts,clocks_json,chart_json,ref_price,mfe_r_planned,mae_r_planned,stop_hit,target_hit,first_hit,trigger_hit,trigger_hit_ts,h30,l30,c_close
79831e5739ba18f1,2026-09-21T04:07:00-04:00,none,NCPL,pullback,ibkr-GRML-VEEE-SPRU,IBKR · TWS read-only · live,live-backfill,1m,0.8484,,,0.9284,153966.0,0.0039816538818021425,14.540299716484405,4380000.0,verified,finviz via premarket_stars.py,0,0,REJECT,price,0,"[{""id"": ""price"", ""kills"": true, ""reason"": ""$0.85 is outside $2.00\u201320.00."", ""state"": ""FAIL"", ""value"": ""$0.85  band $2.00\u201320.00""}, {""id"": ""float"", ""kills"": false, ""reason"": ""cascade already stopped"", ""state"": ""NOT_APPLICABLE"", ""value"": ""\u2014""}, {""id"": ""catalyst"", ""kills"": false, ""reason"": ""cascade already stopped"", ""state"": ""NOT_APPLICABLE"", ""value"": ""\u2014""}, {""id"": ""pillars"", ""kills"": false, ""reason"": ""cascade already stopped"", ""state"": ""NOT_APPLICABLE"", ""value"": ""\u2014""}, {""id"": ""rising"", ""kills"": false, ""reason"": ""cascade already stopped"", ""state"": ""NOT_APPLICABLE"", ""value"": ""\u2014""}, {""id"": ""split"", ""kills"": false, ""reason"": ""cascade already stopped"", ""state"": ""NOT_APPLICABLE"", ""value"": ""\u2014""}, {""id"": ""instrument"", ""kills"": false, ""reason"": ""cascade already stopped"", ""state"": ""NOT_APPLICABLE"", ""value"": ""\u2014""}, {""id"": ""tick"", ""kills"": false, ""reason"": ""cascade already stopped"", ""state"": ""NOT_APPLICABLE"", ""value"": ""\u2014""}, {""id"": ""buyout"", ""kills"": false, ""reason"": ""cascade already stopped"", ""state"": ""NOT_APPLICABLE"", ""value"": ""\u2014""}]",[],"{""above_ema9"": null, ""above_vwap"": false, ""buyout_announced"": false, ""catalyst_source_ok"": true, ""catalyst_today"": false, ""change_pct"": 14.540299716484405, ""feed_stale"": false, ""float_is_shares_outstanding"": false, ""float_shares"": 4380000.0, ""float_verified"": true, ""halted"": false, ""in_session_window"": true, ""is_fund_or_etf"": null, ""last"": 0.8484, ""live_theme"": false, ""macd_positive_and_above_signal"": null, ""penny_theme"": false, ""premarket_volume"": null, ""prev_close"": null, ""rvol"": 0.0039816538818021425, ""session_high"": 0.9284, ""session_volume"": 153966.0, ""split_ratio_clean_integer"": null, ""symbol"": ""NCPL"", ""tick_size"": null}",0.8479,0.82,0.9037,0.0279,2.0,2,1,SUPPRESSED,,,2026-09-21T13:30:52+00:00,f8b3736c1218,cd97b8f,,,,0.8479,20.147,-2.4337,1,1,stop,1,2026-09-21T08:08:00Z,0.849,0.7886,1.0794
d310d30f3b3e7a7e,2026-09-21T04:14:00-04:00,none,LOBO,pullback,ibkr-GRML-VEEE-GLND,IBKR · TWS read-only · live,live-backfill,1m,0.6729,,,0.795,1941884.0,56.404042047048776,26.962264150943405,9320000.0,verified,finviz via premarket_stars.py,0,0,REJECT,price,0,"[{""id"": ""price"", ""kills"": true, ""reason"": ""$0.67 is outside $2.00\u201320.00."", ""state"": ""FAIL"", ""value"": ""$0.67  band $2.00\u201320.00""}, {""id"": ""float"", ""kills"": false, ""reason"": ""cascade already stopped"", ""state"": ""NOT_APPLICABLE"", ""value"": ""\u2014""}, {""id"": ""catalyst"", ""kills"": false, ""reason"": ""cascade already stopped"", ""state"": ""NOT_APPLICABLE"", ""value"": ""\u2014""}, {""id"": ""pillars"", ""kills"": false, ""reason"": ""cascade already stopped"", ""state"": ""NOT_APPLICABLE"", ""value"": ""\u2014""}, {""id"": ""rising"", ""kills"": false, ""reason"": ""cascade already stopped"", ""state"": ""NOT_APPLICABLE"", ""value"": ""\u2014""}, {""id"": ""split"", ""kills"": false, ""reason"": ""cascade already stopped"", ""state"": ""NOT_APPLICABLE"", ""value"": ""\u2014""}, {""id"": ""instrument"", ""kills"": false, ""reason"": ""cascade already stopped"", ""state"": ""NOT_APPLICABLE"", ""value"": ""\u2014""}, {""id"": ""tick"", ""kills"": false, ""reason"": ""cascade already stopped"", ""state"": ""NOT_APPLICABLE"", ""value"": ""\u2014""}, {""id"": ""buyout"", ""kills"": false, ""reason"": ""cascade already stopped"", ""state"": ""NOT_APPLICABLE"", ""value"": ""\u2014""}]",[],"{""above_ema9"": false, ""above_vwap"": false, ""buyout_announced"": false, ""catalyst_source_ok"": true, ""catalyst_today"": false, ""change_pct"": 26.962264150943405, ""feed_stale"": false, ""float_is_shares_outstanding"": false, ""float_shares"": 9320000.0, ""float_verified"": true, ""halted"": false, ""in_session_window"": true, ""is_fund_or_etf"": null, ""last"": 0.6729, ""live_theme"": false, ""macd_positive_and_above_signal"": null, ""penny_theme"": false, ""premarket_volume"": null, ""prev_close"": null, ""rvol"": 56.404042047048776, ""session_high"": 0.795, ""session_volume"": 1941884.0, ""split_ratio_clean_integer"": null, ""symbol"": ""LOBO"", ""tick_size"": null}",0.6818,0.6567,0.732,0.0251,2.0,3,1,SUPPRESSED,,,2026-09-21T13:53:59+00:00,f8b3736c1218,d58633e,,,,0.6818,24.2311,-1.2669,1,1,stop,1,2026-09-21T08:19:00Z,0.7217,0.655,0.95
8dc84e38bf87c041,2026-09-21T04:16:00-04:00,none,CRML,pullback,ibkr-LGHL-GLND-GRML,IBKR · TWS read-only · live,live-backfill,1m,8.47,,,9.26,765614.0,0.12300914124688918,25.854383358098065,82510000.0,verified,finviz via premarket_stars.py,1,0,REJECT,float,0,"[{""id"": ""price"", ""kills"": true, ""reason"": ""$8.47 is outside $2.00\u201320.00."", ""state"": ""PASS"", ""value"": ""$8.47  band $2.00\u201320.00""}, {""id"": ""float"", ""kills"": true, ""reason"": ""Float 82.5M is over the 20M cap."", ""state"": ""FAIL"", ""value"": ""82.5M""}, {""id"": ""catalyst"", ""kills"": false, ""reason"": ""cascade already stopped"", ""state"": ""NOT_APPLICABLE"", ""value"": ""\u2014""}, {""id"": ""rising"", ""kills"": false, ""reason"": ""cascade already stopped"", ""state"": ""NOT_APPLICABLE"", ""value"": ""\u2014""}, {""id"": ""split"", ""kills"": false, ""reason"": ""cascade already stopped"", ""state"": ""NOT_APPLICABLE"", ""value"": ""\u2014""}, {""id"": ""instrument"", ""kills"": false, ""reason"": ""cascade already stopped"", ""state"": ""NOT_APPLICABLE"", ""value"": ""\u2014""}, {""id"": ""tick"", ""kills"": false, ""reason"": ""cascade already stopped"", ""state"": ""NOT_APPLICABLE"", ""value"": ""\u2014""}, {""id"": ""buyout"", ""kills"": false, ""reason"": ""cascade already stopped"", ""state"": ""NOT_APPLICABLE"", ""value"": ""\u2014""}]",[],"{""above_ema9"": true, ""above_vwap"": false, ""buyout_announced"": false, ""catalyst_source_ok"": true, ""catalyst_today"": true, ""change_pct"": 25.854383358098065, ""feed_stale"": false, ""float_is_shares_outstanding"": false, ""float_shares"": 82510000.0, ""float_verified"": true, ""halted"": false, ""in_session_window"": true, ""is_fund_or_etf"": null, ""last"": 8.47, ""live_theme"": false, ""macd_positive_and_above_signal"": null, ""penny_theme"": false, ""premarket_volume"": null, ""prev_close"": null, ""rvol"": 0.12300914124688918, ""session_high"": 9.26, ""session_volume"": 765614.0, ""split_ratio_clean_integer"": null, ""symbol"": ""CRML"", ""tick_size"": null}",8.45,8.36,8.63,0.09,2.0,2,1,SUPPRESSED,,,2026-09-21T10:56:32+00:00,576d080469c8,ac3a28d,,,,8.45,13.2222,-1.6667,1,1,target,1,2026-09-21T08:17:00Z,9.1,8.43,9.215
d49bd81017287ffe,2026-09-21T04:18:00-04:00,none,VEEE,pullback,ibkr-GRML-GLND-CRML,IBKR · TWS read-only · live,live-backfill,1m,10.28,,,11.77,38572.0,4.259063982023861,19.813519813519797,574502.0,shares_outstanding_proxy,SEC shares outstanding (upper bound),0,0,REJECT,pillars,0,"[{""id"": ""price"", ""kills"": true, ""reason"": ""$10.28 is outside $2.00\u201320.00."", ""state"": ""PASS"", ""value"": ""$10.28  band $2.00\u201320.00""}, {""id"": ""float"", ""kills"": false, ""reason"": """", ""state"": ""PASS"", ""value"": ""0.6M (SO upper bound)""}, {""id"": ""catalyst"", ""kills"": false, ""reason"": ""No catalyst dated today and no live theme it belongs to."", ""state"": ""FAIL"", ""value"": ""none""}, {""id"": ""pillars"", ""kills"": true, ""reason"": ""Only 3 of the Five Pillars pass (need 4); missing rvol, catalyst."", ""state"": ""FAIL"", ""value"": ""3/5 \u2014 missing rvol, catalyst""}, {""id"": ""rising"", ""kills"": false, ""reason"": ""cascade already stopped"", ""state"": ""NOT_APPLICABLE"", ""value"": ""\u2014""}, {""id"": ""split"", ""kills"": false, ""reason"": ""cascade already stopped"", ""state"": ""NOT_APPLICABLE"", ""value"": ""\u2014""}, {""id"": ""instrument"", ""kills"": false, ""reason"": ""cascade already stopped"", ""state"": ""NOT_APPLICABLE"", ""value"": ""\u2014""}, {""id"": ""tick"", ""kills"": false, ""reason"": ""cascade already stopped"", ""state"": ""NOT_APPLICABLE"", ""value"": ""\u2014""}, {""id"": ""buyout"", ""kills"": false, ""reason"": ""cascade already stopped"", ""state"": ""NOT_APPLICABLE"", ""value"": ""\u2014""}]","[""No catalyst dated today and no live theme (A2: flagged, not killed; the read-out splits this cohort).""]","{""above_ema9"": false, ""above_vwap"": false, ""buyout_announced"": false, ""catalyst_source_ok"": true, ""catalyst_today"": false, ""change_pct"": 19.813519813519797, ""feed_stale"": false, ""float_is_shares_outstanding"": true, ""float_shares"": 574502, ""float_verified"": false, ""halted"": false, ""in_session_window"": true, ""is_fund_or_etf"": null, ""last"": 10.28, ""live_theme"": false, ""macd_positive_and_above_signal"": null, ""penny_theme"": false, ""premarket_volume"": null, ""prev_close"": null, ""rvol"": 4.259063982023861, ""session_high"": 11.77, ""session_volume"": 38572.0, ""split_ratio_clean_integer"": null, ""symbol"": ""VEEE"", ""tick_size"": null}",10.35,10.1,10.85,0.25,2.0,1,1,SUPPRESSED,,,2026-09-21T11:51:41+00:00,f8b3736c1218,2779710,,,,10.35,50.0,-4.12,1,1,stop,1,2026-09-21T08:23:00Z,10.56,9.8,17.58
ffe47f4360516716,2026-09-21T04:23:00-04:00,none,NCPL,pullback,ibkr-GRML-VEEE-SPRU,IBKR · TWS read-only · live,live-backfill,1m,0.829,,,0.9284,182870.0,0.004729128803535571,11.921155663561489,4380000.0,verified,finviz via premarket_stars.py,0,0,REJECT,price,0,"[{""id"": ""price"", ""kills"": true, ""reason"": ""$0.83 is outside $2.00\u201320.00."", ""state"": ""FAIL"", ""value"": ""$0.83  band $2.00\u201320.00""}, {""id"": ""float"", ""kills"": false, ""reason"": ""cascade already stopped"", ""state"": ""NOT_APPLICABLE"", ""value"": ""\u2014""}, {""id"": ""catalyst"", ""kills"": false, ""reason"": ""cascade already stopped"", ""state"": ""NOT_APPLICABLE"", ""value"": ""\u2014""}, {""id"": ""pillars"", ""kills"": false, ""reason"": ""cascade already stopped"", ""state"": ""NOT_APPLICABLE"", ""value"": ""\u2014""}, {""id"": ""rising"", ""kills"": false, ""reason"": ""cascade already stopped"", ""state"": ""NOT_APPLICABLE"", ""value"": ""\u2014""}, {""id"": ""split"", ""kills"": false, ""reason"": ""cascade already stopped"", ""state"": ""NOT_APPLICABLE"", ""value"": ""\u2014""}, {""id"": ""instrument"", ""kills"": false, ""reason"": ""cascade already stopped"", ""state"": ""NOT_APPLICABLE"", ""value"": ""\u2014""}, {""id"": ""tick"", ""kills"": false, ""reason"": ""cascade already stopped"", ""state"": ""NOT_APPLICABLE"", ""value"": ""\u2014""}, {""id"": ""buyout"", ""kills"": false, ""reason"": ""cascade already stopped"", ""state"": ""NOT_APPLICABLE"", ""value"": ""\u2014""}]",[],"{""above_ema9"": true, ""above_vwap"": false, ""buyout_announced"": false, ""catalyst_source_ok"": true, ""catalyst_today"": false, ""change_pct"": 11.921155663561489, ""feed_stale"": false, ""float_is_shares_outstanding"": false, ""float_shares"": 4380000.0, ""float_verified"": true, ""halted"": false, ""in_session_window"": true, ""is_fund_or_etf"": null, ""last"": 0.829, ""live_theme"": false, ""macd_positive_and_above_signal"": null, ""penny_theme"": false, ""premarket_volume"": null, ""prev_close"": null, ""rvol"": 0.004729128803535571, ""session_high"": 0.9284, ""session_volume"": 182870.0, ""split_ratio_clean_integer"": null, ""symbol"": ""NCPL"", ""tick_size"": null}",0.8176,0.7975,0.8578,0.0201,2.0,4,0,SUPPRESSED,,,2026-09-21T13:30:52+00:00,f8b3736c1218,cd97b8f,,,,0.8176,29.4726,-1.8706,1,1,stop,1,2026-09-21T08:24:00Z,0.829,0.78,1.0794
4caec14e6f6265fd,2026-09-21T04:27:00-04:00,none,USDE,pullback,ibkr-LGHL-GLND-GRML,IBKR · TWS read-only · live,live-backfill,1m,11.53,,,12.14,189638.0,0.023541888977693985,13.150147203140339,20840000.0,verified,finviz via premarket_stars.py,0,0,REJECT,float,0,"[{""id"": ""price"", ""kills"": true, ""reason"": ""$11.53 is outside $2.00\u201320.00."", ""state"": ""PASS"", ""value"": ""$11.53  band $2.00\u201320.00""}, {""id"": ""float"", ""kills"": true, ""reason"": ""Float 20.8M is over the 20M cap."", ""state"": ""FAIL"", ""value"": ""20.8M""}, {""id"": ""catalyst"", ""kills"": false, ""reason"": ""cascade already stopped"", ""state"": ""NOT_APPLICABLE"", ""value"": ""\u2014""}, {""id"": ""rising"", ""kills"": false, ""reason"": ""cascade already stopped"", ""state"": ""NOT_APPLICABLE"", ""value"": ""\u2014""}, {""id"": ""split"", ""kills"": false, ""reason"": ""cascade already stopped"", ""state"": ""NOT_APPLICABLE"", ""value"": ""\u2014""}, {""id"": ""instrument"", ""kills"": false, ""reason"": ""cascade already stopped"", ""state"": ""NOT_APPLICABLE"", ""value"": ""\u2014""}, {""id"": ""tick"", ""kills"": false, ""reason"": ""cascade already stopped"", ""state"": ""NOT_APPLICABLE"", ""value"": ""\u2014""}, {""id"": ""buyout"", ""kills"": false, ""reason"": ""cascade already stopped"", ""state"": ""NOT_APPLICABLE"", ""value"": ""\u2014""}]",[],"{""above_ema9"": true, ""above_vwap"": false, ""buyout_announced"": false, ""catalyst_source_ok"": true, ""catalyst_today"": false, ""change_pct"": 13.150147203140339, ""feed_stale"": false, ""float_is_shares_outstanding"": false, ""float_shares"": 20840000.0, ""float_verified"": true, ""halted"": false, ""in_session_window"": true, ""is_fund_or_etf"": null, ""last"": 11.53, ""live_theme"": false, ""macd_positive_and_above_signal"": null, ""penny_theme"": false, ""premarket_volume"": null, ""prev_close"": null, ""rvol"": 0.023541888977693985, ""session_high"": 12.14, ""session_volume"": 189638.0, ""split_ratio_clean_integer"": null, ""symbol"": ""USDE"", ""tick_size"": null}",11.51,11.42,11.69,0.09,2.0,3,0,SUPPRESSED,,,2026-09-21T10:56:32+00:00,576d080469c8,ac3a28d,,,,11.51,23.7778,-0.8889,0,1,target,1,2026-09-21T08:28:00Z,12.09,11.43,13.02
1cb8921c306819b6,2026-09-21T04:29:00-04:00,none,CRML,pullback,ibkr-LGHL-GLND-GRML,IBKR · TWS read-only · live,live-backfill,1m,8.88,,,9.26,1032509.0,0.1658904427292138,31.946508172362552,82510000.0,verified,finviz via premarket_stars.py,1,0,REJECT,float,0,"[{""id"": ""price"", ""kills"": true, ""reason"": ""$8.88 is outside $2.00\u201320.00."", ""state"": ""PASS"", ""value"": ""$8.88  band $2.00\u201320.00""}, {""id"": ""float"", ""kills"": true, ""reason"": ""Float 82.5M is over the 20M cap."", ""state"": ""FAIL"", ""value"": ""82.5M""}, {""id"": ""catalyst"", ""kills"": false, ""reason"": ""cascade already stopped"", ""state"": ""NOT_APPLICABLE"", ""value"": ""\u2014""}, {""id"": ""rising"", ""kills"": false, ""reason"": ""cascade already stopped"", ""state"": ""NOT_APPLICABLE"", ""value"": ""\u2014""}, {""id"": ""split"", ""kills"": false, ""reason"": ""cascade already stopped"", ""state"": ""NOT_APPLICABLE"", ""value"": ""\u2014""}, {""id"": ""instrument"", ""kills"": false, ""reason"": ""cascade already stopped"", ""state"": ""NOT_APPLICABLE"", ""value"": ""\u2014""}, {""id"": ""tick"", ""kills"": false, ""reason"": ""cascade already stopped"", ""state"": ""NOT_APPLICABLE"", ""value"": ""\u2014""}, {""id"": ""buyout"", ""kills"": false, ""reason"": ""cascade already stopped"", ""state"": ""NOT_APPLICABLE"", ""value"": ""\u2014""}]",[],"{""above_ema9"": true, ""above_vwap"": true, ""buyout_announced"": false, ""catalyst_source_ok"": true, ""catalyst_today"": true, ""change_pct"": 31.946508172362552, ""feed_stale"": false, ""float_is_shares_outstanding"": false, ""float_shares"": 82510000.0, ""float_verified"": true, ""halted"": false, ""in_session_window"": true, ""is_fund_or_etf"": null, ""last"": 8.88, ""live_theme"": false, ""macd_positive_and_above_signal"": null, ""penny_theme"": false, ""premarket_volume"": null, ""prev_close"": null, ""rvol"": 0.1658904427292138, ""session_high"": 9.26, ""session_volume"": 1032509.0, ""split_ratio_clean_integer"": null, ""symbol"": ""CRML"", ""tick_size"": null}",8.88,8.74,9.16,0.14,2.0,1,0,SUPPRESSED,,,2026-09-21T10:56:32+00:00,576d080469c8,ac3a28d,,,,8.88,5.4286,-4.1429,1,1,stop,1,2026-09-21T08:30:00Z,9.1,8.57,9.215
5657f560999a295a,2026-09-21T04:33:00-04:00,none,SPRU,pullback,ibkr-GRML-VEEE-SPRU,IBKR · TWS read-only · live,live-backfill,1m,2.18,,,2.21,16051.0,0.181730693024467,14.136125654450282,13910000.0,verified,finviz via premarket_stars.py,0,0,REJECT,pillars,0,"[{""id"": ""price"", ""kills"": true, ""reason"": ""$2.18 is outside $2.00\u201320.00."", ""state"": ""PASS"", ""value"": ""$2.18  band $2.00\u201320.00""}, {""id"": ""float"", ""kills"": false, ""reason"": """", ""state"": ""PASS"", ""value"": ""13.9M (verified)""}, {""id"": ""catalyst"", ""kills"": false, ""reason"": ""No catalyst dated today and no live theme it belongs to."", ""state"": ""FAIL"", ""value"": ""none""}, {""id"": ""pillars"", ""kills"": true, ""reason"": ""Only 3 of the Five Pillars pass (need 4); missing rvol, catalyst."", ""state"": ""FAIL"", ""value"": ""3/5 \u2014 missing rvol, catalyst""}, {""id"": ""rising"", ""kills"": false, ""reason"": ""cascade already stopped"", ""state"": ""NOT_APPLICABLE"", ""value"": ""\u2014""}, {""id"": ""split"", ""kills"": false, ""reason"": ""cascade already stopped"", ""state"": ""NOT_APPLICABLE"", ""value"": ""\u2014""}, {""id"": ""instrument"", ""kills"": false, ""reason"": ""cascade already stopped"", ""state"": ""NOT_APPLICABLE"", ""value"": ""\u2014""}, {""id"": ""tick"", ""kills"": false, ""reason"": ""cascade already stopped"", ""state"": ""NOT_APPLICABLE"", ""value"": ""\u2014""}, {""id"": ""buyout"", ""kills"": false, ""reason"": ""cascade already stopped"", ""state"": ""NOT_APPLICABLE"", ""value"": ""\u2014""}]","[""No catalyst dated today and no live theme (A2: flagged, not killed; the read-out splits this cohort).""]","{""above_ema9"": true, ""above_vwap"": true, ""buyout_announced"": false, ""catalyst_source_ok"": true, ""catalyst_today"": false, ""change_pct"": 14.136125654450282, ""feed_stale"": false, ""float_is_shares_outstanding"": false, ""float_shares"": 13910000.0, ""float_verified"": true, ""halted"": false, ""in_session_window"": true, ""is_fund_or_etf"": null, ""last"": 2.18, ""live_theme"": false, ""macd_positive_and_above_signal"": null, ""penny_theme"": false, ""premarket_volume"": null, ""prev_close"": null, ""rvol"": 0.181730693024467, ""session_high"": 2.21, ""session_volume"": 16051.0, ""split_ratio_clean_integer"": null, ""symbol"": ""SPRU"", ""tick_size"": null}",2.15,2.13,2.19,0.02,2.0,1,1,SUPPRESSED,,,2026-09-21T13:30:23+00:00,f8b3736c1218,cd97b8f,,,,2.15,12.0,-12.5,1,1,target,1,2026-09-21T08:34:00Z,2.3,1.9,2.245
ba595688c3c49df9,2026-09-21T04:35:00-04:00,none,GRML,pullback,ibkr-LGHL-GLND-GRML,IBKR · TWS read-only · live,live-backfill,1m,5.05,,,6.49,2120709.0,3.3095425049370992,77.19298245614034,2870000.0,verified,finviz via premarket_stars.py,1,0,WAIT,,1,"[{""id"": ""price"", ""kills"": true, ""reason"": ""$5.05 is outside $2.00\u201320.00."", ""state"": ""PASS"", ""value"": ""$5.05  band $2.00\u201320.00""}, {""id"": ""float"", ""kills"": false, ""reason"": """", ""state"": ""PASS"", ""value"": ""2.9M (verified)""}, {""id"": ""catalyst"", ""kills"": false, ""reason"": """", ""state"": ""PASS"", ""value"": ""news today""}, {""id"": ""rising"", ""kills"": true, ""reason"": ""22.2% off the high \u2014 back side of the move."", ""state"": ""PASS"", ""value"": ""22.2% off 6.49""}, {""id"": ""split"", ""kills"": false, ""reason"": """", ""state"": ""PASS"", ""value"": ""gap is not arithmetic""}, {""id"": ""instrument"", ""kills"": false, ""reason"": """", ""state"": ""UNKNOWN"", ""value"": ""\u2014""}, {""id"": ""tick"", ""kills"": false, ""reason"": """", ""state"": ""UNKNOWN"", ""value"": ""\u2014""}, {""id"": ""buyout"", ""kills"": true, ""reason"": ""Acquisition announced \u2014 the price is pinned and volatility is gone."", ""state"": ""PASS"", ""value"": ""none""}, {""id"": ""vwap"", ""kills"": false, ""reason"": """", ""state"": ""FAIL"", ""value"": ""no""}, {""id"": ""ema9"", ""kills"": false, ""reason"": """", ""state"": ""PASS"", ""value"": ""yes""}, {""id"": ""macd"", ""kills"": false, ""reason"": """", ""state"": ""PASS"", ""value"": ""yes""}, {""id"": ""tape"", ""kills"": false, ""reason"": ""No tape and no book in this tool."", ""state"": ""MANUAL_CONFIRMATION_REQUIRED"", ""value"": ""your eyes""}]","[""Instrument type unknown \u2014 ADRs are fine, funds are not.""]","{""above_ema9"": true, ""above_vwap"": false, ""buyout_announced"": false, ""catalyst_source_ok"": true, ""catalyst_today"": true, ""change_pct"": 77.19298245614034, ""feed_stale"": false, ""float_is_shares_outstanding"": false, ""float_shares"": 2870000.0, ""float_verified"": true, ""halted"": false, ""in_session_window"": true, ""is_fund_or_etf"": null, ""last"": 5.05, ""live_theme"": false, ""macd_positive_and_above_signal"": true, ""penny_theme"": false, ""premarket_volume"": null, ""prev_close"": null, ""rvol"": 3.3095425049370992, ""session_high"": 6.49, ""session_volume"": 2120709.0, ""split_ratio_clean_integer"": null, ""symbol"": ""GRML"", ""tick_size"": null}",5.07,4.99,5.23,0.08,2.0,2,1,REFUSED,"[""bar is outside the 07:00-16:00 ET session window (session 'none'); nothing is traded there"", ""decision is 8493s old; a stale plan is not the trade the cascade reviewed"", ""backfill decision: armed on loaded history, inputs not point-in-time"", ""Layer 2 not green: verdict WAIT \u2014 chart gates must all be true at entry""]",2026-09-21T10:56:32+00:00,2026-09-21T10:56:32+00:00,576d080469c8,ac3a28d,,,,5.07,82.625,-1.875,1,1,stop,1,2026-09-21T11:09:00Z,5.06,4.67,10.76
61667f47307b5896,2026-09-21T04:39:00-04:00,none,LOBO,pullback,ibkr-GRML-VEEE-GLND,IBKR · TWS read-only · live,live-backfill,1m,0.6728,,,0.795,3694686.0,107.31600059253924,26.943396226415082,9320000.0,verified,finviz via premarket_stars.py,0,0,REJECT,price,0,"[{""id"": ""price"", ""kills"": true, ""reason"": ""$0.67 is outside $2.00\u201320.00."", ""state"": ""FAIL"", ""value"": ""$0.67  band $2.00\u201320.00""}, {""id"": ""float"", ""kills"": false, ""reason"": ""cascade already stopped"", ""state"": ""NOT_APPLICABLE"", ""value"": ""\u2014""}, {""id"": ""catalyst"", ""kills"": false, ""reason"": ""cascade already stopped"", ""state"": ""NOT_APPLICABLE"", ""value"": ""\u2014""}, {""id"": ""pillars"", ""kills"": false, ""reason"": ""cascade already stopped"", ""state"": ""NOT_APPLICABLE"", ""value"": ""\u2014""}, {""id"": ""rising"", ""kills"": false, ""reason"": ""cascade already stopped"", ""state"": ""NOT_APPLICABLE"", ""value"": ""\u2014""}, {""id"": ""split"", ""kills"": false, ""reason"": ""cascade already stopped"", ""state"": ""NOT_APPLICABLE"", ""value"": ""\u2014""}, {""id"": ""instrument"", ""kills"": false, ""reason"": ""cascade already stopped"", ""state"": ""NOT_APPLICABLE"", ""value"": ""\u2014""}, {""id"": ""tick"", ""kills"": false, ""reason"": ""cascade already stopped"", ""state"": ""NOT_APPLICABLE"", ""value"": ""\u2014""}, {""id"": ""buyout"", ""kills"": false, ""reason"": ""cascade already stopped"", ""state"": ""NOT_APPLICABLE"", ""value"": ""\u2014""}]",[],"{""above_ema9"": true, ""above_vwap"": false, ""buyout_announced"": false, ""catalyst_source_ok"": true, ""catalyst_today"": false, ""change_pct"": 26.943396226415082, ""feed_stale"": false, ""float_is_shares_outstanding"": false, ""float_shares"": 9320000.0, ""float_verified"": true, ""halted"": false, ""in_session_window"": true, ""is_fund_or_etf"": null, ""last"": 0.6728, ""live_theme"": false, ""macd_positive_and_above_signal"": true, ""penny_theme"": false, ""premarket_volume"": null, ""prev_close"": null, ""rvol"": 107.31600059253924, ""session_high"": 0.795, ""session_volume"": 3694686.0, ""split_ratio_clean_integer"": null, ""symbol"": ""LOBO"", ""tick_size"": null}",0.6812,0.6571,0.7294,0.0241,2.0,3,1,SUPPRESSED,,,2026-09-21T13:53:59+00:00,f8b3736c1218,d58633e,,,,0.6812,25.2614,-1.2946,1,1,target,1,2026-09-21T08:41:00Z,0.7997,0.66,0.95
055ca32952be1507,2026-09-21T04:49:00-04:00,none,CRML,pullback,ibkr-LGHL-GLND-GRML,IBKR · TWS read-only · live,live-backfill,1m,8.7814,,,9.26,1407686.0,0.22616912178365134,30.481426448736993,82510000.0,verified,finviz via premarket_stars.py,1,0,REJECT,float,0,"[{""id"": ""price"", ""kills"": true, ""reason"": ""$8.78 is outside $2.00\u201320.00."", ""state"": ""PASS"", ""value"": ""$8.78  band $2.00\u201320.00""}, {""id"": ""float"", ""kills"": true, ""reason"": ""Float 82.5M is over the 20M cap."", ""state"": ""FAIL"", ""value"": ""82.5M""}, {""id"": ""catalyst"", ""kills"": false, ""reason"": ""cascade already stopped"", ""state"": ""NOT_APPLICABLE"", ""value"": ""\u2014""}, {""id"": ""rising"", ""kills"": false, ""reason"": ""cascade already stopped"", ""state"": ""NOT_APPLICABLE"", ""value"": ""\u2014""}, {""id"": ""split"", ""kills"": false, ""reason"": ""cascade already stopped"", ""state"": ""NOT_APPLICABLE"", ""value"": ""\u2014""}, {""id"": ""instrument"", ""kills"": false, ""reason"": ""cascade already stopped"", ""state"": ""NOT_APPLICABLE"", ""value"": ""\u2014""}, {""id"": ""tick"", ""kills"": false, ""reason"": ""cascade already stopped"", ""state"": ""NOT_APPLICABLE"", ""value"": ""\u2014""}, {""id"": ""buyout"", ""kills"": false, ""reason"": ""cascade already stopped"", ""state"": ""NOT_APPLICABLE"", ""value"": ""\u2014""}]",[],"{""above_ema9"": true, ""above_vwap"": true, ""buyout_announced"": false, ""catalyst_source_ok"": true, ""catalyst_today"": true, ""change_pct"": 30.481426448736993, ""feed_stale"": false, ""float_is_shares_outstanding"": false, ""float_shares"": 82510000.0, ""float_verified"": true, ""halted"": false, ""in_session_window"": true, ""is_fund_or_etf"": null, ""last"": 8.7814, ""live_theme"": false, ""macd_positive_and_above_signal"": false, ""penny_theme"": false, ""premarket_volume"": null, ""prev_close"": null, ""rvol"": 0.22616912178365134, ""session_high"": 9.26, ""session_volume"": 1407686.0, ""split_ratio_clean_integer"": null, ""symbol"": ""CRML"", ""tick_size"": null}",8.76,8.69,8.9,0.07,2.0,3,1,SUPPRESSED,,,2026-09-21T10:56:32+00:00,576d080469c8,ac3a28d,,,,8.76,12.5714,-6.5714,1,1,stop,1,2026-09-21T08:50:00Z,8.87,8.6603,9.215
d7e54465e782cd8d,2026-09-21T04:50:00-04:00,none,GLND,pullback,ibkr-LGHL-GLND-GRML,IBKR · TWS read-only · live,live-backfill,1m,2.75,,,3.72,11675848.0,27.03985048685565,129.16666666666669,27320000.0,verified,finviz via premarket_stars.py,0,0,REJECT,float,0,"[{""id"": ""price"", ""kills"": true, ""reason"": ""$2.75 is outside $2.00\u201320.00."", ""state"": ""PASS"", ""value"": ""$2.75  band $2.00\u201320.00""}, {""id"": ""float"", ""kills"": true, ""reason"": ""Float 27.3M is over the 20M cap."", ""state"": ""FAIL"", ""value"": ""27.3M""}, {""id"": ""catalyst"", ""kills"": false, ""reason"": ""cascade already stopped"", ""state"": ""NOT_APPLICABLE"", ""value"": ""\u2014""}, {""id"": ""rising"", ""kills"": false, ""reason"": ""cascade already stopped"", ""state"": ""NOT_APPLICABLE"", ""value"": ""\u2014""}, {""id"": ""split"", ""kills"": false, ""reason"": ""cascade already stopped"", ""state"": ""NOT_APPLICABLE"", ""value"": ""\u2014""}, {""id"": ""instrument"", ""kills"": false, ""reason"": ""cascade already stopped"", ""state"": ""NOT_APPLICABLE"", ""value"": ""\u2014""}, {""id"": ""tick"", ""kills"": false, ""reason"": ""cascade already stopped"", ""state"": ""NOT_APPLICABLE"", ""value"": ""\u2014""}, {""id"": ""buyout"", ""kills"": false, ""reason"": ""cascade already stopped"", ""state"": ""NOT_APPLICABLE"", ""value"": ""\u2014""}]",[],"{""above_ema9"": false, ""above_vwap"": false, ""buyout_announced"": false, ""catalyst_source_ok"": true, ""catalyst_today"": false, ""change_pct"": 129.16666666666669, ""feed_stale"": false, ""float_is_shares_outstanding"": false, ""float_shares"": 27320000.0, ""float_verified"": true, ""halted"": false, ""in_session_window"": true, ""is_fund_or_etf"": null, ""last"": 2.75, ""live_theme"": false, ""macd_positive_and_above_signal"": false, ""penny_theme"": false, ""premarket_volume"": null, ""prev_close"": null, ""rvol"": 27.03985048685565, ""session_high"": 3.72, ""session_volume"": 11675848.0, ""split_ratio_clean_integer"": null, ""symbol"": ""GLND"", ""tick_size"": null}",2.75,2.7,2.85,0.05,2.0,4,1,SUPPRESSED,,,2026-09-21T10:56:32+00:00,576d080469c8,ac3a28d,,,,2.75,12.8,-2.0,1,1,target,1,2026-09-21T08:51:00Z,3.0,2.73,3.12
35c4760f14ce19b2,2026-09-21T04:57:00-04:00,none,LGHL,pullback,ibkr-LGHL,IBKR · TWS read-only · live,live-backfill,1m,8.65,,,8.66,2923.0,0.020611170930280937,9.493670886075956,50000.0,verified,finviz via premarket_stars.py,0,0,REVIEW,,1,"[{""id"": ""price"", ""kills"": true, ""reason"": ""$8.65 is outside $2.00\u201320.00."", ""state"": ""PASS"", ""value"": ""$8.65  band $2.00\u201320.00""}, {""id"": ""float"", ""kills"": false, ""reason"": """", ""state"": ""PASS"", ""value"": ""0.1M (verified)""}, {""id"": ""catalyst"", ""kills"": false, ""reason"": ""No catalyst dated today and no live theme it belongs to."", ""state"": ""FAIL"", ""value"": ""none""}, {""id"": ""rising"", ""kills"": true, ""reason"": ""0.1% off the high \u2014 back side of the move."", ""state"": ""PASS"", ""value"": ""0.1% off 8.66""}, {""id"": ""split"", ""kills"": false, ""reason"": """", ""state"": ""PASS"", ""value"": ""gap is not arithmetic""}, {""id"": ""instrument"", ""kills"": false, ""reason"": """", ""state"": ""UNKNOWN"", ""value"": ""\u2014""}, {""id"": ""tick"", ""kills"": false, ""reason"": """", ""state"": ""UNKNOWN"", ""value"": ""\u2014""}, {""id"": ""buyout"", ""kills"": true, ""reason"": ""Acquisition announced \u2014 the price is pinned and volatility is gone."", ""state"": ""PASS"", ""value"": ""none""}, {""id"": ""vwap"", ""kills"": false, ""reason"": """", ""state"": ""PASS"", ""value"": ""yes""}, {""id"": ""ema9"", ""kills"": false, ""reason"": """", ""state"": ""PASS"", ""value"": ""yes""}, {""id"": ""macd"", ""kills"": false, ""reason"": """", ""state"": ""PASS"", ""value"": ""yes""}, {""id"": ""tape"", ""kills"": false, ""reason"": ""No tape and no book in this tool."", ""state"": ""MANUAL_CONFIRMATION_REQUIRED"", ""value"": ""your eyes""}]","[""No catalyst dated today and no live theme (A2: flagged, not killed; the read-out splits this cohort)."", ""Instrument type unknown \u2014 ADRs are fine, funds are not."", ""Session volume 0.00M is under the 1M floor \u2014 the band he measured himself losing in."", ""RVOL 0.02x is under the 1.5x trade floor (the 5x is a scanner dial, not a gate).""]","{""above_ema9"": true, ""above_vwap"": true, ""buyout_announced"": false, ""catalyst_source_ok"": true, ""catalyst_today"": false, ""change_pct"": 9.493670886075956, ""feed_stale"": false, ""float_is_shares_outstanding"": false, ""float_shares"": 50000.0, ""float_verified"": true, ""halted"": false, ""in_session_window"": true, ""is_fund_or_etf"": null, ""last"": 8.65, ""live_theme"": false, ""macd_positive_and_above_signal"": true, ""penny_theme"": false, ""premarket_volume"": null, ""prev_close"": null, ""rvol"": 0.020611170930280937, ""session_high"": 8.66, ""session_volume"": 2923.0, ""split_ratio_clean_integer"": null, ""symbol"": ""LGHL"", ""tick_size"": null}",8.61,8.54,8.75,0.07,2.0,2,1,REFUSED,"[""bar is outside the 07:00-16:00 ET session window (session 'none'); nothing is traded there"", ""decision is 7112s old; a stale plan is not the trade the cascade reviewed"", ""backfill decision: armed on loaded history, inputs not point-in-time""]",2026-09-21T10:55:31+00:00,2026-09-21T10:55:30+00:00,576d080469c8,ac3a28d,,,,8.61,42.1429,-22.8571,1,1,target,1,2026-09-21T08:58:00Z,11.56,8.35,7.86
fff9678b57507437,2026-09-21T04:58:00-04:00,none,LOBO,pullback,ibkr-GRML-VEEE-GLND,IBKR · TWS read-only · live,live-backfill,1m,0.7248,,,0.7997,9840622.0,285.83110889070264,36.75471698113206,9320000.0,verified,finviz via premarket_stars.py,0,0,REJECT,price,0,"[{""id"": ""price"", ""kills"": true, ""reason"": ""$0.72 is outside $2.00\u201320.00."", ""state"": ""FAIL"", ""value"": ""$0.72  band $2.00\u201320.00""}, {""id"": ""float"", ""kills"": false, ""reason"": ""cascade already stopped"", ""state"": ""NOT_APPLICABLE"", ""value"": ""\u2014""}, {""id"": ""catalyst"", ""kills"": false, ""reason"": ""cascade already stopped"", ""state"": ""NOT_APPLICABLE"", ""value"": ""\u2014""}, {""id"": ""pillars"", ""kills"": false, ""reason"": ""cascade already stopped"", ""state"": ""NOT_APPLICABLE"", ""value"": ""\u2014""}, {""id"": ""rising"", ""kills"": false, ""reason"": ""cascade already stopped"", ""state"": ""NOT_APPLICABLE"", ""value"": ""\u2014""}, {""id"": ""split"", ""kills"": false, ""reason"": ""cascade already stopped"", ""state"": ""NOT_APPLICABLE"", ""value"": ""\u2014""}, {""id"": ""instrument"", ""kills"": false, ""reason"": ""cascade already stopped"", ""state"": ""NOT_APPLICABLE"", ""value"": ""\u2014""}, {""id"": ""tick"", ""kills"": false, ""reason"": ""cascade already stopped"", ""state"": ""NOT_APPLICABLE"", ""value"": ""\u2014""}, {""id"": ""buyout"", ""kills"": false, ""reason"": ""cascade already stopped"", ""state"": ""NOT_APPLICABLE"", ""value"": ""\u2014""}]",[],"{""above_ema9"": false, ""above_vwap"": true, ""buyout_announced"": false, ""catalyst_source_ok"": true, ""catalyst_today"": false, ""change_pct"": 36.75471698113206, ""feed_stale"": false, ""float_is_shares_outstanding"": false, ""float_shares"": 9320000.0, ""float_verified"": true, ""halted"": false, ""in_session_window"": true, ""is_fund_or_etf"": null, ""last"": 0.7248, ""live_theme"": false, ""macd_positive_and_above_signal"": true, ""penny_theme"": false, ""premarket_volume"": null, ""prev_close"": null, ""rvol"": 285.83110889070264, ""session_high"": 0.7997, ""session_volume"": 9840622.0, ""split_ratio_clean_integer"": null, ""symbol"": ""LOBO"", ""tick_size"": null}",0.7388,0.6931,0.8302,0.0457,2.0,3,0,SUPPRESSED,,,2026-09-21T13:53:59+00:00,f8b3736c1218,d58633e,,,,0.7388,12.0613,-1.5055,1,1,stop,1,2026-09-21T10:21:00Z,0.7324,0.65,0.95
f49c2851469d75ca,2026-09-21T04:59:00-04:00,none,USDE,pullback,ibkr-LGHL-GLND-GRML,IBKR · TWS read-only · live,live-backfill,1m,11.74,,,12.14,344916.0,0.04281828630670171,15.210991167811594,20840000.0,verified,finviz via premarket_stars.py,0,0,REJECT,float,0,"[{""id"": ""price"", ""kills"": true, ""reason"": ""$11.74 is outside $2.00\u201320.00."", ""state"": ""PASS"", ""value"": ""$11.74  band $2.00\u201320.00""}, {""id"": ""float"", ""kills"": true, ""reason"": ""Float 20.8M is over the 20M cap."", ""state"": ""FAIL"", ""value"": ""20.8M""}, {""id"": ""catalyst"", ""kills"": false, ""reason"": ""cascade already stopped"", ""state"": ""NOT_APPLICABLE"", ""value"": ""\u2014""}, {""id"": ""rising"", ""kills"": false, ""reason"": ""cascade already stopped"", ""state"": ""NOT_APPLICABLE"", ""value"": ""\u2014""}, {""id"": ""split"", ""kills"": false, ""reason"": ""cascade already stopped"", ""state"": ""NOT_APPLICABLE"", ""value"": ""\u2014""}, {""id"": ""instrument"", ""kills"": false, ""reason"": ""cascade already stopped"", ""state"": ""NOT_APPLICABLE"", ""value"": ""\u2014""}, {""id"": ""tick"", ""kills"": false, ""reason"": ""cascade already stopped"", ""state"": ""NOT_APPLICABLE"", ""value"": ""\u2014""}, {""id"": ""buyout"", ""kills"": false, ""reason"": ""cascade already stopped"", ""state"": ""NOT_APPLICABLE"", ""value"": ""\u2014""}]",[],"{""above_ema9"": true, ""above_vwap"": true, ""buyout_announced"": false, ""catalyst_source_ok"": true, ""catalyst_today"": false, ""change_pct"": 15.210991167811594, ""feed_stale"": false, ""float_is_shares_outstanding"": false, ""float_shares"": 20840000.0, ""float_verified"": true, ""halted"": false, ""in_session_window"": true, ""is_fund_or_etf"": null, ""last"": 11.74, ""live_theme"": false, ""macd_positive_and_above_signal"": true, ""penny_theme"": false, ""premarket_volume"": null, ""prev_close"": null, ""rvol"": 0.04281828630670171, ""session_high"": 12.14, ""session_volume"": 344916.0, ""split_ratio_clean_integer"": null, ""symbol"": ""USDE"", ""tick_size"": null}",11.694,11.6171,11.8478,0.0769,2.0,2,1,SUPPRESSED,,,2026-09-21T10:56:32+00:00,576d080469c8,ac3a28d,,,,11.694,25.4356,-2.3927,1,1,target,1,2026-09-21T09:00:00Z,12.2,11.73,13.02
89b00c0bec7ac6ac,2026-09-21T05:02:00-04:00,none,GLND,pullback,ibkr-LGHL-GLND-GRML,IBKR · TWS read-only · live,live-backfill,1m,2.9294,,,3.72,13333931.0,30.879769986903703,144.11666666666667,27320000.0,verified,finviz via premarket_stars.py,1,0,REJECT,float,0,"[{""id"": ""price"", ""kills"": true, ""reason"": ""$2.93 is outside $2.00\u201320.00."", ""state"": ""PASS"", ""value"": ""$2.93  band $2.00\u201320.00""}, {""id"": ""float"", ""kills"": true, ""reason"": ""Float 27.3M is over the 20M cap."", ""state"": ""FAIL"", ""value"": ""27.3M""}, {""id"": ""catalyst"", ""kills"": false, ""reason"": ""cascade already stopped"", ""state"": ""NOT_APPLICABLE"", ""value"": ""\u2014""}, {""id"": ""rising"", ""kills"": false, ""reason"": ""cascade already stopped"", ""state"": ""NOT_APPLICABLE"", ""value"": ""\u2014""}, {""id"": ""split"", ""kills"": false, ""reason"": ""cascade already stopped"", ""state"": ""NOT_APPLICABLE"", ""value"": ""\u2014""}, {""id"": ""instrument"", ""kills"": false, ""reason"": ""cascade already stopped"", ""state"": ""NOT_APPLICABLE"", ""value"": ""\u2014""}, {""id"": ""tick"", ""kills"": false, ""reason"": ""cascade already stopped"", ""state"": ""NOT_APPLICABLE"", ""value"": ""\u2014""}, {""id"": ""buyout"", ""kills"": false, ""reason"": ""cascade already stopped"", ""state"": ""NOT_APPLICABLE"", ""value"": ""\u2014""}]",[],"{""above_ema9"": true, ""above_vwap"": false, ""buyout_announced"": false, ""catalyst_source_ok"": true, ""catalyst_today"": true, ""change_pct"": 144.11666666666667, ""feed_stale"": false, ""float_is_shares_outstanding"": false, ""float_shares"": 27320000.0, ""float_verified"": true, ""halted"": false, ""in_session_window"": true, ""is_fund_or_etf"": null, ""last"": 2.9294, ""live_theme"": false, ""macd_positive_and_above_signal"": true, ""penny_theme"": false, ""premarket_volume"": null, ""prev_close"": null, ""rvol"": 30.879769986903703, ""session_high"": 3.72, ""session_volume"": 13333931.0, ""split_ratio_clean_integer"": null, ""symbol"": ""GLND"", ""tick_size"": null}",2.94,2.86,3.1,0.08,2.0,2,1,SUPPRESSED,,,2026-09-21T10:56:32+00:00,576d080469c8,ac3a28d,,,,2.94,5.625,-3.625,1,1,stop,1,2026-09-21T09:04:00Z,3.0,2.84,3.12
8534480d6061aaf7,2026-09-21T05:07:00-04:00,none,LOBO,pullback,ibkr-GRML-VEEE-GLND,IBKR · TWS read-only · live,live-backfill,1m,0.6713,,,0.7997,11780708.0,342.1829261562503,26.66037735849056,9320000.0,verified,finviz via premarket_stars.py,1,0,REJECT,price,0,"[{""id"": ""price"", ""kills"": true, ""reason"": ""$0.67 is outside $2.00\u201320.00."", ""state"": ""FAIL"", ""value"": ""$0.67  band $2.00\u201320.00""}, {""id"": ""float"", ""kills"": false, ""reason"": ""cascade already stopped"", ""state"": ""NOT_APPLICABLE"", ""value"": ""\u2014""}, {""id"": ""catalyst"", ""kills"": false, ""reason"": ""cascade already stopped"", ""state"": ""NOT_APPLICABLE"", ""value"": ""\u2014""}, {""id"": ""pillars"", ""kills"": false, ""reason"": ""cascade already stopped"", ""state"": ""NOT_APPLICABLE"", ""value"": ""\u2014""}, {""id"": ""rising"", ""kills"": false, ""reason"": ""cascade already stopped"", ""state"": ""NOT_APPLICABLE"", ""value"": ""\u2014""}, {""id"": ""split"", ""kills"": false, ""reason"": ""cascade already stopped"", ""state"": ""NOT_APPLICABLE"", ""value"": ""\u2014""}, {""id"": ""instrument"", ""kills"": false, ""reason"": ""cascade already stopped"", ""state"": ""NOT_APPLICABLE"", ""value"": ""\u2014""}, {""id"": ""tick"", ""kills"": false, ""reason"": ""cascade already stopped"", ""state"": ""NOT_APPLICABLE"", ""value"": ""\u2014""}, {""id"": ""buyout"", ""kills"": false, ""reason"": ""cascade already stopped"", ""state"": ""NOT_APPLICABLE"", ""value"": ""\u2014""}]",[],"{""above_ema9"": false, ""above_vwap"": false, ""buyout_announced"": false, ""catalyst_source_ok"": true, ""catalyst_today"": true, ""change_pct"": 26.66037735849056, ""feed_stale"": false, ""float_is_shares_outstanding"": false, ""float_shares"": 9320000.0, ""float_verified"": true, ""halted"": false, ""in_session_window"": true, ""is_fund_or_etf"": null, ""last"": 0.6713, ""live_theme"": false, ""macd_positive_and_above_signal"": false, ""penny_theme"": false, ""premarket_volume"": null, ""prev_close"": null, ""rvol"": 342.1829261562503, ""session_high"": 0.7997, ""session_volume"": 11780708.0, ""split_ratio_clean_integer"": null, ""symbol"": ""LOBO"", ""tick_size"": null}",0.682,0.6517,0.7426,0.0303,2.0,2,1,SUPPRESSED,,,2026-09-21T13:53:59+00:00,f8b3736c1218,d58633e,,,,0.682,20.066,-0.6931,0,1,target,1,2026-09-21T09:18:00Z,0.6952,0.65,0.95
8cc598389ffaa172,2026-09-21T05:15:00-04:00,none,LOBO,pullback,ibkr-GRML-VEEE-GLND,IBKR · TWS read-only · live,live-backfill,1m,0.67,,,0.7997,12448540.0,361.58080172882035,26.415094339622634,9320000.0,verified,finviz via premarket_stars.py,1,0,REJECT,price,0,"[{""id"": ""price"", ""kills"": true, ""reason"": ""$0.67 is outside $2.00\u201320.00."", ""state"": ""FAIL"", ""value"": ""$0.67  band $2.00\u201320.00""}, {""id"": ""float"", ""kills"": false, ""reason"": ""cascade already stopped"", ""state"": ""NOT_APPLICABLE"", ""value"": ""\u2014""}, {""id"": ""catalyst"", ""kills"": false, ""reason"": ""cascade already stopped"", ""state"": ""NOT_APPLICABLE"", ""value"": ""\u2014""}, {""id"": ""pillars"", ""kills"": false, ""reason"": ""cascade already stopped"", ""state"": ""NOT_APPLICABLE"", ""value"": ""\u2014""}, {""id"": ""rising"", ""kills"": false, ""reason"": ""cascade already stopped"", ""state"": ""NOT_APPLICABLE"", ""value"": ""\u2014""}, {""id"": ""split"", ""kills"": false, ""reason"": ""cascade already stopped"", ""state"": ""NOT_APPLICABLE"", ""value"": ""\u2014""}, {""id"": ""instrument"", ""kills"": false, ""reason"": ""cascade already stopped"", ""state"": ""NOT_APPLICABLE"", ""value"": ""\u2014""}, {""id"": ""tick"", ""kills"": false, ""reason"": ""cascade already stopped"", ""state"": ""NOT_APPLICABLE"", ""value"": ""\u2014""}, {""id"": ""buyout"", ""kills"": false, ""reason"": ""cascade already stopped"", ""state"": ""NOT_APPLICABLE"", ""value"": ""\u2014""}]",[],"{""above_ema9"": true, ""above_vwap"": false, ""buyout_announced"": false, ""catalyst_source_ok"": true, ""catalyst_today"": true, ""change_pct"": 26.415094339622634, ""feed_stale"": false, ""float_is_shares_outstanding"": false, ""float_shares"": 9320000.0, ""float_verified"": true, ""halted"": false, ""in_session_window"": true, ""is_fund_or_etf"": null, ""last"": 0.67, ""live_theme"": false, ""macd_positive_and_above_signal"": false, ""penny_theme"": false, ""premarket_volume"": null, ""prev_close"": null, ""rvol"": 361.58080172882035, ""session_high"": 0.7997, ""session_volume"": 12448540.0, ""split_ratio_clean_integer"": null, ""symbol"": ""LOBO"", ""tick_size"": null}",0.6755,0.6514,0.7237,0.0241,2.0,1,1,SUPPRESSED,,,2026-09-21T13:53:59+00:00,f8b3736c1218,d58633e,,,,0.6755,25.4979,-0.6017,0,1,target,1,2026-09-21T09:17:00Z,0.6952,0.661,0.95
45fcf51c5e37c74f,2026-09-21T05:18:00-04:00,none,LGHL,pullback,ibkr-LGHL,IBKR · TWS read-only · live,live-backfill,1m,10.66,,,11.2,185124.0,1.305378859834871,34.93670886075948,50000.0,verified,finviz via premarket_stars.py,0,0,REVIEW,,1,"[{""id"": ""price"", ""kills"": true, ""reason"": ""$10.66 is outside $2.00\u201320.00."", ""state"": ""PASS"", ""value"": ""$10.66  band $2.00\u201320.00""}, {""id"": ""float"", ""kills"": false, ""reason"": """", ""state"": ""PASS"", ""value"": ""0.1M (verified)""}, {""id"": ""catalyst"", ""kills"": false, ""reason"": ""No catalyst dated today and no live theme it belongs to."", ""state"": ""FAIL"", ""value"": ""none""}, {""id"": ""rising"", ""kills"": true, ""reason"": ""4.8% off the high \u2014 back side of the move."", ""state"": ""PASS"", ""value"": ""4.8% off 11.20""}, {""id"": ""split"", ""kills"": false, ""reason"": """", ""state"": ""PASS"", ""value"": ""gap is not arithmetic""}, {""id"": ""instrument"", ""kills"": false, ""reason"": """", ""state"": ""UNKNOWN"", ""value"": ""\u2014""}, {""id"": ""tick"", ""kills"": false, ""reason"": """", ""state"": ""UNKNOWN"", ""value"": ""\u2014""}, {""id"": ""buyout"", ""kills"": true, ""reason"": ""Acquisition announced \u2014 the price is pinned and volatility is gone."", ""state"": ""PASS"", ""value"": ""none""}, {""id"": ""vwap"", ""kills"": false, ""reason"": """", ""state"": ""PASS"", ""value"": ""yes""}, {""id"": ""ema9"", ""kills"": false, ""reason"": """", ""state"": ""PASS"", ""value"": ""yes""}, {""id"": ""macd"", ""kills"": false, ""reason"": """", ""state"": ""PASS"", ""value"": ""yes""}, {""id"": ""tape"", ""kills"": false, ""reason"": ""No tape and no book in this tool."", ""state"": ""MANUAL_CONFIRMATION_REQUIRED"", ""value"": ""your eyes""}]","[""No catalyst dated today and no live theme (A2: flagged, not killed; the read-out splits this cohort)."", ""Instrument type unknown \u2014 ADRs are fine, funds are not."", ""Session volume 0.19M is under the 1M floor \u2014 the band he measured himself losing in."", ""RVOL 1.31x is under the 1.5x trade floor (the 5x is a scanner dial, not a gate).""]","{""above_ema9"": true, ""above_vwap"": true, ""buyout_announced"": false, ""catalyst_source_ok"": true, ""catalyst_today"": false, ""change_pct"": 34.93670886075948, ""feed_stale"": false, ""float_is_shares_outstanding"": false, ""float_shares"": 50000.0, ""float_verified"": true, ""halted"": false, ""in_session_window"": true, ""is_fund_or_etf"": null, ""last"": 10.66, ""live_theme"": false, ""macd_positive_and_above_signal"": true, ""penny_theme"": false, ""premarket_volume"": null, ""prev_close"": null, ""rvol"": 1.305378859834871, ""session_high"": 11.2, ""session_volume"": 185124.0, ""split_ratio_clean_integer"": null, ""symbol"": ""LGHL"", ""tick_size"": null}",10.32,9.89,11.18,0.43,2.0,1,1,REFUSED,"[""bar is outside the 07:00-16:00 ET session window (session 'none'); nothing is traded there"", ""decision is 5852s old; a stale plan is not the trade the cascade reviewed"", ""backfill decision: armed on loaded history, inputs not point-in-time""]",2026-09-21T10:55:31+00:00,2026-09-21T10:55:30+00:00,576d080469c8,ac3a28d,,,,10.32,2.8837,-7.6977,1,1,target,1,2026-09-21T09:19:00Z,11.56,8.8,7.86
c8b6e4d3b02ec41d,2026-09-21T05:18:00-04:00,none,USDE,pullback,ibkr-LGHL-GLND-GRML,IBKR · TWS read-only · live,live-backfill,1m,12.13,,,12.2,455541.0,0.05655140661042458,19.038272816486757,20840000.0,verified,finviz via premarket_stars.py,0,0,REJECT,float,0,"[{""id"": ""price"", ""kills"": true, ""reason"": ""$12.13 is outside $2.00\u201320.00."", ""state"": ""PASS"", ""value"": ""$12.13  band $2.00\u201320.00""}, {""id"": ""float"", ""kills"": true, ""reason"": ""Float 20.8M is over the 20M cap."", ""state"": ""FAIL"", ""value"": ""20.8M""}, {""id"": ""catalyst"", ""kills"": false, ""reason"": ""cascade already stopped"", ""state"": ""NOT_APPLICABLE"", ""value"": ""\u2014""}, {""id"": ""rising"", ""kills"": false, ""reason"": ""cascade already stopped"", ""state"": ""NOT_APPLICABLE"", ""value"": ""\u2014""}, {""id"": ""split"", ""kills"": false, ""reason"": ""cascade already stopped"", ""state"": ""NOT_APPLICABLE"", ""value"": ""\u2014""}, {""id"": ""instrument"", ""kills"": false, ""reason"": ""cascade already stopped"", ""state"": ""NOT_APPLICABLE"", ""value"": ""\u2014""}, {""id"": ""tick"", ""kills"": false, ""reason"": ""cascade already stopped"", ""state"": ""NOT_APPLICABLE"", ""value"": ""\u2014""}, {""id"": ""buyout"", ""kills"": false, ""reason"": ""cascade already stopped"", ""state"": ""NOT_APPLICABLE"", ""value"": ""\u2014""}]",[],"{""above_ema9"": true, ""above_vwap"": true, ""buyout_announced"": false, ""catalyst_source_ok"": true, ""catalyst_today"": false, ""change_pct"": 19.038272816486757, ""feed_stale"": false, ""float_is_shares_outstanding"": false, ""float_shares"": 20840000.0, ""float_verified"": true, ""halted"": false, ""in_session_window"": true, ""is_fund_or_etf"": null, ""last"": 12.13, ""live_theme"": false, ""macd_positive_and_above_signal"": true, ""penny_theme"": false, ""premarket_volume"": null, ""prev_close"": null, ""rvol"": 0.05655140661042458, ""session_high"": 12.2, ""session_volume"": 455541.0, ""split_ratio_clean_integer"": null, ""symbol"": ""USDE"", ""tick_size"": null}",12.1309,12.1,12.1927,0.0309,2.0,4,0,SUPPRESSED,,,2026-09-21T10:56:32+00:00,576d080469c8,ac3a28d,,,,12.1309,49.1618,-20.0939,1,1,stop,1,2026-09-21T09:19:00Z,12.15,11.8,13.02
43f5a68a54146f87,2026-09-21T05:22:00-04:00,none,AVAT,pullback,ibkr-LGHL-GLND-GRML,IBKR · TWS read-only · live,live-backfill,1m,1.36,,,1.36,248367.0,0.30864503602642024,25.92592592592593,30820000.0,verified,finviz via premarket_stars.py,1,0,REJECT,price,0,"[{""id"": ""price"", ""kills"": true, ""reason"": ""$1.36 is outside $2.00\u201320.00."", ""state"": ""FAIL"", ""value"": ""$1.36  band $2.00\u201320.00""}, {""id"": ""float"", ""kills"": false, ""reason"": ""cascade already stopped"", ""state"": ""NOT_APPLICABLE"", ""value"": ""\u2014""}, {""id"": ""catalyst"", ""kills"": false, ""reason"": ""cascade already stopped"", ""state"": ""NOT_APPLICABLE"", ""value"": ""\u2014""}, {""id"": ""rising"", ""kills"": false, ""reason"": ""cascade already stopped"", ""state"": ""NOT_APPLICABLE"", ""value"": ""\u2014""}, {""id"": ""split"", ""kills"": false, ""reason"": ""cascade already stopped"", ""state"": ""NOT_APPLICABLE"", ""value"": ""\u2014""}, {""id"": ""instrument"", ""kills"": false, ""reason"": ""cascade already stopped"", ""state"": ""NOT_APPLICABLE"", ""value"": ""\u2014""}, {""id"": ""tick"", ""kills"": false, ""reason"": ""cascade already stopped"", ""state"": ""NOT_APPLICABLE"", ""value"": ""\u2014""}, {""id"": ""buyout"", ""kills"": false, ""reason"": ""cascade already stopped"", ""state"": ""NOT_APPLICABLE"", ""value"": ""\u2014""}]",[],"{""above_ema9"": true, ""above_vwap"": true, ""buyout_announced"": false, ""catalyst_source_ok"": true, ""catalyst_today"": true, ""change_pct"": 25.92592592592593, ""feed_stale"": false, ""float_is_shares_outstanding"": false, ""float_shares"": 30820000.0, ""float_verified"": true, ""halted"": false, ""in_session_window"": true, ""is_fund_or_etf"": null, ""last"": 1.36, ""live_theme"": false, ""macd_positive_and_above_signal"": true, ""penny_theme"": false, ""premarket_volume"": null, ""prev_close"": null, ""rvol"": 0.30864503602642024, ""session_high"": 1.36, ""session_volume"": 248367.0, ""split_ratio_clean_integer"": null, ""symbol"": ""AVAT"", ""tick_size"": null}",1.365,1.34,1.415,0.025,2.0,2,1,SUPPRESSED,,,2026-09-21T10:56:32+00:00,576d080469c8,ac3a28d,,,,1.365,8.6,-3.8,1,1,stop,1,2026-09-21T11:16:00Z,1.36,1.25,1.415
8084f3b5ad765cd8,2026-09-21T05:29:00-04:00,none,AVAT,pullback,ibkr-LGHL-GLND-GRML,IBKR · TWS read-only · live,live-backfill,1m,1.33,,,1.36,296003.0,0.36784217145968856,23.148148148148138,30820000.0,verified,finviz via premarket_stars.py,1,0,REJECT,price,0,"[{""id"": ""price"", ""kills"": true, ""reason"": ""$1.33 is outside $2.00\u201320.00."", ""state"": ""FAIL"", ""value"": ""$1.33  band $2.00\u201320.00""}, {""id"": ""float"", ""kills"": false, ""reason"": ""cascade already stopped"", ""state"": ""NOT_APPLICABLE"", ""value"": ""\u2014""}, {""id"": ""catalyst"", ""kills"": false, ""reason"": ""cascade already stopped"", ""state"": ""NOT_APPLICABLE"", ""value"": ""\u2014""}, {""id"": ""rising"", ""kills"": false, ""reason"": ""cascade already stopped"", ""state"": ""NOT_APPLICABLE"", ""value"": ""\u2014""}, {""id"": ""split"", ""kills"": false, ""reason"": ""cascade already stopped"", ""state"": ""NOT_APPLICABLE"", ""value"": ""\u2014""}, {""id"": ""instrument"", ""kills"": false, ""reason"": ""cascade already stopped"", ""state"": ""NOT_APPLICABLE"", ""value"": ""\u2014""}, {""id"": ""tick"", ""kills"": false, ""reason"": ""cascade already stopped"", ""state"": ""NOT_APPLICABLE"", ""value"": ""\u2014""}, {""id"": ""buyout"", ""kills"": false, ""reason"": ""cascade already stopped"", ""state"": ""NOT_APPLICABLE"", ""value"": ""\u2014""}]",[],"{""above_ema9"": true, ""above_vwap"": true, ""buyout_announced"": false, ""catalyst_source_ok"": true, ""catalyst_today"": true, ""change_pct"": 23.148148148148138, ""feed_stale"": false, ""float_is_shares_outstanding"": false, ""float_shares"": 30820000.0, ""float_verified"": true, ""halted"": false, ""in_session_window"": true, ""is_fund_or_etf"": null, ""last"": 1.33, ""live_theme"": false, ""macd_positive_and_above_signal"": false, ""penny_theme"": false, ""premarket_volume"": null, ""prev_close"": null, ""rvol"": 0.36784217145968856, ""session_high"": 1.36, ""session_volume"": 296003.0, ""split_ratio_clean_integer"": null, ""symbol"": ""AVAT"", ""tick_size"": null}",1.33,1.3005,1.389,0.0295,2.0,3,1,SUPPRESSED,,,2026-09-21T10:56:32+00:00,576d080469c8,ac3a28d,,,,1.33,8.4746,-4.0678,1,1,stop,1,2026-09-21T09:39:00Z,1.33,1.21,1.415
aa305fde1c6f1ed6,2026-09-21T05:38:00-04:00,none,LGHL,pullback,ibkr-LGHL,IBKR · TWS read-only · live,live-backfill,1m,9.71,,,11.56,313658.0,2.2117203734690585,22.911392405063303,50000.0,verified,finviz via premarket_stars.py,0,0,WAIT,,1,"[{""id"": ""price"", ""kills"": true, ""reason"": ""$9.71 is outside $2.00\u201320.00."", ""state"": ""PASS"", ""value"": ""$9.71  band $2.00\u201320.00""}, {""id"": ""float"", ""kills"": false, ""reason"": """", ""state"": ""PASS"", ""value"": ""0.1M (verified)""}, {""id"": ""catalyst"", ""kills"": false, ""reason"": ""No catalyst dated today and no live theme it belongs to."", ""state"": ""FAIL"", ""value"": ""none""}, {""id"": ""rising"", ""kills"": true, ""reason"": ""16.0% off the high \u2014 back side of the move."", ""state"": ""PASS"", ""value"": ""16.0% off 11.56""}, {""id"": ""split"", ""kills"": false, ""reason"": """", ""state"": ""PASS"", ""value"": ""gap is not arithmetic""}, {""id"": ""instrument"", ""kills"": false, ""reason"": """", ""state"": ""UNKNOWN"", ""value"": ""\u2014""}, {""id"": ""tick"", ""kills"": false, ""reason"": """", ""state"": ""UNKNOWN"", ""value"": ""\u2014""}, {""id"": ""buyout"", ""kills"": true, ""reason"": ""Acquisition announced \u2014 the price is pinned and volatility is gone."", ""state"": ""PASS"", ""value"": ""none""}, {""id"": ""vwap"", ""kills"": false, ""reason"": """", ""state"": ""FAIL"", ""value"": ""no""}, {""id"": ""ema9"", ""kills"": false, ""reason"": """", ""state"": ""PASS"", ""value"": ""yes""}, {""id"": ""macd"", ""kills"": false, ""reason"": """", ""state"": ""PASS"", ""value"": ""yes""}, {""id"": ""tape"", ""kills"": false, ""reason"": ""No tape and no book in this tool."", ""state"": ""MANUAL_CONFIRMATION_REQUIRED"", ""value"": ""your eyes""}]","[""No catalyst dated today and no live theme (A2: flagged, not killed; the read-out splits this cohort)."", ""Instrument type unknown \u2014 ADRs are fine, funds are not."", ""Session volume 0.31M is under the 1M floor \u2014 the band he measured himself losing in.""]","{""above_ema9"": true, ""above_vwap"": false, ""buyout_announced"": false, ""catalyst_source_ok"": true, ""catalyst_today"": false, ""change_pct"": 22.911392405063303, ""feed_stale"": false, ""float_is_shares_outstanding"": false, ""float_shares"": 50000.0, ""float_verified"": true, ""halted"": false, ""in_session_window"": true, ""is_fund_or_etf"": null, ""last"": 9.71, ""live_theme"": false, ""macd_positive_and_above_signal"": true, ""penny_theme"": false, ""premarket_volume"": null, ""prev_close"": null, ""rvol"": 2.2117203734690585, ""session_high"": 11.56, ""session_volume"": 313658.0, ""split_ratio_clean_integer"": null, ""symbol"": ""LGHL"", ""tick_size"": null}",9.73,9.55,10.09,0.18,2.0,2,0,REFUSED,"[""bar is outside the 07:00-16:00 ET session window (session 'none'); nothing is traded there"", ""decision is 4652s old; a stale plan is not the trade the cascade reviewed"", ""backfill decision: armed on loaded history, inputs not point-in-time"", ""Layer 2 not green: pullback volume was not lighter than the impulse"", ""Layer 2 not green: verdict WAIT \u2014 chart gates must all be true at entry""]",2026-09-21T10:55:31+00:00,2026-09-21T10:55:30+00:00,576d080469c8,ac3a28d,,,,9.73,3.3333,-15.1111,1,1,stop,1,2026-09-21T09:42:00Z,10.33,9.25,7.86
b8b6073b00c4964b,2026-09-21T05:39:00-04:00,none,GLND,pullback,ibkr-LGHL-GLND-GRML,IBKR · TWS read-only · live,live-backfill,1m,3.12,,,3.72,16478457.0,38.1621115257821,160.0,27320000.0,verified,finviz via premarket_stars.py,1,0,REJECT,float,0,"[{""id"": ""price"", ""kills"": true, ""reason"": ""$3.12 is outside $2.00\u201320.00."", ""state"": ""PASS"", ""value"": ""$3.12  band $2.00\u201320.00""}, {""id"": ""float"", ""kills"": true, ""reason"": ""Float 27.3M is over the 20M cap."", ""state"": ""FAIL"", ""value"": ""27.3M""}, {""id"": ""catalyst"", ""kills"": false, ""reason"": ""cascade already stopped"", ""state"": ""NOT_APPLICABLE"", ""value"": ""\u2014""}, {""id"": ""rising"", ""kills"": false, ""reason"": ""cascade already stopped"", ""state"": ""NOT_APPLICABLE"", ""value"": ""\u2014""}, {""id"": ""split"", ""kills"": false, ""reason"": ""cascade already stopped"", ""state"": ""NOT_APPLICABLE"", ""value"": ""\u2014""}, {""id"": ""instrument"", ""kills"": false, ""reason"": ""cascade already stopped"", ""state"": ""NOT_APPLICABLE"", ""value"": ""\u2014""}, {""id"": ""tick"", ""kills"": false, ""reason"": ""cascade already stopped"", ""state"": ""NOT_APPLICABLE"", ""value"": ""\u2014""}, {""id"": ""buyout"", ""kills"": false, ""reason"": ""cascade already stopped"", ""state"": ""NOT_APPLICABLE"", ""value"": ""\u2014""}]",[],"{""above_ema9"": true, ""above_vwap"": true, ""buyout_announced"": false, ""catalyst_source_ok"": true, ""catalyst_today"": true, ""change_pct"": 160.0, ""feed_stale"": false, ""float_is_shares_outstanding"": false, ""float_shares"": 27320000.0, ""float_verified"": true, ""halted"": false, ""in_session_window"": true, ""is_fund_or_etf"": null, ""last"": 3.12, ""live_theme"": false, ""macd_positive_and_above_signal"": true, ""penny_theme"": false, ""premarket_volume"": null, ""prev_close"": null, ""rvol"": 38.1621115257821, ""session_high"": 3.72, ""session_volume"": 16478457.0, ""split_ratio_clean_integer"": null, ""symbol"": ""GLND"", ""tick_size"": null}",3.09,3.0,3.27,0.09,2.0,2,0,SUPPRESSED,,,2026-09-21T10:56:32+00:00,576d080469c8,ac3a28d,,,,3.09,3.3333,-4.8889,1,1,stop,1,2026-09-21T09:40:00Z,3.21,2.99,3.12
39ab9cf3648ff02f,2026-09-21T06:01:00-04:00,none,AVAT,pullback,ibkr-LGHL-GLND-GRML,IBKR · TWS read-only · live,live-backfill,1m,1.21,,,1.36,407479.0,0.5063731117057004,12.037037037037024,30820000.0,verified,finviz via premarket_stars.py,1,0,REJECT,price,0,"[{""id"": ""price"", ""kills"": true, ""reason"": ""$1.21 is outside $2.00\u201320.00."", ""state"": ""FAIL"", ""value"": ""$1.21  band $2.00\u201320.00""}, {""id"": ""float"", ""kills"": false, ""reason"": ""cascade already stopped"", ""state"": ""NOT_APPLICABLE"", ""value"": ""\u2014""}, {""id"": ""catalyst"", ""kills"": false, ""reason"": ""cascade already stopped"", ""state"": ""NOT_APPLICABLE"", ""value"": ""\u2014""}, {""id"": ""rising"", ""kills"": false, ""reason"": ""cascade already stopped"", ""state"": ""NOT_APPLICABLE"", ""value"": ""\u2014""}, {""id"": ""split"", ""kills"": false, ""reason"": ""cascade already stopped"", ""state"": ""NOT_APPLICABLE"", ""value"": ""\u2014""}, {""id"": ""instrument"", ""kills"": false, ""reason"": ""cascade already stopped"", ""state"": ""NOT_APPLICABLE"", ""value"": ""\u2014""}, {""id"": ""tick"", ""kills"": false, ""reason"": ""cascade already stopped"", ""state"": ""NOT_APPLICABLE"", ""value"": ""\u2014""}, {""id"": ""buyout"", ""kills"": false, ""reason"": ""cascade already stopped"", ""state"": ""NOT_APPLICABLE"", ""value"": ""\u2014""}]",[],"{""above_ema9"": false, ""above_vwap"": false, ""buyout_announced"": false, ""catalyst_source_ok"": true, ""catalyst_today"": true, ""change_pct"": 12.037037037037024, ""feed_stale"": false, ""float_is_shares_outstanding"": false, ""float_shares"": 30820000.0, ""float_verified"": true, ""halted"": false, ""in_session_window"": true, ""is_fund_or_etf"": null, ""last"": 1.21, ""live_theme"": false, ""macd_positive_and_above_signal"": false, ""penny_theme"": false, ""premarket_volume"": null, ""prev_close"": null, ""rvol"": 0.5063731117057004, ""session_high"": 1.36, ""session_volume"": 407479.0, ""split_ratio_clean_integer"": null, ""symbol"": ""AVAT"", ""tick_size"": null}",1.23,1.21,1.27,0.02,2.0,2,1,SUPPRESSED,,,2026-09-21T10:56:32+00:00,576d080469c8,ac3a28d,,,,1.23,17.5,-1.0,1,1,stop,1,2026-09-21T10:03:00Z,1.31,1.21,1.415
df6340231d5e9c36,2026-09-21T06:01:00-04:00,none,LOBO,pullback,ibkr-GRML-VEEE-GLND,IBKR · TWS read-only · live,live-backfill,1m,0.696,,,0.7997,14482970.0,420.6729386750939,31.320754716981124,9320000.0,verified,finviz via premarket_stars.py,1,0,REJECT,price,0,"[{""id"": ""price"", ""kills"": true, ""reason"": ""$0.70 is outside $2.00\u201320.00."", ""state"": ""FAIL"", ""value"": ""$0.70  band $2.00\u201320.00""}, {""id"": ""float"", ""kills"": false, ""reason"": ""cascade already stopped"", ""state"": ""NOT_APPLICABLE"", ""value"": ""\u2014""}, {""id"": ""catalyst"", ""kills"": false, ""reason"": ""cascade already stopped"", ""state"": ""NOT_APPLICABLE"", ""value"": ""\u2014""}, {""id"": ""pillars"", ""kills"": false, ""reason"": ""cascade already stopped"", ""state"": ""NOT_APPLICABLE"", ""value"": ""\u2014""}, {""id"": ""rising"", ""kills"": false, ""reason"": ""cascade already stopped"", ""state"": ""NOT_APPLICABLE"", ""value"": ""\u2014""}, {""id"": ""split"", ""kills"": false, ""reason"": ""cascade already stopped"", ""state"": ""NOT_APPLICABLE"", ""value"": ""\u2014""}, {""id"": ""instrument"", ""kills"": false, ""reason"": ""cascade already stopped"", ""state"": ""NOT_APPLICABLE"", ""value"": ""\u2014""}, {""id"": ""tick"", ""kills"": false, ""reason"": ""cascade already stopped"", ""state"": ""NOT_APPLICABLE"", ""value"": ""\u2014""}, {""id"": ""buyout"", ""kills"": false, ""reason"": ""cascade already stopped"", ""state"": ""NOT_APPLICABLE"", ""value"": ""\u2014""}]",[],"{""above_ema9"": false, ""above_vwap"": false, ""buyout_announced"": false, ""catalyst_source_ok"": true, ""catalyst_today"": true, ""change_pct"": 31.320754716981124, ""feed_stale"": false, ""float_is_shares_outstanding"": false, ""float_shares"": 9320000.0, ""float_verified"": true, ""halted"": false, ""in_session_window"": true, ""is_fund_or_etf"": null, ""last"": 0.696, ""live_theme"": false, ""macd_positive_and_above_signal"": false, ""penny_theme"": false, ""premarket_volume"": null, ""prev_close"": null, ""rvol"": 420.6729386750939, ""session_high"": 0.7997, ""session_volume"": 14482970.0, ""split_ratio_clean_integer"": null, ""symbol"": ""LOBO"", ""tick_size"": null}",0.7062,0.68,0.7586,0.0262,2.0,4,1,SUPPRESSED,,,2026-09-21T13:53:59+00:00,f8b3736c1218,d58633e,,,,0.7062,22.2824,-1.3817,1,1,stop,1,2026-09-21T10:07:00Z,0.753,0.6789,0.95
e8ae1fa4faf0736c,2026-09-21T06:07:00-04:00,none,AVAT,pullback,ibkr-LGHL-GLND-GRML,IBKR · TWS read-only · live,live-backfill,1m,1.26,,,1.36,428730.0,0.5327816750840778,16.66666666666665,30820000.0,verified,finviz via premarket_stars.py,1,0,REJECT,price,0,"[{""id"": ""price"", ""kills"": true, ""reason"": ""$1.26 is outside $2.00\u201320.00."", ""state"": ""FAIL"", ""value"": ""$1.26  band $2.00\u201320.00""}, {""id"": ""float"", ""kills"": false, ""reason"": ""cascade already stopped"", ""state"": ""NOT_APPLICABLE"", ""value"": ""\u2014""}, {""id"": ""catalyst"", ""kills"": false, ""reason"": ""cascade already stopped"", ""state"": ""NOT_APPLICABLE"", ""value"": ""\u2014""}, {""id"": ""rising"", ""kills"": false, ""reason"": ""cascade already stopped"", ""state"": ""NOT_APPLICABLE"", ""value"": ""\u2014""}, {""id"": ""split"", ""kills"": false, ""reason"": ""cascade already stopped"", ""state"": ""NOT_APPLICABLE"", ""value"": ""\u2014""}, {""id"": ""instrument"", ""kills"": false, ""reason"": ""cascade already stopped"", ""state"": ""NOT_APPLICABLE"", ""value"": ""\u2014""}, {""id"": ""tick"", ""kills"": false, ""reason"": ""cascade already stopped"", ""state"": ""NOT_APPLICABLE"", ""value"": ""\u2014""}, {""id"": ""buyout"", ""kills"": false, ""reason"": ""cascade already stopped"", ""state"": ""NOT_APPLICABLE"", ""value"": ""\u2014""}]",[],"{""above_ema9"": true, ""above_vwap"": false, ""buyout_announced"": false, ""catalyst_source_ok"": true, ""catalyst_today"": true, ""change_pct"": 16.66666666666665, ""feed_stale"": false, ""float_is_shares_outstanding"": false, ""float_shares"": 30820000.0, ""float_verified"": true, ""halted"": false, ""in_session_window"": true, ""is_fund_or_etf"": null, ""last"": 1.26, ""live_theme"": false, ""macd_positive_and_above_signal"": true, ""penny_theme"": false, ""premarket_volume"": null, ""prev_close"": null, ""rvol"": 0.5327816750840778, ""session_high"": 1.36, ""session_volume"": 428730.0, ""split_ratio_clean_integer"": null, ""symbol"": ""AVAT"", ""tick_size"": null}",1.26,1.24,1.3,0.02,2.0,2,1,SUPPRESSED,,,2026-09-21T10:56:32+00:00,576d080469c8,ac3a28d,,,,1.26,16.0,0.0,0,1,target,1,2026-09-21T10:08:00Z,1.31,1.26,1.415
3e78f3b474ce0f0b,2026-09-21T06:09:00-04:00,none,LGHL,pullback,ibkr-LGHL,IBKR · TWS read-only · live,live-backfill,1m,10.06,,,11.56,354795.0,2.501792812250778,27.341772151898724,50000.0,verified,finviz via premarket_stars.py,0,0,REVIEW,,1,"[{""id"": ""price"", ""kills"": true, ""reason"": ""$10.06 is outside $2.00\u201320.00."", ""state"": ""PASS"", ""value"": ""$10.06  band $2.00\u201320.00""}, {""id"": ""float"", ""kills"": false, ""reason"": """", ""state"": ""PASS"", ""value"": ""0.1M (verified)""}, {""id"": ""catalyst"", ""kills"": false, ""reason"": ""No catalyst dated today and no live theme it belongs to."", ""state"": ""FAIL"", ""value"": ""none""}, {""id"": ""rising"", ""kills"": true, ""reason"": ""13.0% off the high \u2014 back side of the move."", ""state"": ""PASS"", ""value"": ""13.0% off 11.56""}, {""id"": ""split"", ""kills"": false, ""reason"": """", ""state"": ""PASS"", ""value"": ""gap is not arithmetic""}, {""id"": ""instrument"", ""kills"": false, ""reason"": """", ""state"": ""UNKNOWN"", ""value"": ""\u2014""}, {""id"": ""tick"", ""kills"": false, ""reason"": """", ""state"": ""UNKNOWN"", ""value"": ""\u2014""}, {""id"": ""buyout"", ""kills"": true, ""reason"": ""Acquisition announced \u2014 the price is pinned and volatility is gone."", ""state"": ""PASS"", ""value"": ""none""}, {""id"": ""vwap"", ""kills"": false, ""reason"": """", ""state"": ""PASS"", ""value"": ""yes""}, {""id"": ""ema9"", ""kills"": false, ""reason"": """", ""state"": ""PASS"", ""value"": ""yes""}, {""id"": ""macd"", ""kills"": false, ""reason"": """", ""state"": ""PASS"", ""value"": ""yes""}, {""id"": ""tape"", ""kills"": false, ""reason"": ""No tape and no book in this tool."", ""state"": ""MANUAL_CONFIRMATION_REQUIRED"", ""value"": ""your eyes""}]","[""No catalyst dated today and no live theme (A2: flagged, not killed; the read-out splits this cohort)."", ""Instrument type unknown \u2014 ADRs are fine, funds are not."", ""Session volume 0.35M is under the 1M floor \u2014 the band he measured himself losing in.""]","{""above_ema9"": true, ""above_vwap"": true, ""buyout_announced"": false, ""catalyst_source_ok"": true, ""catalyst_today"": false, ""change_pct"": 27.341772151898724, ""feed_stale"": false, ""float_is_shares_outstanding"": false, ""float_shares"": 50000.0, ""float_verified"": true, ""halted"": false, ""in_session_window"": true, ""is_fund_or_etf"": null, ""last"": 10.06, ""live_theme"": false, ""macd_positive_and_above_signal"": true, ""penny_theme"": false, ""premarket_volume"": null, ""prev_close"": null, ""rvol"": 2.501792812250778, ""session_high"": 11.56, ""session_volume"": 354795.0, ""split_ratio_clean_integer"": null, ""symbol"": ""LGHL"", ""tick_size"": null}",9.94,9.74,10.34,0.2,2.0,1,1,REFUSED,"[""bar is outside the 07:00-16:00 ET session window (session 'none'); nothing is traded there"", ""decision is 2792s old; a stale plan is not the trade the cascade reviewed"", ""backfill decision: armed on loaded history, inputs not point-in-time""]",2026-09-21T10:55:31+00:00,2026-09-21T10:55:30+00:00,576d080469c8,ac3a28d,,,,9.94,0.95,-14.65,1,0,stop,1,2026-09-21T10:10:00Z,10.13,9.02,7.86
1287d179488105dc,2026-09-21T06:15:00-04:00,none,GLND,pullback,ibkr-LGHL-GLND-GRML,IBKR · TWS read-only · live,live-backfill,1m,3.05,,,3.72,20446395.0,47.351375574193234,154.16666666666666,27320000.0,verified,finviz via premarket_stars.py,1,0,REJECT,float,0,"[{""id"": ""price"", ""kills"": true, ""reason"": ""$3.05 is outside $2.00\u201320.00."", ""state"": ""PASS"", ""value"": ""$3.05  band $2.00\u201320.00""}, {""id"": ""float"", ""kills"": true, ""reason"": ""Float 27.3M is over the 20M cap."", ""state"": ""FAIL"", ""value"": ""27.3M""}, {""id"": ""catalyst"", ""kills"": false, ""reason"": ""cascade already stopped"", ""state"": ""NOT_APPLICABLE"", ""value"": ""\u2014""}, {""id"": ""rising"", ""kills"": false, ""reason"": ""cascade already stopped"", ""state"": ""NOT_APPLICABLE"", ""value"": ""\u2014""}, {""id"": ""split"", ""kills"": false, ""reason"": ""cascade already stopped"", ""state"": ""NOT_APPLICABLE"", ""value"": ""\u2014""}, {""id"": ""instrument"", ""kills"": false, ""reason"": ""cascade already stopped"", ""state"": ""NOT_APPLICABLE"", ""value"": ""\u2014""}, {""id"": ""tick"", ""kills"": false, ""reason"": ""cascade already stopped"", ""state"": ""NOT_APPLICABLE"", ""value"": ""\u2014""}, {""id"": ""buyout"", ""kills"": false, ""reason"": ""cascade already stopped"", ""state"": ""NOT_APPLICABLE"", ""value"": ""\u2014""}]",[],"{""above_ema9"": true, ""above_vwap"": false, ""buyout_announced"": false, ""catalyst_source_ok"": true, ""catalyst_today"": true, ""change_pct"": 154.16666666666666, ""feed_stale"": false, ""float_is_shares_outstanding"": false, ""float_shares"": 27320000.0, ""float_verified"": true, ""halted"": false, ""in_session_window"": true, ""is_fund_or_etf"": null, ""last"": 3.05, ""live_theme"": false, ""macd_positive_and_above_signal"": false, ""penny_theme"": false, ""premarket_volume"": null, ""prev_close"": null, ""rvol"": 47.351375574193234, ""session_high"": 3.72, ""session_volume"": 20446395.0, ""split_ratio_clean_integer"": null, ""symbol"": ""GLND"", ""tick_size"": null}",3.05,3.01,3.13,0.04,2.0,3,1,SUPPRESSED,,,2026-09-21T10:56:32+00:00,576d080469c8,ac3a28d,,,,3.05,8.5,-10.0,1,1,target,1,2026-09-21T10:16:00Z,3.17,2.88,3.12
4eeff071193eb338,2026-09-21T06:17:00-04:00,none,VEEE,pullback,ibkr-GRML-GLND-CRML,IBKR · TWS read-only · live,live-backfill,1m,10.83,,,11.77,77252.0,8.530053166527722,26.22377622377623,574502.0,shares_outstanding_proxy,SEC shares outstanding (upper bound),0,0,REVIEW,,1,"[{""id"": ""price"", ""kills"": true, ""reason"": ""$10.83 is outside $2.00\u201320.00."", ""state"": ""PASS"", ""value"": ""$10.83  band $2.00\u201320.00""}, {""id"": ""float"", ""kills"": false, ""reason"": """", ""state"": ""PASS"", ""value"": ""0.6M (SO upper bound)""}, {""id"": ""catalyst"", ""kills"": false, ""reason"": ""No catalyst dated today and no live theme it belongs to."", ""state"": ""FAIL"", ""value"": ""none""}, {""id"": ""pillars"", ""kills"": true, ""reason"": ""Only 4 of the Five Pillars pass (need 4); missing catalyst."", ""state"": ""PASS"", ""value"": ""4/5 \u2014 missing catalyst""}, {""id"": ""rising"", ""kills"": true, ""reason"": ""8.0% off the high \u2014 back side of the move."", ""state"": ""PASS"", ""value"": ""8.0% off 11.77""}, {""id"": ""split"", ""kills"": false, ""reason"": """", ""state"": ""PASS"", ""value"": ""gap is not arithmetic""}, {""id"": ""instrument"", ""kills"": false, ""reason"": """", ""state"": ""UNKNOWN"", ""value"": ""\u2014""}, {""id"": ""tick"", ""kills"": false, ""reason"": """", ""state"": ""UNKNOWN"", ""value"": ""\u2014""}, {""id"": ""buyout"", ""kills"": true, ""reason"": ""Acquisition announced \u2014 the price is pinned and volatility is gone."", ""state"": ""PASS"", ""value"": ""none""}, {""id"": ""vwap"", ""kills"": false, ""reason"": """", ""state"": ""PASS"", ""value"": ""yes""}, {""id"": ""ema9"", ""kills"": false, ""reason"": """", ""state"": ""PASS"", ""value"": ""yes""}, {""id"": ""macd"", ""kills"": false, ""reason"": """", ""state"": ""PASS"", ""value"": ""yes""}, {""id"": ""tape"", ""kills"": false, ""reason"": ""No tape and no book in this tool."", ""state"": ""MANUAL_CONFIRMATION_REQUIRED"", ""value"": ""your eyes""}]","[""No catalyst dated today and no live theme (A2: flagged, not killed; the read-out splits this cohort)."", ""Instrument type unknown \u2014 ADRs are fine, funds are not."", ""Session volume 0.08M is under the 1M floor \u2014 the band he measured himself losing in.""]","{""above_ema9"": true, ""above_vwap"": true, ""buyout_announced"": false, ""catalyst_source_ok"": true, ""catalyst_today"": false, ""change_pct"": 26.22377622377623, ""feed_stale"": false, ""float_is_shares_outstanding"": true, ""float_shares"": 574502, ""float_verified"": false, ""halted"": false, ""in_session_window"": true, ""is_fund_or_etf"": null, ""last"": 10.83, ""live_theme"": false, ""macd_positive_and_above_signal"": true, ""penny_theme"": false, ""premarket_volume"": null, ""prev_close"": null, ""rvol"": 8.530053166527722, ""session_high"": 11.77, ""session_volume"": 77252.0, ""split_ratio_clean_integer"": null, ""symbol"": ""VEEE"", ""tick_size"": null}",10.84,10.64,11.24,0.2,2.0,1,1,REFUSED,"[""bar is outside the 07:00-16:00 ET session window (session 'none'); nothing is traded there"", ""decision is 5684s old; a stale plan is not the trade the cascade reviewed"", ""backfill decision: armed on loaded history, inputs not point-in-time""]",2026-09-21T11:51:43+00:00,2026-09-21T11:51:41+00:00,f8b3736c1218,2779710,,,,10.84,60.05,-7.6,1,1,stop,1,2026-09-21T10:18:00Z,10.88,9.32,17.58
b77719c811cfa7de,2026-09-21T06:22:00-04:00,none,CPOP,pullback,ibkr-GRML-VEEE-GLND,IBKR · TWS read-only · live,live-backfill,1m,4.09,,,4.64,13924.0,0.10596482095796034,-0.48661800486619056,,unknown,EDGAR has no shares-outstanding figure for this registrant,0,0,REJECT,pillars,0,"[{""id"": ""price"", ""kills"": true, ""reason"": ""$4.09 is outside $2.00\u201320.00."", ""state"": ""PASS"", ""value"": ""$4.09  band $2.00\u201320.00""}, {""id"": ""float"", ""kills"": false, ""reason"": ""Float unknown; the cascade fails closed."", ""state"": ""UNKNOWN"", ""value"": ""unknown""}, {""id"": ""catalyst"", ""kills"": false, ""reason"": ""No catalyst dated today and no live theme it belongs to."", ""state"": ""FAIL"", ""value"": ""none""}, {""id"": ""pillars"", ""kills"": true, ""reason"": ""Only 1 of the Five Pillars pass (need 4); missing gain, rvol, float, catalyst."", ""state"": ""FAIL"", ""value"": ""1/5 \u2014 missing gain, rvol, float, catalyst""}, {""id"": ""rising"", ""kills"": false, ""reason"": ""cascade already stopped"", ""state"": ""NOT_APPLICABLE"", ""value"": ""\u2014""}, {""id"": ""split"", ""kills"": false, ""reason"": ""cascade already stopped"", ""state"": ""NOT_APPLICABLE"", ""value"": ""\u2014""}, {""id"": ""instrument"", ""kills"": false, ""reason"": ""cascade already stopped"", ""state"": ""NOT_APPLICABLE"", ""value"": ""\u2014""}, {""id"": ""tick"", ""kills"": false, ""reason"": ""cascade already stopped"", ""state"": ""NOT_APPLICABLE"", ""value"": ""\u2014""}, {""id"": ""buyout"", ""kills"": false, ""reason"": ""cascade already stopped"", ""state"": ""NOT_APPLICABLE"", ""value"": ""\u2014""}]","[""No catalyst dated today and no live theme (A2: flagged, not killed; the read-out splits this cohort).""]","{""above_ema9"": true, ""above_vwap"": true, ""buyout_announced"": false, ""catalyst_source_ok"": true, ""catalyst_today"": false, ""change_pct"": -0.48661800486619056, ""feed_stale"": false, ""float_is_shares_outstanding"": false, ""float_shares"": null, ""float_verified"": false, ""halted"": false, ""in_session_window"": true, ""is_fund_or_etf"": null, ""last"": 4.09, ""live_theme"": false, ""macd_positive_and_above_signal"": true, ""penny_theme"": false, ""premarket_volume"": null, ""prev_close"": null, ""rvol"": 0.10596482095796034, ""session_high"": 4.64, ""session_volume"": 13924.0, ""split_ratio_clean_integer"": null, ""symbol"": ""CPOP"", ""tick_size"": null}",4.06,4.04,4.1,0.02,2.0,1,1,SUPPRESSED,,,2026-09-21T13:53:59+00:00,f8b3736c1218,d58633e,,,,4.06,132.5,-17.5,1,1,stop,1,2026-09-21T10:23:00Z,4.09,3.71,4.46
63d3355def927882,2026-09-21T06:30:00-04:00,none,LGHL,pullback,ibkr-LGHL,IBKR · TWS read-only · live,live-backfill,1m,9.29,,,11.56,380448.0,2.682681750969388,17.594936708860743,50000.0,verified,finviz via premarket_stars.py,0,0,WAIT,,1,"[{""id"": ""price"", ""kills"": true, ""reason"": ""$9.29 is outside $2.00\u201320.00."", ""state"": ""PASS"", ""value"": ""$9.29  band $2.00\u201320.00""}, {""id"": ""float"", ""kills"": false, ""reason"": """", ""state"": ""PASS"", ""value"": ""0.1M (verified)""}, {""id"": ""catalyst"", ""kills"": false, ""reason"": ""No catalyst dated today and no live theme it belongs to."", ""state"": ""FAIL"", ""value"": ""none""}, {""id"": ""rising"", ""kills"": true, ""reason"": ""19.6% off the high \u2014 back side of the move."", ""state"": ""PASS"", ""value"": ""19.6% off 11.56""}, {""id"": ""split"", ""kills"": false, ""reason"": """", ""state"": ""PASS"", ""value"": ""gap is not arithmetic""}, {""id"": ""instrument"", ""kills"": false, ""reason"": """", ""state"": ""UNKNOWN"", ""value"": ""\u2014""}, {""id"": ""tick"", ""kills"": false, ""reason"": """", ""state"": ""UNKNOWN"", ""value"": ""\u2014""}, {""id"": ""buyout"", ""kills"": true, ""reason"": ""Acquisition announced \u2014 the price is pinned and volatility is gone."", ""state"": ""PASS"", ""value"": ""none""}, {""id"": ""vwap"", ""kills"": false, ""reason"": """", ""state"": ""FAIL"", ""value"": ""no""}, {""id"": ""ema9"", ""kills"": false, ""reason"": """", ""state"": ""FAIL"", ""value"": ""no""}, {""id"": ""macd"", ""kills"": false, ""reason"": """", ""state"": ""PASS"", ""value"": ""yes""}, {""id"": ""tape"", ""kills"": false, ""reason"": ""No tape and no book in this tool."", ""state"": ""MANUAL_CONFIRMATION_REQUIRED"", ""value"": ""your eyes""}]","[""No catalyst dated today and no live theme (A2: flagged, not killed; the read-out splits this cohort)."", ""Instrument type unknown \u2014 ADRs are fine, funds are not."", ""Session volume 0.38M is under the 1M floor \u2014 the band he measured himself losing in.""]","{""above_ema9"": false, ""above_vwap"": false, ""buyout_announced"": false, ""catalyst_source_ok"": true, ""catalyst_today"": false, ""change_pct"": 17.594936708860743, ""feed_stale"": false, ""float_is_shares_outstanding"": false, ""float_shares"": 50000.0, ""float_verified"": true, ""halted"": false, ""in_session_window"": true, ""is_fund_or_etf"": null, ""last"": 9.29, ""live_theme"": false, ""macd_positive_and_above_signal"": true, ""penny_theme"": false, ""premarket_volume"": null, ""prev_close"": null, ""rvol"": 2.682681750969388, ""session_high"": 11.56, ""session_volume"": 380448.0, ""split_ratio_clean_integer"": null, ""symbol"": ""LGHL"", ""tick_size"": null}",9.43,9.31,9.67,0.12,2.0,4,1,REFUSED,"[""bar is outside the 07:00-16:00 ET session window (session 'none'); nothing is traded there"", ""decision is 1532s old; a stale plan is not the trade the cascade reviewed"", ""backfill decision: armed on loaded history, inputs not point-in-time"", ""Layer 2 not green: verdict WAIT \u2014 chart gates must all be true at entry""]",2026-09-21T10:55:31+00:00,2026-09-21T10:55:30+00:00,576d080469c8,ac3a28d,,,,9.43,1.8333,-20.1667,1,0,stop,1,2026-09-21T10:35:00Z,9.65,8.51,7.86
8931d5a6ed1614c0,2026-09-21T06:31:00-04:00,none,LOBO,pullback,ibkr-GRML-VEEE-GLND,IBKR · TWS read-only · live,live-backfill,1m,0.6996,,,0.7997,16679109.0,484.462081845934,31.999999999999986,9320000.0,verified,finviz via premarket_stars.py,1,0,REJECT,price,0,"[{""id"": ""price"", ""kills"": true, ""reason"": ""$0.70 is outside $2.00\u201320.00."", ""state"": ""FAIL"", ""value"": ""$0.70  band $2.00\u201320.00""}, {""id"": ""float"", ""kills"": false, ""reason"": ""cascade already stopped"", ""state"": ""NOT_APPLICABLE"", ""value"": ""\u2014""}, {""id"": ""catalyst"", ""kills"": false, ""reason"": ""cascade already stopped"", ""state"": ""NOT_APPLICABLE"", ""value"": ""\u2014""}, {""id"": ""pillars"", ""kills"": false, ""reason"": ""cascade already stopped"", ""state"": ""NOT_APPLICABLE"", ""value"": ""\u2014""}, {""id"": ""rising"", ""kills"": false, ""reason"": ""cascade already stopped"", ""state"": ""NOT_APPLICABLE"", ""value"": ""\u2014""}, {""id"": ""split"", ""kills"": false, ""reason"": ""cascade already stopped"", ""state"": ""NOT_APPLICABLE"", ""value"": ""\u2014""}, {""id"": ""instrument"", ""kills"": false, ""reason"": ""cascade already stopped"", ""state"": ""NOT_APPLICABLE"", ""value"": ""\u2014""}, {""id"": ""tick"", ""kills"": false, ""reason"": ""cascade already stopped"", ""state"": ""NOT_APPLICABLE"", ""value"": ""\u2014""}, {""id"": ""buyout"", ""kills"": false, ""reason"": ""cascade already stopped"", ""state"": ""NOT_APPLICABLE"", ""value"": ""\u2014""}]",[],"{""above_ema9"": true, ""above_vwap"": false, ""buyout_announced"": false, ""catalyst_source_ok"": true, ""catalyst_today"": true, ""change_pct"": 31.999999999999986, ""feed_stale"": false, ""float_is_shares_outstanding"": false, ""float_shares"": 9320000.0, ""float_verified"": true, ""halted"": false, ""in_session_window"": true, ""is_fund_or_etf"": null, ""last"": 0.6996, ""live_theme"": false, ""macd_positive_and_above_signal"": false, ""penny_theme"": false, ""premarket_volume"": null, ""prev_close"": null, ""rvol"": 484.462081845934, ""session_high"": 0.7997, ""session_volume"": 16679109.0, ""split_ratio_clean_integer"": null, ""symbol"": ""LOBO"", ""tick_size"": null}",0.7096,0.68,0.7688,0.0296,2.0,2,1,SUPPRESSED,,,2026-09-21T13:53:59+00:00,f8b3736c1218,d58633e,,,,0.7096,19.6081,-1.3345,1,1,stop,1,2026-09-21T11:08:00Z,0.7051,0.67,0.95
db3a5b124b1cd50b,2026-09-21T06:49:00-04:00,none,ENRD,pullback,ibkr-LGHL-GLND-GRML,IBKR · TWS read-only · live,live-backfill,1m,4.55,,,4.77,165964.0,2.013256408638986,15.776081424936383,,unknown,EDGAR has no shares-outstanding figure for this registrant,0,0,REJECT,float,0,"[{""id"": ""price"", ""kills"": true, ""reason"": ""$4.55 is outside $2.00\u201320.00."", ""state"": ""PASS"", ""value"": ""$4.55  band $2.00\u201320.00""}, {""id"": ""float"", ""kills"": true, ""reason"": ""Float unknown; the cascade fails closed."", ""state"": ""UNKNOWN"", ""value"": ""unknown""}, {""id"": ""catalyst"", ""kills"": false, ""reason"": ""cascade already stopped"", ""state"": ""NOT_APPLICABLE"", ""value"": ""\u2014""}, {""id"": ""rising"", ""kills"": false, ""reason"": ""cascade already stopped"", ""state"": ""NOT_APPLICABLE"", ""value"": ""\u2014""}, {""id"": ""split"", ""kills"": false, ""reason"": ""cascade already stopped"", ""state"": ""NOT_APPLICABLE"", ""value"": ""\u2014""}, {""id"": ""instrument"", ""kills"": false, ""reason"": ""cascade already stopped"", ""state"": ""NOT_APPLICABLE"", ""value"": ""\u2014""}, {""id"": ""tick"", ""kills"": false, ""reason"": ""cascade already stopped"", ""state"": ""NOT_APPLICABLE"", ""value"": ""\u2014""}, {""id"": ""buyout"", ""kills"": false, ""reason"": ""cascade already stopped"", ""state"": ""NOT_APPLICABLE"", ""value"": ""\u2014""}]",[],"{""above_ema9"": true, ""above_vwap"": true, ""buyout_announced"": false, ""catalyst_source_ok"": true, ""catalyst_today"": false, ""change_pct"": 15.776081424936383, ""feed_stale"": false, ""float_is_shares_outstanding"": false, ""float_shares"": null, ""float_verified"": false, ""halted"": false, ""in_session_window"": true, ""is_fund_or_etf"": null, ""last"": 4.55, ""live_theme"": false, ""macd_positive_and_above_signal"": null, ""penny_theme"": false, ""premarket_volume"": null, ""prev_close"": null, ""rvol"": 2.013256408638986, ""session_high"": 4.77, ""session_volume"": 165964.0, ""split_ratio_clean_integer"": null, ""symbol"": ""ENRD"", ""tick_size"": null}",4.56,4.42,4.84,0.14,2.0,2,0,SUPPRESSED,,,2026-09-21T10:56:32+00:00,576d080469c8,ac3a28d,,,,4.56,1.3571,-5.2143,1,0,stop,1,2026-09-21T10:55:00Z,4.75,3.83,4.12
5f3327d050b71da4,2026-09-21T06:53:00-04:00,none,GRML,pullback,ibkr-LGHL-GLND-GRML,IBKR · TWS read-only · live,live-backfill,1m,4.48,,,6.49,4200057.0,6.554537734624882,57.19298245614035,2870000.0,verified,finviz via premarket_stars.py,1,0,REJECT,rising,0,"[{""id"": ""price"", ""kills"": true, ""reason"": ""$4.48 is outside $2.00\u201320.00."", ""state"": ""PASS"", ""value"": ""$4.48  band $2.00\u201320.00""}, {""id"": ""float"", ""kills"": false, ""reason"": """", ""state"": ""PASS"", ""value"": ""2.9M (verified)""}, {""id"": ""catalyst"", ""kills"": false, ""reason"": """", ""state"": ""PASS"", ""value"": ""news today""}, {""id"": ""rising"", ""kills"": true, ""reason"": ""31.0% off the high \u2014 back side of the move."", ""state"": ""FAIL"", ""value"": ""31.0% off 6.49""}, {""id"": ""split"", ""kills"": false, ""reason"": ""cascade already stopped"", ""state"": ""NOT_APPLICABLE"", ""value"": ""\u2014""}, {""id"": ""instrument"", ""kills"": false, ""reason"": ""cascade already stopped"", ""state"": ""NOT_APPLICABLE"", ""value"": ""\u2014""}, {""id"": ""tick"", ""kills"": false, ""reason"": ""cascade already stopped"", ""state"": ""NOT_APPLICABLE"", ""value"": ""\u2014""}, {""id"": ""buyout"", ""kills"": false, ""reason"": ""cascade already stopped"", ""state"": ""NOT_APPLICABLE"", ""value"": ""\u2014""}]",[],"{""above_ema9"": false, ""above_vwap"": false, ""buyout_announced"": false, ""catalyst_source_ok"": true, ""catalyst_today"": true, ""change_pct"": 57.19298245614035, ""feed_stale"": false, ""float_is_shares_outstanding"": false, ""float_shares"": 2870000.0, ""float_verified"": true, ""halted"": false, ""in_session_window"": true, ""is_fund_or_etf"": null, ""last"": 4.48, ""live_theme"": false, ""macd_positive_and_above_signal"": false, ""penny_theme"": false, ""premarket_volume"": null, ""prev_close"": null, ""rvol"": 6.554537734624882, ""session_high"": 6.49, ""session_volume"": 4200057.0, ""split_ratio_clean_integer"": null, ""symbol"": ""GRML"", ""tick_size"": null}",4.51,4.44,4.65,0.07,2.0,1,1,SUPPRESSED,,,2026-09-21T10:56:32+00:00,576d080469c8,ac3a28d,,,,4.51,102.4286,-1.1429,1,1,stop,1,2026-09-21T10:55:00Z,5.83,4.43,10.76
5c2402210c54ad8a,2026-09-21T07:03:00-04:00,premarket,GLND,pullback,ibkr-LGHL-GLND-GRML,IBKR · TWS read-only · live,live,1m,3.0693,3.08,3.09,3.72,26105577.0,60.45735598417328,155.77500000000003,27320000.0,verified,finviz via premarket_stars.py,1,0,REJECT,float,0,"[{""id"": ""price"", ""kills"": true, ""reason"": ""$3.07 is outside $2.00\u201320.00."", ""state"": ""PASS"", ""value"": ""$3.07  band $2.00\u201320.00""}, {""id"": ""float"", ""kills"": true, ""reason"": ""Float 27.3M is over the 20M cap."", ""state"": ""FAIL"", ""value"": ""27.3M""}, {""id"": ""catalyst"", ""kills"": false, ""reason"": ""cascade already stopped"", ""state"": ""NOT_APPLICABLE"", ""value"": ""\u2014""}, {""id"": ""rising"", ""kills"": false, ""reason"": ""cascade already stopped"", ""state"": ""NOT_APPLICABLE"", ""value"": ""\u2014""}, {""id"": ""split"", ""kills"": false, ""reason"": ""cascade already stopped"", ""state"": ""NOT_APPLICABLE"", ""value"": ""\u2014""}, {""id"": ""instrument"", ""kills"": false, ""reason"": ""cascade already stopped"", ""state"": ""NOT_APPLICABLE"", ""value"": ""\u2014""}, {""id"": ""tick"", ""kills"": false, ""reason"": ""cascade already stopped"", ""state"": ""NOT_APPLICABLE"", ""value"": ""\u2014""}, {""id"": ""buyout"", ""kills"": false, ""reason"": ""cascade already stopped"", ""state"": ""NOT_APPLICABLE"", ""value"": ""\u2014""}]",[],"{""above_ema9"": true, ""above_vwap"": true, ""buyout_announced"": false, ""catalyst_source_ok"": true, ""catalyst_today"": true, ""change_pct"": 155.77500000000003, ""feed_stale"": false, ""float_is_shares_outstanding"": false, ""float_shares"": 27320000.0, ""float_verified"": true, ""halted"": false, ""in_session_window"": true, ""is_fund_or_etf"": null, ""last"": 3.0693, ""live_theme"": false, ""macd_positive_and_above_signal"": true, ""penny_theme"": false, ""premarket_volume"": null, ""prev_close"": null, ""rvol"": 60.45735598417328, ""session_high"": 3.72, ""session_volume"": 26105577.0, ""split_ratio_clean_integer"": null, ""symbol"": ""GLND"", ""tick_size"": null}",3.04,2.9101,3.2998,0.1299,2.0,2,1,SUPPRESSED,,,2026-09-21T11:03:12+00:00,576d080469c8,ac3a28d,,,,3.04,2.6944,-3.0023,1,1,stop,1,2026-09-21T11:04:00Z,3.23,3.0,3.12
6d36ad81f59037f0,2026-09-21T07:04:00-04:00,premarket,NCPL,pullback,ibkr-GRML-VEEE-SPRU,IBKR · TWS read-only · live,live-backfill,1m,0.9034,,,0.9469,799958.0,0.020687397711044508,21.96570811394627,4380000.0,verified,finviz via premarket_stars.py,0,0,REJECT,price,0,"[{""id"": ""price"", ""kills"": true, ""reason"": ""$0.90 is outside $2.00\u201320.00."", ""state"": ""FAIL"", ""value"": ""$0.90  band $2.00\u201320.00""}, {""id"": ""float"", ""kills"": false, ""reason"": ""cascade already stopped"", ""state"": ""NOT_APPLICABLE"", ""value"": ""\u2014""}, {""id"": ""catalyst"", ""kills"": false, ""reason"": ""cascade already stopped"", ""state"": ""NOT_APPLICABLE"", ""value"": ""\u2014""}, {""id"": ""pillars"", ""kills"": false, ""reason"": ""cascade already stopped"", ""state"": ""NOT_APPLICABLE"", ""value"": ""\u2014""}, {""id"": ""rising"", ""kills"": false, ""reason"": ""cascade already stopped"", ""state"": ""NOT_APPLICABLE"", ""value"": ""\u2014""}, {""id"": ""split"", ""kills"": false, ""reason"": ""cascade already stopped"", ""state"": ""NOT_APPLICABLE"", ""value"": ""\u2014""}, {""id"": ""instrument"", ""kills"": false, ""reason"": ""cascade already stopped"", ""state"": ""NOT_APPLICABLE"", ""value"": ""\u2014""}, {""id"": ""tick"", ""kills"": false, ""reason"": ""cascade already stopped"", ""state"": ""NOT_APPLICABLE"", ""value"": ""\u2014""}, {""id"": ""buyout"", ""kills"": false, ""reason"": ""cascade already stopped"", ""state"": ""NOT_APPLICABLE"", ""value"": ""\u2014""}]",[],"{""above_ema9"": true, ""above_vwap"": true, ""buyout_announced"": false, ""catalyst_source_ok"": true, ""catalyst_today"": false, ""change_pct"": 21.96570811394627, ""feed_stale"": false, ""float_is_shares_outstanding"": false, ""float_shares"": 4380000.0, ""float_verified"": true, ""halted"": false, ""in_session_window"": true, ""is_fund_or_etf"": null, ""last"": 0.9034, ""live_theme"": false, ""macd_positive_and_above_signal"": true, ""penny_theme"": false, ""premarket_volume"": null, ""prev_close"": null, ""rvol"": 0.020687397711044508, ""session_high"": 0.9469, ""session_volume"": 799958.0, ""split_ratio_clean_integer"": null, ""symbol"": ""NCPL"", ""tick_size"": null}",0.9313,0.87,1.0539,0.0613,2.0,1,0,SUPPRESSED,,,2026-09-21T13:30:52+00:00,f8b3736c1218,cd97b8f,,,,0.9313,7.8091,-0.6917,0,1,target,1,2026-09-21T11:45:00Z,0.917,0.851,1.0794
de858a411513a4cf,2026-09-21T07:05:00-04:00,premarket,USDE,pullback,ibkr-LGHL-GLND-GRML,IBKR · TWS read-only · live,live,1m,12.09,12.08,12.13,12.2,703962.0,8.298894206964846,18.64573110893033,20840000.0,verified,finviz via premarket_stars.py,0,0,REJECT,float,0,"[{""id"": ""price"", ""kills"": true, ""reason"": ""$12.09 is outside $2.00\u201320.00."", ""state"": ""PASS"", ""value"": ""$12.09  band $2.00\u201320.00""}, {""id"": ""float"", ""kills"": true, ""reason"": ""Float 20.8M is over the 20M cap."", ""state"": ""FAIL"", ""value"": ""20.8M""}, {""id"": ""catalyst"", ""kills"": false, ""reason"": ""cascade already stopped"", ""state"": ""NOT_APPLICABLE"", ""value"": ""\u2014""}, {""id"": ""rising"", ""kills"": false, ""reason"": ""cascade already stopped"", ""state"": ""NOT_APPLICABLE"", ""value"": ""\u2014""}, {""id"": ""split"", ""kills"": false, ""reason"": ""cascade already stopped"", ""state"": ""NOT_APPLICABLE"", ""value"": ""\u2014""}, {""id"": ""instrument"", ""kills"": false, ""reason"": ""cascade already stopped"", ""state"": ""NOT_APPLICABLE"", ""value"": ""\u2014""}, {""id"": ""tick"", ""kills"": false, ""reason"": ""cascade already stopped"", ""state"": ""NOT_APPLICABLE"", ""value"": ""\u2014""}, {""id"": ""buyout"", ""kills"": false, ""reason"": ""cascade already stopped"", ""state"": ""NOT_APPLICABLE"", ""value"": ""\u2014""}]",[],"{""above_ema9"": true, ""above_vwap"": true, ""buyout_announced"": false, ""catalyst_source_ok"": true, ""catalyst_today"": false, ""change_pct"": 18.64573110893033, ""feed_stale"": false, ""float_is_shares_outstanding"": false, ""float_shares"": 20840000.0, ""float_verified"": true, ""halted"": false, ""in_session_window"": true, ""is_fund_or_etf"": null, ""last"": 12.09, ""live_theme"": false, ""macd_positive_and_above_signal"": true, ""penny_theme"": false, ""premarket_volume"": null, ""prev_close"": null, ""rvol"": 8.298894206964846, ""session_high"": 12.2, ""session_volume"": 703962.0, ""split_ratio_clean_integer"": null, ""symbol"": ""USDE"", ""tick_size"": null}",12.05,11.99,12.17,0.06,2.0,1,1,SUPPRESSED,,,2026-09-21T11:05:12+00:00,576d080469c8,ac3a28d,,,,12.05,26.6667,-1.0,1,1,stop,1,2026-09-21T11:06:00Z,13.65,11.99,13.02
e98e662b7b261dbc,2026-09-21T07:05:00-04:00,premarket,GRML,pullback,ibkr-GRML,IBKR · TWS read-only · live,live-backfill,1m,4.88,,,6.49,4926428.0,7.688100000288707,71.2280701754386,2870000.0,verified,finviz via premarket_stars.py,0,0,WAIT,,1,"[{""id"": ""price"", ""kills"": true, ""reason"": ""$4.88 is outside $2.00\u201320.00."", ""state"": ""PASS"", ""value"": ""$4.88  band $2.00\u201320.00""}, {""id"": ""float"", ""kills"": false, ""reason"": """", ""state"": ""PASS"", ""value"": ""2.9M (verified)""}, {""id"": ""catalyst"", ""kills"": false, ""reason"": ""No catalyst dated today and no live theme it belongs to."", ""state"": ""FAIL"", ""value"": ""none""}, {""id"": ""pillars"", ""kills"": true, ""reason"": ""Only 4 of the Five Pillars pass (need 4); missing catalyst."", ""state"": ""PASS"", ""value"": ""4/5 \u2014 missing catalyst""}, {""id"": ""rising"", ""kills"": true, ""reason"": ""24.8% off the high \u2014 back side of the move."", ""state"": ""PASS"", ""value"": ""24.8% off 6.49""}, {""id"": ""split"", ""kills"": false, ""reason"": """", ""state"": ""PASS"", ""value"": ""gap is not arithmetic""}, {""id"": ""instrument"", ""kills"": false, ""reason"": """", ""state"": ""UNKNOWN"", ""value"": ""\u2014""}, {""id"": ""tick"", ""kills"": false, ""reason"": """", ""state"": ""UNKNOWN"", ""value"": ""\u2014""}, {""id"": ""buyout"", ""kills"": true, ""reason"": ""Acquisition announced \u2014 the price is pinned and volatility is gone."", ""state"": ""PASS"", ""value"": ""none""}, {""id"": ""vwap"", ""kills"": false, ""reason"": """", ""state"": ""FAIL"", ""value"": ""no""}, {""id"": ""ema9"", ""kills"": false, ""reason"": """", ""state"": ""PASS"", ""value"": ""yes""}, {""id"": ""macd"", ""kills"": false, ""reason"": """", ""state"": ""PASS"", ""value"": ""yes""}, {""id"": ""tape"", ""kills"": false, ""reason"": ""No tape and no book in this tool."", ""state"": ""MANUAL_CONFIRMATION_REQUIRED"", ""value"": ""your eyes""}]","[""No catalyst dated today and no live theme (A2: flagged, not killed; the read-out splits this cohort)."", ""Instrument type unknown \u2014 ADRs are fine, funds are not.""]","{""above_ema9"": true, ""above_vwap"": false, ""buyout_announced"": false, ""catalyst_source_ok"": true, ""catalyst_today"": false, ""change_pct"": 71.2280701754386, ""feed_stale"": false, ""float_is_shares_outstanding"": false, ""float_shares"": 2870000.0, ""float_verified"": true, ""halted"": false, ""in_session_window"": true, ""is_fund_or_etf"": null, ""last"": 4.88, ""live_theme"": false, ""macd_positive_and_above_signal"": true, ""penny_theme"": false, ""premarket_volume"": null, ""prev_close"": null, ""rvol"": 7.688100000288707, ""session_high"": 6.49, ""session_volume"": 4926428.0, ""split_ratio_clean_integer"": null, ""symbol"": ""GRML"", ""tick_size"": null}",4.76,4.69,4.9,0.07,2.0,3,1,REFUSED,"[""decision is 2754s old; a stale plan is not the trade the cascade reviewed"", ""pre-market entry not allowed: phase B \u2014 pre-market entries start in phase C"", ""backfill decision: armed on loaded history, inputs not point-in-time"", ""Layer 2 not green: verdict WAIT \u2014 chart gates must all be true at entry""]",2026-09-21T11:50:53+00:00,2026-09-21T11:50:52+00:00,f8b3736c1218,2779710,,,,4.76,98.8571,0.5714,0,1,target,1,2026-09-21T11:06:00Z,5.83,4.8,10.76
95e05b5da9cb87eb,2026-09-21T07:05:00-04:00,premarket,VRME,pullback,ibkr-GRML-VEEE-GLND,IBKR · TWS read-only · live,live-backfill,1m,0.9933,,,1.04,1002050.0,10.592864233107498,24.943396226415082,9970000.0,verified,finviz via premarket_stars.py,0,0,REJECT,price,0,"[{""id"": ""price"", ""kills"": true, ""reason"": ""$0.99 is outside $2.00\u201320.00."", ""state"": ""FAIL"", ""value"": ""$0.99  band $2.00\u201320.00""}, {""id"": ""float"", ""kills"": false, ""reason"": ""cascade already stopped"", ""state"": ""NOT_APPLICABLE"", ""value"": ""\u2014""}, {""id"": ""catalyst"", ""kills"": false, ""reason"": ""cascade already stopped"", ""state"": ""NOT_APPLICABLE"", ""value"": ""\u2014""}, {""id"": ""pillars"", ""kills"": false, ""reason"": ""cascade already stopped"", ""state"": ""NOT_APPLICABLE"", ""value"": ""\u2014""}, {""id"": ""rising"", ""kills"": false, ""reason"": ""cascade already stopped"", ""state"": ""NOT_APPLICABLE"", ""value"": ""\u2014""}, {""id"": ""split"", ""kills"": false, ""reason"": ""cascade already stopped"", ""state"": ""NOT_APPLICABLE"", ""value"": ""\u2014""}, {""id"": ""instrument"", ""kills"": false, ""reason"": ""cascade already stopped"", ""state"": ""NOT_APPLICABLE"", ""value"": ""\u2014""}, {""id"": ""tick"", ""kills"": false, ""reason"": ""cascade already stopped"", ""state"": ""NOT_APPLICABLE"", ""value"": ""\u2014""}, {""id"": ""buyout"", ""kills"": false, ""reason"": ""cascade already stopped"", ""state"": ""NOT_APPLICABLE"", ""value"": ""\u2014""}]",[],"{""above_ema9"": true, ""above_vwap"": true, ""buyout_announced"": false, ""catalyst_source_ok"": true, ""catalyst_today"": false, ""change_pct"": 24.943396226415082, ""feed_stale"": false, ""float_is_shares_outstanding"": false, ""float_shares"": 9970000.0, ""float_verified"": true, ""halted"": false, ""in_session_window"": true, ""is_fund_or_etf"": null, ""last"": 0.9933, ""live_theme"": false, ""macd_positive_and_above_signal"": true, ""penny_theme"": false, ""premarket_volume"": null, ""prev_close"": null, ""rvol"": 10.592864233107498, ""session_high"": 1.04, ""session_volume"": 1002050.0, ""split_ratio_clean_integer"": null, ""symbol"": ""VRME"", ""tick_size"": null}",0.9561,0.86,1.1483,0.0961,2.0,3,0,SUPPRESSED,,,2026-09-21T13:53:59+00:00,f8b3736c1218,d58633e,,,,0.9561,2.642,-0.7388,0,1,target,1,2026-09-21T11:06:00Z,1.02,0.9006,1.0908
a7949967c95d6148,2026-09-21T07:06:00-04:00,premarket,GRML,pullback,ibkr-LGHL-GLND-GRML,IBKR · TWS read-only · live,live,1m,4.83,,,6.49,4946200.0,7.718955848218629,69.47368421052632,2870000.0,verified,finviz via premarket_stars.py,1,0,REJECT,rising,0,"[{""id"": ""price"", ""kills"": true, ""reason"": ""$4.83 is outside $2.00\u201320.00."", ""state"": ""PASS"", ""value"": ""$4.83  band $2.00\u201320.00""}, {""id"": ""float"", ""kills"": false, ""reason"": """", ""state"": ""PASS"", ""value"": ""2.9M (verified)""}, {""id"": ""catalyst"", ""kills"": false, ""reason"": """", ""state"": ""PASS"", ""value"": ""news today""}, {""id"": ""rising"", ""kills"": true, ""reason"": ""25.6% off the high \u2014 back side of the move."", ""state"": ""FAIL"", ""value"": ""25.6% off 6.49""}, {""id"": ""split"", ""kills"": false, ""reason"": ""cascade already stopped"", ""state"": ""NOT_APPLICABLE"", ""value"": ""\u2014""}, {""id"": ""instrument"", ""kills"": false, ""reason"": ""cascade already stopped"", ""state"": ""NOT_APPLICABLE"", ""value"": ""\u2014""}, {""id"": ""tick"", ""kills"": false, ""reason"": ""cascade already stopped"", ""state"": ""NOT_APPLICABLE"", ""value"": ""\u2014""}, {""id"": ""buyout"", ""kills"": false, ""reason"": ""cascade already stopped"", ""state"": ""NOT_APPLICABLE"", ""value"": ""\u2014""}]",[],"{""above_ema9"": true, ""above_vwap"": false, ""buyout_announced"": false, ""catalyst_source_ok"": true, ""catalyst_today"": true, ""change_pct"": 69.47368421052632, ""feed_stale"": false, ""float_is_shares_outstanding"": false, ""float_shares"": 2870000.0, ""float_verified"": true, ""halted"": false, ""in_session_window"": true, ""is_fund_or_etf"": null, ""last"": 4.83, ""live_theme"": false, ""macd_positive_and_above_signal"": true, ""penny_theme"": false, ""premarket_volume"": null, ""prev_close"": null, ""rvol"": 7.718955848218629, ""session_high"": 6.49, ""session_volume"": 4946200.0, ""split_ratio_clean_integer"": null, ""symbol"": ""GRML"", ""tick_size"": null}",4.74,4.69,4.84,0.05,2.0,4,1,SUPPRESSED,,,2026-09-21T11:09:16+00:00,576d080469c8,ac3a28d,,,,4.74,138.8,1.2,0,1,target,1,2026-09-21T11:07:00Z,5.83,4.8,10.76
984feefd7e13c9d5,2026-09-21T07:08:00-04:00,premarket,NUAI,pullback,ibkr-GRML-GLND-CRML,IBKR · TWS read-only · live,live-backfill,1m,6.81,,,6.9795,496640.0,0.0973053230081095,16.211604095563125,85730000.0,verified,finviz via premarket_stars.py,0,0,REJECT,pillars,0,"[{""id"": ""price"", ""kills"": true, ""reason"": ""$6.81 is outside $2.00\u201320.00."", ""state"": ""PASS"", ""value"": ""$6.81  band $2.00\u201320.00""}, {""id"": ""float"", ""kills"": false, ""reason"": ""Float 85.7M is over the 20M cap."", ""state"": ""FAIL"", ""value"": ""85.7M""}, {""id"": ""catalyst"", ""kills"": false, ""reason"": ""No catalyst dated today and no live theme it belongs to."", ""state"": ""FAIL"", ""value"": ""none""}, {""id"": ""pillars"", ""kills"": true, ""reason"": ""Only 2 of the Five Pillars pass (need 4); missing rvol, float, catalyst."", ""state"": ""FAIL"", ""value"": ""2/5 \u2014 missing rvol, float, catalyst""}, {""id"": ""rising"", ""kills"": false, ""reason"": ""cascade already stopped"", ""state"": ""NOT_APPLICABLE"", ""value"": ""\u2014""}, {""id"": ""split"", ""kills"": false, ""reason"": ""cascade already stopped"", ""state"": ""NOT_APPLICABLE"", ""value"": ""\u2014""}, {""id"": ""instrument"", ""kills"": false, ""reason"": ""cascade already stopped"", ""state"": ""NOT_APPLICABLE"", ""value"": ""\u2014""}, {""id"": ""tick"", ""kills"": false, ""reason"": ""cascade already stopped"", ""state"": ""NOT_APPLICABLE"", ""value"": ""\u2014""}, {""id"": ""buyout"", ""kills"": false, ""reason"": ""cascade already stopped"", ""state"": ""NOT_APPLICABLE"", ""value"": ""\u2014""}]","[""Float 85.7M over the 20M cap (A5: flagged, not killed; the pillar count decides)."", ""No catalyst dated today and no live theme (A2: flagged, not killed; the read-out splits this cohort).""]","{""above_ema9"": true, ""above_vwap"": true, ""buyout_announced"": false, ""catalyst_source_ok"": true, ""catalyst_today"": false, ""change_pct"": 16.211604095563125, ""feed_stale"": false, ""float_is_shares_outstanding"": false, ""float_shares"": 85730000.0, ""float_verified"": true, ""halted"": false, ""in_session_window"": true, ""is_fund_or_etf"": null, ""last"": 6.81, ""live_theme"": false, ""macd_positive_and_above_signal"": true, ""penny_theme"": false, ""premarket_volume"": null, ""prev_close"": null, ""rvol"": 0.0973053230081095, ""session_high"": 6.9795, ""session_volume"": 496640.0, ""split_ratio_clean_integer"": null, ""symbol"": ""NUAI"", ""tick_size"": null}",6.87,6.73,7.15,0.14,2.0,2,1,SUPPRESSED,,,2026-09-21T11:51:41+00:00,f8b3736c1218,2779710,,,,6.87,3.4286,-0.8571,0,1,target,1,2026-09-21T11:13:00Z,7.35,6.76,6.86
512d693291c8b625,2026-09-21T07:09:00-04:00,premarket,LGHL,pullback,ibkr-LGHL-GLND-GRML,IBKR · TWS read-only · live,live,1m,7.75,,,11.56,433272.0,3.0551636165941436,-1.898734177215189,50000.0,verified,finviz via premarket_stars.py,0,0,REJECT,rising,0,"[{""id"": ""price"", ""kills"": true, ""reason"": ""$7.75 is outside $2.00\u201320.00."", ""state"": ""PASS"", ""value"": ""$7.75  band $2.00\u201320.00""}, {""id"": ""float"", ""kills"": false, ""reason"": """", ""state"": ""PASS"", ""value"": ""0.1M (verified)""}, {""id"": ""catalyst"", ""kills"": false, ""reason"": ""No catalyst dated today and no live theme it belongs to."", ""state"": ""FAIL"", ""value"": ""none""}, {""id"": ""rising"", ""kills"": true, ""reason"": ""33.0% off the high \u2014 back side of the move."", ""state"": ""FAIL"", ""value"": ""33.0% off 11.56""}, {""id"": ""split"", ""kills"": false, ""reason"": ""cascade already stopped"", ""state"": ""NOT_APPLICABLE"", ""value"": ""\u2014""}, {""id"": ""instrument"", ""kills"": false, ""reason"": ""cascade already stopped"", ""state"": ""NOT_APPLICABLE"", ""value"": ""\u2014""}, {""id"": ""tick"", ""kills"": false, ""reason"": ""cascade already stopped"", ""state"": ""NOT_APPLICABLE"", ""value"": ""\u2014""}, {""id"": ""buyout"", ""kills"": false, ""reason"": ""cascade already stopped"", ""state"": ""NOT_APPLICABLE"", ""value"": ""\u2014""}]","[""No catalyst dated today and no live theme (A2: flagged, not killed; the read-out splits this cohort).""]","{""above_ema9"": false, ""above_vwap"": false, ""buyout_announced"": false, ""catalyst_source_ok"": true, ""catalyst_today"": false, ""change_pct"": -1.898734177215189, ""feed_stale"": false, ""float_is_shares_outstanding"": false, ""float_shares"": 50000.0, ""float_verified"": true, ""halted"": false, ""in_session_window"": true, ""is_fund_or_etf"": null, ""last"": 7.75, ""live_theme"": false, ""macd_positive_and_above_signal"": false, ""penny_theme"": false, ""premarket_volume"": null, ""prev_close"": null, ""rvol"": 3.0551636165941436, ""session_high"": 11.56, ""session_volume"": 433272.0, ""split_ratio_clean_integer"": null, ""symbol"": ""LGHL"", ""tick_size"": null}",7.54,7.39,7.84,0.15,2.0,1,1,SUPPRESSED,,,2026-09-21T11:11:46+00:00,576d080469c8,ac3a28d,,,,7.54,2.4,0.2,0,1,target,1,2026-09-21T11:10:00Z,7.9,7.57,7.86
02f5bcc36ec588e6,2026-09-21T07:16:00-04:00,premarket,GRML,pullback,ibkr-LGHL-GLND-GRML,IBKR · TWS read-only · live,live,1m,5.37,,,6.49,8612937.0,13.441203434250257,88.42105263157896,2870000.0,verified,finviz via premarket_stars.py,1,0,REVIEW,,1,"[{""id"": ""price"", ""kills"": true, ""reason"": ""$5.37 is outside $2.00\u201320.00."", ""state"": ""PASS"", ""value"": ""$5.37  band $2.00\u201320.00""}, {""id"": ""float"", ""kills"": false, ""reason"": """", ""state"": ""PASS"", ""value"": ""2.9M (verified)""}, {""id"": ""catalyst"", ""kills"": false, ""reason"": """", ""state"": ""PASS"", ""value"": ""news today""}, {""id"": ""rising"", ""kills"": true, ""reason"": ""17.3% off the high \u2014 back side of the move."", ""state"": ""PASS"", ""value"": ""17.3% off 6.49""}, {""id"": ""split"", ""kills"": false, ""reason"": """", ""state"": ""PASS"", ""value"": ""gap is not arithmetic""}, {""id"": ""instrument"", ""kills"": false, ""reason"": """", ""state"": ""UNKNOWN"", ""value"": ""\u2014""}, {""id"": ""tick"", ""kills"": false, ""reason"": """", ""state"": ""UNKNOWN"", ""value"": ""\u2014""}, {""id"": ""buyout"", ""kills"": true, ""reason"": ""Acquisition announced \u2014 the price is pinned and volatility is gone."", ""state"": ""PASS"", ""value"": ""none""}, {""id"": ""vwap"", ""kills"": false, ""reason"": """", ""state"": ""PASS"", ""value"": ""yes""}, {""id"": ""ema9"", ""kills"": false, ""reason"": """", ""state"": ""PASS"", ""value"": ""yes""}, {""id"": ""macd"", ""kills"": false, ""reason"": """", ""state"": ""PASS"", ""value"": ""yes""}, {""id"": ""tape"", ""kills"": false, ""reason"": ""No tape and no book in this tool."", ""state"": ""MANUAL_CONFIRMATION_REQUIRED"", ""value"": ""your eyes""}]","[""Instrument type unknown \u2014 ADRs are fine, funds are not.""]","{""above_ema9"": true, ""above_vwap"": true, ""buyout_announced"": false, ""catalyst_source_ok"": true, ""catalyst_today"": true, ""change_pct"": 88.42105263157896, ""feed_stale"": false, ""float_is_shares_outstanding"": false, ""float_shares"": 2870000.0, ""float_verified"": true, ""halted"": false, ""in_session_window"": true, ""is_fund_or_etf"": null, ""last"": 5.37, ""live_theme"": false, ""macd_positive_and_above_signal"": true, ""penny_theme"": false, ""premarket_volume"": null, ""prev_close"": null, ""rvol"": 13.441203434250257, ""session_high"": 6.49, ""session_volume"": 8612937.0, ""split_ratio_clean_integer"": null, ""symbol"": ""GRML"", ""tick_size"": null}",5.39,5.21,5.75,0.18,2.0,3,1,REFUSED,"[""pre-market entry not allowed: phase B \u2014 pre-market entries start in phase C""]",2026-09-21T11:17:11+00:00,2026-09-21T11:17:08+00:00,576d080469c8,ac3a28d,,,,5.39,34.9444,-1.7778,1,1,stop,1,2026-09-21T11:17:00Z,5.65,5.07,10.76
7f9d2e4b89458e1a,2026-09-21T07:18:00-04:00,premarket,ENRD,pullback,ibkr-LGHL-GLND-GRML,IBKR · TWS read-only · live,live,1m,4.15,,,4.77,483223.0,5.861824260392354,5.597964376590325,,unknown,EDGAR has no shares-outstanding figure for this registrant,0,0,REJECT,float,0,"[{""id"": ""price"", ""kills"": true, ""reason"": ""$4.15 is outside $2.00\u201320.00."", ""state"": ""PASS"", ""value"": ""$4.15  band $2.00\u201320.00""}, {""id"": ""float"", ""kills"": true, ""reason"": ""Float unknown; the cascade fails closed."", ""state"": ""UNKNOWN"", ""value"": ""unknown""}, {""id"": ""catalyst"", ""kills"": false, ""reason"": ""cascade already stopped"", ""state"": ""NOT_APPLICABLE"", ""value"": ""\u2014""}, {""id"": ""rising"", ""kills"": false, ""reason"": ""cascade already stopped"", ""state"": ""NOT_APPLICABLE"", ""value"": ""\u2014""}, {""id"": ""split"", ""kills"": false, ""reason"": ""cascade already stopped"", ""state"": ""NOT_APPLICABLE"", ""value"": ""\u2014""}, {""id"": ""instrument"", ""kills"": false, ""reason"": ""cascade already stopped"", ""state"": ""NOT_APPLICABLE"", ""value"": ""\u2014""}, {""id"": ""tick"", ""kills"": false, ""reason"": ""cascade already stopped"", ""state"": ""NOT_APPLICABLE"", ""value"": ""\u2014""}, {""id"": ""buyout"", ""kills"": false, ""reason"": ""cascade already stopped"", ""state"": ""NOT_APPLICABLE"", ""value"": ""\u2014""}]",[],"{""above_ema9"": true, ""above_vwap"": false, ""buyout_announced"": false, ""catalyst_source_ok"": true, ""catalyst_today"": false, ""change_pct"": 5.597964376590325, ""feed_stale"": false, ""float_is_shares_outstanding"": false, ""float_shares"": null, ""float_verified"": false, ""halted"": false, ""in_session_window"": true, ""is_fund_or_etf"": null, ""last"": 4.15, ""live_theme"": false, ""macd_positive_and_above_signal"": false, ""penny_theme"": false, ""premarket_volume"": null, ""prev_close"": null, ""rvol"": 5.861824260392354, ""session_high"": 4.77, ""session_volume"": 483223.0, ""split_ratio_clean_integer"": null, ""symbol"": ""ENRD"", ""tick_size"": null}",4.08,3.93,4.38,0.15,2.0,1,1,SUPPRESSED,,,2026-09-21T11:19:06+00:00,576d080469c8,ac3a28d,,,,4.08,0.4667,-0.3333,0,0,neither,1,2026-09-21T11:30:00Z,4.15,3.95,4.12
40c7c682df7f645a,2026-09-21T07:18:00-04:00,premarket,USDE,pullback,ibkr-LGHL-GLND-GRML,IBKR · TWS read-only · live,live,1m,12.45,,,12.58,887943.0,10.082584850170893,22.178606476938167,20840000.0,verified,finviz via premarket_stars.py,0,0,REJECT,float,0,"[{""id"": ""price"", ""kills"": true, ""reason"": ""$12.45 is outside $2.00\u201320.00."", ""state"": ""PASS"", ""value"": ""$12.45  band $2.00\u201320.00""}, {""id"": ""float"", ""kills"": true, ""reason"": ""Float 20.8M is over the 20M cap."", ""state"": ""FAIL"", ""value"": ""20.8M""}, {""id"": ""catalyst"", ""kills"": false, ""reason"": ""cascade already stopped"", ""state"": ""NOT_APPLICABLE"", ""value"": ""\u2014""}, {""id"": ""rising"", ""kills"": false, ""reason"": ""cascade already stopped"", ""state"": ""NOT_APPLICABLE"", ""value"": ""\u2014""}, {""id"": ""split"", ""kills"": false, ""reason"": ""cascade already stopped"", ""state"": ""NOT_APPLICABLE"", ""value"": ""\u2014""}, {""id"": ""instrument"", ""kills"": false, ""reason"": ""cascade already stopped"", ""state"": ""NOT_APPLICABLE"", ""value"": ""\u2014""}, {""id"": ""tick"", ""kills"": false, ""reason"": ""cascade already stopped"", ""state"": ""NOT_APPLICABLE"", ""value"": ""\u2014""}, {""id"": ""buyout"", ""kills"": false, ""reason"": ""cascade already stopped"", ""state"": ""NOT_APPLICABLE"", ""value"": ""\u2014""}]",[],"{""above_ema9"": true, ""above_vwap"": true, ""buyout_announced"": false, ""catalyst_source_ok"": true, ""catalyst_today"": false, ""change_pct"": 22.178606476938167, ""feed_stale"": false, ""float_is_shares_outstanding"": false, ""float_shares"": 20840000.0, ""float_verified"": true, ""halted"": false, ""in_session_window"": true, ""is_fund_or_etf"": null, ""last"": 12.45, ""live_theme"": false, ""macd_positive_and_above_signal"": true, ""penny_theme"": false, ""premarket_volume"": null, ""prev_close"": null, ""rvol"": 10.082584850170893, ""session_high"": 12.58, ""session_volume"": 887943.0, ""split_ratio_clean_integer"": null, ""symbol"": ""USDE"", ""tick_size"": null}",12.33,12.215,12.56,0.115,2.0,2,0,SUPPRESSED,,,2026-09-21T11:19:28+00:00,576d080469c8,ac3a28d,,,,12.33,11.4783,-0.6957,0,1,target,1,2026-09-21T11:19:00Z,13.65,12.25,13.02
d7c202e376245757,2026-09-21T07:25:00-04:00,premarket,GRML,pullback,ibkr-LGHL-GLND-GRML,IBKR · TWS read-only · live,live,1m,5.25,,,6.49,9978010.0,15.571513210764621,84.21052631578947,2870000.0,verified,finviz via premarket_stars.py,1,0,WAIT,,1,"[{""id"": ""price"", ""kills"": true, ""reason"": ""$5.25 is outside $2.00\u201320.00."", ""state"": ""PASS"", ""value"": ""$5.25  band $2.00\u201320.00""}, {""id"": ""float"", ""kills"": false, ""reason"": """", ""state"": ""PASS"", ""value"": ""2.9M (verified)""}, {""id"": ""catalyst"", ""kills"": false, ""reason"": """", ""state"": ""PASS"", ""value"": ""news today""}, {""id"": ""rising"", ""kills"": true, ""reason"": ""19.1% off the high \u2014 back side of the move."", ""state"": ""PASS"", ""value"": ""19.1% off 6.49""}, {""id"": ""split"", ""kills"": false, ""reason"": """", ""state"": ""PASS"", ""value"": ""gap is not arithmetic""}, {""id"": ""instrument"", ""kills"": false, ""reason"": """", ""state"": ""UNKNOWN"", ""value"": ""\u2014""}, {""id"": ""tick"", ""kills"": false, ""reason"": """", ""state"": ""UNKNOWN"", ""value"": ""\u2014""}, {""id"": ""buyout"", ""kills"": true, ""reason"": ""Acquisition announced \u2014 the price is pinned and volatility is gone."", ""state"": ""PASS"", ""value"": ""none""}, {""id"": ""vwap"", ""kills"": false, ""reason"": """", ""state"": ""PASS"", ""value"": ""yes""}, {""id"": ""ema9"", ""kills"": false, ""reason"": """", ""state"": ""PASS"", ""value"": ""yes""}, {""id"": ""macd"", ""kills"": false, ""reason"": """", ""state"": ""FAIL"", ""value"": ""no""}, {""id"": ""tape"", ""kills"": false, ""reason"": ""No tape and no book in this tool."", ""state"": ""MANUAL_CONFIRMATION_REQUIRED"", ""value"": ""your eyes""}]","[""Instrument type unknown \u2014 ADRs are fine, funds are not.""]","{""above_ema9"": true, ""above_vwap"": true, ""buyout_announced"": false, ""catalyst_source_ok"": true, ""catalyst_today"": true, ""change_pct"": 84.21052631578947, ""feed_stale"": false, ""float_is_shares_outstanding"": false, ""float_shares"": 2870000.0, ""float_verified"": true, ""halted"": false, ""in_session_window"": true, ""is_fund_or_etf"": null, ""last"": 5.25, ""live_theme"": false, ""macd_positive_and_above_signal"": false, ""penny_theme"": false, ""premarket_volume"": null, ""prev_close"": null, ""rvol"": 15.571513210764621, ""session_high"": 6.49, ""session_volume"": 9978010.0, ""split_ratio_clean_integer"": null, ""symbol"": ""GRML"", ""tick_size"": null}",5.26,5.14,5.5,0.12,2.0,1,0,REFUSED,"[""decision is 249s old; a stale plan is not the trade the cascade reviewed"", ""pre-market entry not allowed: phase B \u2014 pre-market entries start in phase C"", ""Layer 2 not green: pullback volume was not lighter than the impulse"", ""Layer 2 not green: verdict WAIT \u2014 chart gates must all be true at entry""]",2026-09-21T11:29:09+00:00,2026-09-21T11:29:07+00:00,576d080469c8,ac3a28d,,,,5.26,53.5,-0.4167,0,1,target,1,2026-09-21T11:26:00Z,6.22,5.21,10.76
ff5cff6cc37a9fe6,2026-09-21T07:31:00-04:00,premarket,NCPL,pullback,ibkr-GRML-VEEE-SPRU,IBKR · TWS read-only · live,live-backfill,1m,0.8666,,,0.9469,1314844.0,0.0340026610846827,16.99743485891725,4380000.0,verified,finviz via premarket_stars.py,0,0,REJECT,price,0,"[{""id"": ""price"", ""kills"": true, ""reason"": ""$0.87 is outside $2.00\u201320.00."", ""state"": ""FAIL"", ""value"": ""$0.87  band $2.00\u201320.00""}, {""id"": ""float"", ""kills"": false, ""reason"": ""cascade already stopped"", ""state"": ""NOT_APPLICABLE"", ""value"": ""\u2014""}, {""id"": ""catalyst"", ""kills"": false, ""reason"": ""cascade already stopped"", ""state"": ""NOT_APPLICABLE"", ""value"": ""\u2014""}, {""id"": ""pillars"", ""kills"": false, ""reason"": ""cascade already stopped"", ""state"": ""NOT_APPLICABLE"", ""value"": ""\u2014""}, {""id"": ""rising"", ""kills"": false, ""reason"": ""cascade already stopped"", ""state"": ""NOT_APPLICABLE"", ""value"": ""\u2014""}, {""id"": ""split"", ""kills"": false, ""reason"": ""cascade already stopped"", ""state"": ""NOT_APPLICABLE"", ""value"": ""\u2014""}, {""id"": ""instrument"", ""kills"": false, ""reason"": ""cascade already stopped"", ""state"": ""NOT_APPLICABLE"", ""value"": ""\u2014""}, {""id"": ""tick"", ""kills"": false, ""reason"": ""cascade already stopped"", ""state"": ""NOT_APPLICABLE"", ""value"": ""\u2014""}, {""id"": ""buyout"", ""kills"": false, ""reason"": ""cascade already stopped"", ""state"": ""NOT_APPLICABLE"", ""value"": ""\u2014""}]",[],"{""above_ema9"": true, ""above_vwap"": false, ""buyout_announced"": false, ""catalyst_source_ok"": true, ""catalyst_today"": false, ""change_pct"": 16.99743485891725, ""feed_stale"": false, ""float_is_shares_outstanding"": false, ""float_shares"": 4380000.0, ""float_verified"": true, ""halted"": false, ""in_session_window"": true, ""is_fund_or_etf"": null, ""last"": 0.8666, ""live_theme"": false, ""macd_positive_and_above_signal"": false, ""penny_theme"": false, ""premarket_volume"": null, ""prev_close"": null, ""rvol"": 0.0340026610846827, ""session_high"": 0.9469, ""session_volume"": 1314844.0, ""split_ratio_clean_integer"": null, ""symbol"": ""NCPL"", ""tick_size"": null}",0.8761,0.848,0.9323,0.0281,2.0,3,0,SUPPRESSED,,,2026-09-21T13:30:52+00:00,f8b3736c1218,cd97b8f,,,,0.8761,19.0,-0.0214,0,1,target,1,2026-09-21T11:38:00Z,1.09,0.851,1.0794
31a34154567985cc,2026-09-21T07:32:00-04:00,premarket,ENRD,pullback,ibkr-LGHL-GLND-GRML,IBKR · TWS read-only · live,live,1m,4.09,,,4.77,544064.0,6.599867047731805,4.071246819338414,,unknown,EDGAR has no shares-outstanding figure for this registrant,0,0,REJECT,float,0,"[{""id"": ""price"", ""kills"": true, ""reason"": ""$4.09 is outside $2.00\u201320.00."", ""state"": ""PASS"", ""value"": ""$4.09  band $2.00\u201320.00""}, {""id"": ""float"", ""kills"": true, ""reason"": ""Float unknown; the cascade fails closed."", ""state"": ""UNKNOWN"", ""value"": ""unknown""}, {""id"": ""catalyst"", ""kills"": false, ""reason"": ""cascade already stopped"", ""state"": ""NOT_APPLICABLE"", ""value"": ""\u2014""}, {""id"": ""rising"", ""kills"": false, ""reason"": ""cascade already stopped"", ""state"": ""NOT_APPLICABLE"", ""value"": ""\u2014""}, {""id"": ""split"", ""kills"": false, ""reason"": ""cascade already stopped"", ""state"": ""NOT_APPLICABLE"", ""value"": ""\u2014""}, {""id"": ""instrument"", ""kills"": false, ""reason"": ""cascade already stopped"", ""state"": ""NOT_APPLICABLE"", ""value"": ""\u2014""}, {""id"": ""tick"", ""kills"": false, ""reason"": ""cascade already stopped"", ""state"": ""NOT_APPLICABLE"", ""value"": ""\u2014""}, {""id"": ""buyout"", ""kills"": false, ""reason"": ""cascade already stopped"", ""state"": ""NOT_APPLICABLE"", ""value"": ""\u2014""}]",[],"{""above_ema9"": true, ""above_vwap"": false, ""buyout_announced"": false, ""catalyst_source_ok"": true, ""catalyst_today"": false, ""change_pct"": 4.071246819338414, ""feed_stale"": false, ""float_is_shares_outstanding"": false, ""float_shares"": null, ""float_verified"": false, ""halted"": false, ""in_session_window"": true, ""is_fund_or_etf"": null, ""last"": 4.09, ""live_theme"": false, ""macd_positive_and_above_signal"": true, ""penny_theme"": false, ""premarket_volume"": null, ""prev_close"": null, ""rvol"": 6.599867047731805, ""session_high"": 4.77, ""session_volume"": 544064.0, ""split_ratio_clean_integer"": null, ""symbol"": ""ENRD"", ""tick_size"": null}",4.07,4.02,4.17,0.05,2.0,1,1,SUPPRESSED,,,2026-09-21T11:35:05+00:00,576d080469c8,ac3a28d,,,,4.07,1.6,-0.4,0,0,neither,1,2026-09-21T11:33:00Z,4.15,4.05,4.12
9abb4cc5cce9013d,2026-09-21T07:35:00-04:00,premarket,LOBO,pullback,ibkr-GRML-VEEE-GLND,IBKR · TWS read-only · live,live-backfill,1m,0.68,,,0.7997,18460048.0,536.1913088436481,28.301886792452823,9320000.0,verified,finviz via premarket_stars.py,1,0,REJECT,price,0,"[{""id"": ""price"", ""kills"": true, ""reason"": ""$0.68 is outside $2.00\u201320.00."", ""state"": ""FAIL"", ""value"": ""$0.68  band $2.00\u201320.00""}, {""id"": ""float"", ""kills"": false, ""reason"": ""cascade already stopped"", ""state"": ""NOT_APPLICABLE"", ""value"": ""\u2014""}, {""id"": ""catalyst"", ""kills"": false, ""reason"": ""cascade already stopped"", ""state"": ""NOT_APPLICABLE"", ""value"": ""\u2014""}, {""id"": ""pillars"", ""kills"": false, ""reason"": ""cascade already stopped"", ""state"": ""NOT_APPLICABLE"", ""value"": ""\u2014""}, {""id"": ""rising"", ""kills"": false, ""reason"": ""cascade already stopped"", ""state"": ""NOT_APPLICABLE"", ""value"": ""\u2014""}, {""id"": ""split"", ""kills"": false, ""reason"": ""cascade already stopped"", ""state"": ""NOT_APPLICABLE"", ""value"": ""\u2014""}, {""id"": ""instrument"", ""kills"": false, ""reason"": ""cascade already stopped"", ""state"": ""NOT_APPLICABLE"", ""value"": ""\u2014""}, {""id"": ""tick"", ""kills"": false, ""reason"": ""cascade already stopped"", ""state"": ""NOT_APPLICABLE"", ""value"": ""\u2014""}, {""id"": ""buyout"", ""kills"": false, ""reason"": ""cascade already stopped"", ""state"": ""NOT_APPLICABLE"", ""value"": ""\u2014""}]",[],"{""above_ema9"": false, ""above_vwap"": false, ""buyout_announced"": false, ""catalyst_source_ok"": true, ""catalyst_today"": true, ""change_pct"": 28.301886792452823, ""feed_stale"": false, ""float_is_shares_outstanding"": false, ""float_shares"": 9320000.0, ""float_verified"": true, ""halted"": false, ""in_session_window"": true, ""is_fund_or_etf"": null, ""last"": 0.68, ""live_theme"": false, ""macd_positive_and_above_signal"": true, ""penny_theme"": false, ""premarket_volume"": null, ""prev_close"": null, ""rvol"": 536.1913088436481, ""session_high"": 0.7997, ""session_volume"": 18460048.0, ""split_ratio_clean_integer"": null, ""symbol"": ""LOBO"", ""tick_size"": null}",0.6921,0.6701,0.7361,0.022,2.0,3,1,SUPPRESSED,,,2026-09-21T13:53:59+00:00,f8b3736c1218,d58633e,,,,0.6921,27.1773,-0.7545,0,1,target,1,2026-09-21T12:03:00Z,0.75,0.6701,0.95
206a6e41191f79a2,2026-09-21T07:43:00-04:00,premarket,GRML,pullback,ibkr-LGHL-GLND-GRML,IBKR · TWS read-only · live,live,1m,5.61,,,6.49,12778477.0,19.941874523973404,96.8421052631579,2870000.0,verified,finviz via premarket_stars.py,1,0,REVIEW,,1,"[{""id"": ""price"", ""kills"": true, ""reason"": ""$5.61 is outside $2.00\u201320.00."", ""state"": ""PASS"", ""value"": ""$5.61  band $2.00\u201320.00""}, {""id"": ""float"", ""kills"": false, ""reason"": """", ""state"": ""PASS"", ""value"": ""2.9M (verified)""}, {""id"": ""catalyst"", ""kills"": false, ""reason"": """", ""state"": ""PASS"", ""value"": ""news today""}, {""id"": ""rising"", ""kills"": true, ""reason"": ""13.6% off the high \u2014 back side of the move."", ""state"": ""PASS"", ""value"": ""13.6% off 6.49""}, {""id"": ""split"", ""kills"": false, ""reason"": """", ""state"": ""PASS"", ""value"": ""gap is not arithmetic""}, {""id"": ""instrument"", ""kills"": false, ""reason"": """", ""state"": ""UNKNOWN"", ""value"": ""\u2014""}, {""id"": ""tick"", ""kills"": false, ""reason"": """", ""state"": ""UNKNOWN"", ""value"": ""\u2014""}, {""id"": ""buyout"", ""kills"": true, ""reason"": ""Acquisition announced \u2014 the price is pinned and volatility is gone."", ""state"": ""PASS"", ""value"": ""none""}, {""id"": ""vwap"", ""kills"": false, ""reason"": """", ""state"": ""PASS"", ""value"": ""yes""}, {""id"": ""ema9"", ""kills"": false, ""reason"": """", ""state"": ""PASS"", ""value"": ""yes""}, {""id"": ""macd"", ""kills"": false, ""reason"": """", ""state"": ""PASS"", ""value"": ""yes""}, {""id"": ""tape"", ""kills"": false, ""reason"": ""No tape and no book in this tool."", ""state"": ""MANUAL_CONFIRMATION_REQUIRED"", ""value"": ""your eyes""}]","[""Instrument type unknown \u2014 ADRs are fine, funds are not.""]","{""above_ema9"": true, ""above_vwap"": true, ""buyout_announced"": false, ""catalyst_source_ok"": true, ""catalyst_today"": true, ""change_pct"": 96.8421052631579, ""feed_stale"": false, ""float_is_shares_outstanding"": false, ""float_shares"": 2870000.0, ""float_verified"": true, ""halted"": false, ""in_session_window"": true, ""is_fund_or_etf"": null, ""last"": 5.61, ""live_theme"": false, ""macd_positive_and_above_signal"": true, ""penny_theme"": false, ""premarket_volume"": null, ""prev_close"": null, ""rvol"": 19.941874523973404, ""session_high"": 6.49, ""session_volume"": 12778477.0, ""split_ratio_clean_integer"": null, ""symbol"": ""GRML"", ""tick_size"": null}",5.54,5.42,5.78,0.12,2.0,1,0,REFUSED,"[""decision is 130s old; a stale plan is not the trade the cascade reviewed"", ""pre-market entry not allowed: phase B \u2014 pre-market entries start in phase C"", ""Layer 2 not green: pullback volume was not lighter than the impulse""]",2026-09-21T11:45:10+00:00,2026-09-21T11:45:08+00:00,576d080469c8,ac3a28d,,,,5.54,51.1667,-1.1667,1,1,stop,1,2026-09-21T11:44:00Z,6.5,5.4,10.76
5778867ae987c053,2026-09-21T07:43:00-04:00,premarket,NUAI,pullback,ibkr-GRML-GLND-CRML,IBKR · TWS read-only · live,live-backfill,1m,7.25,,,7.35,1377692.0,0.26992744254528106,23.72013651877132,85730000.0,verified,finviz via premarket_stars.py,0,0,REJECT,pillars,0,"[{""id"": ""price"", ""kills"": true, ""reason"": ""$7.25 is outside $2.00\u201320.00."", ""state"": ""PASS"", ""value"": ""$7.25  band $2.00\u201320.00""}, {""id"": ""float"", ""kills"": false, ""reason"": ""Float 85.7M is over the 20M cap."", ""state"": ""FAIL"", ""value"": ""85.7M""}, {""id"": ""catalyst"", ""kills"": false, ""reason"": ""No catalyst dated today and no live theme it belongs to."", ""state"": ""FAIL"", ""value"": ""none""}, {""id"": ""pillars"", ""kills"": true, ""reason"": ""Only 2 of the Five Pillars pass (need 4); missing rvol, float, catalyst."", ""state"": ""FAIL"", ""value"": ""2/5 \u2014 missing rvol, float, catalyst""}, {""id"": ""rising"", ""kills"": false, ""reason"": ""cascade already stopped"", ""state"": ""NOT_APPLICABLE"", ""value"": ""\u2014""}, {""id"": ""split"", ""kills"": false, ""reason"": ""cascade already stopped"", ""state"": ""NOT_APPLICABLE"", ""value"": ""\u2014""}, {""id"": ""instrument"", ""kills"": false, ""reason"": ""cascade already stopped"", ""state"": ""NOT_APPLICABLE"", ""value"": ""\u2014""}, {""id"": ""tick"", ""kills"": false, ""reason"": ""cascade already stopped"", ""state"": ""NOT_APPLICABLE"", ""value"": ""\u2014""}, {""id"": ""buyout"", ""kills"": false, ""reason"": ""cascade already stopped"", ""state"": ""NOT_APPLICABLE"", ""value"": ""\u2014""}]","[""Float 85.7M over the 20M cap (A5: flagged, not killed; the pillar count decides)."", ""No catalyst dated today and no live theme (A2: flagged, not killed; the read-out splits this cohort).""]","{""above_ema9"": true, ""above_vwap"": true, ""buyout_announced"": false, ""catalyst_source_ok"": true, ""catalyst_today"": false, ""change_pct"": 23.72013651877132, ""feed_stale"": false, ""float_is_shares_outstanding"": false, ""float_shares"": 85730000.0, ""float_verified"": true, ""halted"": false, ""in_session_window"": true, ""is_fund_or_etf"": null, ""last"": 7.25, ""live_theme"": false, ""macd_positive_and_above_signal"": false, ""penny_theme"": false, ""premarket_volume"": null, ""prev_close"": null, ""rvol"": 0.26992744254528106, ""session_high"": 7.35, ""session_volume"": 1377692.0, ""split_ratio_clean_integer"": null, ""symbol"": ""NUAI"", ""tick_size"": null}",7.27,7.1871,7.4358,0.0829,2.0,4,1,SUPPRESSED,,,2026-09-21T11:51:41+00:00,f8b3736c1218,2779710,,,,7.27,,,0,0,untriggered,0,,7.25,6.93,6.86
245ec44029c4b808,2026-09-21T07:51:00-04:00,premarket,NCPL,pullback,ibkr-GRML-VEEE-SPRU,IBKR · TWS read-only · live,live-backfill,1m,0.955,,,1.09,7080697.0,0.1831111069711156,28.932091265019565,4380000.0,verified,finviz via premarket_stars.py,0,0,REJECT,price,0,"[{""id"": ""price"", ""kills"": true, ""reason"": ""$0.95 is outside $2.00\u201320.00."", ""state"": ""FAIL"", ""value"": ""$0.95  band $2.00\u201320.00""}, {""id"": ""float"", ""kills"": false, ""reason"": ""cascade already stopped"", ""state"": ""NOT_APPLICABLE"", ""value"": ""\u2014""}, {""id"": ""catalyst"", ""kills"": false, ""reason"": ""cascade already stopped"", ""state"": ""NOT_APPLICABLE"", ""value"": ""\u2014""}, {""id"": ""pillars"", ""kills"": false, ""reason"": ""cascade already stopped"", ""state"": ""NOT_APPLICABLE"", ""value"": ""\u2014""}, {""id"": ""rising"", ""kills"": false, ""reason"": ""cascade already stopped"", ""state"": ""NOT_APPLICABLE"", ""value"": ""\u2014""}, {""id"": ""split"", ""kills"": false, ""reason"": ""cascade already stopped"", ""state"": ""NOT_APPLICABLE"", ""value"": ""\u2014""}, {""id"": ""instrument"", ""kills"": false, ""reason"": ""cascade already stopped"", ""state"": ""NOT_APPLICABLE"", ""value"": ""\u2014""}, {""id"": ""tick"", ""kills"": false, ""reason"": ""cascade already stopped"", ""state"": ""NOT_APPLICABLE"", ""value"": ""\u2014""}, {""id"": ""buyout"", ""kills"": false, ""reason"": ""cascade already stopped"", ""state"": ""NOT_APPLICABLE"", ""value"": ""\u2014""}]",[],"{""above_ema9"": true, ""above_vwap"": false, ""buyout_announced"": false, ""catalyst_source_ok"": true, ""catalyst_today"": false, ""change_pct"": 28.932091265019565, ""feed_stale"": false, ""float_is_shares_outstanding"": false, ""float_shares"": 4380000.0, ""float_verified"": true, ""halted"": false, ""in_session_window"": true, ""is_fund_or_etf"": null, ""last"": 0.955, ""live_theme"": false, ""macd_positive_and_above_signal"": true, ""penny_theme"": false, ""premarket_volume"": null, ""prev_close"": null, ""rvol"": 0.1831111069711156, ""session_high"": 1.09, ""session_volume"": 7080697.0, ""split_ratio_clean_integer"": null, ""symbol"": ""NCPL"", ""tick_size"": null}",0.953,0.9083,1.0424,0.0447,2.0,4,0,SUPPRESSED,,,2026-09-21T13:30:52+00:00,f8b3736c1218,cd97b8f,,,,0.953,10.2237,-1.434,1,1,stop,1,2026-09-21T11:52:00Z,1.05,0.8889,1.0794
c12e3bc92c5784d8,2026-09-21T07:52:00-04:00,premarket,VEEE,pullback,ibkr-GRML-GLND-CRML,IBKR · TWS read-only · live,live,1m,10.26,10.1,10.26,11.77,149786.0,16.539151654345797,19.580419580419584,574502.0,shares_outstanding_proxy,SEC shares outstanding (upper bound),0,0,REVIEW,,1,"[{""id"": ""price"", ""kills"": true, ""reason"": ""$10.26 is outside $2.00\u201320.00."", ""state"": ""PASS"", ""value"": ""$10.26  band $2.00\u201320.00""}, {""id"": ""float"", ""kills"": false, ""reason"": """", ""state"": ""PASS"", ""value"": ""0.6M (SO upper bound)""}, {""id"": ""catalyst"", ""kills"": false, ""reason"": ""No catalyst dated today and no live theme it belongs to."", ""state"": ""FAIL"", ""value"": ""none""}, {""id"": ""pillars"", ""kills"": true, ""reason"": ""Only 4 of the Five Pillars pass (need 4); missing catalyst."", ""state"": ""PASS"", ""value"": ""4/5 \u2014 missing catalyst""}, {""id"": ""rising"", ""kills"": true, ""reason"": ""12.8% off the high \u2014 back side of the move."", ""state"": ""PASS"", ""value"": ""12.8% off 11.77""}, {""id"": ""split"", ""kills"": false, ""reason"": """", ""state"": ""PASS"", ""value"": ""gap is not arithmetic""}, {""id"": ""instrument"", ""kills"": false, ""reason"": """", ""state"": ""UNKNOWN"", ""value"": ""\u2014""}, {""id"": ""tick"", ""kills"": false, ""reason"": """", ""state"": ""UNKNOWN"", ""value"": ""\u2014""}, {""id"": ""buyout"", ""kills"": true, ""reason"": ""Acquisition announced \u2014 the price is pinned and volatility is gone."", ""state"": ""PASS"", ""value"": ""none""}, {""id"": ""vwap"", ""kills"": false, ""reason"": """", ""state"": ""PASS"", ""value"": ""yes""}, {""id"": ""ema9"", ""kills"": false, ""reason"": """", ""state"": ""PASS"", ""value"": ""yes""}, {""id"": ""macd"", ""kills"": false, ""reason"": """", ""state"": ""PASS"", ""value"": ""yes""}, {""id"": ""tape"", ""kills"": false, ""reason"": ""No tape and no book in this tool."", ""state"": ""MANUAL_CONFIRMATION_REQUIRED"", ""value"": ""your eyes""}]","[""No catalyst dated today and no live theme (A2: flagged, not killed; the read-out splits this cohort)."", ""Instrument type unknown \u2014 ADRs are fine, funds are not."", ""Session volume 0.15M is under the 1M floor \u2014 the band he measured himself losing in.""]","{""above_ema9"": true, ""above_vwap"": true, ""buyout_announced"": false, ""catalyst_source_ok"": true, ""catalyst_today"": false, ""change_pct"": 19.580419580419584, ""feed_stale"": false, ""float_is_shares_outstanding"": true, ""float_shares"": 574502, ""float_verified"": false, ""halted"": false, ""in_session_window"": true, ""is_fund_or_etf"": null, ""last"": 10.26, ""live_theme"": false, ""macd_positive_and_above_signal"": true, ""penny_theme"": false, ""premarket_volume"": null, ""prev_close"": null, ""rvol"": 16.539151654345797, ""session_high"": 11.77, ""session_volume"": 149786.0, ""split_ratio_clean_integer"": null, ""symbol"": ""VEEE"", ""tick_size"": null}",10.17,10.01,10.49,0.16,2.0,1,1,REFUSED,"[""pre-market entry not allowed: phase B \u2014 pre-market entries start in phase C""]",2026-09-21T11:52:34+00:00,2026-09-21T11:52:33+00:00,f8b3736c1218,2779710,,,,10.17,79.25,-2.8125,1,1,stop,1,2026-09-21T11:58:00Z,10.25,9.72,17.58
8ce54188044ad4fe,2026-09-21T07:52:00-04:00,premarket,GRML,pullback,ibkr-GRML-GLND-CRML,IBKR · TWS read-only · live,live,1m,6.14,6.07,6.08,6.49,15966376.0,24.916855646770767,115.43859649122807,2870000.0,verified,finviz via premarket_stars.py,0,0,REVIEW,,1,"[{""id"": ""price"", ""kills"": true, ""reason"": ""$6.14 is outside $2.00\u201320.00."", ""state"": ""PASS"", ""value"": ""$6.14  band $2.00\u201320.00""}, {""id"": ""float"", ""kills"": false, ""reason"": """", ""state"": ""PASS"", ""value"": ""2.9M (verified)""}, {""id"": ""catalyst"", ""kills"": false, ""reason"": ""No catalyst dated today and no live theme it belongs to."", ""state"": ""FAIL"", ""value"": ""none""}, {""id"": ""pillars"", ""kills"": true, ""reason"": ""Only 4 of the Five Pillars pass (need 4); missing catalyst."", ""state"": ""PASS"", ""value"": ""4/5 \u2014 missing catalyst""}, {""id"": ""rising"", ""kills"": true, ""reason"": ""5.4% off the high \u2014 back side of the move."", ""state"": ""PASS"", ""value"": ""5.4% off 6.49""}, {""id"": ""split"", ""kills"": false, ""reason"": """", ""state"": ""PASS"", ""value"": ""gap is not arithmetic""}, {""id"": ""instrument"", ""kills"": false, ""reason"": """", ""state"": ""UNKNOWN"", ""value"": ""\u2014""}, {""id"": ""tick"", ""kills"": false, ""reason"": """", ""state"": ""UNKNOWN"", ""value"": ""\u2014""}, {""id"": ""buyout"", ""kills"": true, ""reason"": ""Acquisition announced \u2014 the price is pinned and volatility is gone."", ""state"": ""PASS"", ""value"": ""none""}, {""id"": ""vwap"", ""kills"": false, ""reason"": """", ""state"": ""PASS"", ""value"": ""yes""}, {""id"": ""ema9"", ""kills"": false, ""reason"": """", ""state"": ""PASS"", ""value"": ""yes""}, {""id"": ""macd"", ""kills"": false, ""reason"": """", ""state"": ""PASS"", ""value"": ""yes""}, {""id"": ""tape"", ""kills"": false, ""reason"": ""No tape and no book in this tool."", ""state"": ""MANUAL_CONFIRMATION_REQUIRED"", ""value"": ""your eyes""}]","[""No catalyst dated today and no live theme (A2: flagged, not killed; the read-out splits this cohort)."", ""Instrument type unknown \u2014 ADRs are fine, funds are not.""]","{""above_ema9"": true, ""above_vwap"": true, ""buyout_announced"": false, ""catalyst_source_ok"": true, ""catalyst_today"": false, ""change_pct"": 115.43859649122807, ""feed_stale"": false, ""float_is_shares_outstanding"": false, ""float_shares"": 2870000.0, ""float_verified"": true, ""halted"": false, ""in_session_window"": true, ""is_fund_or_etf"": null, ""last"": 6.14, ""live_theme"": false, ""macd_positive_and_above_signal"": true, ""penny_theme"": false, ""premarket_volume"": null, ""prev_close"": null, ""rvol"": 24.916855646770767, ""session_high"": 6.49, ""session_volume"": 15966376.0, ""split_ratio_clean_integer"": null, ""symbol"": ""GRML"", ""tick_size"": null}",6.09,5.94,6.39,0.15,2.0,1,0,REFUSED,"[""pre-market entry not allowed: phase B \u2014 pre-market entries start in phase C"", ""Layer 2 not green: pullback volume was not lighter than the impulse""]",2026-09-21T11:53:09+00:00,2026-09-21T11:53:06+00:00,f8b3736c1218,2779710,,,,6.09,37.2667,-1.8667,1,1,stop,1,2026-09-21T11:53:00Z,6.56,5.81,10.76
7dd480a1d3dff63a,2026-09-21T07:57:00-04:00,premarket,GRML,pullback,ibkr-GRML-GLND-CRML,IBKR · TWS read-only · live,live,1m,6.09,6.07,6.09,6.49,17581803.0,27.437863630479526,113.68421052631578,2870000.0,verified,finviz via premarket_stars.py,0,0,REVIEW,,1,"[{""id"": ""price"", ""kills"": true, ""reason"": ""$6.09 is outside $2.00\u201320.00."", ""state"": ""PASS"", ""value"": ""$6.09  band $2.00\u201320.00""}, {""id"": ""float"", ""kills"": false, ""reason"": """", ""state"": ""PASS"", ""value"": ""2.9M (verified)""}, {""id"": ""catalyst"", ""kills"": false, ""reason"": ""No catalyst dated today and no live theme it belongs to."", ""state"": ""FAIL"", ""value"": ""none""}, {""id"": ""pillars"", ""kills"": true, ""reason"": ""Only 4 of the Five Pillars pass (need 4); missing catalyst."", ""state"": ""PASS"", ""value"": ""4/5 \u2014 missing catalyst""}, {""id"": ""rising"", ""kills"": true, ""reason"": ""6.2% off the high \u2014 back side of the move."", ""state"": ""PASS"", ""value"": ""6.2% off 6.49""}, {""id"": ""split"", ""kills"": false, ""reason"": """", ""state"": ""PASS"", ""value"": ""gap is not arithmetic""}, {""id"": ""instrument"", ""kills"": false, ""reason"": """", ""state"": ""UNKNOWN"", ""value"": ""\u2014""}, {""id"": ""tick"", ""kills"": false, ""reason"": """", ""state"": ""UNKNOWN"", ""value"": ""\u2014""}, {""id"": ""buyout"", ""kills"": true, ""reason"": ""Acquisition announced \u2014 the price is pinned and volatility is gone."", ""state"": ""PASS"", ""value"": ""none""}, {""id"": ""vwap"", ""kills"": false, ""reason"": """", ""state"": ""PASS"", ""value"": ""yes""}, {""id"": ""ema9"", ""kills"": false, ""reason"": """", ""state"": ""PASS"", ""value"": ""yes""}, {""id"": ""macd"", ""kills"": false, ""reason"": """", ""state"": ""PASS"", ""value"": ""yes""}, {""id"": ""tape"", ""kills"": false, ""reason"": ""No tape and no book in this tool."", ""state"": ""MANUAL_CONFIRMATION_REQUIRED"", ""value"": ""your eyes""}]","[""No catalyst dated today and no live theme (A2: flagged, not killed; the read-out splits this cohort)."", ""Instrument type unknown \u2014 ADRs are fine, funds are not.""]","{""above_ema9"": true, ""above_vwap"": true, ""buyout_announced"": false, ""catalyst_source_ok"": true, ""catalyst_today"": false, ""change_pct"": 113.68421052631578, ""feed_stale"": false, ""float_is_shares_outstanding"": false, ""float_shares"": 2870000.0, ""float_verified"": true, ""halted"": false, ""in_session_window"": true, ""is_fund_or_etf"": null, ""last"": 6.09, ""live_theme"": false, ""macd_positive_and_above_signal"": true, ""penny_theme"": false, ""premarket_volume"": null, ""prev_close"": null, ""rvol"": 27.437863630479526, ""session_high"": 6.49, ""session_volume"": 17581803.0, ""split_ratio_clean_integer"": null, ""symbol"": ""GRML"", ""tick_size"": null}",6.05,5.94,6.27,0.11,2.0,1,1,REFUSED,"[""pre-market entry not allowed: phase B \u2014 pre-market entries start in phase C""]",2026-09-21T11:57:54+00:00,2026-09-21T11:57:50+00:00,f8b3736c1218,2779710,,,,6.05,51.1818,-2.1818,1,1,stop,1,2026-09-21T11:58:00Z,7.2,5.81,10.76
11bbf1d1c3a90dd6,2026-09-21T08:02:00-04:00,premarket,USDE,pullback,ibkr-GRML-GLND-CRML,IBKR · TWS read-only · live,live,1m,12.58,12.55,12.6,13.65,2073150.0,17.550624767193796,23.45436702649657,20840000.0,verified,finviz via premarket_stars.py,0,0,REJECT,pillars,0,"[{""id"": ""price"", ""kills"": true, ""reason"": ""$12.58 is outside $2.00\u201320.00."", ""state"": ""PASS"", ""value"": ""$12.58  band $2.00\u201320.00""}, {""id"": ""float"", ""kills"": false, ""reason"": ""Float 20.8M is over the 20M cap."", ""state"": ""FAIL"", ""value"": ""20.8M""}, {""id"": ""catalyst"", ""kills"": false, ""reason"": ""No catalyst dated today and no live theme it belongs to."", ""state"": ""FAIL"", ""value"": ""none""}, {""id"": ""pillars"", ""kills"": true, ""reason"": ""Only 3 of the Five Pillars pass (need 4); missing float, catalyst."", ""state"": ""FAIL"", ""value"": ""3/5 \u2014 missing float, catalyst""}, {""id"": ""rising"", ""kills"": false, ""reason"": ""cascade already stopped"", ""state"": ""NOT_APPLICABLE"", ""value"": ""\u2014""}, {""id"": ""split"", ""kills"": false, ""reason"": ""cascade already stopped"", ""state"": ""NOT_APPLICABLE"", ""value"": ""\u2014""}, {""id"": ""instrument"", ""kills"": false, ""reason"": ""cascade already stopped"", ""state"": ""NOT_APPLICABLE"", ""value"": ""\u2014""}, {""id"": ""tick"", ""kills"": false, ""reason"": ""cascade already stopped"", ""state"": ""NOT_APPLICABLE"", ""value"": ""\u2014""}, {""id"": ""buyout"", ""kills"": false, ""reason"": ""cascade already stopped"", ""state"": ""NOT_APPLICABLE"", ""value"": ""\u2014""}]","[""Float 20.8M over the 20M cap (A5: flagged, not killed; the pillar count decides)."", ""No catalyst dated today and no live theme (A2: flagged, not killed; the read-out splits this cohort).""]","{""above_ema9"": true, ""above_vwap"": true, ""buyout_announced"": false, ""catalyst_source_ok"": true, ""catalyst_today"": false, ""change_pct"": 23.45436702649657, ""feed_stale"": false, ""float_is_shares_outstanding"": false, ""float_shares"": 20840000.0, ""float_verified"": true, ""halted"": false, ""in_session_window"": true, ""is_fund_or_etf"": null, ""last"": 12.58, ""live_theme"": false, ""macd_positive_and_above_signal"": true, ""penny_theme"": false, ""premarket_volume"": null, ""prev_close"": null, ""rvol"": 17.550624767193796, ""session_high"": 13.65, ""session_volume"": 2073150.0, ""split_ratio_clean_integer"": null, ""symbol"": ""USDE"", ""tick_size"": null}",12.57,12.44,12.83,0.13,2.0,3,1,SUPPRESSED,,,2026-09-21T12:02:33+00:00,f8b3736c1218,2779710,,,,12.57,4.0769,-1.6154,1,1,target,1,2026-09-21T12:03:00Z,12.99,12.36,13.02
735d546a9f91f06d,2026-09-21T08:02:00-04:00,premarket,NCPL,pullback,ibkr-GRML-VEEE-SPRU,IBKR · TWS read-only · live,live-backfill,1m,0.9306,,,1.09,9619150.0,0.24875703685967734,25.63791008505467,4380000.0,verified,finviz via premarket_stars.py,0,0,REJECT,price,0,"[{""id"": ""price"", ""kills"": true, ""reason"": ""$0.93 is outside $2.00\u201320.00."", ""state"": ""FAIL"", ""value"": ""$0.93  band $2.00\u201320.00""}, {""id"": ""float"", ""kills"": false, ""reason"": ""cascade already stopped"", ""state"": ""NOT_APPLICABLE"", ""value"": ""\u2014""}, {""id"": ""catalyst"", ""kills"": false, ""reason"": ""cascade already stopped"", ""state"": ""NOT_APPLICABLE"", ""value"": ""\u2014""}, {""id"": ""pillars"", ""kills"": false, ""reason"": ""cascade already stopped"", ""state"": ""NOT_APPLICABLE"", ""value"": ""\u2014""}, {""id"": ""rising"", ""kills"": false, ""reason"": ""cascade already stopped"", ""state"": ""NOT_APPLICABLE"", ""value"": ""\u2014""}, {""id"": ""split"", ""kills"": false, ""reason"": ""cascade already stopped"", ""state"": ""NOT_APPLICABLE"", ""value"": ""\u2014""}, {""id"": ""instrument"", ""kills"": false, ""reason"": ""cascade already stopped"", ""state"": ""NOT_APPLICABLE"", ""value"": ""\u2014""}, {""id"": ""tick"", ""kills"": false, ""reason"": ""cascade already stopped"", ""state"": ""NOT_APPLICABLE"", ""value"": ""\u2014""}, {""id"": ""buyout"", ""kills"": false, ""reason"": ""cascade already stopped"", ""state"": ""NOT_APPLICABLE"", ""value"": ""\u2014""}]",[],"{""above_ema9"": true, ""above_vwap"": false, ""buyout_announced"": false, ""catalyst_source_ok"": true, ""catalyst_today"": false, ""change_pct"": 25.63791008505467, ""feed_stale"": false, ""float_is_shares_outstanding"": false, ""float_shares"": 4380000.0, ""float_verified"": true, ""halted"": false, ""in_session_window"": true, ""is_fund_or_etf"": null, ""last"": 0.9306, ""live_theme"": false, ""macd_positive_and_above_signal"": false, ""penny_theme"": false, ""premarket_volume"": null, ""prev_close"": null, ""rvol"": 0.24875703685967734, ""session_high"": 1.09, ""session_volume"": 9619150.0, ""split_ratio_clean_integer"": null, ""symbol"": ""NCPL"", ""tick_size"": null}",0.92,0.8789,1.0022,0.0411,2.0,2,1,SUPPRESSED,,,2026-09-21T13:30:52+00:00,f8b3736c1218,cd97b8f,,,,0.92,11.9221,0.056,0,1,target,1,2026-09-21T12:03:00Z,1.09,0.9223,1.0794
5cc426e056967db8,2026-09-21T08:13:00-04:00,premarket,GRML,pullback,ibkr-GRML-GLND-CRML,IBKR · TWS read-only · live,live,1m,6.45,6.46,6.48,6.49,22472779.0,35.07063784072112,126.3157894736842,2870000.0,verified,finviz via premarket_stars.py,0,0,REVIEW,,1,"[{""id"": ""price"", ""kills"": true, ""reason"": ""$6.45 is outside $2.00\u201320.00."", ""state"": ""PASS"", ""value"": ""$6.45  band $2.00\u201320.00""}, {""id"": ""float"", ""kills"": false, ""reason"": """", ""state"": ""PASS"", ""value"": ""2.9M (verified)""}, {""id"": ""catalyst"", ""kills"": false, ""reason"": ""No catalyst dated today and no live theme it belongs to."", ""state"": ""FAIL"", ""value"": ""none""}, {""id"": ""pillars"", ""kills"": true, ""reason"": ""Only 4 of the Five Pillars pass (need 4); missing catalyst."", ""state"": ""PASS"", ""value"": ""4/5 \u2014 missing catalyst""}, {""id"": ""rising"", ""kills"": true, ""reason"": ""0.6% off the high \u2014 back side of the move."", ""state"": ""PASS"", ""value"": ""0.6% off 6.49""}, {""id"": ""split"", ""kills"": false, ""reason"": """", ""state"": ""PASS"", ""value"": ""gap is not arithmetic""}, {""id"": ""instrument"", ""kills"": false, ""reason"": """", ""state"": ""UNKNOWN"", ""value"": ""\u2014""}, {""id"": ""tick"", ""kills"": false, ""reason"": """", ""state"": ""UNKNOWN"", ""value"": ""\u2014""}, {""id"": ""buyout"", ""kills"": true, ""reason"": ""Acquisition announced \u2014 the price is pinned and volatility is gone."", ""state"": ""PASS"", ""value"": ""none""}, {""id"": ""vwap"", ""kills"": false, ""reason"": """", ""state"": ""PASS"", ""value"": ""yes""}, {""id"": ""ema9"", ""kills"": false, ""reason"": """", ""state"": ""PASS"", ""value"": ""yes""}, {""id"": ""macd"", ""kills"": false, ""reason"": """", ""state"": ""PASS"", ""value"": ""yes""}, {""id"": ""tape"", ""kills"": false, ""reason"": ""No tape and no book in this tool."", ""state"": ""MANUAL_CONFIRMATION_REQUIRED"", ""value"": ""your eyes""}]","[""No catalyst dated today and no live theme (A2: flagged, not killed; the read-out splits this cohort)."", ""Instrument type unknown \u2014 ADRs are fine, funds are not.""]","{""above_ema9"": true, ""above_vwap"": true, ""buyout_announced"": false, ""catalyst_source_ok"": true, ""catalyst_today"": false, ""change_pct"": 126.3157894736842, ""feed_stale"": false, ""float_is_shares_outstanding"": false, ""float_shares"": 2870000.0, ""float_verified"": true, ""halted"": false, ""in_session_window"": true, ""is_fund_or_etf"": null, ""last"": 6.45, ""live_theme"": false, ""macd_positive_and_above_signal"": true, ""penny_theme"": false, ""premarket_volume"": null, ""prev_close"": null, ""rvol"": 35.07063784072112, ""session_high"": 6.49, ""session_volume"": 22472779.0, ""split_ratio_clean_integer"": null, ""symbol"": ""GRML"", ""tick_size"": null}",6.47,6.25,6.91,0.22,2.0,1,1,REFUSED,"[""pre-market entry not allowed: phase B \u2014 pre-market entries start in phase C""]",2026-09-21T12:13:15+00:00,2026-09-21T12:13:12+00:00,f8b3736c1218,2779710,,,,6.47,23.6818,-1.3636,1,1,stop,1,2026-09-21T12:17:00Z,8.2,6.17,10.76
e477a2aaf2d128af,2026-09-21T08:18:00-04:00,premarket,LOBO,pullback,ibkr-GRML-VEEE-GLND,IBKR · TWS read-only · live,live-backfill,1m,0.7046,,,0.7997,20719189.0,601.810410681972,32.94339622641509,9320000.0,verified,finviz via premarket_stars.py,1,0,REJECT,price,0,"[{""id"": ""price"", ""kills"": true, ""reason"": ""$0.70 is outside $2.00\u201320.00."", ""state"": ""FAIL"", ""value"": ""$0.70  band $2.00\u201320.00""}, {""id"": ""float"", ""kills"": false, ""reason"": ""cascade already stopped"", ""state"": ""NOT_APPLICABLE"", ""value"": ""\u2014""}, {""id"": ""catalyst"", ""kills"": false, ""reason"": ""cascade already stopped"", ""state"": ""NOT_APPLICABLE"", ""value"": ""\u2014""}, {""id"": ""pillars"", ""kills"": false, ""reason"": ""cascade already stopped"", ""state"": ""NOT_APPLICABLE"", ""value"": ""\u2014""}, {""id"": ""rising"", ""kills"": false, ""reason"": ""cascade already stopped"", ""state"": ""NOT_APPLICABLE"", ""value"": ""\u2014""}, {""id"": ""split"", ""kills"": false, ""reason"": ""cascade already stopped"", ""state"": ""NOT_APPLICABLE"", ""value"": ""\u2014""}, {""id"": ""instrument"", ""kills"": false, ""reason"": ""cascade already stopped"", ""state"": ""NOT_APPLICABLE"", ""value"": ""\u2014""}, {""id"": ""tick"", ""kills"": false, ""reason"": ""cascade already stopped"", ""state"": ""NOT_APPLICABLE"", ""value"": ""\u2014""}, {""id"": ""buyout"", ""kills"": false, ""reason"": ""cascade already stopped"", ""state"": ""NOT_APPLICABLE"", ""value"": ""\u2014""}]",[],"{""above_ema9"": true, ""above_vwap"": false, ""buyout_announced"": false, ""catalyst_source_ok"": true, ""catalyst_today"": true, ""change_pct"": 32.94339622641509, ""feed_stale"": false, ""float_is_shares_outstanding"": false, ""float_shares"": 9320000.0, ""float_verified"": true, ""halted"": false, ""in_session_window"": true, ""is_fund_or_etf"": null, ""last"": 0.7046, ""live_theme"": false, ""macd_positive_and_above_signal"": true, ""penny_theme"": false, ""premarket_volume"": null, ""prev_close"": null, ""rvol"": 601.810410681972, ""session_high"": 0.7997, ""session_volume"": 20719189.0, ""split_ratio_clean_integer"": null, ""symbol"": ""LOBO"", ""tick_size"": null}",0.709,0.68,0.767,0.029,2.0,3,1,SUPPRESSED,,,2026-09-21T13:53:59+00:00,f8b3736c1218,d58633e,,,,0.709,20.0345,-1.1552,1,1,stop,1,2026-09-21T12:19:00Z,0.715,0.6755,0.95
e6f1406b81bd517d,2026-09-21T08:22:00-04:00,premarket,GRML,pullback,ibkr-GRML-GLND-CRML,IBKR · TWS read-only · live,live,1m,6.33,6.32,6.33,6.56,25457302.0,39.72823382652699,122.10526315789471,2870000.0,verified,finviz via premarket_stars.py,0,0,WAIT,,1,"[{""id"": ""price"", ""kills"": true, ""reason"": ""$6.33 is outside $2.00\u201320.00."", ""state"": ""PASS"", ""value"": ""$6.33  band $2.00\u201320.00""}, {""id"": ""float"", ""kills"": false, ""reason"": """", ""state"": ""PASS"", ""value"": ""2.9M (verified)""}, {""id"": ""catalyst"", ""kills"": false, ""reason"": ""No catalyst dated today and no live theme it belongs to."", ""state"": ""FAIL"", ""value"": ""none""}, {""id"": ""pillars"", ""kills"": true, ""reason"": ""Only 4 of the Five Pillars pass (need 4); missing catalyst."", ""state"": ""PASS"", ""value"": ""4/5 \u2014 missing catalyst""}, {""id"": ""rising"", ""kills"": true, ""reason"": ""3.5% off the high \u2014 back side of the move."", ""state"": ""PASS"", ""value"": ""3.5% off 6.56""}, {""id"": ""split"", ""kills"": false, ""reason"": """", ""state"": ""PASS"", ""value"": ""gap is not arithmetic""}, {""id"": ""instrument"", ""kills"": false, ""reason"": """", ""state"": ""UNKNOWN"", ""value"": ""\u2014""}, {""id"": ""tick"", ""kills"": false, ""reason"": """", ""state"": ""UNKNOWN"", ""value"": ""\u2014""}, {""id"": ""buyout"", ""kills"": true, ""reason"": ""Acquisition announced \u2014 the price is pinned and volatility is gone."", ""state"": ""PASS"", ""value"": ""none""}, {""id"": ""vwap"", ""kills"": false, ""reason"": """", ""state"": ""PASS"", ""value"": ""yes""}, {""id"": ""ema9"", ""kills"": false, ""reason"": """", ""state"": ""PASS"", ""value"": ""yes""}, {""id"": ""macd"", ""kills"": false, ""reason"": """", ""state"": ""FAIL"", ""value"": ""no""}, {""id"": ""tape"", ""kills"": false, ""reason"": ""No tape and no book in this tool."", ""state"": ""MANUAL_CONFIRMATION_REQUIRED"", ""value"": ""your eyes""}]","[""No catalyst dated today and no live theme (A2: flagged, not killed; the read-out splits this cohort)."", ""Instrument type unknown \u2014 ADRs are fine, funds are not.""]","{""above_ema9"": true, ""above_vwap"": true, ""buyout_announced"": false, ""catalyst_source_ok"": true, ""catalyst_today"": false, ""change_pct"": 122.10526315789471, ""feed_stale"": false, ""float_is_shares_outstanding"": false, ""float_shares"": 2870000.0, ""float_verified"": true, ""halted"": false, ""in_session_window"": true, ""is_fund_or_etf"": null, ""last"": 6.33, ""live_theme"": false, ""macd_positive_and_above_signal"": false, ""penny_theme"": false, ""premarket_volume"": null, ""prev_close"": null, ""rvol"": 39.72823382652699, ""session_high"": 6.56, ""session_volume"": 25457302.0, ""split_ratio_clean_integer"": null, ""symbol"": ""GRML"", ""tick_size"": null}",6.36,6.25,6.58,0.11,2.0,1,1,REFUSED,"[""pre-market entry not allowed: phase B \u2014 pre-market entries start in phase C"", ""Layer 2 not green: verdict WAIT \u2014 chart gates must all be true at entry""]",2026-09-21T12:22:36+00:00,2026-09-21T12:22:32+00:00,f8b3736c1218,2779710,,,,6.36,48.3636,0.5455,0,1,target,1,2026-09-21T12:23:00Z,8.2,6.42,10.76
b493c9646e00f649,2026-09-21T08:22:00-04:00,premarket,NCPL,pullback,ibkr-GRML-VEEE-SPRU,IBKR · TWS read-only · live,live-backfill,1m,1.08,,,1.09,14164954.0,0.36631427769539243,45.80801944106927,4380000.0,verified,finviz via premarket_stars.py,0,0,REJECT,price,0,"[{""id"": ""price"", ""kills"": true, ""reason"": ""$1.08 is outside $2.00\u201320.00."", ""state"": ""FAIL"", ""value"": ""$1.08  band $2.00\u201320.00""}, {""id"": ""float"", ""kills"": false, ""reason"": ""cascade already stopped"", ""state"": ""NOT_APPLICABLE"", ""value"": ""\u2014""}, {""id"": ""catalyst"", ""kills"": false, ""reason"": ""cascade already stopped"", ""state"": ""NOT_APPLICABLE"", ""value"": ""\u2014""}, {""id"": ""pillars"", ""kills"": false, ""reason"": ""cascade already stopped"", ""state"": ""NOT_APPLICABLE"", ""value"": ""\u2014""}, {""id"": ""rising"", ""kills"": false, ""reason"": ""cascade already stopped"", ""state"": ""NOT_APPLICABLE"", ""value"": ""\u2014""}, {""id"": ""split"", ""kills"": false, ""reason"": ""cascade already stopped"", ""state"": ""NOT_APPLICABLE"", ""value"": ""\u2014""}, {""id"": ""instrument"", ""kills"": false, ""reason"": ""cascade already stopped"", ""state"": ""NOT_APPLICABLE"", ""value"": ""\u2014""}, {""id"": ""tick"", ""kills"": false, ""reason"": ""cascade already stopped"", ""state"": ""NOT_APPLICABLE"", ""value"": ""\u2014""}, {""id"": ""buyout"", ""kills"": false, ""reason"": ""cascade already stopped"", ""state"": ""NOT_APPLICABLE"", ""value"": ""\u2014""}]",[],"{""above_ema9"": true, ""above_vwap"": true, ""buyout_announced"": false, ""catalyst_source_ok"": true, ""catalyst_today"": false, ""change_pct"": 45.80801944106927, ""feed_stale"": false, ""float_is_shares_outstanding"": false, ""float_shares"": 4380000.0, ""float_verified"": true, ""halted"": false, ""in_session_window"": true, ""is_fund_or_etf"": null, ""last"": 1.08, ""live_theme"": false, ""macd_positive_and_above_signal"": true, ""penny_theme"": false, ""premarket_volume"": null, ""prev_close"": null, ""rvol"": 0.36631427769539243, ""session_high"": 1.09, ""session_volume"": 14164954.0, ""split_ratio_clean_integer"": null, ""symbol"": ""NCPL"", ""tick_size"": null}",1.03,0.99,1.11,0.04,2.0,2,1,SUPPRESSED,,,2026-09-21T13:30:52+00:00,f8b3736c1218,cd97b8f,,,,1.03,9.5,-0.8,0,1,target,1,2026-09-21T12:23:00Z,1.41,0.998,1.0794
b541ed7a9755c08a,2026-09-21T08:23:00-04:00,premarket,USDE,pullback,ibkr-GRML-GLND-CRML,IBKR · TWS read-only · live,live,1m,12.83,12.8,12.84,13.65,2234123.0,17.429439620536584,25.907752698724252,20840000.0,verified,finviz via premarket_stars.py,0,0,REJECT,pillars,0,"[{""id"": ""price"", ""kills"": true, ""reason"": ""$12.83 is outside $2.00\u201320.00."", ""state"": ""PASS"", ""value"": ""$12.83  band $2.00\u201320.00""}, {""id"": ""float"", ""kills"": false, ""reason"": ""Float 20.8M is over the 20M cap."", ""state"": ""FAIL"", ""value"": ""20.8M""}, {""id"": ""catalyst"", ""kills"": false, ""reason"": ""No catalyst dated today and no live theme it belongs to."", ""state"": ""FAIL"", ""value"": ""none""}, {""id"": ""pillars"", ""kills"": true, ""reason"": ""Only 3 of the Five Pillars pass (need 4); missing float, catalyst."", ""state"": ""FAIL"", ""value"": ""3/5 \u2014 missing float, catalyst""}, {""id"": ""rising"", ""kills"": false, ""reason"": ""cascade already stopped"", ""state"": ""NOT_APPLICABLE"", ""value"": ""\u2014""}, {""id"": ""split"", ""kills"": false, ""reason"": ""cascade already stopped"", ""state"": ""NOT_APPLICABLE"", ""value"": ""\u2014""}, {""id"": ""instrument"", ""kills"": false, ""reason"": ""cascade already stopped"", ""state"": ""NOT_APPLICABLE"", ""value"": ""\u2014""}, {""id"": ""tick"", ""kills"": false, ""reason"": ""cascade already stopped"", ""state"": ""NOT_APPLICABLE"", ""value"": ""\u2014""}, {""id"": ""buyout"", ""kills"": false, ""reason"": ""cascade already stopped"", ""state"": ""NOT_APPLICABLE"", ""value"": ""\u2014""}]","[""Float 20.8M over the 20M cap (A5: flagged, not killed; the pillar count decides)."", ""No catalyst dated today and no live theme (A2: flagged, not killed; the read-out splits this cohort).""]","{""above_ema9"": true, ""above_vwap"": true, ""buyout_announced"": false, ""catalyst_source_ok"": true, ""catalyst_today"": false, ""change_pct"": 25.907752698724252, ""feed_stale"": false, ""float_is_shares_outstanding"": false, ""float_shares"": 20840000.0, ""float_verified"": true, ""halted"": false, ""in_session_window"": true, ""is_fund_or_etf"": null, ""last"": 12.83, ""live_theme"": false, ""macd_positive_and_above_signal"": true, ""penny_theme"": false, ""premarket_volume"": null, ""prev_close"": null, ""rvol"": 17.429439620536584, ""session_high"": 13.65, ""session_volume"": 2234123.0, ""split_ratio_clean_integer"": null, ""symbol"": ""USDE"", ""tick_size"": null}",12.81,12.7415,12.947,0.0685,2.0,2,1,SUPPRESSED,,,2026-09-21T12:23:44+00:00,f8b3736c1218,2779710,,,,12.81,4.2336,-5.4015,1,1,target,1,2026-09-21T12:24:00Z,13.09,12.44,13.02
d6b35457fe3056ba,2026-09-21T08:34:00-04:00,premarket,GRML,pullback,ibkr-GRML-GLND-CRML,IBKR · TWS read-only · live,live,1m,7.57,7.51,7.54,8.2,34174488.0,53.3321264824466,165.6140350877193,2870000.0,verified,finviz via premarket_stars.py,0,0,REVIEW,,1,"[{""id"": ""price"", ""kills"": true, ""reason"": ""$7.57 is outside $2.00\u201320.00."", ""state"": ""PASS"", ""value"": ""$7.57  band $2.00\u201320.00""}, {""id"": ""float"", ""kills"": false, ""reason"": """", ""state"": ""PASS"", ""value"": ""2.9M (verified)""}, {""id"": ""catalyst"", ""kills"": false, ""reason"": ""No catalyst dated today and no live theme it belongs to."", ""state"": ""FAIL"", ""value"": ""none""}, {""id"": ""pillars"", ""kills"": true, ""reason"": ""Only 4 of the Five Pillars pass (need 4); missing catalyst."", ""state"": ""PASS"", ""value"": ""4/5 \u2014 missing catalyst""}, {""id"": ""rising"", ""kills"": true, ""reason"": ""7.7% off the high \u2014 back side of the move."", ""state"": ""PASS"", ""value"": ""7.7% off 8.20""}, {""id"": ""split"", ""kills"": false, ""reason"": """", ""state"": ""PASS"", ""value"": ""gap is not arithmetic""}, {""id"": ""instrument"", ""kills"": false, ""reason"": """", ""state"": ""UNKNOWN"", ""value"": ""\u2014""}, {""id"": ""tick"", ""kills"": false, ""reason"": """", ""state"": ""UNKNOWN"", ""value"": ""\u2014""}, {""id"": ""buyout"", ""kills"": true, ""reason"": ""Acquisition announced \u2014 the price is pinned and volatility is gone."", ""state"": ""PASS"", ""value"": ""none""}, {""id"": ""vwap"", ""kills"": false, ""reason"": """", ""state"": ""PASS"", ""value"": ""yes""}, {""id"": ""ema9"", ""kills"": false, ""reason"": """", ""state"": ""PASS"", ""value"": ""yes""}, {""id"": ""macd"", ""kills"": false, ""reason"": """", ""state"": ""PASS"", ""value"": ""yes""}, {""id"": ""tape"", ""kills"": false, ""reason"": ""No tape and no book in this tool."", ""state"": ""MANUAL_CONFIRMATION_REQUIRED"", ""value"": ""your eyes""}]","[""No catalyst dated today and no live theme (A2: flagged, not killed; the read-out splits this cohort)."", ""Instrument type unknown \u2014 ADRs are fine, funds are not.""]","{""above_ema9"": true, ""above_vwap"": true, ""buyout_announced"": false, ""catalyst_source_ok"": true, ""catalyst_today"": false, ""change_pct"": 165.6140350877193, ""feed_stale"": false, ""float_is_shares_outstanding"": false, ""float_shares"": 2870000.0, ""float_verified"": true, ""halted"": false, ""in_session_window"": true, ""is_fund_or_etf"": null, ""last"": 7.57, ""live_theme"": false, ""macd_positive_and_above_signal"": true, ""penny_theme"": false, ""premarket_volume"": null, ""prev_close"": null, ""rvol"": 53.3321264824466, ""session_high"": 8.2, ""session_volume"": 34174488.0, ""split_ratio_clean_integer"": null, ""symbol"": ""GRML"", ""tick_size"": null}",7.73,7.53,8.13,0.2,2.0,3,1,REFUSED,"[""pre-market entry not allowed: phase B \u2014 pre-market entries start in phase C""]",2026-09-21T12:34:37+00:00,2026-09-21T12:34:33+00:00,f8b3736c1218,2779710,,,,7.73,19.75,-5.5,1,1,stop,1,2026-09-21T13:30:00Z,7.69,6.67,10.76
40a1294ab71ff5ab,2026-09-21T08:41:00-04:00,premarket,USDE,pullback,ibkr-GRML-GLND-CRML,IBKR · TWS read-only · live,live,1m,12.84,12.83,12.85,13.65,2439967.0,14.918600811974173,26.005888125613353,20840000.0,verified,finviz via premarket_stars.py,0,0,REJECT,pillars,0,"[{""id"": ""price"", ""kills"": true, ""reason"": ""$12.84 is outside $2.00\u201320.00."", ""state"": ""PASS"", ""value"": ""$12.84  band $2.00\u201320.00""}, {""id"": ""float"", ""kills"": false, ""reason"": ""Float 20.8M is over the 20M cap."", ""state"": ""FAIL"", ""value"": ""20.8M""}, {""id"": ""catalyst"", ""kills"": false, ""reason"": ""No catalyst dated today and no live theme it belongs to."", ""state"": ""FAIL"", ""value"": ""none""}, {""id"": ""pillars"", ""kills"": true, ""reason"": ""Only 3 of the Five Pillars pass (need 4); missing float, catalyst."", ""state"": ""FAIL"", ""value"": ""3/5 \u2014 missing float, catalyst""}, {""id"": ""rising"", ""kills"": false, ""reason"": ""cascade already stopped"", ""state"": ""NOT_APPLICABLE"", ""value"": ""\u2014""}, {""id"": ""split"", ""kills"": false, ""reason"": ""cascade already stopped"", ""state"": ""NOT_APPLICABLE"", ""value"": ""\u2014""}, {""id"": ""instrument"", ""kills"": false, ""reason"": ""cascade already stopped"", ""state"": ""NOT_APPLICABLE"", ""value"": ""\u2014""}, {""id"": ""tick"", ""kills"": false, ""reason"": ""cascade already stopped"", ""state"": ""NOT_APPLICABLE"", ""value"": ""\u2014""}, {""id"": ""buyout"", ""kills"": false, ""reason"": ""cascade already stopped"", ""state"": ""NOT_APPLICABLE"", ""value"": ""\u2014""}]","[""Float 20.8M over the 20M cap (A5: flagged, not killed; the pillar count decides)."", ""No catalyst dated today and no live theme (A2: flagged, not killed; the read-out splits this cohort).""]","{""above_ema9"": false, ""above_vwap"": true, ""buyout_announced"": false, ""catalyst_source_ok"": true, ""catalyst_today"": false, ""change_pct"": 26.005888125613353, ""feed_stale"": false, ""float_is_shares_outstanding"": false, ""float_shares"": 20840000.0, ""float_verified"": true, ""halted"": false, ""in_session_window"": true, ""is_fund_or_etf"": null, ""last"": 12.84, ""live_theme"": false, ""macd_positive_and_above_signal"": false, ""penny_theme"": false, ""premarket_volume"": null, ""prev_close"": null, ""rvol"": 14.918600811974173, ""session_high"": 13.65, ""session_volume"": 2439967.0, ""split_ratio_clean_integer"": null, ""symbol"": ""USDE"", ""tick_size"": null}",12.84,12.74,13.04,0.1,2.0,3,1,SUPPRESSED,,,2026-09-21T12:41:33+00:00,f8b3736c1218,2779710,,,,12.84,2.6,-2.6,1,1,stop,1,2026-09-21T12:58:00Z,12.86,12.44,13.02
fb84e6bd473dbaf9,2026-09-21T08:42:00-04:00,premarket,NCPL,pullback,ibkr-GRML-VEEE-SPRU,IBKR · TWS read-only · live,live-backfill,1m,1.3799,,,1.41,28936040.0,0.7483034955118797,86.29674632104765,4380000.0,verified,finviz via premarket_stars.py,0,0,REJECT,price,0,"[{""id"": ""price"", ""kills"": true, ""reason"": ""$1.38 is outside $2.00\u201320.00."", ""state"": ""FAIL"", ""value"": ""$1.38  band $2.00\u201320.00""}, {""id"": ""float"", ""kills"": false, ""reason"": ""cascade already stopped"", ""state"": ""NOT_APPLICABLE"", ""value"": ""\u2014""}, {""id"": ""catalyst"", ""kills"": false, ""reason"": ""cascade already stopped"", ""state"": ""NOT_APPLICABLE"", ""value"": ""\u2014""}, {""id"": ""pillars"", ""kills"": false, ""reason"": ""cascade already stopped"", ""state"": ""NOT_APPLICABLE"", ""value"": ""\u2014""}, {""id"": ""rising"", ""kills"": false, ""reason"": ""cascade already stopped"", ""state"": ""NOT_APPLICABLE"", ""value"": ""\u2014""}, {""id"": ""split"", ""kills"": false, ""reason"": ""cascade already stopped"", ""state"": ""NOT_APPLICABLE"", ""value"": ""\u2014""}, {""id"": ""instrument"", ""kills"": false, ""reason"": ""cascade already stopped"", ""state"": ""NOT_APPLICABLE"", ""value"": ""\u2014""}, {""id"": ""tick"", ""kills"": false, ""reason"": ""cascade already stopped"", ""state"": ""NOT_APPLICABLE"", ""value"": ""\u2014""}, {""id"": ""buyout"", ""kills"": false, ""reason"": ""cascade already stopped"", ""state"": ""NOT_APPLICABLE"", ""value"": ""\u2014""}]",[],"{""above_ema9"": true, ""above_vwap"": true, ""buyout_announced"": false, ""catalyst_source_ok"": true, ""catalyst_today"": false, ""change_pct"": 86.29674632104765, ""feed_stale"": false, ""float_is_shares_outstanding"": false, ""float_shares"": 4380000.0, ""float_verified"": true, ""halted"": false, ""in_session_window"": true, ""is_fund_or_etf"": null, ""last"": 1.3799, ""live_theme"": false, ""macd_positive_and_above_signal"": true, ""penny_theme"": false, ""premarket_volume"": null, ""prev_close"": null, ""rvol"": 0.7483034955118797, ""session_high"": 1.41, ""session_volume"": 28936040.0, ""split_ratio_clean_integer"": null, ""symbol"": ""NCPL"", ""tick_size"": null}",1.32,1.24,1.48,0.08,2.0,3,1,SUPPRESSED,,,2026-09-21T13:30:52+00:00,f8b3736c1218,cd97b8f,,,,1.32,0.9812,-3.875,1,0,stop,1,2026-09-21T12:43:00Z,1.3985,1.14,1.0794
12761b530d3e65e0,2026-09-21T08:47:00-04:00,premarket,VEEE,pullback,ibkr-GRML-GLND-CRML,IBKR · TWS read-only · live,live,1m,14.44,12.6,12.75,14.51,719666.0,79.4644700738148,68.29836829836829,574502.0,shares_outstanding_proxy,SEC shares outstanding (upper bound),0,0,REVIEW,,1,"[{""id"": ""price"", ""kills"": true, ""reason"": ""$14.44 is outside $2.00\u201320.00."", ""state"": ""PASS"", ""value"": ""$14.44  band $2.00\u201320.00""}, {""id"": ""float"", ""kills"": false, ""reason"": """", ""state"": ""PASS"", ""value"": ""0.6M (SO upper bound)""}, {""id"": ""catalyst"", ""kills"": false, ""reason"": ""No catalyst dated today and no live theme it belongs to."", ""state"": ""FAIL"", ""value"": ""none""}, {""id"": ""pillars"", ""kills"": true, ""reason"": ""Only 4 of the Five Pillars pass (need 4); missing catalyst."", ""state"": ""PASS"", ""value"": ""4/5 \u2014 missing catalyst""}, {""id"": ""rising"", ""kills"": true, ""reason"": ""0.5% off the high \u2014 back side of the move."", ""state"": ""PASS"", ""value"": ""0.5% off 14.51""}, {""id"": ""split"", ""kills"": false, ""reason"": """", ""state"": ""PASS"", ""value"": ""gap is not arithmetic""}, {""id"": ""instrument"", ""kills"": false, ""reason"": """", ""state"": ""UNKNOWN"", ""value"": ""\u2014""}, {""id"": ""tick"", ""kills"": false, ""reason"": """", ""state"": ""UNKNOWN"", ""value"": ""\u2014""}, {""id"": ""buyout"", ""kills"": true, ""reason"": ""Acquisition announced \u2014 the price is pinned and volatility is gone."", ""state"": ""PASS"", ""value"": ""none""}, {""id"": ""vwap"", ""kills"": false, ""reason"": """", ""state"": ""PASS"", ""value"": ""yes""}, {""id"": ""ema9"", ""kills"": false, ""reason"": """", ""state"": ""PASS"", ""value"": ""yes""}, {""id"": ""macd"", ""kills"": false, ""reason"": """", ""state"": ""PASS"", ""value"": ""yes""}, {""id"": ""tape"", ""kills"": false, ""reason"": ""No tape and no book in this tool."", ""state"": ""MANUAL_CONFIRMATION_REQUIRED"", ""value"": ""your eyes""}]","[""No catalyst dated today and no live theme (A2: flagged, not killed; the read-out splits this cohort)."", ""Instrument type unknown \u2014 ADRs are fine, funds are not."", ""Session volume 0.72M is under the 1M floor \u2014 the band he measured himself losing in.""]","{""above_ema9"": true, ""above_vwap"": true, ""buyout_announced"": false, ""catalyst_source_ok"": true, ""catalyst_today"": false, ""change_pct"": 68.29836829836829, ""feed_stale"": false, ""float_is_shares_outstanding"": true, ""float_shares"": 574502, ""float_verified"": false, ""halted"": false, ""in_session_window"": true, ""is_fund_or_etf"": null, ""last"": 14.44, ""live_theme"": false, ""macd_positive_and_above_signal"": true, ""penny_theme"": false, ""premarket_volume"": null, ""prev_close"": null, ""rvol"": 79.4644700738148, ""session_high"": 14.51, ""session_volume"": 719666.0, ""split_ratio_clean_integer"": null, ""symbol"": ""VEEE"", ""tick_size"": null}",13.21,12.37,14.89,0.84,2.0,1,0,REFUSED,"[""decision is 213s old; a stale plan is not the trade the cascade reviewed"", ""pre-market entry not allowed: phase B \u2014 pre-market entries start in phase C"", ""Layer 2 not green: pullback volume was not lighter than the impulse""]",2026-09-21T12:50:33+00:00,2026-09-21T12:50:30+00:00,f8b3736c1218,2779710,,,,13.21,11.4762,-1.369,1,1,target,1,2026-09-21T12:48:00Z,15.63,12.06,17.58
d1cd0fea305bbf39,2026-09-21T08:48:00-04:00,premarket,LOBO,pullback,ibkr-GRML-VEEE-GLND,IBKR · TWS read-only · live,live-backfill,1m,0.7,,,0.7997,21908404.0,636.3523981863652,32.0754716981132,9320000.0,verified,finviz via premarket_stars.py,1,0,REJECT,price,0,"[{""id"": ""price"", ""kills"": true, ""reason"": ""$0.70 is outside $2.00\u201320.00."", ""state"": ""FAIL"", ""value"": ""$0.70  band $2.00\u201320.00""}, {""id"": ""float"", ""kills"": false, ""reason"": ""cascade already stopped"", ""state"": ""NOT_APPLICABLE"", ""value"": ""\u2014""}, {""id"": ""catalyst"", ""kills"": false, ""reason"": ""cascade already stopped"", ""state"": ""NOT_APPLICABLE"", ""value"": ""\u2014""}, {""id"": ""pillars"", ""kills"": false, ""reason"": ""cascade already stopped"", ""state"": ""NOT_APPLICABLE"", ""value"": ""\u2014""}, {""id"": ""rising"", ""kills"": false, ""reason"": ""cascade already stopped"", ""state"": ""NOT_APPLICABLE"", ""value"": ""\u2014""}, {""id"": ""split"", ""kills"": false, ""reason"": ""cascade already stopped"", ""state"": ""NOT_APPLICABLE"", ""value"": ""\u2014""}, {""id"": ""instrument"", ""kills"": false, ""reason"": ""cascade already stopped"", ""state"": ""NOT_APPLICABLE"", ""value"": ""\u2014""}, {""id"": ""tick"", ""kills"": false, ""reason"": ""cascade already stopped"", ""state"": ""NOT_APPLICABLE"", ""value"": ""\u2014""}, {""id"": ""buyout"", ""kills"": false, ""reason"": ""cascade already stopped"", ""state"": ""NOT_APPLICABLE"", ""value"": ""\u2014""}]",[],"{""above_ema9"": true, ""above_vwap"": false, ""buyout_announced"": false, ""catalyst_source_ok"": true, ""catalyst_today"": true, ""change_pct"": 32.0754716981132, ""feed_stale"": false, ""float_is_shares_outstanding"": false, ""float_shares"": 9320000.0, ""float_verified"": true, ""halted"": false, ""in_session_window"": true, ""is_fund_or_etf"": null, ""last"": 0.7, ""live_theme"": false, ""macd_positive_and_above_signal"": true, ""penny_theme"": false, ""premarket_volume"": null, ""prev_close"": null, ""rvol"": 636.3523981863652, ""session_high"": 0.7997, ""session_volume"": 21908404.0, ""split_ratio_clean_integer"": null, ""symbol"": ""LOBO"", ""tick_size"": null}",0.7045,0.6817,0.7501,0.0228,2.0,3,1,SUPPRESSED,,,2026-09-21T13:53:59+00:00,f8b3736c1218,d58633e,,,,0.7045,25.6798,-1.0307,1,1,stop,1,2026-09-21T13:21:00Z,0.7021,0.6831,0.95
fadbb6319863c5a6,2026-09-21T08:54:00-04:00,premarket,SPRU,pullback,ibkr-GRML-VEEE-SPRU,IBKR · TWS read-only · live,live-backfill,1m,2.22,,,2.3,231671.0,2.6229974072438664,16.23036649214662,13910000.0,verified,finviz via premarket_stars.py,0,0,REJECT,pillars,0,"[{""id"": ""price"", ""kills"": true, ""reason"": ""$2.22 is outside $2.00\u201320.00."", ""state"": ""PASS"", ""value"": ""$2.22  band $2.00\u201320.00""}, {""id"": ""float"", ""kills"": false, ""reason"": """", ""state"": ""PASS"", ""value"": ""13.9M (verified)""}, {""id"": ""catalyst"", ""kills"": false, ""reason"": ""No catalyst dated today and no live theme it belongs to."", ""state"": ""FAIL"", ""value"": ""none""}, {""id"": ""pillars"", ""kills"": true, ""reason"": ""Only 3 of the Five Pillars pass (need 4); missing rvol, catalyst."", ""state"": ""FAIL"", ""value"": ""3/5 \u2014 missing rvol, catalyst""}, {""id"": ""rising"", ""kills"": false, ""reason"": ""cascade already stopped"", ""state"": ""NOT_APPLICABLE"", ""value"": ""\u2014""}, {""id"": ""split"", ""kills"": false, ""reason"": ""cascade already stopped"", ""state"": ""NOT_APPLICABLE"", ""value"": ""\u2014""}, {""id"": ""instrument"", ""kills"": false, ""reason"": ""cascade already stopped"", ""state"": ""NOT_APPLICABLE"", ""value"": ""\u2014""}, {""id"": ""tick"", ""kills"": false, ""reason"": ""cascade already stopped"", ""state"": ""NOT_APPLICABLE"", ""value"": ""\u2014""}, {""id"": ""buyout"", ""kills"": false, ""reason"": ""cascade already stopped"", ""state"": ""NOT_APPLICABLE"", ""value"": ""\u2014""}]","[""No catalyst dated today and no live theme (A2: flagged, not killed; the read-out splits this cohort).""]","{""above_ema9"": true, ""above_vwap"": true, ""buyout_announced"": false, ""catalyst_source_ok"": true, ""catalyst_today"": false, ""change_pct"": 16.23036649214662, ""feed_stale"": false, ""float_is_shares_outstanding"": false, ""float_shares"": 13910000.0, ""float_verified"": true, ""halted"": false, ""in_session_window"": true, ""is_fund_or_etf"": null, ""last"": 2.22, ""live_theme"": false, ""macd_positive_and_above_signal"": true, ""penny_theme"": false, ""premarket_volume"": null, ""prev_close"": null, ""rvol"": 2.6229974072438664, ""session_high"": 2.3, ""session_volume"": 231671.0, ""split_ratio_clean_integer"": null, ""symbol"": ""SPRU"", ""tick_size"": null}",2.25,2.21,2.33,0.04,2.0,1,1,SUPPRESSED,,,2026-09-21T13:30:23+00:00,f8b3736c1218,cd97b8f,,,,2.25,3.5,-0.75,0,1,target,1,2026-09-21T12:55:00Z,2.39,2.22,2.245
56ce22f5138aaec3,2026-09-21T08:54:00-04:00,premarket,NCPL,pullback,ibkr-GRML-VEEE-GLND,IBKR · TWS read-only · live,live-backfill,1m,1.18,,,1.41,37359031.0,0.9661271371700023,59.308761981909,4380000.0,verified,finviz via premarket_stars.py,0,0,REJECT,price,0,"[{""id"": ""price"", ""kills"": true, ""reason"": ""$1.18 is outside $2.00\u201320.00."", ""state"": ""FAIL"", ""value"": ""$1.18  band $2.00\u201320.00""}, {""id"": ""float"", ""kills"": false, ""reason"": ""cascade already stopped"", ""state"": ""NOT_APPLICABLE"", ""value"": ""\u2014""}, {""id"": ""catalyst"", ""kills"": false, ""reason"": ""cascade already stopped"", ""state"": ""NOT_APPLICABLE"", ""value"": ""\u2014""}, {""id"": ""pillars"", ""kills"": false, ""reason"": ""cascade already stopped"", ""state"": ""NOT_APPLICABLE"", ""value"": ""\u2014""}, {""id"": ""rising"", ""kills"": false, ""reason"": ""cascade already stopped"", ""state"": ""NOT_APPLICABLE"", ""value"": ""\u2014""}, {""id"": ""split"", ""kills"": false, ""reason"": ""cascade already stopped"", ""state"": ""NOT_APPLICABLE"", ""value"": ""\u2014""}, {""id"": ""instrument"", ""kills"": false, ""reason"": ""cascade already stopped"", ""state"": ""NOT_APPLICABLE"", ""value"": ""\u2014""}, {""id"": ""tick"", ""kills"": false, ""reason"": ""cascade already stopped"", ""state"": ""NOT_APPLICABLE"", ""value"": ""\u2014""}, {""id"": ""buyout"", ""kills"": false, ""reason"": ""cascade already stopped"", ""state"": ""NOT_APPLICABLE"", ""value"": ""\u2014""}]",[],"{""above_ema9"": false, ""above_vwap"": true, ""buyout_announced"": false, ""catalyst_source_ok"": true, ""catalyst_today"": false, ""change_pct"": 59.308761981909, ""feed_stale"": false, ""float_is_shares_outstanding"": false, ""float_shares"": 4380000.0, ""float_verified"": true, ""halted"": false, ""in_session_window"": true, ""is_fund_or_etf"": null, ""last"": 1.18, ""live_theme"": false, ""macd_positive_and_above_signal"": false, ""penny_theme"": false, ""premarket_volume"": null, ""prev_close"": null, ""rvol"": 0.9661271371700023, ""session_high"": 1.41, ""session_volume"": 37359031.0, ""split_ratio_clean_integer"": null, ""symbol"": ""NCPL"", ""tick_size"": null}",1.19,1.16,1.25,0.03,2.0,3,1,SUPPRESSED,,,2026-09-21T13:53:59+00:00,f8b3736c1218,d58633e,,,,1.19,4.6667,-6.0,1,1,stop,1,2026-09-21T12:55:00Z,1.33,1.16,1.0794
8637a6009b475b20,2026-09-21T08:55:00-04:00,premarket,GRML,pullback,ibkr-GRML-GLND-CRML,IBKR · TWS read-only · live,live,1m,7.07,,,8.2,39444805.0,61.55689382487434,148.0701754385965,2870000.0,verified,finviz via premarket_stars.py,0,0,WAIT,,1,"[{""id"": ""price"", ""kills"": true, ""reason"": ""$7.07 is outside $2.00\u201320.00."", ""state"": ""PASS"", ""value"": ""$7.07  band $2.00\u201320.00""}, {""id"": ""float"", ""kills"": false, ""reason"": """", ""state"": ""PASS"", ""value"": ""2.9M (verified)""}, {""id"": ""catalyst"", ""kills"": false, ""reason"": ""No catalyst dated today and no live theme it belongs to."", ""state"": ""FAIL"", ""value"": ""none""}, {""id"": ""pillars"", ""kills"": true, ""reason"": ""Only 4 of the Five Pillars pass (need 4); missing catalyst."", ""state"": ""PASS"", ""value"": ""4/5 \u2014 missing catalyst""}, {""id"": ""rising"", ""kills"": true, ""reason"": ""13.8% off the high \u2014 back side of the move."", ""state"": ""PASS"", ""value"": ""13.8% off 8.20""}, {""id"": ""split"", ""kills"": false, ""reason"": """", ""state"": ""PASS"", ""value"": ""gap is not arithmetic""}, {""id"": ""instrument"", ""kills"": false, ""reason"": """", ""state"": ""UNKNOWN"", ""value"": ""\u2014""}, {""id"": ""tick"", ""kills"": false, ""reason"": """", ""state"": ""UNKNOWN"", ""value"": ""\u2014""}, {""id"": ""buyout"", ""kills"": true, ""reason"": ""Acquisition announced \u2014 the price is pinned and volatility is gone."", ""state"": ""PASS"", ""value"": ""none""}, {""id"": ""vwap"", ""kills"": false, ""reason"": """", ""state"": ""PASS"", ""value"": ""yes""}, {""id"": ""ema9"", ""kills"": false, ""reason"": """", ""state"": ""PASS"", ""value"": ""yes""}, {""id"": ""macd"", ""kills"": false, ""reason"": """", ""state"": ""FAIL"", ""value"": ""no""}, {""id"": ""tape"", ""kills"": false, ""reason"": ""No tape and no book in this tool."", ""state"": ""MANUAL_CONFIRMATION_REQUIRED"", ""value"": ""your eyes""}]","[""No catalyst dated today and no live theme (A2: flagged, not killed; the read-out splits this cohort)."", ""Instrument type unknown \u2014 ADRs are fine, funds are not.""]","{""above_ema9"": true, ""above_vwap"": true, ""buyout_announced"": false, ""catalyst_source_ok"": true, ""catalyst_today"": false, ""change_pct"": 148.0701754385965, ""feed_stale"": false, ""float_is_shares_outstanding"": false, ""float_shares"": 2870000.0, ""float_verified"": true, ""halted"": false, ""in_session_window"": true, ""is_fund_or_etf"": null, ""last"": 7.07, ""live_theme"": false, ""macd_positive_and_above_signal"": false, ""penny_theme"": false, ""premarket_volume"": null, ""prev_close"": null, ""rvol"": 61.55689382487434, ""session_high"": 8.2, ""session_volume"": 39444805.0, ""split_ratio_clean_integer"": null, ""symbol"": ""GRML"", ""tick_size"": null}",7.08,6.97,7.3,0.11,2.0,1,1,REFUSED,"[""pre-market entry not allowed: phase B \u2014 pre-market entries start in phase C"", ""Layer 2 not green: verdict WAIT \u2014 chart gates must all be true at entry""]",2026-09-21T12:55:31+00:00,2026-09-21T12:55:28+00:00,f8b3736c1218,2779710,,,,7.08,41.8182,-4.0909,1,1,stop,1,2026-09-21T13:00:00Z,7.49,6.67,10.76
3f1f78a67fc0eca4,2026-09-21T08:55:00-04:00,premarket,NCPL,pullback,ibkr-GRML-VEEE-SPRU,IBKR · TWS read-only · live,live-backfill,1m,1.2015,,,1.41,37517964.0,0.9702372406759482,62.211421628189555,4380000.0,verified,finviz via premarket_stars.py,0,0,REJECT,price,0,"[{""id"": ""price"", ""kills"": true, ""reason"": ""$1.20 is outside $2.00\u201320.00."", ""state"": ""FAIL"", ""value"": ""$1.20  band $2.00\u201320.00""}, {""id"": ""float"", ""kills"": false, ""reason"": ""cascade already stopped"", ""state"": ""NOT_APPLICABLE"", ""value"": ""\u2014""}, {""id"": ""catalyst"", ""kills"": false, ""reason"": ""cascade already stopped"", ""state"": ""NOT_APPLICABLE"", ""value"": ""\u2014""}, {""id"": ""pillars"", ""kills"": false, ""reason"": ""cascade already stopped"", ""state"": ""NOT_APPLICABLE"", ""value"": ""\u2014""}, {""id"": ""rising"", ""kills"": false, ""reason"": ""cascade already stopped"", ""state"": ""NOT_APPLICABLE"", ""value"": ""\u2014""}, {""id"": ""split"", ""kills"": false, ""reason"": ""cascade already stopped"", ""state"": ""NOT_APPLICABLE"", ""value"": ""\u2014""}, {""id"": ""instrument"", ""kills"": false, ""reason"": ""cascade already stopped"", ""state"": ""NOT_APPLICABLE"", ""value"": ""\u2014""}, {""id"": ""tick"", ""kills"": false, ""reason"": ""cascade already stopped"", ""state"": ""NOT_APPLICABLE"", ""value"": ""\u2014""}, {""id"": ""buyout"", ""kills"": false, ""reason"": ""cascade already stopped"", ""state"": ""NOT_APPLICABLE"", ""value"": ""\u2014""}]",[],"{""above_ema9"": false, ""above_vwap"": true, ""buyout_announced"": false, ""catalyst_source_ok"": true, ""catalyst_today"": false, ""change_pct"": 62.211421628189555, ""feed_stale"": false, ""float_is_shares_outstanding"": false, ""float_shares"": 4380000.0, ""float_verified"": true, ""halted"": false, ""in_session_window"": true, ""is_fund_or_etf"": null, ""last"": 1.2015, ""live_theme"": false, ""macd_positive_and_above_signal"": false, ""penny_theme"": false, ""premarket_volume"": null, ""prev_close"": null, ""rvol"": 0.9702372406759482, ""session_high"": 1.41, ""session_volume"": 37517964.0, ""split_ratio_clean_integer"": null, ""symbol"": ""NCPL"", ""tick_size"": null}",1.21,1.15,1.33,0.06,2.0,4,1,SUPPRESSED,,,2026-09-21T13:30:52+00:00,f8b3736c1218,cd97b8f,,,,1.21,2.0,-3.3333,1,1,target,1,2026-09-21T12:56:00Z,1.33,1.16,1.0794
f95e6a1a9188b8ec,2026-09-21T08:59:00-04:00,premarket,CPOP,pullback,ibkr-GRML-VEEE-GLND,IBKR · TWS read-only · live,live-backfill,1m,4.37,,,4.64,22032.0,0.16766855324229976,6.326034063260333,,unknown,EDGAR has no shares-outstanding figure for this registrant,0,0,REJECT,pillars,0,"[{""id"": ""price"", ""kills"": true, ""reason"": ""$4.37 is outside $2.00\u201320.00."", ""state"": ""PASS"", ""value"": ""$4.37  band $2.00\u201320.00""}, {""id"": ""float"", ""kills"": false, ""reason"": ""Float unknown; the cascade fails closed."", ""state"": ""UNKNOWN"", ""value"": ""unknown""}, {""id"": ""catalyst"", ""kills"": false, ""reason"": ""No catalyst dated today and no live theme it belongs to."", ""state"": ""FAIL"", ""value"": ""none""}, {""id"": ""pillars"", ""kills"": true, ""reason"": ""Only 1 of the Five Pillars pass (need 4); missing gain, rvol, float, catalyst."", ""state"": ""FAIL"", ""value"": ""1/5 \u2014 missing gain, rvol, float, catalyst""}, {""id"": ""rising"", ""kills"": false, ""reason"": ""cascade already stopped"", ""state"": ""NOT_APPLICABLE"", ""value"": ""\u2014""}, {""id"": ""split"", ""kills"": false, ""reason"": ""cascade already stopped"", ""state"": ""NOT_APPLICABLE"", ""value"": ""\u2014""}, {""id"": ""instrument"", ""kills"": false, ""reason"": ""cascade already stopped"", ""state"": ""NOT_APPLICABLE"", ""value"": ""\u2014""}, {""id"": ""tick"", ""kills"": false, ""reason"": ""cascade already stopped"", ""state"": ""NOT_APPLICABLE"", ""value"": ""\u2014""}, {""id"": ""buyout"", ""kills"": false, ""reason"": ""cascade already stopped"", ""state"": ""NOT_APPLICABLE"", ""value"": ""\u2014""}]","[""No catalyst dated today and no live theme (A2: flagged, not killed; the read-out splits this cohort).""]","{""above_ema9"": true, ""above_vwap"": true, ""buyout_announced"": false, ""catalyst_source_ok"": true, ""catalyst_today"": false, ""change_pct"": 6.326034063260333, ""feed_stale"": false, ""float_is_shares_outstanding"": false, ""float_shares"": null, ""float_verified"": false, ""halted"": false, ""in_session_window"": true, ""is_fund_or_etf"": null, ""last"": 4.37, ""live_theme"": false, ""macd_positive_and_above_signal"": true, ""penny_theme"": false, ""premarket_volume"": null, ""prev_close"": null, ""rvol"": 0.16766855324229976, ""session_high"": 4.64, ""session_volume"": 22032.0, ""split_ratio_clean_integer"": null, ""symbol"": ""CPOP"", ""tick_size"": null}",4.37,4.35,4.41,0.02,2.0,2,1,SUPPRESSED,,,2026-09-21T13:53:59+00:00,f8b3736c1218,d58633e,,,,4.37,117.0,-3.5,1,1,target,1,2026-09-21T13:00:00Z,4.7,4.42,4.46
b79fff6db03ddfa5,2026-09-21T09:00:00-04:00,premarket,CRML,pullback,ibkr-GRML-GLND-CRML,IBKR · TWS read-only · live,live,1m,8.61,,,9.26,4504421.0,36.47511194966516,27.934621099554224,82510000.0,verified,finviz via premarket_stars.py,0,0,REJECT,pillars,0,"[{""id"": ""price"", ""kills"": true, ""reason"": ""$8.61 is outside $2.00\u201320.00."", ""state"": ""PASS"", ""value"": ""$8.61  band $2.00\u201320.00""}, {""id"": ""float"", ""kills"": false, ""reason"": ""Float 82.5M is over the 20M cap."", ""state"": ""FAIL"", ""value"": ""82.5M""}, {""id"": ""catalyst"", ""kills"": false, ""reason"": ""No catalyst dated today and no live theme it belongs to."", ""state"": ""FAIL"", ""value"": ""none""}, {""id"": ""pillars"", ""kills"": true, ""reason"": ""Only 3 of the Five Pillars pass (need 4); missing float, catalyst."", ""state"": ""FAIL"", ""value"": ""3/5 \u2014 missing float, catalyst""}, {""id"": ""rising"", ""kills"": false, ""reason"": ""cascade already stopped"", ""state"": ""NOT_APPLICABLE"", ""value"": ""\u2014""}, {""id"": ""split"", ""kills"": false, ""reason"": ""cascade already stopped"", ""state"": ""NOT_APPLICABLE"", ""value"": ""\u2014""}, {""id"": ""instrument"", ""kills"": false, ""reason"": ""cascade already stopped"", ""state"": ""NOT_APPLICABLE"", ""value"": ""\u2014""}, {""id"": ""tick"", ""kills"": false, ""reason"": ""cascade already stopped"", ""state"": ""NOT_APPLICABLE"", ""value"": ""\u2014""}, {""id"": ""buyout"", ""kills"": false, ""reason"": ""cascade already stopped"", ""state"": ""NOT_APPLICABLE"", ""value"": ""\u2014""}]","[""Float 82.5M over the 20M cap (A5: flagged, not killed; the pillar count decides)."", ""No catalyst dated today and no live theme (A2: flagged, not killed; the read-out splits this cohort).""]","{""above_ema9"": false, ""above_vwap"": true, ""buyout_announced"": false, ""catalyst_source_ok"": true, ""catalyst_today"": false, ""change_pct"": 27.934621099554224, ""feed_stale"": false, ""float_is_shares_outstanding"": false, ""float_shares"": 82510000.0, ""float_verified"": true, ""halted"": false, ""in_session_window"": true, ""is_fund_or_etf"": null, ""last"": 8.61, ""live_theme"": false, ""macd_positive_and_above_signal"": true, ""penny_theme"": false, ""premarket_volume"": null, ""prev_close"": null, ""rvol"": 36.47511194966516, ""session_high"": 9.26, ""session_volume"": 4504421.0, ""split_ratio_clean_integer"": null, ""symbol"": ""CRML"", ""tick_size"": null}",8.7,8.63,8.84,0.07,2.0,2,1,SUPPRESSED,,,2026-09-21T13:12:37+00:00,f8b3736c1218,2779710,,,,8.7,13.4286,-1.8557,1,1,target,1,2026-09-21T13:22:00Z,8.87,8.498,9.215
96d2eee2ef1dada8,2026-09-21T09:04:00-04:00,premarket,CPOP,pullback,ibkr-GRML-VEEE-GLND,IBKR · TWS read-only · live,live-backfill,1m,4.49,,,4.7,26938.0,0.2050043340251031,9.245742092457409,,unknown,EDGAR has no shares-outstanding figure for this registrant,0,0,REJECT,pillars,0,"[{""id"": ""price"", ""kills"": true, ""reason"": ""$4.49 is outside $2.00\u201320.00."", ""state"": ""PASS"", ""value"": ""$4.49  band $2.00\u201320.00""}, {""id"": ""float"", ""kills"": false, ""reason"": ""Float unknown; the cascade fails closed."", ""state"": ""UNKNOWN"", ""value"": ""unknown""}, {""id"": ""catalyst"", ""kills"": false, ""reason"": ""No catalyst dated today and no live theme it belongs to."", ""state"": ""FAIL"", ""value"": ""none""}, {""id"": ""pillars"", ""kills"": true, ""reason"": ""Only 1 of the Five Pillars pass (need 4); missing gain, rvol, float, catalyst."", ""state"": ""FAIL"", ""value"": ""1/5 \u2014 missing gain, rvol, float, catalyst""}, {""id"": ""rising"", ""kills"": false, ""reason"": ""cascade already stopped"", ""state"": ""NOT_APPLICABLE"", ""value"": ""\u2014""}, {""id"": ""split"", ""kills"": false, ""reason"": ""cascade already stopped"", ""state"": ""NOT_APPLICABLE"", ""value"": ""\u2014""}, {""id"": ""instrument"", ""kills"": false, ""reason"": ""cascade already stopped"", ""state"": ""NOT_APPLICABLE"", ""value"": ""\u2014""}, {""id"": ""tick"", ""kills"": false, ""reason"": ""cascade already stopped"", ""state"": ""NOT_APPLICABLE"", ""value"": ""\u2014""}, {""id"": ""buyout"", ""kills"": false, ""reason"": ""cascade already stopped"", ""state"": ""NOT_APPLICABLE"", ""value"": ""\u2014""}]","[""No catalyst dated today and no live theme (A2: flagged, not killed; the read-out splits this cohort).""]","{""above_ema9"": true, ""above_vwap"": true, ""buyout_announced"": false, ""catalyst_source_ok"": true, ""catalyst_today"": false, ""change_pct"": 9.245742092457409, ""feed_stale"": false, ""float_is_shares_outstanding"": false, ""float_shares"": null, ""float_verified"": false, ""halted"": false, ""in_session_window"": true, ""is_fund_or_etf"": null, ""last"": 4.49, ""live_theme"": false, ""macd_positive_and_above_signal"": true, ""penny_theme"": false, ""premarket_volume"": null, ""prev_close"": null, ""rvol"": 0.2050043340251031, ""session_high"": 4.7, ""session_volume"": 26938.0, ""split_ratio_clean_integer"": null, ""symbol"": ""CPOP"", ""tick_size"": null}",4.44,4.42,4.48,0.02,2.0,1,1,SUPPRESSED,,,2026-09-21T14:15:46+00:00,be76eab7370f,cc8fae7,,,,4.44,113.5,-7.0,1,1,target,1,2026-09-21T13:05:00Z,5.3,4.48,4.46
51fe53dd5bca3059,2026-09-21T09:06:00-04:00,premarket,VEEE,pullback,ibkr-GRML-GLND-CRML,IBKR · TWS read-only · live,live,1m,14.97,,,15.63,2105031.0,232.43445279331303,74.47552447552448,574502.0,shares_outstanding_proxy,SEC shares outstanding (upper bound),0,0,REVIEW,,1,"[{""id"": ""price"", ""kills"": true, ""reason"": ""$14.97 is outside $2.00\u201320.00."", ""state"": ""PASS"", ""value"": ""$14.97  band $2.00\u201320.00""}, {""id"": ""float"", ""kills"": false, ""reason"": """", ""state"": ""PASS"", ""value"": ""0.6M (SO upper bound)""}, {""id"": ""catalyst"", ""kills"": false, ""reason"": ""No catalyst dated today and no live theme it belongs to."", ""state"": ""FAIL"", ""value"": ""none""}, {""id"": ""pillars"", ""kills"": true, ""reason"": ""Only 4 of the Five Pillars pass (need 4); missing catalyst."", ""state"": ""PASS"", ""value"": ""4/5 \u2014 missing catalyst""}, {""id"": ""rising"", ""kills"": true, ""reason"": ""4.2% off the high \u2014 back side of the move."", ""state"": ""PASS"", ""value"": ""4.2% off 15.63""}, {""id"": ""split"", ""kills"": false, ""reason"": """", ""state"": ""PASS"", ""value"": ""gap is not arithmetic""}, {""id"": ""instrument"", ""kills"": false, ""reason"": """", ""state"": ""UNKNOWN"", ""value"": ""\u2014""}, {""id"": ""tick"", ""kills"": false, ""reason"": """", ""state"": ""UNKNOWN"", ""value"": ""\u2014""}, {""id"": ""buyout"", ""kills"": true, ""reason"": ""Acquisition announced \u2014 the price is pinned and volatility is gone."", ""state"": ""PASS"", ""value"": ""none""}, {""id"": ""vwap"", ""kills"": false, ""reason"": """", ""state"": ""PASS"", ""value"": ""yes""}, {""id"": ""ema9"", ""kills"": false, ""reason"": """", ""state"": ""PASS"", ""value"": ""yes""}, {""id"": ""macd"", ""kills"": false, ""reason"": """", ""state"": ""PASS"", ""value"": ""yes""}, {""id"": ""tape"", ""kills"": false, ""reason"": ""No tape and no book in this tool."", ""state"": ""MANUAL_CONFIRMATION_REQUIRED"", ""value"": ""your eyes""}]","[""No catalyst dated today and no live theme (A2: flagged, not killed; the read-out splits this cohort)."", ""Instrument type unknown \u2014 ADRs are fine, funds are not.""]","{""above_ema9"": true, ""above_vwap"": true, ""buyout_announced"": false, ""catalyst_source_ok"": true, ""catalyst_today"": false, ""change_pct"": 74.47552447552448, ""feed_stale"": false, ""float_is_shares_outstanding"": true, ""float_shares"": 574502, ""float_verified"": false, ""halted"": false, ""in_session_window"": true, ""is_fund_or_etf"": null, ""last"": 14.97, ""live_theme"": false, ""macd_positive_and_above_signal"": true, ""penny_theme"": false, ""premarket_volume"": null, ""prev_close"": null, ""rvol"": 232.43445279331303, ""session_high"": 15.63, ""session_volume"": 2105031.0, ""split_ratio_clean_integer"": null, ""symbol"": ""VEEE"", ""tick_size"": null}",15.09,14.69,15.89,0.4,2.0,1,1,REFUSED,"[""decision is 400s old; a stale plan is not the trade the cascade reviewed"", ""pre-market entry not allowed: phase B \u2014 pre-market entries start in phase C""]",2026-09-21T13:12:39+00:00,2026-09-21T13:12:37+00:00,f8b3736c1218,2779710,,,,15.09,19.4,-4.2,1,1,stop,1,2026-09-21T13:07:00Z,16.32,13.41,17.58
f87d314ed1849372,2026-09-21T09:08:00-04:00,premarket,GRML,pullback,ibkr-GRML-GLND-CRML,IBKR · TWS read-only · live,live,1m,7.05,,,8.2,41701029.0,65.07791874090911,147.36842105263156,2870000.0,verified,finviz via premarket_stars.py,0,0,REVIEW,,1,"[{""id"": ""price"", ""kills"": true, ""reason"": ""$7.05 is outside $2.00\u201320.00."", ""state"": ""PASS"", ""value"": ""$7.05  band $2.00\u201320.00""}, {""id"": ""float"", ""kills"": false, ""reason"": """", ""state"": ""PASS"", ""value"": ""2.9M (verified)""}, {""id"": ""catalyst"", ""kills"": false, ""reason"": ""No catalyst dated today and no live theme it belongs to."", ""state"": ""FAIL"", ""value"": ""none""}, {""id"": ""pillars"", ""kills"": true, ""reason"": ""Only 4 of the Five Pillars pass (need 4); missing catalyst."", ""state"": ""PASS"", ""value"": ""4/5 \u2014 missing catalyst""}, {""id"": ""rising"", ""kills"": true, ""reason"": ""14.0% off the high \u2014 back side of the move."", ""state"": ""PASS"", ""value"": ""14.0% off 8.20""}, {""id"": ""split"", ""kills"": false, ""reason"": """", ""state"": ""PASS"", ""value"": ""gap is not arithmetic""}, {""id"": ""instrument"", ""kills"": false, ""reason"": """", ""state"": ""UNKNOWN"", ""value"": ""\u2014""}, {""id"": ""tick"", ""kills"": false, ""reason"": """", ""state"": ""UNKNOWN"", ""value"": ""\u2014""}, {""id"": ""buyout"", ""kills"": true, ""reason"": ""Acquisition announced \u2014 the price is pinned and volatility is gone."", ""state"": ""PASS"", ""value"": ""none""}, {""id"": ""vwap"", ""kills"": false, ""reason"": """", ""state"": ""PASS"", ""value"": ""yes""}, {""id"": ""ema9"", ""kills"": false, ""reason"": """", ""state"": ""PASS"", ""value"": ""yes""}, {""id"": ""macd"", ""kills"": false, ""reason"": """", ""state"": ""PASS"", ""value"": ""yes""}, {""id"": ""tape"", ""kills"": false, ""reason"": ""No tape and no book in this tool."", ""state"": ""MANUAL_CONFIRMATION_REQUIRED"", ""value"": ""your eyes""}]","[""No catalyst dated today and no live theme (A2: flagged, not killed; the read-out splits this cohort)."", ""Instrument type unknown \u2014 ADRs are fine, funds are not.""]","{""above_ema9"": true, ""above_vwap"": true, ""buyout_announced"": false, ""catalyst_source_ok"": true, ""catalyst_today"": false, ""change_pct"": 147.36842105263156, ""feed_stale"": false, ""float_is_shares_outstanding"": false, ""float_shares"": 2870000.0, ""float_verified"": true, ""halted"": false, ""in_session_window"": true, ""is_fund_or_etf"": null, ""last"": 7.05, ""live_theme"": false, ""macd_positive_and_above_signal"": true, ""penny_theme"": false, ""premarket_volume"": null, ""prev_close"": null, ""rvol"": 65.07791874090911, ""session_high"": 8.2, ""session_volume"": 41701029.0, ""split_ratio_clean_integer"": null, ""symbol"": ""GRML"", ""tick_size"": null}",7.04,6.91,7.3,0.13,2.0,2,1,REFUSED,"[""decision is 280s old; a stale plan is not the trade the cascade reviewed"", ""pre-market entry not allowed: phase B \u2014 pre-market entries start in phase C""]",2026-09-21T13:12:39+00:00,2026-09-21T13:12:37+00:00,f8b3736c1218,2779710,,,,7.04,35.6923,-3.1538,1,1,target,1,2026-09-21T13:09:00Z,7.9,6.88,10.76
4c66505447a3eb92,2026-09-21T09:08:00-04:00,premarket,CPOP,pullback,ibkr-GRML-VEEE-GLND,IBKR · TWS read-only · live,live-backfill,1m,4.49,,,4.7,27463.0,0.20899970396211323,9.245742092457409,,unknown,EDGAR has no shares-outstanding figure for this registrant,0,0,REJECT,pillars,0,"[{""id"": ""price"", ""kills"": true, ""reason"": ""$4.49 is outside $2.00\u201320.00."", ""state"": ""PASS"", ""value"": ""$4.49  band $2.00\u201320.00""}, {""id"": ""float"", ""kills"": false, ""reason"": ""Float unknown; the cascade fails closed."", ""state"": ""UNKNOWN"", ""value"": ""unknown""}, {""id"": ""catalyst"", ""kills"": false, ""reason"": ""No catalyst dated today and no live theme it belongs to."", ""state"": ""FAIL"", ""value"": ""none""}, {""id"": ""pillars"", ""kills"": true, ""reason"": ""Only 1 of the Five Pillars pass (need 4); missing gain, rvol, float, catalyst."", ""state"": ""FAIL"", ""value"": ""1/5 \u2014 missing gain, rvol, float, catalyst""}, {""id"": ""rising"", ""kills"": false, ""reason"": ""cascade already stopped"", ""state"": ""NOT_APPLICABLE"", ""value"": ""\u2014""}, {""id"": ""split"", ""kills"": false, ""reason"": ""cascade already stopped"", ""state"": ""NOT_APPLICABLE"", ""value"": ""\u2014""}, {""id"": ""instrument"", ""kills"": false, ""reason"": ""cascade already stopped"", ""state"": ""NOT_APPLICABLE"", ""value"": ""\u2014""}, {""id"": ""tick"", ""kills"": false, ""reason"": ""cascade already stopped"", ""state"": ""NOT_APPLICABLE"", ""value"": ""\u2014""}, {""id"": ""buyout"", ""kills"": false, ""reason"": ""cascade already stopped"", ""state"": ""NOT_APPLICABLE"", ""value"": ""\u2014""}]","[""No catalyst dated today and no live theme (A2: flagged, not killed; the read-out splits this cohort).""]","{""above_ema9"": true, ""above_vwap"": true, ""buyout_announced"": false, ""catalyst_source_ok"": true, ""catalyst_today"": false, ""change_pct"": 9.245742092457409, ""feed_stale"": false, ""float_is_shares_outstanding"": false, ""float_shares"": null, ""float_verified"": false, ""halted"": false, ""in_session_window"": true, ""is_fund_or_etf"": null, ""last"": 4.49, ""live_theme"": false, ""macd_positive_and_above_signal"": false, ""penny_theme"": false, ""premarket_volume"": null, ""prev_close"": null, ""rvol"": 0.20899970396211323, ""session_high"": 4.7, ""session_volume"": 27463.0, ""split_ratio_clean_integer"": null, ""symbol"": ""CPOP"", ""tick_size"": null}",4.49,4.47,4.53,0.02,2.0,2,1,SUPPRESSED,,,2026-09-21T13:53:59+00:00,f8b3736c1218,d58633e,,,,4.49,111.0,-9.5,1,1,target,1,2026-09-21T13:09:00Z,5.45,4.48,4.46
4f104fd99fca98a1,2026-09-21T09:10:00-04:00,premarket,GLND,pullback,ibkr-GRML-GLND-CRML,IBKR · TWS read-only · live,live,1m,2.9999,,,3.72,49713281.0,4356.610375953028,149.99166666666665,27320000.0,verified,finviz via premarket_stars.py,1,0,WAIT,,1,"[{""id"": ""price"", ""kills"": true, ""reason"": ""$3.00 is outside $2.00\u201320.00."", ""state"": ""PASS"", ""value"": ""$3.00  band $2.00\u201320.00""}, {""id"": ""float"", ""kills"": false, ""reason"": ""Float 27.3M is over the 20M cap."", ""state"": ""FAIL"", ""value"": ""27.3M""}, {""id"": ""catalyst"", ""kills"": false, ""reason"": """", ""state"": ""PASS"", ""value"": ""news today""}, {""id"": ""pillars"", ""kills"": true, ""reason"": ""Only 4 of the Five Pillars pass (need 4); missing float."", ""state"": ""PASS"", ""value"": ""4/5 \u2014 missing float""}, {""id"": ""rising"", ""kills"": true, ""reason"": ""19.4% off the high \u2014 back side of the move."", ""state"": ""PASS"", ""value"": ""19.4% off 3.72""}, {""id"": ""split"", ""kills"": false, ""reason"": """", ""state"": ""PASS"", ""value"": ""gap is not arithmetic""}, {""id"": ""instrument"", ""kills"": false, ""reason"": """", ""state"": ""UNKNOWN"", ""value"": ""\u2014""}, {""id"": ""tick"", ""kills"": false, ""reason"": """", ""state"": ""UNKNOWN"", ""value"": ""\u2014""}, {""id"": ""buyout"", ""kills"": true, ""reason"": ""Acquisition announced \u2014 the price is pinned and volatility is gone."", ""state"": ""PASS"", ""value"": ""none""}, {""id"": ""vwap"", ""kills"": false, ""reason"": """", ""state"": ""FAIL"", ""value"": ""no""}, {""id"": ""ema9"", ""kills"": false, ""reason"": """", ""state"": ""PASS"", ""value"": ""yes""}, {""id"": ""macd"", ""kills"": false, ""reason"": """", ""state"": ""PASS"", ""value"": ""yes""}, {""id"": ""tape"", ""kills"": false, ""reason"": ""No tape and no book in this tool."", ""state"": ""MANUAL_CONFIRMATION_REQUIRED"", ""value"": ""your eyes""}]","[""Float 27.3M over the 20M cap (A5: flagged, not killed; the pillar count decides)."", ""Instrument type unknown \u2014 ADRs are fine, funds are not.""]","{""above_ema9"": true, ""above_vwap"": false, ""buyout_announced"": false, ""catalyst_source_ok"": true, ""catalyst_today"": true, ""change_pct"": 149.99166666666665, ""feed_stale"": false, ""float_is_shares_outstanding"": false, ""float_shares"": 27320000.0, ""float_verified"": true, ""halted"": false, ""in_session_window"": true, ""is_fund_or_etf"": null, ""last"": 2.9999, ""live_theme"": false, ""macd_positive_and_above_signal"": true, ""penny_theme"": false, ""premarket_volume"": null, ""prev_close"": null, ""rvol"": 4356.610375953028, ""session_high"": 3.72, ""session_volume"": 49713281.0, ""split_ratio_clean_integer"": null, ""symbol"": ""GLND"", ""tick_size"": null}",3.0,2.94,3.12,0.06,2.0,2,0,REFUSED,"[""decision is 160s old; a stale plan is not the trade the cascade reviewed"", ""pre-market entry not allowed: phase B \u2014 pre-market entries start in phase C"", ""Layer 2 not green: pullback volume was not lighter than the impulse"", ""Layer 2 not green: verdict WAIT \u2014 chart gates must all be true at entry""]",2026-09-21T13:12:39+00:00,2026-09-21T13:12:37+00:00,f8b3736c1218,2779710,,,,3.0,6.5,-5.8333,1,1,stop,1,2026-09-21T13:11:00Z,3.12,2.71,3.12
13f4415d785cb8c6,2026-09-21T09:16:00-04:00,premarket,VEEE,pullback,ibkr-GRML-GLND-CRML,IBKR · TWS read-only · live,live,1m,14.51,,,15.63,2470747.0,272.816280109756,69.11421911421911,574502.0,shares_outstanding_proxy,SEC shares outstanding (upper bound),0,0,WAIT,,1,"[{""id"": ""price"", ""kills"": true, ""reason"": ""$14.51 is outside $2.00\u201320.00."", ""state"": ""PASS"", ""value"": ""$14.51  band $2.00\u201320.00""}, {""id"": ""float"", ""kills"": false, ""reason"": """", ""state"": ""PASS"", ""value"": ""0.6M (SO upper bound)""}, {""id"": ""catalyst"", ""kills"": false, ""reason"": ""No catalyst dated today and no live theme it belongs to."", ""state"": ""FAIL"", ""value"": ""none""}, {""id"": ""pillars"", ""kills"": true, ""reason"": ""Only 4 of the Five Pillars pass (need 4); missing catalyst."", ""state"": ""PASS"", ""value"": ""4/5 \u2014 missing catalyst""}, {""id"": ""rising"", ""kills"": true, ""reason"": ""7.2% off the high \u2014 back side of the move."", ""state"": ""PASS"", ""value"": ""7.2% off 15.63""}, {""id"": ""split"", ""kills"": false, ""reason"": """", ""state"": ""PASS"", ""value"": ""gap is not arithmetic""}, {""id"": ""instrument"", ""kills"": false, ""reason"": """", ""state"": ""UNKNOWN"", ""value"": ""\u2014""}, {""id"": ""tick"", ""kills"": false, ""reason"": """", ""state"": ""UNKNOWN"", ""value"": ""\u2014""}, {""id"": ""buyout"", ""kills"": true, ""reason"": ""Acquisition announced \u2014 the price is pinned and volatility is gone."", ""state"": ""PASS"", ""value"": ""none""}, {""id"": ""vwap"", ""kills"": false, ""reason"": """", ""state"": ""PASS"", ""value"": ""yes""}, {""id"": ""ema9"", ""kills"": false, ""reason"": """", ""state"": ""PASS"", ""value"": ""yes""}, {""id"": ""macd"", ""kills"": false, ""reason"": """", ""state"": ""FAIL"", ""value"": ""no""}, {""id"": ""tape"", ""kills"": false, ""reason"": ""No tape and no book in this tool."", ""state"": ""MANUAL_CONFIRMATION_REQUIRED"", ""value"": ""your eyes""}]","[""No catalyst dated today and no live theme (A2: flagged, not killed; the read-out splits this cohort)."", ""Instrument type unknown \u2014 ADRs are fine, funds are not.""]","{""above_ema9"": true, ""above_vwap"": true, ""buyout_announced"": false, ""catalyst_source_ok"": true, ""catalyst_today"": false, ""change_pct"": 69.11421911421911, ""feed_stale"": false, ""float_is_shares_outstanding"": true, ""float_shares"": 574502, ""float_verified"": false, ""halted"": false, ""in_session_window"": true, ""is_fund_or_etf"": null, ""last"": 14.51, ""live_theme"": false, ""macd_positive_and_above_signal"": false, ""penny_theme"": false, ""premarket_volume"": null, ""prev_close"": null, ""rvol"": 272.816280109756, ""session_high"": 15.63, ""session_volume"": 2470747.0, ""split_ratio_clean_integer"": null, ""symbol"": ""VEEE"", ""tick_size"": null}",14.54,14.05,15.52,0.49,2.0,2,1,REFUSED,"[""decision is 262s old; a stale plan is not the trade the cascade reviewed"", ""pre-market entry not allowed: phase B \u2014 pre-market entries start in phase C"", ""Layer 2 not green: verdict WAIT \u2014 chart gates must all be true at entry""]",2026-09-21T13:20:21+00:00,2026-09-21T13:20:18+00:00,f8b3736c1218,2779710,,,,14.54,16.9592,-1.7551,1,1,stop,1,2026-09-21T13:24:00Z,20.39,13.41,17.58
f790da303101d339,2026-09-21T09:18:00-04:00,premarket,GRML,pullback,ibkr-GRML-GLND-CRML,IBKR · TWS read-only · live,live,1m,7.44,,,8.2,43959792.0,68.60290597729055,161.05263157894737,2870000.0,verified,finviz via premarket_stars.py,0,0,REVIEW,,1,"[{""id"": ""price"", ""kills"": true, ""reason"": ""$7.44 is outside $2.00\u201320.00."", ""state"": ""PASS"", ""value"": ""$7.44  band $2.00\u201320.00""}, {""id"": ""float"", ""kills"": false, ""reason"": """", ""state"": ""PASS"", ""value"": ""2.9M (verified)""}, {""id"": ""catalyst"", ""kills"": false, ""reason"": ""No catalyst dated today and no live theme it belongs to."", ""state"": ""FAIL"", ""value"": ""none""}, {""id"": ""pillars"", ""kills"": true, ""reason"": ""Only 4 of the Five Pillars pass (need 4); missing catalyst."", ""state"": ""PASS"", ""value"": ""4/5 \u2014 missing catalyst""}, {""id"": ""rising"", ""kills"": true, ""reason"": ""9.3% off the high \u2014 back side of the move."", ""state"": ""PASS"", ""value"": ""9.3% off 8.20""}, {""id"": ""split"", ""kills"": false, ""reason"": """", ""state"": ""PASS"", ""value"": ""gap is not arithmetic""}, {""id"": ""instrument"", ""kills"": false, ""reason"": """", ""state"": ""UNKNOWN"", ""value"": ""\u2014""}, {""id"": ""tick"", ""kills"": false, ""reason"": """", ""state"": ""UNKNOWN"", ""value"": ""\u2014""}, {""id"": ""buyout"", ""kills"": true, ""reason"": ""Acquisition announced \u2014 the price is pinned and volatility is gone."", ""state"": ""PASS"", ""value"": ""none""}, {""id"": ""vwap"", ""kills"": false, ""reason"": """", ""state"": ""PASS"", ""value"": ""yes""}, {""id"": ""ema9"", ""kills"": false, ""reason"": """", ""state"": ""PASS"", ""value"": ""yes""}, {""id"": ""macd"", ""kills"": false, ""reason"": """", ""state"": ""PASS"", ""value"": ""yes""}, {""id"": ""tape"", ""kills"": false, ""reason"": ""No tape and no book in this tool."", ""state"": ""MANUAL_CONFIRMATION_REQUIRED"", ""value"": ""your eyes""}]","[""No catalyst dated today and no live theme (A2: flagged, not killed; the read-out splits this cohort)."", ""Instrument type unknown \u2014 ADRs are fine, funds are not.""]","{""above_ema9"": true, ""above_vwap"": true, ""buyout_announced"": false, ""catalyst_source_ok"": true, ""catalyst_today"": false, ""change_pct"": 161.05263157894737, ""feed_stale"": false, ""float_is_shares_outstanding"": false, ""float_shares"": 2870000.0, ""float_verified"": true, ""halted"": false, ""in_session_window"": true, ""is_fund_or_etf"": null, ""last"": 7.44, ""live_theme"": false, ""macd_positive_and_above_signal"": true, ""penny_theme"": false, ""premarket_volume"": null, ""prev_close"": null, ""rvol"": 68.60290597729055, ""session_high"": 8.2, ""session_volume"": 43959792.0, ""split_ratio_clean_integer"": null, ""symbol"": ""GRML"", ""tick_size"": null}",7.36,7.21,7.66,0.15,2.0,1,1,REFUSED,"[""decision is 142s old; a stale plan is not the trade the cascade reviewed"", ""pre-market entry not allowed: phase B \u2014 pre-market entries start in phase C""]",2026-09-21T13:20:21+00:00,2026-09-21T13:20:18+00:00,f8b3736c1218,2779710,,,,7.36,28.8,-4.8667,1,1,stop,1,2026-09-21T13:19:00Z,7.9,6.77,10.76
c8264a287e6faf6a,2026-09-21T09:19:00-04:00,premarket,NCPL,pullback,ibkr-GRML-VEEE-GLND,IBKR · TWS read-only · live,live-backfill,1m,1.24,,,1.41,45951058.0,1.188322152024573,67.40920750641284,4380000.0,verified,finviz via premarket_stars.py,0,0,REJECT,price,0,"[{""id"": ""price"", ""kills"": true, ""reason"": ""$1.24 is outside $2.00\u201320.00."", ""state"": ""FAIL"", ""value"": ""$1.24  band $2.00\u201320.00""}, {""id"": ""float"", ""kills"": false, ""reason"": ""cascade already stopped"", ""state"": ""NOT_APPLICABLE"", ""value"": ""\u2014""}, {""id"": ""catalyst"", ""kills"": false, ""reason"": ""cascade already stopped"", ""state"": ""NOT_APPLICABLE"", ""value"": ""\u2014""}, {""id"": ""pillars"", ""kills"": false, ""reason"": ""cascade already stopped"", ""state"": ""NOT_APPLICABLE"", ""value"": ""\u2014""}, {""id"": ""rising"", ""kills"": false, ""reason"": ""cascade already stopped"", ""state"": ""NOT_APPLICABLE"", ""value"": ""\u2014""}, {""id"": ""split"", ""kills"": false, ""reason"": ""cascade already stopped"", ""state"": ""NOT_APPLICABLE"", ""value"": ""\u2014""}, {""id"": ""instrument"", ""kills"": false, ""reason"": ""cascade already stopped"", ""state"": ""NOT_APPLICABLE"", ""value"": ""\u2014""}, {""id"": ""tick"", ""kills"": false, ""reason"": ""cascade already stopped"", ""state"": ""NOT_APPLICABLE"", ""value"": ""\u2014""}, {""id"": ""buyout"", ""kills"": false, ""reason"": ""cascade already stopped"", ""state"": ""NOT_APPLICABLE"", ""value"": ""\u2014""}]",[],"{""above_ema9"": true, ""above_vwap"": true, ""buyout_announced"": false, ""catalyst_source_ok"": true, ""catalyst_today"": false, ""change_pct"": 67.40920750641284, ""feed_stale"": false, ""float_is_shares_outstanding"": false, ""float_shares"": 4380000.0, ""float_verified"": true, ""halted"": false, ""in_session_window"": true, ""is_fund_or_etf"": null, ""last"": 1.24, ""live_theme"": false, ""macd_positive_and_above_signal"": true, ""penny_theme"": false, ""premarket_volume"": null, ""prev_close"": null, ""rvol"": 1.188322152024573, ""session_high"": 1.41, ""session_volume"": 45951058.0, ""split_ratio_clean_integer"": null, ""symbol"": ""NCPL"", ""tick_size"": null}",1.21,1.16,1.31,0.05,2.0,3,1,SUPPRESSED,,,2026-09-21T14:15:46+00:00,be76eab7370f,cc8fae7,,,,1.21,1.2,-4.0,1,0,stop,1,2026-09-21T13:20:00Z,1.27,1.1,1.0794
ceab33503c5eac11,2026-09-21T09:23:00-04:00,premarket,SVRN,pullback,ibkr-GRML-VEEE-SPRU,IBKR · TWS read-only · live,live-backfill,1m,25.96,,,25.99,34524.0,0.29953175388838615,27.75590551181102,7504982.0,shares_outstanding_proxy,SEC shares outstanding (upper bound),0,0,REJECT,price,0,"[{""id"": ""price"", ""kills"": true, ""reason"": ""$25.96 is outside $2.00\u201320.00."", ""state"": ""FAIL"", ""value"": ""$25.96  band $2.00\u201320.00""}, {""id"": ""float"", ""kills"": false, ""reason"": ""cascade already stopped"", ""state"": ""NOT_APPLICABLE"", ""value"": ""\u2014""}, {""id"": ""catalyst"", ""kills"": false, ""reason"": ""cascade already stopped"", ""state"": ""NOT_APPLICABLE"", ""value"": ""\u2014""}, {""id"": ""pillars"", ""kills"": false, ""reason"": ""cascade already stopped"", ""state"": ""NOT_APPLICABLE"", ""value"": ""\u2014""}, {""id"": ""rising"", ""kills"": false, ""reason"": ""cascade already stopped"", ""state"": ""NOT_APPLICABLE"", ""value"": ""\u2014""}, {""id"": ""split"", ""kills"": false, ""reason"": ""cascade already stopped"", ""state"": ""NOT_APPLICABLE"", ""value"": ""\u2014""}, {""id"": ""instrument"", ""kills"": false, ""reason"": ""cascade already stopped"", ""state"": ""NOT_APPLICABLE"", ""value"": ""\u2014""}, {""id"": ""tick"", ""kills"": false, ""reason"": ""cascade already stopped"", ""state"": ""NOT_APPLICABLE"", ""value"": ""\u2014""}, {""id"": ""buyout"", ""kills"": false, ""reason"": ""cascade already stopped"", ""state"": ""NOT_APPLICABLE"", ""value"": ""\u2014""}]",[],"{""above_ema9"": true, ""above_vwap"": true, ""buyout_announced"": false, ""catalyst_source_ok"": true, ""catalyst_today"": false, ""change_pct"": 27.75590551181102, ""feed_stale"": false, ""float_is_shares_outstanding"": true, ""float_shares"": 7504982, ""float_verified"": false, ""halted"": false, ""in_session_window"": true, ""is_fund_or_etf"": null, ""last"": 25.96, ""live_theme"": false, ""macd_positive_and_above_signal"": true, ""penny_theme"": false, ""premarket_volume"": null, ""prev_close"": null, ""rvol"": 0.29953175388838615, ""session_high"": 25.99, ""session_volume"": 34524.0, ""split_ratio_clean_integer"": null, ""symbol"": ""SVRN"", ""tick_size"": null}",25.96,25.89,26.1,0.07,2.0,3,1,SUPPRESSED,,,2026-09-21T13:30:52+00:00,f8b3736c1218,cd97b8f,,,,25.96,54.8571,-6.7143,1,1,stop,1,2026-09-21T13:24:00Z,29.8,25.49,25.61
963f282171830156,2026-09-21T09:25:00-04:00,premarket,GLND,pullback,ibkr-GRML-GLND-CRML,IBKR · TWS read-only · live,live,1m,3.07,,,3.72,52446147.0,3674.5005955300217,155.83333333333331,27320000.0,verified,finviz via premarket_stars.py,1,0,WAIT,,1,"[{""id"": ""price"", ""kills"": true, ""reason"": ""$3.07 is outside $2.00\u201320.00."", ""state"": ""PASS"", ""value"": ""$3.07  band $2.00\u201320.00""}, {""id"": ""float"", ""kills"": false, ""reason"": ""Float 27.3M is over the 20M cap."", ""state"": ""FAIL"", ""value"": ""27.3M""}, {""id"": ""catalyst"", ""kills"": false, ""reason"": """", ""state"": ""PASS"", ""value"": ""news today""}, {""id"": ""pillars"", ""kills"": true, ""reason"": ""Only 4 of the Five Pillars pass (need 4); missing float."", ""state"": ""PASS"", ""value"": ""4/5 \u2014 missing float""}, {""id"": ""rising"", ""kills"": true, ""reason"": ""17.5% off the high \u2014 back side of the move."", ""state"": ""PASS"", ""value"": ""17.5% off 3.72""}, {""id"": ""split"", ""kills"": false, ""reason"": """", ""state"": ""PASS"", ""value"": ""gap is not arithmetic""}, {""id"": ""instrument"", ""kills"": false, ""reason"": """", ""state"": ""UNKNOWN"", ""value"": ""\u2014""}, {""id"": ""tick"", ""kills"": false, ""reason"": """", ""state"": ""UNKNOWN"", ""value"": ""\u2014""}, {""id"": ""buyout"", ""kills"": true, ""reason"": ""Acquisition announced \u2014 the price is pinned and volatility is gone."", ""state"": ""PASS"", ""value"": ""none""}, {""id"": ""vwap"", ""kills"": false, ""reason"": """", ""state"": ""FAIL"", ""value"": ""no""}, {""id"": ""ema9"", ""kills"": false, ""reason"": """", ""state"": ""PASS"", ""value"": ""yes""}, {""id"": ""macd"", ""kills"": false, ""reason"": """", ""state"": ""PASS"", ""value"": ""yes""}, {""id"": ""tape"", ""kills"": false, ""reason"": ""No tape and no book in this tool."", ""state"": ""MANUAL_CONFIRMATION_REQUIRED"", ""value"": ""your eyes""}]","[""Float 27.3M over the 20M cap (A5: flagged, not killed; the pillar count decides)."", ""Instrument type unknown \u2014 ADRs are fine, funds are not.""]","{""above_ema9"": true, ""above_vwap"": false, ""buyout_announced"": false, ""catalyst_source_ok"": true, ""catalyst_today"": true, ""change_pct"": 155.83333333333331, ""feed_stale"": false, ""float_is_shares_outstanding"": false, ""float_shares"": 27320000.0, ""float_verified"": true, ""halted"": false, ""in_session_window"": true, ""is_fund_or_etf"": null, ""last"": 3.07, ""live_theme"": false, ""macd_positive_and_above_signal"": true, ""penny_theme"": false, ""premarket_volume"": null, ""prev_close"": null, ""rvol"": 3674.5005955300217, ""session_high"": 3.72, ""session_volume"": 52446147.0, ""split_ratio_clean_integer"": null, ""symbol"": ""GLND"", ""tick_size"": null}",3.1,3.01,3.28,0.09,2.0,2,0,REFUSED,"[""decision is 209s old; a stale plan is not the trade the cascade reviewed"", ""pre-market entry not allowed: phase B \u2014 pre-market entries start in phase C"", ""Layer 2 not green: pullback volume was not lighter than the impulse"", ""Layer 2 not green: verdict WAIT \u2014 chart gates must all be true at entry""]",2026-09-21T13:28:29+00:00,2026-09-21T13:28:27+00:00,f8b3736c1218,2779710,,,,3.1,3.2222,-1.6667,1,1,stop,1,2026-09-21T14:29:00Z,3.089,2.67,3.12
9feb3fd0df467099,2026-09-21T09:25:00-04:00,premarket,LOBO,pullback,ibkr-GRML-VEEE-GLND,IBKR · TWS read-only · live,live-backfill,1m,0.7115,,,0.7997,22583817.0,655.9704717948421,34.24528301886791,9320000.0,verified,finviz via premarket_stars.py,1,0,REJECT,price,0,"[{""id"": ""price"", ""kills"": true, ""reason"": ""$0.71 is outside $2.00\u201320.00."", ""state"": ""FAIL"", ""value"": ""$0.71  band $2.00\u201320.00""}, {""id"": ""float"", ""kills"": false, ""reason"": ""cascade already stopped"", ""state"": ""NOT_APPLICABLE"", ""value"": ""\u2014""}, {""id"": ""catalyst"", ""kills"": false, ""reason"": ""cascade already stopped"", ""state"": ""NOT_APPLICABLE"", ""value"": ""\u2014""}, {""id"": ""pillars"", ""kills"": false, ""reason"": ""cascade already stopped"", ""state"": ""NOT_APPLICABLE"", ""value"": ""\u2014""}, {""id"": ""rising"", ""kills"": false, ""reason"": ""cascade already stopped"", ""state"": ""NOT_APPLICABLE"", ""value"": ""\u2014""}, {""id"": ""split"", ""kills"": false, ""reason"": ""cascade already stopped"", ""state"": ""NOT_APPLICABLE"", ""value"": ""\u2014""}, {""id"": ""instrument"", ""kills"": false, ""reason"": ""cascade already stopped"", ""state"": ""NOT_APPLICABLE"", ""value"": ""\u2014""}, {""id"": ""tick"", ""kills"": false, ""reason"": ""cascade already stopped"", ""state"": ""NOT_APPLICABLE"", ""value"": ""\u2014""}, {""id"": ""buyout"", ""kills"": false, ""reason"": ""cascade already stopped"", ""state"": ""NOT_APPLICABLE"", ""value"": ""\u2014""}]",[],"{""above_ema9"": true, ""above_vwap"": true, ""buyout_announced"": false, ""catalyst_source_ok"": true, ""catalyst_today"": true, ""change_pct"": 34.24528301886791, ""feed_stale"": false, ""float_is_shares_outstanding"": false, ""float_shares"": 9320000.0, ""float_verified"": true, ""halted"": false, ""in_session_window"": true, ""is_fund_or_etf"": null, ""last"": 0.7115, ""live_theme"": false, ""macd_positive_and_above_signal"": true, ""penny_theme"": false, ""premarket_volume"": null, ""prev_close"": null, ""rvol"": 655.9704717948421, ""session_high"": 0.7997, ""session_volume"": 22583817.0, ""split_ratio_clean_integer"": null, ""symbol"": ""LOBO"", ""tick_size"": null}",0.719,0.6909,0.7752,0.0281,2.0,3,0,SUPPRESSED,,,2026-09-21T13:53:59+00:00,f8b3736c1218,d58633e,,,,0.719,20.3203,-1.3523,1,1,stop,1,2026-09-21T13:30:00Z,1.13,0.681,0.95
ee495ea6c16372e1,2026-09-21T09:28:00-04:00,premarket,GRML,pullback,ibkr-GRML-GLND-CRML,IBKR · TWS read-only · live,live,1m,7.36,,,8.2,45325131.0,70.73363086889441,158.24561403508773,2870000.0,verified,finviz via premarket_stars.py,0,0,WAIT,,1,"[{""id"": ""price"", ""kills"": true, ""reason"": ""$7.36 is outside $2.00\u201320.00."", ""state"": ""PASS"", ""value"": ""$7.36  band $2.00\u201320.00""}, {""id"": ""float"", ""kills"": false, ""reason"": """", ""state"": ""PASS"", ""value"": ""2.9M (verified)""}, {""id"": ""catalyst"", ""kills"": false, ""reason"": ""No catalyst dated today and no live theme it belongs to."", ""state"": ""FAIL"", ""value"": ""none""}, {""id"": ""pillars"", ""kills"": true, ""reason"": ""Only 4 of the Five Pillars pass (need 4); missing catalyst."", ""state"": ""PASS"", ""value"": ""4/5 \u2014 missing catalyst""}, {""id"": ""rising"", ""kills"": true, ""reason"": ""10.2% off the high \u2014 back side of the move."", ""state"": ""PASS"", ""value"": ""10.2% off 8.20""}, {""id"": ""split"", ""kills"": false, ""reason"": """", ""state"": ""PASS"", ""value"": ""gap is not arithmetic""}, {""id"": ""instrument"", ""kills"": false, ""reason"": """", ""state"": ""UNKNOWN"", ""value"": ""\u2014""}, {""id"": ""tick"", ""kills"": false, ""reason"": """", ""state"": ""UNKNOWN"", ""value"": ""\u2014""}, {""id"": ""buyout"", ""kills"": true, ""reason"": ""Acquisition announced \u2014 the price is pinned and volatility is gone."", ""state"": ""PASS"", ""value"": ""none""}, {""id"": ""vwap"", ""kills"": false, ""reason"": """", ""state"": ""PASS"", ""value"": ""yes""}, {""id"": ""ema9"", ""kills"": false, ""reason"": """", ""state"": ""PASS"", ""value"": ""yes""}, {""id"": ""macd"", ""kills"": false, ""reason"": """", ""state"": ""FAIL"", ""value"": ""no""}, {""id"": ""tape"", ""kills"": false, ""reason"": ""No tape and no book in this tool."", ""state"": ""MANUAL_CONFIRMATION_REQUIRED"", ""value"": ""your eyes""}]","[""No catalyst dated today and no live theme (A2: flagged, not killed; the read-out splits this cohort)."", ""Instrument type unknown \u2014 ADRs are fine, funds are not.""]","{""above_ema9"": true, ""above_vwap"": true, ""buyout_announced"": false, ""catalyst_source_ok"": true, ""catalyst_today"": false, ""change_pct"": 158.24561403508773, ""feed_stale"": false, ""float_is_shares_outstanding"": false, ""float_shares"": 2870000.0, ""float_verified"": true, ""halted"": false, ""in_session_window"": true, ""is_fund_or_etf"": null, ""last"": 7.36, ""live_theme"": false, ""macd_positive_and_above_signal"": false, ""penny_theme"": false, ""premarket_volume"": null, ""prev_close"": null, ""rvol"": 70.73363086889441, ""session_high"": 8.2, ""session_volume"": 45325131.0, ""split_ratio_clean_integer"": null, ""symbol"": ""GRML"", ""tick_size"": null}",7.38,7.31,7.52,0.07,2.0,1,1,REFUSED,"[""pre-market entry not allowed: phase B \u2014 pre-market entries start in phase C"", ""Layer 2 not green: verdict WAIT \u2014 chart gates must all be true at entry""]",2026-09-21T13:28:29+00:00,2026-09-21T13:28:27+00:00,f8b3736c1218,2779710,,,,7.38,61.4286,-10.7143,1,1,stop,1,2026-09-21T13:29:00Z,7.9,6.63,10.76
c22bc3e762223e8f,2026-09-21T09:28:00-04:00,premarket,VEEE,pullback,ibkr-GRML-GLND-CRML,IBKR · TWS read-only · live,live,1m,14.61,,,15.63,2742138.0,302.78287850095785,70.27972027972027,574502.0,shares_outstanding_proxy,SEC shares outstanding (upper bound),0,0,WAIT,,1,"[{""id"": ""price"", ""kills"": true, ""reason"": ""$14.61 is outside $2.00\u201320.00."", ""state"": ""PASS"", ""value"": ""$14.61  band $2.00\u201320.00""}, {""id"": ""float"", ""kills"": false, ""reason"": """", ""state"": ""PASS"", ""value"": ""0.6M (SO upper bound)""}, {""id"": ""catalyst"", ""kills"": false, ""reason"": ""No catalyst dated today and no live theme it belongs to."", ""state"": ""FAIL"", ""value"": ""none""}, {""id"": ""pillars"", ""kills"": true, ""reason"": ""Only 4 of the Five Pillars pass (need 4); missing catalyst."", ""state"": ""PASS"", ""value"": ""4/5 \u2014 missing catalyst""}, {""id"": ""rising"", ""kills"": true, ""reason"": ""6.5% off the high \u2014 back side of the move."", ""state"": ""PASS"", ""value"": ""6.5% off 15.63""}, {""id"": ""split"", ""kills"": false, ""reason"": """", ""state"": ""PASS"", ""value"": ""gap is not arithmetic""}, {""id"": ""instrument"", ""kills"": false, ""reason"": """", ""state"": ""UNKNOWN"", ""value"": ""\u2014""}, {""id"": ""tick"", ""kills"": false, ""reason"": """", ""state"": ""UNKNOWN"", ""value"": ""\u2014""}, {""id"": ""buyout"", ""kills"": true, ""reason"": ""Acquisition announced \u2014 the price is pinned and volatility is gone."", ""state"": ""PASS"", ""value"": ""none""}, {""id"": ""vwap"", ""kills"": false, ""reason"": """", ""state"": ""PASS"", ""value"": ""yes""}, {""id"": ""ema9"", ""kills"": false, ""reason"": """", ""state"": ""PASS"", ""value"": ""yes""}, {""id"": ""macd"", ""kills"": false, ""reason"": """", ""state"": ""FAIL"", ""value"": ""no""}, {""id"": ""tape"", ""kills"": false, ""reason"": ""No tape and no book in this tool."", ""state"": ""MANUAL_CONFIRMATION_REQUIRED"", ""value"": ""your eyes""}]","[""No catalyst dated today and no live theme (A2: flagged, not killed; the read-out splits this cohort)."", ""Instrument type unknown \u2014 ADRs are fine, funds are not.""]","{""above_ema9"": true, ""above_vwap"": true, ""buyout_announced"": false, ""catalyst_source_ok"": true, ""catalyst_today"": false, ""change_pct"": 70.27972027972027, ""feed_stale"": false, ""float_is_shares_outstanding"": true, ""float_shares"": 574502, ""float_verified"": false, ""halted"": false, ""in_session_window"": true, ""is_fund_or_etf"": null, ""last"": 14.61, ""live_theme"": false, ""macd_positive_and_above_signal"": false, ""penny_theme"": false, ""premarket_volume"": null, ""prev_close"": null, ""rvol"": 302.78287850095785, ""session_high"": 15.63, ""session_volume"": 2742138.0, ""split_ratio_clean_integer"": null, ""symbol"": ""VEEE"", ""tick_size"": null}",14.56,14.09,15.5,0.47,2.0,3,1,REFUSED,"[""pre-market entry not allowed: phase B \u2014 pre-market entries start in phase C"", ""Layer 2 not green: verdict WAIT \u2014 chart gates must all be true at entry""]",2026-09-21T13:28:29+00:00,2026-09-21T13:28:27+00:00,f8b3736c1218,2779710,,,,14.56,17.6383,-1.8723,1,1,stop,1,2026-09-21T13:29:00Z,20.39,13.68,17.58
055401cb025148bc,2026-09-21T09:32:00-04:00,regular,NCPL,pullback,ibkr-GRML-VEEE-SPRU,IBKR · TWS read-only · live,live,1m,1.23,1.21,1.22,1.41,49184471.0,945.2553379586031,66.05913325232886,4380000.0,verified,finviz via premarket_stars.py,0,0,REJECT,price,0,"[{""id"": ""price"", ""kills"": true, ""reason"": ""$1.23 is outside $2.00\u201320.00."", ""state"": ""FAIL"", ""value"": ""$1.23  band $2.00\u201320.00""}, {""id"": ""float"", ""kills"": false, ""reason"": ""cascade already stopped"", ""state"": ""NOT_APPLICABLE"", ""value"": ""\u2014""}, {""id"": ""catalyst"", ""kills"": false, ""reason"": ""cascade already stopped"", ""state"": ""NOT_APPLICABLE"", ""value"": ""\u2014""}, {""id"": ""pillars"", ""kills"": false, ""reason"": ""cascade already stopped"", ""state"": ""NOT_APPLICABLE"", ""value"": ""\u2014""}, {""id"": ""rising"", ""kills"": false, ""reason"": ""cascade already stopped"", ""state"": ""NOT_APPLICABLE"", ""value"": ""\u2014""}, {""id"": ""split"", ""kills"": false, ""reason"": ""cascade already stopped"", ""state"": ""NOT_APPLICABLE"", ""value"": ""\u2014""}, {""id"": ""instrument"", ""kills"": false, ""reason"": ""cascade already stopped"", ""state"": ""NOT_APPLICABLE"", ""value"": ""\u2014""}, {""id"": ""tick"", ""kills"": false, ""reason"": ""cascade already stopped"", ""state"": ""NOT_APPLICABLE"", ""value"": ""\u2014""}, {""id"": ""buyout"", ""kills"": false, ""reason"": ""cascade already stopped"", ""state"": ""NOT_APPLICABLE"", ""value"": ""\u2014""}]",[],"{""above_ema9"": true, ""above_vwap"": true, ""buyout_announced"": false, ""catalyst_source_ok"": true, ""catalyst_today"": false, ""change_pct"": 66.05913325232886, ""feed_stale"": false, ""float_is_shares_outstanding"": false, ""float_shares"": 4380000.0, ""float_verified"": true, ""halted"": false, ""in_session_window"": true, ""is_fund_or_etf"": null, ""last"": 1.23, ""live_theme"": false, ""macd_positive_and_above_signal"": true, ""penny_theme"": false, ""premarket_volume"": null, ""prev_close"": null, ""rvol"": 945.2553379586031, ""session_high"": 1.41, ""session_volume"": 49184471.0, ""split_ratio_clean_integer"": null, ""symbol"": ""NCPL"", ""tick_size"": null}",1.24,1.16,1.4,0.08,2.0,1,0,SUPPRESSED,,,2026-09-21T13:32:28+00:00,f8b3736c1218,cd97b8f,,,,1.24,0.125,-2.875,1,0,stop,1,2026-09-21T13:33:00Z,1.24,1.1,1.0794
202e571927d69d49,2026-09-21T09:33:00-04:00,regular,CPOP,pullback,ibkr-GRML-VEEE-GLND,IBKR · TWS read-only · live,live-backfill,1m,5.0,,,5.0,52625.0,0.4004882722574449,21.654501216544997,,unknown,EDGAR has no shares-outstanding figure for this registrant,0,0,REJECT,pillars,0,"[{""id"": ""price"", ""kills"": true, ""reason"": ""$5.00 is outside $2.00\u201320.00."", ""state"": ""PASS"", ""value"": ""$5.00  band $2.00\u201320.00""}, {""id"": ""float"", ""kills"": false, ""reason"": ""Float unknown; the cascade fails closed."", ""state"": ""UNKNOWN"", ""value"": ""unknown""}, {""id"": ""catalyst"", ""kills"": false, ""reason"": ""No catalyst dated today and no live theme it belongs to."", ""state"": ""FAIL"", ""value"": ""none""}, {""id"": ""pillars"", ""kills"": true, ""reason"": ""Only 2 of the Five Pillars pass (need 4); missing rvol, float, catalyst."", ""state"": ""FAIL"", ""value"": ""2/5 \u2014 missing rvol, float, catalyst""}, {""id"": ""rising"", ""kills"": false, ""reason"": ""cascade already stopped"", ""state"": ""NOT_APPLICABLE"", ""value"": ""\u2014""}, {""id"": ""split"", ""kills"": false, ""reason"": ""cascade already stopped"", ""state"": ""NOT_APPLICABLE"", ""value"": ""\u2014""}, {""id"": ""instrument"", ""kills"": false, ""reason"": ""cascade already stopped"", ""state"": ""NOT_APPLICABLE"", ""value"": ""\u2014""}, {""id"": ""tick"", ""kills"": false, ""reason"": ""cascade already stopped"", ""state"": ""NOT_APPLICABLE"", ""value"": ""\u2014""}, {""id"": ""buyout"", ""kills"": false, ""reason"": ""cascade already stopped"", ""state"": ""NOT_APPLICABLE"", ""value"": ""\u2014""}]","[""No catalyst dated today and no live theme (A2: flagged, not killed; the read-out splits this cohort).""]","{""above_ema9"": true, ""above_vwap"": true, ""buyout_announced"": false, ""catalyst_source_ok"": true, ""catalyst_today"": false, ""change_pct"": 21.654501216544997, ""feed_stale"": false, ""float_is_shares_outstanding"": false, ""float_shares"": null, ""float_verified"": false, ""halted"": false, ""in_session_window"": true, ""is_fund_or_etf"": null, ""last"": 5.0, ""live_theme"": false, ""macd_positive_and_above_signal"": true, ""penny_theme"": false, ""premarket_volume"": null, ""prev_close"": null, ""rvol"": 0.4004882722574449, ""session_high"": 5.0, ""session_volume"": 52625.0, ""split_ratio_clean_integer"": null, ""symbol"": ""CPOP"", ""tick_size"": null}",4.93,4.82,5.15,0.11,2.0,1,1,SUPPRESSED,,,2026-09-21T13:53:59+00:00,f8b3736c1218,d58633e,,,,4.93,16.1818,-5.7273,1,1,target,1,2026-09-21T13:34:00Z,6.71,4.73,4.46
f53d113de45f6998,2026-09-21T09:35:00-04:00,regular,SVRN,pullback,ibkr-GRML-VEEE-SPRU,IBKR · TWS read-only · live,live,1m,29.15,28.87,29.4,29.36,75373.0,0.6539394880613293,43.45472440944882,7504982.0,shares_outstanding_proxy,SEC shares outstanding (upper bound),0,0,REJECT,price,0,"[{""id"": ""price"", ""kills"": true, ""reason"": ""$29.15 is outside $2.00\u201320.00."", ""state"": ""FAIL"", ""value"": ""$29.15  band $2.00\u201320.00""}, {""id"": ""float"", ""kills"": false, ""reason"": ""cascade already stopped"", ""state"": ""NOT_APPLICABLE"", ""value"": ""\u2014""}, {""id"": ""catalyst"", ""kills"": false, ""reason"": ""cascade already stopped"", ""state"": ""NOT_APPLICABLE"", ""value"": ""\u2014""}, {""id"": ""pillars"", ""kills"": false, ""reason"": ""cascade already stopped"", ""state"": ""NOT_APPLICABLE"", ""value"": ""\u2014""}, {""id"": ""rising"", ""kills"": false, ""reason"": ""cascade already stopped"", ""state"": ""NOT_APPLICABLE"", ""value"": ""\u2014""}, {""id"": ""split"", ""kills"": false, ""reason"": ""cascade already stopped"", ""state"": ""NOT_APPLICABLE"", ""value"": ""\u2014""}, {""id"": ""instrument"", ""kills"": false, ""reason"": ""cascade already stopped"", ""state"": ""NOT_APPLICABLE"", ""value"": ""\u2014""}, {""id"": ""tick"", ""kills"": false, ""reason"": ""cascade already stopped"", ""state"": ""NOT_APPLICABLE"", ""value"": ""\u2014""}, {""id"": ""buyout"", ""kills"": false, ""reason"": ""cascade already stopped"", ""state"": ""NOT_APPLICABLE"", ""value"": ""\u2014""}]",[],"{""above_ema9"": true, ""above_vwap"": true, ""buyout_announced"": false, ""catalyst_source_ok"": true, ""catalyst_today"": false, ""change_pct"": 43.45472440944882, ""feed_stale"": false, ""float_is_shares_outstanding"": true, ""float_shares"": 7504982, ""float_verified"": false, ""halted"": false, ""in_session_window"": true, ""is_fund_or_etf"": null, ""last"": 29.15, ""live_theme"": false, ""macd_positive_and_above_signal"": true, ""penny_theme"": false, ""premarket_volume"": null, ""prev_close"": null, ""rvol"": 0.6539394880613293, ""session_high"": 29.36, ""session_volume"": 75373.0, ""split_ratio_clean_integer"": null, ""symbol"": ""SVRN"", ""tick_size"": null}",29.21,28.09,31.45,1.12,2.0,2,1,SUPPRESSED,,,2026-09-21T13:35:12+00:00,f8b3736c1218,cd97b8f,,,,29.21,0.2589,-3.3214,1,0,stop,1,2026-09-21T13:36:00Z,29.5,25.49,25.61
c5b381384e7c83bc,2026-09-21T09:36:00-04:00,regular,GLND,pullback,ibkr-GRML-VEEE-SPRU,IBKR · TWS read-only · live,live,1m,2.925,2.88,2.89,3.72,61618566.0,1564.7570024632419,143.75,27320000.0,verified,finviz via premarket_stars.py,1,0,WAIT,,1,"[{""id"": ""price"", ""kills"": true, ""reason"": ""$2.92 is outside $2.00\u201320.00."", ""state"": ""PASS"", ""value"": ""$2.92  band $2.00\u201320.00""}, {""id"": ""float"", ""kills"": false, ""reason"": ""Float 27.3M is over the 20M cap."", ""state"": ""FAIL"", ""value"": ""27.3M""}, {""id"": ""catalyst"", ""kills"": false, ""reason"": """", ""state"": ""PASS"", ""value"": ""news today""}, {""id"": ""pillars"", ""kills"": true, ""reason"": ""Only 4 of the Five Pillars pass (need 4); missing float."", ""state"": ""PASS"", ""value"": ""4/5 \u2014 missing float""}, {""id"": ""rising"", ""kills"": true, ""reason"": ""21.4% off the high \u2014 back side of the move."", ""state"": ""PASS"", ""value"": ""21.4% off 3.72""}, {""id"": ""split"", ""kills"": false, ""reason"": """", ""state"": ""PASS"", ""value"": ""gap is not arithmetic""}, {""id"": ""instrument"", ""kills"": false, ""reason"": """", ""state"": ""UNKNOWN"", ""value"": ""\u2014""}, {""id"": ""tick"", ""kills"": false, ""reason"": """", ""state"": ""UNKNOWN"", ""value"": ""\u2014""}, {""id"": ""buyout"", ""kills"": true, ""reason"": ""Acquisition announced \u2014 the price is pinned and volatility is gone."", ""state"": ""PASS"", ""value"": ""none""}, {""id"": ""vwap"", ""kills"": false, ""reason"": """", ""state"": ""FAIL"", ""value"": ""no""}, {""id"": ""ema9"", ""kills"": false, ""reason"": """", ""state"": ""FAIL"", ""value"": ""no""}, {""id"": ""macd"", ""kills"": false, ""reason"": """", ""state"": ""FAIL"", ""value"": ""no""}, {""id"": ""tape"", ""kills"": false, ""reason"": ""No tape and no book in this tool."", ""state"": ""MANUAL_CONFIRMATION_REQUIRED"", ""value"": ""your eyes""}]","[""Float 27.3M over the 20M cap (A5: flagged, not killed; the pillar count decides)."", ""Instrument type unknown \u2014 ADRs are fine, funds are not.""]","{""above_ema9"": false, ""above_vwap"": false, ""buyout_announced"": false, ""catalyst_source_ok"": true, ""catalyst_today"": true, ""change_pct"": 143.75, ""feed_stale"": false, ""float_is_shares_outstanding"": false, ""float_shares"": 27320000.0, ""float_verified"": true, ""halted"": false, ""in_session_window"": true, ""is_fund_or_etf"": null, ""last"": 2.925, ""live_theme"": false, ""macd_positive_and_above_signal"": false, ""penny_theme"": false, ""premarket_volume"": null, ""prev_close"": null, ""rvol"": 1564.7570024632419, ""session_high"": 3.72, ""session_volume"": 61618566.0, ""split_ratio_clean_integer"": null, ""symbol"": ""GLND"", ""tick_size"": null}",2.94,2.84,3.14,0.1,2.0,2,1,REFUSED,"[""Layer 2 not green: verdict WAIT \u2014 chart gates must all be true at entry""]",2026-09-21T13:36:16+00:00,2026-09-21T13:36:14+00:00,f8b3736c1218,cd97b8f,,,,2.94,4.5,-0.8,0,1,target,1,2026-09-21T14:20:00Z,2.9,2.65,3.12
13f7a5e3cc340d99,2026-09-21T09:37:00-04:00,regular,VEEE,pullback,ibkr-GRML-VEEE-SPRU,IBKR · TWS read-only · live,live,1m,16.23,15.68,16.0,16.35,3211863.0,354.64922789834867,89.16083916083917,490000.0,verified,finviz via premarket_stars.py,0,0,REVIEW,,1,"[{""id"": ""price"", ""kills"": true, ""reason"": ""$16.23 is outside $2.00\u201320.00."", ""state"": ""PASS"", ""value"": ""$16.23  band $2.00\u201320.00""}, {""id"": ""float"", ""kills"": false, ""reason"": """", ""state"": ""PASS"", ""value"": ""0.5M (verified)""}, {""id"": ""catalyst"", ""kills"": false, ""reason"": ""No catalyst dated today and no live theme it belongs to."", ""state"": ""FAIL"", ""value"": ""none""}, {""id"": ""pillars"", ""kills"": true, ""reason"": ""Only 4 of the Five Pillars pass (need 4); missing catalyst."", ""state"": ""PASS"", ""value"": ""4/5 \u2014 missing catalyst""}, {""id"": ""rising"", ""kills"": true, ""reason"": ""0.7% off the high \u2014 back side of the move."", ""state"": ""PASS"", ""value"": ""0.7% off 16.35""}, {""id"": ""split"", ""kills"": false, ""reason"": """", ""state"": ""PASS"", ""value"": ""gap is not arithmetic""}, {""id"": ""instrument"", ""kills"": false, ""reason"": """", ""state"": ""UNKNOWN"", ""value"": ""\u2014""}, {""id"": ""tick"", ""kills"": false, ""reason"": """", ""state"": ""UNKNOWN"", ""value"": ""\u2014""}, {""id"": ""buyout"", ""kills"": true, ""reason"": ""Acquisition announced \u2014 the price is pinned and volatility is gone."", ""state"": ""PASS"", ""value"": ""none""}, {""id"": ""vwap"", ""kills"": false, ""reason"": """", ""state"": ""PASS"", ""value"": ""yes""}, {""id"": ""ema9"", ""kills"": false, ""reason"": """", ""state"": ""PASS"", ""value"": ""yes""}, {""id"": ""macd"", ""kills"": false, ""reason"": """", ""state"": ""PASS"", ""value"": ""yes""}, {""id"": ""tape"", ""kills"": false, ""reason"": ""No tape and no book in this tool."", ""state"": ""MANUAL_CONFIRMATION_REQUIRED"", ""value"": ""your eyes""}]","[""No catalyst dated today and no live theme (A2: flagged, not killed; the read-out splits this cohort)."", ""Instrument type unknown \u2014 ADRs are fine, funds are not.""]","{""above_ema9"": true, ""above_vwap"": true, ""buyout_announced"": false, ""catalyst_source_ok"": true, ""catalyst_today"": false, ""change_pct"": 89.16083916083917, ""feed_stale"": false, ""float_is_shares_outstanding"": false, ""float_shares"": 490000.0, ""float_verified"": true, ""halted"": false, ""in_session_window"": true, ""is_fund_or_etf"": null, ""last"": 16.23, ""live_theme"": false, ""macd_positive_and_above_signal"": true, ""penny_theme"": false, ""premarket_volume"": null, ""prev_close"": null, ""rvol"": 354.64922789834867, ""session_high"": 16.35, ""session_volume"": 3211863.0, ""split_ratio_clean_integer"": null, ""symbol"": ""VEEE"", ""tick_size"": null}",16.33,16.31,16.37,0.02,2.0,4,1,NOT_FILLED,[],2026-09-21T15:30:02+00:00,2026-09-21T13:37:43+00:00,f8b3736c1218,cd97b8f,,,,16.33,326.0,-11.0,1,1,stop,1,2026-09-21T13:38:00Z,20.39,16.11,17.58
50df24e58ee9ec28,2026-09-21T09:41:00-04:00,regular,GRML,pullback,ibkr-GRML-VEEE-SPRU,IBKR · TWS read-only · live,live,1m,7.24,7.22,7.25,8.2,56067768.0,2586.867583279505,154.03508771929825,2870000.0,verified,finviz via premarket_stars.py,0,0,WAIT,,1,"[{""id"": ""price"", ""kills"": true, ""reason"": ""$7.24 is outside $2.00\u201320.00."", ""state"": ""PASS"", ""value"": ""$7.24  band $2.00\u201320.00""}, {""id"": ""float"", ""kills"": false, ""reason"": """", ""state"": ""PASS"", ""value"": ""2.9M (verified)""}, {""id"": ""catalyst"", ""kills"": false, ""reason"": ""No catalyst dated today and no live theme it belongs to."", ""state"": ""FAIL"", ""value"": ""none""}, {""id"": ""pillars"", ""kills"": true, ""reason"": ""Only 4 of the Five Pillars pass (need 4); missing catalyst."", ""state"": ""PASS"", ""value"": ""4/5 \u2014 missing catalyst""}, {""id"": ""rising"", ""kills"": true, ""reason"": ""11.7% off the high \u2014 back side of the move."", ""state"": ""PASS"", ""value"": ""11.7% off 8.20""}, {""id"": ""split"", ""kills"": false, ""reason"": """", ""state"": ""PASS"", ""value"": ""gap is not arithmetic""}, {""id"": ""instrument"", ""kills"": false, ""reason"": """", ""state"": ""UNKNOWN"", ""value"": ""\u2014""}, {""id"": ""tick"", ""kills"": false, ""reason"": """", ""state"": ""UNKNOWN"", ""value"": ""\u2014""}, {""id"": ""buyout"", ""kills"": true, ""reason"": ""Acquisition announced \u2014 the price is pinned and volatility is gone."", ""state"": ""PASS"", ""value"": ""none""}, {""id"": ""vwap"", ""kills"": false, ""reason"": """", ""state"": ""PASS"", ""value"": ""yes""}, {""id"": ""ema9"", ""kills"": false, ""reason"": """", ""state"": ""FAIL"", ""value"": ""no""}, {""id"": ""macd"", ""kills"": false, ""reason"": """", ""state"": ""FAIL"", ""value"": ""no""}, {""id"": ""tape"", ""kills"": false, ""reason"": ""No tape and no book in this tool."", ""state"": ""MANUAL_CONFIRMATION_REQUIRED"", ""value"": ""your eyes""}]","[""No catalyst dated today and no live theme (A2: flagged, not killed; the read-out splits this cohort)."", ""Instrument type unknown \u2014 ADRs are fine, funds are not.""]","{""above_ema9"": false, ""above_vwap"": true, ""buyout_announced"": false, ""catalyst_source_ok"": true, ""catalyst_today"": false, ""change_pct"": 154.03508771929825, ""feed_stale"": false, ""float_is_shares_outstanding"": false, ""float_shares"": 2870000.0, ""float_verified"": true, ""halted"": false, ""in_session_window"": true, ""is_fund_or_etf"": null, ""last"": 7.24, ""live_theme"": false, ""macd_positive_and_above_signal"": false, ""penny_theme"": false, ""premarket_volume"": null, ""prev_close"": null, ""rvol"": 2586.867583279505, ""session_high"": 8.2, ""session_volume"": 56067768.0, ""split_ratio_clean_integer"": null, ""symbol"": ""GRML"", ""tick_size"": null}",7.26,7.05,7.68,0.21,2.0,3,1,REFUSED,"[""one position at a time (preregistration \u00a72): 1 order(s) alive or unresolved"", ""Layer 2 not green: verdict WAIT \u2014 chart gates must all be true at entry""]",2026-09-21T13:41:16+00:00,2026-09-21T13:41:12+00:00,f8b3736c1218,cd97b8f,,,,7.26,21.0476,-3.0,1,1,stop,1,2026-09-21T13:46:00Z,7.46,6.63,10.76
92249614109cabf6,2026-09-21T09:42:00-04:00,regular,CRML,pullback,ibkr-GRML-VEEE-GLND,IBKR · TWS read-only · live,live-backfill,1m,9.4188,,,9.64,16041397.0,2.577328091401704,39.95245170876669,82510000.0,verified,finviz via premarket_stars.py,0,0,REJECT,pillars,0,"[{""id"": ""price"", ""kills"": true, ""reason"": ""$9.42 is outside $2.00\u201320.00."", ""state"": ""PASS"", ""value"": ""$9.42  band $2.00\u201320.00""}, {""id"": ""float"", ""kills"": false, ""reason"": ""Float 82.5M is over the 20M cap."", ""state"": ""FAIL"", ""value"": ""82.5M""}, {""id"": ""catalyst"", ""kills"": false, ""reason"": ""No catalyst dated today and no live theme it belongs to."", ""state"": ""FAIL"", ""value"": ""none""}, {""id"": ""pillars"", ""kills"": true, ""reason"": ""Only 2 of the Five Pillars pass (need 4); missing rvol, float, catalyst."", ""state"": ""FAIL"", ""value"": ""2/5 \u2014 missing rvol, float, catalyst""}, {""id"": ""rising"", ""kills"": false, ""reason"": ""cascade already stopped"", ""state"": ""NOT_APPLICABLE"", ""value"": ""\u2014""}, {""id"": ""split"", ""kills"": false, ""reason"": ""cascade already stopped"", ""state"": ""NOT_APPLICABLE"", ""value"": ""\u2014""}, {""id"": ""instrument"", ""kills"": false, ""reason"": ""cascade already stopped"", ""state"": ""NOT_APPLICABLE"", ""value"": ""\u2014""}, {""id"": ""tick"", ""kills"": false, ""reason"": ""cascade already stopped"", ""state"": ""NOT_APPLICABLE"", ""value"": ""\u2014""}, {""id"": ""buyout"", ""kills"": false, ""reason"": ""cascade already stopped"", ""state"": ""NOT_APPLICABLE"", ""value"": ""\u2014""}]","[""Float 82.5M over the 20M cap (A5: flagged, not killed; the pillar count decides)."", ""No catalyst dated today and no live theme (A2: flagged, not killed; the read-out splits this cohort).""]","{""above_ema9"": true, ""above_vwap"": true, ""buyout_announced"": false, ""catalyst_source_ok"": true, ""catalyst_today"": false, ""change_pct"": 39.95245170876669, ""feed_stale"": false, ""float_is_shares_outstanding"": false, ""float_shares"": 82510000.0, ""float_verified"": true, ""halted"": false, ""in_session_window"": true, ""is_fund_or_etf"": null, ""last"": 9.4188, ""live_theme"": false, ""macd_positive_and_above_signal"": true, ""penny_theme"": false, ""premarket_volume"": null, ""prev_close"": null, ""rvol"": 2.577328091401704, ""session_high"": 9.64, ""session_volume"": 16041397.0, ""split_ratio_clean_integer"": null, ""symbol"": ""CRML"", ""tick_size"": null}",9.3899,9.2,9.7697,0.1899,2.0,2,0,SUPPRESSED,,,2026-09-21T14:15:46+00:00,be76eab7370f,cc8fae7,,,,9.3899,0.6324,-2.6851,1,0,stop,1,2026-09-21T13:43:00Z,9.425,8.88,9.215
ae7e5f65a5b60a6f,2026-09-21T09:44:00-04:00,regular,AVAT,pullback,ibkr-GRML-VEEE-SPRU,IBKR · TWS read-only · live,live,1m,1.48,1.47,1.48,1.58,1893271.0,30.865194000652103,37.037037037037024,30820000.0,verified,finviz via premarket_stars.py,0,0,REJECT,price,0,"[{""id"": ""price"", ""kills"": true, ""reason"": ""$1.48 is outside $2.00\u201320.00."", ""state"": ""FAIL"", ""value"": ""$1.48  band $2.00\u201320.00""}, {""id"": ""float"", ""kills"": false, ""reason"": ""cascade already stopped"", ""state"": ""NOT_APPLICABLE"", ""value"": ""\u2014""}, {""id"": ""catalyst"", ""kills"": false, ""reason"": ""cascade already stopped"", ""state"": ""NOT_APPLICABLE"", ""value"": ""\u2014""}, {""id"": ""pillars"", ""kills"": false, ""reason"": ""cascade already stopped"", ""state"": ""NOT_APPLICABLE"", ""value"": ""\u2014""}, {""id"": ""rising"", ""kills"": false, ""reason"": ""cascade already stopped"", ""state"": ""NOT_APPLICABLE"", ""value"": ""\u2014""}, {""id"": ""split"", ""kills"": false, ""reason"": ""cascade already stopped"", ""state"": ""NOT_APPLICABLE"", ""value"": ""\u2014""}, {""id"": ""instrument"", ""kills"": false, ""reason"": ""cascade already stopped"", ""state"": ""NOT_APPLICABLE"", ""value"": ""\u2014""}, {""id"": ""tick"", ""kills"": false, ""reason"": ""cascade already stopped"", ""state"": ""NOT_APPLICABLE"", ""value"": ""\u2014""}, {""id"": ""buyout"", ""kills"": false, ""reason"": ""cascade already stopped"", ""state"": ""NOT_APPLICABLE"", ""value"": ""\u2014""}]",[],"{""above_ema9"": true, ""above_vwap"": true, ""buyout_announced"": false, ""catalyst_source_ok"": true, ""catalyst_today"": false, ""change_pct"": 37.037037037037024, ""feed_stale"": false, ""float_is_shares_outstanding"": false, ""float_shares"": 30820000.0, ""float_verified"": true, ""halted"": false, ""in_session_window"": true, ""is_fund_or_etf"": null, ""last"": 1.48, ""live_theme"": false, ""macd_positive_and_above_signal"": true, ""penny_theme"": false, ""premarket_volume"": null, ""prev_close"": null, ""rvol"": 30.865194000652103, ""session_high"": 1.58, ""session_volume"": 1893271.0, ""split_ratio_clean_integer"": null, ""symbol"": ""AVAT"", ""tick_size"": null}",1.48,1.41,1.62,0.07,2.0,2,0,SUPPRESSED,,,2026-09-21T13:45:02+00:00,f8b3736c1218,cd97b8f,,,,1.48,0.1429,-1.2857,1,0,stop,1,2026-09-21T13:45:00Z,1.49,1.39,1.415
89e27cb6beda1d82,2026-09-21T09:52:00-04:00,regular,GRML,pullback,ibkr-GRML-VEEE,IBKR · TWS read-only · live,live-backfill,1m,7.23,7.15,7.17,8.2,62561617.0,97.63259864464924,153.68421052631578,2870000.0,verified,finviz via premarket_stars.py,0,0,REVIEW,,1,"[{""id"": ""price"", ""kills"": true, ""reason"": ""$7.23 is outside $2.00\u201320.00."", ""state"": ""PASS"", ""value"": ""$7.23  band $2.00\u201320.00""}, {""id"": ""float"", ""kills"": false, ""reason"": """", ""state"": ""PASS"", ""value"": ""2.9M (verified)""}, {""id"": ""catalyst"", ""kills"": false, ""reason"": ""No catalyst dated today and no live theme it belongs to."", ""state"": ""FAIL"", ""value"": ""none""}, {""id"": ""pillars"", ""kills"": true, ""reason"": ""Only 4 of the Five Pillars pass (need 4); missing catalyst."", ""state"": ""PASS"", ""value"": ""4/5 \u2014 missing catalyst""}, {""id"": ""rising"", ""kills"": true, ""reason"": ""11.8% off the high \u2014 back side of the move."", ""state"": ""PASS"", ""value"": ""11.8% off 8.20""}, {""id"": ""split"", ""kills"": false, ""reason"": """", ""state"": ""PASS"", ""value"": ""gap is not arithmetic""}, {""id"": ""instrument"", ""kills"": false, ""reason"": """", ""state"": ""UNKNOWN"", ""value"": ""\u2014""}, {""id"": ""tick"", ""kills"": false, ""reason"": """", ""state"": ""UNKNOWN"", ""value"": ""\u2014""}, {""id"": ""buyout"", ""kills"": true, ""reason"": ""Acquisition announced \u2014 the price is pinned and volatility is gone."", ""state"": ""PASS"", ""value"": ""none""}, {""id"": ""vwap"", ""kills"": false, ""reason"": """", ""state"": ""PASS"", ""value"": ""yes""}, {""id"": ""ema9"", ""kills"": false, ""reason"": """", ""state"": ""PASS"", ""value"": ""yes""}, {""id"": ""macd"", ""kills"": false, ""reason"": """", ""state"": ""PASS"", ""value"": ""yes""}, {""id"": ""tape"", ""kills"": false, ""reason"": ""No tape and no book in this tool."", ""state"": ""MANUAL_CONFIRMATION_REQUIRED"", ""value"": ""your eyes""}]","[""No catalyst dated today and no live theme (A2: flagged, not killed; the read-out splits this cohort)."", ""Instrument type unknown \u2014 ADRs are fine, funds are not.""]","{""above_ema9"": true, ""above_vwap"": true, ""buyout_announced"": false, ""catalyst_source_ok"": true, ""catalyst_today"": false, ""change_pct"": 153.68421052631578, ""feed_stale"": false, ""float_is_shares_outstanding"": false, ""float_shares"": 2870000.0, ""float_verified"": true, ""halted"": false, ""in_session_window"": true, ""is_fund_or_etf"": null, ""last"": 7.23, ""live_theme"": false, ""macd_positive_and_above_signal"": true, ""penny_theme"": false, ""premarket_volume"": null, ""prev_close"": null, ""rvol"": 97.63259864464924, ""session_high"": 8.2, ""session_volume"": 62561617.0, ""split_ratio_clean_integer"": null, ""symbol"": ""GRML"", ""tick_size"": null}",7.26,7.1,7.58,0.16,2.0,3,1,REFUSED,"[""backfill decision: armed on loaded history, inputs not point-in-time"", ""one position at a time (preregistration \u00a72): 1 order(s) alive or unresolved""]",2026-09-21T13:53:22+00:00,2026-09-21T13:53:19+00:00,f8b3736c1218,d58633e,,,,7.26,27.625,-3.75,1,1,stop,1,2026-09-21T14:08:00Z,7.36,6.63,10.76
58d59780d12b781e,2026-09-21T09:55:00-04:00,regular,NCPL,pullback,ibkr-GRML-VEEE-GLND,IBKR · TWS read-only · live,live,1m,1.13,1.12,1.13,1.41,58155663.0,739.592824804151,52.55839071148911,4380000.0,verified,finviz via premarket_stars.py,0,0,REJECT,price,0,"[{""id"": ""price"", ""kills"": true, ""reason"": ""$1.13 is outside $2.00\u201320.00."", ""state"": ""FAIL"", ""value"": ""$1.13  band $2.00\u201320.00""}, {""id"": ""float"", ""kills"": false, ""reason"": ""cascade already stopped"", ""state"": ""NOT_APPLICABLE"", ""value"": ""\u2014""}, {""id"": ""catalyst"", ""kills"": false, ""reason"": ""cascade already stopped"", ""state"": ""NOT_APPLICABLE"", ""value"": ""\u2014""}, {""id"": ""pillars"", ""kills"": false, ""reason"": ""cascade already stopped"", ""state"": ""NOT_APPLICABLE"", ""value"": ""\u2014""}, {""id"": ""rising"", ""kills"": false, ""reason"": ""cascade already stopped"", ""state"": ""NOT_APPLICABLE"", ""value"": ""\u2014""}, {""id"": ""split"", ""kills"": false, ""reason"": ""cascade already stopped"", ""state"": ""NOT_APPLICABLE"", ""value"": ""\u2014""}, {""id"": ""instrument"", ""kills"": false, ""reason"": ""cascade already stopped"", ""state"": ""NOT_APPLICABLE"", ""value"": ""\u2014""}, {""id"": ""tick"", ""kills"": false, ""reason"": ""cascade already stopped"", ""state"": ""NOT_APPLICABLE"", ""value"": ""\u2014""}, {""id"": ""buyout"", ""kills"": false, ""reason"": ""cascade already stopped"", ""state"": ""NOT_APPLICABLE"", ""value"": ""\u2014""}]",[],"{""above_ema9"": false, ""above_vwap"": false, ""buyout_announced"": false, ""catalyst_source_ok"": true, ""catalyst_today"": false, ""change_pct"": 52.55839071148911, ""feed_stale"": false, ""float_is_shares_outstanding"": false, ""float_shares"": 4380000.0, ""float_verified"": true, ""halted"": false, ""in_session_window"": true, ""is_fund_or_etf"": null, ""last"": 1.13, ""live_theme"": false, ""macd_positive_and_above_signal"": false, ""penny_theme"": false, ""premarket_volume"": null, ""prev_close"": null, ""rvol"": 739.592824804151, ""session_high"": 1.41, ""session_volume"": 58155663.0, ""split_ratio_clean_integer"": null, ""symbol"": ""NCPL"", ""tick_size"": null}",1.145,1.1,1.235,0.045,2.0,1,1,SUPPRESSED,,,2026-09-21T13:55:11+00:00,f8b3736c1218,d58633e,,,,1.145,2.3333,-3.0,1,1,target,1,2026-09-21T14:00:00Z,1.25,1.05,1.0794
ab52a556213d240f,2026-09-21T09:56:00-04:00,regular,LOBO,pullback,ibkr-GRML-VEEE-GLND,IBKR · TWS read-only · live,live,1m,1.1309,1.13,1.14,1.14,47194703.0,1370.8192726290445,113.37735849056605,9320000.0,verified,finviz via premarket_stars.py,1,0,REJECT,price,0,"[{""id"": ""price"", ""kills"": true, ""reason"": ""$1.13 is outside $2.00\u201320.00."", ""state"": ""FAIL"", ""value"": ""$1.13  band $2.00\u201320.00""}, {""id"": ""float"", ""kills"": false, ""reason"": ""cascade already stopped"", ""state"": ""NOT_APPLICABLE"", ""value"": ""\u2014""}, {""id"": ""catalyst"", ""kills"": false, ""reason"": ""cascade already stopped"", ""state"": ""NOT_APPLICABLE"", ""value"": ""\u2014""}, {""id"": ""pillars"", ""kills"": false, ""reason"": ""cascade already stopped"", ""state"": ""NOT_APPLICABLE"", ""value"": ""\u2014""}, {""id"": ""rising"", ""kills"": false, ""reason"": ""cascade already stopped"", ""state"": ""NOT_APPLICABLE"", ""value"": ""\u2014""}, {""id"": ""split"", ""kills"": false, ""reason"": ""cascade already stopped"", ""state"": ""NOT_APPLICABLE"", ""value"": ""\u2014""}, {""id"": ""instrument"", ""kills"": false, ""reason"": ""cascade already stopped"", ""state"": ""NOT_APPLICABLE"", ""value"": ""\u2014""}, {""id"": ""tick"", ""kills"": false, ""reason"": ""cascade already stopped"", ""state"": ""NOT_APPLICABLE"", ""value"": ""\u2014""}, {""id"": ""buyout"", ""kills"": false, ""reason"": ""cascade already stopped"", ""state"": ""NOT_APPLICABLE"", ""value"": ""\u2014""}]",[],"{""above_ema9"": true, ""above_vwap"": true, ""buyout_announced"": false, ""catalyst_source_ok"": true, ""catalyst_today"": true, ""change_pct"": 113.37735849056605, ""feed_stale"": false, ""float_is_shares_outstanding"": false, ""float_shares"": 9320000.0, ""float_verified"": true, ""halted"": false, ""in_session_window"": true, ""is_fund_or_etf"": null, ""last"": 1.1309, ""live_theme"": false, ""macd_positive_and_above_signal"": true, ""penny_theme"": false, ""premarket_volume"": null, ""prev_close"": null, ""rvol"": 1370.8192726290445, ""session_high"": 1.14, ""session_volume"": 47194703.0, ""split_ratio_clean_integer"": null, ""symbol"": ""LOBO"", ""tick_size"": null}",1.14,0.98,1.46,0.16,2.0,1,1,SUPPRESSED,,,2026-09-21T13:56:53+00:00,f8b3736c1218,d58633e,,,,1.14,0.9375,-1.1875,1,0,stop,1,2026-09-21T13:57:00Z,1.29,0.95,0.95
e3c3ba2d0ded4d4e,2026-09-21T09:57:00-04:00,regular,AVAT,pullback,ibkr-GRML-VEEE-GLND,IBKR · TWS read-only · live,live,1m,1.45,1.44,1.45,1.58,2395785.0,24.283245489560105,34.25925925925925,30820000.0,verified,finviz via premarket_stars.py,0,0,REJECT,price,0,"[{""id"": ""price"", ""kills"": true, ""reason"": ""$1.45 is outside $2.00\u201320.00."", ""state"": ""FAIL"", ""value"": ""$1.45  band $2.00\u201320.00""}, {""id"": ""float"", ""kills"": false, ""reason"": ""cascade already stopped"", ""state"": ""NOT_APPLICABLE"", ""value"": ""\u2014""}, {""id"": ""catalyst"", ""kills"": false, ""reason"": ""cascade already stopped"", ""state"": ""NOT_APPLICABLE"", ""value"": ""\u2014""}, {""id"": ""pillars"", ""kills"": false, ""reason"": ""cascade already stopped"", ""state"": ""NOT_APPLICABLE"", ""value"": ""\u2014""}, {""id"": ""rising"", ""kills"": false, ""reason"": ""cascade already stopped"", ""state"": ""NOT_APPLICABLE"", ""value"": ""\u2014""}, {""id"": ""split"", ""kills"": false, ""reason"": ""cascade already stopped"", ""state"": ""NOT_APPLICABLE"", ""value"": ""\u2014""}, {""id"": ""instrument"", ""kills"": false, ""reason"": ""cascade already stopped"", ""state"": ""NOT_APPLICABLE"", ""value"": ""\u2014""}, {""id"": ""tick"", ""kills"": false, ""reason"": ""cascade already stopped"", ""state"": ""NOT_APPLICABLE"", ""value"": ""\u2014""}, {""id"": ""buyout"", ""kills"": false, ""reason"": ""cascade already stopped"", ""state"": ""NOT_APPLICABLE"", ""value"": ""\u2014""}]",[],"{""above_ema9"": true, ""above_vwap"": true, ""buyout_announced"": false, ""catalyst_source_ok"": true, ""catalyst_today"": false, ""change_pct"": 34.25925925925925, ""feed_stale"": false, ""float_is_shares_outstanding"": false, ""float_shares"": 30820000.0, ""float_verified"": true, ""halted"": false, ""in_session_window"": true, ""is_fund_or_etf"": null, ""last"": 1.45, ""live_theme"": false, ""macd_positive_and_above_signal"": false, ""penny_theme"": false, ""premarket_volume"": null, ""prev_close"": null, ""rvol"": 24.283245489560105, ""session_high"": 1.58, ""session_volume"": 2395785.0, ""split_ratio_clean_integer"": null, ""symbol"": ""AVAT"", ""tick_size"": null}",1.46,1.42,1.54,0.04,2.0,3,1,SUPPRESSED,,,2026-09-21T13:58:03+00:00,f8b3736c1218,d58633e,,,,1.46,0.7475,-1.5,1,0,stop,1,2026-09-21T13:59:00Z,1.4899,1.4,1.415
ee5e8aa16f40d12e,2026-09-21T10:01:00-04:00,regular,GRML,pullback,ibkr-GRML-VEEE-GLND,IBKR · TWS read-only · live,live,1m,6.87,6.87,6.88,8.2,65783846.0,1493.7294732061762,141.05263157894737,2870000.0,verified,finviz via premarket_stars.py,0,0,WAIT,,1,"[{""id"": ""price"", ""kills"": true, ""reason"": ""$6.87 is outside $2.00\u201320.00."", ""state"": ""PASS"", ""value"": ""$6.87  band $2.00\u201320.00""}, {""id"": ""float"", ""kills"": false, ""reason"": """", ""state"": ""PASS"", ""value"": ""2.9M (verified)""}, {""id"": ""catalyst"", ""kills"": false, ""reason"": ""No catalyst dated today and no live theme it belongs to."", ""state"": ""FAIL"", ""value"": ""none""}, {""id"": ""pillars"", ""kills"": true, ""reason"": ""Only 4 of the Five Pillars pass (need 4); missing catalyst."", ""state"": ""PASS"", ""value"": ""4/5 \u2014 missing catalyst""}, {""id"": ""rising"", ""kills"": true, ""reason"": ""16.2% off the high \u2014 back side of the move."", ""state"": ""PASS"", ""value"": ""16.2% off 8.20""}, {""id"": ""split"", ""kills"": false, ""reason"": """", ""state"": ""PASS"", ""value"": ""gap is not arithmetic""}, {""id"": ""instrument"", ""kills"": false, ""reason"": """", ""state"": ""UNKNOWN"", ""value"": ""\u2014""}, {""id"": ""tick"", ""kills"": false, ""reason"": """", ""state"": ""UNKNOWN"", ""value"": ""\u2014""}, {""id"": ""buyout"", ""kills"": true, ""reason"": ""Acquisition announced \u2014 the price is pinned and volatility is gone."", ""state"": ""PASS"", ""value"": ""none""}, {""id"": ""vwap"", ""kills"": false, ""reason"": """", ""state"": ""PASS"", ""value"": ""yes""}, {""id"": ""ema9"", ""kills"": false, ""reason"": """", ""state"": ""FAIL"", ""value"": ""no""}, {""id"": ""macd"", ""kills"": false, ""reason"": """", ""state"": ""FAIL"", ""value"": ""no""}, {""id"": ""tape"", ""kills"": false, ""reason"": ""No tape and no book in this tool."", ""state"": ""MANUAL_CONFIRMATION_REQUIRED"", ""value"": ""your eyes""}]","[""No catalyst dated today and no live theme (A2: flagged, not killed; the read-out splits this cohort)."", ""Instrument type unknown \u2014 ADRs are fine, funds are not.""]","{""above_ema9"": false, ""above_vwap"": true, ""buyout_announced"": false, ""catalyst_source_ok"": true, ""catalyst_today"": false, ""change_pct"": 141.05263157894737, ""feed_stale"": false, ""float_is_shares_outstanding"": false, ""float_shares"": 2870000.0, ""float_verified"": true, ""halted"": false, ""in_session_window"": true, ""is_fund_or_etf"": null, ""last"": 6.87, ""live_theme"": false, ""macd_positive_and_above_signal"": false, ""penny_theme"": false, ""premarket_volume"": null, ""prev_close"": null, ""rvol"": 1493.7294732061762, ""session_high"": 8.2, ""session_volume"": 65783846.0, ""split_ratio_clean_integer"": null, ""symbol"": ""GRML"", ""tick_size"": null}",6.83,6.64,7.21,0.19,2.0,2,1,REFUSED,"[""one position at a time (preregistration \u00a72): 1 order(s) alive or unresolved"", ""Layer 2 not green: verdict WAIT \u2014 chart gates must all be true at entry""]",2026-09-21T14:01:17+00:00,2026-09-21T14:01:13+00:00,f8b3736c1218,d58633e,,,,6.83,25.5263,-0.8947,0,1,target,1,2026-09-21T14:02:00Z,7.36,6.66,10.76
328ed0f06cc6cc63,2026-09-21T10:01:00-04:00,regular,GLND,pullback,ibkr-GRML-VEEE-GLND,IBKR · TWS read-only · live,live,1m,2.7201,2.72,2.73,3.72,73243629.0,1032.4438132558992,126.67500000000001,27320000.0,verified,finviz via premarket_stars.py,1,0,REJECT,rising,0,"[{""id"": ""price"", ""kills"": true, ""reason"": ""$2.72 is outside $2.00\u201320.00."", ""state"": ""PASS"", ""value"": ""$2.72  band $2.00\u201320.00""}, {""id"": ""float"", ""kills"": false, ""reason"": ""Float 27.3M is over the 20M cap."", ""state"": ""FAIL"", ""value"": ""27.3M""}, {""id"": ""catalyst"", ""kills"": false, ""reason"": """", ""state"": ""PASS"", ""value"": ""news today""}, {""id"": ""pillars"", ""kills"": true, ""reason"": ""Only 4 of the Five Pillars pass (need 4); missing float."", ""state"": ""PASS"", ""value"": ""4/5 \u2014 missing float""}, {""id"": ""rising"", ""kills"": true, ""reason"": ""26.9% off the high \u2014 back side of the move."", ""state"": ""FAIL"", ""value"": ""26.9% off 3.72""}, {""id"": ""split"", ""kills"": false, ""reason"": ""cascade already stopped"", ""state"": ""NOT_APPLICABLE"", ""value"": ""\u2014""}, {""id"": ""instrument"", ""kills"": false, ""reason"": ""cascade already stopped"", ""state"": ""NOT_APPLICABLE"", ""value"": ""\u2014""}, {""id"": ""tick"", ""kills"": false, ""reason"": ""cascade already stopped"", ""state"": ""NOT_APPLICABLE"", ""value"": ""\u2014""}, {""id"": ""buyout"", ""kills"": false, ""reason"": ""cascade already stopped"", ""state"": ""NOT_APPLICABLE"", ""value"": ""\u2014""}]","[""Float 27.3M over the 20M cap (A5: flagged, not killed; the pillar count decides).""]","{""above_ema9"": false, ""above_vwap"": false, ""buyout_announced"": false, ""catalyst_source_ok"": true, ""catalyst_today"": true, ""change_pct"": 126.67500000000001, ""feed_stale"": false, ""float_is_shares_outstanding"": false, ""float_shares"": 27320000.0, ""float_verified"": true, ""halted"": false, ""in_session_window"": true, ""is_fund_or_etf"": null, ""last"": 2.7201, ""live_theme"": false, ""macd_positive_and_above_signal"": true, ""penny_theme"": false, ""premarket_volume"": null, ""prev_close"": null, ""rvol"": 1032.4438132558992, ""session_high"": 3.72, ""session_volume"": 73243629.0, ""split_ratio_clean_integer"": null, ""symbol"": ""GLND"", ""tick_size"": null}",2.735,2.69,2.825,0.045,2.0,3,1,SUPPRESSED,,,2026-09-21T14:01:13+00:00,f8b3736c1218,d58633e,,,,2.735,14.5556,-1.8889,1,1,stop,1,2026-09-21T14:02:00Z,3.18,2.65,3.12
7e1291d2b5078671,2026-09-21T10:04:00-04:00,regular,CRML,pullback,ibkr-GRML-VEEE-GLND,IBKR · TWS read-only · live,live-backfill,1m,9.255,,,9.64,22327339.0,3.587273478173306,37.518573551263,82510000.0,verified,finviz via premarket_stars.py,0,0,REJECT,pillars,0,"[{""id"": ""price"", ""kills"": true, ""reason"": ""$9.26 is outside $2.00\u201320.00."", ""state"": ""PASS"", ""value"": ""$9.26  band $2.00\u201320.00""}, {""id"": ""float"", ""kills"": false, ""reason"": ""Float 82.5M is over the 20M cap."", ""state"": ""FAIL"", ""value"": ""82.5M""}, {""id"": ""catalyst"", ""kills"": false, ""reason"": ""No catalyst dated today and no live theme it belongs to."", ""state"": ""FAIL"", ""value"": ""none""}, {""id"": ""pillars"", ""kills"": true, ""reason"": ""Only 2 of the Five Pillars pass (need 4); missing rvol, float, catalyst."", ""state"": ""FAIL"", ""value"": ""2/5 \u2014 missing rvol, float, catalyst""}, {""id"": ""rising"", ""kills"": false, ""reason"": ""cascade already stopped"", ""state"": ""NOT_APPLICABLE"", ""value"": ""\u2014""}, {""id"": ""split"", ""kills"": false, ""reason"": ""cascade already stopped"", ""state"": ""NOT_APPLICABLE"", ""value"": ""\u2014""}, {""id"": ""instrument"", ""kills"": false, ""reason"": ""cascade already stopped"", ""state"": ""NOT_APPLICABLE"", ""value"": ""\u2014""}, {""id"": ""tick"", ""kills"": false, ""reason"": ""cascade already stopped"", ""state"": ""NOT_APPLICABLE"", ""value"": ""\u2014""}, {""id"": ""buyout"", ""kills"": false, ""reason"": ""cascade already stopped"", ""state"": ""NOT_APPLICABLE"", ""value"": ""\u2014""}]","[""Float 82.5M over the 20M cap (A5: flagged, not killed; the pillar count decides)."", ""No catalyst dated today and no live theme (A2: flagged, not killed; the read-out splits this cohort).""]","{""above_ema9"": true, ""above_vwap"": true, ""buyout_announced"": false, ""catalyst_source_ok"": true, ""catalyst_today"": false, ""change_pct"": 37.518573551263, ""feed_stale"": false, ""float_is_shares_outstanding"": false, ""float_shares"": 82510000.0, ""float_verified"": true, ""halted"": false, ""in_session_window"": true, ""is_fund_or_etf"": null, ""last"": 9.255, ""live_theme"": false, ""macd_positive_and_above_signal"": true, ""penny_theme"": false, ""premarket_volume"": null, ""prev_close"": null, ""rvol"": 3.587273478173306, ""session_high"": 9.64, ""session_volume"": 22327339.0, ""split_ratio_clean_integer"": null, ""symbol"": ""CRML"", ""tick_size"": null}",9.1981,9.095,9.4043,0.1031,2.0,2,1,SUPPRESSED,,,2026-09-21T14:15:46+00:00,be76eab7370f,cc8fae7,,,,9.1981,3.0252,-1.9214,1,1,stop,1,2026-09-21T14:05:00Z,9.29,9.06,9.215
607010cfd05c1012,2026-09-21T10:06:00-04:00,regular,NCPL,pullback,ibkr-GRML-VEEE-GLND,IBKR · TWS read-only · live,live,1m,1.24,1.23,1.24,1.41,63425771.0,721.4442472843087,67.40920750641284,4380000.0,verified,finviz via premarket_stars.py,0,0,REJECT,price,0,"[{""id"": ""price"", ""kills"": true, ""reason"": ""$1.24 is outside $2.00\u201320.00."", ""state"": ""FAIL"", ""value"": ""$1.24  band $2.00\u201320.00""}, {""id"": ""float"", ""kills"": false, ""reason"": ""cascade already stopped"", ""state"": ""NOT_APPLICABLE"", ""value"": ""\u2014""}, {""id"": ""catalyst"", ""kills"": false, ""reason"": ""cascade already stopped"", ""state"": ""NOT_APPLICABLE"", ""value"": ""\u2014""}, {""id"": ""pillars"", ""kills"": false, ""reason"": ""cascade already stopped"", ""state"": ""NOT_APPLICABLE"", ""value"": ""\u2014""}, {""id"": ""rising"", ""kills"": false, ""reason"": ""cascade already stopped"", ""state"": ""NOT_APPLICABLE"", ""value"": ""\u2014""}, {""id"": ""split"", ""kills"": false, ""reason"": ""cascade already stopped"", ""state"": ""NOT_APPLICABLE"", ""value"": ""\u2014""}, {""id"": ""instrument"", ""kills"": false, ""reason"": ""cascade already stopped"", ""state"": ""NOT_APPLICABLE"", ""value"": ""\u2014""}, {""id"": ""tick"", ""kills"": false, ""reason"": ""cascade already stopped"", ""state"": ""NOT_APPLICABLE"", ""value"": ""\u2014""}, {""id"": ""buyout"", ""kills"": false, ""reason"": ""cascade already stopped"", ""state"": ""NOT_APPLICABLE"", ""value"": ""\u2014""}]",[],"{""above_ema9"": true, ""above_vwap"": true, ""buyout_announced"": false, ""catalyst_source_ok"": true, ""catalyst_today"": false, ""change_pct"": 67.40920750641284, ""feed_stale"": false, ""float_is_shares_outstanding"": false, ""float_shares"": 4380000.0, ""float_verified"": true, ""halted"": false, ""in_session_window"": true, ""is_fund_or_etf"": null, ""last"": 1.24, ""live_theme"": false, ""macd_positive_and_above_signal"": true, ""penny_theme"": false, ""premarket_volume"": null, ""prev_close"": null, ""rvol"": 721.4442472843087, ""session_high"": 1.41, ""session_volume"": 63425771.0, ""split_ratio_clean_integer"": null, ""symbol"": ""NCPL"", ""tick_size"": null}",1.2499,1.15,1.4497,0.0999,2.0,2,0,SUPPRESSED,,,2026-09-21T14:06:43+00:00,f8b3736c1218,d58633e,,,,1.2499,,,0,0,untriggered,0,,1.23,1.05,1.0794
ed9be95e72478022,2026-09-21T10:07:00-04:00,regular,VEEE,pullback,ibkr-GRML-VEEE-GLND,IBKR · TWS read-only · live,live,1m,17.45,17.04,17.63,20.39,7076106.0,781.3333038883889,103.37995337995336,490000.0,verified,finviz via premarket_stars.py,0,0,WAIT,,1,"[{""id"": ""price"", ""kills"": true, ""reason"": ""$17.45 is outside $2.00\u201320.00."", ""state"": ""PASS"", ""value"": ""$17.45  band $2.00\u201320.00""}, {""id"": ""float"", ""kills"": false, ""reason"": """", ""state"": ""PASS"", ""value"": ""0.5M (verified)""}, {""id"": ""catalyst"", ""kills"": false, ""reason"": ""No catalyst dated today and no live theme it belongs to."", ""state"": ""FAIL"", ""value"": ""none""}, {""id"": ""pillars"", ""kills"": true, ""reason"": ""Only 4 of the Five Pillars pass (need 4); missing catalyst."", ""state"": ""PASS"", ""value"": ""4/5 \u2014 missing catalyst""}, {""id"": ""rising"", ""kills"": true, ""reason"": ""14.4% off the high \u2014 back side of the move."", ""state"": ""PASS"", ""value"": ""14.4% off 20.39""}, {""id"": ""split"", ""kills"": false, ""reason"": """", ""state"": ""PASS"", ""value"": ""gap is not arithmetic""}, {""id"": ""instrument"", ""kills"": false, ""reason"": """", ""state"": ""UNKNOWN"", ""value"": ""\u2014""}, {""id"": ""tick"", ""kills"": false, ""reason"": """", ""state"": ""UNKNOWN"", ""value"": ""\u2014""}, {""id"": ""buyout"", ""kills"": true, ""reason"": ""Acquisition announced \u2014 the price is pinned and volatility is gone."", ""state"": ""PASS"", ""value"": ""none""}, {""id"": ""vwap"", ""kills"": false, ""reason"": """", ""state"": ""PASS"", ""value"": ""yes""}, {""id"": ""ema9"", ""kills"": false, ""reason"": """", ""state"": ""PASS"", ""value"": ""yes""}, {""id"": ""macd"", ""kills"": false, ""reason"": """", ""state"": ""FAIL"", ""value"": ""no""}, {""id"": ""tape"", ""kills"": false, ""reason"": ""No tape and no book in this tool."", ""state"": ""MANUAL_CONFIRMATION_REQUIRED"", ""value"": ""your eyes""}]","[""No catalyst dated today and no live theme (A2: flagged, not killed; the read-out splits this cohort)."", ""Instrument type unknown \u2014 ADRs are fine, funds are not.""]","{""above_ema9"": true, ""above_vwap"": true, ""buyout_announced"": false, ""catalyst_source_ok"": true, ""catalyst_today"": false, ""change_pct"": 103.37995337995336, ""feed_stale"": false, ""float_is_shares_outstanding"": false, ""float_shares"": 490000.0, ""float_verified"": true, ""halted"": false, ""in_session_window"": true, ""is_fund_or_etf"": null, ""last"": 17.45, ""live_theme"": false, ""macd_positive_and_above_signal"": false, ""penny_theme"": false, ""premarket_volume"": null, ""prev_close"": null, ""rvol"": 781.3333038883889, ""session_high"": 20.39, ""session_volume"": 7076106.0, ""split_ratio_clean_integer"": null, ""symbol"": ""VEEE"", ""tick_size"": null}",17.59,17.07,18.63,0.52,2.0,1,1,REFUSED,"[""one position at a time (preregistration \u00a72): 1 order(s) alive or unresolved"", ""Layer 2 not green: verdict WAIT \u2014 chart gates must all be true at entry""]",2026-09-21T14:07:13+00:00,2026-09-21T14:07:10+00:00,f8b3736c1218,d58633e,,,,17.59,10.1154,-2.1923,1,1,target,1,2026-09-21T14:08:00Z,22.85,17.58,17.58
e6ef6b7ea85d615e,2026-09-21T10:12:00-04:00,regular,GLND,pullback,ibkr-GRML-VEEE-GLND,IBKR · TWS read-only · live,live-backfill,1m,2.775,,,3.72,76799453.0,177.8582357865825,131.25,27320000.0,verified,finviz via premarket_stars.py,1,0,REJECT,rising,0,"[{""id"": ""price"", ""kills"": true, ""reason"": ""$2.77 is outside $2.00\u201320.00."", ""state"": ""PASS"", ""value"": ""$2.77  band $2.00\u201320.00""}, {""id"": ""float"", ""kills"": false, ""reason"": ""Float 27.3M is over the 20M cap."", ""state"": ""FAIL"", ""value"": ""27.3M""}, {""id"": ""catalyst"", ""kills"": false, ""reason"": """", ""state"": ""PASS"", ""value"": ""news today""}, {""id"": ""pillars"", ""kills"": true, ""reason"": ""Only 4 of the Five Pillars pass (need 4); missing float."", ""state"": ""PASS"", ""value"": ""4/5 \u2014 missing float""}, {""id"": ""rising"", ""kills"": true, ""reason"": ""25.4% off the high \u2014 back side of the move."", ""state"": ""FAIL"", ""value"": ""25.4% off 3.72""}, {""id"": ""split"", ""kills"": false, ""reason"": ""cascade already stopped"", ""state"": ""NOT_APPLICABLE"", ""value"": ""\u2014""}, {""id"": ""instrument"", ""kills"": false, ""reason"": ""cascade already stopped"", ""state"": ""NOT_APPLICABLE"", ""value"": ""\u2014""}, {""id"": ""tick"", ""kills"": false, ""reason"": ""cascade already stopped"", ""state"": ""NOT_APPLICABLE"", ""value"": ""\u2014""}, {""id"": ""buyout"", ""kills"": false, ""reason"": ""cascade already stopped"", ""state"": ""NOT_APPLICABLE"", ""value"": ""\u2014""}]","[""Float 27.3M over the 20M cap (A5: flagged, not killed; the pillar count decides).""]","{""above_ema9"": true, ""above_vwap"": false, ""buyout_announced"": false, ""catalyst_source_ok"": true, ""catalyst_today"": true, ""change_pct"": 131.25, ""feed_stale"": false, ""float_is_shares_outstanding"": false, ""float_shares"": 27320000.0, ""float_verified"": true, ""halted"": false, ""in_session_window"": true, ""is_fund_or_etf"": null, ""last"": 2.775, ""live_theme"": false, ""macd_positive_and_above_signal"": true, ""penny_theme"": false, ""premarket_volume"": null, ""prev_close"": null, ""rvol"": 177.8582357865825, ""session_high"": 3.72, ""session_volume"": 76799453.0, ""split_ratio_clean_integer"": null, ""symbol"": ""GLND"", ""tick_size"": null}",2.7899,2.75,2.8697,0.0399,2.0,2,1,SUPPRESSED,,,2026-09-21T14:15:46+00:00,be76eab7370f,cc8fae7,,,,2.7899,15.0401,-0.7494,0,1,target,1,2026-09-21T14:13:00Z,3.18,2.76,3.12
48f2ae10d387017c,2026-09-21T10:12:00-04:00,regular,CPOP,pullback,ibkr-GRML-VEEE-GLND,IBKR · TWS read-only · live,live-backfill,1m,5.4,,,6.71,602157.0,4.582552333638503,31.386861313868607,,unknown,EDGAR has no shares-outstanding figure for this registrant,0,0,REJECT,pillars,0,"[{""id"": ""price"", ""kills"": true, ""reason"": ""$5.40 is outside $2.00\u201320.00."", ""state"": ""PASS"", ""value"": ""$5.40  band $2.00\u201320.00""}, {""id"": ""float"", ""kills"": false, ""reason"": ""Float unknown; the cascade fails closed."", ""state"": ""UNKNOWN"", ""value"": ""unknown""}, {""id"": ""catalyst"", ""kills"": false, ""reason"": ""No catalyst dated today and no live theme it belongs to."", ""state"": ""FAIL"", ""value"": ""none""}, {""id"": ""pillars"", ""kills"": true, ""reason"": ""Only 2 of the Five Pillars pass (need 4); missing rvol, float, catalyst."", ""state"": ""FAIL"", ""value"": ""2/5 \u2014 missing rvol, float, catalyst""}, {""id"": ""rising"", ""kills"": false, ""reason"": ""cascade already stopped"", ""state"": ""NOT_APPLICABLE"", ""value"": ""\u2014""}, {""id"": ""split"", ""kills"": false, ""reason"": ""cascade already stopped"", ""state"": ""NOT_APPLICABLE"", ""value"": ""\u2014""}, {""id"": ""instrument"", ""kills"": false, ""reason"": ""cascade already stopped"", ""state"": ""NOT_APPLICABLE"", ""value"": ""\u2014""}, {""id"": ""tick"", ""kills"": false, ""reason"": ""cascade already stopped"", ""state"": ""NOT_APPLICABLE"", ""value"": ""\u2014""}, {""id"": ""buyout"", ""kills"": false, ""reason"": ""cascade already stopped"", ""state"": ""NOT_APPLICABLE"", ""value"": ""\u2014""}]","[""No catalyst dated today and no live theme (A2: flagged, not killed; the read-out splits this cohort).""]","{""above_ema9"": true, ""above_vwap"": false, ""buyout_announced"": false, ""catalyst_source_ok"": true, ""catalyst_today"": false, ""change_pct"": 31.386861313868607, ""feed_stale"": false, ""float_is_shares_outstanding"": false, ""float_shares"": null, ""float_verified"": false, ""halted"": false, ""in_session_window"": true, ""is_fund_or_etf"": null, ""last"": 5.4, ""live_theme"": false, ""macd_positive_and_above_signal"": true, ""penny_theme"": false, ""premarket_volume"": null, ""prev_close"": null, ""rvol"": 4.582552333638503, ""session_high"": 6.71, ""session_volume"": 602157.0, ""split_ratio_clean_integer"": null, ""symbol"": ""CPOP"", ""tick_size"": null}",5.25,5.1,5.55,0.15,2.0,2,1,SUPPRESSED,,,2026-09-21T14:15:46+00:00,be76eab7370f,cc8fae7,,,,5.25,3.0,-6.3333,1,1,target,1,2026-09-21T14:13:00Z,5.7,4.57,4.46
1bfdab3f646e3112,2026-09-21T10:23:00-04:00,regular,GLND,pullback,ibkr-GRML-VEEE-GLND,IBKR · TWS read-only · live,live,1m,2.9239,2.92,2.93,3.72,81968511.0,974.2961690696652,143.65833333333336,27320000.0,verified,finviz via premarket_stars.py,1,0,WAIT,,1,"[{""id"": ""price"", ""kills"": true, ""reason"": ""$2.92 is outside $2.00\u201320.00."", ""state"": ""PASS"", ""value"": ""$2.92  band $2.00\u201320.00""}, {""id"": ""float"", ""kills"": false, ""reason"": ""Float 27.3M is over the 20M cap."", ""state"": ""FAIL"", ""value"": ""27.3M""}, {""id"": ""catalyst"", ""kills"": false, ""reason"": """", ""state"": ""PASS"", ""value"": ""news today""}, {""id"": ""pillars"", ""kills"": true, ""reason"": ""Only 4 of the Five Pillars pass (need 4); missing float."", ""state"": ""PASS"", ""value"": ""4/5 \u2014 missing float""}, {""id"": ""rising"", ""kills"": true, ""reason"": ""21.4% off the high \u2014 back side of the move."", ""state"": ""PASS"", ""value"": ""21.4% off 3.72""}, {""id"": ""split"", ""kills"": false, ""reason"": """", ""state"": ""PASS"", ""value"": ""gap is not arithmetic""}, {""id"": ""instrument"", ""kills"": false, ""reason"": """", ""state"": ""UNKNOWN"", ""value"": ""\u2014""}, {""id"": ""tick"", ""kills"": false, ""reason"": """", ""state"": ""UNKNOWN"", ""value"": ""\u2014""}, {""id"": ""buyout"", ""kills"": true, ""reason"": ""Acquisition announced \u2014 the price is pinned and volatility is gone."", ""state"": ""PASS"", ""value"": ""none""}, {""id"": ""vwap"", ""kills"": false, ""reason"": """", ""state"": ""FAIL"", ""value"": ""no""}, {""id"": ""ema9"", ""kills"": false, ""reason"": """", ""state"": ""PASS"", ""value"": ""yes""}, {""id"": ""macd"", ""kills"": false, ""reason"": """", ""state"": ""PASS"", ""value"": ""yes""}, {""id"": ""tape"", ""kills"": false, ""reason"": ""No tape and no book in this tool."", ""state"": ""MANUAL_CONFIRMATION_REQUIRED"", ""value"": ""your eyes""}]","[""Float 27.3M over the 20M cap (A5: flagged, not killed; the pillar count decides)."", ""Instrument type unknown \u2014 ADRs are fine, funds are not.""]","{""above_ema9"": true, ""above_vwap"": false, ""buyout_announced"": false, ""catalyst_source_ok"": true, ""catalyst_today"": true, ""change_pct"": 143.65833333333336, ""feed_stale"": false, ""float_is_shares_outstanding"": false, ""float_shares"": 27320000.0, ""float_verified"": true, ""halted"": false, ""in_session_window"": true, ""is_fund_or_etf"": null, ""last"": 2.9239, ""live_theme"": false, ""macd_positive_and_above_signal"": true, ""penny_theme"": false, ""premarket_volume"": null, ""prev_close"": null, ""rvol"": 974.2961690696652, ""session_high"": 3.72, ""session_volume"": 81968511.0, ""split_ratio_clean_integer"": null, ""symbol"": ""GLND"", ""tick_size"": null}",2.9,2.85,3.0,0.05,2.0,2,1,REFUSED,"[""one position at a time (preregistration \u00a72): 1 order(s) alive or unresolved"", ""Layer 2 not green: verdict WAIT \u2014 chart gates must all be true at entry""]",2026-09-21T14:23:43+00:00,2026-09-21T14:23:42+00:00,be76eab7370f,cc8fae7,,,,2.9,9.8,0.0,0,1,target,1,2026-09-21T14:24:00Z,3.18,2.9,3.12
f14f4258fc9cf82e,2026-09-21T10:27:00-04:00,regular,CPOP,pullback,ibkr-GRML-VEEE-GLND,IBKR · TWS read-only · live,live,1m,5.4,5.34,5.46,6.71,709511.0,50.63811099082202,31.386861313868607,,unknown,EDGAR has no shares-outstanding figure for this registrant,0,0,REJECT,pillars,0,"[{""id"": ""price"", ""kills"": true, ""reason"": ""$5.40 is outside $2.00\u201320.00."", ""state"": ""PASS"", ""value"": ""$5.40  band $2.00\u201320.00""}, {""id"": ""float"", ""kills"": false, ""reason"": ""Float unknown; the cascade fails closed."", ""state"": ""UNKNOWN"", ""value"": ""unknown""}, {""id"": ""catalyst"", ""kills"": false, ""reason"": ""No catalyst dated today and no live theme it belongs to."", ""state"": ""FAIL"", ""value"": ""none""}, {""id"": ""pillars"", ""kills"": true, ""reason"": ""Only 3 of the Five Pillars pass (need 4); missing float, catalyst."", ""state"": ""FAIL"", ""value"": ""3/5 \u2014 missing float, catalyst""}, {""id"": ""rising"", ""kills"": false, ""reason"": ""cascade already stopped"", ""state"": ""NOT_APPLICABLE"", ""value"": ""\u2014""}, {""id"": ""split"", ""kills"": false, ""reason"": ""cascade already stopped"", ""state"": ""NOT_APPLICABLE"", ""value"": ""\u2014""}, {""id"": ""instrument"", ""kills"": false, ""reason"": ""cascade already stopped"", ""state"": ""NOT_APPLICABLE"", ""value"": ""\u2014""}, {""id"": ""tick"", ""kills"": false, ""reason"": ""cascade already stopped"", ""state"": ""NOT_APPLICABLE"", ""value"": ""\u2014""}, {""id"": ""buyout"", ""kills"": false, ""reason"": ""cascade already stopped"", ""state"": ""NOT_APPLICABLE"", ""value"": ""\u2014""}]","[""No catalyst dated today and no live theme (A2: flagged, not killed; the read-out splits this cohort).""]","{""above_ema9"": true, ""above_vwap"": false, ""buyout_announced"": false, ""catalyst_source_ok"": true, ""catalyst_today"": false, ""change_pct"": 31.386861313868607, ""feed_stale"": false, ""float_is_shares_outstanding"": false, ""float_shares"": null, ""float_verified"": false, ""halted"": false, ""in_session_window"": true, ""is_fund_or_etf"": null, ""last"": 5.4, ""live_theme"": false, ""macd_positive_and_above_signal"": true, ""penny_theme"": false, ""premarket_volume"": null, ""prev_close"": null, ""rvol"": 50.63811099082202, ""session_high"": 6.71, ""session_volume"": 709511.0, ""split_ratio_clean_integer"": null, ""symbol"": ""CPOP"", ""tick_size"": null}",5.38,5.32,5.5,0.06,2.0,4,1,SUPPRESSED,,,2026-09-21T14:27:53+00:00,be76eab7370f,cc8fae7,,,,5.38,0.3333,-18.0,1,0,stop,1,2026-09-21T14:28:00Z,5.4,4.56,4.46
4a39e8e1b1fb913e,2026-09-21T10:34:00-04:00,regular,GLND,pullback,ibkr-GRML-VEEE-GLND,IBKR · TWS read-only · live,live,1m,3.09,3.09,3.1,3.72,92187174.0,1079.0202490753313,157.50000000000003,27320000.0,verified,finviz via premarket_stars.py,1,0,REVIEW,,1,"[{""id"": ""price"", ""kills"": true, ""reason"": ""$3.09 is outside $2.00\u201320.00."", ""state"": ""PASS"", ""value"": ""$3.09  band $2.00\u201320.00""}, {""id"": ""float"", ""kills"": false, ""reason"": ""Float 27.3M is over the 20M cap."", ""state"": ""FAIL"", ""value"": ""27.3M""}, {""id"": ""catalyst"", ""kills"": false, ""reason"": """", ""state"": ""PASS"", ""value"": ""news today""}, {""id"": ""pillars"", ""kills"": true, ""reason"": ""Only 4 of the Five Pillars pass (need 4); missing float."", ""state"": ""PASS"", ""value"": ""4/5 \u2014 missing float""}, {""id"": ""rising"", ""kills"": true, ""reason"": ""16.9% off the high \u2014 back side of the move."", ""state"": ""PASS"", ""value"": ""16.9% off 3.72""}, {""id"": ""split"", ""kills"": false, ""reason"": """", ""state"": ""PASS"", ""value"": ""gap is not arithmetic""}, {""id"": ""instrument"", ""kills"": false, ""reason"": """", ""state"": ""UNKNOWN"", ""value"": ""\u2014""}, {""id"": ""tick"", ""kills"": false, ""reason"": """", ""state"": ""UNKNOWN"", ""value"": ""\u2014""}, {""id"": ""buyout"", ""kills"": true, ""reason"": ""Acquisition announced \u2014 the price is pinned and volatility is gone."", ""state"": ""PASS"", ""value"": ""none""}, {""id"": ""vwap"", ""kills"": false, ""reason"": """", ""state"": ""PASS"", ""value"": ""yes""}, {""id"": ""ema9"", ""kills"": false, ""reason"": """", ""state"": ""PASS"", ""value"": ""yes""}, {""id"": ""macd"", ""kills"": false, ""reason"": """", ""state"": ""PASS"", ""value"": ""yes""}, {""id"": ""tape"", ""kills"": false, ""reason"": ""No tape and no book in this tool."", ""state"": ""MANUAL_CONFIRMATION_REQUIRED"", ""value"": ""your eyes""}]","[""Float 27.3M over the 20M cap (A5: flagged, not killed; the pillar count decides)."", ""Instrument type unknown \u2014 ADRs are fine, funds are not.""]","{""above_ema9"": true, ""above_vwap"": true, ""buyout_announced"": false, ""catalyst_source_ok"": true, ""catalyst_today"": true, ""change_pct"": 157.50000000000003, ""feed_stale"": false, ""float_is_shares_outstanding"": false, ""float_shares"": 27320000.0, ""float_verified"": true, ""halted"": false, ""in_session_window"": true, ""is_fund_or_etf"": null, ""last"": 3.09, ""live_theme"": false, ""macd_positive_and_above_signal"": true, ""penny_theme"": false, ""premarket_volume"": null, ""prev_close"": null, ""rvol"": 1079.0202490753313, ""session_high"": 3.72, ""session_volume"": 92187174.0, ""split_ratio_clean_integer"": null, ""symbol"": ""GLND"", ""tick_size"": null}",3.09,3.03,3.21,0.06,2.0,3,1,REFUSED,"[""one position at a time (preregistration \u00a72): 1 order(s) alive or unresolved""]",2026-09-21T14:34:24+00:00,2026-09-21T14:34:23+00:00,be76eab7370f,cc8fae7,,,,3.09,5.0,-2.3333,1,1,stop,1,2026-09-21T14:35:00Z,3.39,2.95,3.12
fa07ec0e0e860b49,2026-09-21T10:38:00-04:00,regular,VRME,pullback,ibkr-GRML-VEEE-GLND,IBKR · TWS read-only · live,live,1m,1.1,1.1,1.11,1.21,18886074.0,2914.0678907575993,38.36477987421385,9970000.0,verified,finviz via premarket_stars.py,0,0,REJECT,price,0,"[{""id"": ""price"", ""kills"": true, ""reason"": ""$1.10 is outside $2.00\u201320.00."", ""state"": ""FAIL"", ""value"": ""$1.10  band $2.00\u201320.00""}, {""id"": ""float"", ""kills"": false, ""reason"": ""cascade already stopped"", ""state"": ""NOT_APPLICABLE"", ""value"": ""\u2014""}, {""id"": ""catalyst"", ""kills"": false, ""reason"": ""cascade already stopped"", ""state"": ""NOT_APPLICABLE"", ""value"": ""\u2014""}, {""id"": ""pillars"", ""kills"": false, ""reason"": ""cascade already stopped"", ""state"": ""NOT_APPLICABLE"", ""value"": ""\u2014""}, {""id"": ""rising"", ""kills"": false, ""reason"": ""cascade already stopped"", ""state"": ""NOT_APPLICABLE"", ""value"": ""\u2014""}, {""id"": ""split"", ""kills"": false, ""reason"": ""cascade already stopped"", ""state"": ""NOT_APPLICABLE"", ""value"": ""\u2014""}, {""id"": ""instrument"", ""kills"": false, ""reason"": ""cascade already stopped"", ""state"": ""NOT_APPLICABLE"", ""value"": ""\u2014""}, {""id"": ""tick"", ""kills"": false, ""reason"": ""cascade already stopped"", ""state"": ""NOT_APPLICABLE"", ""value"": ""\u2014""}, {""id"": ""buyout"", ""kills"": false, ""reason"": ""cascade already stopped"", ""state"": ""NOT_APPLICABLE"", ""value"": ""\u2014""}]",[],"{""above_ema9"": false, ""above_vwap"": true, ""buyout_announced"": false, ""catalyst_source_ok"": true, ""catalyst_today"": false, ""change_pct"": 38.36477987421385, ""feed_stale"": false, ""float_is_shares_outstanding"": false, ""float_shares"": 9970000.0, ""float_verified"": true, ""halted"": false, ""in_session_window"": true, ""is_fund_or_etf"": null, ""last"": 1.1, ""live_theme"": false, ""macd_positive_and_above_signal"": false, ""penny_theme"": false, ""premarket_volume"": null, ""prev_close"": null, ""rvol"": 2914.0678907575993, ""session_high"": 1.21, ""session_volume"": 18886074.0, ""split_ratio_clean_integer"": null, ""symbol"": ""VRME"", ""tick_size"": null}",1.1198,1.08,1.1994,0.0398,2.0,2,1,SUPPRESSED,,,2026-09-21T14:38:10+00:00,be76eab7370f,cc8fae7,,,,1.1198,2.0151,-1.5025,1,1,target,1,2026-09-21T14:40:00Z,1.2,1.06,1.0908
925a3bdf834e4bc2,2026-09-21T10:41:00-04:00,regular,CPOP,pullback,ibkr-GRML-VEEE-GLND,IBKR · TWS read-only · live,live,1m,4.82,4.67,4.8,6.71,755179.0,52.2109375,17.27493917274938,,unknown,EDGAR has no shares-outstanding figure for this registrant,0,0,REJECT,pillars,0,"[{""id"": ""price"", ""kills"": true, ""reason"": ""$4.82 is outside $2.00\u201320.00."", ""state"": ""PASS"", ""value"": ""$4.82  band $2.00\u201320.00""}, {""id"": ""float"", ""kills"": false, ""reason"": ""Float unknown; the cascade fails closed."", ""state"": ""UNKNOWN"", ""value"": ""unknown""}, {""id"": ""catalyst"", ""kills"": false, ""reason"": ""No catalyst dated today and no live theme it belongs to."", ""state"": ""FAIL"", ""value"": ""none""}, {""id"": ""pillars"", ""kills"": true, ""reason"": ""Only 3 of the Five Pillars pass (need 4); missing float, catalyst."", ""state"": ""FAIL"", ""value"": ""3/5 \u2014 missing float, catalyst""}, {""id"": ""rising"", ""kills"": false, ""reason"": ""cascade already stopped"", ""state"": ""NOT_APPLICABLE"", ""value"": ""\u2014""}, {""id"": ""split"", ""kills"": false, ""reason"": ""cascade already stopped"", ""state"": ""NOT_APPLICABLE"", ""value"": ""\u2014""}, {""id"": ""instrument"", ""kills"": false, ""reason"": ""cascade already stopped"", ""state"": ""NOT_APPLICABLE"", ""value"": ""\u2014""}, {""id"": ""tick"", ""kills"": false, ""reason"": ""cascade already stopped"", ""state"": ""NOT_APPLICABLE"", ""value"": ""\u2014""}, {""id"": ""buyout"", ""kills"": false, ""reason"": ""cascade already stopped"", ""state"": ""NOT_APPLICABLE"", ""value"": ""\u2014""}]","[""No catalyst dated today and no live theme (A2: flagged, not killed; the read-out splits this cohort).""]","{""above_ema9"": false, ""above_vwap"": false, ""buyout_announced"": false, ""catalyst_source_ok"": true, ""catalyst_today"": false, ""change_pct"": 17.27493917274938, ""feed_stale"": false, ""float_is_shares_outstanding"": false, ""float_shares"": null, ""float_verified"": false, ""halted"": false, ""in_session_window"": true, ""is_fund_or_etf"": null, ""last"": 4.82, ""live_theme"": false, ""macd_positive_and_above_signal"": false, ""penny_theme"": false, ""premarket_volume"": null, ""prev_close"": null, ""rvol"": 52.2109375, ""session_high"": 6.71, ""session_volume"": 755179.0, ""split_ratio_clean_integer"": null, ""symbol"": ""CPOP"", ""tick_size"": null}",4.81,4.69,5.05,0.12,2.0,2,1,SUPPRESSED,,,2026-09-21T14:41:43+00:00,be76eab7370f,cc8fae7,,,,4.81,0.0833,-4.25,1,0,stop,1,2026-09-21T14:42:00Z,4.82,4.3,4.46
736f7510d0a1d46e,2026-09-21T10:44:00-04:00,regular,GRML,pullback,ibkr-GRML-VEEE-GLND,IBKR · TWS read-only · live,live,1m,7.58,7.57,7.6,8.2,77319402.0,881.3537525077512,165.96491228070172,2870000.0,verified,finviz via premarket_stars.py,0,0,REVIEW,,1,"[{""id"": ""price"", ""kills"": true, ""reason"": ""$7.58 is outside $2.00\u201320.00."", ""state"": ""PASS"", ""value"": ""$7.58  band $2.00\u201320.00""}, {""id"": ""float"", ""kills"": false, ""reason"": """", ""state"": ""PASS"", ""value"": ""2.9M (verified)""}, {""id"": ""catalyst"", ""kills"": false, ""reason"": ""No catalyst dated today and no live theme it belongs to."", ""state"": ""FAIL"", ""value"": ""none""}, {""id"": ""pillars"", ""kills"": true, ""reason"": ""Only 4 of the Five Pillars pass (need 4); missing catalyst."", ""state"": ""PASS"", ""value"": ""4/5 \u2014 missing catalyst""}, {""id"": ""rising"", ""kills"": true, ""reason"": ""7.6% off the high \u2014 back side of the move."", ""state"": ""PASS"", ""value"": ""7.6% off 8.20""}, {""id"": ""split"", ""kills"": false, ""reason"": """", ""state"": ""PASS"", ""value"": ""gap is not arithmetic""}, {""id"": ""instrument"", ""kills"": false, ""reason"": """", ""state"": ""UNKNOWN"", ""value"": ""\u2014""}, {""id"": ""tick"", ""kills"": false, ""reason"": """", ""state"": ""UNKNOWN"", ""value"": ""\u2014""}, {""id"": ""buyout"", ""kills"": true, ""reason"": ""Acquisition announced \u2014 the price is pinned and volatility is gone."", ""state"": ""PASS"", ""value"": ""none""}, {""id"": ""vwap"", ""kills"": false, ""reason"": """", ""state"": ""PASS"", ""value"": ""yes""}, {""id"": ""ema9"", ""kills"": false, ""reason"": """", ""state"": ""PASS"", ""value"": ""yes""}, {""id"": ""macd"", ""kills"": false, ""reason"": """", ""state"": ""PASS"", ""value"": ""yes""}, {""id"": ""tape"", ""kills"": false, ""reason"": ""No tape and no book in this tool."", ""state"": ""MANUAL_CONFIRMATION_REQUIRED"", ""value"": ""your eyes""}]","[""No catalyst dated today and no live theme (A2: flagged, not killed; the read-out splits this cohort)."", ""Instrument type unknown \u2014 ADRs are fine, funds are not.""]","{""above_ema9"": true, ""above_vwap"": true, ""buyout_announced"": false, ""catalyst_source_ok"": true, ""catalyst_today"": false, ""change_pct"": 165.96491228070172, ""feed_stale"": false, ""float_is_shares_outstanding"": false, ""float_shares"": 2870000.0, ""float_verified"": true, ""halted"": false, ""in_session_window"": true, ""is_fund_or_etf"": null, ""last"": 7.58, ""live_theme"": false, ""macd_positive_and_above_signal"": true, ""penny_theme"": false, ""premarket_volume"": null, ""prev_close"": null, ""rvol"": 881.3537525077512, ""session_high"": 8.2, ""session_volume"": 77319402.0, ""split_ratio_clean_integer"": null, ""symbol"": ""GRML"", ""tick_size"": null}",7.41,7.23,7.77,0.18,2.0,2,1,REFUSED,"[""one position at a time (preregistration \u00a72): 1 order(s) alive or unresolved""]",2026-09-21T14:44:14+00:00,2026-09-21T14:44:11+00:00,be76eab7370f,cc8fae7,,,,7.41,23.7222,-2.3333,1,1,target,1,2026-09-21T14:45:00Z,9.85,6.99,10.76
49bf0072af90b628,2026-09-21T10:44:00-04:00,regular,VEEE,pullback,ibkr-GRML-VEEE-GLND,IBKR · TWS read-only · live,live,1m,19.11,18.7,19.0,22.85,9868747.0,1089.692649989786,122.7272727272727,490000.0,verified,finviz via premarket_stars.py,0,0,REVIEW,,1,"[{""id"": ""price"", ""kills"": true, ""reason"": ""$19.11 is outside $2.00\u201320.00."", ""state"": ""PASS"", ""value"": ""$19.11  band $2.00\u201320.00""}, {""id"": ""float"", ""kills"": false, ""reason"": """", ""state"": ""PASS"", ""value"": ""0.5M (verified)""}, {""id"": ""catalyst"", ""kills"": false, ""reason"": ""No catalyst dated today and no live theme it belongs to."", ""state"": ""FAIL"", ""value"": ""none""}, {""id"": ""pillars"", ""kills"": true, ""reason"": ""Only 4 of the Five Pillars pass (need 4); missing catalyst."", ""state"": ""PASS"", ""value"": ""4/5 \u2014 missing catalyst""}, {""id"": ""rising"", ""kills"": true, ""reason"": ""16.4% off the high \u2014 back side of the move."", ""state"": ""PASS"", ""value"": ""16.4% off 22.85""}, {""id"": ""split"", ""kills"": false, ""reason"": """", ""state"": ""PASS"", ""value"": ""gap is not arithmetic""}, {""id"": ""instrument"", ""kills"": false, ""reason"": """", ""state"": ""UNKNOWN"", ""value"": ""\u2014""}, {""id"": ""tick"", ""kills"": false, ""reason"": """", ""state"": ""UNKNOWN"", ""value"": ""\u2014""}, {""id"": ""buyout"", ""kills"": true, ""reason"": ""Acquisition announced \u2014 the price is pinned and volatility is gone."", ""state"": ""PASS"", ""value"": ""none""}, {""id"": ""vwap"", ""kills"": false, ""reason"": """", ""state"": ""PASS"", ""value"": ""yes""}, {""id"": ""ema9"", ""kills"": false, ""reason"": """", ""state"": ""PASS"", ""value"": ""yes""}, {""id"": ""macd"", ""kills"": false, ""reason"": """", ""state"": ""PASS"", ""value"": ""yes""}, {""id"": ""tape"", ""kills"": false, ""reason"": ""No tape and no book in this tool."", ""state"": ""MANUAL_CONFIRMATION_REQUIRED"", ""value"": ""your eyes""}]","[""No catalyst dated today and no live theme (A2: flagged, not killed; the read-out splits this cohort)."", ""Instrument type unknown \u2014 ADRs are fine, funds are not.""]","{""above_ema9"": true, ""above_vwap"": true, ""buyout_announced"": false, ""catalyst_source_ok"": true, ""catalyst_today"": false, ""change_pct"": 122.7272727272727, ""feed_stale"": false, ""float_is_shares_outstanding"": false, ""float_shares"": 490000.0, ""float_verified"": true, ""halted"": false, ""in_session_window"": true, ""is_fund_or_etf"": null, ""last"": 19.11, ""live_theme"": false, ""macd_positive_and_above_signal"": true, ""penny_theme"": false, ""premarket_volume"": null, ""prev_close"": null, ""rvol"": 1089.692649989786, ""session_high"": 22.85, ""session_volume"": 9868747.0, ""split_ratio_clean_integer"": null, ""symbol"": ""VEEE"", ""tick_size"": null}",19.08,18.55,20.14,0.53,2.0,2,1,REFUSED,"[""one position at a time (preregistration \u00a72): 1 order(s) alive or unresolved""]",2026-09-21T14:44:34+00:00,2026-09-21T14:44:33+00:00,be76eab7370f,cc8fae7,,,,19.08,2.8679,-4.9623,1,1,target,1,2026-09-21T14:45:00Z,20.6,16.8,17.58
a574f130f2896a07,2026-09-21T10:54:00-04:00,regular,GLND,pullback,ibkr-GRML-VEEE-GLND,IBKR · TWS read-only · live,live,1m,3.0,2.99,3.0,3.72,101250156.0,1132.982968914352,150.0,27320000.0,verified,finviz via premarket_stars.py,1,0,WAIT,,1,"[{""id"": ""price"", ""kills"": true, ""reason"": ""$3.00 is outside $2.00\u201320.00."", ""state"": ""PASS"", ""value"": ""$3.00  band $2.00\u201320.00""}, {""id"": ""float"", ""kills"": false, ""reason"": ""Float 27.3M is over the 20M cap."", ""state"": ""FAIL"", ""value"": ""27.3M""}, {""id"": ""catalyst"", ""kills"": false, ""reason"": """", ""state"": ""PASS"", ""value"": ""news today""}, {""id"": ""pillars"", ""kills"": true, ""reason"": ""Only 4 of the Five Pillars pass (need 4); missing float."", ""state"": ""PASS"", ""value"": ""4/5 \u2014 missing float""}, {""id"": ""rising"", ""kills"": true, ""reason"": ""19.4% off the high \u2014 back side of the move."", ""state"": ""PASS"", ""value"": ""19.4% off 3.72""}, {""id"": ""split"", ""kills"": false, ""reason"": """", ""state"": ""PASS"", ""value"": ""gap is not arithmetic""}, {""id"": ""instrument"", ""kills"": false, ""reason"": """", ""state"": ""UNKNOWN"", ""value"": ""\u2014""}, {""id"": ""tick"", ""kills"": false, ""reason"": """", ""state"": ""UNKNOWN"", ""value"": ""\u2014""}, {""id"": ""buyout"", ""kills"": true, ""reason"": ""Acquisition announced \u2014 the price is pinned and volatility is gone."", ""state"": ""PASS"", ""value"": ""none""}, {""id"": ""vwap"", ""kills"": false, ""reason"": """", ""state"": ""PASS"", ""value"": ""yes""}, {""id"": ""ema9"", ""kills"": false, ""reason"": """", ""state"": ""FAIL"", ""value"": ""no""}, {""id"": ""macd"", ""kills"": false, ""reason"": """", ""state"": ""FAIL"", ""value"": ""no""}, {""id"": ""tape"", ""kills"": false, ""reason"": ""No tape and no book in this tool."", ""state"": ""MANUAL_CONFIRMATION_REQUIRED"", ""value"": ""your eyes""}]","[""Float 27.3M over the 20M cap (A5: flagged, not killed; the pillar count decides)."", ""Instrument type unknown \u2014 ADRs are fine, funds are not.""]","{""above_ema9"": false, ""above_vwap"": true, ""buyout_announced"": false, ""catalyst_source_ok"": true, ""catalyst_today"": true, ""change_pct"": 150.0, ""feed_stale"": false, ""float_is_shares_outstanding"": false, ""float_shares"": 27320000.0, ""float_verified"": true, ""halted"": false, ""in_session_window"": true, ""is_fund_or_etf"": null, ""last"": 3.0, ""live_theme"": false, ""macd_positive_and_above_signal"": false, ""penny_theme"": false, ""premarket_volume"": null, ""prev_close"": null, ""rvol"": 1132.982968914352, ""session_high"": 3.72, ""session_volume"": 101250156.0, ""split_ratio_clean_integer"": null, ""symbol"": ""GLND"", ""tick_size"": null}",3.006,2.96,3.098,0.046,2.0,3,1,REFUSED,"[""one position at a time (preregistration \u00a72): 1 order(s) alive or unresolved"", ""Layer 2 not green: verdict WAIT \u2014 chart gates must all be true at entry""]",2026-09-21T14:54:25+00:00,2026-09-21T14:54:21+00:00,be76eab7370f,cc8fae7,,,,3.006,8.3478,0.087,0,1,target,1,2026-09-21T14:55:00Z,3.39,3.01,3.12
ee5333cb641841c4,2026-09-21T10:55:00-04:00,regular,NCPL,pullback,ibkr-GRML-VEEE-GLND,IBKR · TWS read-only · live,live,1m,1.1589,1.15,1.16,1.41,71540796.0,641.7481117350509,56.46010530579182,4380000.0,verified,finviz via premarket_stars.py,0,0,REJECT,price,0,"[{""id"": ""price"", ""kills"": true, ""reason"": ""$1.16 is outside $2.00\u201320.00."", ""state"": ""FAIL"", ""value"": ""$1.16  band $2.00\u201320.00""}, {""id"": ""float"", ""kills"": false, ""reason"": ""cascade already stopped"", ""state"": ""NOT_APPLICABLE"", ""value"": ""\u2014""}, {""id"": ""catalyst"", ""kills"": false, ""reason"": ""cascade already stopped"", ""state"": ""NOT_APPLICABLE"", ""value"": ""\u2014""}, {""id"": ""pillars"", ""kills"": false, ""reason"": ""cascade already stopped"", ""state"": ""NOT_APPLICABLE"", ""value"": ""\u2014""}, {""id"": ""rising"", ""kills"": false, ""reason"": ""cascade already stopped"", ""state"": ""NOT_APPLICABLE"", ""value"": ""\u2014""}, {""id"": ""split"", ""kills"": false, ""reason"": ""cascade already stopped"", ""state"": ""NOT_APPLICABLE"", ""value"": ""\u2014""}, {""id"": ""instrument"", ""kills"": false, ""reason"": ""cascade already stopped"", ""state"": ""NOT_APPLICABLE"", ""value"": ""\u2014""}, {""id"": ""tick"", ""kills"": false, ""reason"": ""cascade already stopped"", ""state"": ""NOT_APPLICABLE"", ""value"": ""\u2014""}, {""id"": ""buyout"", ""kills"": false, ""reason"": ""cascade already stopped"", ""state"": ""NOT_APPLICABLE"", ""value"": ""\u2014""}]",[],"{""above_ema9"": true, ""above_vwap"": false, ""buyout_announced"": false, ""catalyst_source_ok"": true, ""catalyst_today"": false, ""change_pct"": 56.46010530579182, ""feed_stale"": false, ""float_is_shares_outstanding"": false, ""float_shares"": 4380000.0, ""float_verified"": true, ""halted"": false, ""in_session_window"": true, ""is_fund_or_etf"": null, ""last"": 1.1589, ""live_theme"": false, ""macd_positive_and_above_signal"": true, ""penny_theme"": false, ""premarket_volume"": null, ""prev_close"": null, ""rvol"": 641.7481117350509, ""session_high"": 1.41, ""session_volume"": 71540796.0, ""split_ratio_clean_integer"": null, ""symbol"": ""NCPL"", ""tick_size"": null}",1.165,1.13,1.235,0.035,2.0,2,1,SUPPRESSED,,,2026-09-21T14:55:14+00:00,be76eab7370f,cc8fae7,,,,1.165,0.7143,-4.4286,1,0,stop,1,2026-09-21T15:10:00Z,1.19,1.01,1.0794
bf2fdd61fd38a4d0,2026-09-21T10:57:00-04:00,regular,GRML,pullback,ibkr-GRML-VEEE-GLND,IBKR · TWS read-only · live,live,1m,7.6,7.59,7.62,8.55,85247773.0,749.1082786316224,166.66666666666666,2870000.0,verified,finviz via premarket_stars.py,0,0,REVIEW,,1,"[{""id"": ""price"", ""kills"": true, ""reason"": ""$7.60 is outside $2.00\u201320.00."", ""state"": ""PASS"", ""value"": ""$7.60  band $2.00\u201320.00""}, {""id"": ""float"", ""kills"": false, ""reason"": """", ""state"": ""PASS"", ""value"": ""2.9M (verified)""}, {""id"": ""catalyst"", ""kills"": false, ""reason"": ""No catalyst dated today and no live theme it belongs to."", ""state"": ""FAIL"", ""value"": ""none""}, {""id"": ""pillars"", ""kills"": true, ""reason"": ""Only 4 of the Five Pillars pass (need 4); missing catalyst."", ""state"": ""PASS"", ""value"": ""4/5 \u2014 missing catalyst""}, {""id"": ""rising"", ""kills"": true, ""reason"": ""11.1% off the high \u2014 back side of the move."", ""state"": ""PASS"", ""value"": ""11.1% off 8.55""}, {""id"": ""split"", ""kills"": false, ""reason"": """", ""state"": ""PASS"", ""value"": ""gap is not arithmetic""}, {""id"": ""instrument"", ""kills"": false, ""reason"": """", ""state"": ""UNKNOWN"", ""value"": ""\u2014""}, {""id"": ""tick"", ""kills"": false, ""reason"": """", ""state"": ""UNKNOWN"", ""value"": ""\u2014""}, {""id"": ""buyout"", ""kills"": true, ""reason"": ""Acquisition announced \u2014 the price is pinned and volatility is gone."", ""state"": ""PASS"", ""value"": ""none""}, {""id"": ""vwap"", ""kills"": false, ""reason"": """", ""state"": ""PASS"", ""value"": ""yes""}, {""id"": ""ema9"", ""kills"": false, ""reason"": """", ""state"": ""PASS"", ""value"": ""yes""}, {""id"": ""macd"", ""kills"": false, ""reason"": """", ""state"": ""PASS"", ""value"": ""yes""}, {""id"": ""tape"", ""kills"": false, ""reason"": ""No tape and no book in this tool."", ""state"": ""MANUAL_CONFIRMATION_REQUIRED"", ""value"": ""your eyes""}]","[""No catalyst dated today and no live theme (A2: flagged, not killed; the read-out splits this cohort)."", ""Instrument type unknown \u2014 ADRs are fine, funds are not.""]","{""above_ema9"": true, ""above_vwap"": true, ""buyout_announced"": false, ""catalyst_source_ok"": true, ""catalyst_today"": false, ""change_pct"": 166.66666666666666, ""feed_stale"": false, ""float_is_shares_outstanding"": false, ""float_shares"": 2870000.0, ""float_verified"": true, ""halted"": false, ""in_session_window"": true, ""is_fund_or_etf"": null, ""last"": 7.6, ""live_theme"": false, ""macd_positive_and_above_signal"": true, ""penny_theme"": false, ""premarket_volume"": null, ""prev_close"": null, ""rvol"": 749.1082786316224, ""session_high"": 8.55, ""session_volume"": 85247773.0, ""split_ratio_clean_integer"": null, ""symbol"": ""GRML"", ""tick_size"": null}",7.46,7.06,8.26,0.4,2.0,2,0,REFUSED,"[""one position at a time (preregistration \u00a72): 1 order(s) alive or unresolved"", ""Layer 2 not green: pullback volume was not lighter than the impulse""]",2026-09-21T14:57:15+00:00,2026-09-21T14:57:11+00:00,be76eab7370f,cc8fae7,,,,7.46,10.55,0.75,0,1,target,1,2026-09-21T14:58:00Z,11.68,7.76,10.76
b7d944d9969be6eb,2026-09-21T11:03:00-04:00,regular,GRML,pullback,ibkr-GRML-VEEE-GLND,IBKR · TWS read-only · live,live,1m,9.3,9.35,9.36,9.3,91305996.0,777.7275832403471,226.3157894736842,2870000.0,verified,finviz via premarket_stars.py,0,0,REVIEW,,1,"[{""id"": ""price"", ""kills"": true, ""reason"": ""$9.30 is outside $2.00\u201320.00."", ""state"": ""PASS"", ""value"": ""$9.30  band $2.00\u201320.00""}, {""id"": ""float"", ""kills"": false, ""reason"": """", ""state"": ""PASS"", ""value"": ""2.9M (verified)""}, {""id"": ""catalyst"", ""kills"": false, ""reason"": ""No catalyst dated today and no live theme it belongs to."", ""state"": ""FAIL"", ""value"": ""none""}, {""id"": ""pillars"", ""kills"": true, ""reason"": ""Only 4 of the Five Pillars pass (need 4); missing catalyst."", ""state"": ""PASS"", ""value"": ""4/5 \u2014 missing catalyst""}, {""id"": ""rising"", ""kills"": true, ""reason"": ""0.0% off the high \u2014 back side of the move."", ""state"": ""PASS"", ""value"": ""0.0% off 9.30""}, {""id"": ""split"", ""kills"": false, ""reason"": """", ""state"": ""PASS"", ""value"": ""gap is not arithmetic""}, {""id"": ""instrument"", ""kills"": false, ""reason"": """", ""state"": ""UNKNOWN"", ""value"": ""\u2014""}, {""id"": ""tick"", ""kills"": false, ""reason"": """", ""state"": ""UNKNOWN"", ""value"": ""\u2014""}, {""id"": ""buyout"", ""kills"": true, ""reason"": ""Acquisition announced \u2014 the price is pinned and volatility is gone."", ""state"": ""PASS"", ""value"": ""none""}, {""id"": ""vwap"", ""kills"": false, ""reason"": """", ""state"": ""PASS"", ""value"": ""yes""}, {""id"": ""ema9"", ""kills"": false, ""reason"": """", ""state"": ""PASS"", ""value"": ""yes""}, {""id"": ""macd"", ""kills"": false, ""reason"": """", ""state"": ""PASS"", ""value"": ""yes""}, {""id"": ""tape"", ""kills"": false, ""reason"": ""No tape and no book in this tool."", ""state"": ""MANUAL_CONFIRMATION_REQUIRED"", ""value"": ""your eyes""}]","[""No catalyst dated today and no live theme (A2: flagged, not killed; the read-out splits this cohort)."", ""Instrument type unknown \u2014 ADRs are fine, funds are not.""]","{""above_ema9"": true, ""above_vwap"": true, ""buyout_announced"": false, ""catalyst_source_ok"": true, ""catalyst_today"": false, ""change_pct"": 226.3157894736842, ""feed_stale"": false, ""float_is_shares_outstanding"": false, ""float_shares"": 2870000.0, ""float_verified"": true, ""halted"": false, ""in_session_window"": true, ""is_fund_or_etf"": null, ""last"": 9.3, ""live_theme"": false, ""macd_positive_and_above_signal"": true, ""penny_theme"": false, ""premarket_volume"": null, ""prev_close"": null, ""rvol"": 777.7275832403471, ""session_high"": 9.3, ""session_volume"": 91305996.0, ""split_ratio_clean_integer"": null, ""symbol"": ""GRML"", ""tick_size"": null}",9.0,8.65,9.7,0.35,2.0,1,1,REFUSED,"[""one position at a time (preregistration \u00a72): 1 order(s) alive or unresolved""]",2026-09-21T15:03:10+00:00,2026-09-21T15:03:10+00:00,be76eab7370f,cc8fae7,,,,9.0,7.6571,-0.3429,0,1,target,1,2026-09-21T15:04:00Z,11.68,8.88,10.76
1ca79394abdd9c55,2026-09-21T11:04:00-04:00,regular,GLND,pullback,ibkr-GRML-VEEE-GLND,IBKR · TWS read-only · live,live,1m,3.36,3.36,3.37,3.72,108761704.0,1176.7181373609728,179.99999999999997,27320000.0,verified,finviz via premarket_stars.py,1,0,REVIEW,,1,"[{""id"": ""price"", ""kills"": true, ""reason"": ""$3.36 is outside $2.00\u201320.00."", ""state"": ""PASS"", ""value"": ""$3.36  band $2.00\u201320.00""}, {""id"": ""float"", ""kills"": false, ""reason"": ""Float 27.3M is over the 20M cap."", ""state"": ""FAIL"", ""value"": ""27.3M""}, {""id"": ""catalyst"", ""kills"": false, ""reason"": """", ""state"": ""PASS"", ""value"": ""news today""}, {""id"": ""pillars"", ""kills"": true, ""reason"": ""Only 4 of the Five Pillars pass (need 4); missing float."", ""state"": ""PASS"", ""value"": ""4/5 \u2014 missing float""}, {""id"": ""rising"", ""kills"": true, ""reason"": ""9.7% off the high \u2014 back side of the move."", ""state"": ""PASS"", ""value"": ""9.7% off 3.72""}, {""id"": ""split"", ""kills"": false, ""reason"": """", ""state"": ""PASS"", ""value"": ""gap is not arithmetic""}, {""id"": ""instrument"", ""kills"": false, ""reason"": """", ""state"": ""UNKNOWN"", ""value"": ""\u2014""}, {""id"": ""tick"", ""kills"": false, ""reason"": """", ""state"": ""UNKNOWN"", ""value"": ""\u2014""}, {""id"": ""buyout"", ""kills"": true, ""reason"": ""Acquisition announced \u2014 the price is pinned and volatility is gone."", ""state"": ""PASS"", ""value"": ""none""}, {""id"": ""vwap"", ""kills"": false, ""reason"": """", ""state"": ""PASS"", ""value"": ""yes""}, {""id"": ""ema9"", ""kills"": false, ""reason"": """", ""state"": ""PASS"", ""value"": ""yes""}, {""id"": ""macd"", ""kills"": false, ""reason"": """", ""state"": ""PASS"", ""value"": ""yes""}, {""id"": ""tape"", ""kills"": false, ""reason"": ""No tape and no book in this tool."", ""state"": ""MANUAL_CONFIRMATION_REQUIRED"", ""value"": ""your eyes""}]","[""Float 27.3M over the 20M cap (A5: flagged, not killed; the pillar count decides)."", ""Instrument type unknown \u2014 ADRs are fine, funds are not.""]","{""above_ema9"": true, ""above_vwap"": true, ""buyout_announced"": false, ""catalyst_source_ok"": true, ""catalyst_today"": true, ""change_pct"": 179.99999999999997, ""feed_stale"": false, ""float_is_shares_outstanding"": false, ""float_shares"": 27320000.0, ""float_verified"": true, ""halted"": false, ""in_session_window"": true, ""is_fund_or_etf"": null, ""last"": 3.36, ""live_theme"": false, ""macd_positive_and_above_signal"": true, ""penny_theme"": false, ""premarket_volume"": null, ""prev_close"": null, ""rvol"": 1176.7181373609728, ""session_high"": 3.72, ""session_volume"": 108761704.0, ""split_ratio_clean_integer"": null, ""symbol"": ""GLND"", ""tick_size"": null}",3.2994,3.19,3.5182,0.1094,2.0,1,0,REFUSED,"[""one position at a time (preregistration \u00a72): 1 order(s) alive or unresolved"", ""Layer 2 not green: pullback volume was not lighter than the impulse""]",2026-09-21T15:04:16+00:00,2026-09-21T15:04:12+00:00,be76eab7370f,cc8fae7,,,,3.2994,0.4625,-1.6399,1,0,stop,1,2026-09-21T15:05:00Z,3.35,3.12,3.12
4f969a95deb8b01b,2026-09-21T11:05:00-04:00,regular,VEEE,pullback,ibkr-GRML-VEEE-GLND,IBKR · TWS read-only · live,live,1m,17.97,17.6,18.0,22.85,10697506.0,1181.2030100094407,109.44055944055941,490000.0,verified,finviz via premarket_stars.py,0,0,WAIT,,1,"[{""id"": ""price"", ""kills"": true, ""reason"": ""$17.97 is outside $2.00\u201320.00."", ""state"": ""PASS"", ""value"": ""$17.97  band $2.00\u201320.00""}, {""id"": ""float"", ""kills"": false, ""reason"": """", ""state"": ""PASS"", ""value"": ""0.5M (verified)""}, {""id"": ""catalyst"", ""kills"": false, ""reason"": ""No catalyst dated today and no live theme it belongs to."", ""state"": ""FAIL"", ""value"": ""none""}, {""id"": ""pillars"", ""kills"": true, ""reason"": ""Only 4 of the Five Pillars pass (need 4); missing catalyst."", ""state"": ""PASS"", ""value"": ""4/5 \u2014 missing catalyst""}, {""id"": ""rising"", ""kills"": true, ""reason"": ""21.4% off the high \u2014 back side of the move."", ""state"": ""PASS"", ""value"": ""21.4% off 22.85""}, {""id"": ""split"", ""kills"": false, ""reason"": """", ""state"": ""PASS"", ""value"": ""gap is not arithmetic""}, {""id"": ""instrument"", ""kills"": false, ""reason"": """", ""state"": ""UNKNOWN"", ""value"": ""\u2014""}, {""id"": ""tick"", ""kills"": false, ""reason"": """", ""state"": ""UNKNOWN"", ""value"": ""\u2014""}, {""id"": ""buyout"", ""kills"": true, ""reason"": ""Acquisition announced \u2014 the price is pinned and volatility is gone."", ""state"": ""PASS"", ""value"": ""none""}, {""id"": ""vwap"", ""kills"": false, ""reason"": """", ""state"": ""PASS"", ""value"": ""yes""}, {""id"": ""ema9"", ""kills"": false, ""reason"": """", ""state"": ""PASS"", ""value"": ""yes""}, {""id"": ""macd"", ""kills"": false, ""reason"": """", ""state"": ""FAIL"", ""value"": ""no""}, {""id"": ""tape"", ""kills"": false, ""reason"": ""No tape and no book in this tool."", ""state"": ""MANUAL_CONFIRMATION_REQUIRED"", ""value"": ""your eyes""}]","[""No catalyst dated today and no live theme (A2: flagged, not killed; the read-out splits this cohort)."", ""Instrument type unknown \u2014 ADRs are fine, funds are not.""]","{""above_ema9"": true, ""above_vwap"": true, ""buyout_announced"": false, ""catalyst_source_ok"": true, ""catalyst_today"": false, ""change_pct"": 109.44055944055941, ""feed_stale"": false, ""float_is_shares_outstanding"": false, ""float_shares"": 490000.0, ""float_verified"": true, ""halted"": false, ""in_session_window"": true, ""is_fund_or_etf"": null, ""last"": 17.97, ""live_theme"": false, ""macd_positive_and_above_signal"": false, ""penny_theme"": false, ""premarket_volume"": null, ""prev_close"": null, ""rvol"": 1181.2030100094407, ""session_high"": 22.85, ""session_volume"": 10697506.0, ""split_ratio_clean_integer"": null, ""symbol"": ""VEEE"", ""tick_size"": null}",17.88,17.54,18.56,0.34,2.0,1,1,REFUSED,"[""one position at a time (preregistration \u00a72): 1 order(s) alive or unresolved"", ""Layer 2 not green: verdict WAIT \u2014 chart gates must all be true at entry""]",2026-09-21T15:05:36+00:00,2026-09-21T15:05:33+00:00,be76eab7370f,cc8fae7,,,,17.88,1.5294,-4.2059,1,0,stop,1,2026-09-21T15:06:00Z,18.4,16.45,17.58
5e7d555ffae5bcf7,2026-09-21T11:07:00-04:00,regular,CRML,pullback,ibkr-GRML-VEEE-GLND,IBKR · TWS read-only · live,live,1m,9.445,9.44,9.45,9.64,33433811.0,18.28805017892131,40.34175334323922,82510000.0,verified,finviz via premarket_stars.py,0,0,REJECT,pillars,0,"[{""id"": ""price"", ""kills"": true, ""reason"": ""$9.45 is outside $2.00\u201320.00."", ""state"": ""PASS"", ""value"": ""$9.45  band $2.00\u201320.00""}, {""id"": ""float"", ""kills"": false, ""reason"": ""Float 82.5M is over the 20M cap."", ""state"": ""FAIL"", ""value"": ""82.5M""}, {""id"": ""catalyst"", ""kills"": false, ""reason"": ""No catalyst dated today and no live theme it belongs to."", ""state"": ""FAIL"", ""value"": ""none""}, {""id"": ""pillars"", ""kills"": true, ""reason"": ""Only 3 of the Five Pillars pass (need 4); missing float, catalyst."", ""state"": ""FAIL"", ""value"": ""3/5 \u2014 missing float, catalyst""}, {""id"": ""rising"", ""kills"": false, ""reason"": ""cascade already stopped"", ""state"": ""NOT_APPLICABLE"", ""value"": ""\u2014""}, {""id"": ""split"", ""kills"": false, ""reason"": ""cascade already stopped"", ""state"": ""NOT_APPLICABLE"", ""value"": ""\u2014""}, {""id"": ""instrument"", ""kills"": false, ""reason"": ""cascade already stopped"", ""state"": ""NOT_APPLICABLE"", ""value"": ""\u2014""}, {""id"": ""tick"", ""kills"": false, ""reason"": ""cascade already stopped"", ""state"": ""NOT_APPLICABLE"", ""value"": ""\u2014""}, {""id"": ""buyout"", ""kills"": false, ""reason"": ""cascade already stopped"", ""state"": ""NOT_APPLICABLE"", ""value"": ""\u2014""}]","[""Float 82.5M over the 20M cap (A5: flagged, not killed; the pillar count decides)."", ""No catalyst dated today and no live theme (A2: flagged, not killed; the read-out splits this cohort).""]","{""above_ema9"": true, ""above_vwap"": true, ""buyout_announced"": false, ""catalyst_source_ok"": true, ""catalyst_today"": false, ""change_pct"": 40.34175334323922, ""feed_stale"": false, ""float_is_shares_outstanding"": false, ""float_shares"": 82510000.0, ""float_verified"": true, ""halted"": false, ""in_session_window"": true, ""is_fund_or_etf"": null, ""last"": 9.445, ""live_theme"": false, ""macd_positive_and_above_signal"": true, ""penny_theme"": false, ""premarket_volume"": null, ""prev_close"": null, ""rvol"": 18.28805017892131, ""session_high"": 9.64, ""session_volume"": 33433811.0, ""split_ratio_clean_integer"": null, ""symbol"": ""CRML"", ""tick_size"": null}",9.45,9.38,9.59,0.07,2.0,4,1,SUPPRESSED,,,2026-09-21T15:07:12+00:00,be76eab7370f,cc8fae7,,,,9.45,,,0,0,untriggered,0,,9.4,9.15,9.215
a1e0018765430823,2026-09-21T11:08:00-04:00,regular,NCPL,pullback,ibkr-GRML-VEEE-GLND,IBKR · TWS read-only · live,live,1m,1.155,1.15,1.16,1.41,73102204.0,554.4892860122727,55.93357634669906,4380000.0,verified,finviz via premarket_stars.py,0,0,REJECT,price,0,"[{""id"": ""price"", ""kills"": true, ""reason"": ""$1.16 is outside $2.00\u201320.00."", ""state"": ""FAIL"", ""value"": ""$1.16  band $2.00\u201320.00""}, {""id"": ""float"", ""kills"": false, ""reason"": ""cascade already stopped"", ""state"": ""NOT_APPLICABLE"", ""value"": ""\u2014""}, {""id"": ""catalyst"", ""kills"": false, ""reason"": ""cascade already stopped"", ""state"": ""NOT_APPLICABLE"", ""value"": ""\u2014""}, {""id"": ""pillars"", ""kills"": false, ""reason"": ""cascade already stopped"", ""state"": ""NOT_APPLICABLE"", ""value"": ""\u2014""}, {""id"": ""rising"", ""kills"": false, ""reason"": ""cascade already stopped"", ""state"": ""NOT_APPLICABLE"", ""value"": ""\u2014""}, {""id"": ""split"", ""kills"": false, ""reason"": ""cascade already stopped"", ""state"": ""NOT_APPLICABLE"", ""value"": ""\u2014""}, {""id"": ""instrument"", ""kills"": false, ""reason"": ""cascade already stopped"", ""state"": ""NOT_APPLICABLE"", ""value"": ""\u2014""}, {""id"": ""tick"", ""kills"": false, ""reason"": ""cascade already stopped"", ""state"": ""NOT_APPLICABLE"", ""value"": ""\u2014""}, {""id"": ""buyout"", ""kills"": false, ""reason"": ""cascade already stopped"", ""state"": ""NOT_APPLICABLE"", ""value"": ""\u2014""}]",[],"{""above_ema9"": true, ""above_vwap"": false, ""buyout_announced"": false, ""catalyst_source_ok"": true, ""catalyst_today"": false, ""change_pct"": 55.93357634669906, ""feed_stale"": false, ""float_is_shares_outstanding"": false, ""float_shares"": 4380000.0, ""float_verified"": true, ""halted"": false, ""in_session_window"": true, ""is_fund_or_etf"": null, ""last"": 1.155, ""live_theme"": false, ""macd_positive_and_above_signal"": true, ""penny_theme"": false, ""premarket_volume"": null, ""prev_close"": null, ""rvol"": 554.4892860122727, ""session_high"": 1.41, ""session_volume"": 73102204.0, ""split_ratio_clean_integer"": null, ""symbol"": ""NCPL"", ""tick_size"": null}",1.15,1.12,1.21,0.03,2.0,3,1,SUPPRESSED,,,2026-09-21T15:08:23+00:00,be76eab7370f,cc8fae7,,,,1.15,1.3333,-4.6667,1,0,stop,1,2026-09-21T15:09:00Z,1.19,1.01,1.0794
57d2f8d16da29b45,2026-09-21T11:15:00-04:00,regular,GRML,pullback,ibkr-GRML-VEEE-GLND,IBKR · TWS read-only · live,live,1m,9.29,9.28,9.3,9.85,101116336.0,808.937159497276,225.9649122807017,2870000.0,verified,finviz via premarket_stars.py,0,0,WAIT,,1,"[{""id"": ""price"", ""kills"": true, ""reason"": ""$9.29 is outside $2.00\u201320.00."", ""state"": ""PASS"", ""value"": ""$9.29  band $2.00\u201320.00""}, {""id"": ""float"", ""kills"": false, ""reason"": """", ""state"": ""PASS"", ""value"": ""2.9M (verified)""}, {""id"": ""catalyst"", ""kills"": false, ""reason"": ""No catalyst dated today and no live theme it belongs to."", ""state"": ""FAIL"", ""value"": ""none""}, {""id"": ""pillars"", ""kills"": true, ""reason"": ""Only 4 of the Five Pillars pass (need 4); missing catalyst."", ""state"": ""PASS"", ""value"": ""4/5 \u2014 missing catalyst""}, {""id"": ""rising"", ""kills"": true, ""reason"": ""5.7% off the high \u2014 back side of the move."", ""state"": ""PASS"", ""value"": ""5.7% off 9.85""}, {""id"": ""split"", ""kills"": false, ""reason"": """", ""state"": ""PASS"", ""value"": ""gap is not arithmetic""}, {""id"": ""instrument"", ""kills"": false, ""reason"": """", ""state"": ""UNKNOWN"", ""value"": ""\u2014""}, {""id"": ""tick"", ""kills"": false, ""reason"": """", ""state"": ""UNKNOWN"", ""value"": ""\u2014""}, {""id"": ""buyout"", ""kills"": true, ""reason"": ""Acquisition announced \u2014 the price is pinned and volatility is gone."", ""state"": ""PASS"", ""value"": ""none""}, {""id"": ""vwap"", ""kills"": false, ""reason"": """", ""state"": ""PASS"", ""value"": ""yes""}, {""id"": ""ema9"", ""kills"": false, ""reason"": """", ""state"": ""PASS"", ""value"": ""yes""}, {""id"": ""macd"", ""kills"": false, ""reason"": """", ""state"": ""FAIL"", ""value"": ""no""}, {""id"": ""tape"", ""kills"": false, ""reason"": ""No tape and no book in this tool."", ""state"": ""MANUAL_CONFIRMATION_REQUIRED"", ""value"": ""your eyes""}]","[""No catalyst dated today and no live theme (A2: flagged, not killed; the read-out splits this cohort)."", ""Instrument type unknown \u2014 ADRs are fine, funds are not.""]","{""above_ema9"": true, ""above_vwap"": true, ""buyout_announced"": false, ""catalyst_source_ok"": true, ""catalyst_today"": false, ""change_pct"": 225.9649122807017, ""feed_stale"": false, ""float_is_shares_outstanding"": false, ""float_shares"": 2870000.0, ""float_verified"": true, ""halted"": false, ""in_session_window"": true, ""is_fund_or_etf"": null, ""last"": 9.29, ""live_theme"": false, ""macd_positive_and_above_signal"": false, ""penny_theme"": false, ""premarket_volume"": null, ""prev_close"": null, ""rvol"": 808.937159497276, ""session_high"": 9.85, ""session_volume"": 101116336.0, ""split_ratio_clean_integer"": null, ""symbol"": ""GRML"", ""tick_size"": null}",9.31,8.92,10.09,0.39,2.0,3,0,REFUSED,"[""one position at a time (preregistration \u00a72): 1 order(s) alive or unresolved"", ""Layer 2 not green: pullback volume was not lighter than the impulse"", ""Layer 2 not green: verdict WAIT \u2014 chart gates must all be true at entry""]",2026-09-21T15:15:26+00:00,2026-09-21T15:15:22+00:00,be76eab7370f,cc8fae7,,,,9.31,6.0769,-0.1026,0,1,target,1,2026-09-21T15:16:00Z,11.68,9.27,10.76
b6c32469e9419778,2026-09-21T11:25:00-04:00,regular,GRML,pullback,ibkr-GRML-VEEE-GLND,IBKR · TWS read-only · live,live,1m,11.12,11.05,11.1,11.68,111003611.0,796.1471389841206,290.1754385964912,2870000.0,verified,finviz via premarket_stars.py,0,0,REVIEW,,1,"[{""id"": ""price"", ""kills"": true, ""reason"": ""$11.12 is outside $2.00\u201320.00."", ""state"": ""PASS"", ""value"": ""$11.12  band $2.00\u201320.00""}, {""id"": ""float"", ""kills"": false, ""reason"": """", ""state"": ""PASS"", ""value"": ""2.9M (verified)""}, {""id"": ""catalyst"", ""kills"": false, ""reason"": ""No catalyst dated today and no live theme it belongs to."", ""state"": ""FAIL"", ""value"": ""none""}, {""id"": ""pillars"", ""kills"": true, ""reason"": ""Only 4 of the Five Pillars pass (need 4); missing catalyst."", ""state"": ""PASS"", ""value"": ""4/5 \u2014 missing catalyst""}, {""id"": ""rising"", ""kills"": true, ""reason"": ""4.8% off the high \u2014 back side of the move."", ""state"": ""PASS"", ""value"": ""4.8% off 11.68""}, {""id"": ""split"", ""kills"": false, ""reason"": """", ""state"": ""PASS"", ""value"": ""gap is not arithmetic""}, {""id"": ""instrument"", ""kills"": false, ""reason"": """", ""state"": ""UNKNOWN"", ""value"": ""\u2014""}, {""id"": ""tick"", ""kills"": false, ""reason"": """", ""state"": ""UNKNOWN"", ""value"": ""\u2014""}, {""id"": ""buyout"", ""kills"": true, ""reason"": ""Acquisition announced \u2014 the price is pinned and volatility is gone."", ""state"": ""PASS"", ""value"": ""none""}, {""id"": ""vwap"", ""kills"": false, ""reason"": """", ""state"": ""PASS"", ""value"": ""yes""}, {""id"": ""ema9"", ""kills"": false, ""reason"": """", ""state"": ""PASS"", ""value"": ""yes""}, {""id"": ""macd"", ""kills"": false, ""reason"": """", ""state"": ""PASS"", ""value"": ""yes""}, {""id"": ""tape"", ""kills"": false, ""reason"": ""No tape and no book in this tool."", ""state"": ""MANUAL_CONFIRMATION_REQUIRED"", ""value"": ""your eyes""}]","[""No catalyst dated today and no live theme (A2: flagged, not killed; the read-out splits this cohort)."", ""Instrument type unknown \u2014 ADRs are fine, funds are not.""]","{""above_ema9"": true, ""above_vwap"": true, ""buyout_announced"": false, ""catalyst_source_ok"": true, ""catalyst_today"": false, ""change_pct"": 290.1754385964912, ""feed_stale"": false, ""float_is_shares_outstanding"": false, ""float_shares"": 2870000.0, ""float_verified"": true, ""halted"": false, ""in_session_window"": true, ""is_fund_or_etf"": null, ""last"": 11.12, ""live_theme"": false, ""macd_positive_and_above_signal"": true, ""penny_theme"": false, ""premarket_volume"": null, ""prev_close"": null, ""rvol"": 796.1471389841206, ""session_high"": 11.68, ""session_volume"": 111003611.0, ""split_ratio_clean_integer"": null, ""symbol"": ""GRML"", ""tick_size"": null}",11.16,10.76,11.96,0.4,2.0,3,1,REFUSED,"[""one position at a time (preregistration \u00a72): 1 order(s) alive or unresolved""]",2026-09-21T15:25:12+00:00,2026-09-21T15:25:12+00:00,be76eab7370f,cc8fae7,,,,11.16,0.5,-1.225,1,0,stop,1,2026-09-21T15:26:00Z,11.36,10.67,10.76
24064b0ee1764714,2026-09-21T11:25:00-04:00,regular,CPOP,pullback,ibkr-GRML-VEEE-GLND,IBKR · TWS read-only · live,live,1m,4.5,4.49,4.58,6.71,811376.0,36.29668068354657,9.48905109489051,,unknown,EDGAR has no shares-outstanding figure for this registrant,0,0,REJECT,pillars,0,"[{""id"": ""price"", ""kills"": true, ""reason"": ""$4.50 is outside $2.00\u201320.00."", ""state"": ""PASS"", ""value"": ""$4.50  band $2.00\u201320.00""}, {""id"": ""float"", ""kills"": false, ""reason"": ""Float unknown; the cascade fails closed."", ""state"": ""UNKNOWN"", ""value"": ""unknown""}, {""id"": ""catalyst"", ""kills"": false, ""reason"": ""No catalyst dated today and no live theme it belongs to."", ""state"": ""FAIL"", ""value"": ""none""}, {""id"": ""pillars"", ""kills"": true, ""reason"": ""Only 2 of the Five Pillars pass (need 4); missing gain, float, catalyst."", ""state"": ""FAIL"", ""value"": ""2/5 \u2014 missing gain, float, catalyst""}, {""id"": ""rising"", ""kills"": false, ""reason"": ""cascade already stopped"", ""state"": ""NOT_APPLICABLE"", ""value"": ""\u2014""}, {""id"": ""split"", ""kills"": false, ""reason"": ""cascade already stopped"", ""state"": ""NOT_APPLICABLE"", ""value"": ""\u2014""}, {""id"": ""instrument"", ""kills"": false, ""reason"": ""cascade already stopped"", ""state"": ""NOT_APPLICABLE"", ""value"": ""\u2014""}, {""id"": ""tick"", ""kills"": false, ""reason"": ""cascade already stopped"", ""state"": ""NOT_APPLICABLE"", ""value"": ""\u2014""}, {""id"": ""buyout"", ""kills"": false, ""reason"": ""cascade already stopped"", ""state"": ""NOT_APPLICABLE"", ""value"": ""\u2014""}]","[""No catalyst dated today and no live theme (A2: flagged, not killed; the read-out splits this cohort).""]","{""above_ema9"": false, ""above_vwap"": false, ""buyout_announced"": false, ""catalyst_source_ok"": true, ""catalyst_today"": false, ""change_pct"": 9.48905109489051, ""feed_stale"": false, ""float_is_shares_outstanding"": false, ""float_shares"": null, ""float_verified"": false, ""halted"": false, ""in_session_window"": true, ""is_fund_or_etf"": null, ""last"": 4.5, ""live_theme"": false, ""macd_positive_and_above_signal"": true, ""penny_theme"": false, ""premarket_volume"": null, ""prev_close"": null, ""rvol"": 36.29668068354657, ""session_high"": 6.71, ""session_volume"": 811376.0, ""split_ratio_clean_integer"": null, ""symbol"": ""CPOP"", ""tick_size"": null}",4.52,4.49,4.58,0.03,2.0,2,1,SUPPRESSED,,,2026-09-21T15:25:33+00:00,be76eab7370f,cc8fae7,,,,4.52,0.3333,-2.0,1,0,stop,1,2026-09-21T15:27:00Z,4.53,4.46,4.46
87d032db20c93439,2026-09-21T11:28:00-04:00,regular,VEEE,pullback,ibkr-GRML-VEEE-GLND,IBKR · TWS read-only · live,live,1m,17.55,17.4,17.5,22.85,11081583.0,1223.6122321660253,104.54545454545455,490000.0,verified,finviz via premarket_stars.py,0,0,REVIEW,,1,"[{""id"": ""price"", ""kills"": true, ""reason"": ""$17.55 is outside $2.00\u201320.00."", ""state"": ""PASS"", ""value"": ""$17.55  band $2.00\u201320.00""}, {""id"": ""float"", ""kills"": false, ""reason"": """", ""state"": ""PASS"", ""value"": ""0.5M (verified)""}, {""id"": ""catalyst"", ""kills"": false, ""reason"": ""No catalyst dated today and no live theme it belongs to."", ""state"": ""FAIL"", ""value"": ""none""}, {""id"": ""pillars"", ""kills"": true, ""reason"": ""Only 4 of the Five Pillars pass (need 4); missing catalyst."", ""state"": ""PASS"", ""value"": ""4/5 \u2014 missing catalyst""}, {""id"": ""rising"", ""kills"": true, ""reason"": ""23.2% off the high \u2014 back side of the move."", ""state"": ""PASS"", ""value"": ""23.2% off 22.85""}, {""id"": ""split"", ""kills"": false, ""reason"": """", ""state"": ""PASS"", ""value"": ""gap is not arithmetic""}, {""id"": ""instrument"", ""kills"": false, ""reason"": """", ""state"": ""UNKNOWN"", ""value"": ""\u2014""}, {""id"": ""tick"", ""kills"": false, ""reason"": """", ""state"": ""UNKNOWN"", ""value"": ""\u2014""}, {""id"": ""buyout"", ""kills"": true, ""reason"": ""Acquisition announced \u2014 the price is pinned and volatility is gone."", ""state"": ""PASS"", ""value"": ""none""}, {""id"": ""vwap"", ""kills"": false, ""reason"": """", ""state"": ""PASS"", ""value"": ""yes""}, {""id"": ""ema9"", ""kills"": false, ""reason"": """", ""state"": ""PASS"", ""value"": ""yes""}, {""id"": ""macd"", ""kills"": false, ""reason"": """", ""state"": ""PASS"", ""value"": ""yes""}, {""id"": ""tape"", ""kills"": false, ""reason"": ""No tape and no book in this tool."", ""state"": ""MANUAL_CONFIRMATION_REQUIRED"", ""value"": ""your eyes""}]","[""No catalyst dated today and no live theme (A2: flagged, not killed; the read-out splits this cohort)."", ""Instrument type unknown \u2014 ADRs are fine, funds are not.""]","{""above_ema9"": true, ""above_vwap"": true, ""buyout_announced"": false, ""catalyst_source_ok"": true, ""catalyst_today"": false, ""change_pct"": 104.54545454545455, ""feed_stale"": false, ""float_is_shares_outstanding"": false, ""float_shares"": 490000.0, ""float_verified"": true, ""halted"": false, ""in_session_window"": true, ""is_fund_or_etf"": null, ""last"": 17.55, ""live_theme"": false, ""macd_positive_and_above_signal"": true, ""penny_theme"": false, ""premarket_volume"": null, ""prev_close"": null, ""rvol"": 1223.6122321660253, ""session_high"": 22.85, ""session_volume"": 11081583.0, ""split_ratio_clean_integer"": null, ""symbol"": ""VEEE"", ""tick_size"": null}",17.46,17.12,18.14,0.34,2.0,1,1,REFUSED,"[""one position at a time (preregistration \u00a72): 1 order(s) alive or unresolved""]",2026-09-21T15:28:32+00:00,2026-09-21T15:28:32+00:00,be76eab7370f,cc8fae7,,,,17.46,0.7059,-0.7353,0,0,neither,1,2026-09-21T15:29:00Z,17.7,17.21,17.58
