symbol,ts,open,high,low,close,volume
ALEC,2026-10-05T11:00:00Z,1.86,2.88,1.86,2.275,95788.0
ALEC,2026-10-05T11:01:00Z,2.3,2.35,2.15,2.19,134866.0
ALEC,2026-10-05T11:02:00Z,2.1604,2.22,2.1,2.21,161664.0
ALEC,2026-10-05T11:03:00Z,2.21,2.26,2.14,2.2002,111365.0
ALEC,2026-10-05T11:04:00Z,2.21,2.36,2.14,2.35,253107.0
ALEC,2026-10-05T11:05:00Z,2.3522,2.5,2.35,2.5,572251.0
ALEC,2026-10-05T11:06:00Z,2.4831,2.68,2.43,2.56,556468.0
ALEC,2026-10-05T11:07:00Z,2.56,2.57,2.35,2.36,511215.0
ALEC,2026-10-05T11:08:00Z,2.35,2.51,2.25,2.33,615623.0
ALEC,2026-10-05T11:09:00Z,2.335,2.36,2.13,2.13,348902.0
ALEC,2026-10-05T11:10:00Z,2.14,2.37,2.1,2.35,377299.0
ALEC,2026-10-05T11:11:00Z,2.3506,2.39,2.29,2.33,270825.0
ALEC,2026-10-05T11:12:00Z,2.3308,2.35,2.1804,2.255,354245.0
ALEC,2026-10-05T11:13:00Z,2.26,2.29,2.23,2.279,171143.0
ALEC,2026-10-05T11:14:00Z,2.2795,2.31,2.26,2.3,196720.0
ALEC,2026-10-05T11:15:00Z,2.2901,2.2901,2.1,2.1,279682.0
ALEC,2026-10-05T11:16:00Z,2.11,2.19,2.1,2.1602,258332.0
ALEC,2026-10-05T11:17:00Z,2.17,2.23,2.14,2.21,125049.0
ALEC,2026-10-05T11:18:00Z,2.21,2.29,2.2,2.2,190916.0
ALEC,2026-10-05T11:19:00Z,2.19,2.2,2.1,2.119,184296.0
ALEC,2026-10-05T11:20:00Z,2.12,2.2085,2.11,2.2085,90463.0
ALEC,2026-10-05T11:21:00Z,2.2,2.28,2.16,2.26,172267.0
ALEC,2026-10-05T11:22:00Z,2.2597,2.5,2.25,2.49,585524.0
ALEC,2026-10-05T11:23:00Z,2.4908,2.51,2.41,2.4606,598798.0
ALEC,2026-10-05T11:24:00Z,2.46,2.56,2.41,2.41,510867.0
ALEC,2026-10-05T11:25:00Z,2.42,2.55,2.4,2.53,451452.0
ALEC,2026-10-05T11:26:00Z,2.5289,2.6,2.44,2.52,581093.0
ALEC,2026-10-05T11:27:00Z,2.5105,2.63,2.5,2.6,646279.0
ALEC,2026-10-05T11:28:00Z,2.6,2.64,2.56,2.5815,381184.0
ALEC,2026-10-05T11:29:00Z,2.58,2.59,2.52,2.54,315734.0
ALEC,2026-10-05T11:30:00Z,2.54,2.55,2.44,2.53,357677.0
ALEC,2026-10-05T11:31:00Z,2.53,2.59,2.44,2.48,348809.0
ALEC,2026-10-05T11:32:00Z,2.48,2.6,2.48,2.58,370387.0
ALEC,2026-10-05T11:33:00Z,2.58,2.6,2.55,2.6,194768.0
ALEC,2026-10-05T11:34:00Z,2.6,2.6,2.52,2.5301,240317.0
ALEC,2026-10-05T11:35:00Z,2.5306,2.56,2.51,2.53,133089.0
ALEC,2026-10-05T11:36:00Z,2.5399,2.73,2.535,2.7201,707732.0
ALEC,2026-10-05T11:37:00Z,2.72,2.78,2.69,2.7494,695016.0
ALEC,2026-10-05T11:38:00Z,2.7492,2.92,2.74,2.8792,947859.0
ALEC,2026-10-05T11:39:00Z,2.87,2.92,2.78,2.81,809278.0
ALEC,2026-10-05T11:40:00Z,2.81,2.9,2.77,2.8,642701.0
ALEC,2026-10-05T11:41:00Z,2.8,2.805,2.75,2.79,304935.0
ALEC,2026-10-05T11:42:00Z,2.79,2.9,2.77,2.85,619792.0
ALEC,2026-10-05T11:43:00Z,2.84,2.85,2.75,2.7585,406239.0
ALEC,2026-10-05T11:44:00Z,2.755,2.9,2.7503,2.88,445268.0
ALEC,2026-10-05T11:45:00Z,2.88,2.94,2.77,2.77,825155.0
ALEC,2026-10-05T11:46:00Z,2.77,2.832,2.7,2.83,462065.0
ALEC,2026-10-05T11:47:00Z,2.84,2.97,2.84,2.8802,778037.0
ALEC,2026-10-05T11:48:00Z,2.8805,2.92,2.8402,2.9,448294.0
ALEC,2026-10-05T11:49:00Z,2.8993,2.9,2.85,2.89,231069.0
ALEC,2026-10-05T11:50:00Z,2.895,3.17,2.895,3.14,1035647.0
ALEC,2026-10-05T11:51:00Z,3.15,3.24,3.07,3.2,1531468.0
ALEC,2026-10-05T11:52:00Z,3.2,3.22,3.08,3.16,990933.0
ALEC,2026-10-05T11:53:00Z,3.16,3.16,3.07,3.098,668649.0
ALEC,2026-10-05T11:54:00Z,3.1,3.23,3.09,3.2085,772177.0
ALEC,2026-10-05T11:55:00Z,3.21,3.24,3.11,3.12,850452.0
ALEC,2026-10-05T11:56:00Z,3.1285,3.1598,3.06,3.12,558169.0
ALEC,2026-10-05T11:57:00Z,3.11,3.16,3.0908,3.139,270215.0
ALEC,2026-10-05T11:58:00Z,3.14,3.17,3.1,3.1,302869.0
ALEC,2026-10-05T11:59:00Z,3.1003,3.14,2.96,2.97,736078.0
ALEC,2026-10-05T12:00:00Z,2.96,3.2,2.96,3.12,834383.0
ALEC,2026-10-05T12:01:00Z,3.1102,3.12,2.84,2.8897,774662.0
ALEC,2026-10-05T12:02:00Z,2.88,2.97,2.82,2.82,712478.0
ALEC,2026-10-05T12:03:00Z,2.82,2.89,2.8,2.84,425620.0
ALEC,2026-10-05T12:04:00Z,2.8506,2.9,2.8,2.85,570188.0
ALEC,2026-10-05T12:05:00Z,2.85,2.89,2.77,2.87,427277.0
ALEC,2026-10-05T12:06:00Z,2.8785,2.98,2.84,2.95,549334.0
ALEC,2026-10-05T12:07:00Z,2.941,3.0,2.941,2.9999,398244.0
ALEC,2026-10-05T12:08:00Z,2.99,3.09,2.99,3.02,514905.0
ALEC,2026-10-05T12:09:00Z,3.02,3.03,2.96,2.97,190832.0
ALEC,2026-10-05T12:10:00Z,2.98,3.08,2.97,3.05,350827.0
ALEC,2026-10-05T12:11:00Z,3.0507,3.1,3.02,3.0699,623213.0
ALEC,2026-10-05T12:12:00Z,3.06,3.11,3.02,3.04,509856.0
ALEC,2026-10-05T12:13:00Z,3.04,3.11,3.04,3.09,354325.0
ALEC,2026-10-05T12:14:00Z,3.08,3.1,3.03,3.03,152056.0
ALEC,2026-10-05T12:15:00Z,3.03,3.04,2.97,3.0093,140326.0
ALEC,2026-10-05T12:16:00Z,3.0,3.01,2.95,2.95,183977.0
ALEC,2026-10-05T12:17:00Z,2.95,2.99,2.94,2.9608,280401.0
ALEC,2026-10-05T12:18:00Z,2.97,3.01,2.95,2.9999,145301.0
ALEC,2026-10-05T12:19:00Z,3.0,3.0,2.9506,2.9575,99606.0
ALEC,2026-10-05T12:20:00Z,2.952,2.9694,2.93,2.9392,120306.0
ALEC,2026-10-05T12:21:00Z,2.9385,3.0,2.93,2.96,110185.0
ALEC,2026-10-05T12:22:00Z,2.9595,2.98,2.95,2.96,53930.0
ALEC,2026-10-05T12:23:00Z,2.9593,2.96,2.89,2.9,181517.0
ALEC,2026-10-05T12:24:00Z,2.9,2.91,2.85,2.872,196656.0
ALEC,2026-10-05T12:25:00Z,2.87,2.91,2.84,2.88,194611.0
ALEC,2026-10-05T12:26:00Z,2.8897,2.91,2.88,2.89,148908.0
ALEC,2026-10-05T12:27:00Z,2.88,2.89,2.82,2.82,197788.0
ALEC,2026-10-05T12:28:00Z,2.82,2.86,2.81,2.8475,171973.0
ALEC,2026-10-05T12:29:00Z,2.8407,2.85,2.78,2.7895,226308.0
ALEC,2026-10-05T12:30:00Z,2.79,2.79,2.74,2.74,362633.0
ALEC,2026-10-05T12:31:00Z,2.74,2.76,2.7,2.74,304306.0
ALEC,2026-10-05T12:32:00Z,2.7499,2.75,2.71,2.72,100814.0
ALEC,2026-10-05T12:33:00Z,2.7293,2.76,2.72,2.7497,67236.0
ALEC,2026-10-05T12:34:00Z,2.75,2.75,2.74,2.7489,46808.0
ALEC,2026-10-05T12:35:00Z,2.74,2.75,2.72,2.75,106241.0
ALEC,2026-10-05T12:36:00Z,2.75,2.75,2.66,2.66,244731.0
ALEC,2026-10-05T12:37:00Z,2.66,2.73,2.65,2.72,213378.0
ALEC,2026-10-05T12:38:00Z,2.72,2.74,2.7,2.7099,91188.0
ALEC,2026-10-05T12:39:00Z,2.7,2.71,2.67,2.68,120583.0
ALEC,2026-10-05T12:40:00Z,2.685,2.75,2.68,2.73,106410.0
ALEC,2026-10-05T12:41:00Z,2.73,2.77,2.72,2.75,187217.0
ALEC,2026-10-05T12:42:00Z,2.7585,2.77,2.75,2.76,101884.0
ALEC,2026-10-05T12:43:00Z,2.75,2.77,2.72,2.7597,122292.0
ALEC,2026-10-05T12:44:00Z,2.7507,2.78,2.75,2.78,97518.0
ALEC,2026-10-05T12:45:00Z,2.7799,2.89,2.77,2.8695,354268.0
ALEC,2026-10-05T12:46:00Z,2.8693,2.92,2.83,2.89,242474.0
ALEC,2026-10-05T12:47:00Z,2.882,2.9,2.8799,2.88,153903.0
ALEC,2026-10-05T12:48:00Z,2.88,2.93,2.86,2.8707,171012.0
ALEC,2026-10-05T12:49:00Z,2.88,2.93,2.87,2.91,156055.0
ALEC,2026-10-05T12:50:00Z,2.92,2.92,2.88,2.8905,134205.0
ALEC,2026-10-05T12:51:00Z,2.88,2.9,2.85,2.87,127421.0
ALEC,2026-10-05T12:52:00Z,2.88,2.89,2.87,2.87,92210.0
ALEC,2026-10-05T12:53:00Z,2.88,2.88,2.86,2.86,56521.0
ALEC,2026-10-05T12:54:00Z,2.87,2.88,2.85,2.8598,51240.0
ALEC,2026-10-05T12:55:00Z,2.85,2.87,2.84,2.85,50722.0
ALEC,2026-10-05T12:56:00Z,2.85,2.8602,2.83,2.84,60941.0
ALEC,2026-10-05T12:57:00Z,2.84,2.91,2.84,2.91,93711.0
ALEC,2026-10-05T12:58:00Z,2.9,2.92,2.88,2.9105,78525.0
ALEC,2026-10-05T12:59:00Z,2.911,2.92,2.88,2.89,54480.0
ALEC,2026-10-05T13:00:00Z,2.88,2.89,2.84,2.8412,87251.0
ALEC,2026-10-05T13:01:00Z,2.8493,2.86,2.84,2.86,59357.0
ALEC,2026-10-05T13:02:00Z,2.86,2.86,2.79,2.81,164369.0
ALEC,2026-10-05T13:03:00Z,2.81,2.82,2.78,2.78,82798.0
ALEC,2026-10-05T13:04:00Z,2.79,2.79,2.77,2.77,64453.0
ALEC,2026-10-05T13:05:00Z,2.7792,2.79,2.74,2.7405,71309.0
ALEC,2026-10-05T13:06:00Z,2.74,2.77,2.72,2.77,79509.0
ALEC,2026-10-05T13:07:00Z,2.77,2.8285,2.76,2.82,84189.0
ALEC,2026-10-05T13:08:00Z,2.82,2.89,2.81,2.88,134673.0
ALEC,2026-10-05T13:09:00Z,2.881,2.9,2.88,2.88,122732.0
ALEC,2026-10-05T13:10:00Z,2.87,2.89,2.86,2.8719,72363.0
ALEC,2026-10-05T13:11:00Z,2.8707,2.92,2.8703,2.9199,191820.0
ALEC,2026-10-05T13:12:00Z,2.91,2.92,2.9,2.91,136907.0
ALEC,2026-10-05T13:13:00Z,2.92,2.92,2.88,2.88,162043.0
ALEC,2026-10-05T13:14:00Z,2.88,2.91,2.81,2.82,124672.0
ALEC,2026-10-05T13:15:00Z,2.818,2.9,2.8116,2.88,80192.0
ALEC,2026-10-05T13:16:00Z,2.88,2.91,2.86,2.9,167574.0
ALEC,2026-10-05T13:17:00Z,2.89,2.89,2.87,2.8701,33041.0
ALEC,2026-10-05T13:18:00Z,2.8701,2.92,2.8701,2.92,98332.0
ALEC,2026-10-05T13:19:00Z,2.92,2.922,2.9,2.9099,169677.0
ALEC,2026-10-05T13:20:00Z,2.9,2.9,2.83,2.85,124899.0
ALEC,2026-10-05T13:21:00Z,2.84,2.85,2.84,2.84,61532.0
ALEC,2026-10-05T13:22:00Z,2.84,2.89,2.83,2.84,108552.0
ALEC,2026-10-05T13:23:00Z,2.84,2.85,2.83,2.85,38378.0
ALEC,2026-10-05T13:24:00Z,2.85,2.85,2.84,2.85,44937.0
ALEC,2026-10-05T13:25:00Z,2.85,2.88,2.84,2.84,66128.0
ALEC,2026-10-05T13:26:00Z,2.84,2.89,2.84,2.872,74011.0
ALEC,2026-10-05T13:27:00Z,2.8715,2.89,2.84,2.85,65124.0
ALEC,2026-10-05T13:28:00Z,2.85,2.86,2.73,2.735,151508.0
ALEC,2026-10-05T13:29:00Z,2.73,2.75,2.7,2.725,159216.0
ALEC,2026-10-05T13:30:00Z,2.725,2.73,2.42,2.4413,1249122.0
ALEC,2026-10-05T13:31:00Z,2.45,2.4592,2.28,2.325,1113114.0
ALEC,2026-10-05T13:32:00Z,2.3202,2.33,2.1408,2.16,1137955.0
ALEC,2026-10-05T13:33:00Z,2.155,2.2499,2.155,2.1899,773345.0
ALEC,2026-10-05T13:34:00Z,2.1899,2.3,2.185,2.2908,621356.0
ALEC,2026-10-05T13:35:00Z,2.2997,2.36,2.27,2.275,689652.0
ALEC,2026-10-05T13:36:00Z,2.275,2.32,2.2201,2.255,506444.0
ALEC,2026-10-05T13:37:00Z,2.26,2.3,2.24,2.2401,236567.0
ALEC,2026-10-05T13:38:00Z,2.245,2.28,2.21,2.22,229809.0
ALEC,2026-10-05T13:39:00Z,2.225,2.25,2.22,2.2229,150039.0
ALEC,2026-10-05T13:40:00Z,2.225,2.32,2.21,2.3048,291248.0
ALEC,2026-10-05T13:41:00Z,2.3099,2.3599,2.295,2.305,517409.0
ALEC,2026-10-05T13:42:00Z,2.31,2.34,2.29,2.29,416738.0
ALEC,2026-10-05T13:43:00Z,2.29,2.32,2.29,2.3,153783.0
ALEC,2026-10-05T13:44:00Z,2.295,2.33,2.29,2.3108,205096.0
ALEC,2026-10-05T13:45:00Z,2.3199,2.43,2.31,2.3906,762889.0
ALEC,2026-10-05T13:46:00Z,2.395,2.45,2.39,2.4299,494815.0
ALEC,2026-10-05T13:47:00Z,2.43,2.435,2.39,2.41,446284.0
ALEC,2026-10-05T13:48:00Z,2.415,2.42,2.37,2.395,260262.0
ALEC,2026-10-05T13:49:00Z,2.4,2.44,2.395,2.4298,356068.0
ALEC,2026-10-05T13:50:00Z,2.43,2.44,2.4,2.402,305826.0
ALEC,2026-10-05T13:51:00Z,2.4001,2.44,2.4,2.425,187844.0
ALEC,2026-10-05T13:52:00Z,2.4215,2.45,2.41,2.4116,291733.0
ALEC,2026-10-05T13:53:00Z,2.4103,2.42,2.39,2.391,178426.0
ALEC,2026-10-05T13:54:00Z,2.39,2.4,2.36,2.375,290416.0
ALEC,2026-10-05T13:55:00Z,2.3799,2.4,2.37,2.3999,156503.0
ALEC,2026-10-05T13:56:00Z,2.4,2.42,2.38,2.38,138711.0
ALEC,2026-10-05T13:57:00Z,2.3809,2.39,2.29,2.3307,508041.0
ALEC,2026-10-05T13:58:00Z,2.3309,2.3491,2.27,2.275,356936.0
ALEC,2026-10-05T13:59:00Z,2.2799,2.3,2.27,2.2704,134888.0
ALEC,2026-10-05T14:00:00Z,2.2701,2.29,2.2,2.2308,436268.0
ALEC,2026-10-05T14:01:00Z,2.2301,2.24,2.16,2.175,538482.0
ALEC,2026-10-05T14:02:00Z,2.1791,2.2005,2.16,2.1792,350096.0
ALEC,2026-10-05T14:03:00Z,2.18,2.19,2.09,2.11,659363.0
ALEC,2026-10-05T14:04:00Z,2.1003,2.14,2.08,2.085,375255.0
ALEC,2026-10-05T14:05:00Z,2.0899,2.1,2.05,2.1,433143.0
ALEC,2026-10-05T14:06:00Z,2.1,2.17,2.09,2.1591,538398.0
ALEC,2026-10-05T14:07:00Z,2.155,2.2,2.15,2.1799,230853.0
ALEC,2026-10-05T14:08:00Z,2.17,2.23,2.17,2.205,354634.0
ALEC,2026-10-05T14:09:00Z,2.205,2.22,2.1775,2.195,250595.0
ALEC,2026-10-05T14:10:00Z,2.195,2.195,2.14,2.145,152290.0
ALEC,2026-10-05T14:11:00Z,2.145,2.2,2.14,2.18,155689.0
ALEC,2026-10-05T14:12:00Z,2.18,2.21,2.17,2.2036,143932.0
ALEC,2026-10-05T14:13:00Z,2.2,2.21,2.18,2.185,97096.0
ALEC,2026-10-05T14:14:00Z,2.185,2.19,2.17,2.1823,37942.0
ALEC,2026-10-05T14:15:00Z,2.1878,2.1878,2.15,2.175,152864.0
ALEC,2026-10-05T14:16:00Z,2.175,2.2,2.16,2.19,97126.0
ALEC,2026-10-05T14:17:00Z,2.1991,2.22,2.18,2.22,157222.0
ALEC,2026-10-05T14:18:00Z,2.22,2.26,2.2,2.25,369175.0
ALEC,2026-10-05T14:19:00Z,2.255,2.28,2.23,2.2397,281196.0
ALEC,2026-10-05T14:20:00Z,2.24,2.27,2.235,2.2491,180360.0
ALEC,2026-10-05T14:21:00Z,2.25,2.285,2.245,2.245,214148.0
ALEC,2026-10-05T14:22:00Z,2.2472,2.27,2.24,2.265,211259.0
ALEC,2026-10-05T14:23:00Z,2.265,2.31,2.2601,2.3099,186000.0
ALEC,2026-10-05T14:24:00Z,2.305,2.305,2.2801,2.295,178931.0
ALEC,2026-10-05T14:25:00Z,2.295,2.3,2.28,2.2815,122803.0
ALEC,2026-10-05T14:26:00Z,2.285,2.3,2.25,2.28,148095.0
ALEC,2026-10-05T14:27:00Z,2.2897,2.3,2.26,2.285,125493.0
ALEC,2026-10-05T14:28:00Z,2.2865,2.29,2.26,2.2675,278841.0
ALEC,2026-10-05T14:29:00Z,2.26,2.29,2.26,2.285,60496.0
ALEC,2026-10-05T14:30:00Z,2.285,2.29,2.26,2.289,85490.0
ALEC,2026-10-05T14:31:00Z,2.285,2.29,2.28,2.285,43991.0
ALEC,2026-10-05T14:32:00Z,2.2801,2.29,2.27,2.2878,48819.0
ALEC,2026-10-05T14:33:00Z,2.285,2.33,2.28,2.33,278929.0
ALEC,2026-10-05T14:34:00Z,2.33,2.36,2.31,2.3501,330465.0
ALEC,2026-10-05T14:35:00Z,2.36,2.38,2.34,2.35,266284.0
ALEC,2026-10-05T14:36:00Z,2.345,2.36,2.29,2.305,232951.0
ALEC,2026-10-05T14:37:00Z,2.305,2.32,2.25,2.2503,334119.0
ALEC,2026-10-05T14:38:00Z,2.26,2.26,2.19,2.205,423315.0
ALEC,2026-10-05T14:39:00Z,2.205,2.265,2.195,2.235,162566.0
ALEC,2026-10-05T14:40:00Z,2.24,2.25,2.23,2.2408,91279.0
ALEC,2026-10-05T14:41:00Z,2.2403,2.25,2.2208,2.225,77927.0
ALEC,2026-10-05T14:42:00Z,2.22,2.232,2.2,2.205,112947.0
ALEC,2026-10-05T14:43:00Z,2.205,2.2351,2.2009,2.2198,54817.0
ALEC,2026-10-05T14:44:00Z,2.215,2.24,2.2102,2.2301,45843.0
ALEC,2026-10-05T14:45:00Z,2.2391,2.245,2.225,2.235,94819.0
ALEC,2026-10-05T14:46:00Z,2.235,2.28,2.23,2.275,141955.0
ALEC,2026-10-05T14:47:00Z,2.275,2.29,2.25,2.2884,110268.0
ALEC,2026-10-05T14:48:00Z,2.285,2.2899,2.26,2.2782,68448.0
ALEC,2026-10-05T14:49:00Z,2.2708,2.2797,2.26,2.2687,30798.0
ALEC,2026-10-05T14:50:00Z,2.26,2.3,2.26,2.2998,179690.0
ALEC,2026-10-05T14:51:00Z,2.295,2.295,2.26,2.285,89157.0
ALEC,2026-10-05T14:52:00Z,2.285,2.29,2.275,2.2838,38705.0
ALEC,2026-10-05T14:53:00Z,2.285,2.29,2.26,2.2644,70811.0
ALEC,2026-10-05T14:54:00Z,2.265,2.27,2.25,2.25,41358.0
ALEC,2026-10-05T14:55:00Z,2.25,2.27,2.24,2.2402,80062.0
ALEC,2026-10-05T14:56:00Z,2.2418,2.25,2.23,2.23,64423.0
ALEC,2026-10-05T14:57:00Z,2.2309,2.25,2.23,2.2424,30778.0
ALEC,2026-10-05T14:58:00Z,2.245,2.26,2.24,2.2521,34118.0
ALEC,2026-10-05T14:59:00Z,2.255,2.26,2.24,2.24,42613.0
ALEC,2026-10-05T15:00:00Z,2.24,2.26,2.23,2.24,52327.0
ALEC,2026-10-05T15:01:00Z,2.25,2.25,2.23,2.2309,45063.0
ALEC,2026-10-05T15:02:00Z,2.2301,2.24,2.2201,2.2328,54938.0
ALEC,2026-10-05T15:03:00Z,2.235,2.255,2.23,2.2536,28589.0
ALEC,2026-10-05T15:04:00Z,2.2571,2.26,2.23,2.2315,30782.0
ALEC,2026-10-05T15:05:00Z,2.23,2.25,2.22,2.25,53993.0
ALEC,2026-10-05T15:06:00Z,2.245,2.25,2.23,2.2301,19720.0
ALEC,2026-10-05T15:07:00Z,2.23,2.23,2.2,2.22,120930.0
ALEC,2026-10-05T15:08:00Z,2.215,2.23,2.21,2.225,84749.0
ALEC,2026-10-05T15:09:00Z,2.225,2.24,2.22,2.225,38253.0
ALEC,2026-10-05T15:10:00Z,2.225,2.235,2.21,2.235,50844.0
ALEC,2026-10-05T15:11:00Z,2.235,2.235,2.22,2.2302,23380.0
ALEC,2026-10-05T15:12:00Z,2.235,2.28,2.23,2.275,136900.0
ALEC,2026-10-05T15:13:00Z,2.275,2.2977,2.27,2.285,118759.0
ALEC,2026-10-05T15:14:00Z,2.2885,2.29,2.27,2.2798,38139.0
ALEC,2026-10-05T15:15:00Z,2.275,2.29,2.27,2.2799,44002.0
ALEC,2026-10-05T15:16:00Z,2.275,2.285,2.27,2.277,45719.0
ALEC,2026-10-05T15:17:00Z,2.272,2.28,2.25,2.255,60427.0
ALEC,2026-10-05T15:18:00Z,2.26,2.26,2.23,2.245,91979.0
ALEC,2026-10-05T15:19:00Z,2.245,2.255,2.24,2.255,41852.0
ALEC,2026-10-05T15:20:00Z,2.255,2.2591,2.25,2.2585,5111.0
ALEC,2026-10-05T15:21:00Z,2.26,2.26,2.24,2.25,22608.0
ALEC,2026-10-05T15:22:00Z,2.245,2.2499,2.2301,2.235,19899.0
ALEC,2026-10-05T15:23:00Z,2.235,2.25,2.23,2.245,65167.0
ALEC,2026-10-05T15:24:00Z,2.241,2.25,2.23,2.245,27141.0
ALEC,2026-10-05T15:25:00Z,2.245,2.245,2.23,2.23,31114.0
ALEC,2026-10-05T15:26:00Z,2.22,2.24,2.22,2.225,52521.0
ALEC,2026-10-05T15:27:00Z,2.225,2.23,2.22,2.225,17851.0
ALEC,2026-10-05T15:28:00Z,2.2299,2.25,2.22,2.235,82577.0
ALEC,2026-10-05T15:29:00Z,2.2399,2.2399,2.22,2.2202,11674.0
ALEC,2026-10-05T15:30:00Z,2.22,2.24,2.22,2.2385,20342.0
ALEC,2026-10-05T15:31:00Z,2.2397,2.2397,2.22,2.22,12907.0
JAGX,2026-10-05T08:00:00Z,4.15,4.73,4.15,4.73,5173.0
JAGX,2026-10-05T08:01:00Z,4.56,4.7,4.39,4.5,20945.0
JAGX,2026-10-05T08:02:00Z,4.5,4.51,4.08,4.35,20385.0
JAGX,2026-10-05T08:03:00Z,4.4,4.5,4.22,4.48,9995.0
JAGX,2026-10-05T08:04:00Z,4.46,4.49,4.4,4.44,5583.0
JAGX,2026-10-05T08:05:00Z,4.44,4.48,4.41,4.44,5860.0
JAGX,2026-10-05T08:06:00Z,4.44,4.44,4.24,4.24,6090.0
JAGX,2026-10-05T08:07:00Z,4.21,4.3,4.2,4.28,2112.0
JAGX,2026-10-05T08:08:00Z,4.29,4.34,4.29,4.34,3313.0
JAGX,2026-10-05T08:09:00Z,4.37,4.62,4.37,4.62,8842.0
JAGX,2026-10-05T08:10:00Z,4.64,4.71,4.36,4.49,24018.0
JAGX,2026-10-05T08:11:00Z,4.48,4.49,4.29,4.3,8689.0
JAGX,2026-10-05T08:12:00Z,4.29,4.36,4.29,4.35,3426.0
JAGX,2026-10-05T08:13:00Z,4.33,4.35,4.3,4.31,6450.0
JAGX,2026-10-05T08:14:00Z,4.36,4.38,4.36,4.38,1201.0
JAGX,2026-10-05T08:15:00Z,4.42,4.43,4.4,4.4,11738.0
JAGX,2026-10-05T08:16:00Z,4.41,4.41,4.3,4.34,3004.0
JAGX,2026-10-05T08:17:00Z,4.33,4.35,4.32,4.35,2687.0
JAGX,2026-10-05T08:18:00Z,4.4,4.51,4.35,4.5,5976.0
JAGX,2026-10-05T08:19:00Z,4.49,4.53,4.47,4.5,6555.0
JAGX,2026-10-05T08:20:00Z,4.52,4.52,4.42,4.44,5101.0
JAGX,2026-10-05T08:21:00Z,4.45,4.45,4.34,4.4,3923.0
JAGX,2026-10-05T08:22:00Z,4.42,4.42,4.4,4.41,2468.0
JAGX,2026-10-05T08:23:00Z,4.4,4.41,4.35,4.38,916.0
JAGX,2026-10-05T08:24:00Z,4.37,4.37,4.32,4.32,1582.0
JAGX,2026-10-05T08:25:00Z,4.32,4.35,4.32,4.35,1417.0
JAGX,2026-10-05T08:26:00Z,4.36,4.42,4.36,4.39,1530.0
JAGX,2026-10-05T08:27:00Z,4.36,4.38,4.36,4.37,1053.0
JAGX,2026-10-05T08:28:00Z,4.39,4.41,4.39,4.4,1114.0
JAGX,2026-10-05T08:29:00Z,4.41,4.41,4.39,4.39,401.0
JAGX,2026-10-05T08:30:00Z,4.39,4.41,4.38,4.4,1348.0
JAGX,2026-10-05T08:31:00Z,4.4,4.42,4.4,4.4,2911.0
JAGX,2026-10-05T08:32:00Z,4.42,4.42,4.37,4.38,2606.0
JAGX,2026-10-05T08:33:00Z,4.38,4.38,4.36,4.36,584.0
JAGX,2026-10-05T08:34:00Z,4.36,4.36,4.33,4.33,1427.0
JAGX,2026-10-05T08:35:00Z,4.33,4.35,4.3,4.3,1697.0
JAGX,2026-10-05T08:36:00Z,4.3,4.32,4.3,4.31,2421.0
JAGX,2026-10-05T08:37:00Z,4.31,4.31,4.31,4.31,276.0
JAGX,2026-10-05T08:38:00Z,4.31,4.31,4.29,4.31,2730.0
JAGX,2026-10-05T08:39:00Z,4.29,4.38,4.28,4.38,2703.0
JAGX,2026-10-05T08:40:00Z,4.38,4.4,4.38,4.38,413.0
JAGX,2026-10-05T08:41:00Z,4.41,4.41,4.38,4.39,1291.0
JAGX,2026-10-05T08:42:00Z,4.38,4.43,4.38,4.43,3355.0
JAGX,2026-10-05T08:43:00Z,4.43,4.43,4.31,4.31,2461.0
JAGX,2026-10-05T08:44:00Z,4.3,4.36,4.29,4.36,1629.0
JAGX,2026-10-05T08:45:00Z,4.42,4.43,4.33,4.33,1667.0
JAGX,2026-10-05T08:46:00Z,4.32,4.34,4.32,4.34,364.0
JAGX,2026-10-05T08:47:00Z,4.3,4.34,4.3,4.33,1514.0
JAGX,2026-10-05T08:48:00Z,4.3,4.3,4.3,4.3,490.0
JAGX,2026-10-05T08:49:00Z,4.3,4.3,4.3,4.3,0.0
JAGX,2026-10-05T08:50:00Z,4.33,4.33,4.33,4.33,110.0
JAGX,2026-10-05T08:51:00Z,4.33,4.33,4.33,4.33,0.0
JAGX,2026-10-05T08:52:00Z,4.34,4.34,4.32,4.32,4088.0
JAGX,2026-10-05T08:53:00Z,4.32,4.4,4.32,4.4,1156.0
JAGX,2026-10-05T08:54:00Z,4.38,4.38,4.34,4.34,700.0
JAGX,2026-10-05T08:55:00Z,4.41,4.42,4.41,4.41,410.0
JAGX,2026-10-05T08:56:00Z,4.39,4.4,4.39,4.4,879.0
JAGX,2026-10-05T08:57:00Z,4.4,4.5,4.4,4.49,9166.0
JAGX,2026-10-05T08:58:00Z,4.5,4.5,4.42,4.44,2874.0
JAGX,2026-10-05T08:59:00Z,4.43,4.43,4.3,4.3,2664.0
JAGX,2026-10-05T09:00:00Z,4.35,4.37,4.32,4.34,1414.0
JAGX,2026-10-05T09:01:00Z,4.35,4.35,4.34,4.35,717.0
JAGX,2026-10-05T09:02:00Z,4.34,4.37,4.34,4.37,752.0
JAGX,2026-10-05T09:03:00Z,4.38,4.38,4.38,4.38,158.0
JAGX,2026-10-05T09:04:00Z,4.35,4.35,4.34,4.35,873.0
JAGX,2026-10-05T09:05:00Z,4.35,4.35,4.35,4.35,0.0
JAGX,2026-10-05T09:06:00Z,4.34,4.34,4.34,4.34,265.0
JAGX,2026-10-05T09:07:00Z,4.32,4.32,4.32,4.32,100.0
JAGX,2026-10-05T09:08:00Z,4.32,4.32,4.32,4.32,0.0
JAGX,2026-10-05T09:09:00Z,4.32,4.32,4.32,4.32,0.0
JAGX,2026-10-05T09:10:00Z,4.31,4.31,4.3,4.3,923.0
JAGX,2026-10-05T09:11:00Z,4.3,4.32,4.3,4.32,606.0
JAGX,2026-10-05T09:12:00Z,4.32,4.32,4.32,4.32,127.0
JAGX,2026-10-05T09:13:00Z,4.33,4.33,4.32,4.32,549.0
JAGX,2026-10-05T09:14:00Z,4.34,4.36,4.34,4.35,1529.0
JAGX,2026-10-05T09:15:00Z,4.35,4.35,4.35,4.35,0.0
JAGX,2026-10-05T09:16:00Z,4.35,4.36,4.35,4.36,1188.0
JAGX,2026-10-05T09:17:00Z,4.32,4.32,4.32,4.32,100.0
JAGX,2026-10-05T09:18:00Z,4.34,4.36,4.31,4.36,836.0
JAGX,2026-10-05T09:19:00Z,4.3,4.31,4.3,4.31,1068.0
JAGX,2026-10-05T09:20:00Z,4.31,4.31,4.3,4.3,1066.0
JAGX,2026-10-05T09:21:00Z,4.29,4.3,4.2,4.24,2751.0
JAGX,2026-10-05T09:22:00Z,4.24,4.25,4.2,4.25,881.0
JAGX,2026-10-05T09:23:00Z,4.26,4.26,4.25,4.26,801.0
JAGX,2026-10-05T09:24:00Z,4.26,4.3,4.26,4.3,569.0
JAGX,2026-10-05T09:25:00Z,4.35,4.36,4.29,4.31,1742.0
JAGX,2026-10-05T09:26:00Z,4.29,4.3,4.26,4.26,562.0
JAGX,2026-10-05T09:27:00Z,4.3,4.3,4.3,4.3,340.0
JAGX,2026-10-05T09:28:00Z,4.3,4.3,4.3,4.3,0.0
JAGX,2026-10-05T09:29:00Z,4.28,4.28,4.28,4.28,178.0
JAGX,2026-10-05T09:30:00Z,4.31,4.31,4.3,4.3,442.0
JAGX,2026-10-05T09:31:00Z,4.3,4.3,4.3,4.3,0.0
JAGX,2026-10-05T09:32:00Z,4.25,4.26,4.25,4.26,1072.0
JAGX,2026-10-05T09:33:00Z,4.26,4.26,4.26,4.26,0.0
JAGX,2026-10-05T09:34:00Z,4.25,4.25,4.22,4.22,740.0
JAGX,2026-10-05T09:35:00Z,4.25,4.25,4.24,4.24,517.0
JAGX,2026-10-05T09:36:00Z,4.24,4.24,4.24,4.24,0.0
JAGX,2026-10-05T09:37:00Z,4.24,4.24,4.22,4.23,527.0
JAGX,2026-10-05T09:38:00Z,4.23,4.23,4.23,4.23,506.0
JAGX,2026-10-05T09:39:00Z,4.23,4.23,4.23,4.23,100.0
JAGX,2026-10-05T09:40:00Z,4.23,4.23,4.23,4.23,0.0
JAGX,2026-10-05T09:41:00Z,4.3,4.3,4.3,4.3,199.0
JAGX,2026-10-05T09:42:00Z,4.33,4.33,4.3,4.33,674.0
JAGX,2026-10-05T09:43:00Z,4.33,4.33,4.33,4.33,0.0
JAGX,2026-10-05T09:44:00Z,4.36,4.36,4.36,4.36,110.0
JAGX,2026-10-05T09:45:00Z,4.35,4.35,4.35,4.35,125.0
JAGX,2026-10-05T09:46:00Z,4.35,4.35,4.35,4.35,100.0
JAGX,2026-10-05T09:47:00Z,4.35,4.35,4.35,4.35,0.0
JAGX,2026-10-05T09:48:00Z,4.35,4.35,4.35,4.35,342.0
JAGX,2026-10-05T09:49:00Z,4.36,4.36,4.35,4.36,1201.0
JAGX,2026-10-05T09:50:00Z,4.36,4.36,4.36,4.36,0.0
JAGX,2026-10-05T09:51:00Z,4.4,4.4,4.4,4.4,794.0
JAGX,2026-10-05T09:52:00Z,4.4,4.41,4.4,4.4,2466.0
JAGX,2026-10-05T09:53:00Z,4.41,4.41,4.39,4.39,1445.0
JAGX,2026-10-05T09:54:00Z,4.38,4.38,4.38,4.38,159.0
JAGX,2026-10-05T09:55:00Z,4.39,4.39,4.38,4.38,437.0
JAGX,2026-10-05T09:56:00Z,4.38,4.38,4.38,4.38,0.0
JAGX,2026-10-05T09:57:00Z,4.38,4.44,4.38,4.44,372.0
JAGX,2026-10-05T09:58:00Z,4.43,4.44,4.43,4.44,1871.0
JAGX,2026-10-05T09:59:00Z,4.43,4.44,4.43,4.43,1444.0
JAGX,2026-10-05T10:00:00Z,4.44,4.44,4.43,4.43,628.0
JAGX,2026-10-05T10:01:00Z,4.43,4.43,4.43,4.43,334.0
JAGX,2026-10-05T10:02:00Z,4.38,4.38,4.35,4.35,383.0
JAGX,2026-10-05T10:03:00Z,4.32,4.32,4.3,4.32,933.0
JAGX,2026-10-05T10:04:00Z,4.32,4.33,4.32,4.33,274.0
JAGX,2026-10-05T10:05:00Z,4.33,4.33,4.33,4.33,0.0
JAGX,2026-10-05T10:06:00Z,4.42,4.42,4.31,4.31,689.0
JAGX,2026-10-05T10:07:00Z,4.31,4.31,4.31,4.31,110.0
JAGX,2026-10-05T10:08:00Z,4.31,4.34,4.31,4.34,103.0
JAGX,2026-10-05T10:09:00Z,4.34,4.34,4.34,4.34,0.0
JAGX,2026-10-05T10:10:00Z,4.34,4.34,4.34,4.34,0.0
JAGX,2026-10-05T10:11:00Z,4.34,4.34,4.31,4.31,118.0
JAGX,2026-10-05T10:12:00Z,4.31,4.35,4.31,4.35,200.0
JAGX,2026-10-05T10:13:00Z,4.35,4.35,4.25,4.25,1041.0
JAGX,2026-10-05T10:14:00Z,4.28,4.28,4.22,4.22,2380.0
JAGX,2026-10-05T10:15:00Z,4.22,4.23,4.01,4.01,4497.0
JAGX,2026-10-05T10:16:00Z,4.03,4.16,4.01,4.1,5133.0
JAGX,2026-10-05T10:17:00Z,4.14,4.14,4.06,4.1,1466.0
JAGX,2026-10-05T10:18:00Z,4.1,4.14,4.08,4.11,1028.0
JAGX,2026-10-05T10:19:00Z,4.11,4.15,4.11,4.14,1138.0
JAGX,2026-10-05T10:20:00Z,4.13,4.14,4.11,4.11,892.0
JAGX,2026-10-05T10:21:00Z,4.11,4.12,4.11,4.12,497.0
JAGX,2026-10-05T10:22:00Z,4.12,4.12,4.11,4.12,0.0
JAGX,2026-10-05T10:23:00Z,4.12,4.13,4.11,4.12,137.0
JAGX,2026-10-05T10:24:00Z,4.12,4.13,4.01,4.02,5382.0
JAGX,2026-10-05T10:25:00Z,4.02,4.14,4.01,4.14,699.0
JAGX,2026-10-05T10:26:00Z,4.14,4.14,4.09,4.1,400.0
JAGX,2026-10-05T10:27:00Z,4.1,4.1,4.04,4.08,2163.0
JAGX,2026-10-05T10:28:00Z,4.08,4.08,4.02,4.07,767.0
JAGX,2026-10-05T10:29:00Z,4.07,4.08,4.07,4.08,186.0
JAGX,2026-10-05T10:30:00Z,4.08,4.08,4.08,4.08,0.0
JAGX,2026-10-05T10:31:00Z,4.08,4.08,4.08,4.08,0.0
JAGX,2026-10-05T10:32:00Z,4.12,4.12,4.1,4.11,512.0
JAGX,2026-10-05T10:33:00Z,4.11,4.12,4.1,4.11,328.0
JAGX,2026-10-05T10:34:00Z,4.11,4.11,4.11,4.11,0.0
JAGX,2026-10-05T10:35:00Z,4.11,4.11,4.11,4.11,0.0
JAGX,2026-10-05T10:36:00Z,4.11,4.11,4.11,4.11,0.0
JAGX,2026-10-05T10:37:00Z,4.11,4.12,4.11,4.11,346.0
JAGX,2026-10-05T10:38:00Z,4.11,4.11,4.11,4.11,0.0
JAGX,2026-10-05T10:39:00Z,4.11,4.2,4.11,4.19,320.0
JAGX,2026-10-05T10:40:00Z,4.16,4.18,4.14,4.14,750.0
JAGX,2026-10-05T10:41:00Z,4.14,4.15,4.12,4.12,300.0
JAGX,2026-10-05T10:42:00Z,4.12,4.12,4.08,4.08,100.0
JAGX,2026-10-05T10:43:00Z,4.08,4.08,4.07,4.07,300.0
JAGX,2026-10-05T10:44:00Z,4.07,4.08,4.07,4.08,446.0
JAGX,2026-10-05T10:45:00Z,4.08,4.09,4.08,4.09,100.0
JAGX,2026-10-05T10:46:00Z,4.09,4.12,4.09,4.1,200.0
JAGX,2026-10-05T10:47:00Z,4.13,4.13,4.09,4.09,321.0
JAGX,2026-10-05T10:48:00Z,4.09,4.09,4.09,4.09,0.0
JAGX,2026-10-05T10:49:00Z,4.09,4.1,4.09,4.1,720.0
JAGX,2026-10-05T10:50:00Z,4.1,4.1,4.1,4.1,0.0
JAGX,2026-10-05T10:51:00Z,4.1,4.22,4.1,4.18,1287.0
JAGX,2026-10-05T10:52:00Z,4.18,4.19,4.18,4.19,100.0
JAGX,2026-10-05T10:53:00Z,4.19,4.19,4.19,4.19,0.0
JAGX,2026-10-05T10:54:00Z,4.19,4.19,4.19,4.19,0.0
JAGX,2026-10-05T10:55:00Z,4.19,4.19,4.19,4.19,0.0
JAGX,2026-10-05T10:56:00Z,4.19,4.19,4.19,4.19,0.0
JAGX,2026-10-05T10:57:00Z,4.19,4.19,4.19,4.19,0.0
JAGX,2026-10-05T10:58:00Z,4.19,4.2,4.16,4.17,300.0
JAGX,2026-10-05T10:59:00Z,4.17,4.17,4.11,4.11,113.0
JAGX,2026-10-05T11:00:00Z,4.14,4.24,4.12,4.12,5701.0
JAGX,2026-10-05T11:01:00Z,4.12,4.14,4.12,4.14,894.0
JAGX,2026-10-05T11:02:00Z,4.14,4.17,4.12,4.17,3457.0
JAGX,2026-10-05T11:03:00Z,4.17,4.17,4.12,4.13,200.0
JAGX,2026-10-05T11:04:00Z,4.17,4.24,4.17,4.19,1466.0
JAGX,2026-10-05T11:05:00Z,4.12,4.22,4.12,4.21,629.0
JAGX,2026-10-05T11:06:00Z,4.21,4.24,4.2,4.2,1023.0
JAGX,2026-10-05T11:07:00Z,4.21,4.35,4.21,4.33,6702.0
JAGX,2026-10-05T11:08:00Z,4.33,4.33,4.24,4.3,7250.0
JAGX,2026-10-05T11:09:00Z,4.3,4.31,4.23,4.3,2407.0
JAGX,2026-10-05T11:10:00Z,4.3,4.48,4.3,4.34,16955.0
JAGX,2026-10-05T11:11:00Z,4.34,4.48,4.34,4.4,16250.0
JAGX,2026-10-05T11:12:00Z,4.44,4.44,4.39,4.43,7898.0
JAGX,2026-10-05T11:13:00Z,4.46,4.46,4.32,4.32,9426.0
JAGX,2026-10-05T11:14:00Z,4.32,4.39,4.32,4.33,10819.0
JAGX,2026-10-05T11:15:00Z,4.37,4.37,4.32,4.34,5724.0
JAGX,2026-10-05T11:16:00Z,4.33,4.37,4.32,4.36,3050.0
JAGX,2026-10-05T11:17:00Z,4.36,4.45,4.36,4.41,9464.0
JAGX,2026-10-05T11:18:00Z,4.44,4.5,4.39,4.4,16383.0
JAGX,2026-10-05T11:19:00Z,4.41,4.41,4.25,4.33,10163.0
JAGX,2026-10-05T11:20:00Z,4.33,4.37,4.26,4.36,3377.0
JAGX,2026-10-05T11:21:00Z,4.36,4.36,4.29,4.36,382.0
JAGX,2026-10-05T11:22:00Z,4.36,4.36,4.14,4.2,4469.0
JAGX,2026-10-05T11:23:00Z,4.19,4.2,4.1,4.17,3331.0
JAGX,2026-10-05T11:24:00Z,4.17,4.24,4.17,4.17,1201.0
JAGX,2026-10-05T11:25:00Z,4.17,4.27,4.17,4.27,3284.0
JAGX,2026-10-05T11:26:00Z,4.31,4.43,4.3,4.4,10400.0
JAGX,2026-10-05T11:27:00Z,4.37,4.37,4.31,4.33,4966.0
JAGX,2026-10-05T11:28:00Z,4.33,4.34,4.29,4.29,1495.0
JAGX,2026-10-05T11:29:00Z,4.29,4.29,4.22,4.22,744.0
JAGX,2026-10-05T11:30:00Z,4.22,4.25,4.2,4.25,755.0
JAGX,2026-10-05T11:31:00Z,4.29,4.29,4.25,4.26,1285.0
JAGX,2026-10-05T11:32:00Z,4.26,4.26,4.25,4.25,377.0
JAGX,2026-10-05T11:33:00Z,4.25,4.28,4.25,4.28,590.0
JAGX,2026-10-05T11:34:00Z,4.28,4.28,4.25,4.25,1394.0
JAGX,2026-10-05T11:35:00Z,4.25,4.29,4.23,4.28,2278.0
JAGX,2026-10-05T11:36:00Z,4.28,4.28,4.22,4.22,1050.0
JAGX,2026-10-05T11:37:00Z,4.22,4.22,4.2,4.2,1233.0
JAGX,2026-10-05T11:38:00Z,4.2,4.25,4.2,4.25,1937.0
JAGX,2026-10-05T11:39:00Z,4.25,4.25,4.21,4.21,605.0
JAGX,2026-10-05T11:40:00Z,4.21,4.25,4.17,4.17,4350.0
JAGX,2026-10-05T11:41:00Z,4.17,4.17,4.17,4.17,1746.0
JAGX,2026-10-05T11:42:00Z,4.18,4.24,4.18,4.24,3980.0
JAGX,2026-10-05T11:43:00Z,4.24,4.24,4.2,4.24,2222.0
JAGX,2026-10-05T11:44:00Z,4.24,4.24,4.24,4.24,0.0
JAGX,2026-10-05T11:45:00Z,4.24,4.24,4.23,4.23,195.0
JAGX,2026-10-05T11:46:00Z,4.23,4.27,4.23,4.24,1540.0
JAGX,2026-10-05T11:47:00Z,4.25,4.3,4.24,4.3,3099.0
JAGX,2026-10-05T11:48:00Z,4.3,4.34,4.3,4.32,3680.0
JAGX,2026-10-05T11:49:00Z,4.32,4.33,4.27,4.28,3303.0
JAGX,2026-10-05T11:50:00Z,4.28,4.31,4.28,4.28,797.0
JAGX,2026-10-05T11:51:00Z,4.28,4.3,4.27,4.3,2072.0
JAGX,2026-10-05T11:52:00Z,4.3,4.3,4.25,4.25,1969.0
JAGX,2026-10-05T11:53:00Z,4.25,4.34,4.25,4.33,935.0
JAGX,2026-10-05T11:54:00Z,4.33,4.36,4.33,4.36,2498.0
JAGX,2026-10-05T11:55:00Z,4.35,4.45,4.35,4.36,4149.0
JAGX,2026-10-05T11:56:00Z,4.36,4.36,4.31,4.32,6840.0
JAGX,2026-10-05T11:57:00Z,4.32,4.32,4.27,4.28,7983.0
JAGX,2026-10-05T11:58:00Z,4.28,4.28,4.27,4.27,435.0
JAGX,2026-10-05T11:59:00Z,4.27,4.29,4.27,4.29,898.0
JAGX,2026-10-05T12:00:00Z,4.29,4.3,4.27,4.27,1181.0
JAGX,2026-10-05T12:01:00Z,4.27,4.3,4.27,4.3,1000.0
JAGX,2026-10-05T12:02:00Z,4.3,4.3,4.28,4.28,1362.0
JAGX,2026-10-05T12:03:00Z,4.28,4.28,4.24,4.24,2578.0
JAGX,2026-10-05T12:04:00Z,4.24,4.24,4.2,4.23,1927.0
JAGX,2026-10-05T12:05:00Z,4.24,4.29,4.23,4.29,3220.0
JAGX,2026-10-05T12:06:00Z,4.29,4.29,4.25,4.25,731.0
JAGX,2026-10-05T12:07:00Z,4.25,4.25,4.25,4.25,0.0
JAGX,2026-10-05T12:08:00Z,4.25,4.27,4.25,4.27,100.0
JAGX,2026-10-05T12:09:00Z,4.27,4.28,4.26,4.27,1898.0
JAGX,2026-10-05T12:10:00Z,4.27,4.29,4.27,4.29,5200.0
JAGX,2026-10-05T12:11:00Z,4.29,4.36,4.29,4.36,694.0
JAGX,2026-10-05T12:12:00Z,4.36,4.36,4.31,4.32,2271.0
JAGX,2026-10-05T12:13:00Z,4.32,4.33,4.26,4.26,980.0
JAGX,2026-10-05T12:14:00Z,4.26,4.3,4.26,4.27,7098.0
JAGX,2026-10-05T12:15:00Z,4.27,4.27,4.25,4.25,2498.0
JAGX,2026-10-05T12:16:00Z,4.25,4.26,4.2,4.22,2003.0
JAGX,2026-10-05T12:17:00Z,4.22,4.22,4.19,4.19,3248.0
JAGX,2026-10-05T12:18:00Z,4.19,4.19,4.16,4.17,2449.0
JAGX,2026-10-05T12:19:00Z,4.17,4.17,4.14,4.15,4466.0
JAGX,2026-10-05T12:20:00Z,4.15,4.15,4.15,4.15,0.0
JAGX,2026-10-05T12:21:00Z,4.15,4.26,4.15,4.25,1906.0
JAGX,2026-10-05T12:22:00Z,4.26,4.26,4.25,4.25,1017.0
JAGX,2026-10-05T12:23:00Z,4.26,4.29,4.25,4.25,2315.0
JAGX,2026-10-05T12:24:00Z,4.25,4.29,4.24,4.29,660.0
JAGX,2026-10-05T12:25:00Z,4.29,4.29,4.23,4.24,1721.0
JAGX,2026-10-05T12:26:00Z,4.24,4.25,4.24,4.25,140.0
JAGX,2026-10-05T12:27:00Z,4.25,4.25,4.24,4.24,200.0
JAGX,2026-10-05T12:28:00Z,4.24,4.25,4.22,4.23,3168.0
JAGX,2026-10-05T12:29:00Z,4.23,4.24,4.23,4.24,1993.0
JAGX,2026-10-05T12:30:00Z,4.24,4.24,4.24,4.24,602.0
JAGX,2026-10-05T12:31:00Z,4.25,4.3,4.25,4.3,6137.0
JAGX,2026-10-05T12:32:00Z,4.31,4.35,4.27,4.35,3010.0
JAGX,2026-10-05T12:33:00Z,4.34,4.34,4.32,4.34,1830.0
JAGX,2026-10-05T12:34:00Z,4.32,4.33,4.29,4.3,1725.0
JAGX,2026-10-05T12:35:00Z,4.3,4.34,4.3,4.33,2240.0
JAGX,2026-10-05T12:36:00Z,4.31,4.32,4.29,4.29,2511.0
JAGX,2026-10-05T12:37:00Z,4.29,4.29,4.21,4.25,4444.0
JAGX,2026-10-05T12:38:00Z,4.25,4.25,4.23,4.23,400.0
JAGX,2026-10-05T12:39:00Z,4.23,4.26,4.23,4.26,3396.0
JAGX,2026-10-05T12:40:00Z,4.26,4.26,4.21,4.23,3563.0
JAGX,2026-10-05T12:41:00Z,4.23,4.23,4.19,4.19,2303.0
JAGX,2026-10-05T12:42:00Z,4.19,4.21,4.15,4.15,2213.0
JAGX,2026-10-05T12:43:00Z,4.18,4.18,4.17,4.17,771.0
JAGX,2026-10-05T12:44:00Z,4.17,4.17,4.17,4.17,0.0
JAGX,2026-10-05T12:45:00Z,4.17,4.22,4.17,4.22,1999.0
JAGX,2026-10-05T12:46:00Z,4.22,4.25,4.22,4.24,1046.0
JAGX,2026-10-05T12:47:00Z,4.24,4.25,4.24,4.25,200.0
JAGX,2026-10-05T12:48:00Z,4.25,4.25,4.25,4.25,469.0
JAGX,2026-10-05T12:49:00Z,4.25,4.25,4.25,4.25,216.0
JAGX,2026-10-05T12:50:00Z,4.25,4.29,4.25,4.29,6379.0
JAGX,2026-10-05T12:51:00Z,4.29,4.29,4.25,4.25,641.0
JAGX,2026-10-05T12:52:00Z,4.25,4.25,4.25,4.25,492.0
JAGX,2026-10-05T12:53:00Z,4.25,4.25,4.25,4.25,5991.0
JAGX,2026-10-05T12:54:00Z,4.25,4.25,4.2,4.24,4076.0
JAGX,2026-10-05T12:55:00Z,4.24,4.24,4.23,4.23,599.0
JAGX,2026-10-05T12:56:00Z,4.23,4.23,4.21,4.22,2317.0
JAGX,2026-10-05T12:57:00Z,4.22,4.22,4.2,4.2,1948.0
JAGX,2026-10-05T12:58:00Z,4.2,4.25,4.2,4.25,352.0
JAGX,2026-10-05T12:59:00Z,4.24,4.24,4.24,4.24,500.0
JAGX,2026-10-05T13:00:00Z,4.24,4.24,4.22,4.22,494.0
JAGX,2026-10-05T13:01:00Z,4.22,4.22,4.22,4.22,465.0
JAGX,2026-10-05T13:02:00Z,4.22,4.24,4.22,4.23,756.0
JAGX,2026-10-05T13:03:00Z,4.23,4.24,4.22,4.22,9397.0
JAGX,2026-10-05T13:04:00Z,4.22,4.25,4.22,4.25,489.0
JAGX,2026-10-05T13:05:00Z,4.25,4.25,4.21,4.21,547.0
JAGX,2026-10-05T13:06:00Z,4.21,4.25,4.21,4.25,1774.0
JAGX,2026-10-05T13:07:00Z,4.25,4.25,4.17,4.18,1806.0
JAGX,2026-10-05T13:08:00Z,4.24,4.25,4.2,4.2,3347.0
JAGX,2026-10-05T13:09:00Z,4.2,4.2,4.2,4.2,0.0
JAGX,2026-10-05T13:10:00Z,4.24,4.24,4.17,4.18,1117.0
JAGX,2026-10-05T13:11:00Z,4.18,4.18,4.16,4.16,2873.0
JAGX,2026-10-05T13:12:00Z,4.15,4.18,4.15,4.15,5971.0
JAGX,2026-10-05T13:13:00Z,4.15,4.15,4.1,4.11,10864.0
JAGX,2026-10-05T13:14:00Z,4.12,4.16,4.12,4.16,1471.0
JAGX,2026-10-05T13:15:00Z,4.16,4.23,4.16,4.17,2822.0
JAGX,2026-10-05T13:16:00Z,4.17,4.17,4.17,4.17,325.0
JAGX,2026-10-05T13:17:00Z,4.17,4.23,4.17,4.18,1491.0
JAGX,2026-10-05T13:18:00Z,4.18,4.18,4.18,4.18,200.0
JAGX,2026-10-05T13:19:00Z,4.18,4.21,4.17,4.19,4125.0
JAGX,2026-10-05T13:20:00Z,4.19,4.2,4.19,4.19,536.0
JAGX,2026-10-05T13:21:00Z,4.19,4.22,4.19,4.2,2185.0
JAGX,2026-10-05T13:22:00Z,4.2,4.2,4.19,4.19,1080.0
JAGX,2026-10-05T13:23:00Z,4.19,4.22,4.19,4.21,2040.0
JAGX,2026-10-05T13:24:00Z,4.21,4.21,4.21,4.21,565.0
JAGX,2026-10-05T13:25:00Z,4.21,4.25,4.21,4.25,3793.0
JAGX,2026-10-05T13:26:00Z,4.25,4.29,4.25,4.29,3948.0
JAGX,2026-10-05T13:27:00Z,4.29,4.3,4.28,4.28,3602.0
JAGX,2026-10-05T13:28:00Z,4.28,4.34,4.25,4.29,2598.0
JAGX,2026-10-05T13:29:00Z,4.25,4.29,4.25,4.25,1319.0
JAGX,2026-10-05T13:30:00Z,4.27,4.28,4.18,4.19,7743.0
JAGX,2026-10-05T13:31:00Z,4.21,4.26,4.18,4.26,6659.0
JAGX,2026-10-05T13:32:00Z,4.27,4.27,4.15,4.15,15180.0
JAGX,2026-10-05T13:33:00Z,4.15,4.23,4.15,4.2,3307.0
JAGX,2026-10-05T13:34:00Z,4.19,4.25,4.19,4.19,3787.0
JAGX,2026-10-05T13:35:00Z,4.17,4.25,4.16,4.21,13275.0
JAGX,2026-10-05T13:36:00Z,4.21,4.22,4.19,4.19,3560.0
JAGX,2026-10-05T13:37:00Z,4.19,4.2,4.19,4.2,1947.0
JAGX,2026-10-05T13:38:00Z,4.2,4.22,4.19,4.19,3728.0
JAGX,2026-10-05T13:39:00Z,4.19,4.2,4.17,4.18,2604.0
JAGX,2026-10-05T13:40:00Z,4.18,4.26,4.1,4.26,16357.0
JAGX,2026-10-05T13:41:00Z,4.26,4.26,4.21,4.21,2154.0
JAGX,2026-10-05T13:42:00Z,4.21,4.21,4.17,4.17,2361.0
JAGX,2026-10-05T13:43:00Z,4.16,4.19,4.16,4.18,2605.0
JAGX,2026-10-05T13:44:00Z,4.18,4.19,4.17,4.18,1951.0
JAGX,2026-10-05T13:45:00Z,4.18,4.19,4.16,4.18,1400.0
JAGX,2026-10-05T13:46:00Z,4.18,4.18,4.16,4.16,4108.0
JAGX,2026-10-05T13:47:00Z,4.18,4.29,4.18,4.27,27190.0
JAGX,2026-10-05T13:48:00Z,4.27,4.29,4.21,4.25,12667.0
JAGX,2026-10-05T13:49:00Z,4.27,4.28,4.23,4.24,6513.0
JAGX,2026-10-05T13:50:00Z,4.24,4.25,4.23,4.25,1778.0
JAGX,2026-10-05T13:51:00Z,4.25,4.62,4.24,4.61,74257.0
JAGX,2026-10-05T13:52:00Z,4.6,4.95,4.56,4.95,145622.0
JAGX,2026-10-05T13:53:00Z,4.95,4.95,4.95,4.95,0.0
JAGX,2026-10-05T13:54:00Z,4.95,4.95,4.95,4.95,0.0
JAGX,2026-10-05T13:55:00Z,4.95,4.95,4.95,4.95,0.0
JAGX,2026-10-05T13:56:00Z,4.95,4.95,4.95,4.95,0.0
JAGX,2026-10-05T13:57:00Z,4.95,5.0,4.74,4.95,142243.0
JAGX,2026-10-05T13:58:00Z,4.95,5.66,4.91,5.66,507971.0
JAGX,2026-10-05T13:59:00Z,5.66,5.66,5.66,5.66,0.0
JAGX,2026-10-05T14:00:00Z,5.66,5.66,5.66,5.66,0.0
JAGX,2026-10-05T14:01:00Z,5.66,5.66,5.66,5.66,0.0
JAGX,2026-10-05T14:02:00Z,5.66,5.66,5.66,5.66,0.0
JAGX,2026-10-05T14:03:00Z,5.66,5.7,5.1,5.66,320068.0
JAGX,2026-10-05T14:04:00Z,5.67,5.87,5.0,5.46,737666.0
JAGX,2026-10-05T14:05:00Z,5.45,5.9,5.41,5.77,612572.0
JAGX,2026-10-05T14:06:00Z,5.77,5.91,5.42,5.5,539296.0
JAGX,2026-10-05T14:07:00Z,5.45,5.54,5.12,5.43,319198.0
JAGX,2026-10-05T14:08:00Z,5.4,5.4,5.02,5.17,229783.0
JAGX,2026-10-05T14:09:00Z,5.17,5.3,5.02,5.02,90785.0
JAGX,2026-10-05T14:10:00Z,5.02,5.02,5.02,5.02,0.0
JAGX,2026-10-05T14:11:00Z,5.02,5.02,5.02,5.02,0.0
JAGX,2026-10-05T14:12:00Z,5.02,5.02,5.02,5.02,0.0
JAGX,2026-10-05T14:13:00Z,5.02,5.02,5.02,5.02,0.0
JAGX,2026-10-05T14:14:00Z,5.02,5.19,4.9,4.95,115106.0
JAGX,2026-10-05T14:15:00Z,4.97,5.22,4.7,4.74,187686.0
JAGX,2026-10-05T14:16:00Z,4.79,5.04,4.62,5.04,178504.0
JAGX,2026-10-05T14:17:00Z,5.04,5.04,4.83,4.91,57066.0
JAGX,2026-10-05T14:18:00Z,4.89,4.95,4.78,4.91,69251.0
JAGX,2026-10-05T14:19:00Z,4.91,5.19,4.83,5.08,119146.0
JAGX,2026-10-05T14:20:00Z,5.09,5.23,4.8,4.84,151995.0
JAGX,2026-10-05T14:21:00Z,4.87,4.89,4.74,4.75,73593.0
JAGX,2026-10-05T14:22:00Z,4.74,4.93,4.7,4.93,85251.0
JAGX,2026-10-05T14:23:00Z,4.88,4.97,4.83,4.97,49785.0
JAGX,2026-10-05T14:24:00Z,4.95,5.04,4.88,4.88,41100.0
JAGX,2026-10-05T14:25:00Z,4.88,4.91,4.76,4.83,41107.0
JAGX,2026-10-05T14:26:00Z,4.83,4.85,4.78,4.79,42808.0
JAGX,2026-10-05T14:27:00Z,4.78,4.8,4.75,4.78,21549.0
JAGX,2026-10-05T14:28:00Z,4.76,4.98,4.75,4.91,67249.0
JAGX,2026-10-05T14:29:00Z,4.94,5.02,4.84,4.93,55611.0
JAGX,2026-10-05T14:30:00Z,4.93,5.03,4.92,4.96,44054.0
JAGX,2026-10-05T14:31:00Z,4.97,5.2,4.96,5.1,155894.0
JAGX,2026-10-05T14:32:00Z,5.1,5.25,5.07,5.12,145464.0
JAGX,2026-10-05T14:33:00Z,5.11,5.52,5.0,5.36,328760.0
JAGX,2026-10-05T14:34:00Z,5.35,5.53,5.22,5.43,340312.0
JAGX,2026-10-05T14:35:00Z,5.43,5.9,5.39,5.85,635465.0
JAGX,2026-10-05T14:36:00Z,5.85,6.0,5.53,5.85,537451.0
JAGX,2026-10-05T14:37:00Z,5.86,5.87,5.47,5.51,306575.0
JAGX,2026-10-05T14:38:00Z,5.51,5.54,5.15,5.33,313132.0
JAGX,2026-10-05T14:39:00Z,5.33,5.47,5.25,5.3,83103.0
JAGX,2026-10-05T14:40:00Z,5.33,5.47,5.15,5.43,150651.0
JAGX,2026-10-05T14:41:00Z,5.42,5.55,5.34,5.37,136676.0
JAGX,2026-10-05T14:42:00Z,5.37,5.37,5.27,5.33,55485.0
JAGX,2026-10-05T14:43:00Z,5.33,5.5,5.3,5.4,91634.0
JAGX,2026-10-05T14:44:00Z,5.39,5.64,5.33,5.54,143333.0
JAGX,2026-10-05T14:45:00Z,5.57,5.57,5.03,5.15,232337.0
JAGX,2026-10-05T14:46:00Z,5.13,5.18,5.01,5.13,161321.0
JAGX,2026-10-05T14:47:00Z,5.14,5.15,5.08,5.1,40956.0
JAGX,2026-10-05T14:48:00Z,5.11,5.2,5.05,5.08,61280.0
JAGX,2026-10-05T14:49:00Z,5.07,5.19,5.04,5.15,29609.0
JAGX,2026-10-05T14:50:00Z,5.17,5.2,5.1,5.19,12322.0
JAGX,2026-10-05T14:51:00Z,5.19,5.21,5.11,5.12,22850.0
JAGX,2026-10-05T14:52:00Z,5.15,5.18,5.12,5.12,13895.0
JAGX,2026-10-05T14:53:00Z,5.14,5.21,5.07,5.11,26494.0
JAGX,2026-10-05T14:54:00Z,5.11,5.15,5.08,5.1,17441.0
JAGX,2026-10-05T14:55:00Z,5.12,5.18,5.02,5.07,47663.0
JAGX,2026-10-05T14:56:00Z,5.08,5.24,5.06,5.22,40219.0
JAGX,2026-10-05T14:57:00Z,5.2,5.22,5.15,5.17,36970.0
JAGX,2026-10-05T14:58:00Z,5.18,5.21,5.15,5.15,17029.0
JAGX,2026-10-05T14:59:00Z,5.18,5.19,5.1,5.17,17770.0
JAGX,2026-10-05T15:00:00Z,5.16,5.24,5.12,5.19,22105.0
JAGX,2026-10-05T15:01:00Z,5.22,5.23,5.07,5.16,37785.0
JAGX,2026-10-05T15:02:00Z,5.11,5.16,4.85,4.96,187533.0
JAGX,2026-10-05T15:03:00Z,4.96,5.1,4.96,5.03,31423.0
JAGX,2026-10-05T15:04:00Z,5.02,5.05,4.96,5.0,11100.0
JAGX,2026-10-05T15:05:00Z,4.99,5.0,4.9,4.9,26113.0
JAGX,2026-10-05T15:06:00Z,4.91,4.93,4.83,4.83,25207.0
JAGX,2026-10-05T15:07:00Z,4.83,5.03,4.83,4.98,24886.0
JAGX,2026-10-05T15:08:00Z,5.0,5.0,4.95,4.95,13090.0
JAGX,2026-10-05T15:09:00Z,4.95,4.98,4.95,4.96,3525.0
JAGX,2026-10-05T15:10:00Z,4.96,4.98,4.92,4.97,9256.0
JAGX,2026-10-05T15:11:00Z,4.97,5.02,4.9,4.9,30372.0
JAGX,2026-10-05T15:12:00Z,4.9,4.94,4.82,4.83,20781.0
JAGX,2026-10-05T15:13:00Z,4.83,4.89,4.8,4.81,31944.0
JAGX,2026-10-05T15:14:00Z,4.88,4.88,4.77,4.8,13513.0
JAGX,2026-10-05T15:15:00Z,4.8,4.84,4.8,4.83,6628.0
JAGX,2026-10-05T15:16:00Z,4.82,4.83,4.81,4.82,11150.0
JAGX,2026-10-05T15:17:00Z,4.81,4.82,4.65,4.71,21929.0
JAGX,2026-10-05T15:18:00Z,4.73,4.79,4.69,4.76,24786.0
JAGX,2026-10-05T15:19:00Z,4.76,4.84,4.75,4.82,22713.0
JAGX,2026-10-05T15:20:00Z,4.84,4.87,4.8,4.87,8782.0
JAGX,2026-10-05T15:21:00Z,4.86,4.9,4.85,4.86,25271.0
JAGX,2026-10-05T15:22:00Z,4.86,4.86,4.82,4.85,8415.0
JAGX,2026-10-05T15:23:00Z,4.85,4.86,4.82,4.85,5780.0
JAGX,2026-10-05T15:24:00Z,4.85,4.86,4.8,4.82,19143.0
JAGX,2026-10-05T15:25:00Z,4.81,4.82,4.81,4.81,3619.0
JAGX,2026-10-05T15:26:00Z,4.82,4.82,4.72,4.73,19275.0
JAGX,2026-10-05T15:27:00Z,4.72,4.75,4.66,4.72,30814.0
JAGX,2026-10-05T15:28:00Z,4.72,4.76,4.72,4.75,17096.0
JAGX,2026-10-05T15:29:00Z,4.76,4.81,4.74,4.76,16560.0
JAGX,2026-10-05T15:30:00Z,4.8,4.84,4.77,4.83,10292.0
JAGX,2026-10-05T15:31:00Z,4.83,4.83,4.82,4.82,642.0
RETO,2026-10-05T08:00:00Z,1.91,2.04,1.91,1.99,60837.0
RETO,2026-10-05T08:01:00Z,1.98,2.0,1.94,1.975,35979.0
RETO,2026-10-05T08:02:00Z,1.975,2.05,1.91,1.93,168109.0
RETO,2026-10-05T08:03:00Z,1.96,2.03,1.92,1.98,87075.0
RETO,2026-10-05T08:04:00Z,1.9804,1.99,1.98,1.9896,35871.0
RETO,2026-10-05T08:05:00Z,1.9893,1.99,1.98,1.985,31634.0
RETO,2026-10-05T08:06:00Z,1.99,2.04,1.91,1.99,56141.0
RETO,2026-10-05T08:07:00Z,1.99,2.12,1.98,2.01,185322.0
RETO,2026-10-05T08:08:00Z,2.01,2.03,2.0,2.01,84339.0
RETO,2026-10-05T08:09:00Z,2.005,2.08,2.0,2.0604,51034.0
RETO,2026-10-05T08:10:00Z,2.06,2.0898,2.04,2.065,58477.0
RETO,2026-10-05T08:11:00Z,2.0604,2.08,2.03,2.03,54629.0
RETO,2026-10-05T08:12:00Z,2.03,2.05,2.03,2.04,22221.0
RETO,2026-10-05T08:13:00Z,2.0407,2.06,2.04,2.06,14719.0
RETO,2026-10-05T08:14:00Z,2.06,2.1,2.0507,2.09,56649.0
RETO,2026-10-05T08:15:00Z,2.095,2.1,2.06,2.065,49874.0
RETO,2026-10-05T08:16:00Z,2.065,2.0699,2.04,2.0497,36308.0
RETO,2026-10-05T08:17:00Z,2.04,2.05,2.03,2.03,14545.0
RETO,2026-10-05T08:18:00Z,2.0301,2.04,2.0,2.0,39769.0
RETO,2026-10-05T08:19:00Z,2.005,2.01,2.0,2.0001,9772.0
RETO,2026-10-05T08:20:00Z,2.0,2.01,2.0,2.0004,10506.0
RETO,2026-10-05T08:21:00Z,2.0096,2.01,2.0,2.0,15186.0
RETO,2026-10-05T08:22:00Z,2.0,2.01,2.0,2.0,12788.0
RETO,2026-10-05T08:23:00Z,2.0,2.01,1.99,1.9904,14238.0
RETO,2026-10-05T08:24:00Z,1.99,1.9996,1.97,1.97,14340.0
RETO,2026-10-05T08:25:00Z,1.9796,1.98,1.97,1.97,12690.0
RETO,2026-10-05T08:26:00Z,1.975,1.98,1.97,1.98,12988.0
RETO,2026-10-05T08:27:00Z,1.97,1.9797,1.96,1.9699,8870.0
RETO,2026-10-05T08:28:00Z,1.96,1.96,1.94,1.945,25943.0
RETO,2026-10-05T08:29:00Z,1.9496,1.95,1.94,1.945,20233.0
RETO,2026-10-05T08:30:00Z,1.9402,1.95,1.94,1.95,18607.0
RETO,2026-10-05T08:31:00Z,1.95,1.95,1.94,1.94,6874.0
RETO,2026-10-05T08:32:00Z,1.94,1.95,1.94,1.95,35052.0
RETO,2026-10-05T08:33:00Z,1.95,1.97,1.94,1.9699,26123.0
RETO,2026-10-05T08:34:00Z,1.97,1.97,1.96,1.96,13976.0
RETO,2026-10-05T08:35:00Z,1.98,1.99,1.97,1.9804,21465.0
RETO,2026-10-05T08:36:00Z,1.9896,2.01,1.98,2.01,24049.0
RETO,2026-10-05T08:37:00Z,2.01,2.04,2.01,2.04,45084.0
RETO,2026-10-05T08:38:00Z,2.04,2.04,2.0,2.005,38022.0
RETO,2026-10-05T08:39:00Z,2.0096,2.01,2.0,2.0,23413.0
RETO,2026-10-05T08:40:00Z,2.0,2.005,1.96,1.96,13945.0
RETO,2026-10-05T08:41:00Z,1.9693,1.97,1.95,1.95,17573.0
RETO,2026-10-05T08:42:00Z,1.9507,1.97,1.95,1.96,13113.0
RETO,2026-10-05T08:43:00Z,1.9695,1.97,1.9601,1.9696,13266.0
RETO,2026-10-05T08:44:00Z,1.97,1.97,1.96,1.9604,14703.0
RETO,2026-10-05T08:45:00Z,1.9604,1.97,1.96,1.96,6640.0
RETO,2026-10-05T08:46:00Z,1.97,1.97,1.95,1.95,9358.0
RETO,2026-10-05T08:47:00Z,1.95,1.9593,1.91,1.9104,29335.0
RETO,2026-10-05T08:48:00Z,1.92,1.93,1.91,1.9298,13927.0
RETO,2026-10-05T08:49:00Z,1.93,1.95,1.929,1.941,14610.0
RETO,2026-10-05T08:50:00Z,1.95,1.95,1.9403,1.9403,6865.0
RETO,2026-10-05T08:51:00Z,1.945,1.95,1.94,1.94,7874.0
RETO,2026-10-05T08:52:00Z,1.9494,1.95,1.94,1.95,14274.0
RETO,2026-10-05T08:53:00Z,1.945,1.95,1.94,1.94,15120.0
RETO,2026-10-05T08:54:00Z,1.94,1.95,1.94,1.95,8357.0
RETO,2026-10-05T08:55:00Z,1.95,1.95,1.94,1.94,7748.0
RETO,2026-10-05T08:56:00Z,1.9496,1.95,1.94,1.945,5965.0
RETO,2026-10-05T08:57:00Z,1.9402,1.98,1.9402,1.97,16543.0
RETO,2026-10-05T08:58:00Z,1.98,2.0,1.98,1.99,20163.0
RETO,2026-10-05T08:59:00Z,1.9901,2.0,1.99,1.99,12510.0
RETO,2026-10-05T09:00:00Z,1.99,1.9904,1.96,1.96,10058.0
RETO,2026-10-05T09:01:00Z,1.97,1.97,1.95,1.95,17556.0
RETO,2026-10-05T09:02:00Z,1.9406,1.9799,1.94,1.9505,5616.0
RETO,2026-10-05T09:03:00Z,1.95,1.96,1.95,1.95,6581.0
RETO,2026-10-05T09:04:00Z,1.9516,1.9693,1.95,1.96,3620.0
RETO,2026-10-05T09:05:00Z,1.97,1.97,1.95,1.95,7960.0
RETO,2026-10-05T09:06:00Z,1.96,1.96,1.95,1.95,1980.0
RETO,2026-10-05T09:07:00Z,1.95,1.96,1.95,1.951,4991.0
RETO,2026-10-05T09:08:00Z,1.95,1.96,1.95,1.96,2289.0
RETO,2026-10-05T09:09:00Z,1.96,1.96,1.95,1.96,8941.0
RETO,2026-10-05T09:10:00Z,1.9693,1.97,1.9603,1.9603,4648.0
RETO,2026-10-05T09:11:00Z,1.9602,1.97,1.96,1.97,2861.0
RETO,2026-10-05T09:12:00Z,1.97,1.97,1.96,1.96,5741.0
RETO,2026-10-05T09:13:00Z,1.96,1.99,1.96,1.98,8506.0
RETO,2026-10-05T09:14:00Z,1.9893,2.0,1.98,2.0,14787.0
RETO,2026-10-05T09:15:00Z,1.9997,2.0396,1.9997,2.0196,65383.0
RETO,2026-10-05T09:16:00Z,2.0,2.0197,2.0,2.0,9062.0
RETO,2026-10-05T09:17:00Z,2.0,2.0,1.97,1.9807,17395.0
RETO,2026-10-05T09:18:00Z,1.98,1.99,1.98,1.9896,4904.0
RETO,2026-10-05T09:19:00Z,1.99,1.99,1.98,1.98,2277.0
RETO,2026-10-05T09:20:00Z,1.9896,1.99,1.98,1.98,4176.0
RETO,2026-10-05T09:21:00Z,1.99,1.99,1.98,1.985,3185.0
RETO,2026-10-05T09:22:00Z,1.9803,1.99,1.98,1.98,4745.0
RETO,2026-10-05T09:23:00Z,1.9899,1.9899,1.9897,1.9897,296.0
RETO,2026-10-05T09:24:00Z,1.9896,1.99,1.98,1.9807,5015.0
RETO,2026-10-05T09:25:00Z,1.9896,1.9896,1.97,1.98,10459.0
RETO,2026-10-05T09:26:00Z,1.97,1.98,1.96,1.96,14539.0
RETO,2026-10-05T09:27:00Z,1.9604,1.97,1.96,1.9607,3595.0
RETO,2026-10-05T09:28:00Z,1.97,1.97,1.96,1.9694,5770.0
RETO,2026-10-05T09:29:00Z,1.96,1.97,1.96,1.965,3476.0
RETO,2026-10-05T09:30:00Z,1.965,1.97,1.96,1.9607,8649.0
RETO,2026-10-05T09:31:00Z,1.9696,1.98,1.96,1.9702,17164.0
RETO,2026-10-05T09:32:00Z,1.9704,1.98,1.97,1.98,8706.0
RETO,2026-10-05T09:33:00Z,1.99,1.99,1.98,1.9804,5365.0
RETO,2026-10-05T09:34:00Z,1.98,1.9899,1.98,1.98,2444.0
RETO,2026-10-05T09:35:00Z,1.9801,1.9807,1.9793,1.98,5863.0
RETO,2026-10-05T09:36:00Z,1.9799,1.98,1.97,1.98,10690.0
RETO,2026-10-05T09:37:00Z,1.98,1.98,1.96,1.96,4067.0
RETO,2026-10-05T09:38:00Z,1.97,1.97,1.9601,1.9601,1999.0
RETO,2026-10-05T09:39:00Z,1.9698,1.9698,1.9602,1.9696,447.0
RETO,2026-10-05T09:40:00Z,1.96,1.97,1.96,1.96,4064.0
RETO,2026-10-05T09:41:00Z,1.97,1.97,1.96,1.96,1618.0
RETO,2026-10-05T09:42:00Z,1.975,1.98,1.97,1.98,5854.0
RETO,2026-10-05T09:43:00Z,1.9704,1.98,1.97,1.9798,3412.0
RETO,2026-10-05T09:44:00Z,1.97,1.98,1.97,1.97,2850.0
RETO,2026-10-05T09:45:00Z,1.9796,1.98,1.97,1.98,3978.0
RETO,2026-10-05T09:46:00Z,1.98,1.98,1.9704,1.9704,1157.0
RETO,2026-10-05T09:47:00Z,1.97,1.98,1.97,1.98,2866.0
RETO,2026-10-05T09:48:00Z,1.98,1.98,1.97,1.98,2799.0
RETO,2026-10-05T09:49:00Z,1.9796,1.98,1.9704,1.9704,3352.0
RETO,2026-10-05T09:50:00Z,1.9703,1.9704,1.96,1.96,8285.0
RETO,2026-10-05T09:51:00Z,1.9602,1.97,1.96,1.96,2803.0
RETO,2026-10-05T09:52:00Z,1.97,1.9796,1.96,1.9696,1615.0
RETO,2026-10-05T09:53:00Z,1.9604,1.97,1.96,1.965,691.0
RETO,2026-10-05T09:54:00Z,1.96,1.9699,1.96,1.9699,1036.0
RETO,2026-10-05T09:55:00Z,1.97,1.97,1.96,1.965,10623.0
RETO,2026-10-05T09:56:00Z,1.96,1.97,1.96,1.9604,2631.0
RETO,2026-10-05T09:57:00Z,1.96,1.97,1.96,1.96,1145.0
RETO,2026-10-05T09:58:00Z,1.96,1.965,1.96,1.965,392.0
RETO,2026-10-05T09:59:00Z,1.97,1.97,1.96,1.96,6725.0
RETO,2026-10-05T10:00:00Z,1.965,1.9699,1.96,1.965,1365.0
RETO,2026-10-05T10:01:00Z,1.97,1.97,1.96,1.96,5465.0
RETO,2026-10-05T10:02:00Z,1.9602,1.97,1.96,1.96,2314.0
RETO,2026-10-05T10:03:00Z,1.97,1.97,1.96,1.965,1164.0
RETO,2026-10-05T10:04:00Z,1.965,1.97,1.965,1.97,1392.0
RETO,2026-10-05T10:05:00Z,1.9696,1.9696,1.96,1.96,3688.0
RETO,2026-10-05T10:06:00Z,1.965,1.965,1.96,1.96,2895.0
RETO,2026-10-05T10:07:00Z,1.96,1.96,1.95,1.96,2968.0
RETO,2026-10-05T10:08:00Z,1.96,1.99,1.96,1.9884,6991.0
RETO,2026-10-05T10:09:00Z,1.9884,1.99,1.98,1.99,7158.0
RETO,2026-10-05T10:10:00Z,1.99,2.02,1.99,2.02,10641.0
RETO,2026-10-05T10:11:00Z,2.02,2.05,2.01,2.0402,22084.0
RETO,2026-10-05T10:12:00Z,2.0404,2.05,2.03,2.05,41109.0
RETO,2026-10-05T10:13:00Z,2.05,2.08,2.05,2.06,52946.0
RETO,2026-10-05T10:14:00Z,2.0696,2.07,2.06,2.06,18290.0
RETO,2026-10-05T10:15:00Z,2.0593,2.0596,2.03,2.0307,25879.0
RETO,2026-10-05T10:16:00Z,2.0307,2.04,2.03,2.04,13408.0
RETO,2026-10-05T10:17:00Z,2.0304,2.0304,2.0001,2.01,16199.0
RETO,2026-10-05T10:18:00Z,2.02,2.02,2.0,2.02,10073.0
RETO,2026-10-05T10:19:00Z,2.02,2.0376,2.0104,2.02,11208.0
RETO,2026-10-05T10:20:00Z,2.02,2.02,2.01,2.0196,6206.0
RETO,2026-10-05T10:21:00Z,2.0105,2.02,2.01,2.02,4156.0
RETO,2026-10-05T10:22:00Z,2.02,2.03,2.02,2.02,4875.0
RETO,2026-10-05T10:23:00Z,2.02,2.024,2.01,2.01,7357.0
RETO,2026-10-05T10:24:00Z,2.01,2.03,2.01,2.02,2944.0
RETO,2026-10-05T10:25:00Z,2.03,2.05,2.03,2.0496,3364.0
RETO,2026-10-05T10:26:00Z,2.05,2.05,2.04,2.05,14034.0
RETO,2026-10-05T10:27:00Z,2.0401,2.05,2.04,2.05,5637.0
RETO,2026-10-05T10:28:00Z,2.05,2.07,2.0404,2.07,6587.0
RETO,2026-10-05T10:29:00Z,2.07,2.07,2.06,2.0696,14289.0
RETO,2026-10-05T10:30:00Z,2.065,2.08,2.0601,2.07,32775.0
RETO,2026-10-05T10:31:00Z,2.0702,2.08,2.06,2.07,11651.0
RETO,2026-10-05T10:32:00Z,2.0604,2.0604,2.01,2.02,20952.0
RETO,2026-10-05T10:33:00Z,2.03,2.04,2.02,2.0247,12936.0
RETO,2026-10-05T10:34:00Z,2.0247,2.03,2.02,2.0201,3491.0
RETO,2026-10-05T10:35:00Z,2.02,2.02,2.01,2.02,7204.0
RETO,2026-10-05T10:36:00Z,2.02,2.02,2.01,2.0107,8197.0
RETO,2026-10-05T10:37:00Z,2.0107,2.02,2.01,2.02,4134.0
RETO,2026-10-05T10:38:00Z,2.0102,2.03,2.01,2.03,3698.0
RETO,2026-10-05T10:39:00Z,2.03,2.04,2.02,2.02,10410.0
RETO,2026-10-05T10:40:00Z,2.02,2.0443,2.02,2.0443,1120.0
RETO,2026-10-05T10:41:00Z,2.0338,2.04,2.03,2.0397,3094.0
RETO,2026-10-05T10:42:00Z,2.035,2.04,2.03,2.04,5081.0
RETO,2026-10-05T10:43:00Z,2.04,2.04,2.03,2.03,1889.0
RETO,2026-10-05T10:44:00Z,2.031,2.04,2.03,2.0398,3896.0
RETO,2026-10-05T10:45:00Z,2.04,2.04,2.0203,2.0205,11023.0
RETO,2026-10-05T10:46:00Z,2.02,2.0363,2.01,2.0363,11261.0
RETO,2026-10-05T10:47:00Z,2.0106,2.03,2.0106,2.02,3802.0
RETO,2026-10-05T10:48:00Z,2.0197,2.0197,2.0,2.0,2062.0
RETO,2026-10-05T10:49:00Z,2.005,2.01,2.0,2.0095,10562.0
RETO,2026-10-05T10:50:00Z,2.0,2.01,1.98,1.99,19502.0
RETO,2026-10-05T10:51:00Z,1.98,2.0,1.98,2.0,9681.0
RETO,2026-10-05T10:52:00Z,1.9996,2.0,1.99,2.0,7344.0
RETO,2026-10-05T10:53:00Z,2.01,2.01,2.0,2.01,3917.0
RETO,2026-10-05T10:54:00Z,2.01,2.01,2.0,2.0,2661.0
RETO,2026-10-05T10:55:00Z,2.0,2.0193,2.0,2.0193,16573.0
RETO,2026-10-05T10:56:00Z,2.0,2.03,2.0,2.0115,14484.0
RETO,2026-10-05T10:57:00Z,2.0115,2.03,2.0115,2.03,6057.0
RETO,2026-10-05T10:58:00Z,2.03,2.03,2.02,2.02,7951.0
RETO,2026-10-05T10:59:00Z,2.02,2.02,2.01,2.0194,3592.0
RETO,2026-10-05T11:00:00Z,2.02,2.06,2.01,2.06,23422.0
RETO,2026-10-05T11:01:00Z,2.0503,2.06,2.04,2.05,18719.0
RETO,2026-10-05T11:02:00Z,2.05,2.06,2.04,2.06,9983.0
RETO,2026-10-05T11:03:00Z,2.05,2.08,2.05,2.0769,25983.0
RETO,2026-10-05T11:04:00Z,2.08,2.08,2.055,2.06,18942.0
RETO,2026-10-05T11:05:00Z,2.0594,2.06,2.01,2.01,27759.0
RETO,2026-10-05T11:06:00Z,2.015,2.04,2.01,2.0104,13020.0
RETO,2026-10-05T11:07:00Z,2.0201,2.03,2.01,2.03,9978.0
RETO,2026-10-05T11:08:00Z,2.03,2.04,2.02,2.04,5388.0
RETO,2026-10-05T11:09:00Z,2.0399,2.06,2.0399,2.05,7387.0
RETO,2026-10-05T11:10:00Z,2.0503,2.06,2.03,2.04,15777.0
RETO,2026-10-05T11:11:00Z,2.0316,2.06,2.0316,2.0501,10957.0
RETO,2026-10-05T11:12:00Z,2.0599,2.06,2.05,2.0584,6513.0
RETO,2026-10-05T11:13:00Z,2.0597,2.1,2.05,2.0903,48990.0
RETO,2026-10-05T11:14:00Z,2.0997,2.13,2.0897,2.13,114433.0
RETO,2026-10-05T11:15:00Z,2.1201,2.42,2.12,2.374,620069.0
RETO,2026-10-05T11:16:00Z,2.38,2.48,2.36,2.41,617913.0
RETO,2026-10-05T11:17:00Z,2.4,2.41,2.16,2.178,743234.0
RETO,2026-10-05T11:18:00Z,2.18,2.22,2.14,2.17,432489.0
RETO,2026-10-05T11:19:00Z,2.18,2.18,2.09,2.1493,319039.0
RETO,2026-10-05T11:20:00Z,2.15,2.15,2.08,2.1001,215290.0
RETO,2026-10-05T11:21:00Z,2.11,2.11,2.06,2.1,135995.0
RETO,2026-10-05T11:22:00Z,2.09,2.1,2.06,2.0697,69835.0
RETO,2026-10-05T11:23:00Z,2.06,2.08,2.03,2.0799,93909.0
RETO,2026-10-05T11:24:00Z,2.08,2.08,2.05,2.0703,42863.0
RETO,2026-10-05T11:25:00Z,2.0785,2.09,2.0597,2.09,50729.0
RETO,2026-10-05T11:26:00Z,2.08,2.08,2.05,2.0601,84732.0
RETO,2026-10-05T11:27:00Z,2.0698,2.07,2.05,2.05,38093.0
RETO,2026-10-05T11:28:00Z,2.0501,2.0503,2.0,2.0399,86113.0
RETO,2026-10-05T11:29:00Z,2.04,2.04,2.03,2.04,10603.0
RETO,2026-10-05T11:30:00Z,2.0399,2.04,2.02,2.0207,30643.0
RETO,2026-10-05T11:31:00Z,2.03,2.07,2.03,2.06,56222.0
RETO,2026-10-05T11:32:00Z,2.05,2.0594,2.02,2.02,19942.0
RETO,2026-10-05T11:33:00Z,2.0203,2.0218,2.01,2.0218,26987.0
RETO,2026-10-05T11:34:00Z,2.0218,2.06,2.02,2.06,15570.0
RETO,2026-10-05T11:35:00Z,2.05,2.05,2.04,2.04,15279.0
RETO,2026-10-05T11:36:00Z,2.03,2.04,2.02,2.02,24620.0
RETO,2026-10-05T11:37:00Z,2.02,2.03,2.01,2.01,19086.0
RETO,2026-10-05T11:38:00Z,2.01,2.01,2.0,2.0,31636.0
RETO,2026-10-05T11:39:00Z,1.9997,2.0,1.95,1.95,117095.0
RETO,2026-10-05T11:40:00Z,1.96,1.97,1.94,1.97,59731.0
RETO,2026-10-05T11:41:00Z,1.97,1.99,1.9606,1.98,17225.0
RETO,2026-10-05T11:42:00Z,1.98,2.0,1.98,1.99,17076.0
RETO,2026-10-05T11:43:00Z,1.99,2.0,1.99,1.99,12037.0
RETO,2026-10-05T11:44:00Z,2.0,2.0,1.99,2.0,9524.0
RETO,2026-10-05T11:45:00Z,1.9998,2.0,1.985,1.9897,21345.0
RETO,2026-10-05T11:46:00Z,1.9804,1.99,1.97,1.97,15983.0
RETO,2026-10-05T11:47:00Z,1.97,1.98,1.97,1.97,20061.0
RETO,2026-10-05T11:48:00Z,1.9701,1.9899,1.97,1.9802,5199.0
RETO,2026-10-05T11:49:00Z,1.99,1.9903,1.98,1.98,5307.0
RETO,2026-10-05T11:50:00Z,1.9801,2.0,1.98,2.0,8539.0
RETO,2026-10-05T11:51:00Z,2.0,2.02,2.0,2.0102,25365.0
RETO,2026-10-05T11:52:00Z,2.0102,2.02,2.01,2.02,17131.0
RETO,2026-10-05T11:53:00Z,2.015,2.03,2.0,2.0,28081.0
RETO,2026-10-05T11:54:00Z,2.0001,2.01,2.0,2.0001,4118.0
RETO,2026-10-05T11:55:00Z,2.0,2.0,1.98,1.9806,17281.0
RETO,2026-10-05T11:56:00Z,1.9801,1.99,1.98,1.98,8540.0
RETO,2026-10-05T11:57:00Z,1.99,1.99,1.97,1.97,9601.0
RETO,2026-10-05T11:58:00Z,1.9785,1.9785,1.96,1.9684,8147.0
RETO,2026-10-05T11:59:00Z,1.9684,1.97,1.95,1.97,20040.0
RETO,2026-10-05T12:00:00Z,1.9784,1.98,1.96,1.97,9586.0
RETO,2026-10-05T12:01:00Z,1.9615,1.97,1.96,1.96,7443.0
RETO,2026-10-05T12:02:00Z,1.96,1.97,1.96,1.96,9492.0
RETO,2026-10-05T12:03:00Z,1.96,1.97,1.96,1.9606,6428.0
RETO,2026-10-05T12:04:00Z,1.9607,1.97,1.96,1.97,4880.0
RETO,2026-10-05T12:05:00Z,1.96,1.97,1.96,1.9698,1548.0
RETO,2026-10-05T12:06:00Z,1.9698,1.9698,1.96,1.96,3602.0
RETO,2026-10-05T12:07:00Z,1.96,2.05,1.96,2.04,75617.0
RETO,2026-10-05T12:08:00Z,2.02,2.03,2.0,2.0003,25266.0
RETO,2026-10-05T12:09:00Z,2.0003,2.01,2.0,2.0,4823.0
RETO,2026-10-05T12:10:00Z,2.0,2.01,2.0,2.0003,12773.0
RETO,2026-10-05T12:11:00Z,2.0002,2.0003,1.99,1.991,5859.0
RETO,2026-10-05T12:12:00Z,1.99,1.9902,1.97,1.97,10045.0
RETO,2026-10-05T12:13:00Z,1.97,1.98,1.97,1.97,4784.0
RETO,2026-10-05T12:14:00Z,1.97,1.98,1.95,1.95,17518.0
RETO,2026-10-05T12:15:00Z,1.95,2.03,1.95,1.9999,42215.0
RETO,2026-10-05T12:16:00Z,2.0,2.04,1.99,1.9903,17728.0
RETO,2026-10-05T12:17:00Z,1.9907,2.01,1.99,2.0096,13847.0
RETO,2026-10-05T12:18:00Z,2.0001,2.01,1.99,1.9999,10514.0
RETO,2026-10-05T12:19:00Z,1.99,2.0,1.99,1.99,4028.0
RETO,2026-10-05T12:20:00Z,1.995,2.0,1.99,1.99,8597.0
RETO,2026-10-05T12:21:00Z,1.9902,2.0,1.99,2.0,9777.0
RETO,2026-10-05T12:22:00Z,2.0,2.0,1.99,1.9901,5285.0
RETO,2026-10-05T12:23:00Z,1.9901,2.0,1.99,2.0,24787.0
RETO,2026-10-05T12:24:00Z,1.9999,2.0,1.99,1.9985,3636.0
RETO,2026-10-05T12:25:00Z,1.99,1.9997,1.99,1.9984,4062.0
RETO,2026-10-05T12:26:00Z,1.99,1.99,1.98,1.9894,6046.0
RETO,2026-10-05T12:27:00Z,1.9805,1.9899,1.98,1.9802,2896.0
RETO,2026-10-05T12:28:00Z,1.9802,1.9884,1.97,1.97,4881.0
RETO,2026-10-05T12:29:00Z,1.97,1.98,1.97,1.98,2811.0
RETO,2026-10-05T12:30:00Z,1.98,1.98,1.97,1.97,3622.0
RETO,2026-10-05T12:31:00Z,1.97,1.98,1.96,1.97,6132.0
RETO,2026-10-05T12:32:00Z,1.97,1.99,1.96,1.99,12401.0
RETO,2026-10-05T12:33:00Z,1.98,1.99,1.98,1.99,2751.0
RETO,2026-10-05T12:34:00Z,1.9897,1.9897,1.97,1.98,3663.0
RETO,2026-10-05T12:35:00Z,1.98,1.99,1.97,1.99,15677.0
RETO,2026-10-05T12:36:00Z,1.99,2.04,1.989,2.03,37694.0
RETO,2026-10-05T12:37:00Z,2.03,2.07,2.02,2.04,50439.0
RETO,2026-10-05T12:38:00Z,2.04,2.07,2.025,2.025,22804.0
RETO,2026-10-05T12:39:00Z,2.03,2.04,2.0,2.01,19050.0
RETO,2026-10-05T12:40:00Z,2.01,2.03,2.01,2.02,15893.0
RETO,2026-10-05T12:41:00Z,2.0102,2.02,1.97,1.97,23146.0
RETO,2026-10-05T12:42:00Z,1.9707,1.99,1.97,1.99,7411.0
RETO,2026-10-05T12:43:00Z,1.99,1.99,1.9807,1.9807,3698.0
RETO,2026-10-05T12:44:00Z,1.9898,2.0,1.9898,1.9993,5977.0
RETO,2026-10-05T12:45:00Z,1.9915,2.0,1.99,1.9916,6650.0
RETO,2026-10-05T12:46:00Z,1.9916,1.9993,1.99,1.99,4717.0
RETO,2026-10-05T12:47:00Z,1.99,1.9907,1.99,1.99,1359.0
RETO,2026-10-05T12:48:00Z,1.9903,2.0,1.9901,2.0,7870.0
RETO,2026-10-05T12:49:00Z,2.01,2.01,2.0,2.0002,2800.0
RETO,2026-10-05T12:50:00Z,2.01,2.01,2.0003,2.0016,2331.0
RETO,2026-10-05T12:51:00Z,2.01,2.01,1.99,1.99,7497.0
RETO,2026-10-05T12:52:00Z,2.0,2.0,1.99,1.9907,2764.0
RETO,2026-10-05T12:53:00Z,1.9907,2.0,1.9903,2.0,1177.0
RETO,2026-10-05T12:54:00Z,2.0,2.0,1.99,1.992,2599.0
RETO,2026-10-05T12:55:00Z,2.0,2.0,1.98,1.99,8909.0
RETO,2026-10-05T12:56:00Z,1.9804,1.9804,1.97,1.97,4049.0
RETO,2026-10-05T12:57:00Z,1.97,1.9799,1.97,1.9793,3950.0
RETO,2026-10-05T12:58:00Z,1.98,1.99,1.98,1.99,18915.0
RETO,2026-10-05T12:59:00Z,1.99,2.03,1.99,2.03,13703.0
RETO,2026-10-05T13:00:00Z,2.03,2.03,2.01,2.01,7011.0
RETO,2026-10-05T13:01:00Z,2.0103,2.02,2.0099,2.0099,2123.0
RETO,2026-10-05T13:02:00Z,2.0,2.01,2.0,2.0005,4811.0
RETO,2026-10-05T13:03:00Z,2.0005,2.01,2.0,2.0,5261.0
RETO,2026-10-05T13:04:00Z,2.0,2.0004,2.0,2.0004,2548.0
RETO,2026-10-05T13:05:00Z,2.0004,2.01,2.0004,2.01,2807.0
RETO,2026-10-05T13:06:00Z,2.01,2.01,2.0,2.0,1137.0
RETO,2026-10-05T13:07:00Z,2.0093,2.01,2.0,2.0001,2245.0
RETO,2026-10-05T13:08:00Z,2.0001,2.01,2.0,2.0093,3141.0
RETO,2026-10-05T13:09:00Z,2.0093,2.01,2.0093,2.01,400.0
RETO,2026-10-05T13:10:00Z,2.0001,2.01,2.0,2.01,3860.0
RETO,2026-10-05T13:11:00Z,2.01,2.01,2.0,2.0,4258.0
RETO,2026-10-05T13:12:00Z,2.0001,2.0001,2.0,2.0,2100.0
RETO,2026-10-05T13:13:00Z,2.0,2.01,2.0,2.01,1837.0
RETO,2026-10-05T13:14:00Z,2.0,2.0,2.0,2.0,5055.0
RETO,2026-10-05T13:15:00Z,2.0,2.01,2.0,2.01,1705.0
RETO,2026-10-05T13:16:00Z,2.01,2.01,2.0,2.0097,5393.0
RETO,2026-10-05T13:17:00Z,2.0097,2.01,2.0,2.01,973.0
RETO,2026-10-05T13:18:00Z,2.01,2.02,2.0,2.02,8199.0
RETO,2026-10-05T13:19:00Z,2.02,2.0485,2.02,2.048,24897.0
RETO,2026-10-05T13:20:00Z,2.048,2.048,2.03,2.035,8579.0
RETO,2026-10-05T13:21:00Z,2.035,2.035,2.01,2.01,12879.0
RETO,2026-10-05T13:22:00Z,2.01,2.02,2.01,2.02,2653.0
RETO,2026-10-05T13:23:00Z,2.01,2.02,2.01,2.02,4450.0
RETO,2026-10-05T13:24:00Z,2.02,2.05,2.02,2.05,12732.0
RETO,2026-10-05T13:25:00Z,2.05,2.0698,2.0406,2.06,20536.0
RETO,2026-10-05T13:26:00Z,2.055,2.07,2.055,2.07,17115.0
RETO,2026-10-05T13:27:00Z,2.065,2.07,2.06,2.06,24503.0
RETO,2026-10-05T13:28:00Z,2.06,2.07,2.03,2.0499,15790.0
RETO,2026-10-05T13:29:00Z,2.05,2.05,2.04,2.04,6845.0
RETO,2026-10-05T13:30:00Z,2.045,2.06,2.0,2.0003,31749.0
RETO,2026-10-05T13:31:00Z,2.005,2.01,2.0,2.0,21611.0
RETO,2026-10-05T13:32:00Z,2.0,2.0001,1.92,1.95,88192.0
RETO,2026-10-05T13:33:00Z,1.9427,1.96,1.905,1.905,46196.0
RETO,2026-10-05T13:34:00Z,1.9,1.9001,1.785,1.795,168225.0
RETO,2026-10-05T13:35:00Z,1.7901,1.8,1.68,1.7298,92827.0
RETO,2026-10-05T13:36:00Z,1.73,1.83,1.725,1.825,59635.0
RETO,2026-10-05T13:37:00Z,1.83,1.8751,1.8295,1.84,56944.0
RETO,2026-10-05T13:38:00Z,1.845,1.85,1.79,1.79,50383.0
RETO,2026-10-05T13:39:00Z,1.8,1.81,1.7501,1.81,20845.0
RETO,2026-10-05T13:40:00Z,1.79,1.81,1.76,1.76,19249.0
RETO,2026-10-05T13:41:00Z,1.76,1.78,1.73,1.7501,38463.0
RETO,2026-10-05T13:42:00Z,1.7599,1.76,1.72,1.72,22196.0
RETO,2026-10-05T13:43:00Z,1.725,1.84,1.7201,1.835,56150.0
RETO,2026-10-05T13:44:00Z,1.835,1.84,1.8,1.81,26886.0
RETO,2026-10-05T13:45:00Z,1.819,1.84,1.81,1.8299,25260.0
RETO,2026-10-05T13:46:00Z,1.825,1.9,1.825,1.87,23810.0
RETO,2026-10-05T13:47:00Z,1.865,1.88,1.85,1.855,22807.0
RETO,2026-10-05T13:48:00Z,1.8597,1.86,1.85,1.855,8395.0
RETO,2026-10-05T13:49:00Z,1.8501,1.86,1.85,1.8599,13890.0
RETO,2026-10-05T13:50:00Z,1.85,1.86,1.82,1.8299,18983.0
RETO,2026-10-05T13:51:00Z,1.83,1.839,1.8201,1.8301,11443.0
RETO,2026-10-05T13:52:00Z,1.83,1.84,1.8101,1.811,15438.0
RETO,2026-10-05T13:53:00Z,1.81,1.82,1.7701,1.78,36964.0
RETO,2026-10-05T13:54:00Z,1.78,1.8103,1.78,1.8065,7390.0
RETO,2026-10-05T13:55:00Z,1.81,1.86,1.81,1.8501,14585.0
RETO,2026-10-05T13:56:00Z,1.86,1.87,1.8401,1.86,22477.0
RETO,2026-10-05T13:57:00Z,1.86,1.87,1.86,1.86,12348.0
RETO,2026-10-05T13:58:00Z,1.8699,1.87,1.8601,1.8617,11717.0
RETO,2026-10-05T13:59:00Z,1.8618,1.88,1.8603,1.8703,13579.0
RETO,2026-10-05T14:00:00Z,1.8702,1.89,1.8506,1.89,22158.0
RETO,2026-10-05T14:01:00Z,1.89,1.94,1.885,1.9301,35670.0
RETO,2026-10-05T14:02:00Z,1.9377,1.94,1.92,1.9285,30672.0
RETO,2026-10-05T14:03:00Z,1.9299,1.9355,1.92,1.93,10652.0
RETO,2026-10-05T14:04:00Z,1.94,1.97,1.93,1.95,50523.0
RETO,2026-10-05T14:05:00Z,1.945,1.9498,1.91,1.91,28496.0
RETO,2026-10-05T14:06:00Z,1.91,1.9299,1.91,1.92,17476.0
RETO,2026-10-05T14:07:00Z,1.92,1.95,1.92,1.95,17709.0
RETO,2026-10-05T14:08:00Z,1.95,1.95,1.93,1.9498,19188.0
RETO,2026-10-05T14:09:00Z,1.9493,1.99,1.9493,1.9604,32315.0
RETO,2026-10-05T14:10:00Z,1.965,1.9697,1.93,1.94,23570.0
RETO,2026-10-05T14:11:00Z,1.94,1.95,1.8776,1.9101,37139.0
RETO,2026-10-05T14:12:00Z,1.915,1.915,1.88,1.88,11311.0
RETO,2026-10-05T14:13:00Z,1.885,1.89,1.87,1.8709,30238.0
RETO,2026-10-05T14:14:00Z,1.89,1.9274,1.89,1.92,18570.0
RETO,2026-10-05T14:15:00Z,1.92,1.92,1.89,1.8901,4496.0
RETO,2026-10-05T14:16:00Z,1.8901,1.9,1.84,1.85,25469.0
RETO,2026-10-05T14:17:00Z,1.86,1.87,1.83,1.8599,12154.0
RETO,2026-10-05T14:18:00Z,1.855,1.86,1.82,1.83,15005.0
RETO,2026-10-05T14:19:00Z,1.84,1.86,1.82,1.8522,16847.0
RETO,2026-10-05T14:20:00Z,1.8522,1.86,1.85,1.86,4143.0
RETO,2026-10-05T14:21:00Z,1.8366,1.8366,1.82,1.83,4963.0
RETO,2026-10-05T14:22:00Z,1.83,1.85,1.82,1.845,8352.0
RETO,2026-10-05T14:23:00Z,1.8571,1.8593,1.84,1.84,7511.0
RETO,2026-10-05T14:24:00Z,1.8497,1.859,1.84,1.85,10749.0
RETO,2026-10-05T14:25:00Z,1.86,1.9,1.85,1.9,34659.0
RETO,2026-10-05T14:26:00Z,1.9,1.92,1.8901,1.92,19081.0
RETO,2026-10-05T14:27:00Z,1.92,1.92,1.91,1.92,6395.0
RETO,2026-10-05T14:28:00Z,1.91,1.9103,1.89,1.91,15619.0
RETO,2026-10-05T14:29:00Z,1.8952,1.93,1.8952,1.9297,11894.0
RETO,2026-10-05T14:30:00Z,1.925,1.93,1.89,1.91,10019.0
RETO,2026-10-05T14:31:00Z,1.896,1.9091,1.89,1.9,4779.0
RETO,2026-10-05T14:32:00Z,1.9002,1.9002,1.88,1.89,8343.0
RETO,2026-10-05T14:33:00Z,1.88,1.8903,1.88,1.88,6578.0
RETO,2026-10-05T14:34:00Z,1.88,1.9,1.88,1.89,1494.0
RETO,2026-10-05T14:35:00Z,1.8802,1.91,1.8802,1.9001,17905.0
RETO,2026-10-05T14:36:00Z,1.9,1.91,1.9,1.908,16224.0
RETO,2026-10-05T14:37:00Z,1.905,1.905,1.9,1.9001,2219.0
RETO,2026-10-05T14:38:00Z,1.9,1.91,1.9,1.9001,4371.0
RETO,2026-10-05T14:39:00Z,1.9001,1.905,1.9,1.9,2958.0
RETO,2026-10-05T14:40:00Z,1.9,1.93,1.9,1.93,6726.0
RETO,2026-10-05T14:41:00Z,1.9291,1.93,1.9,1.92,3748.0
RETO,2026-10-05T14:42:00Z,1.9201,1.925,1.91,1.9104,6777.0
RETO,2026-10-05T14:43:00Z,1.92,1.9342,1.915,1.9342,10766.0
RETO,2026-10-05T14:44:00Z,1.94,1.94,1.925,1.925,1459.0
RETO,2026-10-05T14:45:00Z,1.9201,1.97,1.915,1.9668,33451.0
RETO,2026-10-05T14:46:00Z,1.96,1.97,1.95,1.9501,13883.0
RETO,2026-10-05T14:47:00Z,1.96,1.99,1.955,1.9871,46189.0
RETO,2026-10-05T14:48:00Z,2.0,2.03,1.99,2.0297,77431.0
RETO,2026-10-05T14:49:00Z,2.0204,2.03,2.0,2.01,34786.0
RETO,2026-10-05T14:50:00Z,2.01,2.01,1.9701,1.9806,21235.0
RETO,2026-10-05T14:51:00Z,1.9818,2.0,1.96,1.97,14765.0
RETO,2026-10-05T14:52:00Z,1.96,2.0,1.96,1.9807,8920.0
RETO,2026-10-05T14:53:00Z,1.98,2.0,1.9707,1.9707,8988.0
RETO,2026-10-05T14:54:00Z,1.99,1.99,1.971,1.971,7832.0
RETO,2026-10-05T14:55:00Z,1.971,2.01,1.971,2.0077,24124.0
RETO,2026-10-05T14:56:00Z,2.01,2.03,2.0001,2.01,17155.0
RETO,2026-10-05T14:57:00Z,2.015,2.03,2.01,2.02,12451.0
RETO,2026-10-05T14:58:00Z,2.02,2.02,2.0,2.0002,9513.0
RETO,2026-10-05T14:59:00Z,2.0002,2.01,2.0,2.01,6947.0
RETO,2026-10-05T15:00:00Z,2.0001,2.02,1.9701,1.9826,21318.0
RETO,2026-10-05T15:01:00Z,1.99,2.0,1.96,1.97,12552.0
RETO,2026-10-05T15:02:00Z,1.96,2.02,1.96,1.98,27400.0
RETO,2026-10-05T15:03:00Z,1.98,2.02,1.98,2.01,8839.0
RETO,2026-10-05T15:04:00Z,2.01,2.02,2.0003,2.02,9759.0
RETO,2026-10-05T15:05:00Z,2.02,2.15,2.01,2.145,150750.0
RETO,2026-10-05T15:06:00Z,2.145,2.28,2.09,2.2097,465141.0
RETO,2026-10-05T15:07:00Z,2.205,2.28,2.18,2.22,361197.0
RETO,2026-10-05T15:08:00Z,2.215,2.25,2.18,2.2402,205281.0
RETO,2026-10-05T15:09:00Z,2.2499,2.39,2.22,2.3899,612758.0
RETO,2026-10-05T15:10:00Z,2.3897,2.4,2.28,2.31,568686.0
RETO,2026-10-05T15:11:00Z,2.3199,2.32,2.1,2.1584,445573.0
RETO,2026-10-05T15:12:00Z,2.1576,2.22,2.13,2.2,188391.0
RETO,2026-10-05T15:13:00Z,2.195,2.3,2.1905,2.27,189939.0
RETO,2026-10-05T15:14:00Z,2.2701,2.2777,2.17,2.195,145523.0
RETO,2026-10-05T15:15:00Z,2.195,2.2,2.1401,2.1597,163039.0
RETO,2026-10-05T15:16:00Z,2.1501,2.16,2.1,2.14,180580.0
RETO,2026-10-05T15:17:00Z,2.1423,2.15,2.05,2.07,128462.0
RETO,2026-10-05T15:18:00Z,2.075,2.12,2.07,2.11,42831.0
RETO,2026-10-05T15:19:00Z,2.105,2.14,2.0901,2.131,51558.0
RETO,2026-10-05T15:20:00Z,2.1397,2.14,2.115,2.115,24784.0
RETO,2026-10-05T15:21:00Z,2.115,2.12,2.0801,2.0804,68345.0
RETO,2026-10-05T15:22:00Z,2.09,2.13,2.08,2.12,47445.0
RETO,2026-10-05T15:23:00Z,2.12,2.13,2.09,2.115,30156.0
RETO,2026-10-05T15:24:00Z,2.115,2.12,2.09,2.09,16001.0
RETO,2026-10-05T15:25:00Z,2.09,2.0995,2.02,2.06,115855.0
RETO,2026-10-05T15:26:00Z,2.0501,2.1,2.05,2.0799,21320.0
RETO,2026-10-05T15:27:00Z,2.07,2.07,2.06,2.065,13955.0
RETO,2026-10-05T15:28:00Z,2.0604,2.0696,2.01,2.05,65399.0
RETO,2026-10-05T15:29:00Z,2.045,2.05,2.021,2.03,26420.0
RETO,2026-10-05T15:30:00Z,2.0375,2.0375,1.91,1.9603,128768.0
RETO,2026-10-05T15:31:00Z,1.96,1.99,1.96,1.9801,11853.0
SABS,2026-10-05T10:04:00Z,3.0,3.0,3.0,3.0,200.0
SABS,2026-10-05T10:05:00Z,3.0,3.0,3.0,3.0,0.0
SABS,2026-10-05T10:06:00Z,3.0,3.0,3.0,3.0,0.0
SABS,2026-10-05T10:07:00Z,3.0,3.0,3.0,3.0,0.0
SABS,2026-10-05T10:08:00Z,3.0,3.0,3.0,3.0,0.0
SABS,2026-10-05T10:09:00Z,3.0,3.0,3.0,3.0,0.0
SABS,2026-10-05T10:10:00Z,3.0,3.0,3.0,3.0,0.0
SABS,2026-10-05T10:11:00Z,3.0,3.0,3.0,3.0,0.0
SABS,2026-10-05T10:12:00Z,3.0,3.0,3.0,3.0,0.0
SABS,2026-10-05T10:13:00Z,3.0,3.0,3.0,3.0,0.0
SABS,2026-10-05T10:14:00Z,3.0,3.0,3.0,3.0,0.0
SABS,2026-10-05T10:15:00Z,3.0,3.0,3.0,3.0,0.0
SABS,2026-10-05T10:16:00Z,3.0,3.0,3.0,3.0,0.0
SABS,2026-10-05T10:17:00Z,3.0,3.0,3.0,3.0,0.0
SABS,2026-10-05T10:18:00Z,3.0,3.0,3.0,3.0,0.0
SABS,2026-10-05T10:19:00Z,3.0,3.0,3.0,3.0,0.0
SABS,2026-10-05T10:20:00Z,3.0,3.0,3.0,3.0,0.0
SABS,2026-10-05T10:21:00Z,3.0,3.0,3.0,3.0,0.0
SABS,2026-10-05T10:22:00Z,3.0,3.0,3.0,3.0,0.0
SABS,2026-10-05T10:23:00Z,3.0,3.0,3.0,3.0,0.0
SABS,2026-10-05T10:24:00Z,3.0,3.0,3.0,3.0,0.0
SABS,2026-10-05T10:25:00Z,3.0,3.0,3.0,3.0,0.0
SABS,2026-10-05T10:26:00Z,3.0,3.0,3.0,3.0,0.0
SABS,2026-10-05T10:27:00Z,3.0,3.0,3.0,3.0,0.0
SABS,2026-10-05T10:28:00Z,3.0,3.0,3.0,3.0,0.0
SABS,2026-10-05T10:29:00Z,3.0,3.0,3.0,3.0,0.0
SABS,2026-10-05T10:30:00Z,3.0,3.0,3.0,3.0,0.0
SABS,2026-10-05T10:31:00Z,3.0,3.0,3.0,3.0,0.0
SABS,2026-10-05T10:32:00Z,3.0,3.0,3.0,3.0,0.0
SABS,2026-10-05T10:33:00Z,3.0,3.0,3.0,3.0,0.0
SABS,2026-10-05T10:34:00Z,3.0,3.0,3.0,3.0,0.0
SABS,2026-10-05T10:35:00Z,3.0,3.0,3.0,3.0,0.0
SABS,2026-10-05T10:36:00Z,3.0,3.0,3.0,3.0,0.0
SABS,2026-10-05T10:37:00Z,3.0,3.0,3.0,3.0,0.0
SABS,2026-10-05T10:38:00Z,3.0,3.0,3.0,3.0,0.0
SABS,2026-10-05T10:39:00Z,3.0,3.0,3.0,3.0,0.0
SABS,2026-10-05T10:40:00Z,3.0,3.0,3.0,3.0,0.0
SABS,2026-10-05T10:41:00Z,3.0,3.0,3.0,3.0,0.0
SABS,2026-10-05T10:42:00Z,3.0,3.0,3.0,3.0,0.0
SABS,2026-10-05T10:43:00Z,3.0,3.0,3.0,3.0,0.0
SABS,2026-10-05T10:44:00Z,3.0,3.0,3.0,3.0,0.0
SABS,2026-10-05T10:45:00Z,3.0,3.0,3.0,3.0,0.0
SABS,2026-10-05T10:46:00Z,3.0,3.0,3.0,3.0,0.0
SABS,2026-10-05T10:47:00Z,3.0,3.0,3.0,3.0,0.0
SABS,2026-10-05T10:48:00Z,3.0,3.0,3.0,3.0,0.0
SABS,2026-10-05T10:49:00Z,3.0,3.0,3.0,3.0,0.0
SABS,2026-10-05T10:50:00Z,3.0,3.0,3.0,3.0,0.0
SABS,2026-10-05T10:51:00Z,3.0,3.0,3.0,3.0,0.0
SABS,2026-10-05T10:52:00Z,3.0,3.0,3.0,3.0,0.0
SABS,2026-10-05T10:53:00Z,3.0,3.0,3.0,3.0,0.0
SABS,2026-10-05T10:54:00Z,3.0,3.0,3.0,3.0,0.0
SABS,2026-10-05T10:55:00Z,3.0,3.0,3.0,3.0,0.0
SABS,2026-10-05T10:56:00Z,3.0,3.0,3.0,3.0,0.0
SABS,2026-10-05T10:57:00Z,3.0,3.0,3.0,3.0,0.0
SABS,2026-10-05T10:58:00Z,3.0,3.0,3.0,3.0,0.0
SABS,2026-10-05T10:59:00Z,3.0,3.0,3.0,3.0,0.0
SABS,2026-10-05T11:00:00Z,3.06,3.5,3.06,3.5,3448.0
SABS,2026-10-05T11:01:00Z,3.5,3.5,3.5,3.5,0.0
SABS,2026-10-05T11:02:00Z,3.5,3.5,3.5,3.5,0.0
SABS,2026-10-05T11:03:00Z,3.5,3.5,3.5,3.5,0.0
SABS,2026-10-05T11:04:00Z,3.5,3.5,3.5,3.5,0.0
SABS,2026-10-05T11:05:00Z,3.5,3.5,3.5,3.5,0.0
SABS,2026-10-05T11:06:00Z,3.5,3.5,3.5,3.5,0.0
SABS,2026-10-05T11:07:00Z,3.5,3.5,3.5,3.5,0.0
SABS,2026-10-05T11:08:00Z,3.5,3.5,3.5,3.5,0.0
SABS,2026-10-05T11:09:00Z,3.5,3.5,3.5,3.5,0.0
SABS,2026-10-05T11:10:00Z,3.5,3.5,3.5,3.5,0.0
SABS,2026-10-05T11:11:00Z,3.5,3.5,3.5,3.5,0.0
SABS,2026-10-05T11:12:00Z,3.5,3.5,3.5,3.5,0.0
SABS,2026-10-05T11:13:00Z,3.5,3.5,3.5,3.5,0.0
SABS,2026-10-05T11:14:00Z,3.5,3.5,3.5,3.5,0.0
SABS,2026-10-05T11:15:00Z,3.5,3.5,3.5,3.5,0.0
SABS,2026-10-05T11:16:00Z,3.5,3.5,3.5,3.5,0.0
SABS,2026-10-05T11:17:00Z,3.5,3.5,3.5,3.5,0.0
SABS,2026-10-05T11:18:00Z,3.5,3.5,3.5,3.5,0.0
SABS,2026-10-05T11:19:00Z,3.5,3.5,3.5,3.5,0.0
SABS,2026-10-05T11:20:00Z,3.5,3.5,3.5,3.5,0.0
SABS,2026-10-05T11:21:00Z,3.5,3.5,3.5,3.5,0.0
SABS,2026-10-05T11:22:00Z,3.5,3.5,3.5,3.5,0.0
SABS,2026-10-05T11:23:00Z,3.5,3.5,3.5,3.5,0.0
SABS,2026-10-05T11:24:00Z,3.5,3.5,3.5,3.5,0.0
SABS,2026-10-05T11:25:00Z,3.5,3.5,3.5,3.5,0.0
SABS,2026-10-05T11:26:00Z,3.5,3.5,3.5,3.5,0.0
SABS,2026-10-05T11:27:00Z,3.5,3.5,3.5,3.5,0.0
SABS,2026-10-05T11:28:00Z,3.5,3.5,3.5,3.5,0.0
SABS,2026-10-05T11:29:00Z,3.5,3.5,3.5,3.5,0.0
SABS,2026-10-05T11:30:00Z,3.5,3.5,3.5,3.5,0.0
SABS,2026-10-05T11:31:00Z,3.5,3.5,3.5,3.5,0.0
SABS,2026-10-05T11:32:00Z,3.5,3.5,3.5,3.5,0.0
SABS,2026-10-05T11:33:00Z,3.5,3.5,3.5,3.5,0.0
SABS,2026-10-05T11:34:00Z,3.5,3.5,3.5,3.5,0.0
SABS,2026-10-05T11:35:00Z,3.5,3.5,3.5,3.5,0.0
SABS,2026-10-05T11:36:00Z,3.26,3.26,3.18,3.26,11600.0
SABS,2026-10-05T11:37:00Z,3.26,3.26,3.21,3.21,200.0
SABS,2026-10-05T11:38:00Z,3.21,3.21,3.21,3.21,0.0
SABS,2026-10-05T11:39:00Z,3.21,3.21,3.21,3.21,0.0
SABS,2026-10-05T11:40:00Z,3.21,3.21,3.21,3.21,0.0
SABS,2026-10-05T11:41:00Z,3.21,3.21,3.21,3.21,0.0
SABS,2026-10-05T11:42:00Z,3.21,3.21,3.21,3.21,0.0
SABS,2026-10-05T11:43:00Z,3.21,3.21,3.21,3.21,0.0
SABS,2026-10-05T11:44:00Z,3.21,3.21,3.21,3.21,0.0
SABS,2026-10-05T11:45:00Z,3.21,3.21,3.21,3.21,0.0
SABS,2026-10-05T11:46:00Z,3.21,3.21,3.21,3.21,0.0
SABS,2026-10-05T11:47:00Z,3.21,3.21,3.21,3.21,0.0
SABS,2026-10-05T11:48:00Z,3.21,3.21,3.21,3.21,0.0
SABS,2026-10-05T11:49:00Z,3.21,3.21,3.21,3.21,0.0
SABS,2026-10-05T11:50:00Z,3.21,3.21,3.21,3.21,0.0
SABS,2026-10-05T11:51:00Z,3.21,3.21,3.21,3.21,0.0
SABS,2026-10-05T11:52:00Z,3.21,3.21,3.21,3.21,0.0
SABS,2026-10-05T11:53:00Z,3.21,3.21,3.21,3.21,0.0
SABS,2026-10-05T11:54:00Z,3.21,3.21,3.21,3.21,0.0
SABS,2026-10-05T11:55:00Z,3.21,3.21,3.21,3.21,0.0
SABS,2026-10-05T11:56:00Z,3.21,3.21,3.21,3.21,0.0
SABS,2026-10-05T11:57:00Z,3.21,3.21,3.21,3.21,0.0
SABS,2026-10-05T11:58:00Z,3.21,3.21,3.21,3.21,0.0
SABS,2026-10-05T11:59:00Z,3.21,3.21,3.21,3.21,0.0
SABS,2026-10-05T12:00:00Z,3.21,3.21,3.21,3.21,0.0
SABS,2026-10-05T12:01:00Z,3.21,3.21,3.21,3.21,0.0
SABS,2026-10-05T12:02:00Z,3.21,3.21,3.21,3.21,0.0
SABS,2026-10-05T12:03:00Z,3.21,3.21,3.21,3.21,0.0
SABS,2026-10-05T12:04:00Z,3.21,3.21,3.21,3.21,0.0
SABS,2026-10-05T12:05:00Z,3.21,3.21,3.21,3.21,0.0
SABS,2026-10-05T12:06:00Z,3.21,3.21,3.21,3.21,0.0
SABS,2026-10-05T12:07:00Z,3.21,3.21,3.21,3.21,0.0
SABS,2026-10-05T12:08:00Z,3.21,3.21,3.21,3.21,0.0
SABS,2026-10-05T12:09:00Z,3.21,3.21,3.21,3.21,0.0
SABS,2026-10-05T12:10:00Z,3.21,3.21,3.21,3.21,0.0
SABS,2026-10-05T12:11:00Z,3.21,3.21,3.21,3.21,0.0
SABS,2026-10-05T12:12:00Z,3.21,3.21,3.21,3.21,0.0
SABS,2026-10-05T12:13:00Z,3.21,3.21,3.21,3.21,0.0
SABS,2026-10-05T12:14:00Z,3.21,3.21,3.21,3.21,0.0
SABS,2026-10-05T12:15:00Z,3.21,3.21,3.21,3.21,0.0
SABS,2026-10-05T12:16:00Z,3.21,3.21,3.21,3.21,0.0
SABS,2026-10-05T12:17:00Z,3.21,3.21,3.21,3.21,0.0
SABS,2026-10-05T12:18:00Z,3.21,3.21,3.21,3.21,0.0
SABS,2026-10-05T12:19:00Z,3.21,3.21,3.21,3.21,0.0
SABS,2026-10-05T12:20:00Z,3.21,3.21,3.21,3.21,0.0
SABS,2026-10-05T12:21:00Z,3.21,3.21,3.21,3.21,0.0
SABS,2026-10-05T12:22:00Z,3.21,3.21,3.21,3.21,0.0
SABS,2026-10-05T12:23:00Z,3.21,3.21,3.21,3.21,0.0
SABS,2026-10-05T12:24:00Z,3.21,3.21,3.21,3.21,0.0
SABS,2026-10-05T12:25:00Z,3.21,3.21,3.21,3.21,0.0
SABS,2026-10-05T12:26:00Z,3.21,3.21,3.21,3.21,0.0
SABS,2026-10-05T12:27:00Z,3.21,3.21,3.21,3.21,0.0
SABS,2026-10-05T12:28:00Z,3.21,3.21,3.21,3.21,0.0
SABS,2026-10-05T12:29:00Z,3.21,3.21,3.21,3.21,0.0
SABS,2026-10-05T12:30:00Z,3.21,3.21,3.21,3.21,0.0
SABS,2026-10-05T12:31:00Z,3.21,3.21,3.21,3.21,0.0
SABS,2026-10-05T12:32:00Z,3.21,3.21,3.21,3.21,0.0
SABS,2026-10-05T12:33:00Z,3.21,3.21,3.21,3.21,0.0
SABS,2026-10-05T12:34:00Z,3.21,3.21,3.21,3.21,0.0
SABS,2026-10-05T12:35:00Z,3.21,3.21,3.21,3.21,0.0
SABS,2026-10-05T12:36:00Z,3.21,3.21,3.21,3.21,0.0
SABS,2026-10-05T12:37:00Z,3.21,3.21,3.21,3.21,0.0
SABS,2026-10-05T12:38:00Z,3.21,3.21,3.21,3.21,0.0
SABS,2026-10-05T12:39:00Z,3.21,3.21,3.21,3.21,0.0
SABS,2026-10-05T12:40:00Z,3.21,3.21,3.21,3.21,0.0
SABS,2026-10-05T12:41:00Z,3.21,3.21,3.21,3.21,0.0
SABS,2026-10-05T12:42:00Z,3.21,3.21,3.19,3.19,100.0
SABS,2026-10-05T12:43:00Z,3.19,3.19,3.19,3.19,0.0
SABS,2026-10-05T12:44:00Z,3.19,3.19,3.19,3.19,0.0
SABS,2026-10-05T12:45:00Z,3.19,3.19,3.19,3.19,0.0
SABS,2026-10-05T12:46:00Z,3.19,3.19,3.19,3.19,0.0
SABS,2026-10-05T12:47:00Z,3.19,3.19,3.19,3.19,0.0
SABS,2026-10-05T12:48:00Z,3.19,3.19,3.19,3.19,0.0
SABS,2026-10-05T12:49:00Z,3.19,3.19,3.19,3.19,0.0
SABS,2026-10-05T12:50:00Z,3.19,3.19,3.19,3.19,0.0
SABS,2026-10-05T12:51:00Z,3.19,3.19,3.19,3.19,0.0
SABS,2026-10-05T12:52:00Z,3.19,3.19,3.19,3.19,0.0
SABS,2026-10-05T12:53:00Z,3.19,3.19,3.19,3.19,0.0
SABS,2026-10-05T12:54:00Z,3.19,3.19,3.19,3.19,0.0
SABS,2026-10-05T12:55:00Z,3.19,3.19,3.19,3.19,0.0
SABS,2026-10-05T12:56:00Z,3.19,3.19,3.19,3.19,0.0
SABS,2026-10-05T12:57:00Z,3.19,3.19,3.19,3.19,0.0
SABS,2026-10-05T12:58:00Z,3.19,3.19,3.19,3.19,0.0
SABS,2026-10-05T12:59:00Z,3.19,3.19,3.19,3.19,0.0
SABS,2026-10-05T13:00:00Z,3.19,3.19,3.19,3.19,0.0
SABS,2026-10-05T13:01:00Z,3.19,3.19,3.19,3.19,0.0
SABS,2026-10-05T13:02:00Z,3.19,3.19,3.19,3.19,0.0
SABS,2026-10-05T13:03:00Z,3.19,3.19,3.19,3.19,0.0
SABS,2026-10-05T13:04:00Z,3.19,3.19,3.19,3.19,0.0
SABS,2026-10-05T13:05:00Z,3.19,3.19,3.19,3.19,0.0
SABS,2026-10-05T13:06:00Z,3.19,3.19,3.19,3.19,0.0
SABS,2026-10-05T13:07:00Z,3.19,3.19,3.19,3.19,0.0
SABS,2026-10-05T13:08:00Z,3.19,3.19,3.19,3.19,0.0
SABS,2026-10-05T13:09:00Z,3.19,3.19,3.19,3.19,0.0
SABS,2026-10-05T13:10:00Z,3.19,3.19,3.19,3.19,0.0
SABS,2026-10-05T13:11:00Z,3.19,3.19,3.19,3.19,0.0
SABS,2026-10-05T13:12:00Z,3.19,3.19,3.19,3.19,0.0
SABS,2026-10-05T13:13:00Z,3.19,3.19,3.19,3.19,0.0
SABS,2026-10-05T13:14:00Z,3.19,3.19,3.19,3.19,0.0
SABS,2026-10-05T13:15:00Z,3.19,3.19,3.19,3.19,0.0
SABS,2026-10-05T13:16:00Z,3.19,3.19,3.19,3.19,0.0
SABS,2026-10-05T13:17:00Z,3.19,3.19,3.19,3.19,0.0
SABS,2026-10-05T13:18:00Z,3.19,3.19,3.19,3.19,0.0
SABS,2026-10-05T13:19:00Z,3.19,3.19,3.19,3.19,0.0
SABS,2026-10-05T13:20:00Z,3.19,3.19,3.19,3.19,0.0
SABS,2026-10-05T13:21:00Z,3.19,3.19,3.19,3.19,0.0
SABS,2026-10-05T13:22:00Z,3.19,3.19,3.19,3.19,0.0
SABS,2026-10-05T13:23:00Z,3.19,3.19,3.19,3.19,0.0
SABS,2026-10-05T13:24:00Z,3.19,3.19,3.19,3.19,0.0
SABS,2026-10-05T13:25:00Z,3.19,3.19,3.19,3.19,0.0
SABS,2026-10-05T13:26:00Z,3.19,3.19,3.19,3.19,0.0
SABS,2026-10-05T13:27:00Z,3.19,3.19,3.19,3.19,0.0
SABS,2026-10-05T13:28:00Z,3.19,3.19,3.19,3.19,0.0
SABS,2026-10-05T13:29:00Z,3.19,3.19,3.19,3.19,0.0
SABS,2026-10-05T13:30:00Z,3.0,3.095,2.97,2.97,37849.0
SABS,2026-10-05T13:31:00Z,2.97,2.99,2.96,2.99,6565.0
SABS,2026-10-05T13:32:00Z,2.99,2.99,2.99,2.99,0.0
SABS,2026-10-05T13:33:00Z,2.97,2.97,2.9,2.9,7227.0
SABS,2026-10-05T13:34:00Z,2.9,2.9,2.9,2.9,0.0
SABS,2026-10-05T13:35:00Z,2.9,2.93,2.9,2.93,272.0
SABS,2026-10-05T13:36:00Z,2.93,2.95,2.93,2.95,100.0
SABS,2026-10-05T13:37:00Z,2.95,2.95,2.95,2.95,0.0
SABS,2026-10-05T13:38:00Z,2.95,2.95,2.92,2.92,5988.0
SABS,2026-10-05T13:39:00Z,2.92,2.92,2.92,2.92,0.0
SABS,2026-10-05T13:40:00Z,2.92,2.92,2.91,2.91,419.0
SABS,2026-10-05T13:41:00Z,2.93,2.935,2.91,2.935,5781.0
SABS,2026-10-05T13:42:00Z,2.93,2.93,2.91,2.91,3060.0
SABS,2026-10-05T13:43:00Z,2.91,2.91,2.91,2.91,2400.0
SABS,2026-10-05T13:44:00Z,2.91,2.91,2.87,2.8899,6000.0
SABS,2026-10-05T13:45:00Z,2.8899,2.89,2.8899,2.89,1258.0
SABS,2026-10-05T13:46:00Z,2.89,2.89,2.89,2.89,0.0
SABS,2026-10-05T13:47:00Z,2.89,2.9,2.89,2.9,2928.0
SABS,2026-10-05T13:48:00Z,2.9,2.905,2.9,2.905,100.0
SABS,2026-10-05T13:49:00Z,2.905,2.9124,2.9032,2.9124,2645.0
SABS,2026-10-05T13:50:00Z,2.9124,2.9124,2.9124,2.9124,0.0
SABS,2026-10-05T13:51:00Z,2.9124,2.9124,2.91,2.91,100.0
SABS,2026-10-05T13:52:00Z,2.91,2.91,2.91,2.91,0.0
SABS,2026-10-05T13:53:00Z,2.91,2.91,2.9,2.9,970.0
SABS,2026-10-05T13:54:00Z,2.9,2.9,2.9,2.9,0.0
SABS,2026-10-05T13:55:00Z,2.9,2.9,2.9,2.9,0.0
SABS,2026-10-05T13:56:00Z,2.91,2.91,2.91,2.91,715.0
SABS,2026-10-05T13:57:00Z,2.91,2.91,2.8945,2.8945,3406.0
SABS,2026-10-05T13:58:00Z,2.8945,2.8945,2.8945,2.8945,0.0
SABS,2026-10-05T13:59:00Z,2.9,2.9,2.9,2.9,614.0
SABS,2026-10-05T14:00:00Z,2.9,2.9,2.9,2.9,2540.0
SABS,2026-10-05T14:01:00Z,2.9,2.92,2.9,2.92,1310.0
SABS,2026-10-05T14:02:00Z,2.92,2.92,2.92,2.92,568.0
SABS,2026-10-05T14:03:00Z,2.92,2.92,2.9123,2.9123,187.0
SABS,2026-10-05T14:04:00Z,2.9123,2.9123,2.9123,2.9123,0.0
SABS,2026-10-05T14:05:00Z,2.9123,2.9123,2.9123,2.9123,0.0
SABS,2026-10-05T14:06:00Z,2.9123,2.92,2.9123,2.92,1000.0
SABS,2026-10-05T14:07:00Z,2.92,2.92,2.92,2.92,0.0
SABS,2026-10-05T14:08:00Z,2.92,2.925,2.92,2.925,900.0
SABS,2026-10-05T14:09:00Z,2.925,2.925,2.925,2.925,0.0
SABS,2026-10-05T14:10:00Z,2.925,2.93,2.925,2.93,1800.0
SABS,2026-10-05T14:11:00Z,2.93,2.94,2.93,2.94,100.0
SABS,2026-10-05T14:12:00Z,2.94,2.94,2.94,2.94,0.0
SABS,2026-10-05T14:13:00Z,2.94,2.94,2.94,2.94,200.0
SABS,2026-10-05T14:14:00Z,2.94,2.94,2.94,2.94,0.0
SABS,2026-10-05T14:15:00Z,2.94,2.94,2.94,2.94,100.0
SABS,2026-10-05T14:16:00Z,2.94,2.94,2.94,2.94,0.0
SABS,2026-10-05T14:17:00Z,2.94,2.94,2.94,2.94,0.0
SABS,2026-10-05T14:18:00Z,2.93,2.93,2.92,2.92,1300.0
SABS,2026-10-05T14:19:00Z,2.92,2.92,2.91,2.91,1300.0
SABS,2026-10-05T14:20:00Z,2.905,2.905,2.905,2.905,125.0
SABS,2026-10-05T14:21:00Z,2.905,2.905,2.905,2.905,0.0
SABS,2026-10-05T14:22:00Z,2.905,2.915,2.905,2.915,610.0
SABS,2026-10-05T14:23:00Z,2.915,2.92,2.91,2.91,600.0
SABS,2026-10-05T14:24:00Z,2.91,2.91,2.91,2.91,101.0
SABS,2026-10-05T14:25:00Z,2.91,2.91,2.9067,2.9067,600.0
SABS,2026-10-05T14:26:00Z,2.9067,2.9067,2.89,2.89,400.0
SABS,2026-10-05T14:27:00Z,2.89,2.89,2.89,2.89,0.0
SABS,2026-10-05T14:28:00Z,2.89,2.89,2.89,2.89,100.0
SABS,2026-10-05T14:29:00Z,2.89,2.89,2.89,2.89,0.0
SABS,2026-10-05T14:30:00Z,2.89,2.89,2.89,2.89,0.0
SABS,2026-10-05T14:31:00Z,2.89,2.89,2.88,2.88,331.0
SABS,2026-10-05T14:32:00Z,2.88,2.88,2.87,2.88,8318.0
SABS,2026-10-05T14:33:00Z,2.88,2.88,2.88,2.88,0.0
SABS,2026-10-05T14:34:00Z,2.88,2.88,2.88,2.88,0.0
SABS,2026-10-05T14:35:00Z,2.88,2.88,2.875,2.875,200.0
SABS,2026-10-05T14:36:00Z,2.875,2.875,2.875,2.875,0.0
SABS,2026-10-05T14:37:00Z,2.875,2.875,2.87,2.87,100.0
SABS,2026-10-05T14:38:00Z,2.87,2.875,2.87,2.875,5100.0
SABS,2026-10-05T14:39:00Z,2.875,2.875,2.875,2.875,800.0
SABS,2026-10-05T14:40:00Z,2.875,2.875,2.87,2.87,500.0
SABS,2026-10-05T14:41:00Z,2.86,2.86,2.855,2.86,1100.0
SABS,2026-10-05T14:42:00Z,2.86,2.86,2.86,2.86,400.0
SABS,2026-10-05T14:43:00Z,2.86,2.92,2.86,2.92,57633.0
SABS,2026-10-05T14:44:00Z,2.92,2.925,2.92,2.925,100.0
SABS,2026-10-05T14:45:00Z,2.925,2.93,2.925,2.9262,4691.0
SABS,2026-10-05T14:46:00Z,2.9262,2.9262,2.9262,2.9262,0.0
SABS,2026-10-05T14:47:00Z,2.9262,2.945,2.9262,2.945,1764.0
SABS,2026-10-05T14:48:00Z,2.945,2.9562,2.945,2.9562,1000.0
SABS,2026-10-05T14:49:00Z,2.9562,2.9562,2.9562,2.9562,0.0
SABS,2026-10-05T14:50:00Z,2.9562,2.9562,2.94,2.94,2330.0
SABS,2026-10-05T14:51:00Z,2.935,2.935,2.935,2.935,100.0
SABS,2026-10-05T14:52:00Z,2.935,2.94,2.935,2.94,982.0
SABS,2026-10-05T14:53:00Z,2.94,2.94,2.94,2.94,0.0
SABS,2026-10-05T14:54:00Z,2.94,2.94,2.94,2.94,0.0
SABS,2026-10-05T14:55:00Z,2.94,2.95,2.94,2.95,100.0
SABS,2026-10-05T14:56:00Z,2.95,2.95,2.95,2.95,0.0
SABS,2026-10-05T14:57:00Z,2.95,2.95,2.95,2.95,1075.0
SABS,2026-10-05T14:58:00Z,2.95,2.95,2.95,2.95,0.0
SABS,2026-10-05T14:59:00Z,2.95,2.95,2.94,2.94,300.0
SABS,2026-10-05T15:00:00Z,2.94,2.94,2.94,2.94,0.0
SABS,2026-10-05T15:01:00Z,2.94,2.94,2.94,2.94,0.0
SABS,2026-10-05T15:02:00Z,2.94,2.95,2.94,2.95,216.0
SABS,2026-10-05T15:03:00Z,2.95,2.95,2.95,2.95,100.0
SABS,2026-10-05T15:04:00Z,2.95,2.95,2.95,2.95,200.0
SABS,2026-10-05T15:05:00Z,2.95,2.95,2.94,2.94,100.0
SABS,2026-10-05T15:06:00Z,2.94,2.95,2.94,2.95,200.0
SABS,2026-10-05T15:07:00Z,2.95,2.95,2.94,2.95,650.0
SABS,2026-10-05T15:08:00Z,2.95,2.95,2.94,2.94,200.0
SABS,2026-10-05T15:09:00Z,2.94,2.95,2.94,2.95,200.0
SABS,2026-10-05T15:10:00Z,2.94,2.94,2.9301,2.9301,2250.0
SABS,2026-10-05T15:11:00Z,2.9301,2.9393,2.9301,2.9393,500.0
SABS,2026-10-05T15:12:00Z,2.9393,2.9393,2.935,2.935,100.0
SABS,2026-10-05T15:13:00Z,2.935,2.94,2.935,2.94,608.0
SABS,2026-10-05T15:14:00Z,2.94,2.94,2.94,2.94,0.0
SABS,2026-10-05T15:15:00Z,2.94,2.94,2.94,2.94,0.0
SABS,2026-10-05T15:16:00Z,2.94,2.94,2.94,2.94,0.0
SABS,2026-10-05T15:17:00Z,2.94,2.95,2.94,2.95,600.0
SABS,2026-10-05T15:18:00Z,2.95,2.95,2.95,2.95,0.0
SABS,2026-10-05T15:19:00Z,2.95,2.95,2.95,2.95,0.0
SABS,2026-10-05T15:20:00Z,2.95,2.97,2.95,2.97,1100.0
SABS,2026-10-05T15:21:00Z,2.97,2.97,2.955,2.955,3306.0
SABS,2026-10-05T15:22:00Z,2.955,2.9599,2.955,2.9599,300.0
SABS,2026-10-05T15:23:00Z,2.9599,2.9599,2.9599,2.9599,0.0
SABS,2026-10-05T15:24:00Z,2.9599,2.9599,2.9599,2.9599,0.0
SABS,2026-10-05T15:25:00Z,2.96,2.96,2.96,2.96,214.0
SABS,2026-10-05T15:26:00Z,2.96,2.96,2.96,2.96,0.0
SABS,2026-10-05T15:27:00Z,2.96,2.96,2.96,2.96,0.0
SABS,2026-10-05T15:28:00Z,2.96,2.97,2.96,2.97,100.0
SABS,2026-10-05T15:29:00Z,2.97,3.0,2.97,3.0,14889.0
SABS,2026-10-05T15:30:00Z,3.0,3.0,3.0,3.0,0.0
SABS,2026-10-05T15:31:00Z,3.0,3.0,3.0,3.0,0.0
SAIQ,2026-10-05T08:00:00Z,3.51,5.0,3.4,4.96,251137.0
SAIQ,2026-10-05T08:01:00Z,5.0,5.7992,4.9,5.78,272975.0
SAIQ,2026-10-05T08:02:00Z,5.7902,6.56,5.7902,6.3399,324697.0
SAIQ,2026-10-05T08:03:00Z,6.3396,6.34,5.65,5.84,218376.0
SAIQ,2026-10-05T08:04:00Z,5.84,7.0,5.83,6.9886,281760.0
SAIQ,2026-10-05T08:05:00Z,6.98,6.98,6.23,6.35,162949.0
SAIQ,2026-10-05T08:06:00Z,6.36,6.95,3.51,6.5375,219747.0
SAIQ,2026-10-05T08:07:00Z,6.5375,6.7,6.2,6.25,69807.0
SAIQ,2026-10-05T08:08:00Z,6.2115,6.4935,5.9,6.01,75367.0
SAIQ,2026-10-05T08:09:00Z,6.05,6.2,5.9,6.1926,69739.0
SAIQ,2026-10-05T08:10:00Z,6.1646,6.62,6.1646,6.5502,152842.0
SAIQ,2026-10-05T08:11:00Z,6.55,6.89,6.4,6.5,147858.0
SAIQ,2026-10-05T08:12:00Z,6.5,6.65,6.3561,6.63,59695.0
SAIQ,2026-10-05T08:13:00Z,6.63,6.88,6.17,6.4695,191770.0
SAIQ,2026-10-05T08:14:00Z,6.49,6.58,6.36,6.48,46502.0
SAIQ,2026-10-05T08:15:00Z,6.4738,6.48,6.3,6.3638,37474.0
SAIQ,2026-10-05T08:16:00Z,6.36,6.67,6.31,6.3703,63918.0
SAIQ,2026-10-05T08:17:00Z,6.3776,6.69,6.3776,6.59,54899.0
SAIQ,2026-10-05T08:18:00Z,6.6024,7.13,6.54,6.99,217079.0
SAIQ,2026-10-05T08:19:00Z,6.93,7.37,6.93,6.97,228818.0
SAIQ,2026-10-05T08:20:00Z,6.99,7.29,6.83,7.2562,110342.0
SAIQ,2026-10-05T08:21:00Z,7.2228,7.7917,7.17,7.5843,220662.0
SAIQ,2026-10-05T08:22:00Z,7.5169,8.46,7.5121,8.41,210481.0
SAIQ,2026-10-05T08:23:00Z,8.43,9.4864,8.2485,9.1185,329604.0
SAIQ,2026-10-05T08:24:00Z,9.08,9.48,8.4089,9.2437,179353.0
SAIQ,2026-10-05T08:25:00Z,9.3216,9.56,8.91,9.36,213848.0
SAIQ,2026-10-05T08:26:00Z,9.37,9.4,8.9,9.2,122522.0
SAIQ,2026-10-05T08:27:00Z,9.23,9.28,8.95,8.98,87328.0
SAIQ,2026-10-05T08:28:00Z,8.99,9.2,8.93,9.13,59750.0
SAIQ,2026-10-05T08:29:00Z,9.16,9.29,8.97,9.0,76956.0
SAIQ,2026-10-05T08:30:00Z,9.02,9.2,8.96,9.13,54639.0
SAIQ,2026-10-05T08:31:00Z,9.15,9.9458,9.11,9.92,212642.0
SAIQ,2026-10-05T08:32:00Z,9.92,10.18,9.75,9.96,198944.0
SAIQ,2026-10-05T08:33:00Z,9.95,11.4324,9.95,11.13,301964.0
SAIQ,2026-10-05T08:34:00Z,11.17,11.46,10.91,11.46,242267.0
SAIQ,2026-10-05T08:35:00Z,11.478,14.5792,11.4392,14.31,348090.0
SAIQ,2026-10-05T08:36:00Z,14.3291,18.39,13.99,17.62,359875.0
SAIQ,2026-10-05T08:37:00Z,17.59,17.611,12.3,13.3879,358662.0
SAIQ,2026-10-05T08:38:00Z,13.261,15.54,13.2481,14.1,276004.0
SAIQ,2026-10-05T08:39:00Z,14.08,14.38,13.24,14.1789,164529.0
SAIQ,2026-10-05T08:40:00Z,14.21,15.29,13.9,14.6241,162595.0
SAIQ,2026-10-05T08:41:00Z,14.64,14.67,13.94,14.5622,62992.0
SAIQ,2026-10-05T08:42:00Z,14.55,14.55,13.7792,14.08,76427.0
SAIQ,2026-10-05T08:43:00Z,14.04,14.1802,12.0,12.1,81742.0
SAIQ,2026-10-05T08:44:00Z,12.04,13.44,11.8067,13.33,149215.0
SAIQ,2026-10-05T08:45:00Z,13.38,13.9591,13.16,13.5206,83278.0
SAIQ,2026-10-05T08:46:00Z,13.53,14.5901,13.4403,14.28,119445.0
SAIQ,2026-10-05T08:47:00Z,14.28,14.3681,13.7625,13.9,61400.0
SAIQ,2026-10-05T08:48:00Z,13.9,14.2621,13.7278,13.8879,35754.0
SAIQ,2026-10-05T08:49:00Z,13.86,13.9454,13.19,13.6996,50592.0
SAIQ,2026-10-05T08:50:00Z,13.6445,13.7018,12.51,12.9993,64857.0
SAIQ,2026-10-05T08:51:00Z,13.08,13.1418,11.89,11.89,93655.0
SAIQ,2026-10-05T08:52:00Z,11.91,12.2035,11.1413,11.78,112285.0
SAIQ,2026-10-05T08:53:00Z,11.73,12.0903,11.29,11.7088,43958.0
SAIQ,2026-10-05T08:54:00Z,11.7818,11.7818,10.6028,10.61,76151.0
SAIQ,2026-10-05T08:55:00Z,10.67,11.06,10.6592,11.0324,75781.0
SAIQ,2026-10-05T08:56:00Z,11.0574,12.02,11.0325,11.9447,88833.0
SAIQ,2026-10-05T08:57:00Z,11.95,12.8944,11.92,12.87,110331.0
SAIQ,2026-10-05T08:58:00Z,12.8519,13.052,12.1906,12.3654,112197.0
SAIQ,2026-10-05T08:59:00Z,12.4454,12.84,12.1454,12.78,76845.0
SAIQ,2026-10-05T09:00:00Z,12.85,13.3866,12.69,13.1403,89357.0
SAIQ,2026-10-05T09:01:00Z,13.11,13.26,12.44,12.61,57241.0
SAIQ,2026-10-05T09:02:00Z,12.63,12.68,11.89,11.97,48803.0
SAIQ,2026-10-05T09:03:00Z,11.8894,12.28,11.8702,12.1604,25483.0
SAIQ,2026-10-05T09:04:00Z,12.1753,12.3,11.9308,12.12,28166.0
SAIQ,2026-10-05T09:05:00Z,12.1,12.13,11.4719,11.59,52179.0
SAIQ,2026-10-05T09:06:00Z,11.58,11.649,10.95,11.04,68519.0
SAIQ,2026-10-05T09:07:00Z,11.0172,11.62,10.93,11.5487,77133.0
SAIQ,2026-10-05T09:08:00Z,11.62,11.9753,11.544,11.9652,45072.0
SAIQ,2026-10-05T09:09:00Z,11.99,12.1864,11.638,11.7995,51645.0
SAIQ,2026-10-05T09:10:00Z,11.7248,11.7797,11.26,11.42,22355.0
SAIQ,2026-10-05T09:11:00Z,11.5,11.6,11.2213,11.5632,22113.0
SAIQ,2026-10-05T09:12:00Z,11.5441,11.77,11.2573,11.3686,34978.0
SAIQ,2026-10-05T09:13:00Z,11.26,11.46,11.12,11.46,18304.0
SAIQ,2026-10-05T09:14:00Z,11.45,11.48,11.22,11.2902,10863.0
SAIQ,2026-10-05T09:15:00Z,11.35,12.1,11.35,11.95,59012.0
SAIQ,2026-10-05T09:16:00Z,11.9634,12.29,11.7303,11.83,57917.0
SAIQ,2026-10-05T09:17:00Z,11.8034,12.12,11.8034,11.97,19075.0
SAIQ,2026-10-05T09:18:00Z,11.9318,11.973,11.6167,11.9,14615.0
SAIQ,2026-10-05T09:19:00Z,11.86,11.8988,11.5884,11.7484,15391.0
SAIQ,2026-10-05T09:20:00Z,11.65,11.9463,11.51,11.8731,25992.0
SAIQ,2026-10-05T09:21:00Z,11.87,11.87,11.61,11.77,10770.0
SAIQ,2026-10-05T09:22:00Z,11.7766,11.86,11.56,11.56,22278.0
SAIQ,2026-10-05T09:23:00Z,11.6082,11.72,11.25,11.25,18269.0
SAIQ,2026-10-05T09:24:00Z,11.24,11.7473,11.24,11.6,12742.0
SAIQ,2026-10-05T09:25:00Z,11.66,11.67,11.43,11.5477,8823.0
SAIQ,2026-10-05T09:26:00Z,11.55,11.8,11.54,11.8,17719.0
SAIQ,2026-10-05T09:27:00Z,11.83,11.87,11.66,11.66,16727.0
SAIQ,2026-10-05T09:28:00Z,11.65,11.74,11.59,11.63,6743.0
SAIQ,2026-10-05T09:29:00Z,11.65,11.72,11.37,11.49,17369.0
SAIQ,2026-10-05T09:30:00Z,11.55,11.55,11.43,11.55,4766.0
SAIQ,2026-10-05T09:31:00Z,11.53,11.55,11.1702,11.1702,30118.0
SAIQ,2026-10-05T09:32:00Z,11.22,11.4,11.1917,11.3635,10103.0
SAIQ,2026-10-05T09:33:00Z,11.37,11.39,10.8,10.8135,49591.0
SAIQ,2026-10-05T09:34:00Z,10.8,10.84,10.3457,10.48,63196.0
SAIQ,2026-10-05T09:35:00Z,10.55,10.61,10.2,10.2134,36579.0
SAIQ,2026-10-05T09:36:00Z,10.2,10.8293,10.1311,10.72,52337.0
SAIQ,2026-10-05T09:37:00Z,10.71,11.0,10.48,10.93,40644.0
SAIQ,2026-10-05T09:38:00Z,10.93,11.01,10.77,11.01,19453.0
SAIQ,2026-10-05T09:39:00Z,11.0,11.0,10.7,10.81,11737.0
SAIQ,2026-10-05T09:40:00Z,10.79,10.9,10.7,10.86,9192.0
SAIQ,2026-10-05T09:41:00Z,10.85,10.9,10.54,10.58,7863.0
SAIQ,2026-10-05T09:42:00Z,10.66,11.21,10.66,11.1762,22239.0
SAIQ,2026-10-05T09:43:00Z,11.18,11.3939,11.0416,11.28,50095.0
SAIQ,2026-10-05T09:44:00Z,11.33,11.38,11.1534,11.25,12154.0
SAIQ,2026-10-05T09:45:00Z,11.3,11.41,11.2,11.35,19736.0
SAIQ,2026-10-05T09:46:00Z,11.3281,11.45,11.15,11.1679,20823.0
SAIQ,2026-10-05T09:47:00Z,11.16,11.68,10.96,11.58,46099.0
SAIQ,2026-10-05T09:48:00Z,11.6532,12.0,11.51,11.98,58652.0
SAIQ,2026-10-05T09:49:00Z,11.9996,12.2,11.76,12.16,94811.0
SAIQ,2026-10-05T09:50:00Z,12.17,13.4502,12.16,13.3401,141720.0
SAIQ,2026-10-05T09:51:00Z,13.3409,13.3673,12.87,13.129,132620.0
SAIQ,2026-10-05T09:52:00Z,13.12,13.33,12.8,12.8121,82009.0
SAIQ,2026-10-05T09:53:00Z,12.81,13.25,12.78,13.052,44485.0
SAIQ,2026-10-05T09:54:00Z,12.93,13.0334,12.76,12.85,28742.0
SAIQ,2026-10-05T09:55:00Z,12.87,12.87,12.18,12.3948,54249.0
SAIQ,2026-10-05T09:56:00Z,12.4,12.94,12.26,12.94,51634.0
SAIQ,2026-10-05T09:57:00Z,12.9336,12.94,12.51,12.63,31420.0
SAIQ,2026-10-05T09:58:00Z,12.68,12.8,12.4,12.62,19530.0
SAIQ,2026-10-05T09:59:00Z,12.6212,12.8922,12.6212,12.68,23733.0
SAIQ,2026-10-05T10:00:00Z,12.6572,12.7601,12.51,12.7013,13606.0
SAIQ,2026-10-05T10:01:00Z,12.7,12.7448,12.23,12.2911,20738.0
SAIQ,2026-10-05T10:02:00Z,12.38,12.63,12.34,12.39,22053.0
SAIQ,2026-10-05T10:03:00Z,12.37,12.52,12.03,12.42,25829.0
SAIQ,2026-10-05T10:04:00Z,12.45,12.45,12.05,12.05,18569.0
SAIQ,2026-10-05T10:05:00Z,12.05,12.4264,11.9,12.259,37649.0
SAIQ,2026-10-05T10:06:00Z,12.35,12.42,12.07,12.07,19167.0
SAIQ,2026-10-05T10:07:00Z,12.08,12.35,12.0677,12.2,12539.0
SAIQ,2026-10-05T10:08:00Z,12.17,12.2,12.1,12.1,12906.0
SAIQ,2026-10-05T10:09:00Z,12.13,12.29,12.09,12.29,10883.0
SAIQ,2026-10-05T10:10:00Z,12.25,12.28,12.0,12.11,21132.0
SAIQ,2026-10-05T10:11:00Z,12.14,12.17,11.5,11.86,27278.0
SAIQ,2026-10-05T10:12:00Z,11.83,11.8867,11.45,11.7,32550.0
SAIQ,2026-10-05T10:13:00Z,11.68,11.7042,11.45,11.5,15278.0
SAIQ,2026-10-05T10:14:00Z,11.5,11.5,11.21,11.3,27421.0
SAIQ,2026-10-05T10:15:00Z,11.3169,11.9,11.3,11.83,31974.0
SAIQ,2026-10-05T10:16:00Z,11.9041,11.9041,11.6853,11.8,22227.0
SAIQ,2026-10-05T10:17:00Z,11.83,12.1646,11.68,11.8,44367.0
SAIQ,2026-10-05T10:18:00Z,11.769,11.85,11.6214,11.802,8853.0
SAIQ,2026-10-05T10:19:00Z,11.8025,11.85,11.65,11.85,14082.0
SAIQ,2026-10-05T10:20:00Z,11.83,11.84,11.4701,11.57,22245.0
SAIQ,2026-10-05T10:21:00Z,11.57,11.74,11.57,11.68,7804.0
SAIQ,2026-10-05T10:22:00Z,11.66,11.66,11.42,11.46,16443.0
SAIQ,2026-10-05T10:23:00Z,11.5,11.87,11.38,11.81,15913.0
SAIQ,2026-10-05T10:24:00Z,11.8554,11.8588,11.5321,11.659,11232.0
SAIQ,2026-10-05T10:25:00Z,11.61,11.8,11.3,11.3065,22722.0
SAIQ,2026-10-05T10:26:00Z,11.4134,11.64,11.3,11.61,8425.0
SAIQ,2026-10-05T10:27:00Z,11.6107,11.65,11.47,11.4779,10179.0
SAIQ,2026-10-05T10:28:00Z,11.4624,11.6,11.46,11.5174,6726.0
SAIQ,2026-10-05T10:29:00Z,11.56,11.8,11.5104,11.71,17814.0
SAIQ,2026-10-05T10:30:00Z,11.68,11.73,11.57,11.7,8644.0
SAIQ,2026-10-05T10:31:00Z,11.7,11.72,11.4228,11.4814,16598.0
SAIQ,2026-10-05T10:32:00Z,11.4814,11.6,11.44,11.44,6005.0
SAIQ,2026-10-05T10:33:00Z,11.4627,11.5,11.28,11.3014,19298.0
SAIQ,2026-10-05T10:34:00Z,11.35,11.45,11.0,11.04,25955.0
SAIQ,2026-10-05T10:35:00Z,11.04,11.42,11.04,11.2,14584.0
SAIQ,2026-10-05T10:36:00Z,11.12,11.25,11.04,11.25,12925.0
SAIQ,2026-10-05T10:37:00Z,11.1335,11.51,11.1335,11.45,24713.0
SAIQ,2026-10-05T10:38:00Z,11.4242,11.76,11.4242,11.75,17763.0
SAIQ,2026-10-05T10:39:00Z,11.6678,11.94,11.6678,11.73,38939.0
SAIQ,2026-10-05T10:40:00Z,11.72,11.72,11.5,11.5,23132.0
SAIQ,2026-10-05T10:41:00Z,11.53,11.81,11.5074,11.73,12075.0
SAIQ,2026-10-05T10:42:00Z,11.75,12.16,11.7,12.08,36052.0
SAIQ,2026-10-05T10:43:00Z,12.0814,12.41,11.9724,12.26,75107.0
SAIQ,2026-10-05T10:44:00Z,12.2604,12.42,12.0737,12.3,45804.0
SAIQ,2026-10-05T10:45:00Z,12.25,12.38,12.0534,12.167,35580.0
SAIQ,2026-10-05T10:46:00Z,12.2103,12.27,11.66,11.72,38511.0
SAIQ,2026-10-05T10:47:00Z,11.79,11.95,11.65,11.7,22134.0
SAIQ,2026-10-05T10:48:00Z,11.73,11.73,11.52,11.7,18103.0
SAIQ,2026-10-05T10:49:00Z,11.7,11.84,11.67,11.75,7670.0
SAIQ,2026-10-05T10:50:00Z,11.75,11.75,11.55,11.64,4989.0
SAIQ,2026-10-05T10:51:00Z,11.63,12.0,11.62,11.91,13251.0
SAIQ,2026-10-05T10:52:00Z,11.92,12.01,11.72,11.7503,18707.0
SAIQ,2026-10-05T10:53:00Z,11.74,11.81,11.5851,11.74,11603.0
SAIQ,2026-10-05T10:54:00Z,11.6915,11.78,11.67,11.68,3982.0
SAIQ,2026-10-05T10:55:00Z,11.68,11.78,11.59,11.69,5689.0
SAIQ,2026-10-05T10:56:00Z,11.69,11.8571,11.53,11.59,14569.0
SAIQ,2026-10-05T10:57:00Z,11.6,11.73,11.6,11.65,4740.0
SAIQ,2026-10-05T10:58:00Z,11.67,11.72,11.55,11.68,8780.0
SAIQ,2026-10-05T10:59:00Z,11.72,11.72,11.24,11.3503,28036.0
SAIQ,2026-10-05T11:00:00Z,11.36,11.512,11.18,11.3663,49846.0
SAIQ,2026-10-05T11:01:00Z,11.3661,11.4469,11.28,11.3327,17273.0
SAIQ,2026-10-05T11:02:00Z,11.35,11.3626,11.23,11.23,18620.0
SAIQ,2026-10-05T11:03:00Z,11.23,11.44,9.9,9.9,131900.0
SAIQ,2026-10-05T11:04:00Z,9.9,10.0,9.45,9.54,121685.0
SAIQ,2026-10-05T11:05:00Z,9.463,9.56,7.69,8.243,225977.0
SAIQ,2026-10-05T11:06:00Z,8.39,9.47,8.3,9.26,150683.0
SAIQ,2026-10-05T11:07:00Z,9.27,9.27,8.8,9.1,93316.0
SAIQ,2026-10-05T11:08:00Z,9.1,9.11,8.83,8.89,49590.0
SAIQ,2026-10-05T11:09:00Z,8.89,9.04,8.8,8.8,53746.0
SAIQ,2026-10-05T11:10:00Z,8.83,8.87,8.4381,8.65,71340.0
SAIQ,2026-10-05T11:11:00Z,8.68,8.73,8.31,8.66,54901.0
SAIQ,2026-10-05T11:12:00Z,8.6891,8.71,8.45,8.6453,24097.0
SAIQ,2026-10-05T11:13:00Z,8.58,8.9,8.51,8.8402,61844.0
SAIQ,2026-10-05T11:14:00Z,8.89,8.96,8.4,8.4017,87027.0
SAIQ,2026-10-05T11:15:00Z,8.41,8.6,8.25,8.55,46714.0
SAIQ,2026-10-05T11:16:00Z,8.6299,8.6385,8.48,8.5,46449.0
SAIQ,2026-10-05T11:17:00Z,8.5382,8.59,8.37,8.5108,53848.0
SAIQ,2026-10-05T11:18:00Z,8.5,9.07,8.5,9.03,63952.0
SAIQ,2026-10-05T11:19:00Z,9.0381,9.49,9.03,9.43,176022.0
SAIQ,2026-10-05T11:20:00Z,9.34,9.49,9.03,9.2,95790.0
SAIQ,2026-10-05T11:21:00Z,9.2398,9.3,9.05,9.11,49892.0
SAIQ,2026-10-05T11:22:00Z,9.16,9.18,8.83,9.06,50797.0
SAIQ,2026-10-05T11:23:00Z,9.1062,9.11,8.84,8.9,33719.0
SAIQ,2026-10-05T11:24:00Z,8.9239,9.07,8.9,9.012,18765.0
SAIQ,2026-10-05T11:25:00Z,9.01,9.15,8.77,8.86,42788.0
SAIQ,2026-10-05T11:26:00Z,8.89,8.89,8.65,8.78,38980.0
SAIQ,2026-10-05T11:27:00Z,8.7,8.71,8.32,8.43,60356.0
SAIQ,2026-10-05T11:28:00Z,8.43,8.45,8.15,8.37,70513.0
SAIQ,2026-10-05T11:29:00Z,8.37,8.38,8.15,8.24,38260.0
SAIQ,2026-10-05T11:30:00Z,8.28,8.3,8.0,8.0,47964.0
SAIQ,2026-10-05T11:31:00Z,8.02,8.02,7.51,7.5805,103465.0
SAIQ,2026-10-05T11:32:00Z,7.6,7.68,6.82,6.94,198324.0
SAIQ,2026-10-05T11:33:00Z,6.9383,7.1,6.92,7.02,150845.0
SAIQ,2026-10-05T11:34:00Z,7.02,7.32,7.0,7.2,132931.0
SAIQ,2026-10-05T11:35:00Z,7.2,7.41,7.15,7.34,73529.0
SAIQ,2026-10-05T11:36:00Z,7.34,7.9899,7.34,7.9,128341.0
SAIQ,2026-10-05T11:37:00Z,7.8867,7.8867,7.6,7.72,69674.0
SAIQ,2026-10-05T11:38:00Z,7.72,8.09,7.54,7.6232,110453.0
SAIQ,2026-10-05T11:39:00Z,7.538,7.63,7.28,7.58,62509.0
SAIQ,2026-10-05T11:40:00Z,7.5926,7.6,7.43,7.5,32374.0
SAIQ,2026-10-05T11:41:00Z,7.5,7.7,7.46,7.65,37947.0
SAIQ,2026-10-05T11:42:00Z,7.62,7.66,7.5,7.54,23261.0
SAIQ,2026-10-05T11:43:00Z,7.52,7.54,7.43,7.5014,30346.0
SAIQ,2026-10-05T11:44:00Z,7.5,7.5113,7.4471,7.46,18428.0
SAIQ,2026-10-05T11:45:00Z,7.46,7.6,7.3,7.48,37155.0
SAIQ,2026-10-05T11:46:00Z,7.49,7.49,7.03,7.05,45849.0
SAIQ,2026-10-05T11:47:00Z,7.05,7.21,6.95,7.02,121175.0
SAIQ,2026-10-05T11:48:00Z,7.0,7.09,6.83,7.06,91554.0
SAIQ,2026-10-05T11:49:00Z,7.0018,7.06,6.918,7.0296,35368.0
SAIQ,2026-10-05T11:50:00Z,7.0299,7.03,6.82,6.82,37394.0
SAIQ,2026-10-05T11:51:00Z,6.8297,7.0,6.58,6.9688,128765.0
SAIQ,2026-10-05T11:52:00Z,6.96,7.0,6.86,6.986,49665.0
SAIQ,2026-10-05T11:53:00Z,6.99,7.09,6.91,6.924,47552.0
SAIQ,2026-10-05T11:54:00Z,6.92,7.02,6.86,6.9301,29546.0
SAIQ,2026-10-05T11:55:00Z,6.93,6.93,6.8,6.9141,38960.0
SAIQ,2026-10-05T11:56:00Z,6.9165,6.95,6.8,6.8,28285.0
SAIQ,2026-10-05T11:57:00Z,6.8,7.0,6.75,6.93,61662.0
SAIQ,2026-10-05T11:58:00Z,6.9415,6.9415,6.34,6.48,85707.0
SAIQ,2026-10-05T11:59:00Z,6.47,6.57,6.36,6.36,69626.0
SAIQ,2026-10-05T12:00:00Z,6.36,6.64,6.35,6.52,82376.0
SAIQ,2026-10-05T12:01:00Z,6.51,6.5283,6.339,6.39,68505.0
SAIQ,2026-10-05T12:02:00Z,6.3625,6.3788,5.9,6.05,145381.0
SAIQ,2026-10-05T12:03:00Z,6.0404,6.07,5.93,6.02,84685.0
SAIQ,2026-10-05T12:04:00Z,6.0188,6.12,6.0,6.0678,47700.0
SAIQ,2026-10-05T12:05:00Z,6.0985,6.24,6.07,6.08,51622.0
SAIQ,2026-10-05T12:06:00Z,6.0971,6.17,5.76,5.85,78250.0
SAIQ,2026-10-05T12:07:00Z,5.86,6.05,5.85,5.95,53091.0
SAIQ,2026-10-05T12:08:00Z,6.0081,6.11,5.98,6.0781,29867.0
SAIQ,2026-10-05T12:09:00Z,6.0606,6.18,6.02,6.06,42179.0
SAIQ,2026-10-05T12:10:00Z,6.08,6.25,5.94,6.1915,82527.0
SAIQ,2026-10-05T12:11:00Z,6.16,6.35,6.0,6.12,83951.0
SAIQ,2026-10-05T12:12:00Z,6.13,6.23,6.09,6.1,41330.0
SAIQ,2026-10-05T12:13:00Z,6.1006,6.17,6.05,6.1612,25050.0
SAIQ,2026-10-05T12:14:00Z,6.15,6.21,6.07,6.1261,20261.0
SAIQ,2026-10-05T12:15:00Z,6.11,6.29,6.06,6.1808,28183.0
SAIQ,2026-10-05T12:16:00Z,6.2043,6.47,6.1912,6.47,80465.0
SAIQ,2026-10-05T12:17:00Z,6.436,6.48,6.3,6.32,44283.0
SAIQ,2026-10-05T12:18:00Z,6.31,6.53,6.3,6.45,49027.0
SAIQ,2026-10-05T12:19:00Z,6.44,6.5,6.35,6.41,32775.0
SAIQ,2026-10-05T12:20:00Z,6.4,6.47,6.3,6.37,45310.0
SAIQ,2026-10-05T12:21:00Z,6.35,6.42,6.35,6.3606,22419.0
SAIQ,2026-10-05T12:22:00Z,6.37,6.38,6.32,6.3207,16552.0
SAIQ,2026-10-05T12:23:00Z,6.32,6.51,6.32,6.47,30594.0
SAIQ,2026-10-05T12:24:00Z,6.46,6.76,6.45,6.7437,66968.0
SAIQ,2026-10-05T12:25:00Z,6.7557,6.84,6.66,6.66,110392.0
SAIQ,2026-10-05T12:26:00Z,6.68,6.76,6.65,6.6503,43619.0
SAIQ,2026-10-05T12:27:00Z,6.6503,6.83,6.62,6.78,43906.0
SAIQ,2026-10-05T12:28:00Z,6.7703,6.92,6.72,6.89,50437.0
SAIQ,2026-10-05T12:29:00Z,6.89,6.98,6.89,6.9623,83709.0
SAIQ,2026-10-05T12:30:00Z,6.966,7.37,6.966,7.2663,179420.0
SAIQ,2026-10-05T12:31:00Z,7.26,7.26,7.0,7.05,111356.0
SAIQ,2026-10-05T12:32:00Z,7.05,7.29,7.05,7.2503,90376.0
SAIQ,2026-10-05T12:33:00Z,7.26,7.52,7.25,7.34,184372.0
SAIQ,2026-10-05T12:34:00Z,7.38,7.62,7.3,7.53,126329.0
SAIQ,2026-10-05T12:35:00Z,7.58,7.59,7.23,7.26,100618.0
SAIQ,2026-10-05T12:36:00Z,7.27,7.45,7.02,7.03,88280.0
SAIQ,2026-10-05T12:37:00Z,7.03,7.3,7.0,7.25,71507.0
SAIQ,2026-10-05T12:38:00Z,7.25,7.33,7.14,7.31,51126.0
SAIQ,2026-10-05T12:39:00Z,7.32,7.34,7.1708,7.1708,30775.0
SAIQ,2026-10-05T12:40:00Z,7.17,7.1799,7.06,7.14,27576.0
SAIQ,2026-10-05T12:41:00Z,7.1398,7.17,7.0,7.08,43602.0
SAIQ,2026-10-05T12:42:00Z,7.0835,7.09,6.92,6.94,45149.0
SAIQ,2026-10-05T12:43:00Z,6.94,7.24,6.94,7.11,47290.0
SAIQ,2026-10-05T12:44:00Z,7.12,7.2,7.03,7.0534,36439.0
SAIQ,2026-10-05T12:45:00Z,7.08,7.08,6.99,7.01,19553.0
SAIQ,2026-10-05T12:46:00Z,7.02,7.12,7.0,7.12,15979.0
SAIQ,2026-10-05T12:47:00Z,7.11,7.22,7.07,7.07,32182.0
SAIQ,2026-10-05T12:48:00Z,7.05,7.2,7.05,7.18,19974.0
SAIQ,2026-10-05T12:49:00Z,7.174,7.18,7.04,7.05,23059.0
SAIQ,2026-10-05T12:50:00Z,7.07,7.26,7.06,7.15,33102.0
SAIQ,2026-10-05T12:51:00Z,7.14,7.24,7.12,7.1986,22248.0
SAIQ,2026-10-05T12:52:00Z,7.1909,7.3493,7.1909,7.25,88050.0
SAIQ,2026-10-05T12:53:00Z,7.2531,7.28,7.18,7.22,32997.0
SAIQ,2026-10-05T12:54:00Z,7.21,7.27,7.15,7.21,42014.0
SAIQ,2026-10-05T12:55:00Z,7.188,7.2155,7.12,7.1302,16932.0
SAIQ,2026-10-05T12:56:00Z,7.13,7.3,7.05,7.3,50945.0
SAIQ,2026-10-05T12:57:00Z,7.2,7.31,7.1,7.1653,22758.0
SAIQ,2026-10-05T12:58:00Z,7.1406,7.17,7.08,7.1342,10606.0
SAIQ,2026-10-05T12:59:00Z,7.15,7.26,7.13,7.17,29271.0
SAIQ,2026-10-05T13:00:00Z,7.21,7.21,7.1,7.1009,15578.0
SAIQ,2026-10-05T13:01:00Z,7.12,7.14,7.05,7.09,33130.0
SAIQ,2026-10-05T13:02:00Z,7.0719,7.12,6.85,6.9,47664.0
SAIQ,2026-10-05T13:03:00Z,6.94,6.99,6.79,6.87,64811.0
SAIQ,2026-10-05T13:04:00Z,6.86,6.9,6.68,6.69,32499.0
SAIQ,2026-10-05T13:05:00Z,6.69,6.74,6.54,6.72,84192.0
SAIQ,2026-10-05T13:06:00Z,6.74,6.84,6.65,6.84,33159.0
SAIQ,2026-10-05T13:07:00Z,6.83,6.84,6.65,6.72,26400.0
SAIQ,2026-10-05T13:08:00Z,6.7245,6.755,6.65,6.6997,15435.0
SAIQ,2026-10-05T13:09:00Z,6.6993,6.8,6.67,6.71,23163.0
SAIQ,2026-10-05T13:10:00Z,6.7,6.7654,6.68,6.74,12112.0
SAIQ,2026-10-05T13:11:00Z,6.7334,6.7668,6.7187,6.75,8940.0
SAIQ,2026-10-05T13:12:00Z,6.7642,6.77,6.64,6.65,19391.0
SAIQ,2026-10-05T13:13:00Z,6.65,6.7684,6.64,6.75,13194.0
SAIQ,2026-10-05T13:14:00Z,6.75,6.75,6.63,6.69,17646.0
SAIQ,2026-10-05T13:15:00Z,6.7,6.7151,6.65,6.69,11220.0
SAIQ,2026-10-05T13:16:00Z,6.6892,6.72,6.62,6.62,14845.0
SAIQ,2026-10-05T13:17:00Z,6.62,6.66,6.52,6.5746,39978.0
SAIQ,2026-10-05T13:18:00Z,6.5795,6.75,6.57,6.74,25195.0
SAIQ,2026-10-05T13:19:00Z,6.74,6.77,6.68,6.73,23915.0
SAIQ,2026-10-05T13:20:00Z,6.7046,6.8819,6.68,6.87,19850.0
SAIQ,2026-10-05T13:21:00Z,6.87,7.02,6.84,6.95,72336.0
SAIQ,2026-10-05T13:22:00Z,6.94,7.32,6.94,7.32,106234.0
SAIQ,2026-10-05T13:23:00Z,7.3031,7.33,7.18,7.27,96454.0
SAIQ,2026-10-05T13:24:00Z,7.2719,7.33,7.11,7.32,67557.0
SAIQ,2026-10-05T13:25:00Z,7.3,7.33,7.1,7.22,46846.0
SAIQ,2026-10-05T13:26:00Z,7.21,7.29,7.17,7.1909,34865.0
SAIQ,2026-10-05T13:27:00Z,7.2,7.23,7.1,7.19,38155.0
SAIQ,2026-10-05T13:28:00Z,7.17,7.18,7.0,7.02,28123.0
SAIQ,2026-10-05T13:29:00Z,7.0293,7.13,6.99,7.061,47911.0
SAIQ,2026-10-05T13:30:00Z,7.13,8.4,7.0,7.67,601863.0
SAIQ,2026-10-05T13:31:00Z,7.6001,8.36,7.504,8.1399,488275.0
SAIQ,2026-10-05T13:32:00Z,8.1384,9.5,8.09,9.3047,909637.0
SAIQ,2026-10-05T13:33:00Z,9.3309,9.94,8.73,8.7363,1007833.0
SAIQ,2026-10-05T13:34:00Z,8.7,9.1599,8.0,8.595,581675.0
SAIQ,2026-10-05T13:35:00Z,8.59,9.3,8.54,8.8426,613691.0
SAIQ,2026-10-05T13:36:00Z,8.86,8.995,8.3601,8.76,361976.0
SAIQ,2026-10-05T13:37:00Z,8.75,8.95,8.2252,8.47,277499.0
SAIQ,2026-10-05T13:38:00Z,8.465,8.67,7.63,8.12,459066.0
SAIQ,2026-10-05T13:39:00Z,8.1201,8.19,7.56,7.56,273996.0
SAIQ,2026-10-05T13:40:00Z,7.5736,8.0701,7.4,7.7994,264023.0
SAIQ,2026-10-05T13:41:00Z,7.799,8.15,7.7201,8.15,159485.0
SAIQ,2026-10-05T13:42:00Z,8.1499,8.1499,7.81,7.9399,144698.0
SAIQ,2026-10-05T13:43:00Z,7.895,8.04,7.61,7.88,117592.0
SAIQ,2026-10-05T13:44:00Z,7.86,8.03,7.6,7.6,124124.0
SAIQ,2026-10-05T13:45:00Z,7.6,7.8699,7.6,7.8,83428.0
SAIQ,2026-10-05T13:46:00Z,7.8,7.91,7.2201,7.425,217149.0
SAIQ,2026-10-05T13:47:00Z,7.42,7.44,6.57,6.7899,374109.0
SAIQ,2026-10-05T13:48:00Z,6.79,7.0315,6.7,6.87,156839.0
SAIQ,2026-10-05T13:49:00Z,6.84,6.95,6.55,6.5764,117569.0
SAIQ,2026-10-05T13:50:00Z,6.565,6.78,6.47,6.73,143939.0
SAIQ,2026-10-05T13:51:00Z,6.71,7.03,6.7,6.96,146639.0
SAIQ,2026-10-05T13:52:00Z,6.97,7.1499,6.92,7.07,133871.0
SAIQ,2026-10-05T13:53:00Z,7.07,7.1,6.93,7.0406,95920.0
SAIQ,2026-10-05T13:54:00Z,7.03,7.04,6.87,6.9266,71004.0
SAIQ,2026-10-05T13:55:00Z,6.96,7.17,6.94,7.16,75924.0
SAIQ,2026-10-05T13:56:00Z,7.17,7.55,7.1362,7.5499,166258.0
SAIQ,2026-10-05T13:57:00Z,7.55,7.8,7.49,7.69,357466.0
SAIQ,2026-10-05T13:58:00Z,7.685,7.88,7.31,7.39,279662.0
SAIQ,2026-10-05T13:59:00Z,7.33,7.54,6.95,7.271,204590.0
SAIQ,2026-10-05T14:00:00Z,7.2951,7.2971,6.86,6.935,173280.0
SAIQ,2026-10-05T14:01:00Z,6.94,7.14,6.91,7.12,109825.0
SAIQ,2026-10-05T14:02:00Z,7.13,7.2299,7.06,7.06,88693.0
SAIQ,2026-10-05T14:03:00Z,7.0601,7.17,7.03,7.09,42878.0
SAIQ,2026-10-05T14:04:00Z,7.1,7.22,6.822,6.9,112039.0
SAIQ,2026-10-05T14:05:00Z,6.9,7.04,6.83,6.915,84543.0
SAIQ,2026-10-05T14:06:00Z,6.925,6.98,6.79,6.9668,82028.0
SAIQ,2026-10-05T14:07:00Z,6.93,7.18,6.9,7.06,98553.0
SAIQ,2026-10-05T14:08:00Z,7.05,7.15,7.05,7.0801,52644.0
SAIQ,2026-10-05T14:09:00Z,7.07,7.1145,6.92,6.9301,52649.0
SAIQ,2026-10-05T14:10:00Z,6.93,7.23,6.93,7.17,124107.0
SAIQ,2026-10-05T14:11:00Z,7.1505,7.1505,7.04,7.075,67731.0
SAIQ,2026-10-05T14:12:00Z,7.075,7.22,7.05,7.17,43436.0
SAIQ,2026-10-05T14:13:00Z,7.1505,7.1899,6.95,7.02,57418.0
SAIQ,2026-10-05T14:14:00Z,7.02,7.08,6.94,7.05,54863.0
SAIQ,2026-10-05T14:15:00Z,7.0269,7.05,6.94,6.9459,55597.0
SAIQ,2026-10-05T14:16:00Z,6.94,7.01,6.9,6.905,80076.0
SAIQ,2026-10-05T14:17:00Z,6.9,6.99,6.9,6.9001,44124.0
SAIQ,2026-10-05T14:18:00Z,6.9259,6.95,6.9,6.93,97175.0
SAIQ,2026-10-05T14:19:00Z,6.92,6.92,6.41,6.79,188659.0
SAIQ,2026-10-05T14:20:00Z,6.79,6.8,6.62,6.69,66246.0
SAIQ,2026-10-05T14:21:00Z,6.66,6.6801,6.51,6.53,64262.0
SAIQ,2026-10-05T14:22:00Z,6.55,6.64,6.5048,6.5048,73870.0
SAIQ,2026-10-05T14:23:00Z,6.52,6.56,6.43,6.485,102542.0
SAIQ,2026-10-05T14:24:00Z,6.48,6.4919,6.23,6.26,138831.0
SAIQ,2026-10-05T14:25:00Z,6.265,6.38,6.23,6.28,113706.0
SAIQ,2026-10-05T14:26:00Z,6.29,6.6,6.29,6.52,115126.0
SAIQ,2026-10-05T14:27:00Z,6.52,6.63,6.45,6.52,80037.0
SAIQ,2026-10-05T14:28:00Z,6.525,6.5499,6.42,6.5,59062.0
SAIQ,2026-10-05T14:29:00Z,6.47,6.55,6.47,6.47,66106.0
SAIQ,2026-10-05T14:30:00Z,6.47,6.48,6.32,6.42,59373.0
SAIQ,2026-10-05T14:31:00Z,6.4,6.43,6.32,6.4,39202.0
SAIQ,2026-10-05T14:32:00Z,6.3607,6.58,6.35,6.57,94692.0
SAIQ,2026-10-05T14:33:00Z,6.55,6.55,6.39,6.4233,61905.0
SAIQ,2026-10-05T14:34:00Z,6.42,6.489,6.33,6.3905,42539.0
SAIQ,2026-10-05T14:35:00Z,6.4003,6.53,6.4,6.48,19664.0
SAIQ,2026-10-05T14:36:00Z,6.48,6.52,6.45,6.49,26340.0
SAIQ,2026-10-05T14:37:00Z,6.49,6.5,6.36,6.3798,60560.0
SAIQ,2026-10-05T14:38:00Z,6.37,6.4492,6.01,6.17,118516.0
SAIQ,2026-10-05T14:39:00Z,6.18,6.27,6.15,6.22,57872.0
SAIQ,2026-10-05T14:40:00Z,6.2201,6.36,6.21,6.29,38611.0
SAIQ,2026-10-05T14:41:00Z,6.3006,6.4399,6.2953,6.35,37537.0
SAIQ,2026-10-05T14:42:00Z,6.35,6.4697,6.3183,6.4,31171.0
SAIQ,2026-10-05T14:43:00Z,6.38,6.4,6.3,6.3551,30512.0
SAIQ,2026-10-05T14:44:00Z,6.35,6.36,6.26,6.35,26146.0
SAIQ,2026-10-05T14:45:00Z,6.29,6.4,6.29,6.36,36065.0
SAIQ,2026-10-05T14:46:00Z,6.3414,6.39,6.28,6.325,30466.0
SAIQ,2026-10-05T14:47:00Z,6.3,6.3787,6.28,6.3684,15723.0
SAIQ,2026-10-05T14:48:00Z,6.36,6.4,6.3116,6.3116,36650.0
SAIQ,2026-10-05T14:49:00Z,6.3401,6.37,6.3101,6.37,12611.0
SAIQ,2026-10-05T14:50:00Z,6.39,6.42,6.37,6.3987,49791.0
SAIQ,2026-10-05T14:51:00Z,6.3987,6.61,6.3987,6.61,76804.0
SAIQ,2026-10-05T14:52:00Z,6.605,6.96,6.6001,6.95,240855.0
SAIQ,2026-10-05T14:53:00Z,6.94,7.02,6.84,6.9,149422.0
SAIQ,2026-10-05T14:54:00Z,6.9,6.92,6.6145,6.67,97532.0
SAIQ,2026-10-05T14:55:00Z,6.66,6.8288,6.55,6.8288,67714.0
SAIQ,2026-10-05T14:56:00Z,6.83,6.83,6.6223,6.635,32440.0
SAIQ,2026-10-05T14:57:00Z,6.63,6.73,6.58,6.69,26761.0
SAIQ,2026-10-05T14:58:00Z,6.6837,6.84,6.68,6.7705,47639.0
SAIQ,2026-10-05T14:59:00Z,6.7787,6.92,6.7702,6.8787,72445.0
SAIQ,2026-10-05T15:00:00Z,6.8794,6.9,6.7,6.796,35015.0
SAIQ,2026-10-05T15:01:00Z,6.796,6.796,6.7,6.785,32439.0
SAIQ,2026-10-05T15:02:00Z,6.7801,6.7801,6.54,6.5721,54688.0
SAIQ,2026-10-05T15:03:00Z,6.6,6.86,6.59,6.86,40782.0
SAIQ,2026-10-05T15:04:00Z,6.8501,6.87,6.76,6.815,57524.0
SAIQ,2026-10-05T15:05:00Z,6.815,6.82,6.76,6.8,27991.0
SAIQ,2026-10-05T15:06:00Z,6.8,6.8484,6.7501,6.83,30425.0
SAIQ,2026-10-05T15:07:00Z,6.81,6.8299,6.65,6.68,18771.0
SAIQ,2026-10-05T15:08:00Z,6.6603,6.76,6.6323,6.76,24544.0
SAIQ,2026-10-05T15:09:00Z,6.78,6.93,6.75,6.87,55993.0
SAIQ,2026-10-05T15:10:00Z,6.84,6.9199,6.835,6.8512,44005.0
SAIQ,2026-10-05T15:11:00Z,6.8,6.84,6.72,6.81,25094.0
SAIQ,2026-10-05T15:12:00Z,6.8,6.81,6.7109,6.765,13916.0
SAIQ,2026-10-05T15:13:00Z,6.75,6.77,6.67,6.77,10303.0
SAIQ,2026-10-05T15:14:00Z,6.7525,6.755,6.7,6.7415,20238.0
SAIQ,2026-10-05T15:15:00Z,6.7516,6.81,6.74,6.79,16997.0
SAIQ,2026-10-05T15:16:00Z,6.775,6.96,6.7677,6.945,42397.0
SAIQ,2026-10-05T15:17:00Z,6.96,7.25,6.86,7.2401,216512.0
SAIQ,2026-10-05T15:18:00Z,7.25,7.28,7.14,7.28,160174.0
SAIQ,2026-10-05T15:19:00Z,7.28,7.44,7.13,7.4199,171968.0
SAIQ,2026-10-05T15:20:00Z,7.3613,7.39,7.14,7.2,138632.0
SAIQ,2026-10-05T15:21:00Z,7.2,7.2,6.81,7.14,109590.0
SAIQ,2026-10-05T15:22:00Z,7.16,7.35,7.141,7.2643,128549.0
SAIQ,2026-10-05T15:23:00Z,7.27,7.28,7.08,7.2301,100964.0
SAIQ,2026-10-05T15:24:00Z,7.22,7.27,7.15,7.18,72242.0
SAIQ,2026-10-05T15:25:00Z,7.2123,7.27,7.07,7.0704,71867.0
SAIQ,2026-10-05T15:26:00Z,7.085,7.1659,6.82,7.062,108084.0
SAIQ,2026-10-05T15:27:00Z,7.06,7.14,7.04,7.04,36711.0
SAIQ,2026-10-05T15:28:00Z,7.04,7.0446,6.98,7.0299,41526.0
SAIQ,2026-10-05T15:29:00Z,7.0,7.14,7.0,7.08,31961.0
SAIQ,2026-10-05T15:30:00Z,7.08,7.08,6.99,6.99,19866.0
SAIQ,2026-10-05T15:31:00Z,6.99,6.99,6.91,6.91,15128.0
SDEV,2026-10-05T08:00:00Z,8.5,9.9607,8.49,9.66,145701.0
SDEV,2026-10-05T08:01:00Z,9.6415,9.69,9.55,9.5505,63851.0
SDEV,2026-10-05T08:02:00Z,9.56,9.69,9.39,9.69,156556.0
SDEV,2026-10-05T08:03:00Z,9.69,9.69,8.9,8.9495,76190.0
SDEV,2026-10-05T08:04:00Z,8.9403,8.95,7.94,7.95,186767.0
SDEV,2026-10-05T08:05:00Z,7.9784,8.1684,7.72,8.1684,174774.0
SDEV,2026-10-05T08:06:00Z,8.151,9.71,8.13,8.4895,193996.0
SDEV,2026-10-05T08:07:00Z,8.49,9.3,8.4895,9.16,226141.0
SDEV,2026-10-05T08:08:00Z,9.1682,10.6,9.11,10.212,377943.0
SDEV,2026-10-05T08:09:00Z,10.21,10.3,9.69,9.701,209395.0
SDEV,2026-10-05T08:10:00Z,9.71,9.91,9.18,9.33,183899.0
SDEV,2026-10-05T08:11:00Z,9.33,9.65,9.24,9.5792,113557.0
SDEV,2026-10-05T08:12:00Z,9.52,9.77,9.52,9.62,96399.0
SDEV,2026-10-05T08:13:00Z,9.6581,9.71,9.46,9.6586,57785.0
SDEV,2026-10-05T08:14:00Z,9.679,9.72,9.55,9.66,37553.0
SDEV,2026-10-05T08:15:00Z,9.6681,9.6681,9.51,9.5416,33159.0
SDEV,2026-10-05T08:16:00Z,9.5416,9.59,9.46,9.4601,48036.0
SDEV,2026-10-05T08:17:00Z,9.46,9.46,9.22,9.31,107291.0
SDEV,2026-10-05T08:18:00Z,9.34,9.55,9.18,9.2918,99596.0
SDEV,2026-10-05T08:19:00Z,9.3019,9.45,9.3019,9.3716,51102.0
SDEV,2026-10-05T08:20:00Z,9.38,9.4,9.27,9.31,25160.0
SDEV,2026-10-05T08:21:00Z,9.31,9.41,9.2,9.2018,40926.0
SDEV,2026-10-05T08:22:00Z,9.2285,9.2392,9.05,9.1013,71828.0
SDEV,2026-10-05T08:23:00Z,9.13,9.1485,8.66,8.73,135570.0
SDEV,2026-10-05T08:24:00Z,8.73,9.1799,8.59,9.11,127907.0
SDEV,2026-10-05T08:25:00Z,9.1284,9.14,8.9818,9.1118,60748.0
SDEV,2026-10-05T08:26:00Z,9.1136,9.15,9.0,9.0595,33743.0
SDEV,2026-10-05T08:27:00Z,9.055,9.37,9.05,9.35,67595.0
SDEV,2026-10-05T08:28:00Z,9.35,9.5,9.27,9.33,76203.0
SDEV,2026-10-05T08:29:00Z,9.34,9.341,9.1615,9.2395,60639.0
SDEV,2026-10-05T08:30:00Z,9.2395,9.2395,9.0637,9.15,35082.0
SDEV,2026-10-05T08:31:00Z,9.139,9.1782,9.0352,9.05,28340.0
SDEV,2026-10-05T08:32:00Z,9.0595,9.09,8.8501,8.86,60491.0
SDEV,2026-10-05T08:33:00Z,8.86,8.86,8.44,8.49,100876.0
SDEV,2026-10-05T08:34:00Z,8.425,8.6699,8.18,8.39,164654.0
SDEV,2026-10-05T08:35:00Z,8.38,8.66,8.38,8.49,117340.0
SDEV,2026-10-05T08:36:00Z,8.5085,8.69,8.3728,8.4564,81530.0
SDEV,2026-10-05T08:37:00Z,8.37,8.9,8.25,8.865,91761.0
SDEV,2026-10-05T08:38:00Z,8.8695,8.98,8.64,8.6888,76595.0
SDEV,2026-10-05T08:39:00Z,8.6527,8.76,8.58,8.75,53959.0
SDEV,2026-10-05T08:40:00Z,8.74,8.79,8.56,8.61,50631.0
SDEV,2026-10-05T08:41:00Z,8.605,8.725,8.58,8.725,25714.0
SDEV,2026-10-05T08:42:00Z,8.75,9.13,8.7,9.0,80014.0
SDEV,2026-10-05T08:43:00Z,8.9956,9.0298,8.82,8.88,59507.0
SDEV,2026-10-05T08:44:00Z,8.86,8.9,8.69,8.7472,52601.0
SDEV,2026-10-05T08:45:00Z,8.7475,8.96,8.74,8.802,37713.0
SDEV,2026-10-05T08:46:00Z,8.76,8.859,8.75,8.8103,21993.0
SDEV,2026-10-05T08:47:00Z,8.84,8.95,8.81,8.95,27221.0
SDEV,2026-10-05T08:48:00Z,8.96,9.05,8.8538,8.88,29733.0
SDEV,2026-10-05T08:49:00Z,8.88,9.13,8.87,9.02,34231.0
SDEV,2026-10-05T08:50:00Z,9.0,9.275,8.96,9.26,79150.0
SDEV,2026-10-05T08:51:00Z,9.2398,9.29,9.1,9.17,103138.0
SDEV,2026-10-05T08:52:00Z,9.17,9.31,9.15,9.2527,61756.0
SDEV,2026-10-05T08:53:00Z,9.2802,9.49,9.2802,9.4894,88565.0
SDEV,2026-10-05T08:54:00Z,9.49,9.67,9.48,9.59,149069.0
SDEV,2026-10-05T08:55:00Z,9.6194,9.63,9.33,9.42,90024.0
SDEV,2026-10-05T08:56:00Z,9.434,9.4397,9.16,9.214,75342.0
SDEV,2026-10-05T08:57:00Z,9.2143,9.2485,9.14,9.22,33343.0
SDEV,2026-10-05T08:58:00Z,9.21,9.21,9.04,9.095,56074.0
SDEV,2026-10-05T08:59:00Z,9.1,9.3,9.0902,9.2611,34705.0
SDEV,2026-10-05T09:00:00Z,9.2868,9.2868,9.02,9.02,34625.0
SDEV,2026-10-05T09:01:00Z,9.08,9.13,9.01,9.13,22038.0
SDEV,2026-10-05T09:02:00Z,9.12,9.18,9.05,9.13,13321.0
SDEV,2026-10-05T09:03:00Z,9.12,9.2284,9.09,9.09,21122.0
SDEV,2026-10-05T09:04:00Z,9.1,9.25,9.1,9.25,9599.0
SDEV,2026-10-05T09:05:00Z,9.25,9.2879,9.18,9.18,26460.0
SDEV,2026-10-05T09:06:00Z,9.185,9.34,9.15,9.18,23275.0
SDEV,2026-10-05T09:07:00Z,9.175,9.2,9.09,9.1146,25272.0
SDEV,2026-10-05T09:08:00Z,9.11,9.14,9.08,9.09,33003.0
SDEV,2026-10-05T09:09:00Z,9.0897,9.2498,9.0897,9.18,19094.0
SDEV,2026-10-05T09:10:00Z,9.18,9.18,9.07,9.08,20889.0
SDEV,2026-10-05T09:11:00Z,9.1,9.13,9.06,9.06,17709.0
SDEV,2026-10-05T09:12:00Z,9.07,9.09,9.03,9.05,23590.0
SDEV,2026-10-05T09:13:00Z,9.0602,9.16,9.05,9.16,34566.0
SDEV,2026-10-05T09:14:00Z,9.15,9.28,9.13,9.28,28924.0
SDEV,2026-10-05T09:15:00Z,9.255,9.27,9.2,9.2,10524.0
SDEV,2026-10-05T09:16:00Z,9.2,9.26,9.16,9.18,23841.0
SDEV,2026-10-05T09:17:00Z,9.18,9.18,9.12,9.14,13298.0
SDEV,2026-10-05T09:18:00Z,9.1379,9.19,9.12,9.12,12704.0
SDEV,2026-10-05T09:19:00Z,9.1592,9.2,9.1177,9.2,5880.0
SDEV,2026-10-05T09:20:00Z,9.209,9.21,9.1895,9.21,7510.0
SDEV,2026-10-05T09:21:00Z,9.205,9.39,9.2,9.2695,54454.0
SDEV,2026-10-05T09:22:00Z,9.2696,9.27,9.21,9.23,15694.0
SDEV,2026-10-05T09:23:00Z,9.22,9.3299,9.19,9.3251,22045.0
SDEV,2026-10-05T09:24:00Z,9.31,9.3193,9.2562,9.3,13902.0
SDEV,2026-10-05T09:25:00Z,9.27,9.3,9.25,9.26,19446.0
SDEV,2026-10-05T09:26:00Z,9.25,9.37,9.25,9.37,20978.0
SDEV,2026-10-05T09:27:00Z,9.36,9.53,9.3547,9.36,46251.0
SDEV,2026-10-05T09:28:00Z,9.3693,9.42,9.33,9.4191,25752.0
SDEV,2026-10-05T09:29:00Z,9.415,9.57,9.34,9.3785,91211.0
SDEV,2026-10-05T09:30:00Z,9.34,9.64,9.3041,9.53,54205.0
SDEV,2026-10-05T09:31:00Z,9.525,9.87,9.525,9.85,133225.0
SDEV,2026-10-05T09:32:00Z,9.8455,10.0,9.77,9.87,175922.0
SDEV,2026-10-05T09:33:00Z,9.88,10.37,9.8725,10.24,225507.0
SDEV,2026-10-05T09:34:00Z,10.26,10.37,10.0981,10.276,194362.0
SDEV,2026-10-05T09:35:00Z,10.24,10.27,9.95,10.03,119486.0
SDEV,2026-10-05T09:36:00Z,10.03,10.42,10.0042,10.39,180527.0
SDEV,2026-10-05T09:37:00Z,10.38,10.53,10.1002,10.14,195564.0
SDEV,2026-10-05T09:38:00Z,10.14,10.41,10.14,10.41,93089.0
SDEV,2026-10-05T09:39:00Z,10.365,10.48,10.26,10.31,95930.0
SDEV,2026-10-05T09:40:00Z,10.32,10.4,10.22,10.245,68227.0
SDEV,2026-10-05T09:41:00Z,10.2602,10.2928,10.07,10.07,75293.0
SDEV,2026-10-05T09:42:00Z,10.08,10.18,10.0,10.0885,74645.0
SDEV,2026-10-05T09:43:00Z,10.09,10.34,10.09,10.23,63295.0
SDEV,2026-10-05T09:44:00Z,10.2154,10.4377,10.2154,10.28,64637.0
SDEV,2026-10-05T09:45:00Z,10.3135,10.3135,10.13,10.1693,50698.0
SDEV,2026-10-05T09:46:00Z,10.15,10.23,10.06,10.13,48603.0
SDEV,2026-10-05T09:47:00Z,10.1,10.2441,10.1,10.14,36209.0
SDEV,2026-10-05T09:48:00Z,10.145,10.1549,9.8507,9.8703,64345.0
SDEV,2026-10-05T09:49:00Z,9.87,9.95,9.77,9.7888,101776.0
SDEV,2026-10-05T09:50:00Z,9.79,9.99,9.78,9.9701,48709.0
SDEV,2026-10-05T09:51:00Z,9.9881,9.9881,9.85,9.91,47188.0
SDEV,2026-10-05T09:52:00Z,9.9231,10.12,9.9214,10.1099,39330.0
SDEV,2026-10-05T09:53:00Z,10.1,10.12,10.02,10.113,30919.0
SDEV,2026-10-05T09:54:00Z,10.1,10.19,10.09,10.12,30524.0
SDEV,2026-10-05T09:55:00Z,10.14,10.25,10.0871,10.1291,55019.0
SDEV,2026-10-05T09:56:00Z,10.11,10.1568,10.03,10.075,38920.0
SDEV,2026-10-05T09:57:00Z,10.0739,10.1,10.02,10.02,21195.0
SDEV,2026-10-05T09:58:00Z,10.04,10.15,10.04,10.14,22645.0
SDEV,2026-10-05T09:59:00Z,10.125,10.14,9.95,9.9845,31458.0
SDEV,2026-10-05T10:00:00Z,10.01,10.03,9.9801,10.02,10964.0
SDEV,2026-10-05T10:01:00Z,10.02,10.12,10.02,10.12,13413.0
SDEV,2026-10-05T10:02:00Z,10.1395,10.27,10.13,10.17,64987.0
SDEV,2026-10-05T10:03:00Z,10.17,10.3,10.15,10.22,57044.0
SDEV,2026-10-05T10:04:00Z,10.22,10.42,10.2,10.3,76804.0
SDEV,2026-10-05T10:05:00Z,10.28,10.38,10.22,10.3176,51034.0
SDEV,2026-10-05T10:06:00Z,10.3192,10.6997,10.3192,10.69,180410.0
SDEV,2026-10-05T10:07:00Z,10.68,10.9,10.66,10.7512,178713.0
SDEV,2026-10-05T10:08:00Z,10.7504,10.87,10.64,10.64,118853.0
SDEV,2026-10-05T10:09:00Z,10.63,10.79,10.52,10.6695,116180.0
SDEV,2026-10-05T10:10:00Z,10.67,10.96,10.67,10.8454,121027.0
SDEV,2026-10-05T10:11:00Z,10.84,11.03,10.82,10.9326,183421.0
SDEV,2026-10-05T10:12:00Z,10.93,11.05,10.84,11.04,140504.0
SDEV,2026-10-05T10:13:00Z,11.05,11.32,10.99,11.25,222451.0
SDEV,2026-10-05T10:14:00Z,11.2762,11.8,11.25,11.57,283452.0
SDEV,2026-10-05T10:15:00Z,11.58,11.58,11.2385,11.43,210770.0
SDEV,2026-10-05T10:16:00Z,11.43,11.61,11.34,11.4024,125473.0
SDEV,2026-10-05T10:17:00Z,11.4499,12.04,11.43,12.0229,266268.0
SDEV,2026-10-05T10:18:00Z,12.04,12.73,12.0242,12.635,303594.0
SDEV,2026-10-05T10:19:00Z,12.6583,12.6585,12.02,12.2458,256500.0
SDEV,2026-10-05T10:20:00Z,12.22,12.42,11.6623,11.8737,200019.0
SDEV,2026-10-05T10:21:00Z,11.89,12.01,11.38,11.5408,202297.0
SDEV,2026-10-05T10:22:00Z,11.565,12.14,11.49,12.05,166209.0
SDEV,2026-10-05T10:23:00Z,12.045,12.43,12.01,12.15,158196.0
SDEV,2026-10-05T10:24:00Z,12.15,12.1999,11.98,12.065,89069.0
SDEV,2026-10-05T10:25:00Z,12.05,12.2475,11.97,11.99,95920.0
SDEV,2026-10-05T10:26:00Z,11.99,11.9998,11.56,11.7808,139507.0
SDEV,2026-10-05T10:27:00Z,11.8288,12.09,11.74,11.83,87055.0
SDEV,2026-10-05T10:28:00Z,11.8444,12.02,11.82,11.9747,49583.0
SDEV,2026-10-05T10:29:00Z,11.85,11.94,11.71,11.7898,87925.0
SDEV,2026-10-05T10:30:00Z,11.73,11.98,11.65,11.97,54813.0
SDEV,2026-10-05T10:31:00Z,11.975,12.1,11.8591,11.9,88396.0
SDEV,2026-10-05T10:32:00Z,11.8523,11.8959,11.71,11.74,70050.0
SDEV,2026-10-05T10:33:00Z,11.76,11.77,11.52,11.52,87147.0
SDEV,2026-10-05T10:34:00Z,11.53,11.65,11.1819,11.28,133030.0
SDEV,2026-10-05T10:35:00Z,11.28,11.28,10.7215,10.805,183801.0
SDEV,2026-10-05T10:36:00Z,10.7722,11.1397,10.6808,11.1323,136960.0
SDEV,2026-10-05T10:37:00Z,11.1325,11.3999,11.13,11.3315,187868.0
SDEV,2026-10-05T10:38:00Z,11.35,11.54,11.29,11.4496,106632.0
SDEV,2026-10-05T10:39:00Z,11.44,12.0,11.35,11.88,152795.0
SDEV,2026-10-05T10:40:00Z,11.89,11.9,11.52,11.65,101706.0
SDEV,2026-10-05T10:41:00Z,11.66,11.66,11.44,11.44,89576.0
SDEV,2026-10-05T10:42:00Z,11.455,11.56,11.4026,11.42,61200.0
SDEV,2026-10-05T10:43:00Z,11.43,11.46,11.3404,11.3967,43289.0
SDEV,2026-10-05T10:44:00Z,11.38,11.4986,11.33,11.3961,47438.0
SDEV,2026-10-05T10:45:00Z,11.4,11.56,11.36,11.5347,37977.0
SDEV,2026-10-05T10:46:00Z,11.5,11.7,11.495,11.5095,58625.0
SDEV,2026-10-05T10:47:00Z,11.525,11.5897,11.49,11.52,24243.0
SDEV,2026-10-05T10:48:00Z,11.5,11.54,11.3217,11.3217,74088.0
SDEV,2026-10-05T10:49:00Z,11.355,11.42,11.26,11.2922,40709.0
SDEV,2026-10-05T10:50:00Z,11.29,11.33,10.95,11.0571,112878.0
SDEV,2026-10-05T10:51:00Z,11.0562,11.29,11.03,11.195,45866.0
SDEV,2026-10-05T10:52:00Z,11.17,11.34,11.17,11.3,18035.0
SDEV,2026-10-05T10:53:00Z,11.3,11.34,11.16,11.18,35041.0
SDEV,2026-10-05T10:54:00Z,11.18,11.22,11.12,11.1602,39042.0
SDEV,2026-10-05T10:55:00Z,11.16,11.6,11.13,11.3013,53469.0
SDEV,2026-10-05T10:56:00Z,11.33,11.3644,11.09,11.16,36564.0
SDEV,2026-10-05T10:57:00Z,11.192,11.23,11.1271,11.2105,19159.0
SDEV,2026-10-05T10:58:00Z,11.18,11.27,11.0,11.02,43448.0
SDEV,2026-10-05T10:59:00Z,11.0,11.16,10.95,11.04,30613.0
SDEV,2026-10-05T11:00:00Z,11.04,11.2727,10.85,11.1452,138558.0
SDEV,2026-10-05T11:01:00Z,11.14,11.1988,10.99,11.0299,57184.0
SDEV,2026-10-05T11:02:00Z,11.0299,11.0898,10.89,10.92,67393.0
SDEV,2026-10-05T11:03:00Z,10.9397,11.0,10.6107,10.66,129838.0
SDEV,2026-10-05T11:04:00Z,10.685,10.79,10.42,10.5498,132467.0
SDEV,2026-10-05T11:05:00Z,10.53,10.53,10.3065,10.4939,84552.0
SDEV,2026-10-05T11:06:00Z,10.5,10.84,10.47,10.71,108365.0
SDEV,2026-10-05T11:07:00Z,10.72,11.06,10.6865,11.028,122929.0
SDEV,2026-10-05T11:08:00Z,11.0633,11.15,10.9,10.942,101190.0
SDEV,2026-10-05T11:09:00Z,10.94,11.1762,10.9,11.07,62436.0
SDEV,2026-10-05T11:10:00Z,11.04,11.0585,10.86,10.86,59690.0
SDEV,2026-10-05T11:11:00Z,10.86,10.9439,10.73,10.75,56795.0
SDEV,2026-10-05T11:12:00Z,10.75,10.83,10.7464,10.83,23939.0
SDEV,2026-10-05T11:13:00Z,10.805,10.87,10.75,10.87,25286.0
SDEV,2026-10-05T11:14:00Z,10.868,10.96,10.64,10.6998,72686.0
SDEV,2026-10-05T11:15:00Z,10.66,10.8,10.6201,10.7502,44678.0
SDEV,2026-10-05T11:16:00Z,10.75,10.97,10.69,10.9408,30416.0
SDEV,2026-10-05T11:17:00Z,10.94,10.9401,10.84,10.91,41251.0
SDEV,2026-10-05T11:18:00Z,10.908,11.0,10.84,10.97,40186.0
SDEV,2026-10-05T11:19:00Z,10.97,11.19,10.97,11.07,104862.0
SDEV,2026-10-05T11:20:00Z,11.0618,11.55,11.0618,11.532,191636.0
SDEV,2026-10-05T11:21:00Z,11.54,11.5497,11.25,11.34,148715.0
SDEV,2026-10-05T11:22:00Z,11.3679,11.44,11.1278,11.15,120489.0
SDEV,2026-10-05T11:23:00Z,11.13,11.3,11.13,11.2406,69373.0
SDEV,2026-10-05T11:24:00Z,11.24,11.28,11.03,11.09,66958.0
SDEV,2026-10-05T11:25:00Z,11.08,11.1293,10.95,11.065,63654.0
SDEV,2026-10-05T11:26:00Z,11.0585,11.0958,10.97,11.015,34309.0
SDEV,2026-10-05T11:27:00Z,11.0101,11.2,11.01,11.1,27896.0
SDEV,2026-10-05T11:28:00Z,11.12,11.32,11.11,11.27,76028.0
SDEV,2026-10-05T11:29:00Z,11.26,11.4,11.22,11.255,56163.0
SDEV,2026-10-05T11:30:00Z,11.2409,11.43,11.1593,11.4,50862.0
SDEV,2026-10-05T11:31:00Z,11.37,11.386,11.22,11.26,50906.0
SDEV,2026-10-05T11:32:00Z,11.28,11.33,11.25,11.2691,28125.0
SDEV,2026-10-05T11:33:00Z,11.2691,11.39,11.23,11.35,44848.0
SDEV,2026-10-05T11:34:00Z,11.32,11.35,11.22,11.26,30309.0
SDEV,2026-10-05T11:35:00Z,11.26,11.2606,11.04,11.05,50248.0
SDEV,2026-10-05T11:36:00Z,11.05,11.14,11.0407,11.0803,48379.0
SDEV,2026-10-05T11:37:00Z,11.1,11.2116,11.04,11.2,34734.0
SDEV,2026-10-05T11:38:00Z,11.1775,11.18,11.0,11.06,47980.0
SDEV,2026-10-05T11:39:00Z,11.0694,11.0963,11.01,11.055,44515.0
SDEV,2026-10-05T11:40:00Z,11.055,11.25,11.05,11.244,42626.0
SDEV,2026-10-05T11:41:00Z,11.23,11.2483,11.11,11.14,28323.0
SDEV,2026-10-05T11:42:00Z,11.14,11.1443,11.0,11.04,35510.0
SDEV,2026-10-05T11:43:00Z,11.03,11.07,10.9,10.9,65453.0
SDEV,2026-10-05T11:44:00Z,10.9012,10.9497,10.81,10.9,62417.0
SDEV,2026-10-05T11:45:00Z,10.8983,10.9,10.8,10.86,47668.0
SDEV,2026-10-05T11:46:00Z,10.86,11.0,10.8,10.99,28399.0
SDEV,2026-10-05T11:47:00Z,10.99,10.99,10.8024,10.81,26349.0
SDEV,2026-10-05T11:48:00Z,10.8,10.82,10.6,10.66,90090.0
SDEV,2026-10-05T11:49:00Z,10.6775,10.6981,10.58,10.6398,48987.0
SDEV,2026-10-05T11:50:00Z,10.62,10.66,10.19,10.36,132792.0
SDEV,2026-10-05T11:51:00Z,10.37,10.6374,10.35,10.61,62756.0
SDEV,2026-10-05T11:52:00Z,10.6,10.6059,10.48,10.57,37347.0
SDEV,2026-10-05T11:53:00Z,10.61,10.74,10.6,10.67,42447.0
SDEV,2026-10-05T11:54:00Z,10.68,10.71,10.57,10.6144,25020.0
SDEV,2026-10-05T11:55:00Z,10.62,10.74,10.61,10.7003,17447.0
SDEV,2026-10-05T11:56:00Z,10.73,10.73,10.47,10.54,32152.0
SDEV,2026-10-05T11:57:00Z,10.54,10.7,10.54,10.69,24837.0
SDEV,2026-10-05T11:58:00Z,10.68,10.8,10.6566,10.77,30433.0
SDEV,2026-10-05T11:59:00Z,10.76,10.8295,10.7201,10.7201,32548.0
SDEV,2026-10-05T12:00:00Z,10.78,10.95,10.78,10.83,73659.0
SDEV,2026-10-05T12:01:00Z,10.83,10.9,10.754,10.8325,21337.0
SDEV,2026-10-05T12:02:00Z,10.8596,11.03,10.8302,10.95,53699.0
SDEV,2026-10-05T12:03:00Z,10.94,11.18,10.88,11.1771,69653.0
SDEV,2026-10-05T12:04:00Z,11.17,11.3,11.155,11.1995,116499.0
SDEV,2026-10-05T12:05:00Z,11.15,11.19,10.95,11.0,49142.0
SDEV,2026-10-05T12:06:00Z,10.9996,11.01,10.72,10.7502,60689.0
SDEV,2026-10-05T12:07:00Z,10.7743,10.88,10.7508,10.79,53596.0
SDEV,2026-10-05T12:08:00Z,10.7978,10.829,10.69,10.69,26989.0
SDEV,2026-10-05T12:09:00Z,10.71,10.86,10.63,10.7824,75624.0
SDEV,2026-10-05T12:10:00Z,10.78,10.836,10.68,10.698,24161.0
SDEV,2026-10-05T12:11:00Z,10.7,10.73,10.57,10.6,48375.0
SDEV,2026-10-05T12:12:00Z,10.61,10.65,10.39,10.455,78952.0
SDEV,2026-10-05T12:13:00Z,10.4657,10.6,10.43,10.44,53592.0
SDEV,2026-10-05T12:14:00Z,10.44,10.5,10.3901,10.46,26073.0
SDEV,2026-10-05T12:15:00Z,10.48,10.4803,10.2625,10.35,46494.0
SDEV,2026-10-05T12:16:00Z,10.3258,10.55,10.3258,10.545,48410.0
SDEV,2026-10-05T12:17:00Z,10.55,10.74,10.545,10.6699,51113.0
SDEV,2026-10-05T12:18:00Z,10.66,10.66,10.57,10.5884,22333.0
SDEV,2026-10-05T12:19:00Z,10.58,10.6,10.53,10.55,22812.0
SDEV,2026-10-05T12:20:00Z,10.55,10.6,10.55,10.5976,11125.0
SDEV,2026-10-05T12:21:00Z,10.58,10.6,10.55,10.59,22960.0
SDEV,2026-10-05T12:22:00Z,10.58,10.62,10.58,10.595,14320.0
SDEV,2026-10-05T12:23:00Z,10.5901,10.65,10.59,10.65,15099.0
SDEV,2026-10-05T12:24:00Z,10.66,10.7,10.4,10.5,63937.0
SDEV,2026-10-05T12:25:00Z,10.48,10.48,10.31,10.3711,35056.0
SDEV,2026-10-05T12:26:00Z,10.4,10.4592,10.37,10.4592,13120.0
SDEV,2026-10-05T12:27:00Z,10.44,10.5018,10.33,10.34,22116.0
SDEV,2026-10-05T12:28:00Z,10.33,10.34,10.0,10.2,83185.0
SDEV,2026-10-05T12:29:00Z,10.22,10.38,10.0701,10.38,37045.0
SDEV,2026-10-05T12:30:00Z,10.4,10.4695,10.3,10.45,33985.0
SDEV,2026-10-05T12:31:00Z,10.45,10.46,10.3,10.31,22649.0
SDEV,2026-10-05T12:32:00Z,10.3,10.32,10.21,10.21,25989.0
SDEV,2026-10-05T12:33:00Z,10.2452,10.25,9.92,10.0014,128649.0
SDEV,2026-10-05T12:34:00Z,10.0216,10.09,9.76,9.788,108571.0
SDEV,2026-10-05T12:35:00Z,9.78,9.91,9.26,9.6093,238324.0
SDEV,2026-10-05T12:36:00Z,9.59,9.95,9.5677,9.926,72740.0
SDEV,2026-10-05T12:37:00Z,9.9496,10.12,9.82,9.85,140756.0
SDEV,2026-10-05T12:38:00Z,9.87,10.07,9.85,9.93,34495.0
SDEV,2026-10-05T12:39:00Z,9.92,10.02,9.87,10.0,62731.0
SDEV,2026-10-05T12:40:00Z,10.02,10.2,9.99,10.175,52104.0
SDEV,2026-10-05T12:41:00Z,10.15,10.1825,10.0,10.17,43293.0
SDEV,2026-10-05T12:42:00Z,10.16,10.2,10.1,10.14,45690.0
SDEV,2026-10-05T12:43:00Z,10.1499,10.15,10.0,10.0573,20268.0
SDEV,2026-10-05T12:44:00Z,10.05,10.06,9.94,10.02,21986.0
SDEV,2026-10-05T12:45:00Z,10.0279,10.25,10.0202,10.2491,36754.0
SDEV,2026-10-05T12:46:00Z,10.2206,10.3,10.15,10.179,45246.0
SDEV,2026-10-05T12:47:00Z,10.1793,10.18,10.1,10.18,18110.0
SDEV,2026-10-05T12:48:00Z,10.18,10.29,10.18,10.2396,25646.0
SDEV,2026-10-05T12:49:00Z,10.2293,10.33,10.07,10.1,46207.0
SDEV,2026-10-05T12:50:00Z,10.096,10.11,9.94,10.02,50012.0
SDEV,2026-10-05T12:51:00Z,10.02,10.04,9.9604,10.0302,12360.0
SDEV,2026-10-05T12:52:00Z,10.0399,10.11,10.0304,10.05,8552.0
SDEV,2026-10-05T12:53:00Z,10.05,10.09,10.01,10.04,9182.0
SDEV,2026-10-05T12:54:00Z,10.04,10.04,9.99,9.9902,9351.0
SDEV,2026-10-05T12:55:00Z,9.99,10.1482,9.95,10.104,16905.0
SDEV,2026-10-05T12:56:00Z,10.11,10.11,10.0675,10.084,8758.0
SDEV,2026-10-05T12:57:00Z,10.084,10.084,10.02,10.08,5951.0
SDEV,2026-10-05T12:58:00Z,10.051,10.0879,10.02,10.03,6448.0
SDEV,2026-10-05T12:59:00Z,10.04,10.0852,10.04,10.0852,4069.0
SDEV,2026-10-05T13:00:00Z,10.09,10.3,10.0879,10.22,22345.0
SDEV,2026-10-05T13:01:00Z,10.1789,10.54,10.1709,10.39,58615.0
SDEV,2026-10-05T13:02:00Z,10.4,10.52,10.32,10.48,44909.0
SDEV,2026-10-05T13:03:00Z,10.42,10.49,10.3,10.49,50559.0
SDEV,2026-10-05T13:04:00Z,10.5,10.5451,10.36,10.43,57073.0
SDEV,2026-10-05T13:05:00Z,10.43,10.52,10.39,10.4618,37017.0
SDEV,2026-10-05T13:06:00Z,10.5,10.54,10.42,10.45,31018.0
SDEV,2026-10-05T13:07:00Z,10.47,10.51,10.32,10.33,29746.0
SDEV,2026-10-05T13:08:00Z,10.32,10.37,10.28,10.31,16602.0
SDEV,2026-10-05T13:09:00Z,10.31,10.39,10.23,10.37,28174.0
SDEV,2026-10-05T13:10:00Z,10.35,10.39,10.2699,10.3,14998.0
SDEV,2026-10-05T13:11:00Z,10.286,10.46,10.2615,10.4185,41831.0
SDEV,2026-10-05T13:12:00Z,10.4185,10.4185,10.3,10.31,14860.0
SDEV,2026-10-05T13:13:00Z,10.32,10.32,10.19,10.2393,36546.0
SDEV,2026-10-05T13:14:00Z,10.2384,10.26,10.2,10.216,22994.0
SDEV,2026-10-05T13:15:00Z,10.23,10.3,10.226,10.2875,16960.0
SDEV,2026-10-05T13:16:00Z,10.29,10.2997,10.1177,10.1456,18976.0
SDEV,2026-10-05T13:17:00Z,10.15,10.15,9.75,9.78,101228.0
SDEV,2026-10-05T13:18:00Z,9.78,9.8,9.59,9.72,64321.0
SDEV,2026-10-05T13:19:00Z,9.7294,9.9201,9.72,9.8101,66120.0
SDEV,2026-10-05T13:20:00Z,9.82,9.92,9.82,9.8599,49572.0
SDEV,2026-10-05T13:21:00Z,9.8492,9.8492,9.58,9.6,62969.0
SDEV,2026-10-05T13:22:00Z,9.59,9.6399,9.34,9.4446,129961.0
SDEV,2026-10-05T13:23:00Z,9.45,9.5,9.35,9.42,62216.0
SDEV,2026-10-05T13:24:00Z,9.43,9.59,9.43,9.53,45790.0
SDEV,2026-10-05T13:25:00Z,9.54,9.564,9.2817,9.3202,54794.0
SDEV,2026-10-05T13:26:00Z,9.32,9.62,9.32,9.6051,39036.0
SDEV,2026-10-05T13:27:00Z,9.595,9.71,9.52,9.69,52194.0
SDEV,2026-10-05T13:28:00Z,9.7,9.7,9.52,9.5705,28642.0
SDEV,2026-10-05T13:29:00Z,9.59,9.75,9.58,9.72,51817.0
SDEV,2026-10-05T13:30:00Z,9.71,9.82,8.61,8.86,734507.0
SDEV,2026-10-05T13:31:00Z,8.85,9.08,8.76,8.84,337180.0
SDEV,2026-10-05T13:32:00Z,8.83,8.84,7.95,8.215,719455.0
SDEV,2026-10-05T13:33:00Z,8.23,8.23,7.77,7.8964,526105.0
SDEV,2026-10-05T13:34:00Z,7.8137,7.94,7.58,7.58,376122.0
SDEV,2026-10-05T13:35:00Z,7.58,7.58,7.58,7.58,0.0
SDEV,2026-10-05T13:36:00Z,7.58,7.58,7.58,7.58,0.0
SDEV,2026-10-05T13:37:00Z,7.58,7.58,7.58,7.58,0.0
SDEV,2026-10-05T13:38:00Z,7.58,7.58,7.58,7.58,0.0
SDEV,2026-10-05T13:39:00Z,7.58,7.7,7.42,7.4875,155775.0
SDEV,2026-10-05T13:40:00Z,7.5,7.52,6.85,6.85,407575.0
SDEV,2026-10-05T13:41:00Z,6.85,6.85,6.85,6.85,0.0
SDEV,2026-10-05T13:42:00Z,6.85,6.85,6.85,6.85,0.0
SDEV,2026-10-05T13:43:00Z,6.85,6.85,6.85,6.85,0.0
SDEV,2026-10-05T13:44:00Z,6.85,6.85,6.85,6.85,0.0
SDEV,2026-10-05T13:45:00Z,6.85,6.85,6.85,6.85,0.0
SDEV,2026-10-05T13:46:00Z,6.85,6.85,6.85,6.85,0.0
SDEV,2026-10-05T13:47:00Z,6.85,6.85,6.85,6.85,0.0
SDEV,2026-10-05T13:48:00Z,6.85,6.85,6.85,6.85,0.0
SDEV,2026-10-05T13:49:00Z,6.85,6.85,6.85,6.85,0.0
SDEV,2026-10-05T13:50:00Z,6.85,6.85,5.78,6.29,1565198.0
SDEV,2026-10-05T13:51:00Z,6.32,6.79,5.84,6.0145,1271094.0
SDEV,2026-10-05T13:52:00Z,6.055,6.4,5.94,6.315,549494.0
SDEV,2026-10-05T13:53:00Z,6.31,6.34,5.69,5.93,570007.0
SDEV,2026-10-05T13:54:00Z,5.9205,6.06,5.75,5.81,361157.0
SDEV,2026-10-05T13:55:00Z,5.815,5.91,5.57,5.57,273179.0
SDEV,2026-10-05T13:56:00Z,5.57,5.57,5.57,5.57,0.0
SDEV,2026-10-05T13:57:00Z,5.57,5.57,5.57,5.57,0.0
SDEV,2026-10-05T13:58:00Z,5.57,5.57,5.57,5.57,0.0
SDEV,2026-10-05T13:59:00Z,5.57,5.57,5.57,5.57,0.0
SDEV,2026-10-05T14:00:00Z,5.57,5.57,5.57,5.57,0.0
SDEV,2026-10-05T14:01:00Z,5.57,5.57,5.57,5.57,0.0
SDEV,2026-10-05T14:02:00Z,5.57,5.57,5.57,5.57,0.0
SDEV,2026-10-05T14:03:00Z,5.57,5.57,5.57,5.57,0.0
SDEV,2026-10-05T14:04:00Z,5.57,5.57,5.57,5.57,0.0
SDEV,2026-10-05T14:05:00Z,5.57,5.57,5.0,5.05,561748.0
SDEV,2026-10-05T14:06:00Z,5.08,5.4,5.0,5.18,867081.0
SDEV,2026-10-05T14:07:00Z,5.19,5.3989,4.8,5.3001,906485.0
SDEV,2026-10-05T14:08:00Z,5.3011,5.4,4.68,4.785,743329.0
SDEV,2026-10-05T14:09:00Z,4.79,5.0,4.7,4.85,579612.0
SDEV,2026-10-05T14:10:00Z,4.86,5.19,4.84,5.105,496575.0
SDEV,2026-10-05T14:11:00Z,5.1049,5.36,5.0701,5.17,534035.0
SDEV,2026-10-05T14:12:00Z,5.1898,5.49,5.1501,5.43,469465.0
SDEV,2026-10-05T14:13:00Z,5.43,5.57,5.39,5.57,329162.0
SDEV,2026-10-05T14:14:00Z,5.57,5.57,5.57,5.57,0.0
SDEV,2026-10-05T14:15:00Z,5.57,5.57,5.57,5.57,0.0
SDEV,2026-10-05T14:16:00Z,5.57,5.57,5.57,5.57,0.0
SDEV,2026-10-05T14:17:00Z,5.57,5.57,5.57,5.57,0.0
SDEV,2026-10-05T14:18:00Z,5.57,5.89,5.57,5.89,298399.0
SDEV,2026-10-05T14:19:00Z,5.88,5.96,5.28,5.405,751818.0
SDEV,2026-10-05T14:20:00Z,5.4,5.4887,5.07,5.1995,354326.0
SDEV,2026-10-05T14:21:00Z,5.19,5.3,5.025,5.04,215546.0
SDEV,2026-10-05T14:22:00Z,5.035,5.15,4.9,4.96,363326.0
SDEV,2026-10-05T14:23:00Z,4.9814,4.99,4.85,4.938,299745.0
SDEV,2026-10-05T14:24:00Z,4.9345,4.9499,4.85,4.8602,169872.0
SDEV,2026-10-05T14:25:00Z,4.87,4.91,4.78,4.83,216306.0
SDEV,2026-10-05T14:26:00Z,4.835,5.07,4.5,4.905,597940.0
SDEV,2026-10-05T14:27:00Z,4.9,5.01,4.84,4.995,176697.0
SDEV,2026-10-05T14:28:00Z,4.995,5.1784,4.95,5.135,302897.0
SDEV,2026-10-05T14:29:00Z,5.1208,5.18,5.0,5.0901,108719.0
SDEV,2026-10-05T14:30:00Z,5.0942,5.3,4.43,4.555,628073.0
SDEV,2026-10-05T14:31:00Z,4.5798,4.58,4.37,4.37,208597.0
SDEV,2026-10-05T14:32:00Z,4.37,4.37,4.37,4.37,0.0
SDEV,2026-10-05T14:33:00Z,4.37,4.37,4.37,4.37,0.0
SDEV,2026-10-05T14:34:00Z,4.37,4.37,4.37,4.37,0.0
SDEV,2026-10-05T14:35:00Z,4.37,4.37,4.37,4.37,0.0
SDEV,2026-10-05T14:36:00Z,4.37,4.37,4.29,4.29,100218.0
SDEV,2026-10-05T14:37:00Z,4.295,4.3,3.85,4.07,902405.0
SDEV,2026-10-05T14:38:00Z,4.0734,4.16,3.8,3.85,515992.0
SDEV,2026-10-05T14:39:00Z,3.8417,4.0,3.84,3.969,280205.0
SDEV,2026-10-05T14:40:00Z,3.965,4.15,3.9602,4.005,334953.0
SDEV,2026-10-05T14:41:00Z,3.99,4.05,3.96,4.0002,122045.0
SDEV,2026-10-05T14:42:00Z,4.005,4.0596,3.96,3.9904,166709.0
SDEV,2026-10-05T14:43:00Z,4.0,4.0199,3.81,3.95,139778.0
SDEV,2026-10-05T14:44:00Z,3.9598,4.01,3.92,3.981,123169.0
SDEV,2026-10-05T14:45:00Z,3.9802,4.02,3.9503,4.02,75716.0
SDEV,2026-10-05T14:46:00Z,4.0,4.05,3.915,3.9305,117624.0
SDEV,2026-10-05T14:47:00Z,3.9304,4.0,3.93,3.9697,75075.0
SDEV,2026-10-05T14:48:00Z,3.97,4.11,3.97,4.049,164770.0
SDEV,2026-10-05T14:49:00Z,4.046,4.17,4.01,4.13,320519.0
SDEV,2026-10-05T14:50:00Z,4.1297,4.15,3.96,3.99,210268.0
SDEV,2026-10-05T14:51:00Z,3.98,4.09,3.965,3.9703,103324.0
SDEV,2026-10-05T14:52:00Z,3.9704,4.13,3.9704,4.0684,126064.0
SDEV,2026-10-05T14:53:00Z,4.0898,4.25,4.07,4.25,256488.0
SDEV,2026-10-05T14:54:00Z,4.23,4.29,4.2102,4.23,218648.0
SDEV,2026-10-05T14:55:00Z,4.23,4.34,4.2,4.2594,224532.0
SDEV,2026-10-05T14:56:00Z,4.25,4.25,4.16,4.1701,112122.0
SDEV,2026-10-05T14:57:00Z,4.1703,4.2684,4.17,4.26,95925.0
SDEV,2026-10-05T14:58:00Z,4.27,4.45,4.25,4.42,301650.0
SDEV,2026-10-05T14:59:00Z,4.4201,4.6,4.41,4.4913,421618.0
SDEV,2026-10-05T15:00:00Z,4.4903,4.62,4.43,4.56,293255.0
SDEV,2026-10-05T15:01:00Z,4.555,4.88,4.555,4.83,491417.0
SDEV,2026-10-05T15:02:00Z,4.835,4.94,4.83,4.94,161854.0
SDEV,2026-10-05T15:03:00Z,4.94,4.94,4.94,4.94,0.0
SDEV,2026-10-05T15:04:00Z,4.94,4.94,4.94,4.94,0.0
SDEV,2026-10-05T15:05:00Z,4.94,4.94,4.94,4.94,0.0
SDEV,2026-10-05T15:06:00Z,4.94,4.94,4.94,4.94,0.0
SDEV,2026-10-05T15:07:00Z,4.94,5.15,4.93,5.1,401172.0
SDEV,2026-10-05T15:08:00Z,5.105,5.11,4.74,4.76,440557.0
SDEV,2026-10-05T15:09:00Z,4.7501,4.9662,4.66,4.6801,351091.0
SDEV,2026-10-05T15:10:00Z,4.7,4.85,4.5515,4.72,311518.0
SDEV,2026-10-05T15:11:00Z,4.69,4.7753,4.51,4.5984,196540.0
SDEV,2026-10-05T15:12:00Z,4.58,4.64,4.48,4.5,225363.0
SDEV,2026-10-05T15:13:00Z,4.5,4.63,4.44,4.47,142217.0
SDEV,2026-10-05T15:14:00Z,4.4697,4.54,4.43,4.49,76783.0
SDEV,2026-10-05T15:15:00Z,4.49,4.5,4.45,4.48,69068.0
SDEV,2026-10-05T15:16:00Z,4.4724,4.56,4.43,4.56,122957.0
SDEV,2026-10-05T15:17:00Z,4.5591,4.65,4.545,4.625,216487.0
SDEV,2026-10-05T15:18:00Z,4.625,4.63,4.51,4.541,78347.0
SDEV,2026-10-05T15:19:00Z,4.5401,4.6,4.5003,4.59,96139.0
SDEV,2026-10-05T15:20:00Z,4.58,4.58,4.49,4.5156,81095.0
SDEV,2026-10-05T15:21:00Z,4.5003,4.51,4.44,4.47,131712.0
SDEV,2026-10-05T15:22:00Z,4.4734,4.57,4.4514,4.46,82960.0
SDEV,2026-10-05T15:23:00Z,4.465,4.52,4.3,4.3305,182202.0
SDEV,2026-10-05T15:24:00Z,4.3304,4.4,4.3,4.355,126526.0
SDEV,2026-10-05T15:25:00Z,4.355,4.42,4.3,4.415,98455.0
SDEV,2026-10-05T15:26:00Z,4.4101,4.42,4.36,4.4102,32450.0
SDEV,2026-10-05T15:27:00Z,4.41,4.4353,4.37,4.43,66561.0
SDEV,2026-10-05T15:28:00Z,4.43,4.4899,4.37,4.465,60064.0
SDEV,2026-10-05T15:29:00Z,4.47,4.53,4.4604,4.495,80525.0
SDEV,2026-10-05T15:30:00Z,4.4901,4.5,4.49,4.495,30232.0
SDEV,2026-10-05T15:31:00Z,4.495,4.5,4.49,4.495,12311.0
VEEA,2026-10-05T08:00:00Z,4.31,4.7406,4.15,4.15,62049.0
VEEA,2026-10-05T08:01:00Z,4.15,4.58,4.15,4.1506,27519.0
VEEA,2026-10-05T08:02:00Z,4.1593,4.76,4.1304,4.39,247362.0
VEEA,2026-10-05T08:03:00Z,4.39,4.49,4.1,4.1004,45830.0
VEEA,2026-10-05T08:04:00Z,4.1005,4.11,4.091,4.091,9325.0
VEEA,2026-10-05T08:05:00Z,4.1,4.49,4.09,4.095,8387.0
VEEA,2026-10-05T08:06:00Z,4.0906,4.1,4.09,4.09,8256.0
VEEA,2026-10-05T08:07:00Z,4.095,4.095,4.08,4.08,1133.0
VEEA,2026-10-05T08:08:00Z,4.0701,4.0701,3.96,3.99,15443.0
VEEA,2026-10-05T08:09:00Z,3.99,4.0,3.93,3.97,15582.0
VEEA,2026-10-05T08:10:00Z,3.97,3.98,3.96,3.98,12165.0
VEEA,2026-10-05T08:11:00Z,3.98,4.02,3.98,4.02,19618.0
VEEA,2026-10-05T08:12:00Z,4.02,4.02,4.0,4.0,13881.0
VEEA,2026-10-05T08:13:00Z,4.0,4.0,3.97,3.97,3728.0
VEEA,2026-10-05T08:14:00Z,3.98,4.01,3.98,4.01,7376.0
VEEA,2026-10-05T08:15:00Z,4.01,4.01,4.0,4.0,2244.0
VEEA,2026-10-05T08:16:00Z,4.01,4.07,4.0,4.03,33076.0
VEEA,2026-10-05T08:17:00Z,4.02,4.02,4.0,4.01,8720.0
VEEA,2026-10-05T08:18:00Z,4.01,4.02,4.0,4.02,7857.0
VEEA,2026-10-05T08:19:00Z,4.02,4.02,4.01,4.01,15244.0
VEEA,2026-10-05T08:20:00Z,4.0194,4.0194,3.97,3.9701,23812.0
VEEA,2026-10-05T08:21:00Z,3.97,3.97,3.93,3.94,13682.0
VEEA,2026-10-05T08:22:00Z,3.95,3.95,3.92,3.92,8024.0
VEEA,2026-10-05T08:23:00Z,3.93,3.93,3.88,3.89,10953.0
VEEA,2026-10-05T08:24:00Z,3.8898,3.9854,3.87,3.93,18442.0
VEEA,2026-10-05T08:25:00Z,3.9482,3.9499,3.91,3.94,4735.0
VEEA,2026-10-05T08:26:00Z,3.93,4.02,3.9203,3.995,10176.0
VEEA,2026-10-05T08:27:00Z,4.01,4.08,4.0,4.0756,9877.0
VEEA,2026-10-05T08:28:00Z,4.05,4.08,3.96,3.99,10966.0
VEEA,2026-10-05T08:29:00Z,3.98,3.99,3.94,3.97,4106.0
VEEA,2026-10-05T08:30:00Z,3.97,4.01,3.97,4.0,9290.0
VEEA,2026-10-05T08:31:00Z,4.0,4.03,4.0,4.02,22614.0
VEEA,2026-10-05T08:32:00Z,4.02,4.14,4.02,4.07,29261.0
VEEA,2026-10-05T08:33:00Z,4.1234,4.18,4.07,4.1399,27759.0
VEEA,2026-10-05T08:34:00Z,4.1394,4.1394,4.08,4.08,14078.0
VEEA,2026-10-05T08:35:00Z,4.07,4.07,4.0,4.02,20014.0
VEEA,2026-10-05T08:36:00Z,4.0201,4.0201,3.99,3.9994,15198.0
VEEA,2026-10-05T08:37:00Z,3.9904,4.0,3.99,3.9996,6974.0
VEEA,2026-10-05T08:38:00Z,4.0,4.01,3.99,4.0,6750.0
VEEA,2026-10-05T08:39:00Z,4.0096,4.01,4.0,4.01,3014.0
VEEA,2026-10-05T08:40:00Z,4.0,4.01,4.0,4.01,4769.0
VEEA,2026-10-05T08:41:00Z,4.0004,4.01,4.0003,4.0004,1231.0
VEEA,2026-10-05T08:42:00Z,4.0004,4.01,4.0,4.0096,3161.0
VEEA,2026-10-05T08:43:00Z,4.0096,4.02,3.9835,4.02,7743.0
VEEA,2026-10-05T08:44:00Z,4.0402,4.05,4.02,4.05,3678.0
VEEA,2026-10-05T08:45:00Z,4.05,4.1312,4.04,4.13,7100.0
VEEA,2026-10-05T08:46:00Z,4.1206,4.2356,4.09,4.2,24593.0
VEEA,2026-10-05T08:47:00Z,4.2,4.24,4.17,4.24,29419.0
VEEA,2026-10-05T08:48:00Z,4.24,4.3,4.2222,4.3,47403.0
VEEA,2026-10-05T08:49:00Z,4.2994,4.36,4.23,4.3501,76894.0
VEEA,2026-10-05T08:50:00Z,4.3598,4.3781,4.31,4.36,46167.0
VEEA,2026-10-05T08:51:00Z,4.38,4.54,4.3,4.5106,72533.0
VEEA,2026-10-05T08:52:00Z,4.51,4.72,4.5,4.67,182062.0
VEEA,2026-10-05T08:53:00Z,4.68,4.88,4.66,4.6903,163789.0
VEEA,2026-10-05T08:54:00Z,4.7,4.7,4.4403,4.4504,106073.0
VEEA,2026-10-05T08:55:00Z,4.46,4.56,4.38,4.4606,86684.0
VEEA,2026-10-05T08:56:00Z,4.46,4.47,4.39,4.435,44252.0
VEEA,2026-10-05T08:57:00Z,4.4522,4.4522,4.35,4.37,27391.0
VEEA,2026-10-05T08:58:00Z,4.38,4.4599,4.33,4.36,34284.0
VEEA,2026-10-05T08:59:00Z,4.3698,4.3698,4.33,4.34,37499.0
VEEA,2026-10-05T09:00:00Z,4.3399,4.3997,4.3201,4.3413,27454.0
VEEA,2026-10-05T09:01:00Z,4.36,4.47,4.33,4.4695,19300.0
VEEA,2026-10-05T09:02:00Z,4.4696,4.63,4.4696,4.6,109020.0
VEEA,2026-10-05T09:03:00Z,4.5903,4.65,4.47,4.5002,89077.0
VEEA,2026-10-05T09:04:00Z,4.52,4.68,4.502,4.62,73505.0
VEEA,2026-10-05T09:05:00Z,4.6259,4.83,4.6104,4.8105,153787.0
VEEA,2026-10-05T09:06:00Z,4.8199,4.9,4.75,4.8401,136319.0
VEEA,2026-10-05T09:07:00Z,4.84,4.94,4.78,4.87,133516.0
VEEA,2026-10-05T09:08:00Z,4.8701,4.88,4.69,4.7488,68331.0
VEEA,2026-10-05T09:09:00Z,4.7249,5.0,4.67,4.98,130025.0
VEEA,2026-10-05T09:10:00Z,4.97,5.36,4.9201,5.3332,280944.0
VEEA,2026-10-05T09:11:00Z,5.3386,5.5,5.16,5.225,278452.0
VEEA,2026-10-05T09:12:00Z,5.22,5.36,5.16,5.3204,136458.0
VEEA,2026-10-05T09:13:00Z,5.32,5.55,5.2656,5.4406,196980.0
VEEA,2026-10-05T09:14:00Z,5.44,5.45,5.31,5.3968,110768.0
VEEA,2026-10-05T09:15:00Z,5.3897,5.3897,4.83,4.94,274422.0
VEEA,2026-10-05T09:16:00Z,4.9399,5.04,4.8997,4.94,94992.0
VEEA,2026-10-05T09:17:00Z,4.94,5.05,4.94,5.02,46907.0
VEEA,2026-10-05T09:18:00Z,5.0384,5.12,5.03,5.0699,68410.0
VEEA,2026-10-05T09:19:00Z,5.0698,5.19,5.05,5.17,66899.0
VEEA,2026-10-05T09:20:00Z,5.17,5.17,4.97,4.97,63862.0
VEEA,2026-10-05T09:21:00Z,4.9717,4.9717,4.8,4.9413,83717.0
VEEA,2026-10-05T09:22:00Z,4.95,5.05,4.91,4.98,64537.0
VEEA,2026-10-05T09:23:00Z,4.9604,4.9694,4.8704,4.89,43366.0
VEEA,2026-10-05T09:24:00Z,4.91,4.92,4.85,4.85,19218.0
VEEA,2026-10-05T09:25:00Z,4.83,4.96,4.75,4.9355,73721.0
VEEA,2026-10-05T09:26:00Z,4.93,4.95,4.82,4.8705,33886.0
VEEA,2026-10-05T09:27:00Z,4.8882,4.9298,4.76,4.8301,37414.0
VEEA,2026-10-05T09:28:00Z,4.8305,4.8889,4.79,4.8871,25719.0
VEEA,2026-10-05T09:29:00Z,4.8867,4.8883,4.84,4.86,10752.0
VEEA,2026-10-05T09:30:00Z,4.86,4.9799,4.8,4.8,59209.0
VEEA,2026-10-05T09:31:00Z,4.79,4.8399,4.6,4.6,43540.0
VEEA,2026-10-05T09:32:00Z,4.6,4.66,4.56,4.6094,76080.0
VEEA,2026-10-05T09:33:00Z,4.6097,4.62,4.52,4.5201,83154.0
VEEA,2026-10-05T09:34:00Z,4.53,4.65,4.5,4.6222,66223.0
VEEA,2026-10-05T09:35:00Z,4.6302,4.64,4.58,4.59,20680.0
VEEA,2026-10-05T09:36:00Z,4.59,4.66,4.58,4.65,23286.0
VEEA,2026-10-05T09:37:00Z,4.65,4.65,4.55,4.6053,18196.0
VEEA,2026-10-05T09:38:00Z,4.635,4.65,4.63,4.64,9357.0
VEEA,2026-10-05T09:39:00Z,4.64,4.68,4.59,4.59,28102.0
VEEA,2026-10-05T09:40:00Z,4.5996,4.63,4.58,4.61,12832.0
VEEA,2026-10-05T09:41:00Z,4.62,4.7323,4.6,4.7051,12831.0
VEEA,2026-10-05T09:42:00Z,4.73,4.78,4.69,4.7779,56948.0
VEEA,2026-10-05T09:43:00Z,4.7602,4.79,4.7,4.7402,57921.0
VEEA,2026-10-05T09:44:00Z,4.7499,4.75,4.69,4.6906,17911.0
VEEA,2026-10-05T09:45:00Z,4.6903,4.73,4.69,4.7204,10448.0
VEEA,2026-10-05T09:46:00Z,4.73,4.73,4.7,4.72,8716.0
VEEA,2026-10-05T09:47:00Z,4.71,4.8,4.7,4.7113,16221.0
VEEA,2026-10-05T09:48:00Z,4.7112,4.72,4.66,4.7,22653.0
VEEA,2026-10-05T09:49:00Z,4.68,4.72,4.6633,4.7,15027.0
VEEA,2026-10-05T09:50:00Z,4.72,4.7498,4.67,4.67,19162.0
VEEA,2026-10-05T09:51:00Z,4.6701,4.6701,4.58,4.5894,32554.0
VEEA,2026-10-05T09:52:00Z,4.5804,4.6488,4.58,4.6488,9436.0
VEEA,2026-10-05T09:53:00Z,4.61,4.66,4.61,4.66,11084.0
VEEA,2026-10-05T09:54:00Z,4.6504,4.6999,4.6504,4.6999,6620.0
VEEA,2026-10-05T09:55:00Z,4.7,4.75,4.69,4.74,16139.0
VEEA,2026-10-05T09:56:00Z,4.7397,4.74,4.73,4.73,15294.0
VEEA,2026-10-05T09:57:00Z,4.7394,4.77,4.6883,4.6883,25186.0
VEEA,2026-10-05T09:58:00Z,4.6897,4.73,4.6804,4.72,6349.0
VEEA,2026-10-05T09:59:00Z,4.72,4.74,4.7052,4.71,4834.0
VEEA,2026-10-05T10:00:00Z,4.7003,4.7101,4.7,4.7101,5135.0
VEEA,2026-10-05T10:01:00Z,4.7106,4.7196,4.68,4.69,11115.0
VEEA,2026-10-05T10:02:00Z,4.6804,4.7,4.68,4.7,6842.0
VEEA,2026-10-05T10:03:00Z,4.7098,4.7098,4.63,4.66,10440.0
VEEA,2026-10-05T10:04:00Z,4.66,4.68,4.6,4.62,9258.0
VEEA,2026-10-05T10:05:00Z,4.61,4.67,4.61,4.64,6628.0
VEEA,2026-10-05T10:06:00Z,4.6471,4.65,4.57,4.59,16217.0
VEEA,2026-10-05T10:07:00Z,4.59,4.63,4.57,4.6,5569.0
VEEA,2026-10-05T10:08:00Z,4.6,4.6,4.5894,4.59,5917.0
VEEA,2026-10-05T10:09:00Z,4.58,4.6401,4.58,4.6382,5596.0
VEEA,2026-10-05T10:10:00Z,4.6393,4.6393,4.5902,4.6,4975.0
VEEA,2026-10-05T10:11:00Z,4.6,4.6,4.5803,4.5803,3295.0
VEEA,2026-10-05T10:12:00Z,4.59,4.59,4.53,4.53,6900.0
VEEA,2026-10-05T10:13:00Z,4.53,4.5831,4.5104,4.5543,13363.0
VEEA,2026-10-05T10:14:00Z,4.5601,4.5601,4.5002,4.5005,13461.0
VEEA,2026-10-05T10:15:00Z,4.5096,4.56,4.5,4.54,16789.0
VEEA,2026-10-05T10:16:00Z,4.54,4.5799,4.53,4.5725,7911.0
VEEA,2026-10-05T10:17:00Z,4.55,4.57,4.54,4.5604,10458.0
VEEA,2026-10-05T10:18:00Z,4.57,4.57,4.55,4.5506,8106.0
VEEA,2026-10-05T10:19:00Z,4.5504,4.5505,4.53,4.53,12076.0
VEEA,2026-10-05T10:20:00Z,4.53,4.53,4.44,4.4499,12456.0
VEEA,2026-10-05T10:21:00Z,4.4404,4.49,4.44,4.47,8711.0
VEEA,2026-10-05T10:22:00Z,4.47,4.49,4.46,4.49,5191.0
VEEA,2026-10-05T10:23:00Z,4.49,4.5,4.47,4.49,9456.0
VEEA,2026-10-05T10:24:00Z,4.49,4.5,4.48,4.4899,8318.0
VEEA,2026-10-05T10:25:00Z,4.4806,4.4806,4.4701,4.48,4340.0
VEEA,2026-10-05T10:26:00Z,4.48,4.5279,4.4704,4.52,15490.0
VEEA,2026-10-05T10:27:00Z,4.52,4.5926,4.51,4.5897,23419.0
VEEA,2026-10-05T10:28:00Z,4.5894,4.65,4.58,4.63,26554.0
VEEA,2026-10-05T10:29:00Z,4.6121,4.62,4.6,4.6,9731.0
VEEA,2026-10-05T10:30:00Z,4.6001,4.62,4.6,4.6019,17498.0
VEEA,2026-10-05T10:31:00Z,4.61,4.61,4.56,4.5897,9325.0
VEEA,2026-10-05T10:32:00Z,4.5897,4.59,4.57,4.57,6573.0
VEEA,2026-10-05T10:33:00Z,4.5697,4.57,4.5531,4.5586,5490.0
VEEA,2026-10-05T10:34:00Z,4.5586,4.59,4.5586,4.58,7452.0
VEEA,2026-10-05T10:35:00Z,4.5803,4.68,4.5803,4.66,32809.0
VEEA,2026-10-05T10:36:00Z,4.66,4.67,4.64,4.67,16607.0
VEEA,2026-10-05T10:37:00Z,4.6697,4.6997,4.65,4.6695,17964.0
VEEA,2026-10-05T10:38:00Z,4.6697,4.67,4.62,4.6296,17791.0
VEEA,2026-10-05T10:39:00Z,4.62,4.63,4.56,4.56,8242.0
VEEA,2026-10-05T10:40:00Z,4.5604,4.61,4.56,4.58,12113.0
VEEA,2026-10-05T10:41:00Z,4.58,4.58,4.57,4.57,5148.0
VEEA,2026-10-05T10:42:00Z,4.57,4.58,4.57,4.57,1778.0
VEEA,2026-10-05T10:43:00Z,4.57,4.57,4.55,4.56,5636.0
VEEA,2026-10-05T10:44:00Z,4.56,4.58,4.54,4.5511,3209.0
VEEA,2026-10-05T10:45:00Z,4.5733,4.63,4.57,4.63,10871.0
VEEA,2026-10-05T10:46:00Z,4.63,4.64,4.61,4.62,5887.0
VEEA,2026-10-05T10:47:00Z,4.61,4.66,4.61,4.6594,7892.0
VEEA,2026-10-05T10:48:00Z,4.66,4.84,4.65,4.8206,49678.0
VEEA,2026-10-05T10:49:00Z,4.8204,4.93,4.79,4.89,86686.0
VEEA,2026-10-05T10:50:00Z,4.89,4.89,4.84,4.84,35197.0
VEEA,2026-10-05T10:51:00Z,4.84,5.0699,4.8,4.9405,135087.0
VEEA,2026-10-05T10:52:00Z,4.9406,5.0599,4.85,4.9903,103810.0
VEEA,2026-10-05T10:53:00Z,4.9904,5.04,4.95,4.9695,76268.0
VEEA,2026-10-05T10:54:00Z,4.9695,4.97,4.9,4.9,40542.0
VEEA,2026-10-05T10:55:00Z,4.9004,4.91,4.78,4.8279,57924.0
VEEA,2026-10-05T10:56:00Z,4.8297,5.05,4.8231,5.0294,97302.0
VEEA,2026-10-05T10:57:00Z,5.0206,5.05,4.95,4.9704,67698.0
VEEA,2026-10-05T10:58:00Z,4.98,4.99,4.95,4.9616,33096.0
VEEA,2026-10-05T10:59:00Z,4.97,5.07,4.85,4.9,145156.0
VEEA,2026-10-05T11:00:00Z,4.905,5.27,4.8503,5.2215,490975.0
VEEA,2026-10-05T11:01:00Z,5.22,5.4799,5.15,5.402,565010.0
VEEA,2026-10-05T11:02:00Z,5.4095,5.63,5.31,5.35,711330.0
VEEA,2026-10-05T11:03:00Z,5.3494,5.61,5.21,5.538,578386.0
VEEA,2026-10-05T11:04:00Z,5.5399,5.57,5.41,5.46,350918.0
VEEA,2026-10-05T11:05:00Z,5.4699,5.47,5.3,5.3006,293400.0
VEEA,2026-10-05T11:06:00Z,5.3085,5.31,5.04,5.11,356901.0
VEEA,2026-10-05T11:07:00Z,5.1,5.24,5.08,5.2201,157394.0
VEEA,2026-10-05T11:08:00Z,5.22,5.76,5.15,5.6915,389918.0
VEEA,2026-10-05T11:09:00Z,5.6995,5.93,5.68,5.78,785344.0
VEEA,2026-10-05T11:10:00Z,5.78,5.88,5.61,5.65,471400.0
VEEA,2026-10-05T11:11:00Z,5.66,5.89,5.59,5.78,563825.0
VEEA,2026-10-05T11:12:00Z,5.7795,5.93,5.7199,5.92,378968.0
VEEA,2026-10-05T11:13:00Z,5.92,6.0,5.7,5.7,389156.0
VEEA,2026-10-05T11:14:00Z,5.7,5.77,5.56,5.68,375607.0
VEEA,2026-10-05T11:15:00Z,5.67,5.7,5.47,5.48,231218.0
VEEA,2026-10-05T11:16:00Z,5.47,5.58,5.4,5.5315,216969.0
VEEA,2026-10-05T11:17:00Z,5.54,5.65,5.44,5.6299,192875.0
VEEA,2026-10-05T11:18:00Z,5.622,5.63,5.54,5.5801,117429.0
VEEA,2026-10-05T11:19:00Z,5.5885,5.6,5.3,5.37,262949.0
VEEA,2026-10-05T11:20:00Z,5.38,5.42,5.33,5.4,127125.0
VEEA,2026-10-05T11:21:00Z,5.3997,5.41,5.3,5.3001,141707.0
VEEA,2026-10-05T11:22:00Z,5.31,5.42,5.22,5.308,292601.0
VEEA,2026-10-05T11:23:00Z,5.31,5.31,5.25,5.27,144876.0
VEEA,2026-10-05T11:24:00Z,5.278,5.37,5.26,5.3,90124.0
VEEA,2026-10-05T11:25:00Z,5.3085,5.46,5.3,5.4285,140440.0
VEEA,2026-10-05T11:26:00Z,5.422,5.46,5.35,5.44,141582.0
VEEA,2026-10-05T11:27:00Z,5.44,5.52,5.39,5.3905,138011.0
VEEA,2026-10-05T11:28:00Z,5.4,5.45,5.35,5.37,75311.0
VEEA,2026-10-05T11:29:00Z,5.38,5.5,5.38,5.4599,121493.0
VEEA,2026-10-05T11:30:00Z,5.46,5.68,5.42,5.62,244287.0
VEEA,2026-10-05T11:31:00Z,5.61,5.87,5.55,5.8005,446371.0
VEEA,2026-10-05T11:32:00Z,5.805,5.88,5.75,5.7706,343293.0
VEEA,2026-10-05T11:33:00Z,5.78,5.82,5.72,5.8,250693.0
VEEA,2026-10-05T11:34:00Z,5.7997,5.88,5.62,5.815,359065.0
VEEA,2026-10-05T11:35:00Z,5.81,5.8899,5.7,5.7501,344567.0
VEEA,2026-10-05T11:36:00Z,5.7585,5.76,5.63,5.6615,227656.0
VEEA,2026-10-05T11:37:00Z,5.67,5.69,5.55,5.55,249952.0
VEEA,2026-10-05T11:38:00Z,5.558,5.57,5.45,5.4615,262211.0
VEEA,2026-10-05T11:39:00Z,5.4698,5.52,5.43,5.4795,168779.0
VEEA,2026-10-05T11:40:00Z,5.4704,5.54,5.41,5.53,107649.0
VEEA,2026-10-05T11:41:00Z,5.53,5.54,5.5,5.502,63177.0
VEEA,2026-10-05T11:42:00Z,5.508,5.51,5.42,5.42,60353.0
VEEA,2026-10-05T11:43:00Z,5.4294,5.46,5.41,5.43,57625.0
VEEA,2026-10-05T11:44:00Z,5.43,5.608,5.42,5.57,167329.0
VEEA,2026-10-05T11:45:00Z,5.568,5.63,5.5,5.548,113638.0
VEEA,2026-10-05T11:46:00Z,5.5415,5.74,5.5206,5.688,293251.0
VEEA,2026-10-05T11:47:00Z,5.6885,5.72,5.61,5.6404,180340.0
VEEA,2026-10-05T11:48:00Z,5.6499,5.73,5.61,5.7061,177959.0
VEEA,2026-10-05T11:49:00Z,5.7006,5.9099,5.67,5.84,358435.0
VEEA,2026-10-05T11:50:00Z,5.8401,5.86,5.46,5.53,497425.0
VEEA,2026-10-05T11:51:00Z,5.54,5.57,5.49,5.5,132406.0
VEEA,2026-10-05T11:52:00Z,5.5,5.56,5.5,5.53,62251.0
VEEA,2026-10-05T11:53:00Z,5.53,5.54,5.4,5.4297,71011.0
VEEA,2026-10-05T11:54:00Z,5.43,5.48,5.41,5.44,66049.0
VEEA,2026-10-05T11:55:00Z,5.4397,5.44,5.41,5.425,43545.0
VEEA,2026-10-05T11:56:00Z,5.43,5.4592,5.42,5.4578,24873.0
VEEA,2026-10-05T11:57:00Z,5.4578,5.5,5.44,5.488,38681.0
VEEA,2026-10-05T11:58:00Z,5.4894,5.49,5.45,5.4603,28099.0
VEEA,2026-10-05T11:59:00Z,5.47,5.61,5.46,5.6,103461.0
VEEA,2026-10-05T12:00:00Z,5.6,5.6,5.41,5.41,114205.0
VEEA,2026-10-05T12:01:00Z,5.418,5.42,5.19,5.25,198858.0
VEEA,2026-10-05T12:02:00Z,5.2346,5.34,5.23,5.3185,70419.0
VEEA,2026-10-05T12:03:00Z,5.32,5.38,5.31,5.3594,48107.0
VEEA,2026-10-05T12:04:00Z,5.3594,5.3594,5.31,5.3508,24079.0
VEEA,2026-10-05T12:05:00Z,5.35,5.38,5.32,5.33,25577.0
VEEA,2026-10-05T12:06:00Z,5.3401,5.3498,5.29,5.2902,20092.0
VEEA,2026-10-05T12:07:00Z,5.29,5.29,5.2499,5.25,36376.0
VEEA,2026-10-05T12:08:00Z,5.27,5.4,5.25,5.3205,50243.0
VEEA,2026-10-05T12:09:00Z,5.3299,5.33,5.2705,5.2705,13350.0
VEEA,2026-10-05T12:10:00Z,5.2704,5.29,5.25,5.25,25409.0
VEEA,2026-10-05T12:11:00Z,5.255,5.33,5.25,5.3245,26860.0
VEEA,2026-10-05T12:12:00Z,5.3244,5.33,5.2507,5.26,16634.0
VEEA,2026-10-05T12:13:00Z,5.26,5.26,5.22,5.2285,18330.0
VEEA,2026-10-05T12:14:00Z,5.2299,5.2299,5.13,5.14,64854.0
VEEA,2026-10-05T12:15:00Z,5.13,5.1426,5.08,5.1,75386.0
VEEA,2026-10-05T12:16:00Z,5.0997,5.13,5.09,5.13,23208.0
VEEA,2026-10-05T12:17:00Z,5.1322,5.17,5.1,5.14,28506.0
VEEA,2026-10-05T12:18:00Z,5.13,5.17,5.13,5.17,19283.0
VEEA,2026-10-05T12:19:00Z,5.17,5.24,5.15,5.18,25838.0
VEEA,2026-10-05T12:20:00Z,5.1798,5.22,5.17,5.2195,13664.0
VEEA,2026-10-05T12:21:00Z,5.2199,5.22,5.17,5.1707,13098.0
VEEA,2026-10-05T12:22:00Z,5.1701,5.18,5.16,5.1693,8369.0
VEEA,2026-10-05T12:23:00Z,5.16,5.17,5.1,5.1266,22441.0
VEEA,2026-10-05T12:24:00Z,5.1303,5.1494,5.1003,5.1003,13801.0
VEEA,2026-10-05T12:25:00Z,5.105,5.15,5.1,5.1385,36930.0
VEEA,2026-10-05T12:26:00Z,5.14,5.15,5.1202,5.1202,10684.0
VEEA,2026-10-05T12:27:00Z,5.12,5.13,5.1102,5.1102,7781.0
VEEA,2026-10-05T12:28:00Z,5.1199,5.12,5.1,5.1,15217.0
VEEA,2026-10-05T12:29:00Z,5.1,5.12,5.06,5.105,49896.0
VEEA,2026-10-05T12:30:00Z,5.11,5.22,5.11,5.1885,43013.0
VEEA,2026-10-05T12:31:00Z,5.1805,5.24,5.17,5.21,52991.0
VEEA,2026-10-05T12:32:00Z,5.21,5.2569,5.2,5.2404,27895.0
VEEA,2026-10-05T12:33:00Z,5.2421,5.29,5.2421,5.2796,46877.0
VEEA,2026-10-05T12:34:00Z,5.2798,5.3,5.25,5.2534,54672.0
VEEA,2026-10-05T12:35:00Z,5.25,5.27,5.25,5.26,10584.0
VEEA,2026-10-05T12:36:00Z,5.2501,5.2501,5.24,5.25,9001.0
VEEA,2026-10-05T12:37:00Z,5.25,5.3,5.21,5.3,30725.0
VEEA,2026-10-05T12:38:00Z,5.31,5.44,5.3,5.33,90065.0
VEEA,2026-10-05T12:39:00Z,5.3315,5.37,5.31,5.37,39059.0
VEEA,2026-10-05T12:40:00Z,5.35,5.37,5.3,5.3001,96979.0
VEEA,2026-10-05T12:41:00Z,5.3002,5.31,5.3,5.305,13204.0
VEEA,2026-10-05T12:42:00Z,5.31,5.35,5.31,5.34,12346.0
VEEA,2026-10-05T12:43:00Z,5.3332,5.35,5.315,5.315,20159.0
VEEA,2026-10-05T12:44:00Z,5.31,5.32,5.3,5.3098,10512.0
VEEA,2026-10-05T12:45:00Z,5.3099,5.31,5.25,5.3,45441.0
VEEA,2026-10-05T12:46:00Z,5.3,5.48,5.3,5.447,89789.0
VEEA,2026-10-05T12:47:00Z,5.446,5.47,5.37,5.38,51130.0
VEEA,2026-10-05T12:48:00Z,5.37,5.38,5.36,5.3601,14236.0
VEEA,2026-10-05T12:49:00Z,5.3603,5.37,5.35,5.358,14720.0
VEEA,2026-10-05T12:50:00Z,5.358,5.4,5.33,5.3333,48103.0
VEEA,2026-10-05T12:51:00Z,5.33,5.33,5.19,5.25,53338.0
VEEA,2026-10-05T12:52:00Z,5.26,5.28,5.16,5.1985,22729.0
VEEA,2026-10-05T12:53:00Z,5.19,5.24,5.17,5.2269,35076.0
VEEA,2026-10-05T12:54:00Z,5.22,5.276,5.22,5.25,15044.0
VEEA,2026-10-05T12:55:00Z,5.27,5.3,5.25,5.2969,15519.0
VEEA,2026-10-05T12:56:00Z,5.284,5.284,5.25,5.2691,15881.0
VEEA,2026-10-05T12:57:00Z,5.26,5.29,5.26,5.2602,5276.0
VEEA,2026-10-05T12:58:00Z,5.2602,5.28,5.26,5.27,7166.0
VEEA,2026-10-05T12:59:00Z,5.27,5.27,5.26,5.2696,5046.0
VEEA,2026-10-05T13:00:00Z,5.27,5.34,5.26,5.34,22401.0
VEEA,2026-10-05T13:01:00Z,5.339,5.34,5.29,5.29,16885.0
VEEA,2026-10-05T13:02:00Z,5.3,5.3949,5.3,5.3685,27567.0
VEEA,2026-10-05T13:03:00Z,5.3603,5.5,5.3602,5.4606,134755.0
VEEA,2026-10-05T13:04:00Z,5.4697,5.57,5.36,5.5394,170513.0
VEEA,2026-10-05T13:05:00Z,5.5395,5.54,5.42,5.4385,88771.0
VEEA,2026-10-05T13:06:00Z,5.4399,5.49,5.41,5.4194,43487.0
VEEA,2026-10-05T13:07:00Z,5.4107,5.45,5.41,5.4201,35085.0
VEEA,2026-10-05T13:08:00Z,5.4398,5.44,5.4195,5.4195,19538.0
VEEA,2026-10-05T13:09:00Z,5.415,5.4185,5.35,5.35,31187.0
VEEA,2026-10-05T13:10:00Z,5.3515,5.4,5.35,5.39,21231.0
VEEA,2026-10-05T13:11:00Z,5.38,5.45,5.38,5.45,24360.0
VEEA,2026-10-05T13:12:00Z,5.45,5.48,5.4401,5.4495,30977.0
VEEA,2026-10-05T13:13:00Z,5.4401,5.45,5.4,5.4218,16674.0
VEEA,2026-10-05T13:14:00Z,5.42,5.46,5.29,5.31,55550.0
VEEA,2026-10-05T13:15:00Z,5.33,5.35,5.3,5.35,24218.0
VEEA,2026-10-05T13:16:00Z,5.3413,5.37,5.32,5.37,16448.0
VEEA,2026-10-05T13:17:00Z,5.35,5.4199,5.35,5.4,5464.0
VEEA,2026-10-05T13:18:00Z,5.4001,5.4448,5.4001,5.4448,8815.0
VEEA,2026-10-05T13:19:00Z,5.44,5.45,5.35,5.36,24012.0
VEEA,2026-10-05T13:20:00Z,5.36,5.39,5.36,5.38,11483.0
VEEA,2026-10-05T13:21:00Z,5.39,5.39,5.36,5.3873,14329.0
VEEA,2026-10-05T13:22:00Z,5.3873,5.39,5.36,5.39,5701.0
VEEA,2026-10-05T13:23:00Z,5.39,5.4,5.37,5.3802,5257.0
VEEA,2026-10-05T13:24:00Z,5.3802,5.43,5.3802,5.4,14579.0
VEEA,2026-10-05T13:25:00Z,5.39,5.44,5.3801,5.44,20644.0
VEEA,2026-10-05T13:26:00Z,5.4454,5.47,5.42,5.4203,25804.0
VEEA,2026-10-05T13:27:00Z,5.4298,5.43,5.39,5.41,39224.0
VEEA,2026-10-05T13:28:00Z,5.41,5.41,5.28,5.3001,29173.0
VEEA,2026-10-05T13:29:00Z,5.32,5.41,5.26,5.38,40966.0
VEEA,2026-10-05T13:30:00Z,5.35,5.42,5.01,5.09,190454.0
VEEA,2026-10-05T13:31:00Z,5.0601,5.1,4.89,5.08,228792.0
VEEA,2026-10-05T13:32:00Z,5.08,5.14,5.01,5.0718,75368.0
VEEA,2026-10-05T13:33:00Z,5.08,5.24,4.98,4.9801,133557.0
VEEA,2026-10-05T13:34:00Z,4.9701,5.07,4.95,5.045,73400.0
VEEA,2026-10-05T13:35:00Z,5.0499,5.05,4.97,4.9801,66636.0
VEEA,2026-10-05T13:36:00Z,4.9799,4.98,4.89,4.98,123897.0
VEEA,2026-10-05T13:37:00Z,4.96,5.07,4.95,4.96,91121.0
VEEA,2026-10-05T13:38:00Z,4.96,5.0,4.955,4.9701,43185.0
VEEA,2026-10-05T13:39:00Z,4.97,5.0,4.9,4.95,62105.0
VEEA,2026-10-05T13:40:00Z,4.95,5.07,4.94,5.0055,76759.0
VEEA,2026-10-05T13:41:00Z,5.01,5.08,5.0,5.06,154169.0
VEEA,2026-10-05T13:42:00Z,5.06,5.11,4.9501,5.09,140662.0
VEEA,2026-10-05T13:43:00Z,5.08,5.1,5.0,5.0003,103680.0
VEEA,2026-10-05T13:44:00Z,5.005,5.06,4.89,4.9601,115434.0
VEEA,2026-10-05T13:45:00Z,4.96,5.0296,4.94,4.985,26223.0
VEEA,2026-10-05T13:46:00Z,4.9899,5.0,4.96,4.975,33451.0
VEEA,2026-10-05T13:47:00Z,4.9699,5.1,4.96,5.1,80547.0
VEEA,2026-10-05T13:48:00Z,5.0984,5.25,5.01,5.175,238211.0
VEEA,2026-10-05T13:49:00Z,5.1611,5.2399,5.05,5.119,192875.0
VEEA,2026-10-05T13:50:00Z,5.115,5.15,5.0,5.0398,116624.0
VEEA,2026-10-05T13:51:00Z,5.03,5.07,5.0,5.0394,50005.0
VEEA,2026-10-05T13:52:00Z,5.025,5.0899,5.01,5.05,45932.0
VEEA,2026-10-05T13:53:00Z,5.0401,5.1,5.0,5.0937,79251.0
VEEA,2026-10-05T13:54:00Z,5.085,5.25,5.07,5.2201,164954.0
VEEA,2026-10-05T13:55:00Z,5.22,5.65,5.2,5.55,953409.0
VEEA,2026-10-05T13:56:00Z,5.56,5.78,5.52,5.6299,643440.0
VEEA,2026-10-05T13:57:00Z,5.6296,5.69,5.5,5.59,542665.0
VEEA,2026-10-05T13:58:00Z,5.58,5.6801,5.451,5.6499,532287.0
VEEA,2026-10-05T13:59:00Z,5.64,5.69,5.41,5.5894,446448.0
VEEA,2026-10-05T14:00:00Z,5.5649,5.68,5.46,5.585,456823.0
VEEA,2026-10-05T14:01:00Z,5.585,5.6399,5.4315,5.5064,282436.0
VEEA,2026-10-05T14:02:00Z,5.5222,5.65,5.4,5.465,369342.0
VEEA,2026-10-05T14:03:00Z,5.4599,5.48,5.35,5.44,311357.0
VEEA,2026-10-05T14:04:00Z,5.43,5.49,5.35,5.38,231636.0
VEEA,2026-10-05T14:05:00Z,5.375,5.45,5.21,5.275,362118.0
VEEA,2026-10-05T14:06:00Z,5.275,5.33,5.21,5.29,109982.0
VEEA,2026-10-05T14:07:00Z,5.29,5.33,5.23,5.28,71669.0
VEEA,2026-10-05T14:08:00Z,5.28,5.3199,5.25,5.25,38881.0
VEEA,2026-10-05T14:09:00Z,5.2583,5.33,4.95,4.98,264213.0
VEEA,2026-10-05T14:10:00Z,4.98,5.1,4.93,5.06,219836.0
VEEA,2026-10-05T14:11:00Z,5.0687,5.17,5.03,5.1,109074.0
VEEA,2026-10-05T14:12:00Z,5.0951,5.1,5.03,5.0902,50211.0
VEEA,2026-10-05T14:13:00Z,5.095,5.1896,5.09,5.175,60505.0
VEEA,2026-10-05T14:14:00Z,5.1799,5.26,5.1799,5.231,107500.0
VEEA,2026-10-05T14:15:00Z,5.24,5.29,5.1501,5.1501,97784.0
VEEA,2026-10-05T14:16:00Z,5.1557,5.2,5.15,5.18,30037.0
VEEA,2026-10-05T14:17:00Z,5.1802,5.1802,5.01,5.0601,82760.0
VEEA,2026-10-05T14:18:00Z,5.0601,5.1181,5.0301,5.11,51269.0
VEEA,2026-10-05T14:19:00Z,5.11,5.1899,5.1,5.1615,50047.0
VEEA,2026-10-05T14:20:00Z,5.1657,5.1699,5.13,5.155,20238.0
VEEA,2026-10-05T14:21:00Z,5.16,5.16,5.09,5.1,32277.0
VEEA,2026-10-05T14:22:00Z,5.0902,5.11,5.08,5.11,28427.0
VEEA,2026-10-05T14:23:00Z,5.09,5.1299,5.06,5.0793,47394.0
VEEA,2026-10-05T14:24:00Z,5.07,5.08,5.06,5.0699,36502.0
VEEA,2026-10-05T14:25:00Z,5.0792,5.1,5.0,5.03,90621.0
VEEA,2026-10-05T14:26:00Z,5.03,5.0799,5.0002,5.06,26020.0
VEEA,2026-10-05T14:27:00Z,5.06,5.06,5.0,5.0201,25972.0
VEEA,2026-10-05T14:28:00Z,5.025,5.08,5.0221,5.0596,13337.0
VEEA,2026-10-05T14:29:00Z,5.05,5.062,4.97,5.0601,40369.0
VEEA,2026-10-05T14:30:00Z,5.07,5.09,5.025,5.07,28286.0
VEEA,2026-10-05T14:31:00Z,5.0745,5.0799,4.97,5.02,35552.0
VEEA,2026-10-05T14:32:00Z,5.03,5.05,4.96,5.02,29511.0
VEEA,2026-10-05T14:33:00Z,5.01,5.09,4.98,5.0601,53408.0
VEEA,2026-10-05T14:34:00Z,5.07,5.1199,5.0153,5.051,35278.0
VEEA,2026-10-05T14:35:00Z,5.06,5.18,5.0509,5.141,59877.0
VEEA,2026-10-05T14:36:00Z,5.1419,5.19,5.12,5.155,49717.0
VEEA,2026-10-05T14:37:00Z,5.155,5.16,5.1,5.15,42407.0
VEEA,2026-10-05T14:38:00Z,5.15,5.21,5.14,5.19,60404.0
VEEA,2026-10-05T14:39:00Z,5.182,5.2054,5.168,5.1725,33627.0
VEEA,2026-10-05T14:40:00Z,5.18,5.18,5.11,5.15,45988.0
VEEA,2026-10-05T14:41:00Z,5.13,5.19,5.13,5.16,18816.0
VEEA,2026-10-05T14:42:00Z,5.16,5.17,5.12,5.121,17056.0
VEEA,2026-10-05T14:43:00Z,5.14,5.179,5.131,5.17,20680.0
VEEA,2026-10-05T14:44:00Z,5.16,5.28,5.15,5.22,67712.0
VEEA,2026-10-05T14:45:00Z,5.23,5.35,5.23,5.3385,151588.0
VEEA,2026-10-05T14:46:00Z,5.33,5.34,5.27,5.31,120998.0
VEEA,2026-10-05T14:47:00Z,5.31,5.32,5.25,5.3199,70536.0
VEEA,2026-10-05T14:48:00Z,5.3182,5.33,5.27,5.2901,54417.0
VEEA,2026-10-05T14:49:00Z,5.295,5.3249,5.27,5.2801,38121.0
VEEA,2026-10-05T14:50:00Z,5.29,5.31,5.22,5.26,82018.0
VEEA,2026-10-05T14:51:00Z,5.2501,5.2633,5.18,5.1859,26301.0
VEEA,2026-10-05T14:52:00Z,5.2138,5.22,5.16,5.185,29150.0
VEEA,2026-10-05T14:53:00Z,5.1886,5.2,5.1601,5.195,14614.0
VEEA,2026-10-05T14:54:00Z,5.2,5.22,5.1801,5.2152,18171.0
VEEA,2026-10-05T14:55:00Z,5.24,5.2599,5.2,5.21,23116.0
VEEA,2026-10-05T14:56:00Z,5.2,5.2999,5.1904,5.2,14978.0
VEEA,2026-10-05T14:57:00Z,5.2001,5.2799,5.19,5.2,27134.0
VEEA,2026-10-05T14:58:00Z,5.1901,5.205,5.16,5.18,18447.0
VEEA,2026-10-05T14:59:00Z,5.16,5.2299,5.15,5.2284,22567.0
VEEA,2026-10-05T15:00:00Z,5.217,5.22,5.186,5.195,8634.0
VEEA,2026-10-05T15:01:00Z,5.2,5.2,5.16,5.2,12022.0
VEEA,2026-10-05T15:02:00Z,5.21,5.21,5.15,5.175,21669.0
VEEA,2026-10-05T15:03:00Z,5.175,5.193,5.1718,5.185,3948.0
VEEA,2026-10-05T15:04:00Z,5.18,5.22,5.1737,5.181,21727.0
VEEA,2026-10-05T15:05:00Z,5.18,5.18,5.06,5.11,68768.0
VEEA,2026-10-05T15:06:00Z,5.12,5.15,5.1,5.11,10814.0
VEEA,2026-10-05T15:07:00Z,5.1,5.12,5.1,5.1,8107.0
VEEA,2026-10-05T15:08:00Z,5.105,5.12,5.1,5.1,12368.0
VEEA,2026-10-05T15:09:00Z,5.1,5.1031,5.06,5.09,12001.0
VEEA,2026-10-05T15:10:00Z,5.09,5.0999,5.08,5.08,14751.0
VEEA,2026-10-05T15:11:00Z,5.0721,5.0894,5.07,5.07,4728.0
VEEA,2026-10-05T15:12:00Z,5.08,5.0865,5.0699,5.075,7387.0
VEEA,2026-10-05T15:13:00Z,5.075,5.08,5.01,5.045,24611.0
VEEA,2026-10-05T15:14:00Z,5.03,5.06,5.03,5.04,14751.0
VEEA,2026-10-05T15:15:00Z,5.035,5.05,5.0101,5.032,20436.0
VEEA,2026-10-05T15:16:00Z,5.04,5.06,5.02,5.04,21063.0
VEEA,2026-10-05T15:17:00Z,5.04,5.05,5.01,5.01,14146.0
VEEA,2026-10-05T15:18:00Z,5.0299,5.03,5.0,5.005,14408.0
VEEA,2026-10-05T15:19:00Z,5.0,5.04,4.98,5.04,23281.0
VEEA,2026-10-05T15:20:00Z,5.04,5.055,5.005,5.055,19347.0
VEEA,2026-10-05T15:21:00Z,5.0599,5.07,5.05,5.07,13462.0
VEEA,2026-10-05T15:22:00Z,5.08,5.09,5.05,5.07,12865.0
VEEA,2026-10-05T15:23:00Z,5.06,5.08,5.05,5.0734,18586.0
VEEA,2026-10-05T15:24:00Z,5.0734,5.0752,5.0537,5.0647,3286.0
VEEA,2026-10-05T15:25:00Z,5.06,5.0699,5.05,5.0537,7393.0
VEEA,2026-10-05T15:26:00Z,5.0597,5.0597,5.04,5.04,4858.0
VEEA,2026-10-05T15:27:00Z,5.02,5.0203,5.01,5.0103,27219.0
VEEA,2026-10-05T15:28:00Z,5.0103,5.02,5.0101,5.0198,9448.0
VEEA,2026-10-05T15:29:00Z,5.02,5.0799,5.015,5.06,10807.0
VEEA,2026-10-05T15:30:00Z,5.02,5.02,4.985,4.9886,32060.0
VEEA,2026-10-05T15:31:00Z,4.98,4.99,4.98,4.99,10769.0
