symbol,ts,open,high,low,close,volume
AEHL,2026-09-17T08:00:00Z,9.8,10.1,9.8,10.0,1367.0
AEHL,2026-09-17T08:01:00Z,9.96,9.98,9.76,9.76,1059.0
AEHL,2026-09-17T08:02:00Z,9.76,10.37,9.7,9.7,3356.0
AEHL,2026-09-17T08:03:00Z,9.7,9.7,9.7,9.7,0.0
AEHL,2026-09-17T08:04:00Z,9.7,9.7,9.7,9.7,0.0
AEHL,2026-09-17T08:05:00Z,9.78,9.78,9.78,9.78,150.0
AEHL,2026-09-17T08:06:00Z,9.78,9.9,9.78,9.9,822.0
AEHL,2026-09-17T08:07:00Z,9.9,9.9,9.9,9.9,0.0
AEHL,2026-09-17T08:08:00Z,9.9,9.9,9.9,9.9,0.0
AEHL,2026-09-17T08:09:00Z,9.9,9.9,9.9,9.9,0.0
AEHL,2026-09-17T08:10:00Z,9.9,9.9,9.9,9.9,0.0
AEHL,2026-09-17T08:11:00Z,9.9,9.9,9.9,9.9,0.0
AEHL,2026-09-17T08:12:00Z,9.9,9.9,9.9,9.9,0.0
AEHL,2026-09-17T08:13:00Z,9.79,9.79,9.79,9.79,112.0
AEHL,2026-09-17T08:14:00Z,9.75,9.75,9.51,9.75,1045.0
AEHL,2026-09-17T08:15:00Z,9.75,9.75,9.75,9.75,0.0
AEHL,2026-09-17T08:16:00Z,9.75,9.75,9.75,9.75,0.0
AEHL,2026-09-17T08:17:00Z,9.6,9.6,9.6,9.6,1303.0
AEHL,2026-09-17T08:18:00Z,9.58,9.58,9.5,9.5,532.0
AEHL,2026-09-17T08:19:00Z,9.4,9.5,9.3,9.4,1310.0
AEHL,2026-09-17T08:20:00Z,9.5,9.5,9.5,9.5,3530.0
AEHL,2026-09-17T08:21:00Z,9.5,9.5,9.5,9.5,0.0
AEHL,2026-09-17T08:22:00Z,9.5,9.5,9.5,9.5,0.0
AEHL,2026-09-17T08:23:00Z,9.5,9.5,9.5,9.5,0.0
AEHL,2026-09-17T08:24:00Z,9.5,9.5,9.5,9.5,0.0
AEHL,2026-09-17T08:25:00Z,9.5,9.5,9.5,9.5,0.0
AEHL,2026-09-17T08:26:00Z,9.9,9.9,9.86,9.86,603.0
AEHL,2026-09-17T08:27:00Z,9.88,9.98,9.88,9.98,759.0
AEHL,2026-09-17T08:28:00Z,10.1,10.49,10.1,10.49,4261.0
AEHL,2026-09-17T08:29:00Z,10.13,10.21,10.13,10.21,708.0
AEHL,2026-09-17T08:30:00Z,10.26,10.4,10.26,10.4,1010.0
AEHL,2026-09-17T08:31:00Z,10.4,10.4,10.4,10.4,0.0
AEHL,2026-09-17T08:32:00Z,10.4,10.4,10.4,10.4,0.0
AEHL,2026-09-17T08:33:00Z,10.27,10.3,10.1,10.1,721.0
AEHL,2026-09-17T08:34:00Z,10.1,10.1,10.1,10.1,0.0
AEHL,2026-09-17T08:35:00Z,10.45,10.45,10.45,10.45,103.0
AEHL,2026-09-17T08:36:00Z,10.38,10.39,10.38,10.39,351.0
AEHL,2026-09-17T08:37:00Z,10.39,10.39,10.39,10.39,0.0
AEHL,2026-09-17T08:38:00Z,10.39,10.39,10.39,10.39,0.0
AEHL,2026-09-17T08:39:00Z,10.23,10.23,10.21,10.21,478.0
AEHL,2026-09-17T08:40:00Z,10.21,10.21,10.21,10.21,0.0
AEHL,2026-09-17T08:41:00Z,10.23,10.23,10.11,10.11,400.0
AEHL,2026-09-17T08:42:00Z,10.12,10.12,10.12,10.12,321.0
AEHL,2026-09-17T08:43:00Z,10.12,10.12,10.12,10.12,0.0
AEHL,2026-09-17T08:44:00Z,10.12,10.12,10.12,10.12,0.0
AEHL,2026-09-17T08:45:00Z,10.16,10.16,10.16,10.16,126.0
AEHL,2026-09-17T08:46:00Z,10.16,10.16,10.16,10.16,0.0
AEHL,2026-09-17T08:47:00Z,10.16,10.16,10.16,10.16,0.0
AEHL,2026-09-17T08:48:00Z,10.17,10.17,10.17,10.17,121.0
AEHL,2026-09-17T08:49:00Z,10.17,10.17,10.17,10.17,0.0
AEHL,2026-09-17T08:50:00Z,10.17,10.17,10.17,10.17,0.0
AEHL,2026-09-17T08:51:00Z,10.32,10.32,10.32,10.32,180.0
AEHL,2026-09-17T08:52:00Z,10.32,10.32,10.32,10.32,0.0
AEHL,2026-09-17T08:53:00Z,10.32,10.32,10.32,10.32,0.0
AEHL,2026-09-17T08:54:00Z,10.32,10.32,10.32,10.32,0.0
AEHL,2026-09-17T08:55:00Z,10.32,10.32,10.32,10.32,0.0
AEHL,2026-09-17T08:56:00Z,10.32,10.32,10.32,10.32,0.0
AEHL,2026-09-17T08:57:00Z,10.32,10.32,10.32,10.32,0.0
AEHL,2026-09-17T08:58:00Z,10.32,10.32,10.32,10.32,0.0
AEHL,2026-09-17T08:59:00Z,10.32,10.32,10.32,10.32,0.0
AEHL,2026-09-17T09:00:00Z,10.32,10.32,10.32,10.32,0.0
AEHL,2026-09-17T09:01:00Z,10.32,10.32,10.32,10.32,0.0
AEHL,2026-09-17T09:02:00Z,10.32,10.32,10.32,10.32,0.0
AEHL,2026-09-17T09:03:00Z,10.32,10.32,10.32,10.32,0.0
AEHL,2026-09-17T09:04:00Z,10.32,10.32,10.32,10.32,0.0
AEHL,2026-09-17T09:05:00Z,10.32,10.32,10.32,10.32,0.0
AEHL,2026-09-17T09:06:00Z,10.86,10.88,10.86,10.88,1238.0
AEHL,2026-09-17T09:07:00Z,10.88,10.88,10.88,10.88,0.0
AEHL,2026-09-17T09:08:00Z,10.88,10.88,10.88,10.88,0.0
AEHL,2026-09-17T09:09:00Z,10.88,10.88,10.88,10.88,0.0
AEHL,2026-09-17T09:10:00Z,10.7,10.7,10.5,10.5,692.0
AEHL,2026-09-17T09:11:00Z,10.5,10.5,10.5,10.5,0.0
AEHL,2026-09-17T09:12:00Z,10.5,10.5,10.5,10.5,0.0
AEHL,2026-09-17T09:13:00Z,10.45,10.45,10.45,10.45,101.0
AEHL,2026-09-17T09:14:00Z,10.45,10.45,10.45,10.45,0.0
AEHL,2026-09-17T09:15:00Z,10.45,10.45,10.45,10.45,0.0
AEHL,2026-09-17T09:16:00Z,10.45,10.45,10.45,10.45,0.0
AEHL,2026-09-17T09:17:00Z,10.45,10.45,10.45,10.45,0.0
AEHL,2026-09-17T09:18:00Z,10.45,10.45,10.45,10.45,0.0
AEHL,2026-09-17T09:19:00Z,10.45,10.45,10.45,10.45,0.0
AEHL,2026-09-17T09:20:00Z,10.45,10.45,10.45,10.45,0.0
AEHL,2026-09-17T09:21:00Z,10.17,10.22,10.05,10.05,845.0
AEHL,2026-09-17T09:22:00Z,10.05,10.05,10.05,10.05,0.0
AEHL,2026-09-17T09:23:00Z,10.05,10.05,10.05,10.05,0.0
AEHL,2026-09-17T09:24:00Z,10.05,10.05,10.05,10.05,0.0
AEHL,2026-09-17T09:25:00Z,10.05,10.05,10.05,10.05,0.0
AEHL,2026-09-17T09:26:00Z,10.05,10.05,10.05,10.05,0.0
AEHL,2026-09-17T09:27:00Z,10.05,10.05,10.05,10.05,0.0
AEHL,2026-09-17T09:28:00Z,10.05,10.05,10.05,10.05,0.0
AEHL,2026-09-17T09:29:00Z,10.05,10.05,10.05,10.05,0.0
AEHL,2026-09-17T09:30:00Z,10.05,10.05,10.05,10.05,0.0
AEHL,2026-09-17T09:31:00Z,10.17,10.17,10.17,10.17,112.0
AEHL,2026-09-17T09:32:00Z,10.17,10.17,10.17,10.17,0.0
AEHL,2026-09-17T09:33:00Z,10.17,10.17,10.17,10.17,0.0
AEHL,2026-09-17T09:34:00Z,10.17,10.17,10.17,10.17,0.0
AEHL,2026-09-17T09:35:00Z,10.17,10.17,10.17,10.17,0.0
AEHL,2026-09-17T09:36:00Z,10.17,10.17,10.17,10.17,0.0
AEHL,2026-09-17T09:37:00Z,10.17,10.17,10.17,10.17,0.0
AEHL,2026-09-17T09:38:00Z,10.17,10.17,10.17,10.17,0.0
AEHL,2026-09-17T09:39:00Z,10.17,10.17,10.17,10.17,0.0
AEHL,2026-09-17T09:40:00Z,10.17,10.17,10.17,10.17,0.0
AEHL,2026-09-17T09:41:00Z,10.27,10.27,10.27,10.27,139.0
AEHL,2026-09-17T09:42:00Z,10.27,10.27,10.27,10.27,0.0
AEHL,2026-09-17T09:43:00Z,10.27,10.27,10.27,10.27,0.0
AEHL,2026-09-17T09:44:00Z,10.27,10.27,10.27,10.27,0.0
AEHL,2026-09-17T09:45:00Z,10.27,10.27,10.27,10.27,0.0
AEHL,2026-09-17T09:46:00Z,10.27,10.27,10.27,10.27,0.0
AEHL,2026-09-17T09:47:00Z,10.27,10.27,10.27,10.27,0.0
AEHL,2026-09-17T09:48:00Z,10.37,10.37,10.37,10.37,160.0
AEHL,2026-09-17T09:49:00Z,10.5,10.5,10.5,10.5,411.0
AEHL,2026-09-17T09:50:00Z,10.5,10.5,10.5,10.5,0.0
AEHL,2026-09-17T09:51:00Z,10.5,10.5,10.5,10.5,0.0
AEHL,2026-09-17T09:52:00Z,10.5,10.5,10.5,10.5,0.0
AEHL,2026-09-17T09:53:00Z,10.5,10.5,10.5,10.5,0.0
AEHL,2026-09-17T09:54:00Z,10.5,10.5,10.5,10.5,0.0
AEHL,2026-09-17T09:55:00Z,10.5,10.5,10.5,10.5,0.0
AEHL,2026-09-17T09:56:00Z,10.5,10.5,10.5,10.5,0.0
AEHL,2026-09-17T09:57:00Z,10.5,10.5,10.5,10.5,0.0
AEHL,2026-09-17T09:58:00Z,10.7,10.7,10.7,10.7,156.0
AEHL,2026-09-17T09:59:00Z,10.7,10.7,10.7,10.7,0.0
AEHL,2026-09-17T10:00:00Z,10.65,10.68,10.65,10.68,258.0
AEHL,2026-09-17T10:01:00Z,10.68,10.68,10.68,10.68,0.0
AEHL,2026-09-17T10:02:00Z,10.68,10.68,10.68,10.68,0.0
AEHL,2026-09-17T10:03:00Z,10.68,10.68,10.68,10.68,0.0
AEHL,2026-09-17T10:04:00Z,10.68,10.68,10.68,10.68,0.0
AEHL,2026-09-17T10:05:00Z,10.8,10.8,10.8,10.8,228.0
AEHL,2026-09-17T10:06:00Z,10.8,10.8,10.8,10.8,0.0
AEHL,2026-09-17T10:07:00Z,10.8,10.8,10.8,10.8,0.0
AEHL,2026-09-17T10:08:00Z,10.89,10.89,10.89,10.89,216.0
AEHL,2026-09-17T10:09:00Z,10.88,10.88,10.82,10.82,253.0
AEHL,2026-09-17T10:10:00Z,10.82,10.82,10.82,10.82,0.0
AEHL,2026-09-17T10:11:00Z,10.82,10.82,10.82,10.82,0.0
AEHL,2026-09-17T10:12:00Z,10.82,10.82,10.82,10.82,0.0
AEHL,2026-09-17T10:13:00Z,10.82,10.82,10.82,10.82,0.0
AEHL,2026-09-17T10:14:00Z,10.82,10.82,10.82,10.82,0.0
AEHL,2026-09-17T10:15:00Z,10.82,10.82,10.82,10.82,0.0
AEHL,2026-09-17T10:16:00Z,10.6,10.6,10.6,10.6,100.0
AEHL,2026-09-17T10:17:00Z,10.53,10.53,10.53,10.53,100.0
AEHL,2026-09-17T10:18:00Z,10.53,10.53,10.53,10.53,0.0
AEHL,2026-09-17T10:19:00Z,10.53,10.53,10.53,10.53,0.0
AEHL,2026-09-17T10:20:00Z,10.53,10.53,10.53,10.53,0.0
AEHL,2026-09-17T10:21:00Z,10.62,10.62,10.62,10.62,100.0
AEHL,2026-09-17T10:22:00Z,10.62,10.62,10.62,10.62,0.0
AEHL,2026-09-17T10:23:00Z,10.62,10.62,10.62,10.62,0.0
AEHL,2026-09-17T10:24:00Z,10.61,10.61,10.61,10.61,128.0
AEHL,2026-09-17T10:25:00Z,10.61,10.61,10.61,10.61,0.0
AEHL,2026-09-17T10:26:00Z,10.55,10.55,10.55,10.55,307.0
AEHL,2026-09-17T10:27:00Z,10.55,10.55,10.55,10.55,894.0
AEHL,2026-09-17T10:28:00Z,10.55,10.55,10.55,10.55,0.0
AEHL,2026-09-17T10:29:00Z,10.55,10.55,10.55,10.55,0.0
AEHL,2026-09-17T10:30:00Z,10.55,10.55,10.55,10.55,0.0
AEHL,2026-09-17T10:31:00Z,10.55,10.55,10.55,10.55,0.0
AEHL,2026-09-17T10:32:00Z,10.55,10.55,10.55,10.55,0.0
AEHL,2026-09-17T10:33:00Z,10.36,10.47,10.32,10.36,1943.0
AEHL,2026-09-17T10:34:00Z,10.36,10.36,10.36,10.36,0.0
AEHL,2026-09-17T10:35:00Z,10.36,10.36,10.36,10.36,0.0
AEHL,2026-09-17T10:36:00Z,10.36,10.52,10.36,10.52,306.0
AEHL,2026-09-17T10:37:00Z,10.52,10.52,10.52,10.52,0.0
AEHL,2026-09-17T10:38:00Z,10.52,10.52,10.52,10.52,0.0
AEHL,2026-09-17T10:39:00Z,10.52,10.52,10.52,10.52,0.0
AEHL,2026-09-17T10:40:00Z,10.6,10.6,10.59,10.59,690.0
AEHL,2026-09-17T10:41:00Z,10.59,10.59,10.59,10.59,0.0
AEHL,2026-09-17T10:42:00Z,10.59,10.59,10.59,10.59,0.0
AEHL,2026-09-17T10:43:00Z,10.56,10.57,10.38,10.38,528.0
AEHL,2026-09-17T10:44:00Z,10.56,10.56,10.56,10.56,218.0
AEHL,2026-09-17T10:45:00Z,10.56,10.58,10.56,10.58,380.0
AEHL,2026-09-17T10:46:00Z,10.6,10.92,10.6,10.92,1519.0
AEHL,2026-09-17T10:47:00Z,11.07,11.27,11.06,11.27,1739.0
AEHL,2026-09-17T10:48:00Z,11.27,11.29,10.3,10.71,4374.0
AEHL,2026-09-17T10:49:00Z,10.95,11.3,10.95,11.3,1787.0
AEHL,2026-09-17T10:50:00Z,11.35,11.74,11.24,11.55,5279.0
AEHL,2026-09-17T10:51:00Z,11.47,11.57,11.14,11.31,3801.0
AEHL,2026-09-17T10:52:00Z,11.15,11.28,10.87,11.24,2392.0
AEHL,2026-09-17T10:53:00Z,11.28,11.7,11.2,11.7,4751.0
AEHL,2026-09-17T10:54:00Z,11.77,11.77,11.37,11.73,4483.0
AEHL,2026-09-17T10:55:00Z,11.56,11.57,10.9,11.17,8408.0
AEHL,2026-09-17T10:56:00Z,11.16,11.18,10.81,10.85,8081.0
AEHL,2026-09-17T10:57:00Z,10.98,11.16,10.98,11.16,1112.0
AEHL,2026-09-17T10:58:00Z,11.16,11.25,11.03,11.1,5910.0
AEHL,2026-09-17T10:59:00Z,11.3,11.3,11.1,11.3,5167.0
AEHL,2026-09-17T11:00:00Z,11.3,12.74,11.3,11.95,30279.0
AEHL,2026-09-17T11:01:00Z,11.72,13.0,11.53,11.79,26625.0
AEHL,2026-09-17T11:02:00Z,11.79,11.79,11.04,11.33,11647.0
AEHL,2026-09-17T11:03:00Z,11.42,11.48,11.0,11.33,5405.0
AEHL,2026-09-17T11:04:00Z,11.3,11.44,10.91,11.41,20158.0
AEHL,2026-09-17T11:05:00Z,11.34,11.63,11.28,11.63,7776.0
AEHL,2026-09-17T11:06:00Z,11.73,12.3,11.66,12.09,9803.0
AEHL,2026-09-17T11:07:00Z,12.12,12.12,11.62,11.78,18569.0
AEHL,2026-09-17T11:08:00Z,11.78,12.72,11.7,12.71,26548.0
AEHL,2026-09-17T11:09:00Z,12.72,12.88,11.88,12.88,26385.0
AEHL,2026-09-17T11:10:00Z,12.71,12.83,12.12,12.64,22113.0
AEHL,2026-09-17T11:11:00Z,12.6,13.35,12.54,12.71,29673.0
AEHL,2026-09-17T11:12:00Z,12.5,12.63,12.08,12.2,21413.0
AEHL,2026-09-17T11:13:00Z,12.27,12.27,12.03,12.03,8293.0
AEHL,2026-09-17T11:14:00Z,12.07,12.23,11.89,12.21,7629.0
AEHL,2026-09-17T11:15:00Z,12.19,12.19,11.77,11.95,11269.0
AEHL,2026-09-17T11:16:00Z,11.93,11.93,11.41,11.58,13609.0
AEHL,2026-09-17T11:17:00Z,11.67,11.68,11.33,11.5,5216.0
AEHL,2026-09-17T11:18:00Z,11.5,11.58,11.39,11.4,2419.0
AEHL,2026-09-17T11:19:00Z,11.37,11.53,11.19,11.53,9767.0
AEHL,2026-09-17T11:20:00Z,11.48,11.59,11.42,11.47,3813.0
AEHL,2026-09-17T11:21:00Z,11.42,11.43,11.2,11.4,4217.0
AEHL,2026-09-17T11:22:00Z,11.29,11.45,11.29,11.45,2243.0
AEHL,2026-09-17T11:23:00Z,11.57,11.68,11.45,11.57,2306.0
AEHL,2026-09-17T11:24:00Z,11.5,11.5,11.36,11.39,1814.0
AEHL,2026-09-17T11:25:00Z,11.4,11.49,11.25,11.26,4984.0
AEHL,2026-09-17T11:26:00Z,11.37,11.39,11.26,11.39,2971.0
AEHL,2026-09-17T11:27:00Z,11.44,11.44,11.3,11.3,250.0
AEHL,2026-09-17T11:28:00Z,11.29,11.53,11.29,11.49,4484.0
AEHL,2026-09-17T11:29:00Z,11.51,11.85,11.51,11.64,5128.0
AEHL,2026-09-17T11:30:00Z,11.34,11.48,11.3,11.3,1906.0
AEHL,2026-09-17T11:31:00Z,11.45,11.45,11.45,11.45,359.0
AEHL,2026-09-17T11:32:00Z,11.49,11.49,11.47,11.47,383.0
AEHL,2026-09-17T11:33:00Z,11.4,11.5,11.25,11.47,6882.0
AEHL,2026-09-17T11:34:00Z,11.5,11.5,11.3,11.33,2365.0
AEHL,2026-09-17T11:35:00Z,11.3,11.5,11.3,11.35,1682.0
AEHL,2026-09-17T11:36:00Z,11.5,11.5,11.39,11.42,1480.0
AEHL,2026-09-17T11:37:00Z,11.39,11.55,11.35,11.55,4170.0
AEHL,2026-09-17T11:38:00Z,11.56,11.64,11.55,11.64,1307.0
AEHL,2026-09-17T11:39:00Z,11.64,12.0,11.63,11.98,10033.0
AEHL,2026-09-17T11:40:00Z,11.98,12.24,11.96,12.12,14549.0
AEHL,2026-09-17T11:41:00Z,12.19,12.68,12.09,12.4,21660.0
AEHL,2026-09-17T11:42:00Z,12.4,12.47,12.2,12.3,9515.0
AEHL,2026-09-17T11:43:00Z,12.3,12.36,11.92,12.0,9561.0
AEHL,2026-09-17T11:44:00Z,12.05,12.09,12.0,12.0,1857.0
AEHL,2026-09-17T11:45:00Z,12.07,12.07,11.7,11.77,4338.0
AEHL,2026-09-17T11:46:00Z,11.8,11.93,11.75,11.93,1653.0
AEHL,2026-09-17T11:47:00Z,11.75,11.84,11.74,11.84,1041.0
AEHL,2026-09-17T11:48:00Z,11.77,11.84,11.77,11.83,498.0
AEHL,2026-09-17T11:49:00Z,11.81,12.0,11.81,11.95,1026.0
AEHL,2026-09-17T11:50:00Z,11.92,12.05,11.92,12.0,814.0
AEHL,2026-09-17T11:51:00Z,12.03,12.03,11.96,11.96,553.0
AEHL,2026-09-17T11:52:00Z,12.01,12.02,11.88,11.88,945.0
AEHL,2026-09-17T11:53:00Z,11.85,11.85,11.8,11.83,3864.0
AEHL,2026-09-17T11:54:00Z,11.89,11.89,11.8,11.87,1052.0
AEHL,2026-09-17T11:55:00Z,11.86,11.86,11.8,11.8,234.0
AEHL,2026-09-17T11:56:00Z,11.87,11.87,11.66,11.66,4076.0
AEHL,2026-09-17T11:57:00Z,11.66,11.76,11.66,11.76,772.0
AEHL,2026-09-17T11:58:00Z,11.66,11.71,11.51,11.56,3475.0
AEHL,2026-09-17T11:59:00Z,11.55,11.55,11.55,11.55,110.0
AEHL,2026-09-17T12:00:00Z,11.55,11.55,11.55,11.55,0.0
AEHL,2026-09-17T12:01:00Z,11.8,12.02,11.79,11.88,2199.0
AEHL,2026-09-17T12:02:00Z,11.92,11.92,11.92,11.92,221.0
AEHL,2026-09-17T12:03:00Z,11.97,11.97,11.91,11.92,542.0
AEHL,2026-09-17T12:04:00Z,11.85,11.92,11.85,11.91,636.0
AEHL,2026-09-17T12:05:00Z,11.87,11.91,11.82,11.82,939.0
AEHL,2026-09-17T12:06:00Z,11.74,11.74,11.55,11.65,1357.0
AEHL,2026-09-17T12:07:00Z,11.7,11.79,11.69,11.73,438.0
AEHL,2026-09-17T12:08:00Z,11.65,11.65,11.65,11.65,996.0
AEHL,2026-09-17T12:09:00Z,11.71,11.71,11.71,11.71,124.0
AEHL,2026-09-17T12:10:00Z,11.71,11.72,11.69,11.69,1356.0
AEHL,2026-09-17T12:11:00Z,11.69,11.88,11.66,11.66,626.0
AEHL,2026-09-17T12:12:00Z,11.65,11.71,11.64,11.71,1302.0
AEHL,2026-09-17T12:13:00Z,11.7,11.71,11.6,11.6,673.0
AEHL,2026-09-17T12:14:00Z,11.57,11.6,11.45,11.45,2076.0
AEHL,2026-09-17T12:15:00Z,11.46,11.71,11.38,11.71,5460.0
AEHL,2026-09-17T12:16:00Z,11.7,11.7,11.7,11.7,0.0
AEHL,2026-09-17T12:17:00Z,11.75,11.75,11.7,11.7,630.0
AEHL,2026-09-17T12:18:00Z,11.62,11.62,11.6,11.6,620.0
AEHL,2026-09-17T12:19:00Z,11.6,11.61,11.6,11.61,1318.0
AEHL,2026-09-17T12:20:00Z,11.74,11.74,11.69,11.69,1100.0
AEHL,2026-09-17T12:21:00Z,11.68,11.68,11.68,11.68,114.0
AEHL,2026-09-17T12:22:00Z,11.7,11.78,11.7,11.78,893.0
AEHL,2026-09-17T12:23:00Z,11.71,11.72,11.7,11.7,619.0
AEHL,2026-09-17T12:24:00Z,11.72,11.72,11.7,11.71,400.0
AEHL,2026-09-17T12:25:00Z,11.77,11.77,11.72,11.72,301.0
AEHL,2026-09-17T12:26:00Z,11.77,11.77,11.72,11.72,1036.0
AEHL,2026-09-17T12:27:00Z,11.74,11.74,11.74,11.74,608.0
AEHL,2026-09-17T12:28:00Z,11.72,11.78,11.72,11.78,729.0
AEHL,2026-09-17T12:29:00Z,11.9,11.9,11.88,11.88,600.0
AEHL,2026-09-17T12:30:00Z,11.78,11.85,11.72,11.85,1330.0
AEHL,2026-09-17T12:31:00Z,11.76,11.76,11.76,11.76,100.0
AEHL,2026-09-17T12:32:00Z,11.74,11.74,11.73,11.73,348.0
AEHL,2026-09-17T12:33:00Z,11.73,11.85,11.73,11.85,380.0
AEHL,2026-09-17T12:34:00Z,11.73,11.78,11.73,11.78,300.0
AEHL,2026-09-17T12:35:00Z,11.78,11.82,11.78,11.82,662.0
AEHL,2026-09-17T12:36:00Z,11.81,11.81,11.81,11.81,101.0
AEHL,2026-09-17T12:37:00Z,11.81,11.81,11.81,11.81,0.0
AEHL,2026-09-17T12:38:00Z,11.76,11.76,11.76,11.76,168.0
AEHL,2026-09-17T12:39:00Z,11.72,11.72,11.72,11.72,150.0
AEHL,2026-09-17T12:40:00Z,11.72,11.91,11.72,11.87,640.0
AEHL,2026-09-17T12:41:00Z,11.87,11.87,11.73,11.74,338.0
AEHL,2026-09-17T12:42:00Z,11.74,11.74,11.65,11.69,2478.0
AEHL,2026-09-17T12:43:00Z,11.69,11.7,11.68,11.7,200.0
AEHL,2026-09-17T12:44:00Z,11.7,11.7,11.35,11.37,3675.0
AEHL,2026-09-17T12:45:00Z,11.37,11.6,11.35,11.35,3212.0
AEHL,2026-09-17T12:46:00Z,11.4,11.5,11.35,11.5,6242.0
AEHL,2026-09-17T12:47:00Z,11.5,11.5,11.35,11.35,619.0
AEHL,2026-09-17T12:48:00Z,11.35,11.38,11.35,11.38,502.0
AEHL,2026-09-17T12:49:00Z,11.38,11.4,11.22,11.4,2298.0
AEHL,2026-09-17T12:50:00Z,11.3,11.4,11.21,11.4,4765.0
AEHL,2026-09-17T12:51:00Z,11.4,11.68,11.3,11.35,2953.0
AEHL,2026-09-17T12:52:00Z,11.35,11.6,11.34,11.53,625.0
AEHL,2026-09-17T12:53:00Z,11.53,11.76,11.53,11.76,151.0
AEHL,2026-09-17T12:54:00Z,11.76,11.77,11.65,11.65,844.0
AEHL,2026-09-17T12:55:00Z,11.65,11.8,11.65,11.8,228.0
AEHL,2026-09-17T12:56:00Z,11.72,11.72,11.71,11.72,100.0
AEHL,2026-09-17T12:57:00Z,11.72,11.86,11.71,11.86,530.0
AEHL,2026-09-17T12:58:00Z,11.86,11.86,11.86,11.86,0.0
AEHL,2026-09-17T12:59:00Z,11.86,11.86,11.65,11.67,1547.0
AEHL,2026-09-17T13:00:00Z,11.67,11.76,11.6,11.6,2008.0
AEHL,2026-09-17T13:01:00Z,11.52,11.59,11.52,11.59,848.0
AEHL,2026-09-17T13:02:00Z,11.59,11.6,11.55,11.6,631.0
AEHL,2026-09-17T13:03:00Z,11.56,11.65,11.56,11.6,470.0
AEHL,2026-09-17T13:04:00Z,11.6,11.6,11.55,11.55,300.0
AEHL,2026-09-17T13:05:00Z,11.55,11.55,11.45,11.55,618.0
AEHL,2026-09-17T13:06:00Z,11.55,11.56,11.52,11.53,365.0
AEHL,2026-09-17T13:07:00Z,11.53,11.53,11.52,11.53,0.0
AEHL,2026-09-17T13:08:00Z,11.64,11.64,11.45,11.57,1812.0
AEHL,2026-09-17T13:09:00Z,11.57,11.58,11.57,11.57,0.0
AEHL,2026-09-17T13:10:00Z,11.57,11.58,11.57,11.57,0.0
AEHL,2026-09-17T13:11:00Z,11.65,11.7,11.65,11.7,738.0
AEHL,2026-09-17T13:12:00Z,11.7,11.7,11.55,11.55,290.0
AEHL,2026-09-17T13:13:00Z,11.55,11.58,11.55,11.55,727.0
AEHL,2026-09-17T13:14:00Z,11.55,11.56,11.55,11.56,130.0
AEHL,2026-09-17T13:15:00Z,11.56,11.65,11.56,11.65,721.0
AEHL,2026-09-17T13:16:00Z,11.65,11.85,11.65,11.7,754.0
AEHL,2026-09-17T13:17:00Z,11.7,11.7,11.68,11.68,100.0
AEHL,2026-09-17T13:18:00Z,11.68,11.68,11.68,11.68,0.0
AEHL,2026-09-17T13:19:00Z,11.56,11.59,11.56,11.59,433.0
AEHL,2026-09-17T13:20:00Z,11.7,11.7,11.56,11.7,779.0
AEHL,2026-09-17T13:21:00Z,11.7,11.7,11.7,11.7,0.0
AEHL,2026-09-17T13:22:00Z,11.7,11.7,11.61,11.62,300.0
AEHL,2026-09-17T13:23:00Z,11.62,11.8,11.62,11.79,562.0
AEHL,2026-09-17T13:24:00Z,11.79,11.79,11.7,11.7,401.0
AEHL,2026-09-17T13:25:00Z,11.7,11.85,11.7,11.85,126.0
AEHL,2026-09-17T13:26:00Z,11.85,12.03,11.75,12.03,3712.0
AEHL,2026-09-17T13:27:00Z,12.01,12.09,11.78,12.0,4162.0
AEHL,2026-09-17T13:28:00Z,12.0,12.3,11.88,12.24,5994.0
AEHL,2026-09-17T13:29:00Z,12.24,12.24,12.05,12.2,3634.0
AEHL,2026-09-17T13:30:00Z,12.22,13.2,12.0,12.79,69498.0
AEHL,2026-09-17T13:31:00Z,12.84,13.75,12.58,13.5,45605.0
AEHL,2026-09-17T13:32:00Z,13.69,13.7,12.81,13.16,54796.0
AEHL,2026-09-17T13:33:00Z,13.0,13.52,13.0,13.39,18670.0
AEHL,2026-09-17T13:34:00Z,13.4,14.4,13.3,14.28,60763.0
AEHL,2026-09-17T13:35:00Z,14.26,14.39,12.9,13.21,69348.0
AEHL,2026-09-17T13:36:00Z,13.33,13.75,13.14,13.34,23927.0
AEHL,2026-09-17T13:37:00Z,13.35,13.53,13.05,13.36,14264.0
AEHL,2026-09-17T13:38:00Z,13.49,13.6,13.3,13.32,7795.0
AEHL,2026-09-17T13:39:00Z,13.32,13.4,13.08,13.3,24155.0
AEHL,2026-09-17T13:40:00Z,13.3,13.45,13.03,13.1,9751.0
AEHL,2026-09-17T13:41:00Z,13.18,13.18,12.51,12.54,26234.0
AEHL,2026-09-17T13:42:00Z,12.56,12.85,12.56,12.7,11357.0
AEHL,2026-09-17T13:43:00Z,12.63,13.1,12.63,12.82,10244.0
AEHL,2026-09-17T13:44:00Z,12.85,12.93,12.68,12.68,7544.0
AEHL,2026-09-17T13:45:00Z,12.81,13.0,12.62,13.0,14979.0
AEHL,2026-09-17T13:46:00Z,12.99,12.99,12.54,12.57,7541.0
AEHL,2026-09-17T13:47:00Z,12.57,12.83,12.57,12.74,1360.0
AEHL,2026-09-17T13:48:00Z,12.74,12.8,12.36,12.4,10039.0
AEHL,2026-09-17T13:49:00Z,12.43,12.71,12.14,12.16,7742.0
AEHL,2026-09-17T13:50:00Z,12.26,12.58,12.16,12.4,15923.0
AEHL,2026-09-17T13:51:00Z,12.4,12.46,12.25,12.25,3078.0
AEHL,2026-09-17T13:52:00Z,12.3,12.52,12.0,12.3,9966.0
AEHL,2026-09-17T13:53:00Z,12.3,12.76,12.3,12.75,4451.0
AEHL,2026-09-17T13:54:00Z,12.75,12.82,12.31,12.47,6432.0
AEHL,2026-09-17T13:55:00Z,12.36,12.5,12.2,12.48,6794.0
AEHL,2026-09-17T13:56:00Z,12.48,12.5,12.1,12.1,6555.0
AEHL,2026-09-17T13:57:00Z,12.4,12.47,12.0,12.42,9299.0
AEHL,2026-09-17T13:58:00Z,12.42,12.42,12.12,12.2,5190.0
AEHL,2026-09-17T13:59:00Z,12.13,12.33,12.11,12.26,3756.0
AEHL,2026-09-17T14:00:00Z,12.26,12.35,12.16,12.31,2057.0
AEHL,2026-09-17T14:01:00Z,12.31,12.67,12.16,12.58,16027.0
AEHL,2026-09-17T14:02:00Z,12.62,12.64,12.25,12.57,2585.0
AEHL,2026-09-17T14:03:00Z,12.57,12.93,12.42,12.75,9603.0
AEHL,2026-09-17T14:04:00Z,12.88,13.43,12.79,13.39,22002.0
AEHL,2026-09-17T14:05:00Z,13.42,13.89,13.23,13.64,38752.0
AEHL,2026-09-17T14:06:00Z,13.6,13.61,13.36,13.46,7979.0
AEHL,2026-09-17T14:07:00Z,13.48,13.54,13.33,13.33,3505.0
AEHL,2026-09-17T14:08:00Z,13.33,13.72,13.33,13.61,7537.0
AEHL,2026-09-17T14:09:00Z,13.61,13.81,13.0,13.37,20186.0
AEHL,2026-09-17T14:10:00Z,13.56,13.6,13.29,13.3,15043.0
AEHL,2026-09-17T14:11:00Z,13.32,13.39,13.13,13.22,5413.0
AEHL,2026-09-17T14:12:00Z,13.22,13.49,13.22,13.38,8051.0
AEHL,2026-09-17T14:13:00Z,13.39,13.9,13.33,13.47,15142.0
AEHL,2026-09-17T14:14:00Z,13.46,13.89,13.44,13.6,11419.0
AEHL,2026-09-17T14:15:00Z,13.6,13.99,13.38,13.85,26058.0
AEHL,2026-09-17T14:16:00Z,13.85,14.62,13.56,13.9,79009.0
AEHL,2026-09-17T14:17:00Z,13.66,14.29,13.45,13.76,30432.0
AEHL,2026-09-17T14:18:00Z,13.79,14.05,13.54,13.69,8307.0
AEHL,2026-09-17T14:19:00Z,13.69,13.69,13.4,13.5,6853.0
AEHL,2026-09-17T14:20:00Z,13.51,13.84,13.46,13.66,6551.0
AEHL,2026-09-17T14:21:00Z,13.65,13.88,13.52,13.82,10460.0
AEHL,2026-09-17T14:22:00Z,13.82,14.14,13.5,13.99,11257.0
AEHL,2026-09-17T14:23:00Z,13.8,14.09,13.8,13.91,7480.0
AEHL,2026-09-17T14:24:00Z,14.0,14.67,13.83,14.5,31735.0
AEHL,2026-09-17T14:25:00Z,14.44,15.2,14.35,14.94,51012.0
AEHL,2026-09-17T14:26:00Z,14.79,15.78,14.78,15.25,100097.0
AEHL,2026-09-17T14:27:00Z,15.18,15.27,14.62,14.64,62498.0
AEHL,2026-09-17T14:28:00Z,14.78,14.98,14.61,14.88,17678.0
AEHL,2026-09-17T14:29:00Z,14.8,15.4,14.25,14.65,50958.0
AEHL,2026-09-17T14:30:00Z,14.54,14.59,13.89,13.99,25813.0
AEHL,2026-09-17T14:31:00Z,13.97,14.0,13.53,13.83,23082.0
AEHL,2026-09-17T14:32:00Z,13.63,14.06,13.52,14.06,11430.0
AEHL,2026-09-17T14:33:00Z,14.0,14.55,13.79,13.91,15113.0
AEHL,2026-09-17T14:34:00Z,13.81,13.96,13.73,13.85,4489.0
AEHL,2026-09-17T14:35:00Z,13.88,13.97,13.72,13.9,4258.0
AEHL,2026-09-17T14:36:00Z,13.75,13.83,13.6,13.68,7269.0
AEHL,2026-09-17T14:37:00Z,13.68,13.83,12.78,12.83,51775.0
AEHL,2026-09-17T14:38:00Z,12.83,13.0,12.52,12.72,28216.0
AEHL,2026-09-17T14:39:00Z,12.77,12.99,12.64,12.84,8429.0
AEHL,2026-09-17T14:40:00Z,12.84,13.0,12.67,12.98,3422.0
AEHL,2026-09-17T14:41:00Z,12.88,13.1,12.88,13.04,3520.0
AEHL,2026-09-17T14:42:00Z,13.04,13.2,13.0,13.0,11778.0
AEHL,2026-09-17T14:43:00Z,13.01,13.02,12.91,12.95,4231.0
AEHL,2026-09-17T14:44:00Z,12.97,13.09,12.97,12.97,3907.0
AEHL,2026-09-17T14:45:00Z,12.97,12.97,12.81,12.93,6242.0
AEHL,2026-09-17T14:46:00Z,12.93,12.93,12.71,12.72,4389.0
AEHL,2026-09-17T14:47:00Z,12.74,12.74,12.22,12.23,19178.0
AEHL,2026-09-17T14:48:00Z,12.29,12.3,11.91,12.3,15448.0
AEHL,2026-09-17T14:49:00Z,12.3,12.3,12.1,12.22,3061.0
AEHL,2026-09-17T14:50:00Z,12.22,12.4,11.7,11.7,9431.0
AEHL,2026-09-17T14:51:00Z,11.75,11.92,11.4,11.51,14550.0
AEHL,2026-09-17T14:52:00Z,11.51,11.78,11.51,11.63,9150.0
AEHL,2026-09-17T14:53:00Z,11.5,11.52,11.13,11.43,8700.0
AEHL,2026-09-17T14:54:00Z,11.43,11.59,11.4,11.45,8317.0
AEHL,2026-09-17T14:55:00Z,11.45,11.48,11.34,11.48,8476.0
AEHL,2026-09-17T14:56:00Z,11.5,11.81,11.49,11.76,12399.0
AEHL,2026-09-17T14:57:00Z,11.66,12.17,11.65,11.72,23372.0
AEHL,2026-09-17T14:58:00Z,11.91,12.01,11.42,11.83,8307.0
AEHL,2026-09-17T14:59:00Z,11.83,11.89,11.7,11.74,1934.0
AEHL,2026-09-17T15:00:00Z,11.74,11.74,11.61,11.61,2556.0
AEHL,2026-09-17T15:01:00Z,11.61,11.64,11.41,11.42,10183.0
AEHL,2026-09-17T15:02:00Z,11.36,11.53,10.71,11.25,10865.0
AEHL,2026-09-17T15:03:00Z,11.24,11.42,10.54,11.42,19394.0
AEHL,2026-09-17T15:04:00Z,11.42,11.42,11.16,11.3,669.0
AEHL,2026-09-17T15:05:00Z,11.3,11.3,10.83,10.96,6099.0
AEHL,2026-09-17T15:06:00Z,10.9,11.08,10.19,10.77,21424.0
AEHL,2026-09-17T15:07:00Z,10.77,11.06,10.58,10.94,8778.0
AEHL,2026-09-17T15:08:00Z,10.94,10.97,10.54,10.8,10187.0
AEHL,2026-09-17T15:09:00Z,10.65,11.0,10.65,10.8,2020.0
AEHL,2026-09-17T15:10:00Z,10.8,10.85,10.8,10.85,295.0
AEHL,2026-09-17T15:11:00Z,10.85,10.85,10.85,10.85,0.0
AEHL,2026-09-17T15:12:00Z,10.85,10.85,10.85,10.85,0.0
AEHL,2026-09-17T15:13:00Z,10.85,10.94,10.69,10.78,2148.0
AEHL,2026-09-17T15:14:00Z,10.78,10.92,10.78,10.92,700.0
AEHL,2026-09-17T15:15:00Z,10.92,11.12,10.9,11.01,5619.0
AEHL,2026-09-17T15:16:00Z,11.01,11.11,10.95,11.01,4086.0
AEHL,2026-09-17T15:17:00Z,11.01,11.26,11.01,11.24,4971.0
AEHL,2026-09-17T15:18:00Z,11.24,11.24,11.01,11.03,3660.0
AEHL,2026-09-17T15:19:00Z,11.02,11.03,10.98,10.98,1388.0
AEHL,2026-09-17T15:20:00Z,10.9,10.9,10.7,10.88,4445.0
AEHL,2026-09-17T15:21:00Z,10.88,10.89,10.87,10.89,2226.0
AEHL,2026-09-17T15:22:00Z,10.89,10.89,10.88,10.88,121.0
AEHL,2026-09-17T15:23:00Z,10.88,11.19,10.88,11.19,2017.0
AEHL,2026-09-17T15:24:00Z,11.19,11.2,11.1,11.1,1746.0
AEHL,2026-09-17T15:25:00Z,11.1,11.3,11.1,11.28,9024.0
AEHL,2026-09-17T15:26:00Z,11.15,11.7,11.15,11.49,6855.0
AEHL,2026-09-17T15:27:00Z,11.77,11.77,11.42,11.66,4854.0
AEHL,2026-09-17T15:28:00Z,11.66,11.67,11.44,11.52,1288.0
AEHL,2026-09-17T15:29:00Z,11.52,11.59,11.52,11.59,1000.0
AEHL,2026-09-17T15:30:00Z,11.59,11.74,11.45,11.74,4374.0
AEHL,2026-09-17T15:31:00Z,11.72,11.73,11.72,11.73,600.0
AEMD,2026-09-17T08:19:00Z,1.42,1.42,1.42,1.42,300.0
AEMD,2026-09-17T08:20:00Z,1.42,1.42,1.42,1.42,0.0
AEMD,2026-09-17T08:21:00Z,1.42,1.42,1.42,1.42,0.0
AEMD,2026-09-17T08:22:00Z,1.42,1.42,1.42,1.42,0.0
AEMD,2026-09-17T08:23:00Z,1.42,1.42,1.42,1.42,0.0
AEMD,2026-09-17T08:24:00Z,1.42,1.42,1.42,1.42,0.0
AEMD,2026-09-17T08:25:00Z,1.42,1.42,1.42,1.42,0.0
AEMD,2026-09-17T08:26:00Z,1.42,1.42,1.42,1.42,0.0
AEMD,2026-09-17T08:27:00Z,1.42,1.42,1.42,1.42,0.0
AEMD,2026-09-17T08:28:00Z,1.42,1.42,1.42,1.42,0.0
AEMD,2026-09-17T08:29:00Z,1.42,1.42,1.42,1.42,0.0
AEMD,2026-09-17T08:30:00Z,1.42,1.42,1.42,1.42,0.0
AEMD,2026-09-17T08:31:00Z,1.42,1.42,1.42,1.42,0.0
AEMD,2026-09-17T08:32:00Z,1.42,1.42,1.42,1.42,0.0
AEMD,2026-09-17T08:33:00Z,1.42,1.42,1.42,1.42,0.0
AEMD,2026-09-17T08:34:00Z,1.42,1.42,1.42,1.42,0.0
AEMD,2026-09-17T08:35:00Z,1.42,1.42,1.42,1.42,0.0
AEMD,2026-09-17T08:36:00Z,1.42,1.42,1.42,1.42,0.0
AEMD,2026-09-17T08:37:00Z,1.42,1.42,1.42,1.42,0.0
AEMD,2026-09-17T08:38:00Z,1.42,1.42,1.42,1.42,0.0
AEMD,2026-09-17T08:39:00Z,1.42,1.42,1.42,1.42,0.0
AEMD,2026-09-17T08:40:00Z,1.42,1.42,1.42,1.42,0.0
AEMD,2026-09-17T08:41:00Z,1.42,1.42,1.42,1.42,0.0
AEMD,2026-09-17T08:42:00Z,1.42,1.42,1.42,1.42,0.0
AEMD,2026-09-17T08:43:00Z,1.42,1.42,1.42,1.42,0.0
AEMD,2026-09-17T08:44:00Z,1.42,1.42,1.42,1.42,0.0
AEMD,2026-09-17T08:45:00Z,1.42,1.42,1.42,1.42,0.0
AEMD,2026-09-17T08:46:00Z,1.42,1.42,1.42,1.42,0.0
AEMD,2026-09-17T08:47:00Z,1.42,1.42,1.42,1.42,0.0
AEMD,2026-09-17T08:48:00Z,1.42,1.42,1.42,1.42,0.0
AEMD,2026-09-17T08:49:00Z,1.42,1.42,1.42,1.42,0.0
AEMD,2026-09-17T08:50:00Z,1.42,1.42,1.42,1.42,0.0
AEMD,2026-09-17T08:51:00Z,1.42,1.42,1.42,1.42,0.0
AEMD,2026-09-17T08:52:00Z,1.42,1.42,1.42,1.42,0.0
AEMD,2026-09-17T08:53:00Z,1.42,1.42,1.42,1.42,0.0
AEMD,2026-09-17T08:54:00Z,1.42,1.42,1.42,1.42,0.0
AEMD,2026-09-17T08:55:00Z,1.42,1.42,1.42,1.42,0.0
AEMD,2026-09-17T08:56:00Z,1.42,1.42,1.42,1.42,0.0
AEMD,2026-09-17T08:57:00Z,1.42,1.42,1.42,1.42,0.0
AEMD,2026-09-17T08:58:00Z,1.42,1.42,1.42,1.42,0.0
AEMD,2026-09-17T08:59:00Z,1.42,1.42,1.42,1.42,0.0
AEMD,2026-09-17T09:00:00Z,1.42,1.42,1.42,1.42,0.0
AEMD,2026-09-17T09:01:00Z,1.42,1.42,1.42,1.42,0.0
AEMD,2026-09-17T09:02:00Z,1.42,1.42,1.42,1.42,0.0
AEMD,2026-09-17T09:03:00Z,1.42,1.42,1.42,1.42,0.0
AEMD,2026-09-17T09:04:00Z,1.42,1.42,1.42,1.42,0.0
AEMD,2026-09-17T09:05:00Z,1.42,1.42,1.42,1.42,0.0
AEMD,2026-09-17T09:06:00Z,1.42,1.42,1.42,1.42,0.0
AEMD,2026-09-17T09:07:00Z,1.42,1.42,1.42,1.42,0.0
AEMD,2026-09-17T09:08:00Z,1.42,1.42,1.42,1.42,0.0
AEMD,2026-09-17T09:09:00Z,1.42,1.42,1.42,1.42,0.0
AEMD,2026-09-17T09:10:00Z,1.42,1.42,1.42,1.42,0.0
AEMD,2026-09-17T09:11:00Z,1.42,1.42,1.42,1.42,0.0
AEMD,2026-09-17T09:12:00Z,1.42,1.42,1.42,1.42,0.0
AEMD,2026-09-17T09:13:00Z,1.42,1.42,1.42,1.42,0.0
AEMD,2026-09-17T09:14:00Z,1.42,1.42,1.42,1.42,0.0
AEMD,2026-09-17T09:15:00Z,1.42,1.42,1.42,1.42,0.0
AEMD,2026-09-17T09:16:00Z,1.42,1.42,1.42,1.42,0.0
AEMD,2026-09-17T09:17:00Z,1.42,1.42,1.42,1.42,0.0
AEMD,2026-09-17T09:18:00Z,1.42,1.42,1.42,1.42,0.0
AEMD,2026-09-17T09:19:00Z,1.42,1.42,1.42,1.42,0.0
AEMD,2026-09-17T09:20:00Z,1.42,1.42,1.42,1.42,0.0
AEMD,2026-09-17T09:21:00Z,1.42,1.42,1.42,1.42,0.0
AEMD,2026-09-17T09:22:00Z,1.42,1.42,1.42,1.42,0.0
AEMD,2026-09-17T09:23:00Z,1.42,1.42,1.42,1.42,0.0
AEMD,2026-09-17T09:24:00Z,1.42,1.42,1.42,1.42,0.0
AEMD,2026-09-17T09:25:00Z,1.42,1.42,1.42,1.42,0.0
AEMD,2026-09-17T09:26:00Z,1.42,1.42,1.42,1.42,0.0
AEMD,2026-09-17T09:27:00Z,1.42,1.42,1.42,1.42,0.0
AEMD,2026-09-17T09:28:00Z,1.42,1.42,1.42,1.42,0.0
AEMD,2026-09-17T09:29:00Z,1.42,1.42,1.42,1.42,0.0
AEMD,2026-09-17T09:30:00Z,1.42,1.42,1.42,1.42,0.0
AEMD,2026-09-17T09:31:00Z,1.42,1.42,1.42,1.42,0.0
AEMD,2026-09-17T09:32:00Z,1.42,1.42,1.42,1.42,0.0
AEMD,2026-09-17T09:33:00Z,1.42,1.42,1.42,1.42,0.0
AEMD,2026-09-17T09:34:00Z,1.42,1.42,1.42,1.42,0.0
AEMD,2026-09-17T09:35:00Z,1.42,1.42,1.42,1.42,0.0
AEMD,2026-09-17T09:36:00Z,1.42,1.42,1.42,1.42,0.0
AEMD,2026-09-17T09:37:00Z,1.42,1.42,1.42,1.42,0.0
AEMD,2026-09-17T09:38:00Z,1.42,1.42,1.42,1.42,0.0
AEMD,2026-09-17T09:39:00Z,1.42,1.42,1.42,1.42,0.0
AEMD,2026-09-17T09:40:00Z,1.42,1.42,1.42,1.42,0.0
AEMD,2026-09-17T09:41:00Z,1.42,1.42,1.42,1.42,0.0
AEMD,2026-09-17T09:42:00Z,1.42,1.42,1.42,1.42,0.0
AEMD,2026-09-17T09:43:00Z,1.42,1.42,1.42,1.42,0.0
AEMD,2026-09-17T09:44:00Z,1.26,1.26,1.26,1.26,386.0
AEMD,2026-09-17T09:45:00Z,1.26,1.26,1.26,1.26,0.0
AEMD,2026-09-17T09:46:00Z,1.4,1.4,1.4,1.4,246.0
AEMD,2026-09-17T09:47:00Z,1.4,1.4,1.4,1.4,0.0
AEMD,2026-09-17T09:48:00Z,1.4,1.4,1.4,1.4,0.0
AEMD,2026-09-17T09:49:00Z,1.4,1.4,1.4,1.4,0.0
AEMD,2026-09-17T09:50:00Z,1.4,1.4,1.4,1.4,0.0
AEMD,2026-09-17T09:51:00Z,1.4,1.4,1.4,1.4,0.0
AEMD,2026-09-17T09:52:00Z,1.4,1.4,1.4,1.4,0.0
AEMD,2026-09-17T09:53:00Z,1.4,1.4,1.4,1.4,0.0
AEMD,2026-09-17T09:54:00Z,1.4,1.4,1.4,1.4,0.0
AEMD,2026-09-17T09:55:00Z,1.4,1.4,1.4,1.4,0.0
AEMD,2026-09-17T09:56:00Z,1.4,1.4,1.4,1.4,0.0
AEMD,2026-09-17T09:57:00Z,1.4,1.4,1.4,1.4,0.0
AEMD,2026-09-17T09:58:00Z,1.4,1.4,1.4,1.4,0.0
AEMD,2026-09-17T09:59:00Z,1.4,1.4,1.4,1.4,0.0
AEMD,2026-09-17T10:00:00Z,1.4,1.4,1.4,1.4,0.0
AEMD,2026-09-17T10:01:00Z,1.4,1.4,1.4,1.4,0.0
AEMD,2026-09-17T10:02:00Z,1.4,1.4,1.4,1.4,0.0
AEMD,2026-09-17T10:03:00Z,1.4,1.4,1.4,1.4,0.0
AEMD,2026-09-17T10:04:00Z,1.4,1.4,1.4,1.4,0.0
AEMD,2026-09-17T10:05:00Z,1.4,1.4,1.4,1.4,0.0
AEMD,2026-09-17T10:06:00Z,1.4,1.4,1.4,1.4,0.0
AEMD,2026-09-17T10:07:00Z,1.4,1.4,1.4,1.4,0.0
AEMD,2026-09-17T10:08:00Z,1.4,1.4,1.4,1.4,0.0
AEMD,2026-09-17T10:09:00Z,1.4,1.4,1.4,1.4,0.0
AEMD,2026-09-17T10:10:00Z,1.4,1.4,1.4,1.4,0.0
AEMD,2026-09-17T10:11:00Z,1.4,1.4,1.4,1.4,0.0
AEMD,2026-09-17T10:12:00Z,1.4,1.4,1.4,1.4,0.0
AEMD,2026-09-17T10:13:00Z,1.4,1.4,1.4,1.4,0.0
AEMD,2026-09-17T10:14:00Z,1.4,1.4,1.4,1.4,0.0
AEMD,2026-09-17T10:15:00Z,1.4,1.4,1.4,1.4,0.0
AEMD,2026-09-17T10:16:00Z,1.4,1.4,1.4,1.4,0.0
AEMD,2026-09-17T10:17:00Z,1.4,1.4,1.4,1.4,0.0
AEMD,2026-09-17T10:18:00Z,1.4,1.4,1.4,1.4,0.0
AEMD,2026-09-17T10:19:00Z,1.4,1.4,1.4,1.4,0.0
AEMD,2026-09-17T10:20:00Z,1.4,1.4,1.4,1.4,0.0
AEMD,2026-09-17T10:21:00Z,1.4,1.4,1.4,1.4,0.0
AEMD,2026-09-17T10:22:00Z,1.4,1.4,1.4,1.4,0.0
AEMD,2026-09-17T10:23:00Z,1.4,1.4,1.4,1.4,0.0
AEMD,2026-09-17T10:24:00Z,1.4,1.4,1.4,1.4,0.0
AEMD,2026-09-17T10:25:00Z,1.4,1.4,1.4,1.4,0.0
AEMD,2026-09-17T10:26:00Z,1.4,1.4,1.4,1.4,0.0
AEMD,2026-09-17T10:27:00Z,1.4,1.4,1.4,1.4,0.0
AEMD,2026-09-17T10:28:00Z,1.4,1.4,1.4,1.4,0.0
AEMD,2026-09-17T10:29:00Z,1.4,1.4,1.4,1.4,0.0
AEMD,2026-09-17T10:30:00Z,1.4,3.15,1.4,2.96,218254.0
AEMD,2026-09-17T10:31:00Z,2.975,3.25,2.41,3.15,545287.0
AEMD,2026-09-17T10:32:00Z,3.15,3.26,2.61,2.76,445884.0
AEMD,2026-09-17T10:33:00Z,2.73,2.95,2.54,2.66,421612.0
AEMD,2026-09-17T10:34:00Z,2.64,2.92,2.55,2.831,384138.0
AEMD,2026-09-17T10:35:00Z,2.84,2.8668,2.41,2.6478,521144.0
AEMD,2026-09-17T10:36:00Z,2.6495,3.1,2.58,3.0691,486521.0
AEMD,2026-09-17T10:37:00Z,3.03,3.26,2.8801,3.2389,498775.0
AEMD,2026-09-17T10:38:00Z,3.21,3.24,2.9,2.98,442097.0
AEMD,2026-09-17T10:39:00Z,2.99,3.24,2.85,3.17,429274.0
AEMD,2026-09-17T10:40:00Z,3.17,3.77,3.16,3.48,814321.0
AEMD,2026-09-17T10:41:00Z,3.48,3.64,3.38,3.5103,465753.0
AEMD,2026-09-17T10:42:00Z,3.53,4.48,3.51,4.24,905474.0
AEMD,2026-09-17T10:43:00Z,4.1463,14.0,4.02,5.75,1223388.0
AEMD,2026-09-17T10:44:00Z,5.66,7.0,5.42,6.3192,694888.0
AEMD,2026-09-17T10:45:00Z,6.32,7.49,5.6,6.8896,454903.0
AEMD,2026-09-17T10:46:00Z,6.72,7.36,6.25,6.3593,403211.0
AEMD,2026-09-17T10:47:00Z,6.3409,7.2,6.26,6.87,350135.0
AEMD,2026-09-17T10:48:00Z,6.87,6.91,6.46,6.74,175597.0
AEMD,2026-09-17T10:49:00Z,6.73,6.89,6.21,6.4003,265571.0
AEMD,2026-09-17T10:50:00Z,6.46,6.6,5.97,6.4,289202.0
AEMD,2026-09-17T10:51:00Z,6.4,6.5,6.08,6.2522,181595.0
AEMD,2026-09-17T10:52:00Z,6.3,6.53,6.15,6.28,231359.0
AEMD,2026-09-17T10:53:00Z,6.32,6.43,6.07,6.43,148335.0
AEMD,2026-09-17T10:54:00Z,6.43,7.49,6.25,7.2,431830.0
AEMD,2026-09-17T10:55:00Z,7.24,8.0,7.19,7.81,515919.0
AEMD,2026-09-17T10:56:00Z,7.81,9.75,7.7,8.8684,635803.0
AEMD,2026-09-17T10:57:00Z,8.82,8.91,7.45,7.8714,379983.0
AEMD,2026-09-17T10:58:00Z,7.89,8.19,7.78,8.1,240002.0
AEMD,2026-09-17T10:59:00Z,8.03,8.45,7.95,8.45,177104.0
AEMD,2026-09-17T11:00:00Z,8.41,8.5,7.67,7.84,428314.0
AEMD,2026-09-17T11:01:00Z,7.81,7.92,7.23,7.52,335234.0
AEMD,2026-09-17T11:02:00Z,7.5,7.9,7.5,7.71,165100.0
AEMD,2026-09-17T11:03:00Z,7.71,8.11,7.57,7.99,194090.0
AEMD,2026-09-17T11:04:00Z,7.985,8.2,7.5,7.7427,214627.0
AEMD,2026-09-17T11:05:00Z,7.7446,7.79,7.52,7.63,110311.0
AEMD,2026-09-17T11:06:00Z,7.61,7.85,7.4,7.85,170644.0
AEMD,2026-09-17T11:07:00Z,7.89,7.99,7.66,7.67,213643.0
AEMD,2026-09-17T11:08:00Z,7.7,7.8,7.43,7.64,114956.0
AEMD,2026-09-17T11:09:00Z,7.62,7.69,7.5043,7.61,82362.0
AEMD,2026-09-17T11:10:00Z,7.6088,7.62,6.55,6.6198,331265.0
AEMD,2026-09-17T11:11:00Z,6.5905,7.18,6.57,7.01,227314.0
AEMD,2026-09-17T11:12:00Z,7.01,7.1386,6.79,6.94,116462.0
AEMD,2026-09-17T11:13:00Z,6.94,7.3,6.87,7.11,176038.0
AEMD,2026-09-17T11:14:00Z,7.1,7.15,7.0,7.0603,69186.0
AEMD,2026-09-17T11:15:00Z,7.1168,7.1168,6.83,6.99,124615.0
AEMD,2026-09-17T11:16:00Z,7.03,8.13,7.02,7.89,616794.0
AEMD,2026-09-17T11:17:00Z,7.88,8.1,7.63,8.08,284706.0
AEMD,2026-09-17T11:18:00Z,8.0782,8.1,7.7,7.98,224533.0
AEMD,2026-09-17T11:19:00Z,7.97,8.15,7.82,8.01,178353.0
AEMD,2026-09-17T11:20:00Z,8.01,8.26,7.4221,7.82,355558.0
AEMD,2026-09-17T11:21:00Z,7.93,7.93,7.6,7.68,123388.0
AEMD,2026-09-17T11:22:00Z,7.68,7.92,7.61,7.75,109309.0
AEMD,2026-09-17T11:23:00Z,7.77,8.08,7.77,7.8704,131459.0
AEMD,2026-09-17T11:24:00Z,7.87,8.0,7.67,7.76,131379.0
AEMD,2026-09-17T11:25:00Z,7.72,7.8444,7.52,7.66,99473.0
AEMD,2026-09-17T11:26:00Z,7.64,7.66,7.2,7.2791,176757.0
AEMD,2026-09-17T11:27:00Z,7.28,7.35,7.01,7.29,150865.0
AEMD,2026-09-17T11:28:00Z,7.295,7.63,7.29,7.54,153050.0
AEMD,2026-09-17T11:29:00Z,7.52,7.63,7.35,7.626,101547.0
AEMD,2026-09-17T11:30:00Z,7.62,7.8,7.39,7.4503,136839.0
AEMD,2026-09-17T11:31:00Z,7.4611,7.5597,7.19,7.19,133195.0
AEMD,2026-09-17T11:32:00Z,7.22,7.3,6.82,7.25,188476.0
AEMD,2026-09-17T11:33:00Z,7.23,7.39,7.06,7.1199,117308.0
AEMD,2026-09-17T11:34:00Z,7.1,7.15,6.95,6.98,104752.0
AEMD,2026-09-17T11:35:00Z,6.98,7.06,6.81,7.0377,145268.0
AEMD,2026-09-17T11:36:00Z,7.03,7.03,6.74,6.8537,131012.0
AEMD,2026-09-17T11:37:00Z,6.8519,7.26,6.71,7.21,175101.0
AEMD,2026-09-17T11:38:00Z,7.2,7.26,6.94,7.07,96736.0
AEMD,2026-09-17T11:39:00Z,7.0776,7.15,6.98,7.03,39756.0
AEMD,2026-09-17T11:40:00Z,7.0638,7.39,7.03,7.0899,166444.0
AEMD,2026-09-17T11:41:00Z,7.0899,7.15,6.9,7.05,94590.0
AEMD,2026-09-17T11:42:00Z,7.03,7.06,6.9,6.96,67773.0
AEMD,2026-09-17T11:43:00Z,6.97,7.27,6.97,7.1896,112747.0
AEMD,2026-09-17T11:44:00Z,7.1803,7.6,7.1,7.45,289078.0
AEMD,2026-09-17T11:45:00Z,7.446,7.58,7.2101,7.2814,193558.0
AEMD,2026-09-17T11:46:00Z,7.29,7.32,7.0,7.0494,161102.0
AEMD,2026-09-17T11:47:00Z,7.04,7.09,6.96,6.97,77189.0
AEMD,2026-09-17T11:48:00Z,6.97,7.03,6.87,6.98,107576.0
AEMD,2026-09-17T11:49:00Z,6.99,7.09,6.95,6.95,54342.0
AEMD,2026-09-17T11:50:00Z,6.94,7.05,6.8,7.02,118392.0
AEMD,2026-09-17T11:51:00Z,7.0177,7.05,6.91,6.9131,44416.0
AEMD,2026-09-17T11:52:00Z,6.9325,7.11,6.88,6.9207,80368.0
AEMD,2026-09-17T11:53:00Z,6.92,6.94,6.88,6.91,35306.0
AEMD,2026-09-17T11:54:00Z,6.93,7.04,6.86,6.9293,58721.0
AEMD,2026-09-17T11:55:00Z,6.92,6.9351,6.8,6.84,79064.0
AEMD,2026-09-17T11:56:00Z,6.85,6.93,6.62,6.64,176681.0
AEMD,2026-09-17T11:57:00Z,6.6228,6.73,6.56,6.67,123070.0
AEMD,2026-09-17T11:58:00Z,6.67,6.73,6.66,6.73,75651.0
AEMD,2026-09-17T11:59:00Z,6.74,6.7844,6.6,6.6,73906.0
AEMD,2026-09-17T12:00:00Z,6.6,6.79,6.5,6.75,145823.0
AEMD,2026-09-17T12:01:00Z,6.76,6.76,6.68,6.68,60301.0
AEMD,2026-09-17T12:02:00Z,6.6819,6.99,6.63,6.99,67901.0
AEMD,2026-09-17T12:03:00Z,6.94,7.0,6.88,6.93,135281.0
AEMD,2026-09-17T12:04:00Z,6.8937,6.93,6.78,6.8,49892.0
AEMD,2026-09-17T12:05:00Z,6.7901,6.8097,6.62,6.6741,69161.0
AEMD,2026-09-17T12:06:00Z,6.7,7.23,6.68,7.2,167331.0
AEMD,2026-09-17T12:07:00Z,7.22,7.3,7.07,7.11,202188.0
AEMD,2026-09-17T12:08:00Z,7.12,7.23,7.02,7.14,114404.0
AEMD,2026-09-17T12:09:00Z,7.12,7.14,7.02,7.03,50825.0
AEMD,2026-09-17T12:10:00Z,7.06,7.36,7.02,7.3238,200987.0
AEMD,2026-09-17T12:11:00Z,7.3262,8.11,7.3262,7.87,890106.0
AEMD,2026-09-17T12:12:00Z,7.87,8.0,7.65,7.8,266506.0
AEMD,2026-09-17T12:13:00Z,7.8,7.87,7.7,7.82,182367.0
AEMD,2026-09-17T12:14:00Z,7.83,7.84,7.64,7.75,176624.0
AEMD,2026-09-17T12:15:00Z,7.7415,8.06,7.25,7.38,540060.0
AEMD,2026-09-17T12:16:00Z,7.4,7.45,7.18,7.27,255053.0
AEMD,2026-09-17T12:17:00Z,7.25,7.3199,7.12,7.26,123306.0
AEMD,2026-09-17T12:18:00Z,7.28,7.36,7.15,7.1799,110114.0
AEMD,2026-09-17T12:19:00Z,7.18,7.29,7.14,7.2005,64314.0
AEMD,2026-09-17T12:20:00Z,7.24,7.47,7.21,7.45,145607.0
AEMD,2026-09-17T12:21:00Z,7.43,7.66,7.38,7.58,203307.0
AEMD,2026-09-17T12:22:00Z,7.58,7.6,7.2,7.25,136860.0
AEMD,2026-09-17T12:23:00Z,7.2477,7.2978,7.11,7.2,110214.0
AEMD,2026-09-17T12:24:00Z,7.18,7.35,6.88,6.9495,198793.0
AEMD,2026-09-17T12:25:00Z,6.94,7.23,6.92,7.21,144603.0
AEMD,2026-09-17T12:26:00Z,7.21,7.27,7.1419,7.1625,80591.0
AEMD,2026-09-17T12:27:00Z,7.16,7.44,7.14,7.4371,88345.0
AEMD,2026-09-17T12:28:00Z,7.41,7.48,7.32,7.45,144935.0
AEMD,2026-09-17T12:29:00Z,7.4797,7.51,7.34,7.4,79916.0
AEMD,2026-09-17T12:30:00Z,7.38,7.5,7.3,7.45,86479.0
AEMD,2026-09-17T12:31:00Z,7.45,7.66,7.27,7.32,200343.0
AEMD,2026-09-17T12:32:00Z,7.33,7.49,7.25,7.35,84388.0
AEMD,2026-09-17T12:33:00Z,7.3791,7.49,7.29,7.4046,52637.0
AEMD,2026-09-17T12:34:00Z,7.41,7.68,7.31,7.55,72485.0
AEMD,2026-09-17T12:35:00Z,7.58,7.7,7.52,7.69,170147.0
AEMD,2026-09-17T12:36:00Z,7.67,7.77,7.53,7.53,91920.0
AEMD,2026-09-17T12:37:00Z,7.53,7.53,7.24,7.3,147772.0
AEMD,2026-09-17T12:38:00Z,7.26,7.54,7.24,7.4998,55739.0
AEMD,2026-09-17T12:39:00Z,7.4727,7.48,7.45,7.4504,3357.0
AEMD,2026-09-17T12:40:00Z,7.451,7.58,7.41,7.54,45444.0
AEMD,2026-09-17T12:41:00Z,7.55,7.7,7.47,7.6492,70246.0
AEMD,2026-09-17T12:42:00Z,7.63,7.67,7.557,7.6,61566.0
AEMD,2026-09-17T12:43:00Z,7.6,7.63,7.4724,7.52,48087.0
AEMD,2026-09-17T12:44:00Z,7.53,8.2,7.5219,7.55,265809.0
AEMD,2026-09-17T12:45:00Z,7.57,8.0,7.41,7.87,176667.0
AEMD,2026-09-17T12:46:00Z,7.86,7.89,7.67,7.7,128062.0
AEMD,2026-09-17T12:47:00Z,7.7081,7.75,7.65,7.66,75458.0
AEMD,2026-09-17T12:48:00Z,7.66,7.75,7.65,7.68,42255.0
AEMD,2026-09-17T12:49:00Z,7.67,7.77,7.5,7.6269,121315.0
AEMD,2026-09-17T12:50:00Z,7.61,7.65,7.48,7.64,63700.0
AEMD,2026-09-17T12:51:00Z,7.6135,7.81,7.61,7.73,70785.0
AEMD,2026-09-17T12:52:00Z,7.7554,7.8715,7.7,7.81,87543.0
AEMD,2026-09-17T12:53:00Z,7.82,7.86,7.55,7.56,101200.0
AEMD,2026-09-17T12:54:00Z,7.5694,7.6661,7.21,7.23,191613.0
AEMD,2026-09-17T12:55:00Z,7.26,7.5,7.25,7.47,95355.0
AEMD,2026-09-17T12:56:00Z,7.47,7.65,7.46,7.6,79473.0
AEMD,2026-09-17T12:57:00Z,7.58,7.58,7.46,7.5,33869.0
AEMD,2026-09-17T12:58:00Z,7.49,7.55,7.43,7.4598,49777.0
AEMD,2026-09-17T12:59:00Z,7.45,7.4992,7.4107,7.49,19509.0
AEMD,2026-09-17T13:00:00Z,7.4897,7.7,7.4603,7.67,86383.0
AEMD,2026-09-17T13:01:00Z,7.69,7.78,7.64,7.73,96095.0
AEMD,2026-09-17T13:02:00Z,7.73,7.7301,7.58,7.68,69207.0
AEMD,2026-09-17T13:03:00Z,7.679,7.72,7.57,7.69,43992.0
AEMD,2026-09-17T13:04:00Z,7.6873,7.69,7.6293,7.6469,21123.0
AEMD,2026-09-17T13:05:00Z,7.65,8.1,7.63,7.96,280814.0
AEMD,2026-09-17T13:06:00Z,8.0192,8.42,7.59,8.35,283205.0
AEMD,2026-09-17T13:07:00Z,8.37,8.5299,8.1,8.2603,453425.0
AEMD,2026-09-17T13:08:00Z,8.28,8.96,7.5,7.9197,684154.0
AEMD,2026-09-17T13:09:00Z,7.9,7.97,7.63,7.8692,215792.0
AEMD,2026-09-17T13:10:00Z,7.84,8.35,7.84,8.18,190865.0
AEMD,2026-09-17T13:11:00Z,8.19,8.26,7.94,8.1409,156799.0
AEMD,2026-09-17T13:12:00Z,8.1405,8.41,8.02,8.38,129343.0
AEMD,2026-09-17T13:13:00Z,8.23,8.5,8.23,8.44,168153.0
AEMD,2026-09-17T13:14:00Z,8.47,8.73,8.4,8.61,233820.0
AEMD,2026-09-17T13:15:00Z,8.62,9.4,8.44,9.0458,411926.0
AEMD,2026-09-17T13:16:00Z,9.04,9.11,8.7,8.94,262126.0
AEMD,2026-09-17T13:17:00Z,8.94,9.04,8.72,8.8,184865.0
AEMD,2026-09-17T13:18:00Z,8.84,8.94,8.65,8.65,157704.0
AEMD,2026-09-17T13:19:00Z,8.66,9.01,8.6092,8.8907,218047.0
AEMD,2026-09-17T13:20:00Z,8.94,9.19,8.82,9.04,218060.0
AEMD,2026-09-17T13:21:00Z,9.04,9.83,8.96,9.22,519324.0
AEMD,2026-09-17T13:22:00Z,9.21,9.28,8.86,8.99,222472.0
AEMD,2026-09-17T13:23:00Z,9.0,9.0,8.43,8.5,342627.0
AEMD,2026-09-17T13:24:00Z,8.516,8.7,8.4103,8.49,115854.0
AEMD,2026-09-17T13:25:00Z,8.47,8.5,8.12,8.26,184900.0
AEMD,2026-09-17T13:26:00Z,8.26,8.55,8.25,8.5,88699.0
AEMD,2026-09-17T13:27:00Z,8.4982,8.68,8.46,8.64,88905.0
AEMD,2026-09-17T13:28:00Z,8.59,8.68,8.5,8.57,57066.0
AEMD,2026-09-17T13:29:00Z,8.6,8.62,8.4,8.53,81847.0
AEMD,2026-09-17T13:30:00Z,8.51,9.2499,8.29,8.9,1041546.0
AEMD,2026-09-17T13:31:00Z,8.9,9.5,8.63,9.04,1029216.0
AEMD,2026-09-17T13:32:00Z,9.05,9.44,8.8,9.0,571569.0
AEMD,2026-09-17T13:33:00Z,8.985,9.03,7.7601,8.1,730792.0
AEMD,2026-09-17T13:34:00Z,8.12,8.4899,8.07,8.318,330413.0
AEMD,2026-09-17T13:35:00Z,8.3199,8.4,7.95,8.2799,281000.0
AEMD,2026-09-17T13:36:00Z,8.28,8.4,7.86,8.0,218587.0
AEMD,2026-09-17T13:37:00Z,8.02,8.05,7.5001,7.6888,440697.0
AEMD,2026-09-17T13:38:00Z,7.67,7.9299,7.5701,7.759,210949.0
AEMD,2026-09-17T13:39:00Z,7.75,8.16,7.75,8.0299,246321.0
AEMD,2026-09-17T13:40:00Z,8.09,8.62,7.92,8.62,352185.0
AEMD,2026-09-17T13:41:00Z,8.636,8.8499,8.42,8.55,576870.0
AEMD,2026-09-17T13:42:00Z,8.5498,8.64,8.33,8.3726,236988.0
AEMD,2026-09-17T13:43:00Z,8.4454,8.45,7.76,7.855,368378.0
AEMD,2026-09-17T13:44:00Z,7.8301,7.94,7.63,7.85,281277.0
AEMD,2026-09-17T13:45:00Z,7.85,8.18,7.8,8.0084,299126.0
AEMD,2026-09-17T13:46:00Z,8.01,8.27,7.92,8.03,269798.0
AEMD,2026-09-17T13:47:00Z,8.0198,8.11,7.77,7.7918,184299.0
AEMD,2026-09-17T13:48:00Z,7.82,8.4999,7.81,8.41,321440.0
AEMD,2026-09-17T13:49:00Z,8.41,8.46,8.15,8.225,238392.0
AEMD,2026-09-17T13:50:00Z,8.2256,8.3299,7.92,7.92,215815.0
AEMD,2026-09-17T13:51:00Z,7.9202,8.1197,7.8503,8.04,170795.0
AEMD,2026-09-17T13:52:00Z,8.07,8.3,8.0,8.1499,255932.0
AEMD,2026-09-17T13:53:00Z,8.15,8.21,7.91,8.06,193711.0
AEMD,2026-09-17T13:54:00Z,8.08,8.66,7.87,8.22,636561.0
AEMD,2026-09-17T13:55:00Z,8.24,8.79,8.14,8.571,471243.0
AEMD,2026-09-17T13:56:00Z,8.5601,8.8,8.42,8.8,468973.0
AEMD,2026-09-17T13:57:00Z,8.7986,9.0,8.44,8.65,729017.0
AEMD,2026-09-17T13:58:00Z,8.65,8.6694,8.07,8.2,383108.0
AEMD,2026-09-17T13:59:00Z,8.215,8.32,7.3401,7.62,588174.0
AEMD,2026-09-17T14:00:00Z,7.605,7.96,7.56,7.93,309423.0
AEMD,2026-09-17T14:01:00Z,7.91,8.08,7.71,7.84,241011.0
AEMD,2026-09-17T14:02:00Z,7.83,7.89,7.54,7.8,234870.0
AEMD,2026-09-17T14:03:00Z,7.8,7.85,7.6,7.66,155721.0
AEMD,2026-09-17T14:04:00Z,7.65,7.9,7.46,7.69,274072.0
AEMD,2026-09-17T14:05:00Z,7.6801,7.78,7.6,7.75,133414.0
AEMD,2026-09-17T14:06:00Z,7.76,7.98,7.7,7.92,167614.0
AEMD,2026-09-17T14:07:00Z,7.93,7.98,7.1701,7.6894,342975.0
AEMD,2026-09-17T14:08:00Z,7.665,7.74,7.51,7.57,108671.0
AEMD,2026-09-17T14:09:00Z,7.57,7.61,7.37,7.4783,134901.0
AEMD,2026-09-17T14:10:00Z,7.475,7.488,7.021,7.355,416317.0
AEMD,2026-09-17T14:11:00Z,7.3225,7.37,7.0901,7.28,134469.0
AEMD,2026-09-17T14:12:00Z,7.28,7.44,7.27,7.43,102635.0
AEMD,2026-09-17T14:13:00Z,7.43,7.43,7.2001,7.3,71041.0
AEMD,2026-09-17T14:14:00Z,7.305,7.39,7.2001,7.35,48471.0
AEMD,2026-09-17T14:15:00Z,7.35,7.39,7.1101,7.1505,147794.0
AEMD,2026-09-17T14:16:00Z,7.12,7.16,6.7803,6.9336,382467.0
AEMD,2026-09-17T14:17:00Z,6.94,6.97,6.7001,6.81,301653.0
AEMD,2026-09-17T14:18:00Z,6.8,6.9,6.61,6.6998,243762.0
AEMD,2026-09-17T14:19:00Z,6.7,6.86,6.64,6.8524,119692.0
AEMD,2026-09-17T14:20:00Z,6.8201,7.02,6.8201,6.99,153675.0
AEMD,2026-09-17T14:21:00Z,7.0,7.01,6.87,6.88,75093.0
AEMD,2026-09-17T14:22:00Z,6.89,6.99,6.85,6.94,64963.0
AEMD,2026-09-17T14:23:00Z,6.91,7.0,6.85,7.0,70197.0
AEMD,2026-09-17T14:24:00Z,6.97,7.42,6.97,7.295,380481.0
AEMD,2026-09-17T14:25:00Z,7.27,7.49,7.2,7.28,290948.0
AEMD,2026-09-17T14:26:00Z,7.3,7.315,7.18,7.29,90417.0
AEMD,2026-09-17T14:27:00Z,7.25,7.28,7.111,7.111,122185.0
AEMD,2026-09-17T14:28:00Z,7.1108,7.17,7.03,7.09,108044.0
AEMD,2026-09-17T14:29:00Z,7.09,7.18,7.03,7.1494,73522.0
AEMD,2026-09-17T14:30:00Z,7.1414,7.17,6.9202,6.9989,108398.0
AEMD,2026-09-17T14:31:00Z,6.98,7.05,6.92,6.9241,54235.0
AEMD,2026-09-17T14:32:00Z,6.92,7.02,6.86,6.98,75141.0
AEMD,2026-09-17T14:33:00Z,6.9732,7.03,6.7118,6.73,117267.0
AEMD,2026-09-17T14:34:00Z,6.7499,7.04,6.71,6.9501,85319.0
AEMD,2026-09-17T14:35:00Z,6.96,7.02,6.95,6.98,64037.0
AEMD,2026-09-17T14:36:00Z,6.9939,7.04,6.92,6.9391,78083.0
AEMD,2026-09-17T14:37:00Z,6.92,6.98,6.8201,6.84,57718.0
AEMD,2026-09-17T14:38:00Z,6.84,6.92,6.7718,6.91,62649.0
AEMD,2026-09-17T14:39:00Z,6.92,7.05,6.85,7.02,122297.0
AEMD,2026-09-17T14:40:00Z,7.02,7.03,6.8143,6.86,103648.0
AEMD,2026-09-17T14:41:00Z,6.8601,6.9099,6.8,6.82,43962.0
AEMD,2026-09-17T14:42:00Z,6.82,6.8569,6.73,6.7335,38408.0
AEMD,2026-09-17T14:43:00Z,6.7316,6.7999,6.6001,6.65,112563.0
AEMD,2026-09-17T14:44:00Z,6.65,6.9,6.6,6.855,121119.0
AEMD,2026-09-17T14:45:00Z,6.86,6.89,6.7,6.725,69585.0
AEMD,2026-09-17T14:46:00Z,6.735,6.8,6.73,6.8,18133.0
AEMD,2026-09-17T14:47:00Z,6.7982,6.8378,6.65,6.6701,86100.0
AEMD,2026-09-17T14:48:00Z,6.71,6.8,6.68,6.79,45031.0
AEMD,2026-09-17T14:49:00Z,6.775,6.9,6.77,6.8763,58821.0
AEMD,2026-09-17T14:50:00Z,6.89,7.06,6.8501,7.0599,261021.0
AEMD,2026-09-17T14:51:00Z,7.03,7.45,6.98,7.3,373103.0
AEMD,2026-09-17T14:52:00Z,7.2895,7.7199,7.28,7.479,434142.0
AEMD,2026-09-17T14:53:00Z,7.48,7.5,7.22,7.34,160525.0
AEMD,2026-09-17T14:54:00Z,7.35,7.64,7.33,7.5799,337105.0
AEMD,2026-09-17T14:55:00Z,7.5799,7.67,7.43,7.59,253780.0
AEMD,2026-09-17T14:56:00Z,7.5822,7.92,7.4,7.69,412796.0
AEMD,2026-09-17T14:57:00Z,7.705,7.8,7.59,7.6894,204988.0
AEMD,2026-09-17T14:58:00Z,7.6517,7.69,7.35,7.54,218255.0
AEMD,2026-09-17T14:59:00Z,7.54,7.54,7.1101,7.1318,250679.0
AEMD,2026-09-17T15:00:00Z,7.16,7.3,7.13,7.2207,144914.0
AEMD,2026-09-17T15:01:00Z,7.235,7.4699,7.22,7.39,162231.0
AEMD,2026-09-17T15:02:00Z,7.375,7.43,7.26,7.397,87866.0
AEMD,2026-09-17T15:03:00Z,7.3701,7.7,7.3,7.61,206348.0
AEMD,2026-09-17T15:04:00Z,7.605,7.63,6.9501,7.2335,315780.0
AEMD,2026-09-17T15:05:00Z,7.23,7.3,7.15,7.1601,119696.0
AEMD,2026-09-17T15:06:00Z,7.1799,7.23,7.1,7.1696,89213.0
AEMD,2026-09-17T15:07:00Z,7.17,7.4399,7.15,7.32,113925.0
AEMD,2026-09-17T15:08:00Z,7.3286,7.3792,7.2501,7.29,72265.0
AEMD,2026-09-17T15:09:00Z,7.296,7.296,7.21,7.24,27168.0
AEMD,2026-09-17T15:10:00Z,7.24,7.29,7.13,7.165,38212.0
AEMD,2026-09-17T15:11:00Z,7.18,7.22,7.0524,7.07,61648.0
AEMD,2026-09-17T15:12:00Z,7.0895,7.12,6.9,6.945,148273.0
AEMD,2026-09-17T15:13:00Z,6.9599,7.1,6.8801,7.042,75064.0
AEMD,2026-09-17T15:14:00Z,7.04,7.17,7.02,7.1699,76856.0
AEMD,2026-09-17T15:15:00Z,7.17,7.2,7.08,7.0965,59590.0
AEMD,2026-09-17T15:16:00Z,7.1079,7.22,6.9501,7.16,60760.0
AEMD,2026-09-17T15:17:00Z,7.17,7.2,7.06,7.1599,40654.0
AEMD,2026-09-17T15:18:00Z,7.1581,7.1581,7.0401,7.0814,24742.0
AEMD,2026-09-17T15:19:00Z,7.07,7.1,6.99,6.99,51130.0
AEMD,2026-09-17T15:20:00Z,7.0,7.14,6.9935,7.05,26248.0
AEMD,2026-09-17T15:21:00Z,7.03,7.07,6.97,6.97,32573.0
AEMD,2026-09-17T15:22:00Z,6.97,7.0899,6.7401,7.06,90954.0
AEMD,2026-09-17T15:23:00Z,7.04,7.0499,6.96,6.96,31449.0
AEMD,2026-09-17T15:24:00Z,6.9601,6.9886,6.85,6.8501,59952.0
AEMD,2026-09-17T15:25:00Z,6.88,6.94,6.77,6.78,103733.0
AEMD,2026-09-17T15:26:00Z,6.8,6.89,6.79,6.85,38730.0
AEMD,2026-09-17T15:27:00Z,6.85,6.95,6.84,6.92,64241.0
AEMD,2026-09-17T15:28:00Z,6.901,7.0,6.9,6.9301,46909.0
AEMD,2026-09-17T15:29:00Z,6.96,7.07,6.93,7.03,54599.0
AEMD,2026-09-17T15:30:00Z,7.0202,7.0235,6.95,7.0001,54526.0
AEMD,2026-09-17T15:31:00Z,7.0066,7.0199,7.0,7.0001,11565.0
BIAF,2026-09-17T08:11:00Z,5.35,5.35,5.35,5.35,225.0
BIAF,2026-09-17T08:12:00Z,5.35,5.35,5.35,5.35,0.0
BIAF,2026-09-17T08:13:00Z,5.35,5.35,5.35,5.35,0.0
BIAF,2026-09-17T08:14:00Z,5.35,5.35,5.35,5.35,0.0
BIAF,2026-09-17T08:15:00Z,5.35,5.35,5.35,5.35,0.0
BIAF,2026-09-17T08:16:00Z,5.35,5.35,5.35,5.35,0.0
BIAF,2026-09-17T08:17:00Z,5.35,5.35,5.35,5.35,0.0
BIAF,2026-09-17T08:18:00Z,5.35,5.35,5.35,5.35,0.0
BIAF,2026-09-17T08:19:00Z,5.35,5.35,5.35,5.35,0.0
BIAF,2026-09-17T08:20:00Z,5.35,5.35,5.35,5.35,0.0
BIAF,2026-09-17T08:21:00Z,5.35,5.35,5.35,5.35,0.0
BIAF,2026-09-17T08:22:00Z,5.35,5.35,5.35,5.35,0.0
BIAF,2026-09-17T08:23:00Z,5.35,5.35,5.35,5.35,0.0
BIAF,2026-09-17T08:24:00Z,5.35,5.35,5.35,5.35,0.0
BIAF,2026-09-17T08:25:00Z,5.35,5.35,5.35,5.35,0.0
BIAF,2026-09-17T08:26:00Z,5.35,5.35,5.35,5.35,0.0
BIAF,2026-09-17T08:27:00Z,5.35,5.35,5.35,5.35,0.0
BIAF,2026-09-17T08:28:00Z,5.35,5.35,5.35,5.35,0.0
BIAF,2026-09-17T08:29:00Z,5.35,5.35,5.35,5.35,0.0
BIAF,2026-09-17T08:30:00Z,5.5,5.5,5.5,5.5,100.0
BIAF,2026-09-17T08:31:00Z,5.5,5.5,5.5,5.5,0.0
BIAF,2026-09-17T08:32:00Z,5.5,5.5,5.5,5.5,0.0
BIAF,2026-09-17T08:33:00Z,5.5,5.5,5.5,5.5,0.0
BIAF,2026-09-17T08:34:00Z,5.5,5.5,5.5,5.5,0.0
BIAF,2026-09-17T08:35:00Z,5.5,5.5,5.5,5.5,0.0
BIAF,2026-09-17T08:36:00Z,5.5,5.5,5.5,5.5,500.0
BIAF,2026-09-17T08:37:00Z,5.5,5.5,5.5,5.5,0.0
BIAF,2026-09-17T08:38:00Z,5.38,5.38,5.38,5.38,100.0
BIAF,2026-09-17T08:39:00Z,5.38,5.38,5.38,5.38,0.0
BIAF,2026-09-17T08:40:00Z,5.38,5.38,5.38,5.38,0.0
BIAF,2026-09-17T08:41:00Z,5.38,5.38,5.38,5.38,0.0
BIAF,2026-09-17T08:42:00Z,5.38,5.38,5.38,5.38,0.0
BIAF,2026-09-17T08:43:00Z,5.47,5.47,5.47,5.47,100.0
BIAF,2026-09-17T08:44:00Z,5.47,5.47,5.47,5.47,0.0
BIAF,2026-09-17T08:45:00Z,5.47,5.47,5.47,5.47,0.0
BIAF,2026-09-17T08:46:00Z,5.47,5.47,5.47,5.47,0.0
BIAF,2026-09-17T08:47:00Z,5.47,5.47,5.47,5.47,0.0
BIAF,2026-09-17T08:48:00Z,5.47,5.47,5.47,5.47,0.0
BIAF,2026-09-17T08:49:00Z,5.47,5.47,5.47,5.47,0.0
BIAF,2026-09-17T08:50:00Z,5.47,5.47,5.47,5.47,0.0
BIAF,2026-09-17T08:51:00Z,5.47,5.47,5.47,5.47,0.0
BIAF,2026-09-17T08:52:00Z,5.47,5.47,5.47,5.47,0.0
BIAF,2026-09-17T08:53:00Z,5.47,5.47,5.47,5.47,0.0
BIAF,2026-09-17T08:54:00Z,5.47,5.47,5.47,5.47,0.0
BIAF,2026-09-17T08:55:00Z,5.47,5.47,5.47,5.47,0.0
BIAF,2026-09-17T08:56:00Z,5.47,5.47,5.47,5.47,0.0
BIAF,2026-09-17T08:57:00Z,5.47,5.47,5.47,5.47,0.0
BIAF,2026-09-17T08:58:00Z,5.47,5.47,5.47,5.47,0.0
BIAF,2026-09-17T08:59:00Z,5.47,5.47,5.47,5.47,0.0
BIAF,2026-09-17T09:00:00Z,5.47,5.47,5.47,5.47,0.0
BIAF,2026-09-17T09:01:00Z,5.47,5.47,5.47,5.47,0.0
BIAF,2026-09-17T09:02:00Z,5.47,5.47,5.47,5.47,0.0
BIAF,2026-09-17T09:03:00Z,5.47,5.47,5.47,5.47,0.0
BIAF,2026-09-17T09:04:00Z,5.47,5.47,5.47,5.47,0.0
BIAF,2026-09-17T09:05:00Z,5.47,5.47,5.47,5.47,0.0
BIAF,2026-09-17T09:06:00Z,5.47,5.47,5.47,5.47,0.0
BIAF,2026-09-17T09:07:00Z,5.47,5.47,5.47,5.47,0.0
BIAF,2026-09-17T09:08:00Z,5.47,5.47,5.47,5.47,0.0
BIAF,2026-09-17T09:09:00Z,5.47,5.47,5.47,5.47,0.0
BIAF,2026-09-17T09:10:00Z,5.47,5.47,5.47,5.47,0.0
BIAF,2026-09-17T09:11:00Z,5.47,5.47,5.47,5.47,0.0
BIAF,2026-09-17T09:12:00Z,5.47,5.47,5.47,5.47,0.0
BIAF,2026-09-17T09:13:00Z,5.37,5.37,5.37,5.37,100.0
BIAF,2026-09-17T09:14:00Z,5.37,5.37,5.37,5.37,0.0
BIAF,2026-09-17T09:15:00Z,5.37,5.37,5.37,5.37,0.0
BIAF,2026-09-17T09:16:00Z,5.37,5.37,5.37,5.37,0.0
BIAF,2026-09-17T09:17:00Z,5.37,5.37,5.37,5.37,0.0
BIAF,2026-09-17T09:18:00Z,5.37,5.37,5.37,5.37,0.0
BIAF,2026-09-17T09:19:00Z,5.37,5.37,5.37,5.37,0.0
BIAF,2026-09-17T09:20:00Z,5.37,5.37,5.37,5.37,0.0
BIAF,2026-09-17T09:21:00Z,5.37,5.37,5.37,5.37,0.0
BIAF,2026-09-17T09:22:00Z,5.37,5.37,5.37,5.37,0.0
BIAF,2026-09-17T09:23:00Z,5.37,5.37,5.37,5.37,0.0
BIAF,2026-09-17T09:24:00Z,5.37,5.37,5.37,5.37,0.0
BIAF,2026-09-17T09:25:00Z,5.37,5.37,5.37,5.37,0.0
BIAF,2026-09-17T09:26:00Z,5.37,5.37,5.37,5.37,0.0
BIAF,2026-09-17T09:27:00Z,5.37,5.37,5.37,5.37,0.0
BIAF,2026-09-17T09:28:00Z,5.37,5.37,5.37,5.37,0.0
BIAF,2026-09-17T09:29:00Z,5.37,5.37,5.37,5.37,0.0
BIAF,2026-09-17T09:30:00Z,5.37,5.37,5.37,5.37,0.0
BIAF,2026-09-17T09:31:00Z,5.37,5.37,5.37,5.37,0.0
BIAF,2026-09-17T09:32:00Z,5.37,5.37,5.37,5.37,0.0
BIAF,2026-09-17T09:33:00Z,5.37,5.37,5.37,5.37,0.0
BIAF,2026-09-17T09:34:00Z,5.37,5.37,5.37,5.37,0.0
BIAF,2026-09-17T09:35:00Z,5.37,5.37,5.37,5.37,0.0
BIAF,2026-09-17T09:36:00Z,5.37,5.37,5.37,5.37,0.0
BIAF,2026-09-17T09:37:00Z,5.37,5.37,5.37,5.37,0.0
BIAF,2026-09-17T09:38:00Z,5.37,5.37,5.37,5.37,0.0
BIAF,2026-09-17T09:39:00Z,5.37,5.37,5.37,5.37,0.0
BIAF,2026-09-17T09:40:00Z,5.37,5.37,5.37,5.37,0.0
BIAF,2026-09-17T09:41:00Z,5.37,5.37,5.37,5.37,0.0
BIAF,2026-09-17T09:42:00Z,5.37,5.37,5.37,5.37,0.0
BIAF,2026-09-17T09:43:00Z,5.37,5.37,5.37,5.37,0.0
BIAF,2026-09-17T09:44:00Z,5.37,5.37,5.37,5.37,0.0
BIAF,2026-09-17T09:45:00Z,5.37,5.37,5.37,5.37,0.0
BIAF,2026-09-17T09:46:00Z,5.37,5.37,5.37,5.37,0.0
BIAF,2026-09-17T09:47:00Z,5.37,5.37,5.37,5.37,0.0
BIAF,2026-09-17T09:48:00Z,5.37,5.37,5.37,5.37,0.0
BIAF,2026-09-17T09:49:00Z,5.37,5.37,5.37,5.37,0.0
BIAF,2026-09-17T09:50:00Z,5.37,5.37,5.37,5.37,0.0
BIAF,2026-09-17T09:51:00Z,5.37,5.37,5.37,5.37,0.0
BIAF,2026-09-17T09:52:00Z,5.37,5.37,5.37,5.37,0.0
BIAF,2026-09-17T09:53:00Z,5.37,5.37,5.37,5.37,0.0
BIAF,2026-09-17T09:54:00Z,5.37,5.37,5.37,5.37,0.0
BIAF,2026-09-17T09:55:00Z,5.37,5.37,5.37,5.37,0.0
BIAF,2026-09-17T09:56:00Z,5.37,5.37,5.37,5.37,0.0
BIAF,2026-09-17T09:57:00Z,5.37,5.37,5.37,5.37,0.0
BIAF,2026-09-17T09:58:00Z,5.37,5.37,5.37,5.37,0.0
BIAF,2026-09-17T09:59:00Z,5.37,5.37,5.37,5.37,0.0
BIAF,2026-09-17T10:00:00Z,5.37,5.37,5.37,5.37,0.0
BIAF,2026-09-17T10:01:00Z,5.37,5.37,5.37,5.37,0.0
BIAF,2026-09-17T10:02:00Z,5.37,5.37,5.37,5.37,0.0
BIAF,2026-09-17T10:03:00Z,5.37,5.37,5.37,5.37,0.0
BIAF,2026-09-17T10:04:00Z,5.37,5.37,5.37,5.37,0.0
BIAF,2026-09-17T10:05:00Z,5.37,5.37,5.37,5.37,0.0
BIAF,2026-09-17T10:06:00Z,5.37,5.37,5.37,5.37,0.0
BIAF,2026-09-17T10:07:00Z,5.37,5.37,5.37,5.37,0.0
BIAF,2026-09-17T10:08:00Z,5.37,5.37,5.37,5.37,0.0
BIAF,2026-09-17T10:09:00Z,5.37,5.37,5.37,5.37,0.0
BIAF,2026-09-17T10:10:00Z,5.37,5.37,5.37,5.37,0.0
BIAF,2026-09-17T10:11:00Z,5.37,5.37,5.37,5.37,0.0
BIAF,2026-09-17T10:12:00Z,5.37,5.37,5.37,5.37,0.0
BIAF,2026-09-17T10:13:00Z,5.37,5.37,5.37,5.37,0.0
BIAF,2026-09-17T10:14:00Z,5.37,5.37,5.37,5.37,0.0
BIAF,2026-09-17T10:15:00Z,5.37,5.37,5.37,5.37,0.0
BIAF,2026-09-17T10:16:00Z,5.37,5.37,5.37,5.37,0.0
BIAF,2026-09-17T10:17:00Z,5.37,5.37,5.37,5.37,0.0
BIAF,2026-09-17T10:18:00Z,5.37,5.37,5.37,5.37,0.0
BIAF,2026-09-17T10:19:00Z,5.37,5.37,5.37,5.37,0.0
BIAF,2026-09-17T10:20:00Z,5.37,5.37,5.37,5.37,0.0
BIAF,2026-09-17T10:21:00Z,5.37,5.37,5.37,5.37,0.0
BIAF,2026-09-17T10:22:00Z,5.37,5.37,5.37,5.37,0.0
BIAF,2026-09-17T10:23:00Z,5.37,5.37,5.37,5.37,0.0
BIAF,2026-09-17T10:24:00Z,5.37,5.37,5.37,5.37,0.0
BIAF,2026-09-17T10:25:00Z,5.37,5.37,5.37,5.37,0.0
BIAF,2026-09-17T10:26:00Z,5.37,5.37,5.37,5.37,0.0
BIAF,2026-09-17T10:27:00Z,5.37,5.37,5.37,5.37,0.0
BIAF,2026-09-17T10:28:00Z,5.37,5.37,5.37,5.37,0.0
BIAF,2026-09-17T10:29:00Z,5.37,5.37,5.37,5.37,0.0
BIAF,2026-09-17T10:30:00Z,5.37,5.37,5.37,5.37,0.0
BIAF,2026-09-17T10:31:00Z,5.37,5.37,5.37,5.37,0.0
BIAF,2026-09-17T10:32:00Z,5.37,5.37,5.37,5.37,0.0
BIAF,2026-09-17T10:33:00Z,5.37,5.37,5.37,5.37,0.0
BIAF,2026-09-17T10:34:00Z,5.37,5.37,5.37,5.37,0.0
BIAF,2026-09-17T10:35:00Z,5.37,5.37,5.37,5.37,0.0
BIAF,2026-09-17T10:36:00Z,5.37,5.37,5.37,5.37,0.0
BIAF,2026-09-17T10:37:00Z,5.37,5.37,5.37,5.37,0.0
BIAF,2026-09-17T10:38:00Z,5.37,5.37,5.37,5.37,0.0
BIAF,2026-09-17T10:39:00Z,5.37,5.37,5.37,5.37,0.0
BIAF,2026-09-17T10:40:00Z,5.37,5.37,5.37,5.37,0.0
BIAF,2026-09-17T10:41:00Z,5.37,5.37,5.37,5.37,0.0
BIAF,2026-09-17T10:42:00Z,5.37,5.37,5.37,5.37,0.0
BIAF,2026-09-17T10:43:00Z,5.37,5.37,5.37,5.37,0.0
BIAF,2026-09-17T10:44:00Z,5.31,5.31,5.31,5.31,195.0
BIAF,2026-09-17T10:45:00Z,5.31,5.31,5.31,5.31,0.0
BIAF,2026-09-17T10:46:00Z,5.31,5.31,5.31,5.31,100.0
BIAF,2026-09-17T10:47:00Z,5.3,5.3,5.3,5.3,221.0
BIAF,2026-09-17T10:48:00Z,5.3,5.3,5.3,5.3,0.0
BIAF,2026-09-17T10:49:00Z,5.3,5.3,5.3,5.3,0.0
BIAF,2026-09-17T10:50:00Z,5.3,5.3,5.3,5.3,0.0
BIAF,2026-09-17T10:51:00Z,5.3,5.3,5.3,5.3,0.0
BIAF,2026-09-17T10:52:00Z,5.3,5.3,5.3,5.3,0.0
BIAF,2026-09-17T10:53:00Z,5.3,5.3,5.3,5.3,0.0
BIAF,2026-09-17T10:54:00Z,5.3,5.3,5.3,5.3,0.0
BIAF,2026-09-17T10:55:00Z,5.3,5.3,5.3,5.3,0.0
BIAF,2026-09-17T10:56:00Z,5.3,5.3,5.3,5.3,0.0
BIAF,2026-09-17T10:57:00Z,5.3,5.3,5.3,5.3,0.0
BIAF,2026-09-17T10:58:00Z,5.3,5.3,5.3,5.3,0.0
BIAF,2026-09-17T10:59:00Z,5.3,5.3,5.3,5.3,0.0
BIAF,2026-09-17T11:00:00Z,5.3,5.3,5.3,5.3,0.0
BIAF,2026-09-17T11:01:00Z,5.3,5.3,5.3,5.3,0.0
BIAF,2026-09-17T11:02:00Z,5.32,5.34,5.32,5.34,1691.0
BIAF,2026-09-17T11:03:00Z,5.34,5.38,5.33,5.38,1034.0
BIAF,2026-09-17T11:04:00Z,5.38,5.38,5.38,5.38,0.0
BIAF,2026-09-17T11:05:00Z,5.38,5.38,5.38,5.38,0.0
BIAF,2026-09-17T11:06:00Z,5.38,5.38,5.38,5.38,0.0
BIAF,2026-09-17T11:07:00Z,5.38,5.38,5.38,5.38,0.0
BIAF,2026-09-17T11:08:00Z,5.38,5.38,5.38,5.38,0.0
BIAF,2026-09-17T11:09:00Z,5.38,5.38,5.38,5.38,0.0
BIAF,2026-09-17T11:10:00Z,5.38,5.38,5.38,5.38,0.0
BIAF,2026-09-17T11:11:00Z,5.38,5.38,5.38,5.38,0.0
BIAF,2026-09-17T11:12:00Z,5.38,5.38,5.38,5.38,0.0
BIAF,2026-09-17T11:13:00Z,5.38,5.38,5.38,5.38,0.0
BIAF,2026-09-17T11:14:00Z,5.38,5.38,5.38,5.38,0.0
BIAF,2026-09-17T11:15:00Z,5.38,5.38,5.38,5.38,0.0
BIAF,2026-09-17T11:16:00Z,5.38,5.38,5.38,5.38,0.0
BIAF,2026-09-17T11:17:00Z,5.38,5.38,5.38,5.38,0.0
BIAF,2026-09-17T11:18:00Z,5.38,5.38,5.38,5.38,0.0
BIAF,2026-09-17T11:19:00Z,5.38,5.38,5.38,5.38,0.0
BIAF,2026-09-17T11:20:00Z,5.38,5.38,5.38,5.38,0.0
BIAF,2026-09-17T11:21:00Z,5.38,5.38,5.38,5.38,0.0
BIAF,2026-09-17T11:22:00Z,5.38,5.38,5.38,5.38,0.0
BIAF,2026-09-17T11:23:00Z,5.32,5.32,5.32,5.32,101.0
BIAF,2026-09-17T11:24:00Z,5.32,5.32,5.32,5.32,0.0
BIAF,2026-09-17T11:25:00Z,5.32,5.32,5.32,5.32,0.0
BIAF,2026-09-17T11:26:00Z,5.32,5.32,5.32,5.32,0.0
BIAF,2026-09-17T11:27:00Z,5.32,5.32,5.32,5.32,0.0
BIAF,2026-09-17T11:28:00Z,5.32,5.32,5.32,5.32,0.0
BIAF,2026-09-17T11:29:00Z,5.32,5.32,5.32,5.32,0.0
BIAF,2026-09-17T11:30:00Z,5.32,5.32,5.32,5.32,0.0
BIAF,2026-09-17T11:31:00Z,5.32,5.32,5.32,5.32,0.0
BIAF,2026-09-17T11:32:00Z,5.32,5.32,5.32,5.32,0.0
BIAF,2026-09-17T11:33:00Z,5.32,5.32,5.32,5.32,0.0
BIAF,2026-09-17T11:34:00Z,5.32,5.32,5.32,5.32,0.0
BIAF,2026-09-17T11:35:00Z,5.32,5.32,5.32,5.32,0.0
BIAF,2026-09-17T11:36:00Z,5.32,5.32,5.32,5.32,0.0
BIAF,2026-09-17T11:37:00Z,5.32,5.32,5.32,5.32,0.0
BIAF,2026-09-17T11:38:00Z,5.32,5.32,5.32,5.32,0.0
BIAF,2026-09-17T11:39:00Z,5.32,5.32,5.32,5.32,0.0
BIAF,2026-09-17T11:40:00Z,5.32,5.32,5.32,5.32,0.0
BIAF,2026-09-17T11:41:00Z,5.32,5.32,5.32,5.32,0.0
BIAF,2026-09-17T11:42:00Z,5.32,5.32,5.32,5.32,0.0
BIAF,2026-09-17T11:43:00Z,5.32,5.32,5.32,5.32,0.0
BIAF,2026-09-17T11:44:00Z,5.32,5.32,5.32,5.32,0.0
BIAF,2026-09-17T11:45:00Z,5.32,5.32,5.32,5.32,0.0
BIAF,2026-09-17T11:46:00Z,5.32,5.32,5.32,5.32,0.0
BIAF,2026-09-17T11:47:00Z,5.32,5.32,5.32,5.32,0.0
BIAF,2026-09-17T11:48:00Z,5.32,5.32,5.32,5.32,0.0
BIAF,2026-09-17T11:49:00Z,5.32,5.32,5.32,5.32,0.0
BIAF,2026-09-17T11:50:00Z,5.32,5.32,5.32,5.32,0.0
BIAF,2026-09-17T11:51:00Z,5.32,5.32,5.32,5.32,0.0
BIAF,2026-09-17T11:52:00Z,5.32,5.32,5.32,5.32,0.0
BIAF,2026-09-17T11:53:00Z,5.32,5.32,5.32,5.32,0.0
BIAF,2026-09-17T11:54:00Z,5.32,5.32,5.32,5.32,0.0
BIAF,2026-09-17T11:55:00Z,5.32,5.32,5.32,5.32,0.0
BIAF,2026-09-17T11:56:00Z,5.32,5.32,5.32,5.32,0.0
BIAF,2026-09-17T11:57:00Z,5.32,5.32,5.32,5.32,0.0
BIAF,2026-09-17T11:58:00Z,5.32,5.32,5.32,5.32,0.0
BIAF,2026-09-17T11:59:00Z,5.32,5.32,5.32,5.32,0.0
BIAF,2026-09-17T12:00:00Z,5.39,6.95,5.39,6.4,34920.0
BIAF,2026-09-17T12:01:00Z,6.39,6.54,5.83,6.09,49018.0
BIAF,2026-09-17T12:02:00Z,6.1,6.29,5.72,5.84,35179.0
BIAF,2026-09-17T12:03:00Z,5.94,6.19,5.9,5.91,11573.0
BIAF,2026-09-17T12:04:00Z,5.92,6.87,5.91,6.23,93173.0
BIAF,2026-09-17T12:05:00Z,6.21,7.18,6.21,6.85,168760.0
BIAF,2026-09-17T12:06:00Z,6.81,6.88,6.0,6.11,122866.0
BIAF,2026-09-17T12:07:00Z,6.12,6.3,5.84,6.29,95377.0
BIAF,2026-09-17T12:08:00Z,6.3,6.69,6.17,6.63,68795.0
BIAF,2026-09-17T12:09:00Z,6.63,6.78,6.5,6.52,59597.0
BIAF,2026-09-17T12:10:00Z,6.5,6.99,6.16,6.3,136409.0
BIAF,2026-09-17T12:11:00Z,6.3,6.38,6.06,6.35,55531.0
BIAF,2026-09-17T12:12:00Z,6.4,6.68,6.21,6.5,32894.0
BIAF,2026-09-17T12:13:00Z,6.39,6.61,6.31,6.36,34467.0
BIAF,2026-09-17T12:14:00Z,6.35,6.45,6.13,6.26,50292.0
BIAF,2026-09-17T12:15:00Z,6.29,6.3,6.04,6.04,27086.0
BIAF,2026-09-17T12:16:00Z,6.03,6.08,5.6,5.61,69990.0
BIAF,2026-09-17T12:17:00Z,5.66,5.84,5.65,5.71,27106.0
BIAF,2026-09-17T12:18:00Z,5.75,6.0,5.71,5.94,14333.0
BIAF,2026-09-17T12:19:00Z,5.94,6.1,5.93,5.94,14498.0
BIAF,2026-09-17T12:20:00Z,5.92,5.98,5.9,5.95,7489.0
BIAF,2026-09-17T12:21:00Z,5.94,5.98,5.92,5.95,5827.0
BIAF,2026-09-17T12:22:00Z,5.93,6.1,5.85,6.1,18812.0
BIAF,2026-09-17T12:23:00Z,6.09,6.1,6.05,6.05,19102.0
BIAF,2026-09-17T12:24:00Z,6.06,6.07,5.9,5.97,6335.0
BIAF,2026-09-17T12:25:00Z,5.97,6.2,5.97,6.12,10421.0
BIAF,2026-09-17T12:26:00Z,6.2,6.28,6.17,6.2,10726.0
BIAF,2026-09-17T12:27:00Z,6.2,6.28,6.19,6.22,19796.0
BIAF,2026-09-17T12:28:00Z,6.23,6.23,6.01,6.02,13573.0
BIAF,2026-09-17T12:29:00Z,6.03,6.14,6.0,6.12,5615.0
BIAF,2026-09-17T12:30:00Z,6.12,6.2,6.09,6.15,2786.0
BIAF,2026-09-17T12:31:00Z,6.16,6.24,6.03,6.03,11710.0
BIAF,2026-09-17T12:32:00Z,6.03,6.03,5.9,5.98,20003.0
BIAF,2026-09-17T12:33:00Z,5.94,6.02,5.94,5.97,2229.0
BIAF,2026-09-17T12:34:00Z,5.96,6.0,5.91,5.98,6552.0
BIAF,2026-09-17T12:35:00Z,6.0,6.24,6.0,6.2,13321.0
BIAF,2026-09-17T12:36:00Z,6.22,6.3,6.14,6.22,14429.0
BIAF,2026-09-17T12:37:00Z,6.24,6.44,6.24,6.4,25495.0
BIAF,2026-09-17T12:38:00Z,6.4,6.82,6.38,6.72,99299.0
BIAF,2026-09-17T12:39:00Z,6.67,6.71,6.51,6.56,34423.0
BIAF,2026-09-17T12:40:00Z,6.58,6.88,6.56,6.78,69342.0
BIAF,2026-09-17T12:41:00Z,6.78,7.18,6.56,7.18,95383.0
BIAF,2026-09-17T12:42:00Z,7.18,7.5,6.9,6.95,160524.0
BIAF,2026-09-17T12:43:00Z,6.96,6.96,6.51,6.73,69289.0
BIAF,2026-09-17T12:44:00Z,6.7,6.93,6.57,6.8,61860.0
BIAF,2026-09-17T12:45:00Z,6.81,7.35,6.8,7.27,79592.0
BIAF,2026-09-17T12:46:00Z,7.35,8.27,7.22,7.97,280828.0
BIAF,2026-09-17T12:47:00Z,8.0,9.0,7.9,8.55,407729.0
BIAF,2026-09-17T12:48:00Z,8.63,8.88,7.9,8.1,253212.0
BIAF,2026-09-17T12:49:00Z,8.12,8.13,7.7,7.95,212711.0
BIAF,2026-09-17T12:50:00Z,7.95,8.11,7.77,8.02,124100.0
BIAF,2026-09-17T12:51:00Z,8.01,8.05,7.65,7.65,70670.0
BIAF,2026-09-17T12:52:00Z,7.62,7.88,6.83,6.83,183478.0
BIAF,2026-09-17T12:53:00Z,6.89,7.03,6.45,6.99,172763.0
BIAF,2026-09-17T12:54:00Z,6.98,7.16,6.72,6.86,95814.0
BIAF,2026-09-17T12:55:00Z,6.82,7.18,6.82,7.09,49340.0
BIAF,2026-09-17T12:56:00Z,7.09,7.55,7.05,7.45,135689.0
BIAF,2026-09-17T12:57:00Z,7.42,7.45,7.03,7.19,86119.0
BIAF,2026-09-17T12:58:00Z,7.11,7.18,6.91,6.97,61450.0
BIAF,2026-09-17T12:59:00Z,6.96,7.25,6.86,7.12,40625.0
BIAF,2026-09-17T13:00:00Z,7.13,7.13,7.01,7.03,13369.0
BIAF,2026-09-17T13:01:00Z,7.03,7.06,6.85,6.85,30108.0
BIAF,2026-09-17T13:02:00Z,6.85,7.02,6.83,6.88,22412.0
BIAF,2026-09-17T13:03:00Z,6.9,6.95,6.81,6.85,22065.0
BIAF,2026-09-17T13:04:00Z,6.85,7.05,6.81,6.94,22711.0
BIAF,2026-09-17T13:05:00Z,6.9,7.05,6.9,6.96,22135.0
BIAF,2026-09-17T13:06:00Z,6.96,7.0,6.85,6.96,14616.0
BIAF,2026-09-17T13:07:00Z,6.99,7.04,6.85,6.9,13178.0
BIAF,2026-09-17T13:08:00Z,6.9,6.9,6.75,6.76,16739.0
BIAF,2026-09-17T13:09:00Z,6.75,6.8,6.57,6.62,31799.0
BIAF,2026-09-17T13:10:00Z,6.67,6.8,6.64,6.71,8317.0
BIAF,2026-09-17T13:11:00Z,6.74,7.1,6.71,7.08,40296.0
BIAF,2026-09-17T13:12:00Z,7.09,7.3,7.02,7.11,35021.0
BIAF,2026-09-17T13:13:00Z,7.16,7.16,7.0,7.08,10396.0
BIAF,2026-09-17T13:14:00Z,7.08,7.09,6.87,6.91,13572.0
BIAF,2026-09-17T13:15:00Z,6.88,7.0,6.86,6.91,5282.0
BIAF,2026-09-17T13:16:00Z,7.03,7.03,6.91,6.98,10270.0
BIAF,2026-09-17T13:17:00Z,6.96,7.07,6.91,7.05,11346.0
BIAF,2026-09-17T13:18:00Z,7.05,7.2,7.0,7.09,26234.0
BIAF,2026-09-17T13:19:00Z,7.1,7.12,7.02,7.02,5021.0
BIAF,2026-09-17T13:20:00Z,7.06,7.07,7.02,7.03,6142.0
BIAF,2026-09-17T13:21:00Z,7.03,7.04,6.9,6.9,17201.0
BIAF,2026-09-17T13:22:00Z,6.9,7.06,6.88,6.91,5140.0
BIAF,2026-09-17T13:23:00Z,7.02,7.05,6.9,6.9,4221.0
BIAF,2026-09-17T13:24:00Z,6.9,7.0,6.9,6.93,4011.0
BIAF,2026-09-17T13:25:00Z,6.98,6.99,6.9,6.91,2868.0
BIAF,2026-09-17T13:26:00Z,6.91,7.09,6.9,7.09,4696.0
BIAF,2026-09-17T13:27:00Z,7.09,7.11,6.95,7.1,12710.0
BIAF,2026-09-17T13:28:00Z,7.0,7.08,6.95,7.0,5921.0
BIAF,2026-09-17T13:29:00Z,6.96,7.0,6.9,6.93,7574.0
BIAF,2026-09-17T13:30:00Z,7.0,7.2,6.8,6.92,76153.0
BIAF,2026-09-17T13:31:00Z,6.96,7.07,6.8,6.96,23383.0
BIAF,2026-09-17T13:32:00Z,6.96,7.41,6.96,7.25,136840.0
BIAF,2026-09-17T13:33:00Z,7.26,7.36,7.05,7.21,61671.0
BIAF,2026-09-17T13:34:00Z,7.25,7.26,6.91,7.07,48940.0
BIAF,2026-09-17T13:35:00Z,7.03,7.33,6.96,7.06,57873.0
BIAF,2026-09-17T13:36:00Z,7.1,7.12,7.03,7.09,30143.0
BIAF,2026-09-17T13:37:00Z,7.08,7.09,6.9,6.9,32975.0
BIAF,2026-09-17T13:38:00Z,6.9,7.06,6.88,6.92,24106.0
BIAF,2026-09-17T13:39:00Z,6.97,7.04,6.88,6.91,26662.0
BIAF,2026-09-17T13:40:00Z,6.93,7.12,6.93,7.06,39692.0
BIAF,2026-09-17T13:41:00Z,7.02,7.08,6.84,6.85,26535.0
BIAF,2026-09-17T13:42:00Z,6.82,6.83,6.52,6.74,62664.0
BIAF,2026-09-17T13:43:00Z,6.75,6.78,6.66,6.7,26253.0
BIAF,2026-09-17T13:44:00Z,6.7,6.81,6.61,6.67,41431.0
BIAF,2026-09-17T13:45:00Z,6.68,6.73,6.45,6.5,34285.0
BIAF,2026-09-17T13:46:00Z,6.5,6.66,6.46,6.58,31575.0
BIAF,2026-09-17T13:47:00Z,6.64,6.79,6.62,6.7,24732.0
BIAF,2026-09-17T13:48:00Z,6.74,6.85,6.74,6.82,11166.0
BIAF,2026-09-17T13:49:00Z,6.83,7.0,6.75,6.82,20499.0
BIAF,2026-09-17T13:50:00Z,6.86,6.94,6.75,6.77,10768.0
BIAF,2026-09-17T13:51:00Z,6.75,6.79,6.59,6.63,23609.0
BIAF,2026-09-17T13:52:00Z,6.6,6.7,6.56,6.66,7879.0
BIAF,2026-09-17T13:53:00Z,6.67,6.68,6.63,6.67,14157.0
BIAF,2026-09-17T13:54:00Z,6.66,6.8,6.66,6.79,6350.0
BIAF,2026-09-17T13:55:00Z,6.78,6.79,6.65,6.67,13614.0
BIAF,2026-09-17T13:56:00Z,6.67,6.67,6.56,6.63,11298.0
BIAF,2026-09-17T13:57:00Z,6.65,6.65,6.52,6.62,12312.0
BIAF,2026-09-17T13:58:00Z,6.62,6.68,6.53,6.64,12462.0
BIAF,2026-09-17T13:59:00Z,6.65,6.69,6.6,6.67,3206.0
BIAF,2026-09-17T14:00:00Z,6.71,6.87,6.69,6.87,14356.0
BIAF,2026-09-17T14:01:00Z,6.83,6.89,6.8,6.85,9650.0
BIAF,2026-09-17T14:02:00Z,6.83,6.9,6.8,6.86,20617.0
BIAF,2026-09-17T14:03:00Z,6.86,6.91,6.84,6.91,9956.0
BIAF,2026-09-17T14:04:00Z,6.94,7.04,6.84,7.01,34374.0
BIAF,2026-09-17T14:05:00Z,7.01,7.27,7.01,7.14,66878.0
BIAF,2026-09-17T14:06:00Z,7.13,7.35,7.09,7.26,68443.0
BIAF,2026-09-17T14:07:00Z,7.27,7.27,7.06,7.09,28832.0
BIAF,2026-09-17T14:08:00Z,7.06,7.22,7.06,7.17,11788.0
BIAF,2026-09-17T14:09:00Z,7.18,7.32,7.14,7.3,48631.0
BIAF,2026-09-17T14:10:00Z,7.3,7.45,7.0,7.11,145433.0
BIAF,2026-09-17T14:11:00Z,7.15,7.3,7.1,7.27,29354.0
BIAF,2026-09-17T14:12:00Z,7.27,7.37,7.17,7.22,32047.0
BIAF,2026-09-17T14:13:00Z,7.18,7.3,7.01,7.25,46145.0
BIAF,2026-09-17T14:14:00Z,7.22,7.24,7.14,7.19,14553.0
BIAF,2026-09-17T14:15:00Z,7.16,7.18,7.13,7.14,3673.0
BIAF,2026-09-17T14:16:00Z,7.14,7.14,6.9,6.91,35728.0
BIAF,2026-09-17T14:17:00Z,6.91,6.99,6.88,6.89,9624.0
BIAF,2026-09-17T14:18:00Z,6.91,6.97,6.84,6.91,13758.0
BIAF,2026-09-17T14:19:00Z,6.88,7.1,6.88,6.97,18411.0
BIAF,2026-09-17T14:20:00Z,7.01,7.07,7.0,7.07,6683.0
BIAF,2026-09-17T14:21:00Z,7.06,7.11,6.99,7.11,8865.0
BIAF,2026-09-17T14:22:00Z,7.13,7.15,7.05,7.1,17110.0
BIAF,2026-09-17T14:23:00Z,7.07,7.13,7.05,7.11,7979.0
BIAF,2026-09-17T14:24:00Z,7.11,7.12,7.05,7.07,6154.0
BIAF,2026-09-17T14:25:00Z,7.07,7.1,7.0,7.01,15206.0
BIAF,2026-09-17T14:26:00Z,7.0,7.13,6.98,7.1,14654.0
BIAF,2026-09-17T14:27:00Z,7.09,7.2,7.07,7.12,13406.0
BIAF,2026-09-17T14:28:00Z,7.14,7.2,7.13,7.15,13183.0
BIAF,2026-09-17T14:29:00Z,7.17,7.29,7.14,7.28,31307.0
BIAF,2026-09-17T14:30:00Z,7.3,7.38,7.25,7.3,35424.0
BIAF,2026-09-17T14:31:00Z,7.26,7.26,7.07,7.13,21531.0
BIAF,2026-09-17T14:32:00Z,7.13,7.15,7.01,7.07,27736.0
BIAF,2026-09-17T14:33:00Z,7.09,7.09,7.01,7.04,3636.0
BIAF,2026-09-17T14:34:00Z,7.04,7.04,6.75,6.84,31746.0
BIAF,2026-09-17T14:35:00Z,6.75,6.98,6.75,6.98,15192.0
BIAF,2026-09-17T14:36:00Z,6.98,6.98,6.7,6.78,22951.0
BIAF,2026-09-17T14:37:00Z,6.76,6.85,6.71,6.71,7831.0
BIAF,2026-09-17T14:38:00Z,6.7,6.76,6.67,6.7,18445.0
BIAF,2026-09-17T14:39:00Z,6.61,6.77,6.61,6.73,6261.0
BIAF,2026-09-17T14:40:00Z,6.73,6.93,6.72,6.84,12857.0
BIAF,2026-09-17T14:41:00Z,6.84,6.84,6.75,6.8,3612.0
BIAF,2026-09-17T14:42:00Z,6.8,6.8,6.77,6.79,1876.0
BIAF,2026-09-17T14:43:00Z,6.79,6.79,6.7,6.73,4764.0
BIAF,2026-09-17T14:44:00Z,6.79,6.81,6.75,6.75,1069.0
BIAF,2026-09-17T14:45:00Z,6.75,6.84,6.75,6.82,4558.0
BIAF,2026-09-17T14:46:00Z,6.82,6.9,6.75,6.77,9846.0
BIAF,2026-09-17T14:47:00Z,6.82,6.86,6.8,6.86,2031.0
BIAF,2026-09-17T14:48:00Z,6.84,6.86,6.78,6.86,1379.0
BIAF,2026-09-17T14:49:00Z,6.85,6.98,6.83,6.93,7350.0
BIAF,2026-09-17T14:50:00Z,6.92,6.97,6.9,6.94,7858.0
BIAF,2026-09-17T14:51:00Z,6.9,6.9,6.76,6.85,3377.0
BIAF,2026-09-17T14:52:00Z,6.85,6.85,6.84,6.84,630.0
BIAF,2026-09-17T14:53:00Z,6.84,6.84,6.77,6.77,1218.0
BIAF,2026-09-17T14:54:00Z,6.77,6.84,6.77,6.84,1926.0
BIAF,2026-09-17T14:55:00Z,6.84,6.85,6.75,6.76,6836.0
BIAF,2026-09-17T14:56:00Z,6.84,6.93,6.78,6.92,4798.0
BIAF,2026-09-17T14:57:00Z,6.93,7.0,6.89,6.96,15095.0
BIAF,2026-09-17T14:58:00Z,6.96,6.96,6.86,6.86,4645.0
BIAF,2026-09-17T14:59:00Z,6.86,6.98,6.82,6.98,4812.0
BIAF,2026-09-17T15:00:00Z,6.98,6.98,6.87,6.94,2959.0
BIAF,2026-09-17T15:01:00Z,6.94,6.94,6.91,6.92,400.0
BIAF,2026-09-17T15:02:00Z,6.97,6.97,6.86,6.86,2597.0
BIAF,2026-09-17T15:03:00Z,6.86,6.89,6.86,6.89,400.0
BIAF,2026-09-17T15:04:00Z,6.89,6.89,6.84,6.89,2956.0
BIAF,2026-09-17T15:05:00Z,6.89,7.02,6.84,6.95,24474.0
BIAF,2026-09-17T15:06:00Z,6.96,6.96,6.85,6.94,1203.0
BIAF,2026-09-17T15:07:00Z,6.94,6.94,6.81,6.85,5031.0
BIAF,2026-09-17T15:08:00Z,6.88,6.94,6.82,6.94,2990.0
BIAF,2026-09-17T15:09:00Z,6.94,6.96,6.93,6.94,3691.0
BIAF,2026-09-17T15:10:00Z,6.94,7.0,6.94,6.97,1599.0
BIAF,2026-09-17T15:11:00Z,6.97,6.97,6.91,6.95,1350.0
BIAF,2026-09-17T15:12:00Z,6.95,7.05,6.95,7.04,9500.0
BIAF,2026-09-17T15:13:00Z,7.03,7.09,6.92,7.0,21236.0
BIAF,2026-09-17T15:14:00Z,7.0,7.03,6.93,6.93,9237.0
BIAF,2026-09-17T15:15:00Z,6.92,6.98,6.84,6.93,8304.0
BIAF,2026-09-17T15:16:00Z,6.84,6.94,6.84,6.9,1368.0
BIAF,2026-09-17T15:17:00Z,6.9,7.02,6.9,7.0,3069.0
BIAF,2026-09-17T15:18:00Z,7.0,7.15,7.0,7.14,17905.0
BIAF,2026-09-17T15:19:00Z,7.15,7.16,7.06,7.09,6023.0
BIAF,2026-09-17T15:20:00Z,7.08,7.33,7.02,7.32,53761.0
BIAF,2026-09-17T15:21:00Z,7.31,7.31,7.17,7.2,22323.0
BIAF,2026-09-17T15:22:00Z,7.19,7.27,7.17,7.2,11892.0
BIAF,2026-09-17T15:23:00Z,7.19,7.3,7.17,7.23,22550.0
BIAF,2026-09-17T15:24:00Z,7.3,7.3,7.1,7.12,10515.0
BIAF,2026-09-17T15:25:00Z,7.12,7.25,7.12,7.2,19961.0
BIAF,2026-09-17T15:26:00Z,7.2,7.23,7.13,7.18,9166.0
BIAF,2026-09-17T15:27:00Z,7.18,7.27,7.15,7.25,7096.0
BIAF,2026-09-17T15:28:00Z,7.2,7.38,7.2,7.33,38806.0
BIAF,2026-09-17T15:29:00Z,7.28,7.29,7.2,7.2,11095.0
BIAF,2026-09-17T15:30:00Z,7.21,7.29,7.13,7.26,10246.0
BIAF,2026-09-17T15:31:00Z,7.26,7.26,7.22,7.22,5969.0
DAIC,2026-09-17T08:00:00Z,3.17,3.4,3.0412,3.27,62588.0
DAIC,2026-09-17T08:01:00Z,3.27,3.33,3.06,3.21,74637.0
DAIC,2026-09-17T08:02:00Z,3.19,3.35,3.05,3.08,258078.0
DAIC,2026-09-17T08:03:00Z,3.215,3.3,3.09,3.09,55818.0
DAIC,2026-09-17T08:04:00Z,3.095,3.18,3.0,3.0,49400.0
DAIC,2026-09-17T08:05:00Z,3.01,3.22,3.01,3.14,40385.0
DAIC,2026-09-17T08:06:00Z,3.14,3.24,3.11,3.17,64328.0
DAIC,2026-09-17T08:07:00Z,3.1789,3.23,3.16,3.1806,21923.0
DAIC,2026-09-17T08:08:00Z,3.18,3.18,3.11,3.13,35587.0
DAIC,2026-09-17T08:09:00Z,3.1305,3.14,3.06,3.06,29177.0
DAIC,2026-09-17T08:10:00Z,3.07,3.09,3.0,3.0595,33515.0
DAIC,2026-09-17T08:11:00Z,3.0599,3.15,3.02,3.0237,24240.0
DAIC,2026-09-17T08:12:00Z,3.0266,3.03,2.83,2.93,84800.0
DAIC,2026-09-17T08:13:00Z,2.91,2.98,2.905,2.9503,29765.0
DAIC,2026-09-17T08:14:00Z,2.99,3.01,2.84,2.89,53424.0
DAIC,2026-09-17T08:15:00Z,2.87,2.9,2.74,2.77,64391.0
DAIC,2026-09-17T08:16:00Z,2.77,2.85,2.73,2.8499,39369.0
DAIC,2026-09-17T08:17:00Z,2.85,2.9302,2.84,2.9,47745.0
DAIC,2026-09-17T08:18:00Z,2.9,3.05,2.88,3.04,47431.0
DAIC,2026-09-17T08:19:00Z,3.0398,3.39,3.03,3.38,124598.0
DAIC,2026-09-17T08:20:00Z,3.34,3.72,3.2,3.58,216070.0
DAIC,2026-09-17T08:21:00Z,3.58,3.97,3.58,3.89,378728.0
DAIC,2026-09-17T08:22:00Z,3.89,3.97,3.67,3.7102,253256.0
DAIC,2026-09-17T08:23:00Z,3.71,3.99,3.52,3.66,256928.0
DAIC,2026-09-17T08:24:00Z,3.67,3.81,3.6,3.79,135163.0
DAIC,2026-09-17T08:25:00Z,3.77,4.0,3.74,3.8043,197521.0
DAIC,2026-09-17T08:26:00Z,3.81,4.35,3.8,4.27,323569.0
DAIC,2026-09-17T08:27:00Z,4.27,4.59,4.25,4.44,383948.0
DAIC,2026-09-17T08:28:00Z,4.4571,4.7,4.43,4.5,304216.0
DAIC,2026-09-17T08:29:00Z,4.48,4.85,4.48,4.66,283856.0
DAIC,2026-09-17T08:30:00Z,4.67,4.7,4.34,4.52,188912.0
DAIC,2026-09-17T08:31:00Z,4.5208,4.53,4.2201,4.31,170576.0
DAIC,2026-09-17T08:32:00Z,4.3001,4.4216,4.16,4.28,133372.0
DAIC,2026-09-17T08:33:00Z,4.27,4.49,4.2102,4.3918,143031.0
DAIC,2026-09-17T08:34:00Z,4.41,4.4371,4.3,4.3269,54437.0
DAIC,2026-09-17T08:35:00Z,4.33,4.58,4.33,4.49,173776.0
DAIC,2026-09-17T08:36:00Z,4.48,4.53,4.3349,4.3747,86651.0
DAIC,2026-09-17T08:37:00Z,4.41,4.43,4.08,4.09,146557.0
DAIC,2026-09-17T08:38:00Z,4.1,4.2042,4.08,4.12,86751.0
DAIC,2026-09-17T08:39:00Z,4.1,4.33,4.1,4.33,77743.0
DAIC,2026-09-17T08:40:00Z,4.31,4.48,4.3,4.46,137303.0
DAIC,2026-09-17T08:41:00Z,4.46,4.52,4.38,4.52,77785.0
DAIC,2026-09-17T08:42:00Z,4.52,4.62,4.43,4.4582,126554.0
DAIC,2026-09-17T08:43:00Z,4.44,4.48,4.34,4.3817,62434.0
DAIC,2026-09-17T08:44:00Z,4.3821,4.44,4.3,4.35,77520.0
DAIC,2026-09-17T08:45:00Z,4.4,4.83,4.3,4.78,240660.0
DAIC,2026-09-17T08:46:00Z,4.77,5.03,4.7,4.94,258680.0
DAIC,2026-09-17T08:47:00Z,4.9427,5.0,4.65,4.83,207424.0
DAIC,2026-09-17T08:48:00Z,4.84,4.87,4.7,4.7,79780.0
DAIC,2026-09-17T08:49:00Z,4.7,4.84,4.62,4.7538,66794.0
DAIC,2026-09-17T08:50:00Z,4.7745,4.95,4.76,4.8,136703.0
DAIC,2026-09-17T08:51:00Z,4.8183,4.82,4.6,4.75,66084.0
DAIC,2026-09-17T08:52:00Z,4.77,4.7741,4.59,4.65,70757.0
DAIC,2026-09-17T08:53:00Z,4.6316,4.68,4.43,4.5,100256.0
DAIC,2026-09-17T08:54:00Z,4.52,4.54,4.41,4.43,78996.0
DAIC,2026-09-17T08:55:00Z,4.4301,4.47,4.34,4.41,72788.0
DAIC,2026-09-17T08:56:00Z,4.4,4.42,4.25,4.29,66343.0
DAIC,2026-09-17T08:57:00Z,4.2996,4.44,4.2767,4.43,74011.0
DAIC,2026-09-17T08:58:00Z,4.44,4.44,4.3,4.37,40320.0
DAIC,2026-09-17T08:59:00Z,4.37,4.37,4.16,4.2,73879.0
DAIC,2026-09-17T09:00:00Z,4.2173,4.3,4.18,4.27,56100.0
DAIC,2026-09-17T09:01:00Z,4.27,4.31,4.09,4.12,122404.0
DAIC,2026-09-17T09:02:00Z,4.11,4.13,3.93,3.95,153232.0
DAIC,2026-09-17T09:03:00Z,3.9444,4.13,3.93,4.13,79249.0
DAIC,2026-09-17T09:04:00Z,4.12,4.1799,4.05,4.12,71001.0
DAIC,2026-09-17T09:05:00Z,4.12,4.2099,4.09,4.15,79360.0
DAIC,2026-09-17T09:06:00Z,4.15,4.17,4.06,4.14,61731.0
DAIC,2026-09-17T09:07:00Z,4.13,4.29,4.13,4.2488,77469.0
DAIC,2026-09-17T09:08:00Z,4.24,4.2801,4.2,4.21,57526.0
DAIC,2026-09-17T09:09:00Z,4.21,4.23,4.15,4.1709,26465.0
DAIC,2026-09-17T09:10:00Z,4.1893,4.29,4.17,4.2529,35584.0
DAIC,2026-09-17T09:11:00Z,4.25,4.28,4.16,4.18,35195.0
DAIC,2026-09-17T09:12:00Z,4.17,4.2,4.15,4.16,24408.0
DAIC,2026-09-17T09:13:00Z,4.16,4.36,4.15,4.33,81796.0
DAIC,2026-09-17T09:14:00Z,4.3298,4.35,4.19,4.2,74417.0
DAIC,2026-09-17T09:15:00Z,4.1865,4.2365,4.17,4.18,21552.0
DAIC,2026-09-17T09:16:00Z,4.19,4.2199,4.16,4.18,17121.0
DAIC,2026-09-17T09:17:00Z,4.19,4.19,4.1,4.105,41552.0
DAIC,2026-09-17T09:18:00Z,4.11,4.11,4.05,4.09,33484.0
DAIC,2026-09-17T09:19:00Z,4.09,4.2,4.06,4.17,30623.0
DAIC,2026-09-17T09:20:00Z,4.17,4.1701,4.12,4.138,12714.0
DAIC,2026-09-17T09:21:00Z,4.13,4.14,4.0832,4.1,21949.0
DAIC,2026-09-17T09:22:00Z,4.11,4.11,4.08,4.1,19164.0
DAIC,2026-09-17T09:23:00Z,4.1,4.22,4.09,4.2038,20943.0
DAIC,2026-09-17T09:24:00Z,4.21,4.21,4.15,4.15,21906.0
DAIC,2026-09-17T09:25:00Z,4.145,4.16,4.09,4.11,15832.0
DAIC,2026-09-17T09:26:00Z,4.1102,4.16,4.093,4.13,14382.0
DAIC,2026-09-17T09:27:00Z,4.13,4.13,4.09,4.1,11908.0
DAIC,2026-09-17T09:28:00Z,4.09,4.1,4.06,4.1,24917.0
DAIC,2026-09-17T09:29:00Z,4.1,4.1,4.01,4.01,30011.0
DAIC,2026-09-17T09:30:00Z,4.0198,4.0885,4.0,4.05,24258.0
DAIC,2026-09-17T09:31:00Z,4.04,4.07,4.04,4.07,7691.0
DAIC,2026-09-17T09:32:00Z,4.07,4.09,3.98,3.99,32714.0
DAIC,2026-09-17T09:33:00Z,3.98,4.06,3.98,4.01,29312.0
DAIC,2026-09-17T09:34:00Z,4.0,4.0,3.86,3.895,77910.0
DAIC,2026-09-17T09:35:00Z,3.89,3.9,3.8,3.82,54508.0
DAIC,2026-09-17T09:36:00Z,3.82,3.85,3.8,3.85,39475.0
DAIC,2026-09-17T09:37:00Z,3.8474,3.9476,3.8149,3.9,39930.0
DAIC,2026-09-17T09:38:00Z,3.91,3.99,3.9,3.9805,53825.0
DAIC,2026-09-17T09:39:00Z,3.99,3.99,3.92,3.93,30647.0
DAIC,2026-09-17T09:40:00Z,3.92,3.94,3.91,3.91,10052.0
DAIC,2026-09-17T09:41:00Z,3.9074,4.02,3.9074,3.9895,26030.0
DAIC,2026-09-17T09:42:00Z,3.98,4.05,3.95,4.039,33348.0
DAIC,2026-09-17T09:43:00Z,4.0201,4.18,4.02,4.1502,121561.0
DAIC,2026-09-17T09:44:00Z,4.16,4.16,4.107,4.13,35382.0
DAIC,2026-09-17T09:45:00Z,4.13,4.29,4.12,4.2649,157484.0
DAIC,2026-09-17T09:46:00Z,4.25,4.31,4.21,4.2506,71602.0
DAIC,2026-09-17T09:47:00Z,4.25,4.2511,4.1,4.16,66462.0
DAIC,2026-09-17T09:48:00Z,4.16,4.39,4.1,4.3193,98763.0
DAIC,2026-09-17T09:49:00Z,4.31,4.32,4.18,4.21,76673.0
DAIC,2026-09-17T09:50:00Z,4.2176,4.23,4.05,4.18,70347.0
DAIC,2026-09-17T09:51:00Z,4.1824,4.2,4.14,4.15,20553.0
DAIC,2026-09-17T09:52:00Z,4.16,4.26,4.15,4.249,39944.0
DAIC,2026-09-17T09:53:00Z,4.25,4.26,4.17,4.1828,33775.0
DAIC,2026-09-17T09:54:00Z,4.19,4.19,4.15,4.16,20232.0
DAIC,2026-09-17T09:55:00Z,4.17,4.23,4.17,4.18,12027.0
DAIC,2026-09-17T09:56:00Z,4.17,4.2,4.13,4.14,20143.0
DAIC,2026-09-17T09:57:00Z,4.15,4.1798,4.1,4.1,41049.0
DAIC,2026-09-17T09:58:00Z,4.1006,4.11,4.05,4.0598,28337.0
DAIC,2026-09-17T09:59:00Z,4.07,4.17,4.06,4.17,16192.0
DAIC,2026-09-17T10:00:00Z,4.16,4.26,4.16,4.26,65742.0
DAIC,2026-09-17T10:01:00Z,4.27,4.54,4.26,4.47,149051.0
DAIC,2026-09-17T10:02:00Z,4.48,4.51,4.35,4.37,154562.0
DAIC,2026-09-17T10:03:00Z,4.37,4.42,4.26,4.3343,98612.0
DAIC,2026-09-17T10:04:00Z,4.35,4.41,4.2,4.24,75533.0
DAIC,2026-09-17T10:05:00Z,4.2479,4.27,4.15,4.17,60558.0
DAIC,2026-09-17T10:06:00Z,4.19,4.4,4.17,4.33,83831.0
DAIC,2026-09-17T10:07:00Z,4.33,4.41,4.26,4.3414,57375.0
DAIC,2026-09-17T10:08:00Z,4.35,4.4147,4.3,4.4,62780.0
DAIC,2026-09-17T10:09:00Z,4.38,4.5,4.25,4.3,149352.0
DAIC,2026-09-17T10:10:00Z,4.32,4.3997,4.28,4.33,44009.0
DAIC,2026-09-17T10:11:00Z,4.32,4.34,4.23,4.24,38509.0
DAIC,2026-09-17T10:12:00Z,4.23,4.38,4.23,4.3779,37644.0
DAIC,2026-09-17T10:13:00Z,4.35,4.4,4.32,4.3201,42038.0
DAIC,2026-09-17T10:14:00Z,4.33,4.3343,4.24,4.26,31899.0
DAIC,2026-09-17T10:15:00Z,4.28,4.41,4.26,4.4,54896.0
DAIC,2026-09-17T10:16:00Z,4.4046,4.42,4.3578,4.41,55785.0
DAIC,2026-09-17T10:17:00Z,4.4,4.4,4.22,4.27,67687.0
DAIC,2026-09-17T10:18:00Z,4.28,4.2958,4.24,4.24,20292.0
DAIC,2026-09-17T10:19:00Z,4.24,4.25,4.2,4.23,31840.0
DAIC,2026-09-17T10:20:00Z,4.23,4.29,4.21,4.25,19192.0
DAIC,2026-09-17T10:21:00Z,4.26,4.26,4.15,4.1964,55924.0
DAIC,2026-09-17T10:22:00Z,4.1808,4.21,4.1,4.21,67017.0
DAIC,2026-09-17T10:23:00Z,4.23,4.25,4.13,4.17,29576.0
DAIC,2026-09-17T10:24:00Z,4.18,4.19,4.13,4.1671,15615.0
DAIC,2026-09-17T10:25:00Z,4.15,4.27,4.15,4.1729,35994.0
DAIC,2026-09-17T10:26:00Z,4.19,4.21,4.14,4.14,25878.0
DAIC,2026-09-17T10:27:00Z,4.15,4.19,4.11,4.1497,23976.0
DAIC,2026-09-17T10:28:00Z,4.15,4.17,4.12,4.12,15967.0
DAIC,2026-09-17T10:29:00Z,4.1201,4.17,4.12,4.14,17749.0
DAIC,2026-09-17T10:30:00Z,4.14,4.1865,4.1344,4.15,9149.0
DAIC,2026-09-17T10:31:00Z,4.15,4.16,4.08,4.1,27906.0
DAIC,2026-09-17T10:32:00Z,4.09,4.09,3.9,3.92,88464.0
DAIC,2026-09-17T10:33:00Z,3.93,4.0,3.9,3.965,33498.0
DAIC,2026-09-17T10:34:00Z,3.97,4.02,3.97,3.99,23631.0
DAIC,2026-09-17T10:35:00Z,3.98,4.01,3.97,3.97,14226.0
DAIC,2026-09-17T10:36:00Z,3.99,4.04,3.99,4.02,13364.0
DAIC,2026-09-17T10:37:00Z,4.02,4.03,3.97,3.9705,16588.0
DAIC,2026-09-17T10:38:00Z,3.97,3.99,3.92,3.94,21185.0
DAIC,2026-09-17T10:39:00Z,3.94,3.96,3.93,3.96,21233.0
DAIC,2026-09-17T10:40:00Z,3.96,3.9627,3.9306,3.9627,18222.0
DAIC,2026-09-17T10:41:00Z,3.96,4.0264,3.96,4.0045,22385.0
DAIC,2026-09-17T10:42:00Z,3.99,4.0,3.97,3.97,14346.0
DAIC,2026-09-17T10:43:00Z,3.97,3.9793,3.84,3.84,40362.0
DAIC,2026-09-17T10:44:00Z,3.84,3.89,3.82,3.83,50280.0
DAIC,2026-09-17T10:45:00Z,3.82,3.86,3.81,3.84,28594.0
DAIC,2026-09-17T10:46:00Z,3.84,3.86,3.79,3.82,47045.0
DAIC,2026-09-17T10:47:00Z,3.81,3.9,3.81,3.88,21736.0
DAIC,2026-09-17T10:48:00Z,3.86,3.97,3.86,3.94,37360.0
DAIC,2026-09-17T10:49:00Z,3.95,3.95,3.91,3.94,19508.0
DAIC,2026-09-17T10:50:00Z,3.931,3.96,3.92,3.94,13835.0
DAIC,2026-09-17T10:51:00Z,3.9398,3.9398,3.88,3.88,30559.0
DAIC,2026-09-17T10:52:00Z,3.88,3.91,3.87,3.91,10721.0
DAIC,2026-09-17T10:53:00Z,3.92,3.94,3.9,3.92,8438.0
DAIC,2026-09-17T10:54:00Z,3.9054,3.9393,3.88,3.88,16099.0
DAIC,2026-09-17T10:55:00Z,3.88,3.89,3.82,3.85,23749.0
DAIC,2026-09-17T10:56:00Z,3.85,3.85,3.66,3.68,52710.0
DAIC,2026-09-17T10:57:00Z,3.67,3.82,3.61,3.75,108252.0
DAIC,2026-09-17T10:58:00Z,3.7862,3.81,3.7378,3.79,29302.0
DAIC,2026-09-17T10:59:00Z,3.7974,4.01,3.75,3.9483,66972.0
DAIC,2026-09-17T11:00:00Z,3.95,4.1899,3.924,4.1489,203197.0
DAIC,2026-09-17T11:01:00Z,4.14,4.41,4.13,4.3,511212.0
DAIC,2026-09-17T11:02:00Z,4.2871,4.4,4.2,4.2,270312.0
DAIC,2026-09-17T11:03:00Z,4.2,4.41,4.15,4.32,297829.0
DAIC,2026-09-17T11:04:00Z,4.3,4.3,4.2,4.22,110325.0
DAIC,2026-09-17T11:05:00Z,4.2,4.35,4.2,4.3296,174096.0
DAIC,2026-09-17T11:06:00Z,4.3205,4.47,4.18,4.21,383877.0
DAIC,2026-09-17T11:07:00Z,4.23,4.29,4.17,4.22,115857.0
DAIC,2026-09-17T11:08:00Z,4.22,4.4,4.21,4.4,131942.0
DAIC,2026-09-17T11:09:00Z,4.3787,4.46,4.3,4.3,169432.0
DAIC,2026-09-17T11:10:00Z,4.2903,4.7199,4.26,4.57,272722.0
DAIC,2026-09-17T11:11:00Z,4.5796,4.65,4.46,4.49,424054.0
DAIC,2026-09-17T11:12:00Z,4.4996,4.52,4.44,4.4995,164856.0
DAIC,2026-09-17T11:13:00Z,4.49,4.5009,4.27,4.32,220837.0
DAIC,2026-09-17T11:14:00Z,4.32,4.34,4.24,4.3192,137430.0
DAIC,2026-09-17T11:15:00Z,4.31,4.3145,4.18,4.21,108159.0
DAIC,2026-09-17T11:16:00Z,4.2097,4.25,4.04,4.0679,187306.0
DAIC,2026-09-17T11:17:00Z,4.06,4.1496,4.06,4.12,81030.0
DAIC,2026-09-17T11:18:00Z,4.11,4.14,4.07,4.12,59596.0
DAIC,2026-09-17T11:19:00Z,4.11,4.17,4.11,4.13,48874.0
DAIC,2026-09-17T11:20:00Z,4.11,4.2918,4.1,4.24,100943.0
DAIC,2026-09-17T11:21:00Z,4.24,4.29,4.23,4.26,94351.0
DAIC,2026-09-17T11:22:00Z,4.26,4.28,4.22,4.23,44189.0
DAIC,2026-09-17T11:23:00Z,4.22,4.29,4.16,4.16,68764.0
DAIC,2026-09-17T11:24:00Z,4.1604,4.2,4.15,4.1703,41921.0
DAIC,2026-09-17T11:25:00Z,4.1703,4.195,4.08,4.09,48157.0
DAIC,2026-09-17T11:26:00Z,4.09,4.23,4.09,4.23,63032.0
DAIC,2026-09-17T11:27:00Z,4.22,4.23,4.18,4.18,30134.0
DAIC,2026-09-17T11:28:00Z,4.1701,4.1711,4.11,4.1103,42528.0
DAIC,2026-09-17T11:29:00Z,4.11,4.15,4.11,4.11,19371.0
DAIC,2026-09-17T11:30:00Z,4.1231,4.14,4.1032,4.1394,20815.0
DAIC,2026-09-17T11:31:00Z,4.1203,4.16,4.09,4.1595,49445.0
DAIC,2026-09-17T11:32:00Z,4.1618,4.1895,4.1,4.13,41284.0
DAIC,2026-09-17T11:33:00Z,4.15,4.16,4.12,4.16,19167.0
DAIC,2026-09-17T11:34:00Z,4.16,4.17,4.1,4.1095,22358.0
DAIC,2026-09-17T11:35:00Z,4.11,4.1105,4.024,4.0598,55082.0
DAIC,2026-09-17T11:36:00Z,4.06,4.14,4.04,4.14,35541.0
DAIC,2026-09-17T11:37:00Z,4.14,4.22,4.14,4.14,69954.0
DAIC,2026-09-17T11:38:00Z,4.15,4.15,4.09,4.1,24457.0
DAIC,2026-09-17T11:39:00Z,4.09,4.12,4.09,4.12,17652.0
DAIC,2026-09-17T11:40:00Z,4.11,4.12,4.0902,4.0902,12786.0
DAIC,2026-09-17T11:41:00Z,4.092,4.1,4.07,4.0809,18022.0
DAIC,2026-09-17T11:42:00Z,4.0994,4.1263,4.08,4.12,10453.0
DAIC,2026-09-17T11:43:00Z,4.11,4.1102,4.07,4.08,9504.0
DAIC,2026-09-17T11:44:00Z,4.08,4.09,4.07,4.07,13911.0
DAIC,2026-09-17T11:45:00Z,4.0799,4.08,4.06,4.06,17613.0
DAIC,2026-09-17T11:46:00Z,4.0601,4.07,4.06,4.0603,8317.0
DAIC,2026-09-17T11:47:00Z,4.07,4.07,4.05,4.05,15577.0
DAIC,2026-09-17T11:48:00Z,4.06,4.12,4.06,4.11,26280.0
DAIC,2026-09-17T11:49:00Z,4.11,4.21,4.08,4.14,72877.0
DAIC,2026-09-17T11:50:00Z,4.14,4.17,4.1201,4.16,32102.0
DAIC,2026-09-17T11:51:00Z,4.1601,4.17,4.11,4.11,28314.0
DAIC,2026-09-17T11:52:00Z,4.1185,4.13,4.11,4.12,16492.0
DAIC,2026-09-17T11:53:00Z,4.12,4.12,4.1,4.1102,9823.0
DAIC,2026-09-17T11:54:00Z,4.11,4.11,4.09,4.09,20336.0
DAIC,2026-09-17T11:55:00Z,4.1,4.1308,4.1,4.1298,7205.0
DAIC,2026-09-17T11:56:00Z,4.13,4.13,4.1,4.11,12189.0
DAIC,2026-09-17T11:57:00Z,4.1199,4.12,4.09,4.0901,20683.0
DAIC,2026-09-17T11:58:00Z,4.09,4.1,4.06,4.08,24764.0
DAIC,2026-09-17T11:59:00Z,4.0731,4.2266,4.07,4.18,83797.0
DAIC,2026-09-17T12:00:00Z,4.18,4.2085,4.12,4.1201,49495.0
DAIC,2026-09-17T12:01:00Z,4.13,4.13,4.08,4.09,22772.0
DAIC,2026-09-17T12:02:00Z,4.08,4.1299,4.07,4.073,25110.0
DAIC,2026-09-17T12:03:00Z,4.08,4.11,4.08,4.1,15518.0
DAIC,2026-09-17T12:04:00Z,4.1018,4.12,4.09,4.1,13653.0
DAIC,2026-09-17T12:05:00Z,4.1,4.1,4.08,4.0802,16283.0
DAIC,2026-09-17T12:06:00Z,4.0892,4.0892,4.06,4.07,25072.0
DAIC,2026-09-17T12:07:00Z,4.0894,4.1,4.08,4.0804,4921.0
DAIC,2026-09-17T12:08:00Z,4.09,4.0997,4.07,4.0797,7234.0
DAIC,2026-09-17T12:09:00Z,4.07,4.08,4.03,4.04,20720.0
DAIC,2026-09-17T12:10:00Z,4.0395,4.04,3.86,3.8897,135501.0
DAIC,2026-09-17T12:11:00Z,3.885,3.97,3.88,3.91,56110.0
DAIC,2026-09-17T12:12:00Z,3.9193,3.9405,3.91,3.926,18840.0
DAIC,2026-09-17T12:13:00Z,3.92,3.97,3.91,3.95,32611.0
DAIC,2026-09-17T12:14:00Z,3.96,3.96,3.92,3.921,16731.0
DAIC,2026-09-17T12:15:00Z,3.92,3.92,3.91,3.9101,7569.0
DAIC,2026-09-17T12:16:00Z,3.92,3.9407,3.9,3.9407,14968.0
DAIC,2026-09-17T12:17:00Z,3.9497,3.95,3.94,3.9404,16970.0
DAIC,2026-09-17T12:18:00Z,3.9403,3.95,3.91,3.9103,21260.0
DAIC,2026-09-17T12:19:00Z,3.91,3.93,3.83,3.86,72561.0
DAIC,2026-09-17T12:20:00Z,3.87,3.95,3.85,3.95,35458.0
DAIC,2026-09-17T12:21:00Z,3.9471,4.0093,3.93,3.97,44554.0
DAIC,2026-09-17T12:22:00Z,3.9683,3.99,3.9593,3.96,24181.0
DAIC,2026-09-17T12:23:00Z,3.96,3.98,3.95,3.98,8105.0
DAIC,2026-09-17T12:24:00Z,3.9706,4.0,3.97,3.9995,23269.0
DAIC,2026-09-17T12:25:00Z,3.995,4.0,3.97,3.99,36495.0
DAIC,2026-09-17T12:26:00Z,3.97,3.98,3.96,3.96,14350.0
DAIC,2026-09-17T12:27:00Z,3.96,3.98,3.94,3.97,27363.0
DAIC,2026-09-17T12:28:00Z,3.97,3.9869,3.95,3.95,21859.0
DAIC,2026-09-17T12:29:00Z,3.9604,3.9604,3.89,3.9004,20319.0
DAIC,2026-09-17T12:30:00Z,3.91,3.92,3.89,3.89,16823.0
DAIC,2026-09-17T12:31:00Z,3.89,3.92,3.88,3.9108,11078.0
DAIC,2026-09-17T12:32:00Z,3.9,3.93,3.9,3.9109,15457.0
DAIC,2026-09-17T12:33:00Z,3.91,3.91,3.88,3.88,17619.0
DAIC,2026-09-17T12:34:00Z,3.8903,3.8903,3.86,3.86,26583.0
DAIC,2026-09-17T12:35:00Z,3.86,3.93,3.86,3.9,27672.0
DAIC,2026-09-17T12:36:00Z,3.91,3.97,3.9,3.94,21704.0
DAIC,2026-09-17T12:37:00Z,3.93,3.9369,3.9,3.9101,9983.0
DAIC,2026-09-17T12:38:00Z,3.9034,3.91,3.88,3.89,13786.0
DAIC,2026-09-17T12:39:00Z,3.9,3.901,3.85,3.85,12374.0
DAIC,2026-09-17T12:40:00Z,3.85,3.92,3.85,3.88,17594.0
DAIC,2026-09-17T12:41:00Z,3.88,3.88,3.85,3.86,22008.0
DAIC,2026-09-17T12:42:00Z,3.86,3.89,3.85,3.88,6536.0
DAIC,2026-09-17T12:43:00Z,3.88,3.9,3.85,3.8501,12525.0
DAIC,2026-09-17T12:44:00Z,3.855,3.88,3.84,3.8692,33046.0
DAIC,2026-09-17T12:45:00Z,3.8598,3.8697,3.83,3.8485,15616.0
DAIC,2026-09-17T12:46:00Z,3.85,3.91,3.8497,3.8497,27644.0
DAIC,2026-09-17T12:47:00Z,3.83,3.84,3.72,3.77,62995.0
DAIC,2026-09-17T12:48:00Z,3.77,3.83,3.77,3.8093,33914.0
DAIC,2026-09-17T12:49:00Z,3.81,3.92,3.8,3.9115,38353.0
DAIC,2026-09-17T12:50:00Z,3.91,3.99,3.89,3.95,46714.0
DAIC,2026-09-17T12:51:00Z,3.97,4.06,3.97,4.0,116741.0
DAIC,2026-09-17T12:52:00Z,4.0,4.02,3.95,3.9505,36924.0
DAIC,2026-09-17T12:53:00Z,3.96,3.96,3.94,3.94,14728.0
DAIC,2026-09-17T12:54:00Z,3.94,3.95,3.89,3.9169,43424.0
DAIC,2026-09-17T12:55:00Z,3.91,3.9199,3.87,3.91,9956.0
DAIC,2026-09-17T12:56:00Z,3.8919,3.91,3.88,3.89,11928.0
DAIC,2026-09-17T12:57:00Z,3.89,4.14,3.89,4.13,150363.0
DAIC,2026-09-17T12:58:00Z,4.1397,4.29,4.09,4.12,292289.0
DAIC,2026-09-17T12:59:00Z,4.1231,4.13,4.05,4.07,71481.0
DAIC,2026-09-17T13:00:00Z,4.07,4.24,3.99,4.04,101932.0
DAIC,2026-09-17T13:01:00Z,4.0389,4.05,4.0,4.01,26074.0
DAIC,2026-09-17T13:02:00Z,4.02,4.08,4.01,4.06,32707.0
DAIC,2026-09-17T13:03:00Z,4.06,4.07,3.99,4.01,46757.0
DAIC,2026-09-17T13:04:00Z,4.02,4.04,3.99,4.0,21550.0
DAIC,2026-09-17T13:05:00Z,3.995,4.05,3.99,3.99,20612.0
DAIC,2026-09-17T13:06:00Z,4.0,4.0592,3.9833,4.03,44456.0
DAIC,2026-09-17T13:07:00Z,4.0303,4.04,4.01,4.01,19421.0
DAIC,2026-09-17T13:08:00Z,4.01,4.02,3.95,3.9605,29256.0
DAIC,2026-09-17T13:09:00Z,3.96,4.0,3.95,3.99,10475.0
DAIC,2026-09-17T13:10:00Z,4.0,4.03,3.9903,4.0285,10161.0
DAIC,2026-09-17T13:11:00Z,4.0202,4.03,4.0,4.02,11794.0
DAIC,2026-09-17T13:12:00Z,4.0117,4.05,4.0117,4.05,9094.0
DAIC,2026-09-17T13:13:00Z,4.05,4.09,4.03,4.075,28862.0
DAIC,2026-09-17T13:14:00Z,4.07,4.07,4.05,4.0597,17151.0
DAIC,2026-09-17T13:15:00Z,4.05,4.06,4.05,4.0506,4230.0
DAIC,2026-09-17T13:16:00Z,4.05,4.0598,4.04,4.04,15587.0
DAIC,2026-09-17T13:17:00Z,4.04,4.08,4.04,4.0693,16675.0
DAIC,2026-09-17T13:18:00Z,4.0616,4.07,4.03,4.06,23834.0
DAIC,2026-09-17T13:19:00Z,4.0603,4.0603,4.03,4.03,14402.0
DAIC,2026-09-17T13:20:00Z,4.031,4.05,3.99,3.99,28853.0
DAIC,2026-09-17T13:21:00Z,3.981,4.0,3.93,3.97,41466.0
DAIC,2026-09-17T13:22:00Z,3.96,3.97,3.94,3.96,35210.0
DAIC,2026-09-17T13:23:00Z,3.98,4.0,3.9695,3.9985,31201.0
DAIC,2026-09-17T13:24:00Z,3.9962,4.07,3.99,4.05,19624.0
DAIC,2026-09-17T13:25:00Z,4.07,4.08,4.0362,4.07,33582.0
DAIC,2026-09-17T13:26:00Z,4.0607,4.17,4.05,4.16,104972.0
DAIC,2026-09-17T13:27:00Z,4.16,4.25,4.1,4.14,181652.0
DAIC,2026-09-17T13:28:00Z,4.17,4.22,4.07,4.17,55901.0
DAIC,2026-09-17T13:29:00Z,4.16,4.16,4.02,4.09,87385.0
DAIC,2026-09-17T13:30:00Z,4.12,4.39,4.01,4.305,694781.0
DAIC,2026-09-17T13:31:00Z,4.31,4.34,3.97,4.0679,575405.0
DAIC,2026-09-17T13:32:00Z,4.04,4.43,4.04,4.4238,545927.0
DAIC,2026-09-17T13:33:00Z,4.41,4.6,4.3,4.58,1457517.0
DAIC,2026-09-17T13:34:00Z,4.5643,4.75,4.44,4.4509,1388968.0
DAIC,2026-09-17T13:35:00Z,4.4748,4.73,4.32,4.685,897242.0
DAIC,2026-09-17T13:36:00Z,4.6883,4.75,4.3201,4.47,875610.0
DAIC,2026-09-17T13:37:00Z,4.46,4.52,4.35,4.45,435099.0
DAIC,2026-09-17T13:38:00Z,4.45,4.59,4.4,4.555,375825.0
DAIC,2026-09-17T13:39:00Z,4.56,4.69,4.47,4.66,521991.0
DAIC,2026-09-17T13:40:00Z,4.66,4.75,4.5,4.6384,800713.0
DAIC,2026-09-17T13:41:00Z,4.6209,5.23,4.6209,5.0701,1944020.0
DAIC,2026-09-17T13:42:00Z,5.085,5.49,4.96,5.3201,1471472.0
DAIC,2026-09-17T13:43:00Z,5.32,5.9399,5.21,5.785,1693750.0
DAIC,2026-09-17T13:44:00Z,5.785,6.36,5.66,6.36,1766670.0
DAIC,2026-09-17T13:45:00Z,6.36,6.36,6.36,6.36,215199.0
DAIC,2026-09-17T13:46:00Z,6.36,6.36,6.36,6.36,0.0
DAIC,2026-09-17T13:47:00Z,6.36,6.36,6.36,6.36,0.0
DAIC,2026-09-17T13:48:00Z,6.36,6.36,6.36,6.36,0.0
DAIC,2026-09-17T13:49:00Z,6.36,6.36,6.36,6.36,0.0
DAIC,2026-09-17T13:50:00Z,6.36,6.95,5.75,6.78,2371820.0
DAIC,2026-09-17T13:51:00Z,6.8,7.1495,6.4901,6.55,1936808.0
DAIC,2026-09-17T13:52:00Z,6.525,6.55,5.56,5.8884,1595035.0
DAIC,2026-09-17T13:53:00Z,5.886,6.15,5.66,6.015,958444.0
DAIC,2026-09-17T13:54:00Z,6.05,6.09,5.8106,5.9,582667.0
DAIC,2026-09-17T13:55:00Z,5.9,6.07,5.75,5.83,598633.0
DAIC,2026-09-17T13:56:00Z,5.83,5.9,5.51,5.54,663896.0
DAIC,2026-09-17T13:57:00Z,5.53,5.59,5.28,5.5115,807428.0
DAIC,2026-09-17T13:58:00Z,5.5115,5.73,5.4601,5.71,491909.0
DAIC,2026-09-17T13:59:00Z,5.73,5.75,5.59,5.69,315656.0
DAIC,2026-09-17T14:00:00Z,5.695,5.92,5.66,5.81,621511.0
DAIC,2026-09-17T14:01:00Z,5.805,5.81,5.55,5.6099,394968.0
DAIC,2026-09-17T14:02:00Z,5.6086,5.8,5.55,5.73,302589.0
DAIC,2026-09-17T14:03:00Z,5.73,6.06,5.7087,5.9561,728790.0
DAIC,2026-09-17T14:04:00Z,5.95,6.08,5.76,5.79,605582.0
DAIC,2026-09-17T14:05:00Z,5.7937,6.11,5.7601,6.0136,497613.0
DAIC,2026-09-17T14:06:00Z,6.01,6.1,5.66,5.715,709194.0
DAIC,2026-09-17T14:07:00Z,5.71,5.82,5.42,5.49,702597.0
DAIC,2026-09-17T14:08:00Z,5.48,5.5,5.1115,5.265,644081.0
DAIC,2026-09-17T14:09:00Z,5.27,5.3336,5.01,5.03,408401.0
DAIC,2026-09-17T14:10:00Z,5.02,5.09,4.68,4.88,922809.0
DAIC,2026-09-17T14:11:00Z,4.87,4.96,4.84,4.92,300635.0
DAIC,2026-09-17T14:12:00Z,4.9116,4.98,4.81,4.8801,231260.0
DAIC,2026-09-17T14:13:00Z,4.89,5.1,4.8201,5.015,352911.0
DAIC,2026-09-17T14:14:00Z,5.015,5.1,5.0,5.0273,363343.0
DAIC,2026-09-17T14:15:00Z,5.0109,5.16,4.9301,5.0165,382555.0
DAIC,2026-09-17T14:16:00Z,5.01,5.19,5.01,5.1799,336582.0
DAIC,2026-09-17T14:17:00Z,5.17,5.28,5.13,5.26,397181.0
DAIC,2026-09-17T14:18:00Z,5.26,5.28,5.11,5.22,313227.0
DAIC,2026-09-17T14:19:00Z,5.2,5.28,5.13,5.17,273756.0
DAIC,2026-09-17T14:20:00Z,5.16,5.2097,4.92,4.98,276506.0
DAIC,2026-09-17T14:21:00Z,4.9755,5.04,4.86,4.91,243859.0
DAIC,2026-09-17T14:22:00Z,4.92,5.09,4.91,5.0338,158844.0
DAIC,2026-09-17T14:23:00Z,5.0399,5.07,4.93,4.95,131571.0
DAIC,2026-09-17T14:24:00Z,4.95,4.97,4.84,4.8701,227937.0
DAIC,2026-09-17T14:25:00Z,4.9096,4.96,4.7101,4.87,229214.0
DAIC,2026-09-17T14:26:00Z,4.8699,4.9,4.64,4.725,246499.0
DAIC,2026-09-17T14:27:00Z,4.71,4.79,4.69,4.731,156025.0
DAIC,2026-09-17T14:28:00Z,4.7397,4.83,4.735,4.8285,99385.0
DAIC,2026-09-17T14:29:00Z,4.82,4.85,4.72,4.73,66958.0
DAIC,2026-09-17T14:30:00Z,4.72,4.8,4.7,4.7201,91674.0
DAIC,2026-09-17T14:31:00Z,4.721,4.8,4.72,4.7469,67999.0
DAIC,2026-09-17T14:32:00Z,4.7416,4.87,4.7416,4.82,130061.0
DAIC,2026-09-17T14:33:00Z,4.81,4.81,4.68,4.71,110055.0
DAIC,2026-09-17T14:34:00Z,4.72,4.88,4.68,4.84,128554.0
DAIC,2026-09-17T14:35:00Z,4.8215,4.96,4.81,4.9199,269188.0
DAIC,2026-09-17T14:36:00Z,4.9199,4.92,4.82,4.875,84190.0
DAIC,2026-09-17T14:37:00Z,4.8898,5.03,4.885,4.98,245165.0
DAIC,2026-09-17T14:38:00Z,4.99,5.08,4.93,4.98,242181.0
DAIC,2026-09-17T14:39:00Z,4.985,5.0485,4.86,5.02,232347.0
DAIC,2026-09-17T14:40:00Z,5.02,5.08,4.8601,4.8901,131128.0
DAIC,2026-09-17T14:41:00Z,4.895,4.94,4.81,4.88,130315.0
DAIC,2026-09-17T14:42:00Z,4.8865,4.9,4.82,4.85,75821.0
DAIC,2026-09-17T14:43:00Z,4.8501,4.8685,4.67,4.6901,185711.0
DAIC,2026-09-17T14:44:00Z,4.6901,4.72,4.61,4.6662,202023.0
DAIC,2026-09-17T14:45:00Z,4.6606,4.7149,4.6,4.66,177698.0
DAIC,2026-09-17T14:46:00Z,4.6999,4.73,4.57,4.63,150480.0
DAIC,2026-09-17T14:47:00Z,4.6347,4.6347,4.45,4.4901,211742.0
DAIC,2026-09-17T14:48:00Z,4.51,4.58,4.474,4.54,71542.0
DAIC,2026-09-17T14:49:00Z,4.54,4.65,4.54,4.62,115734.0
DAIC,2026-09-17T14:50:00Z,4.62,4.62,4.52,4.56,60895.0
DAIC,2026-09-17T14:51:00Z,4.545,4.65,4.5301,4.56,81572.0
DAIC,2026-09-17T14:52:00Z,4.55,4.5501,4.47,4.5499,81921.0
DAIC,2026-09-17T14:53:00Z,4.53,4.75,4.53,4.67,122040.0
DAIC,2026-09-17T14:54:00Z,4.67,4.67,4.54,4.6,63242.0
DAIC,2026-09-17T14:55:00Z,4.62,4.6898,4.57,4.6789,77108.0
DAIC,2026-09-17T14:56:00Z,4.66,4.76,4.65,4.7111,187261.0
DAIC,2026-09-17T14:57:00Z,4.7194,4.85,4.7115,4.72,139844.0
DAIC,2026-09-17T14:58:00Z,4.725,4.7474,4.675,4.7,53060.0
DAIC,2026-09-17T14:59:00Z,4.71,4.7151,4.65,4.67,51113.0
DAIC,2026-09-17T15:00:00Z,4.66,4.78,4.66,4.76,62663.0
DAIC,2026-09-17T15:01:00Z,4.76,4.83,4.73,4.79,130424.0
DAIC,2026-09-17T15:02:00Z,4.8065,4.89,4.787,4.865,183541.0
DAIC,2026-09-17T15:03:00Z,4.861,4.88,4.78,4.79,100237.0
DAIC,2026-09-17T15:04:00Z,4.79,4.83,4.75,4.78,63111.0
DAIC,2026-09-17T15:05:00Z,4.7651,4.78,4.7,4.73,49644.0
DAIC,2026-09-17T15:06:00Z,4.7496,4.7496,4.71,4.7117,18638.0
DAIC,2026-09-17T15:07:00Z,4.71,4.74,4.6,4.645,72622.0
DAIC,2026-09-17T15:08:00Z,4.62,4.7,4.6,4.6656,76998.0
DAIC,2026-09-17T15:09:00Z,4.6687,4.7,4.65,4.671,37416.0
DAIC,2026-09-17T15:10:00Z,4.6735,4.7,4.65,4.665,35963.0
DAIC,2026-09-17T15:11:00Z,4.6622,4.71,4.6,4.64,66338.0
DAIC,2026-09-17T15:12:00Z,4.6222,4.67,4.6111,4.65,22468.0
DAIC,2026-09-17T15:13:00Z,4.65,4.66,4.6,4.6599,38375.0
DAIC,2026-09-17T15:14:00Z,4.657,4.6585,4.6,4.61,24610.0
DAIC,2026-09-17T15:15:00Z,4.61,4.77,4.6,4.7317,94859.0
DAIC,2026-09-17T15:16:00Z,4.74,4.86,4.73,4.8301,214108.0
DAIC,2026-09-17T15:17:00Z,4.83,4.88,4.7515,4.79,150713.0
DAIC,2026-09-17T15:18:00Z,4.78,4.87,4.73,4.85,101552.0
DAIC,2026-09-17T15:19:00Z,4.86,4.88,4.82,4.845,86360.0
DAIC,2026-09-17T15:20:00Z,4.8485,4.8485,4.78,4.81,53801.0
DAIC,2026-09-17T15:21:00Z,4.81,4.84,4.76,4.7746,103554.0
DAIC,2026-09-17T15:22:00Z,4.78,4.799,4.7,4.7,64414.0
DAIC,2026-09-17T15:23:00Z,4.71,4.75,4.7,4.7203,73580.0
DAIC,2026-09-17T15:24:00Z,4.7203,4.83,4.71,4.7902,64986.0
DAIC,2026-09-17T15:25:00Z,4.81,4.8299,4.72,4.745,44558.0
DAIC,2026-09-17T15:26:00Z,4.745,4.77,4.72,4.73,41973.0
DAIC,2026-09-17T15:27:00Z,4.72,4.8,4.66,4.7899,96314.0
DAIC,2026-09-17T15:28:00Z,4.785,4.83,4.77,4.8238,78776.0
DAIC,2026-09-17T15:29:00Z,4.807,4.85,4.78,4.83,79845.0
DAIC,2026-09-17T15:30:00Z,4.8106,4.84,4.785,4.81,69688.0
DAIC,2026-09-17T15:31:00Z,4.81,4.81,4.73,4.765,69592.0
DTSS,2026-09-17T08:00:00Z,0.86,0.8697,0.8113,0.8125,38385.0
DTSS,2026-09-17T08:01:00Z,0.8125,0.9114,0.8055,0.8749,68042.0
DTSS,2026-09-17T08:02:00Z,0.87,0.9365,0.8,0.8199,442552.0
DTSS,2026-09-17T08:03:00Z,0.84,0.84,0.78,0.7801,34149.0
DTSS,2026-09-17T08:04:00Z,0.7801,0.7801,0.7403,0.7553,59572.0
DTSS,2026-09-17T08:05:00Z,0.7553,0.8939,0.7553,0.7701,31418.0
DTSS,2026-09-17T08:06:00Z,0.7701,0.8098,0.7442,0.7466,81814.0
DTSS,2026-09-17T08:07:00Z,0.7457,0.7647,0.744,0.7457,32726.0
DTSS,2026-09-17T08:08:00Z,0.7456,0.7457,0.7353,0.7354,38197.0
DTSS,2026-09-17T08:09:00Z,0.735,0.7456,0.7214,0.744,71113.0
DTSS,2026-09-17T08:10:00Z,0.7455,0.77,0.743,0.7477,60960.0
DTSS,2026-09-17T08:11:00Z,0.743,0.7431,0.7161,0.7164,34699.0
DTSS,2026-09-17T08:12:00Z,0.7163,0.7163,0.7009,0.701,38778.0
DTSS,2026-09-17T08:13:00Z,0.701,0.74,0.7,0.7122,132176.0
DTSS,2026-09-17T08:14:00Z,0.7101,0.7376,0.7101,0.7235,27024.0
DTSS,2026-09-17T08:15:00Z,0.73,0.73,0.7123,0.719,25413.0
DTSS,2026-09-17T08:16:00Z,0.719,0.737,0.7128,0.7277,15849.0
DTSS,2026-09-17T08:17:00Z,0.7367,0.7367,0.726,0.73,28230.0
DTSS,2026-09-17T08:18:00Z,0.7339,0.75,0.728,0.7376,8705.0
DTSS,2026-09-17T08:19:00Z,0.7413,0.749,0.7382,0.74,34781.0
DTSS,2026-09-17T08:20:00Z,0.738,0.745,0.7301,0.7313,20069.0
DTSS,2026-09-17T08:21:00Z,0.735,0.749,0.735,0.747,13773.0
DTSS,2026-09-17T08:22:00Z,0.747,0.747,0.74,0.74,17639.0
DTSS,2026-09-17T08:23:00Z,0.743,0.747,0.7354,0.745,15898.0
DTSS,2026-09-17T08:24:00Z,0.7443,0.7469,0.7414,0.7469,14277.0
DTSS,2026-09-17T08:25:00Z,0.7468,0.75,0.744,0.75,10666.0
DTSS,2026-09-17T08:26:00Z,0.75,0.7513,0.75,0.7513,11033.0
DTSS,2026-09-17T08:27:00Z,0.76,0.77,0.7513,0.77,46955.0
DTSS,2026-09-17T08:28:00Z,0.77,0.77,0.76,0.7688,26978.0
DTSS,2026-09-17T08:29:00Z,0.7689,0.7733,0.7638,0.77,17101.0
DTSS,2026-09-17T08:30:00Z,0.7701,0.7701,0.7696,0.7696,11752.0
DTSS,2026-09-17T08:31:00Z,0.7697,0.7697,0.7624,0.7624,18943.0
DTSS,2026-09-17T08:32:00Z,0.7624,0.7624,0.7594,0.7594,6174.0
DTSS,2026-09-17T08:33:00Z,0.7572,0.7572,0.749,0.75,28113.0
DTSS,2026-09-17T08:34:00Z,0.7502,0.7696,0.7501,0.7505,5921.0
DTSS,2026-09-17T08:35:00Z,0.752,0.758,0.7501,0.758,8366.0
DTSS,2026-09-17T08:36:00Z,0.7501,0.7513,0.7501,0.7505,1371.0
DTSS,2026-09-17T08:37:00Z,0.755,0.7696,0.7501,0.7696,10462.0
DTSS,2026-09-17T08:38:00Z,0.7696,0.7696,0.765,0.7694,18811.0
DTSS,2026-09-17T08:39:00Z,0.7681,0.7697,0.7674,0.7674,12444.0
DTSS,2026-09-17T08:40:00Z,0.768,0.7697,0.7579,0.765,11925.0
DTSS,2026-09-17T08:41:00Z,0.7666,0.7667,0.7579,0.7636,2968.0
DTSS,2026-09-17T08:42:00Z,0.7631,0.7631,0.7587,0.7587,2409.0
DTSS,2026-09-17T08:43:00Z,0.76,0.76,0.75,0.75,4168.0
DTSS,2026-09-17T08:44:00Z,0.7505,0.7535,0.7505,0.7535,2136.0
DTSS,2026-09-17T08:45:00Z,0.7535,0.7591,0.751,0.7591,2221.0
DTSS,2026-09-17T08:46:00Z,0.7595,0.7696,0.7595,0.7682,9007.0
DTSS,2026-09-17T08:47:00Z,0.7674,0.7674,0.7607,0.7674,3915.0
DTSS,2026-09-17T08:48:00Z,0.7693,0.78,0.7674,0.78,10546.0
DTSS,2026-09-17T08:49:00Z,0.77,0.7968,0.77,0.7968,76392.0
DTSS,2026-09-17T08:50:00Z,0.7958,0.82,0.7958,0.82,122844.0
DTSS,2026-09-17T08:51:00Z,0.81,0.8771,0.81,0.8692,216544.0
DTSS,2026-09-17T08:52:00Z,0.8748,0.8748,0.84,0.84,286947.0
DTSS,2026-09-17T08:53:00Z,0.8398,0.8398,0.741,0.7469,288920.0
DTSS,2026-09-17T08:54:00Z,0.7468,0.747,0.7121,0.7405,229639.0
DTSS,2026-09-17T08:55:00Z,0.7431,0.7513,0.7201,0.7286,112900.0
DTSS,2026-09-17T08:56:00Z,0.7291,0.74,0.7247,0.74,33398.0
DTSS,2026-09-17T08:57:00Z,0.737,0.74,0.7316,0.7376,20676.0
DTSS,2026-09-17T08:58:00Z,0.7376,0.7377,0.735,0.7367,8383.0
DTSS,2026-09-17T08:59:00Z,0.7359,0.7367,0.7221,0.7237,32733.0
DTSS,2026-09-17T09:00:00Z,0.7223,0.724,0.7133,0.724,52187.0
DTSS,2026-09-17T09:01:00Z,0.7149,0.7309,0.7149,0.7294,27886.0
DTSS,2026-09-17T09:02:00Z,0.7239,0.7294,0.715,0.7196,29369.0
DTSS,2026-09-17T09:03:00Z,0.7152,0.7199,0.7051,0.7199,42362.0
DTSS,2026-09-17T09:04:00Z,0.7197,0.7309,0.7192,0.7309,13771.0
DTSS,2026-09-17T09:05:00Z,0.736,0.736,0.725,0.7299,17551.0
DTSS,2026-09-17T09:06:00Z,0.7298,0.7299,0.722,0.7236,8262.0
DTSS,2026-09-17T09:07:00Z,0.722,0.7236,0.7197,0.72,20041.0
DTSS,2026-09-17T09:08:00Z,0.72,0.728,0.7199,0.728,6865.0
DTSS,2026-09-17T09:09:00Z,0.7207,0.728,0.7199,0.7249,4832.0
DTSS,2026-09-17T09:10:00Z,0.7249,0.7249,0.7212,0.7235,15450.0
DTSS,2026-09-17T09:11:00Z,0.7234,0.75,0.7234,0.7432,19187.0
DTSS,2026-09-17T09:12:00Z,0.7383,0.74,0.73,0.731,13075.0
DTSS,2026-09-17T09:13:00Z,0.732,0.7512,0.732,0.74,26250.0
DTSS,2026-09-17T09:14:00Z,0.7406,0.7499,0.7405,0.745,4785.0
DTSS,2026-09-17T09:15:00Z,0.7451,0.7502,0.7451,0.75,15305.0
DTSS,2026-09-17T09:16:00Z,0.7501,0.7572,0.75,0.7572,16354.0
DTSS,2026-09-17T09:17:00Z,0.7571,0.7698,0.7551,0.7561,16383.0
DTSS,2026-09-17T09:18:00Z,0.7564,0.7648,0.7557,0.7648,25313.0
DTSS,2026-09-17T09:19:00Z,0.7652,0.77,0.7433,0.7433,31291.0
DTSS,2026-09-17T09:20:00Z,0.7469,0.7594,0.7462,0.7589,19166.0
DTSS,2026-09-17T09:21:00Z,0.7588,0.7588,0.755,0.755,18086.0
DTSS,2026-09-17T09:22:00Z,0.755,0.755,0.7418,0.7419,13397.0
DTSS,2026-09-17T09:23:00Z,0.7419,0.7568,0.7418,0.747,10291.0
DTSS,2026-09-17T09:24:00Z,0.747,0.755,0.747,0.75,2258.0
DTSS,2026-09-17T09:25:00Z,0.755,0.7594,0.75,0.755,2832.0
DTSS,2026-09-17T09:26:00Z,0.755,0.7594,0.755,0.759,5523.0
DTSS,2026-09-17T09:27:00Z,0.7595,0.7789,0.7594,0.778,17188.0
DTSS,2026-09-17T09:28:00Z,0.7787,0.798,0.7734,0.7974,79140.0
DTSS,2026-09-17T09:29:00Z,0.7962,0.839,0.796,0.8296,256774.0
DTSS,2026-09-17T09:30:00Z,0.8296,0.83,0.7601,0.7603,155643.0
DTSS,2026-09-17T09:31:00Z,0.7696,0.8001,0.76,0.7801,110725.0
DTSS,2026-09-17T09:32:00Z,0.78,0.7831,0.78,0.7812,43137.0
DTSS,2026-09-17T09:33:00Z,0.7866,0.7996,0.7806,0.7806,16170.0
DTSS,2026-09-17T09:34:00Z,0.7801,0.7801,0.76,0.7615,73828.0
DTSS,2026-09-17T09:35:00Z,0.7609,0.7973,0.7608,0.78,38015.0
DTSS,2026-09-17T09:36:00Z,0.7801,0.785,0.757,0.7586,34140.0
DTSS,2026-09-17T09:37:00Z,0.7586,0.7746,0.757,0.7585,11411.0
DTSS,2026-09-17T09:38:00Z,0.7587,0.7741,0.7587,0.772,11131.0
DTSS,2026-09-17T09:39:00Z,0.772,0.772,0.7584,0.7584,18186.0
DTSS,2026-09-17T09:40:00Z,0.7584,0.77,0.7584,0.76,29094.0
DTSS,2026-09-17T09:41:00Z,0.76,0.7679,0.7594,0.76,4927.0
DTSS,2026-09-17T09:42:00Z,0.7594,0.7595,0.7584,0.7584,11132.0
DTSS,2026-09-17T09:43:00Z,0.7584,0.7585,0.7584,0.7585,7427.0
DTSS,2026-09-17T09:44:00Z,0.7585,0.7674,0.7585,0.7673,5218.0
DTSS,2026-09-17T09:45:00Z,0.764,0.7725,0.7601,0.7725,16163.0
DTSS,2026-09-17T09:46:00Z,0.7725,0.7778,0.77,0.7777,13642.0
DTSS,2026-09-17T09:47:00Z,0.777,0.7777,0.774,0.7761,21377.0
DTSS,2026-09-17T09:48:00Z,0.7762,0.7784,0.775,0.7776,13718.0
DTSS,2026-09-17T09:49:00Z,0.7776,0.7784,0.777,0.7777,10427.0
DTSS,2026-09-17T09:50:00Z,0.7777,0.778,0.7762,0.7762,9549.0
DTSS,2026-09-17T09:51:00Z,0.7763,0.7764,0.77,0.77,13873.0
DTSS,2026-09-17T09:52:00Z,0.77,0.77,0.7601,0.7607,10004.0
DTSS,2026-09-17T09:53:00Z,0.7613,0.77,0.757,0.7663,27902.0
DTSS,2026-09-17T09:54:00Z,0.7686,0.7747,0.76,0.76,5703.0
DTSS,2026-09-17T09:55:00Z,0.758,0.7581,0.7565,0.7565,4008.0
DTSS,2026-09-17T09:56:00Z,0.7579,0.7579,0.7565,0.7578,9291.0
DTSS,2026-09-17T09:57:00Z,0.7578,0.7579,0.75,0.75,19720.0
DTSS,2026-09-17T09:58:00Z,0.7565,0.7565,0.7418,0.745,23204.0
DTSS,2026-09-17T09:59:00Z,0.745,0.747,0.7378,0.74,16111.0
DTSS,2026-09-17T10:00:00Z,0.747,0.747,0.7433,0.7461,7140.0
DTSS,2026-09-17T10:01:00Z,0.7461,0.747,0.7457,0.7459,6327.0
DTSS,2026-09-17T10:02:00Z,0.7459,0.7528,0.7458,0.7521,4549.0
DTSS,2026-09-17T10:03:00Z,0.75,0.7521,0.7458,0.7458,11408.0
DTSS,2026-09-17T10:04:00Z,0.7455,0.7455,0.7433,0.7434,4456.0
DTSS,2026-09-17T10:05:00Z,0.7447,0.7448,0.74,0.7448,8820.0
DTSS,2026-09-17T10:06:00Z,0.7448,0.7448,0.7381,0.741,7170.0
DTSS,2026-09-17T10:07:00Z,0.7411,0.7413,0.7374,0.7374,10883.0
DTSS,2026-09-17T10:08:00Z,0.7361,0.7382,0.7318,0.7318,5314.0
DTSS,2026-09-17T10:09:00Z,0.736,0.7631,0.7323,0.7631,22686.0
DTSS,2026-09-17T10:10:00Z,0.7474,0.76,0.7474,0.7492,16778.0
DTSS,2026-09-17T10:11:00Z,0.7484,0.76,0.7474,0.7572,8802.0
DTSS,2026-09-17T10:12:00Z,0.7565,0.7638,0.7501,0.7638,4871.0
DTSS,2026-09-17T10:13:00Z,0.7502,0.767,0.7502,0.7601,3516.0
DTSS,2026-09-17T10:14:00Z,0.76,0.769,0.76,0.769,309.0
DTSS,2026-09-17T10:15:00Z,0.7601,0.77,0.7601,0.77,5875.0
DTSS,2026-09-17T10:16:00Z,0.7798,0.78,0.7738,0.7799,7002.0
DTSS,2026-09-17T10:17:00Z,0.78,0.79,0.78,0.78,15814.0
DTSS,2026-09-17T10:18:00Z,0.7851,0.7892,0.779,0.7799,9741.0
DTSS,2026-09-17T10:19:00Z,0.78,0.78,0.779,0.779,8078.0
DTSS,2026-09-17T10:20:00Z,0.7798,0.7799,0.7616,0.7798,4012.0
DTSS,2026-09-17T10:21:00Z,0.775,0.775,0.7605,0.7606,12789.0
DTSS,2026-09-17T10:22:00Z,0.7605,0.7606,0.7528,0.7528,5121.0
DTSS,2026-09-17T10:23:00Z,0.7595,0.7647,0.7529,0.7607,12296.0
DTSS,2026-09-17T10:24:00Z,0.7615,0.7626,0.7615,0.7626,2796.0
DTSS,2026-09-17T10:25:00Z,0.7641,0.775,0.763,0.7631,1420.0
DTSS,2026-09-17T10:26:00Z,0.7635,0.7749,0.763,0.7749,7489.0
DTSS,2026-09-17T10:27:00Z,0.7631,0.7748,0.7631,0.764,1830.0
DTSS,2026-09-17T10:28:00Z,0.7631,0.7749,0.7631,0.7749,7019.0
DTSS,2026-09-17T10:29:00Z,0.7798,0.788,0.7748,0.7799,14027.0
DTSS,2026-09-17T10:30:00Z,0.78,0.7858,0.78,0.7857,4076.0
DTSS,2026-09-17T10:31:00Z,0.7863,0.7863,0.7748,0.7748,5136.0
DTSS,2026-09-17T10:32:00Z,0.7748,0.7857,0.77,0.7856,8766.0
DTSS,2026-09-17T10:33:00Z,0.7856,0.7864,0.7773,0.7856,1862.0
DTSS,2026-09-17T10:34:00Z,0.78,0.7819,0.77,0.7787,4791.0
DTSS,2026-09-17T10:35:00Z,0.7786,0.7813,0.7786,0.7813,4034.0
DTSS,2026-09-17T10:36:00Z,0.784,0.8201,0.784,0.8199,74804.0
DTSS,2026-09-17T10:37:00Z,0.8199,0.82,0.8101,0.8103,54425.0
DTSS,2026-09-17T10:38:00Z,0.81,0.8199,0.8,0.815,24257.0
DTSS,2026-09-17T10:39:00Z,0.8121,0.8193,0.7731,0.7902,44605.0
DTSS,2026-09-17T10:40:00Z,0.776,0.7951,0.776,0.7901,27008.0
DTSS,2026-09-17T10:41:00Z,0.7945,0.805,0.79,0.805,8632.0
DTSS,2026-09-17T10:42:00Z,0.8048,0.8268,0.79,0.8268,44258.0
DTSS,2026-09-17T10:43:00Z,0.8164,0.848,0.8164,0.8288,54649.0
DTSS,2026-09-17T10:44:00Z,0.8289,0.84,0.8288,0.8288,35388.0
DTSS,2026-09-17T10:45:00Z,0.829,0.8405,0.8288,0.84,50079.0
DTSS,2026-09-17T10:46:00Z,0.8401,0.8446,0.84,0.84,45435.0
DTSS,2026-09-17T10:47:00Z,0.84,0.8741,0.84,0.87,110763.0
DTSS,2026-09-17T10:48:00Z,0.8626,0.87,0.8288,0.8398,102178.0
DTSS,2026-09-17T10:49:00Z,0.8289,0.84,0.8289,0.8399,48824.0
DTSS,2026-09-17T10:50:00Z,0.85,0.8579,0.82,0.82,52089.0
DTSS,2026-09-17T10:51:00Z,0.8283,0.8399,0.82,0.8383,39915.0
DTSS,2026-09-17T10:52:00Z,0.8365,0.8365,0.8203,0.8304,9719.0
DTSS,2026-09-17T10:53:00Z,0.8301,0.8301,0.82,0.82,19622.0
DTSS,2026-09-17T10:54:00Z,0.8198,0.8198,0.7892,0.7901,47785.0
DTSS,2026-09-17T10:55:00Z,0.7892,0.8205,0.7701,0.7987,45800.0
DTSS,2026-09-17T10:56:00Z,0.7981,0.7981,0.7879,0.7879,31745.0
DTSS,2026-09-17T10:57:00Z,0.7879,0.7879,0.7711,0.7717,21910.0
DTSS,2026-09-17T10:58:00Z,0.7715,0.7967,0.7705,0.7951,39650.0
DTSS,2026-09-17T10:59:00Z,0.7949,0.7949,0.7703,0.78,28668.0
DTSS,2026-09-17T11:00:00Z,0.7875,0.7885,0.78,0.78,30994.0
DTSS,2026-09-17T11:01:00Z,0.7801,0.7885,0.78,0.788,19493.0
DTSS,2026-09-17T11:02:00Z,0.788,0.8405,0.788,0.8298,23324.0
DTSS,2026-09-17T11:03:00Z,0.8296,0.8298,0.8047,0.8077,37854.0
DTSS,2026-09-17T11:04:00Z,0.8076,0.8077,0.7974,0.7974,12600.0
DTSS,2026-09-17T11:05:00Z,0.7974,0.7974,0.7748,0.782,23605.0
DTSS,2026-09-17T11:06:00Z,0.7827,0.7997,0.7819,0.7996,9433.0
DTSS,2026-09-17T11:07:00Z,0.7996,0.7997,0.782,0.7972,11697.0
DTSS,2026-09-17T11:08:00Z,0.797,0.817,0.797,0.816,23938.0
DTSS,2026-09-17T11:09:00Z,0.8165,0.8169,0.7999,0.8098,18954.0
DTSS,2026-09-17T11:10:00Z,0.8098,0.815,0.8098,0.81,38797.0
DTSS,2026-09-17T11:11:00Z,0.8128,0.8165,0.8,0.8,25580.0
DTSS,2026-09-17T11:12:00Z,0.7999,0.7999,0.78,0.7812,31585.0
DTSS,2026-09-17T11:13:00Z,0.7812,0.7971,0.7806,0.7807,22766.0
DTSS,2026-09-17T11:14:00Z,0.7815,0.7999,0.7808,0.7894,16025.0
DTSS,2026-09-17T11:15:00Z,0.79,0.7901,0.75,0.7631,40167.0
DTSS,2026-09-17T11:16:00Z,0.7503,0.76,0.75,0.7521,27261.0
DTSS,2026-09-17T11:17:00Z,0.7521,0.7521,0.741,0.7418,28536.0
DTSS,2026-09-17T11:18:00Z,0.7418,0.7513,0.7417,0.7513,30455.0
DTSS,2026-09-17T11:19:00Z,0.7455,0.78,0.745,0.761,21510.0
DTSS,2026-09-17T11:20:00Z,0.7729,0.7729,0.7514,0.76,6044.0
DTSS,2026-09-17T11:21:00Z,0.7595,0.774,0.75,0.7739,33965.0
DTSS,2026-09-17T11:22:00Z,0.7738,0.7739,0.7601,0.77,21282.0
DTSS,2026-09-17T11:23:00Z,0.7732,0.7732,0.7602,0.7609,8382.0
DTSS,2026-09-17T11:24:00Z,0.7608,0.7609,0.7594,0.7594,13755.0
DTSS,2026-09-17T11:25:00Z,0.7594,0.7595,0.7522,0.7594,5454.0
DTSS,2026-09-17T11:26:00Z,0.7596,0.7732,0.7595,0.7601,14129.0
DTSS,2026-09-17T11:27:00Z,0.7623,0.7681,0.7602,0.7627,8765.0
DTSS,2026-09-17T11:28:00Z,0.762,0.7626,0.762,0.7623,9441.0
DTSS,2026-09-17T11:29:00Z,0.7623,0.7624,0.7602,0.7602,15211.0
DTSS,2026-09-17T11:30:00Z,0.7602,0.7603,0.7521,0.7521,15830.0
DTSS,2026-09-17T11:31:00Z,0.7521,0.7564,0.74,0.7416,43861.0
DTSS,2026-09-17T11:32:00Z,0.755,0.755,0.7411,0.7421,18960.0
DTSS,2026-09-17T11:33:00Z,0.7425,0.749,0.735,0.735,15187.0
DTSS,2026-09-17T11:34:00Z,0.7399,0.7399,0.7083,0.7097,88240.0
DTSS,2026-09-17T11:35:00Z,0.7098,0.7189,0.7097,0.7105,37020.0
DTSS,2026-09-17T11:36:00Z,0.7105,0.7105,0.705,0.7063,44220.0
DTSS,2026-09-17T11:37:00Z,0.71,0.7247,0.71,0.7232,17694.0
DTSS,2026-09-17T11:38:00Z,0.7231,0.7242,0.7141,0.7141,7116.0
DTSS,2026-09-17T11:39:00Z,0.711,0.7138,0.71,0.711,21517.0
DTSS,2026-09-17T11:40:00Z,0.711,0.7228,0.711,0.714,16993.0
DTSS,2026-09-17T11:41:00Z,0.7112,0.7199,0.711,0.7191,12173.0
DTSS,2026-09-17T11:42:00Z,0.7112,0.7188,0.711,0.7188,8631.0
DTSS,2026-09-17T11:43:00Z,0.7188,0.74,0.7188,0.73,5862.0
DTSS,2026-09-17T11:44:00Z,0.7242,0.7375,0.72,0.7207,5110.0
DTSS,2026-09-17T11:45:00Z,0.7205,0.7347,0.72,0.72,3057.0
DTSS,2026-09-17T11:46:00Z,0.7294,0.7294,0.72,0.7261,7289.0
DTSS,2026-09-17T11:47:00Z,0.7189,0.7189,0.7177,0.7178,3883.0
DTSS,2026-09-17T11:48:00Z,0.7347,0.7347,0.7181,0.7286,4016.0
DTSS,2026-09-17T11:49:00Z,0.7201,0.7283,0.7183,0.7185,8804.0
DTSS,2026-09-17T11:50:00Z,0.7184,0.7184,0.71,0.717,8802.0
DTSS,2026-09-17T11:51:00Z,0.7162,0.7162,0.6995,0.6995,37909.0
DTSS,2026-09-17T11:52:00Z,0.6996,0.6996,0.668,0.688,80585.0
DTSS,2026-09-17T11:53:00Z,0.6878,0.6878,0.671,0.671,54695.0
DTSS,2026-09-17T11:54:00Z,0.6724,0.6878,0.6679,0.6878,64964.0
DTSS,2026-09-17T11:55:00Z,0.6701,0.6814,0.6699,0.68,20794.0
DTSS,2026-09-17T11:56:00Z,0.6799,0.6813,0.6798,0.6812,23170.0
DTSS,2026-09-17T11:57:00Z,0.6813,0.6877,0.6739,0.6805,21583.0
DTSS,2026-09-17T11:58:00Z,0.6805,0.6813,0.66,0.68,40015.0
DTSS,2026-09-17T11:59:00Z,0.666,0.68,0.6607,0.662,21921.0
DTSS,2026-09-17T12:00:00Z,0.665,0.6651,0.6589,0.6589,15440.0
DTSS,2026-09-17T12:01:00Z,0.6601,0.6601,0.6461,0.6461,31405.0
DTSS,2026-09-17T12:02:00Z,0.6461,0.6462,0.6278,0.63,67505.0
DTSS,2026-09-17T12:03:00Z,0.6299,0.645,0.626,0.6337,51712.0
DTSS,2026-09-17T12:04:00Z,0.6401,0.6553,0.64,0.6534,15775.0
DTSS,2026-09-17T12:05:00Z,0.6511,0.6534,0.65,0.6534,28487.0
DTSS,2026-09-17T12:06:00Z,0.65,0.6534,0.65,0.65,7095.0
DTSS,2026-09-17T12:07:00Z,0.6501,0.6644,0.6501,0.6644,5079.0
DTSS,2026-09-17T12:08:00Z,0.6514,0.67,0.6514,0.67,19052.0
DTSS,2026-09-17T12:09:00Z,0.6701,0.68,0.67,0.6701,13868.0
DTSS,2026-09-17T12:10:00Z,0.6702,0.6775,0.6702,0.6761,16609.0
DTSS,2026-09-17T12:11:00Z,0.6721,0.6726,0.6712,0.6712,8289.0
DTSS,2026-09-17T12:12:00Z,0.6712,0.6713,0.6663,0.6663,23628.0
DTSS,2026-09-17T12:13:00Z,0.6651,0.671,0.66,0.66,1602.0
DTSS,2026-09-17T12:14:00Z,0.6601,0.6695,0.66,0.6619,3947.0
DTSS,2026-09-17T12:15:00Z,0.6619,0.6619,0.66,0.6601,5359.0
DTSS,2026-09-17T12:16:00Z,0.66,0.6619,0.66,0.6601,6621.0
DTSS,2026-09-17T12:17:00Z,0.6627,0.6627,0.6601,0.6601,925.0
DTSS,2026-09-17T12:18:00Z,0.6621,0.6621,0.66,0.6601,4234.0
DTSS,2026-09-17T12:19:00Z,0.6611,0.6615,0.661,0.661,7426.0
DTSS,2026-09-17T12:20:00Z,0.6615,0.6615,0.661,0.6611,2930.0
DTSS,2026-09-17T12:21:00Z,0.6611,0.6611,0.661,0.6611,2880.0
DTSS,2026-09-17T12:22:00Z,0.6611,0.6615,0.642,0.642,21409.0
DTSS,2026-09-17T12:23:00Z,0.6432,0.6432,0.6311,0.6315,21129.0
DTSS,2026-09-17T12:24:00Z,0.6319,0.6395,0.6311,0.6321,15323.0
DTSS,2026-09-17T12:25:00Z,0.6311,0.6321,0.5993,0.6069,66960.0
DTSS,2026-09-17T12:26:00Z,0.6068,0.6312,0.6022,0.6223,27852.0
DTSS,2026-09-17T12:27:00Z,0.6229,0.6264,0.6224,0.6235,9229.0
DTSS,2026-09-17T12:28:00Z,0.6235,0.6312,0.6235,0.628,10020.0
DTSS,2026-09-17T12:29:00Z,0.63,0.63,0.626,0.626,3815.0
DTSS,2026-09-17T12:30:00Z,0.63,0.63,0.624,0.624,5190.0
DTSS,2026-09-17T12:31:00Z,0.6293,0.6293,0.624,0.6242,44762.0
DTSS,2026-09-17T12:32:00Z,0.6292,0.6292,0.6228,0.6229,3781.0
DTSS,2026-09-17T12:33:00Z,0.6231,0.6292,0.6103,0.6226,34135.0
DTSS,2026-09-17T12:34:00Z,0.6216,0.622,0.612,0.619,11045.0
DTSS,2026-09-17T12:35:00Z,0.612,0.6226,0.612,0.6133,7694.0
DTSS,2026-09-17T12:36:00Z,0.6133,0.615,0.6133,0.6141,4842.0
DTSS,2026-09-17T12:37:00Z,0.615,0.62,0.614,0.62,14860.0
DTSS,2026-09-17T12:38:00Z,0.62,0.63,0.62,0.63,25935.0
DTSS,2026-09-17T12:39:00Z,0.633,0.638,0.633,0.6378,795.0
DTSS,2026-09-17T12:40:00Z,0.6378,0.6378,0.63,0.6328,2543.0
DTSS,2026-09-17T12:41:00Z,0.6328,0.6454,0.6328,0.643,1553.0
DTSS,2026-09-17T12:42:00Z,0.643,0.649,0.62,0.6229,11694.0
DTSS,2026-09-17T12:43:00Z,0.62,0.63,0.62,0.6204,6215.0
DTSS,2026-09-17T12:44:00Z,0.621,0.6407,0.62,0.6407,13388.0
DTSS,2026-09-17T12:45:00Z,0.64,0.64,0.6251,0.6251,7759.0
DTSS,2026-09-17T12:46:00Z,0.6253,0.6253,0.6141,0.6141,24104.0
DTSS,2026-09-17T12:47:00Z,0.6141,0.622,0.6141,0.6141,10158.0
DTSS,2026-09-17T12:48:00Z,0.6141,0.6256,0.6134,0.6141,8434.0
DTSS,2026-09-17T12:49:00Z,0.6141,0.6235,0.614,0.6201,13561.0
DTSS,2026-09-17T12:50:00Z,0.6201,0.6208,0.615,0.6208,1802.0
DTSS,2026-09-17T12:51:00Z,0.617,0.617,0.615,0.6151,5120.0
DTSS,2026-09-17T12:52:00Z,0.6151,0.6271,0.6151,0.6206,600.0
DTSS,2026-09-17T12:53:00Z,0.621,0.6296,0.6141,0.6296,4336.0
DTSS,2026-09-17T12:54:00Z,0.6296,0.63,0.6293,0.6293,2236.0
DTSS,2026-09-17T12:55:00Z,0.6293,0.63,0.6202,0.628,10249.0
DTSS,2026-09-17T12:56:00Z,0.628,0.6375,0.6242,0.6375,5324.0
DTSS,2026-09-17T12:57:00Z,0.6375,0.6375,0.625,0.625,2681.0
DTSS,2026-09-17T12:58:00Z,0.625,0.64,0.625,0.63,14399.0
DTSS,2026-09-17T12:59:00Z,0.6264,0.6302,0.625,0.6264,3616.0
DTSS,2026-09-17T13:00:00Z,0.6264,0.64,0.6264,0.6301,2962.0
DTSS,2026-09-17T13:01:00Z,0.6301,0.6394,0.6301,0.6388,5733.0
DTSS,2026-09-17T13:02:00Z,0.6302,0.6388,0.6302,0.6388,1642.0
DTSS,2026-09-17T13:03:00Z,0.6388,0.6388,0.6301,0.6387,8664.0
DTSS,2026-09-17T13:04:00Z,0.6388,0.6388,0.63,0.63,3741.0
DTSS,2026-09-17T13:05:00Z,0.635,0.6399,0.6338,0.6338,6720.0
DTSS,2026-09-17T13:06:00Z,0.6338,0.6386,0.6338,0.6386,2000.0
DTSS,2026-09-17T13:07:00Z,0.6386,0.6386,0.63,0.637,2344.0
DTSS,2026-09-17T13:08:00Z,0.637,0.637,0.63,0.637,3087.0
DTSS,2026-09-17T13:09:00Z,0.637,0.637,0.6264,0.6366,17845.0
DTSS,2026-09-17T13:10:00Z,0.6359,0.77,0.6325,0.7463,346103.0
DTSS,2026-09-17T13:11:00Z,0.7462,0.98,0.6999,0.969,1114329.0
DTSS,2026-09-17T13:12:00Z,0.969,1.14,0.907,1.12,2483863.0
DTSS,2026-09-17T13:13:00Z,1.12,1.18,1.01,1.05,2209401.0
DTSS,2026-09-17T13:14:00Z,1.06,1.09,0.9338,0.9353,2126175.0
DTSS,2026-09-17T13:15:00Z,0.937,1.0,0.88,0.9399,1752065.0
DTSS,2026-09-17T13:16:00Z,0.9436,0.98,0.9008,0.9567,1135431.0
DTSS,2026-09-17T13:17:00Z,0.9511,0.9921,0.9333,0.99,940888.0
DTSS,2026-09-17T13:18:00Z,0.9907,1.07,0.9665,1.07,1266351.0
DTSS,2026-09-17T13:19:00Z,1.0602,1.07,1.01,1.0208,1382586.0
DTSS,2026-09-17T13:20:00Z,1.03,1.06,0.9679,0.9814,1032904.0
DTSS,2026-09-17T13:21:00Z,0.9814,0.9847,0.8442,0.8662,1636733.0
DTSS,2026-09-17T13:22:00Z,0.8664,0.9,0.78,0.8039,856697.0
DTSS,2026-09-17T13:23:00Z,0.7991,0.88,0.799,0.8784,663886.0
DTSS,2026-09-17T13:24:00Z,0.8785,0.8811,0.8226,0.847,494093.0
DTSS,2026-09-17T13:25:00Z,0.8445,0.9435,0.8317,0.9321,623365.0
DTSS,2026-09-17T13:26:00Z,0.9345,0.95,0.9113,0.925,663856.0
DTSS,2026-09-17T13:27:00Z,0.9251,0.95,0.88,0.9069,638971.0
DTSS,2026-09-17T13:28:00Z,0.9202,0.9202,0.8411,0.8836,402893.0
DTSS,2026-09-17T13:29:00Z,0.89,0.99,0.8566,0.9674,602389.0
DTSS,2026-09-17T13:30:00Z,0.9698,0.9722,0.856,0.8613,1757188.0
DTSS,2026-09-17T13:31:00Z,0.868,0.92,0.85,0.8778,839772.0
DTSS,2026-09-17T13:32:00Z,0.8837,1.07,0.8752,1.07,1459802.0
DTSS,2026-09-17T13:33:00Z,1.07,1.07,1.07,1.07,0.0
DTSS,2026-09-17T13:34:00Z,1.07,1.07,1.07,1.07,0.0
DTSS,2026-09-17T13:35:00Z,1.07,1.07,1.07,1.07,0.0
DTSS,2026-09-17T13:36:00Z,1.07,1.07,1.07,1.07,0.0
DTSS,2026-09-17T13:37:00Z,1.07,1.07,1.07,1.07,0.0
DTSS,2026-09-17T13:38:00Z,1.07,1.07,1.07,1.07,0.0
DTSS,2026-09-17T13:39:00Z,1.07,1.07,1.07,1.07,0.0
DTSS,2026-09-17T13:40:00Z,1.07,1.07,1.07,1.07,0.0
DTSS,2026-09-17T13:41:00Z,1.07,1.07,1.07,1.07,0.0
DTSS,2026-09-17T13:42:00Z,1.07,1.51,1.07,1.51,1333478.0
DTSS,2026-09-17T13:43:00Z,1.51,1.51,1.51,1.51,112489.0
DTSS,2026-09-17T13:44:00Z,1.51,1.51,1.51,1.51,0.0
DTSS,2026-09-17T13:45:00Z,1.51,1.51,1.51,1.51,0.0
DTSS,2026-09-17T13:46:00Z,1.51,1.51,1.51,1.51,0.0
DTSS,2026-09-17T13:47:00Z,1.51,1.51,1.51,1.51,0.0
DTSS,2026-09-17T13:48:00Z,1.51,1.51,1.51,1.51,0.0
DTSS,2026-09-17T13:49:00Z,1.51,1.51,1.51,1.51,0.0
DTSS,2026-09-17T13:50:00Z,1.51,1.51,1.51,1.51,0.0
DTSS,2026-09-17T13:51:00Z,1.51,1.51,1.51,1.51,0.0
DTSS,2026-09-17T13:52:00Z,1.51,1.51,1.51,1.51,0.0
DTSS,2026-09-17T13:53:00Z,1.51,1.8,1.5,1.5,3497158.0
DTSS,2026-09-17T13:54:00Z,1.5,1.5,1.5,1.5,0.0
DTSS,2026-09-17T13:55:00Z,1.5,1.5,1.5,1.5,0.0
DTSS,2026-09-17T13:56:00Z,1.5,1.5,1.5,1.5,0.0
DTSS,2026-09-17T13:57:00Z,1.5,1.5,1.5,1.5,0.0
DTSS,2026-09-17T13:58:00Z,1.5,1.5,1.5,1.5,0.0
DTSS,2026-09-17T13:59:00Z,1.5,1.5,1.5,1.5,0.0
DTSS,2026-09-17T14:00:00Z,1.5,1.5,1.5,1.5,0.0
DTSS,2026-09-17T14:01:00Z,1.5,1.5,1.5,1.5,0.0
DTSS,2026-09-17T14:02:00Z,1.5,1.5,1.5,1.5,0.0
DTSS,2026-09-17T14:03:00Z,1.5,1.5,1.28,1.3799,1509565.0
DTSS,2026-09-17T14:04:00Z,1.375,1.47,1.28,1.47,2901630.0
DTSS,2026-09-17T14:05:00Z,1.4661,1.47,1.21,1.21,670248.0
DTSS,2026-09-17T14:06:00Z,1.21,1.21,1.21,1.21,0.0
DTSS,2026-09-17T14:07:00Z,1.21,1.21,1.21,1.21,0.0
DTSS,2026-09-17T14:08:00Z,1.21,1.21,1.21,1.21,0.0
DTSS,2026-09-17T14:09:00Z,1.21,1.21,1.21,1.21,0.0
DTSS,2026-09-17T14:10:00Z,1.21,1.44,1.21,1.31,1580570.0
DTSS,2026-09-17T14:11:00Z,1.3093,1.36,1.25,1.315,1499605.0
DTSS,2026-09-17T14:12:00Z,1.3188,1.49,1.31,1.49,1218708.0
DTSS,2026-09-17T14:13:00Z,1.49,1.49,1.49,1.49,0.0
DTSS,2026-09-17T14:14:00Z,1.49,1.49,1.49,1.49,0.0
DTSS,2026-09-17T14:15:00Z,1.49,1.49,1.49,1.49,0.0
DTSS,2026-09-17T14:16:00Z,1.49,1.49,1.49,1.49,0.0
DTSS,2026-09-17T14:17:00Z,1.49,1.49,1.49,1.49,0.0
DTSS,2026-09-17T14:18:00Z,1.49,1.49,1.49,1.49,0.0
DTSS,2026-09-17T14:19:00Z,1.49,1.49,1.49,1.49,0.0
DTSS,2026-09-17T14:20:00Z,1.49,1.49,1.49,1.49,0.0
DTSS,2026-09-17T14:21:00Z,1.49,1.49,1.49,1.49,0.0
DTSS,2026-09-17T14:22:00Z,1.49,1.9,1.49,1.9,702286.0
DTSS,2026-09-17T14:23:00Z,1.9,1.9,1.9,1.9,0.0
DTSS,2026-09-17T14:24:00Z,1.9,1.9,1.9,1.9,0.0
DTSS,2026-09-17T14:25:00Z,1.9,1.9,1.9,1.9,0.0
DTSS,2026-09-17T14:26:00Z,1.9,1.9,1.9,1.9,0.0
DTSS,2026-09-17T14:27:00Z,1.9,1.9,1.9,1.9,0.0
DTSS,2026-09-17T14:28:00Z,1.9,1.9,1.9,1.9,0.0
DTSS,2026-09-17T14:29:00Z,1.9,1.9,1.9,1.9,0.0
DTSS,2026-09-17T14:30:00Z,1.9,1.9,1.9,1.9,0.0
DTSS,2026-09-17T14:31:00Z,1.9,1.9,1.9,1.9,0.0
DTSS,2026-09-17T14:32:00Z,1.9,1.9,1.65,1.65,1451805.0
DTSS,2026-09-17T14:33:00Z,1.65,1.735,1.65,1.65,224496.0
DTSS,2026-09-17T14:34:00Z,1.65,1.65,1.65,1.65,0.0
DTSS,2026-09-17T14:35:00Z,1.65,1.65,1.65,1.65,0.0
DTSS,2026-09-17T14:36:00Z,1.65,1.65,1.65,1.65,0.0
DTSS,2026-09-17T14:37:00Z,1.65,1.65,1.65,1.65,0.0
DTSS,2026-09-17T14:38:00Z,1.65,1.75,1.5,1.5,1265196.0
DTSS,2026-09-17T14:39:00Z,1.5,1.5,1.5,1.5,0.0
DTSS,2026-09-17T14:40:00Z,1.5,1.5,1.5,1.5,0.0
DTSS,2026-09-17T14:41:00Z,1.5,1.5,1.5,1.5,0.0
DTSS,2026-09-17T14:42:00Z,1.5,1.5,1.5,1.5,0.0
DTSS,2026-09-17T14:43:00Z,1.5,1.55,1.45,1.53,429158.0
DTSS,2026-09-17T14:44:00Z,1.53,1.55,1.32,1.53,2154533.0
DTSS,2026-09-17T14:45:00Z,1.5299,1.59,1.35,1.41,1616380.0
DTSS,2026-09-17T14:46:00Z,1.41,1.52,1.4,1.51,866701.0
DTSS,2026-09-17T14:47:00Z,1.5014,1.52,1.42,1.4201,976061.0
DTSS,2026-09-17T14:48:00Z,1.42,1.47,1.32,1.39,1305073.0
DTSS,2026-09-17T14:49:00Z,1.3891,1.44,1.31,1.3408,850840.0
DTSS,2026-09-17T14:50:00Z,1.3401,1.5,1.3401,1.5,879792.0
DTSS,2026-09-17T14:51:00Z,1.495,1.51,1.4,1.42,762837.0
DTSS,2026-09-17T14:52:00Z,1.43,1.45,1.35,1.446,555471.0
DTSS,2026-09-17T14:53:00Z,1.4414,1.55,1.41,1.545,754417.0
DTSS,2026-09-17T14:54:00Z,1.545,1.58,1.53,1.58,417017.0
DTSS,2026-09-17T14:55:00Z,1.58,1.58,1.58,1.58,0.0
DTSS,2026-09-17T14:56:00Z,1.58,1.58,1.58,1.58,0.0
DTSS,2026-09-17T14:57:00Z,1.58,1.58,1.58,1.58,0.0
DTSS,2026-09-17T14:58:00Z,1.58,1.58,1.58,1.58,0.0
DTSS,2026-09-17T14:59:00Z,1.58,1.73,1.49,1.6215,1996483.0
DTSS,2026-09-17T15:00:00Z,1.63,1.81,1.6,1.81,1732647.0
DTSS,2026-09-17T15:01:00Z,1.81,1.81,1.81,1.81,0.0
DTSS,2026-09-17T15:02:00Z,1.81,1.81,1.81,1.81,0.0
DTSS,2026-09-17T15:03:00Z,1.81,1.81,1.81,1.81,0.0
DTSS,2026-09-17T15:04:00Z,1.81,1.81,1.81,1.81,0.0
DTSS,2026-09-17T15:05:00Z,1.81,1.81,1.5,1.6306,989909.0
DTSS,2026-09-17T15:06:00Z,1.6301,1.76,1.57,1.76,2071398.0
DTSS,2026-09-17T15:07:00Z,1.76,1.76,1.71,1.76,502068.0
DTSS,2026-09-17T15:08:00Z,1.76,1.76,1.76,1.76,0.0
DTSS,2026-09-17T15:09:00Z,1.76,1.76,1.76,1.76,0.0
DTSS,2026-09-17T15:10:00Z,1.76,1.76,1.76,1.76,0.0
DTSS,2026-09-17T15:11:00Z,1.76,1.76,1.76,1.76,0.0
DTSS,2026-09-17T15:12:00Z,1.76,1.88,1.62,1.7398,1617846.0
DTSS,2026-09-17T15:13:00Z,1.73,1.92,1.7,1.92,2247458.0
DTSS,2026-09-17T15:14:00Z,1.92,1.92,1.92,1.92,180367.0
DTSS,2026-09-17T15:15:00Z,1.92,1.92,1.92,1.92,0.0
DTSS,2026-09-17T15:16:00Z,1.92,1.92,1.92,1.92,0.0
DTSS,2026-09-17T15:17:00Z,1.92,1.92,1.92,1.92,0.0
DTSS,2026-09-17T15:18:00Z,1.92,1.92,1.92,1.92,0.0
DTSS,2026-09-17T15:19:00Z,1.92,2.04,1.79,2.04,1809159.0
DTSS,2026-09-17T15:20:00Z,2.04,2.04,2.04,2.04,0.0
DTSS,2026-09-17T15:21:00Z,2.04,2.04,2.04,2.04,0.0
DTSS,2026-09-17T15:22:00Z,2.04,2.04,2.04,2.04,0.0
DTSS,2026-09-17T15:23:00Z,2.04,2.04,2.04,2.04,0.0
DTSS,2026-09-17T15:24:00Z,2.04,2.2299,2.04,2.1899,588898.0
DTSS,2026-09-17T15:25:00Z,2.1723,2.29,2.03,2.03,736737.0
DTSS,2026-09-17T15:26:00Z,2.03,2.03,2.03,2.03,0.0
DTSS,2026-09-17T15:27:00Z,2.03,2.03,2.03,2.03,0.0
DTSS,2026-09-17T15:28:00Z,2.03,2.03,2.03,2.03,0.0
DTSS,2026-09-17T15:29:00Z,2.03,2.03,2.03,2.03,0.0
DTSS,2026-09-17T15:30:00Z,2.03,2.03,2.03,2.03,0.0
DTSS,2026-09-17T15:31:00Z,2.03,2.03,2.03,2.03,0.0
KXIN,2026-09-17T08:00:00Z,2.27,2.74,1.88,2.26,338786.0
KXIN,2026-09-17T08:01:00Z,2.27,2.74,2.12,2.67,245935.0
KXIN,2026-09-17T08:02:00Z,2.57,2.75,2.05,2.34,916834.0
KXIN,2026-09-17T08:03:00Z,2.235,2.43,2.15,2.1604,155143.0
KXIN,2026-09-17T08:04:00Z,2.15,2.17,2.085,2.0901,158977.0
KXIN,2026-09-17T08:05:00Z,2.09,2.17,2.03,2.13,193963.0
KXIN,2026-09-17T08:06:00Z,2.1399,2.14,1.97,2.0,223660.0
KXIN,2026-09-17T08:07:00Z,2.0,2.0096,1.94,1.96,203723.0
KXIN,2026-09-17T08:08:00Z,1.97,2.05,1.97,2.0383,91366.0
KXIN,2026-09-17T08:09:00Z,2.02,2.05,1.98,2.01,91069.0
KXIN,2026-09-17T08:10:00Z,2.01,2.08,1.98,2.05,73682.0
KXIN,2026-09-17T08:11:00Z,2.0504,2.08,1.9818,1.9818,97536.0
KXIN,2026-09-17T08:12:00Z,2.0054,2.1,1.94,2.068,140311.0
KXIN,2026-09-17T08:13:00Z,2.0696,2.11,2.0,2.0422,147528.0
KXIN,2026-09-17T08:14:00Z,2.06,2.09,2.03,2.09,47375.0
KXIN,2026-09-17T08:15:00Z,2.0992,2.1,2.05,2.0898,61379.0
KXIN,2026-09-17T08:16:00Z,2.09,2.12,2.07,2.08,77476.0
KXIN,2026-09-17T08:17:00Z,2.0807,2.09,2.04,2.0403,40832.0
KXIN,2026-09-17T08:18:00Z,2.04,2.06,2.03,2.06,28158.0
KXIN,2026-09-17T08:19:00Z,2.0407,2.07,2.03,2.04,28439.0
KXIN,2026-09-17T08:20:00Z,2.0316,2.07,2.03,2.06,35569.0
KXIN,2026-09-17T08:21:00Z,2.05,2.0571,2.0,2.01,41213.0
KXIN,2026-09-17T08:22:00Z,2.01,2.0192,1.98,1.98,43915.0
KXIN,2026-09-17T08:23:00Z,1.98,2.0396,1.98,2.01,21275.0
KXIN,2026-09-17T08:24:00Z,2.01,2.05,2.0,2.0496,30530.0
KXIN,2026-09-17T08:25:00Z,2.05,2.0696,2.04,2.05,24284.0
KXIN,2026-09-17T08:26:00Z,2.05,2.06,2.03,2.03,25575.0
KXIN,2026-09-17T08:27:00Z,2.0393,2.0399,2.01,2.01,21854.0
KXIN,2026-09-17T08:28:00Z,2.01,2.02,1.99,1.99,28161.0
KXIN,2026-09-17T08:29:00Z,1.99,2.02,1.99,2.01,25904.0
KXIN,2026-09-17T08:30:00Z,2.01,2.18,2.01,2.1604,182215.0
KXIN,2026-09-17T08:31:00Z,2.17,2.34,2.15,2.294,514581.0
KXIN,2026-09-17T08:32:00Z,2.3,2.31,2.15,2.18,250078.0
KXIN,2026-09-17T08:33:00Z,2.17,2.17,2.07,2.07,138989.0
KXIN,2026-09-17T08:34:00Z,2.08,2.13,2.07,2.11,64708.0
KXIN,2026-09-17T08:35:00Z,2.11,2.13,2.07,2.0993,70704.0
KXIN,2026-09-17T08:36:00Z,2.1,2.2161,2.0957,2.2,86255.0
KXIN,2026-09-17T08:37:00Z,2.2031,2.26,2.17,2.17,158285.0
KXIN,2026-09-17T08:38:00Z,2.17,2.22,2.14,2.14,78468.0
KXIN,2026-09-17T08:39:00Z,2.14,2.25,2.14,2.23,65365.0
KXIN,2026-09-17T08:40:00Z,2.23,2.2397,2.18,2.18,47790.0
KXIN,2026-09-17T08:41:00Z,2.18,2.19,2.14,2.17,38865.0
KXIN,2026-09-17T08:42:00Z,2.17,2.2,2.1501,2.17,26533.0
KXIN,2026-09-17T08:43:00Z,2.18,2.26,2.1795,2.238,150156.0
KXIN,2026-09-17T08:44:00Z,2.23,2.41,2.23,2.32,255044.0
KXIN,2026-09-17T08:45:00Z,2.33,2.33,2.2,2.2,198492.0
KXIN,2026-09-17T08:46:00Z,2.2162,2.2185,2.15,2.2,135563.0
KXIN,2026-09-17T08:47:00Z,2.2,2.2,2.14,2.15,63846.0
KXIN,2026-09-17T08:48:00Z,2.15,2.18,2.13,2.17,64476.0
KXIN,2026-09-17T08:49:00Z,2.1703,2.18,2.1,2.1298,70851.0
KXIN,2026-09-17T08:50:00Z,2.1209,2.15,2.08,2.14,63026.0
KXIN,2026-09-17T08:51:00Z,2.1498,2.15,2.14,2.14,12002.0
KXIN,2026-09-17T08:52:00Z,2.1498,2.15,2.13,2.14,26320.0
KXIN,2026-09-17T08:53:00Z,2.14,2.15,2.12,2.12,25459.0
KXIN,2026-09-17T08:54:00Z,2.12,2.1204,2.09,2.12,44895.0
KXIN,2026-09-17T08:55:00Z,2.1293,2.15,2.12,2.15,24586.0
KXIN,2026-09-17T08:56:00Z,2.14,2.15,2.11,2.1218,29838.0
KXIN,2026-09-17T08:57:00Z,2.13,2.1304,2.1,2.11,14944.0
KXIN,2026-09-17T08:58:00Z,2.11,2.12,2.09,2.11,15048.0
KXIN,2026-09-17T08:59:00Z,2.12,2.18,2.12,2.1594,27480.0
KXIN,2026-09-17T09:00:00Z,2.15,2.19,2.15,2.1592,42310.0
KXIN,2026-09-17T09:01:00Z,2.1599,2.18,2.15,2.16,25701.0
KXIN,2026-09-17T09:02:00Z,2.16,2.1892,2.15,2.1801,21196.0
KXIN,2026-09-17T09:03:00Z,2.19,2.23,2.19,2.2,54438.0
KXIN,2026-09-17T09:04:00Z,2.21,2.24,2.18,2.23,83442.0
KXIN,2026-09-17T09:05:00Z,2.23,2.23,2.18,2.18,29259.0
KXIN,2026-09-17T09:06:00Z,2.18,2.21,2.18,2.1903,15945.0
KXIN,2026-09-17T09:07:00Z,2.19,2.2,2.17,2.2,17699.0
KXIN,2026-09-17T09:08:00Z,2.21,2.24,2.2,2.22,43035.0
KXIN,2026-09-17T09:09:00Z,2.23,2.23,2.19,2.2207,21723.0
KXIN,2026-09-17T09:10:00Z,2.22,2.22,2.18,2.19,19117.0
KXIN,2026-09-17T09:11:00Z,2.19,2.2,2.18,2.1904,12091.0
KXIN,2026-09-17T09:12:00Z,2.2,2.2,2.17,2.17,16673.0
KXIN,2026-09-17T09:13:00Z,2.18,2.2,2.1796,2.18,10718.0
KXIN,2026-09-17T09:14:00Z,2.1794,2.19,2.15,2.15,41410.0
KXIN,2026-09-17T09:15:00Z,2.14,2.17,2.13,2.15,30766.0
KXIN,2026-09-17T09:16:00Z,2.15,2.17,2.15,2.1693,8050.0
KXIN,2026-09-17T09:17:00Z,2.16,2.17,2.12,2.14,39313.0
KXIN,2026-09-17T09:18:00Z,2.13,2.1404,2.12,2.14,25424.0
KXIN,2026-09-17T09:19:00Z,2.14,2.15,2.13,2.13,6279.0
KXIN,2026-09-17T09:20:00Z,2.14,2.14,2.12,2.1292,14041.0
KXIN,2026-09-17T09:21:00Z,2.12,2.12,2.09,2.09,36718.0
KXIN,2026-09-17T09:22:00Z,2.09,2.14,2.08,2.1393,39539.0
KXIN,2026-09-17T09:23:00Z,2.14,2.15,2.13,2.15,22068.0
KXIN,2026-09-17T09:24:00Z,2.15,2.15,2.12,2.12,14052.0
KXIN,2026-09-17T09:25:00Z,2.1293,2.13,2.11,2.11,12280.0
KXIN,2026-09-17T09:26:00Z,2.1007,2.13,2.1,2.12,11535.0
KXIN,2026-09-17T09:27:00Z,2.11,2.12,2.11,2.12,3068.0
KXIN,2026-09-17T09:28:00Z,2.12,2.1491,2.1109,2.14,14560.0
KXIN,2026-09-17T09:29:00Z,2.1393,2.14,2.13,2.13,8500.0
KXIN,2026-09-17T09:30:00Z,2.12,2.12,2.11,2.11,9731.0
KXIN,2026-09-17T09:31:00Z,2.1192,2.12,2.1,2.1,12567.0
KXIN,2026-09-17T09:32:00Z,2.11,2.13,2.1,2.13,10698.0
KXIN,2026-09-17T09:33:00Z,2.13,2.14,2.12,2.14,3326.0
KXIN,2026-09-17T09:34:00Z,2.13,2.14,2.1294,2.13,7223.0
KXIN,2026-09-17T09:35:00Z,2.1393,2.1397,2.13,2.13,2917.0
KXIN,2026-09-17T09:36:00Z,2.13,2.13,2.11,2.12,16504.0
KXIN,2026-09-17T09:37:00Z,2.1207,2.1294,2.11,2.1195,6307.0
KXIN,2026-09-17T09:38:00Z,2.1102,2.12,2.11,2.11,3289.0
KXIN,2026-09-17T09:39:00Z,2.11,2.11,2.06,2.07,93429.0
KXIN,2026-09-17T09:40:00Z,2.08,2.09,2.05,2.05,79973.0
KXIN,2026-09-17T09:41:00Z,2.05,2.0602,2.05,2.05,25674.0
KXIN,2026-09-17T09:42:00Z,2.06,2.06,2.03,2.0397,30896.0
KXIN,2026-09-17T09:43:00Z,2.03,2.05,2.03,2.0407,31373.0
KXIN,2026-09-17T09:44:00Z,2.0491,2.07,2.04,2.0697,19926.0
KXIN,2026-09-17T09:45:00Z,2.06,2.08,2.0593,2.07,16209.0
KXIN,2026-09-17T09:46:00Z,2.08,2.08,2.05,2.0592,13596.0
KXIN,2026-09-17T09:47:00Z,2.06,2.08,2.0597,2.08,6397.0
KXIN,2026-09-17T09:48:00Z,2.0793,2.11,2.07,2.1008,32736.0
KXIN,2026-09-17T09:49:00Z,2.1,2.11,2.08,2.08,16953.0
KXIN,2026-09-17T09:50:00Z,2.09,2.09,2.07,2.08,9212.0
KXIN,2026-09-17T09:51:00Z,2.08,2.09,2.08,2.09,7231.0
KXIN,2026-09-17T09:52:00Z,2.09,2.09,2.08,2.0807,3530.0
KXIN,2026-09-17T09:53:00Z,2.0899,2.1008,2.08,2.0993,16767.0
KXIN,2026-09-17T09:54:00Z,2.095,2.1,2.08,2.0893,7493.0
KXIN,2026-09-17T09:55:00Z,2.0893,2.0907,2.08,2.0907,3614.0
KXIN,2026-09-17T09:56:00Z,2.1,2.11,2.09,2.1003,13282.0
KXIN,2026-09-17T09:57:00Z,2.1007,2.16,2.1007,2.15,63652.0
KXIN,2026-09-17T09:58:00Z,2.15,2.2,2.13,2.1902,58464.0
KXIN,2026-09-17T09:59:00Z,2.19,2.1997,2.16,2.1693,39557.0
KXIN,2026-09-17T10:00:00Z,2.17,2.17,2.13,2.1408,37336.0
KXIN,2026-09-17T10:01:00Z,2.14,2.17,2.13,2.13,26611.0
KXIN,2026-09-17T10:02:00Z,2.13,2.15,2.13,2.13,15416.0
KXIN,2026-09-17T10:03:00Z,2.13,2.14,2.12,2.13,10956.0
KXIN,2026-09-17T10:04:00Z,2.1303,2.14,2.13,2.13,10027.0
KXIN,2026-09-17T10:05:00Z,2.13,2.13,2.11,2.11,38746.0
KXIN,2026-09-17T10:06:00Z,2.11,2.12,2.1,2.1192,23683.0
KXIN,2026-09-17T10:07:00Z,2.12,2.12,2.0895,2.0895,30200.0
KXIN,2026-09-17T10:08:00Z,2.08,2.12,2.08,2.1194,13388.0
KXIN,2026-09-17T10:09:00Z,2.1108,2.12,2.11,2.12,16674.0
KXIN,2026-09-17T10:10:00Z,2.12,2.22,2.12,2.22,70485.0
KXIN,2026-09-17T10:11:00Z,2.2101,2.32,2.19,2.2892,242688.0
KXIN,2026-09-17T10:12:00Z,2.28,2.29,2.2,2.22,132540.0
KXIN,2026-09-17T10:13:00Z,2.2201,2.27,2.19,2.26,111780.0
KXIN,2026-09-17T10:14:00Z,2.26,2.4,2.24,2.3093,286981.0
KXIN,2026-09-17T10:15:00Z,2.3008,2.31,2.18,2.22,204576.0
KXIN,2026-09-17T10:16:00Z,2.22,2.23,2.19,2.22,71607.0
KXIN,2026-09-17T10:17:00Z,2.22,2.23,2.18,2.22,57744.0
KXIN,2026-09-17T10:18:00Z,2.23,2.25,2.21,2.21,44593.0
KXIN,2026-09-17T10:19:00Z,2.22,2.23,2.18,2.18,66056.0
KXIN,2026-09-17T10:20:00Z,2.18,2.21,2.18,2.1991,36626.0
KXIN,2026-09-17T10:21:00Z,2.1997,2.21,2.16,2.17,52689.0
KXIN,2026-09-17T10:22:00Z,2.17,2.18,2.14,2.15,42685.0
KXIN,2026-09-17T10:23:00Z,2.1593,2.18,2.15,2.17,33447.0
KXIN,2026-09-17T10:24:00Z,2.18,2.19,2.17,2.17,10719.0
KXIN,2026-09-17T10:25:00Z,2.17,2.17,2.15,2.15,24918.0
KXIN,2026-09-17T10:26:00Z,2.15,2.16,2.15,2.15,23272.0
KXIN,2026-09-17T10:27:00Z,2.1509,2.18,2.15,2.18,13603.0
KXIN,2026-09-17T10:28:00Z,2.18,2.22,2.18,2.2,64747.0
KXIN,2026-09-17T10:29:00Z,2.2,2.22,2.19,2.2,44541.0
KXIN,2026-09-17T10:30:00Z,2.2,2.2,2.19,2.2,14535.0
KXIN,2026-09-17T10:31:00Z,2.2007,2.23,2.19,2.19,25688.0
KXIN,2026-09-17T10:32:00Z,2.19,2.19,2.15,2.16,43727.0
KXIN,2026-09-17T10:33:00Z,2.16,2.1602,2.15,2.15,21431.0
KXIN,2026-09-17T10:34:00Z,2.1503,2.1503,2.1,2.14,69801.0
KXIN,2026-09-17T10:35:00Z,2.1491,2.15,2.13,2.13,15220.0
KXIN,2026-09-17T10:36:00Z,2.13,2.1391,2.11,2.11,22163.0
KXIN,2026-09-17T10:37:00Z,2.11,2.12,2.1,2.11,39871.0
KXIN,2026-09-17T10:38:00Z,2.12,2.13,2.11,2.1292,21572.0
KXIN,2026-09-17T10:39:00Z,2.1292,2.1292,2.1,2.11,20967.0
KXIN,2026-09-17T10:40:00Z,2.115,2.115,2.06,2.08,52077.0
KXIN,2026-09-17T10:41:00Z,2.08,2.09,2.06,2.07,35125.0
KXIN,2026-09-17T10:42:00Z,2.07,2.07,2.03,2.03,59548.0
KXIN,2026-09-17T10:43:00Z,2.04,2.04,2.0,2.001,51443.0
KXIN,2026-09-17T10:44:00Z,2.0,2.01,1.945,1.96,100168.0
KXIN,2026-09-17T10:45:00Z,1.96,1.97,1.95,1.96,44287.0
KXIN,2026-09-17T10:46:00Z,1.9608,1.99,1.96,1.99,32223.0
KXIN,2026-09-17T10:47:00Z,1.9808,2.01,1.98,2.0099,25398.0
KXIN,2026-09-17T10:48:00Z,2.01,2.03,1.98,1.98,47099.0
KXIN,2026-09-17T10:49:00Z,1.9792,1.98,1.97,1.98,16547.0
KXIN,2026-09-17T10:50:00Z,1.9708,2.01,1.97,2.01,22705.0
KXIN,2026-09-17T10:51:00Z,2.01,2.02,2.0,2.02,21363.0
KXIN,2026-09-17T10:52:00Z,2.03,2.03,2.0092,2.0101,36091.0
KXIN,2026-09-17T10:53:00Z,2.01,2.02,2.0002,2.0092,19103.0
KXIN,2026-09-17T10:54:00Z,2.0,2.0,1.97,1.99,22189.0
KXIN,2026-09-17T10:55:00Z,1.98,2.01,1.97,2.0,38405.0
KXIN,2026-09-17T10:56:00Z,2.0,2.0,1.97,1.97,33227.0
KXIN,2026-09-17T10:57:00Z,1.98,2.01,1.96,2.01,35453.0
KXIN,2026-09-17T10:58:00Z,2.01,2.01,1.9698,1.9698,43524.0
KXIN,2026-09-17T10:59:00Z,1.96,1.97,1.93,1.94,57571.0
KXIN,2026-09-17T11:00:00Z,1.935,1.95,1.86,1.8792,175430.0
KXIN,2026-09-17T11:01:00Z,1.88,1.92,1.8699,1.88,106641.0
KXIN,2026-09-17T11:02:00Z,1.89,1.91,1.88,1.9008,60711.0
KXIN,2026-09-17T11:03:00Z,1.9001,1.91,1.89,1.91,58261.0
KXIN,2026-09-17T11:04:00Z,1.91,1.91,1.89,1.9,30665.0
KXIN,2026-09-17T11:05:00Z,1.9,1.9393,1.9,1.93,46389.0
KXIN,2026-09-17T11:06:00Z,1.93,1.95,1.93,1.9403,56687.0
KXIN,2026-09-17T11:07:00Z,1.94,1.94,1.91,1.91,40703.0
KXIN,2026-09-17T11:08:00Z,1.9102,1.95,1.9,1.94,46453.0
KXIN,2026-09-17T11:09:00Z,1.93,1.94,1.91,1.91,28610.0
KXIN,2026-09-17T11:10:00Z,1.92,1.94,1.92,1.9299,42697.0
KXIN,2026-09-17T11:11:00Z,1.93,1.93,1.92,1.92,12324.0
KXIN,2026-09-17T11:12:00Z,1.93,1.93,1.92,1.93,8417.0
KXIN,2026-09-17T11:13:00Z,1.929,2.02,1.929,2.01,104270.0
KXIN,2026-09-17T11:14:00Z,2.01,2.03,1.9803,2.0003,113145.0
KXIN,2026-09-17T11:15:00Z,2.0097,2.0097,1.95,1.97,86252.0
KXIN,2026-09-17T11:16:00Z,1.96,2.0,1.96,1.9792,51276.0
KXIN,2026-09-17T11:17:00Z,1.98,1.98,1.96,1.9799,27757.0
KXIN,2026-09-17T11:18:00Z,1.98,1.99,1.97,1.9803,15147.0
KXIN,2026-09-17T11:19:00Z,1.99,1.99,1.98,1.9896,5665.0
KXIN,2026-09-17T11:20:00Z,1.9809,1.9809,1.97,1.97,16398.0
KXIN,2026-09-17T11:21:00Z,1.9796,1.98,1.95,1.98,29605.0
KXIN,2026-09-17T11:22:00Z,1.97,2.0,1.97,1.98,24019.0
KXIN,2026-09-17T11:23:00Z,1.9884,1.99,1.98,1.9899,6124.0
KXIN,2026-09-17T11:24:00Z,1.98,1.99,1.97,1.98,14351.0
KXIN,2026-09-17T11:25:00Z,1.979,2.03,1.979,2.01,75884.0
KXIN,2026-09-17T11:26:00Z,2.0,2.01,2.0,2.0,18305.0
KXIN,2026-09-17T11:27:00Z,2.0097,2.01,2.0,2.0093,14744.0
KXIN,2026-09-17T11:28:00Z,2.0009,2.02,2.0,2.01,14975.0
KXIN,2026-09-17T11:29:00Z,2.0099,2.03,2.0099,2.02,20677.0
KXIN,2026-09-17T11:30:00Z,2.03,2.04,2.02,2.02,33211.0
KXIN,2026-09-17T11:31:00Z,2.0209,2.08,2.02,2.08,80807.0
KXIN,2026-09-17T11:32:00Z,2.08,2.09,2.04,2.0891,101335.0
KXIN,2026-09-17T11:33:00Z,2.09,2.09,2.05,2.05,87799.0
KXIN,2026-09-17T11:34:00Z,2.05,2.07,2.05,2.0501,34408.0
KXIN,2026-09-17T11:35:00Z,2.05,2.06,2.04,2.05,41344.0
KXIN,2026-09-17T11:36:00Z,2.0516,2.09,2.0402,2.082,36465.0
KXIN,2026-09-17T11:37:00Z,2.0899,2.09,2.07,2.09,51152.0
KXIN,2026-09-17T11:38:00Z,2.0809,2.09,2.07,2.0799,21536.0
KXIN,2026-09-17T11:39:00Z,2.0797,2.08,2.06,2.06,26565.0
KXIN,2026-09-17T11:40:00Z,2.06,2.07,2.03,2.04,46298.0
KXIN,2026-09-17T11:41:00Z,2.0301,2.04,1.98,1.981,62356.0
KXIN,2026-09-17T11:42:00Z,1.98,2.01,1.97,1.99,43956.0
KXIN,2026-09-17T11:43:00Z,1.99,2.0,1.96,1.96,33294.0
KXIN,2026-09-17T11:44:00Z,1.96,1.97,1.96,1.96,25448.0
KXIN,2026-09-17T11:45:00Z,1.97,1.99,1.96,1.98,32791.0
KXIN,2026-09-17T11:46:00Z,1.99,1.99,1.97,1.97,22192.0
KXIN,2026-09-17T11:47:00Z,1.9698,1.98,1.96,1.97,18080.0
KXIN,2026-09-17T11:48:00Z,1.98,2.0,1.9792,1.99,12245.0
KXIN,2026-09-17T11:49:00Z,1.99,2.0,1.99,1.99,13416.0
KXIN,2026-09-17T11:50:00Z,1.9999,1.9999,1.97,1.9701,15969.0
KXIN,2026-09-17T11:51:00Z,1.97,1.98,1.94,1.9603,32613.0
KXIN,2026-09-17T11:52:00Z,1.97,1.97,1.95,1.96,14091.0
KXIN,2026-09-17T11:53:00Z,1.9692,1.97,1.95,1.9584,12302.0
KXIN,2026-09-17T11:54:00Z,1.95,1.96,1.93,1.9502,31172.0
KXIN,2026-09-17T11:55:00Z,1.9598,1.9604,1.95,1.9504,14852.0
KXIN,2026-09-17T11:56:00Z,1.9597,1.96,1.94,1.94,16316.0
KXIN,2026-09-17T11:57:00Z,1.94,1.95,1.94,1.94,9025.0
KXIN,2026-09-17T11:58:00Z,1.95,1.971,1.95,1.9601,23535.0
KXIN,2026-09-17T11:59:00Z,1.97,1.98,1.96,1.98,9449.0
KXIN,2026-09-17T12:00:00Z,1.97,1.9801,1.97,1.9801,14931.0
KXIN,2026-09-17T12:01:00Z,1.98,1.99,1.98,1.9892,17806.0
KXIN,2026-09-17T12:02:00Z,1.9802,1.99,1.97,1.97,9220.0
KXIN,2026-09-17T12:03:00Z,1.97,2.0,1.97,1.99,15260.0
KXIN,2026-09-17T12:04:00Z,1.99,2.0,1.97,1.98,25108.0
KXIN,2026-09-17T12:05:00Z,1.98,1.99,1.98,1.9802,13033.0
KXIN,2026-09-17T12:06:00Z,1.99,1.99,1.98,1.98,12165.0
KXIN,2026-09-17T12:07:00Z,1.99,1.99,1.98,1.9801,4976.0
KXIN,2026-09-17T12:08:00Z,1.99,2.0,1.9809,1.9984,15996.0
KXIN,2026-09-17T12:09:00Z,1.9998,2.0,1.98,1.9891,25834.0
KXIN,2026-09-17T12:10:00Z,1.99,1.99,1.97,1.98,11513.0
KXIN,2026-09-17T12:11:00Z,1.98,1.9999,1.98,1.9999,17013.0
KXIN,2026-09-17T12:12:00Z,1.99,2.0,1.97,1.9797,15279.0
KXIN,2026-09-17T12:13:00Z,1.9799,1.98,1.95,1.95,14797.0
KXIN,2026-09-17T12:14:00Z,1.95,1.96,1.94,1.96,9801.0
KXIN,2026-09-17T12:15:00Z,1.96,1.96,1.9402,1.9503,28624.0
KXIN,2026-09-17T12:16:00Z,1.95,1.96,1.95,1.95,10493.0
KXIN,2026-09-17T12:17:00Z,1.951,1.951,1.93,1.93,24692.0
KXIN,2026-09-17T12:18:00Z,1.93,1.9301,1.87,1.88,82781.0
KXIN,2026-09-17T12:19:00Z,1.8791,1.88,1.81,1.82,141865.0
KXIN,2026-09-17T12:20:00Z,1.821,1.84,1.77,1.7899,157991.0
KXIN,2026-09-17T12:21:00Z,1.78,1.79,1.76,1.7701,92196.0
KXIN,2026-09-17T12:22:00Z,1.77,1.79,1.74,1.79,85239.0
KXIN,2026-09-17T12:23:00Z,1.78,1.79,1.74,1.74,69428.0
KXIN,2026-09-17T12:24:00Z,1.75,1.75,1.72,1.7297,55007.0
KXIN,2026-09-17T12:25:00Z,1.73,1.74,1.72,1.73,76637.0
KXIN,2026-09-17T12:26:00Z,1.73,1.748,1.73,1.74,32291.0
KXIN,2026-09-17T12:27:00Z,1.7485,1.75,1.7,1.73,63236.0
KXIN,2026-09-17T12:28:00Z,1.73,1.76,1.71,1.7492,41281.0
KXIN,2026-09-17T12:29:00Z,1.75,1.76,1.73,1.7597,35583.0
KXIN,2026-09-17T12:30:00Z,1.7509,1.79,1.7509,1.76,69391.0
KXIN,2026-09-17T12:31:00Z,1.77,1.79,1.76,1.7692,35048.0
KXIN,2026-09-17T12:32:00Z,1.76,1.77,1.75,1.76,28039.0
KXIN,2026-09-17T12:33:00Z,1.76,1.76,1.72,1.74,54493.0
KXIN,2026-09-17T12:34:00Z,1.74,1.74,1.71,1.73,35999.0
KXIN,2026-09-17T12:35:00Z,1.7297,1.73,1.72,1.73,24389.0
KXIN,2026-09-17T12:36:00Z,1.7297,1.73,1.71,1.73,23301.0
KXIN,2026-09-17T12:37:00Z,1.72,1.73,1.71,1.71,27101.0
KXIN,2026-09-17T12:38:00Z,1.72,1.73,1.71,1.71,15573.0
KXIN,2026-09-17T12:39:00Z,1.7103,1.7103,1.71,1.71,1179.0
KXIN,2026-09-17T12:40:00Z,1.7192,1.72,1.71,1.72,21958.0
KXIN,2026-09-17T12:41:00Z,1.72,1.72,1.71,1.71,14686.0
KXIN,2026-09-17T12:42:00Z,1.71,1.7108,1.7,1.7108,25475.0
KXIN,2026-09-17T12:43:00Z,1.71,1.72,1.65,1.65,83516.0
KXIN,2026-09-17T12:44:00Z,1.66,1.6703,1.64,1.6491,77282.0
KXIN,2026-09-17T12:45:00Z,1.64,1.66,1.62,1.63,90146.0
KXIN,2026-09-17T12:46:00Z,1.63,1.64,1.63,1.63,36439.0
KXIN,2026-09-17T12:47:00Z,1.6302,1.64,1.63,1.6391,14812.0
KXIN,2026-09-17T12:48:00Z,1.63,1.64,1.62,1.62,21083.0
KXIN,2026-09-17T12:49:00Z,1.6209,1.63,1.6,1.6101,67807.0
KXIN,2026-09-17T12:50:00Z,1.6101,1.65,1.6101,1.6492,40114.0
KXIN,2026-09-17T12:51:00Z,1.6492,1.66,1.64,1.6599,40876.0
KXIN,2026-09-17T12:52:00Z,1.66,1.66,1.64,1.65,18414.0
KXIN,2026-09-17T12:53:00Z,1.64,1.65,1.64,1.6402,9117.0
KXIN,2026-09-17T12:54:00Z,1.65,1.66,1.64,1.65,14761.0
KXIN,2026-09-17T12:55:00Z,1.6592,1.68,1.6501,1.67,23374.0
KXIN,2026-09-17T12:56:00Z,1.6691,1.69,1.6608,1.6707,26365.0
KXIN,2026-09-17T12:57:00Z,1.68,1.69,1.6702,1.68,22495.0
KXIN,2026-09-17T12:58:00Z,1.68,1.68,1.66,1.6792,23313.0
KXIN,2026-09-17T12:59:00Z,1.6701,1.69,1.67,1.68,15125.0
KXIN,2026-09-17T13:00:00Z,1.68,1.7,1.68,1.7,23887.0
KXIN,2026-09-17T13:01:00Z,1.69,1.6992,1.68,1.68,11221.0
KXIN,2026-09-17T13:02:00Z,1.69,1.7,1.68,1.7,7931.0
KXIN,2026-09-17T13:03:00Z,1.7,1.72,1.68,1.6897,37673.0
KXIN,2026-09-17T13:04:00Z,1.6808,1.69,1.65,1.6509,43173.0
KXIN,2026-09-17T13:05:00Z,1.6509,1.68,1.6509,1.6701,21244.0
KXIN,2026-09-17T13:06:00Z,1.67,1.69,1.67,1.69,24225.0
KXIN,2026-09-17T13:07:00Z,1.7,1.71,1.68,1.7,30900.0
KXIN,2026-09-17T13:08:00Z,1.7,1.73,1.7,1.7201,40709.0
KXIN,2026-09-17T13:09:00Z,1.7206,1.74,1.7099,1.74,33065.0
KXIN,2026-09-17T13:10:00Z,1.74,1.76,1.74,1.74,50473.0
KXIN,2026-09-17T13:11:00Z,1.7492,1.76,1.74,1.75,33748.0
KXIN,2026-09-17T13:12:00Z,1.76,1.78,1.76,1.77,41238.0
KXIN,2026-09-17T13:13:00Z,1.78,1.79,1.77,1.77,58970.0
KXIN,2026-09-17T13:14:00Z,1.7798,1.78,1.72,1.73,91833.0
KXIN,2026-09-17T13:15:00Z,1.73,1.75,1.73,1.74,25614.0
KXIN,2026-09-17T13:16:00Z,1.75,1.75,1.74,1.74,8847.0
KXIN,2026-09-17T13:17:00Z,1.74,1.76,1.74,1.76,11855.0
KXIN,2026-09-17T13:18:00Z,1.76,1.76,1.74,1.7498,19077.0
KXIN,2026-09-17T13:19:00Z,1.75,1.76,1.74,1.75,13220.0
KXIN,2026-09-17T13:20:00Z,1.75,1.77,1.74,1.7697,22593.0
KXIN,2026-09-17T13:21:00Z,1.77,1.8,1.77,1.8,42519.0
KXIN,2026-09-17T13:22:00Z,1.8,1.8,1.77,1.7901,27258.0
KXIN,2026-09-17T13:23:00Z,1.8,1.8,1.79,1.79,30604.0
KXIN,2026-09-17T13:24:00Z,1.8,1.8,1.79,1.79,13873.0
KXIN,2026-09-17T13:25:00Z,1.8,1.81,1.77,1.7892,56473.0
KXIN,2026-09-17T13:26:00Z,1.79,1.79,1.75,1.75,28130.0
KXIN,2026-09-17T13:27:00Z,1.76,1.7692,1.71,1.74,62275.0
KXIN,2026-09-17T13:28:00Z,1.74,1.74,1.68,1.6897,46632.0
KXIN,2026-09-17T13:29:00Z,1.6801,1.72,1.68,1.7,40767.0
KXIN,2026-09-17T13:30:00Z,1.69,1.7,1.54,1.67,357991.0
KXIN,2026-09-17T13:31:00Z,1.6786,1.6786,1.6,1.615,123045.0
KXIN,2026-09-17T13:32:00Z,1.61,1.63,1.595,1.6009,93311.0
KXIN,2026-09-17T13:33:00Z,1.6014,1.65,1.6,1.6409,45515.0
KXIN,2026-09-17T13:34:00Z,1.6471,1.68,1.64,1.68,78009.0
KXIN,2026-09-17T13:35:00Z,1.675,1.7,1.66,1.6812,94198.0
KXIN,2026-09-17T13:36:00Z,1.68,1.75,1.61,1.64,235764.0
KXIN,2026-09-17T13:37:00Z,1.635,1.65,1.6,1.6197,118851.0
KXIN,2026-09-17T13:38:00Z,1.6199,1.62,1.57,1.6108,78499.0
KXIN,2026-09-17T13:39:00Z,1.61,1.615,1.58,1.5979,41779.0
KXIN,2026-09-17T13:40:00Z,1.595,1.6,1.575,1.6,35142.0
KXIN,2026-09-17T13:41:00Z,1.595,1.6073,1.53,1.565,71268.0
KXIN,2026-09-17T13:42:00Z,1.565,1.58,1.555,1.575,39180.0
KXIN,2026-09-17T13:43:00Z,1.575,1.6,1.57,1.59,48291.0
KXIN,2026-09-17T13:44:00Z,1.59,1.6,1.57,1.5739,23607.0
KXIN,2026-09-17T13:45:00Z,1.569,1.57,1.53,1.5399,104894.0
KXIN,2026-09-17T13:46:00Z,1.54,1.58,1.54,1.57,48327.0
KXIN,2026-09-17T13:47:00Z,1.5798,1.59,1.5691,1.59,42858.0
KXIN,2026-09-17T13:48:00Z,1.58,1.59,1.57,1.5706,27937.0
KXIN,2026-09-17T13:49:00Z,1.575,1.58,1.55,1.565,31973.0
KXIN,2026-09-17T13:50:00Z,1.565,1.6,1.55,1.5901,47796.0
KXIN,2026-09-17T13:51:00Z,1.5998,1.68,1.59,1.6409,125942.0
KXIN,2026-09-17T13:52:00Z,1.6499,1.66,1.6386,1.65,39602.0
KXIN,2026-09-17T13:53:00Z,1.6412,1.68,1.64,1.6799,71051.0
KXIN,2026-09-17T13:54:00Z,1.68,1.8,1.67,1.74,277149.0
KXIN,2026-09-17T13:55:00Z,1.74,1.78,1.71,1.7701,244270.0
KXIN,2026-09-17T13:56:00Z,1.78,1.84,1.76,1.815,323575.0
KXIN,2026-09-17T13:57:00Z,1.815,1.87,1.8,1.8401,250988.0
KXIN,2026-09-17T13:58:00Z,1.85,1.85,1.75,1.7538,233955.0
KXIN,2026-09-17T13:59:00Z,1.75,1.78,1.71,1.72,172920.0
KXIN,2026-09-17T14:00:00Z,1.7202,1.9399,1.7202,1.87,480290.0
KXIN,2026-09-17T14:01:00Z,1.87,1.87,1.795,1.805,171075.0
KXIN,2026-09-17T14:02:00Z,1.805,1.91,1.79,1.9022,284406.0
KXIN,2026-09-17T14:03:00Z,1.9094,1.95,1.83,1.8313,529129.0
KXIN,2026-09-17T14:04:00Z,1.8329,1.87,1.79,1.815,210457.0
KXIN,2026-09-17T14:05:00Z,1.82,1.84,1.8,1.8398,68774.0
KXIN,2026-09-17T14:06:00Z,1.8399,1.89,1.8,1.875,127411.0
KXIN,2026-09-17T14:07:00Z,1.87,1.87,1.82,1.82,114085.0
KXIN,2026-09-17T14:08:00Z,1.82,1.83,1.73,1.765,144222.0
KXIN,2026-09-17T14:09:00Z,1.7686,1.78,1.73,1.73,75924.0
KXIN,2026-09-17T14:10:00Z,1.74,1.8599,1.7001,1.815,114055.0
KXIN,2026-09-17T14:11:00Z,1.82,1.82,1.79,1.795,45007.0
KXIN,2026-09-17T14:12:00Z,1.7999,1.8,1.76,1.775,68978.0
KXIN,2026-09-17T14:13:00Z,1.7798,1.8,1.77,1.77,36551.0
KXIN,2026-09-17T14:14:00Z,1.77,1.77,1.72,1.7402,67974.0
KXIN,2026-09-17T14:15:00Z,1.7492,1.7879,1.7492,1.7747,96569.0
KXIN,2026-09-17T14:16:00Z,1.77,1.7797,1.75,1.765,44499.0
KXIN,2026-09-17T14:17:00Z,1.77,1.82,1.7599,1.77,82519.0
KXIN,2026-09-17T14:18:00Z,1.775,1.83,1.775,1.8199,95568.0
KXIN,2026-09-17T14:19:00Z,1.82,1.82,1.76,1.78,72320.0
KXIN,2026-09-17T14:20:00Z,1.77,1.78,1.71,1.7414,137491.0
KXIN,2026-09-17T14:21:00Z,1.74,1.7901,1.74,1.7799,83112.0
KXIN,2026-09-17T14:22:00Z,1.7703,1.88,1.7703,1.855,205255.0
KXIN,2026-09-17T14:23:00Z,1.86,2.12,1.86,2.05,973600.0
KXIN,2026-09-17T14:24:00Z,2.06,2.2799,2.03,2.11,1441016.0
KXIN,2026-09-17T14:25:00Z,2.1006,2.12,1.93,2.0302,928583.0
KXIN,2026-09-17T14:26:00Z,2.03,2.19,2.0299,2.1208,817737.0
KXIN,2026-09-17T14:27:00Z,2.1249,2.17,2.09,2.12,570483.0
KXIN,2026-09-17T14:28:00Z,2.12,2.12,2.02,2.06,562368.0
KXIN,2026-09-17T14:29:00Z,2.055,2.2258,2.02,2.16,765450.0
KXIN,2026-09-17T14:30:00Z,2.155,2.39,2.12,2.1912,1769735.0
KXIN,2026-09-17T14:31:00Z,2.2,2.34,2.18,2.29,970820.0
KXIN,2026-09-17T14:32:00Z,2.281,2.33,2.22,2.2707,716570.0
KXIN,2026-09-17T14:33:00Z,2.275,2.68,2.23,2.65,2439151.0
KXIN,2026-09-17T14:34:00Z,2.645,2.81,2.51,2.6216,2198124.0
KXIN,2026-09-17T14:35:00Z,2.62,2.76,2.42,2.6788,1707718.0
KXIN,2026-09-17T14:36:00Z,2.675,2.7,2.47,2.56,1107827.0
KXIN,2026-09-17T14:37:00Z,2.55,2.6,2.44,2.5,914887.0
KXIN,2026-09-17T14:38:00Z,2.5,2.54,2.34,2.4669,853513.0
KXIN,2026-09-17T14:39:00Z,2.47,2.57,2.16,2.23,1510691.0
KXIN,2026-09-17T14:40:00Z,2.2212,2.39,2.215,2.3599,775755.0
KXIN,2026-09-17T14:41:00Z,2.35,2.4999,2.35,2.42,864002.0
KXIN,2026-09-17T14:42:00Z,2.4,2.56,2.38,2.5314,865806.0
KXIN,2026-09-17T14:43:00Z,2.5308,2.54,2.42,2.46,529945.0
KXIN,2026-09-17T14:44:00Z,2.455,2.61,2.41,2.5751,871157.0
KXIN,2026-09-17T14:45:00Z,2.5759,2.58,2.35,2.43,784202.0
KXIN,2026-09-17T14:46:00Z,2.43,2.5,2.29,2.365,739501.0
KXIN,2026-09-17T14:47:00Z,2.361,2.4,2.33,2.34,346456.0
KXIN,2026-09-17T14:48:00Z,2.34,2.3599,2.13,2.18,849186.0
KXIN,2026-09-17T14:49:00Z,2.17,2.2099,2.13,2.135,607363.0
KXIN,2026-09-17T14:50:00Z,2.13,2.15,2.04,2.1,506470.0
KXIN,2026-09-17T14:51:00Z,2.09,2.14,2.06,2.07,234198.0
KXIN,2026-09-17T14:52:00Z,2.06,2.1,2.02,2.0208,352181.0
KXIN,2026-09-17T14:53:00Z,2.02,2.0894,2.0,2.0699,303086.0
KXIN,2026-09-17T14:54:00Z,2.0699,2.08,2.05,2.07,100424.0
KXIN,2026-09-17T14:55:00Z,2.06,2.08,1.97,1.9903,377060.0
KXIN,2026-09-17T14:56:00Z,1.9901,2.01,1.8601,1.97,210134.0
KXIN,2026-09-17T14:57:00Z,1.9799,2.0274,1.97,1.99,163845.0
KXIN,2026-09-17T14:58:00Z,1.99,2.0,1.96,1.96,104941.0
KXIN,2026-09-17T14:59:00Z,1.96,2.08,1.96,2.02,223115.0
KXIN,2026-09-17T15:00:00Z,2.025,2.07,2.01,2.03,116462.0
KXIN,2026-09-17T15:01:00Z,2.0298,2.04,1.97,2.015,104314.0
KXIN,2026-09-17T15:02:00Z,2.0275,2.04,1.96,1.9999,116868.0
KXIN,2026-09-17T15:03:00Z,2.0,2.01,1.95,1.98,151926.0
KXIN,2026-09-17T15:04:00Z,1.9799,1.99,1.96,1.9899,88529.0
KXIN,2026-09-17T15:05:00Z,1.98,1.99,1.96,1.975,66621.0
KXIN,2026-09-17T15:06:00Z,1.97,2.05,1.965,2.045,118783.0
KXIN,2026-09-17T15:07:00Z,2.0414,2.11,2.0387,2.1001,316501.0
KXIN,2026-09-17T15:08:00Z,2.1,2.14,2.08,2.14,354458.0
KXIN,2026-09-17T15:09:00Z,2.1309,2.14,2.08,2.114,139271.0
KXIN,2026-09-17T15:10:00Z,2.11,2.12,1.93,1.97,255509.0
KXIN,2026-09-17T15:11:00Z,1.96,1.9792,1.85,1.86,275354.0
KXIN,2026-09-17T15:12:00Z,1.86,1.92,1.8501,1.9,190975.0
KXIN,2026-09-17T15:13:00Z,1.8908,1.93,1.89,1.92,89849.0
KXIN,2026-09-17T15:14:00Z,1.93,1.93,1.9001,1.9099,60677.0
KXIN,2026-09-17T15:15:00Z,1.9098,1.925,1.8901,1.92,42319.0
KXIN,2026-09-17T15:16:00Z,1.9199,1.94,1.9,1.93,80245.0
KXIN,2026-09-17T15:17:00Z,1.93,1.93,1.9,1.9,60138.0
KXIN,2026-09-17T15:18:00Z,1.9,1.905,1.865,1.89,86570.0
KXIN,2026-09-17T15:19:00Z,1.8886,1.9,1.82,1.83,139654.0
KXIN,2026-09-17T15:20:00Z,1.83,1.84,1.81,1.8399,108571.0
KXIN,2026-09-17T15:21:00Z,1.8392,1.8799,1.83,1.8799,94734.0
KXIN,2026-09-17T15:22:00Z,1.8786,1.89,1.85,1.85,81071.0
KXIN,2026-09-17T15:23:00Z,1.8522,1.87,1.84,1.8502,42627.0
KXIN,2026-09-17T15:24:00Z,1.8502,1.86,1.81,1.825,68723.0
KXIN,2026-09-17T15:25:00Z,1.8201,1.83,1.78,1.8001,89418.0
KXIN,2026-09-17T15:26:00Z,1.8,1.81,1.77,1.775,59266.0
KXIN,2026-09-17T15:27:00Z,1.7701,1.84,1.77,1.825,72058.0
KXIN,2026-09-17T15:28:00Z,1.825,1.86,1.8201,1.84,78317.0
KXIN,2026-09-17T15:29:00Z,1.8488,1.87,1.84,1.8512,23792.0
KXIN,2026-09-17T15:30:00Z,1.86,1.86,1.8048,1.81,45286.0
KXIN,2026-09-17T15:31:00Z,1.8,1.8299,1.8,1.821,11880.0
TURB,2026-09-17T08:04:00Z,0.92,0.92,0.92,0.92,715.0
TURB,2026-09-17T08:05:00Z,0.92,0.92,0.92,0.92,100.0
TURB,2026-09-17T08:06:00Z,0.92,0.92,0.92,0.92,0.0
TURB,2026-09-17T08:07:00Z,0.92,0.92,0.92,0.92,0.0
TURB,2026-09-17T08:08:00Z,0.92,0.92,0.92,0.92,0.0
TURB,2026-09-17T08:09:00Z,0.92,0.92,0.92,0.92,0.0
TURB,2026-09-17T08:10:00Z,0.92,0.92,0.92,0.92,0.0
TURB,2026-09-17T08:11:00Z,0.92,0.92,0.92,0.92,0.0
TURB,2026-09-17T08:12:00Z,0.92,0.92,0.92,0.92,0.0
TURB,2026-09-17T08:13:00Z,0.92,0.92,0.92,0.92,0.0
TURB,2026-09-17T08:14:00Z,0.92,0.92,0.92,0.92,0.0
TURB,2026-09-17T08:15:00Z,0.92,0.92,0.92,0.92,0.0
TURB,2026-09-17T08:16:00Z,0.92,0.92,0.92,0.92,0.0
TURB,2026-09-17T08:17:00Z,0.92,0.92,0.92,0.92,0.0
TURB,2026-09-17T08:18:00Z,0.92,0.92,0.92,0.92,0.0
TURB,2026-09-17T08:19:00Z,0.92,0.92,0.92,0.92,0.0
TURB,2026-09-17T08:20:00Z,0.92,0.92,0.92,0.92,0.0
TURB,2026-09-17T08:21:00Z,0.92,0.92,0.92,0.92,0.0
TURB,2026-09-17T08:22:00Z,0.92,0.92,0.92,0.92,0.0
TURB,2026-09-17T08:23:00Z,0.92,0.92,0.92,0.92,0.0
TURB,2026-09-17T08:24:00Z,0.92,0.92,0.92,0.92,0.0
TURB,2026-09-17T08:25:00Z,0.92,0.92,0.92,0.92,0.0
TURB,2026-09-17T08:26:00Z,0.92,0.92,0.92,0.92,0.0
TURB,2026-09-17T08:27:00Z,0.92,0.92,0.92,0.92,0.0
TURB,2026-09-17T08:28:00Z,0.92,0.92,0.92,0.92,0.0
TURB,2026-09-17T08:29:00Z,0.92,0.92,0.92,0.92,0.0
TURB,2026-09-17T08:30:00Z,0.92,0.92,0.92,0.92,0.0
TURB,2026-09-17T08:31:00Z,0.92,0.92,0.92,0.92,0.0
TURB,2026-09-17T08:32:00Z,0.92,0.92,0.92,0.92,0.0
TURB,2026-09-17T08:33:00Z,0.92,0.92,0.92,0.92,0.0
TURB,2026-09-17T08:34:00Z,0.92,0.92,0.92,0.92,0.0
TURB,2026-09-17T08:35:00Z,0.92,0.92,0.92,0.92,0.0
TURB,2026-09-17T08:36:00Z,0.92,0.92,0.92,0.92,0.0
TURB,2026-09-17T08:37:00Z,0.92,0.92,0.92,0.92,0.0
TURB,2026-09-17T08:38:00Z,0.92,0.92,0.92,0.92,0.0
TURB,2026-09-17T08:39:00Z,0.92,0.92,0.92,0.92,0.0
TURB,2026-09-17T08:40:00Z,0.92,0.92,0.92,0.92,0.0
TURB,2026-09-17T08:41:00Z,0.92,0.92,0.92,0.92,0.0
TURB,2026-09-17T08:42:00Z,0.92,0.92,0.92,0.92,0.0
TURB,2026-09-17T08:43:00Z,0.92,0.92,0.92,0.92,0.0
TURB,2026-09-17T08:44:00Z,0.92,0.92,0.92,0.92,0.0
TURB,2026-09-17T08:45:00Z,0.92,0.92,0.92,0.92,0.0
TURB,2026-09-17T08:46:00Z,0.92,0.92,0.92,0.92,0.0
TURB,2026-09-17T08:47:00Z,0.92,0.92,0.92,0.92,0.0
TURB,2026-09-17T08:48:00Z,0.92,0.92,0.92,0.92,0.0
TURB,2026-09-17T08:49:00Z,0.92,0.92,0.92,0.92,0.0
TURB,2026-09-17T08:50:00Z,0.92,0.92,0.92,0.92,0.0
TURB,2026-09-17T08:51:00Z,0.92,0.92,0.92,0.92,0.0
TURB,2026-09-17T08:52:00Z,0.97,0.97,0.97,0.97,1000.0
TURB,2026-09-17T08:53:00Z,0.97,0.97,0.97,0.97,0.0
TURB,2026-09-17T08:54:00Z,0.97,0.97,0.97,0.97,0.0
TURB,2026-09-17T08:55:00Z,0.97,0.97,0.97,0.97,0.0
TURB,2026-09-17T08:56:00Z,0.97,0.97,0.97,0.97,0.0
TURB,2026-09-17T08:57:00Z,0.97,0.97,0.97,0.97,0.0
TURB,2026-09-17T08:58:00Z,0.97,0.97,0.97,0.97,0.0
TURB,2026-09-17T08:59:00Z,0.97,0.97,0.97,0.97,0.0
TURB,2026-09-17T09:00:00Z,0.97,0.97,0.97,0.97,0.0
TURB,2026-09-17T09:01:00Z,0.97,0.97,0.97,0.97,0.0
TURB,2026-09-17T09:02:00Z,0.97,0.97,0.97,0.97,0.0
TURB,2026-09-17T09:03:00Z,0.97,0.97,0.97,0.97,0.0
TURB,2026-09-17T09:04:00Z,0.97,0.97,0.97,0.97,0.0
TURB,2026-09-17T09:05:00Z,0.97,0.97,0.97,0.97,0.0
TURB,2026-09-17T09:06:00Z,0.97,0.97,0.97,0.97,0.0
TURB,2026-09-17T09:07:00Z,0.97,0.97,0.97,0.97,0.0
TURB,2026-09-17T09:08:00Z,0.97,0.97,0.97,0.97,0.0
TURB,2026-09-17T09:09:00Z,0.97,0.97,0.97,0.97,0.0
TURB,2026-09-17T09:10:00Z,0.97,0.97,0.97,0.97,0.0
TURB,2026-09-17T09:11:00Z,0.97,0.97,0.97,0.97,0.0
TURB,2026-09-17T09:12:00Z,0.97,0.97,0.97,0.97,0.0
TURB,2026-09-17T09:13:00Z,0.97,0.97,0.97,0.97,0.0
TURB,2026-09-17T09:14:00Z,0.97,0.97,0.97,0.97,0.0
TURB,2026-09-17T09:15:00Z,0.97,0.97,0.97,0.97,0.0
TURB,2026-09-17T09:16:00Z,0.97,0.97,0.97,0.97,0.0
TURB,2026-09-17T09:17:00Z,0.97,0.97,0.97,0.97,0.0
TURB,2026-09-17T09:18:00Z,0.97,0.97,0.97,0.97,0.0
TURB,2026-09-17T09:19:00Z,0.97,0.97,0.97,0.97,0.0
TURB,2026-09-17T09:20:00Z,0.97,0.97,0.97,0.97,0.0
TURB,2026-09-17T09:21:00Z,0.97,0.97,0.97,0.97,0.0
TURB,2026-09-17T09:22:00Z,0.97,0.97,0.97,0.97,0.0
TURB,2026-09-17T09:23:00Z,0.97,0.97,0.97,0.97,0.0
TURB,2026-09-17T09:24:00Z,0.95,0.95,0.95,0.95,500.0
TURB,2026-09-17T09:25:00Z,0.95,0.95,0.95,0.95,0.0
TURB,2026-09-17T09:26:00Z,0.95,0.95,0.95,0.95,0.0
TURB,2026-09-17T09:27:00Z,0.95,0.95,0.95,0.95,0.0
TURB,2026-09-17T09:28:00Z,0.95,0.95,0.95,0.95,0.0
TURB,2026-09-17T09:29:00Z,0.95,0.95,0.95,0.95,0.0
TURB,2026-09-17T09:30:00Z,0.95,0.99,0.95,0.99,610.0
TURB,2026-09-17T09:31:00Z,0.99,0.99,0.99,0.99,0.0
TURB,2026-09-17T09:32:00Z,0.99,0.99,0.99,0.99,0.0
TURB,2026-09-17T09:33:00Z,0.99,0.99,0.99,0.99,0.0
TURB,2026-09-17T09:34:00Z,0.99,0.99,0.99,0.99,0.0
TURB,2026-09-17T09:35:00Z,0.99,0.99,0.99,0.99,0.0
TURB,2026-09-17T09:36:00Z,0.99,0.99,0.99,0.99,0.0
TURB,2026-09-17T09:37:00Z,0.99,0.99,0.99,0.99,0.0
TURB,2026-09-17T09:38:00Z,0.99,0.99,0.99,0.99,0.0
TURB,2026-09-17T09:39:00Z,0.99,0.99,0.99,0.99,0.0
TURB,2026-09-17T09:40:00Z,0.99,0.99,0.99,0.99,0.0
TURB,2026-09-17T09:41:00Z,0.99,0.99,0.99,0.99,0.0
TURB,2026-09-17T09:42:00Z,0.99,0.99,0.99,0.99,0.0
TURB,2026-09-17T09:43:00Z,0.99,0.99,0.99,0.99,0.0
TURB,2026-09-17T09:44:00Z,0.99,0.99,0.99,0.99,0.0
TURB,2026-09-17T09:45:00Z,0.99,0.99,0.99,0.99,0.0
TURB,2026-09-17T09:46:00Z,0.99,0.99,0.99,0.99,0.0
TURB,2026-09-17T09:47:00Z,0.99,0.99,0.99,0.99,0.0
TURB,2026-09-17T09:48:00Z,0.99,0.99,0.99,0.99,0.0
TURB,2026-09-17T09:49:00Z,0.99,0.99,0.99,0.99,0.0
TURB,2026-09-17T09:50:00Z,0.99,0.99,0.99,0.99,0.0
TURB,2026-09-17T09:51:00Z,0.99,0.99,0.99,0.99,0.0
TURB,2026-09-17T09:52:00Z,0.99,0.99,0.99,0.99,0.0
TURB,2026-09-17T09:53:00Z,0.99,0.99,0.99,0.99,0.0
TURB,2026-09-17T09:54:00Z,0.99,0.99,0.99,0.99,0.0
TURB,2026-09-17T09:55:00Z,0.99,0.99,0.99,0.99,0.0
TURB,2026-09-17T09:56:00Z,0.99,0.99,0.99,0.99,0.0
TURB,2026-09-17T09:57:00Z,0.99,0.99,0.99,0.99,0.0
TURB,2026-09-17T09:58:00Z,0.99,0.99,0.99,0.99,0.0
TURB,2026-09-17T09:59:00Z,0.99,0.99,0.99,0.99,0.0
TURB,2026-09-17T10:00:00Z,0.99,0.99,0.99,0.99,0.0
TURB,2026-09-17T10:01:00Z,0.99,0.99,0.99,0.99,0.0
TURB,2026-09-17T10:02:00Z,0.99,0.99,0.99,0.99,0.0
TURB,2026-09-17T10:03:00Z,0.99,0.99,0.99,0.99,0.0
TURB,2026-09-17T10:04:00Z,0.99,0.99,0.99,0.99,0.0
TURB,2026-09-17T10:05:00Z,0.99,0.99,0.99,0.99,0.0
TURB,2026-09-17T10:06:00Z,0.99,0.99,0.99,0.99,0.0
TURB,2026-09-17T10:07:00Z,0.99,0.99,0.99,0.99,0.0
TURB,2026-09-17T10:08:00Z,0.99,0.99,0.99,0.99,0.0
TURB,2026-09-17T10:09:00Z,0.99,0.99,0.99,0.99,0.0
TURB,2026-09-17T10:10:00Z,0.99,0.99,0.99,0.99,0.0
TURB,2026-09-17T10:11:00Z,0.99,0.99,0.99,0.99,0.0
TURB,2026-09-17T10:12:00Z,0.99,0.99,0.99,0.99,0.0
TURB,2026-09-17T10:13:00Z,0.99,0.99,0.99,0.99,0.0
TURB,2026-09-17T10:14:00Z,0.99,0.99,0.99,0.99,0.0
TURB,2026-09-17T10:15:00Z,0.99,0.99,0.99,0.99,0.0
TURB,2026-09-17T10:16:00Z,0.99,0.99,0.99,0.99,0.0
TURB,2026-09-17T10:17:00Z,0.99,0.99,0.99,0.99,0.0
TURB,2026-09-17T10:18:00Z,0.99,0.99,0.99,0.99,0.0
TURB,2026-09-17T10:19:00Z,0.99,0.99,0.99,0.99,0.0
TURB,2026-09-17T10:20:00Z,0.99,0.99,0.99,0.99,0.0
TURB,2026-09-17T10:21:00Z,0.99,0.99,0.99,0.99,0.0
TURB,2026-09-17T10:22:00Z,0.99,0.99,0.99,0.99,0.0
TURB,2026-09-17T10:23:00Z,0.99,0.99,0.99,0.99,0.0
TURB,2026-09-17T10:24:00Z,0.99,0.99,0.99,0.99,0.0
TURB,2026-09-17T10:25:00Z,0.99,0.99,0.99,0.99,0.0
TURB,2026-09-17T10:26:00Z,0.99,0.99,0.99,0.99,0.0
TURB,2026-09-17T10:27:00Z,0.99,0.99,0.99,0.99,0.0
TURB,2026-09-17T10:28:00Z,0.99,0.99,0.99,0.99,0.0
TURB,2026-09-17T10:29:00Z,0.99,0.99,0.99,0.99,0.0
TURB,2026-09-17T10:30:00Z,0.99,0.99,0.99,0.99,0.0
TURB,2026-09-17T10:31:00Z,0.99,0.99,0.99,0.99,0.0
TURB,2026-09-17T10:32:00Z,0.99,0.99,0.99,0.99,0.0
TURB,2026-09-17T10:33:00Z,0.99,0.99,0.99,0.99,0.0
TURB,2026-09-17T10:34:00Z,0.99,0.99,0.99,0.99,0.0
TURB,2026-09-17T10:35:00Z,0.99,0.99,0.99,0.99,0.0
TURB,2026-09-17T10:36:00Z,0.99,0.99,0.99,0.99,0.0
TURB,2026-09-17T10:37:00Z,0.99,0.99,0.99,0.99,0.0
TURB,2026-09-17T10:38:00Z,0.99,0.99,0.99,0.99,0.0
TURB,2026-09-17T10:39:00Z,0.99,0.99,0.99,0.99,0.0
TURB,2026-09-17T10:40:00Z,0.99,0.99,0.99,0.99,0.0
TURB,2026-09-17T10:41:00Z,0.99,0.99,0.99,0.99,0.0
TURB,2026-09-17T10:42:00Z,0.99,0.99,0.99,0.99,0.0
TURB,2026-09-17T10:43:00Z,0.99,0.99,0.99,0.99,0.0
TURB,2026-09-17T10:44:00Z,0.99,0.99,0.99,0.99,0.0
TURB,2026-09-17T10:45:00Z,0.99,0.99,0.99,0.99,0.0
TURB,2026-09-17T10:46:00Z,0.99,0.99,0.99,0.99,0.0
TURB,2026-09-17T10:47:00Z,0.99,0.99,0.99,0.99,0.0
TURB,2026-09-17T10:48:00Z,0.99,0.99,0.99,0.99,0.0
TURB,2026-09-17T10:49:00Z,0.99,0.99,0.99,0.99,0.0
TURB,2026-09-17T10:50:00Z,0.99,0.99,0.99,0.99,0.0
TURB,2026-09-17T10:51:00Z,0.99,0.99,0.99,0.99,0.0
TURB,2026-09-17T10:52:00Z,0.99,0.99,0.99,0.99,0.0
TURB,2026-09-17T10:53:00Z,0.99,0.99,0.99,0.99,0.0
TURB,2026-09-17T10:54:00Z,0.99,0.99,0.99,0.99,0.0
TURB,2026-09-17T10:55:00Z,0.99,0.99,0.99,0.99,0.0
TURB,2026-09-17T10:56:00Z,0.99,0.99,0.99,0.99,0.0
TURB,2026-09-17T10:57:00Z,0.99,0.99,0.99,0.99,0.0
TURB,2026-09-17T10:58:00Z,0.99,0.99,0.99,0.99,0.0
TURB,2026-09-17T10:59:00Z,0.99,0.99,0.99,0.99,0.0
TURB,2026-09-17T11:00:00Z,0.99,0.99,0.99,0.99,0.0
TURB,2026-09-17T11:01:00Z,0.99,0.99,0.99,0.99,0.0
TURB,2026-09-17T11:02:00Z,0.99,0.99,0.99,0.99,0.0
TURB,2026-09-17T11:03:00Z,0.99,0.99,0.99,0.99,0.0
TURB,2026-09-17T11:04:00Z,0.99,0.99,0.99,0.99,0.0
TURB,2026-09-17T11:05:00Z,0.99,0.99,0.99,0.99,0.0
TURB,2026-09-17T11:06:00Z,0.99,0.99,0.99,0.99,0.0
TURB,2026-09-17T11:07:00Z,0.99,0.99,0.99,0.99,0.0
TURB,2026-09-17T11:08:00Z,0.99,0.99,0.99,0.99,0.0
TURB,2026-09-17T11:09:00Z,0.99,0.99,0.99,0.99,0.0
TURB,2026-09-17T11:10:00Z,0.99,0.99,0.99,0.99,0.0
TURB,2026-09-17T11:11:00Z,0.99,0.99,0.99,0.99,0.0
TURB,2026-09-17T11:12:00Z,0.99,0.99,0.99,0.99,0.0
TURB,2026-09-17T11:13:00Z,0.99,0.99,0.99,0.99,0.0
TURB,2026-09-17T11:14:00Z,0.99,0.99,0.99,0.99,0.0
TURB,2026-09-17T11:15:00Z,0.99,0.99,0.99,0.99,0.0
TURB,2026-09-17T11:16:00Z,0.99,0.99,0.99,0.99,0.0
TURB,2026-09-17T11:17:00Z,0.99,0.99,0.99,0.99,0.0
TURB,2026-09-17T11:18:00Z,0.99,0.99,0.99,0.99,0.0
TURB,2026-09-17T11:19:00Z,0.99,0.99,0.99,0.99,0.0
TURB,2026-09-17T11:20:00Z,0.99,0.99,0.99,0.99,0.0
TURB,2026-09-17T11:21:00Z,0.99,0.99,0.99,0.99,0.0
TURB,2026-09-17T11:22:00Z,0.99,0.99,0.99,0.99,0.0
TURB,2026-09-17T11:23:00Z,0.99,0.99,0.99,0.99,0.0
TURB,2026-09-17T11:24:00Z,0.99,0.99,0.99,0.99,0.0
TURB,2026-09-17T11:25:00Z,0.99,0.99,0.99,0.99,0.0
TURB,2026-09-17T11:26:00Z,0.99,0.99,0.99,0.99,0.0
TURB,2026-09-17T11:27:00Z,0.99,0.99,0.99,0.99,0.0
TURB,2026-09-17T11:28:00Z,0.99,0.99,0.99,0.99,0.0
TURB,2026-09-17T11:29:00Z,0.99,0.99,0.99,0.99,0.0
TURB,2026-09-17T11:30:00Z,0.99,0.99,0.99,0.99,0.0
TURB,2026-09-17T11:31:00Z,0.99,0.99,0.99,0.99,0.0
TURB,2026-09-17T11:32:00Z,0.99,0.99,0.99,0.99,0.0
TURB,2026-09-17T11:33:00Z,0.99,0.99,0.99,0.99,0.0
TURB,2026-09-17T11:34:00Z,0.99,0.99,0.99,0.99,0.0
TURB,2026-09-17T11:35:00Z,0.99,0.99,0.99,0.99,0.0
TURB,2026-09-17T11:36:00Z,0.99,0.99,0.99,0.99,0.0
TURB,2026-09-17T11:37:00Z,0.99,0.99,0.99,0.99,0.0
TURB,2026-09-17T11:38:00Z,0.99,0.99,0.99,0.99,0.0
TURB,2026-09-17T11:39:00Z,0.99,0.99,0.99,0.99,0.0
TURB,2026-09-17T11:40:00Z,0.99,0.99,0.99,0.99,0.0
TURB,2026-09-17T11:41:00Z,0.99,0.99,0.99,0.99,0.0
TURB,2026-09-17T11:42:00Z,0.99,0.99,0.99,0.99,0.0
TURB,2026-09-17T11:43:00Z,0.99,0.99,0.99,0.99,0.0
TURB,2026-09-17T11:44:00Z,0.99,0.99,0.99,0.99,0.0
TURB,2026-09-17T11:45:00Z,0.99,0.99,0.99,0.99,0.0
TURB,2026-09-17T11:46:00Z,0.99,0.99,0.99,0.99,0.0
TURB,2026-09-17T11:47:00Z,0.99,0.99,0.99,0.99,0.0
TURB,2026-09-17T11:48:00Z,0.99,0.99,0.99,0.99,0.0
TURB,2026-09-17T11:49:00Z,0.99,0.99,0.99,0.99,0.0
TURB,2026-09-17T11:50:00Z,0.99,0.99,0.99,0.99,0.0
TURB,2026-09-17T11:51:00Z,0.99,0.99,0.99,0.99,0.0
TURB,2026-09-17T11:52:00Z,0.99,0.99,0.99,0.99,0.0
TURB,2026-09-17T11:53:00Z,0.99,0.99,0.99,0.99,0.0
TURB,2026-09-17T11:54:00Z,0.99,0.99,0.99,0.99,0.0
TURB,2026-09-17T11:55:00Z,0.99,0.99,0.99,0.99,0.0
TURB,2026-09-17T11:56:00Z,0.99,0.99,0.99,0.99,0.0
TURB,2026-09-17T11:57:00Z,0.99,0.99,0.99,0.99,0.0
TURB,2026-09-17T11:58:00Z,0.99,0.99,0.99,0.99,0.0
TURB,2026-09-17T11:59:00Z,0.99,0.99,0.99,0.99,0.0
TURB,2026-09-17T12:00:00Z,0.99,0.99,0.99,0.99,0.0
TURB,2026-09-17T12:01:00Z,0.99,0.99,0.99,0.99,0.0
TURB,2026-09-17T12:02:00Z,0.99,0.99,0.99,0.99,0.0
TURB,2026-09-17T12:03:00Z,0.99,0.99,0.99,0.99,0.0
TURB,2026-09-17T12:04:00Z,0.99,0.99,0.99,0.99,0.0
TURB,2026-09-17T12:05:00Z,0.99,0.99,0.99,0.99,0.0
TURB,2026-09-17T12:06:00Z,0.99,0.99,0.99,0.99,0.0
TURB,2026-09-17T12:07:00Z,0.99,0.99,0.99,0.99,0.0
TURB,2026-09-17T12:08:00Z,0.99,0.99,0.99,0.99,0.0
TURB,2026-09-17T12:09:00Z,0.99,0.99,0.99,0.99,0.0
TURB,2026-09-17T12:10:00Z,0.99,0.99,0.99,0.99,0.0
TURB,2026-09-17T12:11:00Z,0.99,0.99,0.99,0.99,0.0
TURB,2026-09-17T12:12:00Z,0.99,0.99,0.99,0.99,0.0
TURB,2026-09-17T12:13:00Z,0.99,0.99,0.99,0.99,0.0
TURB,2026-09-17T12:14:00Z,0.99,0.99,0.99,0.99,0.0
TURB,2026-09-17T12:15:00Z,0.967,1.17,0.9669,1.15,157015.0
TURB,2026-09-17T12:16:00Z,1.15,1.32,0.97,1.1307,990451.0
TURB,2026-09-17T12:17:00Z,1.13,1.18,1.0,1.05,810000.0
TURB,2026-09-17T12:18:00Z,1.0403,1.05,0.84,0.926,745175.0
TURB,2026-09-17T12:19:00Z,0.9204,0.976,0.88,0.9491,351510.0
TURB,2026-09-17T12:20:00Z,0.9491,1.1,0.9422,1.0294,446730.0
TURB,2026-09-17T12:21:00Z,1.02,1.1798,1.02,1.16,525884.0
TURB,2026-09-17T12:22:00Z,1.16,1.17,1.07,1.1,697996.0
TURB,2026-09-17T12:23:00Z,1.1011,1.14,1.06,1.13,485255.0
TURB,2026-09-17T12:24:00Z,1.12,1.13,0.98,1.01,579364.0
TURB,2026-09-17T12:25:00Z,1.01,1.0405,0.9819,1.0,199486.0
TURB,2026-09-17T12:26:00Z,1.0091,1.04,0.9819,1.04,179143.0
TURB,2026-09-17T12:27:00Z,1.04,1.04,1.03,1.0309,57661.0
TURB,2026-09-17T12:28:00Z,1.03,1.13,1.03,1.1291,271111.0
TURB,2026-09-17T12:29:00Z,1.1291,1.3385,1.09,1.2712,972599.0
TURB,2026-09-17T12:30:00Z,1.271,1.31,1.16,1.2209,1458102.0
TURB,2026-09-17T12:31:00Z,1.22,1.79,1.2,1.76,2376703.0
TURB,2026-09-17T12:32:00Z,1.76,1.9,1.58,1.84,3077369.0
TURB,2026-09-17T12:33:00Z,1.83,3.96,1.83,2.0735,2915435.0
TURB,2026-09-17T12:34:00Z,2.0735,2.24,2.07,2.2193,1173544.0
TURB,2026-09-17T12:35:00Z,2.2,2.32,2.01,2.0698,1073603.0
TURB,2026-09-17T12:36:00Z,2.05,2.15,2.01,2.14,640346.0
TURB,2026-09-17T12:37:00Z,2.14,2.42,2.05,2.05,1445628.0
TURB,2026-09-17T12:38:00Z,2.0503,2.13,1.92,1.985,850715.0
TURB,2026-09-17T12:39:00Z,1.99,2.08,1.99,2.0471,103102.0
TURB,2026-09-17T12:40:00Z,2.0123,2.15,2.01,2.048,632288.0
TURB,2026-09-17T12:41:00Z,2.0494,2.07,1.92,2.0301,569427.0
TURB,2026-09-17T12:42:00Z,2.03,2.06,1.92,2.04,457737.0
TURB,2026-09-17T12:43:00Z,2.04,2.0497,1.73,1.7392,776700.0
TURB,2026-09-17T12:44:00Z,1.74,1.9,1.73,1.81,575516.0
TURB,2026-09-17T12:45:00Z,1.81,1.88,1.71,1.72,399976.0
TURB,2026-09-17T12:46:00Z,1.73,1.82,1.5201,1.5797,808601.0
TURB,2026-09-17T12:47:00Z,1.584,1.63,1.54,1.62,468503.0
TURB,2026-09-17T12:48:00Z,1.62,1.74,1.6,1.7101,309707.0
TURB,2026-09-17T12:49:00Z,1.71,1.8,1.6898,1.6898,434112.0
TURB,2026-09-17T12:50:00Z,1.69,1.82,1.65,1.78,286443.0
TURB,2026-09-17T12:51:00Z,1.77,1.79,1.71,1.73,214576.0
TURB,2026-09-17T12:52:00Z,1.73,1.79,1.66,1.79,290863.0
TURB,2026-09-17T12:53:00Z,1.79,1.97,1.77,1.95,828796.0
TURB,2026-09-17T12:54:00Z,1.9409,2.0,1.88,1.91,668254.0
TURB,2026-09-17T12:55:00Z,1.9093,2.05,1.88,1.88,682120.0
TURB,2026-09-17T12:56:00Z,1.88,1.99,1.87,1.92,349602.0
TURB,2026-09-17T12:57:00Z,1.9297,1.97,1.88,1.91,298898.0
TURB,2026-09-17T12:58:00Z,1.9106,1.92,1.85,1.8994,343398.0
TURB,2026-09-17T12:59:00Z,1.9,1.97,1.77,1.81,451511.0
TURB,2026-09-17T13:00:00Z,1.812,1.87,1.7,1.7198,365516.0
TURB,2026-09-17T13:01:00Z,1.718,1.76,1.718,1.74,173311.0
TURB,2026-09-17T13:02:00Z,1.74,1.78,1.71,1.71,159452.0
TURB,2026-09-17T13:03:00Z,1.7194,1.72,1.63,1.65,316537.0
TURB,2026-09-17T13:04:00Z,1.6585,1.66,1.61,1.6492,156212.0
TURB,2026-09-17T13:05:00Z,1.64,1.709,1.61,1.6899,124987.0
TURB,2026-09-17T13:06:00Z,1.6892,1.74,1.65,1.69,147685.0
TURB,2026-09-17T13:07:00Z,1.69,1.7,1.63,1.64,117981.0
TURB,2026-09-17T13:08:00Z,1.64,1.64,1.57,1.58,171325.0
TURB,2026-09-17T13:09:00Z,1.57,1.61,1.56,1.58,156404.0
TURB,2026-09-17T13:10:00Z,1.58,1.65,1.57,1.64,140436.0
TURB,2026-09-17T13:11:00Z,1.6303,1.71,1.62,1.69,185895.0
TURB,2026-09-17T13:12:00Z,1.68,1.69,1.63,1.64,99884.0
TURB,2026-09-17T13:13:00Z,1.64,1.64,1.47,1.48,314576.0
TURB,2026-09-17T13:14:00Z,1.48,1.54,1.47,1.53,145240.0
TURB,2026-09-17T13:15:00Z,1.53,1.6,1.53,1.54,112141.0
TURB,2026-09-17T13:16:00Z,1.55,1.55,1.51,1.54,79595.0
TURB,2026-09-17T13:17:00Z,1.5391,1.64,1.52,1.63,124739.0
TURB,2026-09-17T13:18:00Z,1.63,1.65,1.59,1.63,110228.0
TURB,2026-09-17T13:19:00Z,1.62,1.65,1.59,1.62,101218.0
TURB,2026-09-17T13:20:00Z,1.6291,1.64,1.61,1.6202,54957.0
TURB,2026-09-17T13:21:00Z,1.6299,1.68,1.62,1.65,135486.0
TURB,2026-09-17T13:22:00Z,1.66,1.76,1.65,1.74,322137.0
TURB,2026-09-17T13:23:00Z,1.7415,1.79,1.71,1.78,358479.0
TURB,2026-09-17T13:24:00Z,1.78,1.85,1.77,1.79,456926.0
TURB,2026-09-17T13:25:00Z,1.79,1.79,1.65,1.692,304626.0
TURB,2026-09-17T13:26:00Z,1.6988,1.7,1.64,1.65,116842.0
TURB,2026-09-17T13:27:00Z,1.65,1.652,1.57,1.59,179727.0
TURB,2026-09-17T13:28:00Z,1.59,1.62,1.53,1.59,191663.0
TURB,2026-09-17T13:29:00Z,1.59,1.6,1.54,1.55,140828.0
TURB,2026-09-17T13:30:00Z,1.55,1.64,1.48,1.5999,634323.0
TURB,2026-09-17T13:31:00Z,1.595,1.615,1.52,1.5914,601434.0
TURB,2026-09-17T13:32:00Z,1.5999,1.61,1.47,1.5001,593305.0
TURB,2026-09-17T13:33:00Z,1.5091,1.58,1.4792,1.5799,360563.0
TURB,2026-09-17T13:34:00Z,1.5704,1.66,1.55,1.6309,646620.0
TURB,2026-09-17T13:35:00Z,1.6301,1.75,1.59,1.625,1195836.0
TURB,2026-09-17T13:36:00Z,1.6202,1.6292,1.55,1.56,483554.0
TURB,2026-09-17T13:37:00Z,1.56,1.61,1.4975,1.5217,389510.0
TURB,2026-09-17T13:38:00Z,1.52,1.58,1.52,1.55,228331.0
TURB,2026-09-17T13:39:00Z,1.54,1.55,1.5,1.5,346463.0
TURB,2026-09-17T13:40:00Z,1.5,1.5,1.37,1.4009,673598.0
TURB,2026-09-17T13:41:00Z,1.41,1.43,1.37,1.3791,252511.0
TURB,2026-09-17T13:42:00Z,1.37,1.41,1.36,1.3699,239130.0
TURB,2026-09-17T13:43:00Z,1.37,1.38,1.32,1.37,318808.0
TURB,2026-09-17T13:44:00Z,1.37,1.41,1.37,1.3802,246773.0
TURB,2026-09-17T13:45:00Z,1.3809,1.47,1.38,1.4605,213035.0
TURB,2026-09-17T13:46:00Z,1.47,1.47,1.42,1.43,220105.0
TURB,2026-09-17T13:47:00Z,1.435,1.44,1.38,1.4001,135128.0
TURB,2026-09-17T13:48:00Z,1.4,1.46,1.4,1.415,195814.0
TURB,2026-09-17T13:49:00Z,1.4191,1.49,1.41,1.465,249572.0
TURB,2026-09-17T13:50:00Z,1.47,1.52,1.46,1.48,331352.0
TURB,2026-09-17T13:51:00Z,1.475,1.48,1.44,1.4765,167492.0
TURB,2026-09-17T13:52:00Z,1.47,1.47,1.4,1.4092,220755.0
TURB,2026-09-17T13:53:00Z,1.4008,1.43,1.4,1.4094,76770.0
TURB,2026-09-17T13:54:00Z,1.4099,1.45,1.39,1.4401,198855.0
TURB,2026-09-17T13:55:00Z,1.44,1.45,1.42,1.44,114809.0
TURB,2026-09-17T13:56:00Z,1.4301,1.51,1.43,1.5001,172574.0
TURB,2026-09-17T13:57:00Z,1.505,1.5199,1.48,1.5099,185356.0
TURB,2026-09-17T13:58:00Z,1.505,1.61,1.5,1.6,529012.0
TURB,2026-09-17T13:59:00Z,1.5999,1.6186,1.56,1.58,313071.0
TURB,2026-09-17T14:00:00Z,1.59,1.6,1.47,1.5099,452061.0
TURB,2026-09-17T14:01:00Z,1.51,1.57,1.5007,1.51,169468.0
TURB,2026-09-17T14:02:00Z,1.5116,1.57,1.5109,1.54,137935.0
TURB,2026-09-17T14:03:00Z,1.5398,1.58,1.53,1.5786,153980.0
TURB,2026-09-17T14:04:00Z,1.5709,1.7,1.55,1.6604,684516.0
TURB,2026-09-17T14:05:00Z,1.6699,1.78,1.59,1.6,1023926.0
TURB,2026-09-17T14:06:00Z,1.6,1.65,1.5648,1.6395,443110.0
TURB,2026-09-17T14:07:00Z,1.6309,1.8,1.61,1.8,850267.0
TURB,2026-09-17T14:08:00Z,1.795,1.96,1.79,1.87,1857073.0
TURB,2026-09-17T14:09:00Z,1.88,2.0,1.83,1.9703,1354921.0
TURB,2026-09-17T14:10:00Z,1.97,1.99,1.76,1.85,1635856.0
TURB,2026-09-17T14:11:00Z,1.85,2.0,1.81,1.9899,946124.0
TURB,2026-09-17T14:12:00Z,1.9809,2.06,1.78,1.8599,1661747.0
TURB,2026-09-17T14:13:00Z,1.87,1.88,1.62,1.67,1025462.0
TURB,2026-09-17T14:14:00Z,1.6709,1.71,1.49,1.5391,1310359.0
TURB,2026-09-17T14:15:00Z,1.5394,1.54,1.44,1.44,357709.0
TURB,2026-09-17T14:16:00Z,1.44,1.44,1.44,1.44,0.0
TURB,2026-09-17T14:17:00Z,1.44,1.44,1.44,1.44,0.0
TURB,2026-09-17T14:18:00Z,1.44,1.44,1.44,1.44,0.0
TURB,2026-09-17T14:19:00Z,1.44,1.44,1.44,1.44,0.0
TURB,2026-09-17T14:20:00Z,1.44,1.53,1.4,1.48,696709.0
TURB,2026-09-17T14:21:00Z,1.4797,1.52,1.46,1.48,448914.0
TURB,2026-09-17T14:22:00Z,1.4804,1.52,1.38,1.43,572369.0
TURB,2026-09-17T14:23:00Z,1.43,1.4699,1.42,1.445,207740.0
TURB,2026-09-17T14:24:00Z,1.4499,1.4499,1.3,1.3301,770195.0
TURB,2026-09-17T14:25:00Z,1.3386,1.4,1.33,1.39,263351.0
TURB,2026-09-17T14:26:00Z,1.395,1.4,1.37,1.4,171839.0
TURB,2026-09-17T14:27:00Z,1.39,1.4,1.3715,1.395,74533.0
TURB,2026-09-17T14:28:00Z,1.3986,1.4,1.37,1.395,81806.0
TURB,2026-09-17T14:29:00Z,1.395,1.41,1.37,1.38,127651.0
TURB,2026-09-17T14:30:00Z,1.3705,1.39,1.35,1.3701,170817.0
TURB,2026-09-17T14:31:00Z,1.37,1.42,1.37,1.415,122458.0
TURB,2026-09-17T14:32:00Z,1.415,1.45,1.409,1.4492,191744.0
TURB,2026-09-17T14:33:00Z,1.4493,1.46,1.42,1.42,192906.0
TURB,2026-09-17T14:34:00Z,1.4204,1.43,1.41,1.415,60516.0
TURB,2026-09-17T14:35:00Z,1.4106,1.42,1.4,1.41,95700.0
TURB,2026-09-17T14:36:00Z,1.41,1.45,1.41,1.445,82053.0
TURB,2026-09-17T14:37:00Z,1.4482,1.46,1.41,1.42,108059.0
TURB,2026-09-17T14:38:00Z,1.43,1.43,1.42,1.425,33450.0
TURB,2026-09-17T14:39:00Z,1.4299,1.4299,1.4,1.415,88994.0
TURB,2026-09-17T14:40:00Z,1.415,1.45,1.415,1.4491,64561.0
TURB,2026-09-17T14:41:00Z,1.4491,1.4491,1.42,1.425,81068.0
TURB,2026-09-17T14:42:00Z,1.425,1.46,1.4109,1.4501,59241.0
TURB,2026-09-17T14:43:00Z,1.4514,1.46,1.44,1.4407,30952.0
TURB,2026-09-17T14:44:00Z,1.44,1.48,1.435,1.4691,184975.0
TURB,2026-09-17T14:45:00Z,1.4699,1.47,1.45,1.4507,91486.0
TURB,2026-09-17T14:46:00Z,1.4599,1.53,1.45,1.5009,159101.0
TURB,2026-09-17T14:47:00Z,1.505,1.55,1.5,1.55,254412.0
TURB,2026-09-17T14:48:00Z,1.55,1.57,1.52,1.5692,242599.0
TURB,2026-09-17T14:49:00Z,1.57,1.58,1.55,1.55,210173.0
TURB,2026-09-17T14:50:00Z,1.5508,1.57,1.545,1.5599,124612.0
TURB,2026-09-17T14:51:00Z,1.5592,1.56,1.46,1.46,354754.0
TURB,2026-09-17T14:52:00Z,1.4608,1.475,1.45,1.4698,74648.0
TURB,2026-09-17T14:53:00Z,1.47,1.49,1.46,1.4801,38562.0
TURB,2026-09-17T14:54:00Z,1.48,1.4801,1.47,1.48,33986.0
TURB,2026-09-17T14:55:00Z,1.4801,1.52,1.48,1.505,53860.0
TURB,2026-09-17T14:56:00Z,1.509,1.54,1.5,1.535,65421.0
TURB,2026-09-17T14:57:00Z,1.535,1.54,1.48,1.49,89271.0
TURB,2026-09-17T14:58:00Z,1.4806,1.49,1.42,1.43,134984.0
TURB,2026-09-17T14:59:00Z,1.44,1.45,1.43,1.435,45293.0
TURB,2026-09-17T15:00:00Z,1.4386,1.4386,1.395,1.425,108909.0
TURB,2026-09-17T15:01:00Z,1.4292,1.43,1.42,1.4286,32034.0
TURB,2026-09-17T15:02:00Z,1.4299,1.45,1.42,1.4398,37534.0
TURB,2026-09-17T15:03:00Z,1.4393,1.44,1.43,1.4302,12307.0
TURB,2026-09-17T15:04:00Z,1.4302,1.45,1.43,1.44,21281.0
TURB,2026-09-17T15:05:00Z,1.435,1.44,1.43,1.43,15433.0
TURB,2026-09-17T15:06:00Z,1.43,1.44,1.42,1.4209,34114.0
TURB,2026-09-17T15:07:00Z,1.425,1.44,1.42,1.44,16627.0
TURB,2026-09-17T15:08:00Z,1.43,1.435,1.42,1.42,7286.0
TURB,2026-09-17T15:09:00Z,1.4292,1.43,1.42,1.43,15374.0
TURB,2026-09-17T15:10:00Z,1.4209,1.43,1.42,1.4201,12697.0
TURB,2026-09-17T15:11:00Z,1.425,1.43,1.41,1.42,25387.0
TURB,2026-09-17T15:12:00Z,1.41,1.43,1.4,1.405,41769.0
TURB,2026-09-17T15:13:00Z,1.405,1.415,1.4,1.41,52218.0
TURB,2026-09-17T15:14:00Z,1.41,1.42,1.41,1.41,10681.0
TURB,2026-09-17T15:15:00Z,1.41,1.44,1.41,1.43,44710.0
TURB,2026-09-17T15:16:00Z,1.43,1.44,1.41,1.415,48011.0
TURB,2026-09-17T15:17:00Z,1.42,1.4299,1.41,1.4208,23725.0
TURB,2026-09-17T15:18:00Z,1.4208,1.425,1.41,1.4101,22011.0
TURB,2026-09-17T15:19:00Z,1.4107,1.4199,1.4,1.41,37430.0
TURB,2026-09-17T15:20:00Z,1.415,1.425,1.41,1.425,19071.0
TURB,2026-09-17T15:21:00Z,1.425,1.44,1.42,1.4397,48771.0
TURB,2026-09-17T15:22:00Z,1.44,1.44,1.41,1.415,49996.0
TURB,2026-09-17T15:23:00Z,1.415,1.415,1.39,1.395,67577.0
TURB,2026-09-17T15:24:00Z,1.3908,1.415,1.39,1.4,25904.0
TURB,2026-09-17T15:25:00Z,1.395,1.395,1.32,1.335,237081.0
TURB,2026-09-17T15:26:00Z,1.34,1.38,1.34,1.35,120412.0
TURB,2026-09-17T15:27:00Z,1.3499,1.35,1.33,1.335,55801.0
TURB,2026-09-17T15:28:00Z,1.3306,1.34,1.32,1.3272,72000.0
TURB,2026-09-17T15:29:00Z,1.32,1.33,1.32,1.3206,36788.0
TURB,2026-09-17T15:30:00Z,1.33,1.36,1.32,1.355,59774.0
TURB,2026-09-17T15:31:00Z,1.3599,1.36,1.35,1.3592,6083.0
VEEA,2026-09-17T08:00:00Z,6.42,6.49,6.38,6.39,676.0
VEEA,2026-09-17T08:01:00Z,6.49,6.52,6.3201,6.45,1329.0
VEEA,2026-09-17T08:02:00Z,6.45,6.51,6.33,6.34,3255.0
VEEA,2026-09-17T08:03:00Z,6.38,6.38,6.38,6.38,100.0
VEEA,2026-09-17T08:04:00Z,6.38,6.38,6.36,6.36,526.0
VEEA,2026-09-17T08:05:00Z,6.36,6.36,6.36,6.36,0.0
VEEA,2026-09-17T08:06:00Z,6.405,6.405,6.35,6.35,714.0
VEEA,2026-09-17T08:07:00Z,6.4,6.4,6.3954,6.4,750.0
VEEA,2026-09-17T08:08:00Z,6.4,6.4,6.4,6.4,0.0
VEEA,2026-09-17T08:09:00Z,6.43,6.43,6.4,6.4,400.0
VEEA,2026-09-17T08:10:00Z,6.4,6.4,6.4,6.4,200.0
VEEA,2026-09-17T08:11:00Z,6.4,6.4,6.4,6.4,0.0
VEEA,2026-09-17T08:12:00Z,6.4,6.4,6.4,6.4,0.0
VEEA,2026-09-17T08:13:00Z,6.39,6.39,6.39,6.39,200.0
VEEA,2026-09-17T08:14:00Z,6.34,6.35,6.31,6.34,1135.0
VEEA,2026-09-17T08:15:00Z,6.34,6.4,6.32,6.39,1179.0
VEEA,2026-09-17T08:16:00Z,6.39,6.39,6.39,6.39,0.0
VEEA,2026-09-17T08:17:00Z,6.34,6.34,6.34,6.34,100.0
VEEA,2026-09-17T08:18:00Z,6.38,6.38,6.38,6.38,100.0
VEEA,2026-09-17T08:19:00Z,6.4,6.57,6.4,6.52,1895.0
VEEA,2026-09-17T08:20:00Z,6.54,6.54,6.5,6.5,2017.0
VEEA,2026-09-17T08:21:00Z,6.505,6.56,6.505,6.53,1436.0
VEEA,2026-09-17T08:22:00Z,6.53,6.53,6.53,6.53,0.0
VEEA,2026-09-17T08:23:00Z,6.549,6.549,6.53,6.53,720.0
VEEA,2026-09-17T08:24:00Z,6.5,6.5,6.5,6.5,126.0
VEEA,2026-09-17T08:25:00Z,6.43,6.43,6.4272,6.4272,299.0
VEEA,2026-09-17T08:26:00Z,6.41,6.41,6.41,6.41,100.0
VEEA,2026-09-17T08:27:00Z,6.4275,6.43,6.4275,6.43,763.0
VEEA,2026-09-17T08:28:00Z,6.41,6.41,6.41,6.41,276.0
VEEA,2026-09-17T08:29:00Z,6.49,6.68,6.49,6.68,2847.0
VEEA,2026-09-17T08:30:00Z,6.5374,6.58,6.5374,6.5597,610.0
VEEA,2026-09-17T08:31:00Z,6.55,6.55,6.55,6.55,100.0
VEEA,2026-09-17T08:32:00Z,6.45,6.5184,6.45,6.5184,490.0
VEEA,2026-09-17T08:33:00Z,6.52,6.52,6.52,6.52,200.0
VEEA,2026-09-17T08:34:00Z,6.53,6.58,6.53,6.58,259.0
VEEA,2026-09-17T08:35:00Z,6.5392,6.5392,6.5392,6.5392,500.0
VEEA,2026-09-17T08:36:00Z,6.5392,6.5392,6.5392,6.5392,0.0
VEEA,2026-09-17T08:37:00Z,6.5,6.5,6.5,6.5,100.0
VEEA,2026-09-17T08:38:00Z,6.55,6.55,6.53,6.54,1150.0
VEEA,2026-09-17T08:39:00Z,6.58,6.58,6.56,6.56,550.0
VEEA,2026-09-17T08:40:00Z,6.58,6.58,6.58,6.58,999.0
VEEA,2026-09-17T08:41:00Z,6.58,6.58,6.58,6.58,0.0
VEEA,2026-09-17T08:42:00Z,6.55,6.55,6.55,6.55,725.0
VEEA,2026-09-17T08:43:00Z,6.55,6.55,6.55,6.55,0.0
VEEA,2026-09-17T08:44:00Z,6.58,6.58,6.58,6.58,122.0
VEEA,2026-09-17T08:45:00Z,6.58,6.58,6.58,6.58,168.0
VEEA,2026-09-17T08:46:00Z,6.55,6.55,6.44,6.44,1072.0
VEEA,2026-09-17T08:47:00Z,6.48,6.5902,6.48,6.54,6514.0
VEEA,2026-09-17T08:48:00Z,6.56,6.75,6.56,6.75,3468.0
VEEA,2026-09-17T08:49:00Z,6.77,6.9,6.77,6.8,9200.0
VEEA,2026-09-17T08:50:00Z,6.8134,6.87,6.8103,6.87,3865.0
VEEA,2026-09-17T08:51:00Z,6.8522,6.91,6.8,6.82,5639.0
VEEA,2026-09-17T08:52:00Z,6.83,6.84,6.7,6.7494,3298.0
VEEA,2026-09-17T08:53:00Z,6.73,6.7897,6.71,6.7866,4130.0
VEEA,2026-09-17T08:54:00Z,6.79,6.79,6.7528,6.7528,4489.0
VEEA,2026-09-17T08:55:00Z,6.8,6.85,6.8,6.8053,1397.0
VEEA,2026-09-17T08:56:00Z,6.8448,6.8448,6.76,6.7803,3513.0
VEEA,2026-09-17T08:57:00Z,6.78,6.78,6.76,6.76,1169.0
VEEA,2026-09-17T08:58:00Z,6.7694,6.77,6.761,6.7694,1682.0
VEEA,2026-09-17T08:59:00Z,6.7606,6.7606,6.7605,6.7605,416.0
VEEA,2026-09-17T09:00:00Z,6.76,6.77,6.76,6.77,332.0
VEEA,2026-09-17T09:01:00Z,6.77,6.77,6.765,6.77,1228.0
VEEA,2026-09-17T09:02:00Z,6.765,6.7997,6.765,6.7997,2837.0
VEEA,2026-09-17T09:03:00Z,6.8036,6.9,6.8036,6.9,5395.0
VEEA,2026-09-17T09:04:00Z,6.89,7.0,6.88,6.99,7147.0
VEEA,2026-09-17T09:05:00Z,6.98,7.11,6.9471,7.07,16304.0
VEEA,2026-09-17T09:06:00Z,7.08,7.19,7.0,7.11,23706.0
VEEA,2026-09-17T09:07:00Z,7.1108,7.12,6.93,6.935,8764.0
VEEA,2026-09-17T09:08:00Z,6.93,6.9355,6.8,6.86,7251.0
VEEA,2026-09-17T09:09:00Z,6.8584,6.86,6.84,6.86,6099.0
VEEA,2026-09-17T09:10:00Z,6.86,6.931,6.86,6.931,4682.0
VEEA,2026-09-17T09:11:00Z,6.9,7.0374,6.9,7.0279,2692.0
VEEA,2026-09-17T09:12:00Z,7.0279,7.07,7.021,7.07,5989.0
VEEA,2026-09-17T09:13:00Z,7.05,7.06,7.0,7.04,3410.0
VEEA,2026-09-17T09:14:00Z,7.01,7.05,7.0,7.0379,1630.0
VEEA,2026-09-17T09:15:00Z,7.0,7.0,6.9509,6.9509,484.0
VEEA,2026-09-17T09:16:00Z,6.94,6.95,6.94,6.94,1461.0
VEEA,2026-09-17T09:17:00Z,6.96,7.08,6.94,7.0595,3422.0
VEEA,2026-09-17T09:18:00Z,7.05,7.0595,7.05,7.05,2282.0
VEEA,2026-09-17T09:19:00Z,7.0591,7.06,7.0504,7.0504,1851.0
VEEA,2026-09-17T09:20:00Z,7.03,7.03,6.96,7.01,3103.0
VEEA,2026-09-17T09:21:00Z,6.97,6.97,6.88,6.9197,4677.0
VEEA,2026-09-17T09:22:00Z,6.92,6.92,6.8001,6.885,3376.0
VEEA,2026-09-17T09:23:00Z,6.8937,7.0,6.8937,6.9,1523.0
VEEA,2026-09-17T09:24:00Z,6.9,6.9,6.8601,6.8601,1606.0
VEEA,2026-09-17T09:25:00Z,6.87,6.87,6.8602,6.8691,913.0
VEEA,2026-09-17T09:26:00Z,6.8691,6.8691,6.8691,6.8691,0.0
VEEA,2026-09-17T09:27:00Z,6.87,6.87,6.87,6.87,1000.0
VEEA,2026-09-17T09:28:00Z,6.865,6.865,6.86,6.8604,700.0
VEEA,2026-09-17T09:29:00Z,6.8604,6.8604,6.8604,6.8604,0.0
VEEA,2026-09-17T09:30:00Z,6.86,6.8609,6.86,6.8609,513.0
VEEA,2026-09-17T09:31:00Z,6.87,6.87,6.865,6.87,3344.0
VEEA,2026-09-17T09:32:00Z,6.87,6.87,6.87,6.87,0.0
VEEA,2026-09-17T09:33:00Z,6.9623,6.9623,6.9,6.9,295.0
VEEA,2026-09-17T09:34:00Z,6.92,6.92,6.91,6.91,300.0
VEEA,2026-09-17T09:35:00Z,6.9,6.91,6.8863,6.91,300.0
VEEA,2026-09-17T09:36:00Z,6.88,6.88,6.86,6.8705,3778.0
VEEA,2026-09-17T09:37:00Z,6.8705,6.8705,6.8705,6.8705,0.0
VEEA,2026-09-17T09:38:00Z,6.865,6.87,6.86,6.87,1303.0
VEEA,2026-09-17T09:39:00Z,6.8494,6.8494,6.8404,6.8404,240.0
VEEA,2026-09-17T09:40:00Z,6.84,7.0,6.82,6.88,4684.0
VEEA,2026-09-17T09:41:00Z,6.88,6.96,6.88,6.96,417.0
VEEA,2026-09-17T09:42:00Z,6.96,6.96,6.96,6.96,0.0
VEEA,2026-09-17T09:43:00Z,6.9528,6.9528,6.9528,6.9528,398.0
VEEA,2026-09-17T09:44:00Z,6.88,6.88,6.86,6.86,471.0
VEEA,2026-09-17T09:45:00Z,6.8805,6.8805,6.8805,6.8805,154.0
VEEA,2026-09-17T09:46:00Z,6.8897,6.9,6.8897,6.9,1383.0
VEEA,2026-09-17T09:47:00Z,6.898,6.898,6.88,6.88,510.0
VEEA,2026-09-17T09:48:00Z,6.8819,6.8819,6.8819,6.8819,100.0
VEEA,2026-09-17T09:49:00Z,6.8979,6.8979,6.8978,6.8978,272.0
VEEA,2026-09-17T09:50:00Z,6.8906,6.8906,6.8906,6.8906,176.0
VEEA,2026-09-17T09:51:00Z,6.89,6.89,6.89,6.89,159.0
VEEA,2026-09-17T09:52:00Z,6.89,6.89,6.89,6.89,230.0
VEEA,2026-09-17T09:53:00Z,6.89,6.89,6.89,6.89,0.0
VEEA,2026-09-17T09:54:00Z,6.89,6.89,6.89,6.89,0.0
VEEA,2026-09-17T09:55:00Z,6.89,6.89,6.89,6.89,137.0
VEEA,2026-09-17T09:56:00Z,6.89,7.1,6.89,6.92,3708.0
VEEA,2026-09-17T09:57:00Z,6.94,6.94,6.93,6.93,346.0
VEEA,2026-09-17T09:58:00Z,6.899,6.899,6.8701,6.8792,712.0
VEEA,2026-09-17T09:59:00Z,6.86,6.8684,6.81,6.81,2385.0
VEEA,2026-09-17T10:00:00Z,6.8077,6.8697,6.8077,6.8697,765.0
VEEA,2026-09-17T10:01:00Z,6.8095,6.8095,6.8095,6.8095,144.0
VEEA,2026-09-17T10:02:00Z,6.74,6.7797,6.62,6.62,6907.0
VEEA,2026-09-17T10:03:00Z,6.63,6.63,6.6,6.6005,1731.0
VEEA,2026-09-17T10:04:00Z,6.6,6.61,6.3323,6.3323,25164.0
VEEA,2026-09-17T10:05:00Z,6.37,6.4907,6.37,6.48,2599.0
VEEA,2026-09-17T10:06:00Z,6.47,6.47,6.4,6.4116,5507.0
VEEA,2026-09-17T10:07:00Z,6.48,6.48,6.4564,6.4564,700.0
VEEA,2026-09-17T10:08:00Z,6.4324,6.48,6.4318,6.48,1028.0
VEEA,2026-09-17T10:09:00Z,6.49,6.5,6.475,6.5,1766.0
VEEA,2026-09-17T10:10:00Z,6.5,6.5794,6.5,6.5725,891.0
VEEA,2026-09-17T10:11:00Z,6.5722,6.65,6.55,6.65,4772.0
VEEA,2026-09-17T10:12:00Z,6.65,6.65,6.65,6.65,0.0
VEEA,2026-09-17T10:13:00Z,6.68,6.6964,6.6704,6.675,2056.0
VEEA,2026-09-17T10:14:00Z,6.675,6.78,6.671,6.7,3239.0
VEEA,2026-09-17T10:15:00Z,6.67,6.67,6.6594,6.6594,800.0
VEEA,2026-09-17T10:16:00Z,6.61,6.61,6.58,6.58,2769.0
VEEA,2026-09-17T10:17:00Z,6.5807,6.59,6.5807,6.59,1802.0
VEEA,2026-09-17T10:18:00Z,6.6046,6.64,6.6046,6.64,446.0
VEEA,2026-09-17T10:19:00Z,6.6128,6.64,6.6101,6.6101,2502.0
VEEA,2026-09-17T10:20:00Z,6.6101,6.6101,6.6101,6.6101,0.0
VEEA,2026-09-17T10:21:00Z,6.61,6.61,6.59,6.59,263.0
VEEA,2026-09-17T10:22:00Z,6.59,6.59,6.59,6.59,0.0
VEEA,2026-09-17T10:23:00Z,6.59,6.6093,6.58,6.6079,1096.0
VEEA,2026-09-17T10:24:00Z,6.58,6.58,6.58,6.58,1198.0
VEEA,2026-09-17T10:25:00Z,6.5806,6.5806,6.5806,6.5806,201.0
VEEA,2026-09-17T10:26:00Z,6.5834,6.5834,6.581,6.581,234.0
VEEA,2026-09-17T10:27:00Z,6.5893,6.6,6.58,6.6,982.0
VEEA,2026-09-17T10:28:00Z,6.6,6.6,6.53,6.53,2971.0
VEEA,2026-09-17T10:29:00Z,6.55,6.55,6.53,6.55,609.0
VEEA,2026-09-17T10:30:00Z,6.5199,6.5199,6.5199,6.5199,100.0
VEEA,2026-09-17T10:31:00Z,6.5051,6.51,6.5,6.5,1200.0
VEEA,2026-09-17T10:32:00Z,6.48,6.48,6.4529,6.4529,235.0
VEEA,2026-09-17T10:33:00Z,6.4529,6.4529,6.4529,6.4529,0.0
VEEA,2026-09-17T10:34:00Z,6.45,6.45,6.45,6.45,500.0
VEEA,2026-09-17T10:35:00Z,6.475,6.475,6.4501,6.4501,200.0
VEEA,2026-09-17T10:36:00Z,6.46,6.46,6.46,6.46,100.0
VEEA,2026-09-17T10:37:00Z,6.47,6.5405,6.44,6.5405,1746.0
VEEA,2026-09-17T10:38:00Z,6.5442,6.5442,6.44,6.5021,1459.0
VEEA,2026-09-17T10:39:00Z,6.5095,6.5095,6.43,6.43,2467.0
VEEA,2026-09-17T10:40:00Z,6.4929,6.4929,6.4929,6.4929,100.0
VEEA,2026-09-17T10:41:00Z,6.43,6.43,6.43,6.43,100.0
VEEA,2026-09-17T10:42:00Z,6.43,6.43,6.43,6.43,0.0
VEEA,2026-09-17T10:43:00Z,6.4497,6.4497,6.4,6.4,2352.0
VEEA,2026-09-17T10:44:00Z,6.34,6.38,6.32,6.3309,2661.0
VEEA,2026-09-17T10:45:00Z,6.42,6.43,6.42,6.43,334.0
VEEA,2026-09-17T10:46:00Z,6.4594,6.4594,6.36,6.4398,810.0
VEEA,2026-09-17T10:47:00Z,6.4346,6.65,6.42,6.65,3212.0
VEEA,2026-09-17T10:48:00Z,6.65,6.65,6.61,6.63,500.0
VEEA,2026-09-17T10:49:00Z,6.63,6.63,6.63,6.63,0.0
VEEA,2026-09-17T10:50:00Z,6.636,6.636,6.636,6.636,100.0
VEEA,2026-09-17T10:51:00Z,6.61,6.65,6.57,6.65,1687.0
VEEA,2026-09-17T10:52:00Z,6.6954,6.6954,6.65,6.65,1900.0
VEEA,2026-09-17T10:53:00Z,6.6509,6.6509,6.65,6.65,212.0
VEEA,2026-09-17T10:54:00Z,6.65,6.78,6.65,6.75,8008.0
VEEA,2026-09-17T10:55:00Z,6.7143,6.73,6.7,6.7004,3348.0
VEEA,2026-09-17T10:56:00Z,6.7004,6.7004,6.7004,6.7004,0.0
VEEA,2026-09-17T10:57:00Z,6.75,6.78,6.74,6.745,1103.0
VEEA,2026-09-17T10:58:00Z,6.7929,6.83,6.7929,6.83,1139.0
VEEA,2026-09-17T10:59:00Z,6.83,6.84,6.8,6.84,2255.0
VEEA,2026-09-17T11:00:00Z,6.835,6.835,6.65,6.65,14655.0
VEEA,2026-09-17T11:01:00Z,6.65,6.8,6.63,6.8,6995.0
VEEA,2026-09-17T11:02:00Z,6.84,6.95,6.84,6.88,14524.0
VEEA,2026-09-17T11:03:00Z,6.85,6.88,6.7754,6.84,3491.0
VEEA,2026-09-17T11:04:00Z,6.84,6.85,6.8083,6.84,3139.0
VEEA,2026-09-17T11:05:00Z,6.84,6.84,6.786,6.7915,6677.0
VEEA,2026-09-17T11:06:00Z,6.73,6.73,6.7,6.7089,1660.0
VEEA,2026-09-17T11:07:00Z,6.7,6.84,6.6903,6.827,5058.0
VEEA,2026-09-17T11:08:00Z,6.83,6.83,6.83,6.83,196.0
VEEA,2026-09-17T11:09:00Z,6.82,6.9,6.79,6.9,6803.0
VEEA,2026-09-17T11:10:00Z,6.8944,6.9499,6.86,6.9499,5658.0
VEEA,2026-09-17T11:11:00Z,6.95,7.0,6.9159,6.9828,17313.0
VEEA,2026-09-17T11:12:00Z,6.955,6.99,6.83,6.99,16420.0
VEEA,2026-09-17T11:13:00Z,6.9464,7.0,6.9359,7.0,7087.0
VEEA,2026-09-17T11:14:00Z,6.9744,6.9744,6.87,6.94,3125.0
VEEA,2026-09-17T11:15:00Z,6.9001,6.9001,6.79,6.8,5956.0
VEEA,2026-09-17T11:16:00Z,6.8501,6.87,6.8162,6.87,4675.0
VEEA,2026-09-17T11:17:00Z,6.92,7.1,6.92,7.01,43827.0
VEEA,2026-09-17T11:18:00Z,7.0267,7.0925,7.0,7.0045,23392.0
VEEA,2026-09-17T11:19:00Z,7.0272,7.06,7.0,7.05,18085.0
VEEA,2026-09-17T11:20:00Z,7.05,7.05,7.0001,7.0269,7704.0
VEEA,2026-09-17T11:21:00Z,7.0042,7.03,6.88,6.89,11388.0
VEEA,2026-09-17T11:22:00Z,6.9091,7.0,6.88,7.0,5060.0
VEEA,2026-09-17T11:23:00Z,7.01,7.03,6.974,6.98,3453.0
VEEA,2026-09-17T11:24:00Z,6.98,6.98,6.92,6.9466,4614.0
VEEA,2026-09-17T11:25:00Z,6.93,7.05,6.881,7.02,11342.0
VEEA,2026-09-17T11:26:00Z,7.0496,7.4,6.98,7.39,65119.0
VEEA,2026-09-17T11:27:00Z,7.43,7.89,7.3,7.5996,209133.0
VEEA,2026-09-17T11:28:00Z,7.59,7.612,6.4728,6.62,200316.0
VEEA,2026-09-17T11:29:00Z,6.63,6.7,6.43,6.56,69571.0
VEEA,2026-09-17T11:30:00Z,6.5616,6.65,6.5597,6.65,17368.0
VEEA,2026-09-17T11:31:00Z,6.6279,6.76,6.6279,6.7039,11124.0
VEEA,2026-09-17T11:32:00Z,6.73,6.73,6.61,6.67,11390.0
VEEA,2026-09-17T11:33:00Z,6.66,6.71,6.66,6.6648,9047.0
VEEA,2026-09-17T11:34:00Z,6.681,6.8592,6.681,6.85,16899.0
VEEA,2026-09-17T11:35:00Z,6.762,6.93,6.76,6.85,53367.0
VEEA,2026-09-17T11:36:00Z,6.865,6.98,6.865,6.9348,21242.0
VEEA,2026-09-17T11:37:00Z,6.92,7.34,6.91,7.24,73728.0
VEEA,2026-09-17T11:38:00Z,7.1964,7.24,7.0,7.13,31246.0
VEEA,2026-09-17T11:39:00Z,7.13,7.15,7.1,7.1018,13257.0
VEEA,2026-09-17T11:40:00Z,7.1169,7.14,7.0,7.0106,9804.0
VEEA,2026-09-17T11:41:00Z,7.01,7.06,6.88,7.0,16240.0
VEEA,2026-09-17T11:42:00Z,6.97,7.15,6.97,7.1177,27931.0
VEEA,2026-09-17T11:43:00Z,7.1,7.44,7.08,7.44,40560.0
VEEA,2026-09-17T11:44:00Z,7.46,7.49,7.3,7.42,41602.0
VEEA,2026-09-17T11:45:00Z,7.4225,7.5893,7.4,7.5469,65348.0
VEEA,2026-09-17T11:46:00Z,7.52,7.65,7.41,7.5,76208.0
VEEA,2026-09-17T11:47:00Z,7.51,7.77,7.5,7.6,56976.0
VEEA,2026-09-17T11:48:00Z,7.59,7.8,7.5,7.58,72806.0
VEEA,2026-09-17T11:49:00Z,7.57,7.6,7.4565,7.5,36602.0
VEEA,2026-09-17T11:50:00Z,7.5093,7.75,7.5093,7.6188,52158.0
VEEA,2026-09-17T11:51:00Z,7.628,7.88,7.628,7.82,66453.0
VEEA,2026-09-17T11:52:00Z,7.836,7.98,7.79,7.98,103454.0
VEEA,2026-09-17T11:53:00Z,7.9782,8.01,7.6,7.7119,166400.0
VEEA,2026-09-17T11:54:00Z,7.68,7.72,7.3,7.47,128083.0
VEEA,2026-09-17T11:55:00Z,7.45,7.5,7.34,7.48,56453.0
VEEA,2026-09-17T11:56:00Z,7.4899,7.63,7.38,7.5994,46303.0
VEEA,2026-09-17T11:57:00Z,7.59,7.7,7.5,7.51,48791.0
VEEA,2026-09-17T11:58:00Z,7.55,7.67,7.5229,7.64,27431.0
VEEA,2026-09-17T11:59:00Z,7.64,7.784,7.63,7.7385,24662.0
VEEA,2026-09-17T12:00:00Z,7.74,7.93,7.74,7.9285,46253.0
VEEA,2026-09-17T12:01:00Z,7.93,7.93,7.75,7.75,45757.0
VEEA,2026-09-17T12:02:00Z,7.7754,8.12,7.66,7.91,133169.0
VEEA,2026-09-17T12:03:00Z,7.93,7.96,7.8,7.8,43756.0
VEEA,2026-09-17T12:04:00Z,7.828,7.9,7.7,7.8184,43179.0
VEEA,2026-09-17T12:05:00Z,7.8,8.2,7.71,8.18,119983.0
VEEA,2026-09-17T12:06:00Z,8.1705,8.61,8.1,8.47,247669.0
VEEA,2026-09-17T12:07:00Z,8.49,8.58,8.13,8.1879,158640.0
VEEA,2026-09-17T12:08:00Z,8.19,8.22,7.9,8.03,112404.0
VEEA,2026-09-17T12:09:00Z,8.0375,8.3174,7.98,8.3174,88644.0
VEEA,2026-09-17T12:10:00Z,8.27,8.27,8.05,8.1456,49670.0
VEEA,2026-09-17T12:11:00Z,8.1232,8.19,8.1,8.1003,22362.0
VEEA,2026-09-17T12:12:00Z,8.1002,8.11,7.91,7.91,81986.0
VEEA,2026-09-17T12:13:00Z,7.91,7.9855,7.73,7.8749,68951.0
VEEA,2026-09-17T12:14:00Z,7.85,8.0,7.85,7.96,38733.0
VEEA,2026-09-17T12:15:00Z,7.966,7.97,7.9,7.9,31832.0
VEEA,2026-09-17T12:16:00Z,7.91,8.1118,7.88,8.024,43423.0
VEEA,2026-09-17T12:17:00Z,8.02,8.05,7.98,7.99,26089.0
VEEA,2026-09-17T12:18:00Z,7.98,7.98,7.8,7.88,37413.0
VEEA,2026-09-17T12:19:00Z,7.98,7.99,7.8805,7.9124,22936.0
VEEA,2026-09-17T12:20:00Z,7.91,7.98,7.8663,7.97,27810.0
VEEA,2026-09-17T12:21:00Z,7.935,7.97,7.9,7.9001,10219.0
VEEA,2026-09-17T12:22:00Z,7.9009,7.9165,7.75,7.9,33880.0
VEEA,2026-09-17T12:23:00Z,7.8,7.88,7.76,7.8019,8433.0
VEEA,2026-09-17T12:24:00Z,7.81,7.81,7.7,7.7,23164.0
VEEA,2026-09-17T12:25:00Z,7.705,7.788,7.59,7.788,44792.0
VEEA,2026-09-17T12:26:00Z,7.74,7.76,7.67,7.6793,18159.0
VEEA,2026-09-17T12:27:00Z,7.66,7.68,7.6,7.6001,16311.0
VEEA,2026-09-17T12:28:00Z,7.62,7.68,7.56,7.62,21584.0
VEEA,2026-09-17T12:29:00Z,7.67,7.7761,7.63,7.7301,25901.0
VEEA,2026-09-17T12:30:00Z,7.732,7.74,7.72,7.725,7441.0
VEEA,2026-09-17T12:31:00Z,7.7201,7.79,7.72,7.7398,10685.0
VEEA,2026-09-17T12:32:00Z,7.73,7.74,7.7,7.7015,6444.0
VEEA,2026-09-17T12:33:00Z,7.7006,7.7243,7.7,7.7,5634.0
VEEA,2026-09-17T12:34:00Z,7.7,7.7,7.6,7.6018,15971.0
VEEA,2026-09-17T12:35:00Z,7.6,7.6165,7.25,7.34,42430.0
VEEA,2026-09-17T12:36:00Z,7.38,7.38,7.07,7.25,42312.0
VEEA,2026-09-17T12:37:00Z,7.29,7.38,7.22,7.22,17295.0
VEEA,2026-09-17T12:38:00Z,7.2427,7.25,7.18,7.23,19429.0
VEEA,2026-09-17T12:39:00Z,7.22,7.32,7.22,7.2907,14912.0
VEEA,2026-09-17T12:40:00Z,7.29,7.53,7.29,7.5,16961.0
VEEA,2026-09-17T12:41:00Z,7.44,7.5121,7.44,7.5121,14232.0
VEEA,2026-09-17T12:42:00Z,7.51,7.51,7.49,7.4915,7560.0
VEEA,2026-09-17T12:43:00Z,7.4992,7.5,7.4,7.49,8189.0
VEEA,2026-09-17T12:44:00Z,7.4993,7.4993,7.4,7.4,10691.0
VEEA,2026-09-17T12:45:00Z,7.4,7.45,7.4,7.4,4225.0
VEEA,2026-09-17T12:46:00Z,7.41,7.42,7.3,7.34,20895.0
VEEA,2026-09-17T12:47:00Z,7.34,7.41,7.31,7.39,12583.0
VEEA,2026-09-17T12:48:00Z,7.39,7.4,7.37,7.37,5122.0
VEEA,2026-09-17T12:49:00Z,7.38,7.59,7.37,7.59,21076.0
VEEA,2026-09-17T12:50:00Z,7.6,7.65,7.55,7.61,21172.0
VEEA,2026-09-17T12:51:00Z,7.6,7.61,7.53,7.53,16111.0
VEEA,2026-09-17T12:52:00Z,7.56,7.7,7.54,7.7,11282.0
VEEA,2026-09-17T12:53:00Z,7.57,7.855,7.57,7.8,45859.0
VEEA,2026-09-17T12:54:00Z,7.78,7.94,7.77,7.9203,39318.0
VEEA,2026-09-17T12:55:00Z,7.9292,7.9292,7.9,7.902,19533.0
VEEA,2026-09-17T12:56:00Z,7.91,7.91,7.8,7.8045,19231.0
VEEA,2026-09-17T12:57:00Z,7.8062,7.8327,7.8,7.8006,19568.0
VEEA,2026-09-17T12:58:00Z,7.8,7.84,7.8,7.82,12542.0
VEEA,2026-09-17T12:59:00Z,7.8,7.81,7.8,7.802,7660.0
VEEA,2026-09-17T13:00:00Z,7.8,7.84,7.7175,7.82,17328.0
VEEA,2026-09-17T13:01:00Z,7.8107,7.89,7.81,7.8571,6838.0
VEEA,2026-09-17T13:02:00Z,7.8571,7.91,7.85,7.855,14167.0
VEEA,2026-09-17T13:03:00Z,7.8737,7.88,7.62,7.66,18134.0
VEEA,2026-09-17T13:04:00Z,7.66,7.76,7.66,7.66,3864.0
VEEA,2026-09-17T13:05:00Z,7.6929,7.6938,7.66,7.686,8742.0
VEEA,2026-09-17T13:06:00Z,7.66,7.8,7.66,7.75,3450.0
VEEA,2026-09-17T13:07:00Z,7.75,7.75,7.67,7.68,2872.0
VEEA,2026-09-17T13:08:00Z,7.68,7.6954,7.67,7.678,7875.0
VEEA,2026-09-17T13:09:00Z,7.67,7.7,7.67,7.68,1628.0
VEEA,2026-09-17T13:10:00Z,7.68,7.68,7.65,7.65,4928.0
VEEA,2026-09-17T13:11:00Z,7.62,7.65,7.59,7.63,18964.0
VEEA,2026-09-17T13:12:00Z,7.63,7.63,7.59,7.598,5416.0
VEEA,2026-09-17T13:13:00Z,7.592,7.6,7.54,7.54,8385.0
VEEA,2026-09-17T13:14:00Z,7.54,7.5892,7.54,7.57,2199.0
VEEA,2026-09-17T13:15:00Z,7.5648,7.6845,7.5432,7.6845,2182.0
VEEA,2026-09-17T13:16:00Z,7.68,7.71,7.6,7.71,8065.0
VEEA,2026-09-17T13:17:00Z,7.71,7.71,7.66,7.69,1668.0
VEEA,2026-09-17T13:18:00Z,7.69,7.6938,7.66,7.69,16624.0
VEEA,2026-09-17T13:19:00Z,7.68,7.75,7.66,7.6919,4724.0
VEEA,2026-09-17T13:20:00Z,7.69,7.7,7.65,7.66,6134.0
VEEA,2026-09-17T13:21:00Z,7.6511,7.66,7.62,7.6205,15284.0
VEEA,2026-09-17T13:22:00Z,7.6205,7.6205,7.602,7.6144,2583.0
VEEA,2026-09-17T13:23:00Z,7.6,7.66,7.6,7.6295,14078.0
VEEA,2026-09-17T13:24:00Z,7.6101,7.7838,7.6101,7.74,10720.0
VEEA,2026-09-17T13:25:00Z,7.74,7.7497,7.65,7.69,10397.0
VEEA,2026-09-17T13:26:00Z,7.7,7.71,7.67,7.67,11879.0
VEEA,2026-09-17T13:27:00Z,7.68,7.73,7.67,7.67,6469.0
VEEA,2026-09-17T13:28:00Z,7.69,7.85,7.68,7.8,21545.0
VEEA,2026-09-17T13:29:00Z,7.76,8.09,7.76,7.91,52463.0
VEEA,2026-09-17T13:30:00Z,7.85,8.16,7.83,8.035,207889.0
VEEA,2026-09-17T13:31:00Z,8.035,8.24,7.75,7.955,144742.0
VEEA,2026-09-17T13:32:00Z,8.0,8.0,7.8,7.8999,79265.0
VEEA,2026-09-17T13:33:00Z,7.9,7.9,7.67,7.77,78486.0
VEEA,2026-09-17T13:34:00Z,7.7593,8.1,7.7593,8.035,118649.0
VEEA,2026-09-17T13:35:00Z,8.05,8.089,7.8809,7.985,90857.0
VEEA,2026-09-17T13:36:00Z,8.0,8.5778,7.9401,8.38,356858.0
VEEA,2026-09-17T13:37:00Z,8.364,8.88,8.1,8.2201,598072.0
VEEA,2026-09-17T13:38:00Z,8.2578,8.79,8.2286,8.735,305755.0
VEEA,2026-09-17T13:39:00Z,8.73,8.78,7.92,7.965,453972.0
VEEA,2026-09-17T13:40:00Z,7.97,8.0,7.58,7.58,167571.0
VEEA,2026-09-17T13:41:00Z,7.58,7.58,7.58,7.58,0.0
VEEA,2026-09-17T13:42:00Z,7.58,7.58,7.58,7.58,0.0
VEEA,2026-09-17T13:43:00Z,7.58,7.58,7.58,7.58,0.0
VEEA,2026-09-17T13:44:00Z,7.58,7.58,7.58,7.58,0.0
VEEA,2026-09-17T13:45:00Z,7.58,7.58,7.58,7.58,0.0
VEEA,2026-09-17T13:46:00Z,7.58,7.58,7.58,7.58,0.0
VEEA,2026-09-17T13:47:00Z,7.58,7.58,7.58,7.58,0.0
VEEA,2026-09-17T13:48:00Z,7.58,7.58,7.58,7.58,0.0
VEEA,2026-09-17T13:49:00Z,7.58,7.58,7.58,7.58,0.0
VEEA,2026-09-17T13:50:00Z,7.58,7.58,6.18,6.19,325781.0
VEEA,2026-09-17T13:51:00Z,6.41,6.695,6.18,6.51,176412.0
VEEA,2026-09-17T13:52:00Z,6.4901,6.79,6.43,6.7625,116110.0
VEEA,2026-09-17T13:53:00Z,6.745,6.82,6.48,6.59,165475.0
VEEA,2026-09-17T13:54:00Z,6.56,6.63,6.47,6.48,71918.0
VEEA,2026-09-17T13:55:00Z,6.5,6.59,6.45,6.56,36566.0
VEEA,2026-09-17T13:56:00Z,6.535,6.62,6.5,6.55,44954.0
VEEA,2026-09-17T13:57:00Z,6.54,6.64,6.5101,6.59,41145.0
VEEA,2026-09-17T13:58:00Z,6.6,6.62,6.5,6.515,43053.0
VEEA,2026-09-17T13:59:00Z,6.5,6.5699,6.49,6.525,34077.0
VEEA,2026-09-17T14:00:00Z,6.52,6.57,6.5,6.515,20115.0
VEEA,2026-09-17T14:01:00Z,6.515,6.56,6.495,6.5,15527.0
VEEA,2026-09-17T14:02:00Z,6.5001,6.75,6.5001,6.6602,43419.0
VEEA,2026-09-17T14:03:00Z,6.69,6.79,6.69,6.755,57600.0
VEEA,2026-09-17T14:04:00Z,6.755,6.78,6.69,6.711,32543.0
VEEA,2026-09-17T14:05:00Z,6.74,6.82,6.63,6.6301,48862.0
VEEA,2026-09-17T14:06:00Z,6.63,6.7438,6.6,6.605,11893.0
VEEA,2026-09-17T14:07:00Z,6.6,6.61,6.6,6.6008,13618.0
VEEA,2026-09-17T14:08:00Z,6.605,6.675,6.52,6.66,25897.0
VEEA,2026-09-17T14:09:00Z,6.6315,6.7586,6.59,6.71,18477.0
VEEA,2026-09-17T14:10:00Z,6.7499,6.99,6.74,6.86,78935.0
VEEA,2026-09-17T14:11:00Z,6.86,6.8999,6.65,6.7606,43347.0
VEEA,2026-09-17T14:12:00Z,6.78,6.85,6.764,6.8006,14923.0
VEEA,2026-09-17T14:13:00Z,6.825,6.825,6.735,6.735,25120.0
VEEA,2026-09-17T14:14:00Z,6.73,6.8193,6.7,6.7799,8985.0
VEEA,2026-09-17T14:15:00Z,6.78,6.78,6.58,6.6175,34600.0
VEEA,2026-09-17T14:16:00Z,6.64,6.68,6.6,6.62,7714.0
VEEA,2026-09-17T14:17:00Z,6.68,6.7399,6.64,6.67,6817.0
VEEA,2026-09-17T14:18:00Z,6.64,6.64,6.59,6.61,22370.0
VEEA,2026-09-17T14:19:00Z,6.6004,6.6299,6.42,6.5334,53806.0
VEEA,2026-09-17T14:20:00Z,6.45,6.52,6.3,6.39,54559.0
VEEA,2026-09-17T14:21:00Z,6.39,6.41,6.08,6.08,93779.0
VEEA,2026-09-17T14:22:00Z,6.15,6.23,5.9,5.93,118544.0
VEEA,2026-09-17T14:23:00Z,5.98,6.0,5.87,5.9222,78747.0
VEEA,2026-09-17T14:24:00Z,5.94,6.25,5.9001,6.16,70557.0
VEEA,2026-09-17T14:25:00Z,6.17,6.19,6.1,6.1673,7330.0
VEEA,2026-09-17T14:26:00Z,6.16,6.25,6.1501,6.2,14891.0
VEEA,2026-09-17T14:27:00Z,6.2,6.22,6.16,6.22,6982.0
VEEA,2026-09-17T14:28:00Z,6.2001,6.23,6.1612,6.1612,6846.0
VEEA,2026-09-17T14:29:00Z,6.1892,6.1898,6.13,6.1314,8933.0
VEEA,2026-09-17T14:30:00Z,6.155,6.19,6.13,6.1301,7594.0
VEEA,2026-09-17T14:31:00Z,6.13,6.22,6.1,6.217,17767.0
VEEA,2026-09-17T14:32:00Z,6.1314,6.23,6.12,6.15,21821.0
VEEA,2026-09-17T14:33:00Z,6.145,6.15,6.08,6.09,13264.0
VEEA,2026-09-17T14:34:00Z,6.0701,6.76,6.07,6.45,158053.0
VEEA,2026-09-17T14:35:00Z,6.425,6.45,6.32,6.3239,24271.0
VEEA,2026-09-17T14:36:00Z,6.3492,6.3499,6.3,6.305,12558.0
VEEA,2026-09-17T14:37:00Z,6.305,6.39,6.305,6.3505,9931.0
VEEA,2026-09-17T14:38:00Z,6.3501,6.4,6.28,6.31,9123.0
VEEA,2026-09-17T14:39:00Z,6.31,6.345,6.26,6.2991,4434.0
VEEA,2026-09-17T14:40:00Z,6.3,6.32,6.2,6.21,17289.0
VEEA,2026-09-17T14:41:00Z,6.22,6.2453,6.15,6.15,18301.0
VEEA,2026-09-17T14:42:00Z,6.12,6.19,6.1101,6.15,7708.0
VEEA,2026-09-17T14:43:00Z,6.145,6.17,6.145,6.16,7580.0
VEEA,2026-09-17T14:44:00Z,6.15,6.21,6.13,6.18,5247.0
VEEA,2026-09-17T14:45:00Z,6.18,6.18,6.12,6.1209,4676.0
VEEA,2026-09-17T14:46:00Z,6.1499,6.21,6.1499,6.1901,7170.0
VEEA,2026-09-17T14:47:00Z,6.19,6.26,6.19,6.22,6574.0
VEEA,2026-09-17T14:48:00Z,6.22,6.22,6.15,6.16,5038.0
VEEA,2026-09-17T14:49:00Z,6.21,6.21,6.11,6.1153,7937.0
VEEA,2026-09-17T14:50:00Z,6.145,6.1502,6.13,6.15,2639.0
VEEA,2026-09-17T14:51:00Z,6.15,6.15,6.1101,6.1399,4578.0
VEEA,2026-09-17T14:52:00Z,6.122,6.16,6.122,6.16,6674.0
VEEA,2026-09-17T14:53:00Z,6.16,6.16,6.14,6.1575,2161.0
VEEA,2026-09-17T14:54:00Z,6.142,6.18,6.142,6.18,6998.0
VEEA,2026-09-17T14:55:00Z,6.18,6.2,5.9,5.9,60437.0
VEEA,2026-09-17T14:56:00Z,5.9,5.9584,5.82,5.84,35394.0
VEEA,2026-09-17T14:57:00Z,5.845,5.8499,5.75,5.81,25107.0
VEEA,2026-09-17T14:58:00Z,5.8,5.82,5.76,5.775,23663.0
VEEA,2026-09-17T14:59:00Z,5.78,5.7866,5.755,5.755,8679.0
VEEA,2026-09-17T15:00:00Z,5.7514,5.76,5.7,5.74,28826.0
VEEA,2026-09-17T15:01:00Z,5.76,5.81,5.73,5.7799,10439.0
VEEA,2026-09-17T15:02:00Z,5.7599,5.7599,5.7,5.75,19346.0
VEEA,2026-09-17T15:03:00Z,5.7001,5.72,5.6801,5.69,18929.0
VEEA,2026-09-17T15:04:00Z,5.71,5.79,5.6994,5.79,15518.0
VEEA,2026-09-17T15:05:00Z,5.795,5.89,5.795,5.85,16358.0
VEEA,2026-09-17T15:06:00Z,5.8175,5.845,5.7648,5.8372,31014.0
VEEA,2026-09-17T15:07:00Z,5.8372,5.84,5.79,5.82,9429.0
VEEA,2026-09-17T15:08:00Z,5.8399,5.85,5.82,5.84,5779.0
VEEA,2026-09-17T15:09:00Z,5.8221,5.84,5.76,5.76,2867.0
VEEA,2026-09-17T15:10:00Z,5.7721,5.79,5.7721,5.78,6599.0
VEEA,2026-09-17T15:11:00Z,5.7648,5.7953,5.7614,5.7614,4511.0
VEEA,2026-09-17T15:12:00Z,5.7609,5.85,5.7609,5.81,6323.0
VEEA,2026-09-17T15:13:00Z,5.7801,5.8399,5.7801,5.8399,1326.0
VEEA,2026-09-17T15:14:00Z,5.825,5.88,5.825,5.855,7111.0
VEEA,2026-09-17T15:15:00Z,5.85,5.94,5.84,5.84,6166.0
VEEA,2026-09-17T15:16:00Z,5.853,5.9285,5.85,5.9,3322.0
VEEA,2026-09-17T15:17:00Z,5.8801,6.05,5.8801,6.02,13307.0
VEEA,2026-09-17T15:18:00Z,6.05,6.05,5.98,6.0388,12372.0
VEEA,2026-09-17T15:19:00Z,6.0388,6.1,6.0,6.05,19476.0
VEEA,2026-09-17T15:20:00Z,6.0,6.06,5.96,5.99,9747.0
VEEA,2026-09-17T15:21:00Z,5.99,5.99,5.9501,5.98,2371.0
VEEA,2026-09-17T15:22:00Z,5.98,6.01,5.95,5.95,2772.0
VEEA,2026-09-17T15:23:00Z,5.935,5.96,5.9,5.96,8884.0
VEEA,2026-09-17T15:24:00Z,5.96,5.98,5.9269,5.98,2837.0
VEEA,2026-09-17T15:25:00Z,5.98,5.99,5.955,5.955,768.0
VEEA,2026-09-17T15:26:00Z,5.955,5.955,5.85,5.8628,4033.0
VEEA,2026-09-17T15:27:00Z,5.86,5.95,5.86,5.945,3048.0
VEEA,2026-09-17T15:28:00Z,5.98,5.9895,5.915,5.9829,2659.0
VEEA,2026-09-17T15:29:00Z,5.933,5.933,5.93,5.93,3199.0
VEEA,2026-09-17T15:30:00Z,5.93,6.15,5.8926,6.025,23149.0
VEEA,2026-09-17T15:31:00Z,6.16,6.17,6.0275,6.0275,5800.0
