decision_id,ts_et,session,symbol,source,session_id,source_name,data_status,bar_resolution,last,bid,ask,session_high,volume,rvol,change_pct,float_shares,float_quality,float_source,catalyst,halted,verdict,killed_by,plan_allowed,gates_json,warnings_json,inputs_json,trigger,stop,target,risk_share,reward_multiple,pullback_candles,volume_ok,outcome,refusal_reasons_json,acted_at,recorded_at,rules_hash,code_commit,bar_end_ts,clocks_json,chart_json,ref_price,mfe_r_planned,mae_r_planned,stop_hit,target_hit,first_hit,trigger_hit,trigger_hit_ts,h30,l30,c_close
285dd91605c4edc9,2026-09-17T04:16:00-04:00,none,DTSS,pullback,ibkr-DAIC-AEHL-VEEA,IBKR · TWS read-only · live,live-backfill,1m,0.7277,,,0.9365,1232867.0,5.540164798363206,23.088633288227346,8210000.000000001,verified,finviz via premarket_stars.py,0,0,REJECT,price,0,"[{""id"": ""price"", ""kills"": true, ""reason"": ""$0.73 is outside $2.00\u201320.00."", ""state"": ""FAIL"", ""value"": ""$0.73  band $2.00\u201320.00""}, {""id"": ""float"", ""kills"": false, ""reason"": ""cascade already stopped"", ""state"": ""NOT_APPLICABLE"", ""value"": ""\u2014""}, {""id"": ""catalyst"", ""kills"": false, ""reason"": ""cascade already stopped"", ""state"": ""NOT_APPLICABLE"", ""value"": ""\u2014""}, {""id"": ""rising"", ""kills"": false, ""reason"": ""cascade already stopped"", ""state"": ""NOT_APPLICABLE"", ""value"": ""\u2014""}, {""id"": ""split"", ""kills"": false, ""reason"": ""cascade already stopped"", ""state"": ""NOT_APPLICABLE"", ""value"": ""\u2014""}, {""id"": ""instrument"", ""kills"": false, ""reason"": ""cascade already stopped"", ""state"": ""NOT_APPLICABLE"", ""value"": ""\u2014""}, {""id"": ""tick"", ""kills"": false, ""reason"": ""cascade already stopped"", ""state"": ""NOT_APPLICABLE"", ""value"": ""\u2014""}, {""id"": ""buyout"", ""kills"": false, ""reason"": ""cascade already stopped"", ""state"": ""NOT_APPLICABLE"", ""value"": ""\u2014""}]",[],"{""above_ema9"": false, ""above_vwap"": false, ""buyout_announced"": false, ""catalyst_today"": false, ""change_pct"": 23.088633288227346, ""feed_stale"": false, ""float_is_shares_outstanding"": false, ""float_shares"": 8210000.000000001, ""float_verified"": true, ""halted"": false, ""in_session_window"": true, ""is_fund_or_etf"": null, ""last"": 0.7277, ""live_theme"": false, ""macd_positive_and_above_signal"": null, ""penny_theme"": false, ""premarket_volume"": null, ""prev_close"": null, ""rvol"": 5.540164798363206, ""session_high"": 0.9365, ""session_volume"": 1232867.0, ""split_ratio_clean_integer"": null, ""symbol"": ""DTSS"", ""tick_size"": null}",0.74,0.7023,0.8154,0.0377,2.0,1,1,SUPPRESSED,,,2026-09-17T13:39:57+00:00,33dfeedb3f51,e3d0803,,,,0.74,41.1141,-3.7321,1,1,target,1,2026-09-17T08:18:00Z,0.7733,0.726,2.03
2df7f2bd3c7e553f,2026-09-17T04:23:00-04:00,none,DAIC,pullback,ibkr-DAIC-AEHL-VEEA,IBKR · TWS read-only · live,live-backfill,1m,3.66,,,3.99,2346181.0,0.2374255154520387,82.08955223880601,1340000.0,verified,finviz via premarket_stars.py,0,0,REJECT,catalyst,0,"[{""id"": ""price"", ""kills"": true, ""reason"": ""$3.66 is outside $2.00\u201320.00."", ""state"": ""PASS"", ""value"": ""$3.66  band $2.00\u201320.00""}, {""id"": ""float"", ""kills"": false, ""reason"": """", ""state"": ""PASS"", ""value"": ""1.3M (verified)""}, {""id"": ""catalyst"", ""kills"": true, ""reason"": ""No catalyst dated today and no live theme it belongs to."", ""state"": ""FAIL"", ""value"": ""none""}, {""id"": ""rising"", ""kills"": false, ""reason"": ""cascade already stopped"", ""state"": ""NOT_APPLICABLE"", ""value"": ""\u2014""}, {""id"": ""split"", ""kills"": false, ""reason"": ""cascade already stopped"", ""state"": ""NOT_APPLICABLE"", ""value"": ""\u2014""}, {""id"": ""instrument"", ""kills"": false, ""reason"": ""cascade already stopped"", ""state"": ""NOT_APPLICABLE"", ""value"": ""\u2014""}, {""id"": ""tick"", ""kills"": false, ""reason"": ""cascade already stopped"", ""state"": ""NOT_APPLICABLE"", ""value"": ""\u2014""}, {""id"": ""buyout"", ""kills"": false, ""reason"": ""cascade already stopped"", ""state"": ""NOT_APPLICABLE"", ""value"": ""\u2014""}]",[],"{""above_ema9"": true, ""above_vwap"": true, ""buyout_announced"": false, ""catalyst_today"": false, ""change_pct"": 82.08955223880601, ""feed_stale"": false, ""float_is_shares_outstanding"": false, ""float_shares"": 1340000.0, ""float_verified"": true, ""halted"": false, ""in_session_window"": true, ""is_fund_or_etf"": null, ""last"": 3.66, ""live_theme"": false, ""macd_positive_and_above_signal"": null, ""penny_theme"": false, ""premarket_volume"": null, ""prev_close"": null, ""rvol"": 0.2374255154520387, ""session_high"": 3.99, ""session_volume"": 2346181.0, ""split_ratio_clean_integer"": null, ""symbol"": ""DAIC"", ""tick_size"": null}",3.98,3.66,4.62,0.32,2.0,1,0,SUPPRESSED,,,2026-09-17T13:39:26+00:00,33dfeedb3f51,e3d0803,,,,3.98,9.9047,-1.1563,1,1,target,1,2026-09-17T08:25:00Z,5.03,3.6,4.765
5bc577728fbd5244,2026-09-17T04:33:00-04:00,none,DAIC,pullback,ibkr-DAIC-AEHL-VEEA,IBKR · TWS read-only · live,live-backfill,1m,4.3918,,,4.85,4610345.0,0.46655119022646985,118.49751243781097,1340000.0,verified,finviz via premarket_stars.py,0,0,REJECT,catalyst,0,"[{""id"": ""price"", ""kills"": true, ""reason"": ""$4.39 is outside $2.00\u201320.00."", ""state"": ""PASS"", ""value"": ""$4.39  band $2.00\u201320.00""}, {""id"": ""float"", ""kills"": false, ""reason"": """", ""state"": ""PASS"", ""value"": ""1.3M (verified)""}, {""id"": ""catalyst"", ""kills"": true, ""reason"": ""No catalyst dated today and no live theme it belongs to."", ""state"": ""FAIL"", ""value"": ""none""}, {""id"": ""rising"", ""kills"": false, ""reason"": ""cascade already stopped"", ""state"": ""NOT_APPLICABLE"", ""value"": ""\u2014""}, {""id"": ""split"", ""kills"": false, ""reason"": ""cascade already stopped"", ""state"": ""NOT_APPLICABLE"", ""value"": ""\u2014""}, {""id"": ""instrument"", ""kills"": false, ""reason"": ""cascade already stopped"", ""state"": ""NOT_APPLICABLE"", ""value"": ""\u2014""}, {""id"": ""tick"", ""kills"": false, ""reason"": ""cascade already stopped"", ""state"": ""NOT_APPLICABLE"", ""value"": ""\u2014""}, {""id"": ""buyout"", ""kills"": false, ""reason"": ""cascade already stopped"", ""state"": ""NOT_APPLICABLE"", ""value"": ""\u2014""}]",[],"{""above_ema9"": true, ""above_vwap"": true, ""buyout_announced"": false, ""catalyst_today"": false, ""change_pct"": 118.49751243781097, ""feed_stale"": false, ""float_is_shares_outstanding"": false, ""float_shares"": 1340000.0, ""float_verified"": true, ""halted"": false, ""in_session_window"": true, ""is_fund_or_etf"": null, ""last"": 4.3918, ""live_theme"": false, ""macd_positive_and_above_signal"": null, ""penny_theme"": false, ""premarket_volume"": null, ""prev_close"": null, ""rvol"": 0.46655119022646985, ""session_high"": 4.85, ""session_volume"": 4610345.0, ""split_ratio_clean_integer"": null, ""symbol"": ""DAIC"", ""tick_size"": null}",4.4316,4.15,4.9948,0.2816,2.0,3,1,SUPPRESSED,,,2026-09-17T13:39:26+00:00,33dfeedb3f51,e3d0803,,,,4.4316,9.6516,-2.9176,1,1,stop,1,2026-09-17T08:34:00Z,5.03,3.93,4.765
ff4efbf5fed535ce,2026-09-17T04:35:00-04:00,none,AEHL,pullback,ibkr-DAIC-AEHL-VEEA,IBKR · TWS read-only · live,live-backfill,1m,10.45,,,10.49,22751.0,0.0106467001067548,13.340563991323195,1390000.0,verified,finviz via premarket_stars.py,0,0,REJECT,catalyst,0,"[{""id"": ""price"", ""kills"": true, ""reason"": ""$10.45 is outside $2.00\u201320.00."", ""state"": ""PASS"", ""value"": ""$10.45  band $2.00\u201320.00""}, {""id"": ""float"", ""kills"": false, ""reason"": """", ""state"": ""PASS"", ""value"": ""1.4M (verified)""}, {""id"": ""catalyst"", ""kills"": true, ""reason"": ""No catalyst dated today and no live theme it belongs to."", ""state"": ""FAIL"", ""value"": ""none""}, {""id"": ""rising"", ""kills"": false, ""reason"": ""cascade already stopped"", ""state"": ""NOT_APPLICABLE"", ""value"": ""\u2014""}, {""id"": ""split"", ""kills"": false, ""reason"": ""cascade already stopped"", ""state"": ""NOT_APPLICABLE"", ""value"": ""\u2014""}, {""id"": ""instrument"", ""kills"": false, ""reason"": ""cascade already stopped"", ""state"": ""NOT_APPLICABLE"", ""value"": ""\u2014""}, {""id"": ""tick"", ""kills"": false, ""reason"": ""cascade already stopped"", ""state"": ""NOT_APPLICABLE"", ""value"": ""\u2014""}, {""id"": ""buyout"", ""kills"": false, ""reason"": ""cascade already stopped"", ""state"": ""NOT_APPLICABLE"", ""value"": ""\u2014""}]",[],"{""above_ema9"": true, ""above_vwap"": true, ""buyout_announced"": false, ""catalyst_today"": false, ""change_pct"": 13.340563991323195, ""feed_stale"": false, ""float_is_shares_outstanding"": false, ""float_shares"": 1390000.0, ""float_verified"": true, ""halted"": false, ""in_session_window"": true, ""is_fund_or_etf"": null, ""last"": 10.45, ""live_theme"": false, ""macd_positive_and_above_signal"": true, ""penny_theme"": false, ""premarket_volume"": null, ""prev_close"": null, ""rvol"": 0.0106467001067548, ""session_high"": 10.49, ""session_volume"": 22751.0, ""split_ratio_clean_integer"": null, ""symbol"": ""AEHL"", ""tick_size"": null}",10.11,10.09,10.15,0.02,2.0,4,1,SUPPRESSED,,,2026-09-17T13:39:26+00:00,33dfeedb3f51,e3d0803,,,,10.11,283.5,-3.0,1,1,target,1,2026-09-17T08:36:00Z,10.39,10.11,11.73
fdc4c44ad0e1e2e1,2026-09-17T04:36:00-04:00,none,KXIN,pullback,ibkr-DAIC-AEHL-VEEA,IBKR · TWS read-only · live,live-backfill,1m,2.2,,,2.75,4967982.0,6.618834489368659,94.6902654867257,1510000.0,verified,finviz via premarket_stars.py,0,0,REJECT,catalyst,0,"[{""id"": ""price"", ""kills"": true, ""reason"": ""$2.20 is outside $2.00\u201320.00."", ""state"": ""PASS"", ""value"": ""$2.20  band $2.00\u201320.00""}, {""id"": ""float"", ""kills"": false, ""reason"": """", ""state"": ""PASS"", ""value"": ""1.5M (verified)""}, {""id"": ""catalyst"", ""kills"": true, ""reason"": ""No catalyst dated today and no live theme it belongs to."", ""state"": ""FAIL"", ""value"": ""none""}, {""id"": ""rising"", ""kills"": false, ""reason"": ""cascade already stopped"", ""state"": ""NOT_APPLICABLE"", ""value"": ""\u2014""}, {""id"": ""split"", ""kills"": false, ""reason"": ""cascade already stopped"", ""state"": ""NOT_APPLICABLE"", ""value"": ""\u2014""}, {""id"": ""instrument"", ""kills"": false, ""reason"": ""cascade already stopped"", ""state"": ""NOT_APPLICABLE"", ""value"": ""\u2014""}, {""id"": ""tick"", ""kills"": false, ""reason"": ""cascade already stopped"", ""state"": ""NOT_APPLICABLE"", ""value"": ""\u2014""}, {""id"": ""buyout"", ""kills"": false, ""reason"": ""cascade already stopped"", ""state"": ""NOT_APPLICABLE"", ""value"": ""\u2014""}]",[],"{""above_ema9"": true, ""above_vwap"": true, ""buyout_announced"": false, ""catalyst_today"": false, ""change_pct"": 94.6902654867257, ""feed_stale"": false, ""float_is_shares_outstanding"": false, ""float_shares"": 1510000.0, ""float_verified"": true, ""halted"": false, ""in_session_window"": true, ""is_fund_or_etf"": null, ""last"": 2.2, ""live_theme"": false, ""macd_positive_and_above_signal"": true, ""penny_theme"": false, ""premarket_volume"": null, ""prev_close"": null, ""rvol"": 6.618834489368659, ""session_high"": 2.75, ""session_volume"": 4967982.0, ""split_ratio_clean_integer"": null, ""symbol"": ""KXIN"", ""tick_size"": null}",2.14,2.06,2.3,0.08,2.0,4,1,SUPPRESSED,,,2026-09-17T13:39:57+00:00,33dfeedb3f51,e3d0803,,,,2.14,8.375,-7.625,1,1,target,1,2026-09-17T08:37:00Z,2.41,2.08,1.821
6d4812571c931d47,2026-09-17T04:45:00-04:00,none,DAIC,pullback,ibkr-DAIC-AEHL-VEEA,IBKR · TWS read-only · live,live-backfill,1m,4.78,,,4.85,5958516.0,0.6029814974331561,137.8109452736319,1340000.0,verified,finviz via premarket_stars.py,0,0,REJECT,catalyst,0,"[{""id"": ""price"", ""kills"": true, ""reason"": ""$4.78 is outside $2.00\u201320.00."", ""state"": ""PASS"", ""value"": ""$4.78  band $2.00\u201320.00""}, {""id"": ""float"", ""kills"": false, ""reason"": """", ""state"": ""PASS"", ""value"": ""1.3M (verified)""}, {""id"": ""catalyst"", ""kills"": true, ""reason"": ""No catalyst dated today and no live theme it belongs to."", ""state"": ""FAIL"", ""value"": ""none""}, {""id"": ""rising"", ""kills"": false, ""reason"": ""cascade already stopped"", ""state"": ""NOT_APPLICABLE"", ""value"": ""\u2014""}, {""id"": ""split"", ""kills"": false, ""reason"": ""cascade already stopped"", ""state"": ""NOT_APPLICABLE"", ""value"": ""\u2014""}, {""id"": ""instrument"", ""kills"": false, ""reason"": ""cascade already stopped"", ""state"": ""NOT_APPLICABLE"", ""value"": ""\u2014""}, {""id"": ""tick"", ""kills"": false, ""reason"": ""cascade already stopped"", ""state"": ""NOT_APPLICABLE"", ""value"": ""\u2014""}, {""id"": ""buyout"", ""kills"": false, ""reason"": ""cascade already stopped"", ""state"": ""NOT_APPLICABLE"", ""value"": ""\u2014""}]",[],"{""above_ema9"": true, ""above_vwap"": true, ""buyout_announced"": false, ""catalyst_today"": false, ""change_pct"": 137.8109452736319, ""feed_stale"": false, ""float_is_shares_outstanding"": false, ""float_shares"": 1340000.0, ""float_verified"": true, ""halted"": false, ""in_session_window"": true, ""is_fund_or_etf"": null, ""last"": 4.78, ""live_theme"": false, ""macd_positive_and_above_signal"": false, ""penny_theme"": false, ""premarket_volume"": null, ""prev_close"": null, ""rvol"": 0.6029814974331561, ""session_high"": 4.85, ""session_volume"": 5958516.0, ""split_ratio_clean_integer"": null, ""symbol"": ""DAIC"", ""tick_size"": null}",4.45,4.29,4.77,0.16,2.0,3,1,SUPPRESSED,,,2026-09-17T13:39:26+00:00,33dfeedb3f51,e3d0803,,,,4.45,16.8719,-5.25,1,1,target,1,2026-09-17T08:46:00Z,5.03,3.93,4.765
e83e97a1fa064165,2026-09-17T04:54:00-04:00,none,VEEA,pullback,ibkr-DAIC-AEHL-VEEA,IBKR · TWS read-only · live,live-backfill,1m,6.7528,,,6.91,68791.0,0.009013370680473847,10.701639344262293,1590000.0,verified,finviz via premarket_stars.py,0,0,REJECT,catalyst,0,"[{""id"": ""price"", ""kills"": true, ""reason"": ""$6.75 is outside $2.00\u201320.00."", ""state"": ""PASS"", ""value"": ""$6.75  band $2.00\u201320.00""}, {""id"": ""float"", ""kills"": false, ""reason"": """", ""state"": ""PASS"", ""value"": ""1.6M (verified)""}, {""id"": ""catalyst"", ""kills"": true, ""reason"": ""No catalyst dated today and no live theme it belongs to."", ""state"": ""FAIL"", ""value"": ""none""}, {""id"": ""rising"", ""kills"": false, ""reason"": ""cascade already stopped"", ""state"": ""NOT_APPLICABLE"", ""value"": ""\u2014""}, {""id"": ""split"", ""kills"": false, ""reason"": ""cascade already stopped"", ""state"": ""NOT_APPLICABLE"", ""value"": ""\u2014""}, {""id"": ""instrument"", ""kills"": false, ""reason"": ""cascade already stopped"", ""state"": ""NOT_APPLICABLE"", ""value"": ""\u2014""}, {""id"": ""tick"", ""kills"": false, ""reason"": ""cascade already stopped"", ""state"": ""NOT_APPLICABLE"", ""value"": ""\u2014""}, {""id"": ""buyout"", ""kills"": false, ""reason"": ""cascade already stopped"", ""state"": ""NOT_APPLICABLE"", ""value"": ""\u2014""}]",[],"{""above_ema9"": true, ""above_vwap"": true, ""buyout_announced"": false, ""catalyst_today"": false, ""change_pct"": 10.701639344262293, ""feed_stale"": false, ""float_is_shares_outstanding"": false, ""float_shares"": 1590000.0, ""float_verified"": true, ""halted"": false, ""in_session_window"": true, ""is_fund_or_etf"": null, ""last"": 6.7528, ""live_theme"": false, ""macd_positive_and_above_signal"": true, ""penny_theme"": false, ""premarket_volume"": null, ""prev_close"": null, ""rvol"": 0.009013370680473847, ""session_high"": 6.91, ""session_volume"": 68791.0, ""split_ratio_clean_integer"": null, ""symbol"": ""VEEA"", ""tick_size"": null}",6.7997,6.69,7.0191,0.1097,2.0,3,1,SUPPRESSED,,,2026-09-17T13:39:26+00:00,33dfeedb3f51,e3d0803,,,,6.7997,18.9635,-10.206,1,1,target,1,2026-09-17T08:55:00Z,7.19,6.76,6.0275
031acf41deea0d01,2026-09-17T05:08:00-04:00,none,DTSS,pullback,ibkr-DAIC-AEHL-VEEA,IBKR · TWS read-only · live,live-backfill,1m,0.728,,,0.9365,3318294.0,14.91149946378631,23.139377537212447,8210000.000000001,verified,finviz via premarket_stars.py,0,0,REJECT,price,0,"[{""id"": ""price"", ""kills"": true, ""reason"": ""$0.73 is outside $2.00\u201320.00."", ""state"": ""FAIL"", ""value"": ""$0.73  band $2.00\u201320.00""}, {""id"": ""float"", ""kills"": false, ""reason"": ""cascade already stopped"", ""state"": ""NOT_APPLICABLE"", ""value"": ""\u2014""}, {""id"": ""catalyst"", ""kills"": false, ""reason"": ""cascade already stopped"", ""state"": ""NOT_APPLICABLE"", ""value"": ""\u2014""}, {""id"": ""rising"", ""kills"": false, ""reason"": ""cascade already stopped"", ""state"": ""NOT_APPLICABLE"", ""value"": ""\u2014""}, {""id"": ""split"", ""kills"": false, ""reason"": ""cascade already stopped"", ""state"": ""NOT_APPLICABLE"", ""value"": ""\u2014""}, {""id"": ""instrument"", ""kills"": false, ""reason"": ""cascade already stopped"", ""state"": ""NOT_APPLICABLE"", ""value"": ""\u2014""}, {""id"": ""tick"", ""kills"": false, ""reason"": ""cascade already stopped"", ""state"": ""NOT_APPLICABLE"", ""value"": ""\u2014""}, {""id"": ""buyout"", ""kills"": false, ""reason"": ""cascade already stopped"", ""state"": ""NOT_APPLICABLE"", ""value"": ""\u2014""}]",[],"{""above_ema9"": false, ""above_vwap"": false, ""buyout_announced"": false, ""catalyst_today"": false, ""change_pct"": 23.139377537212447, ""feed_stale"": false, ""float_is_shares_outstanding"": false, ""float_shares"": 8210000.000000001, ""float_verified"": true, ""halted"": false, ""in_session_window"": true, ""is_fund_or_etf"": null, ""last"": 0.728, ""live_theme"": false, ""macd_positive_and_above_signal"": false, ""penny_theme"": false, ""premarket_volume"": null, ""prev_close"": null, ""rvol"": 14.91149946378631, ""session_high"": 0.9365, ""session_volume"": 3318294.0, ""split_ratio_clean_integer"": null, ""symbol"": ""DTSS"", ""tick_size"": null}",0.7336,0.7097,0.7814,0.0239,2.0,3,1,SUPPRESSED,,,2026-09-17T13:39:57+00:00,33dfeedb3f51,e3d0803,,,,0.7336,65.1213,-5.6192,1,1,target,1,2026-09-17T09:11:00Z,0.839,0.7199,2.03
97fa960ca8850f35,2026-09-17T05:08:00-04:00,none,KXIN,pullback,ibkr-DAIC-AEHL-VEEA,IBKR · TWS read-only · live,live-backfill,1m,2.22,,,2.75,6938339.0,9.243937975647183,96.46017699115048,1510000.0,verified,finviz via premarket_stars.py,0,0,REJECT,catalyst,0,"[{""id"": ""price"", ""kills"": true, ""reason"": ""$2.22 is outside $2.00\u201320.00."", ""state"": ""PASS"", ""value"": ""$2.22  band $2.00\u201320.00""}, {""id"": ""float"", ""kills"": false, ""reason"": """", ""state"": ""PASS"", ""value"": ""1.5M (verified)""}, {""id"": ""catalyst"", ""kills"": true, ""reason"": ""No catalyst dated today and no live theme it belongs to."", ""state"": ""FAIL"", ""value"": ""none""}, {""id"": ""rising"", ""kills"": false, ""reason"": ""cascade already stopped"", ""state"": ""NOT_APPLICABLE"", ""value"": ""\u2014""}, {""id"": ""split"", ""kills"": false, ""reason"": ""cascade already stopped"", ""state"": ""NOT_APPLICABLE"", ""value"": ""\u2014""}, {""id"": ""instrument"", ""kills"": false, ""reason"": ""cascade already stopped"", ""state"": ""NOT_APPLICABLE"", ""value"": ""\u2014""}, {""id"": ""tick"", ""kills"": false, ""reason"": ""cascade already stopped"", ""state"": ""NOT_APPLICABLE"", ""value"": ""\u2014""}, {""id"": ""buyout"", ""kills"": false, ""reason"": ""cascade already stopped"", ""state"": ""NOT_APPLICABLE"", ""value"": ""\u2014""}]",[],"{""above_ema9"": true, ""above_vwap"": true, ""buyout_announced"": false, ""catalyst_today"": false, ""change_pct"": 96.46017699115048, ""feed_stale"": false, ""float_is_shares_outstanding"": false, ""float_shares"": 1510000.0, ""float_verified"": true, ""halted"": false, ""in_session_window"": true, ""is_fund_or_etf"": null, ""last"": 2.22, ""live_theme"": false, ""macd_positive_and_above_signal"": true, ""penny_theme"": false, ""premarket_volume"": null, ""prev_close"": null, ""rvol"": 9.243937975647183, ""session_high"": 2.75, ""session_volume"": 6938339.0, ""split_ratio_clean_integer"": null, ""symbol"": ""KXIN"", ""tick_size"": null}",2.21,2.16,2.31,0.05,2.0,3,1,SUPPRESSED,,,2026-09-17T13:39:57+00:00,33dfeedb3f51,e3d0803,,,,2.21,12.0,-13.6,1,1,stop,1,2026-09-17T09:09:00Z,2.23,2.08,1.821
83eed07fce6b1743,2026-09-17T05:17:00-04:00,none,VEEA,pullback,ibkr-DAIC-AEHL-VEEA,IBKR · TWS read-only · live,live-backfill,1m,7.0595,,,7.19,179801.0,0.0235585041897905,15.72950819672132,1590000.0,verified,finviz via premarket_stars.py,0,0,REJECT,catalyst,0,"[{""id"": ""price"", ""kills"": true, ""reason"": ""$7.06 is outside $2.00\u201320.00."", ""state"": ""PASS"", ""value"": ""$7.06  band $2.00\u201320.00""}, {""id"": ""float"", ""kills"": false, ""reason"": """", ""state"": ""PASS"", ""value"": ""1.6M (verified)""}, {""id"": ""catalyst"", ""kills"": true, ""reason"": ""No catalyst dated today and no live theme it belongs to."", ""state"": ""FAIL"", ""value"": ""none""}, {""id"": ""rising"", ""kills"": false, ""reason"": ""cascade already stopped"", ""state"": ""NOT_APPLICABLE"", ""value"": ""\u2014""}, {""id"": ""split"", ""kills"": false, ""reason"": ""cascade already stopped"", ""state"": ""NOT_APPLICABLE"", ""value"": ""\u2014""}, {""id"": ""instrument"", ""kills"": false, ""reason"": ""cascade already stopped"", ""state"": ""NOT_APPLICABLE"", ""value"": ""\u2014""}, {""id"": ""tick"", ""kills"": false, ""reason"": ""cascade already stopped"", ""state"": ""NOT_APPLICABLE"", ""value"": ""\u2014""}, {""id"": ""buyout"", ""kills"": false, ""reason"": ""cascade already stopped"", ""state"": ""NOT_APPLICABLE"", ""value"": ""\u2014""}]",[],"{""above_ema9"": true, ""above_vwap"": true, ""buyout_announced"": false, ""catalyst_today"": false, ""change_pct"": 15.72950819672132, ""feed_stale"": false, ""float_is_shares_outstanding"": false, ""float_shares"": 1590000.0, ""float_verified"": true, ""halted"": false, ""in_session_window"": true, ""is_fund_or_etf"": null, ""last"": 7.0595, ""live_theme"": false, ""macd_positive_and_above_signal"": false, ""penny_theme"": false, ""premarket_volume"": null, ""prev_close"": null, ""rvol"": 0.0235585041897905, ""session_high"": 7.19, ""session_volume"": 179801.0, ""split_ratio_clean_integer"": null, ""symbol"": ""VEEA"", ""tick_size"": null}",6.96,6.93,7.02,0.03,2.0,4,1,SUPPRESSED,,,2026-09-17T13:39:26+00:00,33dfeedb3f51,e3d0803,,,,6.96,64.0,-42.6633,1,1,target,1,2026-09-17T09:18:00Z,7.06,6.8001,6.0275
e950e913c151870b,2026-09-17T05:28:00-04:00,none,KXIN,pullback,ibkr-DAIC-AEHL-VEEA,IBKR · TWS read-only · live,live-backfill,1m,2.14,,,2.75,7337764.0,9.776091265638186,89.38053097345136,1510000.0,verified,finviz via premarket_stars.py,0,0,REJECT,catalyst,0,"[{""id"": ""price"", ""kills"": true, ""reason"": ""$2.14 is outside $2.00\u201320.00."", ""state"": ""PASS"", ""value"": ""$2.14  band $2.00\u201320.00""}, {""id"": ""float"", ""kills"": false, ""reason"": """", ""state"": ""PASS"", ""value"": ""1.5M (verified)""}, {""id"": ""catalyst"", ""kills"": true, ""reason"": ""No catalyst dated today and no live theme it belongs to."", ""state"": ""FAIL"", ""value"": ""none""}, {""id"": ""rising"", ""kills"": false, ""reason"": ""cascade already stopped"", ""state"": ""NOT_APPLICABLE"", ""value"": ""\u2014""}, {""id"": ""split"", ""kills"": false, ""reason"": ""cascade already stopped"", ""state"": ""NOT_APPLICABLE"", ""value"": ""\u2014""}, {""id"": ""instrument"", ""kills"": false, ""reason"": ""cascade already stopped"", ""state"": ""NOT_APPLICABLE"", ""value"": ""\u2014""}, {""id"": ""tick"", ""kills"": false, ""reason"": ""cascade already stopped"", ""state"": ""NOT_APPLICABLE"", ""value"": ""\u2014""}, {""id"": ""buyout"", ""kills"": false, ""reason"": ""cascade already stopped"", ""state"": ""NOT_APPLICABLE"", ""value"": ""\u2014""}]",[],"{""above_ema9"": true, ""above_vwap"": false, ""buyout_announced"": false, ""catalyst_today"": false, ""change_pct"": 89.38053097345136, ""feed_stale"": false, ""float_is_shares_outstanding"": false, ""float_shares"": 1510000.0, ""float_verified"": true, ""halted"": false, ""in_session_window"": true, ""is_fund_or_etf"": null, ""last"": 2.14, ""live_theme"": false, ""macd_positive_and_above_signal"": false, ""penny_theme"": false, ""premarket_volume"": null, ""prev_close"": null, ""rvol"": 9.776091265638186, ""session_high"": 2.75, ""session_volume"": 7337764.0, ""split_ratio_clean_integer"": null, ""symbol"": ""KXIN"", ""tick_size"": null}",2.13,2.09,2.21,0.04,2.0,4,1,SUPPRESSED,,,2026-09-17T13:39:57+00:00,33dfeedb3f51,e3d0803,,,,2.13,17.0,-15.0,1,1,stop,1,2026-09-17T09:29:00Z,2.2,2.03,1.821
d28cd3c9cd948306,2026-09-17T05:35:00-04:00,none,DTSS,pullback,ibkr-DAIC-AEHL-VEEA,IBKR · TWS read-only · live,live-backfill,1m,0.78,,,0.9365,4368692.0,19.631698823385612,31.935047361299063,8210000.000000001,verified,finviz via premarket_stars.py,0,0,REJECT,price,0,"[{""id"": ""price"", ""kills"": true, ""reason"": ""$0.78 is outside $2.00\u201320.00."", ""state"": ""FAIL"", ""value"": ""$0.78  band $2.00\u201320.00""}, {""id"": ""float"", ""kills"": false, ""reason"": ""cascade already stopped"", ""state"": ""NOT_APPLICABLE"", ""value"": ""\u2014""}, {""id"": ""catalyst"", ""kills"": false, ""reason"": ""cascade already stopped"", ""state"": ""NOT_APPLICABLE"", ""value"": ""\u2014""}, {""id"": ""rising"", ""kills"": false, ""reason"": ""cascade already stopped"", ""state"": ""NOT_APPLICABLE"", ""value"": ""\u2014""}, {""id"": ""split"", ""kills"": false, ""reason"": ""cascade already stopped"", ""state"": ""NOT_APPLICABLE"", ""value"": ""\u2014""}, {""id"": ""instrument"", ""kills"": false, ""reason"": ""cascade already stopped"", ""state"": ""NOT_APPLICABLE"", ""value"": ""\u2014""}, {""id"": ""tick"", ""kills"": false, ""reason"": ""cascade already stopped"", ""state"": ""NOT_APPLICABLE"", ""value"": ""\u2014""}, {""id"": ""buyout"", ""kills"": false, ""reason"": ""cascade already stopped"", ""state"": ""NOT_APPLICABLE"", ""value"": ""\u2014""}]",[],"{""above_ema9"": true, ""above_vwap"": false, ""buyout_announced"": false, ""catalyst_today"": false, ""change_pct"": 31.935047361299063, ""feed_stale"": false, ""float_is_shares_outstanding"": false, ""float_shares"": 8210000.000000001, ""float_verified"": true, ""halted"": false, ""in_session_window"": true, ""is_fund_or_etf"": null, ""last"": 0.78, ""live_theme"": false, ""macd_positive_and_above_signal"": true, ""penny_theme"": false, ""premarket_volume"": null, ""prev_close"": null, ""rvol"": 19.631698823385612, ""session_high"": 0.9365, ""session_volume"": 4368692.0, ""split_ratio_clean_integer"": null, ""symbol"": ""DTSS"", ""tick_size"": null}",0.7901,0.75,0.8703,0.0401,2.0,2,1,SUPPRESSED,,,2026-09-17T13:39:57+00:00,33dfeedb3f51,e3d0803,,,,0.7901,37.404,-4.7581,1,1,target,1,2026-09-17T10:36:00Z,0.785,0.7378,2.03
d132e13e7d5af078,2026-09-17T05:41:00-04:00,none,DAIC,pullback,ibkr-DAIC-AEHL-VEEA,IBKR · TWS read-only · live,live-backfill,1m,3.9895,,,5.03,9151678.0,0.9261186014212384,98.48258706467664,1340000.0,verified,finviz via premarket_stars.py,0,0,REJECT,catalyst,0,"[{""id"": ""price"", ""kills"": true, ""reason"": ""$3.99 is outside $2.00\u201320.00."", ""state"": ""PASS"", ""value"": ""$3.99  band $2.00\u201320.00""}, {""id"": ""float"", ""kills"": false, ""reason"": """", ""state"": ""PASS"", ""value"": ""1.3M (verified)""}, {""id"": ""catalyst"", ""kills"": true, ""reason"": ""No catalyst dated today and no live theme it belongs to."", ""state"": ""FAIL"", ""value"": ""none""}, {""id"": ""rising"", ""kills"": false, ""reason"": ""cascade already stopped"", ""state"": ""NOT_APPLICABLE"", ""value"": ""\u2014""}, {""id"": ""split"", ""kills"": false, ""reason"": ""cascade already stopped"", ""state"": ""NOT_APPLICABLE"", ""value"": ""\u2014""}, {""id"": ""instrument"", ""kills"": false, ""reason"": ""cascade already stopped"", ""state"": ""NOT_APPLICABLE"", ""value"": ""\u2014""}, {""id"": ""tick"", ""kills"": false, ""reason"": ""cascade already stopped"", ""state"": ""NOT_APPLICABLE"", ""value"": ""\u2014""}, {""id"": ""buyout"", ""kills"": false, ""reason"": ""cascade already stopped"", ""state"": ""NOT_APPLICABLE"", ""value"": ""\u2014""}]",[],"{""above_ema9"": true, ""above_vwap"": false, ""buyout_announced"": false, ""catalyst_today"": false, ""change_pct"": 98.48258706467664, ""feed_stale"": false, ""float_is_shares_outstanding"": false, ""float_shares"": 1340000.0, ""float_verified"": true, ""halted"": false, ""in_session_window"": true, ""is_fund_or_etf"": null, ""last"": 3.9895, ""live_theme"": false, ""macd_positive_and_above_signal"": true, ""penny_theme"": false, ""premarket_volume"": null, ""prev_close"": null, ""rvol"": 0.9261186014212384, ""session_high"": 5.03, ""session_volume"": 9151678.0, ""split_ratio_clean_integer"": null, ""symbol"": ""DAIC"", ""tick_size"": null}",3.95,3.9,4.05,0.05,2.0,2,1,SUPPRESSED,,,2026-09-17T13:39:26+00:00,33dfeedb3f51,e3d0803,,,,3.95,63.99,-6.8,1,1,target,1,2026-09-17T09:42:00Z,4.54,3.95,4.765
6c747803a379b49c,2026-09-17T05:45:00-04:00,none,VEEA,pullback,ibkr-DAIC-AEHL-VEEA,IBKR · TWS read-only · live,live-backfill,1m,6.8805,,,7.19,217029.0,0.0284363190738986,12.795081967213108,1590000.0,verified,finviz via premarket_stars.py,0,0,REJECT,catalyst,0,"[{""id"": ""price"", ""kills"": true, ""reason"": ""$6.88 is outside $2.00\u201320.00."", ""state"": ""PASS"", ""value"": ""$6.88  band $2.00\u201320.00""}, {""id"": ""float"", ""kills"": false, ""reason"": """", ""state"": ""PASS"", ""value"": ""1.6M (verified)""}, {""id"": ""catalyst"", ""kills"": true, ""reason"": ""No catalyst dated today and no live theme it belongs to."", ""state"": ""FAIL"", ""value"": ""none""}, {""id"": ""rising"", ""kills"": false, ""reason"": ""cascade already stopped"", ""state"": ""NOT_APPLICABLE"", ""value"": ""\u2014""}, {""id"": ""split"", ""kills"": false, ""reason"": ""cascade already stopped"", ""state"": ""NOT_APPLICABLE"", ""value"": ""\u2014""}, {""id"": ""instrument"", ""kills"": false, ""reason"": ""cascade already stopped"", ""state"": ""NOT_APPLICABLE"", ""value"": ""\u2014""}, {""id"": ""tick"", ""kills"": false, ""reason"": ""cascade already stopped"", ""state"": ""NOT_APPLICABLE"", ""value"": ""\u2014""}, {""id"": ""buyout"", ""kills"": false, ""reason"": ""cascade already stopped"", ""state"": ""NOT_APPLICABLE"", ""value"": ""\u2014""}]",[],"{""above_ema9"": false, ""above_vwap"": true, ""buyout_announced"": false, ""catalyst_today"": false, ""change_pct"": 12.795081967213108, ""feed_stale"": false, ""float_is_shares_outstanding"": false, ""float_shares"": 1590000.0, ""float_verified"": true, ""halted"": false, ""in_session_window"": true, ""is_fund_or_etf"": null, ""last"": 6.8805, ""live_theme"": false, ""macd_positive_and_above_signal"": true, ""penny_theme"": false, ""premarket_volume"": null, ""prev_close"": null, ""rvol"": 0.0284363190738986, ""session_high"": 7.19, ""session_volume"": 217029.0, ""split_ratio_clean_integer"": null, ""symbol"": ""VEEA"", ""tick_size"": null}",6.89,6.85,6.97,0.04,2.0,3,1,SUPPRESSED,,,2026-09-17T13:39:26+00:00,33dfeedb3f51,e3d0803,,,,6.89,49.75,-30.2475,1,1,target,1,2026-09-17T09:46:00Z,7.1,6.3323,6.0275
5ba56e0e4ec5dd3a,2026-09-17T05:48:00-04:00,none,DAIC,pullback,ibkr-DAIC-AEHL-VEEA,IBKR · TWS read-only · live,live-backfill,1m,4.3193,,,5.03,9736280.0,0.985278330011783,114.89054726368164,1340000.0,verified,finviz via premarket_stars.py,0,0,REJECT,catalyst,0,"[{""id"": ""price"", ""kills"": true, ""reason"": ""$4.32 is outside $2.00\u201320.00."", ""state"": ""PASS"", ""value"": ""$4.32  band $2.00\u201320.00""}, {""id"": ""float"", ""kills"": false, ""reason"": """", ""state"": ""PASS"", ""value"": ""1.3M (verified)""}, {""id"": ""catalyst"", ""kills"": true, ""reason"": ""No catalyst dated today and no live theme it belongs to."", ""state"": ""FAIL"", ""value"": ""none""}, {""id"": ""rising"", ""kills"": false, ""reason"": ""cascade already stopped"", ""state"": ""NOT_APPLICABLE"", ""value"": ""\u2014""}, {""id"": ""split"", ""kills"": false, ""reason"": ""cascade already stopped"", ""state"": ""NOT_APPLICABLE"", ""value"": ""\u2014""}, {""id"": ""instrument"", ""kills"": false, ""reason"": ""cascade already stopped"", ""state"": ""NOT_APPLICABLE"", ""value"": ""\u2014""}, {""id"": ""tick"", ""kills"": false, ""reason"": ""cascade already stopped"", ""state"": ""NOT_APPLICABLE"", ""value"": ""\u2014""}, {""id"": ""buyout"", ""kills"": false, ""reason"": ""cascade already stopped"", ""state"": ""NOT_APPLICABLE"", ""value"": ""\u2014""}]",[],"{""above_ema9"": true, ""above_vwap"": true, ""buyout_announced"": false, ""catalyst_today"": false, ""change_pct"": 114.89054726368164, ""feed_stale"": false, ""float_is_shares_outstanding"": false, ""float_shares"": 1340000.0, ""float_verified"": true, ""halted"": false, ""in_session_window"": true, ""is_fund_or_etf"": null, ""last"": 4.3193, ""live_theme"": false, ""macd_positive_and_above_signal"": true, ""penny_theme"": false, ""premarket_volume"": null, ""prev_close"": null, ""rvol"": 0.985278330011783, ""session_high"": 5.03, ""session_volume"": 9736280.0, ""split_ratio_clean_integer"": null, ""symbol"": ""DAIC"", ""tick_size"": null}",4.2611,4.09,4.6033,0.1711,2.0,1,1,SUPPRESSED,,,2026-09-17T13:39:26+00:00,33dfeedb3f51,e3d0803,,,,4.2611,16.8814,-3.8054,1,1,stop,1,2026-09-17T09:49:00Z,4.54,4.05,4.765
2f343a85cdf963f1,2026-09-17T05:48:00-04:00,none,DTSS,pullback,ibkr-DAIC-AEHL-VEEA,IBKR · TWS read-only · live,live-backfill,1m,0.7776,,,0.9365,4566258.0,20.519506022826775,31.52909336941814,8210000.000000001,verified,finviz via premarket_stars.py,0,0,REJECT,price,0,"[{""id"": ""price"", ""kills"": true, ""reason"": ""$0.78 is outside $2.00\u201320.00."", ""state"": ""FAIL"", ""value"": ""$0.78  band $2.00\u201320.00""}, {""id"": ""float"", ""kills"": false, ""reason"": ""cascade already stopped"", ""state"": ""NOT_APPLICABLE"", ""value"": ""\u2014""}, {""id"": ""catalyst"", ""kills"": false, ""reason"": ""cascade already stopped"", ""state"": ""NOT_APPLICABLE"", ""value"": ""\u2014""}, {""id"": ""rising"", ""kills"": false, ""reason"": ""cascade already stopped"", ""state"": ""NOT_APPLICABLE"", ""value"": ""\u2014""}, {""id"": ""split"", ""kills"": false, ""reason"": ""cascade already stopped"", ""state"": ""NOT_APPLICABLE"", ""value"": ""\u2014""}, {""id"": ""instrument"", ""kills"": false, ""reason"": ""cascade already stopped"", ""state"": ""NOT_APPLICABLE"", ""value"": ""\u2014""}, {""id"": ""tick"", ""kills"": false, ""reason"": ""cascade already stopped"", ""state"": ""NOT_APPLICABLE"", ""value"": ""\u2014""}, {""id"": ""buyout"", ""kills"": false, ""reason"": ""cascade already stopped"", ""state"": ""NOT_APPLICABLE"", ""value"": ""\u2014""}]",[],"{""above_ema9"": true, ""above_vwap"": false, ""buyout_announced"": false, ""catalyst_today"": false, ""change_pct"": 31.52909336941814, ""feed_stale"": false, ""float_is_shares_outstanding"": false, ""float_shares"": 8210000.000000001, ""float_verified"": true, ""halted"": false, ""in_session_window"": true, ""is_fund_or_etf"": null, ""last"": 0.7776, ""live_theme"": false, ""macd_positive_and_above_signal"": true, ""penny_theme"": false, ""premarket_volume"": null, ""prev_close"": null, ""rvol"": 20.519506022826775, ""session_high"": 0.9365, ""session_volume"": 4566258.0, ""split_ratio_clean_integer"": null, ""symbol"": ""DTSS"", ""tick_size"": null}",0.7877,0.764,0.8351,0.0237,2.0,1,0,SUPPRESSED,,,2026-09-17T13:39:57+00:00,33dfeedb3f51,e3d0803,,,,0.7877,63.3882,-7.9494,1,1,stop,1,2026-09-17T10:17:00Z,0.79,0.7318,2.03
2bf815dece4d21a1,2026-09-17T05:48:00-04:00,none,KXIN,pullback,ibkr-DAIC-AEHL-VEEA,IBKR · TWS read-only · live,live-backfill,1m,2.1008,,,2.75,7769035.0,10.350672930600842,85.91150442477877,1510000.0,verified,finviz via premarket_stars.py,0,0,REJECT,catalyst,0,"[{""id"": ""price"", ""kills"": true, ""reason"": ""$2.10 is outside $2.00\u201320.00."", ""state"": ""PASS"", ""value"": ""$2.10  band $2.00\u201320.00""}, {""id"": ""float"", ""kills"": false, ""reason"": """", ""state"": ""PASS"", ""value"": ""1.5M (verified)""}, {""id"": ""catalyst"", ""kills"": true, ""reason"": ""No catalyst dated today and no live theme it belongs to."", ""state"": ""FAIL"", ""value"": ""none""}, {""id"": ""rising"", ""kills"": false, ""reason"": ""cascade already stopped"", ""state"": ""NOT_APPLICABLE"", ""value"": ""\u2014""}, {""id"": ""split"", ""kills"": false, ""reason"": ""cascade already stopped"", ""state"": ""NOT_APPLICABLE"", ""value"": ""\u2014""}, {""id"": ""instrument"", ""kills"": false, ""reason"": ""cascade already stopped"", ""state"": ""NOT_APPLICABLE"", ""value"": ""\u2014""}, {""id"": ""tick"", ""kills"": false, ""reason"": ""cascade already stopped"", ""state"": ""NOT_APPLICABLE"", ""value"": ""\u2014""}, {""id"": ""buyout"", ""kills"": false, ""reason"": ""cascade already stopped"", ""state"": ""NOT_APPLICABLE"", ""value"": ""\u2014""}]",[],"{""above_ema9"": true, ""above_vwap"": false, ""buyout_announced"": false, ""catalyst_today"": false, ""change_pct"": 85.91150442477877, ""feed_stale"": false, ""float_is_shares_outstanding"": false, ""float_shares"": 1510000.0, ""float_verified"": true, ""halted"": false, ""in_session_window"": true, ""is_fund_or_etf"": null, ""last"": 2.1008, ""live_theme"": false, ""macd_positive_and_above_signal"": true, ""penny_theme"": false, ""premarket_volume"": null, ""prev_close"": null, ""rvol"": 10.350672930600842, ""session_high"": 2.75, ""session_volume"": 7769035.0, ""split_ratio_clean_integer"": null, ""symbol"": ""KXIN"", ""tick_size"": null}",2.09,2.04,2.19,0.05,2.0,2,1,SUPPRESSED,,,2026-09-17T13:39:57+00:00,33dfeedb3f51,e3d0803,,,,2.09,14.4,-11.2,1,1,target,1,2026-09-17T09:49:00Z,2.4,2.07,1.821
5dc7d33cdb1e0b62,2026-09-17T06:06:00-04:00,none,DAIC,pullback,ibkr-DAIC-AEHL-VEEA,IBKR · TWS read-only · live,live-backfill,1m,4.33,,,5.03,10803441.0,1.0932713836147716,115.42288557213931,1340000.0,verified,finviz via premarket_stars.py,0,0,REJECT,catalyst,0,"[{""id"": ""price"", ""kills"": true, ""reason"": ""$4.33 is outside $2.00\u201320.00."", ""state"": ""PASS"", ""value"": ""$4.33  band $2.00\u201320.00""}, {""id"": ""float"", ""kills"": false, ""reason"": """", ""state"": ""PASS"", ""value"": ""1.3M (verified)""}, {""id"": ""catalyst"", ""kills"": true, ""reason"": ""No catalyst dated today and no live theme it belongs to."", ""state"": ""FAIL"", ""value"": ""none""}, {""id"": ""rising"", ""kills"": false, ""reason"": ""cascade already stopped"", ""state"": ""NOT_APPLICABLE"", ""value"": ""\u2014""}, {""id"": ""split"", ""kills"": false, ""reason"": ""cascade already stopped"", ""state"": ""NOT_APPLICABLE"", ""value"": ""\u2014""}, {""id"": ""instrument"", ""kills"": false, ""reason"": ""cascade already stopped"", ""state"": ""NOT_APPLICABLE"", ""value"": ""\u2014""}, {""id"": ""tick"", ""kills"": false, ""reason"": ""cascade already stopped"", ""state"": ""NOT_APPLICABLE"", ""value"": ""\u2014""}, {""id"": ""buyout"", ""kills"": false, ""reason"": ""cascade already stopped"", ""state"": ""NOT_APPLICABLE"", ""value"": ""\u2014""}]",[],"{""above_ema9"": true, ""above_vwap"": true, ""buyout_announced"": false, ""catalyst_today"": false, ""change_pct"": 115.42288557213931, ""feed_stale"": false, ""float_is_shares_outstanding"": false, ""float_shares"": 1340000.0, ""float_verified"": true, ""halted"": false, ""in_session_window"": true, ""is_fund_or_etf"": null, ""last"": 4.33, ""live_theme"": false, ""macd_positive_and_above_signal"": true, ""penny_theme"": false, ""premarket_volume"": null, ""prev_close"": null, ""rvol"": 1.0932713836147716, ""session_high"": 5.03, ""session_volume"": 10803441.0, ""split_ratio_clean_integer"": null, ""symbol"": ""DAIC"", ""tick_size"": null}",4.28,4.14,4.56,0.14,2.0,4,0,SUPPRESSED,,,2026-09-17T13:39:26+00:00,33dfeedb3f51,e3d0803,,,,4.28,20.4964,-4.7857,1,1,stop,1,2026-09-17T10:07:00Z,4.5,3.9,4.765
d39225c7059af0ad,2026-09-17T06:13:00-04:00,none,VEEA,pullback,ibkr-DAIC-AEHL-VEEA,IBKR · TWS read-only · live,live-backfill,1m,6.675,,,7.19,281177.0,0.036841338660923595,9.426229508196716,1590000.0,verified,finviz via premarket_stars.py,0,0,REJECT,catalyst,0,"[{""id"": ""price"", ""kills"": true, ""reason"": ""$6.67 is outside $2.00\u201320.00."", ""state"": ""PASS"", ""value"": ""$6.67  band $2.00\u201320.00""}, {""id"": ""float"", ""kills"": false, ""reason"": """", ""state"": ""PASS"", ""value"": ""1.6M (verified)""}, {""id"": ""catalyst"", ""kills"": true, ""reason"": ""No catalyst dated today and no live theme it belongs to."", ""state"": ""FAIL"", ""value"": ""none""}, {""id"": ""rising"", ""kills"": false, ""reason"": ""cascade already stopped"", ""state"": ""NOT_APPLICABLE"", ""value"": ""\u2014""}, {""id"": ""split"", ""kills"": false, ""reason"": ""cascade already stopped"", ""state"": ""NOT_APPLICABLE"", ""value"": ""\u2014""}, {""id"": ""instrument"", ""kills"": false, ""reason"": ""cascade already stopped"", ""state"": ""NOT_APPLICABLE"", ""value"": ""\u2014""}, {""id"": ""tick"", ""kills"": false, ""reason"": ""cascade already stopped"", ""state"": ""NOT_APPLICABLE"", ""value"": ""\u2014""}, {""id"": ""buyout"", ""kills"": false, ""reason"": ""cascade already stopped"", ""state"": ""NOT_APPLICABLE"", ""value"": ""\u2014""}]",[],"{""above_ema9"": true, ""above_vwap"": false, ""buyout_announced"": false, ""catalyst_today"": false, ""change_pct"": 9.426229508196716, ""feed_stale"": false, ""float_is_shares_outstanding"": false, ""float_shares"": 1590000.0, ""float_verified"": true, ""halted"": false, ""in_session_window"": true, ""is_fund_or_etf"": null, ""last"": 6.675, ""live_theme"": false, ""macd_positive_and_above_signal"": true, ""penny_theme"": false, ""premarket_volume"": null, ""prev_close"": null, ""rvol"": 0.036841338660923595, ""session_high"": 7.19, ""session_volume"": 281177.0, ""split_ratio_clean_integer"": null, ""symbol"": ""VEEA"", ""tick_size"": null}",6.66,6.64,6.7,0.02,2.0,1,1,SUPPRESSED,,,2026-09-17T13:39:26+00:00,33dfeedb3f51,e3d0803,,,,6.66,111.0,-48.995,1,1,target,1,2026-09-17T10:14:00Z,6.78,6.4,6.0275
13a9d2eea5646890,2026-09-17T06:14:00-04:00,none,KXIN,pullback,ibkr-DAIC-AEHL-VEEA,IBKR · TWS read-only · live,live-backfill,1m,2.3093,,,2.75,9076301.0,12.092341335916927,104.3628318584071,1510000.0,verified,finviz via premarket_stars.py,0,0,REJECT,catalyst,0,"[{""id"": ""price"", ""kills"": true, ""reason"": ""$2.31 is outside $2.00\u201320.00."", ""state"": ""PASS"", ""value"": ""$2.31  band $2.00\u201320.00""}, {""id"": ""float"", ""kills"": false, ""reason"": """", ""state"": ""PASS"", ""value"": ""1.5M (verified)""}, {""id"": ""catalyst"", ""kills"": true, ""reason"": ""No catalyst dated today and no live theme it belongs to."", ""state"": ""FAIL"", ""value"": ""none""}, {""id"": ""rising"", ""kills"": false, ""reason"": ""cascade already stopped"", ""state"": ""NOT_APPLICABLE"", ""value"": ""\u2014""}, {""id"": ""split"", ""kills"": false, ""reason"": ""cascade already stopped"", ""state"": ""NOT_APPLICABLE"", ""value"": ""\u2014""}, {""id"": ""instrument"", ""kills"": false, ""reason"": ""cascade already stopped"", ""state"": ""NOT_APPLICABLE"", ""value"": ""\u2014""}, {""id"": ""tick"", ""kills"": false, ""reason"": ""cascade already stopped"", ""state"": ""NOT_APPLICABLE"", ""value"": ""\u2014""}, {""id"": ""buyout"", ""kills"": false, ""reason"": ""cascade already stopped"", ""state"": ""NOT_APPLICABLE"", ""value"": ""\u2014""}]",[],"{""above_ema9"": true, ""above_vwap"": true, ""buyout_announced"": false, ""catalyst_today"": false, ""change_pct"": 104.3628318584071, ""feed_stale"": false, ""float_is_shares_outstanding"": false, ""float_shares"": 1510000.0, ""float_verified"": true, ""halted"": false, ""in_session_window"": true, ""is_fund_or_etf"": null, ""last"": 2.3093, ""live_theme"": false, ""macd_positive_and_above_signal"": true, ""penny_theme"": false, ""premarket_volume"": null, ""prev_close"": null, ""rvol"": 12.092341335916927, ""session_high"": 2.75, ""session_volume"": 9076301.0, ""split_ratio_clean_integer"": null, ""symbol"": ""KXIN"", ""tick_size"": null}",2.28,2.18,2.48,0.1,2.0,2,0,SUPPRESSED,,,2026-09-17T13:39:57+00:00,33dfeedb3f51,e3d0803,,,,2.28,5.3,-7.5,1,1,stop,1,2026-09-17T10:15:00Z,2.31,1.945,1.821
6ca8fa618f9aee07,2026-09-17T06:31:00-04:00,none,KXIN,pullback,ibkr-DAIC-AEHL-VEEA,IBKR · TWS read-only · live,live-backfill,1m,2.19,,,2.75,9908347.0,13.200874893715895,93.80530973451329,1510000.0,verified,finviz via premarket_stars.py,0,0,REJECT,catalyst,0,"[{""id"": ""price"", ""kills"": true, ""reason"": ""$2.19 is outside $2.00\u201320.00."", ""state"": ""PASS"", ""value"": ""$2.19  band $2.00\u201320.00""}, {""id"": ""float"", ""kills"": false, ""reason"": """", ""state"": ""PASS"", ""value"": ""1.5M (verified)""}, {""id"": ""catalyst"", ""kills"": true, ""reason"": ""No catalyst dated today and no live theme it belongs to."", ""state"": ""FAIL"", ""value"": ""none""}, {""id"": ""rising"", ""kills"": false, ""reason"": ""cascade already stopped"", ""state"": ""NOT_APPLICABLE"", ""value"": ""\u2014""}, {""id"": ""split"", ""kills"": false, ""reason"": ""cascade already stopped"", ""state"": ""NOT_APPLICABLE"", ""value"": ""\u2014""}, {""id"": ""instrument"", ""kills"": false, ""reason"": ""cascade already stopped"", ""state"": ""NOT_APPLICABLE"", ""value"": ""\u2014""}, {""id"": ""tick"", ""kills"": false, ""reason"": ""cascade already stopped"", ""state"": ""NOT_APPLICABLE"", ""value"": ""\u2014""}, {""id"": ""buyout"", ""kills"": false, ""reason"": ""cascade already stopped"", ""state"": ""NOT_APPLICABLE"", ""value"": ""\u2014""}]",[],"{""above_ema9"": true, ""above_vwap"": false, ""buyout_announced"": false, ""catalyst_today"": false, ""change_pct"": 93.80530973451329, ""feed_stale"": false, ""float_is_shares_outstanding"": false, ""float_shares"": 1510000.0, ""float_verified"": true, ""halted"": false, ""in_session_window"": true, ""is_fund_or_etf"": null, ""last"": 2.19, ""live_theme"": false, ""macd_positive_and_above_signal"": false, ""penny_theme"": false, ""premarket_volume"": null, ""prev_close"": null, ""rvol"": 13.200874893715895, ""session_high"": 2.75, ""session_volume"": 9908347.0, ""split_ratio_clean_integer"": null, ""symbol"": ""KXIN"", ""tick_size"": null}",2.21,2.18,2.27,0.03,2.0,2,1,SUPPRESSED,,,2026-09-17T13:39:57+00:00,33dfeedb3f51,e3d0803,,,,2.21,20.0,-14.6667,1,1,stop,1,2026-09-17T14:24:00Z,2.19,1.86,1.821
7cd79484558ff4ac,2026-09-17T06:33:00-04:00,none,DTSS,pullback,ibkr-DAIC-AEHL-VEEA,IBKR · TWS read-only · live,live-backfill,1m,0.7856,,,0.9365,4974228.0,22.352810858456436,32.88227334235454,8210000.000000001,verified,finviz via premarket_stars.py,0,0,REJECT,price,0,"[{""id"": ""price"", ""kills"": true, ""reason"": ""$0.79 is outside $2.00\u201320.00."", ""state"": ""FAIL"", ""value"": ""$0.79  band $2.00\u201320.00""}, {""id"": ""float"", ""kills"": false, ""reason"": ""cascade already stopped"", ""state"": ""NOT_APPLICABLE"", ""value"": ""\u2014""}, {""id"": ""catalyst"", ""kills"": false, ""reason"": ""cascade already stopped"", ""state"": ""NOT_APPLICABLE"", ""value"": ""\u2014""}, {""id"": ""rising"", ""kills"": false, ""reason"": ""cascade already stopped"", ""state"": ""NOT_APPLICABLE"", ""value"": ""\u2014""}, {""id"": ""split"", ""kills"": false, ""reason"": ""cascade already stopped"", ""state"": ""NOT_APPLICABLE"", ""value"": ""\u2014""}, {""id"": ""instrument"", ""kills"": false, ""reason"": ""cascade already stopped"", ""state"": ""NOT_APPLICABLE"", ""value"": ""\u2014""}, {""id"": ""tick"", ""kills"": false, ""reason"": ""cascade already stopped"", ""state"": ""NOT_APPLICABLE"", ""value"": ""\u2014""}, {""id"": ""buyout"", ""kills"": false, ""reason"": ""cascade already stopped"", ""state"": ""NOT_APPLICABLE"", ""value"": ""\u2014""}]",[],"{""above_ema9"": true, ""above_vwap"": true, ""buyout_announced"": false, ""catalyst_today"": false, ""change_pct"": 32.88227334235454, ""feed_stale"": false, ""float_is_shares_outstanding"": false, ""float_shares"": 8210000.000000001, ""float_verified"": true, ""halted"": false, ""in_session_window"": true, ""is_fund_or_etf"": null, ""last"": 0.7856, ""live_theme"": false, ""macd_positive_and_above_signal"": true, ""penny_theme"": false, ""premarket_volume"": null, ""prev_close"": null, ""rvol"": 22.352810858456436, ""session_high"": 0.9365, ""session_volume"": 4974228.0, ""split_ratio_clean_integer"": null, ""symbol"": ""DTSS"", ""tick_size"": null}",0.7957,0.76,0.8671,0.0357,2.0,2,0,SUPPRESSED,,,2026-09-17T13:39:57+00:00,33dfeedb3f51,e3d0803,,,,0.7957,41.8571,-5.5014,1,1,target,1,2026-09-17T10:36:00Z,0.8741,0.77,2.03
5bb72050b4296b3c,2026-09-17T06:36:00-04:00,none,DAIC,pullback,ibkr-DAIC-AEHL-VEEA,IBKR · TWS read-only · live,live-backfill,1m,4.02,,,5.03,12014673.0,1.2158439310576175,100.0,1340000.0,verified,finviz via premarket_stars.py,0,0,REJECT,catalyst,0,"[{""id"": ""price"", ""kills"": true, ""reason"": ""$4.02 is outside $2.00\u201320.00."", ""state"": ""PASS"", ""value"": ""$4.02  band $2.00\u201320.00""}, {""id"": ""float"", ""kills"": false, ""reason"": """", ""state"": ""PASS"", ""value"": ""1.3M (verified)""}, {""id"": ""catalyst"", ""kills"": true, ""reason"": ""No catalyst dated today and no live theme it belongs to."", ""state"": ""FAIL"", ""value"": ""none""}, {""id"": ""rising"", ""kills"": false, ""reason"": ""cascade already stopped"", ""state"": ""NOT_APPLICABLE"", ""value"": ""\u2014""}, {""id"": ""split"", ""kills"": false, ""reason"": ""cascade already stopped"", ""state"": ""NOT_APPLICABLE"", ""value"": ""\u2014""}, {""id"": ""instrument"", ""kills"": false, ""reason"": ""cascade already stopped"", ""state"": ""NOT_APPLICABLE"", ""value"": ""\u2014""}, {""id"": ""tick"", ""kills"": false, ""reason"": ""cascade already stopped"", ""state"": ""NOT_APPLICABLE"", ""value"": ""\u2014""}, {""id"": ""buyout"", ""kills"": false, ""reason"": ""cascade already stopped"", ""state"": ""NOT_APPLICABLE"", ""value"": ""\u2014""}]",[],"{""above_ema9"": false, ""above_vwap"": false, ""buyout_announced"": false, ""catalyst_today"": false, ""change_pct"": 100.0, ""feed_stale"": false, ""float_is_shares_outstanding"": false, ""float_shares"": 1340000.0, ""float_verified"": true, ""halted"": false, ""in_session_window"": true, ""is_fund_or_etf"": null, ""last"": 4.02, ""live_theme"": false, ""macd_positive_and_above_signal"": false, ""penny_theme"": false, ""premarket_volume"": null, ""prev_close"": null, ""rvol"": 1.2158439310576175, ""session_high"": 5.03, ""session_volume"": 12014673.0, ""split_ratio_clean_integer"": null, ""symbol"": ""DAIC"", ""tick_size"": null}",4.02,3.96,4.14,0.06,2.0,1,1,SUPPRESSED,,,2026-09-17T13:39:26+00:00,33dfeedb3f51,e3d0803,,,,4.02,52.1583,-6.8333,1,1,stop,1,2026-09-17T10:37:00Z,4.47,3.61,4.765
fddafff4694acb60,2026-09-17T06:36:00-04:00,none,AEMD,pullback,ibkr-DAIC-AEHL-VEEA,IBKR · TWS read-only · live,live-backfill,1m,3.0691,,,3.26,3023772.0,2.1845449706306814,114.62237762237764,1580000.0,verified,finviz via premarket_stars.py,0,0,REJECT,catalyst,0,"[{""id"": ""price"", ""kills"": true, ""reason"": ""$3.07 is outside $2.00\u201320.00."", ""state"": ""PASS"", ""value"": ""$3.07  band $2.00\u201320.00""}, {""id"": ""float"", ""kills"": false, ""reason"": """", ""state"": ""PASS"", ""value"": ""1.6M (verified)""}, {""id"": ""catalyst"", ""kills"": true, ""reason"": ""No catalyst dated today and no live theme it belongs to."", ""state"": ""FAIL"", ""value"": ""none""}, {""id"": ""rising"", ""kills"": false, ""reason"": ""cascade already stopped"", ""state"": ""NOT_APPLICABLE"", ""value"": ""\u2014""}, {""id"": ""split"", ""kills"": false, ""reason"": ""cascade already stopped"", ""state"": ""NOT_APPLICABLE"", ""value"": ""\u2014""}, {""id"": ""instrument"", ""kills"": false, ""reason"": ""cascade already stopped"", ""state"": ""NOT_APPLICABLE"", ""value"": ""\u2014""}, {""id"": ""tick"", ""kills"": false, ""reason"": ""cascade already stopped"", ""state"": ""NOT_APPLICABLE"", ""value"": ""\u2014""}, {""id"": ""buyout"", ""kills"": false, ""reason"": ""cascade already stopped"", ""state"": ""NOT_APPLICABLE"", ""value"": ""\u2014""}]",[],"{""above_ema9"": true, ""above_vwap"": true, ""buyout_announced"": false, ""catalyst_today"": false, ""change_pct"": 114.62237762237764, ""feed_stale"": false, ""float_is_shares_outstanding"": false, ""float_shares"": 1580000.0, ""float_verified"": true, ""halted"": false, ""in_session_window"": true, ""is_fund_or_etf"": null, ""last"": 3.0691, ""live_theme"": false, ""macd_positive_and_above_signal"": true, ""penny_theme"": false, ""premarket_volume"": null, ""prev_close"": null, ""rvol"": 2.1845449706306814, ""session_high"": 3.26, ""session_volume"": 3023772.0, ""split_ratio_clean_integer"": null, ""symbol"": ""AEMD"", ""tick_size"": null}",2.8768,2.4,3.8304,0.4768,2.0,4,0,SUPPRESSED,,,2026-09-17T13:39:57+00:00,33dfeedb3f51,e3d0803,,,,2.8768,23.3289,-0.0562,0,1,target,1,2026-09-17T10:37:00Z,14.0,2.85,7.0001
d1c225856a865ba1,2026-09-17T06:49:00-04:00,none,AEHL,pullback,ibkr-DAIC-AEHL-VEEA,IBKR · TWS read-only · live,live-backfill,1m,11.3,,,11.3,44650.0,0.02089469297026952,22.559652928416483,1390000.0,verified,finviz via premarket_stars.py,0,0,REJECT,catalyst,0,"[{""id"": ""price"", ""kills"": true, ""reason"": ""$11.30 is outside $2.00\u201320.00."", ""state"": ""PASS"", ""value"": ""$11.30  band $2.00\u201320.00""}, {""id"": ""float"", ""kills"": false, ""reason"": """", ""state"": ""PASS"", ""value"": ""1.4M (verified)""}, {""id"": ""catalyst"", ""kills"": true, ""reason"": ""No catalyst dated today and no live theme it belongs to."", ""state"": ""FAIL"", ""value"": ""none""}, {""id"": ""rising"", ""kills"": false, ""reason"": ""cascade already stopped"", ""state"": ""NOT_APPLICABLE"", ""value"": ""\u2014""}, {""id"": ""split"", ""kills"": false, ""reason"": ""cascade already stopped"", ""state"": ""NOT_APPLICABLE"", ""value"": ""\u2014""}, {""id"": ""instrument"", ""kills"": false, ""reason"": ""cascade already stopped"", ""state"": ""NOT_APPLICABLE"", ""value"": ""\u2014""}, {""id"": ""tick"", ""kills"": false, ""reason"": ""cascade already stopped"", ""state"": ""NOT_APPLICABLE"", ""value"": ""\u2014""}, {""id"": ""buyout"", ""kills"": false, ""reason"": ""cascade already stopped"", ""state"": ""NOT_APPLICABLE"", ""value"": ""\u2014""}]",[],"{""above_ema9"": true, ""above_vwap"": true, ""buyout_announced"": false, ""catalyst_today"": false, ""change_pct"": 22.559652928416483, ""feed_stale"": false, ""float_is_shares_outstanding"": false, ""float_shares"": 1390000.0, ""float_verified"": true, ""halted"": false, ""in_session_window"": true, ""is_fund_or_etf"": null, ""last"": 11.3, ""live_theme"": false, ""macd_positive_and_above_signal"": true, ""penny_theme"": false, ""premarket_volume"": null, ""prev_close"": null, ""rvol"": 0.02089469297026952, ""session_high"": 11.3, ""session_volume"": 44650.0, ""split_ratio_clean_integer"": null, ""symbol"": ""AEHL"", ""tick_size"": null}",11.3,10.29,13.32,1.01,2.0,1,0,SUPPRESSED,,,2026-09-17T13:39:26+00:00,33dfeedb3f51,e3d0803,,,,11.3,4.4356,-1.099,1,1,target,1,2026-09-17T10:50:00Z,13.35,10.81,11.73
c01eeeaa185efa47,2026-09-17T06:50:00-04:00,none,DAIC,pullback,ibkr-DAIC-AEHL-VEEA,IBKR · TWS read-only · live,live-backfill,1m,3.94,,,5.03,12387352.0,1.253557774820375,96.01990049751245,1340000.0,verified,finviz via premarket_stars.py,0,0,REJECT,catalyst,0,"[{""id"": ""price"", ""kills"": true, ""reason"": ""$3.94 is outside $2.00\u201320.00."", ""state"": ""PASS"", ""value"": ""$3.94  band $2.00\u201320.00""}, {""id"": ""float"", ""kills"": false, ""reason"": """", ""state"": ""PASS"", ""value"": ""1.3M (verified)""}, {""id"": ""catalyst"", ""kills"": true, ""reason"": ""No catalyst dated today and no live theme it belongs to."", ""state"": ""FAIL"", ""value"": ""none""}, {""id"": ""rising"", ""kills"": false, ""reason"": ""cascade already stopped"", ""state"": ""NOT_APPLICABLE"", ""value"": ""\u2014""}, {""id"": ""split"", ""kills"": false, ""reason"": ""cascade already stopped"", ""state"": ""NOT_APPLICABLE"", ""value"": ""\u2014""}, {""id"": ""instrument"", ""kills"": false, ""reason"": ""cascade already stopped"", ""state"": ""NOT_APPLICABLE"", ""value"": ""\u2014""}, {""id"": ""tick"", ""kills"": false, ""reason"": ""cascade already stopped"", ""state"": ""NOT_APPLICABLE"", ""value"": ""\u2014""}, {""id"": ""buyout"", ""kills"": false, ""reason"": ""cascade already stopped"", ""state"": ""NOT_APPLICABLE"", ""value"": ""\u2014""}]",[],"{""above_ema9"": true, ""above_vwap"": false, ""buyout_announced"": false, ""catalyst_today"": false, ""change_pct"": 96.01990049751245, ""feed_stale"": false, ""float_is_shares_outstanding"": false, ""float_shares"": 1340000.0, ""float_verified"": true, ""halted"": false, ""in_session_window"": true, ""is_fund_or_etf"": null, ""last"": 3.94, ""live_theme"": false, ""macd_positive_and_above_signal"": true, ""penny_theme"": false, ""premarket_volume"": null, ""prev_close"": null, ""rvol"": 1.253557774820375, ""session_high"": 5.03, ""session_volume"": 12387352.0, ""split_ratio_clean_integer"": null, ""symbol"": ""DAIC"", ""tick_size"": null}",3.96,3.9,4.08,0.06,2.0,1,1,SUPPRESSED,,,2026-09-17T13:39:26+00:00,33dfeedb3f51,e3d0803,,,,3.96,53.1583,-4.0,1,1,stop,1,2026-09-17T10:59:00Z,4.7199,3.61,4.765
cfff249658fc7074,2026-09-17T06:50:00-04:00,none,KXIN,pullback,ibkr-DAIC-AEHL-VEEA,IBKR · TWS read-only · live,live-backfill,1m,2.01,,,2.75,10649719.0,14.18860362603663,77.87610619469025,1510000.0,verified,finviz via premarket_stars.py,0,0,REJECT,catalyst,0,"[{""id"": ""price"", ""kills"": true, ""reason"": ""$2.01 is outside $2.00\u201320.00."", ""state"": ""PASS"", ""value"": ""$2.01  band $2.00\u201320.00""}, {""id"": ""float"", ""kills"": false, ""reason"": """", ""state"": ""PASS"", ""value"": ""1.5M (verified)""}, {""id"": ""catalyst"", ""kills"": true, ""reason"": ""No catalyst dated today and no live theme it belongs to."", ""state"": ""FAIL"", ""value"": ""none""}, {""id"": ""rising"", ""kills"": false, ""reason"": ""cascade already stopped"", ""state"": ""NOT_APPLICABLE"", ""value"": ""\u2014""}, {""id"": ""split"", ""kills"": false, ""reason"": ""cascade already stopped"", ""state"": ""NOT_APPLICABLE"", ""value"": ""\u2014""}, {""id"": ""instrument"", ""kills"": false, ""reason"": ""cascade already stopped"", ""state"": ""NOT_APPLICABLE"", ""value"": ""\u2014""}, {""id"": ""tick"", ""kills"": false, ""reason"": ""cascade already stopped"", ""state"": ""NOT_APPLICABLE"", ""value"": ""\u2014""}, {""id"": ""buyout"", ""kills"": false, ""reason"": ""cascade already stopped"", ""state"": ""NOT_APPLICABLE"", ""value"": ""\u2014""}]",[],"{""above_ema9"": true, ""above_vwap"": false, ""buyout_announced"": false, ""catalyst_today"": false, ""change_pct"": 77.87610619469025, ""feed_stale"": false, ""float_is_shares_outstanding"": false, ""float_shares"": 1510000.0, ""float_verified"": true, ""halted"": false, ""in_session_window"": true, ""is_fund_or_etf"": null, ""last"": 2.01, ""live_theme"": false, ""macd_positive_and_above_signal"": false, ""penny_theme"": false, ""premarket_volume"": null, ""prev_close"": null, ""rvol"": 14.18860362603663, ""session_high"": 2.75, ""session_volume"": 10649719.0, ""split_ratio_clean_integer"": null, ""symbol"": ""KXIN"", ""tick_size"": null}",1.99,1.96,2.05,0.03,2.0,2,0,SUPPRESSED,,,2026-09-17T13:39:57+00:00,33dfeedb3f51,e3d0803,,,,1.99,27.3333,-15.3333,1,1,stop,1,2026-09-17T10:51:00Z,2.03,1.86,1.821
2b963401210fd62b,2026-09-17T06:59:00-04:00,none,AEMD,pullback,ibkr-DAIC-AEHL-VEEA,IBKR · TWS read-only · live,live-backfill,1m,8.45,,,14.0,13378291.0,9.665238754669238,490.90909090909093,1580000.0,verified,finviz via premarket_stars.py,0,0,REJECT,catalyst,0,"[{""id"": ""price"", ""kills"": true, ""reason"": ""$8.45 is outside $2.00\u201320.00."", ""state"": ""PASS"", ""value"": ""$8.45  band $2.00\u201320.00""}, {""id"": ""float"", ""kills"": false, ""reason"": """", ""state"": ""PASS"", ""value"": ""1.6M (verified)""}, {""id"": ""catalyst"", ""kills"": true, ""reason"": ""No catalyst dated today and no live theme it belongs to."", ""state"": ""FAIL"", ""value"": ""none""}, {""id"": ""rising"", ""kills"": false, ""reason"": ""cascade already stopped"", ""state"": ""NOT_APPLICABLE"", ""value"": ""\u2014""}, {""id"": ""split"", ""kills"": false, ""reason"": ""cascade already stopped"", ""state"": ""NOT_APPLICABLE"", ""value"": ""\u2014""}, {""id"": ""instrument"", ""kills"": false, ""reason"": ""cascade already stopped"", ""state"": ""NOT_APPLICABLE"", ""value"": ""\u2014""}, {""id"": ""tick"", ""kills"": false, ""reason"": ""cascade already stopped"", ""state"": ""NOT_APPLICABLE"", ""value"": ""\u2014""}, {""id"": ""buyout"", ""kills"": false, ""reason"": ""cascade already stopped"", ""state"": ""NOT_APPLICABLE"", ""value"": ""\u2014""}]",[],"{""above_ema9"": true, ""above_vwap"": true, ""buyout_announced"": false, ""catalyst_today"": false, ""change_pct"": 490.90909090909093, ""feed_stale"": false, ""float_is_shares_outstanding"": false, ""float_shares"": 1580000.0, ""float_verified"": true, ""halted"": false, ""in_session_window"": true, ""is_fund_or_etf"": null, ""last"": 8.45, ""live_theme"": false, ""macd_positive_and_above_signal"": true, ""penny_theme"": false, ""premarket_volume"": null, ""prev_close"": null, ""rvol"": 9.665238754669238, ""session_high"": 14.0, ""session_volume"": 13378291.0, ""split_ratio_clean_integer"": null, ""symbol"": ""AEMD"", ""tick_size"": null}",8.2,7.44,9.72,0.76,2.0,2,1,SUPPRESSED,,,2026-09-17T13:39:57+00:00,33dfeedb3f51,e3d0803,,,,8.2,2.1447,-2.2368,1,1,stop,1,2026-09-17T11:00:00Z,8.5,6.55,7.0001
dc66c14331e09dac,2026-09-17T07:03:00-04:00,premarket,DAIC,pullback,ibkr-DAIC-AEHL-VEEA,IBKR · TWS read-only · live,live-backfill,1m,4.32,,,5.03,14016704.0,1.4184426402475565,114.9253731343284,1340000.0,verified,finviz via premarket_stars.py,0,0,REJECT,catalyst,0,"[{""id"": ""price"", ""kills"": true, ""reason"": ""$4.32 is outside $2.00\u201320.00."", ""state"": ""PASS"", ""value"": ""$4.32  band $2.00\u201320.00""}, {""id"": ""float"", ""kills"": false, ""reason"": """", ""state"": ""PASS"", ""value"": ""1.3M (verified)""}, {""id"": ""catalyst"", ""kills"": true, ""reason"": ""No catalyst dated today and no live theme it belongs to."", ""state"": ""FAIL"", ""value"": ""none""}, {""id"": ""rising"", ""kills"": false, ""reason"": ""cascade already stopped"", ""state"": ""NOT_APPLICABLE"", ""value"": ""\u2014""}, {""id"": ""split"", ""kills"": false, ""reason"": ""cascade already stopped"", ""state"": ""NOT_APPLICABLE"", ""value"": ""\u2014""}, {""id"": ""instrument"", ""kills"": false, ""reason"": ""cascade already stopped"", ""state"": ""NOT_APPLICABLE"", ""value"": ""\u2014""}, {""id"": ""tick"", ""kills"": false, ""reason"": ""cascade already stopped"", ""state"": ""NOT_APPLICABLE"", ""value"": ""\u2014""}, {""id"": ""buyout"", ""kills"": false, ""reason"": ""cascade already stopped"", ""state"": ""NOT_APPLICABLE"", ""value"": ""\u2014""}]",[],"{""above_ema9"": true, ""above_vwap"": true, ""buyout_announced"": false, ""catalyst_today"": false, ""change_pct"": 114.9253731343284, ""feed_stale"": false, ""float_is_shares_outstanding"": false, ""float_shares"": 1340000.0, ""float_verified"": true, ""halted"": false, ""in_session_window"": true, ""is_fund_or_etf"": null, ""last"": 4.32, ""live_theme"": false, ""macd_positive_and_above_signal"": true, ""penny_theme"": false, ""premarket_volume"": null, ""prev_close"": null, ""rvol"": 1.4184426402475565, ""session_high"": 5.03, ""session_volume"": 14016704.0, ""split_ratio_clean_integer"": null, ""symbol"": ""DAIC"", ""tick_size"": null}",4.41,4.19,4.85,0.22,2.0,1,0,SUPPRESSED,,,2026-09-17T13:39:26+00:00,33dfeedb3f51,e3d0803,,,,4.41,12.4523,-3.1364,1,1,stop,1,2026-09-17T11:06:00Z,4.7199,4.04,4.765
e95c133336d52de4,2026-09-17T07:06:00-04:00,premarket,AEMD,pullback,ibkr-DAIC-AEHL-VEEA,IBKR · TWS read-only · live,live-backfill,1m,7.85,,,14.0,14996611.0,10.834405218566333,448.9510489510489,1580000.0,verified,finviz via premarket_stars.py,0,0,REJECT,catalyst,0,"[{""id"": ""price"", ""kills"": true, ""reason"": ""$7.85 is outside $2.00\u201320.00."", ""state"": ""PASS"", ""value"": ""$7.85  band $2.00\u201320.00""}, {""id"": ""float"", ""kills"": false, ""reason"": """", ""state"": ""PASS"", ""value"": ""1.6M (verified)""}, {""id"": ""catalyst"", ""kills"": true, ""reason"": ""No catalyst dated today and no live theme it belongs to."", ""state"": ""FAIL"", ""value"": ""none""}, {""id"": ""rising"", ""kills"": false, ""reason"": ""cascade already stopped"", ""state"": ""NOT_APPLICABLE"", ""value"": ""\u2014""}, {""id"": ""split"", ""kills"": false, ""reason"": ""cascade already stopped"", ""state"": ""NOT_APPLICABLE"", ""value"": ""\u2014""}, {""id"": ""instrument"", ""kills"": false, ""reason"": ""cascade already stopped"", ""state"": ""NOT_APPLICABLE"", ""value"": ""\u2014""}, {""id"": ""tick"", ""kills"": false, ""reason"": ""cascade already stopped"", ""state"": ""NOT_APPLICABLE"", ""value"": ""\u2014""}, {""id"": ""buyout"", ""kills"": false, ""reason"": ""cascade already stopped"", ""state"": ""NOT_APPLICABLE"", ""value"": ""\u2014""}]",[],"{""above_ema9"": true, ""above_vwap"": true, ""buyout_announced"": false, ""catalyst_today"": false, ""change_pct"": 448.9510489510489, ""feed_stale"": false, ""float_is_shares_outstanding"": false, ""float_shares"": 1580000.0, ""float_verified"": true, ""halted"": false, ""in_session_window"": true, ""is_fund_or_etf"": null, ""last"": 7.85, ""live_theme"": false, ""macd_positive_and_above_signal"": false, ""penny_theme"": false, ""premarket_volume"": null, ""prev_close"": null, ""rvol"": 10.834405218566333, ""session_high"": 14.0, ""session_volume"": 14996611.0, ""split_ratio_clean_integer"": null, ""symbol"": ""AEMD"", ""tick_size"": null}",7.8,7.49,8.42,0.31,2.0,2,1,SUPPRESSED,,,2026-09-17T13:39:57+00:00,33dfeedb3f51,e3d0803,,,,7.8,6.5484,-4.1935,1,1,stop,1,2026-09-17T11:07:00Z,8.26,6.55,7.0001
a9488d7e076d0bb4,2026-09-17T07:07:00-04:00,premarket,VEEA,pullback,ibkr-DAIC-AEHL-VEEA,IBKR · TWS read-only · live,live-backfill,1m,6.827,,,7.19,394316.0,0.05166542532077925,11.918032786885258,1590000.0,verified,finviz via premarket_stars.py,0,0,REJECT,catalyst,0,"[{""id"": ""price"", ""kills"": true, ""reason"": ""$6.83 is outside $2.00\u201320.00."", ""state"": ""PASS"", ""value"": ""$6.83  band $2.00\u201320.00""}, {""id"": ""float"", ""kills"": false, ""reason"": """", ""state"": ""PASS"", ""value"": ""1.6M (verified)""}, {""id"": ""catalyst"", ""kills"": true, ""reason"": ""No catalyst dated today and no live theme it belongs to."", ""state"": ""FAIL"", ""value"": ""none""}, {""id"": ""rising"", ""kills"": false, ""reason"": ""cascade already stopped"", ""state"": ""NOT_APPLICABLE"", ""value"": ""\u2014""}, {""id"": ""split"", ""kills"": false, ""reason"": ""cascade already stopped"", ""state"": ""NOT_APPLICABLE"", ""value"": ""\u2014""}, {""id"": ""instrument"", ""kills"": false, ""reason"": ""cascade already stopped"", ""state"": ""NOT_APPLICABLE"", ""value"": ""\u2014""}, {""id"": ""tick"", ""kills"": false, ""reason"": ""cascade already stopped"", ""state"": ""NOT_APPLICABLE"", ""value"": ""\u2014""}, {""id"": ""buyout"", ""kills"": false, ""reason"": ""cascade already stopped"", ""state"": ""NOT_APPLICABLE"", ""value"": ""\u2014""}]",[],"{""above_ema9"": true, ""above_vwap"": true, ""buyout_announced"": false, ""catalyst_today"": false, ""change_pct"": 11.918032786885258, ""feed_stale"": false, ""float_is_shares_outstanding"": false, ""float_shares"": 1590000.0, ""float_verified"": true, ""halted"": false, ""in_session_window"": true, ""is_fund_or_etf"": null, ""last"": 6.827, ""live_theme"": false, ""macd_positive_and_above_signal"": false, ""penny_theme"": false, ""premarket_volume"": null, ""prev_close"": null, ""rvol"": 0.05166542532077925, ""session_high"": 7.19, ""session_volume"": 394316.0, ""split_ratio_clean_integer"": null, ""symbol"": ""VEEA"", ""tick_size"": null}",6.74,6.69,6.84,0.05,2.0,4,1,SUPPRESSED,,,2026-09-17T13:39:26+00:00,33dfeedb3f51,e3d0803,,,,6.74,42.8,-21.198,1,1,target,1,2026-09-17T11:08:00Z,7.89,6.43,6.0275
e9e982d63bc5ac10,2026-09-17T07:08:00-04:00,premarket,KXIN,pullback,ibkr-DAIC-AEHL-VEEA,IBKR · TWS read-only · live,live-backfill,1m,1.94,,,2.75,11578585.0,15.426130315304405,71.68141592920354,1510000.0,verified,finviz via premarket_stars.py,0,0,REJECT,price,0,"[{""id"": ""price"", ""kills"": true, ""reason"": ""$1.94 is outside $2.00\u201320.00."", ""state"": ""FAIL"", ""value"": ""$1.94  band $2.00\u201320.00""}, {""id"": ""float"", ""kills"": false, ""reason"": ""cascade already stopped"", ""state"": ""NOT_APPLICABLE"", ""value"": ""\u2014""}, {""id"": ""catalyst"", ""kills"": false, ""reason"": ""cascade already stopped"", ""state"": ""NOT_APPLICABLE"", ""value"": ""\u2014""}, {""id"": ""rising"", ""kills"": false, ""reason"": ""cascade already stopped"", ""state"": ""NOT_APPLICABLE"", ""value"": ""\u2014""}, {""id"": ""split"", ""kills"": false, ""reason"": ""cascade already stopped"", ""state"": ""NOT_APPLICABLE"", ""value"": ""\u2014""}, {""id"": ""instrument"", ""kills"": false, ""reason"": ""cascade already stopped"", ""state"": ""NOT_APPLICABLE"", ""value"": ""\u2014""}, {""id"": ""tick"", ""kills"": false, ""reason"": ""cascade already stopped"", ""state"": ""NOT_APPLICABLE"", ""value"": ""\u2014""}, {""id"": ""buyout"", ""kills"": false, ""reason"": ""cascade already stopped"", ""state"": ""NOT_APPLICABLE"", ""value"": ""\u2014""}]",[],"{""above_ema9"": true, ""above_vwap"": false, ""buyout_announced"": false, ""catalyst_today"": false, ""change_pct"": 71.68141592920354, ""feed_stale"": false, ""float_is_shares_outstanding"": false, ""float_shares"": 1510000.0, ""float_verified"": true, ""halted"": false, ""in_session_window"": true, ""is_fund_or_etf"": null, ""last"": 1.94, ""live_theme"": false, ""macd_positive_and_above_signal"": true, ""penny_theme"": false, ""premarket_volume"": null, ""prev_close"": null, ""rvol"": 15.426130315304405, ""session_high"": 2.75, ""session_volume"": 11578585.0, ""split_ratio_clean_integer"": null, ""symbol"": ""KXIN"", ""tick_size"": null}",1.95,1.9,2.05,0.05,2.0,1,1,SUPPRESSED,,,2026-09-17T13:39:57+00:00,33dfeedb3f51,e3d0803,,,,1.95,17.2,-8.4,1,1,target,1,2026-09-17T11:13:00Z,2.09,1.91,1.821
f574fc40b16113d9,2026-09-17T07:19:00-04:00,premarket,AEMD,pullback,ibkr-DAIC-AEHL-VEEA,IBKR · TWS read-only · live,live-backfill,1m,8.01,,,14.0,17756838.0,12.828550283289802,460.13986013986016,1580000.0,verified,finviz via premarket_stars.py,0,0,REJECT,catalyst,0,"[{""id"": ""price"", ""kills"": true, ""reason"": ""$8.01 is outside $2.00\u201320.00."", ""state"": ""PASS"", ""value"": ""$8.01  band $2.00\u201320.00""}, {""id"": ""float"", ""kills"": false, ""reason"": """", ""state"": ""PASS"", ""value"": ""1.6M (verified)""}, {""id"": ""catalyst"", ""kills"": true, ""reason"": ""No catalyst dated today and no live theme it belongs to."", ""state"": ""FAIL"", ""value"": ""none""}, {""id"": ""rising"", ""kills"": false, ""reason"": ""cascade already stopped"", ""state"": ""NOT_APPLICABLE"", ""value"": ""\u2014""}, {""id"": ""split"", ""kills"": false, ""reason"": ""cascade already stopped"", ""state"": ""NOT_APPLICABLE"", ""value"": ""\u2014""}, {""id"": ""instrument"", ""kills"": false, ""reason"": ""cascade already stopped"", ""state"": ""NOT_APPLICABLE"", ""value"": ""\u2014""}, {""id"": ""tick"", ""kills"": false, ""reason"": ""cascade already stopped"", ""state"": ""NOT_APPLICABLE"", ""value"": ""\u2014""}, {""id"": ""buyout"", ""kills"": false, ""reason"": ""cascade already stopped"", ""state"": ""NOT_APPLICABLE"", ""value"": ""\u2014""}]",[],"{""above_ema9"": true, ""above_vwap"": true, ""buyout_announced"": false, ""catalyst_today"": false, ""change_pct"": 460.13986013986016, ""feed_stale"": false, ""float_is_shares_outstanding"": false, ""float_shares"": 1580000.0, ""float_verified"": true, ""halted"": false, ""in_session_window"": true, ""is_fund_or_etf"": null, ""last"": 8.01, ""live_theme"": false, ""macd_positive_and_above_signal"": false, ""penny_theme"": false, ""premarket_volume"": null, ""prev_close"": null, ""rvol"": 12.828550283289802, ""session_high"": 14.0, ""session_volume"": 17756838.0, ""split_ratio_clean_integer"": null, ""symbol"": ""AEMD"", ""tick_size"": null}",8.11,7.69,8.95,0.42,2.0,1,1,SUPPRESSED,,,2026-09-17T13:39:57+00:00,33dfeedb3f51,e3d0803,,,,8.11,4.0952,-3.8333,1,1,stop,1,2026-09-17T11:20:00Z,8.26,6.71,7.0001
d4e4c7811b29f31c,2026-09-17T07:21:00-04:00,premarket,DTSS,pullback,ibkr-DAIC-AEHL-VEEA,IBKR · TWS read-only · live,live-backfill,1m,0.7739,,,0.9365,6579844.0,29.568007017400376,30.90324763193506,8210000.000000001,verified,finviz via premarket_stars.py,0,0,REJECT,price,0,"[{""id"": ""price"", ""kills"": true, ""reason"": ""$0.77 is outside $2.00\u201320.00."", ""state"": ""FAIL"", ""value"": ""$0.77  band $2.00\u201320.00""}, {""id"": ""float"", ""kills"": false, ""reason"": ""cascade already stopped"", ""state"": ""NOT_APPLICABLE"", ""value"": ""\u2014""}, {""id"": ""catalyst"", ""kills"": false, ""reason"": ""cascade already stopped"", ""state"": ""NOT_APPLICABLE"", ""value"": ""\u2014""}, {""id"": ""rising"", ""kills"": false, ""reason"": ""cascade already stopped"", ""state"": ""NOT_APPLICABLE"", ""value"": ""\u2014""}, {""id"": ""split"", ""kills"": false, ""reason"": ""cascade already stopped"", ""state"": ""NOT_APPLICABLE"", ""value"": ""\u2014""}, {""id"": ""instrument"", ""kills"": false, ""reason"": ""cascade already stopped"", ""state"": ""NOT_APPLICABLE"", ""value"": ""\u2014""}, {""id"": ""tick"", ""kills"": false, ""reason"": ""cascade already stopped"", ""state"": ""NOT_APPLICABLE"", ""value"": ""\u2014""}, {""id"": ""buyout"", ""kills"": false, ""reason"": ""cascade already stopped"", ""state"": ""NOT_APPLICABLE"", ""value"": ""\u2014""}]",[],"{""above_ema9"": true, ""above_vwap"": false, ""buyout_announced"": false, ""catalyst_today"": false, ""change_pct"": 30.90324763193506, ""feed_stale"": false, ""float_is_shares_outstanding"": false, ""float_shares"": 8210000.000000001, ""float_verified"": true, ""halted"": false, ""in_session_window"": true, ""is_fund_or_etf"": null, ""last"": 0.7739, ""live_theme"": false, ""macd_positive_and_above_signal"": false, ""penny_theme"": false, ""premarket_volume"": null, ""prev_close"": null, ""rvol"": 29.568007017400376, ""session_high"": 0.9365, ""session_volume"": 6579844.0, ""split_ratio_clean_integer"": null, ""symbol"": ""DTSS"", ""tick_size"": null}",0.7829,0.7414,0.8659,0.0415,2.0,1,1,SUPPRESSED,,,2026-09-17T13:39:57+00:00,33dfeedb3f51,e3d0803,,,,0.7829,36.3157,-2.0,1,1,stop,1,2026-09-17T13:11:00Z,0.7739,0.6995,2.03
950cf126bc430b5c,2026-09-17T07:23:00-04:00,premarket,DAIC,pullback,ibkr-DAIC-AEHL-VEEA,IBKR · TWS read-only · live,live-backfill,1m,4.16,,,5.03,17115344.0,1.7320144402068542,106.96517412935327,1340000.0,verified,finviz via premarket_stars.py,0,0,REJECT,catalyst,0,"[{""id"": ""price"", ""kills"": true, ""reason"": ""$4.16 is outside $2.00\u201320.00."", ""state"": ""PASS"", ""value"": ""$4.16  band $2.00\u201320.00""}, {""id"": ""float"", ""kills"": false, ""reason"": """", ""state"": ""PASS"", ""value"": ""1.3M (verified)""}, {""id"": ""catalyst"", ""kills"": true, ""reason"": ""No catalyst dated today and no live theme it belongs to."", ""state"": ""FAIL"", ""value"": ""none""}, {""id"": ""rising"", ""kills"": false, ""reason"": ""cascade already stopped"", ""state"": ""NOT_APPLICABLE"", ""value"": ""\u2014""}, {""id"": ""split"", ""kills"": false, ""reason"": ""cascade already stopped"", ""state"": ""NOT_APPLICABLE"", ""value"": ""\u2014""}, {""id"": ""instrument"", ""kills"": false, ""reason"": ""cascade already stopped"", ""state"": ""NOT_APPLICABLE"", ""value"": ""\u2014""}, {""id"": ""tick"", ""kills"": false, ""reason"": ""cascade already stopped"", ""state"": ""NOT_APPLICABLE"", ""value"": ""\u2014""}, {""id"": ""buyout"", ""kills"": false, ""reason"": ""cascade already stopped"", ""state"": ""NOT_APPLICABLE"", ""value"": ""\u2014""}]",[],"{""above_ema9"": false, ""above_vwap"": false, ""buyout_announced"": false, ""catalyst_today"": false, ""change_pct"": 106.96517412935327, ""feed_stale"": false, ""float_is_shares_outstanding"": false, ""float_shares"": 1340000.0, ""float_verified"": true, ""halted"": false, ""in_session_window"": true, ""is_fund_or_etf"": null, ""last"": 4.16, ""live_theme"": false, ""macd_positive_and_above_signal"": false, ""penny_theme"": false, ""premarket_volume"": null, ""prev_close"": null, ""rvol"": 1.7320144402068542, ""session_high"": 5.03, ""session_volume"": 17115344.0, ""split_ratio_clean_integer"": null, ""symbol"": ""DAIC"", ""tick_size"": null}",4.29,4.21,4.45,0.08,2.0,1,1,SUPPRESSED,,,2026-09-17T13:39:26+00:00,33dfeedb3f51,e3d0803,,,,4.29,35.7437,-4.5,1,1,stop,1,2026-09-17T12:58:00Z,4.23,4.024,4.765
37e1a64366a94e44,2026-09-17T07:32:00-04:00,premarket,AEHL,pullback,ibkr-DAIC-AEHL-VEEA,IBKR · TWS read-only · live,live-backfill,1m,11.47,,,13.35,443488.0,0.20753741536391687,24.40347071583513,1390000.0,verified,finviz via premarket_stars.py,0,0,REJECT,catalyst,0,"[{""id"": ""price"", ""kills"": true, ""reason"": ""$11.47 is outside $2.00\u201320.00."", ""state"": ""PASS"", ""value"": ""$11.47  band $2.00\u201320.00""}, {""id"": ""float"", ""kills"": false, ""reason"": """", ""state"": ""PASS"", ""value"": ""1.4M (verified)""}, {""id"": ""catalyst"", ""kills"": true, ""reason"": ""No catalyst dated today and no live theme it belongs to."", ""state"": ""FAIL"", ""value"": ""none""}, {""id"": ""rising"", ""kills"": false, ""reason"": ""cascade already stopped"", ""state"": ""NOT_APPLICABLE"", ""value"": ""\u2014""}, {""id"": ""split"", ""kills"": false, ""reason"": ""cascade already stopped"", ""state"": ""NOT_APPLICABLE"", ""value"": ""\u2014""}, {""id"": ""instrument"", ""kills"": false, ""reason"": ""cascade already stopped"", ""state"": ""NOT_APPLICABLE"", ""value"": ""\u2014""}, {""id"": ""tick"", ""kills"": false, ""reason"": ""cascade already stopped"", ""state"": ""NOT_APPLICABLE"", ""value"": ""\u2014""}, {""id"": ""buyout"", ""kills"": false, ""reason"": ""cascade already stopped"", ""state"": ""NOT_APPLICABLE"", ""value"": ""\u2014""}]",[],"{""above_ema9"": true, ""above_vwap"": false, ""buyout_announced"": false, ""catalyst_today"": false, ""change_pct"": 24.40347071583513, ""feed_stale"": false, ""float_is_shares_outstanding"": false, ""float_shares"": 1390000.0, ""float_verified"": true, ""halted"": false, ""in_session_window"": true, ""is_fund_or_etf"": null, ""last"": 11.47, ""live_theme"": false, ""macd_positive_and_above_signal"": false, ""penny_theme"": false, ""premarket_volume"": null, ""prev_close"": null, ""rvol"": 0.20753741536391687, ""session_high"": 13.35, ""session_volume"": 443488.0, ""split_ratio_clean_integer"": null, ""symbol"": ""AEHL"", ""tick_size"": null}",11.46,11.29,11.8,0.17,2.0,2,1,SUPPRESSED,,,2026-09-17T13:39:26+00:00,33dfeedb3f51,e3d0803,,,,11.46,25.4118,-7.4706,1,1,stop,1,2026-09-17T11:33:00Z,12.68,11.25,11.73
a1607606e69b9305,2026-09-17T07:34:00-04:00,premarket,VEEA,pullback,ibkr-DAIC-AEHL-VEEA,IBKR · TWS read-only · live,live-backfill,1m,6.85,,,7.89,1200381.0,0.15728044236597633,12.295081967213118,1590000.0,verified,finviz via premarket_stars.py,0,0,REJECT,catalyst,0,"[{""id"": ""price"", ""kills"": true, ""reason"": ""$6.85 is outside $2.00\u201320.00."", ""state"": ""PASS"", ""value"": ""$6.85  band $2.00\u201320.00""}, {""id"": ""float"", ""kills"": false, ""reason"": """", ""state"": ""PASS"", ""value"": ""1.6M (verified)""}, {""id"": ""catalyst"", ""kills"": true, ""reason"": ""No catalyst dated today and no live theme it belongs to."", ""state"": ""FAIL"", ""value"": ""none""}, {""id"": ""rising"", ""kills"": false, ""reason"": ""cascade already stopped"", ""state"": ""NOT_APPLICABLE"", ""value"": ""\u2014""}, {""id"": ""split"", ""kills"": false, ""reason"": ""cascade already stopped"", ""state"": ""NOT_APPLICABLE"", ""value"": ""\u2014""}, {""id"": ""instrument"", ""kills"": false, ""reason"": ""cascade already stopped"", ""state"": ""NOT_APPLICABLE"", ""value"": ""\u2014""}, {""id"": ""tick"", ""kills"": false, ""reason"": ""cascade already stopped"", ""state"": ""NOT_APPLICABLE"", ""value"": ""\u2014""}, {""id"": ""buyout"", ""kills"": false, ""reason"": ""cascade already stopped"", ""state"": ""NOT_APPLICABLE"", ""value"": ""\u2014""}]",[],"{""above_ema9"": true, ""above_vwap"": false, ""buyout_announced"": false, ""catalyst_today"": false, ""change_pct"": 12.295081967213118, ""feed_stale"": false, ""float_is_shares_outstanding"": false, ""float_shares"": 1590000.0, ""float_verified"": true, ""halted"": false, ""in_session_window"": true, ""is_fund_or_etf"": null, ""last"": 6.85, ""live_theme"": false, ""macd_positive_and_above_signal"": false, ""penny_theme"": false, ""premarket_volume"": null, ""prev_close"": null, ""rvol"": 0.15728044236597633, ""session_high"": 7.89, ""session_volume"": 1200381.0, ""split_ratio_clean_integer"": null, ""symbol"": ""VEEA"", ""tick_size"": null}",6.72,6.6,6.96,0.12,2.0,2,1,SUPPRESSED,,,2026-09-17T13:39:26+00:00,33dfeedb3f51,e3d0803,,,,6.72,18.0,-8.6658,1,1,target,1,2026-09-17T11:35:00Z,8.12,6.76,6.0275
111e607efa2f1b1c,2026-09-17T07:45:00-04:00,premarket,VEEA,pullback,ibkr-DAIC-AEHL-VEEA,IBKR · TWS read-only · live,live-backfill,1m,7.5469,,,7.89,1594706.0,0.20894704691566815,23.71967213114754,1590000.0,verified,finviz via premarket_stars.py,0,0,REJECT,catalyst,0,"[{""id"": ""price"", ""kills"": true, ""reason"": ""$7.55 is outside $2.00\u201320.00."", ""state"": ""PASS"", ""value"": ""$7.55  band $2.00\u201320.00""}, {""id"": ""float"", ""kills"": false, ""reason"": """", ""state"": ""PASS"", ""value"": ""1.6M (verified)""}, {""id"": ""catalyst"", ""kills"": true, ""reason"": ""No catalyst dated today and no live theme it belongs to."", ""state"": ""FAIL"", ""value"": ""none""}, {""id"": ""rising"", ""kills"": false, ""reason"": ""cascade already stopped"", ""state"": ""NOT_APPLICABLE"", ""value"": ""\u2014""}, {""id"": ""split"", ""kills"": false, ""reason"": ""cascade already stopped"", ""state"": ""NOT_APPLICABLE"", ""value"": ""\u2014""}, {""id"": ""instrument"", ""kills"": false, ""reason"": ""cascade already stopped"", ""state"": ""NOT_APPLICABLE"", ""value"": ""\u2014""}, {""id"": ""tick"", ""kills"": false, ""reason"": ""cascade already stopped"", ""state"": ""NOT_APPLICABLE"", ""value"": ""\u2014""}, {""id"": ""buyout"", ""kills"": false, ""reason"": ""cascade already stopped"", ""state"": ""NOT_APPLICABLE"", ""value"": ""\u2014""}]",[],"{""above_ema9"": true, ""above_vwap"": true, ""buyout_announced"": false, ""catalyst_today"": false, ""change_pct"": 23.71967213114754, ""feed_stale"": false, ""float_is_shares_outstanding"": false, ""float_shares"": 1590000.0, ""float_verified"": true, ""halted"": false, ""in_session_window"": true, ""is_fund_or_etf"": null, ""last"": 7.5469, ""live_theme"": false, ""macd_positive_and_above_signal"": true, ""penny_theme"": false, ""premarket_volume"": null, ""prev_close"": null, ""rvol"": 0.20894704691566815, ""session_high"": 7.89, ""session_volume"": 1594706.0, ""split_ratio_clean_integer"": null, ""symbol"": ""VEEA"", ""tick_size"": null}",7.5,7.29,7.92,0.21,2.0,1,0,SUPPRESSED,,,2026-09-17T13:39:26+00:00,33dfeedb3f51,e3d0803,,,,7.5,6.5714,-8.6662,1,1,target,1,2026-09-17T11:46:00Z,8.61,7.3,6.0275
f19198f799673aa0,2026-09-17T07:48:00-04:00,premarket,DTSS,pullback,ibkr-DAIC-AEHL-VEEA,IBKR · TWS read-only · live,live-backfill,1m,0.7286,,,0.9365,7052922.0,31.693889275973337,23.240866035182695,8210000.000000001,verified,finviz via premarket_stars.py,0,0,REJECT,price,0,"[{""id"": ""price"", ""kills"": true, ""reason"": ""$0.73 is outside $2.00\u201320.00."", ""state"": ""FAIL"", ""value"": ""$0.73  band $2.00\u201320.00""}, {""id"": ""float"", ""kills"": false, ""reason"": ""cascade already stopped"", ""state"": ""NOT_APPLICABLE"", ""value"": ""\u2014""}, {""id"": ""catalyst"", ""kills"": false, ""reason"": ""cascade already stopped"", ""state"": ""NOT_APPLICABLE"", ""value"": ""\u2014""}, {""id"": ""rising"", ""kills"": false, ""reason"": ""cascade already stopped"", ""state"": ""NOT_APPLICABLE"", ""value"": ""\u2014""}, {""id"": ""split"", ""kills"": false, ""reason"": ""cascade already stopped"", ""state"": ""NOT_APPLICABLE"", ""value"": ""\u2014""}, {""id"": ""instrument"", ""kills"": false, ""reason"": ""cascade already stopped"", ""state"": ""NOT_APPLICABLE"", ""value"": ""\u2014""}, {""id"": ""tick"", ""kills"": false, ""reason"": ""cascade already stopped"", ""state"": ""NOT_APPLICABLE"", ""value"": ""\u2014""}, {""id"": ""buyout"", ""kills"": false, ""reason"": ""cascade already stopped"", ""state"": ""NOT_APPLICABLE"", ""value"": ""\u2014""}]",[],"{""above_ema9"": true, ""above_vwap"": false, ""buyout_announced"": false, ""catalyst_today"": false, ""change_pct"": 23.240866035182695, ""feed_stale"": false, ""float_is_shares_outstanding"": false, ""float_shares"": 8210000.000000001, ""float_verified"": true, ""halted"": false, ""in_session_window"": true, ""is_fund_or_etf"": null, ""last"": 0.7286, ""live_theme"": false, ""macd_positive_and_above_signal"": true, ""penny_theme"": false, ""premarket_volume"": null, ""prev_close"": null, ""rvol"": 31.693889275973337, ""session_high"": 0.9365, ""session_volume"": 7052922.0, ""split_ratio_clean_integer"": null, ""symbol"": ""DTSS"", ""tick_size"": null}",0.7289,0.7077,0.7713,0.0212,2.0,4,1,SUPPRESSED,,,2026-09-17T13:39:57+00:00,33dfeedb3f51,e3d0803,,,,0.7289,73.6368,-4.5472,1,1,stop,1,2026-09-17T13:10:00Z,0.7283,0.626,2.03
230162611cb379d2,2026-09-17T07:54:00-04:00,premarket,AEHL,pullback,ibkr-DAIC-AEHL-VEEA,IBKR · TWS read-only · live,live-backfill,1m,11.87,,,13.35,544333.0,0.2547294716368582,28.741865509761368,1390000.0,verified,finviz via premarket_stars.py,0,0,REJECT,catalyst,0,"[{""id"": ""price"", ""kills"": true, ""reason"": ""$11.87 is outside $2.00\u201320.00."", ""state"": ""PASS"", ""value"": ""$11.87  band $2.00\u201320.00""}, {""id"": ""float"", ""kills"": false, ""reason"": """", ""state"": ""PASS"", ""value"": ""1.4M (verified)""}, {""id"": ""catalyst"", ""kills"": true, ""reason"": ""No catalyst dated today and no live theme it belongs to."", ""state"": ""FAIL"", ""value"": ""none""}, {""id"": ""rising"", ""kills"": false, ""reason"": ""cascade already stopped"", ""state"": ""NOT_APPLICABLE"", ""value"": ""\u2014""}, {""id"": ""split"", ""kills"": false, ""reason"": ""cascade already stopped"", ""state"": ""NOT_APPLICABLE"", ""value"": ""\u2014""}, {""id"": ""instrument"", ""kills"": false, ""reason"": ""cascade already stopped"", ""state"": ""NOT_APPLICABLE"", ""value"": ""\u2014""}, {""id"": ""tick"", ""kills"": false, ""reason"": ""cascade already stopped"", ""state"": ""NOT_APPLICABLE"", ""value"": ""\u2014""}, {""id"": ""buyout"", ""kills"": false, ""reason"": ""cascade already stopped"", ""state"": ""NOT_APPLICABLE"", ""value"": ""\u2014""}]",[],"{""above_ema9"": false, ""above_vwap"": true, ""buyout_announced"": false, ""catalyst_today"": false, ""change_pct"": 28.741865509761368, ""feed_stale"": false, ""float_is_shares_outstanding"": false, ""float_shares"": 1390000.0, ""float_verified"": true, ""halted"": false, ""in_session_window"": true, ""is_fund_or_etf"": null, ""last"": 11.87, ""live_theme"": false, ""macd_positive_and_above_signal"": false, ""penny_theme"": false, ""premarket_volume"": null, ""prev_close"": null, ""rvol"": 0.2547294716368582, ""session_high"": 13.35, ""session_volume"": 544333.0, ""split_ratio_clean_integer"": null, ""symbol"": ""AEHL"", ""tick_size"": null}",11.86,11.79,12.0,0.07,2.0,3,0,SUPPRESSED,,,2026-09-17T13:39:26+00:00,33dfeedb3f51,e3d0803,,,,11.86,56.0,-23.8571,1,1,stop,1,2026-09-17T11:55:00Z,12.02,11.38,11.73
84f0be71475445f7,2026-09-17T07:55:00-04:00,premarket,DAIC,pullback,ibkr-DAIC-AEHL-VEEA,IBKR · TWS read-only · live,live-backfill,1m,4.1298,,,5.03,18035854.0,1.8251669127691825,105.46268656716423,1340000.0,verified,finviz via premarket_stars.py,0,0,REJECT,catalyst,0,"[{""id"": ""price"", ""kills"": true, ""reason"": ""$4.13 is outside $2.00\u201320.00."", ""state"": ""PASS"", ""value"": ""$4.13  band $2.00\u201320.00""}, {""id"": ""float"", ""kills"": false, ""reason"": """", ""state"": ""PASS"", ""value"": ""1.3M (verified)""}, {""id"": ""catalyst"", ""kills"": true, ""reason"": ""No catalyst dated today and no live theme it belongs to."", ""state"": ""FAIL"", ""value"": ""none""}, {""id"": ""rising"", ""kills"": false, ""reason"": ""cascade already stopped"", ""state"": ""NOT_APPLICABLE"", ""value"": ""\u2014""}, {""id"": ""split"", ""kills"": false, ""reason"": ""cascade already stopped"", ""state"": ""NOT_APPLICABLE"", ""value"": ""\u2014""}, {""id"": ""instrument"", ""kills"": false, ""reason"": ""cascade already stopped"", ""state"": ""NOT_APPLICABLE"", ""value"": ""\u2014""}, {""id"": ""tick"", ""kills"": false, ""reason"": ""cascade already stopped"", ""state"": ""NOT_APPLICABLE"", ""value"": ""\u2014""}, {""id"": ""buyout"", ""kills"": false, ""reason"": ""cascade already stopped"", ""state"": ""NOT_APPLICABLE"", ""value"": ""\u2014""}]",[],"{""above_ema9"": true, ""above_vwap"": false, ""buyout_announced"": false, ""catalyst_today"": false, ""change_pct"": 105.46268656716423, ""feed_stale"": false, ""float_is_shares_outstanding"": false, ""float_shares"": 1340000.0, ""float_verified"": true, ""halted"": false, ""in_session_window"": true, ""is_fund_or_etf"": null, ""last"": 4.1298, ""live_theme"": false, ""macd_positive_and_above_signal"": true, ""penny_theme"": false, ""premarket_volume"": null, ""prev_close"": null, ""rvol"": 1.8251669127691825, ""session_high"": 5.03, ""session_volume"": 18035854.0, ""split_ratio_clean_integer"": null, ""symbol"": ""DAIC"", ""tick_size"": null}",4.12,4.08,4.2,0.04,2.0,4,1,SUPPRESSED,,,2026-09-17T13:39:26+00:00,33dfeedb3f51,e3d0803,,,,4.12,75.7375,-10.0,1,1,stop,1,2026-09-17T11:56:00Z,4.2266,3.83,4.765
ad6b876897672503,2026-09-17T07:59:00-04:00,premarket,VEEA,pullback,ibkr-DAIC-AEHL-VEEA,IBKR · TWS read-only · live,live-backfill,1m,7.7385,,,8.01,2557486.0,0.33509571496449153,26.86065573770493,1590000.0,verified,finviz via premarket_stars.py,0,0,REJECT,catalyst,0,"[{""id"": ""price"", ""kills"": true, ""reason"": ""$7.74 is outside $2.00\u201320.00."", ""state"": ""PASS"", ""value"": ""$7.74  band $2.00\u201320.00""}, {""id"": ""float"", ""kills"": false, ""reason"": """", ""state"": ""PASS"", ""value"": ""1.6M (verified)""}, {""id"": ""catalyst"", ""kills"": true, ""reason"": ""No catalyst dated today and no live theme it belongs to."", ""state"": ""FAIL"", ""value"": ""none""}, {""id"": ""rising"", ""kills"": false, ""reason"": ""cascade already stopped"", ""state"": ""NOT_APPLICABLE"", ""value"": ""\u2014""}, {""id"": ""split"", ""kills"": false, ""reason"": ""cascade already stopped"", ""state"": ""NOT_APPLICABLE"", ""value"": ""\u2014""}, {""id"": ""instrument"", ""kills"": false, ""reason"": ""cascade already stopped"", ""state"": ""NOT_APPLICABLE"", ""value"": ""\u2014""}, {""id"": ""tick"", ""kills"": false, ""reason"": ""cascade already stopped"", ""state"": ""NOT_APPLICABLE"", ""value"": ""\u2014""}, {""id"": ""buyout"", ""kills"": false, ""reason"": ""cascade already stopped"", ""state"": ""NOT_APPLICABLE"", ""value"": ""\u2014""}]",[],"{""above_ema9"": true, ""above_vwap"": true, ""buyout_announced"": false, ""catalyst_today"": false, ""change_pct"": 26.86065573770493, ""feed_stale"": false, ""float_is_shares_outstanding"": false, ""float_shares"": 1590000.0, ""float_verified"": true, ""halted"": false, ""in_session_window"": true, ""is_fund_or_etf"": null, ""last"": 7.7385, ""live_theme"": false, ""macd_positive_and_above_signal"": false, ""penny_theme"": false, ""premarket_volume"": null, ""prev_close"": null, ""rvol"": 0.33509571496449153, ""session_high"": 8.01, ""session_volume"": 2557486.0, ""split_ratio_clean_integer"": null, ""symbol"": ""VEEA"", ""tick_size"": null}",7.68,7.49,8.06,0.19,2.0,2,1,SUPPRESSED,,,2026-09-17T13:39:26+00:00,33dfeedb3f51,e3d0803,,,,7.68,6.3158,-10.5258,1,1,target,1,2026-09-17T12:00:00Z,8.61,7.56,6.0275
3fa0c4da61a7b283,2026-09-17T08:03:00-04:00,premarket,KXIN,pullback,ibkr-DAIC-AEHL-VEEA,IBKR · TWS read-only · live,live-backfill,1m,1.99,,,2.75,13370466.0,17.813450511642557,76.1061946902655,1510000.0,verified,finviz via premarket_stars.py,0,0,REJECT,price,0,"[{""id"": ""price"", ""kills"": true, ""reason"": ""$1.99 is outside $2.00\u201320.00."", ""state"": ""FAIL"", ""value"": ""$1.99  band $2.00\u201320.00""}, {""id"": ""float"", ""kills"": false, ""reason"": ""cascade already stopped"", ""state"": ""NOT_APPLICABLE"", ""value"": ""\u2014""}, {""id"": ""catalyst"", ""kills"": false, ""reason"": ""cascade already stopped"", ""state"": ""NOT_APPLICABLE"", ""value"": ""\u2014""}, {""id"": ""rising"", ""kills"": false, ""reason"": ""cascade already stopped"", ""state"": ""NOT_APPLICABLE"", ""value"": ""\u2014""}, {""id"": ""split"", ""kills"": false, ""reason"": ""cascade already stopped"", ""state"": ""NOT_APPLICABLE"", ""value"": ""\u2014""}, {""id"": ""instrument"", ""kills"": false, ""reason"": ""cascade already stopped"", ""state"": ""NOT_APPLICABLE"", ""value"": ""\u2014""}, {""id"": ""tick"", ""kills"": false, ""reason"": ""cascade already stopped"", ""state"": ""NOT_APPLICABLE"", ""value"": ""\u2014""}, {""id"": ""buyout"", ""kills"": false, ""reason"": ""cascade already stopped"", ""state"": ""NOT_APPLICABLE"", ""value"": ""\u2014""}]",[],"{""above_ema9"": true, ""above_vwap"": false, ""buyout_announced"": false, ""catalyst_today"": false, ""change_pct"": 76.1061946902655, ""feed_stale"": false, ""float_is_shares_outstanding"": false, ""float_shares"": 1510000.0, ""float_verified"": true, ""halted"": false, ""in_session_window"": true, ""is_fund_or_etf"": null, ""last"": 1.99, ""live_theme"": false, ""macd_positive_and_above_signal"": true, ""penny_theme"": false, ""premarket_volume"": null, ""prev_close"": null, ""rvol"": 17.813450511642557, ""session_high"": 2.75, ""session_volume"": 13370466.0, ""split_ratio_clean_integer"": null, ""symbol"": ""KXIN"", ""tick_size"": null}",2.0,1.96,2.08,0.04,2.0,1,1,SUPPRESSED,,,2026-09-17T13:39:57+00:00,33dfeedb3f51,e3d0803,,,,2.0,20.25,-11.75,1,1,stop,1,2026-09-17T12:04:00Z,2.0,1.7,1.821
f9b27118830a2b2a,2026-09-17T08:07:00-04:00,premarket,DTSS,pullback,ibkr-DAIC-AEHL-VEEA,IBKR · TWS read-only · live,live-backfill,1m,0.6644,,,0.9365,7658662.0,34.41591803086784,12.381596752368074,8210000.000000001,verified,finviz via premarket_stars.py,0,0,REJECT,price,0,"[{""id"": ""price"", ""kills"": true, ""reason"": ""$0.66 is outside $2.00\u201320.00."", ""state"": ""FAIL"", ""value"": ""$0.66  band $2.00\u201320.00""}, {""id"": ""float"", ""kills"": false, ""reason"": ""cascade already stopped"", ""state"": ""NOT_APPLICABLE"", ""value"": ""\u2014""}, {""id"": ""catalyst"", ""kills"": false, ""reason"": ""cascade already stopped"", ""state"": ""NOT_APPLICABLE"", ""value"": ""\u2014""}, {""id"": ""rising"", ""kills"": false, ""reason"": ""cascade already stopped"", ""state"": ""NOT_APPLICABLE"", ""value"": ""\u2014""}, {""id"": ""split"", ""kills"": false, ""reason"": ""cascade already stopped"", ""state"": ""NOT_APPLICABLE"", ""value"": ""\u2014""}, {""id"": ""instrument"", ""kills"": false, ""reason"": ""cascade already stopped"", ""state"": ""NOT_APPLICABLE"", ""value"": ""\u2014""}, {""id"": ""tick"", ""kills"": false, ""reason"": ""cascade already stopped"", ""state"": ""NOT_APPLICABLE"", ""value"": ""\u2014""}, {""id"": ""buyout"", ""kills"": false, ""reason"": ""cascade already stopped"", ""state"": ""NOT_APPLICABLE"", ""value"": ""\u2014""}]",[],"{""above_ema9"": true, ""above_vwap"": false, ""buyout_announced"": false, ""catalyst_today"": false, ""change_pct"": 12.381596752368074, ""feed_stale"": false, ""float_is_shares_outstanding"": false, ""float_shares"": 8210000.000000001, ""float_verified"": true, ""halted"": false, ""in_session_window"": true, ""is_fund_or_etf"": null, ""last"": 0.6644, ""live_theme"": false, ""macd_positive_and_above_signal"": true, ""penny_theme"": false, ""premarket_volume"": null, ""prev_close"": null, ""rvol"": 34.41591803086784, ""session_high"": 0.9365, ""session_volume"": 7658662.0, ""split_ratio_clean_integer"": null, ""symbol"": ""DTSS"", ""tick_size"": null}",0.6634,0.64,0.7102,0.0234,2.0,1,1,SUPPRESSED,,,2026-09-17T13:39:57+00:00,33dfeedb3f51,e3d0803,,,,0.6634,69.5128,-2.7393,1,1,stop,1,2026-09-17T12:08:00Z,0.68,0.5993,2.03
a87ecd7fd0515c4e,2026-09-17T08:09:00-04:00,premarket,VEEA,pullback,ibkr-DAIC-AEHL-VEEA,IBKR · TWS read-only · live,live-backfill,1m,8.3174,,,8.61,3596940.0,0.4712906271957611,36.35081967213114,1590000.0,verified,finviz via premarket_stars.py,0,0,REJECT,catalyst,0,"[{""id"": ""price"", ""kills"": true, ""reason"": ""$8.32 is outside $2.00\u201320.00."", ""state"": ""PASS"", ""value"": ""$8.32  band $2.00\u201320.00""}, {""id"": ""float"", ""kills"": false, ""reason"": """", ""state"": ""PASS"", ""value"": ""1.6M (verified)""}, {""id"": ""catalyst"", ""kills"": true, ""reason"": ""No catalyst dated today and no live theme it belongs to."", ""state"": ""FAIL"", ""value"": ""none""}, {""id"": ""rising"", ""kills"": false, ""reason"": ""cascade already stopped"", ""state"": ""NOT_APPLICABLE"", ""value"": ""\u2014""}, {""id"": ""split"", ""kills"": false, ""reason"": ""cascade already stopped"", ""state"": ""NOT_APPLICABLE"", ""value"": ""\u2014""}, {""id"": ""instrument"", ""kills"": false, ""reason"": ""cascade already stopped"", ""state"": ""NOT_APPLICABLE"", ""value"": ""\u2014""}, {""id"": ""tick"", ""kills"": false, ""reason"": ""cascade already stopped"", ""state"": ""NOT_APPLICABLE"", ""value"": ""\u2014""}, {""id"": ""buyout"", ""kills"": false, ""reason"": ""cascade already stopped"", ""state"": ""NOT_APPLICABLE"", ""value"": ""\u2014""}]",[],"{""above_ema9"": true, ""above_vwap"": true, ""buyout_announced"": false, ""catalyst_today"": false, ""change_pct"": 36.35081967213114, ""feed_stale"": false, ""float_is_shares_outstanding"": false, ""float_shares"": 1590000.0, ""float_verified"": true, ""halted"": false, ""in_session_window"": true, ""is_fund_or_etf"": null, ""last"": 8.3174, ""live_theme"": false, ""macd_positive_and_above_signal"": true, ""penny_theme"": false, ""premarket_volume"": null, ""prev_close"": null, ""rvol"": 0.4712906271957611, ""session_high"": 8.61, ""session_volume"": 3596940.0, ""split_ratio_clean_integer"": null, ""symbol"": ""VEEA"", ""tick_size"": null}",8.23,7.89,8.91,0.34,2.0,2,1,SUPPRESSED,,,2026-09-17T13:39:26+00:00,33dfeedb3f51,e3d0803,,,,8.23,1.9118,-7.4997,1,0,stop,1,2026-09-17T12:10:00Z,8.27,7.07,6.0275
865bc6fc86ceb203,2026-09-17T08:15:00-04:00,premarket,AEMD,pullback,ibkr-DAIC-AEHL-VEEA,IBKR · TWS read-only · live,live-backfill,1m,7.38,,,14.0,26067797.0,18.832860027730785,416.0839160839161,1580000.0,verified,finviz via premarket_stars.py,0,0,REJECT,catalyst,0,"[{""id"": ""price"", ""kills"": true, ""reason"": ""$7.38 is outside $2.00\u201320.00."", ""state"": ""PASS"", ""value"": ""$7.38  band $2.00\u201320.00""}, {""id"": ""float"", ""kills"": false, ""reason"": """", ""state"": ""PASS"", ""value"": ""1.6M (verified)""}, {""id"": ""catalyst"", ""kills"": true, ""reason"": ""No catalyst dated today and no live theme it belongs to."", ""state"": ""FAIL"", ""value"": ""none""}, {""id"": ""rising"", ""kills"": false, ""reason"": ""cascade already stopped"", ""state"": ""NOT_APPLICABLE"", ""value"": ""\u2014""}, {""id"": ""split"", ""kills"": false, ""reason"": ""cascade already stopped"", ""state"": ""NOT_APPLICABLE"", ""value"": ""\u2014""}, {""id"": ""instrument"", ""kills"": false, ""reason"": ""cascade already stopped"", ""state"": ""NOT_APPLICABLE"", ""value"": ""\u2014""}, {""id"": ""tick"", ""kills"": false, ""reason"": ""cascade already stopped"", ""state"": ""NOT_APPLICABLE"", ""value"": ""\u2014""}, {""id"": ""buyout"", ""kills"": false, ""reason"": ""cascade already stopped"", ""state"": ""NOT_APPLICABLE"", ""value"": ""\u2014""}]",[],"{""above_ema9"": false, ""above_vwap"": true, ""buyout_announced"": false, ""catalyst_today"": false, ""change_pct"": 416.0839160839161, ""feed_stale"": false, ""float_is_shares_outstanding"": false, ""float_shares"": 1580000.0, ""float_verified"": true, ""halted"": false, ""in_session_window"": true, ""is_fund_or_etf"": null, ""last"": 7.38, ""live_theme"": false, ""macd_positive_and_above_signal"": true, ""penny_theme"": false, ""premarket_volume"": null, ""prev_close"": null, ""rvol"": 18.832860027730785, ""session_high"": 14.0, ""session_volume"": 26067797.0, ""split_ratio_clean_integer"": null, ""symbol"": ""AEMD"", ""tick_size"": null}",7.85,7.63,8.29,0.22,2.0,3,1,SUPPRESSED,,,2026-09-17T13:39:57+00:00,33dfeedb3f51,e3d0803,,,,7.85,9.0,-5.6818,1,1,stop,1,2026-09-17T12:44:00Z,8.2,6.88,7.0001
9844737de84c329a,2026-09-17T08:16:00-04:00,premarket,DAIC,pullback,ibkr-DAIC-AEHL-VEEA,IBKR · TWS read-only · live,live-backfill,1m,3.9407,,,5.03,18660395.0,1.8883683319461053,96.05472636815924,1340000.0,verified,finviz via premarket_stars.py,0,0,REJECT,catalyst,0,"[{""id"": ""price"", ""kills"": true, ""reason"": ""$3.94 is outside $2.00\u201320.00."", ""state"": ""PASS"", ""value"": ""$3.94  band $2.00\u201320.00""}, {""id"": ""float"", ""kills"": false, ""reason"": """", ""state"": ""PASS"", ""value"": ""1.3M (verified)""}, {""id"": ""catalyst"", ""kills"": true, ""reason"": ""No catalyst dated today and no live theme it belongs to."", ""state"": ""FAIL"", ""value"": ""none""}, {""id"": ""rising"", ""kills"": false, ""reason"": ""cascade already stopped"", ""state"": ""NOT_APPLICABLE"", ""value"": ""\u2014""}, {""id"": ""split"", ""kills"": false, ""reason"": ""cascade already stopped"", ""state"": ""NOT_APPLICABLE"", ""value"": ""\u2014""}, {""id"": ""instrument"", ""kills"": false, ""reason"": ""cascade already stopped"", ""state"": ""NOT_APPLICABLE"", ""value"": ""\u2014""}, {""id"": ""tick"", ""kills"": false, ""reason"": ""cascade already stopped"", ""state"": ""NOT_APPLICABLE"", ""value"": ""\u2014""}, {""id"": ""buyout"", ""kills"": false, ""reason"": ""cascade already stopped"", ""state"": ""NOT_APPLICABLE"", ""value"": ""\u2014""}]",[],"{""above_ema9"": false, ""above_vwap"": false, ""buyout_announced"": false, ""catalyst_today"": false, ""change_pct"": 96.05472636815924, ""feed_stale"": false, ""float_is_shares_outstanding"": false, ""float_shares"": 1340000.0, ""float_verified"": true, ""halted"": false, ""in_session_window"": true, ""is_fund_or_etf"": null, ""last"": 3.9407, ""live_theme"": false, ""macd_positive_and_above_signal"": false, ""penny_theme"": false, ""premarket_volume"": null, ""prev_close"": null, ""rvol"": 1.8883683319461053, ""session_high"": 5.03, ""session_volume"": 18660395.0, ""split_ratio_clean_integer"": null, ""symbol"": ""DAIC"", ""tick_size"": null}",3.93,3.9,3.99,0.03,2.0,2,1,SUPPRESSED,,,2026-09-17T13:39:26+00:00,33dfeedb3f51,e3d0803,,,,3.93,107.3167,-7.0,1,1,stop,1,2026-09-17T12:17:00Z,4.0093,3.83,4.765
176772e2fae624ce,2026-09-17T08:22:00-04:00,premarket,BIAF,pullback,ibkr-DAIC-AEHL-VEEA,IBKR · TWS read-only · live,live-backfill,1m,6.1,,,7.18,1238459.0,0.2798819082977982,14.018691588785037,590000.0,verified,finviz via premarket_stars.py,0,0,REJECT,catalyst,0,"[{""id"": ""price"", ""kills"": true, ""reason"": ""$6.10 is outside $2.00\u201320.00."", ""state"": ""PASS"", ""value"": ""$6.10  band $2.00\u201320.00""}, {""id"": ""float"", ""kills"": false, ""reason"": """", ""state"": ""PASS"", ""value"": ""0.6M (verified)""}, {""id"": ""catalyst"", ""kills"": true, ""reason"": ""No catalyst dated today and no live theme it belongs to."", ""state"": ""FAIL"", ""value"": ""none""}, {""id"": ""rising"", ""kills"": false, ""reason"": ""cascade already stopped"", ""state"": ""NOT_APPLICABLE"", ""value"": ""\u2014""}, {""id"": ""split"", ""kills"": false, ""reason"": ""cascade already stopped"", ""state"": ""NOT_APPLICABLE"", ""value"": ""\u2014""}, {""id"": ""instrument"", ""kills"": false, ""reason"": ""cascade already stopped"", ""state"": ""NOT_APPLICABLE"", ""value"": ""\u2014""}, {""id"": ""tick"", ""kills"": false, ""reason"": ""cascade already stopped"", ""state"": ""NOT_APPLICABLE"", ""value"": ""\u2014""}, {""id"": ""buyout"", ""kills"": false, ""reason"": ""cascade already stopped"", ""state"": ""NOT_APPLICABLE"", ""value"": ""\u2014""}]",[],"{""above_ema9"": true, ""above_vwap"": false, ""buyout_announced"": false, ""catalyst_today"": false, ""change_pct"": 14.018691588785037, ""feed_stale"": false, ""float_is_shares_outstanding"": false, ""float_shares"": 590000.0, ""float_verified"": true, ""halted"": false, ""in_session_window"": true, ""is_fund_or_etf"": null, ""last"": 6.1, ""live_theme"": false, ""macd_positive_and_above_signal"": false, ""penny_theme"": false, ""premarket_volume"": null, ""prev_close"": null, ""rvol"": 0.2798819082977982, ""session_high"": 7.18, ""session_volume"": 1238459.0, ""split_ratio_clean_integer"": null, ""symbol"": ""BIAF"", ""tick_size"": null}",5.99,5.89,6.19,0.1,2.0,3,1,SUPPRESSED,,,2026-09-17T13:39:26+00:00,33dfeedb3f51,e3d0803,,,,5.99,30.1,-0.9,0,1,target,1,2026-09-17T12:23:00Z,9.0,5.9,7.22
2e4dc9c4c8674548,2026-09-17T08:24:00-04:00,premarket,DAIC,pullback,ibkr-DAIC-AEHL-VEEA,IBKR · TWS read-only · live,live-backfill,1m,3.9995,,,5.03,18906753.0,1.9132989213318916,98.98009950248759,1340000.0,verified,finviz via premarket_stars.py,0,0,REJECT,catalyst,0,"[{""id"": ""price"", ""kills"": true, ""reason"": ""$4.00 is outside $2.00\u201320.00."", ""state"": ""PASS"", ""value"": ""$4.00  band $2.00\u201320.00""}, {""id"": ""float"", ""kills"": false, ""reason"": """", ""state"": ""PASS"", ""value"": ""1.3M (verified)""}, {""id"": ""catalyst"", ""kills"": true, ""reason"": ""No catalyst dated today and no live theme it belongs to."", ""state"": ""FAIL"", ""value"": ""none""}, {""id"": ""rising"", ""kills"": false, ""reason"": ""cascade already stopped"", ""state"": ""NOT_APPLICABLE"", ""value"": ""\u2014""}, {""id"": ""split"", ""kills"": false, ""reason"": ""cascade already stopped"", ""state"": ""NOT_APPLICABLE"", ""value"": ""\u2014""}, {""id"": ""instrument"", ""kills"": false, ""reason"": ""cascade already stopped"", ""state"": ""NOT_APPLICABLE"", ""value"": ""\u2014""}, {""id"": ""tick"", ""kills"": false, ""reason"": ""cascade already stopped"", ""state"": ""NOT_APPLICABLE"", ""value"": ""\u2014""}, {""id"": ""buyout"", ""kills"": false, ""reason"": ""cascade already stopped"", ""state"": ""NOT_APPLICABLE"", ""value"": ""\u2014""}]",[],"{""above_ema9"": true, ""above_vwap"": false, ""buyout_announced"": false, ""catalyst_today"": false, ""change_pct"": 98.98009950248759, ""feed_stale"": false, ""float_is_shares_outstanding"": false, ""float_shares"": 1340000.0, ""float_verified"": true, ""halted"": false, ""in_session_window"": true, ""is_fund_or_etf"": null, ""last"": 3.9995, ""live_theme"": false, ""macd_positive_and_above_signal"": true, ""penny_theme"": false, ""premarket_volume"": null, ""prev_close"": null, ""rvol"": 1.9132989213318916, ""session_high"": 5.03, ""session_volume"": 18906753.0, ""split_ratio_clean_integer"": null, ""symbol"": ""DAIC"", ""tick_size"": null}",3.99,3.94,4.09,0.05,2.0,2,1,SUPPRESSED,,,2026-09-17T13:39:26+00:00,33dfeedb3f51,e3d0803,,,,3.99,63.19,-5.4,1,1,stop,1,2026-09-17T12:25:00Z,4.06,3.72,4.765
f17486ba7edb8951,2026-09-17T08:31:00-04:00,premarket,AEMD,pullback,ibkr-DAIC-AEHL-VEEA,IBKR · TWS read-only · live,live-backfill,1m,7.32,,,14.0,28240577.0,20.40259994902344,411.8881118881119,1580000.0,verified,finviz via premarket_stars.py,0,0,REJECT,catalyst,0,"[{""id"": ""price"", ""kills"": true, ""reason"": ""$7.32 is outside $2.00\u201320.00."", ""state"": ""PASS"", ""value"": ""$7.32  band $2.00\u201320.00""}, {""id"": ""float"", ""kills"": false, ""reason"": """", ""state"": ""PASS"", ""value"": ""1.6M (verified)""}, {""id"": ""catalyst"", ""kills"": true, ""reason"": ""No catalyst dated today and no live theme it belongs to."", ""state"": ""FAIL"", ""value"": ""none""}, {""id"": ""rising"", ""kills"": false, ""reason"": ""cascade already stopped"", ""state"": ""NOT_APPLICABLE"", ""value"": ""\u2014""}, {""id"": ""split"", ""kills"": false, ""reason"": ""cascade already stopped"", ""state"": ""NOT_APPLICABLE"", ""value"": ""\u2014""}, {""id"": ""instrument"", ""kills"": false, ""reason"": ""cascade already stopped"", ""state"": ""NOT_APPLICABLE"", ""value"": ""\u2014""}, {""id"": ""tick"", ""kills"": false, ""reason"": ""cascade already stopped"", ""state"": ""NOT_APPLICABLE"", ""value"": ""\u2014""}, {""id"": ""buyout"", ""kills"": false, ""reason"": ""cascade already stopped"", ""state"": ""NOT_APPLICABLE"", ""value"": ""\u2014""}]",[],"{""above_ema9"": false, ""above_vwap"": true, ""buyout_announced"": false, ""catalyst_today"": false, ""change_pct"": 411.8881118881119, ""feed_stale"": false, ""float_is_shares_outstanding"": false, ""float_shares"": 1580000.0, ""float_verified"": true, ""halted"": false, ""in_session_window"": true, ""is_fund_or_etf"": null, ""last"": 7.32, ""live_theme"": false, ""macd_positive_and_above_signal"": false, ""penny_theme"": false, ""premarket_volume"": null, ""prev_close"": null, ""rvol"": 20.40259994902344, ""session_high"": 14.0, ""session_volume"": 28240577.0, ""split_ratio_clean_integer"": null, ""symbol"": ""AEMD"", ""tick_size"": null}",7.51,7.29,7.95,0.22,2.0,2,1,SUPPRESSED,,,2026-09-17T13:39:57+00:00,33dfeedb3f51,e3d0803,,,,7.51,10.5455,-4.1364,1,1,stop,1,2026-09-17T12:34:00Z,8.2,7.21,7.0001
9bcfb70f304851be,2026-09-17T08:31:00-04:00,premarket,TURB,pullback,ibkr-DAIC-AEHL-VEEA,IBKR · TWS read-only · live,live-backfill,1m,1.76,,,1.79,11307110.0,110.37351608024088,96.97817571348631,55085700.0,shares_outstanding_proxy,SEC shares outstanding (upper bound),0,0,REJECT,price,0,"[{""id"": ""price"", ""kills"": true, ""reason"": ""$1.76 is outside $2.00\u201320.00."", ""state"": ""FAIL"", ""value"": ""$1.76  band $2.00\u201320.00""}, {""id"": ""float"", ""kills"": false, ""reason"": ""cascade already stopped"", ""state"": ""NOT_APPLICABLE"", ""value"": ""\u2014""}, {""id"": ""catalyst"", ""kills"": false, ""reason"": ""cascade already stopped"", ""state"": ""NOT_APPLICABLE"", ""value"": ""\u2014""}, {""id"": ""rising"", ""kills"": false, ""reason"": ""cascade already stopped"", ""state"": ""NOT_APPLICABLE"", ""value"": ""\u2014""}, {""id"": ""split"", ""kills"": false, ""reason"": ""cascade already stopped"", ""state"": ""NOT_APPLICABLE"", ""value"": ""\u2014""}, {""id"": ""instrument"", ""kills"": false, ""reason"": ""cascade already stopped"", ""state"": ""NOT_APPLICABLE"", ""value"": ""\u2014""}, {""id"": ""tick"", ""kills"": false, ""reason"": ""cascade already stopped"", ""state"": ""NOT_APPLICABLE"", ""value"": ""\u2014""}, {""id"": ""buyout"", ""kills"": false, ""reason"": ""cascade already stopped"", ""state"": ""NOT_APPLICABLE"", ""value"": ""\u2014""}]",[],"{""above_ema9"": true, ""above_vwap"": true, ""buyout_announced"": false, ""catalyst_today"": false, ""change_pct"": 96.97817571348631, ""feed_stale"": false, ""float_is_shares_outstanding"": true, ""float_shares"": 55085700, ""float_verified"": false, ""halted"": false, ""in_session_window"": true, ""is_fund_or_etf"": null, ""last"": 1.76, ""live_theme"": false, ""macd_positive_and_above_signal"": true, ""penny_theme"": false, ""premarket_volume"": null, ""prev_close"": null, ""rvol"": 110.37351608024088, ""session_high"": 1.79, ""session_volume"": 11307110.0, ""split_ratio_clean_integer"": null, ""symbol"": ""TURB"", ""tick_size"": null}",1.32,1.15,1.66,0.17,2.0,1,0,SUPPRESSED,,,2026-09-17T13:39:57+00:00,33dfeedb3f51,e3d0803,,,,1.32,15.5294,-0.1176,0,1,target,1,2026-09-17T12:32:00Z,3.96,1.5201,1.3592
c2f0143438e24acf,2026-09-17T08:37:00-04:00,premarket,BIAF,pullback,ibkr-DAIC-AEHL-VEEA,IBKR · TWS read-only · live,live-backfill,1m,6.4,,,7.18,1420552.0,0.32103348160597467,19.62616822429908,590000.0,verified,finviz via premarket_stars.py,0,0,REJECT,catalyst,0,"[{""id"": ""price"", ""kills"": true, ""reason"": ""$6.40 is outside $2.00\u201320.00."", ""state"": ""PASS"", ""value"": ""$6.40  band $2.00\u201320.00""}, {""id"": ""float"", ""kills"": false, ""reason"": """", ""state"": ""PASS"", ""value"": ""0.6M (verified)""}, {""id"": ""catalyst"", ""kills"": true, ""reason"": ""No catalyst dated today and no live theme it belongs to."", ""state"": ""FAIL"", ""value"": ""none""}, {""id"": ""rising"", ""kills"": false, ""reason"": ""cascade already stopped"", ""state"": ""NOT_APPLICABLE"", ""value"": ""\u2014""}, {""id"": ""split"", ""kills"": false, ""reason"": ""cascade already stopped"", ""state"": ""NOT_APPLICABLE"", ""value"": ""\u2014""}, {""id"": ""instrument"", ""kills"": false, ""reason"": ""cascade already stopped"", ""state"": ""NOT_APPLICABLE"", ""value"": ""\u2014""}, {""id"": ""tick"", ""kills"": false, ""reason"": ""cascade already stopped"", ""state"": ""NOT_APPLICABLE"", ""value"": ""\u2014""}, {""id"": ""buyout"", ""kills"": false, ""reason"": ""cascade already stopped"", ""state"": ""NOT_APPLICABLE"", ""value"": ""\u2014""}]",[],"{""above_ema9"": true, ""above_vwap"": true, ""buyout_announced"": false, ""catalyst_today"": false, ""change_pct"": 19.62616822429908, ""feed_stale"": false, ""float_is_shares_outstanding"": false, ""float_shares"": 590000.0, ""float_verified"": true, ""halted"": false, ""in_session_window"": true, ""is_fund_or_etf"": null, ""last"": 6.4, ""live_theme"": false, ""macd_positive_and_above_signal"": true, ""penny_theme"": false, ""premarket_volume"": null, ""prev_close"": null, ""rvol"": 0.32103348160597467, ""session_high"": 7.18, ""session_volume"": 1420552.0, ""split_ratio_clean_integer"": null, ""symbol"": ""BIAF"", ""tick_size"": null}",6.31,6.13,6.67,0.18,2.0,1,0,SUPPRESSED,,,2026-09-17T13:39:26+00:00,33dfeedb3f51,e3d0803,,,,6.31,14.9444,0.3889,0,1,target,1,2026-09-17T12:38:00Z,9.0,6.38,7.22
ea14f47409a5137a,2026-09-17T08:41:00-04:00,premarket,DTSS,pullback,ibkr-DAIC-AEHL-VEEA,IBKR · TWS read-only · live,live-backfill,1m,0.643,,,0.9365,8108904.0,36.43918159388368,8.761840324763215,8210000.000000001,verified,finviz via premarket_stars.py,0,0,REJECT,price,0,"[{""id"": ""price"", ""kills"": true, ""reason"": ""$0.64 is outside $2.00\u201320.00."", ""state"": ""FAIL"", ""value"": ""$0.64  band $2.00\u201320.00""}, {""id"": ""float"", ""kills"": false, ""reason"": ""cascade already stopped"", ""state"": ""NOT_APPLICABLE"", ""value"": ""\u2014""}, {""id"": ""catalyst"", ""kills"": false, ""reason"": ""cascade already stopped"", ""state"": ""NOT_APPLICABLE"", ""value"": ""\u2014""}, {""id"": ""rising"", ""kills"": false, ""reason"": ""cascade already stopped"", ""state"": ""NOT_APPLICABLE"", ""value"": ""\u2014""}, {""id"": ""split"", ""kills"": false, ""reason"": ""cascade already stopped"", ""state"": ""NOT_APPLICABLE"", ""value"": ""\u2014""}, {""id"": ""instrument"", ""kills"": false, ""reason"": ""cascade already stopped"", ""state"": ""NOT_APPLICABLE"", ""value"": ""\u2014""}, {""id"": ""tick"", ""kills"": false, ""reason"": ""cascade already stopped"", ""state"": ""NOT_APPLICABLE"", ""value"": ""\u2014""}, {""id"": ""buyout"", ""kills"": false, ""reason"": ""cascade already stopped"", ""state"": ""NOT_APPLICABLE"", ""value"": ""\u2014""}]",[],"{""above_ema9"": true, ""above_vwap"": false, ""buyout_announced"": false, ""catalyst_today"": false, ""change_pct"": 8.761840324763215, ""feed_stale"": false, ""float_is_shares_outstanding"": false, ""float_shares"": 8210000.000000001, ""float_verified"": true, ""halted"": false, ""in_session_window"": true, ""is_fund_or_etf"": null, ""last"": 0.643, ""live_theme"": false, ""macd_positive_and_above_signal"": true, ""penny_theme"": false, ""premarket_volume"": null, ""prev_close"": null, ""rvol"": 36.43918159388368, ""session_high"": 0.9365, ""session_volume"": 8108904.0, ""split_ratio_clean_integer"": null, ""symbol"": ""DTSS"", ""tick_size"": null}",0.6478,0.62,0.7034,0.0278,2.0,1,1,SUPPRESSED,,,2026-09-17T13:39:57+00:00,33dfeedb3f51,e3d0803,,,,0.6478,59.0719,-1.2374,1,1,stop,1,2026-09-17T12:42:00Z,0.98,0.6134,2.03
abd5540b96f47bcc,2026-09-17T08:44:00-04:00,premarket,AEMD,pullback,ibkr-DAIC-AEHL-VEEA,IBKR · TWS read-only · live,live-backfill,1m,7.55,,,14.0,29410174.0,21.24758338164162,427.972027972028,1580000.0,verified,finviz via premarket_stars.py,0,0,REJECT,catalyst,0,"[{""id"": ""price"", ""kills"": true, ""reason"": ""$7.55 is outside $2.00\u201320.00."", ""state"": ""PASS"", ""value"": ""$7.55  band $2.00\u201320.00""}, {""id"": ""float"", ""kills"": false, ""reason"": """", ""state"": ""PASS"", ""value"": ""1.6M (verified)""}, {""id"": ""catalyst"", ""kills"": true, ""reason"": ""No catalyst dated today and no live theme it belongs to."", ""state"": ""FAIL"", ""value"": ""none""}, {""id"": ""rising"", ""kills"": false, ""reason"": ""cascade already stopped"", ""state"": ""NOT_APPLICABLE"", ""value"": ""\u2014""}, {""id"": ""split"", ""kills"": false, ""reason"": ""cascade already stopped"", ""state"": ""NOT_APPLICABLE"", ""value"": ""\u2014""}, {""id"": ""instrument"", ""kills"": false, ""reason"": ""cascade already stopped"", ""state"": ""NOT_APPLICABLE"", ""value"": ""\u2014""}, {""id"": ""tick"", ""kills"": false, ""reason"": ""cascade already stopped"", ""state"": ""NOT_APPLICABLE"", ""value"": ""\u2014""}, {""id"": ""buyout"", ""kills"": false, ""reason"": ""cascade already stopped"", ""state"": ""NOT_APPLICABLE"", ""value"": ""\u2014""}]",[],"{""above_ema9"": true, ""above_vwap"": true, ""buyout_announced"": false, ""catalyst_today"": false, ""change_pct"": 427.972027972028, ""feed_stale"": false, ""float_is_shares_outstanding"": false, ""float_shares"": 1580000.0, ""float_verified"": true, ""halted"": false, ""in_session_window"": true, ""is_fund_or_etf"": null, ""last"": 7.55, ""live_theme"": false, ""macd_positive_and_above_signal"": true, ""penny_theme"": false, ""premarket_volume"": null, ""prev_close"": null, ""rvol"": 21.24758338164162, ""session_high"": 14.0, ""session_volume"": 29410174.0, ""split_ratio_clean_integer"": null, ""symbol"": ""AEMD"", ""tick_size"": null}",7.64,7.4624,7.9952,0.1776,2.0,2,1,SUPPRESSED,,,2026-09-17T13:39:57+00:00,33dfeedb3f51,e3d0803,,,,7.64,12.3311,-5.8559,1,1,stop,1,2026-09-17T12:45:00Z,8.96,7.21,7.0001
d4f53d194c32e27a,2026-09-17T08:50:00-04:00,premarket,TURB,pullback,ibkr-DAIC-AEHL-VEEA,IBKR · TWS read-only · live,live-backfill,1m,1.78,,,3.96,28305862.0,276.30557362775096,99.21656407386683,55085700.0,shares_outstanding_proxy,SEC shares outstanding (upper bound),0,0,REJECT,price,0,"[{""id"": ""price"", ""kills"": true, ""reason"": ""$1.78 is outside $2.00\u201320.00."", ""state"": ""FAIL"", ""value"": ""$1.78  band $2.00\u201320.00""}, {""id"": ""float"", ""kills"": false, ""reason"": ""cascade already stopped"", ""state"": ""NOT_APPLICABLE"", ""value"": ""\u2014""}, {""id"": ""catalyst"", ""kills"": false, ""reason"": ""cascade already stopped"", ""state"": ""NOT_APPLICABLE"", ""value"": ""\u2014""}, {""id"": ""rising"", ""kills"": false, ""reason"": ""cascade already stopped"", ""state"": ""NOT_APPLICABLE"", ""value"": ""\u2014""}, {""id"": ""split"", ""kills"": false, ""reason"": ""cascade already stopped"", ""state"": ""NOT_APPLICABLE"", ""value"": ""\u2014""}, {""id"": ""instrument"", ""kills"": false, ""reason"": ""cascade already stopped"", ""state"": ""NOT_APPLICABLE"", ""value"": ""\u2014""}, {""id"": ""tick"", ""kills"": false, ""reason"": ""cascade already stopped"", ""state"": ""NOT_APPLICABLE"", ""value"": ""\u2014""}, {""id"": ""buyout"", ""kills"": false, ""reason"": ""cascade already stopped"", ""state"": ""NOT_APPLICABLE"", ""value"": ""\u2014""}]",[],"{""above_ema9"": true, ""above_vwap"": true, ""buyout_announced"": false, ""catalyst_today"": false, ""change_pct"": 99.21656407386683, ""feed_stale"": false, ""float_is_shares_outstanding"": true, ""float_shares"": 55085700, ""float_verified"": false, ""halted"": false, ""in_session_window"": true, ""is_fund_or_etf"": null, ""last"": 1.78, ""live_theme"": false, ""macd_positive_and_above_signal"": false, ""penny_theme"": false, ""premarket_volume"": null, ""prev_close"": null, ""rvol"": 276.30557362775096, ""session_high"": 3.96, ""session_volume"": 28305862.0, ""split_ratio_clean_integer"": null, ""symbol"": ""TURB"", ""tick_size"": null}",1.81,1.6798,2.0704,0.1302,2.0,1,0,SUPPRESSED,,,2026-09-17T13:39:57+00:00,33dfeedb3f51,e3d0803,,,,1.81,1.9201,-3.9171,1,0,stop,1,2026-09-17T12:53:00Z,2.05,1.47,1.3592
0277f97b8ae09050,2026-09-17T08:52:00-04:00,premarket,VEEA,pullback,ibkr-DAIC-AEHL-VEEA,IBKR · TWS read-only · live,live-backfill,1m,7.7,,,8.61,4603240.0,0.6031415221640103,26.22950819672132,1590000.0,verified,finviz via premarket_stars.py,0,0,REJECT,catalyst,0,"[{""id"": ""price"", ""kills"": true, ""reason"": ""$7.70 is outside $2.00\u201320.00."", ""state"": ""PASS"", ""value"": ""$7.70  band $2.00\u201320.00""}, {""id"": ""float"", ""kills"": false, ""reason"": """", ""state"": ""PASS"", ""value"": ""1.6M (verified)""}, {""id"": ""catalyst"", ""kills"": true, ""reason"": ""No catalyst dated today and no live theme it belongs to."", ""state"": ""FAIL"", ""value"": ""none""}, {""id"": ""rising"", ""kills"": false, ""reason"": ""cascade already stopped"", ""state"": ""NOT_APPLICABLE"", ""value"": ""\u2014""}, {""id"": ""split"", ""kills"": false, ""reason"": ""cascade already stopped"", ""state"": ""NOT_APPLICABLE"", ""value"": ""\u2014""}, {""id"": ""instrument"", ""kills"": false, ""reason"": ""cascade already stopped"", ""state"": ""NOT_APPLICABLE"", ""value"": ""\u2014""}, {""id"": ""tick"", ""kills"": false, ""reason"": ""cascade already stopped"", ""state"": ""NOT_APPLICABLE"", ""value"": ""\u2014""}, {""id"": ""buyout"", ""kills"": false, ""reason"": ""cascade already stopped"", ""state"": ""NOT_APPLICABLE"", ""value"": ""\u2014""}]",[],"{""above_ema9"": true, ""above_vwap"": true, ""buyout_announced"": false, ""catalyst_today"": false, ""change_pct"": 26.22950819672132, ""feed_stale"": false, ""float_is_shares_outstanding"": false, ""float_shares"": 1590000.0, ""float_verified"": true, ""halted"": false, ""in_session_window"": true, ""is_fund_or_etf"": null, ""last"": 7.7, ""live_theme"": false, ""macd_positive_and_above_signal"": true, ""penny_theme"": false, ""premarket_volume"": null, ""prev_close"": null, ""rvol"": 0.6031415221640103, ""session_high"": 8.61, ""session_volume"": 4603240.0, ""split_ratio_clean_integer"": null, ""symbol"": ""VEEA"", ""tick_size"": null}",7.62,7.52,7.82,0.1,2.0,1,1,SUPPRESSED,,,2026-09-17T13:39:26+00:00,33dfeedb3f51,e3d0803,,,,7.62,12.6,-19.399,1,1,target,1,2026-09-17T12:53:00Z,7.94,7.54,6.0275
f54f539a3ed8206e,2026-09-17T08:54:00-04:00,premarket,KXIN,pullback,ibkr-DAIC-AEHL-VEEA,IBKR · TWS read-only · live,live-backfill,1m,1.65,,,2.75,15424324.0,20.549802246947905,46.01769911504425,1510000.0,verified,finviz via premarket_stars.py,0,0,REJECT,price,0,"[{""id"": ""price"", ""kills"": true, ""reason"": ""$1.65 is outside $2.00\u201320.00."", ""state"": ""FAIL"", ""value"": ""$1.65  band $2.00\u201320.00""}, {""id"": ""float"", ""kills"": false, ""reason"": ""cascade already stopped"", ""state"": ""NOT_APPLICABLE"", ""value"": ""\u2014""}, {""id"": ""catalyst"", ""kills"": false, ""reason"": ""cascade already stopped"", ""state"": ""NOT_APPLICABLE"", ""value"": ""\u2014""}, {""id"": ""rising"", ""kills"": false, ""reason"": ""cascade already stopped"", ""state"": ""NOT_APPLICABLE"", ""value"": ""\u2014""}, {""id"": ""split"", ""kills"": false, ""reason"": ""cascade already stopped"", ""state"": ""NOT_APPLICABLE"", ""value"": ""\u2014""}, {""id"": ""instrument"", ""kills"": false, ""reason"": ""cascade already stopped"", ""state"": ""NOT_APPLICABLE"", ""value"": ""\u2014""}, {""id"": ""tick"", ""kills"": false, ""reason"": ""cascade already stopped"", ""state"": ""NOT_APPLICABLE"", ""value"": ""\u2014""}, {""id"": ""buyout"", ""kills"": false, ""reason"": ""cascade already stopped"", ""state"": ""NOT_APPLICABLE"", ""value"": ""\u2014""}]",[],"{""above_ema9"": true, ""above_vwap"": false, ""buyout_announced"": false, ""catalyst_today"": false, ""change_pct"": 46.01769911504425, ""feed_stale"": false, ""float_is_shares_outstanding"": false, ""float_shares"": 1510000.0, ""float_verified"": true, ""halted"": false, ""in_session_window"": true, ""is_fund_or_etf"": null, ""last"": 1.65, ""live_theme"": false, ""macd_positive_and_above_signal"": true, ""penny_theme"": false, ""premarket_volume"": null, ""prev_close"": null, ""rvol"": 20.549802246947905, ""session_high"": 2.75, ""session_volume"": 15424324.0, ""split_ratio_clean_integer"": null, ""symbol"": ""KXIN"", ""tick_size"": null}",1.66,1.63,1.72,0.03,2.0,2,1,SUPPRESSED,,,2026-09-17T13:39:57+00:00,33dfeedb3f51,e3d0803,,,,1.66,38.3333,-4.3333,1,1,target,1,2026-09-17T12:55:00Z,1.8,1.65,1.821
055b4e2a92d1c1b7,2026-09-17T08:55:00-04:00,premarket,AEHL,pullback,ibkr-DAIC-AEHL-VEEA,IBKR · TWS read-only · live,live-backfill,1m,11.8,,,13.35,614222.0,0.2874351647387432,27.982646420824288,1390000.0,verified,finviz via premarket_stars.py,0,0,REJECT,catalyst,0,"[{""id"": ""price"", ""kills"": true, ""reason"": ""$11.80 is outside $2.00\u201320.00."", ""state"": ""PASS"", ""value"": ""$11.80  band $2.00\u201320.00""}, {""id"": ""float"", ""kills"": false, ""reason"": """", ""state"": ""PASS"", ""value"": ""1.4M (verified)""}, {""id"": ""catalyst"", ""kills"": true, ""reason"": ""No catalyst dated today and no live theme it belongs to."", ""state"": ""FAIL"", ""value"": ""none""}, {""id"": ""rising"", ""kills"": false, ""reason"": ""cascade already stopped"", ""state"": ""NOT_APPLICABLE"", ""value"": ""\u2014""}, {""id"": ""split"", ""kills"": false, ""reason"": ""cascade already stopped"", ""state"": ""NOT_APPLICABLE"", ""value"": ""\u2014""}, {""id"": ""instrument"", ""kills"": false, ""reason"": ""cascade already stopped"", ""state"": ""NOT_APPLICABLE"", ""value"": ""\u2014""}, {""id"": ""tick"", ""kills"": false, ""reason"": ""cascade already stopped"", ""state"": ""NOT_APPLICABLE"", ""value"": ""\u2014""}, {""id"": ""buyout"", ""kills"": false, ""reason"": ""cascade already stopped"", ""state"": ""NOT_APPLICABLE"", ""value"": ""\u2014""}]",[],"{""above_ema9"": true, ""above_vwap"": true, ""buyout_announced"": false, ""catalyst_today"": false, ""change_pct"": 27.982646420824288, ""feed_stale"": false, ""float_is_shares_outstanding"": false, ""float_shares"": 1390000.0, ""float_verified"": true, ""halted"": false, ""in_session_window"": true, ""is_fund_or_etf"": null, ""last"": 11.8, ""live_theme"": false, ""macd_positive_and_above_signal"": true, ""penny_theme"": false, ""premarket_volume"": null, ""prev_close"": null, ""rvol"": 0.2874351647387432, ""session_high"": 13.35, ""session_volume"": 614222.0, ""split_ratio_clean_integer"": null, ""symbol"": ""AEHL"", ""tick_size"": null}",11.78,11.64,12.06,0.14,2.0,1,0,SUPPRESSED,,,2026-09-17T13:39:26+00:00,33dfeedb3f51,e3d0803,,,,11.78,28.5714,-11.3571,1,1,stop,1,2026-09-17T12:57:00Z,11.86,11.45,11.73
baf79cdce3abea85,2026-09-17T08:56:00-04:00,premarket,DTSS,pullback,ibkr-DAIC-AEHL-VEEA,IBKR · TWS read-only · live,live-backfill,1m,0.6375,,,0.9365,8233884.0,37.000807297629045,7.831529093369416,8210000.000000001,verified,finviz via premarket_stars.py,0,0,REJECT,price,0,"[{""id"": ""price"", ""kills"": true, ""reason"": ""$0.64 is outside $2.00\u201320.00."", ""state"": ""FAIL"", ""value"": ""$0.64  band $2.00\u201320.00""}, {""id"": ""float"", ""kills"": false, ""reason"": ""cascade already stopped"", ""state"": ""NOT_APPLICABLE"", ""value"": ""\u2014""}, {""id"": ""catalyst"", ""kills"": false, ""reason"": ""cascade already stopped"", ""state"": ""NOT_APPLICABLE"", ""value"": ""\u2014""}, {""id"": ""rising"", ""kills"": false, ""reason"": ""cascade already stopped"", ""state"": ""NOT_APPLICABLE"", ""value"": ""\u2014""}, {""id"": ""split"", ""kills"": false, ""reason"": ""cascade already stopped"", ""state"": ""NOT_APPLICABLE"", ""value"": ""\u2014""}, {""id"": ""instrument"", ""kills"": false, ""reason"": ""cascade already stopped"", ""state"": ""NOT_APPLICABLE"", ""value"": ""\u2014""}, {""id"": ""tick"", ""kills"": false, ""reason"": ""cascade already stopped"", ""state"": ""NOT_APPLICABLE"", ""value"": ""\u2014""}, {""id"": ""buyout"", ""kills"": false, ""reason"": ""cascade already stopped"", ""state"": ""NOT_APPLICABLE"", ""value"": ""\u2014""}]",[],"{""above_ema9"": true, ""above_vwap"": false, ""buyout_announced"": false, ""catalyst_today"": false, ""change_pct"": 7.831529093369416, ""feed_stale"": false, ""float_is_shares_outstanding"": false, ""float_shares"": 8210000.000000001, ""float_verified"": true, ""halted"": false, ""in_session_window"": true, ""is_fund_or_etf"": null, ""last"": 0.6375, ""live_theme"": false, ""macd_positive_and_above_signal"": true, ""penny_theme"": false, ""premarket_volume"": null, ""prev_close"": null, ""rvol"": 37.000807297629045, ""session_high"": 0.9365, ""session_volume"": 8233884.0, ""split_ratio_clean_integer"": null, ""symbol"": ""DTSS"", ""tick_size"": null}",0.64,0.6102,0.6996,0.0298,2.0,2,0,SUPPRESSED,,,2026-09-17T13:39:57+00:00,33dfeedb3f51,e3d0803,,,,0.64,55.3691,-0.5034,0,1,target,1,2026-09-17T12:58:00Z,1.18,0.625,2.03
4f9a23097f0b7cff,2026-09-17T08:59:00-04:00,premarket,BIAF,pullback,ibkr-DAIC-AEHL-VEEA,IBKR · TWS read-only · live,live-backfill,1m,7.12,,,9.0,4264792.0,0.9638091559374863,33.08411214953273,590000.0,verified,finviz via premarket_stars.py,0,0,REJECT,catalyst,0,"[{""id"": ""price"", ""kills"": true, ""reason"": ""$7.12 is outside $2.00\u201320.00."", ""state"": ""PASS"", ""value"": ""$7.12  band $2.00\u201320.00""}, {""id"": ""float"", ""kills"": false, ""reason"": """", ""state"": ""PASS"", ""value"": ""0.6M (verified)""}, {""id"": ""catalyst"", ""kills"": true, ""reason"": ""No catalyst dated today and no live theme it belongs to."", ""state"": ""FAIL"", ""value"": ""none""}, {""id"": ""rising"", ""kills"": false, ""reason"": ""cascade already stopped"", ""state"": ""NOT_APPLICABLE"", ""value"": ""\u2014""}, {""id"": ""split"", ""kills"": false, ""reason"": ""cascade already stopped"", ""state"": ""NOT_APPLICABLE"", ""value"": ""\u2014""}, {""id"": ""instrument"", ""kills"": false, ""reason"": ""cascade already stopped"", ""state"": ""NOT_APPLICABLE"", ""value"": ""\u2014""}, {""id"": ""tick"", ""kills"": false, ""reason"": ""cascade already stopped"", ""state"": ""NOT_APPLICABLE"", ""value"": ""\u2014""}, {""id"": ""buyout"", ""kills"": false, ""reason"": ""cascade already stopped"", ""state"": ""NOT_APPLICABLE"", ""value"": ""\u2014""}]",[],"{""above_ema9"": false, ""above_vwap"": false, ""buyout_announced"": false, ""catalyst_today"": false, ""change_pct"": 33.08411214953273, ""feed_stale"": false, ""float_is_shares_outstanding"": false, ""float_shares"": 590000.0, ""float_verified"": true, ""halted"": false, ""in_session_window"": true, ""is_fund_or_etf"": null, ""last"": 7.12, ""live_theme"": false, ""macd_positive_and_above_signal"": false, ""penny_theme"": false, ""premarket_volume"": null, ""prev_close"": null, ""rvol"": 0.9638091559374863, ""session_high"": 9.0, ""session_volume"": 4264792.0, ""split_ratio_clean_integer"": null, ""symbol"": ""BIAF"", ""tick_size"": null}",7.19,6.9,7.77,0.29,2.0,2,1,SUPPRESSED,,,2026-09-17T13:39:26+00:00,33dfeedb3f51,e3d0803,,,,7.19,0.8966,-2.5517,1,0,stop,1,2026-09-17T13:12:00Z,7.3,6.57,7.22
17ba63470bf40f43,2026-09-17T09:00:00-04:00,premarket,AEMD,pullback,ibkr-DAIC-AEHL-VEEA,IBKR · TWS read-only · live,live-backfill,1m,7.67,,,14.0,30833138.0,22.27561355375397,436.36363636363643,1580000.0,verified,finviz via premarket_stars.py,0,0,REJECT,catalyst,0,"[{""id"": ""price"", ""kills"": true, ""reason"": ""$7.67 is outside $2.00\u201320.00."", ""state"": ""PASS"", ""value"": ""$7.67  band $2.00\u201320.00""}, {""id"": ""float"", ""kills"": false, ""reason"": """", ""state"": ""PASS"", ""value"": ""1.6M (verified)""}, {""id"": ""catalyst"", ""kills"": true, ""reason"": ""No catalyst dated today and no live theme it belongs to."", ""state"": ""FAIL"", ""value"": ""none""}, {""id"": ""rising"", ""kills"": false, ""reason"": ""cascade already stopped"", ""state"": ""NOT_APPLICABLE"", ""value"": ""\u2014""}, {""id"": ""split"", ""kills"": false, ""reason"": ""cascade already stopped"", ""state"": ""NOT_APPLICABLE"", ""value"": ""\u2014""}, {""id"": ""instrument"", ""kills"": false, ""reason"": ""cascade already stopped"", ""state"": ""NOT_APPLICABLE"", ""value"": ""\u2014""}, {""id"": ""tick"", ""kills"": false, ""reason"": ""cascade already stopped"", ""state"": ""NOT_APPLICABLE"", ""value"": ""\u2014""}, {""id"": ""buyout"", ""kills"": false, ""reason"": ""cascade already stopped"", ""state"": ""NOT_APPLICABLE"", ""value"": ""\u2014""}]",[],"{""above_ema9"": true, ""above_vwap"": true, ""buyout_announced"": false, ""catalyst_today"": false, ""change_pct"": 436.36363636363643, ""feed_stale"": false, ""float_is_shares_outstanding"": false, ""float_shares"": 1580000.0, ""float_verified"": true, ""halted"": false, ""in_session_window"": true, ""is_fund_or_etf"": null, ""last"": 7.67, ""live_theme"": false, ""macd_positive_and_above_signal"": false, ""penny_theme"": false, ""premarket_volume"": null, ""prev_close"": null, ""rvol"": 22.27561355375397, ""session_high"": 14.0, ""session_volume"": 30833138.0, ""split_ratio_clean_integer"": null, ""symbol"": ""AEMD"", ""tick_size"": null}",7.5092,7.4007,7.7262,0.1085,2.0,3,1,SUPPRESSED,,,2026-09-17T13:39:57+00:00,33dfeedb3f51,e3d0803,,,,7.5092,21.3899,-8.3797,1,1,target,1,2026-09-17T13:01:00Z,9.83,7.5,7.0001
1d6a9a3fd0bf4f50,2026-09-17T09:07:00-04:00,premarket,BIAF,pullback,ibkr-DAIC-AEHL-VEEA,IBKR · TWS read-only · live,live-backfill,1m,6.9,,,9.0,4425386.0,1.00010212581471,28.971962616822445,590000.0,verified,finviz via premarket_stars.py,0,0,REJECT,catalyst,0,"[{""id"": ""price"", ""kills"": true, ""reason"": ""$6.90 is outside $2.00\u201320.00."", ""state"": ""PASS"", ""value"": ""$6.90  band $2.00\u201320.00""}, {""id"": ""float"", ""kills"": false, ""reason"": """", ""state"": ""PASS"", ""value"": ""0.6M (verified)""}, {""id"": ""catalyst"", ""kills"": true, ""reason"": ""No catalyst dated today and no live theme it belongs to."", ""state"": ""FAIL"", ""value"": ""none""}, {""id"": ""rising"", ""kills"": false, ""reason"": ""cascade already stopped"", ""state"": ""NOT_APPLICABLE"", ""value"": ""\u2014""}, {""id"": ""split"", ""kills"": false, ""reason"": ""cascade already stopped"", ""state"": ""NOT_APPLICABLE"", ""value"": ""\u2014""}, {""id"": ""instrument"", ""kills"": false, ""reason"": ""cascade already stopped"", ""state"": ""NOT_APPLICABLE"", ""value"": ""\u2014""}, {""id"": ""tick"", ""kills"": false, ""reason"": ""cascade already stopped"", ""state"": ""NOT_APPLICABLE"", ""value"": ""\u2014""}, {""id"": ""buyout"", ""kills"": false, ""reason"": ""cascade already stopped"", ""state"": ""NOT_APPLICABLE"", ""value"": ""\u2014""}]",[],"{""above_ema9"": false, ""above_vwap"": false, ""buyout_announced"": false, ""catalyst_today"": false, ""change_pct"": 28.971962616822445, ""feed_stale"": false, ""float_is_shares_outstanding"": false, ""float_shares"": 590000.0, ""float_verified"": true, ""halted"": false, ""in_session_window"": true, ""is_fund_or_etf"": null, ""last"": 6.9, ""live_theme"": false, ""macd_positive_and_above_signal"": false, ""penny_theme"": false, ""premarket_volume"": null, ""prev_close"": null, ""rvol"": 1.00010212581471, ""session_high"": 9.0, ""session_volume"": 4425386.0, ""split_ratio_clean_integer"": null, ""symbol"": ""BIAF"", ""tick_size"": null}",7.01,6.84,7.35,0.17,2.0,1,1,SUPPRESSED,,,2026-09-17T13:39:26+00:00,33dfeedb3f51,e3d0803,,,,7.01,2.5882,-3.2941,1,1,stop,1,2026-09-17T13:11:00Z,7.41,6.57,7.22
f52ec04e7b34b1ec,2026-09-17T09:08:00-04:00,premarket,AEMD,pullback,ibkr-DAIC-AEHL-VEEA,IBKR · TWS read-only · live,live-backfill,1m,7.9197,,,14.0,32765153.0,23.671411137511292,453.8251748251748,1580000.0,verified,finviz via premarket_stars.py,0,0,REJECT,catalyst,0,"[{""id"": ""price"", ""kills"": true, ""reason"": ""$7.92 is outside $2.00\u201320.00."", ""state"": ""PASS"", ""value"": ""$7.92  band $2.00\u201320.00""}, {""id"": ""float"", ""kills"": false, ""reason"": """", ""state"": ""PASS"", ""value"": ""1.6M (verified)""}, {""id"": ""catalyst"", ""kills"": true, ""reason"": ""No catalyst dated today and no live theme it belongs to."", ""state"": ""FAIL"", ""value"": ""none""}, {""id"": ""rising"", ""kills"": false, ""reason"": ""cascade already stopped"", ""state"": ""NOT_APPLICABLE"", ""value"": ""\u2014""}, {""id"": ""split"", ""kills"": false, ""reason"": ""cascade already stopped"", ""state"": ""NOT_APPLICABLE"", ""value"": ""\u2014""}, {""id"": ""instrument"", ""kills"": false, ""reason"": ""cascade already stopped"", ""state"": ""NOT_APPLICABLE"", ""value"": ""\u2014""}, {""id"": ""tick"", ""kills"": false, ""reason"": ""cascade already stopped"", ""state"": ""NOT_APPLICABLE"", ""value"": ""\u2014""}, {""id"": ""buyout"", ""kills"": false, ""reason"": ""cascade already stopped"", ""state"": ""NOT_APPLICABLE"", ""value"": ""\u2014""}]",[],"{""above_ema9"": true, ""above_vwap"": true, ""buyout_announced"": false, ""catalyst_today"": false, ""change_pct"": 453.8251748251748, ""feed_stale"": false, ""float_is_shares_outstanding"": false, ""float_shares"": 1580000.0, ""float_verified"": true, ""halted"": false, ""in_session_window"": true, ""is_fund_or_etf"": null, ""last"": 7.9197, ""live_theme"": false, ""macd_positive_and_above_signal"": true, ""penny_theme"": false, ""premarket_volume"": null, ""prev_close"": null, ""rvol"": 23.671411137511292, ""session_high"": 14.0, ""session_volume"": 32765153.0, ""split_ratio_clean_integer"": null, ""symbol"": ""AEMD"", ""tick_size"": null}",8.5399,8.09,9.4397,0.4499,2.0,1,0,SUPPRESSED,,,2026-09-17T13:39:57+00:00,33dfeedb3f51,e3d0803,,,,8.5399,2.8675,-4.3118,1,1,target,1,2026-09-17T13:14:00Z,9.83,7.5001,7.0001
de3f0ab918128ada,2026-09-17T09:08:00-04:00,premarket,KXIN,pullback,ibkr-DAIC-AEHL-VEEA,IBKR · TWS read-only · live,live-backfill,1m,1.7201,,,2.75,15775959.0,21.01828499621494,52.221238938053105,1510000.0,verified,finviz via premarket_stars.py,0,0,REJECT,price,0,"[{""id"": ""price"", ""kills"": true, ""reason"": ""$1.72 is outside $2.00\u201320.00."", ""state"": ""FAIL"", ""value"": ""$1.72  band $2.00\u201320.00""}, {""id"": ""float"", ""kills"": false, ""reason"": ""cascade already stopped"", ""state"": ""NOT_APPLICABLE"", ""value"": ""\u2014""}, {""id"": ""catalyst"", ""kills"": false, ""reason"": ""cascade already stopped"", ""state"": ""NOT_APPLICABLE"", ""value"": ""\u2014""}, {""id"": ""rising"", ""kills"": false, ""reason"": ""cascade already stopped"", ""state"": ""NOT_APPLICABLE"", ""value"": ""\u2014""}, {""id"": ""split"", ""kills"": false, ""reason"": ""cascade already stopped"", ""state"": ""NOT_APPLICABLE"", ""value"": ""\u2014""}, {""id"": ""instrument"", ""kills"": false, ""reason"": ""cascade already stopped"", ""state"": ""NOT_APPLICABLE"", ""value"": ""\u2014""}, {""id"": ""tick"", ""kills"": false, ""reason"": ""cascade already stopped"", ""state"": ""NOT_APPLICABLE"", ""value"": ""\u2014""}, {""id"": ""buyout"", ""kills"": false, ""reason"": ""cascade already stopped"", ""state"": ""NOT_APPLICABLE"", ""value"": ""\u2014""}]",[],"{""above_ema9"": true, ""above_vwap"": false, ""buyout_announced"": false, ""catalyst_today"": false, ""change_pct"": 52.221238938053105, ""feed_stale"": false, ""float_is_shares_outstanding"": false, ""float_shares"": 1510000.0, ""float_verified"": true, ""halted"": false, ""in_session_window"": true, ""is_fund_or_etf"": null, ""last"": 1.7201, ""live_theme"": false, ""macd_positive_and_above_signal"": true, ""penny_theme"": false, ""premarket_volume"": null, ""prev_close"": null, ""rvol"": 21.01828499621494, ""session_high"": 2.75, ""session_volume"": 15775959.0, ""split_ratio_clean_integer"": null, ""symbol"": ""KXIN"", ""tick_size"": null}",1.72,1.67,1.82,0.05,2.0,1,0,SUPPRESSED,,,2026-09-17T13:39:57+00:00,33dfeedb3f51,e3d0803,,,,1.72,21.8,-3.8,1,1,stop,1,2026-09-17T13:09:00Z,1.81,1.54,1.821
8998191d04fe66f9,2026-09-17T09:16:00-04:00,premarket,BIAF,pullback,ibkr-DAIC-AEHL-VEEA,IBKR · TWS read-only · live,live-backfill,1m,6.98,,,9.0,4597078.0,1.0389031556424762,30.46728971962618,590000.0,verified,finviz via premarket_stars.py,0,0,REJECT,catalyst,0,"[{""id"": ""price"", ""kills"": true, ""reason"": ""$6.98 is outside $2.00\u201320.00."", ""state"": ""PASS"", ""value"": ""$6.98  band $2.00\u201320.00""}, {""id"": ""float"", ""kills"": false, ""reason"": """", ""state"": ""PASS"", ""value"": ""0.6M (verified)""}, {""id"": ""catalyst"", ""kills"": true, ""reason"": ""No catalyst dated today and no live theme it belongs to."", ""state"": ""FAIL"", ""value"": ""none""}, {""id"": ""rising"", ""kills"": false, ""reason"": ""cascade already stopped"", ""state"": ""NOT_APPLICABLE"", ""value"": ""\u2014""}, {""id"": ""split"", ""kills"": false, ""reason"": ""cascade already stopped"", ""state"": ""NOT_APPLICABLE"", ""value"": ""\u2014""}, {""id"": ""instrument"", ""kills"": false, ""reason"": ""cascade already stopped"", ""state"": ""NOT_APPLICABLE"", ""value"": ""\u2014""}, {""id"": ""tick"", ""kills"": false, ""reason"": ""cascade already stopped"", ""state"": ""NOT_APPLICABLE"", ""value"": ""\u2014""}, {""id"": ""buyout"", ""kills"": false, ""reason"": ""cascade already stopped"", ""state"": ""NOT_APPLICABLE"", ""value"": ""\u2014""}]",[],"{""above_ema9"": true, ""above_vwap"": false, ""buyout_announced"": false, ""catalyst_today"": false, ""change_pct"": 30.46728971962618, ""feed_stale"": false, ""float_is_shares_outstanding"": false, ""float_shares"": 590000.0, ""float_verified"": true, ""halted"": false, ""in_session_window"": true, ""is_fund_or_etf"": null, ""last"": 6.98, ""live_theme"": false, ""macd_positive_and_above_signal"": false, ""penny_theme"": false, ""premarket_volume"": null, ""prev_close"": null, ""rvol"": 1.0389031556424762, ""session_high"": 9.0, ""session_volume"": 4597078.0, ""split_ratio_clean_integer"": null, ""symbol"": ""BIAF"", ""tick_size"": null}",7.01,6.85,7.33,0.16,2.0,3,1,SUPPRESSED,,,2026-09-17T13:39:26+00:00,33dfeedb3f51,e3d0803,,,,7.01,2.75,-3.5,1,1,stop,1,2026-09-17T13:17:00Z,7.41,6.45,7.22
bcf99c6deb8fd0ff,2026-09-17T09:17:00-04:00,premarket,DTSS,pullback,ibkr-DAIC-AEHL-VEEA,IBKR · TWS read-only · live,live-backfill,1m,0.99,,,1.18,20417573.0,91.75095059127305,67.45602165087958,8210000.000000001,verified,finviz via premarket_stars.py,0,0,REJECT,price,0,"[{""id"": ""price"", ""kills"": true, ""reason"": ""$0.99 is outside $2.00\u201320.00."", ""state"": ""FAIL"", ""value"": ""$0.99  band $2.00\u201320.00""}, {""id"": ""float"", ""kills"": false, ""reason"": ""cascade already stopped"", ""state"": ""NOT_APPLICABLE"", ""value"": ""\u2014""}, {""id"": ""catalyst"", ""kills"": false, ""reason"": ""cascade already stopped"", ""state"": ""NOT_APPLICABLE"", ""value"": ""\u2014""}, {""id"": ""rising"", ""kills"": false, ""reason"": ""cascade already stopped"", ""state"": ""NOT_APPLICABLE"", ""value"": ""\u2014""}, {""id"": ""split"", ""kills"": false, ""reason"": ""cascade already stopped"", ""state"": ""NOT_APPLICABLE"", ""value"": ""\u2014""}, {""id"": ""instrument"", ""kills"": false, ""reason"": ""cascade already stopped"", ""state"": ""NOT_APPLICABLE"", ""value"": ""\u2014""}, {""id"": ""tick"", ""kills"": false, ""reason"": ""cascade already stopped"", ""state"": ""NOT_APPLICABLE"", ""value"": ""\u2014""}, {""id"": ""buyout"", ""kills"": false, ""reason"": ""cascade already stopped"", ""state"": ""NOT_APPLICABLE"", ""value"": ""\u2014""}]",[],"{""above_ema9"": true, ""above_vwap"": true, ""buyout_announced"": false, ""catalyst_today"": false, ""change_pct"": 67.45602165087958, ""feed_stale"": false, ""float_is_shares_outstanding"": false, ""float_shares"": 8210000.000000001, ""float_verified"": true, ""halted"": false, ""in_session_window"": true, ""is_fund_or_etf"": null, ""last"": 0.99, ""live_theme"": false, ""macd_positive_and_above_signal"": true, ""penny_theme"": false, ""premarket_volume"": null, ""prev_close"": null, ""rvol"": 91.75095059127305, ""session_high"": 1.18, ""session_volume"": 20417573.0, ""split_ratio_clean_integer"": null, ""symbol"": ""DTSS"", ""tick_size"": null}",0.99,0.87,1.23,0.12,2.0,4,0,SUPPRESSED,,,2026-09-17T13:39:57+00:00,33dfeedb3f51,e3d0803,,,,0.99,10.8333,-1.75,1,1,stop,1,2026-09-17T13:18:00Z,1.51,0.78,2.03
a80d1e0787549fb0,2026-09-17T09:17:00-04:00,premarket,TURB,pullback,ibkr-DAIC-AEHL-VEEA,IBKR · TWS read-only · live,live-backfill,1m,1.63,,,3.96,35525796.0,346.7824241622622,82.42865137101288,55085700.0,shares_outstanding_proxy,SEC shares outstanding (upper bound),0,0,REJECT,price,0,"[{""id"": ""price"", ""kills"": true, ""reason"": ""$1.63 is outside $2.00\u201320.00."", ""state"": ""FAIL"", ""value"": ""$1.63  band $2.00\u201320.00""}, {""id"": ""float"", ""kills"": false, ""reason"": ""cascade already stopped"", ""state"": ""NOT_APPLICABLE"", ""value"": ""\u2014""}, {""id"": ""catalyst"", ""kills"": false, ""reason"": ""cascade already stopped"", ""state"": ""NOT_APPLICABLE"", ""value"": ""\u2014""}, {""id"": ""rising"", ""kills"": false, ""reason"": ""cascade already stopped"", ""state"": ""NOT_APPLICABLE"", ""value"": ""\u2014""}, {""id"": ""split"", ""kills"": false, ""reason"": ""cascade already stopped"", ""state"": ""NOT_APPLICABLE"", ""value"": ""\u2014""}, {""id"": ""instrument"", ""kills"": false, ""reason"": ""cascade already stopped"", ""state"": ""NOT_APPLICABLE"", ""value"": ""\u2014""}, {""id"": ""tick"", ""kills"": false, ""reason"": ""cascade already stopped"", ""state"": ""NOT_APPLICABLE"", ""value"": ""\u2014""}, {""id"": ""buyout"", ""kills"": false, ""reason"": ""cascade already stopped"", ""state"": ""NOT_APPLICABLE"", ""value"": ""\u2014""}]",[],"{""above_ema9"": true, ""above_vwap"": false, ""buyout_announced"": false, ""catalyst_today"": false, ""change_pct"": 82.42865137101288, ""feed_stale"": false, ""float_is_shares_outstanding"": true, ""float_shares"": 55085700, ""float_verified"": false, ""halted"": false, ""in_session_window"": true, ""is_fund_or_etf"": null, ""last"": 1.63, ""live_theme"": false, ""macd_positive_and_above_signal"": false, ""penny_theme"": false, ""premarket_volume"": null, ""prev_close"": null, ""rvol"": 346.7824241622622, ""session_high"": 3.96, ""session_volume"": 35525796.0, ""split_ratio_clean_integer"": null, ""symbol"": ""TURB"", ""tick_size"": null}",1.56,1.5,1.68,0.06,2.0,1,1,SUPPRESSED,,,2026-09-17T13:39:57+00:00,33dfeedb3f51,e3d0803,,,,1.56,8.3333,-4.3333,1,1,target,1,2026-09-17T13:18:00Z,1.85,1.32,1.3592
a846210935e970f1,2026-09-17T09:19:00-04:00,premarket,VEEA,pullback,ibkr-DAIC-AEHL-VEEA,IBKR · TWS read-only · live,live-backfill,1m,7.6919,,,8.61,4925004.0,0.6453007901442982,26.096721311475424,1590000.0,verified,finviz via premarket_stars.py,0,0,REJECT,catalyst,0,"[{""id"": ""price"", ""kills"": true, ""reason"": ""$7.69 is outside $2.00\u201320.00."", ""state"": ""PASS"", ""value"": ""$7.69  band $2.00\u201320.00""}, {""id"": ""float"", ""kills"": false, ""reason"": """", ""state"": ""PASS"", ""value"": ""1.6M (verified)""}, {""id"": ""catalyst"", ""kills"": true, ""reason"": ""No catalyst dated today and no live theme it belongs to."", ""state"": ""FAIL"", ""value"": ""none""}, {""id"": ""rising"", ""kills"": false, ""reason"": ""cascade already stopped"", ""state"": ""NOT_APPLICABLE"", ""value"": ""\u2014""}, {""id"": ""split"", ""kills"": false, ""reason"": ""cascade already stopped"", ""state"": ""NOT_APPLICABLE"", ""value"": ""\u2014""}, {""id"": ""instrument"", ""kills"": false, ""reason"": ""cascade already stopped"", ""state"": ""NOT_APPLICABLE"", ""value"": ""\u2014""}, {""id"": ""tick"", ""kills"": false, ""reason"": ""cascade already stopped"", ""state"": ""NOT_APPLICABLE"", ""value"": ""\u2014""}, {""id"": ""buyout"", ""kills"": false, ""reason"": ""cascade already stopped"", ""state"": ""NOT_APPLICABLE"", ""value"": ""\u2014""}]",[],"{""above_ema9"": true, ""above_vwap"": true, ""buyout_announced"": false, ""catalyst_today"": false, ""change_pct"": 26.096721311475424, ""feed_stale"": false, ""float_is_shares_outstanding"": false, ""float_shares"": 1590000.0, ""float_verified"": true, ""halted"": false, ""in_session_window"": true, ""is_fund_or_etf"": null, ""last"": 7.6919, ""live_theme"": false, ""macd_positive_and_above_signal"": true, ""penny_theme"": false, ""premarket_volume"": null, ""prev_close"": null, ""rvol"": 0.6453007901442982, ""session_high"": 8.61, ""session_volume"": 4925004.0, ""split_ratio_clean_integer"": null, ""symbol"": ""VEEA"", ""tick_size"": null}",7.7038,7.65,7.8114,0.0538,2.0,2,0,SUPPRESSED,,,2026-09-17T13:39:26+00:00,33dfeedb3f51,e3d0803,,,,7.7038,21.8625,-37.6152,1,1,stop,1,2026-09-17T13:24:00Z,8.88,7.58,6.0275
53a7cc84bc72224d,2026-09-17T09:19:00-04:00,premarket,AEMD,pullback,ibkr-DAIC-AEHL-VEEA,IBKR · TWS read-only · live,live-backfill,1m,8.8907,,,14.0,35094593.0,25.354331158063744,521.7272727272727,1580000.0,verified,finviz via premarket_stars.py,0,0,REJECT,catalyst,0,"[{""id"": ""price"", ""kills"": true, ""reason"": ""$8.89 is outside $2.00\u201320.00."", ""state"": ""PASS"", ""value"": ""$8.89  band $2.00\u201320.00""}, {""id"": ""float"", ""kills"": false, ""reason"": """", ""state"": ""PASS"", ""value"": ""1.6M (verified)""}, {""id"": ""catalyst"", ""kills"": true, ""reason"": ""No catalyst dated today and no live theme it belongs to."", ""state"": ""FAIL"", ""value"": ""none""}, {""id"": ""rising"", ""kills"": false, ""reason"": ""cascade already stopped"", ""state"": ""NOT_APPLICABLE"", ""value"": ""\u2014""}, {""id"": ""split"", ""kills"": false, ""reason"": ""cascade already stopped"", ""state"": ""NOT_APPLICABLE"", ""value"": ""\u2014""}, {""id"": ""instrument"", ""kills"": false, ""reason"": ""cascade already stopped"", ""state"": ""NOT_APPLICABLE"", ""value"": ""\u2014""}, {""id"": ""tick"", ""kills"": false, ""reason"": ""cascade already stopped"", ""state"": ""NOT_APPLICABLE"", ""value"": ""\u2014""}, {""id"": ""buyout"", ""kills"": false, ""reason"": ""cascade already stopped"", ""state"": ""NOT_APPLICABLE"", ""value"": ""\u2014""}]",[],"{""above_ema9"": true, ""above_vwap"": true, ""buyout_announced"": false, ""catalyst_today"": false, ""change_pct"": 521.7272727272727, ""feed_stale"": false, ""float_is_shares_outstanding"": false, ""float_shares"": 1580000.0, ""float_verified"": true, ""halted"": false, ""in_session_window"": true, ""is_fund_or_etf"": null, ""last"": 8.8907, ""live_theme"": false, ""macd_positive_and_above_signal"": true, ""penny_theme"": false, ""premarket_volume"": null, ""prev_close"": null, ""rvol"": 25.354331158063744, ""session_high"": 14.0, ""session_volume"": 35094593.0, ""split_ratio_clean_integer"": null, ""symbol"": ""AEMD"", ""tick_size"": null}",8.95,8.64,9.57,0.31,2.0,3,1,SUPPRESSED,,,2026-09-17T13:39:57+00:00,33dfeedb3f51,e3d0803,,,,8.95,2.8387,-7.5806,1,1,target,1,2026-09-17T13:20:00Z,9.83,7.5001,7.0001
2af0a531b769341f,2026-09-17T09:20:00-04:00,premarket,AEHL,pullback,ibkr-DAIC-AEHL-VEEA,IBKR · TWS read-only · live,live-backfill,1m,11.7,,,13.35,628123.0,0.29394036355127884,26.89804772234272,1390000.0,verified,finviz via premarket_stars.py,0,0,REJECT,catalyst,0,"[{""id"": ""price"", ""kills"": true, ""reason"": ""$11.70 is outside $2.00\u201320.00."", ""state"": ""PASS"", ""value"": ""$11.70  band $2.00\u201320.00""}, {""id"": ""float"", ""kills"": false, ""reason"": """", ""state"": ""PASS"", ""value"": ""1.4M (verified)""}, {""id"": ""catalyst"", ""kills"": true, ""reason"": ""No catalyst dated today and no live theme it belongs to."", ""state"": ""FAIL"", ""value"": ""none""}, {""id"": ""rising"", ""kills"": false, ""reason"": ""cascade already stopped"", ""state"": ""NOT_APPLICABLE"", ""value"": ""\u2014""}, {""id"": ""split"", ""kills"": false, ""reason"": ""cascade already stopped"", ""state"": ""NOT_APPLICABLE"", ""value"": ""\u2014""}, {""id"": ""instrument"", ""kills"": false, ""reason"": ""cascade already stopped"", ""state"": ""NOT_APPLICABLE"", ""value"": ""\u2014""}, {""id"": ""tick"", ""kills"": false, ""reason"": ""cascade already stopped"", ""state"": ""NOT_APPLICABLE"", ""value"": ""\u2014""}, {""id"": ""buyout"", ""kills"": false, ""reason"": ""cascade already stopped"", ""state"": ""NOT_APPLICABLE"", ""value"": ""\u2014""}]",[],"{""above_ema9"": true, ""above_vwap"": false, ""buyout_announced"": false, ""catalyst_today"": false, ""change_pct"": 26.89804772234272, ""feed_stale"": false, ""float_is_shares_outstanding"": false, ""float_shares"": 1390000.0, ""float_verified"": true, ""halted"": false, ""in_session_window"": true, ""is_fund_or_etf"": null, ""last"": 11.7, ""live_theme"": false, ""macd_positive_and_above_signal"": true, ""penny_theme"": false, ""premarket_volume"": null, ""prev_close"": null, ""rvol"": 0.29394036355127884, ""session_high"": 13.35, ""session_volume"": 628123.0, ""split_ratio_clean_integer"": null, ""symbol"": ""AEHL"", ""tick_size"": null}",11.6,11.55,11.7,0.05,2.0,3,1,SUPPRESSED,,,2026-09-17T13:39:26+00:00,33dfeedb3f51,e3d0803,,,,11.6,83.6,-28.2,1,1,target,1,2026-09-17T13:21:00Z,14.4,11.61,11.73
fb0eabb00e6cbcd8,2026-09-17T09:26:00-04:00,premarket,DAIC,pullback,ibkr-DAIC-AEHL-VEEA,IBKR · TWS read-only · live,live-backfill,1m,4.16,,,5.03,21064935.0,2.1316995791623454,106.96517412935327,1340000.0,verified,finviz via premarket_stars.py,0,0,REJECT,catalyst,0,"[{""id"": ""price"", ""kills"": true, ""reason"": ""$4.16 is outside $2.00\u201320.00."", ""state"": ""PASS"", ""value"": ""$4.16  band $2.00\u201320.00""}, {""id"": ""float"", ""kills"": false, ""reason"": """", ""state"": ""PASS"", ""value"": ""1.3M (verified)""}, {""id"": ""catalyst"", ""kills"": true, ""reason"": ""No catalyst dated today and no live theme it belongs to."", ""state"": ""FAIL"", ""value"": ""none""}, {""id"": ""rising"", ""kills"": false, ""reason"": ""cascade already stopped"", ""state"": ""NOT_APPLICABLE"", ""value"": ""\u2014""}, {""id"": ""split"", ""kills"": false, ""reason"": ""cascade already stopped"", ""state"": ""NOT_APPLICABLE"", ""value"": ""\u2014""}, {""id"": ""instrument"", ""kills"": false, ""reason"": ""cascade already stopped"", ""state"": ""NOT_APPLICABLE"", ""value"": ""\u2014""}, {""id"": ""tick"", ""kills"": false, ""reason"": ""cascade already stopped"", ""state"": ""NOT_APPLICABLE"", ""value"": ""\u2014""}, {""id"": ""buyout"", ""kills"": false, ""reason"": ""cascade already stopped"", ""state"": ""NOT_APPLICABLE"", ""value"": ""\u2014""}]",[],"{""above_ema9"": true, ""above_vwap"": true, ""buyout_announced"": false, ""catalyst_today"": false, ""change_pct"": 106.96517412935327, ""feed_stale"": false, ""float_is_shares_outstanding"": false, ""float_shares"": 1340000.0, ""float_verified"": true, ""halted"": false, ""in_session_window"": true, ""is_fund_or_etf"": null, ""last"": 4.16, ""live_theme"": false, ""macd_positive_and_above_signal"": true, ""penny_theme"": false, ""premarket_volume"": null, ""prev_close"": null, ""rvol"": 2.1316995791623454, ""session_high"": 5.03, ""session_volume"": 21064935.0, ""split_ratio_clean_integer"": null, ""symbol"": ""DAIC"", ""tick_size"": null}",4.09,4.0262,4.2176,0.0638,2.0,1,0,SUPPRESSED,,,2026-09-17T13:39:26+00:00,33dfeedb3f51,e3d0803,,,,4.09,47.9545,-1.8809,1,1,target,1,2026-09-17T13:27:00Z,7.1495,3.97,4.765
76d5efcb4e4faced,2026-09-17T09:27:00-04:00,premarket,VEEA,pullback,ibkr-DAIC-AEHL-VEEA,IBKR · TWS read-only · live,live-backfill,1m,7.67,,,8.61,5002548.0,0.655461026454959,25.7377049180328,1590000.0,verified,finviz via premarket_stars.py,0,0,REJECT,catalyst,0,"[{""id"": ""price"", ""kills"": true, ""reason"": ""$7.67 is outside $2.00\u201320.00."", ""state"": ""PASS"", ""value"": ""$7.67  band $2.00\u201320.00""}, {""id"": ""float"", ""kills"": false, ""reason"": """", ""state"": ""PASS"", ""value"": ""1.6M (verified)""}, {""id"": ""catalyst"", ""kills"": true, ""reason"": ""No catalyst dated today and no live theme it belongs to."", ""state"": ""FAIL"", ""value"": ""none""}, {""id"": ""rising"", ""kills"": false, ""reason"": ""cascade already stopped"", ""state"": ""NOT_APPLICABLE"", ""value"": ""\u2014""}, {""id"": ""split"", ""kills"": false, ""reason"": ""cascade already stopped"", ""state"": ""NOT_APPLICABLE"", ""value"": ""\u2014""}, {""id"": ""instrument"", ""kills"": false, ""reason"": ""cascade already stopped"", ""state"": ""NOT_APPLICABLE"", ""value"": ""\u2014""}, {""id"": ""tick"", ""kills"": false, ""reason"": ""cascade already stopped"", ""state"": ""NOT_APPLICABLE"", ""value"": ""\u2014""}, {""id"": ""buyout"", ""kills"": false, ""reason"": ""cascade already stopped"", ""state"": ""NOT_APPLICABLE"", ""value"": ""\u2014""}]",[],"{""above_ema9"": false, ""above_vwap"": true, ""buyout_announced"": false, ""catalyst_today"": false, ""change_pct"": 25.7377049180328, ""feed_stale"": false, ""float_is_shares_outstanding"": false, ""float_shares"": 1590000.0, ""float_verified"": true, ""halted"": false, ""in_session_window"": true, ""is_fund_or_etf"": null, ""last"": 7.67, ""live_theme"": false, ""macd_positive_and_above_signal"": true, ""penny_theme"": false, ""premarket_volume"": null, ""prev_close"": null, ""rvol"": 0.655461026454959, ""session_high"": 8.61, ""session_volume"": 5002548.0, ""split_ratio_clean_integer"": null, ""symbol"": ""VEEA"", ""tick_size"": null}",7.72,7.64,7.88,0.08,2.0,2,1,SUPPRESSED,,,2026-09-17T13:39:26+00:00,33dfeedb3f51,e3d0803,,,,7.72,14.5,-25.4987,1,1,target,1,2026-09-17T13:28:00Z,8.88,6.18,6.0275
52e580625bb0b254,2026-09-17T09:28:00-04:00,premarket,AEHL,pullback,ibkr-DAIC-AEHL-VEEA,IBKR · TWS read-only · live,live-backfill,1m,12.24,,,13.35,643380.0,0.3010801245960135,32.75488069414316,1390000.0,verified,finviz via premarket_stars.py,0,0,REJECT,catalyst,0,"[{""id"": ""price"", ""kills"": true, ""reason"": ""$12.24 is outside $2.00\u201320.00."", ""state"": ""PASS"", ""value"": ""$12.24  band $2.00\u201320.00""}, {""id"": ""float"", ""kills"": false, ""reason"": """", ""state"": ""PASS"", ""value"": ""1.4M (verified)""}, {""id"": ""catalyst"", ""kills"": true, ""reason"": ""No catalyst dated today and no live theme it belongs to."", ""state"": ""FAIL"", ""value"": ""none""}, {""id"": ""rising"", ""kills"": false, ""reason"": ""cascade already stopped"", ""state"": ""NOT_APPLICABLE"", ""value"": ""\u2014""}, {""id"": ""split"", ""kills"": false, ""reason"": ""cascade already stopped"", ""state"": ""NOT_APPLICABLE"", ""value"": ""\u2014""}, {""id"": ""instrument"", ""kills"": false, ""reason"": ""cascade already stopped"", ""state"": ""NOT_APPLICABLE"", ""value"": ""\u2014""}, {""id"": ""tick"", ""kills"": false, ""reason"": ""cascade already stopped"", ""state"": ""NOT_APPLICABLE"", ""value"": ""\u2014""}, {""id"": ""buyout"", ""kills"": false, ""reason"": ""cascade already stopped"", ""state"": ""NOT_APPLICABLE"", ""value"": ""\u2014""}]",[],"{""above_ema9"": true, ""above_vwap"": true, ""buyout_announced"": false, ""catalyst_today"": false, ""change_pct"": 32.75488069414316, ""feed_stale"": false, ""float_is_shares_outstanding"": false, ""float_shares"": 1390000.0, ""float_verified"": true, ""halted"": false, ""in_session_window"": true, ""is_fund_or_etf"": null, ""last"": 12.24, ""live_theme"": false, ""macd_positive_and_above_signal"": true, ""penny_theme"": false, ""premarket_volume"": null, ""prev_close"": null, ""rvol"": 0.3010801245960135, ""session_high"": 13.35, ""session_volume"": 643380.0, ""split_ratio_clean_integer"": null, ""symbol"": ""AEHL"", ""tick_size"": null}",12.1,11.77,12.76,0.33,2.0,1,0,SUPPRESSED,,,2026-09-17T13:39:26+00:00,33dfeedb3f51,e3d0803,,,,12.1,11.1515,-5.7879,1,1,target,1,2026-09-17T13:29:00Z,14.4,12.0,11.73
8d456c908c42dcfc,2026-09-17T09:30:00-04:00,regular,AEMD,pullback,ibkr-DAIC-AEHL-VEEA,IBKR · TWS read-only · live,live-backfill,1m,8.9,,,14.0,38055893.0,27.493742800716905,522.3776223776224,1580000.0,verified,finviz via premarket_stars.py,0,0,REJECT,catalyst,0,"[{""id"": ""price"", ""kills"": true, ""reason"": ""$8.90 is outside $2.00\u201320.00."", ""state"": ""PASS"", ""value"": ""$8.90  band $2.00\u201320.00""}, {""id"": ""float"", ""kills"": false, ""reason"": """", ""state"": ""PASS"", ""value"": ""1.6M (verified)""}, {""id"": ""catalyst"", ""kills"": true, ""reason"": ""No catalyst dated today and no live theme it belongs to."", ""state"": ""FAIL"", ""value"": ""none""}, {""id"": ""rising"", ""kills"": false, ""reason"": ""cascade already stopped"", ""state"": ""NOT_APPLICABLE"", ""value"": ""\u2014""}, {""id"": ""split"", ""kills"": false, ""reason"": ""cascade already stopped"", ""state"": ""NOT_APPLICABLE"", ""value"": ""\u2014""}, {""id"": ""instrument"", ""kills"": false, ""reason"": ""cascade already stopped"", ""state"": ""NOT_APPLICABLE"", ""value"": ""\u2014""}, {""id"": ""tick"", ""kills"": false, ""reason"": ""cascade already stopped"", ""state"": ""NOT_APPLICABLE"", ""value"": ""\u2014""}, {""id"": ""buyout"", ""kills"": false, ""reason"": ""cascade already stopped"", ""state"": ""NOT_APPLICABLE"", ""value"": ""\u2014""}]",[],"{""above_ema9"": true, ""above_vwap"": true, ""buyout_announced"": false, ""catalyst_today"": false, ""change_pct"": 522.3776223776224, ""feed_stale"": false, ""float_is_shares_outstanding"": false, ""float_shares"": 1580000.0, ""float_verified"": true, ""halted"": false, ""in_session_window"": true, ""is_fund_or_etf"": null, ""last"": 8.9, ""live_theme"": false, ""macd_positive_and_above_signal"": false, ""penny_theme"": false, ""premarket_volume"": null, ""prev_close"": null, ""rvol"": 27.493742800716905, ""session_high"": 14.0, ""session_volume"": 38055893.0, ""split_ratio_clean_integer"": null, ""symbol"": ""AEMD"", ""tick_size"": null}",8.63,8.39,9.11,0.24,2.0,2,1,SUPPRESSED,,,2026-09-17T13:39:57+00:00,33dfeedb3f51,e3d0803,,,,8.63,3.625,-8.4583,1,1,target,1,2026-09-17T13:31:00Z,9.5,7.3401,7.0001
efc5b3fb2a245505,2026-09-17T09:36:00-04:00,regular,DAIC,pullback,ibkr-DAIC-AEHL-VEEA,IBKR · TWS read-only · live,live-backfill,1m,4.47,,,5.03,27825323.0,2.815827788177667,122.38805970149254,1340000.0,verified,finviz via premarket_stars.py,0,0,REJECT,catalyst,0,"[{""id"": ""price"", ""kills"": true, ""reason"": ""$4.47 is outside $2.00\u201320.00."", ""state"": ""PASS"", ""value"": ""$4.47  band $2.00\u201320.00""}, {""id"": ""float"", ""kills"": false, ""reason"": """", ""state"": ""PASS"", ""value"": ""1.3M (verified)""}, {""id"": ""catalyst"", ""kills"": true, ""reason"": ""No catalyst dated today and no live theme it belongs to."", ""state"": ""FAIL"", ""value"": ""none""}, {""id"": ""rising"", ""kills"": false, ""reason"": ""cascade already stopped"", ""state"": ""NOT_APPLICABLE"", ""value"": ""\u2014""}, {""id"": ""split"", ""kills"": false, ""reason"": ""cascade already stopped"", ""state"": ""NOT_APPLICABLE"", ""value"": ""\u2014""}, {""id"": ""instrument"", ""kills"": false, ""reason"": ""cascade already stopped"", ""state"": ""NOT_APPLICABLE"", ""value"": ""\u2014""}, {""id"": ""tick"", ""kills"": false, ""reason"": ""cascade already stopped"", ""state"": ""NOT_APPLICABLE"", ""value"": ""\u2014""}, {""id"": ""buyout"", ""kills"": false, ""reason"": ""cascade already stopped"", ""state"": ""NOT_APPLICABLE"", ""value"": ""\u2014""}]",[],"{""above_ema9"": true, ""above_vwap"": true, ""buyout_announced"": false, ""catalyst_today"": false, ""change_pct"": 122.38805970149254, ""feed_stale"": false, ""float_is_shares_outstanding"": false, ""float_shares"": 1340000.0, ""float_verified"": true, ""halted"": false, ""in_session_window"": true, ""is_fund_or_etf"": null, ""last"": 4.47, ""live_theme"": false, ""macd_positive_and_above_signal"": true, ""penny_theme"": false, ""premarket_volume"": null, ""prev_close"": null, ""rvol"": 2.815827788177667, ""session_high"": 5.03, ""session_volume"": 27825323.0, ""split_ratio_clean_integer"": null, ""symbol"": ""DAIC"", ""tick_size"": null}",4.74,4.31,5.6,0.43,2.0,2,0,SUPPRESSED,,,2026-09-17T13:39:26+00:00,33dfeedb3f51,e3d0803,,,,4.74,5.6035,-0.6744,0,1,target,1,2026-09-17T13:40:00Z,7.1495,4.35,4.765
87b6acade4eadb11,2026-09-17T09:38:00-04:00,regular,AEHL,pullback,ibkr-DAIC-AEHL-VEEA,IBKR · TWS read-only · live,live-backfill,1m,13.32,13.21,13.48,14.4,1011680.0,0.47343209371024114,44.46854663774402,1390000.0,verified,finviz via premarket_stars.py,0,0,REJECT,catalyst,0,"[{""id"": ""price"", ""kills"": true, ""reason"": ""$13.32 is outside $2.00\u201320.00."", ""state"": ""PASS"", ""value"": ""$13.32  band $2.00\u201320.00""}, {""id"": ""float"", ""kills"": false, ""reason"": """", ""state"": ""PASS"", ""value"": ""1.4M (verified)""}, {""id"": ""catalyst"", ""kills"": true, ""reason"": ""No catalyst dated today and no live theme it belongs to."", ""state"": ""FAIL"", ""value"": ""none""}, {""id"": ""rising"", ""kills"": false, ""reason"": ""cascade already stopped"", ""state"": ""NOT_APPLICABLE"", ""value"": ""\u2014""}, {""id"": ""split"", ""kills"": false, ""reason"": ""cascade already stopped"", ""state"": ""NOT_APPLICABLE"", ""value"": ""\u2014""}, {""id"": ""instrument"", ""kills"": false, ""reason"": ""cascade already stopped"", ""state"": ""NOT_APPLICABLE"", ""value"": ""\u2014""}, {""id"": ""tick"", ""kills"": false, ""reason"": ""cascade already stopped"", ""state"": ""NOT_APPLICABLE"", ""value"": ""\u2014""}, {""id"": ""buyout"", ""kills"": false, ""reason"": ""cascade already stopped"", ""state"": ""NOT_APPLICABLE"", ""value"": ""\u2014""}]",[],"{""above_ema9"": true, ""above_vwap"": true, ""buyout_announced"": false, ""catalyst_today"": false, ""change_pct"": 44.46854663774402, ""feed_stale"": false, ""float_is_shares_outstanding"": false, ""float_shares"": 1390000.0, ""float_verified"": true, ""halted"": false, ""in_session_window"": true, ""is_fund_or_etf"": null, ""last"": 13.32, ""live_theme"": false, ""macd_positive_and_above_signal"": true, ""penny_theme"": false, ""premarket_volume"": null, ""prev_close"": null, ""rvol"": 0.47343209371024114, ""session_high"": 14.4, ""session_volume"": 1011680.0, ""split_ratio_clean_integer"": null, ""symbol"": ""AEHL"", ""tick_size"": null}",13.54,12.89,14.84,0.65,2.0,3,1,SUPPRESSED,,,2026-09-17T13:39:26+00:00,33dfeedb3f51,e3d0803,,,,13.54,3.4462,-5.1538,1,1,target,1,2026-09-17T14:05:00Z,13.89,12.0,11.73
8ed3c3945bed0c1c,2026-09-17T09:45:00-04:00,regular,AEMD,pullback,ibkr-DAIC-AEHL-VEEA,IBKR · TWS read-only · live,live,1m,7.88,7.84,7.88,14.0,43965086.0,3114.7776124690045,451.0489510489511,1580000.0,verified,finviz via premarket_stars.py,0,0,REJECT,catalyst,0,"[{""id"": ""price"", ""kills"": true, ""reason"": ""$7.88 is outside $2.00\u201320.00."", ""state"": ""PASS"", ""value"": ""$7.88  band $2.00\u201320.00""}, {""id"": ""float"", ""kills"": false, ""reason"": """", ""state"": ""PASS"", ""value"": ""1.6M (verified)""}, {""id"": ""catalyst"", ""kills"": true, ""reason"": ""No catalyst dated today and no live theme it belongs to."", ""state"": ""FAIL"", ""value"": ""none""}, {""id"": ""rising"", ""kills"": false, ""reason"": ""cascade already stopped"", ""state"": ""NOT_APPLICABLE"", ""value"": ""\u2014""}, {""id"": ""split"", ""kills"": false, ""reason"": ""cascade already stopped"", ""state"": ""NOT_APPLICABLE"", ""value"": ""\u2014""}, {""id"": ""instrument"", ""kills"": false, ""reason"": ""cascade already stopped"", ""state"": ""NOT_APPLICABLE"", ""value"": ""\u2014""}, {""id"": ""tick"", ""kills"": false, ""reason"": ""cascade already stopped"", ""state"": ""NOT_APPLICABLE"", ""value"": ""\u2014""}, {""id"": ""buyout"", ""kills"": false, ""reason"": ""cascade already stopped"", ""state"": ""NOT_APPLICABLE"", ""value"": ""\u2014""}]",[],"{""above_ema9"": false, ""above_vwap"": true, ""buyout_announced"": false, ""catalyst_today"": false, ""change_pct"": 451.0489510489511, ""feed_stale"": false, ""float_is_shares_outstanding"": false, ""float_shares"": 1580000.0, ""float_verified"": true, ""halted"": false, ""in_session_window"": true, ""is_fund_or_etf"": null, ""last"": 7.88, ""live_theme"": false, ""macd_positive_and_above_signal"": false, ""penny_theme"": false, ""premarket_volume"": null, ""prev_close"": null, ""rvol"": 3114.7776124690045, ""session_high"": 14.0, ""session_volume"": 43965086.0, ""split_ratio_clean_integer"": null, ""symbol"": ""AEMD"", ""tick_size"": null}",7.95,7.62,8.61,0.33,2.0,4,0,SUPPRESSED,,,2026-09-17T13:45:12+00:00,33dfeedb3f51,e3d0803,,,,7.95,3.1818,-4.0909,1,1,target,1,2026-09-17T13:46:00Z,9.0,7.021,7.0001
df128f91aa41350f,2026-09-17T09:45:00-04:00,regular,AEHL,pullback,ibkr-DAIC-AEHL-VEEA,IBKR · TWS read-only · live,live,1m,13.0,12.8,12.99,14.4,1115944.0,16.760697496282724,40.99783080260302,1390000.0,verified,finviz via premarket_stars.py,0,0,REJECT,catalyst,0,"[{""id"": ""price"", ""kills"": true, ""reason"": ""$13.00 is outside $2.00\u201320.00."", ""state"": ""PASS"", ""value"": ""$13.00  band $2.00\u201320.00""}, {""id"": ""float"", ""kills"": false, ""reason"": """", ""state"": ""PASS"", ""value"": ""1.4M (verified)""}, {""id"": ""catalyst"", ""kills"": true, ""reason"": ""No catalyst dated today and no live theme it belongs to."", ""state"": ""FAIL"", ""value"": ""none""}, {""id"": ""rising"", ""kills"": false, ""reason"": ""cascade already stopped"", ""state"": ""NOT_APPLICABLE"", ""value"": ""\u2014""}, {""id"": ""split"", ""kills"": false, ""reason"": ""cascade already stopped"", ""state"": ""NOT_APPLICABLE"", ""value"": ""\u2014""}, {""id"": ""instrument"", ""kills"": false, ""reason"": ""cascade already stopped"", ""state"": ""NOT_APPLICABLE"", ""value"": ""\u2014""}, {""id"": ""tick"", ""kills"": false, ""reason"": ""cascade already stopped"", ""state"": ""NOT_APPLICABLE"", ""value"": ""\u2014""}, {""id"": ""buyout"", ""kills"": false, ""reason"": ""cascade already stopped"", ""state"": ""NOT_APPLICABLE"", ""value"": ""\u2014""}]",[],"{""above_ema9"": true, ""above_vwap"": true, ""buyout_announced"": false, ""catalyst_today"": false, ""change_pct"": 40.99783080260302, ""feed_stale"": false, ""float_is_shares_outstanding"": false, ""float_shares"": 1390000.0, ""float_verified"": true, ""halted"": false, ""in_session_window"": true, ""is_fund_or_etf"": null, ""last"": 13.0, ""live_theme"": false, ""macd_positive_and_above_signal"": false, ""penny_theme"": false, ""premarket_volume"": null, ""prev_close"": null, ""rvol"": 16.760697496282724, ""session_high"": 14.4, ""session_volume"": 1115944.0, ""split_ratio_clean_integer"": null, ""symbol"": ""AEHL"", ""tick_size"": null}",12.94,12.67,13.48,0.27,2.0,1,1,SUPPRESSED,,,2026-09-17T13:46:15+00:00,33dfeedb3f51,e3d0803,,,,12.94,10.5185,-10.1852,1,1,stop,1,2026-09-17T13:46:00Z,13.99,12.0,11.73
9ded6d9efe232469,2026-09-17T09:48:00-04:00,regular,TURB,pullback,ibkr-DAIC-AEHL-VEEA,IBKR · TWS read-only · live,live,1m,1.4599,1.44,1.45,3.96,45869260.0,1958.9690369421312,63.39115836597651,55085700.0,shares_outstanding_proxy,SEC shares outstanding (upper bound),0,0,REJECT,price,0,"[{""id"": ""price"", ""kills"": true, ""reason"": ""$1.46 is outside $2.00\u201320.00."", ""state"": ""FAIL"", ""value"": ""$1.46  band $2.00\u201320.00""}, {""id"": ""float"", ""kills"": false, ""reason"": ""cascade already stopped"", ""state"": ""NOT_APPLICABLE"", ""value"": ""\u2014""}, {""id"": ""catalyst"", ""kills"": false, ""reason"": ""cascade already stopped"", ""state"": ""NOT_APPLICABLE"", ""value"": ""\u2014""}, {""id"": ""rising"", ""kills"": false, ""reason"": ""cascade already stopped"", ""state"": ""NOT_APPLICABLE"", ""value"": ""\u2014""}, {""id"": ""split"", ""kills"": false, ""reason"": ""cascade already stopped"", ""state"": ""NOT_APPLICABLE"", ""value"": ""\u2014""}, {""id"": ""instrument"", ""kills"": false, ""reason"": ""cascade already stopped"", ""state"": ""NOT_APPLICABLE"", ""value"": ""\u2014""}, {""id"": ""tick"", ""kills"": false, ""reason"": ""cascade already stopped"", ""state"": ""NOT_APPLICABLE"", ""value"": ""\u2014""}, {""id"": ""buyout"", ""kills"": false, ""reason"": ""cascade already stopped"", ""state"": ""NOT_APPLICABLE"", ""value"": ""\u2014""}]",[],"{""above_ema9"": true, ""above_vwap"": false, ""buyout_announced"": false, ""catalyst_today"": false, ""change_pct"": 63.39115836597651, ""feed_stale"": false, ""float_is_shares_outstanding"": true, ""float_shares"": 55085700, ""float_verified"": false, ""halted"": false, ""in_session_window"": true, ""is_fund_or_etf"": null, ""last"": 1.4599, ""live_theme"": false, ""macd_positive_and_above_signal"": false, ""penny_theme"": false, ""premarket_volume"": null, ""prev_close"": null, ""rvol"": 1958.9690369421312, ""session_high"": 3.96, ""session_volume"": 45869260.0, ""split_ratio_clean_integer"": null, ""symbol"": ""TURB"", ""tick_size"": null}",1.45,1.37,1.61,0.08,2.0,2,1,SUPPRESSED,,,2026-09-17T13:48:32+00:00,33dfeedb3f51,e3d0803,,,,1.45,7.625,-1.875,1,1,target,1,2026-09-17T13:49:00Z,2.06,1.39,1.3592
78a652f87121e721,2026-09-17T09:50:00-04:00,regular,KXIN,pullback,ibkr-DAIC-AEHL-VEEA,IBKR · TWS read-only · live,live,1m,1.5928,1.58,1.6,2.75,18309390.0,1539.121553463349,40.955752212389385,1510000.0,verified,finviz via premarket_stars.py,0,0,REJECT,price,0,"[{""id"": ""price"", ""kills"": true, ""reason"": ""$1.59 is outside $2.00\u201320.00."", ""state"": ""FAIL"", ""value"": ""$1.59  band $2.00\u201320.00""}, {""id"": ""float"", ""kills"": false, ""reason"": ""cascade already stopped"", ""state"": ""NOT_APPLICABLE"", ""value"": ""\u2014""}, {""id"": ""catalyst"", ""kills"": false, ""reason"": ""cascade already stopped"", ""state"": ""NOT_APPLICABLE"", ""value"": ""\u2014""}, {""id"": ""rising"", ""kills"": false, ""reason"": ""cascade already stopped"", ""state"": ""NOT_APPLICABLE"", ""value"": ""\u2014""}, {""id"": ""split"", ""kills"": false, ""reason"": ""cascade already stopped"", ""state"": ""NOT_APPLICABLE"", ""value"": ""\u2014""}, {""id"": ""instrument"", ""kills"": false, ""reason"": ""cascade already stopped"", ""state"": ""NOT_APPLICABLE"", ""value"": ""\u2014""}, {""id"": ""tick"", ""kills"": false, ""reason"": ""cascade already stopped"", ""state"": ""NOT_APPLICABLE"", ""value"": ""\u2014""}, {""id"": ""buyout"", ""kills"": false, ""reason"": ""cascade already stopped"", ""state"": ""NOT_APPLICABLE"", ""value"": ""\u2014""}]",[],"{""above_ema9"": true, ""above_vwap"": false, ""buyout_announced"": false, ""catalyst_today"": false, ""change_pct"": 40.955752212389385, ""feed_stale"": false, ""float_is_shares_outstanding"": false, ""float_shares"": 1510000.0, ""float_verified"": true, ""halted"": false, ""in_session_window"": true, ""is_fund_or_etf"": null, ""last"": 1.5928, ""live_theme"": false, ""macd_positive_and_above_signal"": true, ""penny_theme"": false, ""premarket_volume"": null, ""prev_close"": null, ""rvol"": 1539.121553463349, ""session_high"": 2.75, ""session_volume"": 18309390.0, ""split_ratio_clean_integer"": null, ""symbol"": ""KXIN"", ""tick_size"": null}",1.59,1.54,1.69,0.05,2.0,2,1,SUPPRESSED,,,2026-09-17T13:50:52+00:00,33dfeedb3f51,e3d0803,,,,1.59,24.4,0.0,0,1,target,1,2026-09-17T13:51:00Z,1.95,1.59,1.821
777e75c755dd073b,2026-09-17T09:56:00-04:00,regular,VEEA,pullback,ibkr-DAIC-AEHL-VEEA,IBKR · TWS read-only · live,live,1m,6.575,6.54,6.64,8.88,8601599.0,1515.7002643171807,7.7868852459016535,1590000.0,verified,finviz via premarket_stars.py,0,0,REJECT,catalyst,0,"[{""id"": ""price"", ""kills"": true, ""reason"": ""$6.58 is outside $2.00\u201320.00."", ""state"": ""PASS"", ""value"": ""$6.58  band $2.00\u201320.00""}, {""id"": ""float"", ""kills"": false, ""reason"": """", ""state"": ""PASS"", ""value"": ""1.6M (verified)""}, {""id"": ""catalyst"", ""kills"": true, ""reason"": ""No catalyst dated today and no live theme it belongs to."", ""state"": ""FAIL"", ""value"": ""none""}, {""id"": ""rising"", ""kills"": false, ""reason"": ""cascade already stopped"", ""state"": ""NOT_APPLICABLE"", ""value"": ""\u2014""}, {""id"": ""split"", ""kills"": false, ""reason"": ""cascade already stopped"", ""state"": ""NOT_APPLICABLE"", ""value"": ""\u2014""}, {""id"": ""instrument"", ""kills"": false, ""reason"": ""cascade already stopped"", ""state"": ""NOT_APPLICABLE"", ""value"": ""\u2014""}, {""id"": ""tick"", ""kills"": false, ""reason"": ""cascade already stopped"", ""state"": ""NOT_APPLICABLE"", ""value"": ""\u2014""}, {""id"": ""buyout"", ""kills"": false, ""reason"": ""cascade already stopped"", ""state"": ""NOT_APPLICABLE"", ""value"": ""\u2014""}]",[],"{""above_ema9"": false, ""above_vwap"": false, ""buyout_announced"": false, ""catalyst_today"": false, ""change_pct"": 7.7868852459016535, ""feed_stale"": false, ""float_is_shares_outstanding"": false, ""float_shares"": 1590000.0, ""float_verified"": true, ""halted"": false, ""in_session_window"": true, ""is_fund_or_etf"": null, ""last"": 6.575, ""live_theme"": false, ""macd_positive_and_above_signal"": false, ""penny_theme"": false, ""premarket_volume"": null, ""prev_close"": null, ""rvol"": 1515.7002643171807, ""session_high"": 8.88, ""session_volume"": 8601599.0, ""split_ratio_clean_integer"": null, ""symbol"": ""VEEA"", ""tick_size"": null}",6.6,6.44,6.92,0.16,2.0,3,1,SUPPRESSED,,,2026-09-17T13:56:32+00:00,33dfeedb3f51,e3d0803,,,,6.6,2.4375,-5.7494,1,1,target,1,2026-09-17T13:57:00Z,6.99,5.87,6.0275
5f447a08864245c5,2026-09-17T10:00:00-04:00,regular,KXIN,pullback,ibkr-DAIC-AEHL-VEEA,IBKR · TWS read-only · live,live,1m,1.775,1.81,1.82,2.75,20129601.0,1098.9573074193372,57.079646017699126,1510000.0,verified,finviz via premarket_stars.py,0,0,REJECT,price,0,"[{""id"": ""price"", ""kills"": true, ""reason"": ""$1.77 is outside $2.00\u201320.00."", ""state"": ""FAIL"", ""value"": ""$1.77  band $2.00\u201320.00""}, {""id"": ""float"", ""kills"": false, ""reason"": ""cascade already stopped"", ""state"": ""NOT_APPLICABLE"", ""value"": ""\u2014""}, {""id"": ""catalyst"", ""kills"": false, ""reason"": ""cascade already stopped"", ""state"": ""NOT_APPLICABLE"", ""value"": ""\u2014""}, {""id"": ""rising"", ""kills"": false, ""reason"": ""cascade already stopped"", ""state"": ""NOT_APPLICABLE"", ""value"": ""\u2014""}, {""id"": ""split"", ""kills"": false, ""reason"": ""cascade already stopped"", ""state"": ""NOT_APPLICABLE"", ""value"": ""\u2014""}, {""id"": ""instrument"", ""kills"": false, ""reason"": ""cascade already stopped"", ""state"": ""NOT_APPLICABLE"", ""value"": ""\u2014""}, {""id"": ""tick"", ""kills"": false, ""reason"": ""cascade already stopped"", ""state"": ""NOT_APPLICABLE"", ""value"": ""\u2014""}, {""id"": ""buyout"", ""kills"": false, ""reason"": ""cascade already stopped"", ""state"": ""NOT_APPLICABLE"", ""value"": ""\u2014""}]",[],"{""above_ema9"": true, ""above_vwap"": false, ""buyout_announced"": false, ""catalyst_today"": false, ""change_pct"": 57.079646017699126, ""feed_stale"": false, ""float_is_shares_outstanding"": false, ""float_shares"": 1510000.0, ""float_verified"": true, ""halted"": false, ""in_session_window"": true, ""is_fund_or_etf"": null, ""last"": 1.775, ""live_theme"": false, ""macd_positive_and_above_signal"": true, ""penny_theme"": false, ""premarket_volume"": null, ""prev_close"": null, ""rvol"": 1098.9573074193372, ""session_high"": 2.75, ""session_volume"": 20129601.0, ""split_ratio_clean_integer"": null, ""symbol"": ""KXIN"", ""tick_size"": null}",1.79,1.7,1.97,0.09,2.0,2,1,SUPPRESSED,,,2026-09-17T14:00:28+00:00,33dfeedb3f51,e3d0803,,,,1.79,11.3333,-0.9989,0,1,target,1,2026-09-17T14:01:00Z,2.39,1.7001,1.821
63f8c0a402e40024,2026-09-17T10:03:00-04:00,regular,AEHL,pullback,ibkr-DAIC-AEHL-VEEA,IBKR · TWS read-only · live,live,1m,12.93,12.69,12.98,14.4,1242548.0,14.551105489975642,40.23861171366594,1390000.0,verified,finviz via premarket_stars.py,0,0,REJECT,catalyst,0,"[{""id"": ""price"", ""kills"": true, ""reason"": ""$12.93 is outside $2.00\u201320.00."", ""state"": ""PASS"", ""value"": ""$12.93  band $2.00\u201320.00""}, {""id"": ""float"", ""kills"": false, ""reason"": """", ""state"": ""PASS"", ""value"": ""1.4M (verified)""}, {""id"": ""catalyst"", ""kills"": true, ""reason"": ""No catalyst dated today and no live theme it belongs to."", ""state"": ""FAIL"", ""value"": ""none""}, {""id"": ""rising"", ""kills"": false, ""reason"": ""cascade already stopped"", ""state"": ""NOT_APPLICABLE"", ""value"": ""\u2014""}, {""id"": ""split"", ""kills"": false, ""reason"": ""cascade already stopped"", ""state"": ""NOT_APPLICABLE"", ""value"": ""\u2014""}, {""id"": ""instrument"", ""kills"": false, ""reason"": ""cascade already stopped"", ""state"": ""NOT_APPLICABLE"", ""value"": ""\u2014""}, {""id"": ""tick"", ""kills"": false, ""reason"": ""cascade already stopped"", ""state"": ""NOT_APPLICABLE"", ""value"": ""\u2014""}, {""id"": ""buyout"", ""kills"": false, ""reason"": ""cascade already stopped"", ""state"": ""NOT_APPLICABLE"", ""value"": ""\u2014""}]",[],"{""above_ema9"": true, ""above_vwap"": true, ""buyout_announced"": false, ""catalyst_today"": false, ""change_pct"": 40.23861171366594, ""feed_stale"": false, ""float_is_shares_outstanding"": false, ""float_shares"": 1390000.0, ""float_verified"": true, ""halted"": false, ""in_session_window"": true, ""is_fund_or_etf"": null, ""last"": 12.93, ""live_theme"": false, ""macd_positive_and_above_signal"": true, ""penny_theme"": false, ""premarket_volume"": null, ""prev_close"": null, ""rvol"": 14.551105489975642, ""session_high"": 14.4, ""session_volume"": 1242548.0, ""split_ratio_clean_integer"": null, ""symbol"": ""AEHL"", ""tick_size"": null}",12.65,12.24,13.47,0.41,2.0,1,1,SUPPRESSED,,,2026-09-17T14:03:43+00:00,33dfeedb3f51,e3d0803,,,,12.65,7.6341,-6.0,1,1,target,1,2026-09-17T14:04:00Z,15.78,12.79,11.73
05b55bda27edb294,2026-09-17T10:05:00-04:00,regular,DAIC,pullback,ibkr-DAIC-AEHL-VEEA,IBKR · TWS read-only · live,live,1m,6.0199,5.97,6.0,7.1495,50430676.0,632.9309972639876,199.49751243781097,1340000.0,verified,finviz via premarket_stars.py,0,0,REJECT,catalyst,0,"[{""id"": ""price"", ""kills"": true, ""reason"": ""$6.02 is outside $2.00\u201320.00."", ""state"": ""PASS"", ""value"": ""$6.02  band $2.00\u201320.00""}, {""id"": ""float"", ""kills"": false, ""reason"": """", ""state"": ""PASS"", ""value"": ""1.3M (verified)""}, {""id"": ""catalyst"", ""kills"": true, ""reason"": ""No catalyst dated today and no live theme it belongs to."", ""state"": ""FAIL"", ""value"": ""none""}, {""id"": ""rising"", ""kills"": false, ""reason"": ""cascade already stopped"", ""state"": ""NOT_APPLICABLE"", ""value"": ""\u2014""}, {""id"": ""split"", ""kills"": false, ""reason"": ""cascade already stopped"", ""state"": ""NOT_APPLICABLE"", ""value"": ""\u2014""}, {""id"": ""instrument"", ""kills"": false, ""reason"": ""cascade already stopped"", ""state"": ""NOT_APPLICABLE"", ""value"": ""\u2014""}, {""id"": ""tick"", ""kills"": false, ""reason"": ""cascade already stopped"", ""state"": ""NOT_APPLICABLE"", ""value"": ""\u2014""}, {""id"": ""buyout"", ""kills"": false, ""reason"": ""cascade already stopped"", ""state"": ""NOT_APPLICABLE"", ""value"": ""\u2014""}]",[],"{""above_ema9"": true, ""above_vwap"": true, ""buyout_announced"": false, ""catalyst_today"": false, ""change_pct"": 199.49751243781097, ""feed_stale"": false, ""float_is_shares_outstanding"": false, ""float_shares"": 1340000.0, ""float_verified"": true, ""halted"": false, ""in_session_window"": true, ""is_fund_or_etf"": null, ""last"": 6.0199, ""live_theme"": false, ""macd_positive_and_above_signal"": false, ""penny_theme"": false, ""premarket_volume"": null, ""prev_close"": null, ""rvol"": 632.9309972639876, ""session_high"": 7.1495, ""session_volume"": 50430676.0, ""split_ratio_clean_integer"": null, ""symbol"": ""DAIC"", ""tick_size"": null}",6.09,5.75,6.77,0.34,2.0,1,0,SUPPRESSED,,,2026-09-17T14:05:52+00:00,33dfeedb3f51,e3d0803,,,,6.09,0.0294,-4.8235,1,0,stop,1,2026-09-17T14:06:00Z,6.1,4.64,4.765
5acd9e0101e66e36,2026-09-17T10:07:00-04:00,regular,TURB,pullback,ibkr-DAIC-AEHL-VEEA,IBKR · TWS read-only · live,live,1m,1.66,1.69,1.7,3.96,51729169.0,1210.8037590993142,85.78623391158366,55085700.0,shares_outstanding_proxy,SEC shares outstanding (upper bound),0,0,REJECT,price,0,"[{""id"": ""price"", ""kills"": true, ""reason"": ""$1.66 is outside $2.00\u201320.00."", ""state"": ""FAIL"", ""value"": ""$1.66  band $2.00\u201320.00""}, {""id"": ""float"", ""kills"": false, ""reason"": ""cascade already stopped"", ""state"": ""NOT_APPLICABLE"", ""value"": ""\u2014""}, {""id"": ""catalyst"", ""kills"": false, ""reason"": ""cascade already stopped"", ""state"": ""NOT_APPLICABLE"", ""value"": ""\u2014""}, {""id"": ""rising"", ""kills"": false, ""reason"": ""cascade already stopped"", ""state"": ""NOT_APPLICABLE"", ""value"": ""\u2014""}, {""id"": ""split"", ""kills"": false, ""reason"": ""cascade already stopped"", ""state"": ""NOT_APPLICABLE"", ""value"": ""\u2014""}, {""id"": ""instrument"", ""kills"": false, ""reason"": ""cascade already stopped"", ""state"": ""NOT_APPLICABLE"", ""value"": ""\u2014""}, {""id"": ""tick"", ""kills"": false, ""reason"": ""cascade already stopped"", ""state"": ""NOT_APPLICABLE"", ""value"": ""\u2014""}, {""id"": ""buyout"", ""kills"": false, ""reason"": ""cascade already stopped"", ""state"": ""NOT_APPLICABLE"", ""value"": ""\u2014""}]",[],"{""above_ema9"": true, ""above_vwap"": false, ""buyout_announced"": false, ""catalyst_today"": false, ""change_pct"": 85.78623391158366, ""feed_stale"": false, ""float_is_shares_outstanding"": true, ""float_shares"": 55085700, ""float_verified"": false, ""halted"": false, ""in_session_window"": true, ""is_fund_or_etf"": null, ""last"": 1.66, ""live_theme"": false, ""macd_positive_and_above_signal"": true, ""penny_theme"": false, ""premarket_volume"": null, ""prev_close"": null, ""rvol"": 1210.8037590993142, ""session_high"": 3.96, ""session_volume"": 51729169.0, ""split_ratio_clean_integer"": null, ""symbol"": ""TURB"", ""tick_size"": null}",1.66,1.5548,1.8704,0.1052,2.0,2,0,SUPPRESSED,,,2026-09-17T14:07:21+00:00,33dfeedb3f51,e3d0803,,,,1.66,3.8023,-3.4221,1,1,target,1,2026-09-17T14:08:00Z,2.06,1.3,1.3592
6a9586605fde6e41,2026-09-17T10:09:00-04:00,regular,BIAF,pullback,ibkr-DAIC-AEHL-VEEA,IBKR · TWS read-only · live,live,1m,7.25,7.17,7.3,9.0,5943423.0,21.753170510319485,35.51401869158879,590000.0,verified,finviz via premarket_stars.py,0,0,REJECT,catalyst,0,"[{""id"": ""price"", ""kills"": true, ""reason"": ""$7.25 is outside $2.00\u201320.00."", ""state"": ""PASS"", ""value"": ""$7.25  band $2.00\u201320.00""}, {""id"": ""float"", ""kills"": false, ""reason"": """", ""state"": ""PASS"", ""value"": ""0.6M (verified)""}, {""id"": ""catalyst"", ""kills"": true, ""reason"": ""No catalyst dated today and no live theme it belongs to."", ""state"": ""FAIL"", ""value"": ""none""}, {""id"": ""rising"", ""kills"": false, ""reason"": ""cascade already stopped"", ""state"": ""NOT_APPLICABLE"", ""value"": ""\u2014""}, {""id"": ""split"", ""kills"": false, ""reason"": ""cascade already stopped"", ""state"": ""NOT_APPLICABLE"", ""value"": ""\u2014""}, {""id"": ""instrument"", ""kills"": false, ""reason"": ""cascade already stopped"", ""state"": ""NOT_APPLICABLE"", ""value"": ""\u2014""}, {""id"": ""tick"", ""kills"": false, ""reason"": ""cascade already stopped"", ""state"": ""NOT_APPLICABLE"", ""value"": ""\u2014""}, {""id"": ""buyout"", ""kills"": false, ""reason"": ""cascade already stopped"", ""state"": ""NOT_APPLICABLE"", ""value"": ""\u2014""}]",[],"{""above_ema9"": true, ""above_vwap"": true, ""buyout_announced"": false, ""catalyst_today"": false, ""change_pct"": 35.51401869158879, ""feed_stale"": false, ""float_is_shares_outstanding"": false, ""float_shares"": 590000.0, ""float_verified"": true, ""halted"": false, ""in_session_window"": true, ""is_fund_or_etf"": null, ""last"": 7.25, ""live_theme"": false, ""macd_positive_and_above_signal"": true, ""penny_theme"": false, ""premarket_volume"": null, ""prev_close"": null, ""rvol"": 21.753170510319485, ""session_high"": 9.0, ""session_volume"": 5943423.0, ""split_ratio_clean_integer"": null, ""symbol"": ""BIAF"", ""tick_size"": null}",7.23,7.05,7.59,0.18,2.0,2,1,SUPPRESSED,,,2026-09-17T14:09:20+00:00,33dfeedb3f51,e3d0803,,,,7.23,1.2222,-3.4444,1,0,stop,1,2026-09-17T14:10:00Z,7.45,6.61,7.22
71a52113168e9aeb,2026-09-17T10:20:00-04:00,regular,AEHL,pullback,ibkr-DAIC-AEHL-VEEA,IBKR · TWS read-only · live,live,1m,13.68,13.4,13.75,14.62,1554653.0,17.031693689745836,48.37310195227764,1390000.0,verified,finviz via premarket_stars.py,0,0,REJECT,catalyst,0,"[{""id"": ""price"", ""kills"": true, ""reason"": ""$13.68 is outside $2.00\u201320.00."", ""state"": ""PASS"", ""value"": ""$13.68  band $2.00\u201320.00""}, {""id"": ""float"", ""kills"": false, ""reason"": """", ""state"": ""PASS"", ""value"": ""1.4M (verified)""}, {""id"": ""catalyst"", ""kills"": true, ""reason"": ""No catalyst dated today and no live theme it belongs to."", ""state"": ""FAIL"", ""value"": ""none""}, {""id"": ""rising"", ""kills"": false, ""reason"": ""cascade already stopped"", ""state"": ""NOT_APPLICABLE"", ""value"": ""\u2014""}, {""id"": ""split"", ""kills"": false, ""reason"": ""cascade already stopped"", ""state"": ""NOT_APPLICABLE"", ""value"": ""\u2014""}, {""id"": ""instrument"", ""kills"": false, ""reason"": ""cascade already stopped"", ""state"": ""NOT_APPLICABLE"", ""value"": ""\u2014""}, {""id"": ""tick"", ""kills"": false, ""reason"": ""cascade already stopped"", ""state"": ""NOT_APPLICABLE"", ""value"": ""\u2014""}, {""id"": ""buyout"", ""kills"": false, ""reason"": ""cascade already stopped"", ""state"": ""NOT_APPLICABLE"", ""value"": ""\u2014""}]",[],"{""above_ema9"": true, ""above_vwap"": true, ""buyout_announced"": false, ""catalyst_today"": false, ""change_pct"": 48.37310195227764, ""feed_stale"": false, ""float_is_shares_outstanding"": false, ""float_shares"": 1390000.0, ""float_verified"": true, ""halted"": false, ""in_session_window"": true, ""is_fund_or_etf"": null, ""last"": 13.68, ""live_theme"": false, ""macd_positive_and_above_signal"": true, ""penny_theme"": false, ""premarket_volume"": null, ""prev_close"": null, ""rvol"": 17.031693689745836, ""session_high"": 14.62, ""session_volume"": 1554653.0, ""split_ratio_clean_integer"": null, ""symbol"": ""AEHL"", ""tick_size"": null}",13.7,13.39,14.32,0.31,2.0,2,1,SUPPRESSED,,,2026-09-17T14:20:29+00:00,33dfeedb3f51,e3d0803,,,,13.7,6.7097,-11.3226,1,1,target,1,2026-09-17T14:21:00Z,15.78,11.7,11.73
e9ee029fe33e12eb,2026-09-17T10:22:00-04:00,regular,DAIC,pullback,ibkr-DAIC-AEHL-VEEA,IBKR · TWS read-only · live,live,1m,5.03,5.03,5.05,7.1495,57508183.0,593.9762133465539,150.24875621890553,1340000.0,verified,finviz via premarket_stars.py,0,0,REJECT,catalyst,0,"[{""id"": ""price"", ""kills"": true, ""reason"": ""$5.03 is outside $2.00\u201320.00."", ""state"": ""PASS"", ""value"": ""$5.03  band $2.00\u201320.00""}, {""id"": ""float"", ""kills"": false, ""reason"": """", ""state"": ""PASS"", ""value"": ""1.3M (verified)""}, {""id"": ""catalyst"", ""kills"": true, ""reason"": ""No catalyst dated today and no live theme it belongs to."", ""state"": ""FAIL"", ""value"": ""none""}, {""id"": ""rising"", ""kills"": false, ""reason"": ""cascade already stopped"", ""state"": ""NOT_APPLICABLE"", ""value"": ""\u2014""}, {""id"": ""split"", ""kills"": false, ""reason"": ""cascade already stopped"", ""state"": ""NOT_APPLICABLE"", ""value"": ""\u2014""}, {""id"": ""instrument"", ""kills"": false, ""reason"": ""cascade already stopped"", ""state"": ""NOT_APPLICABLE"", ""value"": ""\u2014""}, {""id"": ""tick"", ""kills"": false, ""reason"": ""cascade already stopped"", ""state"": ""NOT_APPLICABLE"", ""value"": ""\u2014""}, {""id"": ""buyout"", ""kills"": false, ""reason"": ""cascade already stopped"", ""state"": ""NOT_APPLICABLE"", ""value"": ""\u2014""}]",[],"{""above_ema9"": false, ""above_vwap"": true, ""buyout_announced"": false, ""catalyst_today"": false, ""change_pct"": 150.24875621890553, ""feed_stale"": false, ""float_is_shares_outstanding"": false, ""float_shares"": 1340000.0, ""float_verified"": true, ""halted"": false, ""in_session_window"": true, ""is_fund_or_etf"": null, ""last"": 5.03, ""live_theme"": false, ""macd_positive_and_above_signal"": false, ""penny_theme"": false, ""premarket_volume"": null, ""prev_close"": null, ""rvol"": 593.9762133465539, ""session_high"": 7.1495, ""session_volume"": 57508183.0, ""split_ratio_clean_integer"": null, ""symbol"": ""DAIC"", ""tick_size"": null}",5.05,4.85,5.45,0.2,2.0,4,1,SUPPRESSED,,,2026-09-17T14:22:43+00:00,33dfeedb3f51,e3d0803,,,,5.05,0.15,-3.0,1,0,stop,1,2026-09-17T14:23:00Z,5.08,4.45,4.765
1a0e19bf5d9728a0,2026-09-17T10:23:00-04:00,regular,AEMD,pullback,ibkr-DAIC-AEHL-VEEA,IBKR · TWS read-only · live,live,1m,7.0,7.09,7.12,14.0,53792420.0,2834.014014014014,389.5104895104895,1580000.0,verified,finviz via premarket_stars.py,0,0,REJECT,catalyst,0,"[{""id"": ""price"", ""kills"": true, ""reason"": ""$7.00 is outside $2.00\u201320.00."", ""state"": ""PASS"", ""value"": ""$7.00  band $2.00\u201320.00""}, {""id"": ""float"", ""kills"": false, ""reason"": """", ""state"": ""PASS"", ""value"": ""1.6M (verified)""}, {""id"": ""catalyst"", ""kills"": true, ""reason"": ""No catalyst dated today and no live theme it belongs to."", ""state"": ""FAIL"", ""value"": ""none""}, {""id"": ""rising"", ""kills"": false, ""reason"": ""cascade already stopped"", ""state"": ""NOT_APPLICABLE"", ""value"": ""\u2014""}, {""id"": ""split"", ""kills"": false, ""reason"": ""cascade already stopped"", ""state"": ""NOT_APPLICABLE"", ""value"": ""\u2014""}, {""id"": ""instrument"", ""kills"": false, ""reason"": ""cascade already stopped"", ""state"": ""NOT_APPLICABLE"", ""value"": ""\u2014""}, {""id"": ""tick"", ""kills"": false, ""reason"": ""cascade already stopped"", ""state"": ""NOT_APPLICABLE"", ""value"": ""\u2014""}, {""id"": ""buyout"", ""kills"": false, ""reason"": ""cascade already stopped"", ""state"": ""NOT_APPLICABLE"", ""value"": ""\u2014""}]",[],"{""above_ema9"": true, ""above_vwap"": false, ""buyout_announced"": false, ""catalyst_today"": false, ""change_pct"": 389.5104895104895, ""feed_stale"": false, ""float_is_shares_outstanding"": false, ""float_shares"": 1580000.0, ""float_verified"": true, ""halted"": false, ""in_session_window"": true, ""is_fund_or_etf"": null, ""last"": 7.0, ""live_theme"": false, ""macd_positive_and_above_signal"": true, ""penny_theme"": false, ""premarket_volume"": null, ""prev_close"": null, ""rvol"": 2834.014014014014, ""session_high"": 14.0, ""session_volume"": 53792420.0, ""split_ratio_clean_integer"": null, ""symbol"": ""AEMD"", ""tick_size"": null}",7.0,6.84,7.32,0.16,2.0,2,1,SUPPRESSED,,,2026-09-17T14:24:15+00:00,33dfeedb3f51,e3d0803,,,,7.0,5.75,-2.5,1,1,target,1,2026-09-17T14:24:00Z,7.7199,6.6,7.0001
24b2da646b6e2720,2026-09-17T10:26:00-04:00,regular,BIAF,pullback,ibkr-DAIC-AEHL-VEEA,IBKR · TWS read-only · live,live,1m,7.13,7.09,7.13,9.0,6399318.0,19.61098086806226,33.271028037383175,590000.0,verified,finviz via premarket_stars.py,0,0,REJECT,catalyst,0,"[{""id"": ""price"", ""kills"": true, ""reason"": ""$7.13 is outside $2.00\u201320.00."", ""state"": ""PASS"", ""value"": ""$7.13  band $2.00\u201320.00""}, {""id"": ""float"", ""kills"": false, ""reason"": """", ""state"": ""PASS"", ""value"": ""0.6M (verified)""}, {""id"": ""catalyst"", ""kills"": true, ""reason"": ""No catalyst dated today and no live theme it belongs to."", ""state"": ""FAIL"", ""value"": ""none""}, {""id"": ""rising"", ""kills"": false, ""reason"": ""cascade already stopped"", ""state"": ""NOT_APPLICABLE"", ""value"": ""\u2014""}, {""id"": ""split"", ""kills"": false, ""reason"": ""cascade already stopped"", ""state"": ""NOT_APPLICABLE"", ""value"": ""\u2014""}, {""id"": ""instrument"", ""kills"": false, ""reason"": ""cascade already stopped"", ""state"": ""NOT_APPLICABLE"", ""value"": ""\u2014""}, {""id"": ""tick"", ""kills"": false, ""reason"": ""cascade already stopped"", ""state"": ""NOT_APPLICABLE"", ""value"": ""\u2014""}, {""id"": ""buyout"", ""kills"": false, ""reason"": ""cascade already stopped"", ""state"": ""NOT_APPLICABLE"", ""value"": ""\u2014""}]",[],"{""above_ema9"": true, ""above_vwap"": true, ""buyout_announced"": false, ""catalyst_today"": false, ""change_pct"": 33.271028037383175, ""feed_stale"": false, ""float_is_shares_outstanding"": false, ""float_shares"": 590000.0, ""float_verified"": true, ""halted"": false, ""in_session_window"": true, ""is_fund_or_etf"": null, ""last"": 7.13, ""live_theme"": false, ""macd_positive_and_above_signal"": false, ""penny_theme"": false, ""premarket_volume"": null, ""prev_close"": null, ""rvol"": 19.61098086806226, ""session_high"": 9.0, ""session_volume"": 6399318.0, ""split_ratio_clean_integer"": null, ""symbol"": ""BIAF"", ""tick_size"": null}",7.11,6.99,7.35,0.12,2.0,4,0,SUPPRESSED,,,2026-09-17T14:26:25+00:00,33dfeedb3f51,e3d0803,,,,7.11,2.25,-4.1667,1,1,target,1,2026-09-17T14:27:00Z,7.38,6.61,7.22
8b81539525ea9406,2026-09-17T10:29:00-04:00,regular,AEHL,pullback,ibkr-DAIC-AEHL-VEEA,IBKR · TWS read-only · live,live,1m,15.17,14.99,15.2,15.78,1853398.0,19.63075000264794,64.53362255965291,1390000.0,verified,finviz via premarket_stars.py,0,0,REJECT,catalyst,0,"[{""id"": ""price"", ""kills"": true, ""reason"": ""$15.17 is outside $2.00\u201320.00."", ""state"": ""PASS"", ""value"": ""$15.17  band $2.00\u201320.00""}, {""id"": ""float"", ""kills"": false, ""reason"": """", ""state"": ""PASS"", ""value"": ""1.4M (verified)""}, {""id"": ""catalyst"", ""kills"": true, ""reason"": ""No catalyst dated today and no live theme it belongs to."", ""state"": ""FAIL"", ""value"": ""none""}, {""id"": ""rising"", ""kills"": false, ""reason"": ""cascade already stopped"", ""state"": ""NOT_APPLICABLE"", ""value"": ""\u2014""}, {""id"": ""split"", ""kills"": false, ""reason"": ""cascade already stopped"", ""state"": ""NOT_APPLICABLE"", ""value"": ""\u2014""}, {""id"": ""instrument"", ""kills"": false, ""reason"": ""cascade already stopped"", ""state"": ""NOT_APPLICABLE"", ""value"": ""\u2014""}, {""id"": ""tick"", ""kills"": false, ""reason"": ""cascade already stopped"", ""state"": ""NOT_APPLICABLE"", ""value"": ""\u2014""}, {""id"": ""buyout"", ""kills"": false, ""reason"": ""cascade already stopped"", ""state"": ""NOT_APPLICABLE"", ""value"": ""\u2014""}]",[],"{""above_ema9"": true, ""above_vwap"": true, ""buyout_announced"": false, ""catalyst_today"": false, ""change_pct"": 64.53362255965291, ""feed_stale"": false, ""float_is_shares_outstanding"": false, ""float_shares"": 1390000.0, ""float_verified"": true, ""halted"": false, ""in_session_window"": true, ""is_fund_or_etf"": null, ""last"": 15.17, ""live_theme"": false, ""macd_positive_and_above_signal"": true, ""penny_theme"": false, ""premarket_volume"": null, ""prev_close"": null, ""rvol"": 19.63075000264794, ""session_high"": 15.78, ""session_volume"": 1853398.0, ""split_ratio_clean_integer"": null, ""symbol"": ""AEHL"", ""tick_size"": null}",14.99,14.6,15.77,0.39,2.0,2,1,SUPPRESSED,,,2026-09-17T14:29:11+00:00,33dfeedb3f51,e3d0803,,,,14.99,,,0,0,untriggered,0,,14.59,11.13,11.73
932db0012cf961bb,2026-09-17T10:29:00-04:00,regular,TURB,pullback,ibkr-DAIC-AEHL-VEEA,IBKR · TWS read-only · live,live,1m,1.395,1.39,1.4,3.96,65971822.0,1235.7050648085713,56.1275881365417,55085700.0,shares_outstanding_proxy,SEC shares outstanding (upper bound),0,0,REJECT,price,0,"[{""id"": ""price"", ""kills"": true, ""reason"": ""$1.40 is outside $2.00\u201320.00."", ""state"": ""FAIL"", ""value"": ""$1.40  band $2.00\u201320.00""}, {""id"": ""float"", ""kills"": false, ""reason"": ""cascade already stopped"", ""state"": ""NOT_APPLICABLE"", ""value"": ""\u2014""}, {""id"": ""catalyst"", ""kills"": false, ""reason"": ""cascade already stopped"", ""state"": ""NOT_APPLICABLE"", ""value"": ""\u2014""}, {""id"": ""rising"", ""kills"": false, ""reason"": ""cascade already stopped"", ""state"": ""NOT_APPLICABLE"", ""value"": ""\u2014""}, {""id"": ""split"", ""kills"": false, ""reason"": ""cascade already stopped"", ""state"": ""NOT_APPLICABLE"", ""value"": ""\u2014""}, {""id"": ""instrument"", ""kills"": false, ""reason"": ""cascade already stopped"", ""state"": ""NOT_APPLICABLE"", ""value"": ""\u2014""}, {""id"": ""tick"", ""kills"": false, ""reason"": ""cascade already stopped"", ""state"": ""NOT_APPLICABLE"", ""value"": ""\u2014""}, {""id"": ""buyout"", ""kills"": false, ""reason"": ""cascade already stopped"", ""state"": ""NOT_APPLICABLE"", ""value"": ""\u2014""}]",[],"{""above_ema9"": false, ""above_vwap"": false, ""buyout_announced"": false, ""catalyst_today"": false, ""change_pct"": 56.1275881365417, ""feed_stale"": false, ""float_is_shares_outstanding"": true, ""float_shares"": 55085700, ""float_verified"": false, ""halted"": false, ""in_session_window"": true, ""is_fund_or_etf"": null, ""last"": 1.395, ""live_theme"": false, ""macd_positive_and_above_signal"": false, ""penny_theme"": false, ""premarket_volume"": null, ""prev_close"": null, ""rvol"": 1235.7050648085713, ""session_high"": 3.96, ""session_volume"": 65971822.0, ""split_ratio_clean_integer"": null, ""symbol"": ""TURB"", ""tick_size"": null}",1.41,1.36,1.51,0.05,2.0,1,1,SUPPRESSED,,,2026-09-17T14:29:33+00:00,33dfeedb3f51,e3d0803,,,,1.41,3.4,-1.8,1,1,target,1,2026-09-17T14:31:00Z,1.58,1.35,1.3592
4edbc4e117226c56,2026-09-17T10:32:00-04:00,regular,DAIC,pullback,ibkr-DAIC-AEHL-VEEA,IBKR · TWS read-only · live,live,1m,4.8001,4.83,4.84,7.1495,58890119.0,576.1791542736381,138.81094527363183,1340000.0,verified,finviz via premarket_stars.py,0,0,REJECT,catalyst,0,"[{""id"": ""price"", ""kills"": true, ""reason"": ""$4.80 is outside $2.00\u201320.00."", ""state"": ""PASS"", ""value"": ""$4.80  band $2.00\u201320.00""}, {""id"": ""float"", ""kills"": false, ""reason"": """", ""state"": ""PASS"", ""value"": ""1.3M (verified)""}, {""id"": ""catalyst"", ""kills"": true, ""reason"": ""No catalyst dated today and no live theme it belongs to."", ""state"": ""FAIL"", ""value"": ""none""}, {""id"": ""rising"", ""kills"": false, ""reason"": ""cascade already stopped"", ""state"": ""NOT_APPLICABLE"", ""value"": ""\u2014""}, {""id"": ""split"", ""kills"": false, ""reason"": ""cascade already stopped"", ""state"": ""NOT_APPLICABLE"", ""value"": ""\u2014""}, {""id"": ""instrument"", ""kills"": false, ""reason"": ""cascade already stopped"", ""state"": ""NOT_APPLICABLE"", ""value"": ""\u2014""}, {""id"": ""tick"", ""kills"": false, ""reason"": ""cascade already stopped"", ""state"": ""NOT_APPLICABLE"", ""value"": ""\u2014""}, {""id"": ""buyout"", ""kills"": false, ""reason"": ""cascade already stopped"", ""state"": ""NOT_APPLICABLE"", ""value"": ""\u2014""}]",[],"{""above_ema9"": false, ""above_vwap"": false, ""buyout_announced"": false, ""catalyst_today"": false, ""change_pct"": 138.81094527363183, ""feed_stale"": false, ""float_is_shares_outstanding"": false, ""float_shares"": 1340000.0, ""float_verified"": true, ""halted"": false, ""in_session_window"": true, ""is_fund_or_etf"": null, ""last"": 4.8001, ""live_theme"": false, ""macd_positive_and_above_signal"": false, ""penny_theme"": false, ""premarket_volume"": null, ""prev_close"": null, ""rvol"": 576.1791542736381, ""session_high"": 7.1495, ""session_volume"": 58890119.0, ""split_ratio_clean_integer"": null, ""symbol"": ""DAIC"", ""tick_size"": null}",4.81,4.69,5.05,0.12,2.0,3,1,SUPPRESSED,,,2026-09-17T14:32:13+00:00,33dfeedb3f51,e3d0803,,,,4.81,2.25,-3.0,1,1,stop,1,2026-09-17T14:33:00Z,5.08,4.45,4.765
2159da8d18c3b7f5,2026-09-17T10:33:00-04:00,regular,KXIN,pullback,ibkr-DAIC-AEHL-VEEA,IBKR · TWS read-only · live,live,1m,2.399,2.38,2.39,2.75,33347765.0,1314.2494285489083,112.30088495575225,1510000.0,verified,finviz via premarket_stars.py,0,0,REJECT,catalyst,0,"[{""id"": ""price"", ""kills"": true, ""reason"": ""$2.40 is outside $2.00\u201320.00."", ""state"": ""PASS"", ""value"": ""$2.40  band $2.00\u201320.00""}, {""id"": ""float"", ""kills"": false, ""reason"": """", ""state"": ""PASS"", ""value"": ""1.5M (verified)""}, {""id"": ""catalyst"", ""kills"": true, ""reason"": ""No catalyst dated today and no live theme it belongs to."", ""state"": ""FAIL"", ""value"": ""none""}, {""id"": ""rising"", ""kills"": false, ""reason"": ""cascade already stopped"", ""state"": ""NOT_APPLICABLE"", ""value"": ""\u2014""}, {""id"": ""split"", ""kills"": false, ""reason"": ""cascade already stopped"", ""state"": ""NOT_APPLICABLE"", ""value"": ""\u2014""}, {""id"": ""instrument"", ""kills"": false, ""reason"": ""cascade already stopped"", ""state"": ""NOT_APPLICABLE"", ""value"": ""\u2014""}, {""id"": ""tick"", ""kills"": false, ""reason"": ""cascade already stopped"", ""state"": ""NOT_APPLICABLE"", ""value"": ""\u2014""}, {""id"": ""buyout"", ""kills"": false, ""reason"": ""cascade already stopped"", ""state"": ""NOT_APPLICABLE"", ""value"": ""\u2014""}]",[],"{""above_ema9"": true, ""above_vwap"": true, ""buyout_announced"": false, ""catalyst_today"": false, ""change_pct"": 112.30088495575225, ""feed_stale"": false, ""float_is_shares_outstanding"": false, ""float_shares"": 1510000.0, ""float_verified"": true, ""halted"": false, ""in_session_window"": true, ""is_fund_or_etf"": null, ""last"": 2.399, ""live_theme"": false, ""macd_positive_and_above_signal"": true, ""penny_theme"": false, ""premarket_volume"": null, ""prev_close"": null, ""rvol"": 1314.2494285489083, ""session_high"": 2.75, ""session_volume"": 33347765.0, ""split_ratio_clean_integer"": null, ""symbol"": ""KXIN"", ""tick_size"": null}",2.34,2.21,2.6,0.13,2.0,1,1,SUPPRESSED,,,2026-09-17T14:33:23+00:00,33dfeedb3f51,e3d0803,,,,2.34,3.6154,-4.3846,1,1,target,1,2026-09-17T14:34:00Z,2.81,1.8601,1.821
7636c2bb80d247c8,2026-09-17T10:36:00-04:00,regular,TURB,pullback,ibkr-DAIC-AEHL-VEEA,IBKR · TWS read-only · live,live,1m,1.4297,1.43,1.44,3.96,66885860.0,1138.2696005854223,60.01119194180191,55085700.0,shares_outstanding_proxy,SEC shares outstanding (upper bound),0,0,REJECT,price,0,"[{""id"": ""price"", ""kills"": true, ""reason"": ""$1.43 is outside $2.00\u201320.00."", ""state"": ""FAIL"", ""value"": ""$1.43  band $2.00\u201320.00""}, {""id"": ""float"", ""kills"": false, ""reason"": ""cascade already stopped"", ""state"": ""NOT_APPLICABLE"", ""value"": ""\u2014""}, {""id"": ""catalyst"", ""kills"": false, ""reason"": ""cascade already stopped"", ""state"": ""NOT_APPLICABLE"", ""value"": ""\u2014""}, {""id"": ""rising"", ""kills"": false, ""reason"": ""cascade already stopped"", ""state"": ""NOT_APPLICABLE"", ""value"": ""\u2014""}, {""id"": ""split"", ""kills"": false, ""reason"": ""cascade already stopped"", ""state"": ""NOT_APPLICABLE"", ""value"": ""\u2014""}, {""id"": ""instrument"", ""kills"": false, ""reason"": ""cascade already stopped"", ""state"": ""NOT_APPLICABLE"", ""value"": ""\u2014""}, {""id"": ""tick"", ""kills"": false, ""reason"": ""cascade already stopped"", ""state"": ""NOT_APPLICABLE"", ""value"": ""\u2014""}, {""id"": ""buyout"", ""kills"": false, ""reason"": ""cascade already stopped"", ""state"": ""NOT_APPLICABLE"", ""value"": ""\u2014""}]",[],"{""above_ema9"": true, ""above_vwap"": false, ""buyout_announced"": false, ""catalyst_today"": false, ""change_pct"": 60.01119194180191, ""feed_stale"": false, ""float_is_shares_outstanding"": true, ""float_shares"": 55085700, ""float_verified"": false, ""halted"": false, ""in_session_window"": true, ""is_fund_or_etf"": null, ""last"": 1.4297, ""live_theme"": false, ""macd_positive_and_above_signal"": true, ""penny_theme"": false, ""premarket_volume"": null, ""prev_close"": null, ""rvol"": 1138.2696005854223, ""session_high"": 3.96, ""session_volume"": 66885860.0, ""split_ratio_clean_integer"": null, ""symbol"": ""TURB"", ""tick_size"": null}",1.43,1.39,1.51,0.04,2.0,3,1,SUPPRESSED,,,2026-09-17T14:36:53+00:00,33dfeedb3f51,e3d0803,,,,1.43,3.75,-2.75,1,1,target,1,2026-09-17T14:37:00Z,1.58,1.395,1.3592
d2a427fb3bff76fd,2026-09-17T10:37:00-04:00,regular,DAIC,pullback,ibkr-DAIC-AEHL-VEEA,IBKR · TWS read-only · live,live,1m,4.929,4.93,4.98,7.1495,59606665.0,530.8799063048299,145.22388059701495,1340000.0,verified,finviz via premarket_stars.py,0,0,REJECT,catalyst,0,"[{""id"": ""price"", ""kills"": true, ""reason"": ""$4.93 is outside $2.00\u201320.00."", ""state"": ""PASS"", ""value"": ""$4.93  band $2.00\u201320.00""}, {""id"": ""float"", ""kills"": false, ""reason"": """", ""state"": ""PASS"", ""value"": ""1.3M (verified)""}, {""id"": ""catalyst"", ""kills"": true, ""reason"": ""No catalyst dated today and no live theme it belongs to."", ""state"": ""FAIL"", ""value"": ""none""}, {""id"": ""rising"", ""kills"": false, ""reason"": ""cascade already stopped"", ""state"": ""NOT_APPLICABLE"", ""value"": ""\u2014""}, {""id"": ""split"", ""kills"": false, ""reason"": ""cascade already stopped"", ""state"": ""NOT_APPLICABLE"", ""value"": ""\u2014""}, {""id"": ""instrument"", ""kills"": false, ""reason"": ""cascade already stopped"", ""state"": ""NOT_APPLICABLE"", ""value"": ""\u2014""}, {""id"": ""tick"", ""kills"": false, ""reason"": ""cascade already stopped"", ""state"": ""NOT_APPLICABLE"", ""value"": ""\u2014""}, {""id"": ""buyout"", ""kills"": false, ""reason"": ""cascade already stopped"", ""state"": ""NOT_APPLICABLE"", ""value"": ""\u2014""}]",[],"{""above_ema9"": true, ""above_vwap"": false, ""buyout_announced"": false, ""catalyst_today"": false, ""change_pct"": 145.22388059701495, ""feed_stale"": false, ""float_is_shares_outstanding"": false, ""float_shares"": 1340000.0, ""float_verified"": true, ""halted"": false, ""in_session_window"": true, ""is_fund_or_etf"": null, ""last"": 4.929, ""live_theme"": false, ""macd_positive_and_above_signal"": true, ""penny_theme"": false, ""premarket_volume"": null, ""prev_close"": null, ""rvol"": 530.8799063048299, ""session_high"": 7.1495, ""session_volume"": 59606665.0, ""split_ratio_clean_integer"": null, ""symbol"": ""DAIC"", ""tick_size"": null}",4.93,4.81,5.17,0.12,2.0,1,1,SUPPRESSED,,,2026-09-17T14:37:24+00:00,33dfeedb3f51,e3d0803,,,,4.93,1.25,-4.0,1,0,stop,1,2026-09-17T14:38:00Z,5.08,4.45,4.765
45dae97ee3cefeb1,2026-09-17T10:39:00-04:00,regular,AEMD,pullback,ibkr-DAIC-AEHL-VEEA,IBKR · TWS read-only · live,live,1m,6.95,6.87,6.96,14.0,55570159.0,2674.857232250301,386.0139860139861,1580000.0,verified,finviz via premarket_stars.py,0,0,REJECT,catalyst,0,"[{""id"": ""price"", ""kills"": true, ""reason"": ""$6.95 is outside $2.00\u201320.00."", ""state"": ""PASS"", ""value"": ""$6.95  band $2.00\u201320.00""}, {""id"": ""float"", ""kills"": false, ""reason"": """", ""state"": ""PASS"", ""value"": ""1.6M (verified)""}, {""id"": ""catalyst"", ""kills"": true, ""reason"": ""No catalyst dated today and no live theme it belongs to."", ""state"": ""FAIL"", ""value"": ""none""}, {""id"": ""rising"", ""kills"": false, ""reason"": ""cascade already stopped"", ""state"": ""NOT_APPLICABLE"", ""value"": ""\u2014""}, {""id"": ""split"", ""kills"": false, ""reason"": ""cascade already stopped"", ""state"": ""NOT_APPLICABLE"", ""value"": ""\u2014""}, {""id"": ""instrument"", ""kills"": false, ""reason"": ""cascade already stopped"", ""state"": ""NOT_APPLICABLE"", ""value"": ""\u2014""}, {""id"": ""tick"", ""kills"": false, ""reason"": ""cascade already stopped"", ""state"": ""NOT_APPLICABLE"", ""value"": ""\u2014""}, {""id"": ""buyout"", ""kills"": false, ""reason"": ""cascade already stopped"", ""state"": ""NOT_APPLICABLE"", ""value"": ""\u2014""}]",[],"{""above_ema9"": true, ""above_vwap"": false, ""buyout_announced"": false, ""catalyst_today"": false, ""change_pct"": 386.0139860139861, ""feed_stale"": false, ""float_is_shares_outstanding"": false, ""float_shares"": 1580000.0, ""float_verified"": true, ""halted"": false, ""in_session_window"": true, ""is_fund_or_etf"": null, ""last"": 6.95, ""live_theme"": false, ""macd_positive_and_above_signal"": true, ""penny_theme"": false, ""premarket_volume"": null, ""prev_close"": null, ""rvol"": 2674.857232250301, ""session_high"": 14.0, ""session_volume"": 55570159.0, ""split_ratio_clean_integer"": null, ""symbol"": ""AEMD"", ""tick_size"": null}",6.93,6.7618,7.2664,0.1682,2.0,3,1,SUPPRESSED,,,2026-09-17T14:39:08+00:00,33dfeedb3f51,e3d0803,,,,6.93,5.8859,-1.962,1,1,stop,1,2026-09-17T14:40:00Z,7.92,6.6,7.0001
2d399e438430e513,2026-09-17T10:44:00-04:00,regular,BIAF,pullback,ibkr-DAIC-AEHL-VEEA,IBKR · TWS read-only · live,live,1m,6.81,6.71,6.92,9.0,6674356.0,19.924997163958995,27.289719626168218,590000.0,verified,finviz via premarket_stars.py,0,0,REJECT,catalyst,0,"[{""id"": ""price"", ""kills"": true, ""reason"": ""$6.81 is outside $2.00\u201320.00."", ""state"": ""PASS"", ""value"": ""$6.81  band $2.00\u201320.00""}, {""id"": ""float"", ""kills"": false, ""reason"": """", ""state"": ""PASS"", ""value"": ""0.6M (verified)""}, {""id"": ""catalyst"", ""kills"": true, ""reason"": ""No catalyst dated today and no live theme it belongs to."", ""state"": ""FAIL"", ""value"": ""none""}, {""id"": ""rising"", ""kills"": false, ""reason"": ""cascade already stopped"", ""state"": ""NOT_APPLICABLE"", ""value"": ""\u2014""}, {""id"": ""split"", ""kills"": false, ""reason"": ""cascade already stopped"", ""state"": ""NOT_APPLICABLE"", ""value"": ""\u2014""}, {""id"": ""instrument"", ""kills"": false, ""reason"": ""cascade already stopped"", ""state"": ""NOT_APPLICABLE"", ""value"": ""\u2014""}, {""id"": ""tick"", ""kills"": false, ""reason"": ""cascade already stopped"", ""state"": ""NOT_APPLICABLE"", ""value"": ""\u2014""}, {""id"": ""buyout"", ""kills"": false, ""reason"": ""cascade already stopped"", ""state"": ""NOT_APPLICABLE"", ""value"": ""\u2014""}]",[],"{""above_ema9"": false, ""above_vwap"": false, ""buyout_announced"": false, ""catalyst_today"": false, ""change_pct"": 27.289719626168218, ""feed_stale"": false, ""float_is_shares_outstanding"": false, ""float_shares"": 590000.0, ""float_verified"": true, ""halted"": false, ""in_session_window"": true, ""is_fund_or_etf"": null, ""last"": 6.81, ""live_theme"": false, ""macd_positive_and_above_signal"": false, ""penny_theme"": false, ""premarket_volume"": null, ""prev_close"": null, ""rvol"": 19.924997163958995, ""session_high"": 9.0, ""session_volume"": 6674356.0, ""split_ratio_clean_integer"": null, ""symbol"": ""BIAF"", ""tick_size"": null}",6.8,6.69,7.02,0.11,2.0,3,1,SUPPRESSED,,,2026-09-17T14:44:26+00:00,33dfeedb3f51,e3d0803,,,,6.8,5.2727,-0.4545,0,1,target,1,2026-09-17T14:45:00Z,7.09,6.75,7.22
e600f4b2ec41cc1e,2026-09-17T10:44:00-04:00,regular,AEHL,pullback,ibkr-DAIC-AEHL-VEEA,IBKR · TWS read-only · live,live,1m,13.09,12.97,13.1,15.78,2106062.0,18.793889042575024,41.97396963123643,1390000.0,verified,finviz via premarket_stars.py,0,0,REJECT,catalyst,0,"[{""id"": ""price"", ""kills"": true, ""reason"": ""$13.09 is outside $2.00\u201320.00."", ""state"": ""PASS"", ""value"": ""$13.09  band $2.00\u201320.00""}, {""id"": ""float"", ""kills"": false, ""reason"": """", ""state"": ""PASS"", ""value"": ""1.4M (verified)""}, {""id"": ""catalyst"", ""kills"": true, ""reason"": ""No catalyst dated today and no live theme it belongs to."", ""state"": ""FAIL"", ""value"": ""none""}, {""id"": ""rising"", ""kills"": false, ""reason"": ""cascade already stopped"", ""state"": ""NOT_APPLICABLE"", ""value"": ""\u2014""}, {""id"": ""split"", ""kills"": false, ""reason"": ""cascade already stopped"", ""state"": ""NOT_APPLICABLE"", ""value"": ""\u2014""}, {""id"": ""instrument"", ""kills"": false, ""reason"": ""cascade already stopped"", ""state"": ""NOT_APPLICABLE"", ""value"": ""\u2014""}, {""id"": ""tick"", ""kills"": false, ""reason"": ""cascade already stopped"", ""state"": ""NOT_APPLICABLE"", ""value"": ""\u2014""}, {""id"": ""buyout"", ""kills"": false, ""reason"": ""cascade already stopped"", ""state"": ""NOT_APPLICABLE"", ""value"": ""\u2014""}]",[],"{""above_ema9"": false, ""above_vwap"": true, ""buyout_announced"": false, ""catalyst_today"": false, ""change_pct"": 41.97396963123643, ""feed_stale"": false, ""float_is_shares_outstanding"": false, ""float_shares"": 1390000.0, ""float_verified"": true, ""halted"": false, ""in_session_window"": true, ""is_fund_or_etf"": null, ""last"": 13.09, ""live_theme"": false, ""macd_positive_and_above_signal"": false, ""penny_theme"": false, ""premarket_volume"": null, ""prev_close"": null, ""rvol"": 18.793889042575024, ""session_high"": 15.78, ""session_volume"": 2106062.0, ""split_ratio_clean_integer"": null, ""symbol"": ""AEHL"", ""tick_size"": null}",13.03,12.9,13.29,0.13,2.0,2,0,SUPPRESSED,,,2026-09-17T14:44:32+00:00,33dfeedb3f51,e3d0803,,,,13.03,,,0,0,untriggered,0,,12.97,10.19,11.73
5f8d021d88477042,2026-09-17T10:44:00-04:00,regular,KXIN,pullback,ibkr-DAIC-AEHL-VEEA,IBKR · TWS read-only · live,live,1m,2.5599,2.54,2.55,2.81,47179474.0,1849.305189714644,126.53982300884957,1510000.0,verified,finviz via premarket_stars.py,0,0,REJECT,catalyst,0,"[{""id"": ""price"", ""kills"": true, ""reason"": ""$2.56 is outside $2.00\u201320.00."", ""state"": ""PASS"", ""value"": ""$2.56  band $2.00\u201320.00""}, {""id"": ""float"", ""kills"": false, ""reason"": """", ""state"": ""PASS"", ""value"": ""1.5M (verified)""}, {""id"": ""catalyst"", ""kills"": true, ""reason"": ""No catalyst dated today and no live theme it belongs to."", ""state"": ""FAIL"", ""value"": ""none""}, {""id"": ""rising"", ""kills"": false, ""reason"": ""cascade already stopped"", ""state"": ""NOT_APPLICABLE"", ""value"": ""\u2014""}, {""id"": ""split"", ""kills"": false, ""reason"": ""cascade already stopped"", ""state"": ""NOT_APPLICABLE"", ""value"": ""\u2014""}, {""id"": ""instrument"", ""kills"": false, ""reason"": ""cascade already stopped"", ""state"": ""NOT_APPLICABLE"", ""value"": ""\u2014""}, {""id"": ""tick"", ""kills"": false, ""reason"": ""cascade already stopped"", ""state"": ""NOT_APPLICABLE"", ""value"": ""\u2014""}, {""id"": ""buyout"", ""kills"": false, ""reason"": ""cascade already stopped"", ""state"": ""NOT_APPLICABLE"", ""value"": ""\u2014""}]",[],"{""above_ema9"": true, ""above_vwap"": true, ""buyout_announced"": false, ""catalyst_today"": false, ""change_pct"": 126.53982300884957, ""feed_stale"": false, ""float_is_shares_outstanding"": false, ""float_shares"": 1510000.0, ""float_verified"": true, ""halted"": false, ""in_session_window"": true, ""is_fund_or_etf"": null, ""last"": 2.5599, ""live_theme"": false, ""macd_positive_and_above_signal"": false, ""penny_theme"": false, ""premarket_volume"": null, ""prev_close"": null, ""rvol"": 1849.305189714644, ""session_high"": 2.81, ""session_volume"": 47179474.0, ""split_ratio_clean_integer"": null, ""symbol"": ""KXIN"", ""tick_size"": null}",2.55,2.41,2.83,0.14,2.0,1,1,SUPPRESSED,,,2026-09-17T14:44:41+00:00,33dfeedb3f51,e3d0803,,,,2.55,0.2143,-5.5714,1,0,stop,1,2026-09-17T14:45:00Z,2.58,1.85,1.821
bb83811c6d93e439,2026-09-17T10:51:00-04:00,regular,DAIC,pullback,ibkr-DAIC-AEHL-VEEA,IBKR · TWS read-only · live,live,1m,4.6,4.57,4.62,7.1495,61864889.0,463.7791263409624,128.85572139303486,1340000.0,verified,finviz via premarket_stars.py,0,0,REJECT,catalyst,0,"[{""id"": ""price"", ""kills"": true, ""reason"": ""$4.60 is outside $2.00\u201320.00."", ""state"": ""PASS"", ""value"": ""$4.60  band $2.00\u201320.00""}, {""id"": ""float"", ""kills"": false, ""reason"": """", ""state"": ""PASS"", ""value"": ""1.3M (verified)""}, {""id"": ""catalyst"", ""kills"": true, ""reason"": ""No catalyst dated today and no live theme it belongs to."", ""state"": ""FAIL"", ""value"": ""none""}, {""id"": ""rising"", ""kills"": false, ""reason"": ""cascade already stopped"", ""state"": ""NOT_APPLICABLE"", ""value"": ""\u2014""}, {""id"": ""split"", ""kills"": false, ""reason"": ""cascade already stopped"", ""state"": ""NOT_APPLICABLE"", ""value"": ""\u2014""}, {""id"": ""instrument"", ""kills"": false, ""reason"": ""cascade already stopped"", ""state"": ""NOT_APPLICABLE"", ""value"": ""\u2014""}, {""id"": ""tick"", ""kills"": false, ""reason"": ""cascade already stopped"", ""state"": ""NOT_APPLICABLE"", ""value"": ""\u2014""}, {""id"": ""buyout"", ""kills"": false, ""reason"": ""cascade already stopped"", ""state"": ""NOT_APPLICABLE"", ""value"": ""\u2014""}]",[],"{""above_ema9"": false, ""above_vwap"": false, ""buyout_announced"": false, ""catalyst_today"": false, ""change_pct"": 128.85572139303486, ""feed_stale"": false, ""float_is_shares_outstanding"": false, ""float_shares"": 1340000.0, ""float_verified"": true, ""halted"": false, ""in_session_window"": true, ""is_fund_or_etf"": null, ""last"": 4.6, ""live_theme"": false, ""macd_positive_and_above_signal"": false, ""penny_theme"": false, ""premarket_volume"": null, ""prev_close"": null, ""rvol"": 463.7791263409624, ""session_high"": 7.1495, ""session_volume"": 61864889.0, ""split_ratio_clean_integer"": null, ""symbol"": ""DAIC"", ""tick_size"": null}",4.63,4.51,4.87,0.12,2.0,1,1,SUPPRESSED,,,2026-09-17T14:51:22+00:00,33dfeedb3f51,e3d0803,,,,4.63,2.1667,-0.8333,0,1,target,1,2026-09-17T14:53:00Z,4.89,4.47,4.765
e92ec8ce2585a456,2026-09-17T10:54:00-04:00,regular,AEMD,pullback,ibkr-DAIC-AEHL-VEEA,IBKR · TWS read-only · live,live,1m,7.48,7.45,7.47,14.0,57675935.0,1699.5001031322745,423.07692307692315,1580000.0,verified,finviz via premarket_stars.py,0,0,REJECT,catalyst,0,"[{""id"": ""price"", ""kills"": true, ""reason"": ""$7.48 is outside $2.00\u201320.00."", ""state"": ""PASS"", ""value"": ""$7.48  band $2.00\u201320.00""}, {""id"": ""float"", ""kills"": false, ""reason"": """", ""state"": ""PASS"", ""value"": ""1.6M (verified)""}, {""id"": ""catalyst"", ""kills"": true, ""reason"": ""No catalyst dated today and no live theme it belongs to."", ""state"": ""FAIL"", ""value"": ""none""}, {""id"": ""rising"", ""kills"": false, ""reason"": ""cascade already stopped"", ""state"": ""NOT_APPLICABLE"", ""value"": ""\u2014""}, {""id"": ""split"", ""kills"": false, ""reason"": ""cascade already stopped"", ""state"": ""NOT_APPLICABLE"", ""value"": ""\u2014""}, {""id"": ""instrument"", ""kills"": false, ""reason"": ""cascade already stopped"", ""state"": ""NOT_APPLICABLE"", ""value"": ""\u2014""}, {""id"": ""tick"", ""kills"": false, ""reason"": ""cascade already stopped"", ""state"": ""NOT_APPLICABLE"", ""value"": ""\u2014""}, {""id"": ""buyout"", ""kills"": false, ""reason"": ""cascade already stopped"", ""state"": ""NOT_APPLICABLE"", ""value"": ""\u2014""}]",[],"{""above_ema9"": true, ""above_vwap"": true, ""buyout_announced"": false, ""catalyst_today"": false, ""change_pct"": 423.07692307692315, ""feed_stale"": false, ""float_is_shares_outstanding"": false, ""float_shares"": 1580000.0, ""float_verified"": true, ""halted"": false, ""in_session_window"": true, ""is_fund_or_etf"": null, ""last"": 7.48, ""live_theme"": false, ""macd_positive_and_above_signal"": true, ""penny_theme"": false, ""premarket_volume"": null, ""prev_close"": null, ""rvol"": 1699.5001031322745, ""session_high"": 14.0, ""session_volume"": 57675935.0, ""split_ratio_clean_integer"": null, ""symbol"": ""AEMD"", ""tick_size"": null}",7.51,7.21,8.11,0.3,2.0,1,1,SUPPRESSED,,,2026-09-17T14:54:12+00:00,33dfeedb3f51,e3d0803,,,,7.51,1.3667,-2.5663,1,0,stop,1,2026-09-17T14:55:00Z,7.92,6.7401,7.0001
8e9b2f3bd24d143f,2026-09-17T10:59:00-04:00,regular,DTSS,pullback,ibkr-DAIC-AEHL-VEEA,IBKR · TWS read-only · live,live,1m,1.581,1.58,1.59,1.9,64510931.0,289.894359274632,167.42219215155617,8210000.000000001,verified,finviz via premarket_stars.py,0,0,REJECT,price,0,"[{""id"": ""price"", ""kills"": true, ""reason"": ""$1.58 is outside $2.00\u201320.00."", ""state"": ""FAIL"", ""value"": ""$1.58  band $2.00\u201320.00""}, {""id"": ""float"", ""kills"": false, ""reason"": ""cascade already stopped"", ""state"": ""NOT_APPLICABLE"", ""value"": ""\u2014""}, {""id"": ""catalyst"", ""kills"": false, ""reason"": ""cascade already stopped"", ""state"": ""NOT_APPLICABLE"", ""value"": ""\u2014""}, {""id"": ""rising"", ""kills"": false, ""reason"": ""cascade already stopped"", ""state"": ""NOT_APPLICABLE"", ""value"": ""\u2014""}, {""id"": ""split"", ""kills"": false, ""reason"": ""cascade already stopped"", ""state"": ""NOT_APPLICABLE"", ""value"": ""\u2014""}, {""id"": ""instrument"", ""kills"": false, ""reason"": ""cascade already stopped"", ""state"": ""NOT_APPLICABLE"", ""value"": ""\u2014""}, {""id"": ""tick"", ""kills"": false, ""reason"": ""cascade already stopped"", ""state"": ""NOT_APPLICABLE"", ""value"": ""\u2014""}, {""id"": ""buyout"", ""kills"": false, ""reason"": ""cascade already stopped"", ""state"": ""NOT_APPLICABLE"", ""value"": ""\u2014""}]",[],"{""above_ema9"": true, ""above_vwap"": true, ""buyout_announced"": false, ""catalyst_today"": false, ""change_pct"": 167.42219215155617, ""feed_stale"": false, ""float_is_shares_outstanding"": false, ""float_shares"": 8210000.000000001, ""float_verified"": true, ""halted"": false, ""in_session_window"": true, ""is_fund_or_etf"": null, ""last"": 1.581, ""live_theme"": false, ""macd_positive_and_above_signal"": true, ""penny_theme"": false, ""premarket_volume"": null, ""prev_close"": null, ""rvol"": 289.894359274632, ""session_high"": 1.9, ""session_volume"": 64510931.0, ""split_ratio_clean_integer"": null, ""symbol"": ""DTSS"", ""tick_size"": null}",1.59,1.57,1.63,0.02,2.0,4,1,SUPPRESSED,,,2026-09-17T14:59:20+00:00,33dfeedb3f51,e3d0803,,,,1.59,35.0,-4.5,1,1,target,1,2026-09-17T15:00:00Z,2.29,1.5,2.03
3bd67cf073d78bb6,2026-09-17T11:00:00-04:00,regular,DAIC,pullback,ibkr-DAIC-AEHL-VEEA,IBKR · TWS read-only · live,live,1m,4.709,4.66,4.73,7.1495,62697190.0,451.0946189986258,134.27860696517416,1340000.0,verified,finviz via premarket_stars.py,0,0,REJECT,catalyst,0,"[{""id"": ""price"", ""kills"": true, ""reason"": ""$4.71 is outside $2.00\u201320.00."", ""state"": ""PASS"", ""value"": ""$4.71  band $2.00\u201320.00""}, {""id"": ""float"", ""kills"": false, ""reason"": """", ""state"": ""PASS"", ""value"": ""1.3M (verified)""}, {""id"": ""catalyst"", ""kills"": true, ""reason"": ""No catalyst dated today and no live theme it belongs to."", ""state"": ""FAIL"", ""value"": ""none""}, {""id"": ""rising"", ""kills"": false, ""reason"": ""cascade already stopped"", ""state"": ""NOT_APPLICABLE"", ""value"": ""\u2014""}, {""id"": ""split"", ""kills"": false, ""reason"": ""cascade already stopped"", ""state"": ""NOT_APPLICABLE"", ""value"": ""\u2014""}, {""id"": ""instrument"", ""kills"": false, ""reason"": ""cascade already stopped"", ""state"": ""NOT_APPLICABLE"", ""value"": ""\u2014""}, {""id"": ""tick"", ""kills"": false, ""reason"": ""cascade already stopped"", ""state"": ""NOT_APPLICABLE"", ""value"": ""\u2014""}, {""id"": ""buyout"", ""kills"": false, ""reason"": ""cascade already stopped"", ""state"": ""NOT_APPLICABLE"", ""value"": ""\u2014""}]",[],"{""above_ema9"": true, ""above_vwap"": false, ""buyout_announced"": false, ""catalyst_today"": false, ""change_pct"": 134.27860696517416, ""feed_stale"": false, ""float_is_shares_outstanding"": false, ""float_shares"": 1340000.0, ""float_verified"": true, ""halted"": false, ""in_session_window"": true, ""is_fund_or_etf"": null, ""last"": 4.709, ""live_theme"": false, ""macd_positive_and_above_signal"": true, ""penny_theme"": false, ""premarket_volume"": null, ""prev_close"": null, ""rvol"": 451.0946189986258, ""session_high"": 7.1495, ""session_volume"": 62697190.0, ""split_ratio_clean_integer"": null, ""symbol"": ""DAIC"", ""tick_size"": null}",4.7251,4.64,4.8953,0.0851,2.0,2,1,SUPPRESSED,,,2026-09-17T15:00:43+00:00,33dfeedb3f51,e3d0803,,,,4.7251,1.9377,-1.47,1,0,stop,1,2026-09-17T15:01:00Z,4.89,4.6,4.765
09ae822fdd62ccab,2026-09-17T11:07:00-04:00,regular,AEMD,pullback,ibkr-DAIC-AEHL-VEEA,IBKR · TWS read-only · live,live,1m,7.215,7.19,7.23,14.0,60440819.0,1473.5912570704115,404.54545454545456,1580000.0,verified,finviz via premarket_stars.py,0,0,REJECT,catalyst,0,"[{""id"": ""price"", ""kills"": true, ""reason"": ""$7.21 is outside $2.00\u201320.00."", ""state"": ""PASS"", ""value"": ""$7.21  band $2.00\u201320.00""}, {""id"": ""float"", ""kills"": false, ""reason"": """", ""state"": ""PASS"", ""value"": ""1.6M (verified)""}, {""id"": ""catalyst"", ""kills"": true, ""reason"": ""No catalyst dated today and no live theme it belongs to."", ""state"": ""FAIL"", ""value"": ""none""}, {""id"": ""rising"", ""kills"": false, ""reason"": ""cascade already stopped"", ""state"": ""NOT_APPLICABLE"", ""value"": ""\u2014""}, {""id"": ""split"", ""kills"": false, ""reason"": ""cascade already stopped"", ""state"": ""NOT_APPLICABLE"", ""value"": ""\u2014""}, {""id"": ""instrument"", ""kills"": false, ""reason"": ""cascade already stopped"", ""state"": ""NOT_APPLICABLE"", ""value"": ""\u2014""}, {""id"": ""tick"", ""kills"": false, ""reason"": ""cascade already stopped"", ""state"": ""NOT_APPLICABLE"", ""value"": ""\u2014""}, {""id"": ""buyout"", ""kills"": false, ""reason"": ""cascade already stopped"", ""state"": ""NOT_APPLICABLE"", ""value"": ""\u2014""}]",[],"{""above_ema9"": false, ""above_vwap"": false, ""buyout_announced"": false, ""catalyst_today"": false, ""change_pct"": 404.54545454545456, ""feed_stale"": false, ""float_is_shares_outstanding"": false, ""float_shares"": 1580000.0, ""float_verified"": true, ""halted"": false, ""in_session_window"": true, ""is_fund_or_etf"": null, ""last"": 7.215, ""live_theme"": false, ""macd_positive_and_above_signal"": false, ""penny_theme"": false, ""premarket_volume"": null, ""prev_close"": null, ""rvol"": 1473.5912570704115, ""session_high"": 14.0, ""session_volume"": 60440819.0, ""split_ratio_clean_integer"": null, ""symbol"": ""AEMD"", ""tick_size"": null}",7.24,6.9401,7.8398,0.2999,2.0,3,0,SUPPRESSED,,,2026-09-17T15:07:23+00:00,33dfeedb3f51,e3d0803,,,,7.24,0.4642,-1.6669,1,0,stop,1,2026-09-17T15:08:00Z,7.3792,6.7401,7.0001
fa5bcd6173d79a51,2026-09-17T11:08:00-04:00,regular,VEEA,pullback,ibkr-DAIC-AEHL-VEEA,IBKR · TWS read-only · live,live,1m,5.84,5.82,5.84,8.88,10478203.0,667.358958028151,-4.2622950819672045,1590000.0,verified,finviz via premarket_stars.py,0,0,REJECT,catalyst,0,"[{""id"": ""price"", ""kills"": true, ""reason"": ""$5.84 is outside $2.00\u201320.00."", ""state"": ""PASS"", ""value"": ""$5.84  band $2.00\u201320.00""}, {""id"": ""float"", ""kills"": false, ""reason"": """", ""state"": ""PASS"", ""value"": ""1.6M (verified)""}, {""id"": ""catalyst"", ""kills"": true, ""reason"": ""No catalyst dated today and no live theme it belongs to."", ""state"": ""FAIL"", ""value"": ""none""}, {""id"": ""rising"", ""kills"": false, ""reason"": ""cascade already stopped"", ""state"": ""NOT_APPLICABLE"", ""value"": ""\u2014""}, {""id"": ""split"", ""kills"": false, ""reason"": ""cascade already stopped"", ""state"": ""NOT_APPLICABLE"", ""value"": ""\u2014""}, {""id"": ""instrument"", ""kills"": false, ""reason"": ""cascade already stopped"", ""state"": ""NOT_APPLICABLE"", ""value"": ""\u2014""}, {""id"": ""tick"", ""kills"": false, ""reason"": ""cascade already stopped"", ""state"": ""NOT_APPLICABLE"", ""value"": ""\u2014""}, {""id"": ""buyout"", ""kills"": false, ""reason"": ""cascade already stopped"", ""state"": ""NOT_APPLICABLE"", ""value"": ""\u2014""}]",[],"{""above_ema9"": true, ""above_vwap"": false, ""buyout_announced"": false, ""catalyst_today"": false, ""change_pct"": -4.2622950819672045, ""feed_stale"": false, ""float_is_shares_outstanding"": false, ""float_shares"": 1590000.0, ""float_verified"": true, ""halted"": false, ""in_session_window"": true, ""is_fund_or_etf"": null, ""last"": 5.84, ""live_theme"": false, ""macd_positive_and_above_signal"": true, ""penny_theme"": false, ""premarket_volume"": null, ""prev_close"": null, ""rvol"": 667.358958028151, ""session_high"": 8.88, ""session_volume"": 10478203.0, ""split_ratio_clean_integer"": null, ""symbol"": ""VEEA"", ""tick_size"": null}",5.85,5.78,5.99,0.07,2.0,1,1,SUPPRESSED,,,2026-09-17T15:09:04+00:00,33dfeedb3f51,e3d0803,,,,5.85,4.5714,-1.2729,1,1,stop,1,2026-09-17T15:12:00Z,6.17,5.76,6.0275
5b6a77dd3beee36a,2026-09-17T11:13:00-04:00,regular,AEHL,pullback,ibkr-DAIC-AEHL-VEEA,IBKR · TWS read-only · live,live,1m,10.94,10.7,10.98,15.78,2352182.0,17.062601555246054,18.655097613882845,1390000.0,verified,finviz via premarket_stars.py,0,0,REJECT,catalyst,0,"[{""id"": ""price"", ""kills"": true, ""reason"": ""$10.94 is outside $2.00\u201320.00."", ""state"": ""PASS"", ""value"": ""$10.94  band $2.00\u201320.00""}, {""id"": ""float"", ""kills"": false, ""reason"": """", ""state"": ""PASS"", ""value"": ""1.4M (verified)""}, {""id"": ""catalyst"", ""kills"": true, ""reason"": ""No catalyst dated today and no live theme it belongs to."", ""state"": ""FAIL"", ""value"": ""none""}, {""id"": ""rising"", ""kills"": false, ""reason"": ""cascade already stopped"", ""state"": ""NOT_APPLICABLE"", ""value"": ""\u2014""}, {""id"": ""split"", ""kills"": false, ""reason"": ""cascade already stopped"", ""state"": ""NOT_APPLICABLE"", ""value"": ""\u2014""}, {""id"": ""instrument"", ""kills"": false, ""reason"": ""cascade already stopped"", ""state"": ""NOT_APPLICABLE"", ""value"": ""\u2014""}, {""id"": ""tick"", ""kills"": false, ""reason"": ""cascade already stopped"", ""state"": ""NOT_APPLICABLE"", ""value"": ""\u2014""}, {""id"": ""buyout"", ""kills"": false, ""reason"": ""cascade already stopped"", ""state"": ""NOT_APPLICABLE"", ""value"": ""\u2014""}]",[],"{""above_ema9"": false, ""above_vwap"": false, ""buyout_announced"": false, ""catalyst_today"": false, ""change_pct"": 18.655097613882845, ""feed_stale"": false, ""float_is_shares_outstanding"": false, ""float_shares"": 1390000.0, ""float_verified"": true, ""halted"": false, ""in_session_window"": true, ""is_fund_or_etf"": null, ""last"": 10.94, ""live_theme"": false, ""macd_positive_and_above_signal"": true, ""penny_theme"": false, ""premarket_volume"": null, ""prev_close"": null, ""rvol"": 17.062601555246054, ""session_high"": 15.78, ""session_volume"": 2352182.0, ""split_ratio_clean_integer"": null, ""symbol"": ""AEHL"", ""tick_size"": null}",10.86,10.84,10.9,0.02,2.0,2,1,SUPPRESSED,,,2026-09-17T15:13:21+00:00,33dfeedb3f51,e3d0803,,,,10.86,45.5,-8.0,1,1,stop,1,2026-09-17T15:14:00Z,11.77,10.7,11.73
c9527eb52bef049e,2026-09-17T11:16:00-04:00,regular,KXIN,pullback,ibkr-DAIC-AEHL-VEEA,IBKR · TWS read-only · live,live,1m,1.9112,1.91,1.92,2.81,55978350.0,1329.936328431256,69.13274336283189,1510000.0,verified,finviz via premarket_stars.py,0,0,REJECT,price,0,"[{""id"": ""price"", ""kills"": true, ""reason"": ""$1.91 is outside $2.00\u201320.00."", ""state"": ""FAIL"", ""value"": ""$1.91  band $2.00\u201320.00""}, {""id"": ""float"", ""kills"": false, ""reason"": ""cascade already stopped"", ""state"": ""NOT_APPLICABLE"", ""value"": ""\u2014""}, {""id"": ""catalyst"", ""kills"": false, ""reason"": ""cascade already stopped"", ""state"": ""NOT_APPLICABLE"", ""value"": ""\u2014""}, {""id"": ""rising"", ""kills"": false, ""reason"": ""cascade already stopped"", ""state"": ""NOT_APPLICABLE"", ""value"": ""\u2014""}, {""id"": ""split"", ""kills"": false, ""reason"": ""cascade already stopped"", ""state"": ""NOT_APPLICABLE"", ""value"": ""\u2014""}, {""id"": ""instrument"", ""kills"": false, ""reason"": ""cascade already stopped"", ""state"": ""NOT_APPLICABLE"", ""value"": ""\u2014""}, {""id"": ""tick"", ""kills"": false, ""reason"": ""cascade already stopped"", ""state"": ""NOT_APPLICABLE"", ""value"": ""\u2014""}, {""id"": ""buyout"", ""kills"": false, ""reason"": ""cascade already stopped"", ""state"": ""NOT_APPLICABLE"", ""value"": ""\u2014""}]",[],"{""above_ema9"": false, ""above_vwap"": false, ""buyout_announced"": false, ""catalyst_today"": false, ""change_pct"": 69.13274336283189, ""feed_stale"": false, ""float_is_shares_outstanding"": false, ""float_shares"": 1510000.0, ""float_verified"": true, ""halted"": false, ""in_session_window"": true, ""is_fund_or_etf"": null, ""last"": 1.9112, ""live_theme"": false, ""macd_positive_and_above_signal"": false, ""penny_theme"": false, ""premarket_volume"": null, ""prev_close"": null, ""rvol"": 1329.936328431256, ""session_high"": 2.81, ""session_volume"": 55978350.0, ""split_ratio_clean_integer"": null, ""symbol"": ""KXIN"", ""tick_size"": null}",1.935,1.8801,2.0448,0.0549,2.0,2,1,SUPPRESSED,,,2026-09-17T15:16:13+00:00,33dfeedb3f51,e3d0803,,,,1.935,,,0,0,untriggered,0,,1.93,1.77,1.821
6729198038eb4c1b,2026-09-17T11:16:00-04:00,regular,AEMD,pullback,ibkr-DAIC-AEHL-VEEA,IBKR · TWS read-only · live,live,1m,7.16,7.13,7.19,14.0,61131375.0,1451.8102690764006,400.69930069930075,1580000.0,verified,finviz via premarket_stars.py,0,0,REJECT,catalyst,0,"[{""id"": ""price"", ""kills"": true, ""reason"": ""$7.16 is outside $2.00\u201320.00."", ""state"": ""PASS"", ""value"": ""$7.16  band $2.00\u201320.00""}, {""id"": ""float"", ""kills"": false, ""reason"": """", ""state"": ""PASS"", ""value"": ""1.6M (verified)""}, {""id"": ""catalyst"", ""kills"": true, ""reason"": ""No catalyst dated today and no live theme it belongs to."", ""state"": ""FAIL"", ""value"": ""none""}, {""id"": ""rising"", ""kills"": false, ""reason"": ""cascade already stopped"", ""state"": ""NOT_APPLICABLE"", ""value"": ""\u2014""}, {""id"": ""split"", ""kills"": false, ""reason"": ""cascade already stopped"", ""state"": ""NOT_APPLICABLE"", ""value"": ""\u2014""}, {""id"": ""instrument"", ""kills"": false, ""reason"": ""cascade already stopped"", ""state"": ""NOT_APPLICABLE"", ""value"": ""\u2014""}, {""id"": ""tick"", ""kills"": false, ""reason"": ""cascade already stopped"", ""state"": ""NOT_APPLICABLE"", ""value"": ""\u2014""}, {""id"": ""buyout"", ""kills"": false, ""reason"": ""cascade already stopped"", ""state"": ""NOT_APPLICABLE"", ""value"": ""\u2014""}]",[],"{""above_ema9"": true, ""above_vwap"": false, ""buyout_announced"": false, ""catalyst_today"": false, ""change_pct"": 400.69930069930075, ""feed_stale"": false, ""float_is_shares_outstanding"": false, ""float_shares"": 1580000.0, ""float_verified"": true, ""halted"": false, ""in_session_window"": true, ""is_fund_or_etf"": null, ""last"": 7.16, ""live_theme"": false, ""macd_positive_and_above_signal"": false, ""penny_theme"": false, ""premarket_volume"": null, ""prev_close"": null, ""rvol"": 1451.8102690764006, ""session_high"": 14.0, ""session_volume"": 61131375.0, ""split_ratio_clean_integer"": null, ""symbol"": ""AEMD"", ""tick_size"": null}",7.21,7.07,7.49,0.14,2.0,1,1,SUPPRESSED,,,2026-09-17T15:16:41+00:00,33dfeedb3f51,e3d0803,,,,7.21,,,0,0,untriggered,0,,7.2,6.7401,7.0001
27325a79d4689624,2026-09-17T11:17:00-04:00,regular,VEEA,pullback,ibkr-DAIC-AEHL-VEEA,IBKR · TWS read-only · live,live,1m,5.94,5.92,5.95,8.88,10519068.0,641.3674775928297,-2.6229508196721207,1590000.0,verified,finviz via premarket_stars.py,0,0,REJECT,catalyst,0,"[{""id"": ""price"", ""kills"": true, ""reason"": ""$5.94 is outside $2.00\u201320.00."", ""state"": ""PASS"", ""value"": ""$5.94  band $2.00\u201320.00""}, {""id"": ""float"", ""kills"": false, ""reason"": """", ""state"": ""PASS"", ""value"": ""1.6M (verified)""}, {""id"": ""catalyst"", ""kills"": true, ""reason"": ""No catalyst dated today and no live theme it belongs to."", ""state"": ""FAIL"", ""value"": ""none""}, {""id"": ""rising"", ""kills"": false, ""reason"": ""cascade already stopped"", ""state"": ""NOT_APPLICABLE"", ""value"": ""\u2014""}, {""id"": ""split"", ""kills"": false, ""reason"": ""cascade already stopped"", ""state"": ""NOT_APPLICABLE"", ""value"": ""\u2014""}, {""id"": ""instrument"", ""kills"": false, ""reason"": ""cascade already stopped"", ""state"": ""NOT_APPLICABLE"", ""value"": ""\u2014""}, {""id"": ""tick"", ""kills"": false, ""reason"": ""cascade already stopped"", ""state"": ""NOT_APPLICABLE"", ""value"": ""\u2014""}, {""id"": ""buyout"", ""kills"": false, ""reason"": ""cascade already stopped"", ""state"": ""NOT_APPLICABLE"", ""value"": ""\u2014""}]",[],"{""above_ema9"": true, ""above_vwap"": false, ""buyout_announced"": false, ""catalyst_today"": false, ""change_pct"": -2.6229508196721207, ""feed_stale"": false, ""float_is_shares_outstanding"": false, ""float_shares"": 1590000.0, ""float_verified"": true, ""halted"": false, ""in_session_window"": true, ""is_fund_or_etf"": null, ""last"": 5.94, ""live_theme"": false, ""macd_positive_and_above_signal"": true, ""penny_theme"": false, ""premarket_volume"": null, ""prev_close"": null, ""rvol"": 641.3674775928297, ""session_high"": 8.88, ""session_volume"": 10519068.0, ""split_ratio_clean_integer"": null, ""symbol"": ""VEEA"", ""tick_size"": null}",5.9385,5.83,6.1555,0.1085,2.0,2,1,SUPPRESSED,,,2026-09-17T15:17:22+00:00,33dfeedb3f51,e3d0803,,,,5.9385,2.1336,-0.8157,0,1,target,1,2026-09-17T15:18:00Z,6.17,5.85,6.0275
dcdcc51831582589,2026-09-17T11:19:00-04:00,regular,DAIC,pullback,ibkr-DAIC-AEHL-VEEA,IBKR · TWS read-only · live,live,1m,4.86,4.85,4.88,7.1495,64281349.0,440.3163868510641,141.79104477611943,1340000.0,verified,finviz via premarket_stars.py,0,0,REJECT,catalyst,0,"[{""id"": ""price"", ""kills"": true, ""reason"": ""$4.86 is outside $2.00\u201320.00."", ""state"": ""PASS"", ""value"": ""$4.86  band $2.00\u201320.00""}, {""id"": ""float"", ""kills"": false, ""reason"": """", ""state"": ""PASS"", ""value"": ""1.3M (verified)""}, {""id"": ""catalyst"", ""kills"": true, ""reason"": ""No catalyst dated today and no live theme it belongs to."", ""state"": ""FAIL"", ""value"": ""none""}, {""id"": ""rising"", ""kills"": false, ""reason"": ""cascade already stopped"", ""state"": ""NOT_APPLICABLE"", ""value"": ""\u2014""}, {""id"": ""split"", ""kills"": false, ""reason"": ""cascade already stopped"", ""state"": ""NOT_APPLICABLE"", ""value"": ""\u2014""}, {""id"": ""instrument"", ""kills"": false, ""reason"": ""cascade already stopped"", ""state"": ""NOT_APPLICABLE"", ""value"": ""\u2014""}, {""id"": ""tick"", ""kills"": false, ""reason"": ""cascade already stopped"", ""state"": ""NOT_APPLICABLE"", ""value"": ""\u2014""}, {""id"": ""buyout"", ""kills"": false, ""reason"": ""cascade already stopped"", ""state"": ""NOT_APPLICABLE"", ""value"": ""\u2014""}]",[],"{""above_ema9"": true, ""above_vwap"": false, ""buyout_announced"": false, ""catalyst_today"": false, ""change_pct"": 141.79104477611943, ""feed_stale"": false, ""float_is_shares_outstanding"": false, ""float_shares"": 1340000.0, ""float_verified"": true, ""halted"": false, ""in_session_window"": true, ""is_fund_or_etf"": null, ""last"": 4.86, ""live_theme"": false, ""macd_positive_and_above_signal"": true, ""penny_theme"": false, ""premarket_volume"": null, ""prev_close"": null, ""rvol"": 440.3163868510641, ""session_high"": 7.1495, ""session_volume"": 64281349.0, ""split_ratio_clean_integer"": null, ""symbol"": ""DAIC"", ""tick_size"": null}",4.88,4.72,5.2,0.16,2.0,2,1,SUPPRESSED,,,2026-09-17T15:19:40+00:00,33dfeedb3f51,e3d0803,,,,4.88,,,0,0,untriggered,0,,4.85,4.66,4.765
009210fd57b14fd8,2026-09-17T11:20:00-04:00,regular,BIAF,pullback,ibkr-DAIC-AEHL-VEEA,IBKR · TWS read-only · live,live,1m,7.15,7.12,7.2,9.0,6892534.0,16.205753866555064,33.64485981308414,590000.0,verified,finviz via premarket_stars.py,0,0,REJECT,catalyst,0,"[{""id"": ""price"", ""kills"": true, ""reason"": ""$7.15 is outside $2.00\u201320.00."", ""state"": ""PASS"", ""value"": ""$7.15  band $2.00\u201320.00""}, {""id"": ""float"", ""kills"": false, ""reason"": """", ""state"": ""PASS"", ""value"": ""0.6M (verified)""}, {""id"": ""catalyst"", ""kills"": true, ""reason"": ""No catalyst dated today and no live theme it belongs to."", ""state"": ""FAIL"", ""value"": ""none""}, {""id"": ""rising"", ""kills"": false, ""reason"": ""cascade already stopped"", ""state"": ""NOT_APPLICABLE"", ""value"": ""\u2014""}, {""id"": ""split"", ""kills"": false, ""reason"": ""cascade already stopped"", ""state"": ""NOT_APPLICABLE"", ""value"": ""\u2014""}, {""id"": ""instrument"", ""kills"": false, ""reason"": ""cascade already stopped"", ""state"": ""NOT_APPLICABLE"", ""value"": ""\u2014""}, {""id"": ""tick"", ""kills"": false, ""reason"": ""cascade already stopped"", ""state"": ""NOT_APPLICABLE"", ""value"": ""\u2014""}, {""id"": ""buyout"", ""kills"": false, ""reason"": ""cascade already stopped"", ""state"": ""NOT_APPLICABLE"", ""value"": ""\u2014""}]",[],"{""above_ema9"": true, ""above_vwap"": true, ""buyout_announced"": false, ""catalyst_today"": false, ""change_pct"": 33.64485981308414, ""feed_stale"": false, ""float_is_shares_outstanding"": false, ""float_shares"": 590000.0, ""float_verified"": true, ""halted"": false, ""in_session_window"": true, ""is_fund_or_etf"": null, ""last"": 7.15, ""live_theme"": false, ""macd_positive_and_above_signal"": true, ""penny_theme"": false, ""premarket_volume"": null, ""prev_close"": null, ""rvol"": 16.205753866555064, ""session_high"": 9.0, ""session_volume"": 6892534.0, ""split_ratio_clean_integer"": null, ""symbol"": ""BIAF"", ""tick_size"": null}",7.17,7.05,7.41,0.12,2.0,1,1,SUPPRESSED,,,2026-09-17T15:20:31+00:00,33dfeedb3f51,e3d0803,,,,7.17,1.75,-0.5833,0,0,neither,1,2026-09-17T15:21:00Z,7.38,7.1,7.22
58a3bd221204768a,2026-09-17T11:27:00-04:00,regular,DAIC,pullback,ibkr-DAIC-AEHL-VEEA,IBKR · TWS read-only · live,live,1m,4.79,4.78,4.79,7.1495,64825701.0,420.9843816970374,138.3084577114428,1340000.0,verified,finviz via premarket_stars.py,0,0,REJECT,catalyst,0,"[{""id"": ""price"", ""kills"": true, ""reason"": ""$4.79 is outside $2.00\u201320.00."", ""state"": ""PASS"", ""value"": ""$4.79  band $2.00\u201320.00""}, {""id"": ""float"", ""kills"": false, ""reason"": """", ""state"": ""PASS"", ""value"": ""1.3M (verified)""}, {""id"": ""catalyst"", ""kills"": true, ""reason"": ""No catalyst dated today and no live theme it belongs to."", ""state"": ""FAIL"", ""value"": ""none""}, {""id"": ""rising"", ""kills"": false, ""reason"": ""cascade already stopped"", ""state"": ""NOT_APPLICABLE"", ""value"": ""\u2014""}, {""id"": ""split"", ""kills"": false, ""reason"": ""cascade already stopped"", ""state"": ""NOT_APPLICABLE"", ""value"": ""\u2014""}, {""id"": ""instrument"", ""kills"": false, ""reason"": ""cascade already stopped"", ""state"": ""NOT_APPLICABLE"", ""value"": ""\u2014""}, {""id"": ""tick"", ""kills"": false, ""reason"": ""cascade already stopped"", ""state"": ""NOT_APPLICABLE"", ""value"": ""\u2014""}, {""id"": ""buyout"", ""kills"": false, ""reason"": ""cascade already stopped"", ""state"": ""NOT_APPLICABLE"", ""value"": ""\u2014""}]",[],"{""above_ema9"": true, ""above_vwap"": false, ""buyout_announced"": false, ""catalyst_today"": false, ""change_pct"": 138.3084577114428, ""feed_stale"": false, ""float_is_shares_outstanding"": false, ""float_shares"": 1340000.0, ""float_verified"": true, ""halted"": false, ""in_session_window"": true, ""is_fund_or_etf"": null, ""last"": 4.79, ""live_theme"": false, ""macd_positive_and_above_signal"": true, ""penny_theme"": false, ""premarket_volume"": null, ""prev_close"": null, ""rvol"": 420.9843816970374, ""session_high"": 7.1495, ""session_volume"": 64825701.0, ""split_ratio_clean_integer"": null, ""symbol"": ""DAIC"", ""tick_size"": null}",4.78,4.71,4.92,0.07,2.0,2,1,SUPPRESSED,,,2026-09-17T15:27:52+00:00,33dfeedb3f51,e3d0803,,,,4.78,1.0,-0.7143,0,0,neither,1,2026-09-17T15:28:00Z,4.85,4.73,4.765
af6ac56d8dac9ad2,2026-09-17T11:30:00-04:00,regular,AEHL,pullback,ibkr-DAIC-AEHL-VEEA,IBKR · TWS read-only · live,live,1m,11.69,11.45,11.77,15.78,2409293.0,16.896647731257453,26.789587852494567,1390000.0,verified,finviz via premarket_stars.py,0,0,REJECT,catalyst,0,"[{""id"": ""price"", ""kills"": true, ""reason"": ""$11.69 is outside $2.00\u201320.00."", ""state"": ""PASS"", ""value"": ""$11.69  band $2.00\u201320.00""}, {""id"": ""float"", ""kills"": false, ""reason"": """", ""state"": ""PASS"", ""value"": ""1.4M (verified)""}, {""id"": ""catalyst"", ""kills"": true, ""reason"": ""No catalyst dated today and no live theme it belongs to."", ""state"": ""FAIL"", ""value"": ""none""}, {""id"": ""rising"", ""kills"": false, ""reason"": ""cascade already stopped"", ""state"": ""NOT_APPLICABLE"", ""value"": ""\u2014""}, {""id"": ""split"", ""kills"": false, ""reason"": ""cascade already stopped"", ""state"": ""NOT_APPLICABLE"", ""value"": ""\u2014""}, {""id"": ""instrument"", ""kills"": false, ""reason"": ""cascade already stopped"", ""state"": ""NOT_APPLICABLE"", ""value"": ""\u2014""}, {""id"": ""tick"", ""kills"": false, ""reason"": ""cascade already stopped"", ""state"": ""NOT_APPLICABLE"", ""value"": ""\u2014""}, {""id"": ""buyout"", ""kills"": false, ""reason"": ""cascade already stopped"", ""state"": ""NOT_APPLICABLE"", ""value"": ""\u2014""}]",[],"{""above_ema9"": true, ""above_vwap"": false, ""buyout_announced"": false, ""catalyst_today"": false, ""change_pct"": 26.789587852494567, ""feed_stale"": false, ""float_is_shares_outstanding"": false, ""float_shares"": 1390000.0, ""float_verified"": true, ""halted"": false, ""in_session_window"": true, ""is_fund_or_etf"": null, ""last"": 11.69, ""live_theme"": false, ""macd_positive_and_above_signal"": true, ""penny_theme"": false, ""premarket_volume"": null, ""prev_close"": null, ""rvol"": 16.896647731257453, ""session_high"": 15.78, ""session_volume"": 2409293.0, ""split_ratio_clean_integer"": null, ""symbol"": ""AEHL"", ""tick_size"": null}",11.6,11.41,11.98,0.19,2.0,3,1,SUPPRESSED,,,2026-09-17T15:30:14+00:00,33dfeedb3f51,e3d0803,,,,11.6,0.6842,0.6316,0,0,neither,1,2026-09-17T15:31:00Z,11.73,11.72,11.73
