decision_id,ts_et,session,symbol,source,session_id,source_name,data_status,bar_resolution,last,bid,ask,session_high,volume,rvol,change_pct,float_shares,float_quality,float_source,catalyst,halted,verdict,killed_by,plan_allowed,gates_json,warnings_json,inputs_json,trigger,stop,target,risk_share,reward_multiple,pullback_candles,volume_ok,outcome,refusal_reasons_json,acted_at,recorded_at,rules_hash,code_commit,bar_end_ts,clocks_json,chart_json,ref_price,mfe_r_planned,mae_r_planned,stop_hit,target_hit,first_hit,trigger_hit,trigger_hit_ts,h30,l30,c_close
fa5dffca5eebc977,2026-09-11T04:04:00-04:00,none,LBGJ,pullback,ibkr-TNON-LBGJ-PCLA,IBKR · TWS read-only · live,live-backfill,1m,2.53,,,3.25,402364.0,2.108682322483269,30.41237113402062,540000.0,verified,finviz via premarket_stars.py,0,0,REJECT,catalyst,0,"[{""id"": ""price"", ""kills"": true, ""reason"": ""$2.53 is outside $2.00\u201320.00."", ""state"": ""PASS"", ""value"": ""$2.53  band $2.00\u201320.00""}, {""id"": ""float"", ""kills"": false, ""reason"": """", ""state"": ""PASS"", ""value"": ""0.5M (verified)""}, {""id"": ""catalyst"", ""kills"": true, ""reason"": ""No catalyst dated today and no live theme it belongs to."", ""state"": ""FAIL"", ""value"": ""none""}, {""id"": ""rising"", ""kills"": false, ""reason"": ""cascade already stopped"", ""state"": ""NOT_APPLICABLE"", ""value"": ""\u2014""}, {""id"": ""split"", ""kills"": false, ""reason"": ""cascade already stopped"", ""state"": ""NOT_APPLICABLE"", ""value"": ""\u2014""}, {""id"": ""instrument"", ""kills"": false, ""reason"": ""cascade already stopped"", ""state"": ""NOT_APPLICABLE"", ""value"": ""\u2014""}, {""id"": ""tick"", ""kills"": false, ""reason"": ""cascade already stopped"", ""state"": ""NOT_APPLICABLE"", ""value"": ""\u2014""}, {""id"": ""buyout"", ""kills"": false, ""reason"": ""cascade already stopped"", ""state"": ""NOT_APPLICABLE"", ""value"": ""\u2014""}]",[],"{""above_ema9"": null, ""above_vwap"": false, ""buyout_announced"": false, ""catalyst_today"": false, ""change_pct"": 30.41237113402062, ""feed_stale"": false, ""float_is_shares_outstanding"": false, ""float_shares"": 540000.0, ""float_verified"": true, ""halted"": false, ""in_session_window"": true, ""is_fund_or_etf"": null, ""last"": 2.53, ""live_theme"": false, ""macd_positive_and_above_signal"": null, ""penny_theme"": false, ""premarket_volume"": null, ""prev_close"": null, ""rvol"": 2.108682322483269, ""session_high"": 3.25, ""session_volume"": 402364.0, ""split_ratio_clean_integer"": null, ""symbol"": ""LBGJ"", ""tick_size"": null}",2.56,2.45,2.78,0.11,2.0,2,1,SUPPRESSED,,,2026-09-11T13:15:58+00:00,33dfeedb3f51,5d525b7,,,,2.56,2.5455,-4.9082,1,1,stop,1,2026-09-11T08:05:00Z,2.72,2.43,2.2507
45696d297fc718c1,2026-09-11T04:05:00-04:00,none,FTFT,pullback,ibkr-TNON-LBGJ-PCLA,IBKR · TWS read-only · live,live-backfill,1m,2.0886,,,2.12,9172.0,0.00254441579171743,1.8829268292682944,5370000.0,verified,finviz via premarket_stars.py,0,0,REJECT,catalyst,0,"[{""id"": ""price"", ""kills"": true, ""reason"": ""$2.09 is outside $2.00\u201320.00."", ""state"": ""PASS"", ""value"": ""$2.09  band $2.00\u201320.00""}, {""id"": ""float"", ""kills"": false, ""reason"": """", ""state"": ""PASS"", ""value"": ""5.4M (verified)""}, {""id"": ""catalyst"", ""kills"": true, ""reason"": ""No catalyst dated today and no live theme it belongs to."", ""state"": ""FAIL"", ""value"": ""none""}, {""id"": ""rising"", ""kills"": false, ""reason"": ""cascade already stopped"", ""state"": ""NOT_APPLICABLE"", ""value"": ""\u2014""}, {""id"": ""split"", ""kills"": false, ""reason"": ""cascade already stopped"", ""state"": ""NOT_APPLICABLE"", ""value"": ""\u2014""}, {""id"": ""instrument"", ""kills"": false, ""reason"": ""cascade already stopped"", ""state"": ""NOT_APPLICABLE"", ""value"": ""\u2014""}, {""id"": ""tick"", ""kills"": false, ""reason"": ""cascade already stopped"", ""state"": ""NOT_APPLICABLE"", ""value"": ""\u2014""}, {""id"": ""buyout"", ""kills"": false, ""reason"": ""cascade already stopped"", ""state"": ""NOT_APPLICABLE"", ""value"": ""\u2014""}]",[],"{""above_ema9"": null, ""above_vwap"": true, ""buyout_announced"": false, ""catalyst_today"": false, ""change_pct"": 1.8829268292682944, ""feed_stale"": false, ""float_is_shares_outstanding"": false, ""float_shares"": 5370000.0, ""float_verified"": true, ""halted"": false, ""in_session_window"": true, ""is_fund_or_etf"": null, ""last"": 2.0886, ""live_theme"": false, ""macd_positive_and_above_signal"": null, ""penny_theme"": false, ""premarket_volume"": null, ""prev_close"": null, ""rvol"": 0.00254441579171743, ""session_high"": 2.12, ""session_volume"": 9172.0, ""split_ratio_clean_integer"": null, ""symbol"": ""FTFT"", ""tick_size"": null}",2.03,2.01,2.07,0.02,2.0,3,1,SUPPRESSED,,,2026-09-11T13:15:58+00:00,33dfeedb3f51,5d525b7,,,,2.03,68.495,-0.52,0,1,target,1,2026-09-11T08:06:00Z,2.2,2.0196,2.7599
5230b963888a3c0f,2026-09-11T04:15:00-04:00,none,PCLA,pullback,ibkr-TNON-LBGJ-PCLA,IBKR · TWS read-only · live,live-backfill,1m,12.2309,,,13.0,171185.0,0.4990971294006651,25.832304526748963,9480000.0,verified,finviz via premarket_stars.py,0,0,REJECT,catalyst,0,"[{""id"": ""price"", ""kills"": true, ""reason"": ""$12.23 is outside $2.00\u201320.00."", ""state"": ""PASS"", ""value"": ""$12.23  band $2.00\u201320.00""}, {""id"": ""float"", ""kills"": false, ""reason"": """", ""state"": ""PASS"", ""value"": ""9.5M (verified)""}, {""id"": ""catalyst"", ""kills"": true, ""reason"": ""No catalyst dated today and no live theme it belongs to."", ""state"": ""FAIL"", ""value"": ""none""}, {""id"": ""rising"", ""kills"": false, ""reason"": ""cascade already stopped"", ""state"": ""NOT_APPLICABLE"", ""value"": ""\u2014""}, {""id"": ""split"", ""kills"": false, ""reason"": ""cascade already stopped"", ""state"": ""NOT_APPLICABLE"", ""value"": ""\u2014""}, {""id"": ""instrument"", ""kills"": false, ""reason"": ""cascade already stopped"", ""state"": ""NOT_APPLICABLE"", ""value"": ""\u2014""}, {""id"": ""tick"", ""kills"": false, ""reason"": ""cascade already stopped"", ""state"": ""NOT_APPLICABLE"", ""value"": ""\u2014""}, {""id"": ""buyout"", ""kills"": false, ""reason"": ""cascade already stopped"", ""state"": ""NOT_APPLICABLE"", ""value"": ""\u2014""}]",[],"{""above_ema9"": true, ""above_vwap"": true, ""buyout_announced"": false, ""catalyst_today"": false, ""change_pct"": 25.832304526748963, ""feed_stale"": false, ""float_is_shares_outstanding"": false, ""float_shares"": 9480000.0, ""float_verified"": true, ""halted"": false, ""in_session_window"": true, ""is_fund_or_etf"": null, ""last"": 12.2309, ""live_theme"": false, ""macd_positive_and_above_signal"": null, ""penny_theme"": false, ""premarket_volume"": null, ""prev_close"": null, ""rvol"": 0.4990971294006651, ""session_high"": 13.0, ""session_volume"": 171185.0, ""split_ratio_clean_integer"": null, ""symbol"": ""PCLA"", ""tick_size"": null}",12.2,11.97,12.66,0.23,2.0,1,0,SUPPRESSED,,,2026-09-11T13:15:58+00:00,33dfeedb3f51,5d525b7,,,,12.2,14.1304,-9.3043,1,1,target,1,2026-09-11T08:16:00Z,12.9997,11.95,10.23
19bc1ee3bf315e1a,2026-09-11T04:15:00-04:00,none,AENT,pullback,ibkr-TNON-LBGJ-PCLA,IBKR · TWS read-only · live,live-backfill,1m,18.01,,,28.99,62111.0,3.840377415654959,226.86025408348462,3340000.0,verified,finviz via premarket_stars.py,0,0,REJECT,catalyst,0,"[{""id"": ""price"", ""kills"": true, ""reason"": ""$18.01 is outside $2.00\u201320.00."", ""state"": ""PASS"", ""value"": ""$18.01  band $2.00\u201320.00""}, {""id"": ""float"", ""kills"": false, ""reason"": """", ""state"": ""PASS"", ""value"": ""3.3M (verified)""}, {""id"": ""catalyst"", ""kills"": true, ""reason"": ""No catalyst dated today and no live theme it belongs to."", ""state"": ""FAIL"", ""value"": ""none""}, {""id"": ""rising"", ""kills"": false, ""reason"": ""cascade already stopped"", ""state"": ""NOT_APPLICABLE"", ""value"": ""\u2014""}, {""id"": ""split"", ""kills"": false, ""reason"": ""cascade already stopped"", ""state"": ""NOT_APPLICABLE"", ""value"": ""\u2014""}, {""id"": ""instrument"", ""kills"": false, ""reason"": ""cascade already stopped"", ""state"": ""NOT_APPLICABLE"", ""value"": ""\u2014""}, {""id"": ""tick"", ""kills"": false, ""reason"": ""cascade already stopped"", ""state"": ""NOT_APPLICABLE"", ""value"": ""\u2014""}, {""id"": ""buyout"", ""kills"": false, ""reason"": ""cascade already stopped"", ""state"": ""NOT_APPLICABLE"", ""value"": ""\u2014""}]",[],"{""above_ema9"": true, ""above_vwap"": false, ""buyout_announced"": false, ""catalyst_today"": false, ""change_pct"": 226.86025408348462, ""feed_stale"": false, ""float_is_shares_outstanding"": false, ""float_shares"": 3340000.0, ""float_verified"": true, ""halted"": false, ""in_session_window"": true, ""is_fund_or_etf"": null, ""last"": 18.01, ""live_theme"": false, ""macd_positive_and_above_signal"": null, ""penny_theme"": false, ""premarket_volume"": null, ""prev_close"": null, ""rvol"": 3.840377415654959, ""session_high"": 28.99, ""session_volume"": 62111.0, ""split_ratio_clean_integer"": null, ""symbol"": ""AENT"", ""tick_size"": null}",19.01,16.04,24.95,2.97,2.0,4,1,SUPPRESSED,,,2026-09-11T13:16:52+00:00,33dfeedb3f51,5d525b7,,,,19.01,,,0,0,untriggered,0,,19.0,10.36,6.85
18f74a782269b594,2026-09-11T04:20:00-04:00,none,TNON,pullback,ibkr-TNON-LBGJ-PCLA,IBKR · TWS read-only · live,live-backfill,1m,6.25,,,6.9,1021776.0,0.18242995606661028,17.9245283018868,850000.0,verified,finviz via premarket_stars.py,0,0,REJECT,catalyst,0,"[{""id"": ""price"", ""kills"": true, ""reason"": ""$6.25 is outside $2.00\u201320.00."", ""state"": ""PASS"", ""value"": ""$6.25  band $2.00\u201320.00""}, {""id"": ""float"", ""kills"": false, ""reason"": """", ""state"": ""PASS"", ""value"": ""0.8M (verified)""}, {""id"": ""catalyst"", ""kills"": true, ""reason"": ""No catalyst dated today and no live theme it belongs to."", ""state"": ""FAIL"", ""value"": ""none""}, {""id"": ""rising"", ""kills"": false, ""reason"": ""cascade already stopped"", ""state"": ""NOT_APPLICABLE"", ""value"": ""\u2014""}, {""id"": ""split"", ""kills"": false, ""reason"": ""cascade already stopped"", ""state"": ""NOT_APPLICABLE"", ""value"": ""\u2014""}, {""id"": ""instrument"", ""kills"": false, ""reason"": ""cascade already stopped"", ""state"": ""NOT_APPLICABLE"", ""value"": ""\u2014""}, {""id"": ""tick"", ""kills"": false, ""reason"": ""cascade already stopped"", ""state"": ""NOT_APPLICABLE"", ""value"": ""\u2014""}, {""id"": ""buyout"", ""kills"": false, ""reason"": ""cascade already stopped"", ""state"": ""NOT_APPLICABLE"", ""value"": ""\u2014""}]",[],"{""above_ema9"": true, ""above_vwap"": false, ""buyout_announced"": false, ""catalyst_today"": false, ""change_pct"": 17.9245283018868, ""feed_stale"": false, ""float_is_shares_outstanding"": false, ""float_shares"": 850000.0, ""float_verified"": true, ""halted"": false, ""in_session_window"": true, ""is_fund_or_etf"": null, ""last"": 6.25, ""live_theme"": false, ""macd_positive_and_above_signal"": null, ""penny_theme"": false, ""premarket_volume"": null, ""prev_close"": null, ""rvol"": 0.18242995606661028, ""session_high"": 6.9, ""session_volume"": 1021776.0, ""split_ratio_clean_integer"": null, ""symbol"": ""TNON"", ""tick_size"": null}",6.27,6.16,6.49,0.11,2.0,3,1,SUPPRESSED,,,2026-09-11T13:15:58+00:00,33dfeedb3f51,5d525b7,,,,6.27,41.5455,-1.6364,1,1,stop,1,2026-09-11T08:21:00Z,6.34,6.09,9.6
736b0ad0d5a31868,2026-09-11T04:27:00-04:00,none,SXTC,pullback,ibkr-TNON-LBGJ-PCLA,IBKR · TWS read-only · live,live-backfill,1m,2.2536,,,2.7399,225392.0,0.5942827913562271,16.766839378238352,1030000.0,verified,finviz via premarket_stars.py,0,0,REJECT,catalyst,0,"[{""id"": ""price"", ""kills"": true, ""reason"": ""$2.25 is outside $2.00\u201320.00."", ""state"": ""PASS"", ""value"": ""$2.25  band $2.00\u201320.00""}, {""id"": ""float"", ""kills"": false, ""reason"": """", ""state"": ""PASS"", ""value"": ""1.0M (verified)""}, {""id"": ""catalyst"", ""kills"": true, ""reason"": ""No catalyst dated today and no live theme it belongs to."", ""state"": ""FAIL"", ""value"": ""none""}, {""id"": ""rising"", ""kills"": false, ""reason"": ""cascade already stopped"", ""state"": ""NOT_APPLICABLE"", ""value"": ""\u2014""}, {""id"": ""split"", ""kills"": false, ""reason"": ""cascade already stopped"", ""state"": ""NOT_APPLICABLE"", ""value"": ""\u2014""}, {""id"": ""instrument"", ""kills"": false, ""reason"": ""cascade already stopped"", ""state"": ""NOT_APPLICABLE"", ""value"": ""\u2014""}, {""id"": ""tick"", ""kills"": false, ""reason"": ""cascade already stopped"", ""state"": ""NOT_APPLICABLE"", ""value"": ""\u2014""}, {""id"": ""buyout"", ""kills"": false, ""reason"": ""cascade already stopped"", ""state"": ""NOT_APPLICABLE"", ""value"": ""\u2014""}]",[],"{""above_ema9"": true, ""above_vwap"": false, ""buyout_announced"": false, ""catalyst_today"": false, ""change_pct"": 16.766839378238352, ""feed_stale"": false, ""float_is_shares_outstanding"": false, ""float_shares"": 1030000.0, ""float_verified"": true, ""halted"": false, ""in_session_window"": true, ""is_fund_or_etf"": null, ""last"": 2.2536, ""live_theme"": false, ""macd_positive_and_above_signal"": null, ""penny_theme"": false, ""premarket_volume"": null, ""prev_close"": null, ""rvol"": 0.5942827913562271, ""session_high"": 2.7399, ""session_volume"": 225392.0, ""split_ratio_clean_integer"": null, ""symbol"": ""SXTC"", ""tick_size"": null}",2.34,2.1432,2.7336,0.1968,2.0,1,1,SUPPRESSED,,,2026-09-11T13:15:58+00:00,33dfeedb3f51,5d525b7,,,,2.34,3.252,-1.372,1,1,stop,1,2026-09-11T08:30:00Z,2.6,2.14,2.33
045a5d037f2bbb56,2026-09-11T04:31:00-04:00,none,LBGJ,pullback,ibkr-TNON-LBGJ-PCLA,IBKR · TWS read-only · live,live-backfill,1m,2.52,,,3.25,988577.0,5.180868179840997,29.89690721649485,540000.0,verified,finviz via premarket_stars.py,0,0,REJECT,catalyst,0,"[{""id"": ""price"", ""kills"": true, ""reason"": ""$2.52 is outside $2.00\u201320.00."", ""state"": ""PASS"", ""value"": ""$2.52  band $2.00\u201320.00""}, {""id"": ""float"", ""kills"": false, ""reason"": """", ""state"": ""PASS"", ""value"": ""0.5M (verified)""}, {""id"": ""catalyst"", ""kills"": true, ""reason"": ""No catalyst dated today and no live theme it belongs to."", ""state"": ""FAIL"", ""value"": ""none""}, {""id"": ""rising"", ""kills"": false, ""reason"": ""cascade already stopped"", ""state"": ""NOT_APPLICABLE"", ""value"": ""\u2014""}, {""id"": ""split"", ""kills"": false, ""reason"": ""cascade already stopped"", ""state"": ""NOT_APPLICABLE"", ""value"": ""\u2014""}, {""id"": ""instrument"", ""kills"": false, ""reason"": ""cascade already stopped"", ""state"": ""NOT_APPLICABLE"", ""value"": ""\u2014""}, {""id"": ""tick"", ""kills"": false, ""reason"": ""cascade already stopped"", ""state"": ""NOT_APPLICABLE"", ""value"": ""\u2014""}, {""id"": ""buyout"", ""kills"": false, ""reason"": ""cascade already stopped"", ""state"": ""NOT_APPLICABLE"", ""value"": ""\u2014""}]",[],"{""above_ema9"": false, ""above_vwap"": false, ""buyout_announced"": false, ""catalyst_today"": false, ""change_pct"": 29.89690721649485, ""feed_stale"": false, ""float_is_shares_outstanding"": false, ""float_shares"": 540000.0, ""float_verified"": true, ""halted"": false, ""in_session_window"": true, ""is_fund_or_etf"": null, ""last"": 2.52, ""live_theme"": false, ""macd_positive_and_above_signal"": null, ""penny_theme"": false, ""premarket_volume"": null, ""prev_close"": null, ""rvol"": 5.180868179840997, ""session_high"": 3.25, ""session_volume"": 988577.0, ""split_ratio_clean_integer"": null, ""symbol"": ""LBGJ"", ""tick_size"": null}",2.53,2.5,2.59,0.03,2.0,3,1,SUPPRESSED,,,2026-09-11T13:15:58+00:00,33dfeedb3f51,5d525b7,,,,2.53,10.3333,-16.9967,1,1,stop,1,2026-09-11T08:33:00Z,2.53,2.47,2.2507
abd1eaacfb9d54ae,2026-09-11T04:45:00-04:00,none,TNON,pullback,ibkr-TNON-LBGJ-PCLA,IBKR · TWS read-only · live,live-backfill,1m,6.28,,,6.9,1215965.0,0.2171008533460717,18.490566037735867,850000.0,verified,finviz via premarket_stars.py,0,0,REJECT,catalyst,0,"[{""id"": ""price"", ""kills"": true, ""reason"": ""$6.28 is outside $2.00\u201320.00."", ""state"": ""PASS"", ""value"": ""$6.28  band $2.00\u201320.00""}, {""id"": ""float"", ""kills"": false, ""reason"": """", ""state"": ""PASS"", ""value"": ""0.8M (verified)""}, {""id"": ""catalyst"", ""kills"": true, ""reason"": ""No catalyst dated today and no live theme it belongs to."", ""state"": ""FAIL"", ""value"": ""none""}, {""id"": ""rising"", ""kills"": false, ""reason"": ""cascade already stopped"", ""state"": ""NOT_APPLICABLE"", ""value"": ""\u2014""}, {""id"": ""split"", ""kills"": false, ""reason"": ""cascade already stopped"", ""state"": ""NOT_APPLICABLE"", ""value"": ""\u2014""}, {""id"": ""instrument"", ""kills"": false, ""reason"": ""cascade already stopped"", ""state"": ""NOT_APPLICABLE"", ""value"": ""\u2014""}, {""id"": ""tick"", ""kills"": false, ""reason"": ""cascade already stopped"", ""state"": ""NOT_APPLICABLE"", ""value"": ""\u2014""}, {""id"": ""buyout"", ""kills"": false, ""reason"": ""cascade already stopped"", ""state"": ""NOT_APPLICABLE"", ""value"": ""\u2014""}]",[],"{""above_ema9"": true, ""above_vwap"": false, ""buyout_announced"": false, ""catalyst_today"": false, ""change_pct"": 18.490566037735867, ""feed_stale"": false, ""float_is_shares_outstanding"": false, ""float_shares"": 850000.0, ""float_verified"": true, ""halted"": false, ""in_session_window"": true, ""is_fund_or_etf"": null, ""last"": 6.28, ""live_theme"": false, ""macd_positive_and_above_signal"": true, ""penny_theme"": false, ""premarket_volume"": null, ""prev_close"": null, ""rvol"": 0.2171008533460717, ""session_high"": 6.9, ""session_volume"": 1215965.0, ""split_ratio_clean_integer"": null, ""symbol"": ""TNON"", ""tick_size"": null}",6.27,6.21,6.39,0.06,2.0,4,1,SUPPRESSED,,,2026-09-11T13:15:58+00:00,33dfeedb3f51,5d525b7,,,,6.27,76.1667,-1.1667,1,1,stop,1,2026-09-11T08:46:00Z,6.65,6.2,9.6
a5f487f8fbb46fdd,2026-09-11T04:46:00-04:00,none,SXTC,pullback,ibkr-TNON-LBGJ-PCLA,IBKR · TWS read-only · live,live-backfill,1m,2.36,,,2.7399,887805.0,2.340842769841055,22.27979274611398,1030000.0,verified,finviz via premarket_stars.py,0,0,REJECT,catalyst,0,"[{""id"": ""price"", ""kills"": true, ""reason"": ""$2.36 is outside $2.00\u201320.00."", ""state"": ""PASS"", ""value"": ""$2.36  band $2.00\u201320.00""}, {""id"": ""float"", ""kills"": false, ""reason"": """", ""state"": ""PASS"", ""value"": ""1.0M (verified)""}, {""id"": ""catalyst"", ""kills"": true, ""reason"": ""No catalyst dated today and no live theme it belongs to."", ""state"": ""FAIL"", ""value"": ""none""}, {""id"": ""rising"", ""kills"": false, ""reason"": ""cascade already stopped"", ""state"": ""NOT_APPLICABLE"", ""value"": ""\u2014""}, {""id"": ""split"", ""kills"": false, ""reason"": ""cascade already stopped"", ""state"": ""NOT_APPLICABLE"", ""value"": ""\u2014""}, {""id"": ""instrument"", ""kills"": false, ""reason"": ""cascade already stopped"", ""state"": ""NOT_APPLICABLE"", ""value"": ""\u2014""}, {""id"": ""tick"", ""kills"": false, ""reason"": ""cascade already stopped"", ""state"": ""NOT_APPLICABLE"", ""value"": ""\u2014""}, {""id"": ""buyout"", ""kills"": false, ""reason"": ""cascade already stopped"", ""state"": ""NOT_APPLICABLE"", ""value"": ""\u2014""}]",[],"{""above_ema9"": true, ""above_vwap"": true, ""buyout_announced"": false, ""catalyst_today"": false, ""change_pct"": 22.27979274611398, ""feed_stale"": false, ""float_is_shares_outstanding"": false, ""float_shares"": 1030000.0, ""float_verified"": true, ""halted"": false, ""in_session_window"": true, ""is_fund_or_etf"": null, ""last"": 2.36, ""live_theme"": false, ""macd_positive_and_above_signal"": false, ""penny_theme"": false, ""premarket_volume"": null, ""prev_close"": null, ""rvol"": 2.340842769841055, ""session_high"": 2.7399, ""session_volume"": 887805.0, ""split_ratio_clean_integer"": null, ""symbol"": ""SXTC"", ""tick_size"": null}",2.3633,2.2565,2.5769,0.1068,2.0,2,1,SUPPRESSED,,,2026-09-11T13:15:58+00:00,33dfeedb3f51,5d525b7,,,,2.3633,5.7743,-2.7463,1,1,stop,1,2026-09-11T08:47:00Z,2.41,2.19,2.33
a52657a16270cd1a,2026-09-11T04:48:00-04:00,none,AENT,pullback,ibkr-TNON-LBGJ-PCLA,IBKR · TWS read-only · live,live-backfill,1m,10.91,,,28.99,460029.0,28.443995140093303,98.00362976406534,3340000.0,verified,finviz via premarket_stars.py,0,0,REJECT,catalyst,0,"[{""id"": ""price"", ""kills"": true, ""reason"": ""$10.91 is outside $2.00\u201320.00."", ""state"": ""PASS"", ""value"": ""$10.91  band $2.00\u201320.00""}, {""id"": ""float"", ""kills"": false, ""reason"": """", ""state"": ""PASS"", ""value"": ""3.3M (verified)""}, {""id"": ""catalyst"", ""kills"": true, ""reason"": ""No catalyst dated today and no live theme it belongs to."", ""state"": ""FAIL"", ""value"": ""none""}, {""id"": ""rising"", ""kills"": false, ""reason"": ""cascade already stopped"", ""state"": ""NOT_APPLICABLE"", ""value"": ""\u2014""}, {""id"": ""split"", ""kills"": false, ""reason"": ""cascade already stopped"", ""state"": ""NOT_APPLICABLE"", ""value"": ""\u2014""}, {""id"": ""instrument"", ""kills"": false, ""reason"": ""cascade already stopped"", ""state"": ""NOT_APPLICABLE"", ""value"": ""\u2014""}, {""id"": ""tick"", ""kills"": false, ""reason"": ""cascade already stopped"", ""state"": ""NOT_APPLICABLE"", ""value"": ""\u2014""}, {""id"": ""buyout"", ""kills"": false, ""reason"": ""cascade already stopped"", ""state"": ""NOT_APPLICABLE"", ""value"": ""\u2014""}]",[],"{""above_ema9"": false, ""above_vwap"": false, ""buyout_announced"": false, ""catalyst_today"": false, ""change_pct"": 98.00362976406534, ""feed_stale"": false, ""float_is_shares_outstanding"": false, ""float_shares"": 3340000.0, ""float_verified"": true, ""halted"": false, ""in_session_window"": true, ""is_fund_or_etf"": null, ""last"": 10.91, ""live_theme"": false, ""macd_positive_and_above_signal"": false, ""penny_theme"": false, ""premarket_volume"": null, ""prev_close"": null, ""rvol"": 28.443995140093303, ""session_high"": 28.99, ""session_volume"": 460029.0, ""split_ratio_clean_integer"": null, ""symbol"": ""AENT"", ""tick_size"": null}",10.9717,10.67,11.5751,0.3017,2.0,2,1,SUPPRESSED,,,2026-09-11T13:16:52+00:00,33dfeedb3f51,5d525b7,,,,10.9717,0.1932,-14.3576,1,0,stop,1,2026-09-11T09:00:00Z,10.99,9.64,6.85
d625f17d6d747254,2026-09-11T04:56:00-04:00,none,AENT,pullback,ibkr-TNON-LBGJ-PCLA,IBKR · TWS read-only · live,live-backfill,1m,10.29,,,28.99,535999.0,33.141286638657284,86.75136116152449,3340000.0,verified,finviz via premarket_stars.py,0,0,REJECT,catalyst,0,"[{""id"": ""price"", ""kills"": true, ""reason"": ""$10.29 is outside $2.00\u201320.00."", ""state"": ""PASS"", ""value"": ""$10.29  band $2.00\u201320.00""}, {""id"": ""float"", ""kills"": false, ""reason"": """", ""state"": ""PASS"", ""value"": ""3.3M (verified)""}, {""id"": ""catalyst"", ""kills"": true, ""reason"": ""No catalyst dated today and no live theme it belongs to."", ""state"": ""FAIL"", ""value"": ""none""}, {""id"": ""rising"", ""kills"": false, ""reason"": ""cascade already stopped"", ""state"": ""NOT_APPLICABLE"", ""value"": ""\u2014""}, {""id"": ""split"", ""kills"": false, ""reason"": ""cascade already stopped"", ""state"": ""NOT_APPLICABLE"", ""value"": ""\u2014""}, {""id"": ""instrument"", ""kills"": false, ""reason"": ""cascade already stopped"", ""state"": ""NOT_APPLICABLE"", ""value"": ""\u2014""}, {""id"": ""tick"", ""kills"": false, ""reason"": ""cascade already stopped"", ""state"": ""NOT_APPLICABLE"", ""value"": ""\u2014""}, {""id"": ""buyout"", ""kills"": false, ""reason"": ""cascade already stopped"", ""state"": ""NOT_APPLICABLE"", ""value"": ""\u2014""}]",[],"{""above_ema9"": false, ""above_vwap"": false, ""buyout_announced"": false, ""catalyst_today"": false, ""change_pct"": 86.75136116152449, ""feed_stale"": false, ""float_is_shares_outstanding"": false, ""float_shares"": 3340000.0, ""float_verified"": true, ""halted"": false, ""in_session_window"": true, ""is_fund_or_etf"": null, ""last"": 10.29, ""live_theme"": false, ""macd_positive_and_above_signal"": true, ""penny_theme"": false, ""premarket_volume"": null, ""prev_close"": null, ""rvol"": 33.141286638657284, ""session_high"": 28.99, ""session_volume"": 535999.0, ""split_ratio_clean_integer"": null, ""symbol"": ""AENT"", ""tick_size"": null}",10.21,10.0404,10.5492,0.1696,2.0,3,1,SUPPRESSED,,,2026-09-11T13:16:52+00:00,33dfeedb3f51,5d525b7,,,,10.21,4.8349,-21.0495,1,1,target,1,2026-09-11T08:57:00Z,11.03,10.16,6.85
67c0ed78b91b8a7d,2026-09-11T04:59:00-04:00,none,SXTC,pullback,ibkr-TNON-LBGJ-PCLA,IBKR · TWS read-only · live,live-backfill,1m,2.33,,,2.7399,1137696.0,2.99972117286689,20.725388601036276,1030000.0,verified,finviz via premarket_stars.py,0,0,REJECT,catalyst,0,"[{""id"": ""price"", ""kills"": true, ""reason"": ""$2.33 is outside $2.00\u201320.00."", ""state"": ""PASS"", ""value"": ""$2.33  band $2.00\u201320.00""}, {""id"": ""float"", ""kills"": false, ""reason"": """", ""state"": ""PASS"", ""value"": ""1.0M (verified)""}, {""id"": ""catalyst"", ""kills"": true, ""reason"": ""No catalyst dated today and no live theme it belongs to."", ""state"": ""FAIL"", ""value"": ""none""}, {""id"": ""rising"", ""kills"": false, ""reason"": ""cascade already stopped"", ""state"": ""NOT_APPLICABLE"", ""value"": ""\u2014""}, {""id"": ""split"", ""kills"": false, ""reason"": ""cascade already stopped"", ""state"": ""NOT_APPLICABLE"", ""value"": ""\u2014""}, {""id"": ""instrument"", ""kills"": false, ""reason"": ""cascade already stopped"", ""state"": ""NOT_APPLICABLE"", ""value"": ""\u2014""}, {""id"": ""tick"", ""kills"": false, ""reason"": ""cascade already stopped"", ""state"": ""NOT_APPLICABLE"", ""value"": ""\u2014""}, {""id"": ""buyout"", ""kills"": false, ""reason"": ""cascade already stopped"", ""state"": ""NOT_APPLICABLE"", ""value"": ""\u2014""}]",[],"{""above_ema9"": true, ""above_vwap"": true, ""buyout_announced"": false, ""catalyst_today"": false, ""change_pct"": 20.725388601036276, ""feed_stale"": false, ""float_is_shares_outstanding"": false, ""float_shares"": 1030000.0, ""float_verified"": true, ""halted"": false, ""in_session_window"": true, ""is_fund_or_etf"": null, ""last"": 2.33, ""live_theme"": false, ""macd_positive_and_above_signal"": true, ""penny_theme"": false, ""premarket_volume"": null, ""prev_close"": null, ""rvol"": 2.99972117286689, ""session_high"": 2.7399, ""session_volume"": 1137696.0, ""split_ratio_clean_integer"": null, ""symbol"": ""SXTC"", ""tick_size"": null}",2.35,2.29,2.47,0.06,2.0,2,1,SUPPRESSED,,,2026-09-11T13:15:58+00:00,33dfeedb3f51,5d525b7,,,,2.35,10.5,-4.6667,1,1,stop,1,2026-09-11T09:50:00Z,2.33,2.18,2.33
d464728a5d2f1458,2026-09-11T05:08:00-04:00,none,AENT,pullback,ibkr-TNON-LBGJ-PCLA,IBKR · TWS read-only · live,live-backfill,1m,10.83,,,28.99,657732.0,40.668144424555514,96.55172413793105,3340000.0,verified,finviz via premarket_stars.py,0,0,REJECT,catalyst,0,"[{""id"": ""price"", ""kills"": true, ""reason"": ""$10.83 is outside $2.00\u201320.00."", ""state"": ""PASS"", ""value"": ""$10.83  band $2.00\u201320.00""}, {""id"": ""float"", ""kills"": false, ""reason"": """", ""state"": ""PASS"", ""value"": ""3.3M (verified)""}, {""id"": ""catalyst"", ""kills"": true, ""reason"": ""No catalyst dated today and no live theme it belongs to."", ""state"": ""FAIL"", ""value"": ""none""}, {""id"": ""rising"", ""kills"": false, ""reason"": ""cascade already stopped"", ""state"": ""NOT_APPLICABLE"", ""value"": ""\u2014""}, {""id"": ""split"", ""kills"": false, ""reason"": ""cascade already stopped"", ""state"": ""NOT_APPLICABLE"", ""value"": ""\u2014""}, {""id"": ""instrument"", ""kills"": false, ""reason"": ""cascade already stopped"", ""state"": ""NOT_APPLICABLE"", ""value"": ""\u2014""}, {""id"": ""tick"", ""kills"": false, ""reason"": ""cascade already stopped"", ""state"": ""NOT_APPLICABLE"", ""value"": ""\u2014""}, {""id"": ""buyout"", ""kills"": false, ""reason"": ""cascade already stopped"", ""state"": ""NOT_APPLICABLE"", ""value"": ""\u2014""}]",[],"{""above_ema9"": true, ""above_vwap"": false, ""buyout_announced"": false, ""catalyst_today"": false, ""change_pct"": 96.55172413793105, ""feed_stale"": false, ""float_is_shares_outstanding"": false, ""float_shares"": 3340000.0, ""float_verified"": true, ""halted"": false, ""in_session_window"": true, ""is_fund_or_etf"": null, ""last"": 10.83, ""live_theme"": false, ""macd_positive_and_above_signal"": true, ""penny_theme"": false, ""premarket_volume"": null, ""prev_close"": null, ""rvol"": 40.668144424555514, ""session_high"": 28.99, ""session_volume"": 657732.0, ""split_ratio_clean_integer"": null, ""symbol"": ""AENT"", ""tick_size"": null}",10.71,10.54,11.05,0.17,2.0,2,0,SUPPRESSED,,,2026-09-11T13:16:52+00:00,33dfeedb3f51,5d525b7,,,,10.71,1.8824,-23.9412,1,0,stop,1,2026-09-11T09:09:00Z,11.03,9.4882,6.85
68853554d81abde7,2026-09-11T05:11:00-04:00,none,PCLA,pullback,ibkr-TNON-LBGJ-PCLA,IBKR · TWS read-only · live,live-backfill,1m,12.23,,,13.0,332487.0,0.9693799530510204,25.823045267489707,9480000.0,verified,finviz via premarket_stars.py,0,0,REJECT,catalyst,0,"[{""id"": ""price"", ""kills"": true, ""reason"": ""$12.23 is outside $2.00\u201320.00."", ""state"": ""PASS"", ""value"": ""$12.23  band $2.00\u201320.00""}, {""id"": ""float"", ""kills"": false, ""reason"": """", ""state"": ""PASS"", ""value"": ""9.5M (verified)""}, {""id"": ""catalyst"", ""kills"": true, ""reason"": ""No catalyst dated today and no live theme it belongs to."", ""state"": ""FAIL"", ""value"": ""none""}, {""id"": ""rising"", ""kills"": false, ""reason"": ""cascade already stopped"", ""state"": ""NOT_APPLICABLE"", ""value"": ""\u2014""}, {""id"": ""split"", ""kills"": false, ""reason"": ""cascade already stopped"", ""state"": ""NOT_APPLICABLE"", ""value"": ""\u2014""}, {""id"": ""instrument"", ""kills"": false, ""reason"": ""cascade already stopped"", ""state"": ""NOT_APPLICABLE"", ""value"": ""\u2014""}, {""id"": ""tick"", ""kills"": false, ""reason"": ""cascade already stopped"", ""state"": ""NOT_APPLICABLE"", ""value"": ""\u2014""}, {""id"": ""buyout"", ""kills"": false, ""reason"": ""cascade already stopped"", ""state"": ""NOT_APPLICABLE"", ""value"": ""\u2014""}]",[],"{""above_ema9"": true, ""above_vwap"": true, ""buyout_announced"": false, ""catalyst_today"": false, ""change_pct"": 25.823045267489707, ""feed_stale"": false, ""float_is_shares_outstanding"": false, ""float_shares"": 9480000.0, ""float_verified"": true, ""halted"": false, ""in_session_window"": true, ""is_fund_or_etf"": null, ""last"": 12.23, ""live_theme"": false, ""macd_positive_and_above_signal"": true, ""penny_theme"": false, ""premarket_volume"": null, ""prev_close"": null, ""rvol"": 0.9693799530510204, ""session_high"": 13.0, ""session_volume"": 332487.0, ""split_ratio_clean_integer"": null, ""symbol"": ""PCLA"", ""tick_size"": null}",12.2,12.17,12.26,0.03,2.0,1,1,SUPPRESSED,,,2026-09-11T13:15:58+00:00,33dfeedb3f51,5d525b7,,,,12.2,108.3333,-71.3333,1,1,target,1,2026-09-11T09:12:00Z,12.7,12.1,10.23
8a677cb09af23d3b,2026-09-11T05:13:00-04:00,none,TNON,pullback,ibkr-TNON-LBGJ-PCLA,IBKR · TWS read-only · live,live-backfill,1m,6.53,,,6.9,1643285.0,0.2933954314398847,23.207547169811328,850000.0,verified,finviz via premarket_stars.py,0,0,REJECT,catalyst,0,"[{""id"": ""price"", ""kills"": true, ""reason"": ""$6.53 is outside $2.00\u201320.00."", ""state"": ""PASS"", ""value"": ""$6.53  band $2.00\u201320.00""}, {""id"": ""float"", ""kills"": false, ""reason"": """", ""state"": ""PASS"", ""value"": ""0.8M (verified)""}, {""id"": ""catalyst"", ""kills"": true, ""reason"": ""No catalyst dated today and no live theme it belongs to."", ""state"": ""FAIL"", ""value"": ""none""}, {""id"": ""rising"", ""kills"": false, ""reason"": ""cascade already stopped"", ""state"": ""NOT_APPLICABLE"", ""value"": ""\u2014""}, {""id"": ""split"", ""kills"": false, ""reason"": ""cascade already stopped"", ""state"": ""NOT_APPLICABLE"", ""value"": ""\u2014""}, {""id"": ""instrument"", ""kills"": false, ""reason"": ""cascade already stopped"", ""state"": ""NOT_APPLICABLE"", ""value"": ""\u2014""}, {""id"": ""tick"", ""kills"": false, ""reason"": ""cascade already stopped"", ""state"": ""NOT_APPLICABLE"", ""value"": ""\u2014""}, {""id"": ""buyout"", ""kills"": false, ""reason"": ""cascade already stopped"", ""state"": ""NOT_APPLICABLE"", ""value"": ""\u2014""}]",[],"{""above_ema9"": true, ""above_vwap"": true, ""buyout_announced"": false, ""catalyst_today"": false, ""change_pct"": 23.207547169811328, ""feed_stale"": false, ""float_is_shares_outstanding"": false, ""float_shares"": 850000.0, ""float_verified"": true, ""halted"": false, ""in_session_window"": true, ""is_fund_or_etf"": null, ""last"": 6.53, ""live_theme"": false, ""macd_positive_and_above_signal"": true, ""penny_theme"": false, ""premarket_volume"": null, ""prev_close"": null, ""rvol"": 0.2933954314398847, ""session_high"": 6.9, ""session_volume"": 1643285.0, ""split_ratio_clean_integer"": null, ""symbol"": ""TNON"", ""tick_size"": null}",6.55,6.48,6.69,0.07,2.0,1,0,SUPPRESSED,,,2026-09-11T13:15:58+00:00,33dfeedb3f51,5d525b7,,,,6.55,61.2857,-1.1429,1,1,target,1,2026-09-11T09:16:00Z,7.63,6.49,9.6
74ff528e1e1b2a4a,2026-09-11T05:14:00-04:00,none,SXTC,pullback,ibkr-TNON-LBGJ-PCLA,IBKR · TWS read-only · live,live-backfill,1m,2.24,,,2.7399,1246132.0,3.2856303833246874,16.062176165803123,1030000.0,verified,finviz via premarket_stars.py,0,0,REJECT,catalyst,0,"[{""id"": ""price"", ""kills"": true, ""reason"": ""$2.24 is outside $2.00\u201320.00."", ""state"": ""PASS"", ""value"": ""$2.24  band $2.00\u201320.00""}, {""id"": ""float"", ""kills"": false, ""reason"": """", ""state"": ""PASS"", ""value"": ""1.0M (verified)""}, {""id"": ""catalyst"", ""kills"": true, ""reason"": ""No catalyst dated today and no live theme it belongs to."", ""state"": ""FAIL"", ""value"": ""none""}, {""id"": ""rising"", ""kills"": false, ""reason"": ""cascade already stopped"", ""state"": ""NOT_APPLICABLE"", ""value"": ""\u2014""}, {""id"": ""split"", ""kills"": false, ""reason"": ""cascade already stopped"", ""state"": ""NOT_APPLICABLE"", ""value"": ""\u2014""}, {""id"": ""instrument"", ""kills"": false, ""reason"": ""cascade already stopped"", ""state"": ""NOT_APPLICABLE"", ""value"": ""\u2014""}, {""id"": ""tick"", ""kills"": false, ""reason"": ""cascade already stopped"", ""state"": ""NOT_APPLICABLE"", ""value"": ""\u2014""}, {""id"": ""buyout"", ""kills"": false, ""reason"": ""cascade already stopped"", ""state"": ""NOT_APPLICABLE"", ""value"": ""\u2014""}]",[],"{""above_ema9"": false, ""above_vwap"": false, ""buyout_announced"": false, ""catalyst_today"": false, ""change_pct"": 16.062176165803123, ""feed_stale"": false, ""float_is_shares_outstanding"": false, ""float_shares"": 1030000.0, ""float_verified"": true, ""halted"": false, ""in_session_window"": true, ""is_fund_or_etf"": null, ""last"": 2.24, ""live_theme"": false, ""macd_positive_and_above_signal"": false, ""penny_theme"": false, ""premarket_volume"": null, ""prev_close"": null, ""rvol"": 3.2856303833246874, ""session_high"": 2.7399, ""session_volume"": 1246132.0, ""split_ratio_clean_integer"": null, ""symbol"": ""SXTC"", ""tick_size"": null}",2.24,2.19,2.34,0.05,2.0,4,0,SUPPRESSED,,,2026-09-11T13:15:58+00:00,33dfeedb3f51,5d525b7,,,,2.24,14.8,-3.4,1,1,stop,1,2026-09-11T09:15:00Z,2.29,2.16,2.33
f3f0fd7ae9bba00a,2026-09-11T05:16:00-04:00,none,AENT,pullback,ibkr-TNON-LBGJ-PCLA,IBKR · TWS read-only · live,live-backfill,1m,10.76,,,28.99,703564.0,43.50197704219648,95.28130671506352,3340000.0,verified,finviz via premarket_stars.py,0,0,REJECT,catalyst,0,"[{""id"": ""price"", ""kills"": true, ""reason"": ""$10.76 is outside $2.00\u201320.00."", ""state"": ""PASS"", ""value"": ""$10.76  band $2.00\u201320.00""}, {""id"": ""float"", ""kills"": false, ""reason"": """", ""state"": ""PASS"", ""value"": ""3.3M (verified)""}, {""id"": ""catalyst"", ""kills"": true, ""reason"": ""No catalyst dated today and no live theme it belongs to."", ""state"": ""FAIL"", ""value"": ""none""}, {""id"": ""rising"", ""kills"": false, ""reason"": ""cascade already stopped"", ""state"": ""NOT_APPLICABLE"", ""value"": ""\u2014""}, {""id"": ""split"", ""kills"": false, ""reason"": ""cascade already stopped"", ""state"": ""NOT_APPLICABLE"", ""value"": ""\u2014""}, {""id"": ""instrument"", ""kills"": false, ""reason"": ""cascade already stopped"", ""state"": ""NOT_APPLICABLE"", ""value"": ""\u2014""}, {""id"": ""tick"", ""kills"": false, ""reason"": ""cascade already stopped"", ""state"": ""NOT_APPLICABLE"", ""value"": ""\u2014""}, {""id"": ""buyout"", ""kills"": false, ""reason"": ""cascade already stopped"", ""state"": ""NOT_APPLICABLE"", ""value"": ""\u2014""}]",[],"{""above_ema9"": true, ""above_vwap"": false, ""buyout_announced"": false, ""catalyst_today"": false, ""change_pct"": 95.28130671506352, ""feed_stale"": false, ""float_is_shares_outstanding"": false, ""float_shares"": 3340000.0, ""float_verified"": true, ""halted"": false, ""in_session_window"": true, ""is_fund_or_etf"": null, ""last"": 10.76, ""live_theme"": false, ""macd_positive_and_above_signal"": true, ""penny_theme"": false, ""premarket_volume"": null, ""prev_close"": null, ""rvol"": 43.50197704219648, ""session_high"": 28.99, ""session_volume"": 703564.0, ""split_ratio_clean_integer"": null, ""symbol"": ""AENT"", ""tick_size"": null}",10.71,10.65,10.83,0.06,2.0,1,1,SUPPRESSED,,,2026-09-11T13:16:52+00:00,33dfeedb3f51,5d525b7,,,,10.71,5.3333,-67.8333,1,1,target,1,2026-09-11T09:17:00Z,11.03,8.99,6.85
c17f8a73ac4e660f,2026-09-11T05:31:00-04:00,none,TNON,pullback,ibkr-TNON-LBGJ-PCLA,IBKR · TWS read-only · live,live-backfill,1m,7.13,,,7.31,2583072.0,0.4611869054243701,34.528301886792455,850000.0,verified,finviz via premarket_stars.py,0,0,REJECT,catalyst,0,"[{""id"": ""price"", ""kills"": true, ""reason"": ""$7.13 is outside $2.00\u201320.00."", ""state"": ""PASS"", ""value"": ""$7.13  band $2.00\u201320.00""}, {""id"": ""float"", ""kills"": false, ""reason"": """", ""state"": ""PASS"", ""value"": ""0.8M (verified)""}, {""id"": ""catalyst"", ""kills"": true, ""reason"": ""No catalyst dated today and no live theme it belongs to."", ""state"": ""FAIL"", ""value"": ""none""}, {""id"": ""rising"", ""kills"": false, ""reason"": ""cascade already stopped"", ""state"": ""NOT_APPLICABLE"", ""value"": ""\u2014""}, {""id"": ""split"", ""kills"": false, ""reason"": ""cascade already stopped"", ""state"": ""NOT_APPLICABLE"", ""value"": ""\u2014""}, {""id"": ""instrument"", ""kills"": false, ""reason"": ""cascade already stopped"", ""state"": ""NOT_APPLICABLE"", ""value"": ""\u2014""}, {""id"": ""tick"", ""kills"": false, ""reason"": ""cascade already stopped"", ""state"": ""NOT_APPLICABLE"", ""value"": ""\u2014""}, {""id"": ""buyout"", ""kills"": false, ""reason"": ""cascade already stopped"", ""state"": ""NOT_APPLICABLE"", ""value"": ""\u2014""}]",[],"{""above_ema9"": true, ""above_vwap"": true, ""buyout_announced"": false, ""catalyst_today"": false, ""change_pct"": 34.528301886792455, ""feed_stale"": false, ""float_is_shares_outstanding"": false, ""float_shares"": 850000.0, ""float_verified"": true, ""halted"": false, ""in_session_window"": true, ""is_fund_or_etf"": null, ""last"": 7.13, ""live_theme"": false, ""macd_positive_and_above_signal"": true, ""penny_theme"": false, ""premarket_volume"": null, ""prev_close"": null, ""rvol"": 0.4611869054243701, ""session_high"": 7.31, ""session_volume"": 2583072.0, ""split_ratio_clean_integer"": null, ""symbol"": ""TNON"", ""tick_size"": null}",7.2,7.02,7.56,0.18,2.0,3,1,SUPPRESSED,,,2026-09-11T13:15:58+00:00,33dfeedb3f51,5d525b7,,,,7.2,20.2222,-4.0556,1,1,target,1,2026-09-11T09:34:00Z,7.63,6.47,9.6
09725f27e7ca8f1e,2026-09-11T05:34:00-04:00,none,PCLA,pullback,ibkr-TNON-LBGJ-PCLA,IBKR · TWS read-only · live,live-backfill,1m,12.2839,,,13.0,353839.0,1.0316326148319184,26.377572016460892,9480000.0,verified,finviz via premarket_stars.py,0,0,REJECT,catalyst,0,"[{""id"": ""price"", ""kills"": true, ""reason"": ""$12.28 is outside $2.00\u201320.00."", ""state"": ""PASS"", ""value"": ""$12.28  band $2.00\u201320.00""}, {""id"": ""float"", ""kills"": false, ""reason"": """", ""state"": ""PASS"", ""value"": ""9.5M (verified)""}, {""id"": ""catalyst"", ""kills"": true, ""reason"": ""No catalyst dated today and no live theme it belongs to."", ""state"": ""FAIL"", ""value"": ""none""}, {""id"": ""rising"", ""kills"": false, ""reason"": ""cascade already stopped"", ""state"": ""NOT_APPLICABLE"", ""value"": ""\u2014""}, {""id"": ""split"", ""kills"": false, ""reason"": ""cascade already stopped"", ""state"": ""NOT_APPLICABLE"", ""value"": ""\u2014""}, {""id"": ""instrument"", ""kills"": false, ""reason"": ""cascade already stopped"", ""state"": ""NOT_APPLICABLE"", ""value"": ""\u2014""}, {""id"": ""tick"", ""kills"": false, ""reason"": ""cascade already stopped"", ""state"": ""NOT_APPLICABLE"", ""value"": ""\u2014""}, {""id"": ""buyout"", ""kills"": false, ""reason"": ""cascade already stopped"", ""state"": ""NOT_APPLICABLE"", ""value"": ""\u2014""}]",[],"{""above_ema9"": true, ""above_vwap"": true, ""buyout_announced"": false, ""catalyst_today"": false, ""change_pct"": 26.377572016460892, ""feed_stale"": false, ""float_is_shares_outstanding"": false, ""float_shares"": 9480000.0, ""float_verified"": true, ""halted"": false, ""in_session_window"": true, ""is_fund_or_etf"": null, ""last"": 12.2839, ""live_theme"": false, ""macd_positive_and_above_signal"": false, ""penny_theme"": false, ""premarket_volume"": null, ""prev_close"": null, ""rvol"": 1.0316326148319184, ""session_high"": 13.0, ""session_volume"": 353839.0, ""split_ratio_clean_integer"": null, ""symbol"": ""PCLA"", ""tick_size"": null}",12.26,12.1103,12.5594,0.1497,2.0,4,1,SUPPRESSED,,,2026-09-11T13:15:58+00:00,33dfeedb3f51,5d525b7,,,,12.26,21.3093,-14.6961,1,1,target,1,2026-09-11T09:35:00Z,13.75,12.0,10.23
9b17e9f821883479,2026-09-11T05:34:00-04:00,none,SXTC,pullback,ibkr-TNON-LBGJ-PCLA,IBKR · TWS read-only · live,live-backfill,1m,2.23,,,2.7399,1345738.0,3.548257857750702,15.544041450777213,1030000.0,verified,finviz via premarket_stars.py,0,0,REJECT,catalyst,0,"[{""id"": ""price"", ""kills"": true, ""reason"": ""$2.23 is outside $2.00\u201320.00."", ""state"": ""PASS"", ""value"": ""$2.23  band $2.00\u201320.00""}, {""id"": ""float"", ""kills"": false, ""reason"": """", ""state"": ""PASS"", ""value"": ""1.0M (verified)""}, {""id"": ""catalyst"", ""kills"": true, ""reason"": ""No catalyst dated today and no live theme it belongs to."", ""state"": ""FAIL"", ""value"": ""none""}, {""id"": ""rising"", ""kills"": false, ""reason"": ""cascade already stopped"", ""state"": ""NOT_APPLICABLE"", ""value"": ""\u2014""}, {""id"": ""split"", ""kills"": false, ""reason"": ""cascade already stopped"", ""state"": ""NOT_APPLICABLE"", ""value"": ""\u2014""}, {""id"": ""instrument"", ""kills"": false, ""reason"": ""cascade already stopped"", ""state"": ""NOT_APPLICABLE"", ""value"": ""\u2014""}, {""id"": ""tick"", ""kills"": false, ""reason"": ""cascade already stopped"", ""state"": ""NOT_APPLICABLE"", ""value"": ""\u2014""}, {""id"": ""buyout"", ""kills"": false, ""reason"": ""cascade already stopped"", ""state"": ""NOT_APPLICABLE"", ""value"": ""\u2014""}]",[],"{""above_ema9"": false, ""above_vwap"": false, ""buyout_announced"": false, ""catalyst_today"": false, ""change_pct"": 15.544041450777213, ""feed_stale"": false, ""float_is_shares_outstanding"": false, ""float_shares"": 1030000.0, ""float_verified"": true, ""halted"": false, ""in_session_window"": true, ""is_fund_or_etf"": null, ""last"": 2.23, ""live_theme"": false, ""macd_positive_and_above_signal"": true, ""penny_theme"": false, ""premarket_volume"": null, ""prev_close"": null, ""rvol"": 3.548257857750702, ""session_high"": 2.7399, ""session_volume"": 1345738.0, ""split_ratio_clean_integer"": null, ""symbol"": ""SXTC"", ""tick_size"": null}",2.2504,2.22,2.3112,0.0304,2.0,3,0,SUPPRESSED,,,2026-09-11T13:15:58+00:00,33dfeedb3f51,5d525b7,,,,2.2504,24.0,-5.9342,1,1,target,1,2026-09-11T09:46:00Z,2.3897,2.16,2.33
16a90cf82a2ae533,2026-09-11T05:44:00-04:00,none,LBGJ,pullback,ibkr-TNON-LBGJ-PCLA,IBKR · TWS read-only · live,live-backfill,1m,2.78,,,3.25,1682625.0,8.818188488205731,43.29896907216495,540000.0,verified,finviz via premarket_stars.py,0,0,REJECT,catalyst,0,"[{""id"": ""price"", ""kills"": true, ""reason"": ""$2.78 is outside $2.00\u201320.00."", ""state"": ""PASS"", ""value"": ""$2.78  band $2.00\u201320.00""}, {""id"": ""float"", ""kills"": false, ""reason"": """", ""state"": ""PASS"", ""value"": ""0.5M (verified)""}, {""id"": ""catalyst"", ""kills"": true, ""reason"": ""No catalyst dated today and no live theme it belongs to."", ""state"": ""FAIL"", ""value"": ""none""}, {""id"": ""rising"", ""kills"": false, ""reason"": ""cascade already stopped"", ""state"": ""NOT_APPLICABLE"", ""value"": ""\u2014""}, {""id"": ""split"", ""kills"": false, ""reason"": ""cascade already stopped"", ""state"": ""NOT_APPLICABLE"", ""value"": ""\u2014""}, {""id"": ""instrument"", ""kills"": false, ""reason"": ""cascade already stopped"", ""state"": ""NOT_APPLICABLE"", ""value"": ""\u2014""}, {""id"": ""tick"", ""kills"": false, ""reason"": ""cascade already stopped"", ""state"": ""NOT_APPLICABLE"", ""value"": ""\u2014""}, {""id"": ""buyout"", ""kills"": false, ""reason"": ""cascade already stopped"", ""state"": ""NOT_APPLICABLE"", ""value"": ""\u2014""}]",[],"{""above_ema9"": true, ""above_vwap"": true, ""buyout_announced"": false, ""catalyst_today"": false, ""change_pct"": 43.29896907216495, ""feed_stale"": false, ""float_is_shares_outstanding"": false, ""float_shares"": 540000.0, ""float_verified"": true, ""halted"": false, ""in_session_window"": true, ""is_fund_or_etf"": null, ""last"": 2.78, ""live_theme"": false, ""macd_positive_and_above_signal"": true, ""penny_theme"": false, ""premarket_volume"": null, ""prev_close"": null, ""rvol"": 8.818188488205731, ""session_high"": 3.25, ""session_volume"": 1682625.0, ""split_ratio_clean_integer"": null, ""symbol"": ""LBGJ"", ""tick_size"": null}",2.84,2.71,3.1,0.13,2.0,1,0,SUPPRESSED,,,2026-09-11T13:15:58+00:00,33dfeedb3f51,5d525b7,,,,2.84,,,0,0,untriggered,0,,2.8049,2.45,2.2507
65010b919170c68e,2026-09-11T05:45:00-04:00,none,SXTC,pullback,ibkr-TNON-LBGJ-PCLA,IBKR · TWS read-only · live,live-backfill,1m,2.245,,,2.7399,1405255.0,3.7051841412618676,16.321243523316078,1030000.0,verified,finviz via premarket_stars.py,0,0,REJECT,catalyst,0,"[{""id"": ""price"", ""kills"": true, ""reason"": ""$2.25 is outside $2.00\u201320.00."", ""state"": ""PASS"", ""value"": ""$2.25  band $2.00\u201320.00""}, {""id"": ""float"", ""kills"": false, ""reason"": """", ""state"": ""PASS"", ""value"": ""1.0M (verified)""}, {""id"": ""catalyst"", ""kills"": true, ""reason"": ""No catalyst dated today and no live theme it belongs to."", ""state"": ""FAIL"", ""value"": ""none""}, {""id"": ""rising"", ""kills"": false, ""reason"": ""cascade already stopped"", ""state"": ""NOT_APPLICABLE"", ""value"": ""\u2014""}, {""id"": ""split"", ""kills"": false, ""reason"": ""cascade already stopped"", ""state"": ""NOT_APPLICABLE"", ""value"": ""\u2014""}, {""id"": ""instrument"", ""kills"": false, ""reason"": ""cascade already stopped"", ""state"": ""NOT_APPLICABLE"", ""value"": ""\u2014""}, {""id"": ""tick"", ""kills"": false, ""reason"": ""cascade already stopped"", ""state"": ""NOT_APPLICABLE"", ""value"": ""\u2014""}, {""id"": ""buyout"", ""kills"": false, ""reason"": ""cascade already stopped"", ""state"": ""NOT_APPLICABLE"", ""value"": ""\u2014""}]",[],"{""above_ema9"": true, ""above_vwap"": false, ""buyout_announced"": false, ""catalyst_today"": false, ""change_pct"": 16.321243523316078, ""feed_stale"": false, ""float_is_shares_outstanding"": false, ""float_shares"": 1030000.0, ""float_verified"": true, ""halted"": false, ""in_session_window"": true, ""is_fund_or_etf"": null, ""last"": 2.245, ""live_theme"": false, ""macd_positive_and_above_signal"": true, ""penny_theme"": false, ""premarket_volume"": null, ""prev_close"": null, ""rvol"": 3.7051841412618676, ""session_high"": 2.7399, ""session_volume"": 1405255.0, ""split_ratio_clean_integer"": null, ""symbol"": ""SXTC"", ""tick_size"": null}",2.25,2.22,2.31,0.03,2.0,2,0,SUPPRESSED,,,2026-09-11T13:15:58+00:00,33dfeedb3f51,5d525b7,,,,2.25,24.3333,-6.0,1,1,target,1,2026-09-11T09:46:00Z,2.3897,2.25,2.33
e8deb6da4c2c8a99,2026-09-11T05:50:00-04:00,none,AENT,pullback,ibkr-TNON-LBGJ-PCLA,IBKR · TWS read-only · live,live-backfill,1m,9.285,,,28.99,970147.0,59.98503692848951,68.51179673321235,3340000.0,verified,finviz via premarket_stars.py,0,0,REJECT,catalyst,0,"[{""id"": ""price"", ""kills"": true, ""reason"": ""$9.29 is outside $2.00\u201320.00."", ""state"": ""PASS"", ""value"": ""$9.29  band $2.00\u201320.00""}, {""id"": ""float"", ""kills"": false, ""reason"": """", ""state"": ""PASS"", ""value"": ""3.3M (verified)""}, {""id"": ""catalyst"", ""kills"": true, ""reason"": ""No catalyst dated today and no live theme it belongs to."", ""state"": ""FAIL"", ""value"": ""none""}, {""id"": ""rising"", ""kills"": false, ""reason"": ""cascade already stopped"", ""state"": ""NOT_APPLICABLE"", ""value"": ""\u2014""}, {""id"": ""split"", ""kills"": false, ""reason"": ""cascade already stopped"", ""state"": ""NOT_APPLICABLE"", ""value"": ""\u2014""}, {""id"": ""instrument"", ""kills"": false, ""reason"": ""cascade already stopped"", ""state"": ""NOT_APPLICABLE"", ""value"": ""\u2014""}, {""id"": ""tick"", ""kills"": false, ""reason"": ""cascade already stopped"", ""state"": ""NOT_APPLICABLE"", ""value"": ""\u2014""}, {""id"": ""buyout"", ""kills"": false, ""reason"": ""cascade already stopped"", ""state"": ""NOT_APPLICABLE"", ""value"": ""\u2014""}]",[],"{""above_ema9"": false, ""above_vwap"": false, ""buyout_announced"": false, ""catalyst_today"": false, ""change_pct"": 68.51179673321235, ""feed_stale"": false, ""float_is_shares_outstanding"": false, ""float_shares"": 3340000.0, ""float_verified"": true, ""halted"": false, ""in_session_window"": true, ""is_fund_or_etf"": null, ""last"": 9.285, ""live_theme"": false, ""macd_positive_and_above_signal"": false, ""penny_theme"": false, ""premarket_volume"": null, ""prev_close"": null, ""rvol"": 59.98503692848951, ""session_high"": 28.99, ""session_volume"": 970147.0, ""split_ratio_clean_integer"": null, ""symbol"": ""AENT"", ""tick_size"": null}",9.3,9.1883,9.5234,0.1117,2.0,1,1,SUPPRESSED,,,2026-09-11T13:16:52+00:00,33dfeedb3f51,5d525b7,,,,9.3,0.9964,-23.8138,1,0,stop,1,2026-09-11T09:51:00Z,9.4113,7.62,6.85
250a7bf90b6f0e2c,2026-09-11T05:53:00-04:00,none,PCLA,pullback,ibkr-TNON-LBGJ-PCLA,IBKR · TWS read-only · live,live-backfill,1m,13.29,,,13.75,416523.0,1.2143904759725048,36.72839506172838,9480000.0,verified,finviz via premarket_stars.py,0,0,REJECT,catalyst,0,"[{""id"": ""price"", ""kills"": true, ""reason"": ""$13.29 is outside $2.00\u201320.00."", ""state"": ""PASS"", ""value"": ""$13.29  band $2.00\u201320.00""}, {""id"": ""float"", ""kills"": false, ""reason"": """", ""state"": ""PASS"", ""value"": ""9.5M (verified)""}, {""id"": ""catalyst"", ""kills"": true, ""reason"": ""No catalyst dated today and no live theme it belongs to."", ""state"": ""FAIL"", ""value"": ""none""}, {""id"": ""rising"", ""kills"": false, ""reason"": ""cascade already stopped"", ""state"": ""NOT_APPLICABLE"", ""value"": ""\u2014""}, {""id"": ""split"", ""kills"": false, ""reason"": ""cascade already stopped"", ""state"": ""NOT_APPLICABLE"", ""value"": ""\u2014""}, {""id"": ""instrument"", ""kills"": false, ""reason"": ""cascade already stopped"", ""state"": ""NOT_APPLICABLE"", ""value"": ""\u2014""}, {""id"": ""tick"", ""kills"": false, ""reason"": ""cascade already stopped"", ""state"": ""NOT_APPLICABLE"", ""value"": ""\u2014""}, {""id"": ""buyout"", ""kills"": false, ""reason"": ""cascade already stopped"", ""state"": ""NOT_APPLICABLE"", ""value"": ""\u2014""}]",[],"{""above_ema9"": true, ""above_vwap"": true, ""buyout_announced"": false, ""catalyst_today"": false, ""change_pct"": 36.72839506172838, ""feed_stale"": false, ""float_is_shares_outstanding"": false, ""float_shares"": 9480000.0, ""float_verified"": true, ""halted"": false, ""in_session_window"": true, ""is_fund_or_etf"": null, ""last"": 13.29, ""live_theme"": false, ""macd_positive_and_above_signal"": true, ""penny_theme"": false, ""premarket_volume"": null, ""prev_close"": null, ""rvol"": 1.2143904759725048, ""session_high"": 13.75, ""session_volume"": 416523.0, ""split_ratio_clean_integer"": null, ""symbol"": ""PCLA"", ""tick_size"": null}",13.11,12.8,13.73,0.31,2.0,1,0,SUPPRESSED,,,2026-09-11T13:15:58+00:00,33dfeedb3f51,5d525b7,,,,13.11,7.5484,-9.8387,1,1,stop,1,2026-09-11T09:54:00Z,13.31,11.8571,10.23
dd83af0605586bf4,2026-09-11T06:04:00-04:00,none,TNON,pullback,ibkr-TNON-LBGJ-PCLA,IBKR · TWS read-only · live,live-backfill,1m,6.89,,,7.63,4472138.0,0.7984645742939924,30.000000000000004,850000.0,verified,finviz via premarket_stars.py,0,0,REJECT,catalyst,0,"[{""id"": ""price"", ""kills"": true, ""reason"": ""$6.89 is outside $2.00\u201320.00."", ""state"": ""PASS"", ""value"": ""$6.89  band $2.00\u201320.00""}, {""id"": ""float"", ""kills"": false, ""reason"": """", ""state"": ""PASS"", ""value"": ""0.8M (verified)""}, {""id"": ""catalyst"", ""kills"": true, ""reason"": ""No catalyst dated today and no live theme it belongs to."", ""state"": ""FAIL"", ""value"": ""none""}, {""id"": ""rising"", ""kills"": false, ""reason"": ""cascade already stopped"", ""state"": ""NOT_APPLICABLE"", ""value"": ""\u2014""}, {""id"": ""split"", ""kills"": false, ""reason"": ""cascade already stopped"", ""state"": ""NOT_APPLICABLE"", ""value"": ""\u2014""}, {""id"": ""instrument"", ""kills"": false, ""reason"": ""cascade already stopped"", ""state"": ""NOT_APPLICABLE"", ""value"": ""\u2014""}, {""id"": ""tick"", ""kills"": false, ""reason"": ""cascade already stopped"", ""state"": ""NOT_APPLICABLE"", ""value"": ""\u2014""}, {""id"": ""buyout"", ""kills"": false, ""reason"": ""cascade already stopped"", ""state"": ""NOT_APPLICABLE"", ""value"": ""\u2014""}]",[],"{""above_ema9"": true, ""above_vwap"": true, ""buyout_announced"": false, ""catalyst_today"": false, ""change_pct"": 30.000000000000004, ""feed_stale"": false, ""float_is_shares_outstanding"": false, ""float_shares"": 850000.0, ""float_verified"": true, ""halted"": false, ""in_session_window"": true, ""is_fund_or_etf"": null, ""last"": 6.89, ""live_theme"": false, ""macd_positive_and_above_signal"": true, ""penny_theme"": false, ""premarket_volume"": null, ""prev_close"": null, ""rvol"": 0.7984645742939924, ""session_high"": 7.63, ""session_volume"": 4472138.0, ""split_ratio_clean_integer"": null, ""symbol"": ""TNON"", ""tick_size"": null}",6.85,6.76,7.03,0.09,2.0,2,1,SUPPRESSED,,,2026-09-11T13:15:58+00:00,33dfeedb3f51,5d525b7,,,,6.85,44.3333,-2.2222,1,1,stop,1,2026-09-11T10:05:00Z,7.3,6.65,9.6
415b42813aa71e69,2026-09-11T06:06:00-04:00,none,PCLA,pullback,ibkr-TNON-LBGJ-PCLA,IBKR · TWS read-only · live,live-backfill,1m,12.28,,,13.75,495563.0,1.4448349489568701,26.337448559670772,9480000.0,verified,finviz via premarket_stars.py,0,0,REJECT,catalyst,0,"[{""id"": ""price"", ""kills"": true, ""reason"": ""$12.28 is outside $2.00\u201320.00."", ""state"": ""PASS"", ""value"": ""$12.28  band $2.00\u201320.00""}, {""id"": ""float"", ""kills"": false, ""reason"": """", ""state"": ""PASS"", ""value"": ""9.5M (verified)""}, {""id"": ""catalyst"", ""kills"": true, ""reason"": ""No catalyst dated today and no live theme it belongs to."", ""state"": ""FAIL"", ""value"": ""none""}, {""id"": ""rising"", ""kills"": false, ""reason"": ""cascade already stopped"", ""state"": ""NOT_APPLICABLE"", ""value"": ""\u2014""}, {""id"": ""split"", ""kills"": false, ""reason"": ""cascade already stopped"", ""state"": ""NOT_APPLICABLE"", ""value"": ""\u2014""}, {""id"": ""instrument"", ""kills"": false, ""reason"": ""cascade already stopped"", ""state"": ""NOT_APPLICABLE"", ""value"": ""\u2014""}, {""id"": ""tick"", ""kills"": false, ""reason"": ""cascade already stopped"", ""state"": ""NOT_APPLICABLE"", ""value"": ""\u2014""}, {""id"": ""buyout"", ""kills"": false, ""reason"": ""cascade already stopped"", ""state"": ""NOT_APPLICABLE"", ""value"": ""\u2014""}]",[],"{""above_ema9"": true, ""above_vwap"": true, ""buyout_announced"": false, ""catalyst_today"": false, ""change_pct"": 26.337448559670772, ""feed_stale"": false, ""float_is_shares_outstanding"": false, ""float_shares"": 9480000.0, ""float_verified"": true, ""halted"": false, ""in_session_window"": true, ""is_fund_or_etf"": null, ""last"": 12.28, ""live_theme"": false, ""macd_positive_and_above_signal"": false, ""penny_theme"": false, ""premarket_volume"": null, ""prev_close"": null, ""rvol"": 1.4448349489568701, ""session_high"": 13.75, ""session_volume"": 495563.0, ""split_ratio_clean_integer"": null, ""symbol"": ""PCLA"", ""tick_size"": null}",12.22,12.1423,12.3754,0.0777,2.0,1,1,SUPPRESSED,,,2026-09-11T13:15:58+00:00,33dfeedb3f51,5d525b7,,,,12.22,41.5701,-27.7992,1,1,stop,1,2026-09-11T10:07:00Z,12.4966,11.8571,10.23
202ba06b11d5b527,2026-09-11T06:08:00-04:00,none,LBGJ,pullback,ibkr-TNON-LBGJ-PCLA,IBKR · TWS read-only · live,live-backfill,1m,2.53,,,3.25,2284618.0,11.973073113467112,30.41237113402062,540000.0,verified,finviz via premarket_stars.py,0,0,REJECT,catalyst,0,"[{""id"": ""price"", ""kills"": true, ""reason"": ""$2.53 is outside $2.00\u201320.00."", ""state"": ""PASS"", ""value"": ""$2.53  band $2.00\u201320.00""}, {""id"": ""float"", ""kills"": false, ""reason"": """", ""state"": ""PASS"", ""value"": ""0.5M (verified)""}, {""id"": ""catalyst"", ""kills"": true, ""reason"": ""No catalyst dated today and no live theme it belongs to."", ""state"": ""FAIL"", ""value"": ""none""}, {""id"": ""rising"", ""kills"": false, ""reason"": ""cascade already stopped"", ""state"": ""NOT_APPLICABLE"", ""value"": ""\u2014""}, {""id"": ""split"", ""kills"": false, ""reason"": ""cascade already stopped"", ""state"": ""NOT_APPLICABLE"", ""value"": ""\u2014""}, {""id"": ""instrument"", ""kills"": false, ""reason"": ""cascade already stopped"", ""state"": ""NOT_APPLICABLE"", ""value"": ""\u2014""}, {""id"": ""tick"", ""kills"": false, ""reason"": ""cascade already stopped"", ""state"": ""NOT_APPLICABLE"", ""value"": ""\u2014""}, {""id"": ""buyout"", ""kills"": false, ""reason"": ""cascade already stopped"", ""state"": ""NOT_APPLICABLE"", ""value"": ""\u2014""}]",[],"{""above_ema9"": true, ""above_vwap"": false, ""buyout_announced"": false, ""catalyst_today"": false, ""change_pct"": 30.41237113402062, ""feed_stale"": false, ""float_is_shares_outstanding"": false, ""float_shares"": 540000.0, ""float_verified"": true, ""halted"": false, ""in_session_window"": true, ""is_fund_or_etf"": null, ""last"": 2.53, ""live_theme"": false, ""macd_positive_and_above_signal"": false, ""penny_theme"": false, ""premarket_volume"": null, ""prev_close"": null, ""rvol"": 11.973073113467112, ""session_high"": 3.25, ""session_volume"": 2284618.0, ""split_ratio_clean_integer"": null, ""symbol"": ""LBGJ"", ""tick_size"": null}",2.53,2.48,2.63,0.05,2.0,2,1,SUPPRESSED,,,2026-09-11T13:15:58+00:00,33dfeedb3f51,5d525b7,,,,2.53,3.0,-10.198,1,1,stop,1,2026-09-11T10:09:00Z,2.58,2.45,2.2507
6d447c1b88955e94,2026-09-11T06:08:00-04:00,none,SXTC,pullback,ibkr-TNON-LBGJ-PCLA,IBKR · TWS read-only · live,live-backfill,1m,2.29,,,2.7399,1627766.0,4.291870705946796,18.65284974093264,1030000.0,verified,finviz via premarket_stars.py,0,0,REJECT,catalyst,0,"[{""id"": ""price"", ""kills"": true, ""reason"": ""$2.29 is outside $2.00\u201320.00."", ""state"": ""PASS"", ""value"": ""$2.29  band $2.00\u201320.00""}, {""id"": ""float"", ""kills"": false, ""reason"": """", ""state"": ""PASS"", ""value"": ""1.0M (verified)""}, {""id"": ""catalyst"", ""kills"": true, ""reason"": ""No catalyst dated today and no live theme it belongs to."", ""state"": ""FAIL"", ""value"": ""none""}, {""id"": ""rising"", ""kills"": false, ""reason"": ""cascade already stopped"", ""state"": ""NOT_APPLICABLE"", ""value"": ""\u2014""}, {""id"": ""split"", ""kills"": false, ""reason"": ""cascade already stopped"", ""state"": ""NOT_APPLICABLE"", ""value"": ""\u2014""}, {""id"": ""instrument"", ""kills"": false, ""reason"": ""cascade already stopped"", ""state"": ""NOT_APPLICABLE"", ""value"": ""\u2014""}, {""id"": ""tick"", ""kills"": false, ""reason"": ""cascade already stopped"", ""state"": ""NOT_APPLICABLE"", ""value"": ""\u2014""}, {""id"": ""buyout"", ""kills"": false, ""reason"": ""cascade already stopped"", ""state"": ""NOT_APPLICABLE"", ""value"": ""\u2014""}]",[],"{""above_ema9"": false, ""above_vwap"": false, ""buyout_announced"": false, ""catalyst_today"": false, ""change_pct"": 18.65284974093264, ""feed_stale"": false, ""float_is_shares_outstanding"": false, ""float_shares"": 1030000.0, ""float_verified"": true, ""halted"": false, ""in_session_window"": true, ""is_fund_or_etf"": null, ""last"": 2.29, ""live_theme"": false, ""macd_positive_and_above_signal"": false, ""penny_theme"": false, ""premarket_volume"": null, ""prev_close"": null, ""rvol"": 4.291870705946796, ""session_high"": 2.7399, ""session_volume"": 1627766.0, ""split_ratio_clean_integer"": null, ""symbol"": ""SXTC"", ""tick_size"": null}",2.3,2.27,2.36,0.03,2.0,3,0,SUPPRESSED,,,2026-09-11T13:15:58+00:00,33dfeedb3f51,5d525b7,,,,2.3,22.6667,-7.6667,1,1,stop,1,2026-09-11T10:11:00Z,2.31,2.17,2.33
1520dec7395061db,2026-09-11T06:10:00-04:00,none,AENT,pullback,ibkr-TNON-LBGJ-PCLA,IBKR · TWS read-only · live,live-backfill,1m,8.05,,,28.99,1201676.0,74.30067735722479,46.09800362976409,3340000.0,verified,finviz via premarket_stars.py,0,0,REJECT,catalyst,0,"[{""id"": ""price"", ""kills"": true, ""reason"": ""$8.05 is outside $2.00\u201320.00."", ""state"": ""PASS"", ""value"": ""$8.05  band $2.00\u201320.00""}, {""id"": ""float"", ""kills"": false, ""reason"": """", ""state"": ""PASS"", ""value"": ""3.3M (verified)""}, {""id"": ""catalyst"", ""kills"": true, ""reason"": ""No catalyst dated today and no live theme it belongs to."", ""state"": ""FAIL"", ""value"": ""none""}, {""id"": ""rising"", ""kills"": false, ""reason"": ""cascade already stopped"", ""state"": ""NOT_APPLICABLE"", ""value"": ""\u2014""}, {""id"": ""split"", ""kills"": false, ""reason"": ""cascade already stopped"", ""state"": ""NOT_APPLICABLE"", ""value"": ""\u2014""}, {""id"": ""instrument"", ""kills"": false, ""reason"": ""cascade already stopped"", ""state"": ""NOT_APPLICABLE"", ""value"": ""\u2014""}, {""id"": ""tick"", ""kills"": false, ""reason"": ""cascade already stopped"", ""state"": ""NOT_APPLICABLE"", ""value"": ""\u2014""}, {""id"": ""buyout"", ""kills"": false, ""reason"": ""cascade already stopped"", ""state"": ""NOT_APPLICABLE"", ""value"": ""\u2014""}]",[],"{""above_ema9"": true, ""above_vwap"": false, ""buyout_announced"": false, ""catalyst_today"": false, ""change_pct"": 46.09800362976409, ""feed_stale"": false, ""float_is_shares_outstanding"": false, ""float_shares"": 3340000.0, ""float_verified"": true, ""halted"": false, ""in_session_window"": true, ""is_fund_or_etf"": null, ""last"": 8.05, ""live_theme"": false, ""macd_positive_and_above_signal"": true, ""penny_theme"": false, ""premarket_volume"": null, ""prev_close"": null, ""rvol"": 74.30067735722479, ""session_high"": 28.99, ""session_volume"": 1201676.0, ""split_ratio_clean_integer"": null, ""symbol"": ""AENT"", ""tick_size"": null}",7.98,7.74,8.46,0.24,2.0,1,0,SUPPRESSED,,,2026-09-11T13:16:52+00:00,33dfeedb3f51,5d525b7,,,,7.98,1.6667,-5.5833,1,0,stop,1,2026-09-11T10:11:00Z,8.38,7.3,6.85
c7a0f87871a253bf,2026-09-11T06:18:00-04:00,none,TNON,pullback,ibkr-TNON-LBGJ-PCLA,IBKR · TWS read-only · live,live-backfill,1m,6.82,,,7.63,4805450.0,0.8579747737080264,28.679245283018883,850000.0,verified,finviz via premarket_stars.py,0,0,REJECT,catalyst,0,"[{""id"": ""price"", ""kills"": true, ""reason"": ""$6.82 is outside $2.00\u201320.00."", ""state"": ""PASS"", ""value"": ""$6.82  band $2.00\u201320.00""}, {""id"": ""float"", ""kills"": false, ""reason"": """", ""state"": ""PASS"", ""value"": ""0.8M (verified)""}, {""id"": ""catalyst"", ""kills"": true, ""reason"": ""No catalyst dated today and no live theme it belongs to."", ""state"": ""FAIL"", ""value"": ""none""}, {""id"": ""rising"", ""kills"": false, ""reason"": ""cascade already stopped"", ""state"": ""NOT_APPLICABLE"", ""value"": ""\u2014""}, {""id"": ""split"", ""kills"": false, ""reason"": ""cascade already stopped"", ""state"": ""NOT_APPLICABLE"", ""value"": ""\u2014""}, {""id"": ""instrument"", ""kills"": false, ""reason"": ""cascade already stopped"", ""state"": ""NOT_APPLICABLE"", ""value"": ""\u2014""}, {""id"": ""tick"", ""kills"": false, ""reason"": ""cascade already stopped"", ""state"": ""NOT_APPLICABLE"", ""value"": ""\u2014""}, {""id"": ""buyout"", ""kills"": false, ""reason"": ""cascade already stopped"", ""state"": ""NOT_APPLICABLE"", ""value"": ""\u2014""}]",[],"{""above_ema9"": true, ""above_vwap"": true, ""buyout_announced"": false, ""catalyst_today"": false, ""change_pct"": 28.679245283018883, ""feed_stale"": false, ""float_is_shares_outstanding"": false, ""float_shares"": 850000.0, ""float_verified"": true, ""halted"": false, ""in_session_window"": true, ""is_fund_or_etf"": null, ""last"": 6.82, ""live_theme"": false, ""macd_positive_and_above_signal"": true, ""penny_theme"": false, ""premarket_volume"": null, ""prev_close"": null, ""rvol"": 0.8579747737080264, ""session_high"": 7.63, ""session_volume"": 4805450.0, ""split_ratio_clean_integer"": null, ""symbol"": ""TNON"", ""tick_size"": null}",6.77,6.69,6.93,0.08,2.0,4,1,SUPPRESSED,,,2026-09-11T13:15:58+00:00,33dfeedb3f51,5d525b7,,,,6.77,50.875,-0.5,0,1,target,1,2026-09-11T10:19:00Z,7.6,6.73,9.6
ece5fe9cb423b932,2026-09-11T06:18:00-04:00,none,AENT,pullback,ibkr-TNON-LBGJ-PCLA,IBKR · TWS read-only · live,live-backfill,1m,7.89,,,28.99,1274007.0,78.77296630526521,43.19419237749547,3340000.0,verified,finviz via premarket_stars.py,0,0,REJECT,catalyst,0,"[{""id"": ""price"", ""kills"": true, ""reason"": ""$7.89 is outside $2.00\u201320.00."", ""state"": ""PASS"", ""value"": ""$7.89  band $2.00\u201320.00""}, {""id"": ""float"", ""kills"": false, ""reason"": """", ""state"": ""PASS"", ""value"": ""3.3M (verified)""}, {""id"": ""catalyst"", ""kills"": true, ""reason"": ""No catalyst dated today and no live theme it belongs to."", ""state"": ""FAIL"", ""value"": ""none""}, {""id"": ""rising"", ""kills"": false, ""reason"": ""cascade already stopped"", ""state"": ""NOT_APPLICABLE"", ""value"": ""\u2014""}, {""id"": ""split"", ""kills"": false, ""reason"": ""cascade already stopped"", ""state"": ""NOT_APPLICABLE"", ""value"": ""\u2014""}, {""id"": ""instrument"", ""kills"": false, ""reason"": ""cascade already stopped"", ""state"": ""NOT_APPLICABLE"", ""value"": ""\u2014""}, {""id"": ""tick"", ""kills"": false, ""reason"": ""cascade already stopped"", ""state"": ""NOT_APPLICABLE"", ""value"": ""\u2014""}, {""id"": ""buyout"", ""kills"": false, ""reason"": ""cascade already stopped"", ""state"": ""NOT_APPLICABLE"", ""value"": ""\u2014""}]",[],"{""above_ema9"": false, ""above_vwap"": false, ""buyout_announced"": false, ""catalyst_today"": false, ""change_pct"": 43.19419237749547, ""feed_stale"": false, ""float_is_shares_outstanding"": false, ""float_shares"": 3340000.0, ""float_verified"": true, ""halted"": false, ""in_session_window"": true, ""is_fund_or_etf"": null, ""last"": 7.89, ""live_theme"": false, ""macd_positive_and_above_signal"": true, ""penny_theme"": false, ""premarket_volume"": null, ""prev_close"": null, ""rvol"": 78.77296630526521, ""session_high"": 28.99, ""session_volume"": 1274007.0, ""split_ratio_clean_integer"": null, ""symbol"": ""AENT"", ""tick_size"": null}",7.93,7.76,8.27,0.17,2.0,1,1,SUPPRESSED,,,2026-09-11T13:16:52+00:00,33dfeedb3f51,5d525b7,,,,7.93,2.6471,-7.5882,1,1,target,1,2026-09-11T10:19:00Z,8.38,7.3,6.85
ac2d731ab7e3e6c5,2026-09-11T06:26:00-04:00,none,TNON,pullback,ibkr-TNON-LBGJ-PCLA,IBKR · TWS read-only · live,live-backfill,1m,7.1,,,7.63,5169321.0,0.9229410388619481,33.96226415094339,850000.0,verified,finviz via premarket_stars.py,0,0,REJECT,catalyst,0,"[{""id"": ""price"", ""kills"": true, ""reason"": ""$7.10 is outside $2.00\u201320.00."", ""state"": ""PASS"", ""value"": ""$7.10  band $2.00\u201320.00""}, {""id"": ""float"", ""kills"": false, ""reason"": """", ""state"": ""PASS"", ""value"": ""0.8M (verified)""}, {""id"": ""catalyst"", ""kills"": true, ""reason"": ""No catalyst dated today and no live theme it belongs to."", ""state"": ""FAIL"", ""value"": ""none""}, {""id"": ""rising"", ""kills"": false, ""reason"": ""cascade already stopped"", ""state"": ""NOT_APPLICABLE"", ""value"": ""\u2014""}, {""id"": ""split"", ""kills"": false, ""reason"": ""cascade already stopped"", ""state"": ""NOT_APPLICABLE"", ""value"": ""\u2014""}, {""id"": ""instrument"", ""kills"": false, ""reason"": ""cascade already stopped"", ""state"": ""NOT_APPLICABLE"", ""value"": ""\u2014""}, {""id"": ""tick"", ""kills"": false, ""reason"": ""cascade already stopped"", ""state"": ""NOT_APPLICABLE"", ""value"": ""\u2014""}, {""id"": ""buyout"", ""kills"": false, ""reason"": ""cascade already stopped"", ""state"": ""NOT_APPLICABLE"", ""value"": ""\u2014""}]",[],"{""above_ema9"": true, ""above_vwap"": true, ""buyout_announced"": false, ""catalyst_today"": false, ""change_pct"": 33.96226415094339, ""feed_stale"": false, ""float_is_shares_outstanding"": false, ""float_shares"": 850000.0, ""float_verified"": true, ""halted"": false, ""in_session_window"": true, ""is_fund_or_etf"": null, ""last"": 7.1, ""live_theme"": false, ""macd_positive_and_above_signal"": true, ""penny_theme"": false, ""premarket_volume"": null, ""prev_close"": null, ""rvol"": 0.9229410388619481, ""session_high"": 7.63, ""session_volume"": 5169321.0, ""split_ratio_clean_integer"": null, ""symbol"": ""TNON"", ""tick_size"": null}",7.04,6.95,7.22,0.09,2.0,2,1,SUPPRESSED,,,2026-09-11T13:15:58+00:00,33dfeedb3f51,5d525b7,,,,7.04,42.2222,-2.1111,1,1,stop,1,2026-09-11T10:27:00Z,7.6,6.85,9.6
fadc85614f489458,2026-09-11T06:27:00-04:00,none,PCLA,pullback,ibkr-TNON-LBGJ-PCLA,IBKR · TWS read-only · live,live-backfill,1m,12.29,,,13.75,536833.0,1.5651593846864342,26.440329218106974,9480000.0,verified,finviz via premarket_stars.py,0,0,REJECT,catalyst,0,"[{""id"": ""price"", ""kills"": true, ""reason"": ""$12.29 is outside $2.00\u201320.00."", ""state"": ""PASS"", ""value"": ""$12.29  band $2.00\u201320.00""}, {""id"": ""float"", ""kills"": false, ""reason"": """", ""state"": ""PASS"", ""value"": ""9.5M (verified)""}, {""id"": ""catalyst"", ""kills"": true, ""reason"": ""No catalyst dated today and no live theme it belongs to."", ""state"": ""FAIL"", ""value"": ""none""}, {""id"": ""rising"", ""kills"": false, ""reason"": ""cascade already stopped"", ""state"": ""NOT_APPLICABLE"", ""value"": ""\u2014""}, {""id"": ""split"", ""kills"": false, ""reason"": ""cascade already stopped"", ""state"": ""NOT_APPLICABLE"", ""value"": ""\u2014""}, {""id"": ""instrument"", ""kills"": false, ""reason"": ""cascade already stopped"", ""state"": ""NOT_APPLICABLE"", ""value"": ""\u2014""}, {""id"": ""tick"", ""kills"": false, ""reason"": ""cascade already stopped"", ""state"": ""NOT_APPLICABLE"", ""value"": ""\u2014""}, {""id"": ""buyout"", ""kills"": false, ""reason"": ""cascade already stopped"", ""state"": ""NOT_APPLICABLE"", ""value"": ""\u2014""}]",[],"{""above_ema9"": true, ""above_vwap"": true, ""buyout_announced"": false, ""catalyst_today"": false, ""change_pct"": 26.440329218106974, ""feed_stale"": false, ""float_is_shares_outstanding"": false, ""float_shares"": 9480000.0, ""float_verified"": true, ""halted"": false, ""in_session_window"": true, ""is_fund_or_etf"": null, ""last"": 12.29, ""live_theme"": false, ""macd_positive_and_above_signal"": true, ""penny_theme"": false, ""premarket_volume"": null, ""prev_close"": null, ""rvol"": 1.5651593846864342, ""session_high"": 13.75, ""session_volume"": 536833.0, ""split_ratio_clean_integer"": null, ""symbol"": ""PCLA"", ""tick_size"": null}",12.33,12.12,12.75,0.21,2.0,2,0,SUPPRESSED,,,2026-09-11T13:15:58+00:00,33dfeedb3f51,5d525b7,,,,12.33,14.8571,-10.8095,1,1,stop,1,2026-09-11T10:32:00Z,12.4966,12.1454,10.23
dacc10a30ab4511b,2026-09-11T06:29:00-04:00,none,AENT,pullback,ibkr-TNON-LBGJ-PCLA,IBKR · TWS read-only · live,live-backfill,1m,7.86,,,28.99,1381912.0,85.44482676534875,42.64972776769511,3340000.0,verified,finviz via premarket_stars.py,0,0,REJECT,catalyst,0,"[{""id"": ""price"", ""kills"": true, ""reason"": ""$7.86 is outside $2.00\u201320.00."", ""state"": ""PASS"", ""value"": ""$7.86  band $2.00\u201320.00""}, {""id"": ""float"", ""kills"": false, ""reason"": """", ""state"": ""PASS"", ""value"": ""3.3M (verified)""}, {""id"": ""catalyst"", ""kills"": true, ""reason"": ""No catalyst dated today and no live theme it belongs to."", ""state"": ""FAIL"", ""value"": ""none""}, {""id"": ""rising"", ""kills"": false, ""reason"": ""cascade already stopped"", ""state"": ""NOT_APPLICABLE"", ""value"": ""\u2014""}, {""id"": ""split"", ""kills"": false, ""reason"": ""cascade already stopped"", ""state"": ""NOT_APPLICABLE"", ""value"": ""\u2014""}, {""id"": ""instrument"", ""kills"": false, ""reason"": ""cascade already stopped"", ""state"": ""NOT_APPLICABLE"", ""value"": ""\u2014""}, {""id"": ""tick"", ""kills"": false, ""reason"": ""cascade already stopped"", ""state"": ""NOT_APPLICABLE"", ""value"": ""\u2014""}, {""id"": ""buyout"", ""kills"": false, ""reason"": ""cascade already stopped"", ""state"": ""NOT_APPLICABLE"", ""value"": ""\u2014""}]",[],"{""above_ema9"": false, ""above_vwap"": false, ""buyout_announced"": false, ""catalyst_today"": false, ""change_pct"": 42.64972776769511, ""feed_stale"": false, ""float_is_shares_outstanding"": false, ""float_shares"": 3340000.0, ""float_verified"": true, ""halted"": false, ""in_session_window"": true, ""is_fund_or_etf"": null, ""last"": 7.86, ""live_theme"": false, ""macd_positive_and_above_signal"": true, ""penny_theme"": false, ""premarket_volume"": null, ""prev_close"": null, ""rvol"": 85.44482676534875, ""session_high"": 28.99, ""session_volume"": 1381912.0, ""split_ratio_clean_integer"": null, ""symbol"": ""AENT"", ""tick_size"": null}",8.03,7.7999,8.4902,0.2301,2.0,2,0,SUPPRESSED,,,2026-09-11T13:16:52+00:00,33dfeedb3f51,5d525b7,,,,8.03,0.2251,-6.0409,1,0,stop,1,2026-09-11T10:31:00Z,8.0818,7.3,6.85
f5caa27436851859,2026-09-11T06:36:00-04:00,none,SXTC,pullback,ibkr-TNON-LBGJ-PCLA,IBKR · TWS read-only · live,live-backfill,1m,2.2101,,,2.7399,1700603.0,4.483917343245429,14.512953367875658,1030000.0,verified,finviz via premarket_stars.py,0,0,REJECT,catalyst,0,"[{""id"": ""price"", ""kills"": true, ""reason"": ""$2.21 is outside $2.00\u201320.00."", ""state"": ""PASS"", ""value"": ""$2.21  band $2.00\u201320.00""}, {""id"": ""float"", ""kills"": false, ""reason"": """", ""state"": ""PASS"", ""value"": ""1.0M (verified)""}, {""id"": ""catalyst"", ""kills"": true, ""reason"": ""No catalyst dated today and no live theme it belongs to."", ""state"": ""FAIL"", ""value"": ""none""}, {""id"": ""rising"", ""kills"": false, ""reason"": ""cascade already stopped"", ""state"": ""NOT_APPLICABLE"", ""value"": ""\u2014""}, {""id"": ""split"", ""kills"": false, ""reason"": ""cascade already stopped"", ""state"": ""NOT_APPLICABLE"", ""value"": ""\u2014""}, {""id"": ""instrument"", ""kills"": false, ""reason"": ""cascade already stopped"", ""state"": ""NOT_APPLICABLE"", ""value"": ""\u2014""}, {""id"": ""tick"", ""kills"": false, ""reason"": ""cascade already stopped"", ""state"": ""NOT_APPLICABLE"", ""value"": ""\u2014""}, {""id"": ""buyout"", ""kills"": false, ""reason"": ""cascade already stopped"", ""state"": ""NOT_APPLICABLE"", ""value"": ""\u2014""}]",[],"{""above_ema9"": false, ""above_vwap"": false, ""buyout_announced"": false, ""catalyst_today"": false, ""change_pct"": 14.512953367875658, ""feed_stale"": false, ""float_is_shares_outstanding"": false, ""float_shares"": 1030000.0, ""float_verified"": true, ""halted"": false, ""in_session_window"": true, ""is_fund_or_etf"": null, ""last"": 2.2101, ""live_theme"": false, ""macd_positive_and_above_signal"": true, ""penny_theme"": false, ""premarket_volume"": null, ""prev_close"": null, ""rvol"": 4.483917343245429, ""session_high"": 2.7399, ""session_volume"": 1700603.0, ""split_ratio_clean_integer"": null, ""symbol"": ""SXTC"", ""tick_size"": null}",2.22,2.2,2.26,0.02,2.0,1,1,SUPPRESSED,,,2026-09-11T13:15:58+00:00,33dfeedb3f51,5d525b7,,,,2.22,38.0,-7.5,1,1,target,1,2026-09-11T10:37:00Z,2.31,2.21,2.33
02f4cbae2071c0b9,2026-09-11T06:42:00-04:00,none,TNON,pullback,ibkr-TNON-LBGJ-PCLA,IBKR · TWS read-only · live,live-backfill,1m,7.24,,,7.63,5790127.0,1.0337809991916955,36.603773584905674,850000.0,verified,finviz via premarket_stars.py,0,0,REJECT,catalyst,0,"[{""id"": ""price"", ""kills"": true, ""reason"": ""$7.24 is outside $2.00\u201320.00."", ""state"": ""PASS"", ""value"": ""$7.24  band $2.00\u201320.00""}, {""id"": ""float"", ""kills"": false, ""reason"": """", ""state"": ""PASS"", ""value"": ""0.8M (verified)""}, {""id"": ""catalyst"", ""kills"": true, ""reason"": ""No catalyst dated today and no live theme it belongs to."", ""state"": ""FAIL"", ""value"": ""none""}, {""id"": ""rising"", ""kills"": false, ""reason"": ""cascade already stopped"", ""state"": ""NOT_APPLICABLE"", ""value"": ""\u2014""}, {""id"": ""split"", ""kills"": false, ""reason"": ""cascade already stopped"", ""state"": ""NOT_APPLICABLE"", ""value"": ""\u2014""}, {""id"": ""instrument"", ""kills"": false, ""reason"": ""cascade already stopped"", ""state"": ""NOT_APPLICABLE"", ""value"": ""\u2014""}, {""id"": ""tick"", ""kills"": false, ""reason"": ""cascade already stopped"", ""state"": ""NOT_APPLICABLE"", ""value"": ""\u2014""}, {""id"": ""buyout"", ""kills"": false, ""reason"": ""cascade already stopped"", ""state"": ""NOT_APPLICABLE"", ""value"": ""\u2014""}]",[],"{""above_ema9"": true, ""above_vwap"": true, ""buyout_announced"": false, ""catalyst_today"": false, ""change_pct"": 36.603773584905674, ""feed_stale"": false, ""float_is_shares_outstanding"": false, ""float_shares"": 850000.0, ""float_verified"": true, ""halted"": false, ""in_session_window"": true, ""is_fund_or_etf"": null, ""last"": 7.24, ""live_theme"": false, ""macd_positive_and_above_signal"": true, ""penny_theme"": false, ""premarket_volume"": null, ""prev_close"": null, ""rvol"": 1.0337809991916955, ""session_high"": 7.63, ""session_volume"": 5790127.0, ""split_ratio_clean_integer"": null, ""symbol"": ""TNON"", ""tick_size"": null}",7.25,7.15,7.45,0.1,2.0,1,1,SUPPRESSED,,,2026-09-11T13:15:58+00:00,33dfeedb3f51,5d525b7,,,,7.25,35.9,-2.6,1,1,stop,1,2026-09-11T10:43:00Z,7.76,6.99,9.6
672b6e4dfa9f43ca,2026-09-11T06:46:00-04:00,none,AENT,pullback,ibkr-TNON-LBGJ-PCLA,IBKR · TWS read-only · live,live-backfill,1m,7.56,,,28.99,1577723.0,97.55199203618344,37.205081669691474,3340000.0,verified,finviz via premarket_stars.py,0,0,REJECT,catalyst,0,"[{""id"": ""price"", ""kills"": true, ""reason"": ""$7.56 is outside $2.00\u201320.00."", ""state"": ""PASS"", ""value"": ""$7.56  band $2.00\u201320.00""}, {""id"": ""float"", ""kills"": false, ""reason"": """", ""state"": ""PASS"", ""value"": ""3.3M (verified)""}, {""id"": ""catalyst"", ""kills"": true, ""reason"": ""No catalyst dated today and no live theme it belongs to."", ""state"": ""FAIL"", ""value"": ""none""}, {""id"": ""rising"", ""kills"": false, ""reason"": ""cascade already stopped"", ""state"": ""NOT_APPLICABLE"", ""value"": ""\u2014""}, {""id"": ""split"", ""kills"": false, ""reason"": ""cascade already stopped"", ""state"": ""NOT_APPLICABLE"", ""value"": ""\u2014""}, {""id"": ""instrument"", ""kills"": false, ""reason"": ""cascade already stopped"", ""state"": ""NOT_APPLICABLE"", ""value"": ""\u2014""}, {""id"": ""tick"", ""kills"": false, ""reason"": ""cascade already stopped"", ""state"": ""NOT_APPLICABLE"", ""value"": ""\u2014""}, {""id"": ""buyout"", ""kills"": false, ""reason"": ""cascade already stopped"", ""state"": ""NOT_APPLICABLE"", ""value"": ""\u2014""}]",[],"{""above_ema9"": false, ""above_vwap"": false, ""buyout_announced"": false, ""catalyst_today"": false, ""change_pct"": 37.205081669691474, ""feed_stale"": false, ""float_is_shares_outstanding"": false, ""float_shares"": 3340000.0, ""float_verified"": true, ""halted"": false, ""in_session_window"": true, ""is_fund_or_etf"": null, ""last"": 7.56, ""live_theme"": false, ""macd_positive_and_above_signal"": true, ""penny_theme"": false, ""premarket_volume"": null, ""prev_close"": null, ""rvol"": 97.55199203618344, ""session_high"": 28.99, ""session_volume"": 1577723.0, ""split_ratio_clean_integer"": null, ""symbol"": ""AENT"", ""tick_size"": null}",7.58,7.53,7.68,0.05,2.0,2,1,SUPPRESSED,,,2026-09-11T13:16:52+00:00,33dfeedb3f51,5d525b7,,,,7.58,4.414,-18.8,1,1,stop,1,2026-09-11T10:47:00Z,7.8007,6.9,6.85
5b1ba237bcad501d,2026-09-11T06:53:00-04:00,none,TNON,pullback,ibkr-TNON-LBGJ-PCLA,IBKR · TWS read-only · live,live-backfill,1m,7.35,,,7.63,6652066.0,1.1876733336192982,38.67924528301887,850000.0,verified,finviz via premarket_stars.py,0,0,REJECT,catalyst,0,"[{""id"": ""price"", ""kills"": true, ""reason"": ""$7.35 is outside $2.00\u201320.00."", ""state"": ""PASS"", ""value"": ""$7.35  band $2.00\u201320.00""}, {""id"": ""float"", ""kills"": false, ""reason"": """", ""state"": ""PASS"", ""value"": ""0.8M (verified)""}, {""id"": ""catalyst"", ""kills"": true, ""reason"": ""No catalyst dated today and no live theme it belongs to."", ""state"": ""FAIL"", ""value"": ""none""}, {""id"": ""rising"", ""kills"": false, ""reason"": ""cascade already stopped"", ""state"": ""NOT_APPLICABLE"", ""value"": ""\u2014""}, {""id"": ""split"", ""kills"": false, ""reason"": ""cascade already stopped"", ""state"": ""NOT_APPLICABLE"", ""value"": ""\u2014""}, {""id"": ""instrument"", ""kills"": false, ""reason"": ""cascade already stopped"", ""state"": ""NOT_APPLICABLE"", ""value"": ""\u2014""}, {""id"": ""tick"", ""kills"": false, ""reason"": ""cascade already stopped"", ""state"": ""NOT_APPLICABLE"", ""value"": ""\u2014""}, {""id"": ""buyout"", ""kills"": false, ""reason"": ""cascade already stopped"", ""state"": ""NOT_APPLICABLE"", ""value"": ""\u2014""}]",[],"{""above_ema9"": true, ""above_vwap"": true, ""buyout_announced"": false, ""catalyst_today"": false, ""change_pct"": 38.67924528301887, ""feed_stale"": false, ""float_is_shares_outstanding"": false, ""float_shares"": 850000.0, ""float_verified"": true, ""halted"": false, ""in_session_window"": true, ""is_fund_or_etf"": null, ""last"": 7.35, ""live_theme"": false, ""macd_positive_and_above_signal"": true, ""penny_theme"": false, ""premarket_volume"": null, ""prev_close"": null, ""rvol"": 1.1876733336192982, ""session_high"": 7.63, ""session_volume"": 6652066.0, ""split_ratio_clean_integer"": null, ""symbol"": ""TNON"", ""tick_size"": null}",7.5,7.37,7.76,0.13,2.0,1,1,SUPPRESSED,,,2026-09-11T13:15:58+00:00,33dfeedb3f51,5d525b7,,,,7.5,25.6923,-3.9231,1,1,stop,1,2026-09-11T10:56:00Z,7.76,6.99,9.6
05da2d2f9799ae64,2026-09-11T06:57:00-04:00,none,AENT,pullback,ibkr-TNON-LBGJ-PCLA,IBKR · TWS read-only · live,live-backfill,1m,7.73,,,28.99,1638296.0,101.29727356761052,40.29038112522687,3340000.0,verified,finviz via premarket_stars.py,0,0,REJECT,catalyst,0,"[{""id"": ""price"", ""kills"": true, ""reason"": ""$7.73 is outside $2.00\u201320.00."", ""state"": ""PASS"", ""value"": ""$7.73  band $2.00\u201320.00""}, {""id"": ""float"", ""kills"": false, ""reason"": """", ""state"": ""PASS"", ""value"": ""3.3M (verified)""}, {""id"": ""catalyst"", ""kills"": true, ""reason"": ""No catalyst dated today and no live theme it belongs to."", ""state"": ""FAIL"", ""value"": ""none""}, {""id"": ""rising"", ""kills"": false, ""reason"": ""cascade already stopped"", ""state"": ""NOT_APPLICABLE"", ""value"": ""\u2014""}, {""id"": ""split"", ""kills"": false, ""reason"": ""cascade already stopped"", ""state"": ""NOT_APPLICABLE"", ""value"": ""\u2014""}, {""id"": ""instrument"", ""kills"": false, ""reason"": ""cascade already stopped"", ""state"": ""NOT_APPLICABLE"", ""value"": ""\u2014""}, {""id"": ""tick"", ""kills"": false, ""reason"": ""cascade already stopped"", ""state"": ""NOT_APPLICABLE"", ""value"": ""\u2014""}, {""id"": ""buyout"", ""kills"": false, ""reason"": ""cascade already stopped"", ""state"": ""NOT_APPLICABLE"", ""value"": ""\u2014""}]",[],"{""above_ema9"": true, ""above_vwap"": false, ""buyout_announced"": false, ""catalyst_today"": false, ""change_pct"": 40.29038112522687, ""feed_stale"": false, ""float_is_shares_outstanding"": false, ""float_shares"": 3340000.0, ""float_verified"": true, ""halted"": false, ""in_session_window"": true, ""is_fund_or_etf"": null, ""last"": 7.73, ""live_theme"": false, ""macd_positive_and_above_signal"": true, ""penny_theme"": false, ""premarket_volume"": null, ""prev_close"": null, ""rvol"": 101.29727356761052, ""session_high"": 28.99, ""session_volume"": 1638296.0, ""split_ratio_clean_integer"": null, ""symbol"": ""AENT"", ""tick_size"": null}",7.645,7.4914,7.9522,0.1536,2.0,2,1,SUPPRESSED,,,2026-09-11T13:16:52+00:00,33dfeedb3f51,5d525b7,,,,7.645,0.8138,-6.543,1,0,stop,1,2026-09-11T10:58:00Z,7.77,6.9,6.85
1b67499ecdc6312a,2026-09-11T07:12:00-04:00,premarket,AENT,pullback,ibkr-TNON-LBGJ-PCLA,IBKR · TWS read-only · live,live-backfill,1m,7.05,,,28.99,1909930.0,118.09264119852966,27.949183303085313,3340000.0,verified,finviz via premarket_stars.py,0,0,REJECT,catalyst,0,"[{""id"": ""price"", ""kills"": true, ""reason"": ""$7.05 is outside $2.00\u201320.00."", ""state"": ""PASS"", ""value"": ""$7.05  band $2.00\u201320.00""}, {""id"": ""float"", ""kills"": false, ""reason"": """", ""state"": ""PASS"", ""value"": ""3.3M (verified)""}, {""id"": ""catalyst"", ""kills"": true, ""reason"": ""No catalyst dated today and no live theme it belongs to."", ""state"": ""FAIL"", ""value"": ""none""}, {""id"": ""rising"", ""kills"": false, ""reason"": ""cascade already stopped"", ""state"": ""NOT_APPLICABLE"", ""value"": ""\u2014""}, {""id"": ""split"", ""kills"": false, ""reason"": ""cascade already stopped"", ""state"": ""NOT_APPLICABLE"", ""value"": ""\u2014""}, {""id"": ""instrument"", ""kills"": false, ""reason"": ""cascade already stopped"", ""state"": ""NOT_APPLICABLE"", ""value"": ""\u2014""}, {""id"": ""tick"", ""kills"": false, ""reason"": ""cascade already stopped"", ""state"": ""NOT_APPLICABLE"", ""value"": ""\u2014""}, {""id"": ""buyout"", ""kills"": false, ""reason"": ""cascade already stopped"", ""state"": ""NOT_APPLICABLE"", ""value"": ""\u2014""}]",[],"{""above_ema9"": false, ""above_vwap"": false, ""buyout_announced"": false, ""catalyst_today"": false, ""change_pct"": 27.949183303085313, ""feed_stale"": false, ""float_is_shares_outstanding"": false, ""float_shares"": 3340000.0, ""float_verified"": true, ""halted"": false, ""in_session_window"": true, ""is_fund_or_etf"": null, ""last"": 7.05, ""live_theme"": false, ""macd_positive_and_above_signal"": false, ""penny_theme"": false, ""premarket_volume"": null, ""prev_close"": null, ""rvol"": 118.09264119852966, ""session_high"": 28.99, ""session_volume"": 1909930.0, ""split_ratio_clean_integer"": null, ""symbol"": ""AENT"", ""tick_size"": null}",7.03,6.94,7.21,0.09,2.0,3,1,SUPPRESSED,,,2026-09-11T13:16:52+00:00,33dfeedb3f51,5d525b7,,,,7.03,7.4444,-4.3333,1,1,stop,1,2026-09-11T11:13:00Z,7.1508,6.9,6.85
2da75fadcf6be26c,2026-09-11T07:21:00-04:00,premarket,FTFT,pullback,ibkr-TNON-LBGJ-PCLA,IBKR · TWS read-only · live,live-backfill,1m,2.46,,,2.48,1314435.0,0.3646390286945159,20.000000000000018,5370000.0,verified,finviz via premarket_stars.py,0,0,REJECT,catalyst,0,"[{""id"": ""price"", ""kills"": true, ""reason"": ""$2.46 is outside $2.00\u201320.00."", ""state"": ""PASS"", ""value"": ""$2.46  band $2.00\u201320.00""}, {""id"": ""float"", ""kills"": false, ""reason"": """", ""state"": ""PASS"", ""value"": ""5.4M (verified)""}, {""id"": ""catalyst"", ""kills"": true, ""reason"": ""No catalyst dated today and no live theme it belongs to."", ""state"": ""FAIL"", ""value"": ""none""}, {""id"": ""rising"", ""kills"": false, ""reason"": ""cascade already stopped"", ""state"": ""NOT_APPLICABLE"", ""value"": ""\u2014""}, {""id"": ""split"", ""kills"": false, ""reason"": ""cascade already stopped"", ""state"": ""NOT_APPLICABLE"", ""value"": ""\u2014""}, {""id"": ""instrument"", ""kills"": false, ""reason"": ""cascade already stopped"", ""state"": ""NOT_APPLICABLE"", ""value"": ""\u2014""}, {""id"": ""tick"", ""kills"": false, ""reason"": ""cascade already stopped"", ""state"": ""NOT_APPLICABLE"", ""value"": ""\u2014""}, {""id"": ""buyout"", ""kills"": false, ""reason"": ""cascade already stopped"", ""state"": ""NOT_APPLICABLE"", ""value"": ""\u2014""}]",[],"{""above_ema9"": true, ""above_vwap"": true, ""buyout_announced"": false, ""catalyst_today"": false, ""change_pct"": 20.000000000000018, ""feed_stale"": false, ""float_is_shares_outstanding"": false, ""float_shares"": 5370000.0, ""float_verified"": true, ""halted"": false, ""in_session_window"": true, ""is_fund_or_etf"": null, ""last"": 2.46, ""live_theme"": false, ""macd_positive_and_above_signal"": true, ""penny_theme"": false, ""premarket_volume"": null, ""prev_close"": null, ""rvol"": 0.3646390286945159, ""session_high"": 2.48, ""session_volume"": 1314435.0, ""split_ratio_clean_integer"": null, ""symbol"": ""FTFT"", ""tick_size"": null}",2.43,2.34,2.61,0.09,2.0,2,0,SUPPRESSED,,,2026-09-11T13:15:58+00:00,33dfeedb3f51,5d525b7,,,,2.43,10.7767,-2.5556,1,1,stop,1,2026-09-11T11:22:00Z,2.58,2.2,2.7599
1203245c91482ee8,2026-09-11T07:30:00-04:00,premarket,FTFT,pullback,ibkr-TNON-LBGJ-PCLA,IBKR · TWS read-only · live,live-backfill,1m,2.5595,,,2.58,2809782.0,0.7794650776366533,24.853658536585364,5370000.0,verified,finviz via premarket_stars.py,0,0,REJECT,catalyst,0,"[{""id"": ""price"", ""kills"": true, ""reason"": ""$2.56 is outside $2.00\u201320.00."", ""state"": ""PASS"", ""value"": ""$2.56  band $2.00\u201320.00""}, {""id"": ""float"", ""kills"": false, ""reason"": """", ""state"": ""PASS"", ""value"": ""5.4M (verified)""}, {""id"": ""catalyst"", ""kills"": true, ""reason"": ""No catalyst dated today and no live theme it belongs to."", ""state"": ""FAIL"", ""value"": ""none""}, {""id"": ""rising"", ""kills"": false, ""reason"": ""cascade already stopped"", ""state"": ""NOT_APPLICABLE"", ""value"": ""\u2014""}, {""id"": ""split"", ""kills"": false, ""reason"": ""cascade already stopped"", ""state"": ""NOT_APPLICABLE"", ""value"": ""\u2014""}, {""id"": ""instrument"", ""kills"": false, ""reason"": ""cascade already stopped"", ""state"": ""NOT_APPLICABLE"", ""value"": ""\u2014""}, {""id"": ""tick"", ""kills"": false, ""reason"": ""cascade already stopped"", ""state"": ""NOT_APPLICABLE"", ""value"": ""\u2014""}, {""id"": ""buyout"", ""kills"": false, ""reason"": ""cascade already stopped"", ""state"": ""NOT_APPLICABLE"", ""value"": ""\u2014""}]",[],"{""above_ema9"": true, ""above_vwap"": true, ""buyout_announced"": false, ""catalyst_today"": false, ""change_pct"": 24.853658536585364, ""feed_stale"": false, ""float_is_shares_outstanding"": false, ""float_shares"": 5370000.0, ""float_verified"": true, ""halted"": false, ""in_session_window"": true, ""is_fund_or_etf"": null, ""last"": 2.5595, ""live_theme"": false, ""macd_positive_and_above_signal"": true, ""penny_theme"": false, ""premarket_volume"": null, ""prev_close"": null, ""rvol"": 0.7794650776366533, ""session_high"": 2.58, ""session_volume"": 2809782.0, ""split_ratio_clean_integer"": null, ""symbol"": ""FTFT"", ""tick_size"": null}",2.48,2.42,2.6,0.06,2.0,1,1,SUPPRESSED,,,2026-09-11T13:15:58+00:00,33dfeedb3f51,5d525b7,,,,2.48,15.3317,-4.6667,1,1,stop,1,2026-09-11T11:31:00Z,2.56,2.2,2.7599
938833ec5156be5d,2026-09-11T07:34:00-04:00,premarket,TNON,pullback,ibkr-TNON-LBGJ-PCLA,IBKR · TWS read-only · live,live-backfill,1m,7.27,,,7.76,9855487.0,1.7596186056680219,37.16981132075472,850000.0,verified,finviz via premarket_stars.py,0,0,REJECT,catalyst,0,"[{""id"": ""price"", ""kills"": true, ""reason"": ""$7.27 is outside $2.00\u201320.00."", ""state"": ""PASS"", ""value"": ""$7.27  band $2.00\u201320.00""}, {""id"": ""float"", ""kills"": false, ""reason"": """", ""state"": ""PASS"", ""value"": ""0.8M (verified)""}, {""id"": ""catalyst"", ""kills"": true, ""reason"": ""No catalyst dated today and no live theme it belongs to."", ""state"": ""FAIL"", ""value"": ""none""}, {""id"": ""rising"", ""kills"": false, ""reason"": ""cascade already stopped"", ""state"": ""NOT_APPLICABLE"", ""value"": ""\u2014""}, {""id"": ""split"", ""kills"": false, ""reason"": ""cascade already stopped"", ""state"": ""NOT_APPLICABLE"", ""value"": ""\u2014""}, {""id"": ""instrument"", ""kills"": false, ""reason"": ""cascade already stopped"", ""state"": ""NOT_APPLICABLE"", ""value"": ""\u2014""}, {""id"": ""tick"", ""kills"": false, ""reason"": ""cascade already stopped"", ""state"": ""NOT_APPLICABLE"", ""value"": ""\u2014""}, {""id"": ""buyout"", ""kills"": false, ""reason"": ""cascade already stopped"", ""state"": ""NOT_APPLICABLE"", ""value"": ""\u2014""}]",[],"{""above_ema9"": true, ""above_vwap"": true, ""buyout_announced"": false, ""catalyst_today"": false, ""change_pct"": 37.16981132075472, ""feed_stale"": false, ""float_is_shares_outstanding"": false, ""float_shares"": 850000.0, ""float_verified"": true, ""halted"": false, ""in_session_window"": true, ""is_fund_or_etf"": null, ""last"": 7.27, ""live_theme"": false, ""macd_positive_and_above_signal"": true, ""penny_theme"": false, ""premarket_volume"": null, ""prev_close"": null, ""rvol"": 1.7596186056680219, ""session_high"": 7.76, ""session_volume"": 9855487.0, ""split_ratio_clean_integer"": null, ""symbol"": ""TNON"", ""tick_size"": null}",7.29,7.2,7.47,0.09,2.0,2,1,SUPPRESSED,,,2026-09-11T13:15:58+00:00,33dfeedb3f51,5d525b7,,,,7.29,39.4444,-2.7778,1,1,target,1,2026-09-11T11:35:00Z,9.35,7.27,9.6
464bf584b8498676,2026-09-11T07:46:00-04:00,premarket,TNON,pullback,ibkr-TNON-LBGJ-PCLA,IBKR · TWS read-only · live,live-backfill,1m,8.28,,,8.29,12793495.0,2.284176503253549,56.22641509433961,850000.0,verified,finviz via premarket_stars.py,0,0,REJECT,catalyst,0,"[{""id"": ""price"", ""kills"": true, ""reason"": ""$8.28 is outside $2.00\u201320.00."", ""state"": ""PASS"", ""value"": ""$8.28  band $2.00\u201320.00""}, {""id"": ""float"", ""kills"": false, ""reason"": """", ""state"": ""PASS"", ""value"": ""0.8M (verified)""}, {""id"": ""catalyst"", ""kills"": true, ""reason"": ""No catalyst dated today and no live theme it belongs to."", ""state"": ""FAIL"", ""value"": ""none""}, {""id"": ""rising"", ""kills"": false, ""reason"": ""cascade already stopped"", ""state"": ""NOT_APPLICABLE"", ""value"": ""\u2014""}, {""id"": ""split"", ""kills"": false, ""reason"": ""cascade already stopped"", ""state"": ""NOT_APPLICABLE"", ""value"": ""\u2014""}, {""id"": ""instrument"", ""kills"": false, ""reason"": ""cascade already stopped"", ""state"": ""NOT_APPLICABLE"", ""value"": ""\u2014""}, {""id"": ""tick"", ""kills"": false, ""reason"": ""cascade already stopped"", ""state"": ""NOT_APPLICABLE"", ""value"": ""\u2014""}, {""id"": ""buyout"", ""kills"": false, ""reason"": ""cascade already stopped"", ""state"": ""NOT_APPLICABLE"", ""value"": ""\u2014""}]",[],"{""above_ema9"": true, ""above_vwap"": true, ""buyout_announced"": false, ""catalyst_today"": false, ""change_pct"": 56.22641509433961, ""feed_stale"": false, ""float_is_shares_outstanding"": false, ""float_shares"": 850000.0, ""float_verified"": true, ""halted"": false, ""in_session_window"": true, ""is_fund_or_etf"": null, ""last"": 8.28, ""live_theme"": false, ""macd_positive_and_above_signal"": true, ""penny_theme"": false, ""premarket_volume"": null, ""prev_close"": null, ""rvol"": 2.284176503253549, ""session_high"": 8.29, ""session_volume"": 12793495.0, ""split_ratio_clean_integer"": null, ""symbol"": ""TNON"", ""tick_size"": null}",7.93,7.79,8.21,0.14,2.0,2,0,SUPPRESSED,,,2026-09-11T13:15:58+00:00,33dfeedb3f51,5d525b7,,,,7.93,20.7857,-6.3571,1,1,target,1,2026-09-11T11:47:00Z,9.35,7.66,9.6
7d429a9e9dbf67b9,2026-09-11T07:54:00-04:00,premarket,LBGJ,pullback,ibkr-TNON-LBGJ-PCLA,IBKR · TWS read-only · live,live-backfill,1m,2.59,,,3.25,2855214.0,14.963414442412205,33.50515463917525,540000.0,verified,finviz via premarket_stars.py,0,0,REJECT,catalyst,0,"[{""id"": ""price"", ""kills"": true, ""reason"": ""$2.59 is outside $2.00\u201320.00."", ""state"": ""PASS"", ""value"": ""$2.59  band $2.00\u201320.00""}, {""id"": ""float"", ""kills"": false, ""reason"": """", ""state"": ""PASS"", ""value"": ""0.5M (verified)""}, {""id"": ""catalyst"", ""kills"": true, ""reason"": ""No catalyst dated today and no live theme it belongs to."", ""state"": ""FAIL"", ""value"": ""none""}, {""id"": ""rising"", ""kills"": false, ""reason"": ""cascade already stopped"", ""state"": ""NOT_APPLICABLE"", ""value"": ""\u2014""}, {""id"": ""split"", ""kills"": false, ""reason"": ""cascade already stopped"", ""state"": ""NOT_APPLICABLE"", ""value"": ""\u2014""}, {""id"": ""instrument"", ""kills"": false, ""reason"": ""cascade already stopped"", ""state"": ""NOT_APPLICABLE"", ""value"": ""\u2014""}, {""id"": ""tick"", ""kills"": false, ""reason"": ""cascade already stopped"", ""state"": ""NOT_APPLICABLE"", ""value"": ""\u2014""}, {""id"": ""buyout"", ""kills"": false, ""reason"": ""cascade already stopped"", ""state"": ""NOT_APPLICABLE"", ""value"": ""\u2014""}]",[],"{""above_ema9"": true, ""above_vwap"": false, ""buyout_announced"": false, ""catalyst_today"": false, ""change_pct"": 33.50515463917525, ""feed_stale"": false, ""float_is_shares_outstanding"": false, ""float_shares"": 540000.0, ""float_verified"": true, ""halted"": false, ""in_session_window"": true, ""is_fund_or_etf"": null, ""last"": 2.59, ""live_theme"": false, ""macd_positive_and_above_signal"": true, ""penny_theme"": false, ""premarket_volume"": null, ""prev_close"": null, ""rvol"": 14.963414442412205, ""session_high"": 3.25, ""session_volume"": 2855214.0, ""split_ratio_clean_integer"": null, ""symbol"": ""LBGJ"", ""tick_size"": null}",2.59,2.55,2.67,0.04,2.0,3,1,SUPPRESSED,,,2026-09-11T13:15:58+00:00,33dfeedb3f51,5d525b7,,,,2.59,2.25,-14.2475,1,1,stop,1,2026-09-11T11:55:00Z,2.67,2.5,2.2507
6395183b201d100f,2026-09-11T08:03:00-04:00,premarket,TNON,pullback,ibkr-TNON-LBGJ-PCLA,IBKR · TWS read-only · live,live-backfill,1m,7.91,,,9.35,16245994.0,2.90059266578821,49.24528301886792,850000.0,verified,finviz via premarket_stars.py,0,0,REJECT,catalyst,0,"[{""id"": ""price"", ""kills"": true, ""reason"": ""$7.91 is outside $2.00\u201320.00."", ""state"": ""PASS"", ""value"": ""$7.91  band $2.00\u201320.00""}, {""id"": ""float"", ""kills"": false, ""reason"": """", ""state"": ""PASS"", ""value"": ""0.8M (verified)""}, {""id"": ""catalyst"", ""kills"": true, ""reason"": ""No catalyst dated today and no live theme it belongs to."", ""state"": ""FAIL"", ""value"": ""none""}, {""id"": ""rising"", ""kills"": false, ""reason"": ""cascade already stopped"", ""state"": ""NOT_APPLICABLE"", ""value"": ""\u2014""}, {""id"": ""split"", ""kills"": false, ""reason"": ""cascade already stopped"", ""state"": ""NOT_APPLICABLE"", ""value"": ""\u2014""}, {""id"": ""instrument"", ""kills"": false, ""reason"": ""cascade already stopped"", ""state"": ""NOT_APPLICABLE"", ""value"": ""\u2014""}, {""id"": ""tick"", ""kills"": false, ""reason"": ""cascade already stopped"", ""state"": ""NOT_APPLICABLE"", ""value"": ""\u2014""}, {""id"": ""buyout"", ""kills"": false, ""reason"": ""cascade already stopped"", ""state"": ""NOT_APPLICABLE"", ""value"": ""\u2014""}]",[],"{""above_ema9"": false, ""above_vwap"": true, ""buyout_announced"": false, ""catalyst_today"": false, ""change_pct"": 49.24528301886792, ""feed_stale"": false, ""float_is_shares_outstanding"": false, ""float_shares"": 850000.0, ""float_verified"": true, ""halted"": false, ""in_session_window"": true, ""is_fund_or_etf"": null, ""last"": 7.91, ""live_theme"": false, ""macd_positive_and_above_signal"": false, ""penny_theme"": false, ""premarket_volume"": null, ""prev_close"": null, ""rvol"": 2.90059266578821, ""session_high"": 9.35, ""session_volume"": 16245994.0, ""split_ratio_clean_integer"": null, ""symbol"": ""TNON"", ""tick_size"": null}",7.97,7.86,8.19,0.11,2.0,3,1,SUPPRESSED,,,2026-09-11T13:15:58+00:00,33dfeedb3f51,5d525b7,,,,7.97,26.0909,-8.4545,1,1,stop,1,2026-09-11T12:13:00Z,8.42,7.66,9.6
e2af550637b0d81a,2026-09-11T08:05:00-04:00,premarket,AENT,pullback,ibkr-TNON-LBGJ-PCLA,IBKR · TWS read-only · live,live-backfill,1m,7.32,,,28.99,2132715.0,131.8676324649187,32.84936479128857,3340000.0,verified,finviz via premarket_stars.py,0,0,REJECT,catalyst,0,"[{""id"": ""price"", ""kills"": true, ""reason"": ""$7.32 is outside $2.00\u201320.00."", ""state"": ""PASS"", ""value"": ""$7.32  band $2.00\u201320.00""}, {""id"": ""float"", ""kills"": false, ""reason"": """", ""state"": ""PASS"", ""value"": ""3.3M (verified)""}, {""id"": ""catalyst"", ""kills"": true, ""reason"": ""No catalyst dated today and no live theme it belongs to."", ""state"": ""FAIL"", ""value"": ""none""}, {""id"": ""rising"", ""kills"": false, ""reason"": ""cascade already stopped"", ""state"": ""NOT_APPLICABLE"", ""value"": ""\u2014""}, {""id"": ""split"", ""kills"": false, ""reason"": ""cascade already stopped"", ""state"": ""NOT_APPLICABLE"", ""value"": ""\u2014""}, {""id"": ""instrument"", ""kills"": false, ""reason"": ""cascade already stopped"", ""state"": ""NOT_APPLICABLE"", ""value"": ""\u2014""}, {""id"": ""tick"", ""kills"": false, ""reason"": ""cascade already stopped"", ""state"": ""NOT_APPLICABLE"", ""value"": ""\u2014""}, {""id"": ""buyout"", ""kills"": false, ""reason"": ""cascade already stopped"", ""state"": ""NOT_APPLICABLE"", ""value"": ""\u2014""}]",[],"{""above_ema9"": true, ""above_vwap"": false, ""buyout_announced"": false, ""catalyst_today"": false, ""change_pct"": 32.84936479128857, ""feed_stale"": false, ""float_is_shares_outstanding"": false, ""float_shares"": 3340000.0, ""float_verified"": true, ""halted"": false, ""in_session_window"": true, ""is_fund_or_etf"": null, ""last"": 7.32, ""live_theme"": false, ""macd_positive_and_above_signal"": true, ""penny_theme"": false, ""premarket_volume"": null, ""prev_close"": null, ""rvol"": 131.8676324649187, ""session_high"": 28.99, ""session_volume"": 2132715.0, ""split_ratio_clean_integer"": null, ""symbol"": ""AENT"", ""tick_size"": null}",7.2,7.13,7.34,0.07,2.0,1,0,SUPPRESSED,,,2026-09-11T13:16:52+00:00,33dfeedb3f51,5d525b7,,,,7.2,7.1429,-8.0,1,1,target,1,2026-09-11T12:06:00Z,7.7,7.2,6.85
32afc7ea930c9499,2026-09-11T08:12:00-04:00,premarket,COLA,pullback,ibkr-TNON-LBGJ-PCLA,IBKR · TWS read-only · live,live-backfill,1m,10.4,,,10.47,9251.0,0.33117722425292984,25.30120481927711,4494439.0,shares_outstanding_proxy,SEC shares outstanding (upper bound),0,0,REJECT,catalyst,0,"[{""id"": ""price"", ""kills"": true, ""reason"": ""$10.40 is outside $2.00\u201320.00."", ""state"": ""PASS"", ""value"": ""$10.40  band $2.00\u201320.00""}, {""id"": ""float"", ""kills"": false, ""reason"": """", ""state"": ""PASS"", ""value"": ""4.5M (SO upper bound)""}, {""id"": ""catalyst"", ""kills"": true, ""reason"": ""No catalyst dated today and no live theme it belongs to."", ""state"": ""FAIL"", ""value"": ""none""}, {""id"": ""rising"", ""kills"": false, ""reason"": ""cascade already stopped"", ""state"": ""NOT_APPLICABLE"", ""value"": ""\u2014""}, {""id"": ""split"", ""kills"": false, ""reason"": ""cascade already stopped"", ""state"": ""NOT_APPLICABLE"", ""value"": ""\u2014""}, {""id"": ""instrument"", ""kills"": false, ""reason"": ""cascade already stopped"", ""state"": ""NOT_APPLICABLE"", ""value"": ""\u2014""}, {""id"": ""tick"", ""kills"": false, ""reason"": ""cascade already stopped"", ""state"": ""NOT_APPLICABLE"", ""value"": ""\u2014""}, {""id"": ""buyout"", ""kills"": false, ""reason"": ""cascade already stopped"", ""state"": ""NOT_APPLICABLE"", ""value"": ""\u2014""}]",[],"{""above_ema9"": null, ""above_vwap"": true, ""buyout_announced"": false, ""catalyst_today"": false, ""change_pct"": 25.30120481927711, ""feed_stale"": false, ""float_is_shares_outstanding"": true, ""float_shares"": 4494439, ""float_verified"": false, ""halted"": false, ""in_session_window"": true, ""is_fund_or_etf"": null, ""last"": 10.4, ""live_theme"": false, ""macd_positive_and_above_signal"": null, ""penny_theme"": false, ""premarket_volume"": null, ""prev_close"": null, ""rvol"": 0.33117722425292984, ""session_high"": 10.47, ""session_volume"": 9251.0, ""split_ratio_clean_integer"": null, ""symbol"": ""COLA"", ""tick_size"": null}",10.37,10.35,10.41,0.02,2.0,1,1,SUPPRESSED,,,2026-09-11T13:16:52+00:00,33dfeedb3f51,5d525b7,,,,10.37,15.5,-6.5,1,1,target,1,2026-09-11T12:13:00Z,10.64,10.24,10.57
04e4d16cf82fa73d,2026-09-11T08:14:00-04:00,premarket,AENT,pullback,ibkr-TNON-LBGJ-PCLA,IBKR · TWS read-only · live,live-backfill,1m,7.51,,,28.99,2410180.0,149.02353592219202,36.29764065335755,3340000.0,verified,finviz via premarket_stars.py,0,0,REJECT,catalyst,0,"[{""id"": ""price"", ""kills"": true, ""reason"": ""$7.51 is outside $2.00\u201320.00."", ""state"": ""PASS"", ""value"": ""$7.51  band $2.00\u201320.00""}, {""id"": ""float"", ""kills"": false, ""reason"": """", ""state"": ""PASS"", ""value"": ""3.3M (verified)""}, {""id"": ""catalyst"", ""kills"": true, ""reason"": ""No catalyst dated today and no live theme it belongs to."", ""state"": ""FAIL"", ""value"": ""none""}, {""id"": ""rising"", ""kills"": false, ""reason"": ""cascade already stopped"", ""state"": ""NOT_APPLICABLE"", ""value"": ""\u2014""}, {""id"": ""split"", ""kills"": false, ""reason"": ""cascade already stopped"", ""state"": ""NOT_APPLICABLE"", ""value"": ""\u2014""}, {""id"": ""instrument"", ""kills"": false, ""reason"": ""cascade already stopped"", ""state"": ""NOT_APPLICABLE"", ""value"": ""\u2014""}, {""id"": ""tick"", ""kills"": false, ""reason"": ""cascade already stopped"", ""state"": ""NOT_APPLICABLE"", ""value"": ""\u2014""}, {""id"": ""buyout"", ""kills"": false, ""reason"": ""cascade already stopped"", ""state"": ""NOT_APPLICABLE"", ""value"": ""\u2014""}]",[],"{""above_ema9"": true, ""above_vwap"": false, ""buyout_announced"": false, ""catalyst_today"": false, ""change_pct"": 36.29764065335755, ""feed_stale"": false, ""float_is_shares_outstanding"": false, ""float_shares"": 3340000.0, ""float_verified"": true, ""halted"": false, ""in_session_window"": true, ""is_fund_or_etf"": null, ""last"": 7.51, ""live_theme"": false, ""macd_positive_and_above_signal"": true, ""penny_theme"": false, ""premarket_volume"": null, ""prev_close"": null, ""rvol"": 149.02353592219202, ""session_high"": 28.99, ""session_volume"": 2410180.0, ""split_ratio_clean_integer"": null, ""symbol"": ""AENT"", ""tick_size"": null}",7.52,7.38,7.8,0.14,2.0,3,1,SUPPRESSED,,,2026-09-11T13:16:52+00:00,33dfeedb3f51,5d525b7,,,,7.52,0.4286,-6.2857,1,0,stop,1,2026-09-11T12:15:00Z,7.58,7.18,6.85
1c835a098f60e712,2026-09-11T08:15:00-04:00,premarket,TNON,pullback,ibkr-TNON-LBGJ-PCLA,IBKR · TWS read-only · live,live-backfill,1m,8.09,,,9.35,17101578.0,3.053350365647372,52.64150943396226,850000.0,verified,finviz via premarket_stars.py,0,0,REJECT,catalyst,0,"[{""id"": ""price"", ""kills"": true, ""reason"": ""$8.09 is outside $2.00\u201320.00."", ""state"": ""PASS"", ""value"": ""$8.09  band $2.00\u201320.00""}, {""id"": ""float"", ""kills"": false, ""reason"": """", ""state"": ""PASS"", ""value"": ""0.8M (verified)""}, {""id"": ""catalyst"", ""kills"": true, ""reason"": ""No catalyst dated today and no live theme it belongs to."", ""state"": ""FAIL"", ""value"": ""none""}, {""id"": ""rising"", ""kills"": false, ""reason"": ""cascade already stopped"", ""state"": ""NOT_APPLICABLE"", ""value"": ""\u2014""}, {""id"": ""split"", ""kills"": false, ""reason"": ""cascade already stopped"", ""state"": ""NOT_APPLICABLE"", ""value"": ""\u2014""}, {""id"": ""instrument"", ""kills"": false, ""reason"": ""cascade already stopped"", ""state"": ""NOT_APPLICABLE"", ""value"": ""\u2014""}, {""id"": ""tick"", ""kills"": false, ""reason"": ""cascade already stopped"", ""state"": ""NOT_APPLICABLE"", ""value"": ""\u2014""}, {""id"": ""buyout"", ""kills"": false, ""reason"": ""cascade already stopped"", ""state"": ""NOT_APPLICABLE"", ""value"": ""\u2014""}]",[],"{""above_ema9"": true, ""above_vwap"": true, ""buyout_announced"": false, ""catalyst_today"": false, ""change_pct"": 52.64150943396226, ""feed_stale"": false, ""float_is_shares_outstanding"": false, ""float_shares"": 850000.0, ""float_verified"": true, ""halted"": false, ""in_session_window"": true, ""is_fund_or_etf"": null, ""last"": 8.09, ""live_theme"": false, ""macd_positive_and_above_signal"": true, ""penny_theme"": false, ""premarket_volume"": null, ""prev_close"": null, ""rvol"": 3.053350365647372, ""session_high"": 9.35, ""session_volume"": 17101578.0, ""split_ratio_clean_integer"": null, ""symbol"": ""TNON"", ""tick_size"": null}",8.0,7.91,8.18,0.09,2.0,1,1,SUPPRESSED,,,2026-09-11T13:15:58+00:00,33dfeedb3f51,5d525b7,,,,8.0,31.5556,-10.6667,1,1,stop,1,2026-09-11T12:16:00Z,8.44,7.85,9.6
5c59a867d47d6936,2026-09-11T08:21:00-04:00,premarket,FTFT,pullback,ibkr-TNON-LBGJ-PCLA,IBKR · TWS read-only · live,live-backfill,1m,2.26,,,2.58,4555730.0,1.263810657959098,10.2439024390244,5370000.0,verified,finviz via premarket_stars.py,0,0,REJECT,catalyst,0,"[{""id"": ""price"", ""kills"": true, ""reason"": ""$2.26 is outside $2.00\u201320.00."", ""state"": ""PASS"", ""value"": ""$2.26  band $2.00\u201320.00""}, {""id"": ""float"", ""kills"": false, ""reason"": """", ""state"": ""PASS"", ""value"": ""5.4M (verified)""}, {""id"": ""catalyst"", ""kills"": true, ""reason"": ""No catalyst dated today and no live theme it belongs to."", ""state"": ""FAIL"", ""value"": ""none""}, {""id"": ""rising"", ""kills"": false, ""reason"": ""cascade already stopped"", ""state"": ""NOT_APPLICABLE"", ""value"": ""\u2014""}, {""id"": ""split"", ""kills"": false, ""reason"": ""cascade already stopped"", ""state"": ""NOT_APPLICABLE"", ""value"": ""\u2014""}, {""id"": ""instrument"", ""kills"": false, ""reason"": ""cascade already stopped"", ""state"": ""NOT_APPLICABLE"", ""value"": ""\u2014""}, {""id"": ""tick"", ""kills"": false, ""reason"": ""cascade already stopped"", ""state"": ""NOT_APPLICABLE"", ""value"": ""\u2014""}, {""id"": ""buyout"", ""kills"": false, ""reason"": ""cascade already stopped"", ""state"": ""NOT_APPLICABLE"", ""value"": ""\u2014""}]",[],"{""above_ema9"": false, ""above_vwap"": false, ""buyout_announced"": false, ""catalyst_today"": false, ""change_pct"": 10.2439024390244, ""feed_stale"": false, ""float_is_shares_outstanding"": false, ""float_shares"": 5370000.0, ""float_verified"": true, ""halted"": false, ""in_session_window"": true, ""is_fund_or_etf"": null, ""last"": 2.26, ""live_theme"": false, ""macd_positive_and_above_signal"": true, ""penny_theme"": false, ""premarket_volume"": null, ""prev_close"": null, ""rvol"": 1.263810657959098, ""session_high"": 2.58, ""session_volume"": 4555730.0, ""split_ratio_clean_integer"": null, ""symbol"": ""FTFT"", ""tick_size"": null}",2.28,2.25,2.34,0.03,2.0,4,1,SUPPRESSED,,,2026-09-11T13:21:49+00:00,33dfeedb3f51,5d525b7,,,,2.28,37.33,-1.0,1,1,stop,1,2026-09-11T12:22:00Z,2.38,2.25,2.7599
40f22beaa8e1abe3,2026-09-11T08:24:00-04:00,premarket,COLA,pullback,ibkr-TNON-LBGJ-PCLA,IBKR · TWS read-only · live,live-backfill,1m,10.57,,,10.64,26546.0,0.9503221916569318,27.349397590361434,4494439.0,shares_outstanding_proxy,SEC shares outstanding (upper bound),0,0,REJECT,catalyst,0,"[{""id"": ""price"", ""kills"": true, ""reason"": ""$10.57 is outside $2.00\u201320.00."", ""state"": ""PASS"", ""value"": ""$10.57  band $2.00\u201320.00""}, {""id"": ""float"", ""kills"": false, ""reason"": """", ""state"": ""PASS"", ""value"": ""4.5M (SO upper bound)""}, {""id"": ""catalyst"", ""kills"": true, ""reason"": ""No catalyst dated today and no live theme it belongs to."", ""state"": ""FAIL"", ""value"": ""none""}, {""id"": ""rising"", ""kills"": false, ""reason"": ""cascade already stopped"", ""state"": ""NOT_APPLICABLE"", ""value"": ""\u2014""}, {""id"": ""split"", ""kills"": false, ""reason"": ""cascade already stopped"", ""state"": ""NOT_APPLICABLE"", ""value"": ""\u2014""}, {""id"": ""instrument"", ""kills"": false, ""reason"": ""cascade already stopped"", ""state"": ""NOT_APPLICABLE"", ""value"": ""\u2014""}, {""id"": ""tick"", ""kills"": false, ""reason"": ""cascade already stopped"", ""state"": ""NOT_APPLICABLE"", ""value"": ""\u2014""}, {""id"": ""buyout"", ""kills"": false, ""reason"": ""cascade already stopped"", ""state"": ""NOT_APPLICABLE"", ""value"": ""\u2014""}]",[],"{""above_ema9"": true, ""above_vwap"": true, ""buyout_announced"": false, ""catalyst_today"": false, ""change_pct"": 27.349397590361434, ""feed_stale"": false, ""float_is_shares_outstanding"": true, ""float_shares"": 4494439, ""float_verified"": false, ""halted"": false, ""in_session_window"": true, ""is_fund_or_etf"": null, ""last"": 10.57, ""live_theme"": false, ""macd_positive_and_above_signal"": null, ""penny_theme"": false, ""premarket_volume"": null, ""prev_close"": null, ""rvol"": 0.9503221916569318, ""session_high"": 10.64, ""session_volume"": 26546.0, ""split_ratio_clean_integer"": null, ""symbol"": ""COLA"", ""tick_size"": null}",10.58,10.48,10.78,0.1,2.0,2,1,SUPPRESSED,,,2026-09-11T13:16:52+00:00,33dfeedb3f51,5d525b7,,,,10.58,1.0,-1.7,1,0,stop,1,2026-09-11T12:25:00Z,10.63,10.41,10.57
ecba49f80af2393d,2026-09-11T08:26:00-04:00,premarket,AENT,pullback,ibkr-TNON-LBGJ-PCLA,IBKR · TWS read-only · live,live-backfill,1m,7.46,,,28.99,2530061.0,156.43588292942314,35.39019963702359,3340000.0,verified,finviz via premarket_stars.py,0,0,REJECT,catalyst,0,"[{""id"": ""price"", ""kills"": true, ""reason"": ""$7.46 is outside $2.00\u201320.00."", ""state"": ""PASS"", ""value"": ""$7.46  band $2.00\u201320.00""}, {""id"": ""float"", ""kills"": false, ""reason"": """", ""state"": ""PASS"", ""value"": ""3.3M (verified)""}, {""id"": ""catalyst"", ""kills"": true, ""reason"": ""No catalyst dated today and no live theme it belongs to."", ""state"": ""FAIL"", ""value"": ""none""}, {""id"": ""rising"", ""kills"": false, ""reason"": ""cascade already stopped"", ""state"": ""NOT_APPLICABLE"", ""value"": ""\u2014""}, {""id"": ""split"", ""kills"": false, ""reason"": ""cascade already stopped"", ""state"": ""NOT_APPLICABLE"", ""value"": ""\u2014""}, {""id"": ""instrument"", ""kills"": false, ""reason"": ""cascade already stopped"", ""state"": ""NOT_APPLICABLE"", ""value"": ""\u2014""}, {""id"": ""tick"", ""kills"": false, ""reason"": ""cascade already stopped"", ""state"": ""NOT_APPLICABLE"", ""value"": ""\u2014""}, {""id"": ""buyout"", ""kills"": false, ""reason"": ""cascade already stopped"", ""state"": ""NOT_APPLICABLE"", ""value"": ""\u2014""}]",[],"{""above_ema9"": true, ""above_vwap"": false, ""buyout_announced"": false, ""catalyst_today"": false, ""change_pct"": 35.39019963702359, ""feed_stale"": false, ""float_is_shares_outstanding"": false, ""float_shares"": 3340000.0, ""float_verified"": true, ""halted"": false, ""in_session_window"": true, ""is_fund_or_etf"": null, ""last"": 7.46, ""live_theme"": false, ""macd_positive_and_above_signal"": false, ""penny_theme"": false, ""premarket_volume"": null, ""prev_close"": null, ""rvol"": 156.43588292942314, ""session_high"": 28.99, ""session_volume"": 2530061.0, ""split_ratio_clean_integer"": null, ""symbol"": ""AENT"", ""tick_size"": null}",7.53,7.43,7.73,0.1,2.0,2,1,SUPPRESSED,,,2026-09-11T13:16:52+00:00,33dfeedb3f51,5d525b7,,,,7.53,,,0,0,untriggered,0,,7.48,7.18,6.85
15736fe9661a079c,2026-09-11T08:29:00-04:00,premarket,PCLA,pullback,ibkr-TNON-LBGJ-PCLA,IBKR · TWS read-only · live,live-backfill,1m,12.5,,,13.75,712386.0,2.0769916033836036,28.600823045267475,9480000.0,verified,finviz via premarket_stars.py,0,0,REJECT,catalyst,0,"[{""id"": ""price"", ""kills"": true, ""reason"": ""$12.50 is outside $2.00\u201320.00."", ""state"": ""PASS"", ""value"": ""$12.50  band $2.00\u201320.00""}, {""id"": ""float"", ""kills"": false, ""reason"": """", ""state"": ""PASS"", ""value"": ""9.5M (verified)""}, {""id"": ""catalyst"", ""kills"": true, ""reason"": ""No catalyst dated today and no live theme it belongs to."", ""state"": ""FAIL"", ""value"": ""none""}, {""id"": ""rising"", ""kills"": false, ""reason"": ""cascade already stopped"", ""state"": ""NOT_APPLICABLE"", ""value"": ""\u2014""}, {""id"": ""split"", ""kills"": false, ""reason"": ""cascade already stopped"", ""state"": ""NOT_APPLICABLE"", ""value"": ""\u2014""}, {""id"": ""instrument"", ""kills"": false, ""reason"": ""cascade already stopped"", ""state"": ""NOT_APPLICABLE"", ""value"": ""\u2014""}, {""id"": ""tick"", ""kills"": false, ""reason"": ""cascade already stopped"", ""state"": ""NOT_APPLICABLE"", ""value"": ""\u2014""}, {""id"": ""buyout"", ""kills"": false, ""reason"": ""cascade already stopped"", ""state"": ""NOT_APPLICABLE"", ""value"": ""\u2014""}]",[],"{""above_ema9"": true, ""above_vwap"": true, ""buyout_announced"": false, ""catalyst_today"": false, ""change_pct"": 28.600823045267475, ""feed_stale"": false, ""float_is_shares_outstanding"": false, ""float_shares"": 9480000.0, ""float_verified"": true, ""halted"": false, ""in_session_window"": true, ""is_fund_or_etf"": null, ""last"": 12.5, ""live_theme"": false, ""macd_positive_and_above_signal"": true, ""penny_theme"": false, ""premarket_volume"": null, ""prev_close"": null, ""rvol"": 2.0769916033836036, ""session_high"": 13.75, ""session_volume"": 712386.0, ""split_ratio_clean_integer"": null, ""symbol"": ""PCLA"", ""tick_size"": null}",12.5,12.42,12.66,0.08,2.0,3,1,SUPPRESSED,,,2026-09-11T13:15:58+00:00,33dfeedb3f51,5d525b7,,,,12.5,36.875,-30.5,1,1,stop,1,2026-09-11T12:30:00Z,12.5,12.1401,10.23
41345f06460fe3a2,2026-09-11T08:34:00-04:00,premarket,TNON,pullback,ibkr-TNON-LBGJ-PCLA,IBKR · TWS read-only · live,live-backfill,1m,8.27,,,9.35,18934138.0,3.3805393388562037,56.0377358490566,850000.0,verified,finviz via premarket_stars.py,0,0,REJECT,catalyst,0,"[{""id"": ""price"", ""kills"": true, ""reason"": ""$8.27 is outside $2.00\u201320.00."", ""state"": ""PASS"", ""value"": ""$8.27  band $2.00\u201320.00""}, {""id"": ""float"", ""kills"": false, ""reason"": """", ""state"": ""PASS"", ""value"": ""0.8M (verified)""}, {""id"": ""catalyst"", ""kills"": true, ""reason"": ""No catalyst dated today and no live theme it belongs to."", ""state"": ""FAIL"", ""value"": ""none""}, {""id"": ""rising"", ""kills"": false, ""reason"": ""cascade already stopped"", ""state"": ""NOT_APPLICABLE"", ""value"": ""\u2014""}, {""id"": ""split"", ""kills"": false, ""reason"": ""cascade already stopped"", ""state"": ""NOT_APPLICABLE"", ""value"": ""\u2014""}, {""id"": ""instrument"", ""kills"": false, ""reason"": ""cascade already stopped"", ""state"": ""NOT_APPLICABLE"", ""value"": ""\u2014""}, {""id"": ""tick"", ""kills"": false, ""reason"": ""cascade already stopped"", ""state"": ""NOT_APPLICABLE"", ""value"": ""\u2014""}, {""id"": ""buyout"", ""kills"": false, ""reason"": ""cascade already stopped"", ""state"": ""NOT_APPLICABLE"", ""value"": ""\u2014""}]",[],"{""above_ema9"": true, ""above_vwap"": true, ""buyout_announced"": false, ""catalyst_today"": false, ""change_pct"": 56.0377358490566, ""feed_stale"": false, ""float_is_shares_outstanding"": false, ""float_shares"": 850000.0, ""float_verified"": true, ""halted"": false, ""in_session_window"": true, ""is_fund_or_etf"": null, ""last"": 8.27, ""live_theme"": false, ""macd_positive_and_above_signal"": true, ""penny_theme"": false, ""premarket_volume"": null, ""prev_close"": null, ""rvol"": 3.3805393388562037, ""session_high"": 9.35, ""session_volume"": 18934138.0, ""split_ratio_clean_integer"": null, ""symbol"": ""TNON"", ""tick_size"": null}",8.3,8.14,8.62,0.16,2.0,1,1,SUPPRESSED,,,2026-09-11T13:15:58+00:00,33dfeedb3f51,5d525b7,,,,8.3,15.875,-7.875,1,1,stop,1,2026-09-11T12:35:00Z,8.79,7.94,9.6
e51f08de3396495c,2026-09-11T08:38:00-04:00,premarket,FTFT,pullback,ibkr-TNON-LBGJ-PCLA,IBKR · TWS read-only · live,live-backfill,1m,2.3115,,,2.58,4713370.0,1.307541764087133,12.756097560975622,5370000.0,verified,finviz via premarket_stars.py,0,0,REJECT,catalyst,0,"[{""id"": ""price"", ""kills"": true, ""reason"": ""$2.31 is outside $2.00\u201320.00."", ""state"": ""PASS"", ""value"": ""$2.31  band $2.00\u201320.00""}, {""id"": ""float"", ""kills"": false, ""reason"": """", ""state"": ""PASS"", ""value"": ""5.4M (verified)""}, {""id"": ""catalyst"", ""kills"": true, ""reason"": ""No catalyst dated today and no live theme it belongs to."", ""state"": ""FAIL"", ""value"": ""none""}, {""id"": ""rising"", ""kills"": false, ""reason"": ""cascade already stopped"", ""state"": ""NOT_APPLICABLE"", ""value"": ""\u2014""}, {""id"": ""split"", ""kills"": false, ""reason"": ""cascade already stopped"", ""state"": ""NOT_APPLICABLE"", ""value"": ""\u2014""}, {""id"": ""instrument"", ""kills"": false, ""reason"": ""cascade already stopped"", ""state"": ""NOT_APPLICABLE"", ""value"": ""\u2014""}, {""id"": ""tick"", ""kills"": false, ""reason"": ""cascade already stopped"", ""state"": ""NOT_APPLICABLE"", ""value"": ""\u2014""}, {""id"": ""buyout"", ""kills"": false, ""reason"": ""cascade already stopped"", ""state"": ""NOT_APPLICABLE"", ""value"": ""\u2014""}]",[],"{""above_ema9"": true, ""above_vwap"": false, ""buyout_announced"": false, ""catalyst_today"": false, ""change_pct"": 12.756097560975622, ""feed_stale"": false, ""float_is_shares_outstanding"": false, ""float_shares"": 5370000.0, ""float_verified"": true, ""halted"": false, ""in_session_window"": true, ""is_fund_or_etf"": null, ""last"": 2.3115, ""live_theme"": false, ""macd_positive_and_above_signal"": true, ""penny_theme"": false, ""premarket_volume"": null, ""prev_close"": null, ""rvol"": 1.307541764087133, ""session_high"": 2.58, ""session_volume"": 4713370.0, ""split_ratio_clean_integer"": null, ""symbol"": ""FTFT"", ""tick_size"": null}",2.3192,2.29,2.3776,0.0292,2.0,3,1,SUPPRESSED,,,2026-09-11T13:15:58+00:00,33dfeedb3f51,5d525b7,,,,2.3192,37.0103,-0.6575,0,1,target,1,2026-09-11T12:39:00Z,2.38,2.3,2.7599
5efd908d18ffe59d,2026-09-11T08:44:00-04:00,premarket,LBGJ,pullback,ibkr-TNON-LBGJ-PCLA,IBKR · TWS read-only · live,live-backfill,1m,2.6,,,3.25,3236446.0,16.96134959358115,34.020618556701045,540000.0,verified,finviz via premarket_stars.py,0,0,REJECT,catalyst,0,"[{""id"": ""price"", ""kills"": true, ""reason"": ""$2.60 is outside $2.00\u201320.00."", ""state"": ""PASS"", ""value"": ""$2.60  band $2.00\u201320.00""}, {""id"": ""float"", ""kills"": false, ""reason"": """", ""state"": ""PASS"", ""value"": ""0.5M (verified)""}, {""id"": ""catalyst"", ""kills"": true, ""reason"": ""No catalyst dated today and no live theme it belongs to."", ""state"": ""FAIL"", ""value"": ""none""}, {""id"": ""rising"", ""kills"": false, ""reason"": ""cascade already stopped"", ""state"": ""NOT_APPLICABLE"", ""value"": ""\u2014""}, {""id"": ""split"", ""kills"": false, ""reason"": ""cascade already stopped"", ""state"": ""NOT_APPLICABLE"", ""value"": ""\u2014""}, {""id"": ""instrument"", ""kills"": false, ""reason"": ""cascade already stopped"", ""state"": ""NOT_APPLICABLE"", ""value"": ""\u2014""}, {""id"": ""tick"", ""kills"": false, ""reason"": ""cascade already stopped"", ""state"": ""NOT_APPLICABLE"", ""value"": ""\u2014""}, {""id"": ""buyout"", ""kills"": false, ""reason"": ""cascade already stopped"", ""state"": ""NOT_APPLICABLE"", ""value"": ""\u2014""}]",[],"{""above_ema9"": true, ""above_vwap"": true, ""buyout_announced"": false, ""catalyst_today"": false, ""change_pct"": 34.020618556701045, ""feed_stale"": false, ""float_is_shares_outstanding"": false, ""float_shares"": 540000.0, ""float_verified"": true, ""halted"": false, ""in_session_window"": true, ""is_fund_or_etf"": null, ""last"": 2.6, ""live_theme"": false, ""macd_positive_and_above_signal"": true, ""penny_theme"": false, ""premarket_volume"": null, ""prev_close"": null, ""rvol"": 16.96134959358115, ""session_high"": 3.25, ""session_volume"": 3236446.0, ""split_ratio_clean_integer"": null, ""symbol"": ""LBGJ"", ""tick_size"": null}",2.58,2.5405,2.659,0.0395,2.0,1,0,SUPPRESSED,,,2026-09-11T13:15:58+00:00,33dfeedb3f51,5d525b7,,,,2.58,2.5316,-14.1747,1,1,stop,1,2026-09-11T12:45:00Z,2.63,2.51,2.2507
3369dee73b3e286e,2026-09-11T08:50:00-04:00,premarket,SXTC,pullback,ibkr-TNON-LBGJ-PCLA,IBKR · TWS read-only · live,live-backfill,1m,2.16,,,2.7399,1973672.0,5.203908325857294,11.917098445595876,1030000.0,verified,finviz via premarket_stars.py,0,0,REJECT,catalyst,0,"[{""id"": ""price"", ""kills"": true, ""reason"": ""$2.16 is outside $2.00\u201320.00."", ""state"": ""PASS"", ""value"": ""$2.16  band $2.00\u201320.00""}, {""id"": ""float"", ""kills"": false, ""reason"": """", ""state"": ""PASS"", ""value"": ""1.0M (verified)""}, {""id"": ""catalyst"", ""kills"": true, ""reason"": ""No catalyst dated today and no live theme it belongs to."", ""state"": ""FAIL"", ""value"": ""none""}, {""id"": ""rising"", ""kills"": false, ""reason"": ""cascade already stopped"", ""state"": ""NOT_APPLICABLE"", ""value"": ""\u2014""}, {""id"": ""split"", ""kills"": false, ""reason"": ""cascade already stopped"", ""state"": ""NOT_APPLICABLE"", ""value"": ""\u2014""}, {""id"": ""instrument"", ""kills"": false, ""reason"": ""cascade already stopped"", ""state"": ""NOT_APPLICABLE"", ""value"": ""\u2014""}, {""id"": ""tick"", ""kills"": false, ""reason"": ""cascade already stopped"", ""state"": ""NOT_APPLICABLE"", ""value"": ""\u2014""}, {""id"": ""buyout"", ""kills"": false, ""reason"": ""cascade already stopped"", ""state"": ""NOT_APPLICABLE"", ""value"": ""\u2014""}]",[],"{""above_ema9"": true, ""above_vwap"": false, ""buyout_announced"": false, ""catalyst_today"": false, ""change_pct"": 11.917098445595876, ""feed_stale"": false, ""float_is_shares_outstanding"": false, ""float_shares"": 1030000.0, ""float_verified"": true, ""halted"": false, ""in_session_window"": true, ""is_fund_or_etf"": null, ""last"": 2.16, ""live_theme"": false, ""macd_positive_and_above_signal"": true, ""penny_theme"": false, ""premarket_volume"": null, ""prev_close"": null, ""rvol"": 5.203908325857294, ""session_high"": 2.7399, ""session_volume"": 1973672.0, ""split_ratio_clean_integer"": null, ""symbol"": ""SXTC"", ""tick_size"": null}",2.16,2.13,2.22,0.03,2.0,4,1,SUPPRESSED,,,2026-09-11T13:15:58+00:00,33dfeedb3f51,5d525b7,,,,2.16,27.3333,-1.3333,1,1,target,1,2026-09-11T12:51:00Z,2.25,2.14,2.33
e3440284c093df39,2026-09-11T08:51:00-04:00,premarket,TNON,pullback,ibkr-TNON-LBGJ-PCLA,IBKR · TWS read-only · live,live-backfill,1m,8.45,,,9.35,20999565.0,3.749304857784805,59.43396226415094,850000.0,verified,finviz via premarket_stars.py,0,0,REJECT,catalyst,0,"[{""id"": ""price"", ""kills"": true, ""reason"": ""$8.45 is outside $2.00\u201320.00."", ""state"": ""PASS"", ""value"": ""$8.45  band $2.00\u201320.00""}, {""id"": ""float"", ""kills"": false, ""reason"": """", ""state"": ""PASS"", ""value"": ""0.8M (verified)""}, {""id"": ""catalyst"", ""kills"": true, ""reason"": ""No catalyst dated today and no live theme it belongs to."", ""state"": ""FAIL"", ""value"": ""none""}, {""id"": ""rising"", ""kills"": false, ""reason"": ""cascade already stopped"", ""state"": ""NOT_APPLICABLE"", ""value"": ""\u2014""}, {""id"": ""split"", ""kills"": false, ""reason"": ""cascade already stopped"", ""state"": ""NOT_APPLICABLE"", ""value"": ""\u2014""}, {""id"": ""instrument"", ""kills"": false, ""reason"": ""cascade already stopped"", ""state"": ""NOT_APPLICABLE"", ""value"": ""\u2014""}, {""id"": ""tick"", ""kills"": false, ""reason"": ""cascade already stopped"", ""state"": ""NOT_APPLICABLE"", ""value"": ""\u2014""}, {""id"": ""buyout"", ""kills"": false, ""reason"": ""cascade already stopped"", ""state"": ""NOT_APPLICABLE"", ""value"": ""\u2014""}]",[],"{""above_ema9"": true, ""above_vwap"": true, ""buyout_announced"": false, ""catalyst_today"": false, ""change_pct"": 59.43396226415094, ""feed_stale"": false, ""float_is_shares_outstanding"": false, ""float_shares"": 850000.0, ""float_verified"": true, ""halted"": false, ""in_session_window"": true, ""is_fund_or_etf"": null, ""last"": 8.45, ""live_theme"": false, ""macd_positive_and_above_signal"": true, ""penny_theme"": false, ""premarket_volume"": null, ""prev_close"": null, ""rvol"": 3.749304857784805, ""session_high"": 9.35, ""session_volume"": 20999565.0, ""split_ratio_clean_integer"": null, ""symbol"": ""TNON"", ""tick_size"": null}",8.45,8.36,8.63,0.09,2.0,4,1,SUPPRESSED,,,2026-09-11T13:15:58+00:00,33dfeedb3f51,5d525b7,,,,8.45,26.5556,-15.6667,1,1,stop,1,2026-09-11T12:52:00Z,8.79,7.94,9.6
42472789ca05e208,2026-09-11T08:51:00-04:00,premarket,BTCT,pullback,ibkr-TNON-LBGJ-PCLA,IBKR · TWS read-only · live,live-backfill,1m,1.59,,,1.68,1135864.0,0.06520689581305043,22.307692307692317,8620000.0,verified,finviz via premarket_stars.py,0,0,REJECT,price,0,"[{""id"": ""price"", ""kills"": true, ""reason"": ""$1.59 is outside $2.00\u201320.00."", ""state"": ""FAIL"", ""value"": ""$1.59  band $2.00\u201320.00""}, {""id"": ""float"", ""kills"": false, ""reason"": ""cascade already stopped"", ""state"": ""NOT_APPLICABLE"", ""value"": ""\u2014""}, {""id"": ""catalyst"", ""kills"": false, ""reason"": ""cascade already stopped"", ""state"": ""NOT_APPLICABLE"", ""value"": ""\u2014""}, {""id"": ""rising"", ""kills"": false, ""reason"": ""cascade already stopped"", ""state"": ""NOT_APPLICABLE"", ""value"": ""\u2014""}, {""id"": ""split"", ""kills"": false, ""reason"": ""cascade already stopped"", ""state"": ""NOT_APPLICABLE"", ""value"": ""\u2014""}, {""id"": ""instrument"", ""kills"": false, ""reason"": ""cascade already stopped"", ""state"": ""NOT_APPLICABLE"", ""value"": ""\u2014""}, {""id"": ""tick"", ""kills"": false, ""reason"": ""cascade already stopped"", ""state"": ""NOT_APPLICABLE"", ""value"": ""\u2014""}, {""id"": ""buyout"", ""kills"": false, ""reason"": ""cascade already stopped"", ""state"": ""NOT_APPLICABLE"", ""value"": ""\u2014""}]",[],"{""above_ema9"": true, ""above_vwap"": true, ""buyout_announced"": false, ""catalyst_today"": false, ""change_pct"": 22.307692307692317, ""feed_stale"": false, ""float_is_shares_outstanding"": false, ""float_shares"": 8620000.0, ""float_verified"": true, ""halted"": false, ""in_session_window"": true, ""is_fund_or_etf"": null, ""last"": 1.59, ""live_theme"": false, ""macd_positive_and_above_signal"": true, ""penny_theme"": false, ""premarket_volume"": null, ""prev_close"": null, ""rvol"": 0.06520689581305043, ""session_high"": 1.68, ""session_volume"": 1135864.0, ""split_ratio_clean_integer"": null, ""symbol"": ""BTCT"", ""tick_size"": null}",1.57,1.47,1.77,0.1,2.0,2,0,SUPPRESSED,,,2026-09-11T13:16:52+00:00,33dfeedb3f51,5d525b7,,,,1.57,0.45,-1.0,1,0,stop,1,2026-09-11T12:52:00Z,1.6,1.48,1.535
1d3a5bd48ccc99b3,2026-09-11T08:56:00-04:00,premarket,FTFT,pullback,ibkr-TNON-LBGJ-PCLA,IBKR · TWS read-only · live,live-backfill,1m,2.37,,,2.58,5042467.0,1.3988369672932854,15.60975609756099,5370000.0,verified,finviz via premarket_stars.py,0,0,REJECT,catalyst,0,"[{""id"": ""price"", ""kills"": true, ""reason"": ""$2.37 is outside $2.00\u201320.00."", ""state"": ""PASS"", ""value"": ""$2.37  band $2.00\u201320.00""}, {""id"": ""float"", ""kills"": false, ""reason"": """", ""state"": ""PASS"", ""value"": ""5.4M (verified)""}, {""id"": ""catalyst"", ""kills"": true, ""reason"": ""No catalyst dated today and no live theme it belongs to."", ""state"": ""FAIL"", ""value"": ""none""}, {""id"": ""rising"", ""kills"": false, ""reason"": ""cascade already stopped"", ""state"": ""NOT_APPLICABLE"", ""value"": ""\u2014""}, {""id"": ""split"", ""kills"": false, ""reason"": ""cascade already stopped"", ""state"": ""NOT_APPLICABLE"", ""value"": ""\u2014""}, {""id"": ""instrument"", ""kills"": false, ""reason"": ""cascade already stopped"", ""state"": ""NOT_APPLICABLE"", ""value"": ""\u2014""}, {""id"": ""tick"", ""kills"": false, ""reason"": ""cascade already stopped"", ""state"": ""NOT_APPLICABLE"", ""value"": ""\u2014""}, {""id"": ""buyout"", ""kills"": false, ""reason"": ""cascade already stopped"", ""state"": ""NOT_APPLICABLE"", ""value"": ""\u2014""}]",[],"{""above_ema9"": true, ""above_vwap"": false, ""buyout_announced"": false, ""catalyst_today"": false, ""change_pct"": 15.60975609756099, ""feed_stale"": false, ""float_is_shares_outstanding"": false, ""float_shares"": 5370000.0, ""float_verified"": true, ""halted"": false, ""in_session_window"": true, ""is_fund_or_etf"": null, ""last"": 2.37, ""live_theme"": false, ""macd_positive_and_above_signal"": false, ""penny_theme"": false, ""premarket_volume"": null, ""prev_close"": null, ""rvol"": 1.3988369672932854, ""session_high"": 2.58, ""session_volume"": 5042467.0, ""split_ratio_clean_integer"": null, ""symbol"": ""FTFT"", ""tick_size"": null}",2.36,2.32,2.44,0.04,2.0,4,0,SUPPRESSED,,,2026-09-11T13:15:58+00:00,33dfeedb3f51,5d525b7,,,,2.36,25.9975,-1.0,1,1,stop,1,2026-09-11T12:57:00Z,2.97,2.32,2.7599
1fc6f28ed38a11d8,2026-09-11T09:11:00-04:00,premarket,TNON,pullback,ibkr-TNON-LBGJ-PCLA,IBKR · TWS read-only · live,live-backfill,1m,8.29,,,9.35,23399722.0,4.177833748718793,56.41509433962264,850000.0,verified,finviz via premarket_stars.py,0,0,REJECT,catalyst,0,"[{""id"": ""price"", ""kills"": true, ""reason"": ""$8.29 is outside $2.00\u201320.00."", ""state"": ""PASS"", ""value"": ""$8.29  band $2.00\u201320.00""}, {""id"": ""float"", ""kills"": false, ""reason"": """", ""state"": ""PASS"", ""value"": ""0.8M (verified)""}, {""id"": ""catalyst"", ""kills"": true, ""reason"": ""No catalyst dated today and no live theme it belongs to."", ""state"": ""FAIL"", ""value"": ""none""}, {""id"": ""rising"", ""kills"": false, ""reason"": ""cascade already stopped"", ""state"": ""NOT_APPLICABLE"", ""value"": ""\u2014""}, {""id"": ""split"", ""kills"": false, ""reason"": ""cascade already stopped"", ""state"": ""NOT_APPLICABLE"", ""value"": ""\u2014""}, {""id"": ""instrument"", ""kills"": false, ""reason"": ""cascade already stopped"", ""state"": ""NOT_APPLICABLE"", ""value"": ""\u2014""}, {""id"": ""tick"", ""kills"": false, ""reason"": ""cascade already stopped"", ""state"": ""NOT_APPLICABLE"", ""value"": ""\u2014""}, {""id"": ""buyout"", ""kills"": false, ""reason"": ""cascade already stopped"", ""state"": ""NOT_APPLICABLE"", ""value"": ""\u2014""}]",[],"{""above_ema9"": true, ""above_vwap"": true, ""buyout_announced"": false, ""catalyst_today"": false, ""change_pct"": 56.41509433962264, ""feed_stale"": false, ""float_is_shares_outstanding"": false, ""float_shares"": 850000.0, ""float_verified"": true, ""halted"": false, ""in_session_window"": true, ""is_fund_or_etf"": null, ""last"": 8.29, ""live_theme"": false, ""macd_positive_and_above_signal"": true, ""penny_theme"": false, ""premarket_volume"": null, ""prev_close"": null, ""rvol"": 4.177833748718793, ""session_high"": 9.35, ""session_volume"": 23399722.0, ""split_ratio_clean_integer"": null, ""symbol"": ""TNON"", ""tick_size"": null}",8.19,8.11,8.35,0.08,2.0,3,1,SUPPRESSED,,,2026-09-11T13:15:58+00:00,33dfeedb3f51,5d525b7,,,,8.19,33.125,-14.375,1,1,stop,1,2026-09-11T13:12:00Z,8.8,7.77,9.6
7c149c1013b40a14,2026-09-11T09:13:00-04:00,premarket,FTFT,pullback,ibkr-TNON-LBGJ-PCLA,IBKR · TWS read-only · live,live-backfill,1m,2.47,,,2.58,5220213.0,1.4481457035901244,20.4878048780488,5370000.0,verified,finviz via premarket_stars.py,0,0,REJECT,catalyst,0,"[{""id"": ""price"", ""kills"": true, ""reason"": ""$2.47 is outside $2.00\u201320.00."", ""state"": ""PASS"", ""value"": ""$2.47  band $2.00\u201320.00""}, {""id"": ""float"", ""kills"": false, ""reason"": """", ""state"": ""PASS"", ""value"": ""5.4M (verified)""}, {""id"": ""catalyst"", ""kills"": true, ""reason"": ""No catalyst dated today and no live theme it belongs to."", ""state"": ""FAIL"", ""value"": ""none""}, {""id"": ""rising"", ""kills"": false, ""reason"": ""cascade already stopped"", ""state"": ""NOT_APPLICABLE"", ""value"": ""\u2014""}, {""id"": ""split"", ""kills"": false, ""reason"": ""cascade already stopped"", ""state"": ""NOT_APPLICABLE"", ""value"": ""\u2014""}, {""id"": ""instrument"", ""kills"": false, ""reason"": ""cascade already stopped"", ""state"": ""NOT_APPLICABLE"", ""value"": ""\u2014""}, {""id"": ""tick"", ""kills"": false, ""reason"": ""cascade already stopped"", ""state"": ""NOT_APPLICABLE"", ""value"": ""\u2014""}, {""id"": ""buyout"", ""kills"": false, ""reason"": ""cascade already stopped"", ""state"": ""NOT_APPLICABLE"", ""value"": ""\u2014""}]",[],"{""above_ema9"": true, ""above_vwap"": true, ""buyout_announced"": false, ""catalyst_today"": false, ""change_pct"": 20.4878048780488, ""feed_stale"": false, ""float_is_shares_outstanding"": false, ""float_shares"": 5370000.0, ""float_verified"": true, ""halted"": false, ""in_session_window"": true, ""is_fund_or_etf"": null, ""last"": 2.47, ""live_theme"": false, ""macd_positive_and_above_signal"": true, ""penny_theme"": false, ""premarket_volume"": null, ""prev_close"": null, ""rvol"": 1.4481457035901244, ""session_high"": 2.58, ""session_volume"": 5220213.0, ""split_ratio_clean_integer"": null, ""symbol"": ""FTFT"", ""tick_size"": null}",2.37,2.33,2.45,0.04,2.0,2,0,SUPPRESSED,,,2026-09-11T13:15:58+00:00,33dfeedb3f51,5d525b7,,,,2.37,25.7475,1.75,0,1,target,1,2026-09-11T13:14:00Z,3.3999,2.44,2.7599
2a6f0060029af7fe,2026-09-11T09:19:00-04:00,premarket,SXTC,pullback,ibkr-TNON-LBGJ-PCLA,IBKR · TWS read-only · live,live-backfill,1m,2.24,,,2.7399,2038222.0,5.374104935240256,16.062176165803123,1030000.0,verified,finviz via premarket_stars.py,0,0,REJECT,catalyst,0,"[{""id"": ""price"", ""kills"": true, ""reason"": ""$2.24 is outside $2.00\u201320.00."", ""state"": ""PASS"", ""value"": ""$2.24  band $2.00\u201320.00""}, {""id"": ""float"", ""kills"": false, ""reason"": """", ""state"": ""PASS"", ""value"": ""1.0M (verified)""}, {""id"": ""catalyst"", ""kills"": true, ""reason"": ""No catalyst dated today and no live theme it belongs to."", ""state"": ""FAIL"", ""value"": ""none""}, {""id"": ""rising"", ""kills"": false, ""reason"": ""cascade already stopped"", ""state"": ""NOT_APPLICABLE"", ""value"": ""\u2014""}, {""id"": ""split"", ""kills"": false, ""reason"": ""cascade already stopped"", ""state"": ""NOT_APPLICABLE"", ""value"": ""\u2014""}, {""id"": ""instrument"", ""kills"": false, ""reason"": ""cascade already stopped"", ""state"": ""NOT_APPLICABLE"", ""value"": ""\u2014""}, {""id"": ""tick"", ""kills"": false, ""reason"": ""cascade already stopped"", ""state"": ""NOT_APPLICABLE"", ""value"": ""\u2014""}, {""id"": ""buyout"", ""kills"": false, ""reason"": ""cascade already stopped"", ""state"": ""NOT_APPLICABLE"", ""value"": ""\u2014""}]",[],"{""above_ema9"": true, ""above_vwap"": false, ""buyout_announced"": false, ""catalyst_today"": false, ""change_pct"": 16.062176165803123, ""feed_stale"": false, ""float_is_shares_outstanding"": false, ""float_shares"": 1030000.0, ""float_verified"": true, ""halted"": false, ""in_session_window"": true, ""is_fund_or_etf"": null, ""last"": 2.24, ""live_theme"": false, ""macd_positive_and_above_signal"": true, ""penny_theme"": false, ""premarket_volume"": null, ""prev_close"": null, ""rvol"": 5.374104935240256, ""session_high"": 2.7399, ""session_volume"": 2038222.0, ""split_ratio_clean_integer"": null, ""symbol"": ""SXTC"", ""tick_size"": null}",2.22,2.19,2.28,0.03,2.0,1,1,SUPPRESSED,,,2026-09-11T13:21:49+00:00,33dfeedb3f51,5d525b7,,,,2.22,25.3333,-3.3333,1,1,target,1,2026-09-11T13:20:00Z,2.63,2.12,2.33
638b620917d156b3,2026-09-11T09:22:00-04:00,premarket,FTFT,pullback,ibkr-TNON-LBGJ-PCLA,IBKR · TWS read-only · live,live,1m,2.83,2.8,2.81,2.97,8066172.0,2.2376466872556655,38.04878048780489,5370000.0,verified,finviz via premarket_stars.py,0,0,REJECT,catalyst,0,"[{""id"": ""price"", ""kills"": true, ""reason"": ""$2.83 is outside $2.00\u201320.00."", ""state"": ""PASS"", ""value"": ""$2.83  band $2.00\u201320.00""}, {""id"": ""float"", ""kills"": false, ""reason"": """", ""state"": ""PASS"", ""value"": ""5.4M (verified)""}, {""id"": ""catalyst"", ""kills"": true, ""reason"": ""No catalyst dated today and no live theme it belongs to."", ""state"": ""FAIL"", ""value"": ""none""}, {""id"": ""rising"", ""kills"": false, ""reason"": ""cascade already stopped"", ""state"": ""NOT_APPLICABLE"", ""value"": ""\u2014""}, {""id"": ""split"", ""kills"": false, ""reason"": ""cascade already stopped"", ""state"": ""NOT_APPLICABLE"", ""value"": ""\u2014""}, {""id"": ""instrument"", ""kills"": false, ""reason"": ""cascade already stopped"", ""state"": ""NOT_APPLICABLE"", ""value"": ""\u2014""}, {""id"": ""tick"", ""kills"": false, ""reason"": ""cascade already stopped"", ""state"": ""NOT_APPLICABLE"", ""value"": ""\u2014""}, {""id"": ""buyout"", ""kills"": false, ""reason"": ""cascade already stopped"", ""state"": ""NOT_APPLICABLE"", ""value"": ""\u2014""}]",[],"{""above_ema9"": true, ""above_vwap"": true, ""buyout_announced"": false, ""catalyst_today"": false, ""change_pct"": 38.04878048780489, ""feed_stale"": false, ""float_is_shares_outstanding"": false, ""float_shares"": 5370000.0, ""float_verified"": true, ""halted"": false, ""in_session_window"": true, ""is_fund_or_etf"": null, ""last"": 2.83, ""live_theme"": false, ""macd_positive_and_above_signal"": true, ""penny_theme"": false, ""premarket_volume"": null, ""prev_close"": null, ""rvol"": 2.2376466872556655, ""session_high"": 2.97, ""session_volume"": 8066172.0, ""split_ratio_clean_integer"": null, ""symbol"": ""FTFT"", ""tick_size"": null}",2.86,2.77,3.04,0.09,2.0,2,0,SUPPRESSED,,,2026-09-11T13:22:34+00:00,33dfeedb3f51,5d525b7,,,,2.86,5.9989,-2.2222,1,1,target,1,2026-09-11T13:30:00Z,3.3999,2.65,2.7599
7d87adb8e5582f40,2026-09-11T09:28:00-04:00,premarket,PCLA,pullback,ibkr-TNON-LBGJ-PCLA,IBKR · TWS read-only · live,live,1m,12.67,12.56,12.7,13.75,763965.0,2.2273723659349773,30.349794238683113,9480000.0,verified,finviz via premarket_stars.py,0,0,REJECT,catalyst,0,"[{""id"": ""price"", ""kills"": true, ""reason"": ""$12.67 is outside $2.00\u201320.00."", ""state"": ""PASS"", ""value"": ""$12.67  band $2.00\u201320.00""}, {""id"": ""float"", ""kills"": false, ""reason"": """", ""state"": ""PASS"", ""value"": ""9.5M (verified)""}, {""id"": ""catalyst"", ""kills"": true, ""reason"": ""No catalyst dated today and no live theme it belongs to."", ""state"": ""FAIL"", ""value"": ""none""}, {""id"": ""rising"", ""kills"": false, ""reason"": ""cascade already stopped"", ""state"": ""NOT_APPLICABLE"", ""value"": ""\u2014""}, {""id"": ""split"", ""kills"": false, ""reason"": ""cascade already stopped"", ""state"": ""NOT_APPLICABLE"", ""value"": ""\u2014""}, {""id"": ""instrument"", ""kills"": false, ""reason"": ""cascade already stopped"", ""state"": ""NOT_APPLICABLE"", ""value"": ""\u2014""}, {""id"": ""tick"", ""kills"": false, ""reason"": ""cascade already stopped"", ""state"": ""NOT_APPLICABLE"", ""value"": ""\u2014""}, {""id"": ""buyout"", ""kills"": false, ""reason"": ""cascade already stopped"", ""state"": ""NOT_APPLICABLE"", ""value"": ""\u2014""}]",[],"{""above_ema9"": true, ""above_vwap"": true, ""buyout_announced"": false, ""catalyst_today"": false, ""change_pct"": 30.349794238683113, ""feed_stale"": false, ""float_is_shares_outstanding"": false, ""float_shares"": 9480000.0, ""float_verified"": true, ""halted"": false, ""in_session_window"": true, ""is_fund_or_etf"": null, ""last"": 12.67, ""live_theme"": false, ""macd_positive_and_above_signal"": true, ""penny_theme"": false, ""premarket_volume"": null, ""prev_close"": null, ""rvol"": 2.2273723659349773, ""session_high"": 13.75, ""session_volume"": 763965.0, ""split_ratio_clean_integer"": null, ""symbol"": ""PCLA"", ""tick_size"": null}",12.6,12.5457,12.7086,0.0543,2.0,2,1,SUPPRESSED,,,2026-09-11T13:28:35+00:00,33dfeedb3f51,5d525b7,,,,12.6,52.4862,-46.7772,1,1,stop,1,2026-09-11T13:29:00Z,13.8,11.9696,10.23
51a4ca3431d25bf9,2026-09-11T09:30:00-04:00,regular,FTFT,pullback,ibkr-TNON-LBGJ-PCLA,IBKR · TWS read-only · live,live,1m,2.9501,3.32,3.33,2.97,9582388.0,235.27187016622062,43.907317073170745,5370000.0,verified,finviz via premarket_stars.py,0,0,REJECT,catalyst,0,"[{""id"": ""price"", ""kills"": true, ""reason"": ""$2.95 is outside $2.00\u201320.00."", ""state"": ""PASS"", ""value"": ""$2.95  band $2.00\u201320.00""}, {""id"": ""float"", ""kills"": false, ""reason"": """", ""state"": ""PASS"", ""value"": ""5.4M (verified)""}, {""id"": ""catalyst"", ""kills"": true, ""reason"": ""No catalyst dated today and no live theme it belongs to."", ""state"": ""FAIL"", ""value"": ""none""}, {""id"": ""rising"", ""kills"": false, ""reason"": ""cascade already stopped"", ""state"": ""NOT_APPLICABLE"", ""value"": ""\u2014""}, {""id"": ""split"", ""kills"": false, ""reason"": ""cascade already stopped"", ""state"": ""NOT_APPLICABLE"", ""value"": ""\u2014""}, {""id"": ""instrument"", ""kills"": false, ""reason"": ""cascade already stopped"", ""state"": ""NOT_APPLICABLE"", ""value"": ""\u2014""}, {""id"": ""tick"", ""kills"": false, ""reason"": ""cascade already stopped"", ""state"": ""NOT_APPLICABLE"", ""value"": ""\u2014""}, {""id"": ""buyout"", ""kills"": false, ""reason"": ""cascade already stopped"", ""state"": ""NOT_APPLICABLE"", ""value"": ""\u2014""}]",[],"{""above_ema9"": true, ""above_vwap"": true, ""buyout_announced"": false, ""catalyst_today"": false, ""change_pct"": 43.907317073170745, ""feed_stale"": false, ""float_is_shares_outstanding"": false, ""float_shares"": 5370000.0, ""float_verified"": true, ""halted"": false, ""in_session_window"": true, ""is_fund_or_etf"": null, ""last"": 2.9501, ""live_theme"": false, ""macd_positive_and_above_signal"": true, ""penny_theme"": false, ""premarket_volume"": null, ""prev_close"": null, ""rvol"": 235.27187016622062, ""session_high"": 2.97, ""session_volume"": 9582388.0, ""split_ratio_clean_integer"": null, ""symbol"": ""FTFT"", ""tick_size"": null}",2.8599,2.75,3.0797,0.1099,2.0,1,0,SUPPRESSED,,,2026-09-11T13:30:15+00:00,33dfeedb3f51,5d525b7,,,,2.8599,4.9136,-1.8189,1,1,target,1,2026-09-11T13:31:00Z,3.3999,2.8,2.7599
beff9da3a6fd888a,2026-09-11T09:35:00-04:00,regular,PCLA,pullback,ibkr-TNON-LBGJ-PCLA,IBKR · TWS read-only · live,live,1m,12.55,12.5,12.6,13.75,820169.0,136.71761960326722,29.11522633744856,9480000.0,verified,finviz via premarket_stars.py,0,0,REJECT,catalyst,0,"[{""id"": ""price"", ""kills"": true, ""reason"": ""$12.55 is outside $2.00\u201320.00."", ""state"": ""PASS"", ""value"": ""$12.55  band $2.00\u201320.00""}, {""id"": ""float"", ""kills"": false, ""reason"": """", ""state"": ""PASS"", ""value"": ""9.5M (verified)""}, {""id"": ""catalyst"", ""kills"": true, ""reason"": ""No catalyst dated today and no live theme it belongs to."", ""state"": ""FAIL"", ""value"": ""none""}, {""id"": ""rising"", ""kills"": false, ""reason"": ""cascade already stopped"", ""state"": ""NOT_APPLICABLE"", ""value"": ""\u2014""}, {""id"": ""split"", ""kills"": false, ""reason"": ""cascade already stopped"", ""state"": ""NOT_APPLICABLE"", ""value"": ""\u2014""}, {""id"": ""instrument"", ""kills"": false, ""reason"": ""cascade already stopped"", ""state"": ""NOT_APPLICABLE"", ""value"": ""\u2014""}, {""id"": ""tick"", ""kills"": false, ""reason"": ""cascade already stopped"", ""state"": ""NOT_APPLICABLE"", ""value"": ""\u2014""}, {""id"": ""buyout"", ""kills"": false, ""reason"": ""cascade already stopped"", ""state"": ""NOT_APPLICABLE"", ""value"": ""\u2014""}]",[],"{""above_ema9"": true, ""above_vwap"": true, ""buyout_announced"": false, ""catalyst_today"": false, ""change_pct"": 29.11522633744856, ""feed_stale"": false, ""float_is_shares_outstanding"": false, ""float_shares"": 9480000.0, ""float_verified"": true, ""halted"": false, ""in_session_window"": true, ""is_fund_or_etf"": null, ""last"": 12.55, ""live_theme"": false, ""macd_positive_and_above_signal"": false, ""penny_theme"": false, ""premarket_volume"": null, ""prev_close"": null, ""rvol"": 136.71761960326722, ""session_high"": 13.75, ""session_volume"": 820169.0, ""split_ratio_clean_integer"": null, ""symbol"": ""PCLA"", ""tick_size"": null}",12.5691,12.31,13.0873,0.2591,2.0,1,1,SUPPRESSED,,,2026-09-11T13:35:13+00:00,33dfeedb3f51,5d525b7,,,,12.5691,11.1189,-9.6839,1,1,target,1,2026-09-11T13:36:00Z,14.84,12.61,10.23
85b5479541e598a9,2026-09-11T09:41:00-04:00,regular,AENT,pullback,ibkr-TNON-LBGJ-PCLA,IBKR · TWS read-only · live,live,1m,7.0239,7.01,7.07,28.99,3227629.0,199.56712205105376,27.475499092558998,3340000.0,verified,finviz via premarket_stars.py,0,0,REJECT,catalyst,0,"[{""id"": ""price"", ""kills"": true, ""reason"": ""$7.02 is outside $2.00\u201320.00."", ""state"": ""PASS"", ""value"": ""$7.02  band $2.00\u201320.00""}, {""id"": ""float"", ""kills"": false, ""reason"": """", ""state"": ""PASS"", ""value"": ""3.3M (verified)""}, {""id"": ""catalyst"", ""kills"": true, ""reason"": ""No catalyst dated today and no live theme it belongs to."", ""state"": ""FAIL"", ""value"": ""none""}, {""id"": ""rising"", ""kills"": false, ""reason"": ""cascade already stopped"", ""state"": ""NOT_APPLICABLE"", ""value"": ""\u2014""}, {""id"": ""split"", ""kills"": false, ""reason"": ""cascade already stopped"", ""state"": ""NOT_APPLICABLE"", ""value"": ""\u2014""}, {""id"": ""instrument"", ""kills"": false, ""reason"": ""cascade already stopped"", ""state"": ""NOT_APPLICABLE"", ""value"": ""\u2014""}, {""id"": ""tick"", ""kills"": false, ""reason"": ""cascade already stopped"", ""state"": ""NOT_APPLICABLE"", ""value"": ""\u2014""}, {""id"": ""buyout"", ""kills"": false, ""reason"": ""cascade already stopped"", ""state"": ""NOT_APPLICABLE"", ""value"": ""\u2014""}]",[],"{""above_ema9"": false, ""above_vwap"": false, ""buyout_announced"": false, ""catalyst_today"": false, ""change_pct"": 27.475499092558998, ""feed_stale"": false, ""float_is_shares_outstanding"": false, ""float_shares"": 3340000.0, ""float_verified"": true, ""halted"": false, ""in_session_window"": true, ""is_fund_or_etf"": null, ""last"": 7.0239, ""live_theme"": false, ""macd_positive_and_above_signal"": false, ""penny_theme"": false, ""premarket_volume"": null, ""prev_close"": null, ""rvol"": 199.56712205105376, ""session_high"": 28.99, ""session_volume"": 3227629.0, ""split_ratio_clean_integer"": null, ""symbol"": ""AENT"", ""tick_size"": null}",7.04,6.9101,7.2998,0.1299,2.0,3,1,SUPPRESSED,,,2026-09-11T13:41:51+00:00,33dfeedb3f51,5d525b7,,,,7.04,1.9246,-3.0793,1,0,stop,1,2026-09-11T13:42:00Z,7.19,6.64,6.85
8dba6069b2f7cd2d,2026-09-11T09:43:00-04:00,regular,PCLA,pullback,ibkr-TNON-LBGJ-PCLA,IBKR · TWS read-only · live,live,1m,13.17,13.23,13.28,13.75,938076.0,133.93432324386066,35.49382716049381,9480000.0,verified,finviz via premarket_stars.py,0,0,REJECT,catalyst,0,"[{""id"": ""price"", ""kills"": true, ""reason"": ""$13.17 is outside $2.00\u201320.00."", ""state"": ""PASS"", ""value"": ""$13.17  band $2.00\u201320.00""}, {""id"": ""float"", ""kills"": false, ""reason"": """", ""state"": ""PASS"", ""value"": ""9.5M (verified)""}, {""id"": ""catalyst"", ""kills"": true, ""reason"": ""No catalyst dated today and no live theme it belongs to."", ""state"": ""FAIL"", ""value"": ""none""}, {""id"": ""rising"", ""kills"": false, ""reason"": ""cascade already stopped"", ""state"": ""NOT_APPLICABLE"", ""value"": ""\u2014""}, {""id"": ""split"", ""kills"": false, ""reason"": ""cascade already stopped"", ""state"": ""NOT_APPLICABLE"", ""value"": ""\u2014""}, {""id"": ""instrument"", ""kills"": false, ""reason"": ""cascade already stopped"", ""state"": ""NOT_APPLICABLE"", ""value"": ""\u2014""}, {""id"": ""tick"", ""kills"": false, ""reason"": ""cascade already stopped"", ""state"": ""NOT_APPLICABLE"", ""value"": ""\u2014""}, {""id"": ""buyout"", ""kills"": false, ""reason"": ""cascade already stopped"", ""state"": ""NOT_APPLICABLE"", ""value"": ""\u2014""}]",[],"{""above_ema9"": true, ""above_vwap"": true, ""buyout_announced"": false, ""catalyst_today"": false, ""change_pct"": 35.49382716049381, ""feed_stale"": false, ""float_is_shares_outstanding"": false, ""float_shares"": 9480000.0, ""float_verified"": true, ""halted"": false, ""in_session_window"": true, ""is_fund_or_etf"": null, ""last"": 13.17, ""live_theme"": false, ""macd_positive_and_above_signal"": true, ""penny_theme"": false, ""premarket_volume"": null, ""prev_close"": null, ""rvol"": 133.93432324386066, ""session_high"": 13.75, ""session_volume"": 938076.0, ""split_ratio_clean_integer"": null, ""symbol"": ""PCLA"", ""tick_size"": null}",13.14,12.9401,13.5398,0.1999,2.0,1,0,SUPPRESSED,,,2026-09-11T13:43:13+00:00,33dfeedb3f51,5d525b7,,,,13.14,11.5558,-15.4077,1,1,target,1,2026-09-11T13:44:00Z,15.45,12.61,10.23
b414ed51262047c0,2026-09-11T09:45:00-04:00,regular,SXTC,pullback,ibkr-TNON-LBGJ-PCLA,IBKR · TWS read-only · live,live,1m,2.3398,2.37,2.38,2.7399,2275931.0,188.85826902331758,21.23316062176166,1030000.0,verified,finviz via premarket_stars.py,0,0,REJECT,catalyst,0,"[{""id"": ""price"", ""kills"": true, ""reason"": ""$2.34 is outside $2.00\u201320.00."", ""state"": ""PASS"", ""value"": ""$2.34  band $2.00\u201320.00""}, {""id"": ""float"", ""kills"": false, ""reason"": """", ""state"": ""PASS"", ""value"": ""1.0M (verified)""}, {""id"": ""catalyst"", ""kills"": true, ""reason"": ""No catalyst dated today and no live theme it belongs to."", ""state"": ""FAIL"", ""value"": ""none""}, {""id"": ""rising"", ""kills"": false, ""reason"": ""cascade already stopped"", ""state"": ""NOT_APPLICABLE"", ""value"": ""\u2014""}, {""id"": ""split"", ""kills"": false, ""reason"": ""cascade already stopped"", ""state"": ""NOT_APPLICABLE"", ""value"": ""\u2014""}, {""id"": ""instrument"", ""kills"": false, ""reason"": ""cascade already stopped"", ""state"": ""NOT_APPLICABLE"", ""value"": ""\u2014""}, {""id"": ""tick"", ""kills"": false, ""reason"": ""cascade already stopped"", ""state"": ""NOT_APPLICABLE"", ""value"": ""\u2014""}, {""id"": ""buyout"", ""kills"": false, ""reason"": ""cascade already stopped"", ""state"": ""NOT_APPLICABLE"", ""value"": ""\u2014""}]",[],"{""above_ema9"": true, ""above_vwap"": true, ""buyout_announced"": false, ""catalyst_today"": false, ""change_pct"": 21.23316062176166, ""feed_stale"": false, ""float_is_shares_outstanding"": false, ""float_shares"": 1030000.0, ""float_verified"": true, ""halted"": false, ""in_session_window"": true, ""is_fund_or_etf"": null, ""last"": 2.3398, ""live_theme"": false, ""macd_positive_and_above_signal"": true, ""penny_theme"": false, ""premarket_volume"": null, ""prev_close"": null, ""rvol"": 188.85826902331758, ""session_high"": 2.7399, ""session_volume"": 2275931.0, ""split_ratio_clean_integer"": null, ""symbol"": ""SXTC"", ""tick_size"": null}",2.34,2.29,2.44,0.05,2.0,1,1,SUPPRESSED,,,2026-09-11T13:46:15+00:00,33dfeedb3f51,5d525b7,,,,2.34,12.8,-2.6,1,1,target,1,2026-09-11T13:46:00Z,2.63,2.25,2.33
98fccd8aad38eb93,2026-09-11T10:00:00-04:00,regular,PCLA,pullback,ibkr-TNON-LBGJ-PCLA,IBKR · TWS read-only · live,live,1m,13.7491,,,13.99,1341508.0,128.28803672181314,41.45164609053498,9480000.0,verified,finviz via premarket_stars.py,0,0,REJECT,catalyst,0,"[{""id"": ""price"", ""kills"": true, ""reason"": ""$13.75 is outside $2.00\u201320.00."", ""state"": ""PASS"", ""value"": ""$13.75  band $2.00\u201320.00""}, {""id"": ""float"", ""kills"": false, ""reason"": """", ""state"": ""PASS"", ""value"": ""9.5M (verified)""}, {""id"": ""catalyst"", ""kills"": true, ""reason"": ""No catalyst dated today and no live theme it belongs to."", ""state"": ""FAIL"", ""value"": ""none""}, {""id"": ""rising"", ""kills"": false, ""reason"": ""cascade already stopped"", ""state"": ""NOT_APPLICABLE"", ""value"": ""\u2014""}, {""id"": ""split"", ""kills"": false, ""reason"": ""cascade already stopped"", ""state"": ""NOT_APPLICABLE"", ""value"": ""\u2014""}, {""id"": ""instrument"", ""kills"": false, ""reason"": ""cascade already stopped"", ""state"": ""NOT_APPLICABLE"", ""value"": ""\u2014""}, {""id"": ""tick"", ""kills"": false, ""reason"": ""cascade already stopped"", ""state"": ""NOT_APPLICABLE"", ""value"": ""\u2014""}, {""id"": ""buyout"", ""kills"": false, ""reason"": ""cascade already stopped"", ""state"": ""NOT_APPLICABLE"", ""value"": ""\u2014""}]",[],"{""above_ema9"": true, ""above_vwap"": true, ""buyout_announced"": false, ""catalyst_today"": false, ""change_pct"": 41.45164609053498, ""feed_stale"": false, ""float_is_shares_outstanding"": false, ""float_shares"": 9480000.0, ""float_verified"": true, ""halted"": false, ""in_session_window"": true, ""is_fund_or_etf"": null, ""last"": 13.7491, ""live_theme"": false, ""macd_positive_and_above_signal"": true, ""penny_theme"": false, ""premarket_volume"": null, ""prev_close"": null, ""rvol"": 128.28803672181314, ""session_high"": 13.99, ""session_volume"": 1341508.0, ""split_ratio_clean_integer"": null, ""symbol"": ""PCLA"", ""tick_size"": null}",13.58,13.19,14.36,0.39,2.0,1,0,SUPPRESSED,,,2026-09-11T14:03:01+00:00,33dfeedb3f51,5d525b7,,,,13.58,4.7949,-9.0256,1,1,target,1,2026-09-11T14:01:00Z,15.45,13.51,10.23
a2d49079e3bd4b3a,2026-09-11T10:01:00-04:00,regular,SXTC,pullback,ibkr-TNON-LBGJ-PCLA,IBKR · TWS read-only · live,live,1m,2.36,,,2.7399,2900314.0,219.98740898058253,22.27979274611398,1030000.0,verified,finviz via premarket_stars.py,0,0,REJECT,catalyst,0,"[{""id"": ""price"", ""kills"": true, ""reason"": ""$2.36 is outside $2.00\u201320.00."", ""state"": ""PASS"", ""value"": ""$2.36  band $2.00\u201320.00""}, {""id"": ""float"", ""kills"": false, ""reason"": """", ""state"": ""PASS"", ""value"": ""1.0M (verified)""}, {""id"": ""catalyst"", ""kills"": true, ""reason"": ""No catalyst dated today and no live theme it belongs to."", ""state"": ""FAIL"", ""value"": ""none""}, {""id"": ""rising"", ""kills"": false, ""reason"": ""cascade already stopped"", ""state"": ""NOT_APPLICABLE"", ""value"": ""\u2014""}, {""id"": ""split"", ""kills"": false, ""reason"": ""cascade already stopped"", ""state"": ""NOT_APPLICABLE"", ""value"": ""\u2014""}, {""id"": ""instrument"", ""kills"": false, ""reason"": ""cascade already stopped"", ""state"": ""NOT_APPLICABLE"", ""value"": ""\u2014""}, {""id"": ""tick"", ""kills"": false, ""reason"": ""cascade already stopped"", ""state"": ""NOT_APPLICABLE"", ""value"": ""\u2014""}, {""id"": ""buyout"", ""kills"": false, ""reason"": ""cascade already stopped"", ""state"": ""NOT_APPLICABLE"", ""value"": ""\u2014""}]",[],"{""above_ema9"": true, ""above_vwap"": true, ""buyout_announced"": false, ""catalyst_today"": false, ""change_pct"": 22.27979274611398, ""feed_stale"": false, ""float_is_shares_outstanding"": false, ""float_shares"": 1030000.0, ""float_verified"": true, ""halted"": false, ""in_session_window"": true, ""is_fund_or_etf"": null, ""last"": 2.36, ""live_theme"": false, ""macd_positive_and_above_signal"": true, ""penny_theme"": false, ""premarket_volume"": null, ""prev_close"": null, ""rvol"": 219.98740898058253, ""session_high"": 2.7399, ""session_volume"": 2900314.0, ""split_ratio_clean_integer"": null, ""symbol"": ""SXTC"", ""tick_size"": null}",2.37,2.28,2.55,0.09,2.0,2,0,SUPPRESSED,,,2026-09-11T14:03:01+00:00,33dfeedb3f51,5d525b7,,,,2.37,6.7778,-1.7778,1,1,target,1,2026-09-11T14:03:00Z,2.98,2.31,2.33
a70d8f9d12adc978,2026-09-11T10:02:00-04:00,regular,AENT,pullback,ibkr-TNON-LBGJ-PCLA,IBKR · TWS read-only · live,live,1m,6.8682,6.87,6.94,28.99,3607024.0,223.02544649619895,24.649727767695097,3340000.0,verified,finviz via premarket_stars.py,0,0,REJECT,catalyst,0,"[{""id"": ""price"", ""kills"": true, ""reason"": ""$6.87 is outside $2.00\u201320.00."", ""state"": ""PASS"", ""value"": ""$6.87  band $2.00\u201320.00""}, {""id"": ""float"", ""kills"": false, ""reason"": """", ""state"": ""PASS"", ""value"": ""3.3M (verified)""}, {""id"": ""catalyst"", ""kills"": true, ""reason"": ""No catalyst dated today and no live theme it belongs to."", ""state"": ""FAIL"", ""value"": ""none""}, {""id"": ""rising"", ""kills"": false, ""reason"": ""cascade already stopped"", ""state"": ""NOT_APPLICABLE"", ""value"": ""\u2014""}, {""id"": ""split"", ""kills"": false, ""reason"": ""cascade already stopped"", ""state"": ""NOT_APPLICABLE"", ""value"": ""\u2014""}, {""id"": ""instrument"", ""kills"": false, ""reason"": ""cascade already stopped"", ""state"": ""NOT_APPLICABLE"", ""value"": ""\u2014""}, {""id"": ""tick"", ""kills"": false, ""reason"": ""cascade already stopped"", ""state"": ""NOT_APPLICABLE"", ""value"": ""\u2014""}, {""id"": ""buyout"", ""kills"": false, ""reason"": ""cascade already stopped"", ""state"": ""NOT_APPLICABLE"", ""value"": ""\u2014""}]",[],"{""above_ema9"": true, ""above_vwap"": false, ""buyout_announced"": false, ""catalyst_today"": false, ""change_pct"": 24.649727767695097, ""feed_stale"": false, ""float_is_shares_outstanding"": false, ""float_shares"": 3340000.0, ""float_verified"": true, ""halted"": false, ""in_session_window"": true, ""is_fund_or_etf"": null, ""last"": 6.8682, ""live_theme"": false, ""macd_positive_and_above_signal"": true, ""penny_theme"": false, ""premarket_volume"": null, ""prev_close"": null, ""rvol"": 223.02544649619895, ""session_high"": 28.99, ""session_volume"": 3607024.0, ""split_ratio_clean_integer"": null, ""symbol"": ""AENT"", ""tick_size"": null}",6.9199,6.82,7.1197,0.0999,2.0,2,1,SUPPRESSED,,,2026-09-11T14:03:01+00:00,33dfeedb3f51,5d525b7,,,,6.9199,3.7047,-1.2002,1,1,target,1,2026-09-11T14:03:00Z,7.29,6.8,6.85
7dc1e07858969941,2026-09-11T10:03:00-04:00,regular,LBGJ,pullback,ibkr-TNON-LBGJ-PCLA,IBKR · TWS read-only · live,live,1m,2.08,2.08,2.14,3.25,4742803.0,366.0982632188344,7.216494845360821,540000.0,verified,finviz via premarket_stars.py,0,0,REJECT,catalyst,0,"[{""id"": ""price"", ""kills"": true, ""reason"": ""$2.08 is outside $2.00\u201320.00."", ""state"": ""PASS"", ""value"": ""$2.08  band $2.00\u201320.00""}, {""id"": ""float"", ""kills"": false, ""reason"": """", ""state"": ""PASS"", ""value"": ""0.5M (verified)""}, {""id"": ""catalyst"", ""kills"": true, ""reason"": ""No catalyst dated today and no live theme it belongs to."", ""state"": ""FAIL"", ""value"": ""none""}, {""id"": ""rising"", ""kills"": false, ""reason"": ""cascade already stopped"", ""state"": ""NOT_APPLICABLE"", ""value"": ""\u2014""}, {""id"": ""split"", ""kills"": false, ""reason"": ""cascade already stopped"", ""state"": ""NOT_APPLICABLE"", ""value"": ""\u2014""}, {""id"": ""instrument"", ""kills"": false, ""reason"": ""cascade already stopped"", ""state"": ""NOT_APPLICABLE"", ""value"": ""\u2014""}, {""id"": ""tick"", ""kills"": false, ""reason"": ""cascade already stopped"", ""state"": ""NOT_APPLICABLE"", ""value"": ""\u2014""}, {""id"": ""buyout"", ""kills"": false, ""reason"": ""cascade already stopped"", ""state"": ""NOT_APPLICABLE"", ""value"": ""\u2014""}]",[],"{""above_ema9"": false, ""above_vwap"": false, ""buyout_announced"": false, ""catalyst_today"": false, ""change_pct"": 7.216494845360821, ""feed_stale"": false, ""float_is_shares_outstanding"": false, ""float_shares"": 540000.0, ""float_verified"": true, ""halted"": false, ""in_session_window"": true, ""is_fund_or_etf"": null, ""last"": 2.08, ""live_theme"": false, ""macd_positive_and_above_signal"": true, ""penny_theme"": false, ""premarket_volume"": null, ""prev_close"": null, ""rvol"": 366.0982632188344, ""session_high"": 3.25, ""session_volume"": 4742803.0, ""split_ratio_clean_integer"": null, ""symbol"": ""LBGJ"", ""tick_size"": null}",2.1196,2.08,2.1988,0.0396,2.0,2,1,SUPPRESSED,,,2026-09-11T14:03:15+00:00,33dfeedb3f51,5d525b7,,,,2.1196,8.3434,-0.4949,0,1,target,1,2026-09-11T14:04:00Z,2.3,2.1,2.2507
9e6190650d9c8b5c,2026-09-11T10:04:00-04:00,regular,TNON,pullback,ibkr-TNON-LBGJ-PCLA,IBKR · TWS read-only · live,live,1m,7.37,,,9.35,34710427.0,1127.0350996817974,39.05660377358491,850000.0,verified,finviz via premarket_stars.py,0,0,REJECT,catalyst,0,"[{""id"": ""price"", ""kills"": true, ""reason"": ""$7.37 is outside $2.00\u201320.00."", ""state"": ""PASS"", ""value"": ""$7.37  band $2.00\u201320.00""}, {""id"": ""float"", ""kills"": false, ""reason"": """", ""state"": ""PASS"", ""value"": ""0.8M (verified)""}, {""id"": ""catalyst"", ""kills"": true, ""reason"": ""No catalyst dated today and no live theme it belongs to."", ""state"": ""FAIL"", ""value"": ""none""}, {""id"": ""rising"", ""kills"": false, ""reason"": ""cascade already stopped"", ""state"": ""NOT_APPLICABLE"", ""value"": ""\u2014""}, {""id"": ""split"", ""kills"": false, ""reason"": ""cascade already stopped"", ""state"": ""NOT_APPLICABLE"", ""value"": ""\u2014""}, {""id"": ""instrument"", ""kills"": false, ""reason"": ""cascade already stopped"", ""state"": ""NOT_APPLICABLE"", ""value"": ""\u2014""}, {""id"": ""tick"", ""kills"": false, ""reason"": ""cascade already stopped"", ""state"": ""NOT_APPLICABLE"", ""value"": ""\u2014""}, {""id"": ""buyout"", ""kills"": false, ""reason"": ""cascade already stopped"", ""state"": ""NOT_APPLICABLE"", ""value"": ""\u2014""}]",[],"{""above_ema9"": true, ""above_vwap"": false, ""buyout_announced"": false, ""catalyst_today"": false, ""change_pct"": 39.05660377358491, ""feed_stale"": false, ""float_is_shares_outstanding"": false, ""float_shares"": 850000.0, ""float_verified"": true, ""halted"": false, ""in_session_window"": true, ""is_fund_or_etf"": null, ""last"": 7.37, ""live_theme"": false, ""macd_positive_and_above_signal"": true, ""penny_theme"": false, ""premarket_volume"": null, ""prev_close"": null, ""rvol"": 1127.0350996817974, ""session_high"": 9.35, ""session_volume"": 34710427.0, ""split_ratio_clean_integer"": null, ""symbol"": ""TNON"", ""tick_size"": null}",7.41,7.29,7.65,0.12,2.0,4,1,SUPPRESSED,,,2026-09-11T14:52:57+00:00,33dfeedb3f51,5d525b7,,,,7.41,28.5833,-0.8333,0,1,target,1,2026-09-11T14:05:00Z,8.25,7.31,9.6
8a424574a7cadef7,2026-09-11T10:05:00-04:00,regular,BTCT,pullback,ibkr-TNON-LBGJ-PCLA,IBKR · TWS read-only · live,live,1m,1.595,,,1.68,6214183.0,7.899662996622339,22.69230769230768,8620000.0,verified,finviz via premarket_stars.py,0,0,REJECT,price,0,"[{""id"": ""price"", ""kills"": true, ""reason"": ""$1.59 is outside $2.00\u201320.00."", ""state"": ""FAIL"", ""value"": ""$1.59  band $2.00\u201320.00""}, {""id"": ""float"", ""kills"": false, ""reason"": ""cascade already stopped"", ""state"": ""NOT_APPLICABLE"", ""value"": ""\u2014""}, {""id"": ""catalyst"", ""kills"": false, ""reason"": ""cascade already stopped"", ""state"": ""NOT_APPLICABLE"", ""value"": ""\u2014""}, {""id"": ""rising"", ""kills"": false, ""reason"": ""cascade already stopped"", ""state"": ""NOT_APPLICABLE"", ""value"": ""\u2014""}, {""id"": ""split"", ""kills"": false, ""reason"": ""cascade already stopped"", ""state"": ""NOT_APPLICABLE"", ""value"": ""\u2014""}, {""id"": ""instrument"", ""kills"": false, ""reason"": ""cascade already stopped"", ""state"": ""NOT_APPLICABLE"", ""value"": ""\u2014""}, {""id"": ""tick"", ""kills"": false, ""reason"": ""cascade already stopped"", ""state"": ""NOT_APPLICABLE"", ""value"": ""\u2014""}, {""id"": ""buyout"", ""kills"": false, ""reason"": ""cascade already stopped"", ""state"": ""NOT_APPLICABLE"", ""value"": ""\u2014""}]",[],"{""above_ema9"": true, ""above_vwap"": true, ""buyout_announced"": false, ""catalyst_today"": false, ""change_pct"": 22.69230769230768, ""feed_stale"": false, ""float_is_shares_outstanding"": false, ""float_shares"": 8620000.0, ""float_verified"": true, ""halted"": false, ""in_session_window"": true, ""is_fund_or_etf"": null, ""last"": 1.595, ""live_theme"": false, ""macd_positive_and_above_signal"": true, ""penny_theme"": false, ""premarket_volume"": null, ""prev_close"": null, ""rvol"": 7.899662996622339, ""session_high"": 1.68, ""session_volume"": 6214183.0, ""split_ratio_clean_integer"": null, ""symbol"": ""BTCT"", ""tick_size"": null}",1.61,1.58,1.67,0.03,2.0,2,1,SUPPRESSED,,,2026-09-11T14:52:57+00:00,33dfeedb3f51,5d525b7,,,,1.61,0.0,-4.3333,1,0,stop,1,2026-09-11T14:06:00Z,1.61,1.525,1.535
d91c4844c65408d1,2026-09-11T10:12:00-04:00,regular,LBGJ,pullback,ibkr-TNON-LBGJ-PCLA,IBKR · TWS read-only · live,live,1m,2.19,,,3.25,4868127.0,278.6244848901099,12.886597938144329,540000.0,verified,finviz via premarket_stars.py,0,0,REJECT,catalyst,0,"[{""id"": ""price"", ""kills"": true, ""reason"": ""$2.19 is outside $2.00\u201320.00."", ""state"": ""PASS"", ""value"": ""$2.19  band $2.00\u201320.00""}, {""id"": ""float"", ""kills"": false, ""reason"": """", ""state"": ""PASS"", ""value"": ""0.5M (verified)""}, {""id"": ""catalyst"", ""kills"": true, ""reason"": ""No catalyst dated today and no live theme it belongs to."", ""state"": ""FAIL"", ""value"": ""none""}, {""id"": ""rising"", ""kills"": false, ""reason"": ""cascade already stopped"", ""state"": ""NOT_APPLICABLE"", ""value"": ""\u2014""}, {""id"": ""split"", ""kills"": false, ""reason"": ""cascade already stopped"", ""state"": ""NOT_APPLICABLE"", ""value"": ""\u2014""}, {""id"": ""instrument"", ""kills"": false, ""reason"": ""cascade already stopped"", ""state"": ""NOT_APPLICABLE"", ""value"": ""\u2014""}, {""id"": ""tick"", ""kills"": false, ""reason"": ""cascade already stopped"", ""state"": ""NOT_APPLICABLE"", ""value"": ""\u2014""}, {""id"": ""buyout"", ""kills"": false, ""reason"": ""cascade already stopped"", ""state"": ""NOT_APPLICABLE"", ""value"": ""\u2014""}]",[],"{""above_ema9"": true, ""above_vwap"": false, ""buyout_announced"": false, ""catalyst_today"": false, ""change_pct"": 12.886597938144329, ""feed_stale"": false, ""float_is_shares_outstanding"": false, ""float_shares"": 540000.0, ""float_verified"": true, ""halted"": false, ""in_session_window"": true, ""is_fund_or_etf"": null, ""last"": 2.19, ""live_theme"": false, ""macd_positive_and_above_signal"": true, ""penny_theme"": false, ""premarket_volume"": null, ""prev_close"": null, ""rvol"": 278.6244848901099, ""session_high"": 3.25, ""session_volume"": 4868127.0, ""split_ratio_clean_integer"": null, ""symbol"": ""LBGJ"", ""tick_size"": null}",2.195,2.16,2.265,0.035,2.0,2,1,SUPPRESSED,,,2026-09-11T14:52:57+00:00,33dfeedb3f51,5d525b7,,,,2.195,7.2857,-1.8571,1,1,stop,1,2026-09-11T14:15:00Z,2.45,2.13,2.2507
36ed05aad4abeaf0,2026-09-11T10:15:00-04:00,regular,TNON,pullback,ibkr-TNON-LBGJ-PCLA,IBKR · TWS read-only · live,live,1m,7.94,,,9.35,36849966.0,429.22164630240064,49.811320754716995,850000.0,verified,finviz via premarket_stars.py,0,0,REJECT,catalyst,0,"[{""id"": ""price"", ""kills"": true, ""reason"": ""$7.94 is outside $2.00\u201320.00."", ""state"": ""PASS"", ""value"": ""$7.94  band $2.00\u201320.00""}, {""id"": ""float"", ""kills"": false, ""reason"": """", ""state"": ""PASS"", ""value"": ""0.8M (verified)""}, {""id"": ""catalyst"", ""kills"": true, ""reason"": ""No catalyst dated today and no live theme it belongs to."", ""state"": ""FAIL"", ""value"": ""none""}, {""id"": ""rising"", ""kills"": false, ""reason"": ""cascade already stopped"", ""state"": ""NOT_APPLICABLE"", ""value"": ""\u2014""}, {""id"": ""split"", ""kills"": false, ""reason"": ""cascade already stopped"", ""state"": ""NOT_APPLICABLE"", ""value"": ""\u2014""}, {""id"": ""instrument"", ""kills"": false, ""reason"": ""cascade already stopped"", ""state"": ""NOT_APPLICABLE"", ""value"": ""\u2014""}, {""id"": ""tick"", ""kills"": false, ""reason"": ""cascade already stopped"", ""state"": ""NOT_APPLICABLE"", ""value"": ""\u2014""}, {""id"": ""buyout"", ""kills"": false, ""reason"": ""cascade already stopped"", ""state"": ""NOT_APPLICABLE"", ""value"": ""\u2014""}]",[],"{""above_ema9"": true, ""above_vwap"": true, ""buyout_announced"": false, ""catalyst_today"": false, ""change_pct"": 49.811320754716995, ""feed_stale"": false, ""float_is_shares_outstanding"": false, ""float_shares"": 850000.0, ""float_verified"": true, ""halted"": false, ""in_session_window"": true, ""is_fund_or_etf"": null, ""last"": 7.94, ""live_theme"": false, ""macd_positive_and_above_signal"": true, ""penny_theme"": false, ""premarket_volume"": null, ""prev_close"": null, ""rvol"": 429.22164630240064, ""session_high"": 9.35, ""session_volume"": 36849966.0, ""split_ratio_clean_integer"": null, ""symbol"": ""TNON"", ""tick_size"": null}",7.92,7.8,8.16,0.12,2.0,1,1,SUPPRESSED,,,2026-09-11T14:52:57+00:00,33dfeedb3f51,5d525b7,,,,7.92,24.3333,-1.5833,1,1,stop,1,2026-09-11T14:16:00Z,9.49,7.73,9.6
8ef5897117375d03,2026-09-11T10:26:00-04:00,regular,AENT,pullback,ibkr-TNON-LBGJ-PCLA,IBKR · TWS read-only · live,live,1m,7.21,,,28.99,3885675.0,240.2546813700485,30.85299455535391,3340000.0,verified,finviz via premarket_stars.py,0,0,REJECT,catalyst,0,"[{""id"": ""price"", ""kills"": true, ""reason"": ""$7.21 is outside $2.00\u201320.00."", ""state"": ""PASS"", ""value"": ""$7.21  band $2.00\u201320.00""}, {""id"": ""float"", ""kills"": false, ""reason"": """", ""state"": ""PASS"", ""value"": ""3.3M (verified)""}, {""id"": ""catalyst"", ""kills"": true, ""reason"": ""No catalyst dated today and no live theme it belongs to."", ""state"": ""FAIL"", ""value"": ""none""}, {""id"": ""rising"", ""kills"": false, ""reason"": ""cascade already stopped"", ""state"": ""NOT_APPLICABLE"", ""value"": ""\u2014""}, {""id"": ""split"", ""kills"": false, ""reason"": ""cascade already stopped"", ""state"": ""NOT_APPLICABLE"", ""value"": ""\u2014""}, {""id"": ""instrument"", ""kills"": false, ""reason"": ""cascade already stopped"", ""state"": ""NOT_APPLICABLE"", ""value"": ""\u2014""}, {""id"": ""tick"", ""kills"": false, ""reason"": ""cascade already stopped"", ""state"": ""NOT_APPLICABLE"", ""value"": ""\u2014""}, {""id"": ""buyout"", ""kills"": false, ""reason"": ""cascade already stopped"", ""state"": ""NOT_APPLICABLE"", ""value"": ""\u2014""}]",[],"{""above_ema9"": true, ""above_vwap"": false, ""buyout_announced"": false, ""catalyst_today"": false, ""change_pct"": 30.85299455535391, ""feed_stale"": false, ""float_is_shares_outstanding"": false, ""float_shares"": 3340000.0, ""float_verified"": true, ""halted"": false, ""in_session_window"": true, ""is_fund_or_etf"": null, ""last"": 7.21, ""live_theme"": false, ""macd_positive_and_above_signal"": true, ""penny_theme"": false, ""premarket_volume"": null, ""prev_close"": null, ""rvol"": 240.2546813700485, ""session_high"": 28.99, ""session_volume"": 3885675.0, ""split_ratio_clean_integer"": null, ""symbol"": ""AENT"", ""tick_size"": null}",7.1499,7.07,7.3097,0.0799,2.0,1,1,SUPPRESSED,,,2026-09-11T14:52:57+00:00,33dfeedb3f51,5d525b7,,,,7.1499,1.7534,-4.2541,1,0,stop,1,2026-09-11T14:27:00Z,7.29,6.88,6.85
20dea63bc90db1fd,2026-09-11T10:28:00-04:00,regular,TNON,pullback,ibkr-TNON-LBGJ-PCLA,IBKR · TWS read-only · live,live,1m,8.0,,,9.35,39438479.0,368.7872658755762,50.9433962264151,850000.0,verified,finviz via premarket_stars.py,0,0,REJECT,catalyst,0,"[{""id"": ""price"", ""kills"": true, ""reason"": ""$8.00 is outside $2.00\u201320.00."", ""state"": ""PASS"", ""value"": ""$8.00  band $2.00\u201320.00""}, {""id"": ""float"", ""kills"": false, ""reason"": """", ""state"": ""PASS"", ""value"": ""0.8M (verified)""}, {""id"": ""catalyst"", ""kills"": true, ""reason"": ""No catalyst dated today and no live theme it belongs to."", ""state"": ""FAIL"", ""value"": ""none""}, {""id"": ""rising"", ""kills"": false, ""reason"": ""cascade already stopped"", ""state"": ""NOT_APPLICABLE"", ""value"": ""\u2014""}, {""id"": ""split"", ""kills"": false, ""reason"": ""cascade already stopped"", ""state"": ""NOT_APPLICABLE"", ""value"": ""\u2014""}, {""id"": ""instrument"", ""kills"": false, ""reason"": ""cascade already stopped"", ""state"": ""NOT_APPLICABLE"", ""value"": ""\u2014""}, {""id"": ""tick"", ""kills"": false, ""reason"": ""cascade already stopped"", ""state"": ""NOT_APPLICABLE"", ""value"": ""\u2014""}, {""id"": ""buyout"", ""kills"": false, ""reason"": ""cascade already stopped"", ""state"": ""NOT_APPLICABLE"", ""value"": ""\u2014""}]",[],"{""above_ema9"": true, ""above_vwap"": true, ""buyout_announced"": false, ""catalyst_today"": false, ""change_pct"": 50.9433962264151, ""feed_stale"": false, ""float_is_shares_outstanding"": false, ""float_shares"": 850000.0, ""float_verified"": true, ""halted"": false, ""in_session_window"": true, ""is_fund_or_etf"": null, ""last"": 8.0, ""live_theme"": false, ""macd_positive_and_above_signal"": true, ""penny_theme"": false, ""premarket_volume"": null, ""prev_close"": null, ""rvol"": 368.7872658755762, ""session_high"": 9.35, ""session_volume"": 39438479.0, ""split_ratio_clean_integer"": null, ""symbol"": ""TNON"", ""tick_size"": null}",8.01,7.87,8.29,0.14,2.0,4,1,SUPPRESSED,,,2026-09-11T14:52:57+00:00,33dfeedb3f51,5d525b7,,,,8.01,20.2143,-0.7857,0,1,target,1,2026-09-11T14:29:00Z,10.84,7.95,9.6
b37a5a9660fd1856,2026-09-11T10:29:00-04:00,regular,PCLA,pullback,ibkr-TNON-LBGJ-PCLA,IBKR · TWS read-only · live,live,1m,14.33,,,15.45,2399342.0,223.36082666170174,47.42798353909463,9480000.0,verified,finviz via premarket_stars.py,0,0,REJECT,catalyst,0,"[{""id"": ""price"", ""kills"": true, ""reason"": ""$14.33 is outside $2.00\u201320.00."", ""state"": ""PASS"", ""value"": ""$14.33  band $2.00\u201320.00""}, {""id"": ""float"", ""kills"": false, ""reason"": """", ""state"": ""PASS"", ""value"": ""9.5M (verified)""}, {""id"": ""catalyst"", ""kills"": true, ""reason"": ""No catalyst dated today and no live theme it belongs to."", ""state"": ""FAIL"", ""value"": ""none""}, {""id"": ""rising"", ""kills"": false, ""reason"": ""cascade already stopped"", ""state"": ""NOT_APPLICABLE"", ""value"": ""\u2014""}, {""id"": ""split"", ""kills"": false, ""reason"": ""cascade already stopped"", ""state"": ""NOT_APPLICABLE"", ""value"": ""\u2014""}, {""id"": ""instrument"", ""kills"": false, ""reason"": ""cascade already stopped"", ""state"": ""NOT_APPLICABLE"", ""value"": ""\u2014""}, {""id"": ""tick"", ""kills"": false, ""reason"": ""cascade already stopped"", ""state"": ""NOT_APPLICABLE"", ""value"": ""\u2014""}, {""id"": ""buyout"", ""kills"": false, ""reason"": ""cascade already stopped"", ""state"": ""NOT_APPLICABLE"", ""value"": ""\u2014""}]",[],"{""above_ema9"": true, ""above_vwap"": true, ""buyout_announced"": false, ""catalyst_today"": false, ""change_pct"": 47.42798353909463, ""feed_stale"": false, ""float_is_shares_outstanding"": false, ""float_shares"": 9480000.0, ""float_verified"": true, ""halted"": false, ""in_session_window"": true, ""is_fund_or_etf"": null, ""last"": 14.33, ""live_theme"": false, ""macd_positive_and_above_signal"": false, ""penny_theme"": false, ""premarket_volume"": null, ""prev_close"": null, ""rvol"": 223.36082666170174, ""session_high"": 15.45, ""session_volume"": 2399342.0, ""split_ratio_clean_integer"": null, ""symbol"": ""PCLA"", ""tick_size"": null}",14.05,13.84,14.47,0.21,2.0,2,1,SUPPRESSED,,,2026-09-11T14:52:57+00:00,33dfeedb3f51,5d525b7,,,,14.05,1.4286,-19.0,1,0,stop,1,2026-09-11T14:30:00Z,14.35,12.7601,10.23
9992a095f34b89d2,2026-09-11T10:31:00-04:00,regular,SXTC,pullback,ibkr-TNON-LBGJ-PCLA,IBKR · TWS read-only · live,live,1m,2.4502,,,2.98,6089270.0,253.3711979361711,26.953367875647682,1030000.0,verified,finviz via premarket_stars.py,0,0,REJECT,catalyst,0,"[{""id"": ""price"", ""kills"": true, ""reason"": ""$2.45 is outside $2.00\u201320.00."", ""state"": ""PASS"", ""value"": ""$2.45  band $2.00\u201320.00""}, {""id"": ""float"", ""kills"": false, ""reason"": """", ""state"": ""PASS"", ""value"": ""1.0M (verified)""}, {""id"": ""catalyst"", ""kills"": true, ""reason"": ""No catalyst dated today and no live theme it belongs to."", ""state"": ""FAIL"", ""value"": ""none""}, {""id"": ""rising"", ""kills"": false, ""reason"": ""cascade already stopped"", ""state"": ""NOT_APPLICABLE"", ""value"": ""\u2014""}, {""id"": ""split"", ""kills"": false, ""reason"": ""cascade already stopped"", ""state"": ""NOT_APPLICABLE"", ""value"": ""\u2014""}, {""id"": ""instrument"", ""kills"": false, ""reason"": ""cascade already stopped"", ""state"": ""NOT_APPLICABLE"", ""value"": ""\u2014""}, {""id"": ""tick"", ""kills"": false, ""reason"": ""cascade already stopped"", ""state"": ""NOT_APPLICABLE"", ""value"": ""\u2014""}, {""id"": ""buyout"", ""kills"": false, ""reason"": ""cascade already stopped"", ""state"": ""NOT_APPLICABLE"", ""value"": ""\u2014""}]",[],"{""above_ema9"": false, ""above_vwap"": false, ""buyout_announced"": false, ""catalyst_today"": false, ""change_pct"": 26.953367875647682, ""feed_stale"": false, ""float_is_shares_outstanding"": false, ""float_shares"": 1030000.0, ""float_verified"": true, ""halted"": false, ""in_session_window"": true, ""is_fund_or_etf"": null, ""last"": 2.4502, ""live_theme"": false, ""macd_positive_and_above_signal"": false, ""penny_theme"": false, ""premarket_volume"": null, ""prev_close"": null, ""rvol"": 253.3711979361711, ""session_high"": 2.98, ""session_volume"": 6089270.0, ""split_ratio_clean_integer"": null, ""symbol"": ""SXTC"", ""tick_size"": null}",2.47,2.39,2.63,0.08,2.0,3,1,SUPPRESSED,,,2026-09-11T14:52:57+00:00,33dfeedb3f51,5d525b7,,,,2.47,0.75,-3.25,1,0,stop,1,2026-09-11T14:32:00Z,2.53,2.44,2.33
8374801ccf0a2343,2026-09-11T10:39:00-04:00,regular,LBGJ,pullback,ibkr-TNON-LBGJ-PCLA,IBKR · TWS read-only · live,live,1m,2.3043,,,3.25,5187244.0,260.9802777218756,18.778350515463927,540000.0,verified,finviz via premarket_stars.py,0,0,REJECT,catalyst,0,"[{""id"": ""price"", ""kills"": true, ""reason"": ""$2.30 is outside $2.00\u201320.00."", ""state"": ""PASS"", ""value"": ""$2.30  band $2.00\u201320.00""}, {""id"": ""float"", ""kills"": false, ""reason"": """", ""state"": ""PASS"", ""value"": ""0.5M (verified)""}, {""id"": ""catalyst"", ""kills"": true, ""reason"": ""No catalyst dated today and no live theme it belongs to."", ""state"": ""FAIL"", ""value"": ""none""}, {""id"": ""rising"", ""kills"": false, ""reason"": ""cascade already stopped"", ""state"": ""NOT_APPLICABLE"", ""value"": ""\u2014""}, {""id"": ""split"", ""kills"": false, ""reason"": ""cascade already stopped"", ""state"": ""NOT_APPLICABLE"", ""value"": ""\u2014""}, {""id"": ""instrument"", ""kills"": false, ""reason"": ""cascade already stopped"", ""state"": ""NOT_APPLICABLE"", ""value"": ""\u2014""}, {""id"": ""tick"", ""kills"": false, ""reason"": ""cascade already stopped"", ""state"": ""NOT_APPLICABLE"", ""value"": ""\u2014""}, {""id"": ""buyout"", ""kills"": false, ""reason"": ""cascade already stopped"", ""state"": ""NOT_APPLICABLE"", ""value"": ""\u2014""}]",[],"{""above_ema9"": true, ""above_vwap"": false, ""buyout_announced"": false, ""catalyst_today"": false, ""change_pct"": 18.778350515463927, ""feed_stale"": false, ""float_is_shares_outstanding"": false, ""float_shares"": 540000.0, ""float_verified"": true, ""halted"": false, ""in_session_window"": true, ""is_fund_or_etf"": null, ""last"": 2.3043, ""live_theme"": false, ""macd_positive_and_above_signal"": true, ""penny_theme"": false, ""premarket_volume"": null, ""prev_close"": null, ""rvol"": 260.9802777218756, ""session_high"": 3.25, ""session_volume"": 5187244.0, ""split_ratio_clean_integer"": null, ""symbol"": ""LBGJ"", ""tick_size"": null}",2.3,2.25,2.4,0.05,2.0,4,1,SUPPRESSED,,,2026-09-11T15:00:48+00:00,33dfeedb3f51,5d525b7,,,,2.3,2.38,-1.6,1,1,target,1,2026-09-11T14:40:00Z,2.419,2.27,2.2507
6f18aa4509969a36,2026-09-11T10:51:00-04:00,regular,FTFT,pullback,ibkr-TNON-LBGJ-PCLA,IBKR · TWS read-only · live,live,1m,2.76,,,3.3999,33903228.0,125.53403536834622,34.63414634146342,5370000.0,verified,finviz via premarket_stars.py,0,0,REJECT,catalyst,0,"[{""id"": ""price"", ""kills"": true, ""reason"": ""$2.76 is outside $2.00\u201320.00."", ""state"": ""PASS"", ""value"": ""$2.76  band $2.00\u201320.00""}, {""id"": ""float"", ""kills"": false, ""reason"": """", ""state"": ""PASS"", ""value"": ""5.4M (verified)""}, {""id"": ""catalyst"", ""kills"": true, ""reason"": ""No catalyst dated today and no live theme it belongs to."", ""state"": ""FAIL"", ""value"": ""none""}, {""id"": ""rising"", ""kills"": false, ""reason"": ""cascade already stopped"", ""state"": ""NOT_APPLICABLE"", ""value"": ""\u2014""}, {""id"": ""split"", ""kills"": false, ""reason"": ""cascade already stopped"", ""state"": ""NOT_APPLICABLE"", ""value"": ""\u2014""}, {""id"": ""instrument"", ""kills"": false, ""reason"": ""cascade already stopped"", ""state"": ""NOT_APPLICABLE"", ""value"": ""\u2014""}, {""id"": ""tick"", ""kills"": false, ""reason"": ""cascade already stopped"", ""state"": ""NOT_APPLICABLE"", ""value"": ""\u2014""}, {""id"": ""buyout"", ""kills"": false, ""reason"": ""cascade already stopped"", ""state"": ""NOT_APPLICABLE"", ""value"": ""\u2014""}]",[],"{""above_ema9"": true, ""above_vwap"": false, ""buyout_announced"": false, ""catalyst_today"": false, ""change_pct"": 34.63414634146342, ""feed_stale"": false, ""float_is_shares_outstanding"": false, ""float_shares"": 5370000.0, ""float_verified"": true, ""halted"": false, ""in_session_window"": true, ""is_fund_or_etf"": null, ""last"": 2.76, ""live_theme"": false, ""macd_positive_and_above_signal"": true, ""penny_theme"": false, ""premarket_volume"": null, ""prev_close"": null, ""rvol"": 125.53403536834622, ""session_high"": 3.3999, ""session_volume"": 33903228.0, ""split_ratio_clean_integer"": null, ""symbol"": ""FTFT"", ""tick_size"": null}",2.78,2.7,2.94,0.08,2.0,2,1,SUPPRESSED,,,2026-09-11T15:00:48+00:00,33dfeedb3f51,5d525b7,,,,2.78,1.75,-1.375,1,0,stop,1,2026-09-11T14:56:00Z,2.84,2.7,2.7599
2d6d65de7b5a007c,2026-09-11T10:51:00-04:00,regular,AENT,pullback,ibkr-TNON-LBGJ-PCLA,IBKR · TWS read-only · live,live,1m,7.1641,,,28.99,4121799.0,254.8544346648612,30.019963702359355,3340000.0,verified,finviz via premarket_stars.py,0,0,REJECT,catalyst,0,"[{""id"": ""price"", ""kills"": true, ""reason"": ""$7.16 is outside $2.00\u201320.00."", ""state"": ""PASS"", ""value"": ""$7.16  band $2.00\u201320.00""}, {""id"": ""float"", ""kills"": false, ""reason"": """", ""state"": ""PASS"", ""value"": ""3.3M (verified)""}, {""id"": ""catalyst"", ""kills"": true, ""reason"": ""No catalyst dated today and no live theme it belongs to."", ""state"": ""FAIL"", ""value"": ""none""}, {""id"": ""rising"", ""kills"": false, ""reason"": ""cascade already stopped"", ""state"": ""NOT_APPLICABLE"", ""value"": ""\u2014""}, {""id"": ""split"", ""kills"": false, ""reason"": ""cascade already stopped"", ""state"": ""NOT_APPLICABLE"", ""value"": ""\u2014""}, {""id"": ""instrument"", ""kills"": false, ""reason"": ""cascade already stopped"", ""state"": ""NOT_APPLICABLE"", ""value"": ""\u2014""}, {""id"": ""tick"", ""kills"": false, ""reason"": ""cascade already stopped"", ""state"": ""NOT_APPLICABLE"", ""value"": ""\u2014""}, {""id"": ""buyout"", ""kills"": false, ""reason"": ""cascade already stopped"", ""state"": ""NOT_APPLICABLE"", ""value"": ""\u2014""}]",[],"{""above_ema9"": true, ""above_vwap"": false, ""buyout_announced"": false, ""catalyst_today"": false, ""change_pct"": 30.019963702359355, ""feed_stale"": false, ""float_is_shares_outstanding"": false, ""float_shares"": 3340000.0, ""float_verified"": true, ""halted"": false, ""in_session_window"": true, ""is_fund_or_etf"": null, ""last"": 7.1641, ""live_theme"": false, ""macd_positive_and_above_signal"": true, ""penny_theme"": false, ""premarket_volume"": null, ""prev_close"": null, ""rvol"": 254.8544346648612, ""session_high"": 28.99, ""session_volume"": 4121799.0, ""split_ratio_clean_integer"": null, ""symbol"": ""AENT"", ""tick_size"": null}",7.175,7.09,7.345,0.085,2.0,1,1,SUPPRESSED,,,2026-09-11T15:00:48+00:00,33dfeedb3f51,5d525b7,,,,7.175,0.0494,-4.2941,1,0,stop,1,2026-09-11T15:00:00Z,7.1792,6.9201,6.85
4801d8314469aa32,2026-09-11T10:51:00-04:00,regular,BTCT,pullback,ibkr-TNON-LBGJ-PCLA,IBKR · TWS read-only · live,live,1m,1.515,,,1.68,7414533.0,6.287328221748488,16.538461538461526,8620000.0,verified,finviz via premarket_stars.py,0,0,REJECT,price,0,"[{""id"": ""price"", ""kills"": true, ""reason"": ""$1.51 is outside $2.00\u201320.00."", ""state"": ""FAIL"", ""value"": ""$1.51  band $2.00\u201320.00""}, {""id"": ""float"", ""kills"": false, ""reason"": ""cascade already stopped"", ""state"": ""NOT_APPLICABLE"", ""value"": ""\u2014""}, {""id"": ""catalyst"", ""kills"": false, ""reason"": ""cascade already stopped"", ""state"": ""NOT_APPLICABLE"", ""value"": ""\u2014""}, {""id"": ""rising"", ""kills"": false, ""reason"": ""cascade already stopped"", ""state"": ""NOT_APPLICABLE"", ""value"": ""\u2014""}, {""id"": ""split"", ""kills"": false, ""reason"": ""cascade already stopped"", ""state"": ""NOT_APPLICABLE"", ""value"": ""\u2014""}, {""id"": ""instrument"", ""kills"": false, ""reason"": ""cascade already stopped"", ""state"": ""NOT_APPLICABLE"", ""value"": ""\u2014""}, {""id"": ""tick"", ""kills"": false, ""reason"": ""cascade already stopped"", ""state"": ""NOT_APPLICABLE"", ""value"": ""\u2014""}, {""id"": ""buyout"", ""kills"": false, ""reason"": ""cascade already stopped"", ""state"": ""NOT_APPLICABLE"", ""value"": ""\u2014""}]",[],"{""above_ema9"": false, ""above_vwap"": false, ""buyout_announced"": false, ""catalyst_today"": false, ""change_pct"": 16.538461538461526, ""feed_stale"": false, ""float_is_shares_outstanding"": false, ""float_shares"": 8620000.0, ""float_verified"": true, ""halted"": false, ""in_session_window"": true, ""is_fund_or_etf"": null, ""last"": 1.515, ""live_theme"": false, ""macd_positive_and_above_signal"": true, ""penny_theme"": false, ""premarket_volume"": null, ""prev_close"": null, ""rvol"": 6.287328221748488, ""session_high"": 1.68, ""session_volume"": 7414533.0, ""split_ratio_clean_integer"": null, ""symbol"": ""BTCT"", ""tick_size"": null}",1.5397,1.51,1.5991,0.0297,2.0,2,1,SUPPRESSED,,,2026-09-11T15:00:48+00:00,33dfeedb3f51,5d525b7,,,,1.5397,1.5253,-1.0,1,0,stop,1,2026-09-11T15:00:00Z,1.57,1.51,1.535
19cd1551b395b04b,2026-09-11T11:02:00-04:00,regular,FTFT,pullback,ibkr-TNON-LBGJ-PCLA,IBKR · TWS read-only · live,live,1m,2.8315,,,3.3999,34529584.0,127.05350072855187,38.121951219512205,5370000.0,verified,finviz via premarket_stars.py,0,0,REJECT,catalyst,0,"[{""id"": ""price"", ""kills"": true, ""reason"": ""$2.83 is outside $2.00\u201320.00."", ""state"": ""PASS"", ""value"": ""$2.83  band $2.00\u201320.00""}, {""id"": ""float"", ""kills"": false, ""reason"": """", ""state"": ""PASS"", ""value"": ""5.4M (verified)""}, {""id"": ""catalyst"", ""kills"": true, ""reason"": ""No catalyst dated today and no live theme it belongs to."", ""state"": ""FAIL"", ""value"": ""none""}, {""id"": ""rising"", ""kills"": false, ""reason"": ""cascade already stopped"", ""state"": ""NOT_APPLICABLE"", ""value"": ""\u2014""}, {""id"": ""split"", ""kills"": false, ""reason"": ""cascade already stopped"", ""state"": ""NOT_APPLICABLE"", ""value"": ""\u2014""}, {""id"": ""instrument"", ""kills"": false, ""reason"": ""cascade already stopped"", ""state"": ""NOT_APPLICABLE"", ""value"": ""\u2014""}, {""id"": ""tick"", ""kills"": false, ""reason"": ""cascade already stopped"", ""state"": ""NOT_APPLICABLE"", ""value"": ""\u2014""}, {""id"": ""buyout"", ""kills"": false, ""reason"": ""cascade already stopped"", ""state"": ""NOT_APPLICABLE"", ""value"": ""\u2014""}]",[],"{""above_ema9"": true, ""above_vwap"": false, ""buyout_announced"": false, ""catalyst_today"": false, ""change_pct"": 38.121951219512205, ""feed_stale"": false, ""float_is_shares_outstanding"": false, ""float_shares"": 5370000.0, ""float_verified"": true, ""halted"": false, ""in_session_window"": true, ""is_fund_or_etf"": null, ""last"": 2.8315, ""live_theme"": false, ""macd_positive_and_above_signal"": true, ""penny_theme"": false, ""premarket_volume"": null, ""prev_close"": null, ""rvol"": 127.05350072855187, ""session_high"": 3.3999, ""session_volume"": 34529584.0, ""split_ratio_clean_integer"": null, ""symbol"": ""FTFT"", ""tick_size"": null}",2.78,2.73,2.88,0.05,2.0,3,1,SUPPRESSED,,,2026-09-11T15:51:00+00:00,33dfeedb3f51,5d525b7,,,,2.78,2.8,-2.2,1,1,stop,1,2026-09-11T15:03:00Z,2.92,2.73,2.7599
388e1502dcbcaaf9,2026-09-11T11:03:00-04:00,regular,BTCT,pullback,ibkr-TNON-LBGJ-PCLA,IBKR · TWS read-only · live,live,1m,1.5598,,,1.68,7506816.0,5.9524144066708,19.984615384615378,8620000.0,verified,finviz via premarket_stars.py,0,0,REJECT,price,0,"[{""id"": ""price"", ""kills"": true, ""reason"": ""$1.56 is outside $2.00\u201320.00."", ""state"": ""FAIL"", ""value"": ""$1.56  band $2.00\u201320.00""}, {""id"": ""float"", ""kills"": false, ""reason"": ""cascade already stopped"", ""state"": ""NOT_APPLICABLE"", ""value"": ""\u2014""}, {""id"": ""catalyst"", ""kills"": false, ""reason"": ""cascade already stopped"", ""state"": ""NOT_APPLICABLE"", ""value"": ""\u2014""}, {""id"": ""rising"", ""kills"": false, ""reason"": ""cascade already stopped"", ""state"": ""NOT_APPLICABLE"", ""value"": ""\u2014""}, {""id"": ""split"", ""kills"": false, ""reason"": ""cascade already stopped"", ""state"": ""NOT_APPLICABLE"", ""value"": ""\u2014""}, {""id"": ""instrument"", ""kills"": false, ""reason"": ""cascade already stopped"", ""state"": ""NOT_APPLICABLE"", ""value"": ""\u2014""}, {""id"": ""tick"", ""kills"": false, ""reason"": ""cascade already stopped"", ""state"": ""NOT_APPLICABLE"", ""value"": ""\u2014""}, {""id"": ""buyout"", ""kills"": false, ""reason"": ""cascade already stopped"", ""state"": ""NOT_APPLICABLE"", ""value"": ""\u2014""}]",[],"{""above_ema9"": true, ""above_vwap"": true, ""buyout_announced"": false, ""catalyst_today"": false, ""change_pct"": 19.984615384615378, ""feed_stale"": false, ""float_is_shares_outstanding"": false, ""float_shares"": 8620000.0, ""float_verified"": true, ""halted"": false, ""in_session_window"": true, ""is_fund_or_etf"": null, ""last"": 1.5598, ""live_theme"": false, ""macd_positive_and_above_signal"": true, ""penny_theme"": false, ""premarket_volume"": null, ""prev_close"": null, ""rvol"": 5.9524144066708, ""session_high"": 1.68, ""session_volume"": 7506816.0, ""split_ratio_clean_integer"": null, ""symbol"": ""BTCT"", ""tick_size"": null}",1.56,1.525,1.63,0.035,2.0,2,0,SUPPRESSED,,,2026-09-11T15:51:00+00:00,33dfeedb3f51,5d525b7,,,,1.56,0.7143,-1.4286,1,0,stop,1,2026-09-11T15:04:00Z,1.585,1.52,1.535
0163ac8923dffdaf,2026-09-11T11:05:00-04:00,regular,AENT,pullback,ibkr-TNON-LBGJ-PCLA,IBKR · TWS read-only · live,live,1m,7.0972,,,28.99,4217926.0,260.7980510908512,28.80580762250453,3340000.0,verified,finviz via premarket_stars.py,0,0,REJECT,catalyst,0,"[{""id"": ""price"", ""kills"": true, ""reason"": ""$7.10 is outside $2.00\u201320.00."", ""state"": ""PASS"", ""value"": ""$7.10  band $2.00\u201320.00""}, {""id"": ""float"", ""kills"": false, ""reason"": """", ""state"": ""PASS"", ""value"": ""3.3M (verified)""}, {""id"": ""catalyst"", ""kills"": true, ""reason"": ""No catalyst dated today and no live theme it belongs to."", ""state"": ""FAIL"", ""value"": ""none""}, {""id"": ""rising"", ""kills"": false, ""reason"": ""cascade already stopped"", ""state"": ""NOT_APPLICABLE"", ""value"": ""\u2014""}, {""id"": ""split"", ""kills"": false, ""reason"": ""cascade already stopped"", ""state"": ""NOT_APPLICABLE"", ""value"": ""\u2014""}, {""id"": ""instrument"", ""kills"": false, ""reason"": ""cascade already stopped"", ""state"": ""NOT_APPLICABLE"", ""value"": ""\u2014""}, {""id"": ""tick"", ""kills"": false, ""reason"": ""cascade already stopped"", ""state"": ""NOT_APPLICABLE"", ""value"": ""\u2014""}, {""id"": ""buyout"", ""kills"": false, ""reason"": ""cascade already stopped"", ""state"": ""NOT_APPLICABLE"", ""value"": ""\u2014""}]",[],"{""above_ema9"": true, ""above_vwap"": false, ""buyout_announced"": false, ""catalyst_today"": false, ""change_pct"": 28.80580762250453, ""feed_stale"": false, ""float_is_shares_outstanding"": false, ""float_shares"": 3340000.0, ""float_verified"": true, ""halted"": false, ""in_session_window"": true, ""is_fund_or_etf"": null, ""last"": 7.0972, ""live_theme"": false, ""macd_positive_and_above_signal"": true, ""penny_theme"": false, ""premarket_volume"": null, ""prev_close"": null, ""rvol"": 260.7980510908512, ""session_high"": 28.99, ""session_volume"": 4217926.0, ""split_ratio_clean_integer"": null, ""symbol"": ""AENT"", ""tick_size"": null}",7.1095,7.03,7.2685,0.0795,2.0,4,1,SUPPRESSED,,,2026-09-11T15:51:00+00:00,33dfeedb3f51,5d525b7,,,,7.1095,0.761,-3.7673,1,0,stop,1,2026-09-11T15:06:00Z,7.17,6.9305,6.85
d27d78b865c94a7b,2026-09-11T11:07:00-04:00,regular,TNON,pullback,ibkr-TNON-LBGJ-PCLA,IBKR · TWS read-only · live,live,1m,8.46,,,10.84,51353739.0,416.9405933359314,59.62264150943399,850000.0,verified,finviz via premarket_stars.py,0,0,REJECT,catalyst,0,"[{""id"": ""price"", ""kills"": true, ""reason"": ""$8.46 is outside $2.00\u201320.00."", ""state"": ""PASS"", ""value"": ""$8.46  band $2.00\u201320.00""}, {""id"": ""float"", ""kills"": false, ""reason"": """", ""state"": ""PASS"", ""value"": ""0.8M (verified)""}, {""id"": ""catalyst"", ""kills"": true, ""reason"": ""No catalyst dated today and no live theme it belongs to."", ""state"": ""FAIL"", ""value"": ""none""}, {""id"": ""rising"", ""kills"": false, ""reason"": ""cascade already stopped"", ""state"": ""NOT_APPLICABLE"", ""value"": ""\u2014""}, {""id"": ""split"", ""kills"": false, ""reason"": ""cascade already stopped"", ""state"": ""NOT_APPLICABLE"", ""value"": ""\u2014""}, {""id"": ""instrument"", ""kills"": false, ""reason"": ""cascade already stopped"", ""state"": ""NOT_APPLICABLE"", ""value"": ""\u2014""}, {""id"": ""tick"", ""kills"": false, ""reason"": ""cascade already stopped"", ""state"": ""NOT_APPLICABLE"", ""value"": ""\u2014""}, {""id"": ""buyout"", ""kills"": false, ""reason"": ""cascade already stopped"", ""state"": ""NOT_APPLICABLE"", ""value"": ""\u2014""}]",[],"{""above_ema9"": false, ""above_vwap"": true, ""buyout_announced"": false, ""catalyst_today"": false, ""change_pct"": 59.62264150943399, ""feed_stale"": false, ""float_is_shares_outstanding"": false, ""float_shares"": 850000.0, ""float_verified"": true, ""halted"": false, ""in_session_window"": true, ""is_fund_or_etf"": null, ""last"": 8.46, ""live_theme"": false, ""macd_positive_and_above_signal"": false, ""penny_theme"": false, ""premarket_volume"": null, ""prev_close"": null, ""rvol"": 416.9405933359314, ""session_high"": 10.84, ""session_volume"": 51353739.0, ""split_ratio_clean_integer"": null, ""symbol"": ""TNON"", ""tick_size"": null}",8.42,8.22,8.82,0.2,2.0,2,1,SUPPRESSED,,,2026-09-11T15:51:00+00:00,33dfeedb3f51,5d525b7,,,,8.42,8.75,-0.85,0,1,target,1,2026-09-11T15:08:00Z,9.5,8.25,9.6
51821af450773702,2026-09-11T11:18:00-04:00,regular,TNON,pullback,ibkr-TNON-LBGJ-PCLA,IBKR · TWS read-only · live,live,1m,8.89,8.86,8.91,10.84,53493083.0,431.19066734376383,67.7358490566038,850000.0,verified,finviz via premarket_stars.py,0,0,REJECT,catalyst,0,"[{""id"": ""price"", ""kills"": true, ""reason"": ""$8.89 is outside $2.00\u201320.00."", ""state"": ""PASS"", ""value"": ""$8.89  band $2.00\u201320.00""}, {""id"": ""float"", ""kills"": false, ""reason"": """", ""state"": ""PASS"", ""value"": ""0.8M (verified)""}, {""id"": ""catalyst"", ""kills"": true, ""reason"": ""No catalyst dated today and no live theme it belongs to."", ""state"": ""FAIL"", ""value"": ""none""}, {""id"": ""rising"", ""kills"": false, ""reason"": ""cascade already stopped"", ""state"": ""NOT_APPLICABLE"", ""value"": ""\u2014""}, {""id"": ""split"", ""kills"": false, ""reason"": ""cascade already stopped"", ""state"": ""NOT_APPLICABLE"", ""value"": ""\u2014""}, {""id"": ""instrument"", ""kills"": false, ""reason"": ""cascade already stopped"", ""state"": ""NOT_APPLICABLE"", ""value"": ""\u2014""}, {""id"": ""tick"", ""kills"": false, ""reason"": ""cascade already stopped"", ""state"": ""NOT_APPLICABLE"", ""value"": ""\u2014""}, {""id"": ""buyout"", ""kills"": false, ""reason"": ""cascade already stopped"", ""state"": ""NOT_APPLICABLE"", ""value"": ""\u2014""}]",[],"{""above_ema9"": true, ""above_vwap"": true, ""buyout_announced"": false, ""catalyst_today"": false, ""change_pct"": 67.7358490566038, ""feed_stale"": false, ""float_is_shares_outstanding"": false, ""float_shares"": 850000.0, ""float_verified"": true, ""halted"": false, ""in_session_window"": true, ""is_fund_or_etf"": null, ""last"": 8.89, ""live_theme"": false, ""macd_positive_and_above_signal"": true, ""penny_theme"": false, ""premarket_volume"": null, ""prev_close"": null, ""rvol"": 431.19066734376383, ""session_high"": 10.84, ""session_volume"": 53493083.0, ""split_ratio_clean_integer"": null, ""symbol"": ""TNON"", ""tick_size"": null}",8.93,8.75,9.29,0.18,2.0,1,1,SUPPRESSED,,,2026-09-11T15:51:00+00:00,33dfeedb3f51,5d525b7,,,,8.93,6.8889,-1.8889,1,1,target,1,2026-09-11T15:20:00Z,9.72,8.59,9.6
6a7d1c877f807a8c,2026-09-11T11:19:00-04:00,regular,FTFT,pullback,ibkr-TNON-LBGJ-PCLA,IBKR · TWS read-only · live,live,1m,2.8199,2.78,2.79,3.3999,35521913.0,129.20113117645988,37.55609756097562,5370000.0,verified,finviz via premarket_stars.py,0,0,REJECT,catalyst,0,"[{""id"": ""price"", ""kills"": true, ""reason"": ""$2.82 is outside $2.00\u201320.00."", ""state"": ""PASS"", ""value"": ""$2.82  band $2.00\u201320.00""}, {""id"": ""float"", ""kills"": false, ""reason"": """", ""state"": ""PASS"", ""value"": ""5.4M (verified)""}, {""id"": ""catalyst"", ""kills"": true, ""reason"": ""No catalyst dated today and no live theme it belongs to."", ""state"": ""FAIL"", ""value"": ""none""}, {""id"": ""rising"", ""kills"": false, ""reason"": ""cascade already stopped"", ""state"": ""NOT_APPLICABLE"", ""value"": ""\u2014""}, {""id"": ""split"", ""kills"": false, ""reason"": ""cascade already stopped"", ""state"": ""NOT_APPLICABLE"", ""value"": ""\u2014""}, {""id"": ""instrument"", ""kills"": false, ""reason"": ""cascade already stopped"", ""state"": ""NOT_APPLICABLE"", ""value"": ""\u2014""}, {""id"": ""tick"", ""kills"": false, ""reason"": ""cascade already stopped"", ""state"": ""NOT_APPLICABLE"", ""value"": ""\u2014""}, {""id"": ""buyout"", ""kills"": false, ""reason"": ""cascade already stopped"", ""state"": ""NOT_APPLICABLE"", ""value"": ""\u2014""}]",[],"{""above_ema9"": true, ""above_vwap"": false, ""buyout_announced"": false, ""catalyst_today"": false, ""change_pct"": 37.55609756097562, ""feed_stale"": false, ""float_is_shares_outstanding"": false, ""float_shares"": 5370000.0, ""float_verified"": true, ""halted"": false, ""in_session_window"": true, ""is_fund_or_etf"": null, ""last"": 2.8199, ""live_theme"": false, ""macd_positive_and_above_signal"": true, ""penny_theme"": false, ""premarket_volume"": null, ""prev_close"": null, ""rvol"": 129.20113117645988, ""session_high"": 3.3999, ""session_volume"": 35521913.0, ""split_ratio_clean_integer"": null, ""symbol"": ""FTFT"", ""tick_size"": null}",2.7999,2.77,2.8597,0.0299,2.0,1,1,SUPPRESSED,,,2026-09-11T15:51:00+00:00,33dfeedb3f51,5d525b7,,,,2.7999,4.0167,-4.3445,1,1,stop,1,2026-09-11T15:20:00Z,2.92,2.67,2.7599
2c1a24fc0fc548e9,2026-09-11T11:26:00-04:00,regular,BTCT,pullback,ibkr-TNON-LBGJ-PCLA,IBKR · TWS read-only · live,live,1m,1.57,,,1.68,7724573.0,5.173413013878908,20.769230769230763,8620000.0,verified,finviz via premarket_stars.py,0,0,REJECT,price,0,"[{""id"": ""price"", ""kills"": true, ""reason"": ""$1.57 is outside $2.00\u201320.00."", ""state"": ""FAIL"", ""value"": ""$1.57  band $2.00\u201320.00""}, {""id"": ""float"", ""kills"": false, ""reason"": ""cascade already stopped"", ""state"": ""NOT_APPLICABLE"", ""value"": ""\u2014""}, {""id"": ""catalyst"", ""kills"": false, ""reason"": ""cascade already stopped"", ""state"": ""NOT_APPLICABLE"", ""value"": ""\u2014""}, {""id"": ""rising"", ""kills"": false, ""reason"": ""cascade already stopped"", ""state"": ""NOT_APPLICABLE"", ""value"": ""\u2014""}, {""id"": ""split"", ""kills"": false, ""reason"": ""cascade already stopped"", ""state"": ""NOT_APPLICABLE"", ""value"": ""\u2014""}, {""id"": ""instrument"", ""kills"": false, ""reason"": ""cascade already stopped"", ""state"": ""NOT_APPLICABLE"", ""value"": ""\u2014""}, {""id"": ""tick"", ""kills"": false, ""reason"": ""cascade already stopped"", ""state"": ""NOT_APPLICABLE"", ""value"": ""\u2014""}, {""id"": ""buyout"", ""kills"": false, ""reason"": ""cascade already stopped"", ""state"": ""NOT_APPLICABLE"", ""value"": ""\u2014""}]",[],"{""above_ema9"": true, ""above_vwap"": true, ""buyout_announced"": false, ""catalyst_today"": false, ""change_pct"": 20.769230769230763, ""feed_stale"": false, ""float_is_shares_outstanding"": false, ""float_shares"": 8620000.0, ""float_verified"": true, ""halted"": false, ""in_session_window"": true, ""is_fund_or_etf"": null, ""last"": 1.57, ""live_theme"": false, ""macd_positive_and_above_signal"": true, ""penny_theme"": false, ""premarket_volume"": null, ""prev_close"": null, ""rvol"": 5.173413013878908, ""session_high"": 1.68, ""session_volume"": 7724573.0, ""split_ratio_clean_integer"": null, ""symbol"": ""BTCT"", ""tick_size"": null}",1.56,1.53,1.62,0.03,2.0,4,1,SUPPRESSED,,,2026-09-11T15:51:00+00:00,33dfeedb3f51,5d525b7,,,,1.56,0.8333,-1.6667,1,0,stop,1,2026-09-11T15:27:00Z,1.585,1.51,1.535
8732fbef3da3ac11,2026-09-11T11:31:00-04:00,regular,PCLA,pullback,ibkr-TNON-LBGJ-PCLA,IBKR · TWS read-only · live,live,1m,11.425,,,15.45,3046012.0,245.30981718611582,17.541152263374492,9480000.0,verified,finviz via premarket_stars.py,0,0,REJECT,catalyst,0,"[{""id"": ""price"", ""kills"": true, ""reason"": ""$11.43 is outside $2.00\u201320.00."", ""state"": ""PASS"", ""value"": ""$11.43  band $2.00\u201320.00""}, {""id"": ""float"", ""kills"": false, ""reason"": """", ""state"": ""PASS"", ""value"": ""9.5M (verified)""}, {""id"": ""catalyst"", ""kills"": true, ""reason"": ""No catalyst dated today and no live theme it belongs to."", ""state"": ""FAIL"", ""value"": ""none""}, {""id"": ""rising"", ""kills"": false, ""reason"": ""cascade already stopped"", ""state"": ""NOT_APPLICABLE"", ""value"": ""\u2014""}, {""id"": ""split"", ""kills"": false, ""reason"": ""cascade already stopped"", ""state"": ""NOT_APPLICABLE"", ""value"": ""\u2014""}, {""id"": ""instrument"", ""kills"": false, ""reason"": ""cascade already stopped"", ""state"": ""NOT_APPLICABLE"", ""value"": ""\u2014""}, {""id"": ""tick"", ""kills"": false, ""reason"": ""cascade already stopped"", ""state"": ""NOT_APPLICABLE"", ""value"": ""\u2014""}, {""id"": ""buyout"", ""kills"": false, ""reason"": ""cascade already stopped"", ""state"": ""NOT_APPLICABLE"", ""value"": ""\u2014""}]",[],"{""above_ema9"": true, ""above_vwap"": false, ""buyout_announced"": false, ""catalyst_today"": false, ""change_pct"": 17.541152263374492, ""feed_stale"": false, ""float_is_shares_outstanding"": false, ""float_shares"": 9480000.0, ""float_verified"": true, ""halted"": false, ""in_session_window"": true, ""is_fund_or_etf"": null, ""last"": 11.425, ""live_theme"": false, ""macd_positive_and_above_signal"": true, ""penny_theme"": false, ""premarket_volume"": null, ""prev_close"": null, ""rvol"": 245.30981718611582, ""session_high"": 15.45, ""session_volume"": 3046012.0, ""split_ratio_clean_integer"": null, ""symbol"": ""PCLA"", ""tick_size"": null}",11.28,11.24,11.36,0.04,2.0,1,1,SUPPRESSED,,,2026-09-11T15:51:00+00:00,33dfeedb3f51,5d525b7,,,,11.28,9.5,-30.5,1,1,target,1,2026-09-11T15:32:00Z,11.66,10.06,10.23
c0aa9c92ec413d61,2026-09-11T11:34:00-04:00,regular,LBGJ,pullback,ibkr-TNON-LBGJ-PCLA,IBKR · TWS read-only · live,live,1m,2.36,,,3.25,5406043.0,228.14158507765023,21.649484536082465,540000.0,verified,finviz via premarket_stars.py,0,0,REJECT,catalyst,0,"[{""id"": ""price"", ""kills"": true, ""reason"": ""$2.36 is outside $2.00\u201320.00."", ""state"": ""PASS"", ""value"": ""$2.36  band $2.00\u201320.00""}, {""id"": ""float"", ""kills"": false, ""reason"": """", ""state"": ""PASS"", ""value"": ""0.5M (verified)""}, {""id"": ""catalyst"", ""kills"": true, ""reason"": ""No catalyst dated today and no live theme it belongs to."", ""state"": ""FAIL"", ""value"": ""none""}, {""id"": ""rising"", ""kills"": false, ""reason"": ""cascade already stopped"", ""state"": ""NOT_APPLICABLE"", ""value"": ""\u2014""}, {""id"": ""split"", ""kills"": false, ""reason"": ""cascade already stopped"", ""state"": ""NOT_APPLICABLE"", ""value"": ""\u2014""}, {""id"": ""instrument"", ""kills"": false, ""reason"": ""cascade already stopped"", ""state"": ""NOT_APPLICABLE"", ""value"": ""\u2014""}, {""id"": ""tick"", ""kills"": false, ""reason"": ""cascade already stopped"", ""state"": ""NOT_APPLICABLE"", ""value"": ""\u2014""}, {""id"": ""buyout"", ""kills"": false, ""reason"": ""cascade already stopped"", ""state"": ""NOT_APPLICABLE"", ""value"": ""\u2014""}]",[],"{""above_ema9"": true, ""above_vwap"": false, ""buyout_announced"": false, ""catalyst_today"": false, ""change_pct"": 21.649484536082465, ""feed_stale"": false, ""float_is_shares_outstanding"": false, ""float_shares"": 540000.0, ""float_verified"": true, ""halted"": false, ""in_session_window"": true, ""is_fund_or_etf"": null, ""last"": 2.36, ""live_theme"": false, ""macd_positive_and_above_signal"": true, ""penny_theme"": false, ""premarket_volume"": null, ""prev_close"": null, ""rvol"": 228.14158507765023, ""session_high"": 3.25, ""session_volume"": 5406043.0, ""split_ratio_clean_integer"": null, ""symbol"": ""LBGJ"", ""tick_size"": null}",2.34,2.311,2.398,0.029,2.0,2,1,SUPPRESSED,,,2026-09-11T15:51:00+00:00,33dfeedb3f51,5d525b7,,,,2.34,0.0,-3.0793,1,0,stop,1,2026-09-11T15:35:00Z,2.34,2.2507,2.2507
2974d6bfae891a6c,2026-09-11T11:40:00-04:00,regular,TNON,pullback,ibkr-TNON-LBGJ-PCLA,IBKR · TWS read-only · live,live,1m,9.12,,,10.84,58448157.0,450.905364747269,72.07547169811319,850000.0,verified,finviz via premarket_stars.py,0,0,REJECT,catalyst,0,"[{""id"": ""price"", ""kills"": true, ""reason"": ""$9.12 is outside $2.00\u201320.00."", ""state"": ""PASS"", ""value"": ""$9.12  band $2.00\u201320.00""}, {""id"": ""float"", ""kills"": false, ""reason"": """", ""state"": ""PASS"", ""value"": ""0.8M (verified)""}, {""id"": ""catalyst"", ""kills"": true, ""reason"": ""No catalyst dated today and no live theme it belongs to."", ""state"": ""FAIL"", ""value"": ""none""}, {""id"": ""rising"", ""kills"": false, ""reason"": ""cascade already stopped"", ""state"": ""NOT_APPLICABLE"", ""value"": ""\u2014""}, {""id"": ""split"", ""kills"": false, ""reason"": ""cascade already stopped"", ""state"": ""NOT_APPLICABLE"", ""value"": ""\u2014""}, {""id"": ""instrument"", ""kills"": false, ""reason"": ""cascade already stopped"", ""state"": ""NOT_APPLICABLE"", ""value"": ""\u2014""}, {""id"": ""tick"", ""kills"": false, ""reason"": ""cascade already stopped"", ""state"": ""NOT_APPLICABLE"", ""value"": ""\u2014""}, {""id"": ""buyout"", ""kills"": false, ""reason"": ""cascade already stopped"", ""state"": ""NOT_APPLICABLE"", ""value"": ""\u2014""}]",[],"{""above_ema9"": true, ""above_vwap"": true, ""buyout_announced"": false, ""catalyst_today"": false, ""change_pct"": 72.07547169811319, ""feed_stale"": false, ""float_is_shares_outstanding"": false, ""float_shares"": 850000.0, ""float_verified"": true, ""halted"": false, ""in_session_window"": true, ""is_fund_or_etf"": null, ""last"": 9.12, ""live_theme"": false, ""macd_positive_and_above_signal"": true, ""penny_theme"": false, ""premarket_volume"": null, ""prev_close"": null, ""rvol"": 450.905364747269, ""session_high"": 10.84, ""session_volume"": 58448157.0, ""split_ratio_clean_integer"": null, ""symbol"": ""TNON"", ""tick_size"": null}",9.05,8.86,9.43,0.19,2.0,3,1,SUPPRESSED,,,2026-09-11T15:52:24+00:00,33dfeedb3f51,5d525b7,,,,9.05,5.8947,-0.4211,0,1,target,1,2026-09-11T15:41:00Z,10.17,8.97,9.6
9d3d5c7acbd41caf,2026-09-11T11:43:00-04:00,regular,SXTC,pullback,ibkr-TNON-LBGJ-PCLA,IBKR · TWS read-only · live,live,1m,2.35,,,2.98,6832676.0,140.03967944907873,21.761658031088093,1030000.0,verified,finviz via premarket_stars.py,0,0,REJECT,catalyst,0,"[{""id"": ""price"", ""kills"": true, ""reason"": ""$2.35 is outside $2.00\u201320.00."", ""state"": ""PASS"", ""value"": ""$2.35  band $2.00\u201320.00""}, {""id"": ""float"", ""kills"": false, ""reason"": """", ""state"": ""PASS"", ""value"": ""1.0M (verified)""}, {""id"": ""catalyst"", ""kills"": true, ""reason"": ""No catalyst dated today and no live theme it belongs to."", ""state"": ""FAIL"", ""value"": ""none""}, {""id"": ""rising"", ""kills"": false, ""reason"": ""cascade already stopped"", ""state"": ""NOT_APPLICABLE"", ""value"": ""\u2014""}, {""id"": ""split"", ""kills"": false, ""reason"": ""cascade already stopped"", ""state"": ""NOT_APPLICABLE"", ""value"": ""\u2014""}, {""id"": ""instrument"", ""kills"": false, ""reason"": ""cascade already stopped"", ""state"": ""NOT_APPLICABLE"", ""value"": ""\u2014""}, {""id"": ""tick"", ""kills"": false, ""reason"": ""cascade already stopped"", ""state"": ""NOT_APPLICABLE"", ""value"": ""\u2014""}, {""id"": ""buyout"", ""kills"": false, ""reason"": ""cascade already stopped"", ""state"": ""NOT_APPLICABLE"", ""value"": ""\u2014""}]",[],"{""above_ema9"": true, ""above_vwap"": false, ""buyout_announced"": false, ""catalyst_today"": false, ""change_pct"": 21.761658031088093, ""feed_stale"": false, ""float_is_shares_outstanding"": false, ""float_shares"": 1030000.0, ""float_verified"": true, ""halted"": false, ""in_session_window"": true, ""is_fund_or_etf"": null, ""last"": 2.35, ""live_theme"": false, ""macd_positive_and_above_signal"": true, ""penny_theme"": false, ""premarket_volume"": null, ""prev_close"": null, ""rvol"": 140.03967944907873, ""session_high"": 2.98, ""session_volume"": 6832676.0, ""split_ratio_clean_integer"": null, ""symbol"": ""SXTC"", ""tick_size"": null}",2.3694,2.335,2.4382,0.0344,2.0,1,1,SUPPRESSED,,,2026-09-11T15:52:24+00:00,33dfeedb3f51,5d525b7,,,,2.3694,0.8866,-2.0174,1,0,stop,1,2026-09-11T15:47:00Z,2.3999,2.3,2.33
befce2427dd28de9,2026-09-11T11:49:00-04:00,regular,PCLA,pullback,ibkr-TNON-LBGJ-PCLA,IBKR · TWS read-only · live,live,1m,10.3062,,,15.45,3156343.0,254.1952967705565,6.030864197530872,9480000.0,verified,finviz via premarket_stars.py,0,0,REJECT,catalyst,0,"[{""id"": ""price"", ""kills"": true, ""reason"": ""$10.31 is outside $2.00\u201320.00."", ""state"": ""PASS"", ""value"": ""$10.31  band $2.00\u201320.00""}, {""id"": ""float"", ""kills"": false, ""reason"": """", ""state"": ""PASS"", ""value"": ""9.5M (verified)""}, {""id"": ""catalyst"", ""kills"": true, ""reason"": ""No catalyst dated today and no live theme it belongs to."", ""state"": ""FAIL"", ""value"": ""none""}, {""id"": ""rising"", ""kills"": false, ""reason"": ""cascade already stopped"", ""state"": ""NOT_APPLICABLE"", ""value"": ""\u2014""}, {""id"": ""split"", ""kills"": false, ""reason"": ""cascade already stopped"", ""state"": ""NOT_APPLICABLE"", ""value"": ""\u2014""}, {""id"": ""instrument"", ""kills"": false, ""reason"": ""cascade already stopped"", ""state"": ""NOT_APPLICABLE"", ""value"": ""\u2014""}, {""id"": ""tick"", ""kills"": false, ""reason"": ""cascade already stopped"", ""state"": ""NOT_APPLICABLE"", ""value"": ""\u2014""}, {""id"": ""buyout"", ""kills"": false, ""reason"": ""cascade already stopped"", ""state"": ""NOT_APPLICABLE"", ""value"": ""\u2014""}]",[],"{""above_ema9"": false, ""above_vwap"": false, ""buyout_announced"": false, ""catalyst_today"": false, ""change_pct"": 6.030864197530872, ""feed_stale"": false, ""float_is_shares_outstanding"": false, ""float_shares"": 9480000.0, ""float_verified"": true, ""halted"": false, ""in_session_window"": true, ""is_fund_or_etf"": null, ""last"": 10.3062, ""live_theme"": false, ""macd_positive_and_above_signal"": false, ""penny_theme"": false, ""premarket_volume"": null, ""prev_close"": null, ""rvol"": 254.1952967705565, ""session_high"": 15.45, ""session_volume"": 3156343.0, ""split_ratio_clean_integer"": null, ""symbol"": ""PCLA"", ""tick_size"": null}",10.41,10.29,10.65,0.12,2.0,2,1,SUPPRESSED,,,2026-09-11T15:52:24+00:00,33dfeedb3f51,5d525b7,,,,10.41,0.5833,-2.9167,1,0,stop,1,2026-09-11T15:50:00Z,10.48,10.06,10.23
6f8857161bcecfcd,2026-09-11T11:51:00-04:00,regular,TNON,pullback,ibkr-TNON-LBGJ-PCLA,IBKR · TWS read-only · live,live,1m,9.41,,,10.84,61557279.0,471.6707583385054,77.54716981132077,850000.0,verified,finviz via premarket_stars.py,0,0,REJECT,catalyst,0,"[{""id"": ""price"", ""kills"": true, ""reason"": ""$9.41 is outside $2.00\u201320.00."", ""state"": ""PASS"", ""value"": ""$9.41  band $2.00\u201320.00""}, {""id"": ""float"", ""kills"": false, ""reason"": """", ""state"": ""PASS"", ""value"": ""0.8M (verified)""}, {""id"": ""catalyst"", ""kills"": true, ""reason"": ""No catalyst dated today and no live theme it belongs to."", ""state"": ""FAIL"", ""value"": ""none""}, {""id"": ""rising"", ""kills"": false, ""reason"": ""cascade already stopped"", ""state"": ""NOT_APPLICABLE"", ""value"": ""\u2014""}, {""id"": ""split"", ""kills"": false, ""reason"": ""cascade already stopped"", ""state"": ""NOT_APPLICABLE"", ""value"": ""\u2014""}, {""id"": ""instrument"", ""kills"": false, ""reason"": ""cascade already stopped"", ""state"": ""NOT_APPLICABLE"", ""value"": ""\u2014""}, {""id"": ""tick"", ""kills"": false, ""reason"": ""cascade already stopped"", ""state"": ""NOT_APPLICABLE"", ""value"": ""\u2014""}, {""id"": ""buyout"", ""kills"": false, ""reason"": ""cascade already stopped"", ""state"": ""NOT_APPLICABLE"", ""value"": ""\u2014""}]",[],"{""above_ema9"": true, ""above_vwap"": true, ""buyout_announced"": false, ""catalyst_today"": false, ""change_pct"": 77.54716981132077, ""feed_stale"": false, ""float_is_shares_outstanding"": false, ""float_shares"": 850000.0, ""float_verified"": true, ""halted"": false, ""in_session_window"": true, ""is_fund_or_etf"": null, ""last"": 9.41, ""live_theme"": false, ""macd_positive_and_above_signal"": true, ""penny_theme"": false, ""premarket_volume"": null, ""prev_close"": null, ""rvol"": 471.6707583385054, ""session_high"": 10.84, ""session_volume"": 61557279.0, ""split_ratio_clean_integer"": null, ""symbol"": ""TNON"", ""tick_size"": null}",9.41,9.27,9.69,0.14,2.0,1,1,SUPPRESSED,,,2026-09-11T15:52:24+00:00,33dfeedb3f51,5d525b7,,,,9.41,5.4286,-2.6429,1,1,stop,1,2026-09-11T15:52:00Z,10.17,9.04,9.6
