symbol,ts,open,high,low,close,volume
ATCX,2026-09-30T08:01:00Z,3.88,4.8,3.88,4.8,700.0
ATCX,2026-09-30T08:02:00Z,4.8,4.8,3.85,3.85,1328.0
ATCX,2026-09-30T08:03:00Z,3.69,3.69,3.29,3.29,844.0
ATCX,2026-09-30T08:04:00Z,3.29,3.33,3.29,3.33,800.0
ATCX,2026-09-30T08:05:00Z,3.33,3.5,3.33,3.5,453.0
ATCX,2026-09-30T08:06:00Z,3.5,3.5,3.48,3.5,400.0
ATCX,2026-09-30T08:07:00Z,3.5,3.52,3.5,3.5,903.0
ATCX,2026-09-30T08:08:00Z,3.5,3.5,3.5,3.5,0.0
ATCX,2026-09-30T08:09:00Z,3.5,3.5,3.5,3.5,0.0
ATCX,2026-09-30T08:10:00Z,3.5,3.5,3.5,3.5,0.0
ATCX,2026-09-30T08:11:00Z,3.5,3.5,3.3,3.3,400.0
ATCX,2026-09-30T08:12:00Z,3.3,3.3,3.3,3.3,0.0
ATCX,2026-09-30T08:13:00Z,3.3,3.3,3.3,3.3,0.0
ATCX,2026-09-30T08:14:00Z,3.3,3.3,3.3,3.3,900.0
ATCX,2026-09-30T08:15:00Z,3.3,3.4,3.3,3.4,100.0
ATCX,2026-09-30T08:16:00Z,3.4,3.4,3.4,3.4,0.0
ATCX,2026-09-30T08:17:00Z,3.4,3.4,3.4,3.4,0.0
ATCX,2026-09-30T08:18:00Z,3.4,3.4,3.4,3.4,0.0
ATCX,2026-09-30T08:19:00Z,3.4,3.4,3.4,3.4,0.0
ATCX,2026-09-30T08:20:00Z,3.4,3.4,3.4,3.4,0.0
ATCX,2026-09-30T08:21:00Z,3.4,3.4,3.4,3.4,0.0
ATCX,2026-09-30T08:22:00Z,3.4,3.4,3.4,3.4,0.0
ATCX,2026-09-30T08:23:00Z,3.4,3.4,3.4,3.4,0.0
ATCX,2026-09-30T08:24:00Z,3.4,3.4,3.4,3.4,0.0
ATCX,2026-09-30T08:25:00Z,3.4,3.4,3.4,3.4,0.0
ATCX,2026-09-30T08:26:00Z,3.4,3.52,3.4,3.49,376.0
ATCX,2026-09-30T08:27:00Z,3.49,3.49,3.49,3.49,0.0
ATCX,2026-09-30T08:28:00Z,3.49,3.49,3.49,3.49,0.0
ATCX,2026-09-30T08:29:00Z,3.49,3.52,3.47,3.52,200.0
ATCX,2026-09-30T08:30:00Z,3.52,3.52,3.52,3.52,0.0
ATCX,2026-09-30T08:31:00Z,3.52,3.52,3.52,3.52,0.0
ATCX,2026-09-30T08:32:00Z,3.52,3.52,3.52,3.52,0.0
ATCX,2026-09-30T08:33:00Z,3.52,3.52,3.52,3.52,0.0
ATCX,2026-09-30T08:34:00Z,3.52,3.52,3.52,3.52,0.0
ATCX,2026-09-30T08:35:00Z,3.52,3.52,3.52,3.52,0.0
ATCX,2026-09-30T08:36:00Z,3.52,3.52,3.52,3.52,101.0
ATCX,2026-09-30T08:37:00Z,3.52,3.52,3.52,3.52,0.0
ATCX,2026-09-30T08:38:00Z,3.52,3.52,3.52,3.52,0.0
ATCX,2026-09-30T08:39:00Z,3.52,3.52,3.52,3.52,0.0
ATCX,2026-09-30T08:40:00Z,3.52,3.52,3.52,3.52,0.0
ATCX,2026-09-30T08:41:00Z,3.52,3.52,3.52,3.52,0.0
ATCX,2026-09-30T08:42:00Z,3.52,3.52,3.52,3.52,0.0
ATCX,2026-09-30T08:43:00Z,3.52,3.52,3.52,3.52,0.0
ATCX,2026-09-30T08:44:00Z,3.52,3.53,3.52,3.53,104.0
ATCX,2026-09-30T08:45:00Z,3.53,3.53,3.43,3.53,812.0
ATCX,2026-09-30T08:46:00Z,3.53,3.53,3.53,3.53,644.0
ATCX,2026-09-30T08:47:00Z,3.53,3.53,3.53,3.53,0.0
ATCX,2026-09-30T08:48:00Z,3.53,3.53,3.53,3.53,0.0
ATCX,2026-09-30T08:49:00Z,3.53,3.53,3.53,3.53,0.0
ATCX,2026-09-30T08:50:00Z,3.53,3.53,3.53,3.53,0.0
ATCX,2026-09-30T08:51:00Z,3.53,3.53,3.53,3.53,0.0
ATCX,2026-09-30T08:52:00Z,3.53,3.53,3.53,3.53,0.0
ATCX,2026-09-30T08:53:00Z,3.53,3.53,3.53,3.53,0.0
ATCX,2026-09-30T08:54:00Z,3.53,3.53,3.53,3.53,0.0
ATCX,2026-09-30T08:55:00Z,3.53,3.53,3.53,3.53,0.0
ATCX,2026-09-30T08:56:00Z,3.53,3.53,3.53,3.53,0.0
ATCX,2026-09-30T08:57:00Z,3.53,3.6,3.53,3.59,767.0
ATCX,2026-09-30T08:58:00Z,3.59,3.59,3.58,3.58,102.0
ATCX,2026-09-30T08:59:00Z,3.58,3.58,3.1,3.1,1045.0
ATCX,2026-09-30T09:00:00Z,3.1,3.1,3.1,3.1,0.0
ATCX,2026-09-30T09:01:00Z,3.1,3.5,3.1,3.5,958.0
ATCX,2026-09-30T09:02:00Z,3.5,3.5,3.5,3.5,0.0
ATCX,2026-09-30T09:03:00Z,3.5,3.5,3.5,3.5,0.0
ATCX,2026-09-30T09:04:00Z,3.5,3.5,3.5,3.5,0.0
ATCX,2026-09-30T09:05:00Z,3.5,3.5,3.5,3.5,0.0
ATCX,2026-09-30T09:06:00Z,3.5,3.5,3.5,3.5,0.0
ATCX,2026-09-30T09:07:00Z,3.5,3.5,3.5,3.5,0.0
ATCX,2026-09-30T09:08:00Z,3.5,3.5,3.5,3.5,0.0
ATCX,2026-09-30T09:09:00Z,3.5,3.5,3.5,3.5,0.0
ATCX,2026-09-30T09:10:00Z,3.5,3.5,3.5,3.5,0.0
ATCX,2026-09-30T09:11:00Z,3.5,3.5,3.5,3.5,0.0
ATCX,2026-09-30T09:12:00Z,3.5,3.5,3.5,3.5,0.0
ATCX,2026-09-30T09:13:00Z,3.5,3.5,3.5,3.5,0.0
ATCX,2026-09-30T09:14:00Z,3.5,3.5,3.5,3.5,0.0
ATCX,2026-09-30T09:15:00Z,3.5,3.5,3.5,3.5,0.0
ATCX,2026-09-30T09:16:00Z,3.5,3.5,3.01,3.01,879.0
ATCX,2026-09-30T09:17:00Z,3.01,3.01,3.01,3.01,0.0
ATCX,2026-09-30T09:18:00Z,3.01,3.01,3.01,3.01,0.0
ATCX,2026-09-30T09:19:00Z,3.01,3.01,3.01,3.01,0.0
ATCX,2026-09-30T09:20:00Z,3.01,3.01,3.01,3.01,0.0
ATCX,2026-09-30T09:21:00Z,3.01,3.01,3.01,3.01,0.0
ATCX,2026-09-30T09:22:00Z,3.01,3.01,3.01,3.01,0.0
ATCX,2026-09-30T09:23:00Z,3.01,3.01,3.01,3.01,0.0
ATCX,2026-09-30T09:24:00Z,3.01,3.01,3.01,3.01,0.0
ATCX,2026-09-30T09:25:00Z,3.01,3.01,3.01,3.01,0.0
ATCX,2026-09-30T09:26:00Z,3.01,3.01,3.01,3.01,0.0
ATCX,2026-09-30T09:27:00Z,3.01,3.01,3.01,3.01,0.0
ATCX,2026-09-30T09:28:00Z,3.01,3.01,3.01,3.01,0.0
ATCX,2026-09-30T09:29:00Z,3.01,3.19,3.01,3.19,100.0
ATCX,2026-09-30T09:30:00Z,3.19,3.19,3.19,3.19,0.0
ATCX,2026-09-30T09:31:00Z,3.19,3.49,3.19,3.49,160.0
ATCX,2026-09-30T09:32:00Z,3.49,3.49,3.49,3.49,0.0
ATCX,2026-09-30T09:33:00Z,3.49,3.49,3.49,3.49,200.0
ATCX,2026-09-30T09:34:00Z,3.49,3.56,3.49,3.55,500.0
ATCX,2026-09-30T09:35:00Z,3.55,3.55,3.55,3.55,0.0
ATCX,2026-09-30T09:36:00Z,3.55,3.55,3.55,3.55,0.0
ATCX,2026-09-30T09:37:00Z,3.55,3.55,3.55,3.55,0.0
ATCX,2026-09-30T09:38:00Z,3.55,3.55,3.55,3.55,0.0
ATCX,2026-09-30T09:39:00Z,3.55,3.55,3.55,3.55,0.0
ATCX,2026-09-30T09:40:00Z,3.55,3.55,3.55,3.55,0.0
ATCX,2026-09-30T09:41:00Z,3.55,3.55,3.55,3.55,0.0
ATCX,2026-09-30T09:42:00Z,3.55,3.55,3.55,3.55,0.0
ATCX,2026-09-30T09:43:00Z,3.55,3.55,3.55,3.55,0.0
ATCX,2026-09-30T09:44:00Z,3.55,3.55,3.55,3.55,0.0
ATCX,2026-09-30T09:45:00Z,3.55,3.55,3.55,3.55,0.0
ATCX,2026-09-30T09:46:00Z,3.55,3.55,3.55,3.55,0.0
ATCX,2026-09-30T09:47:00Z,3.55,3.55,3.55,3.55,0.0
ATCX,2026-09-30T09:48:00Z,3.55,3.55,3.55,3.55,0.0
ATCX,2026-09-30T09:49:00Z,3.55,3.55,3.55,3.55,0.0
ATCX,2026-09-30T09:50:00Z,3.55,3.55,3.55,3.55,0.0
ATCX,2026-09-30T09:51:00Z,3.55,3.55,3.36,3.36,111.0
ATCX,2026-09-30T09:52:00Z,3.36,3.36,3.36,3.36,0.0
ATCX,2026-09-30T09:53:00Z,3.36,3.36,3.36,3.36,0.0
ATCX,2026-09-30T09:54:00Z,3.36,3.36,3.36,3.36,0.0
ATCX,2026-09-30T09:55:00Z,3.36,3.36,3.36,3.36,0.0
ATCX,2026-09-30T09:56:00Z,3.36,3.36,3.36,3.36,0.0
ATCX,2026-09-30T09:57:00Z,3.36,3.36,3.36,3.36,0.0
ATCX,2026-09-30T09:58:00Z,3.36,3.36,3.36,3.36,0.0
ATCX,2026-09-30T09:59:00Z,3.36,3.36,3.36,3.36,0.0
ATCX,2026-09-30T10:00:00Z,3.36,3.36,3.36,3.36,0.0
ATCX,2026-09-30T10:01:00Z,3.36,3.36,3.36,3.36,0.0
ATCX,2026-09-30T10:02:00Z,3.36,3.36,3.36,3.36,0.0
ATCX,2026-09-30T10:03:00Z,3.36,3.36,3.36,3.36,0.0
ATCX,2026-09-30T10:04:00Z,3.36,3.36,3.36,3.36,0.0
ATCX,2026-09-30T10:05:00Z,3.36,3.36,3.36,3.36,0.0
ATCX,2026-09-30T10:06:00Z,3.36,3.36,3.36,3.36,0.0
ATCX,2026-09-30T10:07:00Z,3.36,3.36,3.36,3.36,0.0
ATCX,2026-09-30T10:08:00Z,3.36,3.36,3.36,3.36,0.0
ATCX,2026-09-30T10:09:00Z,3.36,3.36,3.36,3.36,0.0
ATCX,2026-09-30T10:10:00Z,3.36,3.36,3.36,3.36,0.0
ATCX,2026-09-30T10:11:00Z,3.36,3.36,3.36,3.36,0.0
ATCX,2026-09-30T10:12:00Z,3.36,3.36,3.36,3.36,0.0
ATCX,2026-09-30T10:13:00Z,3.36,3.36,3.36,3.36,0.0
ATCX,2026-09-30T10:14:00Z,3.36,3.36,3.36,3.36,0.0
ATCX,2026-09-30T10:15:00Z,3.36,3.36,3.36,3.36,0.0
ATCX,2026-09-30T10:16:00Z,3.36,3.36,3.36,3.36,0.0
ATCX,2026-09-30T10:17:00Z,3.36,3.36,3.36,3.36,0.0
ATCX,2026-09-30T10:18:00Z,3.36,3.36,3.36,3.36,0.0
ATCX,2026-09-30T10:19:00Z,3.36,3.36,3.36,3.36,0.0
ATCX,2026-09-30T10:20:00Z,3.36,3.36,3.36,3.36,0.0
ATCX,2026-09-30T10:21:00Z,3.36,3.36,3.36,3.36,0.0
ATCX,2026-09-30T10:22:00Z,3.36,3.36,3.36,3.36,0.0
ATCX,2026-09-30T10:23:00Z,3.36,3.36,3.36,3.36,0.0
ATCX,2026-09-30T10:24:00Z,3.36,3.36,3.36,3.36,0.0
ATCX,2026-09-30T10:25:00Z,3.36,3.36,3.36,3.36,0.0
ATCX,2026-09-30T10:26:00Z,3.36,3.36,3.36,3.36,0.0
ATCX,2026-09-30T10:27:00Z,3.36,3.36,3.36,3.36,0.0
ATCX,2026-09-30T10:28:00Z,3.36,3.36,3.36,3.36,0.0
ATCX,2026-09-30T10:29:00Z,3.36,3.36,3.36,3.36,0.0
ATCX,2026-09-30T10:30:00Z,3.36,3.36,3.36,3.36,0.0
ATCX,2026-09-30T10:31:00Z,3.36,3.36,3.36,3.36,0.0
ATCX,2026-09-30T10:32:00Z,3.36,3.36,3.36,3.36,0.0
ATCX,2026-09-30T10:33:00Z,3.36,3.36,3.36,3.36,0.0
ATCX,2026-09-30T10:34:00Z,3.36,3.36,3.36,3.36,0.0
ATCX,2026-09-30T10:35:00Z,3.36,3.36,3.36,3.36,0.0
ATCX,2026-09-30T10:36:00Z,3.36,3.36,3.36,3.36,0.0
ATCX,2026-09-30T10:37:00Z,3.36,3.36,3.36,3.36,0.0
ATCX,2026-09-30T10:38:00Z,3.36,3.36,3.36,3.36,0.0
ATCX,2026-09-30T10:39:00Z,3.36,3.36,3.36,3.36,0.0
ATCX,2026-09-30T10:40:00Z,3.36,3.36,3.36,3.36,0.0
ATCX,2026-09-30T10:41:00Z,3.36,3.36,3.36,3.36,0.0
ATCX,2026-09-30T10:42:00Z,3.36,3.36,3.36,3.36,0.0
ATCX,2026-09-30T10:43:00Z,3.36,3.36,3.36,3.36,0.0
ATCX,2026-09-30T10:44:00Z,3.36,3.36,3.36,3.36,0.0
ATCX,2026-09-30T10:45:00Z,3.36,3.36,3.36,3.36,0.0
ATCX,2026-09-30T10:46:00Z,3.36,3.36,3.36,3.36,0.0
ATCX,2026-09-30T10:47:00Z,3.36,3.36,3.36,3.36,0.0
ATCX,2026-09-30T10:48:00Z,3.36,3.36,3.36,3.36,0.0
ATCX,2026-09-30T10:49:00Z,3.36,3.36,3.36,3.36,0.0
ATCX,2026-09-30T10:50:00Z,3.36,3.36,3.36,3.36,0.0
ATCX,2026-09-30T10:51:00Z,3.36,3.36,3.36,3.36,0.0
ATCX,2026-09-30T10:52:00Z,3.36,3.36,3.36,3.36,0.0
ATCX,2026-09-30T10:53:00Z,3.36,3.36,3.36,3.36,0.0
ATCX,2026-09-30T10:54:00Z,3.36,3.36,3.36,3.36,0.0
ATCX,2026-09-30T10:55:00Z,3.36,3.36,3.36,3.36,0.0
ATCX,2026-09-30T10:56:00Z,3.36,3.36,3.36,3.36,0.0
ATCX,2026-09-30T10:57:00Z,3.36,3.36,3.36,3.36,0.0
ATCX,2026-09-30T10:58:00Z,3.36,3.36,3.36,3.36,0.0
ATCX,2026-09-30T10:59:00Z,3.36,3.36,3.36,3.36,0.0
ATCX,2026-09-30T11:00:00Z,3.36,3.36,3.36,3.36,0.0
ATCX,2026-09-30T11:01:00Z,3.36,3.36,3.36,3.36,0.0
ATCX,2026-09-30T11:02:00Z,3.36,3.36,3.36,3.36,0.0
ATCX,2026-09-30T11:03:00Z,3.36,3.36,3.36,3.36,0.0
ATCX,2026-09-30T11:04:00Z,3.36,3.36,3.36,3.36,0.0
ATCX,2026-09-30T11:05:00Z,3.36,3.36,3.36,3.36,0.0
ATCX,2026-09-30T11:06:00Z,3.36,3.36,3.36,3.36,0.0
ATCX,2026-09-30T11:07:00Z,3.36,3.36,3.36,3.36,0.0
ATCX,2026-09-30T11:08:00Z,3.36,3.36,3.36,3.36,0.0
ATCX,2026-09-30T11:09:00Z,3.36,3.36,3.36,3.36,0.0
ATCX,2026-09-30T11:10:00Z,3.36,3.36,3.36,3.36,0.0
ATCX,2026-09-30T11:11:00Z,3.36,3.36,3.36,3.36,0.0
ATCX,2026-09-30T11:12:00Z,3.36,3.36,3.36,3.36,0.0
ATCX,2026-09-30T11:13:00Z,3.36,3.36,3.36,3.36,0.0
ATCX,2026-09-30T11:14:00Z,3.36,3.36,3.36,3.36,0.0
ATCX,2026-09-30T11:15:00Z,3.36,3.36,3.36,3.36,0.0
ATCX,2026-09-30T11:16:00Z,3.36,3.36,3.36,3.36,0.0
ATCX,2026-09-30T11:17:00Z,3.36,3.36,3.17,3.17,100.0
ATCX,2026-09-30T11:18:00Z,3.17,3.17,3.17,3.17,0.0
ATCX,2026-09-30T11:19:00Z,3.17,3.17,3.17,3.17,0.0
ATCX,2026-09-30T11:20:00Z,3.17,3.17,3.17,3.17,0.0
ATCX,2026-09-30T11:21:00Z,3.17,3.17,3.17,3.17,0.0
ATCX,2026-09-30T11:22:00Z,3.17,3.17,3.17,3.17,0.0
ATCX,2026-09-30T11:23:00Z,3.17,3.17,3.17,3.17,0.0
ATCX,2026-09-30T11:24:00Z,3.17,3.17,3.17,3.17,0.0
ATCX,2026-09-30T11:25:00Z,3.17,3.17,3.17,3.17,0.0
ATCX,2026-09-30T11:26:00Z,3.17,3.17,3.17,3.17,0.0
ATCX,2026-09-30T11:27:00Z,3.17,3.17,3.17,3.17,0.0
ATCX,2026-09-30T11:28:00Z,3.17,3.17,3.17,3.17,0.0
ATCX,2026-09-30T11:29:00Z,3.17,3.17,3.17,3.17,0.0
ATCX,2026-09-30T11:30:00Z,3.17,3.17,3.17,3.17,0.0
ATCX,2026-09-30T11:31:00Z,3.17,3.17,3.17,3.17,0.0
ATCX,2026-09-30T11:32:00Z,3.17,3.17,3.17,3.17,0.0
ATCX,2026-09-30T11:33:00Z,3.17,3.17,3.17,3.17,0.0
ATCX,2026-09-30T11:34:00Z,3.17,3.17,3.17,3.17,0.0
ATCX,2026-09-30T11:35:00Z,3.17,3.17,3.17,3.17,0.0
ATCX,2026-09-30T11:36:00Z,3.17,3.17,3.17,3.17,0.0
ATCX,2026-09-30T11:37:00Z,3.17,3.17,3.17,3.17,0.0
ATCX,2026-09-30T11:38:00Z,3.17,3.17,3.17,3.17,0.0
ATCX,2026-09-30T11:39:00Z,3.17,3.17,3.17,3.17,0.0
ATCX,2026-09-30T11:40:00Z,3.17,3.17,3.17,3.17,0.0
ATCX,2026-09-30T11:41:00Z,3.17,3.17,3.17,3.17,0.0
ATCX,2026-09-30T11:42:00Z,3.17,3.17,3.17,3.17,0.0
ATCX,2026-09-30T11:43:00Z,3.17,3.17,3.17,3.17,0.0
ATCX,2026-09-30T11:44:00Z,3.17,3.17,3.17,3.17,0.0
ATCX,2026-09-30T11:45:00Z,3.17,3.17,3.17,3.17,0.0
ATCX,2026-09-30T11:46:00Z,3.17,3.17,3.17,3.17,0.0
ATCX,2026-09-30T11:47:00Z,3.17,3.17,3.17,3.17,0.0
ATCX,2026-09-30T11:48:00Z,3.17,3.17,3.17,3.17,0.0
ATCX,2026-09-30T11:49:00Z,3.17,3.17,3.17,3.17,0.0
ATCX,2026-09-30T11:50:00Z,3.17,3.17,3.17,3.17,0.0
ATCX,2026-09-30T11:51:00Z,3.17,3.17,3.17,3.17,0.0
ATCX,2026-09-30T11:52:00Z,3.17,3.17,3.17,3.17,0.0
ATCX,2026-09-30T11:53:00Z,3.17,3.17,3.17,3.17,0.0
ATCX,2026-09-30T11:54:00Z,3.17,3.17,3.17,3.17,0.0
ATCX,2026-09-30T11:55:00Z,3.17,3.17,3.17,3.17,0.0
ATCX,2026-09-30T11:56:00Z,2.97,2.97,2.97,2.97,342.0
ATCX,2026-09-30T11:57:00Z,2.97,2.97,2.97,2.97,0.0
ATCX,2026-09-30T11:58:00Z,2.97,2.97,2.97,2.97,0.0
ATCX,2026-09-30T11:59:00Z,2.97,2.97,2.97,2.97,0.0
ATCX,2026-09-30T12:00:00Z,2.97,2.97,2.97,2.97,0.0
ATCX,2026-09-30T12:01:00Z,2.97,2.97,2.97,2.97,0.0
ATCX,2026-09-30T12:02:00Z,2.97,2.97,2.97,2.97,0.0
ATCX,2026-09-30T12:03:00Z,2.97,2.97,2.97,2.97,0.0
ATCX,2026-09-30T12:04:00Z,2.97,2.97,2.97,2.97,0.0
ATCX,2026-09-30T12:05:00Z,2.97,2.97,2.97,2.97,0.0
ATCX,2026-09-30T12:06:00Z,2.97,2.97,2.97,2.97,0.0
ATCX,2026-09-30T12:07:00Z,2.97,2.97,2.97,2.97,0.0
ATCX,2026-09-30T12:08:00Z,2.97,2.97,2.97,2.97,0.0
ATCX,2026-09-30T12:09:00Z,2.97,2.97,2.97,2.97,0.0
ATCX,2026-09-30T12:10:00Z,2.97,2.97,2.97,2.97,0.0
ATCX,2026-09-30T12:11:00Z,2.97,2.97,2.97,2.97,0.0
ATCX,2026-09-30T12:12:00Z,2.97,2.97,2.97,2.97,0.0
ATCX,2026-09-30T12:13:00Z,2.97,2.97,2.97,2.97,0.0
ATCX,2026-09-30T12:14:00Z,2.97,2.97,2.97,2.97,0.0
ATCX,2026-09-30T12:15:00Z,2.97,2.97,2.97,2.97,0.0
ATCX,2026-09-30T12:16:00Z,2.97,2.97,2.97,2.97,0.0
ATCX,2026-09-30T12:17:00Z,2.97,2.97,2.97,2.97,0.0
ATCX,2026-09-30T12:18:00Z,2.97,2.97,2.97,2.97,0.0
ATCX,2026-09-30T12:19:00Z,2.97,2.97,2.97,2.97,0.0
ATCX,2026-09-30T12:20:00Z,2.97,2.97,2.97,2.97,0.0
ATCX,2026-09-30T12:21:00Z,2.97,2.97,2.97,2.97,0.0
ATCX,2026-09-30T12:22:00Z,2.97,2.97,2.97,2.97,0.0
ATCX,2026-09-30T12:23:00Z,2.97,2.97,2.97,2.97,0.0
ATCX,2026-09-30T12:24:00Z,2.97,2.97,2.97,2.97,0.0
ATCX,2026-09-30T12:25:00Z,2.97,2.97,2.97,2.97,0.0
ATCX,2026-09-30T12:26:00Z,2.97,2.97,2.97,2.97,0.0
ATCX,2026-09-30T12:27:00Z,2.97,2.97,2.97,2.97,0.0
ATCX,2026-09-30T12:28:00Z,2.97,3.17,2.97,3.16,490.0
ATCX,2026-09-30T12:29:00Z,3.16,3.16,3.16,3.16,0.0
ATCX,2026-09-30T12:30:00Z,3.16,3.16,3.16,3.16,0.0
ATCX,2026-09-30T12:31:00Z,3.16,3.16,3.16,3.16,0.0
ATCX,2026-09-30T12:32:00Z,3.16,3.16,3.16,3.16,0.0
ATCX,2026-09-30T12:33:00Z,3.16,3.16,3.16,3.16,0.0
ATCX,2026-09-30T12:34:00Z,3.16,3.16,3.16,3.16,0.0
ATCX,2026-09-30T12:35:00Z,3.16,3.16,3.16,3.16,0.0
ATCX,2026-09-30T12:36:00Z,3.16,3.16,3.16,3.16,0.0
ATCX,2026-09-30T12:37:00Z,3.16,3.16,3.16,3.16,0.0
ATCX,2026-09-30T12:38:00Z,3.16,3.16,3.16,3.16,0.0
ATCX,2026-09-30T12:39:00Z,3.16,3.16,3.16,3.16,0.0
ATCX,2026-09-30T12:40:00Z,3.16,3.16,3.16,3.16,0.0
ATCX,2026-09-30T12:41:00Z,3.16,3.16,3.16,3.16,0.0
ATCX,2026-09-30T12:42:00Z,3.16,3.16,3.16,3.16,0.0
ATCX,2026-09-30T12:43:00Z,3.16,3.16,3.16,3.16,0.0
ATCX,2026-09-30T12:44:00Z,3.16,3.16,3.16,3.16,0.0
ATCX,2026-09-30T12:45:00Z,3.16,3.16,3.16,3.16,0.0
ATCX,2026-09-30T12:46:00Z,3.16,3.16,3.16,3.16,0.0
ATCX,2026-09-30T12:47:00Z,3.16,3.16,3.16,3.16,0.0
ATCX,2026-09-30T12:48:00Z,3.16,3.16,3.16,3.16,0.0
ATCX,2026-09-30T12:49:00Z,3.16,3.16,3.16,3.16,0.0
ATCX,2026-09-30T12:50:00Z,3.16,3.16,3.16,3.16,0.0
ATCX,2026-09-30T12:51:00Z,3.16,3.16,3.16,3.16,0.0
ATCX,2026-09-30T12:52:00Z,3.16,3.16,3.16,3.16,0.0
ATCX,2026-09-30T12:53:00Z,3.16,3.16,3.16,3.16,0.0
ATCX,2026-09-30T12:54:00Z,3.16,3.16,3.16,3.16,0.0
ATCX,2026-09-30T12:55:00Z,3.16,3.16,3.16,3.16,0.0
ATCX,2026-09-30T12:56:00Z,3.16,3.16,3.16,3.16,0.0
ATCX,2026-09-30T12:57:00Z,3.16,3.16,3.16,3.16,0.0
ATCX,2026-09-30T12:58:00Z,3.16,3.16,3.16,3.16,0.0
ATCX,2026-09-30T12:59:00Z,3.16,3.16,3.16,3.16,0.0
ATCX,2026-09-30T13:00:00Z,3.16,3.16,3.16,3.16,0.0
ATCX,2026-09-30T13:01:00Z,3.16,3.16,3.16,3.16,0.0
ATCX,2026-09-30T13:02:00Z,3.16,3.16,3.16,3.16,0.0
ATCX,2026-09-30T13:03:00Z,3.16,3.16,3.16,3.16,0.0
ATCX,2026-09-30T13:04:00Z,3.16,3.16,3.16,3.16,0.0
ATCX,2026-09-30T13:05:00Z,3.16,3.16,3.16,3.16,0.0
ATCX,2026-09-30T13:06:00Z,3.16,3.16,3.16,3.16,0.0
ATCX,2026-09-30T13:07:00Z,3.16,3.16,3.16,3.16,0.0
ATCX,2026-09-30T13:08:00Z,3.16,3.16,3.16,3.16,0.0
ATCX,2026-09-30T13:09:00Z,3.16,3.16,3.16,3.16,0.0
ATCX,2026-09-30T13:10:00Z,3.16,3.16,3.16,3.16,0.0
ATCX,2026-09-30T13:11:00Z,3.16,3.16,3.16,3.16,0.0
ATCX,2026-09-30T13:12:00Z,3.16,3.16,3.16,3.16,0.0
ATCX,2026-09-30T13:13:00Z,3.16,3.16,3.16,3.16,0.0
ATCX,2026-09-30T13:14:00Z,3.16,3.16,3.16,3.16,0.0
ATCX,2026-09-30T13:15:00Z,3.16,3.16,3.16,3.16,0.0
ATCX,2026-09-30T13:16:00Z,3.16,3.16,3.16,3.16,0.0
ATCX,2026-09-30T13:17:00Z,3.16,3.16,3.16,3.16,0.0
ATCX,2026-09-30T13:18:00Z,3.16,3.16,3.16,3.16,0.0
ATCX,2026-09-30T13:19:00Z,3.16,3.16,3.16,3.16,0.0
ATCX,2026-09-30T13:20:00Z,3.16,3.16,3.16,3.16,0.0
ATCX,2026-09-30T13:21:00Z,3.16,3.16,3.16,3.16,0.0
ATCX,2026-09-30T13:22:00Z,3.16,3.16,3.16,3.16,0.0
ATCX,2026-09-30T13:23:00Z,3.16,3.16,3.16,3.16,0.0
ATCX,2026-09-30T13:24:00Z,3.16,3.16,3.16,3.16,0.0
ATCX,2026-09-30T13:25:00Z,3.16,3.16,3.16,3.16,0.0
ATCX,2026-09-30T13:26:00Z,3.16,3.16,3.16,3.16,0.0
ATCX,2026-09-30T13:27:00Z,3.16,3.16,3.16,3.16,0.0
ATCX,2026-09-30T13:28:00Z,3.0,3.0,3.0,3.0,350.0
ATCX,2026-09-30T13:29:00Z,3.0,3.0,3.0,3.0,0.0
ATCX,2026-09-30T13:30:00Z,3.1,3.1,3.05,3.05,1638.0
ATCX,2026-09-30T13:31:00Z,3.05,3.05,3.05,3.05,0.0
ATCX,2026-09-30T13:32:00Z,3.05,3.05,3.05,3.05,0.0
ATCX,2026-09-30T13:33:00Z,3.05,3.05,3.05,3.05,0.0
ATCX,2026-09-30T13:34:00Z,3.05,3.08,3.05,3.08,100.0
ATCX,2026-09-30T13:35:00Z,3.08,3.08,3.08,3.08,0.0
ATCX,2026-09-30T13:36:00Z,3.08,3.08,3.08,3.08,0.0
BIYA,2026-09-30T08:00:00Z,2.42,2.64,2.42,2.52,44446.0
BIYA,2026-09-30T08:01:00Z,2.52,2.52,2.37,2.45,31102.0
BIYA,2026-09-30T08:02:00Z,2.43,2.51,2.37,2.5,36386.0
BIYA,2026-09-30T08:03:00Z,2.5,2.51,2.49,2.5,16993.0
BIYA,2026-09-30T08:04:00Z,2.5,2.51,2.44,2.4616,25931.0
BIYA,2026-09-30T08:05:00Z,2.46,2.47,2.44,2.44,15457.0
BIYA,2026-09-30T08:06:00Z,2.44,2.47,2.44,2.47,12259.0
BIYA,2026-09-30T08:07:00Z,2.47,2.51,2.47,2.5,8062.0
BIYA,2026-09-30T08:08:00Z,2.49,2.5197,2.48,2.49,34129.0
BIYA,2026-09-30T08:09:00Z,2.51,2.52,2.495,2.5,37439.0
BIYA,2026-09-30T08:10:00Z,2.5,2.51,2.48,2.4989,18597.0
BIYA,2026-09-30T08:11:00Z,2.5,2.52,2.5,2.52,12796.0
BIYA,2026-09-30T08:12:00Z,2.52,2.65,2.52,2.53,107133.0
BIYA,2026-09-30T08:13:00Z,2.5629,2.67,2.51,2.58,103908.0
BIYA,2026-09-30T08:14:00Z,2.58,2.58,2.5,2.52,66652.0
BIYA,2026-09-30T08:15:00Z,2.53,2.57,2.52,2.56,28483.0
BIYA,2026-09-30T08:16:00Z,2.57,2.6,2.53,2.56,27412.0
BIYA,2026-09-30T08:17:00Z,2.56,2.67,2.56,2.65,48837.0
BIYA,2026-09-30T08:18:00Z,2.66,2.67,2.54,2.57,139083.0
BIYA,2026-09-30T08:19:00Z,2.56,2.57,2.5,2.5,89864.0
BIYA,2026-09-30T08:20:00Z,2.5,2.6,2.49,2.54,59231.0
BIYA,2026-09-30T08:21:00Z,2.54,2.54,2.5,2.52,30741.0
BIYA,2026-09-30T08:22:00Z,2.52,2.55,2.52,2.5203,14186.0
BIYA,2026-09-30T08:23:00Z,2.53,2.53,2.47,2.47,40724.0
BIYA,2026-09-30T08:24:00Z,2.47,2.48,2.4,2.4197,41629.0
BIYA,2026-09-30T08:25:00Z,2.41,2.49,2.41,2.46,13283.0
BIYA,2026-09-30T08:26:00Z,2.46,2.47,2.46,2.46,8380.0
BIYA,2026-09-30T08:27:00Z,2.47,2.47,2.46,2.46,5635.0
BIYA,2026-09-30T08:28:00Z,2.47,2.47,2.45,2.46,3917.0
BIYA,2026-09-30T08:29:00Z,2.45,2.46,2.43,2.43,12841.0
BIYA,2026-09-30T08:30:00Z,2.44,2.45,2.43,2.45,2682.0
BIYA,2026-09-30T08:31:00Z,2.445,2.45,2.44,2.45,4728.0
BIYA,2026-09-30T08:32:00Z,2.45,2.51,2.45,2.51,14661.0
BIYA,2026-09-30T08:33:00Z,2.51,2.51,2.46,2.5,16759.0
BIYA,2026-09-30T08:34:00Z,2.49,2.5,2.48,2.48,7710.0
BIYA,2026-09-30T08:35:00Z,2.48,2.5098,2.48,2.5,8163.0
BIYA,2026-09-30T08:36:00Z,2.5,2.5,2.46,2.47,11209.0
BIYA,2026-09-30T08:37:00Z,2.4603,2.48,2.45,2.4525,8610.0
BIYA,2026-09-30T08:38:00Z,2.4763,2.4763,2.45,2.45,4801.0
BIYA,2026-09-30T08:39:00Z,2.45,2.47,2.4312,2.47,10190.0
BIYA,2026-09-30T08:40:00Z,2.45,2.52,2.43,2.5,18115.0
BIYA,2026-09-30T08:41:00Z,2.51,2.59,2.49,2.58,21687.0
BIYA,2026-09-30T08:42:00Z,2.57,2.57,2.505,2.5297,17549.0
BIYA,2026-09-30T08:43:00Z,2.5,2.55,2.5,2.52,13848.0
BIYA,2026-09-30T08:44:00Z,2.51,2.54,2.5,2.52,8193.0
BIYA,2026-09-30T08:45:00Z,2.52,2.52,2.51,2.52,3724.0
BIYA,2026-09-30T08:46:00Z,2.53,2.53,2.52,2.53,3448.0
BIYA,2026-09-30T08:47:00Z,2.52,2.528,2.46,2.46,10707.0
BIYA,2026-09-30T08:48:00Z,2.47,2.52,2.46,2.52,11731.0
BIYA,2026-09-30T08:49:00Z,2.5,2.52,2.47,2.48,8486.0
BIYA,2026-09-30T08:50:00Z,2.5,2.51,2.4797,2.51,3198.0
BIYA,2026-09-30T08:51:00Z,2.4998,2.5,2.48,2.48,13541.0
BIYA,2026-09-30T08:52:00Z,2.4715,2.4841,2.46,2.47,5884.0
BIYA,2026-09-30T08:53:00Z,2.46,2.48,2.46,2.4616,3888.0
BIYA,2026-09-30T08:54:00Z,2.47,2.47,2.46,2.46,1824.0
BIYA,2026-09-30T08:55:00Z,2.4602,2.4699,2.46,2.46,832.0
BIYA,2026-09-30T08:56:00Z,2.46,2.465,2.46,2.462,5395.0
BIYA,2026-09-30T08:57:00Z,2.46,2.46,2.43,2.43,16284.0
BIYA,2026-09-30T08:58:00Z,2.44,2.44,2.42,2.43,5192.0
BIYA,2026-09-30T08:59:00Z,2.42,2.44,2.41,2.44,16497.0
BIYA,2026-09-30T09:00:00Z,2.44,2.45,2.4337,2.45,1739.0
BIYA,2026-09-30T09:01:00Z,2.4504,2.4699,2.45,2.46,2602.0
BIYA,2026-09-30T09:02:00Z,2.46,2.4603,2.46,2.4603,2616.0
BIYA,2026-09-30T09:03:00Z,2.46,2.46,2.45,2.46,4172.0
BIYA,2026-09-30T09:04:00Z,2.45,2.46,2.43,2.43,3998.0
BIYA,2026-09-30T09:05:00Z,2.43,2.4316,2.42,2.4315,5231.0
BIYA,2026-09-30T09:06:00Z,2.43,2.4316,2.43,2.4316,2638.0
BIYA,2026-09-30T09:07:00Z,2.43,2.4303,2.43,2.43,1763.0
BIYA,2026-09-30T09:08:00Z,2.43,2.44,2.43,2.44,3456.0
BIYA,2026-09-30T09:09:00Z,2.43,2.44,2.43,2.44,4012.0
BIYA,2026-09-30T09:10:00Z,2.4397,2.44,2.42,2.43,2830.0
BIYA,2026-09-30T09:11:00Z,2.4202,2.43,2.42,2.42,1346.0
BIYA,2026-09-30T09:12:00Z,2.42,2.42,2.41,2.41,3191.0
BIYA,2026-09-30T09:13:00Z,2.41,2.41,2.4,2.4,5888.0
BIYA,2026-09-30T09:14:00Z,2.4,2.4,2.36,2.37,12732.0
BIYA,2026-09-30T09:15:00Z,2.3699,2.3699,2.25,2.2801,48522.0
BIYA,2026-09-30T09:16:00Z,2.29,2.41,2.2897,2.37,19134.0
BIYA,2026-09-30T09:17:00Z,2.38,2.41,2.38,2.41,10997.0
BIYA,2026-09-30T09:18:00Z,2.42,2.42,2.31,2.31,10709.0
BIYA,2026-09-30T09:19:00Z,2.35,2.38,2.35,2.35,5755.0
BIYA,2026-09-30T09:20:00Z,2.35,2.37,2.31,2.3305,15205.0
BIYA,2026-09-30T09:21:00Z,2.3306,2.3603,2.3306,2.36,1687.0
BIYA,2026-09-30T09:22:00Z,2.365,2.399,2.36,2.399,3812.0
BIYA,2026-09-30T09:23:00Z,2.4,2.4,2.37,2.37,1673.0
BIYA,2026-09-30T09:24:00Z,2.38,2.3959,2.38,2.3959,520.0
BIYA,2026-09-30T09:25:00Z,2.3815,2.4,2.3815,2.39,1178.0
BIYA,2026-09-30T09:26:00Z,2.3878,2.3997,2.3878,2.39,1380.0
BIYA,2026-09-30T09:27:00Z,2.3998,2.4,2.39,2.39,300.0
BIYA,2026-09-30T09:28:00Z,2.39,2.39,2.36,2.36,4158.0
BIYA,2026-09-30T09:29:00Z,2.36,2.3816,2.36,2.36,484.0
BIYA,2026-09-30T09:30:00Z,2.3794,2.3794,2.36,2.36,490.0
BIYA,2026-09-30T09:31:00Z,2.3539,2.3539,2.34,2.34,2333.0
BIYA,2026-09-30T09:32:00Z,2.33,2.34,2.31,2.34,5296.0
BIYA,2026-09-30T09:33:00Z,2.33,2.33,2.32,2.33,1606.0
BIYA,2026-09-30T09:34:00Z,2.35,2.35,2.35,2.35,100.0
BIYA,2026-09-30T09:35:00Z,2.35,2.35,2.35,2.35,0.0
BIYA,2026-09-30T09:36:00Z,2.3418,2.36,2.3418,2.36,253.0
BIYA,2026-09-30T09:37:00Z,2.37,2.37,2.37,2.37,262.0
BIYA,2026-09-30T09:38:00Z,2.37,2.47,2.37,2.47,18522.0
BIYA,2026-09-30T09:39:00Z,2.41,2.47,2.41,2.44,4743.0
BIYA,2026-09-30T09:40:00Z,2.4387,2.4567,2.42,2.45,2317.0
BIYA,2026-09-30T09:41:00Z,2.44,2.45,2.4101,2.45,1486.0
BIYA,2026-09-30T09:42:00Z,2.45,2.49,2.45,2.49,15089.0
BIYA,2026-09-30T09:43:00Z,2.46,2.53,2.46,2.52,15590.0
BIYA,2026-09-30T09:44:00Z,2.5017,2.52,2.5,2.5103,6430.0
BIYA,2026-09-30T09:45:00Z,2.51,2.51,2.47,2.48,15174.0
BIYA,2026-09-30T09:46:00Z,2.4817,2.4817,2.48,2.4809,1366.0
BIYA,2026-09-30T09:47:00Z,2.49,2.49,2.44,2.48,10793.0
BIYA,2026-09-30T09:48:00Z,2.47,2.47,2.45,2.45,1155.0
BIYA,2026-09-30T09:49:00Z,2.46,2.4781,2.45,2.4781,1000.0
BIYA,2026-09-30T09:50:00Z,2.48,2.48,2.46,2.48,2452.0
BIYA,2026-09-30T09:51:00Z,2.4516,2.4691,2.4504,2.4691,878.0
BIYA,2026-09-30T09:52:00Z,2.47,2.47,2.46,2.47,728.0
BIYA,2026-09-30T09:53:00Z,2.46,2.46,2.45,2.4525,818.0
BIYA,2026-09-30T09:54:00Z,2.47,2.47,2.45,2.45,2325.0
BIYA,2026-09-30T09:55:00Z,2.45,2.46,2.44,2.46,3966.0
BIYA,2026-09-30T09:56:00Z,2.45,2.4584,2.44,2.4584,532.0
BIYA,2026-09-30T09:57:00Z,2.44,2.44,2.43,2.43,1670.0
BIYA,2026-09-30T09:58:00Z,2.43,2.43,2.42,2.42,2603.0
BIYA,2026-09-30T09:59:00Z,2.42,2.42,2.41,2.41,3942.0
BIYA,2026-09-30T10:00:00Z,2.41,2.41,2.41,2.41,327.0
BIYA,2026-09-30T10:01:00Z,2.41,2.41,2.39,2.39,5245.0
BIYA,2026-09-30T10:02:00Z,2.4,2.41,2.4,2.41,662.0
BIYA,2026-09-30T10:03:00Z,2.45,2.45,2.43,2.45,1910.0
BIYA,2026-09-30T10:04:00Z,2.45,2.45,2.42,2.42,5644.0
BIYA,2026-09-30T10:05:00Z,2.43,2.43,2.42,2.42,1332.0
BIYA,2026-09-30T10:06:00Z,2.43,2.43,2.43,2.43,300.0
BIYA,2026-09-30T10:07:00Z,2.44,2.449,2.42,2.42,3572.0
BIYA,2026-09-30T10:08:00Z,2.43,2.45,2.43,2.43,526.0
BIYA,2026-09-30T10:09:00Z,2.45,2.45,2.44,2.45,690.0
BIYA,2026-09-30T10:10:00Z,2.45,2.47,2.45,2.47,8387.0
BIYA,2026-09-30T10:11:00Z,2.46,2.47,2.44,2.45,2642.0
BIYA,2026-09-30T10:12:00Z,2.42,2.42,2.42,2.42,986.0
BIYA,2026-09-30T10:13:00Z,2.43,2.43,2.43,2.43,667.0
BIYA,2026-09-30T10:14:00Z,2.43,2.43,2.3998,2.4,4269.0
BIYA,2026-09-30T10:15:00Z,2.4,2.425,2.4,2.425,1114.0
BIYA,2026-09-30T10:16:00Z,2.41,2.41,2.41,2.41,495.0
BIYA,2026-09-30T10:17:00Z,2.41,2.41,2.38,2.38,2008.0
BIYA,2026-09-30T10:18:00Z,2.39,2.4,2.38,2.38,1190.0
BIYA,2026-09-30T10:19:00Z,2.39,2.4,2.39,2.4,1551.0
BIYA,2026-09-30T10:20:00Z,2.39,2.39,2.38,2.39,1684.0
BIYA,2026-09-30T10:21:00Z,2.38,2.38,2.36,2.36,6361.0
BIYA,2026-09-30T10:22:00Z,2.36,2.37,2.3599,2.36,1605.0
BIYA,2026-09-30T10:23:00Z,2.36,2.36,2.35,2.35,854.0
BIYA,2026-09-30T10:24:00Z,2.35,2.35,2.35,2.35,142.0
BIYA,2026-09-30T10:25:00Z,2.36,2.38,2.35,2.37,920.0
BIYA,2026-09-30T10:26:00Z,2.35,2.35,2.35,2.35,685.0
BIYA,2026-09-30T10:27:00Z,2.4,2.4,2.4,2.4,1036.0
BIYA,2026-09-30T10:28:00Z,2.41,2.42,2.41,2.42,2444.0
BIYA,2026-09-30T10:29:00Z,2.42,2.42,2.39,2.39,1305.0
BIYA,2026-09-30T10:30:00Z,2.3997,2.4,2.3997,2.4,2397.0
BIYA,2026-09-30T10:31:00Z,2.41,2.41,2.41,2.41,1772.0
BIYA,2026-09-30T10:32:00Z,2.4005,2.42,2.4005,2.41,320.0
BIYA,2026-09-30T10:33:00Z,2.42,2.42,2.41,2.42,2726.0
BIYA,2026-09-30T10:34:00Z,2.4198,2.42,2.41,2.42,3360.0
BIYA,2026-09-30T10:35:00Z,2.42,2.42,2.42,2.42,419.0
BIYA,2026-09-30T10:36:00Z,2.41,2.485,2.41,2.48,25494.0
BIYA,2026-09-30T10:37:00Z,2.48,2.5,2.45,2.4765,14439.0
BIYA,2026-09-30T10:38:00Z,2.4789,2.49,2.4672,2.48,2361.0
BIYA,2026-09-30T10:39:00Z,2.48,2.48,2.4597,2.47,2908.0
BIYA,2026-09-30T10:40:00Z,2.48,2.49,2.47,2.49,2946.0
BIYA,2026-09-30T10:41:00Z,2.48,2.48,2.44,2.45,13513.0
BIYA,2026-09-30T10:42:00Z,2.44,2.45,2.43,2.45,4323.0
BIYA,2026-09-30T10:43:00Z,2.45,2.45,2.4498,2.45,2347.0
BIYA,2026-09-30T10:44:00Z,2.45,2.45,2.45,2.45,0.0
BIYA,2026-09-30T10:45:00Z,2.44,2.45,2.44,2.44,1098.0
BIYA,2026-09-30T10:46:00Z,2.45,2.45,2.45,2.45,2900.0
BIYA,2026-09-30T10:47:00Z,2.46,2.47,2.46,2.47,977.0
BIYA,2026-09-30T10:48:00Z,2.47,2.47,2.47,2.47,376.0
BIYA,2026-09-30T10:49:00Z,2.47,2.47,2.47,2.47,1499.0
BIYA,2026-09-30T10:50:00Z,2.47,2.48,2.47,2.48,325.0
BIYA,2026-09-30T10:51:00Z,2.47,2.49,2.47,2.49,958.0
BIYA,2026-09-30T10:52:00Z,2.47,2.49,2.46,2.48,2274.0
BIYA,2026-09-30T10:53:00Z,2.46,2.46,2.46,2.46,1125.0
BIYA,2026-09-30T10:54:00Z,2.4795,2.4795,2.4795,2.4795,118.0
BIYA,2026-09-30T10:55:00Z,2.47,2.47,2.44,2.44,2217.0
BIYA,2026-09-30T10:56:00Z,2.44,2.44,2.43,2.43,718.0
BIYA,2026-09-30T10:57:00Z,2.44,2.44,2.43,2.43,333.0
BIYA,2026-09-30T10:58:00Z,2.44,2.44,2.44,2.44,817.0
BIYA,2026-09-30T10:59:00Z,2.43,2.44,2.43,2.435,578.0
BIYA,2026-09-30T11:00:00Z,2.44,2.44,2.43,2.43,2419.0
BIYA,2026-09-30T11:01:00Z,2.435,2.44,2.43,2.44,999.0
BIYA,2026-09-30T11:02:00Z,2.44,2.44,2.44,2.44,819.0
BIYA,2026-09-30T11:03:00Z,2.43,2.44,2.43,2.44,4500.0
BIYA,2026-09-30T11:04:00Z,2.44,2.47,2.44,2.45,2258.0
BIYA,2026-09-30T11:05:00Z,2.45,2.45,2.45,2.45,187.0
BIYA,2026-09-30T11:06:00Z,2.45,2.47,2.45,2.47,1191.0
BIYA,2026-09-30T11:07:00Z,2.45,2.45,2.44,2.45,1326.0
BIYA,2026-09-30T11:08:00Z,2.44,2.44,2.39,2.4,17563.0
BIYA,2026-09-30T11:09:00Z,2.41,2.41,2.38,2.38,5114.0
BIYA,2026-09-30T11:10:00Z,2.4,2.41,2.38,2.4003,1073.0
BIYA,2026-09-30T11:11:00Z,2.4,2.41,2.39,2.4,1818.0
BIYA,2026-09-30T11:12:00Z,2.399,2.4,2.399,2.4,2752.0
BIYA,2026-09-30T11:13:00Z,2.4,2.4,2.4,2.4,374.0
BIYA,2026-09-30T11:14:00Z,2.4,2.4,2.4,2.4,492.0
BIYA,2026-09-30T11:15:00Z,2.4,2.4,2.38,2.38,1747.0
BIYA,2026-09-30T11:16:00Z,2.38,2.4,2.38,2.38,2790.0
BIYA,2026-09-30T11:17:00Z,2.4,2.4,2.37,2.4,2675.0
BIYA,2026-09-30T11:18:00Z,2.37,2.4,2.37,2.4,2394.0
BIYA,2026-09-30T11:19:00Z,2.41,2.41,2.38,2.4,1300.0
BIYA,2026-09-30T11:20:00Z,2.4,2.4,2.4,2.4,431.0
BIYA,2026-09-30T11:21:00Z,2.4,2.41,2.38,2.38,13442.0
BIYA,2026-09-30T11:22:00Z,2.38,2.39,2.38,2.38,2190.0
BIYA,2026-09-30T11:23:00Z,2.38,2.38,2.38,2.38,468.0
BIYA,2026-09-30T11:24:00Z,2.4,2.41,2.4,2.41,450.0
BIYA,2026-09-30T11:25:00Z,2.42,2.42,2.4,2.4,1181.0
BIYA,2026-09-30T11:26:00Z,2.41,2.41,2.39,2.39,1102.0
BIYA,2026-09-30T11:27:00Z,2.39,2.4,2.3808,2.3808,2000.0
BIYA,2026-09-30T11:28:00Z,2.381,2.4,2.38,2.4,1186.0
BIYA,2026-09-30T11:29:00Z,2.4,2.42,2.4,2.42,1950.0
BIYA,2026-09-30T11:30:00Z,2.43,2.45,2.419,2.43,1500.0
BIYA,2026-09-30T11:31:00Z,2.405,2.405,2.4,2.4,1379.0
BIYA,2026-09-30T11:32:00Z,2.4,2.4,2.4,2.4,135.0
BIYA,2026-09-30T11:33:00Z,2.39,2.39,2.39,2.39,5824.0
BIYA,2026-09-30T11:34:00Z,2.39,2.39,2.39,2.39,1850.0
BIYA,2026-09-30T11:35:00Z,2.39,2.39,2.35,2.37,8073.0
BIYA,2026-09-30T11:36:00Z,2.38,2.39,2.37,2.39,2247.0
BIYA,2026-09-30T11:37:00Z,2.39,2.39,2.38,2.38,2335.0
BIYA,2026-09-30T11:38:00Z,2.37,2.37,2.37,2.37,294.0
BIYA,2026-09-30T11:39:00Z,2.3701,2.3701,2.37,2.37,753.0
BIYA,2026-09-30T11:40:00Z,2.38,2.39,2.371,2.39,2289.0
BIYA,2026-09-30T11:41:00Z,2.39,2.41,2.39,2.41,2185.0
BIYA,2026-09-30T11:42:00Z,2.395,2.395,2.395,2.395,200.0
BIYA,2026-09-30T11:43:00Z,2.38,2.38,2.38,2.38,655.0
BIYA,2026-09-30T11:44:00Z,2.38,2.38,2.37,2.38,4663.0
BIYA,2026-09-30T11:45:00Z,2.37,2.37,2.37,2.37,100.0
BIYA,2026-09-30T11:46:00Z,2.37,2.37,2.35,2.3699,2270.0
BIYA,2026-09-30T11:47:00Z,2.37,2.37,2.36,2.36,1560.0
BIYA,2026-09-30T11:48:00Z,2.36,2.36,2.36,2.36,1075.0
BIYA,2026-09-30T11:49:00Z,2.38,2.38,2.38,2.38,134.0
BIYA,2026-09-30T11:50:00Z,2.37,2.37,2.37,2.37,1042.0
BIYA,2026-09-30T11:51:00Z,2.37,2.37,2.37,2.37,250.0
BIYA,2026-09-30T11:52:00Z,2.36,2.37,2.36,2.37,376.0
BIYA,2026-09-30T11:53:00Z,2.37,2.37,2.37,2.37,406.0
BIYA,2026-09-30T11:54:00Z,2.37,2.37,2.37,2.37,267.0
BIYA,2026-09-30T11:55:00Z,2.37,2.37,2.37,2.37,0.0
BIYA,2026-09-30T11:56:00Z,2.3704,2.3704,2.36,2.36,588.0
BIYA,2026-09-30T11:57:00Z,2.37,2.37,2.36,2.36,484.0
BIYA,2026-09-30T11:58:00Z,2.3601,2.3601,2.36,2.36,1522.0
BIYA,2026-09-30T11:59:00Z,2.36,2.36,2.36,2.36,1093.0
BIYA,2026-09-30T12:00:00Z,2.361,2.361,2.36,2.36,470.0
BIYA,2026-09-30T12:01:00Z,2.37,2.37,2.37,2.37,100.0
BIYA,2026-09-30T12:02:00Z,2.37,2.4,2.37,2.4,1264.0
BIYA,2026-09-30T12:03:00Z,2.3996,2.4,2.3996,2.4,1084.0
BIYA,2026-09-30T12:04:00Z,2.4,2.4,2.39,2.3999,1016.0
BIYA,2026-09-30T12:05:00Z,2.3997,2.3997,2.3997,2.3997,639.0
BIYA,2026-09-30T12:06:00Z,2.39,2.4,2.39,2.4,1454.0
BIYA,2026-09-30T12:07:00Z,2.39,2.41,2.39,2.41,503.0
BIYA,2026-09-30T12:08:00Z,2.39,2.39,2.39,2.39,704.0
BIYA,2026-09-30T12:09:00Z,2.3903,2.4,2.39,2.4,1169.0
BIYA,2026-09-30T12:10:00Z,2.4,2.4,2.39,2.39,1339.0
BIYA,2026-09-30T12:11:00Z,2.39,2.39,2.39,2.39,804.0
BIYA,2026-09-30T12:12:00Z,2.38,2.38,2.38,2.38,137.0
BIYA,2026-09-30T12:13:00Z,2.38,2.38,2.38,2.38,352.0
BIYA,2026-09-30T12:14:00Z,2.38,2.38,2.37,2.37,1513.0
BIYA,2026-09-30T12:15:00Z,2.37,2.4,2.37,2.4,808.0
BIYA,2026-09-30T12:16:00Z,2.4,2.4,2.4,2.4,173.0
BIYA,2026-09-30T12:17:00Z,2.4,2.4,2.39,2.39,1535.0
BIYA,2026-09-30T12:18:00Z,2.38,2.38,2.33,2.33,17339.0
BIYA,2026-09-30T12:19:00Z,2.36,2.38,2.31,2.38,5990.0
BIYA,2026-09-30T12:20:00Z,2.36,2.36,2.35,2.35,2198.0
BIYA,2026-09-30T12:21:00Z,2.34,2.34,2.31,2.32,4220.0
BIYA,2026-09-30T12:22:00Z,2.33,2.35,2.31,2.35,9901.0
BIYA,2026-09-30T12:23:00Z,2.33,2.33,2.31,2.31,4013.0
BIYA,2026-09-30T12:24:00Z,2.32,2.33,2.31,2.33,1089.0
BIYA,2026-09-30T12:25:00Z,2.33,2.33,2.31,2.32,1680.0
BIYA,2026-09-30T12:26:00Z,2.33,2.33,2.32,2.32,2120.0
BIYA,2026-09-30T12:27:00Z,2.32,2.32,2.31,2.31,2364.0
BIYA,2026-09-30T12:28:00Z,2.32,2.32,2.31,2.32,3851.0
BIYA,2026-09-30T12:29:00Z,2.3199,2.33,2.3101,2.32,3829.0
BIYA,2026-09-30T12:30:00Z,2.32,2.32,2.32,2.32,0.0
BIYA,2026-09-30T12:31:00Z,2.3315,2.34,2.33,2.34,1509.0
BIYA,2026-09-30T12:32:00Z,2.36,2.44,2.34,2.35,4087.0
BIYA,2026-09-30T12:33:00Z,2.35,2.45,2.34,2.35,1869.0
BIYA,2026-09-30T12:34:00Z,2.38,2.44,2.3599,2.4,1969.0
BIYA,2026-09-30T12:35:00Z,2.37,2.39,2.37,2.39,500.0
BIYA,2026-09-30T12:36:00Z,2.38,2.38,2.38,2.38,900.0
BIYA,2026-09-30T12:37:00Z,2.38,2.38,2.36,2.3601,1655.0
BIYA,2026-09-30T12:38:00Z,2.36,2.37,2.36,2.37,1090.0
BIYA,2026-09-30T12:39:00Z,2.37,2.37,2.35,2.35,1831.0
BIYA,2026-09-30T12:40:00Z,2.35,2.35,2.33,2.33,714.0
BIYA,2026-09-30T12:41:00Z,2.33,2.35,2.33,2.33,2599.0
BIYA,2026-09-30T12:42:00Z,2.33,2.35,2.33,2.33,1496.0
BIYA,2026-09-30T12:43:00Z,2.33,2.33,2.33,2.33,0.0
BIYA,2026-09-30T12:44:00Z,2.33,2.34,2.32,2.32,791.0
BIYA,2026-09-30T12:45:00Z,2.32,2.35,2.32,2.33,2140.0
BIYA,2026-09-30T12:46:00Z,2.33,2.34,2.33,2.33,394.0
BIYA,2026-09-30T12:47:00Z,2.33,2.37,2.33,2.37,2980.0
BIYA,2026-09-30T12:48:00Z,2.37,2.37,2.37,2.37,0.0
BIYA,2026-09-30T12:49:00Z,2.37,2.37,2.34,2.35,3214.0
BIYA,2026-09-30T12:50:00Z,2.3638,2.37,2.3638,2.37,3055.0
BIYA,2026-09-30T12:51:00Z,2.37,2.37,2.33,2.33,400.0
BIYA,2026-09-30T12:52:00Z,2.33,2.34,2.33,2.34,102.0
BIYA,2026-09-30T12:53:00Z,2.34,2.341,2.34,2.34,1976.0
BIYA,2026-09-30T12:54:00Z,2.34,2.34,2.34,2.34,0.0
BIYA,2026-09-30T12:55:00Z,2.34,2.35,2.34,2.35,480.0
BIYA,2026-09-30T12:56:00Z,2.35,2.35,2.35,2.35,0.0
BIYA,2026-09-30T12:57:00Z,2.35,2.35,2.35,2.35,0.0
BIYA,2026-09-30T12:58:00Z,2.35,2.39,2.35,2.39,3672.0
BIYA,2026-09-30T12:59:00Z,2.3885,2.42,2.3885,2.41,20932.0
BIYA,2026-09-30T13:00:00Z,2.41,2.42,2.41,2.42,1702.0
BIYA,2026-09-30T13:01:00Z,2.42,2.42,2.41,2.419,3767.0
BIYA,2026-09-30T13:02:00Z,2.419,2.44,2.41,2.4208,3313.0
BIYA,2026-09-30T13:03:00Z,2.44,2.49,2.44,2.47,12913.0
BIYA,2026-09-30T13:04:00Z,2.47,2.47,2.4208,2.45,6393.0
BIYA,2026-09-30T13:05:00Z,2.45,2.47,2.41,2.41,4596.0
BIYA,2026-09-30T13:06:00Z,2.41,2.44,2.41,2.44,4165.0
BIYA,2026-09-30T13:07:00Z,2.44,2.46,2.42,2.43,6990.0
BIYA,2026-09-30T13:08:00Z,2.43,2.45,2.43,2.45,800.0
BIYA,2026-09-30T13:09:00Z,2.45,2.46,2.43,2.43,300.0
BIYA,2026-09-30T13:10:00Z,2.43,2.43,2.43,2.43,300.0
BIYA,2026-09-30T13:11:00Z,2.449,2.45,2.4304,2.4304,2854.0
BIYA,2026-09-30T13:12:00Z,2.44,2.44,2.43,2.44,2782.0
BIYA,2026-09-30T13:13:00Z,2.44,2.4499,2.44,2.44,1340.0
BIYA,2026-09-30T13:14:00Z,2.44,2.44,2.4206,2.4206,2978.0
BIYA,2026-09-30T13:15:00Z,2.449,2.45,2.43,2.449,3305.0
BIYA,2026-09-30T13:16:00Z,2.449,2.46,2.43,2.46,5739.0
BIYA,2026-09-30T13:17:00Z,2.46,2.46,2.46,2.46,0.0
BIYA,2026-09-30T13:18:00Z,2.46,2.46,2.45,2.4599,775.0
BIYA,2026-09-30T13:19:00Z,2.4599,2.46,2.4599,2.46,125.0
BIYA,2026-09-30T13:20:00Z,2.45,2.46,2.45,2.45,1907.0
BIYA,2026-09-30T13:21:00Z,2.45,2.46,2.45,2.45,1117.0
BIYA,2026-09-30T13:22:00Z,2.46,2.48,2.46,2.461,12148.0
BIYA,2026-09-30T13:23:00Z,2.461,2.47,2.46,2.46,1437.0
BIYA,2026-09-30T13:24:00Z,2.46,2.47,2.44,2.4597,12027.0
BIYA,2026-09-30T13:25:00Z,2.45,2.46,2.45,2.46,1009.0
BIYA,2026-09-30T13:26:00Z,2.46,2.46,2.43,2.44,4904.0
BIYA,2026-09-30T13:27:00Z,2.44,2.45,2.44,2.45,2673.0
BIYA,2026-09-30T13:28:00Z,2.44,2.46,2.44,2.46,6943.0
BIYA,2026-09-30T13:29:00Z,2.46,2.46,2.46,2.46,1568.0
BIYA,2026-09-30T13:30:00Z,2.45,2.47,2.427,2.427,18482.0
BIYA,2026-09-30T13:31:00Z,2.427,2.47,2.427,2.46,2176.0
BIYA,2026-09-30T13:32:00Z,2.4601,2.47,2.36,2.3601,17925.0
BIYA,2026-09-30T13:33:00Z,2.3601,2.4,2.33,2.4,9341.0
BIYA,2026-09-30T13:34:00Z,2.3854,2.4,2.3,2.335,24729.0
BIYA,2026-09-30T13:35:00Z,2.3061,2.36,2.3061,2.36,6022.0
BIYA,2026-09-30T13:36:00Z,2.36,2.3789,2.3,2.305,7828.0
BIYA,2026-09-30T13:37:00Z,2.305,2.33,2.305,2.33,1608.0
BIYA,2026-09-30T13:38:00Z,2.33,2.3759,2.33,2.3759,1526.0
BIYA,2026-09-30T13:39:00Z,2.3759,2.3759,2.345,2.37,6478.0
BIYA,2026-09-30T13:40:00Z,2.348,2.385,2.348,2.385,3117.0
BIYA,2026-09-30T13:41:00Z,2.3782,2.44,2.3782,2.42,13279.0
BIYA,2026-09-30T13:42:00Z,2.42,2.45,2.42,2.4399,10591.0
BIYA,2026-09-30T13:43:00Z,2.44,2.9,2.4399,2.7599,343720.0
BIYA,2026-09-30T13:44:00Z,2.7301,2.92,2.6734,2.9099,577939.0
BIYA,2026-09-30T13:45:00Z,2.9001,3.18,2.86,2.9554,917242.0
BIYA,2026-09-30T13:46:00Z,2.9401,3.04,2.7915,2.89,724521.0
BIYA,2026-09-30T13:47:00Z,2.9199,2.99,2.8,2.95,449495.0
BIYA,2026-09-30T13:48:00Z,2.9666,3.1,2.89,2.9899,511859.0
BIYA,2026-09-30T13:49:00Z,2.99,3.0,2.74,2.7999,374956.0
BIYA,2026-09-30T13:50:00Z,2.7857,2.897,2.63,2.71,319972.0
BIYA,2026-09-30T13:51:00Z,2.72,2.79,2.68,2.7,173579.0
BIYA,2026-09-30T13:52:00Z,2.68,2.72,2.6,2.71,201204.0
BIYA,2026-09-30T13:53:00Z,2.69,2.74,2.65,2.69,84014.0
BIYA,2026-09-30T13:54:00Z,2.69,2.78,2.6,2.61,140157.0
BIYA,2026-09-30T13:55:00Z,2.63,2.68,2.61,2.615,74737.0
BIYA,2026-09-30T13:56:00Z,2.61,2.62,2.48,2.58,155361.0
BIYA,2026-09-30T13:57:00Z,2.5653,2.59,2.52,2.565,70867.0
BIYA,2026-09-30T13:58:00Z,2.555,2.58,2.53,2.54,53293.0
BIYA,2026-09-30T13:59:00Z,2.533,2.63,2.5201,2.63,71333.0
BIYA,2026-09-30T14:00:00Z,2.62,2.6397,2.59,2.5901,61360.0
BIYA,2026-09-30T14:01:00Z,2.61,2.6265,2.56,2.5617,12139.0
BIYA,2026-09-30T14:02:00Z,2.5791,2.62,2.55,2.62,37438.0
BIYA,2026-09-30T14:03:00Z,2.6,2.6165,2.55,2.59,16157.0
BIYA,2026-09-30T14:04:00Z,2.583,2.583,2.54,2.54,24621.0
BIYA,2026-09-30T14:05:00Z,2.54,2.56,2.53,2.546,41577.0
BIYA,2026-09-30T14:06:00Z,2.54,2.55,2.51,2.5105,19167.0
BIYA,2026-09-30T14:07:00Z,2.515,2.57,2.4501,2.5629,70883.0
BIYA,2026-09-30T14:08:00Z,2.57,2.68,2.5301,2.6601,61856.0
BIYA,2026-09-30T14:09:00Z,2.68,2.68,2.6,2.61,77107.0
BIYA,2026-09-30T14:10:00Z,2.6001,2.61,2.6,2.6,22926.0
BIYA,2026-09-30T14:11:00Z,2.6,2.61,2.55,2.56,18843.0
BIYA,2026-09-30T14:12:00Z,2.56,2.5699,2.54,2.54,15381.0
BIYA,2026-09-30T14:13:00Z,2.54,2.55,2.54,2.55,16287.0
BIYA,2026-09-30T14:14:00Z,2.54,2.55,2.48,2.49,61201.0
BIYA,2026-09-30T14:15:00Z,2.49,2.525,2.4801,2.52,4780.0
BIYA,2026-09-30T14:16:00Z,2.5201,2.53,2.49,2.4901,13009.0
BIYA,2026-09-30T14:17:00Z,2.5,2.5,2.44,2.4401,49696.0
BIYA,2026-09-30T14:18:00Z,2.4401,2.47,2.4,2.45,57433.0
BIYA,2026-09-30T14:19:00Z,2.435,2.45,2.42,2.4484,7443.0
BIYA,2026-09-30T14:20:00Z,2.4484,2.465,2.4303,2.4487,18434.0
BIYA,2026-09-30T14:21:00Z,2.4487,2.4487,2.35,2.37,45439.0
BIYA,2026-09-30T14:22:00Z,2.37,2.3815,2.33,2.36,34195.0
BIYA,2026-09-30T14:23:00Z,2.3508,2.4,2.32,2.3534,38654.0
BIYA,2026-09-30T14:24:00Z,2.34,2.35,2.25,2.25,67311.0
BIYA,2026-09-30T14:25:00Z,2.25,2.29,2.25,2.26,21162.0
BIYA,2026-09-30T14:26:00Z,2.27,2.29,2.21,2.29,57357.0
BIYA,2026-09-30T14:27:00Z,2.27,2.28,2.23,2.2693,11073.0
BIYA,2026-09-30T14:28:00Z,2.2693,2.2693,2.2307,2.2358,7463.0
BIYA,2026-09-30T14:29:00Z,2.24,2.27,2.24,2.265,5895.0
BIYA,2026-09-30T14:30:00Z,2.265,2.265,2.1901,2.2,38348.0
BIYA,2026-09-30T14:31:00Z,2.18,2.1999,2.1,2.1201,71099.0
BIYA,2026-09-30T14:32:00Z,2.12,2.1599,2.08,2.08,30291.0
BIYA,2026-09-30T14:33:00Z,2.09,2.17,2.08,2.14,46134.0
BIYA,2026-09-30T14:34:00Z,2.12,2.12,1.93,1.992,97735.0
BIYA,2026-09-30T14:35:00Z,1.9705,2.0,1.9,1.92,28633.0
BIYA,2026-09-30T14:36:00Z,1.92,2.0,1.9,1.989,32191.0
BIYA,2026-09-30T14:37:00Z,2.0,2.04,1.9301,2.01,29415.0
BIYA,2026-09-30T14:38:00Z,2.01,2.03,1.98,1.98,20798.0
BIYA,2026-09-30T14:39:00Z,1.98,2.01,1.98,2.0,14287.0
BIYA,2026-09-30T14:40:00Z,2.0,2.02,2.0,2.02,9078.0
BIYA,2026-09-30T14:41:00Z,2.02,2.05,2.015,2.04,5899.0
BIYA,2026-09-30T14:42:00Z,2.05,2.05,2.02,2.029,13679.0
BIYA,2026-09-30T14:43:00Z,2.02,2.02,2.01,2.01,13521.0
BIYA,2026-09-30T14:44:00Z,2.0,2.03,2.0,2.02,4036.0
BIYA,2026-09-30T14:45:00Z,2.02,2.03,2.0,2.0,12726.0
BIYA,2026-09-30T14:46:00Z,2.0,2.0,1.95,1.965,24664.0
BIYA,2026-09-30T14:47:00Z,1.965,1.9698,1.96,1.96,1847.0
BIYA,2026-09-30T14:48:00Z,1.96,2.0,1.96,1.99,6641.0
BIYA,2026-09-30T14:49:00Z,1.99,2.0094,1.99,2.0,2747.0
BIYA,2026-09-30T14:50:00Z,2.0,2.05,2.0,2.025,18869.0
BIYA,2026-09-30T14:51:00Z,2.02,2.035,2.02,2.035,5514.0
BIYA,2026-09-30T14:52:00Z,2.02,2.025,2.02,2.025,1370.0
BIYA,2026-09-30T14:53:00Z,2.025,2.03,2.02,2.02,2919.0
BIYA,2026-09-30T14:54:00Z,2.0237,2.0237,2.0,2.0,806.0
BIYA,2026-09-30T14:55:00Z,2.0,2.0255,2.0,2.0255,10903.0
BIYA,2026-09-30T14:56:00Z,2.02,2.02,2.0,2.01,910.0
BIYA,2026-09-30T14:57:00Z,2.01,2.01,2.01,2.01,140.0
BIYA,2026-09-30T14:58:00Z,2.02,2.03,2.0,2.01,7524.0
BIYA,2026-09-30T14:59:00Z,2.01,2.01,1.9801,1.995,2360.0
BIYA,2026-09-30T15:00:00Z,1.995,2.05,1.995,2.04,20811.0
BIYA,2026-09-30T15:01:00Z,2.04,2.05,2.03,2.03,5945.0
BIYA,2026-09-30T15:02:00Z,2.03,2.04,2.03,2.04,2256.0
BIYA,2026-09-30T15:03:00Z,2.04,2.04,2.03,2.03,4754.0
BIYA,2026-09-30T15:04:00Z,2.03,2.04,2.03,2.04,2286.0
BIYA,2026-09-30T15:05:00Z,2.04,2.04,2.0301,2.04,314.0
BIYA,2026-09-30T15:06:00Z,2.04,2.05,2.0,2.05,38063.0
BIYA,2026-09-30T15:07:00Z,2.05,2.08,2.0,2.06,28529.0
BIYA,2026-09-30T15:08:00Z,2.065,2.065,2.0,2.02,28174.0
BIYA,2026-09-30T15:09:00Z,2.02,2.0301,2.02,2.0301,850.0
BIYA,2026-09-30T15:10:00Z,2.0301,2.08,2.0301,2.05,11469.0
BIYA,2026-09-30T15:11:00Z,2.05,2.05,2.0268,2.045,835.0
BIYA,2026-09-30T15:12:00Z,2.045,2.05,1.996,2.0,18459.0
BIYA,2026-09-30T15:13:00Z,2.0,2.01,2.0,2.0043,300.0
BIYA,2026-09-30T15:14:00Z,1.9901,2.0301,1.9901,2.03,4933.0
BIYA,2026-09-30T15:15:00Z,2.03,2.03,2.03,2.03,1000.0
BIYA,2026-09-30T15:16:00Z,2.03,2.05,2.02,2.02,8001.0
BIYA,2026-09-30T15:17:00Z,2.0188,2.0439,1.99,2.02,7000.0
BIYA,2026-09-30T15:18:00Z,2.015,2.015,2.01,2.015,1164.0
BIYA,2026-09-30T15:19:00Z,2.015,2.015,2.0,2.0,938.0
BIYA,2026-09-30T15:20:00Z,2.0,2.0,1.98,2.0,15847.0
BIYA,2026-09-30T15:21:00Z,2.01,2.01,2.0,2.01,2587.0
BIYA,2026-09-30T15:22:00Z,2.01,2.03,2.01,2.03,3323.0
BIYA,2026-09-30T15:23:00Z,2.03,2.05,2.03,2.0388,2500.0
BIYA,2026-09-30T15:24:00Z,2.0335,2.04,2.01,2.0101,8233.0
BIYA,2026-09-30T15:25:00Z,2.0101,2.0101,1.99,1.99,3159.0
BIYA,2026-09-30T15:26:00Z,1.991,2.0256,1.983,1.99,4954.0
BIYA,2026-09-30T15:27:00Z,1.99,1.99,1.93,1.955,15967.0
BIYA,2026-09-30T15:28:00Z,1.96,1.965,1.95,1.965,2062.0
BIYA,2026-09-30T15:29:00Z,1.95,1.96,1.95,1.95,3121.0
BIYA,2026-09-30T15:30:00Z,1.95,1.95,1.95,1.95,0.0
BIYA,2026-09-30T15:31:00Z,1.95,1.965,1.95,1.965,1162.0
CAPR,2026-09-30T08:00:00Z,9.97,10.26,9.97,10.19,6438.0
CAPR,2026-09-30T08:01:00Z,10.23,10.23,9.82,9.91,4307.0
CAPR,2026-09-30T08:02:00Z,10.16,10.23,9.82,10.15,6444.0
CAPR,2026-09-30T08:03:00Z,10.11,10.2,10.11,10.2,632.0
CAPR,2026-09-30T08:04:00Z,10.2,10.35,10.2,10.35,5312.0
CAPR,2026-09-30T08:05:00Z,10.35,10.5,10.3,10.5,19082.0
CAPR,2026-09-30T08:06:00Z,10.49,10.67,10.49,10.58,19256.0
CAPR,2026-09-30T08:07:00Z,10.55,11.1,10.51,10.77,27404.0
CAPR,2026-09-30T08:08:00Z,10.8,10.95,10.63,10.92,46367.0
CAPR,2026-09-30T08:09:00Z,10.91,11.47,10.75,11.38,52686.0
CAPR,2026-09-30T08:10:00Z,11.42,11.86,11.3,11.75,78085.0
CAPR,2026-09-30T08:11:00Z,11.72,12.39,11.33,11.45,104583.0
CAPR,2026-09-30T08:12:00Z,11.56,11.61,11.18,11.55,78321.0
CAPR,2026-09-30T08:13:00Z,11.6,12.11,11.42,11.85,54004.0
CAPR,2026-09-30T08:14:00Z,11.91,11.99,11.7,11.99,45111.0
CAPR,2026-09-30T08:15:00Z,11.92,12.2,11.63,12.18,34858.0
CAPR,2026-09-30T08:16:00Z,12.2,12.48,12.09,12.41,99081.0
CAPR,2026-09-30T08:17:00Z,12.37,12.37,12.12,12.16,39435.0
CAPR,2026-09-30T08:18:00Z,12.17,12.17,11.89,12.06,39898.0
CAPR,2026-09-30T08:19:00Z,12.03,12.07,11.81,11.91,31676.0
CAPR,2026-09-30T08:20:00Z,11.91,11.97,11.69,11.73,38607.0
CAPR,2026-09-30T08:21:00Z,11.74,11.74,11.32,11.38,50345.0
CAPR,2026-09-30T08:22:00Z,11.4,11.4,11.09,11.13,64491.0
CAPR,2026-09-30T08:23:00Z,11.12,11.25,11.06,11.11,59489.0
CAPR,2026-09-30T08:24:00Z,11.12,11.24,11.1,11.14,25693.0
CAPR,2026-09-30T08:25:00Z,11.13,11.38,11.1,11.32,41302.0
CAPR,2026-09-30T08:26:00Z,11.28,11.31,11.1,11.22,25490.0
CAPR,2026-09-30T08:27:00Z,11.21,11.22,11.11,11.22,9005.0
CAPR,2026-09-30T08:28:00Z,11.22,11.22,11.09,11.11,23670.0
CAPR,2026-09-30T08:29:00Z,11.11,11.25,11.07,11.18,20731.0
CAPR,2026-09-30T08:30:00Z,11.18,11.19,10.62,10.72,68185.0
CAPR,2026-09-30T08:31:00Z,10.79,10.81,10.73,10.78,28445.0
CAPR,2026-09-30T08:32:00Z,10.73,10.82,10.7,10.76,26762.0
CAPR,2026-09-30T08:33:00Z,10.76,10.96,10.72,10.92,25377.0
CAPR,2026-09-30T08:34:00Z,10.9,10.9,10.79,10.82,12943.0
CAPR,2026-09-30T08:35:00Z,10.82,10.87,10.79,10.79,11821.0
CAPR,2026-09-30T08:36:00Z,10.79,10.85,10.75,10.78,6168.0
CAPR,2026-09-30T08:37:00Z,10.78,10.95,10.71,10.89,12739.0
CAPR,2026-09-30T08:38:00Z,10.81,11.0,10.75,10.8,18316.0
CAPR,2026-09-30T08:39:00Z,10.8,10.81,10.7,10.78,23963.0
CAPR,2026-09-30T08:40:00Z,10.74,10.84,10.7,10.7,19317.0
CAPR,2026-09-30T08:41:00Z,10.7,10.79,10.7,10.72,8626.0
CAPR,2026-09-30T08:42:00Z,10.71,10.72,10.7,10.7,14720.0
CAPR,2026-09-30T08:43:00Z,10.71,10.8,10.7,10.8,4739.0
CAPR,2026-09-30T08:44:00Z,10.78,10.78,10.72,10.75,3426.0
CAPR,2026-09-30T08:45:00Z,10.75,10.78,10.75,10.75,4335.0
CAPR,2026-09-30T08:46:00Z,10.75,10.76,10.7,10.74,12337.0
CAPR,2026-09-30T08:47:00Z,10.74,10.74,10.7,10.7,2150.0
CAPR,2026-09-30T08:48:00Z,10.72,10.76,10.71,10.72,3052.0
CAPR,2026-09-30T08:49:00Z,10.73,10.76,10.7,10.76,2717.0
CAPR,2026-09-30T08:50:00Z,10.76,10.83,10.73,10.8,5143.0
CAPR,2026-09-30T08:51:00Z,10.86,10.9,10.82,10.9,7799.0
CAPR,2026-09-30T08:52:00Z,10.9,10.9,10.8,10.87,17848.0
CAPR,2026-09-30T08:53:00Z,10.88,10.88,10.82,10.83,3456.0
CAPR,2026-09-30T08:54:00Z,10.85,10.91,10.82,10.83,4800.0
CAPR,2026-09-30T08:55:00Z,10.89,10.89,10.85,10.87,2334.0
CAPR,2026-09-30T08:56:00Z,10.88,10.97,10.83,10.89,7953.0
CAPR,2026-09-30T08:57:00Z,10.86,10.95,10.8,10.8,5634.0
CAPR,2026-09-30T08:58:00Z,10.82,10.89,10.8,10.86,4290.0
CAPR,2026-09-30T08:59:00Z,10.86,10.88,10.85,10.85,3676.0
CAPR,2026-09-30T09:00:00Z,10.86,10.88,10.86,10.87,1197.0
CAPR,2026-09-30T09:01:00Z,10.87,10.87,10.8,10.8,4041.0
CAPR,2026-09-30T09:02:00Z,10.8,10.83,10.8,10.8,4187.0
CAPR,2026-09-30T09:03:00Z,10.81,10.86,10.8,10.86,16677.0
CAPR,2026-09-30T09:04:00Z,10.9,11.12,10.9,11.09,17855.0
CAPR,2026-09-30T09:05:00Z,11.11,11.14,11.0,11.07,7428.0
CAPR,2026-09-30T09:06:00Z,11.06,11.19,11.04,11.15,17036.0
CAPR,2026-09-30T09:07:00Z,11.15,11.15,11.03,11.06,21199.0
CAPR,2026-09-30T09:08:00Z,11.06,11.15,11.06,11.14,4746.0
CAPR,2026-09-30T09:09:00Z,11.14,11.14,11.03,11.03,5451.0
CAPR,2026-09-30T09:10:00Z,11.04,11.19,10.99,11.17,11976.0
CAPR,2026-09-30T09:11:00Z,11.17,11.3,10.95,10.95,30902.0
CAPR,2026-09-30T09:12:00Z,10.96,11.03,10.8,11.0,39491.0
CAPR,2026-09-30T09:13:00Z,11.0,11.28,10.92,11.23,27117.0
CAPR,2026-09-30T09:14:00Z,11.22,11.3,11.17,11.21,14365.0
CAPR,2026-09-30T09:15:00Z,11.13,11.31,11.13,11.26,18692.0
CAPR,2026-09-30T09:16:00Z,11.23,11.25,11.18,11.2,9717.0
CAPR,2026-09-30T09:17:00Z,11.19,11.3,11.19,11.21,9428.0
CAPR,2026-09-30T09:18:00Z,11.21,11.24,11.21,11.24,839.0
CAPR,2026-09-30T09:19:00Z,11.24,11.25,11.19,11.21,2857.0
CAPR,2026-09-30T09:20:00Z,11.21,11.28,11.21,11.27,2884.0
CAPR,2026-09-30T09:21:00Z,11.28,11.3,11.1,11.14,26293.0
CAPR,2026-09-30T09:22:00Z,11.14,11.21,11.14,11.19,4893.0
CAPR,2026-09-30T09:23:00Z,11.19,11.19,11.14,11.14,659.0
CAPR,2026-09-30T09:24:00Z,11.14,11.15,11.1,11.12,12770.0
CAPR,2026-09-30T09:25:00Z,11.12,11.2,11.12,11.19,3286.0
CAPR,2026-09-30T09:26:00Z,11.19,11.24,11.18,11.18,2203.0
CAPR,2026-09-30T09:27:00Z,11.18,11.42,11.18,11.4,13011.0
CAPR,2026-09-30T09:28:00Z,11.38,11.58,11.37,11.58,35776.0
CAPR,2026-09-30T09:29:00Z,11.65,11.65,11.45,11.48,23826.0
CAPR,2026-09-30T09:30:00Z,11.49,11.75,11.49,11.7,35585.0
CAPR,2026-09-30T09:31:00Z,11.66,11.73,11.59,11.61,23304.0
CAPR,2026-09-30T09:32:00Z,11.6,11.62,11.5,11.53,12827.0
CAPR,2026-09-30T09:33:00Z,11.5,11.55,11.48,11.49,16057.0
CAPR,2026-09-30T09:34:00Z,11.5,11.63,11.47,11.56,12779.0
CAPR,2026-09-30T09:35:00Z,11.54,11.55,11.43,11.47,16360.0
CAPR,2026-09-30T09:36:00Z,11.42,11.44,11.24,11.25,13049.0
CAPR,2026-09-30T09:37:00Z,11.25,11.27,11.18,11.2,17947.0
CAPR,2026-09-30T09:38:00Z,11.19,11.21,11.1,11.12,30573.0
CAPR,2026-09-30T09:39:00Z,11.1,11.24,11.1,11.18,10516.0
CAPR,2026-09-30T09:40:00Z,11.18,11.2,11.15,11.16,7285.0
CAPR,2026-09-30T09:41:00Z,11.18,11.2,11.1,11.13,14618.0
CAPR,2026-09-30T09:42:00Z,11.13,11.15,11.1,11.11,4243.0
CAPR,2026-09-30T09:43:00Z,11.12,11.17,11.1,11.17,10509.0
CAPR,2026-09-30T09:44:00Z,11.16,11.17,11.11,11.15,4307.0
CAPR,2026-09-30T09:45:00Z,11.13,11.16,11.12,11.12,3051.0
CAPR,2026-09-30T09:46:00Z,11.12,11.15,11.1,11.15,14072.0
CAPR,2026-09-30T09:47:00Z,11.15,11.21,11.15,11.18,3356.0
CAPR,2026-09-30T09:48:00Z,11.2,11.21,11.15,11.18,1438.0
CAPR,2026-09-30T09:49:00Z,11.18,11.21,11.18,11.18,2287.0
CAPR,2026-09-30T09:50:00Z,11.21,11.22,11.18,11.18,1617.0
CAPR,2026-09-30T09:51:00Z,11.18,11.18,11.12,11.14,685.0
CAPR,2026-09-30T09:52:00Z,11.14,11.16,11.13,11.13,3081.0
CAPR,2026-09-30T09:53:00Z,11.19,11.24,11.19,11.19,4260.0
CAPR,2026-09-30T09:54:00Z,11.19,11.19,11.15,11.15,1126.0
CAPR,2026-09-30T09:55:00Z,11.17,11.27,11.14,11.26,3307.0
CAPR,2026-09-30T09:56:00Z,11.3,11.34,11.28,11.29,8138.0
CAPR,2026-09-30T09:57:00Z,11.26,11.31,11.25,11.25,6540.0
CAPR,2026-09-30T09:58:00Z,11.26,11.28,11.23,11.24,2559.0
CAPR,2026-09-30T09:59:00Z,11.23,11.28,11.23,11.25,1492.0
CAPR,2026-09-30T10:00:00Z,11.27,11.3,11.25,11.26,5422.0
CAPR,2026-09-30T10:01:00Z,11.26,11.29,11.23,11.28,4365.0
CAPR,2026-09-30T10:02:00Z,11.26,11.4,11.26,11.34,7779.0
CAPR,2026-09-30T10:03:00Z,11.28,11.34,11.2,11.25,7447.0
CAPR,2026-09-30T10:04:00Z,11.23,11.24,11.21,11.21,3875.0
CAPR,2026-09-30T10:05:00Z,11.23,11.24,11.2,11.22,3516.0
CAPR,2026-09-30T10:06:00Z,11.22,11.24,11.2,11.24,2918.0
CAPR,2026-09-30T10:07:00Z,11.24,11.24,11.22,11.22,120.0
CAPR,2026-09-30T10:08:00Z,11.22,11.24,11.22,11.22,2314.0
CAPR,2026-09-30T10:09:00Z,11.22,11.24,11.22,11.23,692.0
CAPR,2026-09-30T10:10:00Z,11.23,11.31,11.23,11.29,7011.0
CAPR,2026-09-30T10:11:00Z,11.29,11.29,11.22,11.24,1234.0
CAPR,2026-09-30T10:12:00Z,11.24,11.24,11.24,11.24,663.0
CAPR,2026-09-30T10:13:00Z,11.24,11.28,11.24,11.28,1470.0
CAPR,2026-09-30T10:14:00Z,11.27,11.31,11.26,11.31,5394.0
CAPR,2026-09-30T10:15:00Z,11.31,11.31,11.28,11.28,3770.0
CAPR,2026-09-30T10:16:00Z,11.28,11.3,11.27,11.27,3120.0
CAPR,2026-09-30T10:17:00Z,11.27,11.27,11.2,11.22,4356.0
CAPR,2026-09-30T10:18:00Z,11.22,11.23,11.2,11.2,4363.0
CAPR,2026-09-30T10:19:00Z,11.2,11.24,11.2,11.24,2596.0
CAPR,2026-09-30T10:20:00Z,11.2,11.21,11.2,11.2,4217.0
CAPR,2026-09-30T10:21:00Z,11.21,11.21,11.2,11.2,3270.0
CAPR,2026-09-30T10:22:00Z,11.2,11.35,11.2,11.35,8499.0
CAPR,2026-09-30T10:23:00Z,11.35,11.45,11.34,11.38,10484.0
CAPR,2026-09-30T10:24:00Z,11.37,11.43,11.33,11.41,10365.0
CAPR,2026-09-30T10:25:00Z,11.42,11.61,11.41,11.49,39056.0
CAPR,2026-09-30T10:26:00Z,11.53,11.56,11.45,11.5,11582.0
CAPR,2026-09-30T10:27:00Z,11.52,11.54,11.32,11.34,21593.0
CAPR,2026-09-30T10:28:00Z,11.34,11.34,11.24,11.27,18416.0
CAPR,2026-09-30T10:29:00Z,11.25,11.26,11.2,11.24,33367.0
CAPR,2026-09-30T10:30:00Z,11.23,11.25,11.22,11.24,5935.0
CAPR,2026-09-30T10:31:00Z,11.25,11.25,11.24,11.24,2911.0
CAPR,2026-09-30T10:32:00Z,11.24,11.24,11.2,11.21,5476.0
CAPR,2026-09-30T10:33:00Z,11.21,11.23,11.15,11.18,4315.0
CAPR,2026-09-30T10:34:00Z,11.23,11.23,11.2,11.2,2082.0
CAPR,2026-09-30T10:35:00Z,11.2,11.23,11.2,11.23,1632.0
CAPR,2026-09-30T10:36:00Z,11.23,11.24,11.05,11.08,25101.0
CAPR,2026-09-30T10:37:00Z,11.07,11.09,10.9,10.92,33817.0
CAPR,2026-09-30T10:38:00Z,10.91,10.95,10.79,10.82,32213.0
CAPR,2026-09-30T10:39:00Z,10.85,10.9,10.79,10.83,13395.0
CAPR,2026-09-30T10:40:00Z,10.81,10.83,10.76,10.77,8441.0
CAPR,2026-09-30T10:41:00Z,10.77,10.8,10.17,10.23,64001.0
CAPR,2026-09-30T10:42:00Z,10.23,10.45,10.2,10.44,30001.0
CAPR,2026-09-30T10:43:00Z,10.42,10.5,10.4,10.4,12962.0
CAPR,2026-09-30T10:44:00Z,10.43,10.5,10.4,10.46,9170.0
CAPR,2026-09-30T10:45:00Z,10.49,10.54,10.46,10.47,15478.0
CAPR,2026-09-30T10:46:00Z,10.46,10.48,10.38,10.43,7872.0
CAPR,2026-09-30T10:47:00Z,10.46,10.5,10.44,10.5,5387.0
CAPR,2026-09-30T10:48:00Z,10.5,10.54,10.48,10.48,2324.0
CAPR,2026-09-30T10:49:00Z,10.48,10.49,10.45,10.45,4595.0
CAPR,2026-09-30T10:50:00Z,10.45,10.5,10.43,10.5,14702.0
CAPR,2026-09-30T10:51:00Z,10.51,10.55,10.5,10.51,4909.0
CAPR,2026-09-30T10:52:00Z,10.5,10.55,10.5,10.5,2860.0
CAPR,2026-09-30T10:53:00Z,10.48,10.51,10.46,10.5,1755.0
CAPR,2026-09-30T10:54:00Z,10.5,10.5,10.45,10.47,6891.0
CAPR,2026-09-30T10:55:00Z,10.47,10.5,10.46,10.46,2205.0
CAPR,2026-09-30T10:56:00Z,10.47,10.5,10.42,10.42,7240.0
CAPR,2026-09-30T10:57:00Z,10.38,10.4,10.3,10.36,15914.0
CAPR,2026-09-30T10:58:00Z,10.35,10.45,10.33,10.42,5170.0
CAPR,2026-09-30T10:59:00Z,10.42,10.42,10.41,10.41,1109.0
CAPR,2026-09-30T11:00:00Z,10.41,10.55,10.29,10.31,58136.0
CAPR,2026-09-30T11:01:00Z,10.31,10.4,10.27,10.3,29132.0
CAPR,2026-09-30T11:02:00Z,10.3,10.46,10.29,10.44,13232.0
CAPR,2026-09-30T11:03:00Z,10.42,10.46,10.33,10.45,17264.0
CAPR,2026-09-30T11:04:00Z,10.4,10.4,10.27,10.28,22948.0
CAPR,2026-09-30T11:05:00Z,10.28,10.33,10.22,10.25,16935.0
CAPR,2026-09-30T11:06:00Z,10.25,10.25,9.9,9.9,29478.0
CAPR,2026-09-30T11:07:00Z,9.88,10.06,9.82,10.0,38102.0
CAPR,2026-09-30T11:08:00Z,9.95,9.95,9.64,9.71,41637.0
CAPR,2026-09-30T11:09:00Z,9.68,9.8,9.64,9.74,28272.0
CAPR,2026-09-30T11:10:00Z,9.76,9.82,9.75,9.8,12621.0
CAPR,2026-09-30T11:11:00Z,9.8,9.82,9.72,9.8,19437.0
CAPR,2026-09-30T11:12:00Z,9.81,9.95,9.79,9.92,25151.0
CAPR,2026-09-30T11:13:00Z,9.92,9.92,9.77,9.78,57388.0
CAPR,2026-09-30T11:14:00Z,9.76,9.8,9.65,9.68,22123.0
CAPR,2026-09-30T11:15:00Z,9.68,9.7,9.48,9.53,42205.0
CAPR,2026-09-30T11:16:00Z,9.52,9.65,9.5,9.6,23308.0
CAPR,2026-09-30T11:17:00Z,9.6,9.7,9.55,9.7,17320.0
CAPR,2026-09-30T11:18:00Z,9.69,9.7,9.66,9.68,17049.0
CAPR,2026-09-30T11:19:00Z,9.7,9.7,9.61,9.61,12344.0
CAPR,2026-09-30T11:20:00Z,9.61,9.65,9.57,9.63,13899.0
CAPR,2026-09-30T11:21:00Z,9.65,9.77,9.65,9.76,14332.0
CAPR,2026-09-30T11:22:00Z,9.76,9.8,9.74,9.74,34853.0
CAPR,2026-09-30T11:23:00Z,9.79,9.79,9.6,9.75,11697.0
CAPR,2026-09-30T11:24:00Z,9.65,9.7,9.62,9.63,22458.0
CAPR,2026-09-30T11:25:00Z,9.63,9.64,9.55,9.56,16363.0
CAPR,2026-09-30T11:26:00Z,9.56,9.63,9.56,9.63,17551.0
CAPR,2026-09-30T11:27:00Z,9.65,9.67,9.63,9.66,28894.0
CAPR,2026-09-30T11:28:00Z,9.66,9.69,9.59,9.69,19696.0
CAPR,2026-09-30T11:29:00Z,9.69,9.74,9.62,9.72,2755.0
CAPR,2026-09-30T11:30:00Z,9.73,9.73,9.67,9.71,10264.0
CAPR,2026-09-30T11:31:00Z,9.67,9.75,9.67,9.71,11796.0
CAPR,2026-09-30T11:32:00Z,9.71,9.74,9.68,9.72,4398.0
CAPR,2026-09-30T11:33:00Z,9.69,9.75,9.68,9.74,3505.0
CAPR,2026-09-30T11:34:00Z,9.75,9.83,9.72,9.8,12121.0
CAPR,2026-09-30T11:35:00Z,9.8,9.82,9.77,9.77,11008.0
CAPR,2026-09-30T11:36:00Z,9.79,9.89,9.79,9.85,16897.0
CAPR,2026-09-30T11:37:00Z,9.89,9.9,9.79,9.82,17788.0
CAPR,2026-09-30T11:38:00Z,9.82,9.88,9.81,9.88,4501.0
CAPR,2026-09-30T11:39:00Z,9.88,9.88,9.79,9.87,7247.0
CAPR,2026-09-30T11:40:00Z,9.86,9.86,9.78,9.85,4331.0
CAPR,2026-09-30T11:41:00Z,9.85,9.9,9.83,9.83,8899.0
CAPR,2026-09-30T11:42:00Z,9.84,9.9,9.8,9.89,9307.0
CAPR,2026-09-30T11:43:00Z,9.9,9.92,9.87,9.87,8762.0
CAPR,2026-09-30T11:44:00Z,9.81,9.86,9.8,9.81,18319.0
CAPR,2026-09-30T11:45:00Z,9.81,9.82,9.79,9.79,6124.0
CAPR,2026-09-30T11:46:00Z,9.78,9.79,9.66,9.7,13107.0
CAPR,2026-09-30T11:47:00Z,9.67,9.7,9.66,9.67,2587.0
CAPR,2026-09-30T11:48:00Z,9.67,9.72,9.67,9.7,3248.0
CAPR,2026-09-30T11:49:00Z,9.7,9.76,9.69,9.75,1976.0
CAPR,2026-09-30T11:50:00Z,9.72,9.73,9.71,9.72,7860.0
CAPR,2026-09-30T11:51:00Z,9.72,9.78,9.72,9.74,4832.0
CAPR,2026-09-30T11:52:00Z,9.74,9.78,9.74,9.74,2359.0
CAPR,2026-09-30T11:53:00Z,9.74,9.77,9.74,9.76,5816.0
CAPR,2026-09-30T11:54:00Z,9.77,9.77,9.69,9.69,7410.0
CAPR,2026-09-30T11:55:00Z,9.69,9.69,9.59,9.61,11351.0
CAPR,2026-09-30T11:56:00Z,9.61,9.71,9.61,9.63,1830.0
CAPR,2026-09-30T11:57:00Z,9.62,9.63,9.57,9.6,8008.0
CAPR,2026-09-30T11:58:00Z,9.57,9.64,9.55,9.64,9940.0
CAPR,2026-09-30T11:59:00Z,9.64,9.69,9.61,9.69,3628.0
CAPR,2026-09-30T12:00:00Z,9.68,9.7,9.65,9.67,5455.0
CAPR,2026-09-30T12:01:00Z,9.71,9.78,9.67,9.73,10225.0
CAPR,2026-09-30T12:02:00Z,9.78,9.78,9.67,9.67,2258.0
CAPR,2026-09-30T12:03:00Z,9.67,9.72,9.66,9.67,5045.0
CAPR,2026-09-30T12:04:00Z,9.67,9.78,9.67,9.77,8413.0
CAPR,2026-09-30T12:05:00Z,9.77,9.77,9.73,9.75,1620.0
CAPR,2026-09-30T12:06:00Z,9.75,9.79,9.73,9.74,3947.0
CAPR,2026-09-30T12:07:00Z,9.74,9.77,9.74,9.75,1199.0
CAPR,2026-09-30T12:08:00Z,9.75,9.75,9.71,9.74,3976.0
CAPR,2026-09-30T12:09:00Z,9.73,9.73,9.73,9.73,410.0
CAPR,2026-09-30T12:10:00Z,9.73,9.75,9.7,9.75,2914.0
CAPR,2026-09-30T12:11:00Z,9.75,9.85,9.74,9.83,4278.0
CAPR,2026-09-30T12:12:00Z,9.83,9.87,9.83,9.86,6518.0
CAPR,2026-09-30T12:13:00Z,9.86,9.88,9.74,9.78,15174.0
CAPR,2026-09-30T12:14:00Z,9.78,9.78,9.71,9.77,6338.0
CAPR,2026-09-30T12:15:00Z,9.72,9.76,9.71,9.76,933.0
CAPR,2026-09-30T12:16:00Z,9.76,9.76,9.71,9.72,2310.0
CAPR,2026-09-30T12:17:00Z,9.72,9.76,9.67,9.76,12993.0
CAPR,2026-09-30T12:18:00Z,9.76,9.76,9.68,9.75,5616.0
CAPR,2026-09-30T12:19:00Z,9.72,9.78,9.72,9.78,1630.0
CAPR,2026-09-30T12:20:00Z,9.71,9.72,9.71,9.72,3977.0
CAPR,2026-09-30T12:21:00Z,9.72,9.75,9.72,9.72,558.0
CAPR,2026-09-30T12:22:00Z,9.72,9.74,9.6,9.65,30652.0
CAPR,2026-09-30T12:23:00Z,9.65,9.73,9.63,9.73,865.0
CAPR,2026-09-30T12:24:00Z,9.7,9.71,9.66,9.66,2934.0
CAPR,2026-09-30T12:25:00Z,9.66,9.72,9.66,9.7,968.0
CAPR,2026-09-30T12:26:00Z,9.7,9.76,9.7,9.76,4154.0
CAPR,2026-09-30T12:27:00Z,9.75,9.77,9.7,9.77,7909.0
CAPR,2026-09-30T12:28:00Z,9.77,9.77,9.71,9.72,1246.0
CAPR,2026-09-30T12:29:00Z,9.73,9.79,9.73,9.79,952.0
CAPR,2026-09-30T12:30:00Z,9.79,9.85,9.79,9.81,6924.0
CAPR,2026-09-30T12:31:00Z,9.83,9.83,9.7,9.81,6552.0
CAPR,2026-09-30T12:32:00Z,9.79,9.85,9.79,9.85,2676.0
CAPR,2026-09-30T12:33:00Z,9.84,9.85,9.8,9.82,12447.0
CAPR,2026-09-30T12:34:00Z,9.82,9.82,9.72,9.73,21186.0
CAPR,2026-09-30T12:35:00Z,9.73,9.8,9.7,9.71,4272.0
CAPR,2026-09-30T12:36:00Z,9.71,9.75,9.71,9.72,3138.0
CAPR,2026-09-30T12:37:00Z,9.72,9.72,9.71,9.72,9939.0
CAPR,2026-09-30T12:38:00Z,9.72,9.81,9.72,9.75,2076.0
CAPR,2026-09-30T12:39:00Z,9.74,9.8,9.74,9.78,4681.0
CAPR,2026-09-30T12:40:00Z,9.78,9.78,9.77,9.77,1904.0
CAPR,2026-09-30T12:41:00Z,9.77,9.8,9.77,9.8,1586.0
CAPR,2026-09-30T12:42:00Z,9.8,9.85,9.78,9.85,4937.0
CAPR,2026-09-30T12:43:00Z,9.84,9.87,9.79,9.82,8168.0
CAPR,2026-09-30T12:44:00Z,9.83,9.88,9.81,9.88,10401.0
CAPR,2026-09-30T12:45:00Z,9.88,9.88,9.85,9.88,3811.0
CAPR,2026-09-30T12:46:00Z,9.89,9.9,9.86,9.86,5332.0
CAPR,2026-09-30T12:47:00Z,9.86,9.9,9.85,9.85,3458.0
CAPR,2026-09-30T12:48:00Z,9.85,9.89,9.85,9.89,2666.0
CAPR,2026-09-30T12:49:00Z,9.89,9.9,9.84,9.84,26059.0
CAPR,2026-09-30T12:50:00Z,9.85,9.9,9.81,9.81,5337.0
CAPR,2026-09-30T12:51:00Z,9.81,9.88,9.81,9.86,8261.0
CAPR,2026-09-30T12:52:00Z,9.86,9.87,9.84,9.85,337.0
CAPR,2026-09-30T12:53:00Z,9.85,9.88,9.85,9.86,914.0
CAPR,2026-09-30T12:54:00Z,9.86,9.86,9.8,9.83,4984.0
CAPR,2026-09-30T12:55:00Z,9.83,9.9,9.83,9.89,6584.0
CAPR,2026-09-30T12:56:00Z,9.9,9.9,9.88,9.89,19142.0
CAPR,2026-09-30T12:57:00Z,9.89,9.9,9.87,9.89,5791.0
CAPR,2026-09-30T12:58:00Z,9.9,9.91,9.85,9.86,6081.0
CAPR,2026-09-30T12:59:00Z,9.86,9.9,9.84,9.88,12832.0
CAPR,2026-09-30T13:00:00Z,9.88,9.9,9.87,9.87,14887.0
CAPR,2026-09-30T13:01:00Z,9.87,10.08,9.87,10.04,29119.0
CAPR,2026-09-30T13:02:00Z,10.05,10.09,10.0,10.03,27688.0
CAPR,2026-09-30T13:03:00Z,10.02,10.03,9.99,10.0,5148.0
CAPR,2026-09-30T13:04:00Z,10.0,10.02,9.98,9.99,2776.0
CAPR,2026-09-30T13:05:00Z,9.99,10.0,9.95,9.96,6173.0
CAPR,2026-09-30T13:06:00Z,9.96,9.97,9.93,9.93,4609.0
CAPR,2026-09-30T13:07:00Z,9.93,9.99,9.91,9.95,61252.0
CAPR,2026-09-30T13:08:00Z,9.95,9.95,9.9,9.94,11205.0
CAPR,2026-09-30T13:09:00Z,9.94,9.98,9.92,9.96,1965.0
CAPR,2026-09-30T13:10:00Z,9.96,9.96,9.94,9.95,2080.0
CAPR,2026-09-30T13:11:00Z,9.95,9.99,9.95,9.97,5570.0
CAPR,2026-09-30T13:12:00Z,9.97,9.97,9.93,9.96,1520.0
CAPR,2026-09-30T13:13:00Z,9.94,9.99,9.93,9.94,5458.0
CAPR,2026-09-30T13:14:00Z,9.94,9.94,9.93,9.94,1105.0
CAPR,2026-09-30T13:15:00Z,9.94,9.95,9.93,9.93,5046.0
CAPR,2026-09-30T13:16:00Z,9.93,9.95,9.92,9.95,2675.0
CAPR,2026-09-30T13:17:00Z,9.95,10.13,9.95,10.09,23000.0
CAPR,2026-09-30T13:18:00Z,10.09,10.14,10.09,10.12,9644.0
CAPR,2026-09-30T13:19:00Z,10.12,10.2,10.11,10.13,22107.0
CAPR,2026-09-30T13:20:00Z,10.15,10.17,10.1,10.17,14194.0
CAPR,2026-09-30T13:21:00Z,10.17,10.2,10.17,10.18,17379.0
CAPR,2026-09-30T13:22:00Z,10.18,10.25,10.16,10.25,31908.0
CAPR,2026-09-30T13:23:00Z,10.24,10.33,10.24,10.32,37335.0
CAPR,2026-09-30T13:24:00Z,10.32,10.34,10.25,10.25,37876.0
CAPR,2026-09-30T13:25:00Z,10.26,10.33,10.2,10.33,33598.0
CAPR,2026-09-30T13:26:00Z,10.33,10.33,10.23,10.24,8335.0
CAPR,2026-09-30T13:27:00Z,10.23,10.24,10.11,10.22,17083.0
CAPR,2026-09-30T13:28:00Z,10.17,10.2,10.0,10.01,13502.0
CAPR,2026-09-30T13:29:00Z,10.01,10.03,9.99,10.0,6669.0
CAPR,2026-09-30T13:30:00Z,10.01,10.46,10.0,10.45,392322.0
CAPR,2026-09-30T13:31:00Z,10.42,10.6,10.26,10.5,444305.0
CAPR,2026-09-30T13:32:00Z,10.51,10.72,10.15,10.2,593828.0
CAPR,2026-09-30T13:33:00Z,10.21,10.4,10.09,10.15,271733.0
CAPR,2026-09-30T13:34:00Z,10.17,10.27,10.03,10.04,147154.0
CAPR,2026-09-30T13:35:00Z,10.07,10.25,10.06,10.21,101002.0
CAPR,2026-09-30T13:36:00Z,10.22,10.4,10.15,10.27,105670.0
CNTB,2026-09-30T08:08:00Z,1.0,1.0,1.0,1.0,796.0
CNTB,2026-09-30T08:09:00Z,1.0,1.0,1.0,1.0,0.0
CNTB,2026-09-30T08:10:00Z,1.0,1.0,1.0,1.0,4000.0
CNTB,2026-09-30T08:11:00Z,1.0,1.0,1.0,1.0,0.0
CNTB,2026-09-30T08:12:00Z,1.0,1.0,1.0,1.0,0.0
CNTB,2026-09-30T08:13:00Z,1.0,1.0,1.0,1.0,0.0
CNTB,2026-09-30T08:14:00Z,1.0,1.0,1.0,1.0,0.0
CNTB,2026-09-30T08:15:00Z,1.0,1.0,1.0,1.0,0.0
CNTB,2026-09-30T08:16:00Z,1.0,1.0,1.0,1.0,0.0
CNTB,2026-09-30T08:17:00Z,1.0,1.0,1.0,1.0,0.0
CNTB,2026-09-30T08:18:00Z,1.0,1.0,1.0,1.0,0.0
CNTB,2026-09-30T08:19:00Z,1.0,1.0,1.0,1.0,0.0
CNTB,2026-09-30T08:20:00Z,1.0,1.0,1.0,1.0,0.0
CNTB,2026-09-30T08:21:00Z,1.0,1.0,1.0,1.0,0.0
CNTB,2026-09-30T08:22:00Z,1.0,1.0,1.0,1.0,0.0
CNTB,2026-09-30T08:23:00Z,1.0,1.0,1.0,1.0,0.0
CNTB,2026-09-30T08:24:00Z,1.0,1.0,1.0,1.0,0.0
CNTB,2026-09-30T08:25:00Z,1.0,1.0,1.0,1.0,0.0
CNTB,2026-09-30T08:26:00Z,1.0,1.0,1.0,1.0,0.0
CNTB,2026-09-30T08:27:00Z,1.0,1.0,1.0,1.0,0.0
CNTB,2026-09-30T08:28:00Z,1.0,1.0,1.0,1.0,0.0
CNTB,2026-09-30T08:29:00Z,1.0,1.0,1.0,1.0,500.0
CNTB,2026-09-30T08:30:00Z,1.0,1.0,1.0,1.0,0.0
CNTB,2026-09-30T08:31:00Z,1.0,1.0,1.0,1.0,0.0
CNTB,2026-09-30T08:32:00Z,1.0,1.0,1.0,1.0,0.0
CNTB,2026-09-30T08:33:00Z,1.0,1.0,1.0,1.0,0.0
CNTB,2026-09-30T08:34:00Z,1.0,1.0,1.0,1.0,0.0
CNTB,2026-09-30T08:35:00Z,1.0,1.0,1.0,1.0,0.0
CNTB,2026-09-30T08:36:00Z,1.0,1.0,1.0,1.0,0.0
CNTB,2026-09-30T08:37:00Z,1.0,1.0,1.0,1.0,0.0
CNTB,2026-09-30T08:38:00Z,1.0,1.0,1.0,1.0,0.0
CNTB,2026-09-30T08:39:00Z,1.0,1.0,1.0,1.0,0.0
CNTB,2026-09-30T08:40:00Z,1.0,1.0,1.0,1.0,0.0
CNTB,2026-09-30T08:41:00Z,1.0,1.0,1.0,1.0,0.0
CNTB,2026-09-30T08:42:00Z,1.0,1.0,1.0,1.0,0.0
CNTB,2026-09-30T08:43:00Z,1.0,1.0,1.0,1.0,0.0
CNTB,2026-09-30T08:44:00Z,1.0,1.0,1.0,1.0,0.0
CNTB,2026-09-30T08:45:00Z,1.0,1.0,1.0,1.0,0.0
CNTB,2026-09-30T08:46:00Z,1.0,1.0,1.0,1.0,0.0
CNTB,2026-09-30T08:47:00Z,1.0,1.0,1.0,1.0,0.0
CNTB,2026-09-30T08:48:00Z,1.0,1.0,1.0,1.0,0.0
CNTB,2026-09-30T08:49:00Z,1.0,1.0,1.0,1.0,0.0
CNTB,2026-09-30T08:50:00Z,1.0,1.0,1.0,1.0,100.0
CNTB,2026-09-30T08:51:00Z,1.0,1.0,1.0,1.0,0.0
CNTB,2026-09-30T08:52:00Z,1.0,1.0,1.0,1.0,0.0
CNTB,2026-09-30T08:53:00Z,1.0,1.0,1.0,1.0,0.0
CNTB,2026-09-30T08:54:00Z,1.0,1.0,1.0,1.0,0.0
CNTB,2026-09-30T08:55:00Z,1.0,1.0,1.0,1.0,0.0
CNTB,2026-09-30T08:56:00Z,1.0,1.0,1.0,1.0,0.0
CNTB,2026-09-30T08:57:00Z,1.0,1.0,1.0,1.0,0.0
CNTB,2026-09-30T08:58:00Z,1.0,1.0,1.0,1.0,0.0
CNTB,2026-09-30T08:59:00Z,1.0,1.0,1.0,1.0,0.0
CNTB,2026-09-30T09:00:00Z,1.0,1.0,1.0,1.0,0.0
CNTB,2026-09-30T09:01:00Z,1.0,1.0,1.0,1.0,0.0
CNTB,2026-09-30T09:02:00Z,1.0,1.0,1.0,1.0,0.0
CNTB,2026-09-30T09:03:00Z,1.0,1.0,1.0,1.0,0.0
CNTB,2026-09-30T09:04:00Z,1.0,1.0,1.0,1.0,0.0
CNTB,2026-09-30T09:05:00Z,0.992,0.992,0.992,0.992,366.0
CNTB,2026-09-30T09:06:00Z,0.992,0.992,0.992,0.992,0.0
CNTB,2026-09-30T09:07:00Z,0.992,0.992,0.992,0.992,0.0
CNTB,2026-09-30T09:08:00Z,0.992,0.992,0.992,0.992,0.0
CNTB,2026-09-30T09:09:00Z,0.992,0.992,0.992,0.992,0.0
CNTB,2026-09-30T09:10:00Z,0.992,0.992,0.992,0.992,0.0
CNTB,2026-09-30T09:11:00Z,0.992,0.992,0.992,0.992,0.0
CNTB,2026-09-30T09:12:00Z,0.992,0.992,0.992,0.992,0.0
CNTB,2026-09-30T09:13:00Z,0.992,0.992,0.992,0.992,0.0
CNTB,2026-09-30T09:14:00Z,0.992,0.992,0.992,0.992,0.0
CNTB,2026-09-30T09:15:00Z,0.992,0.992,0.992,0.992,0.0
CNTB,2026-09-30T09:16:00Z,0.992,0.992,0.992,0.992,0.0
CNTB,2026-09-30T09:17:00Z,0.992,0.992,0.992,0.992,0.0
CNTB,2026-09-30T09:18:00Z,0.992,0.992,0.992,0.992,0.0
CNTB,2026-09-30T09:19:00Z,0.992,0.992,0.992,0.992,0.0
CNTB,2026-09-30T09:20:00Z,0.992,0.992,0.992,0.992,0.0
CNTB,2026-09-30T09:21:00Z,0.992,0.992,0.992,0.992,0.0
CNTB,2026-09-30T09:22:00Z,0.992,0.992,0.992,0.992,0.0
CNTB,2026-09-30T09:23:00Z,0.992,0.992,0.992,0.992,0.0
CNTB,2026-09-30T09:24:00Z,0.992,0.992,0.992,0.992,0.0
CNTB,2026-09-30T09:25:00Z,0.992,0.992,0.992,0.992,0.0
CNTB,2026-09-30T09:26:00Z,0.992,0.992,0.992,0.992,0.0
CNTB,2026-09-30T09:27:00Z,0.992,0.992,0.992,0.992,0.0
CNTB,2026-09-30T09:28:00Z,0.992,0.992,0.992,0.992,0.0
CNTB,2026-09-30T09:29:00Z,0.992,0.992,0.992,0.992,0.0
CNTB,2026-09-30T09:30:00Z,0.9999,0.9999,0.9999,0.9999,200.0
CNTB,2026-09-30T09:31:00Z,0.9999,0.9999,0.9999,0.9999,0.0
CNTB,2026-09-30T09:32:00Z,0.9999,0.9999,0.9999,0.9999,0.0
CNTB,2026-09-30T09:33:00Z,0.9999,0.9999,0.9999,0.9999,0.0
CNTB,2026-09-30T09:34:00Z,0.9999,0.9999,0.9999,0.9999,0.0
CNTB,2026-09-30T09:35:00Z,0.9999,0.9999,0.9999,0.9999,0.0
CNTB,2026-09-30T09:36:00Z,0.9999,0.9999,0.9999,0.9999,0.0
CNTB,2026-09-30T09:37:00Z,0.9999,0.9999,0.9999,0.9999,0.0
CNTB,2026-09-30T09:38:00Z,0.9999,0.9999,0.9999,0.9999,0.0
CNTB,2026-09-30T09:39:00Z,0.9999,0.9999,0.9999,0.9999,0.0
CNTB,2026-09-30T09:40:00Z,1.0,1.0,1.0,1.0,1500.0
CNTB,2026-09-30T09:41:00Z,1.0,1.0,1.0,1.0,0.0
CNTB,2026-09-30T09:42:00Z,1.0,1.0,1.0,1.0,0.0
CNTB,2026-09-30T09:43:00Z,1.0,1.0,1.0,1.0,0.0
CNTB,2026-09-30T09:44:00Z,1.0,1.0,1.0,1.0,0.0
CNTB,2026-09-30T09:45:00Z,1.0,1.0,1.0,1.0,0.0
CNTB,2026-09-30T09:46:00Z,1.0,1.0,1.0,1.0,0.0
CNTB,2026-09-30T09:47:00Z,1.0,1.0,1.0,1.0,0.0
CNTB,2026-09-30T09:48:00Z,1.0,1.0,1.0,1.0,0.0
CNTB,2026-09-30T09:49:00Z,1.0,1.0,1.0,1.0,0.0
CNTB,2026-09-30T09:50:00Z,1.0,1.0,1.0,1.0,0.0
CNTB,2026-09-30T09:51:00Z,1.0,1.0,1.0,1.0,0.0
CNTB,2026-09-30T09:52:00Z,1.0,1.0,1.0,1.0,0.0
CNTB,2026-09-30T09:53:00Z,1.0,1.0,1.0,1.0,0.0
CNTB,2026-09-30T09:54:00Z,1.0,1.0,1.0,1.0,0.0
CNTB,2026-09-30T09:55:00Z,1.0,1.0,1.0,1.0,0.0
CNTB,2026-09-30T09:56:00Z,1.0,1.0,1.0,1.0,0.0
CNTB,2026-09-30T09:57:00Z,1.0,1.0,1.0,1.0,0.0
CNTB,2026-09-30T09:58:00Z,1.0,1.0,1.0,1.0,0.0
CNTB,2026-09-30T09:59:00Z,1.0,1.0,1.0,1.0,0.0
CNTB,2026-09-30T10:00:00Z,1.0,1.0,1.0,1.0,0.0
CNTB,2026-09-30T10:01:00Z,1.0,1.0,1.0,1.0,0.0
CNTB,2026-09-30T10:02:00Z,1.0,1.0,1.0,1.0,0.0
CNTB,2026-09-30T10:03:00Z,1.0,1.0,1.0,1.0,0.0
CNTB,2026-09-30T10:04:00Z,1.0,1.0,1.0,1.0,0.0
CNTB,2026-09-30T10:05:00Z,1.0,1.0,1.0,1.0,0.0
CNTB,2026-09-30T10:06:00Z,1.0,1.0,1.0,1.0,0.0
CNTB,2026-09-30T10:07:00Z,1.0,1.0,1.0,1.0,0.0
CNTB,2026-09-30T10:08:00Z,1.0,1.0,1.0,1.0,0.0
CNTB,2026-09-30T10:09:00Z,1.0,1.0,1.0,1.0,0.0
CNTB,2026-09-30T10:10:00Z,1.0,1.0,1.0,1.0,0.0
CNTB,2026-09-30T10:11:00Z,1.0,1.0,1.0,1.0,0.0
CNTB,2026-09-30T10:12:00Z,1.0,1.0,1.0,1.0,0.0
CNTB,2026-09-30T10:13:00Z,1.0,1.0,1.0,1.0,0.0
CNTB,2026-09-30T10:14:00Z,1.0,1.0,1.0,1.0,0.0
CNTB,2026-09-30T10:15:00Z,1.0,1.0,1.0,1.0,0.0
CNTB,2026-09-30T10:16:00Z,1.0,1.0,1.0,1.0,0.0
CNTB,2026-09-30T10:17:00Z,1.0,1.0,1.0,1.0,0.0
CNTB,2026-09-30T10:18:00Z,1.0,1.0,1.0,1.0,0.0
CNTB,2026-09-30T10:19:00Z,1.0,1.0,1.0,1.0,0.0
CNTB,2026-09-30T10:20:00Z,1.0,1.0,1.0,1.0,0.0
CNTB,2026-09-30T10:21:00Z,1.0,1.0,1.0,1.0,0.0
CNTB,2026-09-30T10:22:00Z,1.0,1.0,1.0,1.0,0.0
CNTB,2026-09-30T10:23:00Z,1.0,1.0,1.0,1.0,0.0
CNTB,2026-09-30T10:24:00Z,1.0,1.0,1.0,1.0,0.0
CNTB,2026-09-30T10:25:00Z,1.0,1.0,1.0,1.0,0.0
CNTB,2026-09-30T10:26:00Z,1.0,1.0,1.0,1.0,0.0
CNTB,2026-09-30T10:27:00Z,1.0,1.0,1.0,1.0,0.0
CNTB,2026-09-30T10:28:00Z,1.0,1.0,1.0,1.0,0.0
CNTB,2026-09-30T10:29:00Z,1.0,1.0,1.0,1.0,0.0
CNTB,2026-09-30T10:30:00Z,1.0,1.0,1.0,1.0,0.0
CNTB,2026-09-30T10:31:00Z,1.0,1.0,1.0,1.0,0.0
CNTB,2026-09-30T10:32:00Z,1.0,1.0,1.0,1.0,0.0
CNTB,2026-09-30T10:33:00Z,1.0,1.0,1.0,1.0,0.0
CNTB,2026-09-30T10:34:00Z,1.0,1.0,1.0,1.0,0.0
CNTB,2026-09-30T10:35:00Z,1.0,1.0,1.0,1.0,0.0
CNTB,2026-09-30T10:36:00Z,1.0,1.0,1.0,1.0,0.0
CNTB,2026-09-30T10:37:00Z,1.0,1.0,1.0,1.0,0.0
CNTB,2026-09-30T10:38:00Z,1.0,1.0,1.0,1.0,0.0
CNTB,2026-09-30T10:39:00Z,1.0,1.0,1.0,1.0,0.0
CNTB,2026-09-30T10:40:00Z,1.0,1.0,1.0,1.0,0.0
CNTB,2026-09-30T10:41:00Z,0.98,0.98,0.98,0.98,4485.0
CNTB,2026-09-30T10:42:00Z,0.98,0.98,0.98,0.98,0.0
CNTB,2026-09-30T10:43:00Z,0.98,0.98,0.98,0.98,0.0
CNTB,2026-09-30T10:44:00Z,0.98,0.98,0.98,0.98,0.0
CNTB,2026-09-30T10:45:00Z,0.98,0.98,0.98,0.98,0.0
CNTB,2026-09-30T10:46:00Z,0.98,0.98,0.98,0.98,0.0
CNTB,2026-09-30T10:47:00Z,0.98,0.98,0.98,0.98,0.0
CNTB,2026-09-30T10:48:00Z,1.0,1.0,1.0,1.0,400.0
CNTB,2026-09-30T10:49:00Z,1.0,1.0,1.0,1.0,0.0
CNTB,2026-09-30T10:50:00Z,1.0,1.0,1.0,1.0,0.0
CNTB,2026-09-30T10:51:00Z,1.0,1.0,1.0,1.0,0.0
CNTB,2026-09-30T10:52:00Z,1.0,1.0,1.0,1.0,0.0
CNTB,2026-09-30T10:53:00Z,1.0,1.0,1.0,1.0,0.0
CNTB,2026-09-30T10:54:00Z,1.0,1.0,1.0,1.0,0.0
CNTB,2026-09-30T10:55:00Z,1.0,1.0,1.0,1.0,0.0
CNTB,2026-09-30T10:56:00Z,1.0,1.0,1.0,1.0,0.0
CNTB,2026-09-30T10:57:00Z,1.0,1.0,1.0,1.0,0.0
CNTB,2026-09-30T10:58:00Z,1.0,1.0,1.0,1.0,0.0
CNTB,2026-09-30T10:59:00Z,1.0,1.0,1.0,1.0,0.0
CNTB,2026-09-30T11:00:00Z,0.9999,1.06,0.9999,1.02,34991.0
CNTB,2026-09-30T11:01:00Z,1.0,1.03,0.98,1.0295,12218.0
CNTB,2026-09-30T11:02:00Z,1.028,1.07,1.028,1.03,36013.0
CNTB,2026-09-30T11:03:00Z,1.03,1.07,1.02,1.03,18862.0
CNTB,2026-09-30T11:04:00Z,1.03,1.05,1.02,1.045,2819.0
CNTB,2026-09-30T11:05:00Z,1.06,1.08,1.02,1.03,12736.0
CNTB,2026-09-30T11:06:00Z,1.035,1.08,1.035,1.08,4362.0
CNTB,2026-09-30T11:07:00Z,1.08,1.09,1.05,1.0661,27170.0
CNTB,2026-09-30T11:08:00Z,1.05,1.08,1.05,1.068,25087.0
CNTB,2026-09-30T11:09:00Z,1.06,1.0773,1.06,1.0773,10557.0
CNTB,2026-09-30T11:10:00Z,1.08,1.09,1.06,1.08,109804.0
CNTB,2026-09-30T11:11:00Z,1.09,1.1,1.07,1.09,75217.0
CNTB,2026-09-30T11:12:00Z,1.1,1.12,1.08,1.12,169878.0
CNTB,2026-09-30T11:13:00Z,1.1198,1.2,1.11,1.16,542402.0
CNTB,2026-09-30T11:14:00Z,1.17,1.21,1.14,1.19,574652.0
CNTB,2026-09-30T11:15:00Z,1.18,1.21,1.04,1.0601,769030.0
CNTB,2026-09-30T11:16:00Z,1.065,1.11,0.998,1.0398,652208.0
CNTB,2026-09-30T11:17:00Z,1.0497,1.09,1.02,1.0715,155331.0
CNTB,2026-09-30T11:18:00Z,1.08,1.1,1.07,1.09,127050.0
CNTB,2026-09-30T11:19:00Z,1.0808,1.1,1.0722,1.0998,67188.0
CNTB,2026-09-30T11:20:00Z,1.0978,1.1,1.07,1.0708,105398.0
CNTB,2026-09-30T11:21:00Z,1.0706,1.08,1.06,1.08,69162.0
CNTB,2026-09-30T11:22:00Z,1.0885,1.0885,1.05,1.0705,68285.0
CNTB,2026-09-30T11:23:00Z,1.07,1.09,1.05,1.09,73538.0
CNTB,2026-09-30T11:24:00Z,1.09,1.09,1.06,1.0785,93488.0
CNTB,2026-09-30T11:25:00Z,1.0703,1.0785,1.05,1.06,87161.0
CNTB,2026-09-30T11:26:00Z,1.0578,1.09,1.05,1.08,258280.0
CNTB,2026-09-30T11:27:00Z,1.08,1.17,1.08,1.17,221370.0
CNTB,2026-09-30T11:28:00Z,1.168,1.24,1.15,1.2097,918844.0
CNTB,2026-09-30T11:29:00Z,1.2081,1.24,1.18,1.2097,632177.0
CNTB,2026-09-30T11:30:00Z,1.2,1.22,1.17,1.1899,417862.0
CNTB,2026-09-30T11:31:00Z,1.18,1.23,1.17,1.23,407367.0
CNTB,2026-09-30T11:32:00Z,1.225,1.29,1.1921,1.2885,544606.0
CNTB,2026-09-30T11:33:00Z,1.288,1.38,1.2685,1.3203,1362555.0
CNTB,2026-09-30T11:34:00Z,1.33,1.44,1.28,1.41,1707450.0
CNTB,2026-09-30T11:35:00Z,1.41,1.5,1.38,1.46,1781230.0
CNTB,2026-09-30T11:36:00Z,1.46,1.47,1.39,1.395,1538363.0
CNTB,2026-09-30T11:37:00Z,1.3908,1.51,1.38,1.428,1833518.0
CNTB,2026-09-30T11:38:00Z,1.42,1.55,1.36,1.51,1904443.0
CNTB,2026-09-30T11:39:00Z,1.5115,1.6,1.45,1.45,1407005.0
CNTB,2026-09-30T11:40:00Z,1.45,1.75,1.44,1.52,1313113.0
CNTB,2026-09-30T11:41:00Z,1.53,1.6901,1.52,1.6702,1857674.0
CNTB,2026-09-30T11:42:00Z,1.675,1.72,1.58,1.6206,1731453.0
CNTB,2026-09-30T11:43:00Z,1.62,1.68,1.58,1.66,1068447.0
CNTB,2026-09-30T11:44:00Z,1.6592,1.67,1.53,1.5599,1306409.0
CNTB,2026-09-30T11:45:00Z,1.55,1.57,1.48,1.5208,1399763.0
CNTB,2026-09-30T11:46:00Z,1.5299,1.59,1.52,1.58,854766.0
CNTB,2026-09-30T11:47:00Z,1.58,1.61,1.56,1.59,659694.0
CNTB,2026-09-30T11:48:00Z,1.58,1.6,1.55,1.588,497091.0
CNTB,2026-09-30T11:49:00Z,1.58,1.62,1.55,1.57,653754.0
CNTB,2026-09-30T11:50:00Z,1.58,1.64,1.54,1.58,871207.0
CNTB,2026-09-30T11:51:00Z,1.58,1.59,1.52,1.53,580755.0
CNTB,2026-09-30T11:52:00Z,1.5299,1.55,1.52,1.52,307345.0
CNTB,2026-09-30T11:53:00Z,1.52,1.61,1.52,1.61,518545.0
CNTB,2026-09-30T11:54:00Z,1.61,1.62,1.59,1.6,368028.0
CNTB,2026-09-30T11:55:00Z,1.59,1.76,1.59,1.73,1710373.0
CNTB,2026-09-30T11:56:00Z,1.73,1.8,1.69,1.7892,1469888.0
CNTB,2026-09-30T11:57:00Z,1.785,1.8,1.75,1.77,1072112.0
CNTB,2026-09-30T11:58:00Z,1.76,1.79,1.75,1.772,839660.0
CNTB,2026-09-30T11:59:00Z,1.78,1.88,1.74,1.84,1541895.0
CNTB,2026-09-30T12:00:00Z,1.83,1.85,1.75,1.78,1071325.0
CNTB,2026-09-30T12:01:00Z,1.7702,1.82,1.75,1.7905,571112.0
CNTB,2026-09-30T12:02:00Z,1.79,1.83,1.77,1.82,460452.0
CNTB,2026-09-30T12:03:00Z,1.82,1.83,1.77,1.78,561610.0
CNTB,2026-09-30T12:04:00Z,1.7807,1.91,1.77,1.88,982633.0
CNTB,2026-09-30T12:05:00Z,1.88,2.0,1.86,1.9715,1792129.0
CNTB,2026-09-30T12:06:00Z,1.97,2.08,1.92,2.065,1949572.0
CNTB,2026-09-30T12:07:00Z,2.065,2.07,1.98,2.01,1193552.0
CNTB,2026-09-30T12:08:00Z,2.01,2.02,1.89,1.905,1460805.0
CNTB,2026-09-30T12:09:00Z,1.9078,1.95,1.88,1.9385,901338.0
CNTB,2026-09-30T12:10:00Z,1.93,1.94,1.84,1.85,940463.0
CNTB,2026-09-30T12:11:00Z,1.85,1.88,1.81,1.8293,1070475.0
CNTB,2026-09-30T12:12:00Z,1.8203,1.9,1.8203,1.8906,515187.0
CNTB,2026-09-30T12:13:00Z,1.88,1.92,1.85,1.8994,557058.0
CNTB,2026-09-30T12:14:00Z,1.8999,1.9,1.84,1.9,456388.0
CNTB,2026-09-30T12:15:00Z,1.898,1.93,1.83,1.84,715810.0
CNTB,2026-09-30T12:16:00Z,1.8394,1.87,1.81,1.81,441284.0
CNTB,2026-09-30T12:17:00Z,1.82,1.84,1.8,1.805,543151.0
CNTB,2026-09-30T12:18:00Z,1.8098,1.83,1.78,1.82,709023.0
CNTB,2026-09-30T12:19:00Z,1.815,1.83,1.75,1.77,522281.0
CNTB,2026-09-30T12:20:00Z,1.76,1.835,1.75,1.8294,484576.0
CNTB,2026-09-30T12:21:00Z,1.82,1.87,1.81,1.85,451683.0
CNTB,2026-09-30T12:22:00Z,1.85,1.87,1.82,1.87,325923.0
CNTB,2026-09-30T12:23:00Z,1.86,1.88,1.81,1.8402,478229.0
CNTB,2026-09-30T12:24:00Z,1.845,1.85,1.75,1.75,735362.0
CNTB,2026-09-30T12:25:00Z,1.7578,1.79,1.75,1.78,522566.0
CNTB,2026-09-30T12:26:00Z,1.78,1.79,1.75,1.7592,326727.0
CNTB,2026-09-30T12:27:00Z,1.7501,1.78,1.71,1.7401,875393.0
CNTB,2026-09-30T12:28:00Z,1.74,1.76,1.72,1.7222,303945.0
CNTB,2026-09-30T12:29:00Z,1.72,1.75,1.7,1.72,490864.0
CNTB,2026-09-30T12:30:00Z,1.72,1.778,1.71,1.778,495280.0
CNTB,2026-09-30T12:31:00Z,1.78,1.83,1.76,1.8203,542396.0
CNTB,2026-09-30T12:32:00Z,1.82,1.83,1.79,1.792,434218.0
CNTB,2026-09-30T12:33:00Z,1.79,1.84,1.77,1.77,448859.0
CNTB,2026-09-30T12:34:00Z,1.77,1.85,1.77,1.8415,399502.0
CNTB,2026-09-30T12:35:00Z,1.848,1.85,1.77,1.77,529004.0
CNTB,2026-09-30T12:36:00Z,1.775,1.78,1.74,1.7799,522557.0
CNTB,2026-09-30T12:37:00Z,1.75,1.76,1.74,1.7495,37546.0
CNTB,2026-09-30T12:38:00Z,1.7502,1.77,1.72,1.75,365079.0
CNTB,2026-09-30T12:39:00Z,1.75,1.77,1.73,1.73,195053.0
CNTB,2026-09-30T12:40:00Z,1.7378,1.75,1.73,1.75,402336.0
CNTB,2026-09-30T12:41:00Z,1.75,1.79,1.74,1.75,695983.0
CNTB,2026-09-30T12:42:00Z,1.7408,1.7593,1.7,1.73,611860.0
CNTB,2026-09-30T12:43:00Z,1.722,1.74,1.72,1.7299,192991.0
CNTB,2026-09-30T12:44:00Z,1.73,1.82,1.72,1.812,460572.0
CNTB,2026-09-30T12:45:00Z,1.8101,1.9,1.79,1.8794,1007610.0
CNTB,2026-09-30T12:46:00Z,1.8785,1.9,1.86,1.8602,647886.0
CNTB,2026-09-30T12:47:00Z,1.8692,1.92,1.86,1.9192,638278.0
CNTB,2026-09-30T12:48:00Z,1.9103,1.92,1.88,1.8922,339436.0
CNTB,2026-09-30T12:49:00Z,1.89,1.91,1.87,1.87,314339.0
CNTB,2026-09-30T12:50:00Z,1.875,1.89,1.83,1.83,363686.0
CNTB,2026-09-30T12:51:00Z,1.84,1.88,1.83,1.88,254900.0
CNTB,2026-09-30T12:52:00Z,1.8785,1.96,1.87,1.95,971851.0
CNTB,2026-09-30T12:53:00Z,1.9478,2.03,1.92,2.0294,1322900.0
CNTB,2026-09-30T12:54:00Z,2.0278,2.04,1.98,1.9902,1109504.0
CNTB,2026-09-30T12:55:00Z,1.99,2.02,1.93,1.9878,1177563.0
CNTB,2026-09-30T12:56:00Z,1.99,2.05,1.97,2.04,1244703.0
CNTB,2026-09-30T12:57:00Z,2.04,2.06,1.98,1.99,1113877.0
CNTB,2026-09-30T12:58:00Z,2.0,2.02,1.97,1.98,563144.0
CNTB,2026-09-30T12:59:00Z,1.9785,2.0,1.96,1.97,397556.0
CNTB,2026-09-30T13:00:00Z,1.9603,1.97,1.87,1.89,1314320.0
CNTB,2026-09-30T13:01:00Z,1.89,1.9,1.82,1.84,776243.0
CNTB,2026-09-30T13:02:00Z,1.84,1.87,1.83,1.85,370815.0
CNTB,2026-09-30T13:03:00Z,1.8403,1.88,1.84,1.8692,332787.0
CNTB,2026-09-30T13:04:00Z,1.8692,1.88,1.82,1.83,521960.0
CNTB,2026-09-30T13:05:00Z,1.8378,1.86,1.82,1.83,331811.0
CNTB,2026-09-30T13:06:00Z,1.82,1.9,1.82,1.88,1188664.0
CNTB,2026-09-30T13:07:00Z,1.89,1.9,1.85,1.85,680389.0
CNTB,2026-09-30T13:08:00Z,1.86,1.87,1.84,1.85,319598.0
CNTB,2026-09-30T13:09:00Z,1.85,1.88,1.83,1.84,305406.0
CNTB,2026-09-30T13:10:00Z,1.83,1.85,1.83,1.8481,138016.0
CNTB,2026-09-30T13:11:00Z,1.84,1.9,1.84,1.8995,234242.0
CNTB,2026-09-30T13:12:00Z,1.89,1.93,1.86,1.8892,614942.0
CNTB,2026-09-30T13:13:00Z,1.89,1.9,1.86,1.8601,173150.0
CNTB,2026-09-30T13:14:00Z,1.86,1.9,1.86,1.9,144116.0
CNTB,2026-09-30T13:15:00Z,1.9,1.92,1.88,1.91,321648.0
CNTB,2026-09-30T13:16:00Z,1.9002,1.95,1.9,1.93,361466.0
CNTB,2026-09-30T13:17:00Z,1.92,1.93,1.89,1.8905,254041.0
CNTB,2026-09-30T13:18:00Z,1.9,1.9,1.87,1.8822,173540.0
CNTB,2026-09-30T13:19:00Z,1.88,1.89,1.8,1.84,502838.0
CNTB,2026-09-30T13:20:00Z,1.8308,1.86,1.82,1.83,366029.0
CNTB,2026-09-30T13:21:00Z,1.83,1.84,1.82,1.8398,88266.0
CNTB,2026-09-30T13:22:00Z,1.8308,1.86,1.83,1.8497,164711.0
CNTB,2026-09-30T13:23:00Z,1.84,1.88,1.84,1.878,211798.0
CNTB,2026-09-30T13:24:00Z,1.88,1.88,1.85,1.8602,194049.0
CNTB,2026-09-30T13:25:00Z,1.86,1.87,1.85,1.86,115933.0
CNTB,2026-09-30T13:26:00Z,1.8697,1.9,1.86,1.8785,277569.0
CNTB,2026-09-30T13:27:00Z,1.87,1.9,1.87,1.88,210374.0
CNTB,2026-09-30T13:28:00Z,1.88,1.95,1.87,1.92,457786.0
CNTB,2026-09-30T13:29:00Z,1.92,1.97,1.88,1.8805,500087.0
CNTB,2026-09-30T13:30:00Z,1.89,1.89,1.73,1.8099,3314754.0
CNTB,2026-09-30T13:31:00Z,1.805,1.82,1.73,1.78,2150692.0
CNTB,2026-09-30T13:32:00Z,1.79,1.8,1.73,1.73,1120890.0
CNTB,2026-09-30T13:33:00Z,1.735,1.76,1.65,1.685,2591914.0
CNTB,2026-09-30T13:34:00Z,1.685,1.71,1.64,1.67,1354643.0
CNTB,2026-09-30T13:35:00Z,1.675,1.68,1.61,1.661,1417138.0
CNTB,2026-09-30T13:36:00Z,1.6674,1.685,1.62,1.65,1095930.0
CNTB,2026-09-30T13:37:00Z,1.6492,1.67,1.63,1.6581,807887.0
CNTB,2026-09-30T13:38:00Z,1.6507,1.66,1.58,1.6301,1946583.0
CNTB,2026-09-30T13:39:00Z,1.6301,1.68,1.61,1.637,997758.0
CNTB,2026-09-30T13:40:00Z,1.63,1.68,1.62,1.65,703343.0
CNTB,2026-09-30T13:41:00Z,1.66,1.6799,1.61,1.63,839874.0
CNTB,2026-09-30T13:42:00Z,1.635,1.65,1.62,1.635,499455.0
CNTB,2026-09-30T13:43:00Z,1.6399,1.65,1.6,1.6241,583146.0
CNTB,2026-09-30T13:44:00Z,1.6242,1.63,1.59,1.6,781541.0
CNTB,2026-09-30T13:45:00Z,1.6041,1.62,1.58,1.6002,613960.0
CNTB,2026-09-30T13:46:00Z,1.61,1.61,1.535,1.565,1105723.0
CNTB,2026-09-30T13:47:00Z,1.5601,1.57,1.51,1.515,936748.0
CNTB,2026-09-30T13:48:00Z,1.515,1.54,1.48,1.48,1055967.0
CNTB,2026-09-30T13:49:00Z,1.485,1.52,1.47,1.49,912736.0
CNTB,2026-09-30T13:50:00Z,1.485,1.52,1.48,1.505,465624.0
CNTB,2026-09-30T13:51:00Z,1.5001,1.51,1.48,1.4899,229993.0
CNTB,2026-09-30T13:52:00Z,1.4802,1.51,1.46,1.465,744489.0
CNTB,2026-09-30T13:53:00Z,1.465,1.48,1.45,1.45,669601.0
CNTB,2026-09-30T13:54:00Z,1.455,1.49,1.42,1.435,1088560.0
CNTB,2026-09-30T13:55:00Z,1.435,1.45,1.43,1.445,444611.0
CNTB,2026-09-30T13:56:00Z,1.44,1.4869,1.44,1.4701,468227.0
CNTB,2026-09-30T13:57:00Z,1.475,1.48,1.46,1.46,291661.0
CNTB,2026-09-30T13:58:00Z,1.4699,1.49,1.46,1.475,327071.0
CNTB,2026-09-30T13:59:00Z,1.4701,1.495,1.46,1.465,507018.0
CNTB,2026-09-30T14:00:00Z,1.4601,1.47,1.45,1.4617,398314.0
CNTB,2026-09-30T14:01:00Z,1.46,1.47,1.43,1.43,378793.0
CNTB,2026-09-30T14:02:00Z,1.4399,1.44,1.38,1.4048,952221.0
CNTB,2026-09-30T14:03:00Z,1.403,1.41,1.4,1.4012,217886.0
CNTB,2026-09-30T14:04:00Z,1.4099,1.41,1.38,1.4,280897.0
CNTB,2026-09-30T14:05:00Z,1.41,1.42,1.39,1.39,310581.0
CNTB,2026-09-30T14:06:00Z,1.39,1.4,1.36,1.365,544882.0
CNTB,2026-09-30T14:07:00Z,1.37,1.37,1.335,1.36,710525.0
CNTB,2026-09-30T14:08:00Z,1.365,1.39,1.36,1.385,290042.0
CNTB,2026-09-30T14:09:00Z,1.3858,1.4,1.38,1.3899,239323.0
CNTB,2026-09-30T14:10:00Z,1.3899,1.42,1.38,1.405,447290.0
CNTB,2026-09-30T14:11:00Z,1.4059,1.45,1.4,1.4366,780378.0
CNTB,2026-09-30T14:12:00Z,1.4399,1.44,1.4,1.415,549468.0
CNTB,2026-09-30T14:13:00Z,1.4158,1.42,1.4,1.4091,308202.0
CNTB,2026-09-30T14:14:00Z,1.405,1.41,1.38,1.39,470614.0
CNTB,2026-09-30T14:15:00Z,1.3885,1.4,1.38,1.38,142576.0
CNTB,2026-09-30T14:16:00Z,1.3833,1.4,1.38,1.3999,151967.0
CNTB,2026-09-30T14:17:00Z,1.3997,1.4,1.38,1.3999,158204.0
CNTB,2026-09-30T14:18:00Z,1.3999,1.4,1.37,1.37,171972.0
CNTB,2026-09-30T14:19:00Z,1.3799,1.3799,1.34,1.36,551657.0
CNTB,2026-09-30T14:20:00Z,1.35,1.36,1.3,1.32,676938.0
CNTB,2026-09-30T14:21:00Z,1.3299,1.35,1.32,1.347,266718.0
CNTB,2026-09-30T14:22:00Z,1.345,1.36,1.33,1.36,203249.0
CNTB,2026-09-30T14:23:00Z,1.35,1.38,1.35,1.38,200359.0
CNTB,2026-09-30T14:24:00Z,1.38,1.38,1.36,1.36,118870.0
CNTB,2026-09-30T14:25:00Z,1.36,1.37,1.35,1.3699,152566.0
CNTB,2026-09-30T14:26:00Z,1.3633,1.38,1.36,1.375,191176.0
CNTB,2026-09-30T14:27:00Z,1.375,1.39,1.32,1.3299,668486.0
CNTB,2026-09-30T14:28:00Z,1.325,1.34,1.32,1.3388,214710.0
CNTB,2026-09-30T14:29:00Z,1.33,1.34,1.33,1.33,127005.0
CNTB,2026-09-30T14:30:00Z,1.3399,1.34,1.31,1.315,212520.0
CNTB,2026-09-30T14:31:00Z,1.31,1.33,1.3,1.3,344947.0
CNTB,2026-09-30T14:32:00Z,1.3,1.31,1.3,1.3001,313859.0
CNTB,2026-09-30T14:33:00Z,1.3,1.31,1.28,1.2902,316333.0
CNTB,2026-09-30T14:34:00Z,1.295,1.3,1.29,1.2997,93577.0
CNTB,2026-09-30T14:35:00Z,1.295,1.3,1.29,1.3,150060.0
CNTB,2026-09-30T14:36:00Z,1.295,1.31,1.28,1.2844,287699.0
CNTB,2026-09-30T14:37:00Z,1.28,1.29,1.27,1.278,255969.0
CNTB,2026-09-30T14:38:00Z,1.2799,1.29,1.27,1.285,105292.0
CNTB,2026-09-30T14:39:00Z,1.285,1.29,1.28,1.28,102516.0
CNTB,2026-09-30T14:40:00Z,1.28,1.285,1.22,1.24,1072452.0
CNTB,2026-09-30T14:41:00Z,1.245,1.25,1.2,1.2499,737731.0
CNTB,2026-09-30T14:42:00Z,1.24,1.25,1.23,1.23,214946.0
CNTB,2026-09-30T14:43:00Z,1.24,1.26,1.23,1.2599,226795.0
CNTB,2026-09-30T14:44:00Z,1.2501,1.27,1.24,1.269,346987.0
CNTB,2026-09-30T14:45:00Z,1.265,1.27,1.26,1.26,71209.0
CNTB,2026-09-30T14:46:00Z,1.265,1.27,1.23,1.235,217500.0
CNTB,2026-09-30T14:47:00Z,1.23,1.24,1.22,1.2301,189538.0
CNTB,2026-09-30T14:48:00Z,1.235,1.24,1.23,1.2328,74465.0
CNTB,2026-09-30T14:49:00Z,1.235,1.24,1.2,1.235,299150.0
CNTB,2026-09-30T14:50:00Z,1.23,1.25,1.23,1.24,186593.0
CNTB,2026-09-30T14:51:00Z,1.2497,1.25,1.23,1.25,141743.0
CNTB,2026-09-30T14:52:00Z,1.245,1.255,1.23,1.245,137294.0
CNTB,2026-09-30T14:53:00Z,1.2439,1.26,1.24,1.255,161301.0
CNTB,2026-09-30T14:54:00Z,1.255,1.28,1.25,1.275,180364.0
CNTB,2026-09-30T14:55:00Z,1.275,1.3,1.2645,1.28,807131.0
CNTB,2026-09-30T14:56:00Z,1.29,1.29,1.27,1.2801,260500.0
CNTB,2026-09-30T14:57:00Z,1.285,1.29,1.27,1.2898,165081.0
CNTB,2026-09-30T14:58:00Z,1.2801,1.29,1.27,1.28,117144.0
CNTB,2026-09-30T14:59:00Z,1.275,1.28,1.27,1.2799,100254.0
CNTB,2026-09-30T15:00:00Z,1.28,1.3,1.28,1.2958,212464.0
CNTB,2026-09-30T15:01:00Z,1.3,1.31,1.28,1.2832,222917.0
CNTB,2026-09-30T15:02:00Z,1.2869,1.29,1.27,1.2702,107868.0
CNTB,2026-09-30T15:03:00Z,1.2712,1.3,1.27,1.2801,97655.0
CNTB,2026-09-30T15:04:00Z,1.2803,1.29,1.27,1.27,93491.0
CNTB,2026-09-30T15:05:00Z,1.27,1.28,1.27,1.2702,35366.0
CNTB,2026-09-30T15:06:00Z,1.275,1.28,1.23,1.235,472515.0
CNTB,2026-09-30T15:07:00Z,1.2303,1.26,1.23,1.2528,102679.0
CNTB,2026-09-30T15:08:00Z,1.255,1.27,1.255,1.265,80881.0
CNTB,2026-09-30T15:09:00Z,1.27,1.28,1.26,1.27,58101.0
CNTB,2026-09-30T15:10:00Z,1.27,1.275,1.26,1.265,40440.0
CNTB,2026-09-30T15:11:00Z,1.27,1.27,1.26,1.26,26543.0
CNTB,2026-09-30T15:12:00Z,1.265,1.27,1.26,1.26,29551.0
CNTB,2026-09-30T15:13:00Z,1.265,1.27,1.24,1.2476,109014.0
CNTB,2026-09-30T15:14:00Z,1.25,1.2699,1.24,1.2699,74798.0
CNTB,2026-09-30T15:15:00Z,1.265,1.27,1.26,1.26,53083.0
CNTB,2026-09-30T15:16:00Z,1.2611,1.2699,1.2419,1.247,51288.0
CNTB,2026-09-30T15:17:00Z,1.2499,1.25,1.24,1.2499,27373.0
CNTB,2026-09-30T15:18:00Z,1.245,1.25,1.24,1.2458,60645.0
CNTB,2026-09-30T15:19:00Z,1.24,1.27,1.24,1.2621,171721.0
CNTB,2026-09-30T15:20:00Z,1.2666,1.27,1.26,1.2699,40759.0
CNTB,2026-09-30T15:21:00Z,1.27,1.27,1.25,1.25,115980.0
CNTB,2026-09-30T15:22:00Z,1.26,1.26,1.25,1.255,51820.0
CNTB,2026-09-30T15:23:00Z,1.2599,1.2599,1.25,1.255,28697.0
CNTB,2026-09-30T15:24:00Z,1.26,1.26,1.24,1.2421,86342.0
CNTB,2026-09-30T15:25:00Z,1.243,1.27,1.24,1.265,109253.0
CNTB,2026-09-30T15:26:00Z,1.267,1.27,1.25,1.26,101895.0
CNTB,2026-09-30T15:27:00Z,1.26,1.27,1.25,1.2529,86487.0
CNTB,2026-09-30T15:28:00Z,1.26,1.26,1.25,1.25,33063.0
CNTB,2026-09-30T15:29:00Z,1.2501,1.26,1.23,1.24,103551.0
CNTB,2026-09-30T15:30:00Z,1.2427,1.26,1.2427,1.26,41389.0
CNTB,2026-09-30T15:31:00Z,1.26,1.26,1.25,1.2559,18148.0
FFR,2026-09-30T08:00:00Z,1.09,1.13,1.09,1.13,2000.0
FFR,2026-09-30T08:01:00Z,1.1222,1.1222,1.12,1.12,556.0
FFR,2026-09-30T08:02:00Z,1.12,1.1217,1.12,1.12,1400.0
FFR,2026-09-30T08:03:00Z,1.12,1.12,1.12,1.12,0.0
FFR,2026-09-30T08:04:00Z,1.11,1.11,1.1,1.1,257.0
FFR,2026-09-30T08:05:00Z,1.1,1.1,1.07,1.0894,996.0
FFR,2026-09-30T08:06:00Z,1.08,1.08,1.08,1.08,200.0
FFR,2026-09-30T08:07:00Z,1.08,1.08,1.08,1.08,388.0
FFR,2026-09-30T08:08:00Z,1.08,1.08,1.08,1.08,0.0
FFR,2026-09-30T08:09:00Z,1.0697,1.0697,1.0697,1.0697,190.0
FFR,2026-09-30T08:10:00Z,1.0697,1.0697,1.0697,1.0697,0.0
FFR,2026-09-30T08:11:00Z,1.06,1.06,1.06,1.06,399.0
FFR,2026-09-30T08:12:00Z,1.07,1.07,1.07,1.07,100.0
FFR,2026-09-30T08:13:00Z,1.07,1.07,1.07,1.07,0.0
FFR,2026-09-30T08:14:00Z,1.07,1.07,1.07,1.07,0.0
FFR,2026-09-30T08:15:00Z,1.07,1.07,1.07,1.07,100.0
FFR,2026-09-30T08:16:00Z,1.0686,1.07,1.0686,1.07,1194.0
FFR,2026-09-30T08:17:00Z,1.07,1.07,1.07,1.07,0.0
FFR,2026-09-30T08:18:00Z,1.045,1.055,1.045,1.055,326.0
FFR,2026-09-30T08:19:00Z,1.06,1.06,1.05,1.05,551.0
FFR,2026-09-30T08:20:00Z,1.08,1.08,1.08,1.08,500.0
FFR,2026-09-30T08:21:00Z,1.08,1.08,1.08,1.08,0.0
FFR,2026-09-30T08:22:00Z,1.07,1.07,1.04,1.04,1530.0
FFR,2026-09-30T08:23:00Z,1.03,1.04,1.03,1.03,1380.0
FFR,2026-09-30T08:24:00Z,1.02,1.02,1.02,1.02,1000.0
FFR,2026-09-30T08:25:00Z,1.03,1.03,1.03,1.03,300.0
FFR,2026-09-30T08:26:00Z,1.03,1.03,1.02,1.02,942.0
FFR,2026-09-30T08:27:00Z,1.02,1.02,1.02,1.02,1055.0
FFR,2026-09-30T08:28:00Z,1.01,1.01,1.01,1.01,122.0
FFR,2026-09-30T08:29:00Z,1.02,1.02,1.01,1.01,6059.0
FFR,2026-09-30T08:30:00Z,1.02,1.04,1.0104,1.04,2072.0
FFR,2026-09-30T08:31:00Z,1.05,1.05,1.05,1.05,200.0
FFR,2026-09-30T08:32:00Z,1.07,1.07,1.07,1.07,900.0
FFR,2026-09-30T08:33:00Z,1.08,1.08,1.08,1.08,500.0
FFR,2026-09-30T08:34:00Z,1.08,1.08,1.08,1.08,0.0
FFR,2026-09-30T08:35:00Z,1.1,1.12,1.1,1.12,3200.0
FFR,2026-09-30T08:36:00Z,1.12,1.13,1.12,1.13,1054.0
FFR,2026-09-30T08:37:00Z,1.13,1.13,1.13,1.13,0.0
FFR,2026-09-30T08:38:00Z,1.13,1.13,1.1279,1.1298,1624.0
FFR,2026-09-30T08:39:00Z,1.125,1.1299,1.105,1.105,2294.0
FFR,2026-09-30T08:40:00Z,1.0903,1.11,1.0903,1.11,481.0
FFR,2026-09-30T08:41:00Z,1.1,1.1,1.1,1.1,220.0
FFR,2026-09-30T08:42:00Z,1.09,1.09,1.09,1.09,600.0
FFR,2026-09-30T08:43:00Z,1.07,1.07,1.06,1.06,2148.0
FFR,2026-09-30T08:44:00Z,1.06,1.06,1.06,1.06,0.0
FFR,2026-09-30T08:45:00Z,1.09,1.09,1.09,1.09,280.0
FFR,2026-09-30T08:46:00Z,1.09,1.09,1.09,1.09,0.0
FFR,2026-09-30T08:47:00Z,1.09,1.0996,1.09,1.0996,1240.0
FFR,2026-09-30T08:48:00Z,1.0996,1.0996,1.0996,1.0996,0.0
FFR,2026-09-30T08:49:00Z,1.0996,1.0996,1.0996,1.0996,0.0
FFR,2026-09-30T08:50:00Z,1.1,1.1,1.09,1.09,423.0
FFR,2026-09-30T08:51:00Z,1.1,1.1,1.1,1.1,782.0
FFR,2026-09-30T08:52:00Z,1.1183,1.12,1.11,1.12,2586.0
FFR,2026-09-30T08:53:00Z,1.12,1.12,1.09,1.09,1775.0
FFR,2026-09-30T08:54:00Z,1.11,1.11,1.1,1.1,520.0
FFR,2026-09-30T08:55:00Z,1.1,1.1,1.1,1.1,700.0
FFR,2026-09-30T08:56:00Z,1.1,1.1,1.1,1.1,427.0
FFR,2026-09-30T08:57:00Z,1.11,1.13,1.11,1.13,4645.0
FFR,2026-09-30T08:58:00Z,1.13,1.13,1.12,1.13,4923.0
FFR,2026-09-30T08:59:00Z,1.13,1.13,1.13,1.13,0.0
FFR,2026-09-30T09:00:00Z,1.16,1.16,1.16,1.16,100.0
FFR,2026-09-30T09:01:00Z,1.15,1.16,1.15,1.16,416.0
FFR,2026-09-30T09:02:00Z,1.16,1.27,1.1301,1.27,15622.0
FFR,2026-09-30T09:03:00Z,1.26,1.5,1.25,1.41,170117.0
FFR,2026-09-30T09:04:00Z,1.41,1.79,1.4,1.6285,263964.0
FFR,2026-09-30T09:05:00Z,1.6294,2.2,1.56,2.1698,324796.0
FFR,2026-09-30T09:06:00Z,2.16,2.58,2.03,2.17,426728.0
FFR,2026-09-30T09:07:00Z,2.1705,2.8,2.14,2.6986,351873.0
FFR,2026-09-30T09:08:00Z,2.7,2.9399,2.46,2.6992,349966.0
FFR,2026-09-30T09:09:00Z,2.6952,2.7802,2.2,2.4753,275881.0
FFR,2026-09-30T09:10:00Z,2.47,2.49,1.8803,2.03,333367.0
FFR,2026-09-30T09:11:00Z,2.0251,2.06,1.55,1.575,452188.0
FFR,2026-09-30T09:12:00Z,1.5792,1.6793,1.49,1.6426,350192.0
FFR,2026-09-30T09:13:00Z,1.6788,1.8,1.51,1.7972,200159.0
FFR,2026-09-30T09:14:00Z,1.7901,1.82,1.62,1.7049,245406.0
FFR,2026-09-30T09:15:00Z,1.7002,1.85,1.698,1.8392,215319.0
FFR,2026-09-30T09:16:00Z,1.83,2.07,1.83,1.98,284469.0
FFR,2026-09-30T09:17:00Z,1.9801,1.99,1.58,1.6493,387982.0
FFR,2026-09-30T09:18:00Z,1.6401,1.6917,1.58,1.6492,161935.0
FFR,2026-09-30T09:19:00Z,1.6402,1.65,1.55,1.6297,99176.0
FFR,2026-09-30T09:20:00Z,1.6207,1.63,1.6,1.6197,44632.0
FFR,2026-09-30T09:21:00Z,1.6196,1.82,1.6106,1.7924,174661.0
FFR,2026-09-30T09:22:00Z,1.82,1.85,1.78,1.78,163720.0
FFR,2026-09-30T09:23:00Z,1.78,1.79,1.62,1.72,123892.0
FFR,2026-09-30T09:24:00Z,1.72,1.9,1.72,1.885,142347.0
FFR,2026-09-30T09:25:00Z,1.885,1.89,1.77,1.8196,161326.0
FFR,2026-09-30T09:26:00Z,1.818,1.84,1.81,1.82,52104.0
FFR,2026-09-30T09:27:00Z,1.8194,1.835,1.69,1.6903,99929.0
FFR,2026-09-30T09:28:00Z,1.69,1.8,1.67,1.73,110226.0
FFR,2026-09-30T09:29:00Z,1.73,1.76,1.69,1.6903,62212.0
FFR,2026-09-30T09:30:00Z,1.69,1.73,1.69,1.69,39663.0
FFR,2026-09-30T09:31:00Z,1.6992,1.6992,1.66,1.66,71601.0
FFR,2026-09-30T09:32:00Z,1.66,1.73,1.66,1.7,69969.0
FFR,2026-09-30T09:33:00Z,1.6985,1.7171,1.6729,1.71,60774.0
FFR,2026-09-30T09:34:00Z,1.7094,1.8,1.7,1.7794,136338.0
FFR,2026-09-30T09:35:00Z,1.77,1.78,1.71,1.7101,61356.0
FFR,2026-09-30T09:36:00Z,1.71,1.72,1.66,1.66,52417.0
FFR,2026-09-30T09:37:00Z,1.6602,1.7371,1.65,1.6911,77669.0
FFR,2026-09-30T09:38:00Z,1.69,1.77,1.69,1.7201,52640.0
FFR,2026-09-30T09:39:00Z,1.7294,1.78,1.72,1.78,59589.0
FFR,2026-09-30T09:40:00Z,1.7797,1.78,1.73,1.73,51042.0
FFR,2026-09-30T09:41:00Z,1.7302,1.7399,1.66,1.665,51066.0
FFR,2026-09-30T09:42:00Z,1.67,1.7,1.66,1.69,42617.0
FFR,2026-09-30T09:43:00Z,1.68,1.69,1.61,1.6194,58553.0
FFR,2026-09-30T09:44:00Z,1.615,1.62,1.58,1.58,66361.0
FFR,2026-09-30T09:45:00Z,1.58,1.5894,1.47,1.54,159623.0
FFR,2026-09-30T09:46:00Z,1.54,1.56,1.51,1.5519,57632.0
FFR,2026-09-30T09:47:00Z,1.57,1.6003,1.55,1.585,58640.0
FFR,2026-09-30T09:48:00Z,1.5808,1.6,1.55,1.55,41906.0
FFR,2026-09-30T09:49:00Z,1.5595,1.58,1.54,1.56,41109.0
FFR,2026-09-30T09:50:00Z,1.55,1.5693,1.55,1.555,14145.0
FFR,2026-09-30T09:51:00Z,1.55,1.56,1.55,1.55,20615.0
FFR,2026-09-30T09:52:00Z,1.55,1.5502,1.53,1.5301,26575.0
FFR,2026-09-30T09:53:00Z,1.53,1.54,1.5,1.5,27376.0
FFR,2026-09-30T09:54:00Z,1.49,1.5,1.42,1.44,105307.0
FFR,2026-09-30T09:55:00Z,1.4399,1.45,1.43,1.43,50899.0
FFR,2026-09-30T09:56:00Z,1.43,1.43,1.34,1.3793,156694.0
FFR,2026-09-30T09:57:00Z,1.37,1.4,1.3644,1.3901,78330.0
FFR,2026-09-30T09:58:00Z,1.4,1.44,1.39,1.4395,53084.0
FFR,2026-09-30T09:59:00Z,1.44,1.45,1.42,1.42,31931.0
FFR,2026-09-30T10:00:00Z,1.42,1.47,1.42,1.4501,25102.0
FFR,2026-09-30T10:01:00Z,1.4603,1.48,1.45,1.4792,17692.0
FFR,2026-09-30T10:02:00Z,1.47,1.48,1.46,1.48,21215.0
FFR,2026-09-30T10:03:00Z,1.47,1.4967,1.47,1.485,21781.0
FFR,2026-09-30T10:04:00Z,1.4801,1.52,1.48,1.5091,28355.0
FFR,2026-09-30T10:05:00Z,1.5093,1.51,1.5,1.509,21369.0
FFR,2026-09-30T10:06:00Z,1.5007,1.51,1.5,1.5,34593.0
FFR,2026-09-30T10:07:00Z,1.5,1.5003,1.45,1.45,19853.0
FFR,2026-09-30T10:08:00Z,1.45,1.4594,1.4101,1.4101,34692.0
FFR,2026-09-30T10:09:00Z,1.4101,1.44,1.41,1.4382,17838.0
FFR,2026-09-30T10:10:00Z,1.43,1.44,1.43,1.435,10708.0
FFR,2026-09-30T10:11:00Z,1.43,1.44,1.43,1.43,10920.0
FFR,2026-09-30T10:12:00Z,1.4394,1.44,1.42,1.43,18402.0
FFR,2026-09-30T10:13:00Z,1.42,1.4293,1.37,1.37,24910.0
FFR,2026-09-30T10:14:00Z,1.3702,1.3793,1.35,1.35,55963.0
FFR,2026-09-30T10:15:00Z,1.355,1.36,1.32,1.32,35073.0
FFR,2026-09-30T10:16:00Z,1.32,1.33,1.31,1.31,42952.0
FFR,2026-09-30T10:17:00Z,1.31,1.32,1.31,1.315,20071.0
FFR,2026-09-30T10:18:00Z,1.32,1.35,1.315,1.35,32825.0
FFR,2026-09-30T10:19:00Z,1.3514,1.36,1.35,1.3507,14404.0
FFR,2026-09-30T10:20:00Z,1.3593,1.38,1.35,1.38,15986.0
FFR,2026-09-30T10:21:00Z,1.38,1.39,1.37,1.38,20617.0
FFR,2026-09-30T10:22:00Z,1.38,1.4,1.3702,1.4,23830.0
FFR,2026-09-30T10:23:00Z,1.39,1.4499,1.37,1.38,65444.0
FFR,2026-09-30T10:24:00Z,1.39,1.39,1.38,1.38,16597.0
FFR,2026-09-30T10:25:00Z,1.38,1.4,1.38,1.3902,17833.0
FFR,2026-09-30T10:26:00Z,1.4001,1.44,1.4001,1.43,17739.0
FFR,2026-09-30T10:27:00Z,1.4202,1.43,1.42,1.4294,10793.0
FFR,2026-09-30T10:28:00Z,1.42,1.43,1.41,1.41,17615.0
FFR,2026-09-30T10:29:00Z,1.42,1.44,1.42,1.44,10825.0
FFR,2026-09-30T10:30:00Z,1.43,1.44,1.43,1.44,8260.0
FFR,2026-09-30T10:31:00Z,1.4306,1.46,1.4306,1.46,16378.0
FFR,2026-09-30T10:32:00Z,1.4506,1.47,1.45,1.46,18027.0
FFR,2026-09-30T10:33:00Z,1.47,1.47,1.46,1.46,20793.0
FFR,2026-09-30T10:34:00Z,1.465,1.4697,1.44,1.44,18131.0
FFR,2026-09-30T10:35:00Z,1.4494,1.4494,1.39,1.4,37001.0
FFR,2026-09-30T10:36:00Z,1.39,1.4,1.39,1.39,12969.0
FFR,2026-09-30T10:37:00Z,1.4,1.4,1.36,1.36,16913.0
FFR,2026-09-30T10:38:00Z,1.3503,1.355,1.33,1.33,24514.0
FFR,2026-09-30T10:39:00Z,1.3398,1.3899,1.33,1.3894,13862.0
FFR,2026-09-30T10:40:00Z,1.39,1.4094,1.37,1.4094,18928.0
FFR,2026-09-30T10:41:00Z,1.41,1.42,1.41,1.41,7290.0
FFR,2026-09-30T10:42:00Z,1.4194,1.4194,1.4,1.4001,5985.0
FFR,2026-09-30T10:43:00Z,1.4,1.41,1.37,1.37,19891.0
FFR,2026-09-30T10:44:00Z,1.375,1.3794,1.36,1.3602,9005.0
FFR,2026-09-30T10:45:00Z,1.36,1.37,1.33,1.34,25256.0
FFR,2026-09-30T10:46:00Z,1.34,1.36,1.34,1.34,7275.0
FFR,2026-09-30T10:47:00Z,1.34,1.35,1.33,1.34,11254.0
FFR,2026-09-30T10:48:00Z,1.34,1.39,1.33,1.37,25962.0
FFR,2026-09-30T10:49:00Z,1.37,1.37,1.36,1.3694,3659.0
FFR,2026-09-30T10:50:00Z,1.37,1.39,1.37,1.39,11052.0
FFR,2026-09-30T10:51:00Z,1.4,1.4,1.39,1.4,5162.0
FFR,2026-09-30T10:52:00Z,1.3985,1.44,1.39,1.4392,10418.0
FFR,2026-09-30T10:53:00Z,1.4394,1.44,1.43,1.4392,15006.0
FFR,2026-09-30T10:54:00Z,1.435,1.46,1.43,1.4308,33688.0
FFR,2026-09-30T10:55:00Z,1.43,1.4398,1.4,1.41,11978.0
FFR,2026-09-30T10:56:00Z,1.41,1.41,1.39,1.39,8371.0
FFR,2026-09-30T10:57:00Z,1.3901,1.41,1.39,1.41,6893.0
FFR,2026-09-30T10:58:00Z,1.41,1.42,1.41,1.4184,17131.0
FFR,2026-09-30T10:59:00Z,1.41,1.42,1.41,1.4193,7988.0
FFR,2026-09-30T11:00:00Z,1.41,1.42,1.4,1.4001,15137.0
FFR,2026-09-30T11:01:00Z,1.41,1.41,1.37,1.3703,14229.0
FFR,2026-09-30T11:02:00Z,1.38,1.38,1.35,1.35,17617.0
FFR,2026-09-30T11:03:00Z,1.35,1.3602,1.35,1.3502,15491.0
FFR,2026-09-30T11:04:00Z,1.36,1.36,1.35,1.35,17872.0
FFR,2026-09-30T11:05:00Z,1.3501,1.36,1.35,1.3591,12054.0
FFR,2026-09-30T11:06:00Z,1.36,1.36,1.35,1.35,22721.0
FFR,2026-09-30T11:07:00Z,1.34,1.38,1.34,1.37,54126.0
FFR,2026-09-30T11:08:00Z,1.37,1.4,1.37,1.3902,30347.0
FFR,2026-09-30T11:09:00Z,1.4,1.55,1.4,1.5417,151545.0
FFR,2026-09-30T11:10:00Z,1.5498,1.57,1.54,1.565,144733.0
FFR,2026-09-30T11:11:00Z,1.5601,1.57,1.46,1.465,100115.0
FFR,2026-09-30T11:12:00Z,1.4608,1.51,1.45,1.4798,84333.0
FFR,2026-09-30T11:13:00Z,1.47,1.49,1.46,1.4619,48011.0
FFR,2026-09-30T11:14:00Z,1.46,1.47,1.41,1.4282,70556.0
FFR,2026-09-30T11:15:00Z,1.43,1.43,1.42,1.4201,29495.0
FFR,2026-09-30T11:16:00Z,1.43,1.44,1.42,1.4301,24199.0
FFR,2026-09-30T11:17:00Z,1.4301,1.45,1.42,1.42,25244.0
FFR,2026-09-30T11:18:00Z,1.42,1.43,1.42,1.4205,9007.0
FFR,2026-09-30T11:19:00Z,1.4217,1.4298,1.39,1.39,40660.0
FFR,2026-09-30T11:20:00Z,1.4,1.4,1.39,1.4,19057.0
FFR,2026-09-30T11:21:00Z,1.41,1.42,1.4092,1.42,17243.0
FFR,2026-09-30T11:22:00Z,1.42,1.44,1.42,1.4391,20895.0
FFR,2026-09-30T11:23:00Z,1.4397,1.5,1.4397,1.5,54482.0
FFR,2026-09-30T11:24:00Z,1.4997,1.5,1.49,1.4901,47794.0
FFR,2026-09-30T11:25:00Z,1.5,1.5,1.4593,1.4593,23285.0
FFR,2026-09-30T11:26:00Z,1.45,1.46,1.45,1.455,9865.0
FFR,2026-09-30T11:27:00Z,1.45,1.4592,1.45,1.455,4720.0
FFR,2026-09-30T11:28:00Z,1.4501,1.46,1.45,1.45,10754.0
FFR,2026-09-30T11:29:00Z,1.4591,1.46,1.42,1.43,20160.0
FFR,2026-09-30T11:30:00Z,1.43,1.45,1.425,1.45,15098.0
FFR,2026-09-30T11:31:00Z,1.45,1.46,1.45,1.4597,7109.0
FFR,2026-09-30T11:32:00Z,1.46,1.47,1.45,1.4681,21495.0
FFR,2026-09-30T11:33:00Z,1.47,1.49,1.46,1.47,36463.0
FFR,2026-09-30T11:34:00Z,1.4691,1.47,1.46,1.465,12538.0
FFR,2026-09-30T11:35:00Z,1.47,1.47,1.46,1.47,14485.0
FFR,2026-09-30T11:36:00Z,1.4601,1.4697,1.45,1.45,19977.0
FFR,2026-09-30T11:37:00Z,1.45,1.46,1.41,1.42,28411.0
FFR,2026-09-30T11:38:00Z,1.42,1.44,1.42,1.4301,11610.0
FFR,2026-09-30T11:39:00Z,1.4303,1.44,1.43,1.435,9983.0
FFR,2026-09-30T11:40:00Z,1.4301,1.44,1.43,1.43,4405.0
FFR,2026-09-30T11:41:00Z,1.43,1.44,1.43,1.4397,14692.0
FFR,2026-09-30T11:42:00Z,1.43,1.44,1.43,1.43,4704.0
FFR,2026-09-30T11:43:00Z,1.43,1.44,1.43,1.435,4701.0
FFR,2026-09-30T11:44:00Z,1.4301,1.44,1.43,1.43,8098.0
FFR,2026-09-30T11:45:00Z,1.43,1.44,1.43,1.4392,9507.0
FFR,2026-09-30T11:46:00Z,1.4303,1.4398,1.43,1.43,6920.0
FFR,2026-09-30T11:47:00Z,1.43,1.44,1.42,1.4202,4960.0
FFR,2026-09-30T11:48:00Z,1.4202,1.4299,1.42,1.4297,12658.0
FFR,2026-09-30T11:49:00Z,1.42,1.4203,1.42,1.42,2331.0
FFR,2026-09-30T11:50:00Z,1.4199,1.42,1.41,1.41,2952.0
FFR,2026-09-30T11:51:00Z,1.41,1.42,1.39,1.39,19606.0
FFR,2026-09-30T11:52:00Z,1.39,1.3902,1.37,1.3785,24328.0
FFR,2026-09-30T11:53:00Z,1.37,1.38,1.37,1.37,12296.0
FFR,2026-09-30T11:54:00Z,1.3702,1.3703,1.34,1.345,42998.0
FFR,2026-09-30T11:55:00Z,1.345,1.35,1.34,1.35,25550.0
FFR,2026-09-30T11:56:00Z,1.35,1.42,1.3418,1.41,41156.0
FFR,2026-09-30T11:57:00Z,1.4085,1.41,1.37,1.3803,18590.0
FFR,2026-09-30T11:58:00Z,1.38,1.39,1.38,1.3801,5083.0
FFR,2026-09-30T11:59:00Z,1.38,1.4064,1.38,1.3965,7520.0
FFR,2026-09-30T12:00:00Z,1.39,1.4099,1.39,1.405,18905.0
FFR,2026-09-30T12:01:00Z,1.4093,1.4093,1.3697,1.37,12095.0
FFR,2026-09-30T12:02:00Z,1.3606,1.37,1.3501,1.3502,22966.0
FFR,2026-09-30T12:03:00Z,1.35,1.37,1.35,1.37,16658.0
FFR,2026-09-30T12:04:00Z,1.37,1.39,1.36,1.39,5367.0
FFR,2026-09-30T12:05:00Z,1.3797,1.38,1.35,1.36,18049.0
FFR,2026-09-30T12:06:00Z,1.36,1.36,1.35,1.36,11018.0
FFR,2026-09-30T12:07:00Z,1.35,1.36,1.35,1.35,4583.0
FFR,2026-09-30T12:08:00Z,1.3515,1.36,1.35,1.35,8781.0
FFR,2026-09-30T12:09:00Z,1.35,1.352,1.35,1.35,7036.0
FFR,2026-09-30T12:10:00Z,1.35,1.3599,1.35,1.3502,4689.0
FFR,2026-09-30T12:11:00Z,1.3503,1.3503,1.34,1.34,11969.0
FFR,2026-09-30T12:12:00Z,1.34,1.35,1.34,1.35,7365.0
FFR,2026-09-30T12:13:00Z,1.35,1.35,1.34,1.35,13573.0
FFR,2026-09-30T12:14:00Z,1.34,1.35,1.33,1.33,6592.0
FFR,2026-09-30T12:15:00Z,1.34,1.348,1.33,1.34,11562.0
FFR,2026-09-30T12:16:00Z,1.34,1.35,1.3392,1.3392,14347.0
FFR,2026-09-30T12:17:00Z,1.34,1.34,1.33,1.33,7941.0
FFR,2026-09-30T12:18:00Z,1.33,1.3398,1.33,1.3309,5609.0
FFR,2026-09-30T12:19:00Z,1.33,1.3303,1.28,1.29,33918.0
FFR,2026-09-30T12:20:00Z,1.28,1.2801,1.19,1.24,111589.0
FFR,2026-09-30T12:21:00Z,1.2382,1.24,1.22,1.2201,41806.0
FFR,2026-09-30T12:22:00Z,1.22,1.27,1.22,1.27,18801.0
FFR,2026-09-30T12:23:00Z,1.2697,1.27,1.22,1.22,14913.0
FFR,2026-09-30T12:24:00Z,1.2293,1.23,1.21,1.22,13046.0
FFR,2026-09-30T12:25:00Z,1.22,1.2292,1.21,1.2292,15309.0
FFR,2026-09-30T12:26:00Z,1.22,1.24,1.22,1.24,6378.0
FFR,2026-09-30T12:27:00Z,1.2499,1.27,1.2498,1.26,8100.0
FFR,2026-09-30T12:28:00Z,1.26,1.27,1.26,1.2697,12108.0
FFR,2026-09-30T12:29:00Z,1.26,1.27,1.26,1.2685,5100.0
FFR,2026-09-30T12:30:00Z,1.2601,1.275,1.26,1.265,3770.0
FFR,2026-09-30T12:31:00Z,1.26,1.27,1.26,1.26,5912.0
FFR,2026-09-30T12:32:00Z,1.2603,1.28,1.25,1.28,6079.0
FFR,2026-09-30T12:33:00Z,1.28,1.31,1.28,1.3098,16211.0
FFR,2026-09-30T12:34:00Z,1.3092,1.3092,1.29,1.2901,8501.0
FFR,2026-09-30T12:35:00Z,1.2999,1.2999,1.27,1.2798,1886.0
FFR,2026-09-30T12:36:00Z,1.27,1.29,1.27,1.29,3906.0
FFR,2026-09-30T12:37:00Z,1.27,1.28,1.27,1.28,976.0
FFR,2026-09-30T12:38:00Z,1.2797,1.28,1.27,1.28,3271.0
FFR,2026-09-30T12:39:00Z,1.27,1.2703,1.26,1.27,7297.0
FFR,2026-09-30T12:40:00Z,1.26,1.27,1.26,1.26,4553.0
FFR,2026-09-30T12:41:00Z,1.26,1.27,1.26,1.27,5288.0
FFR,2026-09-30T12:42:00Z,1.28,1.29,1.27,1.2795,4045.0
FFR,2026-09-30T12:43:00Z,1.27,1.29,1.27,1.286,14294.0
FFR,2026-09-30T12:44:00Z,1.286,1.32,1.28,1.31,5263.0
FFR,2026-09-30T12:45:00Z,1.31,1.31,1.3,1.3,5320.0
FFR,2026-09-30T12:46:00Z,1.31,1.31,1.3,1.31,2293.0
FFR,2026-09-30T12:47:00Z,1.31,1.31,1.3098,1.31,5096.0
FFR,2026-09-30T12:48:00Z,1.31,1.31,1.3,1.3099,6630.0
FFR,2026-09-30T12:49:00Z,1.3099,1.3099,1.29,1.29,8316.0
FFR,2026-09-30T12:50:00Z,1.2885,1.2885,1.27,1.27,11521.0
FFR,2026-09-30T12:51:00Z,1.27,1.27,1.25,1.2503,14005.0
FFR,2026-09-30T12:52:00Z,1.2599,1.27,1.2502,1.2699,2560.0
FFR,2026-09-30T12:53:00Z,1.2699,1.27,1.25,1.25,8523.0
FFR,2026-09-30T12:54:00Z,1.25,1.25,1.23,1.2301,16240.0
FFR,2026-09-30T12:55:00Z,1.24,1.27,1.2303,1.27,5236.0
FFR,2026-09-30T12:56:00Z,1.27,1.27,1.26,1.26,531.0
FFR,2026-09-30T12:57:00Z,1.26,1.2697,1.26,1.26,947.0
FFR,2026-09-30T12:58:00Z,1.26,1.27,1.26,1.27,1055.0
FFR,2026-09-30T12:59:00Z,1.27,1.2894,1.27,1.28,1178.0
FFR,2026-09-30T13:00:00Z,1.2892,1.3,1.28,1.29,9237.0
FFR,2026-09-30T13:01:00Z,1.29,1.3,1.28,1.29,4052.0
FFR,2026-09-30T13:02:00Z,1.29,1.3,1.29,1.2998,5982.0
FFR,2026-09-30T13:03:00Z,1.29,1.3,1.29,1.29,5878.0
FFR,2026-09-30T13:04:00Z,1.2999,1.3,1.29,1.29,8621.0
FFR,2026-09-30T13:05:00Z,1.29,1.29,1.2898,1.29,5534.0
FFR,2026-09-30T13:06:00Z,1.29,1.29,1.27,1.2703,6852.0
FFR,2026-09-30T13:07:00Z,1.275,1.275,1.26,1.26,8691.0
FFR,2026-09-30T13:08:00Z,1.26,1.26,1.23,1.2501,9134.0
FFR,2026-09-30T13:09:00Z,1.2501,1.26,1.2501,1.26,624.0
FFR,2026-09-30T13:10:00Z,1.26,1.27,1.26,1.26,4822.0
FFR,2026-09-30T13:11:00Z,1.26,1.27,1.26,1.26,1316.0
FFR,2026-09-30T13:12:00Z,1.26,1.27,1.25,1.2503,8237.0
FFR,2026-09-30T13:13:00Z,1.25,1.2603,1.25,1.2603,651.0
FFR,2026-09-30T13:14:00Z,1.2603,1.27,1.26,1.26,4264.0
FFR,2026-09-30T13:15:00Z,1.26,1.27,1.26,1.27,3110.0
FFR,2026-09-30T13:16:00Z,1.27,1.3097,1.26,1.3097,5168.0
FFR,2026-09-30T13:17:00Z,1.3099,1.3297,1.3,1.3199,16414.0
FFR,2026-09-30T13:18:00Z,1.3199,1.32,1.31,1.31,6716.0
FFR,2026-09-30T13:19:00Z,1.31,1.3201,1.308,1.3201,5429.0
FFR,2026-09-30T13:20:00Z,1.33,1.37,1.32,1.365,29896.0
FFR,2026-09-30T13:21:00Z,1.3698,1.37,1.34,1.35,15025.0
FFR,2026-09-30T13:22:00Z,1.3401,1.35,1.34,1.3402,10173.0
FFR,2026-09-30T13:23:00Z,1.34,1.35,1.34,1.34,11598.0
FFR,2026-09-30T13:24:00Z,1.34,1.35,1.33,1.35,10036.0
FFR,2026-09-30T13:25:00Z,1.36,1.37,1.35,1.3597,6051.0
FFR,2026-09-30T13:26:00Z,1.3597,1.3597,1.35,1.3502,3298.0
FFR,2026-09-30T13:27:00Z,1.3598,1.36,1.35,1.36,15791.0
FFR,2026-09-30T13:28:00Z,1.35,1.3598,1.3397,1.3397,6877.0
FFR,2026-09-30T13:29:00Z,1.33,1.34,1.315,1.32,3993.0
FFR,2026-09-30T13:30:00Z,1.31,1.35,1.22,1.315,98643.0
FFR,2026-09-30T13:31:00Z,1.31,1.33,1.29,1.29,25390.0
FFR,2026-09-30T13:32:00Z,1.29,1.305,1.28,1.305,26936.0
FFR,2026-09-30T13:33:00Z,1.3002,1.32,1.3001,1.3101,63990.0
FFR,2026-09-30T13:34:00Z,1.32,1.36,1.31,1.3599,55397.0
FFR,2026-09-30T13:35:00Z,1.35,1.45,1.35,1.45,147895.0
FFR,2026-09-30T13:36:00Z,1.4499,1.5,1.4,1.405,417995.0
FFR,2026-09-30T13:37:00Z,1.401,1.41,1.4,1.41,188790.0
FFR,2026-09-30T13:38:00Z,1.405,1.5,1.4,1.5,381520.0
FFR,2026-09-30T13:39:00Z,1.5,1.59,1.49,1.5899,805342.0
FFR,2026-09-30T13:40:00Z,1.5898,1.59,1.44,1.475,759471.0
FFR,2026-09-30T13:41:00Z,1.47,1.48,1.44,1.44,167631.0
FFR,2026-09-30T13:42:00Z,1.44,1.45,1.41,1.41,174596.0
FFR,2026-09-30T13:43:00Z,1.4101,1.4303,1.41,1.41,172226.0
FFR,2026-09-30T13:44:00Z,1.41,1.42,1.26,1.321,470430.0
FFR,2026-09-30T13:45:00Z,1.32,1.34,1.31,1.32,152037.0
FFR,2026-09-30T13:46:00Z,1.33,1.35,1.32,1.325,80940.0
FFR,2026-09-30T13:47:00Z,1.325,1.33,1.32,1.3201,91515.0
FFR,2026-09-30T13:48:00Z,1.3201,1.33,1.32,1.3299,63605.0
FFR,2026-09-30T13:49:00Z,1.33,1.35,1.32,1.3401,112598.0
FFR,2026-09-30T13:50:00Z,1.345,1.37,1.34,1.3601,101123.0
FFR,2026-09-30T13:51:00Z,1.365,1.3791,1.36,1.365,97398.0
FFR,2026-09-30T13:52:00Z,1.3601,1.37,1.36,1.365,17486.0
FFR,2026-09-30T13:53:00Z,1.3601,1.37,1.36,1.3601,32443.0
FFR,2026-09-30T13:54:00Z,1.37,1.37,1.36,1.365,42548.0
FFR,2026-09-30T13:55:00Z,1.37,1.42,1.36,1.42,123433.0
FFR,2026-09-30T13:56:00Z,1.4197,1.44,1.415,1.4299,198904.0
FFR,2026-09-30T13:57:00Z,1.43,1.46,1.43,1.4501,226036.0
FFR,2026-09-30T13:58:00Z,1.4501,1.46,1.42,1.4303,92652.0
FFR,2026-09-30T13:59:00Z,1.4302,1.44,1.39,1.39,90899.0
FFR,2026-09-30T14:00:00Z,1.395,1.4118,1.39,1.39,38290.0
FFR,2026-09-30T14:01:00Z,1.3999,1.4,1.39,1.395,33491.0
FFR,2026-09-30T14:02:00Z,1.39,1.4,1.39,1.4,20904.0
FFR,2026-09-30T14:03:00Z,1.4,1.4,1.385,1.395,28301.0
FFR,2026-09-30T14:04:00Z,1.395,1.4,1.39,1.39,15514.0
FFR,2026-09-30T14:05:00Z,1.3901,1.44,1.39,1.415,161655.0
FFR,2026-09-30T14:06:00Z,1.4101,1.4201,1.41,1.4154,33169.0
FFR,2026-09-30T14:07:00Z,1.42,1.5,1.41,1.4894,118013.0
FFR,2026-09-30T14:08:00Z,1.4824,1.49,1.42,1.4501,172917.0
FFR,2026-09-30T14:09:00Z,1.4599,1.47,1.45,1.46,43895.0
FFR,2026-09-30T14:10:00Z,1.4602,1.47,1.46,1.46,38782.0
FFR,2026-09-30T14:11:00Z,1.46,1.62,1.46,1.6099,651193.0
FFR,2026-09-30T14:12:00Z,1.61,1.62,1.53,1.56,738894.0
FFR,2026-09-30T14:13:00Z,1.5699,1.58,1.56,1.5601,287119.0
FFR,2026-09-30T14:14:00Z,1.56,1.57,1.5,1.505,215871.0
FFR,2026-09-30T14:15:00Z,1.505,1.5299,1.5,1.515,293322.0
FFR,2026-09-30T14:16:00Z,1.51,1.52,1.42,1.44,275255.0
FFR,2026-09-30T14:17:00Z,1.45,1.48,1.4401,1.4699,81721.0
FFR,2026-09-30T14:18:00Z,1.46,1.46,1.45,1.45,36911.0
FFR,2026-09-30T14:19:00Z,1.45,1.4501,1.41,1.44,77555.0
FFR,2026-09-30T14:20:00Z,1.44,1.45,1.41,1.4301,65571.0
FFR,2026-09-30T14:21:00Z,1.435,1.44,1.43,1.4303,42406.0
FFR,2026-09-30T14:22:00Z,1.4399,1.44,1.42,1.43,29405.0
FFR,2026-09-30T14:23:00Z,1.4201,1.445,1.42,1.435,32573.0
FFR,2026-09-30T14:24:00Z,1.435,1.44,1.43,1.43,29047.0
FFR,2026-09-30T14:25:00Z,1.4303,1.47,1.43,1.4599,129307.0
FFR,2026-09-30T14:26:00Z,1.46,1.47,1.45,1.4503,34044.0
FFR,2026-09-30T14:27:00Z,1.455,1.46,1.4301,1.435,93531.0
FFR,2026-09-30T14:28:00Z,1.435,1.44,1.43,1.4398,32493.0
FFR,2026-09-30T14:29:00Z,1.4399,1.44,1.43,1.435,39160.0
FFR,2026-09-30T14:30:00Z,1.4301,1.46,1.4301,1.45,48129.0
FFR,2026-09-30T14:31:00Z,1.4498,1.45,1.43,1.43,59873.0
FFR,2026-09-30T14:32:00Z,1.4301,1.435,1.41,1.4103,54458.0
FFR,2026-09-30T14:33:00Z,1.4101,1.42,1.38,1.385,65967.0
FFR,2026-09-30T14:34:00Z,1.38,1.4,1.37,1.3902,94596.0
FFR,2026-09-30T14:35:00Z,1.4,1.4,1.39,1.395,35924.0
FFR,2026-09-30T14:36:00Z,1.3901,1.4,1.39,1.4,11326.0
FFR,2026-09-30T14:37:00Z,1.398,1.4,1.39,1.395,18895.0
FFR,2026-09-30T14:38:00Z,1.3901,1.4,1.39,1.3901,31682.0
FFR,2026-09-30T14:39:00Z,1.3901,1.395,1.39,1.3902,27072.0
FFR,2026-09-30T14:40:00Z,1.3902,1.4,1.39,1.3901,10935.0
FFR,2026-09-30T14:41:00Z,1.3901,1.41,1.37,1.375,184275.0
FFR,2026-09-30T14:42:00Z,1.375,1.38,1.37,1.3701,52591.0
FFR,2026-09-30T14:43:00Z,1.3762,1.38,1.37,1.375,59177.0
FFR,2026-09-30T14:44:00Z,1.375,1.38,1.3724,1.3724,9283.0
FFR,2026-09-30T14:45:00Z,1.3701,1.4,1.37,1.385,64628.0
FFR,2026-09-30T14:46:00Z,1.385,1.4,1.385,1.3999,32198.0
FFR,2026-09-30T14:47:00Z,1.3999,1.4,1.39,1.4,5883.0
FFR,2026-09-30T14:48:00Z,1.3999,1.4,1.3701,1.375,42233.0
FFR,2026-09-30T14:49:00Z,1.3701,1.38,1.37,1.37,39567.0
FFR,2026-09-30T14:50:00Z,1.38,1.38,1.34,1.35,61340.0
FFR,2026-09-30T14:51:00Z,1.35,1.37,1.345,1.3699,18450.0
FFR,2026-09-30T14:52:00Z,1.37,1.38,1.37,1.375,15614.0
FFR,2026-09-30T14:53:00Z,1.378,1.39,1.378,1.39,18603.0
FFR,2026-09-30T14:54:00Z,1.39,1.39,1.38,1.3803,2840.0
FFR,2026-09-30T14:55:00Z,1.38,1.4,1.38,1.4,20089.0
FFR,2026-09-30T14:56:00Z,1.3901,1.4,1.39,1.3901,34942.0
FFR,2026-09-30T14:57:00Z,1.4,1.4,1.39,1.3901,7738.0
FFR,2026-09-30T14:58:00Z,1.39,1.3915,1.38,1.385,9011.0
FFR,2026-09-30T14:59:00Z,1.3801,1.39,1.38,1.38,5459.0
FFR,2026-09-30T15:00:00Z,1.38,1.38,1.37,1.37,8561.0
FFR,2026-09-30T15:01:00Z,1.38,1.4,1.37,1.3899,8615.0
FFR,2026-09-30T15:02:00Z,1.385,1.39,1.38,1.39,5517.0
FFR,2026-09-30T15:03:00Z,1.39,1.39,1.38,1.3837,1339.0
FFR,2026-09-30T15:04:00Z,1.3837,1.39,1.38,1.39,6102.0
FFR,2026-09-30T15:05:00Z,1.38,1.39,1.38,1.385,6043.0
FFR,2026-09-30T15:06:00Z,1.385,1.39,1.38,1.3801,20677.0
FFR,2026-09-30T15:07:00Z,1.3801,1.385,1.38,1.38,22220.0
FFR,2026-09-30T15:08:00Z,1.37,1.39,1.36,1.3899,26288.0
FFR,2026-09-30T15:09:00Z,1.385,1.4018,1.36,1.37,257971.0
FFR,2026-09-30T15:10:00Z,1.3607,1.38,1.3607,1.375,6882.0
FFR,2026-09-30T15:11:00Z,1.375,1.375,1.36,1.37,16972.0
FFR,2026-09-30T15:12:00Z,1.37,1.37,1.36,1.3603,8414.0
FFR,2026-09-30T15:13:00Z,1.36,1.3699,1.35,1.35,22936.0
FFR,2026-09-30T15:14:00Z,1.36,1.3677,1.35,1.352,13755.0
FFR,2026-09-30T15:15:00Z,1.35,1.36,1.34,1.345,17887.0
FFR,2026-09-30T15:16:00Z,1.345,1.3601,1.345,1.3601,12363.0
FFR,2026-09-30T15:17:00Z,1.3601,1.3699,1.35,1.3699,4031.0
FFR,2026-09-30T15:18:00Z,1.3602,1.37,1.35,1.35,3697.0
FFR,2026-09-30T15:19:00Z,1.35,1.37,1.35,1.37,7764.0
FFR,2026-09-30T15:20:00Z,1.3601,1.37,1.3601,1.37,6592.0
FFR,2026-09-30T15:21:00Z,1.37,1.37,1.3601,1.3601,1044.0
FFR,2026-09-30T15:22:00Z,1.3601,1.38,1.36,1.366,12208.0
FFR,2026-09-30T15:23:00Z,1.366,1.37,1.36,1.365,15892.0
FFR,2026-09-30T15:24:00Z,1.365,1.365,1.36,1.3601,9505.0
FFR,2026-09-30T15:25:00Z,1.3601,1.37,1.36,1.37,1900.0
FFR,2026-09-30T15:26:00Z,1.37,1.37,1.3501,1.3501,8098.0
FFR,2026-09-30T15:27:00Z,1.355,1.36,1.35,1.3501,12289.0
FFR,2026-09-30T15:28:00Z,1.36,1.365,1.36,1.3638,2569.0
FFR,2026-09-30T15:29:00Z,1.3601,1.37,1.35,1.36,23708.0
FFR,2026-09-30T15:30:00Z,1.355,1.355,1.35,1.35,8196.0
FFR,2026-09-30T15:31:00Z,1.355,1.36,1.35,1.3503,14066.0
LGHL,2026-09-30T09:37:00Z,4.7,5.25,4.7,5.25,1166.0
LGHL,2026-09-30T09:38:00Z,5.25,5.25,5.25,5.25,170.0
LGHL,2026-09-30T09:39:00Z,5.09,5.09,5.06,5.09,1181.0
LGHL,2026-09-30T09:40:00Z,5.25,5.62,5.13,5.33,5497.0
LGHL,2026-09-30T09:41:00Z,5.26,6.75,5.11,6.16,26129.0
LGHL,2026-09-30T09:42:00Z,6.18,6.75,6.13,6.36,39580.0
LGHL,2026-09-30T09:43:00Z,6.38,6.79,5.8,5.8,60382.0
LGHL,2026-09-30T09:44:00Z,6.05,6.05,4.9,5.63,77228.0
LGHL,2026-09-30T09:45:00Z,5.56,5.56,5.0,5.32,28776.0
LGHL,2026-09-30T09:46:00Z,5.38,5.62,5.3,5.39,15640.0
LGHL,2026-09-30T09:47:00Z,5.33,5.59,5.32,5.32,15329.0
LGHL,2026-09-30T09:48:00Z,5.32,5.32,5.02,5.2,13586.0
LGHL,2026-09-30T09:49:00Z,5.24,5.79,5.24,5.79,25996.0
LGHL,2026-09-30T09:50:00Z,5.79,5.79,5.34,5.45,23159.0
LGHL,2026-09-30T09:51:00Z,5.45,5.54,5.35,5.45,4866.0
LGHL,2026-09-30T09:52:00Z,5.41,5.42,5.18,5.18,5788.0
LGHL,2026-09-30T09:53:00Z,5.1,5.41,5.06,5.4,13825.0
LGHL,2026-09-30T09:54:00Z,5.37,5.55,5.37,5.46,7032.0
LGHL,2026-09-30T09:55:00Z,5.39,5.53,5.26,5.33,7909.0
LGHL,2026-09-30T09:56:00Z,5.33,5.45,5.2,5.3,9974.0
LGHL,2026-09-30T09:57:00Z,5.37,5.44,5.25,5.44,5531.0
LGHL,2026-09-30T09:58:00Z,5.42,5.5,5.38,5.5,7585.0
LGHL,2026-09-30T09:59:00Z,5.51,5.52,5.4,5.42,8980.0
LGHL,2026-09-30T10:00:00Z,5.42,5.73,5.41,5.53,17368.0
LGHL,2026-09-30T10:01:00Z,5.55,6.15,5.54,6.08,57841.0
LGHL,2026-09-30T10:02:00Z,6.01,6.12,5.75,5.81,49111.0
LGHL,2026-09-30T10:03:00Z,5.81,6.18,5.81,6.02,34935.0
LGHL,2026-09-30T10:04:00Z,6.01,6.02,5.75,5.88,21516.0
LGHL,2026-09-30T10:05:00Z,5.85,5.88,5.65,5.66,24943.0
LGHL,2026-09-30T10:06:00Z,5.7,5.71,5.51,5.59,26614.0
LGHL,2026-09-30T10:07:00Z,5.62,5.63,5.42,5.48,18416.0
LGHL,2026-09-30T10:08:00Z,5.48,5.77,5.48,5.58,17970.0
LGHL,2026-09-30T10:09:00Z,5.61,5.7,5.56,5.64,8980.0
LGHL,2026-09-30T10:10:00Z,5.62,5.81,5.6,5.8,14181.0
LGHL,2026-09-30T10:11:00Z,5.8,6.1,5.69,6.1,49175.0
LGHL,2026-09-30T10:12:00Z,6.1,6.21,5.97,6.16,45764.0
LGHL,2026-09-30T10:13:00Z,6.13,6.13,5.93,5.97,19594.0
LGHL,2026-09-30T10:14:00Z,5.96,6.62,5.81,6.41,58310.0
LGHL,2026-09-30T10:15:00Z,6.38,6.59,6.26,6.5,46905.0
LGHL,2026-09-30T10:16:00Z,6.5,6.62,6.35,6.36,33244.0
LGHL,2026-09-30T10:17:00Z,6.36,6.47,5.98,6.21,34516.0
LGHL,2026-09-30T10:18:00Z,6.15,6.19,5.91,6.1,29508.0
LGHL,2026-09-30T10:19:00Z,6.07,6.35,6.06,6.29,22328.0
LGHL,2026-09-30T10:20:00Z,6.31,6.31,6.06,6.09,22033.0
LGHL,2026-09-30T10:21:00Z,6.08,6.11,5.93,6.02,17073.0
LGHL,2026-09-30T10:22:00Z,6.01,6.05,5.88,5.99,23818.0
LGHL,2026-09-30T10:23:00Z,6.01,6.21,5.93,6.21,17738.0
LGHL,2026-09-30T10:24:00Z,6.21,6.21,6.01,6.01,10332.0
LGHL,2026-09-30T10:25:00Z,6.0,6.08,5.91,5.93,10425.0
LGHL,2026-09-30T10:26:00Z,5.92,5.92,5.63,5.83,32822.0
LGHL,2026-09-30T10:27:00Z,5.77,5.89,5.77,5.82,9574.0
LGHL,2026-09-30T10:28:00Z,5.81,6.11,5.79,6.08,17330.0
LGHL,2026-09-30T10:29:00Z,6.09,6.45,5.99,6.3,50460.0
LGHL,2026-09-30T10:30:00Z,6.27,6.69,6.19,6.64,84860.0
LGHL,2026-09-30T10:31:00Z,6.68,6.68,6.4,6.57,36739.0
LGHL,2026-09-30T10:32:00Z,6.54,6.69,6.39,6.56,38743.0
LGHL,2026-09-30T10:33:00Z,6.55,6.6,6.4,6.5,30249.0
LGHL,2026-09-30T10:34:00Z,6.46,6.68,6.31,6.5,46581.0
LGHL,2026-09-30T10:35:00Z,6.5,6.61,6.4,6.41,22803.0
LGHL,2026-09-30T10:36:00Z,6.4,6.54,6.13,6.2,30847.0
LGHL,2026-09-30T10:37:00Z,6.2,6.32,6.2,6.26,23001.0
LGHL,2026-09-30T10:38:00Z,6.24,6.4,6.17,6.36,32864.0
LGHL,2026-09-30T10:39:00Z,6.36,6.54,6.29,6.43,33629.0
LGHL,2026-09-30T10:40:00Z,6.45,6.63,6.42,6.56,25073.0
LGHL,2026-09-30T10:41:00Z,6.55,6.59,6.35,6.36,24267.0
LGHL,2026-09-30T10:42:00Z,6.37,6.41,6.3,6.35,12471.0
LGHL,2026-09-30T10:43:00Z,6.35,6.96,6.35,6.76,108707.0
LGHL,2026-09-30T10:44:00Z,6.82,6.85,6.7,6.76,39732.0
LGHL,2026-09-30T10:45:00Z,6.72,7.08,6.71,7.0,87930.0
LGHL,2026-09-30T10:46:00Z,7.0,7.28,6.96,7.23,65688.0
LGHL,2026-09-30T10:47:00Z,7.25,7.3,7.0,7.01,48662.0
LGHL,2026-09-30T10:48:00Z,7.0,7.23,7.0,7.0,60756.0
LGHL,2026-09-30T10:49:00Z,7.03,7.07,6.84,6.98,34778.0
LGHL,2026-09-30T10:50:00Z,6.99,6.99,6.6,6.78,68787.0
LGHL,2026-09-30T10:51:00Z,6.82,7.03,6.72,6.97,40937.0
LGHL,2026-09-30T10:52:00Z,6.96,7.16,6.96,6.99,45958.0
LGHL,2026-09-30T10:53:00Z,7.01,7.48,7.0,7.37,86995.0
LGHL,2026-09-30T10:54:00Z,7.37,7.42,7.18,7.3,55344.0
LGHL,2026-09-30T10:55:00Z,7.26,7.26,7.03,7.08,36969.0
LGHL,2026-09-30T10:56:00Z,7.04,7.31,7.02,7.19,37468.0
LGHL,2026-09-30T10:57:00Z,7.17,7.44,7.13,7.37,59673.0
LGHL,2026-09-30T10:58:00Z,7.38,7.39,7.17,7.24,42636.0
LGHL,2026-09-30T10:59:00Z,7.25,7.37,7.25,7.32,39829.0
LGHL,2026-09-30T11:00:00Z,7.33,7.79,6.92,7.53,232620.0
LGHL,2026-09-30T11:01:00Z,7.5,7.94,7.49,7.75,167447.0
LGHL,2026-09-30T11:02:00Z,7.76,7.76,7.44,7.54,111983.0
LGHL,2026-09-30T11:03:00Z,7.54,7.74,7.45,7.64,75727.0
LGHL,2026-09-30T11:04:00Z,7.64,7.64,7.51,7.53,37734.0
LGHL,2026-09-30T11:05:00Z,7.53,7.6,7.35,7.48,63725.0
LGHL,2026-09-30T11:06:00Z,7.46,7.7,7.37,7.65,63453.0
LGHL,2026-09-30T11:07:00Z,7.62,7.9,7.62,7.83,142266.0
LGHL,2026-09-30T11:08:00Z,7.82,7.98,7.68,7.76,71062.0
LGHL,2026-09-30T11:09:00Z,7.75,8.36,7.66,8.3,205184.0
LGHL,2026-09-30T11:10:00Z,8.3,8.44,8.14,8.31,172607.0
LGHL,2026-09-30T11:11:00Z,8.3,8.31,8.02,8.22,94408.0
LGHL,2026-09-30T11:12:00Z,8.24,8.35,8.16,8.18,71611.0
LGHL,2026-09-30T11:13:00Z,8.18,8.5,8.17,8.31,123251.0
LGHL,2026-09-30T11:14:00Z,8.3,8.77,8.2,8.6,128997.0
LGHL,2026-09-30T11:15:00Z,8.61,8.61,8.45,8.5,104992.0
LGHL,2026-09-30T11:16:00Z,8.5,8.95,8.49,8.9,141606.0
LGHL,2026-09-30T11:17:00Z,8.88,9.75,8.87,9.4,259294.0
LGHL,2026-09-30T11:18:00Z,9.46,9.79,9.4,9.54,188139.0
LGHL,2026-09-30T11:19:00Z,9.59,9.67,9.37,9.5,110505.0
LGHL,2026-09-30T11:20:00Z,9.5,9.5,8.85,8.99,182798.0
LGHL,2026-09-30T11:21:00Z,9.03,9.22,8.76,9.04,111209.0
LGHL,2026-09-30T11:22:00Z,9.06,9.11,8.69,8.74,88497.0
LGHL,2026-09-30T11:23:00Z,8.71,8.74,8.1,8.16,182177.0
LGHL,2026-09-30T11:24:00Z,8.16,8.23,7.88,8.02,131094.0
LGHL,2026-09-30T11:25:00Z,8.01,8.14,7.75,7.92,117025.0
LGHL,2026-09-30T11:26:00Z,7.97,8.15,7.9,7.99,81270.0
LGHL,2026-09-30T11:27:00Z,7.98,8.07,7.65,7.75,94510.0
LGHL,2026-09-30T11:28:00Z,7.76,7.84,7.6,7.84,76607.0
LGHL,2026-09-30T11:29:00Z,7.79,7.89,7.62,7.72,47392.0
LGHL,2026-09-30T11:30:00Z,7.77,7.96,7.63,7.63,52615.0
LGHL,2026-09-30T11:31:00Z,7.65,8.14,7.4,8.11,144476.0
LGHL,2026-09-30T11:32:00Z,8.09,8.24,7.95,7.99,130121.0
LGHL,2026-09-30T11:33:00Z,7.98,8.04,7.8,7.86,35416.0
LGHL,2026-09-30T11:34:00Z,7.86,7.9,7.64,7.85,55971.0
LGHL,2026-09-30T11:35:00Z,7.85,7.85,7.67,7.71,26025.0
LGHL,2026-09-30T11:36:00Z,7.71,7.77,7.15,7.23,83114.0
LGHL,2026-09-30T11:37:00Z,7.24,7.35,7.0,7.07,96348.0
LGHL,2026-09-30T11:38:00Z,7.06,7.23,7.02,7.03,40120.0
LGHL,2026-09-30T11:39:00Z,7.02,7.44,7.02,7.3,44155.0
LGHL,2026-09-30T11:40:00Z,7.29,7.34,7.2,7.2,28634.0
LGHL,2026-09-30T11:41:00Z,7.22,7.3,7.12,7.13,22582.0
LGHL,2026-09-30T11:42:00Z,7.11,7.2,7.0,7.13,29479.0
LGHL,2026-09-30T11:43:00Z,7.14,7.35,7.12,7.28,33291.0
LGHL,2026-09-30T11:44:00Z,7.31,7.34,7.2,7.2,19054.0
LGHL,2026-09-30T11:45:00Z,7.24,7.44,7.03,7.37,34056.0
LGHL,2026-09-30T11:46:00Z,7.38,7.46,7.22,7.23,33035.0
LGHL,2026-09-30T11:47:00Z,7.2,7.2,7.07,7.08,24298.0
LGHL,2026-09-30T11:48:00Z,7.06,7.13,7.04,7.12,23294.0
LGHL,2026-09-30T11:49:00Z,7.14,7.23,7.05,7.05,15318.0
LGHL,2026-09-30T11:50:00Z,7.11,7.14,7.03,7.14,12074.0
LGHL,2026-09-30T11:51:00Z,7.09,7.22,7.03,7.22,20174.0
LGHL,2026-09-30T11:52:00Z,7.22,7.45,7.22,7.28,47368.0
LGHL,2026-09-30T11:53:00Z,7.28,7.33,7.06,7.07,21541.0
LGHL,2026-09-30T11:54:00Z,7.07,7.2,7.06,7.18,8917.0
LGHL,2026-09-30T11:55:00Z,7.14,7.14,7.05,7.07,10812.0
LGHL,2026-09-30T11:56:00Z,7.08,7.2,7.06,7.2,10464.0
LGHL,2026-09-30T11:57:00Z,7.11,7.24,7.11,7.22,6835.0
LGHL,2026-09-30T11:58:00Z,7.21,7.22,7.12,7.12,7065.0
LGHL,2026-09-30T11:59:00Z,7.13,7.19,7.13,7.15,2375.0
LGHL,2026-09-30T12:00:00Z,7.13,7.14,7.05,7.1,15481.0
LGHL,2026-09-30T12:01:00Z,7.11,7.11,7.0,7.0,17639.0
LGHL,2026-09-30T12:02:00Z,7.01,7.01,6.75,6.8,74421.0
LGHL,2026-09-30T12:03:00Z,6.8,6.81,6.57,6.62,48093.0
LGHL,2026-09-30T12:04:00Z,6.61,6.81,6.61,6.75,27575.0
LGHL,2026-09-30T12:05:00Z,6.76,6.81,6.66,6.68,13874.0
LGHL,2026-09-30T12:06:00Z,6.69,6.83,6.68,6.69,16539.0
LGHL,2026-09-30T12:07:00Z,6.69,6.73,6.6,6.7,18731.0
LGHL,2026-09-30T12:08:00Z,6.69,6.7,6.6,6.6,5648.0
LGHL,2026-09-30T12:09:00Z,6.6,6.69,6.56,6.69,13049.0
LGHL,2026-09-30T12:10:00Z,6.7,6.83,6.7,6.81,15780.0
LGHL,2026-09-30T12:11:00Z,6.77,6.93,6.76,6.83,25144.0
LGHL,2026-09-30T12:12:00Z,6.84,6.95,6.59,6.6,22916.0
LGHL,2026-09-30T12:13:00Z,6.65,6.81,6.52,6.74,28602.0
LGHL,2026-09-30T12:14:00Z,6.67,6.75,6.65,6.66,3850.0
LGHL,2026-09-30T12:15:00Z,6.69,6.74,6.66,6.7,6131.0
LGHL,2026-09-30T12:16:00Z,6.69,6.72,6.54,6.6,5831.0
LGHL,2026-09-30T12:17:00Z,6.63,6.69,6.58,6.6,6965.0
LGHL,2026-09-30T12:18:00Z,6.6,6.66,6.42,6.51,26780.0
LGHL,2026-09-30T12:19:00Z,6.47,6.56,6.45,6.45,14793.0
LGHL,2026-09-30T12:20:00Z,6.45,6.73,6.45,6.7,12137.0
LGHL,2026-09-30T12:21:00Z,6.71,6.78,6.63,6.72,13622.0
LGHL,2026-09-30T12:22:00Z,6.74,6.82,6.65,6.76,26413.0
LGHL,2026-09-30T12:23:00Z,6.77,7.06,6.76,7.0,51026.0
LGHL,2026-09-30T12:24:00Z,6.99,7.3,6.99,7.11,81353.0
LGHL,2026-09-30T12:25:00Z,7.11,7.27,7.05,7.11,62103.0
LGHL,2026-09-30T12:26:00Z,7.1,7.16,7.02,7.07,35217.0
LGHL,2026-09-30T12:27:00Z,7.08,7.17,6.88,6.98,51991.0
LGHL,2026-09-30T12:28:00Z,6.98,7.09,6.86,6.87,20187.0
LGHL,2026-09-30T12:29:00Z,6.87,7.05,6.86,7.05,26378.0
LGHL,2026-09-30T12:30:00Z,7.05,7.17,6.89,6.92,41217.0
LGHL,2026-09-30T12:31:00Z,6.92,6.95,6.86,6.87,15257.0
LGHL,2026-09-30T12:32:00Z,6.9,7.1,6.87,7.05,13259.0
LGHL,2026-09-30T12:33:00Z,7.05,7.05,6.88,6.92,10130.0
LGHL,2026-09-30T12:34:00Z,6.95,6.98,6.88,6.88,7999.0
LGHL,2026-09-30T12:35:00Z,6.89,7.4,6.89,7.21,126277.0
LGHL,2026-09-30T12:36:00Z,7.21,7.31,7.1,7.21,43368.0
LGHL,2026-09-30T12:37:00Z,7.24,7.34,7.24,7.25,6485.0
LGHL,2026-09-30T12:38:00Z,7.28,7.31,7.15,7.24,34501.0
LGHL,2026-09-30T12:39:00Z,7.22,7.4,7.2,7.35,24844.0
LGHL,2026-09-30T12:40:00Z,7.38,7.48,7.21,7.27,56274.0
LGHL,2026-09-30T12:41:00Z,7.28,7.3,7.23,7.27,14510.0
LGHL,2026-09-30T12:42:00Z,7.27,7.4,7.25,7.4,23351.0
LGHL,2026-09-30T12:43:00Z,7.41,7.43,7.28,7.32,19578.0
LGHL,2026-09-30T12:44:00Z,7.34,7.39,7.2,7.24,27136.0
LGHL,2026-09-30T12:45:00Z,7.25,7.25,7.01,7.01,15903.0
LGHL,2026-09-30T12:46:00Z,7.02,7.27,6.97,7.17,33602.0
LGHL,2026-09-30T12:47:00Z,7.18,7.18,7.07,7.11,8410.0
LGHL,2026-09-30T12:48:00Z,7.11,7.26,7.08,7.18,15407.0
LGHL,2026-09-30T12:49:00Z,7.09,7.19,7.01,7.02,9576.0
LGHL,2026-09-30T12:50:00Z,7.04,7.05,6.94,6.99,13822.0
LGHL,2026-09-30T12:51:00Z,6.98,7.03,6.98,7.02,4652.0
LGHL,2026-09-30T12:52:00Z,7.02,7.02,6.88,6.88,6122.0
LGHL,2026-09-30T12:53:00Z,6.87,7.18,6.68,7.05,52347.0
LGHL,2026-09-30T12:54:00Z,7.04,7.04,6.99,6.99,5372.0
LGHL,2026-09-30T12:55:00Z,6.98,7.08,6.91,7.08,8929.0
LGHL,2026-09-30T12:56:00Z,7.06,7.06,7.0,7.0,4242.0
LGHL,2026-09-30T12:57:00Z,7.01,7.01,6.95,7.01,4928.0
LGHL,2026-09-30T12:58:00Z,7.0,7.04,6.98,6.99,5361.0
LGHL,2026-09-30T12:59:00Z,6.99,7.09,6.99,7.08,2810.0
LGHL,2026-09-30T13:00:00Z,7.07,7.16,7.01,7.16,10084.0
LGHL,2026-09-30T13:01:00Z,7.06,7.15,7.05,7.13,7586.0
LGHL,2026-09-30T13:02:00Z,7.16,7.16,7.12,7.14,5547.0
LGHL,2026-09-30T13:03:00Z,7.15,7.18,7.1,7.12,4429.0
LGHL,2026-09-30T13:04:00Z,7.12,7.12,7.05,7.05,5973.0
LGHL,2026-09-30T13:05:00Z,7.05,7.06,7.05,7.05,3957.0
LGHL,2026-09-30T13:06:00Z,7.05,7.06,7.0,7.01,3360.0
LGHL,2026-09-30T13:07:00Z,7.01,7.01,7.0,7.0,2263.0
LGHL,2026-09-30T13:08:00Z,7.0,7.0,6.91,6.93,9749.0
LGHL,2026-09-30T13:09:00Z,6.93,7.0,6.92,6.98,2424.0
LGHL,2026-09-30T13:10:00Z,6.95,7.0,6.92,6.94,3476.0
LGHL,2026-09-30T13:11:00Z,6.94,6.94,6.91,6.94,2653.0
LGHL,2026-09-30T13:12:00Z,6.94,6.94,6.86,6.91,3593.0
LGHL,2026-09-30T13:13:00Z,6.92,6.98,6.88,6.92,2295.0
LGHL,2026-09-30T13:14:00Z,6.92,6.92,6.89,6.91,1366.0
LGHL,2026-09-30T13:15:00Z,6.95,7.37,6.95,7.35,65867.0
LGHL,2026-09-30T13:16:00Z,7.36,7.69,7.24,7.63,96677.0
LGHL,2026-09-30T13:17:00Z,7.61,7.8,7.44,7.54,117780.0
LGHL,2026-09-30T13:18:00Z,7.55,7.61,7.18,7.29,59808.0
LGHL,2026-09-30T13:19:00Z,7.28,7.43,7.01,7.05,49915.0
LGHL,2026-09-30T13:20:00Z,7.08,7.2,7.05,7.14,22337.0
LGHL,2026-09-30T13:21:00Z,7.11,7.21,6.97,7.13,39167.0
LGHL,2026-09-30T13:22:00Z,7.15,7.16,6.85,7.0,40890.0
LGHL,2026-09-30T13:23:00Z,6.98,6.98,6.45,6.69,63449.0
LGHL,2026-09-30T13:24:00Z,6.7,6.82,6.62,6.62,24059.0
LGHL,2026-09-30T13:25:00Z,6.68,6.79,6.56,6.67,15933.0
LGHL,2026-09-30T13:26:00Z,6.66,6.78,6.58,6.6,14757.0
LGHL,2026-09-30T13:27:00Z,6.62,6.72,6.62,6.63,14571.0
LGHL,2026-09-30T13:28:00Z,6.66,6.71,6.54,6.7,22297.0
LGHL,2026-09-30T13:29:00Z,6.7,6.71,6.58,6.63,7718.0
LGHL,2026-09-30T13:30:00Z,6.62,6.63,6.06,6.22,94449.0
LGHL,2026-09-30T13:31:00Z,6.27,6.28,5.88,6.2,95900.0
LGHL,2026-09-30T13:32:00Z,6.21,6.35,6.04,6.16,41910.0
LGHL,2026-09-30T13:33:00Z,6.17,6.36,5.97,6.06,29063.0
LGHL,2026-09-30T13:34:00Z,6.07,6.16,5.8,6.16,43160.0
LGHL,2026-09-30T13:35:00Z,6.13,6.13,5.8,5.85,25499.0
LGHL,2026-09-30T13:36:00Z,5.89,6.21,5.86,5.97,41291.0
LGHL,2026-09-30T13:37:00Z,6.0,6.04,5.84,6.02,21475.0
LGHL,2026-09-30T13:38:00Z,6.03,6.28,6.0,6.23,29870.0
LGHL,2026-09-30T13:39:00Z,6.27,6.35,6.05,6.18,43655.0
LGHL,2026-09-30T13:40:00Z,6.16,6.45,6.12,6.34,52641.0
LGHL,2026-09-30T13:41:00Z,6.32,6.35,5.94,6.12,31955.0
LGHL,2026-09-30T13:42:00Z,6.08,6.2,5.93,5.93,31966.0
LGHL,2026-09-30T13:43:00Z,5.94,6.15,5.93,6.04,11451.0
LGHL,2026-09-30T13:44:00Z,6.04,6.07,5.96,5.96,6478.0
LGHL,2026-09-30T13:45:00Z,5.96,6.05,5.94,6.05,7286.0
LGHL,2026-09-30T13:46:00Z,6.04,6.25,6.04,6.2,18962.0
LGHL,2026-09-30T13:47:00Z,6.19,6.23,6.1,6.12,10650.0
LGHL,2026-09-30T13:48:00Z,6.1,6.25,6.0,6.13,25294.0
LGHL,2026-09-30T13:49:00Z,6.21,6.31,6.1,6.2,25319.0
LGHL,2026-09-30T13:50:00Z,6.16,6.3,6.03,6.03,17195.0
LGHL,2026-09-30T13:51:00Z,6.03,6.04,6.0,6.0,5016.0
LGHL,2026-09-30T13:52:00Z,6.0,6.01,5.42,5.42,73315.0
LGHL,2026-09-30T13:53:00Z,5.42,5.42,5.39,5.39,7138.0
LGHL,2026-09-30T13:54:00Z,5.39,5.39,5.39,5.39,0.0
LGHL,2026-09-30T13:55:00Z,5.39,5.39,5.39,5.39,0.0
LGHL,2026-09-30T13:56:00Z,5.39,5.39,5.39,5.39,0.0
LGHL,2026-09-30T13:57:00Z,5.39,5.39,5.39,5.39,0.0
LGHL,2026-09-30T13:58:00Z,5.39,5.5,5.07,5.29,92321.0
LGHL,2026-09-30T13:59:00Z,5.32,5.41,5.08,5.1,31519.0
LGHL,2026-09-30T14:00:00Z,5.17,5.39,5.1,5.25,24679.0
LGHL,2026-09-30T14:01:00Z,5.25,5.44,5.24,5.26,16811.0
LGHL,2026-09-30T14:02:00Z,5.26,5.31,5.18,5.2,12279.0
LGHL,2026-09-30T14:03:00Z,5.18,5.4,5.15,5.4,13536.0
LGHL,2026-09-30T14:04:00Z,5.42,5.49,5.37,5.45,23340.0
LGHL,2026-09-30T14:05:00Z,5.44,5.56,5.33,5.33,17946.0
LGHL,2026-09-30T14:06:00Z,5.35,5.4,5.2,5.2,12800.0
LGHL,2026-09-30T14:07:00Z,5.2,5.23,5.2,5.22,12242.0
LGHL,2026-09-30T14:08:00Z,5.21,5.21,5.15,5.15,4374.0
LGHL,2026-09-30T14:09:00Z,5.15,5.3,5.1,5.18,23069.0
LGHL,2026-09-30T14:10:00Z,5.18,5.39,5.15,5.33,14645.0
LGHL,2026-09-30T14:11:00Z,5.33,5.33,5.26,5.26,6155.0
LGHL,2026-09-30T14:12:00Z,5.26,5.27,5.23,5.23,4050.0
LGHL,2026-09-30T14:13:00Z,5.23,5.25,5.17,5.21,5402.0
LGHL,2026-09-30T14:14:00Z,5.21,5.34,5.21,5.33,10268.0
LGHL,2026-09-30T14:15:00Z,5.35,5.41,5.25,5.27,9030.0
LGHL,2026-09-30T14:16:00Z,5.27,5.7,5.21,5.58,36784.0
LGHL,2026-09-30T14:17:00Z,5.57,5.68,5.46,5.51,18162.0
LGHL,2026-09-30T14:18:00Z,5.51,5.55,5.47,5.47,7774.0
LGHL,2026-09-30T14:19:00Z,5.47,5.53,5.46,5.52,7713.0
LGHL,2026-09-30T14:20:00Z,5.54,5.65,5.51,5.55,9818.0
LGHL,2026-09-30T14:21:00Z,5.56,5.65,5.51,5.54,9212.0
LGHL,2026-09-30T14:22:00Z,5.55,5.59,5.5,5.5,6668.0
LGHL,2026-09-30T14:23:00Z,5.5,5.5,5.47,5.47,2335.0
LGHL,2026-09-30T14:24:00Z,5.49,5.51,5.48,5.49,1833.0
LGHL,2026-09-30T14:25:00Z,5.49,5.49,5.47,5.47,1838.0
LGHL,2026-09-30T14:26:00Z,5.48,5.5,5.47,5.49,7263.0
LGHL,2026-09-30T14:27:00Z,5.49,5.85,5.47,5.85,16730.0
LGHL,2026-09-30T14:28:00Z,5.82,5.82,5.6,5.62,46957.0
LGHL,2026-09-30T14:29:00Z,5.61,5.65,5.6,5.61,10133.0
LGHL,2026-09-30T14:30:00Z,5.61,5.76,5.26,5.35,42081.0
LGHL,2026-09-30T14:31:00Z,5.35,5.48,5.28,5.39,7911.0
LGHL,2026-09-30T14:32:00Z,5.41,5.41,5.3,5.35,3850.0
LGHL,2026-09-30T14:33:00Z,5.35,5.38,5.2,5.2,10181.0
LGHL,2026-09-30T14:34:00Z,5.2,5.22,5.07,5.1,12156.0
LGHL,2026-09-30T14:35:00Z,5.15,5.19,5.05,5.11,9133.0
LGHL,2026-09-30T14:36:00Z,5.12,5.15,5.11,5.15,3771.0
LGHL,2026-09-30T14:37:00Z,5.15,5.19,5.15,5.15,2171.0
LGHL,2026-09-30T14:38:00Z,5.15,5.15,5.1,5.1,4526.0
LGHL,2026-09-30T14:39:00Z,5.11,5.12,5.1,5.1,6025.0
LGHL,2026-09-30T14:40:00Z,5.1,5.11,5.1,5.11,2840.0
LGHL,2026-09-30T14:41:00Z,5.11,5.11,4.9,4.96,13981.0
LGHL,2026-09-30T14:42:00Z,4.92,4.99,4.72,4.77,18405.0
LGHL,2026-09-30T14:43:00Z,4.77,4.95,4.76,4.95,10906.0
LGHL,2026-09-30T14:44:00Z,4.94,5.01,4.93,5.0,5877.0
LGHL,2026-09-30T14:45:00Z,4.98,5.01,4.95,4.99,4176.0
LGHL,2026-09-30T14:46:00Z,4.97,5.01,4.97,5.01,4155.0
LGHL,2026-09-30T14:47:00Z,5.01,5.01,4.96,4.96,4481.0
LGHL,2026-09-30T14:48:00Z,4.97,5.0,4.97,4.97,6144.0
LGHL,2026-09-30T14:49:00Z,4.97,5.0,4.95,4.96,1912.0
LGHL,2026-09-30T14:50:00Z,4.96,4.96,4.83,4.88,7343.0
LGHL,2026-09-30T14:51:00Z,4.86,4.92,4.86,4.88,1244.0
LGHL,2026-09-30T14:52:00Z,4.88,4.88,4.8,4.8,5602.0
LGHL,2026-09-30T14:53:00Z,4.8,4.8,4.74,4.8,5900.0
LGHL,2026-09-30T14:54:00Z,4.8,4.9,4.79,4.81,5458.0
LGHL,2026-09-30T14:55:00Z,4.81,4.84,4.81,4.84,1786.0
LGHL,2026-09-30T14:56:00Z,4.84,4.88,4.83,4.88,700.0
LGHL,2026-09-30T14:57:00Z,4.88,4.9,4.87,4.89,2926.0
LGHL,2026-09-30T14:58:00Z,4.88,4.9,4.87,4.9,3446.0
LGHL,2026-09-30T14:59:00Z,4.91,5.05,4.9,5.03,6094.0
LGHL,2026-09-30T15:00:00Z,5.02,5.14,5.02,5.11,9587.0
LGHL,2026-09-30T15:01:00Z,5.11,5.11,5.05,5.09,5567.0
LGHL,2026-09-30T15:02:00Z,5.09,5.1,5.05,5.05,3967.0
LGHL,2026-09-30T15:03:00Z,5.05,5.1,5.05,5.09,8342.0
LGHL,2026-09-30T15:04:00Z,5.1,5.12,5.1,5.1,3594.0
LGHL,2026-09-30T15:05:00Z,5.11,5.19,5.1,5.1,12319.0
LGHL,2026-09-30T15:06:00Z,5.1,5.11,4.98,4.98,6461.0
LGHL,2026-09-30T15:07:00Z,4.99,5.0,4.77,4.77,9286.0
LGHL,2026-09-30T15:08:00Z,4.77,4.77,4.63,4.72,28495.0
LGHL,2026-09-30T15:09:00Z,4.72,4.84,4.7,4.79,8156.0
LGHL,2026-09-30T15:10:00Z,4.79,4.95,4.78,4.85,13430.0
LGHL,2026-09-30T15:11:00Z,4.85,4.95,4.83,4.89,2961.0
LGHL,2026-09-30T15:12:00Z,4.87,4.88,4.84,4.84,525.0
LGHL,2026-09-30T15:13:00Z,4.84,4.89,4.83,4.89,2941.0
LGHL,2026-09-30T15:14:00Z,4.9,4.9,4.85,4.89,3573.0
LGHL,2026-09-30T15:15:00Z,4.89,4.89,4.86,4.86,4746.0
LGHL,2026-09-30T15:16:00Z,4.86,4.86,4.85,4.85,532.0
LGHL,2026-09-30T15:17:00Z,4.85,4.85,4.84,4.85,1190.0
LGHL,2026-09-30T15:18:00Z,4.85,4.86,4.85,4.85,926.0
LGHL,2026-09-30T15:19:00Z,4.85,4.93,4.85,4.92,1254.0
LGHL,2026-09-30T15:20:00Z,4.92,5.06,4.92,5.0,11173.0
LGHL,2026-09-30T15:21:00Z,5.0,5.15,5.0,5.07,8529.0
LGHL,2026-09-30T15:22:00Z,5.07,5.15,5.07,5.12,6358.0
LGHL,2026-09-30T15:23:00Z,5.12,5.13,5.11,5.11,633.0
LGHL,2026-09-30T15:24:00Z,5.11,5.12,5.11,5.11,1554.0
LGHL,2026-09-30T15:25:00Z,5.11,5.12,4.95,4.96,4986.0
LGHL,2026-09-30T15:26:00Z,4.96,5.05,4.96,5.03,1760.0
LGHL,2026-09-30T15:27:00Z,5.03,5.2,5.03,5.1,15651.0
LGHL,2026-09-30T15:28:00Z,5.1,5.1,5.03,5.03,3435.0
LGHL,2026-09-30T15:29:00Z,5.0,5.01,4.96,4.96,1892.0
LGHL,2026-09-30T15:30:00Z,4.99,5.19,4.99,5.15,5489.0
LGHL,2026-09-30T15:31:00Z,5.15,5.2,5.13,5.19,4801.0
NCI,2026-09-30T08:00:00Z,2.36,2.56,2.21,2.349,340880.0
NCI,2026-09-30T08:01:00Z,2.345,2.47,2.16,2.2983,358486.0
NCI,2026-09-30T08:02:00Z,2.26,2.5,2.17,2.43,410024.0
NCI,2026-09-30T08:03:00Z,2.43,2.5292,2.25,2.2801,388483.0
NCI,2026-09-30T08:04:00Z,2.2894,2.33,2.23,2.309,246554.0
NCI,2026-09-30T08:05:00Z,2.3007,2.31,2.2416,2.2877,92545.0
NCI,2026-09-30T08:06:00Z,2.2794,2.29,2.16,2.27,46634.0
NCI,2026-09-30T08:07:00Z,2.2694,2.27,2.2,2.2208,109855.0
NCI,2026-09-30T08:08:00Z,2.23,2.3,2.2298,2.23,114230.0
NCI,2026-09-30T08:09:00Z,2.24,2.2798,2.22,2.26,63258.0
NCI,2026-09-30T08:10:00Z,2.2505,2.26,2.23,2.23,37037.0
NCI,2026-09-30T08:11:00Z,2.235,2.235,2.18,2.2007,106396.0
NCI,2026-09-30T08:12:00Z,2.21,2.22,2.2,2.22,57767.0
NCI,2026-09-30T08:13:00Z,2.22,2.25,2.21,2.22,57425.0
NCI,2026-09-30T08:14:00Z,2.22,2.2373,2.21,2.22,12536.0
NCI,2026-09-30T08:15:00Z,2.23,2.23,2.19,2.19,43548.0
NCI,2026-09-30T08:16:00Z,2.19,2.2,2.19,2.1908,27228.0
NCI,2026-09-30T08:17:00Z,2.2,2.2,2.18,2.18,17454.0
NCI,2026-09-30T08:18:00Z,2.1891,2.1891,2.11,2.14,165583.0
NCI,2026-09-30T08:19:00Z,2.1498,2.15,2.12,2.13,54264.0
NCI,2026-09-30T08:20:00Z,2.13,2.15,2.13,2.1498,26902.0
NCI,2026-09-30T08:21:00Z,2.1497,2.19,2.14,2.1679,28788.0
NCI,2026-09-30T08:22:00Z,2.1695,2.18,2.16,2.17,29465.0
NCI,2026-09-30T08:23:00Z,2.16,2.19,2.16,2.1805,42030.0
NCI,2026-09-30T08:24:00Z,2.19,2.19,2.11,2.1102,51866.0
NCI,2026-09-30T08:25:00Z,2.11,2.14,2.11,2.1305,36429.0
NCI,2026-09-30T08:26:00Z,2.1395,2.14,2.13,2.1392,14078.0
NCI,2026-09-30T08:27:00Z,2.1306,2.17,2.13,2.16,35177.0
NCI,2026-09-30T08:28:00Z,2.17,2.18,2.16,2.1693,20683.0
NCI,2026-09-30T08:29:00Z,2.17,2.17,2.16,2.17,11435.0
NCI,2026-09-30T08:30:00Z,2.17,2.17,2.13,2.1303,34218.0
NCI,2026-09-30T08:31:00Z,2.14,2.14,2.13,2.13,20267.0
NCI,2026-09-30T08:32:00Z,2.13,2.13,2.05,2.06,84760.0
NCI,2026-09-30T08:33:00Z,2.05,2.1006,2.04,2.1001,87340.0
NCI,2026-09-30T08:34:00Z,2.1,2.11,2.08,2.08,29726.0
NCI,2026-09-30T08:35:00Z,2.08,2.09,2.05,2.0502,44781.0
NCI,2026-09-30T08:36:00Z,2.06,2.09,2.05,2.08,24831.0
NCI,2026-09-30T08:37:00Z,2.0796,2.08,2.06,2.0602,20686.0
NCI,2026-09-30T08:38:00Z,2.0602,2.0703,2.06,2.07,17757.0
NCI,2026-09-30T08:39:00Z,2.08,2.11,2.07,2.1,22031.0
NCI,2026-09-30T08:40:00Z,2.1,2.1,2.08,2.0893,13009.0
NCI,2026-09-30T08:41:00Z,2.0807,2.09,2.08,2.08,22323.0
NCI,2026-09-30T08:42:00Z,2.07,2.07,2.05,2.0501,17485.0
NCI,2026-09-30T08:43:00Z,2.0501,2.0798,2.05,2.06,15824.0
NCI,2026-09-30T08:44:00Z,2.0605,2.07,2.02,2.03,38896.0
NCI,2026-09-30T08:45:00Z,2.03,2.04,2.0102,2.0194,42518.0
NCI,2026-09-30T08:46:00Z,2.019,2.07,2.01,2.07,31971.0
NCI,2026-09-30T08:47:00Z,2.07,2.13,2.07,2.082,71997.0
NCI,2026-09-30T08:48:00Z,2.0894,2.1,2.07,2.0804,25918.0
NCI,2026-09-30T08:49:00Z,2.0898,2.09,2.02,2.02,24919.0
NCI,2026-09-30T08:50:00Z,2.02,2.06,2.02,2.0503,35987.0
NCI,2026-09-30T08:51:00Z,2.0503,2.0607,2.05,2.0607,6480.0
NCI,2026-09-30T08:52:00Z,2.0607,2.07,2.06,2.069,6279.0
NCI,2026-09-30T08:53:00Z,2.069,2.09,2.0601,2.0896,9371.0
NCI,2026-09-30T08:54:00Z,2.0896,2.1,2.08,2.0802,10412.0
NCI,2026-09-30T08:55:00Z,2.0804,2.13,2.0801,2.12,35916.0
NCI,2026-09-30T08:56:00Z,2.1293,2.13,2.0897,2.0999,54998.0
NCI,2026-09-30T08:57:00Z,2.0999,2.11,2.08,2.11,23427.0
NCI,2026-09-30T08:58:00Z,2.1091,2.13,2.1,2.12,25768.0
NCI,2026-09-30T08:59:00Z,2.12,2.16,2.1101,2.13,43742.0
NCI,2026-09-30T09:00:00Z,2.1295,2.13,2.1,2.1294,14575.0
NCI,2026-09-30T09:01:00Z,2.13,2.15,2.1201,2.1492,28346.0
NCI,2026-09-30T09:02:00Z,2.15,2.19,2.15,2.17,87612.0
NCI,2026-09-30T09:03:00Z,2.17,2.18,2.12,2.1209,40649.0
NCI,2026-09-30T09:04:00Z,2.125,2.13,2.06,2.07,41882.0
NCI,2026-09-30T09:05:00Z,2.07,2.1082,2.07,2.0905,17751.0
NCI,2026-09-30T09:06:00Z,2.09,2.1,2.08,2.09,20336.0
NCI,2026-09-30T09:07:00Z,2.0802,2.09,2.07,2.07,20286.0
NCI,2026-09-30T09:08:00Z,2.07,2.08,2.04,2.0405,24673.0
NCI,2026-09-30T09:09:00Z,2.05,2.06,2.04,2.05,15287.0
NCI,2026-09-30T09:10:00Z,2.06,2.06,2.02,2.03,27661.0
NCI,2026-09-30T09:11:00Z,2.03,2.0566,2.02,2.0417,17632.0
NCI,2026-09-30T09:12:00Z,2.06,2.06,2.05,2.06,9505.0
NCI,2026-09-30T09:13:00Z,2.06,2.07,2.05,2.06,21849.0
NCI,2026-09-30T09:14:00Z,2.0605,2.07,2.06,2.061,17891.0
NCI,2026-09-30T09:15:00Z,2.061,2.07,2.06,2.07,7882.0
NCI,2026-09-30T09:16:00Z,2.07,2.07,2.06,2.06,3468.0
NCI,2026-09-30T09:17:00Z,2.061,2.07,2.06,2.07,8844.0
NCI,2026-09-30T09:18:00Z,2.07,2.08,2.07,2.0794,9948.0
NCI,2026-09-30T09:19:00Z,2.075,2.08,2.04,2.0407,30918.0
NCI,2026-09-30T09:20:00Z,2.0401,2.05,2.04,2.05,10251.0
NCI,2026-09-30T09:21:00Z,2.0405,2.05,2.04,2.0495,9174.0
NCI,2026-09-30T09:22:00Z,2.0495,2.05,2.04,2.0406,7112.0
NCI,2026-09-30T09:23:00Z,2.04,2.04,1.9,1.9401,128350.0
NCI,2026-09-30T09:24:00Z,1.9406,2.0,1.94,1.9994,49133.0
NCI,2026-09-30T09:25:00Z,1.995,1.995,1.96,1.9698,16832.0
NCI,2026-09-30T09:26:00Z,1.9606,1.97,1.95,1.95,23587.0
NCI,2026-09-30T09:27:00Z,1.96,1.96,1.95,1.9594,23329.0
NCI,2026-09-30T09:28:00Z,1.9589,1.96,1.95,1.9592,12678.0
NCI,2026-09-30T09:29:00Z,1.9592,1.97,1.95,1.97,13239.0
NCI,2026-09-30T09:30:00Z,1.97,1.99,1.97,1.99,8570.0
NCI,2026-09-30T09:31:00Z,1.9801,1.99,1.97,1.9701,10447.0
NCI,2026-09-30T09:32:00Z,1.9708,1.98,1.94,1.9499,9475.0
NCI,2026-09-30T09:33:00Z,1.9493,1.95,1.94,1.95,14114.0
NCI,2026-09-30T09:34:00Z,1.94,1.95,1.92,1.93,23113.0
NCI,2026-09-30T09:35:00Z,1.9293,1.94,1.92,1.94,17304.0
NCI,2026-09-30T09:36:00Z,1.9491,1.95,1.949,1.95,3860.0
NCI,2026-09-30T09:37:00Z,1.9494,1.9594,1.94,1.9594,12874.0
NCI,2026-09-30T09:38:00Z,1.96,1.97,1.95,1.9599,14545.0
NCI,2026-09-30T09:39:00Z,1.96,1.96,1.95,1.96,7872.0
NCI,2026-09-30T09:40:00Z,1.95,1.96,1.95,1.9503,8382.0
NCI,2026-09-30T09:41:00Z,1.96,1.96,1.9501,1.96,2453.0
NCI,2026-09-30T09:42:00Z,1.95,1.96,1.95,1.96,7490.0
NCI,2026-09-30T09:43:00Z,1.96,1.96,1.95,1.9592,2748.0
NCI,2026-09-30T09:44:00Z,1.9592,1.9595,1.94,1.95,13270.0
NCI,2026-09-30T09:45:00Z,1.95,1.95,1.94,1.94,2322.0
NCI,2026-09-30T09:46:00Z,1.95,1.95,1.94,1.94,5262.0
NCI,2026-09-30T09:47:00Z,1.94,1.95,1.94,1.94,7133.0
NCI,2026-09-30T09:48:00Z,1.94,1.95,1.94,1.94,2453.0
NCI,2026-09-30T09:49:00Z,1.94,1.95,1.94,1.94,1612.0
NCI,2026-09-30T09:50:00Z,1.94,1.95,1.94,1.9409,1599.0
NCI,2026-09-30T09:51:00Z,1.9498,1.9498,1.94,1.9493,863.0
NCI,2026-09-30T09:52:00Z,1.9493,1.9495,1.94,1.94,2723.0
NCI,2026-09-30T09:53:00Z,1.9407,1.95,1.94,1.9495,2578.0
NCI,2026-09-30T09:54:00Z,1.9495,1.95,1.94,1.9403,1352.0
NCI,2026-09-30T09:55:00Z,1.9403,1.95,1.94,1.9492,2483.0
NCI,2026-09-30T09:56:00Z,1.9406,1.95,1.94,1.95,8171.0
NCI,2026-09-30T09:57:00Z,1.95,1.95,1.95,1.95,12460.0
NCI,2026-09-30T09:58:00Z,1.95,1.95,1.94,1.9493,4435.0
NCI,2026-09-30T09:59:00Z,1.95,1.95,1.94,1.9401,2338.0
NCI,2026-09-30T10:00:00Z,1.95,1.95,1.94,1.94,6280.0
NCI,2026-09-30T10:01:00Z,1.94,1.94,1.88,1.8804,24405.0
NCI,2026-09-30T10:02:00Z,1.88,1.88,1.86,1.86,56539.0
NCI,2026-09-30T10:03:00Z,1.8594,1.88,1.85,1.87,51651.0
NCI,2026-09-30T10:04:00Z,1.8791,1.88,1.86,1.86,15865.0
NCI,2026-09-30T10:05:00Z,1.87,1.88,1.85,1.85,26681.0
NCI,2026-09-30T10:06:00Z,1.8501,1.86,1.85,1.8599,10914.0
NCI,2026-09-30T10:07:00Z,1.8599,1.86,1.85,1.8595,19021.0
NCI,2026-09-30T10:08:00Z,1.8502,1.86,1.85,1.86,6918.0
NCI,2026-09-30T10:09:00Z,1.8508,1.86,1.85,1.86,25307.0
NCI,2026-09-30T10:10:00Z,1.85,1.8598,1.85,1.8591,7585.0
NCI,2026-09-30T10:11:00Z,1.86,1.86,1.85,1.855,8985.0
NCI,2026-09-30T10:12:00Z,1.8501,1.8598,1.85,1.8503,4622.0
NCI,2026-09-30T10:13:00Z,1.8503,1.86,1.85,1.85,5949.0
NCI,2026-09-30T10:14:00Z,1.855,1.86,1.8,1.8001,40723.0
NCI,2026-09-30T10:15:00Z,1.8101,1.85,1.8,1.8316,26496.0
NCI,2026-09-30T10:16:00Z,1.84,1.84,1.83,1.84,8085.0
NCI,2026-09-30T10:17:00Z,1.8395,1.84,1.83,1.84,6283.0
NCI,2026-09-30T10:18:00Z,1.83,1.84,1.83,1.83,10253.0
NCI,2026-09-30T10:19:00Z,1.83,1.83,1.82,1.8201,8551.0
NCI,2026-09-30T10:20:00Z,1.82,1.83,1.82,1.8205,4441.0
NCI,2026-09-30T10:21:00Z,1.83,1.84,1.8296,1.83,9736.0
NCI,2026-09-30T10:22:00Z,1.83,1.84,1.83,1.84,1441.0
NCI,2026-09-30T10:23:00Z,1.84,1.84,1.83,1.8302,4404.0
NCI,2026-09-30T10:24:00Z,1.8302,1.84,1.83,1.84,9495.0
NCI,2026-09-30T10:25:00Z,1.83,1.84,1.83,1.83,7265.0
NCI,2026-09-30T10:26:00Z,1.8301,1.84,1.83,1.8302,4273.0
NCI,2026-09-30T10:27:00Z,1.84,1.84,1.83,1.83,5077.0
NCI,2026-09-30T10:28:00Z,1.83,1.84,1.83,1.8395,1778.0
NCI,2026-09-30T10:29:00Z,1.84,1.84,1.83,1.8395,3533.0
NCI,2026-09-30T10:30:00Z,1.8395,1.84,1.83,1.8395,1871.0
NCI,2026-09-30T10:31:00Z,1.835,1.84,1.83,1.83,3877.0
NCI,2026-09-30T10:32:00Z,1.8395,1.84,1.83,1.84,2619.0
NCI,2026-09-30T10:33:00Z,1.8393,1.84,1.83,1.84,7120.0
NCI,2026-09-30T10:34:00Z,1.8399,1.84,1.83,1.8399,4809.0
NCI,2026-09-30T10:35:00Z,1.8399,1.84,1.83,1.83,3306.0
NCI,2026-09-30T10:36:00Z,1.83,1.83,1.83,1.83,2016.0
NCI,2026-09-30T10:37:00Z,1.83,1.83,1.83,1.83,1317.0
NCI,2026-09-30T10:38:00Z,1.83,1.83,1.8,1.8,7623.0
NCI,2026-09-30T10:39:00Z,1.8,1.81,1.78,1.8,23787.0
NCI,2026-09-30T10:40:00Z,1.8,1.8,1.78,1.78,34632.0
NCI,2026-09-30T10:41:00Z,1.79,1.79,1.78,1.7893,26485.0
NCI,2026-09-30T10:42:00Z,1.7808,1.83,1.78,1.81,14386.0
NCI,2026-09-30T10:43:00Z,1.81,1.83,1.81,1.83,12037.0
NCI,2026-09-30T10:44:00Z,1.83,1.83,1.82,1.8204,4747.0
NCI,2026-09-30T10:45:00Z,1.8204,1.83,1.82,1.8205,1631.0
NCI,2026-09-30T10:46:00Z,1.8293,1.83,1.82,1.83,13002.0
NCI,2026-09-30T10:47:00Z,1.83,1.84,1.82,1.8395,8502.0
NCI,2026-09-30T10:48:00Z,1.8395,1.84,1.83,1.84,5351.0
NCI,2026-09-30T10:49:00Z,1.84,1.84,1.83,1.84,6519.0
NCI,2026-09-30T10:50:00Z,1.8398,1.85,1.83,1.8493,7934.0
NCI,2026-09-30T10:51:00Z,1.8492,1.85,1.8408,1.85,3033.0
NCI,2026-09-30T10:52:00Z,1.85,1.87,1.8497,1.85,10749.0
NCI,2026-09-30T10:53:00Z,1.8598,1.86,1.85,1.86,8842.0
NCI,2026-09-30T10:54:00Z,1.86,1.87,1.85,1.87,3491.0
NCI,2026-09-30T10:55:00Z,1.8698,1.9296,1.85,1.8605,67858.0
NCI,2026-09-30T10:56:00Z,1.8607,1.9,1.86,1.88,25415.0
NCI,2026-09-30T10:57:00Z,1.88,1.8883,1.87,1.88,7606.0
NCI,2026-09-30T10:58:00Z,1.88,1.89,1.88,1.88,14742.0
NCI,2026-09-30T10:59:00Z,1.8805,1.89,1.88,1.8892,12124.0
NCI,2026-09-30T11:00:00Z,1.89,1.9,1.88,1.8805,43348.0
NCI,2026-09-30T11:01:00Z,1.8803,1.8986,1.88,1.88,12889.0
NCI,2026-09-30T11:02:00Z,1.89,1.89,1.88,1.88,6370.0
NCI,2026-09-30T11:03:00Z,1.8895,1.8895,1.85,1.85,20389.0
NCI,2026-09-30T11:04:00Z,1.8501,1.86,1.82,1.83,22705.0
NCI,2026-09-30T11:05:00Z,1.83,1.86,1.83,1.86,11192.0
NCI,2026-09-30T11:06:00Z,1.86,1.86,1.84,1.85,4577.0
NCI,2026-09-30T11:07:00Z,1.85,1.85,1.84,1.8401,11134.0
NCI,2026-09-30T11:08:00Z,1.84,1.8498,1.84,1.84,3753.0
NCI,2026-09-30T11:09:00Z,1.8493,1.85,1.84,1.8401,4638.0
NCI,2026-09-30T11:10:00Z,1.8401,1.85,1.84,1.8401,10457.0
NCI,2026-09-30T11:11:00Z,1.8401,1.86,1.8401,1.8504,6000.0
NCI,2026-09-30T11:12:00Z,1.8597,1.86,1.85,1.86,4926.0
NCI,2026-09-30T11:13:00Z,1.859,1.86,1.8503,1.8503,7536.0
NCI,2026-09-30T11:14:00Z,1.86,1.87,1.85,1.8694,9624.0
NCI,2026-09-30T11:15:00Z,1.8699,1.87,1.8607,1.87,6452.0
NCI,2026-09-30T11:16:00Z,1.87,1.87,1.86,1.86,3571.0
NCI,2026-09-30T11:17:00Z,1.86,1.87,1.86,1.86,2558.0
NCI,2026-09-30T11:18:00Z,1.8608,1.87,1.8602,1.87,3925.0
NCI,2026-09-30T11:19:00Z,1.87,1.87,1.86,1.8603,3547.0
NCI,2026-09-30T11:20:00Z,1.8603,1.87,1.86,1.86,7631.0
NCI,2026-09-30T11:21:00Z,1.86,1.87,1.86,1.87,10370.0
NCI,2026-09-30T11:22:00Z,1.87,1.87,1.86,1.87,5090.0
NCI,2026-09-30T11:23:00Z,1.8603,1.87,1.86,1.87,6479.0
NCI,2026-09-30T11:24:00Z,1.87,1.87,1.86,1.87,8765.0
NCI,2026-09-30T11:25:00Z,1.87,1.88,1.87,1.88,6945.0
NCI,2026-09-30T11:26:00Z,1.88,1.9,1.8798,1.9,5319.0
NCI,2026-09-30T11:27:00Z,1.9,1.94,1.89,1.94,38826.0
NCI,2026-09-30T11:28:00Z,1.935,2.02,1.93,2.02,169307.0
NCI,2026-09-30T11:29:00Z,2.02,2.03,1.93,1.9301,115414.0
NCI,2026-09-30T11:30:00Z,1.93,1.95,1.88,1.93,131275.0
NCI,2026-09-30T11:31:00Z,1.94,1.94,1.91,1.9107,41648.0
NCI,2026-09-30T11:32:00Z,1.9103,1.93,1.91,1.92,15590.0
NCI,2026-09-30T11:33:00Z,1.9221,1.93,1.92,1.9297,10926.0
NCI,2026-09-30T11:34:00Z,1.9297,1.93,1.9,1.9,14748.0
NCI,2026-09-30T11:35:00Z,1.9003,1.9003,1.88,1.8893,18151.0
NCI,2026-09-30T11:36:00Z,1.88,1.89,1.88,1.88,8649.0
NCI,2026-09-30T11:37:00Z,1.88,1.89,1.88,1.8801,6126.0
NCI,2026-09-30T11:38:00Z,1.8884,1.8884,1.85,1.86,29370.0
NCI,2026-09-30T11:39:00Z,1.85,1.85,1.84,1.8498,21766.0
NCI,2026-09-30T11:40:00Z,1.8482,1.85,1.82,1.82,17271.0
NCI,2026-09-30T11:41:00Z,1.82,1.85,1.82,1.8297,17321.0
NCI,2026-09-30T11:42:00Z,1.8205,1.84,1.82,1.84,5985.0
NCI,2026-09-30T11:43:00Z,1.84,1.84,1.82,1.8298,6749.0
NCI,2026-09-30T11:44:00Z,1.83,1.8399,1.82,1.83,5832.0
NCI,2026-09-30T11:45:00Z,1.8222,1.83,1.82,1.83,6086.0
NCI,2026-09-30T11:46:00Z,1.83,1.8397,1.82,1.8305,15140.0
NCI,2026-09-30T11:47:00Z,1.8301,1.84,1.8301,1.84,6991.0
NCI,2026-09-30T11:48:00Z,1.8416,1.85,1.84,1.84,7381.0
NCI,2026-09-30T11:49:00Z,1.84,1.85,1.84,1.8497,5704.0
NCI,2026-09-30T11:50:00Z,1.8497,1.88,1.84,1.88,5958.0
NCI,2026-09-30T11:51:00Z,1.85,1.86,1.85,1.8585,5800.0
NCI,2026-09-30T11:52:00Z,1.8585,1.8591,1.85,1.8591,5212.0
NCI,2026-09-30T11:53:00Z,1.8594,1.86,1.85,1.8591,1996.0
NCI,2026-09-30T11:54:00Z,1.8591,1.8591,1.84,1.84,5843.0
NCI,2026-09-30T11:55:00Z,1.84,1.84,1.83,1.83,7818.0
NCI,2026-09-30T11:56:00Z,1.83,1.8405,1.83,1.83,4306.0
NCI,2026-09-30T11:57:00Z,1.83,1.84,1.83,1.8394,4149.0
NCI,2026-09-30T11:58:00Z,1.8301,1.84,1.83,1.83,7298.0
NCI,2026-09-30T11:59:00Z,1.83,1.84,1.83,1.83,1933.0
NCI,2026-09-30T12:00:00Z,1.8301,1.84,1.83,1.84,7748.0
NCI,2026-09-30T12:01:00Z,1.8394,1.84,1.83,1.8303,2423.0
NCI,2026-09-30T12:02:00Z,1.8303,1.8395,1.83,1.8305,5088.0
NCI,2026-09-30T12:03:00Z,1.8305,1.84,1.83,1.8301,4006.0
NCI,2026-09-30T12:04:00Z,1.8301,1.85,1.8301,1.84,2159.0
NCI,2026-09-30T12:05:00Z,1.84,1.85,1.84,1.8405,1893.0
NCI,2026-09-30T12:06:00Z,1.8405,1.85,1.84,1.8407,2148.0
NCI,2026-09-30T12:07:00Z,1.84,1.85,1.83,1.84,12128.0
NCI,2026-09-30T12:08:00Z,1.8303,1.84,1.83,1.83,3526.0
NCI,2026-09-30T12:09:00Z,1.83,1.8399,1.83,1.8399,4358.0
NCI,2026-09-30T12:10:00Z,1.8399,1.84,1.83,1.8301,2652.0
NCI,2026-09-30T12:11:00Z,1.8301,1.84,1.82,1.8297,8053.0
NCI,2026-09-30T12:12:00Z,1.8203,1.83,1.82,1.8295,4858.0
NCI,2026-09-30T12:13:00Z,1.8295,1.8295,1.8,1.8,21267.0
NCI,2026-09-30T12:14:00Z,1.8,1.81,1.8,1.8,5409.0
NCI,2026-09-30T12:15:00Z,1.809,1.81,1.8,1.81,8426.0
NCI,2026-09-30T12:16:00Z,1.81,1.81,1.8,1.8,8760.0
NCI,2026-09-30T12:17:00Z,1.8,1.81,1.8,1.8,2896.0
NCI,2026-09-30T12:18:00Z,1.8,1.8003,1.79,1.8,8045.0
NCI,2026-09-30T12:19:00Z,1.79,1.81,1.79,1.7907,6960.0
NCI,2026-09-30T12:20:00Z,1.7907,1.7993,1.79,1.79,2626.0
NCI,2026-09-30T12:21:00Z,1.79,1.7993,1.78,1.78,9993.0
NCI,2026-09-30T12:22:00Z,1.7894,1.7894,1.72,1.72,65244.0
NCI,2026-09-30T12:23:00Z,1.73,1.73,1.72,1.72,14779.0
NCI,2026-09-30T12:24:00Z,1.72,1.73,1.63,1.64,57384.0
NCI,2026-09-30T12:25:00Z,1.64,1.67,1.64,1.65,28638.0
NCI,2026-09-30T12:26:00Z,1.64,1.64,1.6,1.6,21854.0
NCI,2026-09-30T12:27:00Z,1.6085,1.61,1.58,1.61,40956.0
NCI,2026-09-30T12:28:00Z,1.6007,1.63,1.6,1.6297,19829.0
NCI,2026-09-30T12:29:00Z,1.63,1.6601,1.62,1.6601,16957.0
NCI,2026-09-30T12:30:00Z,1.6602,1.69,1.6602,1.69,22396.0
NCI,2026-09-30T12:31:00Z,1.6893,1.69,1.68,1.6895,19037.0
NCI,2026-09-30T12:32:00Z,1.68,1.71,1.68,1.681,6252.0
NCI,2026-09-30T12:33:00Z,1.68,1.6806,1.65,1.68,14134.0
NCI,2026-09-30T12:34:00Z,1.7,1.71,1.68,1.7,15587.0
NCI,2026-09-30T12:35:00Z,1.7096,1.76,1.7005,1.72,21556.0
NCI,2026-09-30T12:36:00Z,1.7285,1.73,1.72,1.73,12912.0
NCI,2026-09-30T12:37:00Z,1.7201,1.73,1.72,1.73,8012.0
NCI,2026-09-30T12:38:00Z,1.73,1.73,1.7202,1.73,1710.0
NCI,2026-09-30T12:39:00Z,1.73,1.73,1.7107,1.7107,5183.0
NCI,2026-09-30T12:40:00Z,1.7107,1.72,1.71,1.7109,3432.0
NCI,2026-09-30T12:41:00Z,1.7101,1.7106,1.7,1.7,11210.0
NCI,2026-09-30T12:42:00Z,1.7003,1.71,1.6902,1.6902,10181.0
NCI,2026-09-30T12:43:00Z,1.6994,1.75,1.69,1.71,16989.0
NCI,2026-09-30T12:44:00Z,1.72,1.72,1.7,1.72,3099.0
NCI,2026-09-30T12:45:00Z,1.72,1.74,1.72,1.7209,3918.0
NCI,2026-09-30T12:46:00Z,1.7293,1.73,1.7201,1.7298,4973.0
NCI,2026-09-30T12:47:00Z,1.73,1.73,1.7207,1.73,715.0
NCI,2026-09-30T12:48:00Z,1.73,1.73,1.72,1.7292,884.0
NCI,2026-09-30T12:49:00Z,1.7201,1.721,1.72,1.7204,2323.0
NCI,2026-09-30T12:50:00Z,1.7204,1.73,1.72,1.728,3449.0
NCI,2026-09-30T12:51:00Z,1.7202,1.73,1.72,1.72,4664.0
NCI,2026-09-30T12:52:00Z,1.7105,1.7105,1.7,1.71,3245.0
NCI,2026-09-30T12:53:00Z,1.7196,1.72,1.71,1.7101,2115.0
NCI,2026-09-30T12:54:00Z,1.7101,1.72,1.71,1.71,2930.0
NCI,2026-09-30T12:55:00Z,1.71,1.72,1.71,1.71,9261.0
NCI,2026-09-30T12:56:00Z,1.71,1.71,1.71,1.71,4680.0
NCI,2026-09-30T12:57:00Z,1.71,1.72,1.7,1.71,11337.0
NCI,2026-09-30T12:58:00Z,1.72,1.74,1.7101,1.74,7392.0
NCI,2026-09-30T12:59:00Z,1.74,1.75,1.7397,1.75,8337.0
NCI,2026-09-30T13:00:00Z,1.75,1.75,1.73,1.73,21906.0
NCI,2026-09-30T13:01:00Z,1.73,1.73,1.72,1.7202,8283.0
NCI,2026-09-30T13:02:00Z,1.7202,1.73,1.71,1.72,11923.0
NCI,2026-09-30T13:03:00Z,1.7285,1.73,1.7201,1.73,2046.0
NCI,2026-09-30T13:04:00Z,1.73,1.73,1.72,1.7299,3330.0
NCI,2026-09-30T13:05:00Z,1.73,1.73,1.7202,1.7202,2485.0
NCI,2026-09-30T13:06:00Z,1.7202,1.73,1.72,1.7299,9907.0
NCI,2026-09-30T13:07:00Z,1.7299,1.7299,1.71,1.71,14670.0
NCI,2026-09-30T13:08:00Z,1.71,1.72,1.71,1.71,867.0
NCI,2026-09-30T13:09:00Z,1.71,1.72,1.71,1.72,1916.0
NCI,2026-09-30T13:10:00Z,1.72,1.72,1.7,1.71,1857.0
NCI,2026-09-30T13:11:00Z,1.71,1.72,1.71,1.72,2892.0
NCI,2026-09-30T13:12:00Z,1.72,1.72,1.71,1.71,1235.0
NCI,2026-09-30T13:13:00Z,1.71,1.72,1.71,1.72,4646.0
NCI,2026-09-30T13:14:00Z,1.72,1.72,1.71,1.72,6204.0
NCI,2026-09-30T13:15:00Z,1.7102,1.73,1.71,1.73,14212.0
NCI,2026-09-30T13:16:00Z,1.73,1.79,1.73,1.78,17977.0
NCI,2026-09-30T13:17:00Z,1.78,1.78,1.724,1.7499,40394.0
NCI,2026-09-30T13:18:00Z,1.749,1.8,1.749,1.7902,35183.0
NCI,2026-09-30T13:19:00Z,1.7901,1.7997,1.77,1.78,32600.0
NCI,2026-09-30T13:20:00Z,1.78,1.78,1.77,1.78,16837.0
NCI,2026-09-30T13:21:00Z,1.7702,1.7899,1.77,1.7801,8427.0
NCI,2026-09-30T13:22:00Z,1.79,1.79,1.78,1.78,7246.0
NCI,2026-09-30T13:23:00Z,1.7893,1.79,1.78,1.79,16852.0
NCI,2026-09-30T13:24:00Z,1.7802,1.79,1.78,1.79,8540.0
NCI,2026-09-30T13:25:00Z,1.79,1.79,1.78,1.7801,4819.0
NCI,2026-09-30T13:26:00Z,1.7803,1.79,1.78,1.7804,3260.0
NCI,2026-09-30T13:27:00Z,1.7801,1.79,1.7801,1.79,6348.0
NCI,2026-09-30T13:28:00Z,1.79,1.79,1.78,1.78,3716.0
NCI,2026-09-30T13:29:00Z,1.785,1.7899,1.77,1.77,4079.0
NCI,2026-09-30T13:30:00Z,1.78,1.78,1.7,1.75,120367.0
NCI,2026-09-30T13:31:00Z,1.7699,1.78,1.72,1.78,71019.0
NCI,2026-09-30T13:32:00Z,1.78,1.95,1.771,1.9399,371781.0
NCI,2026-09-30T13:33:00Z,1.94,1.97,1.8101,1.8755,537349.0
NCI,2026-09-30T13:34:00Z,1.879,1.96,1.81,1.8895,401381.0
NCI,2026-09-30T13:35:00Z,1.8885,1.97,1.49,1.49,517285.0
NCI,2026-09-30T13:36:00Z,1.49,1.49,1.49,1.49,0.0
SOTK,2026-09-30T11:00:00Z,5.35,5.5,5.35,5.5,568.0
SOTK,2026-09-30T11:01:00Z,5.5,5.5,5.5,5.5,0.0
SOTK,2026-09-30T11:02:00Z,5.5,5.5,5.5,5.5,0.0
SOTK,2026-09-30T11:03:00Z,5.5,5.5,5.5,5.5,0.0
SOTK,2026-09-30T11:04:00Z,5.5,5.5,5.5,5.5,0.0
SOTK,2026-09-30T11:05:00Z,5.5,5.5,5.5,5.5,0.0
SOTK,2026-09-30T11:06:00Z,5.89,5.89,5.38,5.38,423.0
SOTK,2026-09-30T11:07:00Z,5.38,5.38,5.38,5.38,0.0
SOTK,2026-09-30T11:08:00Z,5.38,5.38,5.38,5.38,0.0
SOTK,2026-09-30T11:09:00Z,5.38,5.38,5.38,5.38,0.0
SOTK,2026-09-30T11:10:00Z,5.38,5.38,5.38,5.38,0.0
SOTK,2026-09-30T11:11:00Z,5.38,5.38,5.38,5.38,0.0
SOTK,2026-09-30T11:12:00Z,5.06,5.06,5.06,5.06,317.0
SOTK,2026-09-30T11:13:00Z,5.06,5.06,5.06,5.06,0.0
SOTK,2026-09-30T11:14:00Z,5.06,5.06,5.06,5.06,0.0
SOTK,2026-09-30T11:15:00Z,5.06,5.06,5.06,5.06,0.0
SOTK,2026-09-30T11:16:00Z,5.06,5.06,5.06,5.06,0.0
SOTK,2026-09-30T11:17:00Z,5.06,5.06,5.06,5.06,0.0
SOTK,2026-09-30T11:18:00Z,5.06,5.06,5.06,5.06,0.0
SOTK,2026-09-30T11:19:00Z,5.06,5.06,5.06,5.06,0.0
SOTK,2026-09-30T11:20:00Z,5.06,5.06,5.06,5.06,0.0
SOTK,2026-09-30T11:21:00Z,5.25,5.25,5.25,5.25,250.0
SOTK,2026-09-30T11:22:00Z,5.25,5.25,5.25,5.25,0.0
SOTK,2026-09-30T11:23:00Z,5.25,5.25,5.25,5.25,0.0
SOTK,2026-09-30T11:24:00Z,5.25,5.25,5.25,5.25,0.0
SOTK,2026-09-30T11:25:00Z,5.23,5.39,5.23,5.39,465.0
SOTK,2026-09-30T11:26:00Z,5.39,5.39,5.39,5.39,0.0
SOTK,2026-09-30T11:27:00Z,5.39,5.39,5.39,5.39,0.0
SOTK,2026-09-30T11:28:00Z,5.39,5.39,5.39,5.39,0.0
SOTK,2026-09-30T11:29:00Z,5.39,5.39,5.39,5.39,0.0
SOTK,2026-09-30T11:30:00Z,5.39,5.39,5.39,5.39,0.0
SOTK,2026-09-30T11:31:00Z,5.39,5.39,5.39,5.39,0.0
SOTK,2026-09-30T11:32:00Z,5.39,5.39,5.39,5.39,0.0
SOTK,2026-09-30T11:33:00Z,5.39,5.39,5.39,5.39,0.0
SOTK,2026-09-30T11:34:00Z,5.39,5.39,5.39,5.39,0.0
SOTK,2026-09-30T11:35:00Z,5.39,5.39,5.39,5.39,0.0
SOTK,2026-09-30T11:36:00Z,5.39,5.39,5.39,5.39,0.0
SOTK,2026-09-30T11:37:00Z,5.39,5.39,5.39,5.39,0.0
SOTK,2026-09-30T11:38:00Z,5.39,5.39,5.39,5.39,0.0
SOTK,2026-09-30T11:39:00Z,5.39,5.39,5.39,5.39,0.0
SOTK,2026-09-30T11:40:00Z,5.39,5.39,5.39,5.39,0.0
SOTK,2026-09-30T11:41:00Z,5.39,5.39,5.39,5.39,0.0
SOTK,2026-09-30T11:42:00Z,5.39,5.39,5.39,5.39,0.0
SOTK,2026-09-30T11:43:00Z,5.39,5.39,5.39,5.39,0.0
SOTK,2026-09-30T11:44:00Z,5.27,5.27,5.27,5.27,100.0
SOTK,2026-09-30T11:45:00Z,5.27,5.27,5.27,5.27,0.0
SOTK,2026-09-30T11:46:00Z,5.27,5.27,5.27,5.27,0.0
SOTK,2026-09-30T11:47:00Z,5.27,5.27,5.27,5.27,0.0
SOTK,2026-09-30T11:48:00Z,5.27,5.27,5.27,5.27,0.0
SOTK,2026-09-30T11:49:00Z,5.27,5.27,5.27,5.27,0.0
SOTK,2026-09-30T11:50:00Z,5.27,5.27,5.27,5.27,0.0
SOTK,2026-09-30T11:51:00Z,5.27,5.27,5.27,5.27,0.0
SOTK,2026-09-30T11:52:00Z,5.27,5.27,5.27,5.27,0.0
SOTK,2026-09-30T11:53:00Z,5.27,5.27,5.27,5.27,0.0
SOTK,2026-09-30T11:54:00Z,5.27,5.27,5.27,5.27,0.0
SOTK,2026-09-30T11:55:00Z,5.27,5.27,5.27,5.27,0.0
SOTK,2026-09-30T11:56:00Z,5.27,5.27,5.27,5.27,0.0
SOTK,2026-09-30T11:57:00Z,5.27,5.27,5.27,5.27,0.0
SOTK,2026-09-30T11:58:00Z,5.27,5.27,5.27,5.27,0.0
SOTK,2026-09-30T11:59:00Z,5.27,5.27,5.27,5.27,0.0
SOTK,2026-09-30T12:00:00Z,5.27,5.27,5.27,5.27,0.0
SOTK,2026-09-30T12:01:00Z,5.27,5.27,5.27,5.27,0.0
SOTK,2026-09-30T12:02:00Z,5.27,5.27,5.27,5.27,0.0
SOTK,2026-09-30T12:03:00Z,5.27,5.27,5.27,5.27,0.0
SOTK,2026-09-30T12:04:00Z,5.27,5.27,5.27,5.27,0.0
SOTK,2026-09-30T12:05:00Z,5.27,5.27,5.27,5.27,0.0
SOTK,2026-09-30T12:06:00Z,5.27,5.27,5.27,5.27,0.0
SOTK,2026-09-30T12:07:00Z,5.56,5.56,5.56,5.56,800.0
SOTK,2026-09-30T12:08:00Z,5.56,5.56,5.56,5.56,800.0
SOTK,2026-09-30T12:09:00Z,5.65,5.65,5.4,5.4,786.0
SOTK,2026-09-30T12:10:00Z,5.56,5.58,5.56,5.58,800.0
SOTK,2026-09-30T12:11:00Z,5.59,5.65,5.59,5.65,800.0
SOTK,2026-09-30T12:12:00Z,5.59,5.59,5.59,5.59,400.0
SOTK,2026-09-30T12:13:00Z,5.66,5.66,5.6,5.6,510.0
SOTK,2026-09-30T12:14:00Z,5.58,5.59,5.58,5.59,300.0
SOTK,2026-09-30T12:15:00Z,5.57,5.57,5.56,5.56,1100.0
SOTK,2026-09-30T12:16:00Z,5.56,5.56,5.56,5.56,0.0
SOTK,2026-09-30T12:17:00Z,5.56,5.56,5.56,5.56,0.0
SOTK,2026-09-30T12:18:00Z,5.56,5.56,5.56,5.56,0.0
SOTK,2026-09-30T12:19:00Z,5.56,5.56,5.56,5.56,0.0
SOTK,2026-09-30T12:20:00Z,5.56,5.56,5.56,5.56,0.0
SOTK,2026-09-30T12:21:00Z,5.56,5.56,5.56,5.56,0.0
SOTK,2026-09-30T12:22:00Z,5.56,5.56,5.56,5.56,0.0
SOTK,2026-09-30T12:23:00Z,5.56,5.56,5.56,5.56,0.0
SOTK,2026-09-30T12:24:00Z,5.56,5.56,5.56,5.56,0.0
SOTK,2026-09-30T12:25:00Z,5.56,5.56,5.56,5.56,0.0
SOTK,2026-09-30T12:26:00Z,5.56,5.56,5.56,5.56,0.0
SOTK,2026-09-30T12:27:00Z,5.56,5.56,5.56,5.56,0.0
SOTK,2026-09-30T12:28:00Z,5.56,5.56,5.56,5.56,0.0
SOTK,2026-09-30T12:29:00Z,5.56,5.56,5.56,5.56,0.0
SOTK,2026-09-30T12:30:00Z,5.56,5.56,5.56,5.56,0.0
SOTK,2026-09-30T12:31:00Z,5.56,5.56,5.56,5.56,0.0
SOTK,2026-09-30T12:32:00Z,5.56,5.56,5.56,5.56,0.0
SOTK,2026-09-30T12:33:00Z,5.56,5.56,5.56,5.56,0.0
SOTK,2026-09-30T12:34:00Z,5.56,5.56,5.56,5.56,0.0
SOTK,2026-09-30T12:35:00Z,5.56,5.56,5.56,5.56,0.0
SOTK,2026-09-30T12:36:00Z,5.56,5.56,5.56,5.56,0.0
SOTK,2026-09-30T12:37:00Z,5.56,5.56,5.56,5.56,0.0
SOTK,2026-09-30T12:38:00Z,5.56,5.56,5.56,5.56,0.0
SOTK,2026-09-30T12:39:00Z,5.56,5.56,5.56,5.56,0.0
SOTK,2026-09-30T12:40:00Z,5.56,5.56,5.56,5.56,0.0
SOTK,2026-09-30T12:41:00Z,5.56,5.56,5.56,5.56,0.0
SOTK,2026-09-30T12:42:00Z,5.56,5.56,5.53,5.53,100.0
SOTK,2026-09-30T12:43:00Z,5.53,5.53,5.53,5.53,0.0
SOTK,2026-09-30T12:44:00Z,5.53,5.53,5.53,5.53,0.0
SOTK,2026-09-30T12:45:00Z,5.53,5.53,5.53,5.53,0.0
SOTK,2026-09-30T12:46:00Z,5.53,5.53,5.53,5.53,0.0
SOTK,2026-09-30T12:47:00Z,5.53,5.53,5.53,5.53,0.0
SOTK,2026-09-30T12:48:00Z,5.53,5.53,5.53,5.53,0.0
SOTK,2026-09-30T12:49:00Z,5.53,5.53,5.53,5.53,0.0
SOTK,2026-09-30T12:50:00Z,5.53,5.53,5.53,5.53,0.0
SOTK,2026-09-30T12:51:00Z,5.53,5.53,5.53,5.53,0.0
SOTK,2026-09-30T12:52:00Z,5.53,5.53,5.53,5.53,0.0
SOTK,2026-09-30T12:53:00Z,5.53,5.53,5.53,5.53,0.0
SOTK,2026-09-30T12:54:00Z,5.53,5.53,5.53,5.53,0.0
SOTK,2026-09-30T12:55:00Z,5.53,5.53,5.53,5.53,0.0
SOTK,2026-09-30T12:56:00Z,5.53,5.53,5.53,5.53,0.0
SOTK,2026-09-30T12:57:00Z,5.53,5.53,5.53,5.53,0.0
SOTK,2026-09-30T12:58:00Z,5.53,5.53,5.53,5.53,0.0
SOTK,2026-09-30T12:59:00Z,5.53,5.53,5.53,5.53,0.0
SOTK,2026-09-30T13:00:00Z,5.53,5.53,5.53,5.53,0.0
SOTK,2026-09-30T13:01:00Z,5.53,5.53,5.53,5.53,0.0
SOTK,2026-09-30T13:02:00Z,5.53,5.53,5.53,5.53,0.0
SOTK,2026-09-30T13:03:00Z,5.53,5.53,5.53,5.53,0.0
SOTK,2026-09-30T13:04:00Z,5.53,5.53,5.53,5.53,0.0
SOTK,2026-09-30T13:05:00Z,5.53,5.53,5.5,5.5,198.0
SOTK,2026-09-30T13:06:00Z,5.5,5.5,5.5,5.5,0.0
SOTK,2026-09-30T13:07:00Z,5.5,5.5,5.5,5.5,0.0
SOTK,2026-09-30T13:08:00Z,5.5,5.5,5.5,5.5,0.0
SOTK,2026-09-30T13:09:00Z,5.5,5.5,5.5,5.5,0.0
SOTK,2026-09-30T13:10:00Z,5.5,5.5,5.5,5.5,0.0
SOTK,2026-09-30T13:11:00Z,5.5,5.5,5.5,5.5,0.0
SOTK,2026-09-30T13:12:00Z,5.5,5.5,5.5,5.5,0.0
SOTK,2026-09-30T13:13:00Z,5.5,5.5,5.5,5.5,0.0
SOTK,2026-09-30T13:14:00Z,5.5,5.5,5.5,5.5,0.0
SOTK,2026-09-30T13:15:00Z,5.5,5.5,5.5,5.5,0.0
SOTK,2026-09-30T13:16:00Z,5.5,5.5,5.5,5.5,0.0
SOTK,2026-09-30T13:17:00Z,5.5,5.5,5.5,5.5,0.0
SOTK,2026-09-30T13:18:00Z,5.5,5.5,5.5,5.5,0.0
SOTK,2026-09-30T13:19:00Z,5.5,5.5,5.5,5.5,0.0
SOTK,2026-09-30T13:20:00Z,5.5,5.5,5.5,5.5,0.0
SOTK,2026-09-30T13:21:00Z,5.5,5.5,5.5,5.5,0.0
SOTK,2026-09-30T13:22:00Z,5.5,5.5,5.5,5.5,0.0
SOTK,2026-09-30T13:23:00Z,5.5,5.5,5.5,5.5,0.0
SOTK,2026-09-30T13:24:00Z,5.5,5.5,5.5,5.5,0.0
SOTK,2026-09-30T13:25:00Z,5.5,5.5,5.5,5.5,0.0
SOTK,2026-09-30T13:26:00Z,5.5,5.5,5.5,5.5,0.0
SOTK,2026-09-30T13:27:00Z,5.5,5.5,5.36,5.42,1400.0
SOTK,2026-09-30T13:28:00Z,5.42,5.42,5.26,5.3,490.0
SOTK,2026-09-30T13:29:00Z,5.3,5.3,5.3,5.3,0.0
SOTK,2026-09-30T13:30:00Z,5.51,5.79,5.3,5.79,28124.0
SOTK,2026-09-30T13:31:00Z,5.79,5.79,5.7,5.75,3076.0
SOTK,2026-09-30T13:32:00Z,5.75,5.91,5.74,5.82,1563.0
SOTK,2026-09-30T13:33:00Z,5.82,6.06,5.7,5.92,18079.0
SOTK,2026-09-30T13:34:00Z,5.92,6.2,5.81,6.08,9755.0
SOTK,2026-09-30T13:35:00Z,6.0,6.07,5.92,5.96,1701.0
SOTK,2026-09-30T13:36:00Z,5.96,5.98,5.9,5.9,3903.0
SOTK,2026-09-30T13:37:00Z,5.9,5.99,5.88,5.96,4530.0
SOTK,2026-09-30T13:38:00Z,5.96,6.04,5.96,6.04,2846.0
SOTK,2026-09-30T13:39:00Z,6.04,6.09,6.0,6.04,6360.0
SOTK,2026-09-30T13:40:00Z,6.04,6.13,6.04,6.07,1994.0
SOTK,2026-09-30T13:41:00Z,6.07,6.1,6.07,6.1,830.0
SOTK,2026-09-30T13:42:00Z,6.1,6.14,6.1,6.14,285.0
SOTK,2026-09-30T13:43:00Z,6.14,6.19,6.09,6.12,1579.0
SOTK,2026-09-30T13:44:00Z,6.12,6.2,6.05,6.08,7513.0
SOTK,2026-09-30T13:45:00Z,6.08,6.18,6.08,6.11,2287.0
SOTK,2026-09-30T13:46:00Z,6.11,6.11,6.1,6.1,400.0
SOTK,2026-09-30T13:47:00Z,6.1,6.15,6.1,6.14,700.0
SOTK,2026-09-30T13:48:00Z,6.14,6.19,6.1,6.19,3510.0
SOTK,2026-09-30T13:49:00Z,6.19,6.38,6.18,6.24,19758.0
SOTK,2026-09-30T13:50:00Z,6.33,6.33,6.24,6.25,9437.0
SOTK,2026-09-30T13:51:00Z,6.34,6.34,6.23,6.23,7186.0
SOTK,2026-09-30T13:52:00Z,6.21,6.29,6.14,6.15,9184.0
SOTK,2026-09-30T13:53:00Z,6.15,6.15,6.07,6.14,6470.0
SOTK,2026-09-30T13:54:00Z,6.14,6.19,6.14,6.19,719.0
SOTK,2026-09-30T13:55:00Z,6.19,6.25,6.17,6.25,12174.0
SOTK,2026-09-30T13:56:00Z,6.25,6.25,6.15,6.15,633.0
SOTK,2026-09-30T13:57:00Z,6.15,6.24,6.15,6.21,1390.0
SOTK,2026-09-30T13:58:00Z,6.21,6.21,6.16,6.17,987.0
SOTK,2026-09-30T13:59:00Z,6.19,6.22,6.15,6.15,2889.0
SOTK,2026-09-30T14:00:00Z,6.15,6.23,6.15,6.16,2546.0
SOTK,2026-09-30T14:01:00Z,6.16,6.25,6.1,6.12,6585.0
SOTK,2026-09-30T14:02:00Z,6.12,6.24,6.11,6.16,1327.0
SOTK,2026-09-30T14:03:00Z,6.24,6.24,6.17,6.2,2200.0
SOTK,2026-09-30T14:04:00Z,6.2,6.2,6.17,6.18,1324.0
SOTK,2026-09-30T14:05:00Z,6.18,6.19,6.13,6.19,1360.0
SOTK,2026-09-30T14:06:00Z,6.19,6.19,6.13,6.16,796.0
SOTK,2026-09-30T14:07:00Z,6.16,6.16,6.14,6.14,200.0
SOTK,2026-09-30T14:08:00Z,6.14,6.15,6.14,6.15,389.0
SOTK,2026-09-30T14:09:00Z,6.15,6.17,6.14,6.14,1889.0
SOTK,2026-09-30T14:10:00Z,6.13,6.15,6.08,6.09,2551.0
SOTK,2026-09-30T14:11:00Z,6.09,6.12,6.09,6.11,1033.0
SOTK,2026-09-30T14:12:00Z,6.11,6.17,6.11,6.16,5926.0
SOTK,2026-09-30T14:13:00Z,6.16,6.17,6.16,6.17,3309.0
SOTK,2026-09-30T14:14:00Z,6.17,6.17,6.16,6.16,100.0
SOTK,2026-09-30T14:15:00Z,6.15,6.16,6.13,6.13,2450.0
SOTK,2026-09-30T14:16:00Z,6.13,6.13,6.13,6.13,399.0
SOTK,2026-09-30T14:17:00Z,6.13,6.15,6.13,6.15,1076.0
SOTK,2026-09-30T14:18:00Z,6.17,6.17,6.11,6.11,4130.0
SOTK,2026-09-30T14:19:00Z,6.11,6.25,6.11,6.24,5920.0
SOTK,2026-09-30T14:20:00Z,6.24,6.24,6.17,6.21,3250.0
SOTK,2026-09-30T14:21:00Z,6.2,6.2,6.17,6.17,550.0
SOTK,2026-09-30T14:22:00Z,6.17,6.22,6.13,6.14,1225.0
SOTK,2026-09-30T14:23:00Z,6.12,6.15,6.06,6.15,3839.0
SOTK,2026-09-30T14:24:00Z,6.15,6.2,6.11,6.11,428.0
SOTK,2026-09-30T14:25:00Z,6.11,6.11,6.11,6.11,1489.0
SOTK,2026-09-30T14:26:00Z,6.11,6.15,6.1,6.15,395.0
SOTK,2026-09-30T14:27:00Z,6.15,6.16,6.12,6.16,400.0
SOTK,2026-09-30T14:28:00Z,6.16,6.16,6.16,6.16,600.0
SOTK,2026-09-30T14:29:00Z,6.12,6.12,6.01,6.01,4850.0
SOTK,2026-09-30T14:30:00Z,6.01,6.04,6.01,6.04,2400.0
SOTK,2026-09-30T14:31:00Z,6.04,6.08,6.01,6.08,1875.0
SOTK,2026-09-30T14:32:00Z,6.1,6.12,6.1,6.12,400.0
SOTK,2026-09-30T14:33:00Z,6.12,6.14,6.07,6.07,409.0
SOTK,2026-09-30T14:34:00Z,6.08,6.08,6.0,6.0,5719.0
SOTK,2026-09-30T14:35:00Z,6.0,6.08,6.0,6.08,384.0
SOTK,2026-09-30T14:36:00Z,6.08,6.08,6.08,6.08,202.0
SOTK,2026-09-30T14:37:00Z,6.08,6.09,6.08,6.09,300.0
SOTK,2026-09-30T14:38:00Z,6.09,6.09,6.08,6.08,1389.0
SOTK,2026-09-30T14:39:00Z,6.08,6.08,6.0,6.0,966.0
SOTK,2026-09-30T14:40:00Z,6.0,6.0,5.92,5.92,1346.0
SOTK,2026-09-30T14:41:00Z,5.92,5.95,5.82,5.9,11476.0
SOTK,2026-09-30T14:42:00Z,5.9,6.01,5.9,6.01,1694.0
SOTK,2026-09-30T14:43:00Z,6.01,6.01,6.01,6.01,0.0
SOTK,2026-09-30T14:44:00Z,6.01,6.04,5.94,6.04,1606.0
SOTK,2026-09-30T14:45:00Z,6.04,6.04,5.97,5.97,543.0
SOTK,2026-09-30T14:46:00Z,5.97,5.97,5.97,5.97,0.0
SOTK,2026-09-30T14:47:00Z,5.97,5.98,5.97,5.98,173.0
SOTK,2026-09-30T14:48:00Z,5.98,6.01,5.97,5.99,6132.0
SOTK,2026-09-30T14:49:00Z,5.94,6.0,5.88,5.92,6000.0
SOTK,2026-09-30T14:50:00Z,5.92,5.98,5.92,5.98,934.0
SOTK,2026-09-30T14:51:00Z,5.98,6.0,5.95,6.0,5306.0
SOTK,2026-09-30T14:52:00Z,6.0,6.0,5.98,5.98,261.0
SOTK,2026-09-30T14:53:00Z,5.98,5.98,5.95,5.95,451.0
SOTK,2026-09-30T14:54:00Z,5.95,5.96,5.93,5.93,500.0
SOTK,2026-09-30T14:55:00Z,5.93,5.93,5.9,5.9,209.0
SOTK,2026-09-30T14:56:00Z,5.9,5.92,5.9,5.92,325.0
SOTK,2026-09-30T14:57:00Z,5.92,5.92,5.92,5.92,0.0
SOTK,2026-09-30T14:58:00Z,5.92,5.92,5.92,5.92,0.0
SOTK,2026-09-30T14:59:00Z,5.93,5.93,5.91,5.91,404.0
SOTK,2026-09-30T15:00:00Z,5.91,5.93,5.91,5.93,162.0
SOTK,2026-09-30T15:01:00Z,5.94,5.94,5.94,5.94,135.0
SOTK,2026-09-30T15:02:00Z,5.94,5.94,5.94,5.94,0.0
SOTK,2026-09-30T15:03:00Z,5.94,5.94,5.92,5.92,305.0
SOTK,2026-09-30T15:04:00Z,5.92,5.94,5.92,5.94,100.0
SOTK,2026-09-30T15:05:00Z,5.94,5.94,5.92,5.94,3300.0
SOTK,2026-09-30T15:06:00Z,5.94,5.95,5.94,5.95,227.0
SOTK,2026-09-30T15:07:00Z,5.95,5.96,5.93,5.95,6153.0
SOTK,2026-09-30T15:08:00Z,5.95,5.98,5.95,5.98,190.0
SOTK,2026-09-30T15:09:00Z,5.98,5.99,5.95,5.99,1287.0
SOTK,2026-09-30T15:10:00Z,5.99,6.02,5.99,6.02,8505.0
SOTK,2026-09-30T15:11:00Z,5.99,6.02,5.98,5.98,739.0
SOTK,2026-09-30T15:12:00Z,5.98,5.98,5.98,5.98,0.0
SOTK,2026-09-30T15:13:00Z,5.98,5.99,5.98,5.98,790.0
SOTK,2026-09-30T15:14:00Z,5.98,5.99,5.98,5.99,100.0
SOTK,2026-09-30T15:15:00Z,5.99,6.0,5.99,6.0,735.0
SOTK,2026-09-30T15:16:00Z,6.0,6.0,6.0,6.0,0.0
SOTK,2026-09-30T15:17:00Z,6.0,6.0,5.99,5.99,100.0
SOTK,2026-09-30T15:18:00Z,5.99,6.03,5.98,5.98,3452.0
SOTK,2026-09-30T15:19:00Z,5.98,6.02,5.98,6.02,124.0
SOTK,2026-09-30T15:20:00Z,6.02,6.02,5.98,5.98,946.0
SOTK,2026-09-30T15:21:00Z,5.98,5.98,5.98,5.98,0.0
SOTK,2026-09-30T15:22:00Z,5.93,6.1,5.87,6.07,11153.0
SOTK,2026-09-30T15:23:00Z,6.07,6.07,6.0,6.0,100.0
SOTK,2026-09-30T15:24:00Z,6.0,6.05,6.0,6.05,705.0
SOTK,2026-09-30T15:25:00Z,6.05,6.05,5.93,5.95,4355.0
SOTK,2026-09-30T15:26:00Z,5.95,6.05,5.95,5.95,3464.0
SOTK,2026-09-30T15:27:00Z,5.94,5.99,5.94,5.97,1486.0
SOTK,2026-09-30T15:28:00Z,5.97,5.97,5.97,5.97,0.0
SOTK,2026-09-30T15:29:00Z,5.97,5.97,5.97,5.97,0.0
SOTK,2026-09-30T15:30:00Z,5.97,5.97,5.96,5.96,602.0
SOTK,2026-09-30T15:31:00Z,5.96,5.96,5.96,5.96,0.0
VBIO,2026-09-30T08:00:00Z,2.83,2.83,2.83,2.83,650.0
VBIO,2026-09-30T08:01:00Z,2.83,2.83,2.83,2.83,0.0
VBIO,2026-09-30T08:02:00Z,2.83,2.83,2.83,2.83,0.0
VBIO,2026-09-30T08:03:00Z,2.83,2.83,2.83,2.83,0.0
VBIO,2026-09-30T08:04:00Z,2.83,2.83,2.83,2.83,0.0
VBIO,2026-09-30T08:05:00Z,2.7,2.7,2.7,2.7,171.0
VBIO,2026-09-30T08:06:00Z,2.7,2.7,2.7,2.7,0.0
VBIO,2026-09-30T08:07:00Z,2.7,2.7,2.7,2.7,0.0
VBIO,2026-09-30T08:08:00Z,2.7,2.7,2.7,2.7,0.0
VBIO,2026-09-30T08:09:00Z,2.7,2.7,2.7,2.7,0.0
VBIO,2026-09-30T08:10:00Z,2.7,2.7,2.7,2.7,0.0
VBIO,2026-09-30T08:11:00Z,2.7,2.7,2.7,2.7,0.0
VBIO,2026-09-30T08:12:00Z,2.7,2.7,2.7,2.7,0.0
VBIO,2026-09-30T08:13:00Z,2.7,2.7,2.7,2.7,0.0
VBIO,2026-09-30T08:14:00Z,2.7,2.7,2.7,2.7,0.0
VBIO,2026-09-30T08:15:00Z,2.7,2.7,2.7,2.7,0.0
VBIO,2026-09-30T08:16:00Z,2.7,2.7,2.7,2.7,0.0
VBIO,2026-09-30T08:17:00Z,2.7,2.7,2.7,2.7,0.0
VBIO,2026-09-30T08:18:00Z,2.7,2.7,2.7,2.7,0.0
VBIO,2026-09-30T08:19:00Z,2.7,2.7,2.7,2.7,0.0
VBIO,2026-09-30T08:20:00Z,2.7,2.7,2.7,2.7,0.0
VBIO,2026-09-30T08:21:00Z,2.7,2.7,2.7,2.7,0.0
VBIO,2026-09-30T08:22:00Z,2.7,2.7,2.7,2.7,0.0
VBIO,2026-09-30T08:23:00Z,2.7,2.7,2.7,2.7,0.0
VBIO,2026-09-30T08:24:00Z,2.7,2.7,2.7,2.7,0.0
VBIO,2026-09-30T08:25:00Z,2.7,2.7,2.7,2.7,0.0
VBIO,2026-09-30T08:26:00Z,2.7,2.7,2.7,2.7,0.0
VBIO,2026-09-30T08:27:00Z,2.7,2.7,2.7,2.7,0.0
VBIO,2026-09-30T08:28:00Z,2.727,2.727,2.727,2.727,129.0
VBIO,2026-09-30T08:29:00Z,2.727,2.727,2.727,2.727,0.0
VBIO,2026-09-30T08:30:00Z,2.727,2.727,2.727,2.727,0.0
VBIO,2026-09-30T08:31:00Z,2.727,2.727,2.727,2.727,0.0
VBIO,2026-09-30T08:32:00Z,2.727,2.727,2.727,2.727,0.0
VBIO,2026-09-30T08:33:00Z,2.727,2.727,2.727,2.727,0.0
VBIO,2026-09-30T08:34:00Z,2.727,2.727,2.727,2.727,0.0
VBIO,2026-09-30T08:35:00Z,2.727,2.727,2.727,2.727,0.0
VBIO,2026-09-30T08:36:00Z,2.727,2.727,2.727,2.727,0.0
VBIO,2026-09-30T08:37:00Z,2.727,2.727,2.727,2.727,0.0
VBIO,2026-09-30T08:38:00Z,2.727,2.727,2.727,2.727,0.0
VBIO,2026-09-30T08:39:00Z,2.727,2.727,2.727,2.727,0.0
VBIO,2026-09-30T08:40:00Z,2.727,2.727,2.727,2.727,0.0
VBIO,2026-09-30T08:41:00Z,2.727,2.727,2.727,2.727,0.0
VBIO,2026-09-30T08:42:00Z,2.727,2.727,2.727,2.727,0.0
VBIO,2026-09-30T08:43:00Z,2.727,2.727,2.727,2.727,0.0
VBIO,2026-09-30T08:44:00Z,2.727,2.727,2.727,2.727,0.0
VBIO,2026-09-30T08:45:00Z,2.727,2.727,2.727,2.727,0.0
VBIO,2026-09-30T08:46:00Z,2.727,2.727,2.727,2.727,0.0
VBIO,2026-09-30T08:47:00Z,2.727,2.727,2.727,2.727,0.0
VBIO,2026-09-30T08:48:00Z,2.727,2.727,2.727,2.727,0.0
VBIO,2026-09-30T08:49:00Z,2.727,2.727,2.727,2.727,0.0
VBIO,2026-09-30T08:50:00Z,2.727,2.727,2.727,2.727,0.0
VBIO,2026-09-30T08:51:00Z,2.727,2.727,2.727,2.727,0.0
VBIO,2026-09-30T08:52:00Z,2.727,2.727,2.727,2.727,0.0
VBIO,2026-09-30T08:53:00Z,2.727,2.727,2.727,2.727,0.0
VBIO,2026-09-30T08:54:00Z,2.727,2.727,2.727,2.727,0.0
VBIO,2026-09-30T08:55:00Z,2.727,2.727,2.727,2.727,0.0
VBIO,2026-09-30T08:56:00Z,2.727,2.727,2.727,2.727,0.0
VBIO,2026-09-30T08:57:00Z,2.727,2.727,2.727,2.727,0.0
VBIO,2026-09-30T08:58:00Z,2.727,2.727,2.727,2.727,0.0
VBIO,2026-09-30T08:59:00Z,2.727,2.727,2.727,2.727,0.0
VBIO,2026-09-30T09:00:00Z,2.727,2.727,2.727,2.727,0.0
VBIO,2026-09-30T09:01:00Z,2.727,2.727,2.727,2.727,0.0
VBIO,2026-09-30T09:02:00Z,2.727,2.727,2.727,2.727,0.0
VBIO,2026-09-30T09:03:00Z,2.727,2.727,2.727,2.727,0.0
VBIO,2026-09-30T09:04:00Z,2.727,2.727,2.727,2.727,0.0
VBIO,2026-09-30T09:05:00Z,2.727,2.727,2.727,2.727,0.0
VBIO,2026-09-30T09:06:00Z,2.727,2.727,2.727,2.727,0.0
VBIO,2026-09-30T09:07:00Z,2.727,2.727,2.727,2.727,0.0
VBIO,2026-09-30T09:08:00Z,2.727,2.727,2.727,2.727,0.0
VBIO,2026-09-30T09:09:00Z,2.727,2.727,2.727,2.727,0.0
VBIO,2026-09-30T09:10:00Z,2.727,2.727,2.727,2.727,0.0
VBIO,2026-09-30T09:11:00Z,2.727,2.727,2.727,2.727,0.0
VBIO,2026-09-30T09:12:00Z,2.727,2.727,2.727,2.727,0.0
VBIO,2026-09-30T09:13:00Z,2.727,2.727,2.727,2.727,0.0
VBIO,2026-09-30T09:14:00Z,2.727,2.727,2.727,2.727,0.0
VBIO,2026-09-30T09:15:00Z,2.727,2.727,2.727,2.727,0.0
VBIO,2026-09-30T09:16:00Z,2.727,2.727,2.727,2.727,0.0
VBIO,2026-09-30T09:17:00Z,2.727,2.727,2.727,2.727,0.0
VBIO,2026-09-30T09:18:00Z,2.727,2.727,2.727,2.727,0.0
VBIO,2026-09-30T09:19:00Z,2.727,2.727,2.727,2.727,0.0
VBIO,2026-09-30T09:20:00Z,2.727,2.727,2.727,2.727,0.0
VBIO,2026-09-30T09:21:00Z,2.727,2.727,2.727,2.727,0.0
VBIO,2026-09-30T09:22:00Z,2.727,2.727,2.727,2.727,0.0
VBIO,2026-09-30T09:23:00Z,2.727,2.727,2.727,2.727,0.0
VBIO,2026-09-30T09:24:00Z,2.727,2.727,2.727,2.727,0.0
VBIO,2026-09-30T09:25:00Z,2.727,2.727,2.727,2.727,0.0
VBIO,2026-09-30T09:26:00Z,2.727,2.727,2.727,2.727,0.0
VBIO,2026-09-30T09:27:00Z,2.727,2.727,2.727,2.727,0.0
VBIO,2026-09-30T09:28:00Z,2.727,2.727,2.727,2.727,0.0
VBIO,2026-09-30T09:29:00Z,2.727,2.727,2.727,2.727,0.0
VBIO,2026-09-30T09:30:00Z,2.727,2.727,2.727,2.727,0.0
VBIO,2026-09-30T09:31:00Z,2.727,2.727,2.727,2.727,0.0
VBIO,2026-09-30T09:32:00Z,2.727,2.727,2.727,2.727,0.0
VBIO,2026-09-30T09:33:00Z,2.727,2.727,2.727,2.727,0.0
VBIO,2026-09-30T09:34:00Z,2.727,2.727,2.727,2.727,0.0
VBIO,2026-09-30T09:35:00Z,2.727,2.727,2.727,2.727,0.0
VBIO,2026-09-30T09:36:00Z,2.727,2.727,2.727,2.727,0.0
VBIO,2026-09-30T09:37:00Z,2.727,2.727,2.727,2.727,0.0
VBIO,2026-09-30T09:38:00Z,2.727,2.727,2.727,2.727,0.0
VBIO,2026-09-30T09:39:00Z,2.727,2.727,2.727,2.727,0.0
VBIO,2026-09-30T09:40:00Z,2.727,2.727,2.727,2.727,0.0
VBIO,2026-09-30T09:41:00Z,2.727,2.727,2.727,2.727,0.0
VBIO,2026-09-30T09:42:00Z,2.727,2.727,2.727,2.727,0.0
VBIO,2026-09-30T09:43:00Z,2.727,2.727,2.727,2.727,0.0
VBIO,2026-09-30T09:44:00Z,2.727,2.727,2.727,2.727,0.0
VBIO,2026-09-30T09:45:00Z,2.727,2.727,2.727,2.727,0.0
VBIO,2026-09-30T09:46:00Z,2.727,2.727,2.727,2.727,0.0
VBIO,2026-09-30T09:47:00Z,2.727,2.727,2.727,2.727,0.0
VBIO,2026-09-30T09:48:00Z,2.8595,2.8595,2.8595,2.8595,116.0
VBIO,2026-09-30T09:49:00Z,2.8595,2.8595,2.8595,2.8595,0.0
VBIO,2026-09-30T09:50:00Z,2.85,2.85,2.85,2.85,200.0
VBIO,2026-09-30T09:51:00Z,2.85,2.85,2.85,2.85,0.0
VBIO,2026-09-30T09:52:00Z,2.85,2.85,2.85,2.85,0.0
VBIO,2026-09-30T09:53:00Z,2.85,2.85,2.85,2.85,0.0
VBIO,2026-09-30T09:54:00Z,2.85,2.85,2.85,2.85,0.0
VBIO,2026-09-30T09:55:00Z,2.85,2.85,2.85,2.85,0.0
VBIO,2026-09-30T09:56:00Z,2.85,2.85,2.85,2.85,0.0
VBIO,2026-09-30T09:57:00Z,2.85,2.85,2.85,2.85,0.0
VBIO,2026-09-30T09:58:00Z,2.85,2.85,2.85,2.85,0.0
VBIO,2026-09-30T09:59:00Z,2.85,2.85,2.85,2.85,0.0
VBIO,2026-09-30T10:00:00Z,2.85,2.85,2.85,2.85,0.0
VBIO,2026-09-30T10:01:00Z,2.85,2.85,2.85,2.85,0.0
VBIO,2026-09-30T10:02:00Z,2.85,2.85,2.85,2.85,0.0
VBIO,2026-09-30T10:03:00Z,2.85,2.85,2.85,2.85,0.0
VBIO,2026-09-30T10:04:00Z,2.85,2.85,2.85,2.85,0.0
VBIO,2026-09-30T10:05:00Z,2.85,2.85,2.85,2.85,0.0
VBIO,2026-09-30T10:06:00Z,2.85,2.85,2.85,2.85,0.0
VBIO,2026-09-30T10:07:00Z,2.85,2.85,2.85,2.85,0.0
VBIO,2026-09-30T10:08:00Z,2.85,2.85,2.85,2.85,0.0
VBIO,2026-09-30T10:09:00Z,2.85,2.85,2.85,2.85,0.0
VBIO,2026-09-30T10:10:00Z,2.85,2.85,2.85,2.85,0.0
VBIO,2026-09-30T10:11:00Z,2.85,2.85,2.85,2.85,0.0
VBIO,2026-09-30T10:12:00Z,2.85,2.85,2.85,2.85,0.0
VBIO,2026-09-30T10:13:00Z,2.85,2.85,2.85,2.85,0.0
VBIO,2026-09-30T10:14:00Z,2.85,2.85,2.85,2.85,0.0
VBIO,2026-09-30T10:15:00Z,2.85,2.85,2.85,2.85,0.0
VBIO,2026-09-30T10:16:00Z,2.85,2.85,2.85,2.85,0.0
VBIO,2026-09-30T10:17:00Z,2.85,2.85,2.85,2.85,0.0
VBIO,2026-09-30T10:18:00Z,2.85,2.85,2.85,2.85,0.0
VBIO,2026-09-30T10:19:00Z,2.85,2.85,2.85,2.85,0.0
VBIO,2026-09-30T10:20:00Z,2.85,2.85,2.85,2.85,0.0
VBIO,2026-09-30T10:21:00Z,2.85,2.85,2.85,2.85,0.0
VBIO,2026-09-30T10:22:00Z,2.85,2.85,2.85,2.85,0.0
VBIO,2026-09-30T10:23:00Z,2.85,2.85,2.85,2.85,0.0
VBIO,2026-09-30T10:24:00Z,2.85,2.85,2.85,2.85,0.0
VBIO,2026-09-30T10:25:00Z,2.85,2.85,2.85,2.85,0.0
VBIO,2026-09-30T10:26:00Z,2.85,2.85,2.85,2.85,0.0
VBIO,2026-09-30T10:27:00Z,2.85,2.85,2.85,2.85,0.0
VBIO,2026-09-30T10:28:00Z,2.85,2.85,2.85,2.85,0.0
VBIO,2026-09-30T10:29:00Z,2.85,2.85,2.85,2.85,0.0
VBIO,2026-09-30T10:30:00Z,2.85,2.85,2.85,2.85,0.0
VBIO,2026-09-30T10:31:00Z,2.85,2.85,2.85,2.85,0.0
VBIO,2026-09-30T10:32:00Z,2.85,2.85,2.85,2.85,0.0
VBIO,2026-09-30T10:33:00Z,2.85,2.85,2.85,2.85,0.0
VBIO,2026-09-30T10:34:00Z,2.85,2.85,2.85,2.85,0.0
VBIO,2026-09-30T10:35:00Z,2.85,2.85,2.85,2.85,0.0
VBIO,2026-09-30T10:36:00Z,2.85,2.85,2.85,2.85,0.0
VBIO,2026-09-30T10:37:00Z,2.85,2.85,2.85,2.85,0.0
VBIO,2026-09-30T10:38:00Z,2.85,2.85,2.85,2.85,0.0
VBIO,2026-09-30T10:39:00Z,2.85,2.85,2.85,2.85,0.0
VBIO,2026-09-30T10:40:00Z,2.85,2.85,2.85,2.85,0.0
VBIO,2026-09-30T10:41:00Z,2.85,2.85,2.85,2.85,0.0
VBIO,2026-09-30T10:42:00Z,2.85,2.85,2.85,2.85,0.0
VBIO,2026-09-30T10:43:00Z,2.85,2.85,2.85,2.85,0.0
VBIO,2026-09-30T10:44:00Z,2.85,2.85,2.85,2.85,0.0
VBIO,2026-09-30T10:45:00Z,2.85,2.85,2.85,2.85,0.0
VBIO,2026-09-30T10:46:00Z,2.85,2.85,2.85,2.85,0.0
VBIO,2026-09-30T10:47:00Z,2.85,2.85,2.85,2.85,0.0
VBIO,2026-09-30T10:48:00Z,2.85,2.85,2.85,2.85,0.0
VBIO,2026-09-30T10:49:00Z,2.85,2.85,2.85,2.85,0.0
VBIO,2026-09-30T10:50:00Z,2.85,2.85,2.85,2.85,0.0
VBIO,2026-09-30T10:51:00Z,2.85,2.85,2.85,2.85,0.0
VBIO,2026-09-30T10:52:00Z,2.85,2.85,2.85,2.85,0.0
VBIO,2026-09-30T10:53:00Z,2.85,2.85,2.85,2.85,0.0
VBIO,2026-09-30T10:54:00Z,2.85,2.85,2.85,2.85,0.0
VBIO,2026-09-30T10:55:00Z,2.85,2.85,2.85,2.85,0.0
VBIO,2026-09-30T10:56:00Z,2.85,2.85,2.85,2.85,0.0
VBIO,2026-09-30T10:57:00Z,2.85,2.85,2.85,2.85,0.0
VBIO,2026-09-30T10:58:00Z,2.85,2.85,2.85,2.85,0.0
VBIO,2026-09-30T10:59:00Z,2.85,2.85,2.85,2.85,0.0
VBIO,2026-09-30T11:00:00Z,2.85,2.85,2.85,2.85,0.0
VBIO,2026-09-30T11:01:00Z,2.85,2.85,2.85,2.85,0.0
VBIO,2026-09-30T11:02:00Z,2.85,2.85,2.85,2.85,0.0
VBIO,2026-09-30T11:03:00Z,2.85,2.85,2.85,2.85,0.0
VBIO,2026-09-30T11:04:00Z,2.85,2.85,2.85,2.85,0.0
VBIO,2026-09-30T11:05:00Z,2.85,2.85,2.85,2.85,0.0
VBIO,2026-09-30T11:06:00Z,2.85,2.85,2.85,2.85,0.0
VBIO,2026-09-30T11:07:00Z,2.85,2.85,2.85,2.85,0.0
VBIO,2026-09-30T11:08:00Z,2.85,2.85,2.85,2.85,0.0
VBIO,2026-09-30T11:09:00Z,2.85,2.85,2.85,2.85,0.0
VBIO,2026-09-30T11:10:00Z,2.85,2.85,2.85,2.85,0.0
VBIO,2026-09-30T11:11:00Z,2.85,2.85,2.85,2.85,0.0
VBIO,2026-09-30T11:12:00Z,2.85,2.85,2.85,2.85,0.0
VBIO,2026-09-30T11:13:00Z,2.85,2.85,2.85,2.85,0.0
VBIO,2026-09-30T11:14:00Z,2.85,2.85,2.85,2.85,0.0
VBIO,2026-09-30T11:15:00Z,2.85,2.85,2.85,2.85,0.0
VBIO,2026-09-30T11:16:00Z,2.85,2.85,2.85,2.85,0.0
VBIO,2026-09-30T11:17:00Z,2.85,2.85,2.85,2.85,0.0
VBIO,2026-09-30T11:18:00Z,2.85,2.85,2.85,2.85,0.0
VBIO,2026-09-30T11:19:00Z,2.85,2.85,2.85,2.85,0.0
VBIO,2026-09-30T11:20:00Z,2.85,2.85,2.85,2.85,0.0
VBIO,2026-09-30T11:21:00Z,2.85,2.85,2.85,2.85,0.0
VBIO,2026-09-30T11:22:00Z,2.85,2.85,2.85,2.85,0.0
VBIO,2026-09-30T11:23:00Z,2.85,2.85,2.85,2.85,0.0
VBIO,2026-09-30T11:24:00Z,2.85,2.85,2.85,2.85,0.0
VBIO,2026-09-30T11:25:00Z,2.85,2.85,2.85,2.85,0.0
VBIO,2026-09-30T11:26:00Z,2.85,2.85,2.85,2.85,0.0
VBIO,2026-09-30T11:27:00Z,2.85,2.85,2.85,2.85,0.0
VBIO,2026-09-30T11:28:00Z,2.85,2.85,2.85,2.85,0.0
VBIO,2026-09-30T11:29:00Z,2.85,2.85,2.85,2.85,0.0
VBIO,2026-09-30T11:30:00Z,2.85,2.85,2.85,2.85,0.0
VBIO,2026-09-30T11:31:00Z,2.85,2.85,2.85,2.85,0.0
VBIO,2026-09-30T11:32:00Z,2.85,2.85,2.85,2.85,0.0
VBIO,2026-09-30T11:33:00Z,2.85,2.85,2.85,2.85,0.0
VBIO,2026-09-30T11:34:00Z,2.85,2.85,2.85,2.85,0.0
VBIO,2026-09-30T11:35:00Z,2.85,2.85,2.85,2.85,0.0
VBIO,2026-09-30T11:36:00Z,2.85,2.85,2.85,2.85,0.0
VBIO,2026-09-30T11:37:00Z,2.85,2.85,2.85,2.85,0.0
VBIO,2026-09-30T11:38:00Z,2.85,2.85,2.85,2.85,0.0
VBIO,2026-09-30T11:39:00Z,2.85,2.85,2.85,2.85,0.0
VBIO,2026-09-30T11:40:00Z,2.85,2.85,2.85,2.85,0.0
VBIO,2026-09-30T11:41:00Z,2.7363,2.7363,2.7363,2.7363,400.0
VBIO,2026-09-30T11:42:00Z,2.7363,2.7363,2.7363,2.7363,0.0
VBIO,2026-09-30T11:43:00Z,2.7363,2.7363,2.7363,2.7363,0.0
VBIO,2026-09-30T11:44:00Z,2.7363,2.7363,2.7363,2.7363,0.0
VBIO,2026-09-30T11:45:00Z,2.8721,3.23,2.8721,3.03,16153.0
VBIO,2026-09-30T11:46:00Z,3.03,3.3699,2.83,2.87,121125.0
VBIO,2026-09-30T11:47:00Z,2.812,3.61,2.74,3.33,478277.0
VBIO,2026-09-30T11:48:00Z,3.33,3.4,2.91,2.935,338429.0
VBIO,2026-09-30T11:49:00Z,2.93,3.29,2.93,3.1286,201904.0
VBIO,2026-09-30T11:50:00Z,3.12,3.58,3.03,3.5454,592214.0
VBIO,2026-09-30T11:51:00Z,3.5207,3.69,3.2856,3.455,425031.0
VBIO,2026-09-30T11:52:00Z,3.455,3.88,3.3,3.7169,599685.0
VBIO,2026-09-30T11:53:00Z,3.701,3.83,3.58,3.6893,510235.0
VBIO,2026-09-30T11:54:00Z,3.6701,3.7,3.52,3.67,361040.0
VBIO,2026-09-30T11:55:00Z,3.672,3.68,3.3,3.4295,599355.0
VBIO,2026-09-30T11:56:00Z,3.42,3.43,3.21,3.3709,272164.0
VBIO,2026-09-30T11:57:00Z,3.3793,3.54,3.33,3.39,248842.0
VBIO,2026-09-30T11:58:00Z,3.38,3.51,3.23,3.5069,274376.0
VBIO,2026-09-30T11:59:00Z,3.494,3.52,3.35,3.4393,195389.0
VBIO,2026-09-30T12:00:00Z,3.4293,3.69,3.36,3.65,436886.0
VBIO,2026-09-30T12:01:00Z,3.66,3.75,3.58,3.65,492436.0
VBIO,2026-09-30T12:02:00Z,3.6452,3.77,3.56,3.74,392822.0
VBIO,2026-09-30T12:03:00Z,3.74,3.92,3.71,3.7885,552923.0
VBIO,2026-09-30T12:04:00Z,3.79,3.86,3.7,3.7493,360349.0
VBIO,2026-09-30T12:05:00Z,3.73,3.75,3.58,3.6001,324988.0
VBIO,2026-09-30T12:06:00Z,3.6,3.69,3.52,3.54,203757.0
VBIO,2026-09-30T12:07:00Z,3.5395,3.74,3.53,3.61,181807.0
VBIO,2026-09-30T12:08:00Z,3.6101,3.85,3.6,3.7885,392105.0
VBIO,2026-09-30T12:09:00Z,3.79,3.8699,3.68,3.73,391386.0
VBIO,2026-09-30T12:10:00Z,3.72,4.2,3.7,4.0495,931603.0
VBIO,2026-09-30T12:11:00Z,4.0487,4.13,3.98,4.108,627695.0
VBIO,2026-09-30T12:12:00Z,4.11,4.15,3.99,4.02,380125.0
VBIO,2026-09-30T12:13:00Z,4.002,4.01,3.89,3.95,621800.0
VBIO,2026-09-30T12:14:00Z,3.95,4.14,3.43,3.5,884969.0
VBIO,2026-09-30T12:15:00Z,3.4902,3.6099,3.25,3.3893,746212.0
VBIO,2026-09-30T12:16:00Z,3.3893,3.51,3.36,3.46,258048.0
VBIO,2026-09-30T12:17:00Z,3.4707,3.49,3.39,3.3994,101504.0
VBIO,2026-09-30T12:18:00Z,3.3987,3.4,3.26,3.33,173077.0
VBIO,2026-09-30T12:19:00Z,3.33,3.48,3.33,3.4295,179239.0
VBIO,2026-09-30T12:20:00Z,3.42,3.49,3.4,3.47,146340.0
VBIO,2026-09-30T12:21:00Z,3.475,3.54,3.35,3.52,202285.0
VBIO,2026-09-30T12:22:00Z,3.5205,3.54,3.41,3.425,90107.0
VBIO,2026-09-30T12:23:00Z,3.4107,3.44,3.39,3.41,68764.0
VBIO,2026-09-30T12:24:00Z,3.4107,3.46,3.41,3.45,29822.0
VBIO,2026-09-30T12:25:00Z,3.45,3.56,3.44,3.5495,138102.0
VBIO,2026-09-30T12:26:00Z,3.55,3.58,3.44,3.44,102427.0
VBIO,2026-09-30T12:27:00Z,3.4495,3.45,3.4,3.43,60069.0
VBIO,2026-09-30T12:28:00Z,3.43,3.53,3.4295,3.5,70228.0
VBIO,2026-09-30T12:29:00Z,3.5099,3.6,3.47,3.58,236297.0
VBIO,2026-09-30T12:30:00Z,3.5769,3.58,3.44,3.49,143247.0
VBIO,2026-09-30T12:31:00Z,3.4802,3.59,3.4802,3.5,90562.0
VBIO,2026-09-30T12:32:00Z,3.5005,3.51,3.5,3.5,42472.0
VBIO,2026-09-30T12:33:00Z,3.5015,3.51,3.4,3.41,56239.0
VBIO,2026-09-30T12:34:00Z,3.41,3.45,3.33,3.36,123848.0
VBIO,2026-09-30T12:35:00Z,3.3693,3.44,3.35,3.42,75445.0
VBIO,2026-09-30T12:36:00Z,3.4203,3.43,3.38,3.3985,45088.0
VBIO,2026-09-30T12:37:00Z,3.39,3.4577,3.39,3.4297,47984.0
VBIO,2026-09-30T12:38:00Z,3.4203,3.53,3.4203,3.528,75904.0
VBIO,2026-09-30T12:39:00Z,3.53,3.57,3.47,3.51,75065.0
VBIO,2026-09-30T12:40:00Z,3.52,3.52,3.44,3.44,54759.0
VBIO,2026-09-30T12:41:00Z,3.448,3.5,3.44,3.49,54248.0
VBIO,2026-09-30T12:42:00Z,3.49,3.7,3.48,3.6999,354339.0
VBIO,2026-09-30T12:43:00Z,3.7,4.0,3.6801,3.84,690838.0
VBIO,2026-09-30T12:44:00Z,3.848,3.91,3.78,3.83,312870.0
VBIO,2026-09-30T12:45:00Z,3.8495,3.87,3.78,3.79,197265.0
VBIO,2026-09-30T12:46:00Z,3.78,3.88,3.73,3.866,379299.0
VBIO,2026-09-30T12:47:00Z,3.854,3.8898,3.78,3.8,194401.0
VBIO,2026-09-30T12:48:00Z,3.79,3.84,3.64,3.69,240895.0
VBIO,2026-09-30T12:49:00Z,3.7,3.86,3.69,3.8201,258846.0
VBIO,2026-09-30T12:50:00Z,3.83,3.9,3.78,3.79,227488.0
VBIO,2026-09-30T12:51:00Z,3.7895,3.95,3.73,3.8285,348617.0
VBIO,2026-09-30T12:52:00Z,3.8108,3.85,3.79,3.8,69420.0
VBIO,2026-09-30T12:53:00Z,3.8,3.87,3.8,3.81,110805.0
VBIO,2026-09-30T12:54:00Z,3.82,3.82,3.81,3.82,49088.0
VBIO,2026-09-30T12:55:00Z,3.81,3.8192,3.7,3.75,104282.0
VBIO,2026-09-30T12:56:00Z,3.74,3.75,3.72,3.72,39006.0
VBIO,2026-09-30T12:57:00Z,3.725,3.79,3.63,3.78,125966.0
VBIO,2026-09-30T12:58:00Z,3.7714,3.82,3.6904,3.73,90317.0
VBIO,2026-09-30T12:59:00Z,3.7305,3.77,3.67,3.7402,64817.0
VBIO,2026-09-30T13:00:00Z,3.75,3.87,3.69,3.83,241948.0
VBIO,2026-09-30T13:01:00Z,3.828,4.04,3.82,4.03,586871.0
VBIO,2026-09-30T13:02:00Z,4.03,4.11,3.97,4.0,510374.0
VBIO,2026-09-30T13:03:00Z,4.0001,4.16,3.9,3.9499,637529.0
VBIO,2026-09-30T13:04:00Z,3.9405,3.99,3.91,3.9788,210790.0
VBIO,2026-09-30T13:05:00Z,3.98,4.1,3.96,4.078,395005.0
VBIO,2026-09-30T13:06:00Z,4.08,4.1,3.95,4.0,332201.0
VBIO,2026-09-30T13:07:00Z,3.98,4.17,3.97,4.048,365663.0
VBIO,2026-09-30T13:08:00Z,4.042,4.16,3.95,4.0897,529862.0
VBIO,2026-09-30T13:09:00Z,4.0805,4.16,4.01,4.11,409846.0
VBIO,2026-09-30T13:10:00Z,4.11,4.13,4.06,4.09,274248.0
VBIO,2026-09-30T13:11:00Z,4.1,4.12,4.05,4.0897,161782.0
VBIO,2026-09-30T13:12:00Z,4.08,4.09,3.84,3.91,418229.0
VBIO,2026-09-30T13:13:00Z,3.908,3.9599,3.87,3.9485,235991.0
VBIO,2026-09-30T13:14:00Z,3.9202,4.01,3.8,3.81,292572.0
VBIO,2026-09-30T13:15:00Z,3.8,4.0,3.78,3.98,276843.0
VBIO,2026-09-30T13:16:00Z,3.97,4.01,3.85,3.9098,200403.0
VBIO,2026-09-30T13:17:00Z,3.9,3.92,3.85,3.8915,96034.0
VBIO,2026-09-30T13:18:00Z,3.8999,4.04,3.89,4.0,218533.0
VBIO,2026-09-30T13:19:00Z,3.9903,4.07,3.92,4.07,201668.0
VBIO,2026-09-30T13:20:00Z,4.07,4.07,3.89,3.93,205565.0
VBIO,2026-09-30T13:21:00Z,3.9185,3.94,3.88,3.92,90522.0
VBIO,2026-09-30T13:22:00Z,3.91,3.96,3.9,3.9285,48859.0
VBIO,2026-09-30T13:23:00Z,3.9287,3.96,3.9,3.9205,71677.0
VBIO,2026-09-30T13:24:00Z,3.93,4.01,3.9,3.9395,107093.0
VBIO,2026-09-30T13:25:00Z,3.9386,3.94,3.86,3.89,88554.0
VBIO,2026-09-30T13:26:00Z,3.9,3.93,3.89,3.9285,34140.0
VBIO,2026-09-30T13:27:00Z,3.9205,3.93,3.9,3.92,25220.0
VBIO,2026-09-30T13:28:00Z,3.9203,4.05,3.91,4.0499,144074.0
VBIO,2026-09-30T13:29:00Z,4.0498,4.1,3.98,4.01,203777.0
VBIO,2026-09-30T13:30:00Z,4.01,4.35,3.79,4.2101,2038888.0
VBIO,2026-09-30T13:31:00Z,4.215,4.39,4.05,4.1499,1554285.0
VBIO,2026-09-30T13:32:00Z,4.1401,4.15,3.88,4.03,875391.0
VBIO,2026-09-30T13:33:00Z,4.035,4.11,3.981,4.06,506420.0
VBIO,2026-09-30T13:34:00Z,4.07,4.19,3.8,3.8,672831.0
VBIO,2026-09-30T13:35:00Z,3.8,3.92,3.53,3.62,1051770.0
VBIO,2026-09-30T13:36:00Z,3.6298,3.69,3.6,3.6501,305910.0
VBIO,2026-09-30T13:37:00Z,3.6584,3.67,3.55,3.5686,286913.0
VBIO,2026-09-30T13:38:00Z,3.5601,3.64,3.51,3.55,326640.0
VBIO,2026-09-30T13:39:00Z,3.5501,3.6301,3.55,3.6018,191900.0
VBIO,2026-09-30T13:40:00Z,3.61,3.68,3.55,3.605,194126.0
VBIO,2026-09-30T13:41:00Z,3.61,3.64,3.52,3.53,146570.0
VBIO,2026-09-30T13:42:00Z,3.53,3.6194,3.47,3.575,251731.0
VBIO,2026-09-30T13:43:00Z,3.5701,3.59,3.52,3.58,83384.0
VBIO,2026-09-30T13:44:00Z,3.575,3.595,3.54,3.555,111431.0
VBIO,2026-09-30T13:45:00Z,3.5514,3.75,3.5514,3.67,364233.0
VBIO,2026-09-30T13:46:00Z,3.665,3.72,3.64,3.7161,234162.0
VBIO,2026-09-30T13:47:00Z,3.72,3.78,3.675,3.695,297975.0
VBIO,2026-09-30T13:48:00Z,3.6899,3.7,3.63,3.635,138477.0
VBIO,2026-09-30T13:49:00Z,3.6398,3.69,3.6,3.6899,148000.0
VBIO,2026-09-30T13:50:00Z,3.68,3.79,3.6701,3.7501,251097.0
VBIO,2026-09-30T13:51:00Z,3.7599,3.76,3.62,3.702,215931.0
VBIO,2026-09-30T13:52:00Z,3.7001,3.74,3.65,3.6603,126767.0
VBIO,2026-09-30T13:53:00Z,3.67,3.7,3.55,3.6,169719.0
VBIO,2026-09-30T13:54:00Z,3.6099,3.62,3.54,3.5812,125708.0
VBIO,2026-09-30T13:55:00Z,3.5886,3.65,3.58,3.625,73554.0
VBIO,2026-09-30T13:56:00Z,3.6201,3.63,3.6,3.6,47840.0
VBIO,2026-09-30T13:57:00Z,3.6001,3.62,3.5701,3.6062,86673.0
VBIO,2026-09-30T13:58:00Z,3.605,3.62,3.56,3.6,96442.0
VBIO,2026-09-30T13:59:00Z,3.6,3.6,3.41,3.44,228417.0
VBIO,2026-09-30T14:00:00Z,3.4475,3.48,3.37,3.4186,257997.0
VBIO,2026-09-30T14:01:00Z,3.42,3.4901,3.395,3.46,155191.0
VBIO,2026-09-30T14:02:00Z,3.455,3.48,3.45,3.465,59528.0
VBIO,2026-09-30T14:03:00Z,3.465,3.52,3.42,3.5186,125162.0
VBIO,2026-09-30T14:04:00Z,3.52,3.54,3.4699,3.5099,92773.0
VBIO,2026-09-30T14:05:00Z,3.51,3.51,3.45,3.45,62098.0
VBIO,2026-09-30T14:06:00Z,3.4501,3.47,3.42,3.46,76492.0
VBIO,2026-09-30T14:07:00Z,3.46,3.47,3.17,3.25,323119.0
VBIO,2026-09-30T14:08:00Z,3.2401,3.29,3.2,3.235,223181.0
VBIO,2026-09-30T14:09:00Z,3.23,3.275,3.2,3.2287,122361.0
VBIO,2026-09-30T14:10:00Z,3.23,3.32,3.22,3.2901,102178.0
VBIO,2026-09-30T14:11:00Z,3.3,3.42,3.285,3.389,141218.0
VBIO,2026-09-30T14:12:00Z,3.385,3.389,3.3256,3.33,51787.0
VBIO,2026-09-30T14:13:00Z,3.3301,3.36,3.33,3.3501,27762.0
VBIO,2026-09-30T14:14:00Z,3.36,3.37,3.33,3.3699,56593.0
VBIO,2026-09-30T14:15:00Z,3.37,3.38,3.31,3.33,45845.0
VBIO,2026-09-30T14:16:00Z,3.34,3.3439,3.27,3.27,57324.0
VBIO,2026-09-30T14:17:00Z,3.27,3.33,3.265,3.32,56757.0
VBIO,2026-09-30T14:18:00Z,3.31,3.39,3.31,3.36,93151.0
VBIO,2026-09-30T14:19:00Z,3.3661,3.59,3.365,3.4299,268338.0
VBIO,2026-09-30T14:20:00Z,3.425,3.5,3.39,3.4399,104013.0
VBIO,2026-09-30T14:21:00Z,3.44,3.44,3.35,3.365,82999.0
VBIO,2026-09-30T14:22:00Z,3.36,3.39,3.34,3.36,39126.0
VBIO,2026-09-30T14:23:00Z,3.36,3.36,3.34,3.3401,29367.0
VBIO,2026-09-30T14:24:00Z,3.345,3.38,3.345,3.3614,27717.0
VBIO,2026-09-30T14:25:00Z,3.36,3.36,3.33,3.33,19774.0
VBIO,2026-09-30T14:26:00Z,3.33,3.3314,3.26,3.3103,54404.0
VBIO,2026-09-30T14:27:00Z,3.3114,3.32,3.2712,3.285,36693.0
VBIO,2026-09-30T14:28:00Z,3.29,3.3,3.28,3.28,26356.0
VBIO,2026-09-30T14:29:00Z,3.28,3.33,3.27,3.315,46829.0
VBIO,2026-09-30T14:30:00Z,3.315,3.34,3.3101,3.3286,47666.0
VBIO,2026-09-30T14:31:00Z,3.325,3.36,3.31,3.3399,76328.0
VBIO,2026-09-30T14:32:00Z,3.34,3.34,3.31,3.33,28910.0
VBIO,2026-09-30T14:33:00Z,3.325,3.36,3.3101,3.3599,24788.0
VBIO,2026-09-30T14:34:00Z,3.36,3.37,3.34,3.3499,20651.0
VBIO,2026-09-30T14:35:00Z,3.345,3.35,3.3214,3.3214,19496.0
VBIO,2026-09-30T14:36:00Z,3.3287,3.37,3.32,3.355,31557.0
VBIO,2026-09-30T14:37:00Z,3.355,3.36,3.34,3.34,19774.0
VBIO,2026-09-30T14:38:00Z,3.3401,3.36,3.32,3.3501,27454.0
VBIO,2026-09-30T14:39:00Z,3.35,3.3712,3.341,3.36,20482.0
VBIO,2026-09-30T14:40:00Z,3.37,3.43,3.365,3.41,55424.0
VBIO,2026-09-30T14:41:00Z,3.41,3.41,3.39,3.41,53756.0
VBIO,2026-09-30T14:42:00Z,3.4,3.45,3.37,3.425,97953.0
VBIO,2026-09-30T14:43:00Z,3.425,3.44,3.41,3.4283,13668.0
VBIO,2026-09-30T14:44:00Z,3.4283,3.45,3.42,3.4299,44695.0
VBIO,2026-09-30T14:45:00Z,3.4299,3.49,3.4299,3.455,55622.0
VBIO,2026-09-30T14:46:00Z,3.46,3.46,3.45,3.455,23822.0
VBIO,2026-09-30T14:47:00Z,3.46,3.49,3.45,3.48,39287.0
VBIO,2026-09-30T14:48:00Z,3.475,3.5001,3.47,3.4701,90266.0
VBIO,2026-09-30T14:49:00Z,3.47,3.475,3.43,3.43,33497.0
VBIO,2026-09-30T14:50:00Z,3.43,3.43,3.39,3.415,50064.0
VBIO,2026-09-30T14:51:00Z,3.4199,3.43,3.4,3.41,14851.0
VBIO,2026-09-30T14:52:00Z,3.415,3.44,3.415,3.43,16261.0
VBIO,2026-09-30T14:53:00Z,3.425,3.43,3.39,3.3901,41372.0
VBIO,2026-09-30T14:54:00Z,3.39,3.4,3.38,3.3801,17016.0
VBIO,2026-09-30T14:55:00Z,3.3801,3.39,3.34,3.35,36768.0
VBIO,2026-09-30T14:56:00Z,3.35,3.37,3.34,3.345,23521.0
VBIO,2026-09-30T14:57:00Z,3.3424,3.35,3.31,3.32,23325.0
VBIO,2026-09-30T14:58:00Z,3.315,3.35,3.305,3.305,24635.0
VBIO,2026-09-30T14:59:00Z,3.31,3.35,3.3,3.34,16160.0
VBIO,2026-09-30T15:00:00Z,3.3499,3.35,3.33,3.35,20961.0
VBIO,2026-09-30T15:01:00Z,3.3501,3.36,3.3401,3.3401,10900.0
VBIO,2026-09-30T15:02:00Z,3.3402,3.3599,3.34,3.3599,13141.0
VBIO,2026-09-30T15:03:00Z,3.3501,3.355,3.3,3.33,21054.0
VBIO,2026-09-30T15:04:00Z,3.345,3.35,3.33,3.345,11271.0
VBIO,2026-09-30T15:05:00Z,3.34,3.38,3.34,3.36,17540.0
VBIO,2026-09-30T15:06:00Z,3.355,3.3699,3.35,3.3514,9827.0
VBIO,2026-09-30T15:07:00Z,3.36,3.365,3.3501,3.355,14054.0
VBIO,2026-09-30T15:08:00Z,3.35,3.355,3.3201,3.3201,16822.0
VBIO,2026-09-30T15:09:00Z,3.325,3.325,3.17,3.175,163180.0
VBIO,2026-09-30T15:10:00Z,3.1775,3.18,3.13,3.16,66534.0
VBIO,2026-09-30T15:11:00Z,3.16,3.17,3.14,3.14,72214.0
VBIO,2026-09-30T15:12:00Z,3.1401,3.16,3.14,3.145,15138.0
VBIO,2026-09-30T15:13:00Z,3.145,3.1999,3.14,3.185,30917.0
VBIO,2026-09-30T15:14:00Z,3.19,3.19,3.14,3.1401,25682.0
VBIO,2026-09-30T15:15:00Z,3.1401,3.15,3.14,3.145,24376.0
VBIO,2026-09-30T15:16:00Z,3.14,3.15,3.14,3.15,12343.0
VBIO,2026-09-30T15:17:00Z,3.1401,3.15,3.13,3.1301,20080.0
VBIO,2026-09-30T15:18:00Z,3.12,3.13,3.12,3.1201,34464.0
VBIO,2026-09-30T15:19:00Z,3.1201,3.18,3.11,3.165,80443.0
VBIO,2026-09-30T15:20:00Z,3.16,3.195,3.16,3.185,16090.0
VBIO,2026-09-30T15:21:00Z,3.1884,3.2,3.18,3.19,25628.0
VBIO,2026-09-30T15:22:00Z,3.19,3.19,3.18,3.18,13914.0
VBIO,2026-09-30T15:23:00Z,3.185,3.19,3.16,3.17,16955.0
VBIO,2026-09-30T15:24:00Z,3.16,3.18,3.16,3.17,20058.0
VBIO,2026-09-30T15:25:00Z,3.1697,3.17,3.14,3.145,32488.0
VBIO,2026-09-30T15:26:00Z,3.14,3.16,3.14,3.1401,18671.0
VBIO,2026-09-30T15:27:00Z,3.145,3.16,3.14,3.16,7452.0
VBIO,2026-09-30T15:28:00Z,3.16,3.17,3.15,3.1699,13373.0
VBIO,2026-09-30T15:29:00Z,3.1699,3.17,3.15,3.15,13711.0
VBIO,2026-09-30T15:30:00Z,3.1501,3.1699,3.15,3.16,10708.0
VBIO,2026-09-30T15:31:00Z,3.165,3.1699,3.1612,3.165,2160.0
WETO,2026-09-30T08:00:00Z,1.4,1.45,1.31,1.36,112940.0
WETO,2026-09-30T08:01:00Z,1.355,1.45,1.32,1.38,114388.0
WETO,2026-09-30T08:02:00Z,1.35,1.44,1.31,1.42,128125.0
WETO,2026-09-30T08:03:00Z,1.42,1.59,1.41,1.5001,257097.0
WETO,2026-09-30T08:04:00Z,1.505,1.64,1.5,1.61,424416.0
WETO,2026-09-30T08:05:00Z,1.61,1.61,1.32,1.46,372446.0
WETO,2026-09-30T08:06:00Z,1.4503,1.47,1.4,1.45,302258.0
WETO,2026-09-30T08:07:00Z,1.4495,1.45,1.36,1.37,245756.0
WETO,2026-09-30T08:08:00Z,1.38,1.4,1.36,1.3903,106894.0
WETO,2026-09-30T08:09:00Z,1.395,1.41,1.32,1.33,130747.0
WETO,2026-09-30T08:10:00Z,1.33,1.3598,1.32,1.355,81439.0
WETO,2026-09-30T08:11:00Z,1.3597,1.36,1.34,1.34,54854.0
WETO,2026-09-30T08:12:00Z,1.34,1.35,1.34,1.3495,29437.0
WETO,2026-09-30T08:13:00Z,1.34,1.34,1.3,1.3,81911.0
WETO,2026-09-30T08:14:00Z,1.3,1.32,1.3,1.3199,31018.0
WETO,2026-09-30T08:15:00Z,1.31,1.34,1.31,1.34,35215.0
WETO,2026-09-30T08:16:00Z,1.34,1.37,1.33,1.36,28249.0
WETO,2026-09-30T08:17:00Z,1.36,1.37,1.32,1.3401,51892.0
WETO,2026-09-30T08:18:00Z,1.35,1.37,1.34,1.3697,27238.0
WETO,2026-09-30T08:19:00Z,1.36,1.37,1.35,1.35,41564.0
WETO,2026-09-30T08:20:00Z,1.36,1.37,1.35,1.36,14989.0
WETO,2026-09-30T08:21:00Z,1.36,1.36,1.35,1.35,23809.0
WETO,2026-09-30T08:22:00Z,1.35,1.36,1.35,1.36,19999.0
WETO,2026-09-30T08:23:00Z,1.3595,1.3595,1.33,1.33,14507.0
WETO,2026-09-30T08:24:00Z,1.3397,1.3397,1.31,1.32,33212.0
WETO,2026-09-30T08:25:00Z,1.32,1.35,1.31,1.35,36736.0
WETO,2026-09-30T08:26:00Z,1.345,1.35,1.34,1.35,13550.0
WETO,2026-09-30T08:27:00Z,1.3499,1.35,1.33,1.3397,7954.0
WETO,2026-09-30T08:28:00Z,1.3397,1.34,1.33,1.34,2915.0
WETO,2026-09-30T08:29:00Z,1.33,1.34,1.33,1.3303,10038.0
WETO,2026-09-30T08:30:00Z,1.33,1.34,1.32,1.32,16894.0
WETO,2026-09-30T08:31:00Z,1.32,1.32,1.31,1.3102,21699.0
WETO,2026-09-30T08:32:00Z,1.3105,1.315,1.3,1.3,47318.0
WETO,2026-09-30T08:33:00Z,1.3,1.31,1.3,1.3003,25774.0
WETO,2026-09-30T08:34:00Z,1.31,1.34,1.3,1.34,42613.0
WETO,2026-09-30T08:35:00Z,1.34,1.349,1.33,1.34,18071.0
WETO,2026-09-30T08:36:00Z,1.34,1.34,1.33,1.33,14311.0
WETO,2026-09-30T08:37:00Z,1.33,1.34,1.33,1.33,14953.0
WETO,2026-09-30T08:38:00Z,1.3395,1.34,1.33,1.3395,9985.0
WETO,2026-09-30T08:39:00Z,1.34,1.34,1.33,1.33,15834.0
WETO,2026-09-30T08:40:00Z,1.32,1.33,1.32,1.32,11704.0
WETO,2026-09-30T08:41:00Z,1.32,1.33,1.31,1.31,16247.0
WETO,2026-09-30T08:42:00Z,1.31,1.32,1.31,1.3198,7738.0
WETO,2026-09-30T08:43:00Z,1.31,1.32,1.305,1.32,15441.0
WETO,2026-09-30T08:44:00Z,1.31,1.33,1.31,1.32,10888.0
WETO,2026-09-30T08:45:00Z,1.3203,1.34,1.32,1.3397,22714.0
WETO,2026-09-30T08:46:00Z,1.33,1.335,1.33,1.33,8709.0
WETO,2026-09-30T08:47:00Z,1.3301,1.3398,1.33,1.33,4326.0
WETO,2026-09-30T08:48:00Z,1.33,1.33,1.32,1.32,6408.0
WETO,2026-09-30T08:49:00Z,1.32,1.33,1.32,1.32,5425.0
WETO,2026-09-30T08:50:00Z,1.3203,1.33,1.32,1.32,7603.0
WETO,2026-09-30T08:51:00Z,1.3298,1.33,1.32,1.3295,4073.0
WETO,2026-09-30T08:52:00Z,1.32,1.3295,1.32,1.32,3241.0
WETO,2026-09-30T08:53:00Z,1.32,1.3297,1.32,1.3297,1933.0
WETO,2026-09-30T08:54:00Z,1.32,1.3295,1.3,1.31,36605.0
WETO,2026-09-30T08:55:00Z,1.3,1.31,1.3,1.3003,14422.0
WETO,2026-09-30T08:56:00Z,1.305,1.32,1.3005,1.32,10567.0
WETO,2026-09-30T08:57:00Z,1.31,1.32,1.31,1.3101,6904.0
WETO,2026-09-30T08:58:00Z,1.32,1.32,1.31,1.32,2376.0
WETO,2026-09-30T08:59:00Z,1.3197,1.3197,1.31,1.31,13414.0
WETO,2026-09-30T09:00:00Z,1.31,1.32,1.31,1.32,4160.0
WETO,2026-09-30T09:01:00Z,1.3197,1.32,1.3196,1.3196,1745.0
WETO,2026-09-30T09:02:00Z,1.3195,1.3195,1.31,1.31,7633.0
WETO,2026-09-30T09:03:00Z,1.31,1.3103,1.28,1.28,45152.0
WETO,2026-09-30T09:04:00Z,1.2802,1.29,1.27,1.27,24090.0
WETO,2026-09-30T09:05:00Z,1.27,1.27,1.23,1.24,38069.0
WETO,2026-09-30T09:06:00Z,1.24,1.27,1.24,1.26,47816.0
WETO,2026-09-30T09:07:00Z,1.2502,1.27,1.25,1.2698,5950.0
WETO,2026-09-30T09:08:00Z,1.26,1.27,1.26,1.27,7080.0
WETO,2026-09-30T09:09:00Z,1.2703,1.3,1.27,1.3,6215.0
WETO,2026-09-30T09:10:00Z,1.2976,1.2976,1.2703,1.2898,5044.0
WETO,2026-09-30T09:11:00Z,1.285,1.29,1.28,1.29,4880.0
WETO,2026-09-30T09:12:00Z,1.29,1.29,1.28,1.2802,6809.0
WETO,2026-09-30T09:13:00Z,1.2804,1.2804,1.2703,1.28,21065.0
WETO,2026-09-30T09:14:00Z,1.28,1.28,1.27,1.27,9924.0
WETO,2026-09-30T09:15:00Z,1.27,1.27,1.2602,1.27,7075.0
WETO,2026-09-30T09:16:00Z,1.26,1.26,1.25,1.26,10557.0
WETO,2026-09-30T09:17:00Z,1.26,1.26,1.25,1.26,11001.0
WETO,2026-09-30T09:18:00Z,1.255,1.26,1.25,1.26,10422.0
WETO,2026-09-30T09:19:00Z,1.2616,1.2884,1.2603,1.2884,1982.0
WETO,2026-09-30T09:20:00Z,1.27,1.29,1.27,1.2803,4083.0
WETO,2026-09-30T09:21:00Z,1.28,1.28,1.27,1.28,4238.0
WETO,2026-09-30T09:22:00Z,1.28,1.28,1.27,1.27,3156.0
WETO,2026-09-30T09:23:00Z,1.27,1.27,1.26,1.2603,5316.0
WETO,2026-09-30T09:24:00Z,1.27,1.27,1.25,1.25,2451.0
WETO,2026-09-30T09:25:00Z,1.25,1.26,1.25,1.2501,4808.0
WETO,2026-09-30T09:26:00Z,1.255,1.26,1.25,1.2535,2012.0
WETO,2026-09-30T09:27:00Z,1.255,1.27,1.2502,1.26,7714.0
WETO,2026-09-30T09:28:00Z,1.27,1.27,1.26,1.26,521.0
WETO,2026-09-30T09:29:00Z,1.26,1.28,1.26,1.2699,8436.0
WETO,2026-09-30T09:30:00Z,1.28,1.28,1.26,1.26,7027.0
WETO,2026-09-30T09:31:00Z,1.2703,1.28,1.27,1.28,1574.0
WETO,2026-09-30T09:32:00Z,1.28,1.28,1.275,1.28,2436.0
WETO,2026-09-30T09:33:00Z,1.2797,1.29,1.2797,1.29,8919.0
WETO,2026-09-30T09:34:00Z,1.2898,1.29,1.2803,1.2898,7336.0
WETO,2026-09-30T09:35:00Z,1.285,1.29,1.28,1.28,11518.0
WETO,2026-09-30T09:36:00Z,1.285,1.285,1.285,1.285,100.0
WETO,2026-09-30T09:37:00Z,1.29,1.29,1.2803,1.2897,2565.0
WETO,2026-09-30T09:38:00Z,1.28,1.29,1.28,1.28,1921.0
WETO,2026-09-30T09:39:00Z,1.28,1.2884,1.27,1.28,4364.0
WETO,2026-09-30T09:40:00Z,1.2703,1.28,1.27,1.28,1838.0
WETO,2026-09-30T09:41:00Z,1.2716,1.2716,1.27,1.2701,2927.0
WETO,2026-09-30T09:42:00Z,1.28,1.28,1.28,1.28,1546.0
WETO,2026-09-30T09:43:00Z,1.28,1.28,1.28,1.28,0.0
WETO,2026-09-30T09:44:00Z,1.28,1.28,1.28,1.28,1307.0
WETO,2026-09-30T09:45:00Z,1.2701,1.2702,1.27,1.2702,1148.0
WETO,2026-09-30T09:46:00Z,1.275,1.28,1.27,1.28,2758.0
WETO,2026-09-30T09:47:00Z,1.27,1.2798,1.27,1.275,3977.0
WETO,2026-09-30T09:48:00Z,1.28,1.28,1.27,1.27,1598.0
WETO,2026-09-30T09:49:00Z,1.27,1.28,1.27,1.2703,3011.0
WETO,2026-09-30T09:50:00Z,1.28,1.28,1.2703,1.2703,934.0
WETO,2026-09-30T09:51:00Z,1.27,1.275,1.27,1.2703,1008.0
WETO,2026-09-30T09:52:00Z,1.27,1.28,1.27,1.28,4276.0
WETO,2026-09-30T09:53:00Z,1.2703,1.28,1.2703,1.28,272.0
WETO,2026-09-30T09:54:00Z,1.28,1.28,1.27,1.28,3035.0
WETO,2026-09-30T09:55:00Z,1.27,1.28,1.27,1.2703,2134.0
WETO,2026-09-30T09:56:00Z,1.27,1.27,1.2699,1.2699,5756.0
WETO,2026-09-30T09:57:00Z,1.26,1.27,1.26,1.26,7299.0
WETO,2026-09-30T09:58:00Z,1.26,1.27,1.26,1.26,1281.0
WETO,2026-09-30T09:59:00Z,1.2603,1.27,1.2601,1.27,3945.0
WETO,2026-09-30T10:00:00Z,1.28,1.28,1.28,1.28,457.0
WETO,2026-09-30T10:01:00Z,1.2803,1.29,1.2624,1.2624,2813.0
WETO,2026-09-30T10:02:00Z,1.2784,1.2784,1.26,1.26,989.0
WETO,2026-09-30T10:03:00Z,1.27,1.2703,1.26,1.26,5393.0
WETO,2026-09-30T10:04:00Z,1.26,1.2603,1.26,1.26,4630.0
WETO,2026-09-30T10:05:00Z,1.25,1.26,1.25,1.26,2686.0
WETO,2026-09-30T10:06:00Z,1.255,1.26,1.25,1.26,4313.0
WETO,2026-09-30T10:07:00Z,1.2601,1.27,1.26,1.27,2595.0
WETO,2026-09-30T10:08:00Z,1.27,1.29,1.26,1.29,13986.0
WETO,2026-09-30T10:09:00Z,1.27,1.2797,1.2603,1.2797,650.0
WETO,2026-09-30T10:10:00Z,1.2784,1.28,1.2784,1.28,710.0
WETO,2026-09-30T10:11:00Z,1.2797,1.29,1.2797,1.28,3791.0
WETO,2026-09-30T10:12:00Z,1.29,1.29,1.28,1.29,3986.0
WETO,2026-09-30T10:13:00Z,1.29,1.3,1.28,1.29,5902.0
WETO,2026-09-30T10:14:00Z,1.29,1.2903,1.28,1.2903,2160.0
WETO,2026-09-30T10:15:00Z,1.29,1.3,1.29,1.2903,2054.0
WETO,2026-09-30T10:16:00Z,1.295,1.3,1.29,1.3,3449.0
WETO,2026-09-30T10:17:00Z,1.295,1.295,1.2903,1.2903,600.0
WETO,2026-09-30T10:18:00Z,1.31,1.31,1.3,1.3003,5572.0
WETO,2026-09-30T10:19:00Z,1.3097,1.32,1.3,1.32,9696.0
WETO,2026-09-30T10:20:00Z,1.32,1.33,1.31,1.325,11551.0
WETO,2026-09-30T10:21:00Z,1.325,1.325,1.31,1.315,16136.0
WETO,2026-09-30T10:22:00Z,1.32,1.32,1.3,1.305,2333.0
WETO,2026-09-30T10:23:00Z,1.31,1.31,1.3,1.3003,3359.0
WETO,2026-09-30T10:24:00Z,1.305,1.31,1.3,1.3001,11279.0
WETO,2026-09-30T10:25:00Z,1.3,1.305,1.2903,1.2903,6547.0
WETO,2026-09-30T10:26:00Z,1.2901,1.2997,1.29,1.29,5360.0
WETO,2026-09-30T10:27:00Z,1.29,1.29,1.28,1.29,2983.0
WETO,2026-09-30T10:28:00Z,1.29,1.2998,1.2801,1.2816,3224.0
WETO,2026-09-30T10:29:00Z,1.28,1.29,1.28,1.2801,6178.0
WETO,2026-09-30T10:30:00Z,1.29,1.29,1.28,1.28,3444.0
WETO,2026-09-30T10:31:00Z,1.29,1.29,1.28,1.29,4543.0
WETO,2026-09-30T10:32:00Z,1.2897,1.2897,1.28,1.28,640.0
WETO,2026-09-30T10:33:00Z,1.29,1.29,1.2803,1.2803,1395.0
WETO,2026-09-30T10:34:00Z,1.285,1.29,1.28,1.29,3514.0
WETO,2026-09-30T10:35:00Z,1.28,1.3,1.28,1.3,8887.0
WETO,2026-09-30T10:36:00Z,1.29,1.29,1.28,1.28,3247.0
WETO,2026-09-30T10:37:00Z,1.28,1.29,1.275,1.275,3532.0
WETO,2026-09-30T10:38:00Z,1.27,1.28,1.27,1.28,4338.0
WETO,2026-09-30T10:39:00Z,1.28,1.29,1.27,1.27,2519.0
WETO,2026-09-30T10:40:00Z,1.28,1.28,1.27,1.27,3329.0
WETO,2026-09-30T10:41:00Z,1.28,1.28,1.2702,1.28,709.0
WETO,2026-09-30T10:42:00Z,1.2701,1.28,1.27,1.28,1205.0
WETO,2026-09-30T10:43:00Z,1.2703,1.28,1.27,1.28,532.0
WETO,2026-09-30T10:44:00Z,1.27,1.275,1.27,1.27,1512.0
WETO,2026-09-30T10:45:00Z,1.2701,1.28,1.2701,1.275,1400.0
WETO,2026-09-30T10:46:00Z,1.28,1.28,1.26,1.2602,24384.0
WETO,2026-09-30T10:47:00Z,1.2601,1.2603,1.26,1.26,1121.0
WETO,2026-09-30T10:48:00Z,1.26,1.27,1.26,1.2699,2870.0
WETO,2026-09-30T10:49:00Z,1.2603,1.27,1.26,1.26,4336.0
WETO,2026-09-30T10:50:00Z,1.26,1.26,1.26,1.26,1410.0
WETO,2026-09-30T10:51:00Z,1.28,1.28,1.27,1.28,1380.0
WETO,2026-09-30T10:52:00Z,1.2798,1.28,1.2797,1.28,1018.0
WETO,2026-09-30T10:53:00Z,1.29,1.29,1.28,1.28,1638.0
WETO,2026-09-30T10:54:00Z,1.28,1.28,1.28,1.28,378.0
WETO,2026-09-30T10:55:00Z,1.28,1.28,1.28,1.28,571.0
WETO,2026-09-30T10:56:00Z,1.28,1.28,1.27,1.27,5394.0
WETO,2026-09-30T10:57:00Z,1.2797,1.28,1.27,1.28,744.0
WETO,2026-09-30T10:58:00Z,1.27,1.27,1.27,1.27,1184.0
WETO,2026-09-30T10:59:00Z,1.27,1.27,1.27,1.27,0.0
WETO,2026-09-30T11:00:00Z,1.275,1.28,1.27,1.28,6587.0
WETO,2026-09-30T11:01:00Z,1.27,1.28,1.27,1.28,3033.0
WETO,2026-09-30T11:02:00Z,1.27,1.28,1.27,1.2702,4131.0
WETO,2026-09-30T11:03:00Z,1.275,1.275,1.26,1.2699,5952.0
WETO,2026-09-30T11:04:00Z,1.261,1.27,1.26,1.26,2586.0
WETO,2026-09-30T11:05:00Z,1.26,1.27,1.26,1.26,2905.0
WETO,2026-09-30T11:06:00Z,1.26,1.27,1.26,1.27,2506.0
WETO,2026-09-30T11:07:00Z,1.26,1.26,1.25,1.25,5902.0
WETO,2026-09-30T11:08:00Z,1.2501,1.255,1.23,1.23,25502.0
WETO,2026-09-30T11:09:00Z,1.23,1.25,1.23,1.25,5909.0
WETO,2026-09-30T11:10:00Z,1.2401,1.25,1.24,1.24,5172.0
WETO,2026-09-30T11:11:00Z,1.24,1.24,1.231,1.231,200.0
WETO,2026-09-30T11:12:00Z,1.23,1.24,1.23,1.24,8572.0
WETO,2026-09-30T11:13:00Z,1.235,1.24,1.23,1.235,2402.0
WETO,2026-09-30T11:14:00Z,1.23,1.235,1.23,1.23,12845.0
WETO,2026-09-30T11:15:00Z,1.22,1.23,1.22,1.23,3601.0
WETO,2026-09-30T11:16:00Z,1.23,1.23,1.22,1.2201,7812.0
WETO,2026-09-30T11:17:00Z,1.23,1.24,1.22,1.2398,10000.0
WETO,2026-09-30T11:18:00Z,1.25,1.25,1.2302,1.2302,2531.0
WETO,2026-09-30T11:19:00Z,1.24,1.25,1.239,1.25,3176.0
WETO,2026-09-30T11:20:00Z,1.24,1.25,1.24,1.24,1093.0
WETO,2026-09-30T11:21:00Z,1.25,1.26,1.25,1.25,9660.0
WETO,2026-09-30T11:22:00Z,1.251,1.26,1.25,1.2502,2914.0
WETO,2026-09-30T11:23:00Z,1.255,1.26,1.2503,1.26,4833.0
WETO,2026-09-30T11:24:00Z,1.26,1.27,1.26,1.26,8336.0
WETO,2026-09-30T11:25:00Z,1.26,1.26,1.2502,1.2503,2583.0
WETO,2026-09-30T11:26:00Z,1.26,1.26,1.25,1.2598,2666.0
WETO,2026-09-30T11:27:00Z,1.26,1.26,1.26,1.26,1559.0
WETO,2026-09-30T11:28:00Z,1.251,1.26,1.25,1.26,4003.0
WETO,2026-09-30T11:29:00Z,1.26,1.26,1.25,1.25,3986.0
WETO,2026-09-30T11:30:00Z,1.26,1.27,1.25,1.2598,5311.0
WETO,2026-09-30T11:31:00Z,1.25,1.2502,1.25,1.2502,3369.0
WETO,2026-09-30T11:32:00Z,1.25,1.26,1.25,1.25,4165.0
WETO,2026-09-30T11:33:00Z,1.24,1.2416,1.24,1.24,6864.0
WETO,2026-09-30T11:34:00Z,1.24,1.24,1.22,1.23,6768.0
WETO,2026-09-30T11:35:00Z,1.2202,1.23,1.22,1.22,9989.0
WETO,2026-09-30T11:36:00Z,1.22,1.23,1.22,1.225,6497.0
WETO,2026-09-30T11:37:00Z,1.22,1.2308,1.22,1.23,5087.0
WETO,2026-09-30T11:38:00Z,1.245,1.245,1.24,1.24,1780.0
WETO,2026-09-30T11:39:00Z,1.24,1.24,1.2398,1.2398,1802.0
WETO,2026-09-30T11:40:00Z,1.235,1.2402,1.23,1.24,2520.0
WETO,2026-09-30T11:41:00Z,1.24,1.24,1.2302,1.2302,2079.0
WETO,2026-09-30T11:42:00Z,1.24,1.25,1.2316,1.2316,2030.0
WETO,2026-09-30T11:43:00Z,1.2498,1.25,1.2301,1.24,2770.0
WETO,2026-09-30T11:44:00Z,1.2402,1.26,1.2402,1.25,3159.0
WETO,2026-09-30T11:45:00Z,1.25,1.25,1.24,1.24,4039.0
WETO,2026-09-30T11:46:00Z,1.2402,1.2402,1.23,1.23,6106.0
WETO,2026-09-30T11:47:00Z,1.23,1.23,1.23,1.23,672.0
WETO,2026-09-30T11:48:00Z,1.23,1.2399,1.23,1.23,3358.0
WETO,2026-09-30T11:49:00Z,1.2301,1.2301,1.23,1.23,1116.0
WETO,2026-09-30T11:50:00Z,1.23,1.25,1.23,1.2303,853.0
WETO,2026-09-30T11:51:00Z,1.24,1.24,1.23,1.23,2542.0
WETO,2026-09-30T11:52:00Z,1.25,1.25,1.24,1.24,3043.0
WETO,2026-09-30T11:53:00Z,1.23,1.26,1.23,1.25,17570.0
WETO,2026-09-30T11:54:00Z,1.2498,1.25,1.22,1.22,10683.0
WETO,2026-09-30T11:55:00Z,1.25,1.27,1.23,1.25,10152.0
WETO,2026-09-30T11:56:00Z,1.25,1.25,1.25,1.25,550.0
WETO,2026-09-30T11:57:00Z,1.24,1.2499,1.24,1.2498,570.0
WETO,2026-09-30T11:58:00Z,1.25,1.25,1.24,1.24,329.0
WETO,2026-09-30T11:59:00Z,1.24,1.2498,1.24,1.2498,1010.0
WETO,2026-09-30T12:00:00Z,1.249,1.25,1.249,1.25,740.0
WETO,2026-09-30T12:01:00Z,1.2402,1.25,1.2401,1.245,4042.0
WETO,2026-09-30T12:02:00Z,1.249,1.26,1.24,1.26,5969.0
WETO,2026-09-30T12:03:00Z,1.26,1.26,1.25,1.25,1667.0
WETO,2026-09-30T12:04:00Z,1.26,1.27,1.2581,1.27,6821.0
WETO,2026-09-30T12:05:00Z,1.2698,1.27,1.26,1.27,5763.0
WETO,2026-09-30T12:06:00Z,1.2602,1.27,1.2601,1.27,2634.0
WETO,2026-09-30T12:07:00Z,1.27,1.27,1.27,1.27,1300.0
WETO,2026-09-30T12:08:00Z,1.26,1.261,1.26,1.26,906.0
WETO,2026-09-30T12:09:00Z,1.2601,1.2615,1.26,1.26,6959.0
WETO,2026-09-30T12:10:00Z,1.265,1.27,1.26,1.2601,1257.0
WETO,2026-09-30T12:11:00Z,1.26,1.28,1.26,1.278,15262.0
WETO,2026-09-30T12:12:00Z,1.29,1.29,1.279,1.28,5880.0
WETO,2026-09-30T12:13:00Z,1.28,1.28,1.2697,1.27,3289.0
WETO,2026-09-30T12:14:00Z,1.265,1.27,1.26,1.2699,4911.0
WETO,2026-09-30T12:15:00Z,1.27,1.29,1.27,1.29,3170.0
WETO,2026-09-30T12:16:00Z,1.29,1.29,1.28,1.28,8065.0
WETO,2026-09-30T12:17:00Z,1.29,1.29,1.2802,1.29,4732.0
WETO,2026-09-30T12:18:00Z,1.29,1.29,1.2803,1.29,2477.0
WETO,2026-09-30T12:19:00Z,1.285,1.32,1.28,1.32,32374.0
WETO,2026-09-30T12:20:00Z,1.315,1.33,1.315,1.325,23541.0
WETO,2026-09-30T12:21:00Z,1.325,1.33,1.32,1.32,19105.0
WETO,2026-09-30T12:22:00Z,1.3203,1.33,1.32,1.325,12468.0
WETO,2026-09-30T12:23:00Z,1.3299,1.33,1.32,1.3203,7834.0
WETO,2026-09-30T12:24:00Z,1.325,1.33,1.32,1.3203,7994.0
WETO,2026-09-30T12:25:00Z,1.33,1.33,1.3,1.31,16421.0
WETO,2026-09-30T12:26:00Z,1.3103,1.33,1.3,1.33,14639.0
WETO,2026-09-30T12:27:00Z,1.3297,1.33,1.31,1.3103,16442.0
WETO,2026-09-30T12:28:00Z,1.32,1.33,1.31,1.3203,14516.0
WETO,2026-09-30T12:29:00Z,1.33,1.33,1.3,1.3,4171.0
WETO,2026-09-30T12:30:00Z,1.3,1.31,1.3,1.31,5473.0
WETO,2026-09-30T12:31:00Z,1.31,1.31,1.3,1.31,5033.0
WETO,2026-09-30T12:32:00Z,1.305,1.32,1.3,1.3,6695.0
WETO,2026-09-30T12:33:00Z,1.3,1.32,1.3,1.31,3543.0
WETO,2026-09-30T12:34:00Z,1.31,1.32,1.3,1.309,7964.0
WETO,2026-09-30T12:35:00Z,1.31,1.31,1.3,1.3,4588.0
WETO,2026-09-30T12:36:00Z,1.3003,1.3003,1.3,1.3,3938.0
WETO,2026-09-30T12:37:00Z,1.3,1.3,1.3,1.3,1243.0
WETO,2026-09-30T12:38:00Z,1.31,1.31,1.3003,1.309,4256.0
WETO,2026-09-30T12:39:00Z,1.309,1.31,1.3,1.305,4334.0
WETO,2026-09-30T12:40:00Z,1.31,1.31,1.3,1.31,5362.0
WETO,2026-09-30T12:41:00Z,1.31,1.31,1.3,1.31,6722.0
WETO,2026-09-30T12:42:00Z,1.3,1.31,1.3,1.31,7486.0
WETO,2026-09-30T12:43:00Z,1.31,1.31,1.29,1.29,5192.0
WETO,2026-09-30T12:44:00Z,1.3,1.3,1.29,1.3,10907.0
WETO,2026-09-30T12:45:00Z,1.2901,1.3,1.28,1.29,16622.0
WETO,2026-09-30T12:46:00Z,1.29,1.295,1.28,1.295,11683.0
WETO,2026-09-30T12:47:00Z,1.2903,1.3,1.2801,1.2801,1929.0
WETO,2026-09-30T12:48:00Z,1.3,1.31,1.298,1.31,13688.0
WETO,2026-09-30T12:49:00Z,1.31,1.35,1.305,1.34,39049.0
WETO,2026-09-30T12:50:00Z,1.3498,1.35,1.34,1.34,10860.0
WETO,2026-09-30T12:51:00Z,1.34,1.34,1.3,1.33,8560.0
WETO,2026-09-30T12:52:00Z,1.34,1.3615,1.339,1.35,18161.0
WETO,2026-09-30T12:53:00Z,1.35,1.35,1.34,1.35,3935.0
WETO,2026-09-30T12:54:00Z,1.35,1.35,1.32,1.35,12735.0
WETO,2026-09-30T12:55:00Z,1.34,1.345,1.3397,1.34,5921.0
WETO,2026-09-30T12:56:00Z,1.34,1.34,1.33,1.34,4435.0
WETO,2026-09-30T12:57:00Z,1.33,1.34,1.32,1.33,3952.0
WETO,2026-09-30T12:58:00Z,1.33,1.33,1.31,1.31,7567.0
WETO,2026-09-30T12:59:00Z,1.31,1.3146,1.31,1.31,200.0
WETO,2026-09-30T13:00:00Z,1.31,1.3303,1.31,1.33,332.0
WETO,2026-09-30T13:01:00Z,1.33,1.3398,1.33,1.3398,1396.0
WETO,2026-09-30T13:02:00Z,1.33,1.34,1.3297,1.3397,5734.0
WETO,2026-09-30T13:03:00Z,1.3397,1.34,1.33,1.3352,6149.0
WETO,2026-09-30T13:04:00Z,1.34,1.34,1.33,1.34,3239.0
WETO,2026-09-30T13:05:00Z,1.34,1.34,1.33,1.33,4666.0
WETO,2026-09-30T13:06:00Z,1.33,1.34,1.33,1.3398,9857.0
WETO,2026-09-30T13:07:00Z,1.33,1.34,1.33,1.33,4229.0
WETO,2026-09-30T13:08:00Z,1.33,1.34,1.33,1.34,929.0
WETO,2026-09-30T13:09:00Z,1.34,1.34,1.33,1.3303,2501.0
WETO,2026-09-30T13:10:00Z,1.3303,1.34,1.33,1.3397,2855.0
WETO,2026-09-30T13:11:00Z,1.3397,1.3397,1.31,1.33,4654.0
WETO,2026-09-30T13:12:00Z,1.33,1.33,1.31,1.31,10020.0
WETO,2026-09-30T13:13:00Z,1.31,1.32,1.31,1.32,2053.0
WETO,2026-09-30T13:14:00Z,1.329,1.33,1.32,1.32,12027.0
WETO,2026-09-30T13:15:00Z,1.33,1.33,1.3203,1.33,3807.0
WETO,2026-09-30T13:16:00Z,1.33,1.3397,1.33,1.3397,2414.0
WETO,2026-09-30T13:17:00Z,1.3397,1.34,1.33,1.33,1610.0
WETO,2026-09-30T13:18:00Z,1.3301,1.34,1.33,1.33,3528.0
WETO,2026-09-30T13:19:00Z,1.3303,1.34,1.33,1.33,4319.0
WETO,2026-09-30T13:20:00Z,1.33,1.34,1.33,1.3301,11269.0
WETO,2026-09-30T13:21:00Z,1.34,1.34,1.33,1.335,1132.0
WETO,2026-09-30T13:22:00Z,1.335,1.34,1.33,1.33,10991.0
WETO,2026-09-30T13:23:00Z,1.33,1.33,1.32,1.32,500.0
WETO,2026-09-30T13:24:00Z,1.32,1.3285,1.3,1.3285,6240.0
WETO,2026-09-30T13:25:00Z,1.33,1.34,1.3201,1.34,16079.0
WETO,2026-09-30T13:26:00Z,1.34,1.3597,1.34,1.35,9051.0
WETO,2026-09-30T13:27:00Z,1.3597,1.36,1.34,1.34,23816.0
WETO,2026-09-30T13:28:00Z,1.37,1.38,1.35,1.365,48439.0
WETO,2026-09-30T13:29:00Z,1.365,1.37,1.355,1.36,20090.0
WETO,2026-09-30T13:30:00Z,1.36,1.36,1.26,1.2817,139504.0
WETO,2026-09-30T13:31:00Z,1.288,1.35,1.27,1.27,94268.0
WETO,2026-09-30T13:32:00Z,1.27,1.3,1.25,1.265,54752.0
WETO,2026-09-30T13:33:00Z,1.2574,1.33,1.25,1.33,61186.0
WETO,2026-09-30T13:34:00Z,1.33,1.33,1.2505,1.2505,16213.0
WETO,2026-09-30T13:35:00Z,1.2505,1.285,1.25,1.25,21707.0
WETO,2026-09-30T13:36:00Z,1.25,1.29,1.24,1.25,59650.0
WETO,2026-09-30T13:37:00Z,1.2781,1.35,1.24,1.2817,68661.0
WETO,2026-09-30T13:38:00Z,1.29,1.3,1.26,1.27,20389.0
WETO,2026-09-30T13:39:00Z,1.27,1.3,1.27,1.29,5171.0
WETO,2026-09-30T13:40:00Z,1.29,1.3,1.29,1.295,7949.0
WETO,2026-09-30T13:41:00Z,1.295,1.3,1.275,1.275,13766.0
WETO,2026-09-30T13:42:00Z,1.2705,1.2705,1.25,1.265,18344.0
WETO,2026-09-30T13:43:00Z,1.265,1.2695,1.26,1.2605,10039.0
WETO,2026-09-30T13:44:00Z,1.26,1.2613,1.25,1.2507,21245.0
WETO,2026-09-30T13:45:00Z,1.2597,1.2597,1.22,1.23,51052.0
WETO,2026-09-30T13:46:00Z,1.22,1.25,1.215,1.25,53116.0
WETO,2026-09-30T13:47:00Z,1.25,1.28,1.25,1.25,36076.0
WETO,2026-09-30T13:48:00Z,1.25,1.28,1.25,1.269,26431.0
WETO,2026-09-30T13:49:00Z,1.27,1.27,1.25,1.27,11080.0
WETO,2026-09-30T13:50:00Z,1.265,1.2799,1.2602,1.27,6735.0
WETO,2026-09-30T13:51:00Z,1.27,1.28,1.27,1.2701,3288.0
WETO,2026-09-30T13:52:00Z,1.275,1.29,1.27,1.27,17551.0
WETO,2026-09-30T13:53:00Z,1.27,1.2899,1.26,1.27,15381.0
WETO,2026-09-30T13:54:00Z,1.271,1.2882,1.27,1.2795,4130.0
WETO,2026-09-30T13:55:00Z,1.275,1.275,1.26,1.27,9336.0
WETO,2026-09-30T13:56:00Z,1.26,1.28,1.26,1.26,8035.0
WETO,2026-09-30T13:57:00Z,1.26,1.27,1.25,1.255,9152.0
WETO,2026-09-30T13:58:00Z,1.255,1.26,1.25,1.2506,20132.0
WETO,2026-09-30T13:59:00Z,1.2506,1.2598,1.2501,1.255,7940.0
WETO,2026-09-30T14:00:00Z,1.26,1.28,1.2508,1.2612,33435.0
WETO,2026-09-30T14:01:00Z,1.27,1.27,1.2602,1.2697,5733.0
WETO,2026-09-30T14:02:00Z,1.2697,1.27,1.26,1.27,14050.0
WETO,2026-09-30T14:03:00Z,1.261,1.261,1.25,1.2501,8688.0
WETO,2026-09-30T14:04:00Z,1.255,1.26,1.25,1.2595,5709.0
WETO,2026-09-30T14:05:00Z,1.2503,1.26,1.25,1.255,7935.0
WETO,2026-09-30T14:06:00Z,1.255,1.2593,1.25,1.25,4135.0
WETO,2026-09-30T14:07:00Z,1.255,1.2567,1.24,1.24,36212.0
WETO,2026-09-30T14:08:00Z,1.24,1.25,1.24,1.24,11457.0
WETO,2026-09-30T14:09:00Z,1.2301,1.231,1.2,1.21,105570.0
WETO,2026-09-30T14:10:00Z,1.2096,1.25,1.2096,1.23,82040.0
WETO,2026-09-30T14:11:00Z,1.2393,1.24,1.215,1.2301,40448.0
WETO,2026-09-30T14:12:00Z,1.2305,1.24,1.22,1.22,9361.0
WETO,2026-09-30T14:13:00Z,1.22,1.23,1.22,1.225,29339.0
WETO,2026-09-30T14:14:00Z,1.225,1.225,1.2101,1.22,19752.0
WETO,2026-09-30T14:15:00Z,1.22,1.2293,1.22,1.22,4933.0
WETO,2026-09-30T14:16:00Z,1.2298,1.2298,1.2202,1.225,6575.0
WETO,2026-09-30T14:17:00Z,1.225,1.23,1.22,1.2205,6801.0
WETO,2026-09-30T14:18:00Z,1.225,1.23,1.22,1.2205,9303.0
WETO,2026-09-30T14:19:00Z,1.2205,1.23,1.2205,1.2293,3114.0
WETO,2026-09-30T14:20:00Z,1.225,1.25,1.225,1.235,25445.0
WETO,2026-09-30T14:21:00Z,1.235,1.24,1.23,1.2399,4800.0
WETO,2026-09-30T14:22:00Z,1.2399,1.2399,1.23,1.235,4008.0
WETO,2026-09-30T14:23:00Z,1.23,1.2316,1.23,1.2316,550.0
WETO,2026-09-30T14:24:00Z,1.23,1.2397,1.23,1.23,2268.0
WETO,2026-09-30T14:25:00Z,1.23,1.2392,1.23,1.23,3479.0
WETO,2026-09-30T14:26:00Z,1.2298,1.23,1.22,1.22,9437.0
WETO,2026-09-30T14:27:00Z,1.22,1.23,1.22,1.22,16009.0
WETO,2026-09-30T14:28:00Z,1.22,1.23,1.22,1.22,1893.0
WETO,2026-09-30T14:29:00Z,1.22,1.23,1.22,1.2294,5354.0
WETO,2026-09-30T14:30:00Z,1.2299,1.23,1.2201,1.2293,5759.0
WETO,2026-09-30T14:31:00Z,1.2293,1.23,1.22,1.2299,13091.0
WETO,2026-09-30T14:32:00Z,1.2299,1.23,1.22,1.2208,9856.0
WETO,2026-09-30T14:33:00Z,1.2208,1.23,1.22,1.23,6433.0
WETO,2026-09-30T14:34:00Z,1.225,1.225,1.21,1.215,9547.0
WETO,2026-09-30T14:35:00Z,1.215,1.2199,1.21,1.2105,6327.0
WETO,2026-09-30T14:36:00Z,1.2105,1.2197,1.21,1.21,6614.0
WETO,2026-09-30T14:37:00Z,1.21,1.21,1.2,1.2,9192.0
WETO,2026-09-30T14:38:00Z,1.2,1.2098,1.2,1.205,29860.0
WETO,2026-09-30T14:39:00Z,1.2093,1.2093,1.1605,1.1701,49522.0
WETO,2026-09-30T14:40:00Z,1.17,1.21,1.17,1.2,31120.0
WETO,2026-09-30T14:41:00Z,1.19,1.19,1.18,1.1808,10688.0
WETO,2026-09-30T14:42:00Z,1.1808,1.19,1.18,1.18,3758.0
WETO,2026-09-30T14:43:00Z,1.18,1.19,1.17,1.175,28503.0
WETO,2026-09-30T14:44:00Z,1.175,1.21,1.17,1.195,32836.0
WETO,2026-09-30T14:45:00Z,1.18,1.1984,1.18,1.19,4013.0
WETO,2026-09-30T14:46:00Z,1.18,1.1895,1.1705,1.1799,11132.0
WETO,2026-09-30T14:47:00Z,1.1799,1.18,1.17,1.175,7675.0
WETO,2026-09-30T14:48:00Z,1.175,1.18,1.1712,1.18,24237.0
WETO,2026-09-30T14:49:00Z,1.1788,1.18,1.17,1.1705,18646.0
WETO,2026-09-30T14:50:00Z,1.1705,1.175,1.16,1.1601,11582.0
WETO,2026-09-30T14:51:00Z,1.1601,1.175,1.16,1.175,15323.0
WETO,2026-09-30T14:52:00Z,1.175,1.1795,1.15,1.15,14259.0
WETO,2026-09-30T14:53:00Z,1.1553,1.1693,1.15,1.16,6288.0
WETO,2026-09-30T14:54:00Z,1.1596,1.16,1.15,1.16,6424.0
WETO,2026-09-30T14:55:00Z,1.15,1.155,1.15,1.15,17803.0
WETO,2026-09-30T14:56:00Z,1.15,1.1593,1.15,1.1502,6765.0
WETO,2026-09-30T14:57:00Z,1.1502,1.16,1.15,1.155,6811.0
WETO,2026-09-30T14:58:00Z,1.155,1.16,1.155,1.155,8485.0
WETO,2026-09-30T14:59:00Z,1.155,1.16,1.15,1.15,5262.0
WETO,2026-09-30T15:00:00Z,1.1501,1.16,1.15,1.152,9418.0
WETO,2026-09-30T15:01:00Z,1.1505,1.155,1.1501,1.1501,4557.0
WETO,2026-09-30T15:02:00Z,1.1502,1.16,1.15,1.1501,7608.0
WETO,2026-09-30T15:03:00Z,1.1501,1.16,1.15,1.15,3946.0
WETO,2026-09-30T15:04:00Z,1.15,1.1595,1.14,1.1493,19694.0
WETO,2026-09-30T15:05:00Z,1.1493,1.1493,1.12,1.125,83971.0
WETO,2026-09-30T15:06:00Z,1.12,1.1286,1.11,1.115,31073.0
WETO,2026-09-30T15:07:00Z,1.1101,1.14,1.1101,1.14,26505.0
WETO,2026-09-30T15:08:00Z,1.13,1.13,1.12,1.12,38636.0
WETO,2026-09-30T15:09:00Z,1.12,1.13,1.12,1.13,30254.0
WETO,2026-09-30T15:10:00Z,1.139,1.16,1.139,1.1507,24117.0
WETO,2026-09-30T15:11:00Z,1.155,1.16,1.15,1.155,10350.0
WETO,2026-09-30T15:12:00Z,1.15,1.16,1.15,1.15,6483.0
WETO,2026-09-30T15:13:00Z,1.15,1.155,1.14,1.1412,10797.0
WETO,2026-09-30T15:14:00Z,1.149,1.15,1.14,1.14,12700.0
WETO,2026-09-30T15:15:00Z,1.14,1.1493,1.13,1.135,13954.0
WETO,2026-09-30T15:16:00Z,1.135,1.14,1.13,1.1398,14220.0
WETO,2026-09-30T15:17:00Z,1.1398,1.1418,1.1301,1.14,12656.0
WETO,2026-09-30T15:18:00Z,1.14,1.14,1.135,1.135,4081.0
WETO,2026-09-30T15:19:00Z,1.135,1.14,1.135,1.1399,2164.0
WETO,2026-09-30T15:20:00Z,1.135,1.14,1.13,1.14,19610.0
WETO,2026-09-30T15:21:00Z,1.139,1.14,1.135,1.14,4456.0
WETO,2026-09-30T15:22:00Z,1.1301,1.14,1.13,1.1305,11099.0
WETO,2026-09-30T15:23:00Z,1.1305,1.14,1.13,1.14,5357.0
WETO,2026-09-30T15:24:00Z,1.14,1.14,1.125,1.1399,17918.0
WETO,2026-09-30T15:25:00Z,1.1399,1.14,1.13,1.135,5597.0
WETO,2026-09-30T15:26:00Z,1.135,1.135,1.1305,1.135,792.0
WETO,2026-09-30T15:27:00Z,1.135,1.135,1.13,1.13,322.0
WETO,2026-09-30T15:28:00Z,1.13,1.1399,1.13,1.135,4188.0
WETO,2026-09-30T15:29:00Z,1.135,1.138,1.135,1.1352,1148.0
WETO,2026-09-30T15:30:00Z,1.135,1.14,1.1301,1.135,3471.0
WETO,2026-09-30T15:31:00Z,1.1305,1.1395,1.13,1.1395,1257.0
