decision_id,ts_et,session,symbol,source,session_id,source_name,data_status,bar_resolution,last,bid,ask,session_high,volume,rvol,change_pct,float_shares,float_quality,float_source,catalyst,halted,verdict,killed_by,plan_allowed,gates_json,warnings_json,inputs_json,trigger,stop,target,risk_share,reward_multiple,pullback_candles,volume_ok,outcome,refusal_reasons_json,acted_at,recorded_at,rules_hash,code_commit,bar_end_ts,clocks_json,chart_json,ref_price,mfe_r_planned,mae_r_planned,stop_hit,target_hit,first_hit,trigger_hit,trigger_hit_ts,h30,l30,c_close
1eb8cb21ad7a699d,2026-09-30T04:07:00-04:00,none,ATCX,pullback,ibkr-NCI-CAPR-BIYA,IBKR · TWS read-only · live,live-backfill,1m,3.5,,,4.8,5428.0,0.4437123717112927,14.754098360655753,3474972.0,shares_outstanding_proxy,SEC shares outstanding (upper bound),0,0,REJECT,pillars,0,"[{""id"": ""price"", ""kills"": true, ""reason"": ""$3.50 is outside $2.00\u201320.00."", ""state"": ""PASS"", ""value"": ""$3.50  band $2.00\u201320.00""}, {""id"": ""float"", ""kills"": false, ""reason"": """", ""state"": ""PASS"", ""value"": ""3.5M (SO upper bound)""}, {""id"": ""catalyst"", ""kills"": false, ""reason"": ""The desk has no news feed (no headline keys in .env); the gate could not be evaluated."", ""state"": ""UNKNOWN"", ""value"": ""no headline source""}, {""id"": ""pillars"", ""kills"": true, ""reason"": ""Only 3 of the Five Pillars pass (need 4); missing rvol, catalyst."", ""state"": ""FAIL"", ""value"": ""3/5 \u2014 missing rvol, catalyst""}, {""id"": ""rising"", ""kills"": false, ""reason"": ""cascade already stopped"", ""state"": ""NOT_APPLICABLE"", ""value"": ""\u2014""}, {""id"": ""split"", ""kills"": false, ""reason"": ""cascade already stopped"", ""state"": ""NOT_APPLICABLE"", ""value"": ""\u2014""}, {""id"": ""instrument"", ""kills"": false, ""reason"": ""cascade already stopped"", ""state"": ""NOT_APPLICABLE"", ""value"": ""\u2014""}, {""id"": ""tick"", ""kills"": false, ""reason"": ""cascade already stopped"", ""state"": ""NOT_APPLICABLE"", ""value"": ""\u2014""}, {""id"": ""buyout"", ""kills"": false, ""reason"": ""cascade already stopped"", ""state"": ""NOT_APPLICABLE"", ""value"": ""\u2014""}]","[""Catalyst unknown \u2014 no headline source on this desk (A2: flagged, not killed).""]","{""above_ema9"": null, ""above_vwap"": false, ""buyout_announced"": false, ""catalyst_source_ok"": false, ""catalyst_today"": false, ""catalyst_verdict"": ""UNKNOWN"", ""change_pct"": 14.754098360655753, ""feed_stale"": false, ""float_is_shares_outstanding"": true, ""float_shares"": 3474972, ""float_verified"": false, ""halted"": false, ""in_session_window"": true, ""is_fund_or_etf"": null, ""last"": 3.5, ""live_theme"": false, ""macd_positive_and_above_signal"": null, ""penny_theme"": false, ""premarket_volume"": null, ""prev_close"": null, ""rvol"": 0.4437123717112927, ""session_high"": 4.8, ""session_volume"": 5428.0, ""split_ratio_clean_integer"": null, ""symbol"": ""ATCX"", ""tick_size"": null}",3.51,3.47,3.59,0.04,2.0,1,1,SUPPRESSED,,,2026-09-30T08:20:28+00:00,29c30d884550,6f27547,2026-09-30T04:08:00-04:00,,,3.51,2.25,-13.5,1,1,stop,1,2026-09-30T08:26:00Z,3.52,3.3,3.08
253bd53b671a4ec5,2026-09-30T04:09:00-04:00,none,BIYA,pullback,ibkr-NCI-CAPR-BIYA,IBKR · TWS read-only · live,live-backfill,1m,2.5,,,2.64,262204.0,9.056867069533364,21.95121951219514,1185835.0,shares_outstanding_proxy,SEC shares outstanding (upper bound),0,0,WATCH,,1,"[{""id"": ""price"", ""kills"": true, ""reason"": ""$2.50 is outside $2.00\u201320.00."", ""state"": ""PASS"", ""value"": ""$2.50  band $2.00\u201320.00""}, {""id"": ""float"", ""kills"": false, ""reason"": """", ""state"": ""PASS"", ""value"": ""1.2M (SO upper bound)""}, {""id"": ""catalyst"", ""kills"": false, ""reason"": ""The desk has no news feed (no headline keys in .env); the gate could not be evaluated."", ""state"": ""UNKNOWN"", ""value"": ""no headline source""}, {""id"": ""pillars"", ""kills"": true, ""reason"": ""Only 4 of the Five Pillars pass (need 4); missing catalyst."", ""state"": ""PASS"", ""value"": ""4/5 \u2014 missing catalyst""}, {""id"": ""rising"", ""kills"": true, ""reason"": ""5.3% off the high \u2014 back side of the move."", ""state"": ""PASS"", ""value"": ""5.3% off 2.64""}, {""id"": ""split"", ""kills"": false, ""reason"": """", ""state"": ""PASS"", ""value"": ""gap is not arithmetic""}, {""id"": ""instrument"", ""kills"": false, ""reason"": """", ""state"": ""UNKNOWN"", ""value"": ""\u2014""}, {""id"": ""tick"", ""kills"": false, ""reason"": """", ""state"": ""UNKNOWN"", ""value"": ""\u2014""}, {""id"": ""buyout"", ""kills"": true, ""reason"": ""Acquisition announced \u2014 the price is pinned and volatility is gone."", ""state"": ""PASS"", ""value"": ""none""}, {""id"": ""vwap"", ""kills"": false, ""reason"": """", ""state"": ""PASS"", ""value"": ""yes""}, {""id"": ""ema9"", ""kills"": false, ""reason"": """", ""state"": ""PASS"", ""value"": ""yes""}, {""id"": ""macd"", ""kills"": false, ""reason"": """", ""state"": ""UNKNOWN"", ""value"": ""\u2014""}, {""id"": ""tape"", ""kills"": false, ""reason"": ""No tape and no book in this tool."", ""state"": ""MANUAL_CONFIRMATION_REQUIRED"", ""value"": ""your eyes""}]","[""Catalyst unknown \u2014 no headline source on this desk (A2: flagged, not killed)."", ""Instrument type unknown \u2014 ADRs are fine, funds are not."", ""Session volume 0.26M is under the 1M floor \u2014 the band he measured himself losing in.""]","{""above_ema9"": true, ""above_vwap"": true, ""buyout_announced"": false, ""catalyst_source_ok"": false, ""catalyst_today"": false, ""catalyst_verdict"": ""UNKNOWN"", ""change_pct"": 21.95121951219514, ""feed_stale"": false, ""float_is_shares_outstanding"": true, ""float_shares"": 1185835, ""float_verified"": false, ""halted"": false, ""in_session_window"": true, ""is_fund_or_etf"": null, ""last"": 2.5, ""live_theme"": false, ""macd_positive_and_above_signal"": null, ""penny_theme"": false, ""premarket_volume"": null, ""prev_close"": null, ""rvol"": 9.056867069533364, ""session_high"": 2.64, ""session_volume"": 262204.0, ""split_ratio_clean_integer"": null, ""symbol"": ""BIYA"", ""tick_size"": null}",2.5297,2.47,2.6491,0.0597,2.0,1,0,REFUSED,"[""bar is outside the 07:00-16:00 ET session window (session 'none'); nothing is traded there"", ""bar clock: the bar closed 631s before the runner saw it (budget 120s); a stale plan is not the trade the cascade reviewed (bar close \u2192 published 628s, published \u2192 runner 3s)"", ""backfill decision: armed on loaded history, inputs not point-in-time (bar clock: the bar predates the desk's start; a fresh publication time does not make it fresh)"", ""Layer 2 not green: pullback volume was not lighter than the impulse"", ""Layer 2 not green: MACD unknown (not computable at the plan) (verdict WATCH) \u2014 chart gates must all be true at entry"", ""selective (A13): price 2.53 under $5""]",2026-09-30T08:20:31+00:00,2026-09-30T08:20:28+00:00,29c30d884550,6f27547,2026-09-30T04:10:00-04:00,"{""bar_end"": ""2026-09-30T04:10:00-04:00"", ""bar_to_published_s"": 628, ""published"": ""2026-09-30T08:20:28+00:00"", ""published_to_seen_s"": 3, ""quote_ts"": ""2026-09-30T08:20:27+00:00"", ""runner_seen"": ""2026-09-30T08:20:31+00:00""}",,2.5297,10.8928,-10.5477,1,1,target,1,2026-09-30T08:12:00Z,2.67,2.4,1.965
0abe06638d688b4e,2026-09-30T04:09:00-04:00,none,WETO,pullback,ibkr-NCI-CAPR-BIYA,IBKR · TWS read-only · live,live-backfill,1m,1.33,,,1.64,2195067.0,0.6552606924347806,20.9090909090909,22000000.0,shares_outstanding_proxy,SEC shares outstanding (upper bound),0,0,REJECT,price,0,"[{""id"": ""price"", ""kills"": true, ""reason"": ""$1.33 is outside $2.00\u201320.00."", ""state"": ""FAIL"", ""value"": ""$1.33  band $2.00\u201320.00""}, {""id"": ""float"", ""kills"": false, ""reason"": ""cascade already stopped"", ""state"": ""NOT_APPLICABLE"", ""value"": ""\u2014""}, {""id"": ""catalyst"", ""kills"": false, ""reason"": ""cascade already stopped"", ""state"": ""NOT_APPLICABLE"", ""value"": ""\u2014""}, {""id"": ""pillars"", ""kills"": false, ""reason"": ""cascade already stopped"", ""state"": ""NOT_APPLICABLE"", ""value"": ""\u2014""}, {""id"": ""rising"", ""kills"": false, ""reason"": ""cascade already stopped"", ""state"": ""NOT_APPLICABLE"", ""value"": ""\u2014""}, {""id"": ""split"", ""kills"": false, ""reason"": ""cascade already stopped"", ""state"": ""NOT_APPLICABLE"", ""value"": ""\u2014""}, {""id"": ""instrument"", ""kills"": false, ""reason"": ""cascade already stopped"", ""state"": ""NOT_APPLICABLE"", ""value"": ""\u2014""}, {""id"": ""tick"", ""kills"": false, ""reason"": ""cascade already stopped"", ""state"": ""NOT_APPLICABLE"", ""value"": ""\u2014""}, {""id"": ""buyout"", ""kills"": false, ""reason"": ""cascade already stopped"", ""state"": ""NOT_APPLICABLE"", ""value"": ""\u2014""}]",[],"{""above_ema9"": false, ""above_vwap"": false, ""buyout_announced"": false, ""catalyst_source_ok"": false, ""catalyst_today"": false, ""catalyst_verdict"": ""UNKNOWN"", ""change_pct"": 20.9090909090909, ""feed_stale"": false, ""float_is_shares_outstanding"": true, ""float_shares"": 22000000, ""float_verified"": false, ""halted"": false, ""in_session_window"": true, ""is_fund_or_etf"": null, ""last"": 1.33, ""live_theme"": false, ""macd_positive_and_above_signal"": null, ""penny_theme"": false, ""premarket_volume"": null, ""prev_close"": null, ""rvol"": 0.6552606924347806, ""session_high"": 1.64, ""session_volume"": 2195067.0, ""split_ratio_clean_integer"": null, ""symbol"": ""WETO"", ""tick_size"": null}",1.41,1.31,1.61,0.1,2.0,4,0,SUPPRESSED,,,2026-09-30T08:20:28+00:00,29c30d884550,6f27547,2026-09-30T04:10:00-04:00,,,1.41,,,0,0,untriggered,0,,1.37,1.3,1.1395
cd3d2bdcf22f93de,2026-09-30T04:13:00-04:00,none,CAPR,pullback,ibkr-NCI-CAPR-BIYA,IBKR · TWS read-only · live,live-backfill,1m,11.85,,,12.39,502921.0,0.2310213164192429,38.27304550758459,58138989.0,shares_outstanding_proxy,SEC shares outstanding (upper bound),0,0,REJECT,pillars,0,"[{""id"": ""price"", ""kills"": true, ""reason"": ""$11.85 is outside $2.00\u201320.00."", ""state"": ""PASS"", ""value"": ""$11.85  band $2.00\u201320.00""}, {""id"": ""float"", ""kills"": false, ""reason"": ""58.1M outstanding is an upper bound over the 20M cap \u2014 it proves nothing either way. Verify the float by hand."", ""state"": ""MANUAL_CONFIRMATION_REQUIRED"", ""value"": ""58.1M shares outstanding""}, {""id"": ""catalyst"", ""kills"": false, ""reason"": ""The desk has no news feed (no headline keys in .env); the gate could not be evaluated."", ""state"": ""UNKNOWN"", ""value"": ""no headline source""}, {""id"": ""pillars"", ""kills"": true, ""reason"": ""Only 2 of the Five Pillars pass (need 4); missing rvol, float, catalyst."", ""state"": ""FAIL"", ""value"": ""2/5 \u2014 missing rvol, float, catalyst""}, {""id"": ""rising"", ""kills"": false, ""reason"": ""cascade already stopped"", ""state"": ""NOT_APPLICABLE"", ""value"": ""\u2014""}, {""id"": ""split"", ""kills"": false, ""reason"": ""cascade already stopped"", ""state"": ""NOT_APPLICABLE"", ""value"": ""\u2014""}, {""id"": ""instrument"", ""kills"": false, ""reason"": ""cascade already stopped"", ""state"": ""NOT_APPLICABLE"", ""value"": ""\u2014""}, {""id"": ""tick"", ""kills"": false, ""reason"": ""cascade already stopped"", ""state"": ""NOT_APPLICABLE"", ""value"": ""\u2014""}, {""id"": ""buyout"", ""kills"": false, ""reason"": ""cascade already stopped"", ""state"": ""NOT_APPLICABLE"", ""value"": ""\u2014""}]","[""Catalyst unknown \u2014 no headline source on this desk (A2: flagged, not killed).""]","{""above_ema9"": true, ""above_vwap"": true, ""buyout_announced"": false, ""catalyst_source_ok"": false, ""catalyst_today"": false, ""catalyst_verdict"": ""UNKNOWN"", ""change_pct"": 38.27304550758459, ""feed_stale"": false, ""float_is_shares_outstanding"": true, ""float_shares"": 58138989, ""float_verified"": false, ""halted"": false, ""in_session_window"": true, ""is_fund_or_etf"": null, ""last"": 11.85, ""live_theme"": false, ""macd_positive_and_above_signal"": null, ""penny_theme"": false, ""premarket_volume"": null, ""prev_close"": null, ""rvol"": 0.2310213164192429, ""session_high"": 12.39, ""session_volume"": 502921.0, ""split_ratio_clean_integer"": null, ""symbol"": ""CAPR"", ""tick_size"": null}",11.62,11.17,12.52,0.45,2.0,2,0,SUPPRESSED,,,2026-09-30T08:20:28+00:00,29c30d884550,6f27547,2026-09-30T04:14:00-04:00,,,11.62,1.9111,-4.7556,1,0,stop,1,2026-09-30T08:14:00Z,12.48,10.62,10.27
264888f29b15d5fb,2026-09-30T04:27:00-04:00,none,NCI,pullback,ibkr-NCI-CAPR-BIYA,IBKR · TWS read-only · live,live,1m,2.15,2.14,2.17,2.56,3007621.0,508.90372250423013,70.63492063492063,2360000.0,verified,finviz via premarket_stars.py,0,0,WAIT,,1,"[{""id"": ""price"", ""kills"": true, ""reason"": ""$2.15 is outside $2.00\u201320.00."", ""state"": ""PASS"", ""value"": ""$2.15  band $2.00\u201320.00""}, {""id"": ""float"", ""kills"": false, ""reason"": """", ""state"": ""PASS"", ""value"": ""2.4M (verified)""}, {""id"": ""catalyst"", ""kills"": false, ""reason"": ""The desk has no news feed (no headline keys in .env); the gate could not be evaluated."", ""state"": ""UNKNOWN"", ""value"": ""no headline source""}, {""id"": ""pillars"", ""kills"": true, ""reason"": ""Only 4 of the Five Pillars pass (need 4); missing catalyst."", ""state"": ""PASS"", ""value"": ""4/5 \u2014 missing catalyst""}, {""id"": ""rising"", ""kills"": true, ""reason"": ""16.0% off the high \u2014 back side of the move."", ""state"": ""PASS"", ""value"": ""16.0% off 2.56""}, {""id"": ""split"", ""kills"": false, ""reason"": """", ""state"": ""PASS"", ""value"": ""gap is not arithmetic""}, {""id"": ""instrument"", ""kills"": false, ""reason"": """", ""state"": ""UNKNOWN"", ""value"": ""\u2014""}, {""id"": ""tick"", ""kills"": false, ""reason"": """", ""state"": ""UNKNOWN"", ""value"": ""\u2014""}, {""id"": ""buyout"", ""kills"": true, ""reason"": ""Acquisition announced \u2014 the price is pinned and volatility is gone."", ""state"": ""PASS"", ""value"": ""none""}, {""id"": ""vwap"", ""kills"": false, ""reason"": """", ""state"": ""FAIL"", ""value"": ""no""}, {""id"": ""ema9"", ""kills"": false, ""reason"": """", ""state"": ""FAIL"", ""value"": ""no""}, {""id"": ""macd"", ""kills"": false, ""reason"": """", ""state"": ""UNKNOWN"", ""value"": ""\u2014""}, {""id"": ""tape"", ""kills"": false, ""reason"": ""No tape and no book in this tool."", ""state"": ""MANUAL_CONFIRMATION_REQUIRED"", ""value"": ""your eyes""}]","[""Catalyst unknown \u2014 no headline source on this desk (A2: flagged, not killed)."", ""Instrument type unknown \u2014 ADRs are fine, funds are not.""]","{""above_ema9"": false, ""above_vwap"": false, ""buyout_announced"": false, ""catalyst_source_ok"": false, ""catalyst_today"": false, ""catalyst_verdict"": ""UNKNOWN"", ""change_pct"": 70.63492063492063, ""feed_stale"": false, ""float_is_shares_outstanding"": false, ""float_shares"": 2360000.0, ""float_verified"": true, ""halted"": false, ""in_session_window"": true, ""is_fund_or_etf"": null, ""last"": 2.15, ""live_theme"": false, ""macd_positive_and_above_signal"": null, ""penny_theme"": false, ""premarket_volume"": null, ""prev_close"": null, ""rvol"": 508.90372250423013, ""session_high"": 2.56, ""session_volume"": 3007621.0, ""split_ratio_clean_integer"": null, ""symbol"": ""NCI"", ""tick_size"": null}",2.15,2.1,2.25,0.05,2.0,3,0,REFUSED,"[""bar is outside the 07:00-16:00 ET session window (session 'none'); nothing is traded there"", ""Layer 2 not green: pullback volume was not lighter than the impulse"", ""Layer 2 not green: below VWAP; below the 9 EMA; MACD unknown (not computable at the plan) (verdict WAIT) \u2014 chart gates must all be true at entry"", ""selective (A13): price 2.15 under $5""]",2026-09-30T08:27:36+00:00,2026-09-30T08:27:32+00:00,29c30d884550,6f27547,2026-09-30T04:28:00-04:00,"{""bar_end"": ""2026-09-30T04:28:00-04:00"", ""bar_to_published_s"": -28, ""published"": ""2026-09-30T08:27:32+00:00"", ""published_to_seen_s"": 4, ""quote_ts"": ""2026-09-30T08:27:34+00:00"", ""runner_seen"": ""2026-09-30T08:27:36+00:00""}",,2.15,0.8,-13.2,1,0,stop,1,2026-09-30T08:28:00Z,2.18,2.01,1.49
b0e9598b26cd9dc1,2026-09-30T04:35:00-04:00,none,BIYA,pullback,ibkr-NCI-CAPR-BIYA,IBKR · TWS read-only · live,live,1m,2.49,2.49,2.5,2.67,1187635.0,41.02245702630493,21.46341463414636,1185835.0,shares_outstanding_proxy,SEC shares outstanding (upper bound),0,0,WAIT,,1,"[{""id"": ""price"", ""kills"": true, ""reason"": ""$2.49 is outside $2.00\u201320.00."", ""state"": ""PASS"", ""value"": ""$2.49  band $2.00\u201320.00""}, {""id"": ""float"", ""kills"": false, ""reason"": """", ""state"": ""PASS"", ""value"": ""1.2M (SO upper bound)""}, {""id"": ""catalyst"", ""kills"": false, ""reason"": ""The desk has no news feed (no headline keys in .env); the gate could not be evaluated."", ""state"": ""UNKNOWN"", ""value"": ""no headline source""}, {""id"": ""pillars"", ""kills"": true, ""reason"": ""Only 4 of the Five Pillars pass (need 4); missing catalyst."", ""state"": ""PASS"", ""value"": ""4/5 \u2014 missing catalyst""}, {""id"": ""rising"", ""kills"": true, ""reason"": ""6.7% off the high \u2014 back side of the move."", ""state"": ""PASS"", ""value"": ""6.7% off 2.67""}, {""id"": ""split"", ""kills"": false, ""reason"": """", ""state"": ""PASS"", ""value"": ""gap is not arithmetic""}, {""id"": ""instrument"", ""kills"": false, ""reason"": """", ""state"": ""UNKNOWN"", ""value"": ""\u2014""}, {""id"": ""tick"", ""kills"": false, ""reason"": """", ""state"": ""UNKNOWN"", ""value"": ""\u2014""}, {""id"": ""buyout"", ""kills"": true, ""reason"": ""Acquisition announced \u2014 the price is pinned and volatility is gone."", ""state"": ""PASS"", ""value"": ""none""}, {""id"": ""vwap"", ""kills"": false, ""reason"": """", ""state"": ""FAIL"", ""value"": ""no""}, {""id"": ""ema9"", ""kills"": false, ""reason"": """", ""state"": ""PASS"", ""value"": ""yes""}, {""id"": ""macd"", ""kills"": false, ""reason"": """", ""state"": ""PASS"", ""value"": ""yes""}, {""id"": ""tape"", ""kills"": false, ""reason"": ""No tape and no book in this tool."", ""state"": ""MANUAL_CONFIRMATION_REQUIRED"", ""value"": ""your eyes""}]","[""Catalyst unknown \u2014 no headline source on this desk (A2: flagged, not killed)."", ""Instrument type unknown \u2014 ADRs are fine, funds are not.""]","{""above_ema9"": true, ""above_vwap"": false, ""buyout_announced"": false, ""catalyst_source_ok"": false, ""catalyst_today"": false, ""catalyst_verdict"": ""UNKNOWN"", ""change_pct"": 21.46341463414636, ""feed_stale"": false, ""float_is_shares_outstanding"": true, ""float_shares"": 1185835, ""float_verified"": false, ""halted"": false, ""in_session_window"": true, ""is_fund_or_etf"": null, ""last"": 2.49, ""live_theme"": false, ""macd_positive_and_above_signal"": true, ""penny_theme"": false, ""premarket_volume"": null, ""prev_close"": null, ""rvol"": 41.02245702630493, ""session_high"": 2.67, ""session_volume"": 1187635.0, ""split_ratio_clean_integer"": null, ""symbol"": ""BIYA"", ""tick_size"": null}",2.51,2.45,2.63,0.06,2.0,2,0,REFUSED,"[""bar is outside the 07:00-16:00 ET session window (session 'none'); nothing is traded there"", ""Layer 2 not green: pullback volume was not lighter than the impulse"", ""Layer 2 not green: below VWAP (verdict WAIT) \u2014 chart gates must all be true at entry"", ""selective (A13): price 2.51 under $5""]",2026-09-30T08:35:26+00:00,2026-09-30T08:35:22+00:00,29c30d884550,6f27547,2026-09-30T04:36:00-04:00,"{""bar_end"": ""2026-09-30T04:36:00-04:00"", ""bar_to_published_s"": -38, ""published"": ""2026-09-30T08:35:22+00:00"", ""published_to_seen_s"": 5, ""quote_ts"": ""2026-09-30T08:35:23+00:00"", ""runner_seen"": ""2026-09-30T08:35:26+00:00""}",,2.51,11.1667,-10.1667,1,1,stop,1,2026-09-30T08:40:00Z,2.59,2.41,1.965
d5a4e371cdc7b200,2026-09-30T04:37:00-04:00,none,CAPR,pullback,ibkr-NCI-CAPR-BIYA,IBKR · TWS read-only · live,live,1m,10.82,10.92,10.96,12.48,1339256.0,0.6151993735444922,26.254375729288213,58138989.0,shares_outstanding_proxy,SEC shares outstanding (upper bound),0,0,REJECT,pillars,0,"[{""id"": ""price"", ""kills"": true, ""reason"": ""$10.82 is outside $2.00\u201320.00."", ""state"": ""PASS"", ""value"": ""$10.82  band $2.00\u201320.00""}, {""id"": ""float"", ""kills"": false, ""reason"": ""58.1M outstanding is an upper bound over the 20M cap \u2014 it proves nothing either way. Verify the float by hand."", ""state"": ""MANUAL_CONFIRMATION_REQUIRED"", ""value"": ""58.1M shares outstanding""}, {""id"": ""catalyst"", ""kills"": false, ""reason"": ""The desk has no news feed (no headline keys in .env); the gate could not be evaluated."", ""state"": ""UNKNOWN"", ""value"": ""no headline source""}, {""id"": ""pillars"", ""kills"": true, ""reason"": ""Only 2 of the Five Pillars pass (need 4); missing rvol, float, catalyst."", ""state"": ""FAIL"", ""value"": ""2/5 \u2014 missing rvol, float, catalyst""}, {""id"": ""rising"", ""kills"": false, ""reason"": ""cascade already stopped"", ""state"": ""NOT_APPLICABLE"", ""value"": ""\u2014""}, {""id"": ""split"", ""kills"": false, ""reason"": ""cascade already stopped"", ""state"": ""NOT_APPLICABLE"", ""value"": ""\u2014""}, {""id"": ""instrument"", ""kills"": false, ""reason"": ""cascade already stopped"", ""state"": ""NOT_APPLICABLE"", ""value"": ""\u2014""}, {""id"": ""tick"", ""kills"": false, ""reason"": ""cascade already stopped"", ""state"": ""NOT_APPLICABLE"", ""value"": ""\u2014""}, {""id"": ""buyout"", ""kills"": false, ""reason"": ""cascade already stopped"", ""state"": ""NOT_APPLICABLE"", ""value"": ""\u2014""}]","[""Catalyst unknown \u2014 no headline source on this desk (A2: flagged, not killed).""]","{""above_ema9"": false, ""above_vwap"": false, ""buyout_announced"": false, ""catalyst_source_ok"": false, ""catalyst_today"": false, ""catalyst_verdict"": ""UNKNOWN"", ""change_pct"": 26.254375729288213, ""feed_stale"": false, ""float_is_shares_outstanding"": true, ""float_shares"": 58138989, ""float_verified"": false, ""halted"": false, ""in_session_window"": true, ""is_fund_or_etf"": null, ""last"": 10.82, ""live_theme"": false, ""macd_positive_and_above_signal"": false, ""penny_theme"": false, ""premarket_volume"": null, ""prev_close"": null, ""rvol"": 0.6151993735444922, ""session_high"": 12.48, ""session_volume"": 1339256.0, ""split_ratio_clean_integer"": null, ""symbol"": ""CAPR"", ""tick_size"": null}",10.86,10.74,11.1,0.12,2.0,3,1,SUPPRESSED,,,2026-09-30T08:37:41+00:00,29c30d884550,6f27547,2026-09-30T04:38:00-04:00,,,10.86,7.4167,-11.5,1,1,stop,1,2026-09-30T08:38:00Z,11.19,10.7,10.27
19547afdee8e3e26,2026-09-30T04:46:00-04:00,none,BIYA,pullback,ibkr-NCI-CAPR-BIYA,IBKR · TWS read-only · live,live,1m,2.53,2.52,2.53,2.67,1308500.0,45.19729127124074,23.414634146341463,1185835.0,shares_outstanding_proxy,SEC shares outstanding (upper bound),0,0,REVIEW,,1,"[{""id"": ""price"", ""kills"": true, ""reason"": ""$2.53 is outside $2.00\u201320.00."", ""state"": ""PASS"", ""value"": ""$2.53  band $2.00\u201320.00""}, {""id"": ""float"", ""kills"": false, ""reason"": """", ""state"": ""PASS"", ""value"": ""1.2M (SO upper bound)""}, {""id"": ""catalyst"", ""kills"": false, ""reason"": ""The desk has no news feed (no headline keys in .env); the gate could not be evaluated."", ""state"": ""UNKNOWN"", ""value"": ""no headline source""}, {""id"": ""pillars"", ""kills"": true, ""reason"": ""Only 4 of the Five Pillars pass (need 4); missing catalyst."", ""state"": ""PASS"", ""value"": ""4/5 \u2014 missing catalyst""}, {""id"": ""rising"", ""kills"": true, ""reason"": ""5.2% off the high \u2014 back side of the move."", ""state"": ""PASS"", ""value"": ""5.2% off 2.67""}, {""id"": ""split"", ""kills"": false, ""reason"": """", ""state"": ""PASS"", ""value"": ""gap is not arithmetic""}, {""id"": ""instrument"", ""kills"": false, ""reason"": """", ""state"": ""UNKNOWN"", ""value"": ""\u2014""}, {""id"": ""tick"", ""kills"": false, ""reason"": """", ""state"": ""UNKNOWN"", ""value"": ""\u2014""}, {""id"": ""buyout"", ""kills"": true, ""reason"": ""Acquisition announced \u2014 the price is pinned and volatility is gone."", ""state"": ""PASS"", ""value"": ""none""}, {""id"": ""vwap"", ""kills"": false, ""reason"": """", ""state"": ""PASS"", ""value"": ""yes""}, {""id"": ""ema9"", ""kills"": false, ""reason"": """", ""state"": ""PASS"", ""value"": ""yes""}, {""id"": ""macd"", ""kills"": false, ""reason"": """", ""state"": ""PASS"", ""value"": ""yes""}, {""id"": ""tape"", ""kills"": false, ""reason"": ""No tape and no book in this tool."", ""state"": ""MANUAL_CONFIRMATION_REQUIRED"", ""value"": ""your eyes""}]","[""Catalyst unknown \u2014 no headline source on this desk (A2: flagged, not killed)."", ""Instrument type unknown \u2014 ADRs are fine, funds are not.""]","{""above_ema9"": true, ""above_vwap"": true, ""buyout_announced"": false, ""catalyst_source_ok"": false, ""catalyst_today"": false, ""catalyst_verdict"": ""UNKNOWN"", ""change_pct"": 23.414634146341463, ""feed_stale"": false, ""float_is_shares_outstanding"": true, ""float_shares"": 1185835, ""float_verified"": false, ""halted"": false, ""in_session_window"": true, ""is_fund_or_etf"": null, ""last"": 2.53, ""live_theme"": false, ""macd_positive_and_above_signal"": true, ""penny_theme"": false, ""premarket_volume"": null, ""prev_close"": null, ""rvol"": 45.19729127124074, ""session_high"": 2.67, ""session_volume"": 1308500.0, ""split_ratio_clean_integer"": null, ""symbol"": ""BIYA"", ""tick_size"": null}",2.53,2.49,2.61,0.04,2.0,4,1,REFUSED,"[""bar is outside the 07:00-16:00 ET session window (session 'none'); nothing is traded there"", ""selective (A13): stop 1.6% of price, under 2%"", ""selective (A13): price 2.53 under $5"", ""selective (A13): plan 3 of the day on BIYA, only the first 2 are taken""]",2026-09-30T08:46:12+00:00,2026-09-30T08:46:11+00:00,29c30d884550,6f27547,2026-09-30T04:47:00-04:00,"{""bar_end"": ""2026-09-30T04:47:00-04:00"", ""bar_to_published_s"": -49, ""published"": ""2026-09-30T08:46:11+00:00"", ""published_to_seen_s"": 2, ""quote_ts"": ""2026-09-30T08:46:09+00:00"", ""runner_seen"": ""2026-09-30T08:46:12+00:00""}",,2.53,16.25,-15.75,1,1,stop,1,2026-09-30T09:43:00Z,2.528,2.25,1.965
90e6024c80e65b19,2026-09-30T04:47:00-04:00,none,WETO,pullback,ibkr-NCI-CAPR-BIYA,IBKR · TWS read-only · live,live,1m,1.33,1.33,1.34,1.64,3158239.0,58.51082868629231,20.9090909090909,22000000.0,shares_outstanding_proxy,SEC shares outstanding (upper bound),0,0,REJECT,price,0,"[{""id"": ""price"", ""kills"": true, ""reason"": ""$1.33 is outside $2.00\u201320.00."", ""state"": ""FAIL"", ""value"": ""$1.33  band $2.00\u201320.00""}, {""id"": ""float"", ""kills"": false, ""reason"": ""cascade already stopped"", ""state"": ""NOT_APPLICABLE"", ""value"": ""\u2014""}, {""id"": ""catalyst"", ""kills"": false, ""reason"": ""cascade already stopped"", ""state"": ""NOT_APPLICABLE"", ""value"": ""\u2014""}, {""id"": ""pillars"", ""kills"": false, ""reason"": ""cascade already stopped"", ""state"": ""NOT_APPLICABLE"", ""value"": ""\u2014""}, {""id"": ""rising"", ""kills"": false, ""reason"": ""cascade already stopped"", ""state"": ""NOT_APPLICABLE"", ""value"": ""\u2014""}, {""id"": ""split"", ""kills"": false, ""reason"": ""cascade already stopped"", ""state"": ""NOT_APPLICABLE"", ""value"": ""\u2014""}, {""id"": ""instrument"", ""kills"": false, ""reason"": ""cascade already stopped"", ""state"": ""NOT_APPLICABLE"", ""value"": ""\u2014""}, {""id"": ""tick"", ""kills"": false, ""reason"": ""cascade already stopped"", ""state"": ""NOT_APPLICABLE"", ""value"": ""\u2014""}, {""id"": ""buyout"", ""kills"": false, ""reason"": ""cascade already stopped"", ""state"": ""NOT_APPLICABLE"", ""value"": ""\u2014""}]",[],"{""above_ema9"": true, ""above_vwap"": false, ""buyout_announced"": false, ""catalyst_source_ok"": false, ""catalyst_today"": false, ""catalyst_verdict"": ""UNKNOWN"", ""change_pct"": 20.9090909090909, ""feed_stale"": false, ""float_is_shares_outstanding"": true, ""float_shares"": 22000000, ""float_verified"": false, ""halted"": false, ""in_session_window"": true, ""is_fund_or_etf"": null, ""last"": 1.33, ""live_theme"": false, ""macd_positive_and_above_signal"": true, ""penny_theme"": false, ""premarket_volume"": null, ""prev_close"": null, ""rvol"": 58.51082868629231, ""session_high"": 1.64, ""session_volume"": 3158239.0, ""split_ratio_clean_integer"": null, ""symbol"": ""WETO"", ""tick_size"": null}",1.345,1.32,1.395,0.025,2.0,1,1,SUPPRESSED,,,2026-09-30T08:47:13+00:00,29c30d884550,6f27547,2026-09-30T04:48:00-04:00,,,1.345,1.4,-9.4,1,0,stop,1,2026-09-30T12:49:00Z,1.33,1.23,1.1395
dd7f85d23e18d41c,2026-09-30T04:51:00-04:00,none,NCI,pullback,ibkr-NCI-CAPR-BIYA,IBKR · TWS read-only · live,live,1m,2.0607,2.06,2.07,2.56,3780764.0,639.7231810490694,63.54761904761905,2360000.0,verified,finviz via premarket_stars.py,0,0,WAIT,,1,"[{""id"": ""price"", ""kills"": true, ""reason"": ""$2.06 is outside $2.00\u201320.00."", ""state"": ""PASS"", ""value"": ""$2.06  band $2.00\u201320.00""}, {""id"": ""float"", ""kills"": false, ""reason"": """", ""state"": ""PASS"", ""value"": ""2.4M (verified)""}, {""id"": ""catalyst"", ""kills"": false, ""reason"": ""The desk has no news feed (no headline keys in .env); the gate could not be evaluated."", ""state"": ""UNKNOWN"", ""value"": ""no headline source""}, {""id"": ""pillars"", ""kills"": true, ""reason"": ""Only 4 of the Five Pillars pass (need 4); missing catalyst."", ""state"": ""PASS"", ""value"": ""4/5 \u2014 missing catalyst""}, {""id"": ""rising"", ""kills"": true, ""reason"": ""19.5% off the high \u2014 back side of the move."", ""state"": ""PASS"", ""value"": ""19.5% off 2.56""}, {""id"": ""split"", ""kills"": false, ""reason"": """", ""state"": ""PASS"", ""value"": ""gap is not arithmetic""}, {""id"": ""instrument"", ""kills"": false, ""reason"": """", ""state"": ""UNKNOWN"", ""value"": ""\u2014""}, {""id"": ""tick"", ""kills"": false, ""reason"": """", ""state"": ""UNKNOWN"", ""value"": ""\u2014""}, {""id"": ""buyout"", ""kills"": true, ""reason"": ""Acquisition announced \u2014 the price is pinned and volatility is gone."", ""state"": ""PASS"", ""value"": ""none""}, {""id"": ""vwap"", ""kills"": false, ""reason"": """", ""state"": ""FAIL"", ""value"": ""no""}, {""id"": ""ema9"", ""kills"": false, ""reason"": """", ""state"": ""PASS"", ""value"": ""yes""}, {""id"": ""macd"", ""kills"": false, ""reason"": """", ""state"": ""PASS"", ""value"": ""yes""}, {""id"": ""tape"", ""kills"": false, ""reason"": ""No tape and no book in this tool."", ""state"": ""MANUAL_CONFIRMATION_REQUIRED"", ""value"": ""your eyes""}]","[""Catalyst unknown \u2014 no headline source on this desk (A2: flagged, not killed)."", ""Instrument type unknown \u2014 ADRs are fine, funds are not.""]","{""above_ema9"": true, ""above_vwap"": false, ""buyout_announced"": false, ""catalyst_source_ok"": false, ""catalyst_today"": false, ""catalyst_verdict"": ""UNKNOWN"", ""change_pct"": 63.54761904761905, ""feed_stale"": false, ""float_is_shares_outstanding"": false, ""float_shares"": 2360000.0, ""float_verified"": true, ""halted"": false, ""in_session_window"": true, ""is_fund_or_etf"": null, ""last"": 2.0607, ""live_theme"": false, ""macd_positive_and_above_signal"": true, ""penny_theme"": false, ""premarket_volume"": null, ""prev_close"": null, ""rvol"": 639.7231810490694, ""session_high"": 2.56, ""session_volume"": 3780764.0, ""split_ratio_clean_integer"": null, ""symbol"": ""NCI"", ""tick_size"": null}",2.07,2.01,2.19,0.06,2.0,3,1,REFUSED,"[""bar is outside the 07:00-16:00 ET session window (session 'none'); nothing is traded there"", ""Layer 2 not green: below VWAP (verdict WAIT) \u2014 chart gates must all be true at entry"", ""selective (A13): price 2.07 under $5""]",2026-09-30T08:52:08+00:00,2026-09-30T08:52:03+00:00,29c30d884550,6f27547,2026-09-30T04:52:00-04:00,"{""bar_end"": ""2026-09-30T04:52:00-04:00"", ""bar_to_published_s"": 3, ""published"": ""2026-09-30T08:52:03+00:00"", ""published_to_seen_s"": 5, ""quote_ts"": ""2026-09-30T08:52:06+00:00"", ""runner_seen"": ""2026-09-30T08:52:08+00:00""}",,2.07,2.0,-9.6667,1,1,target,1,2026-09-30T08:52:00Z,2.19,2.02,1.49
9eae7e38e49c6817,2026-09-30T05:06:00-04:00,none,CAPR,pullback,ibkr-NCI-CAPR-BIYA,IBKR · TWS read-only · live,live,1m,11.16,11.11,11.17,12.48,1583165.0,0.7272411818334702,30.221703617269547,58138989.0,shares_outstanding_proxy,SEC shares outstanding (upper bound),0,0,REJECT,pillars,0,"[{""id"": ""price"", ""kills"": true, ""reason"": ""$11.16 is outside $2.00\u201320.00."", ""state"": ""PASS"", ""value"": ""$11.16  band $2.00\u201320.00""}, {""id"": ""float"", ""kills"": false, ""reason"": ""58.1M outstanding is an upper bound over the 20M cap \u2014 it proves nothing either way. Verify the float by hand."", ""state"": ""MANUAL_CONFIRMATION_REQUIRED"", ""value"": ""58.1M shares outstanding""}, {""id"": ""catalyst"", ""kills"": false, ""reason"": ""The desk has no news feed (no headline keys in .env); the gate could not be evaluated."", ""state"": ""UNKNOWN"", ""value"": ""no headline source""}, {""id"": ""pillars"", ""kills"": true, ""reason"": ""Only 2 of the Five Pillars pass (need 4); missing rvol, float, catalyst."", ""state"": ""FAIL"", ""value"": ""2/5 \u2014 missing rvol, float, catalyst""}, {""id"": ""rising"", ""kills"": false, ""reason"": ""cascade already stopped"", ""state"": ""NOT_APPLICABLE"", ""value"": ""\u2014""}, {""id"": ""split"", ""kills"": false, ""reason"": ""cascade already stopped"", ""state"": ""NOT_APPLICABLE"", ""value"": ""\u2014""}, {""id"": ""instrument"", ""kills"": false, ""reason"": ""cascade already stopped"", ""state"": ""NOT_APPLICABLE"", ""value"": ""\u2014""}, {""id"": ""tick"", ""kills"": false, ""reason"": ""cascade already stopped"", ""state"": ""NOT_APPLICABLE"", ""value"": ""\u2014""}, {""id"": ""buyout"", ""kills"": false, ""reason"": ""cascade already stopped"", ""state"": ""NOT_APPLICABLE"", ""value"": ""\u2014""}]","[""Catalyst unknown \u2014 no headline source on this desk (A2: flagged, not killed).""]","{""above_ema9"": true, ""above_vwap"": false, ""buyout_announced"": false, ""catalyst_source_ok"": false, ""catalyst_today"": false, ""catalyst_verdict"": ""UNKNOWN"", ""change_pct"": 30.221703617269547, ""feed_stale"": false, ""float_is_shares_outstanding"": true, ""float_shares"": 58138989, ""float_verified"": false, ""halted"": false, ""in_session_window"": true, ""is_fund_or_etf"": null, ""last"": 11.16, ""live_theme"": false, ""macd_positive_and_above_signal"": true, ""penny_theme"": false, ""premarket_volume"": null, ""prev_close"": null, ""rvol"": 0.7272411818334702, ""session_high"": 12.48, ""session_volume"": 1583165.0, ""split_ratio_clean_integer"": null, ""symbol"": ""CAPR"", ""tick_size"": null}",11.15,10.99,11.47,0.16,2.0,1,1,SUPPRESSED,,,2026-09-30T09:06:22+00:00,29c30d884550,6f27547,2026-09-30T05:07:00-04:00,,,11.15,3.75,-10.4375,1,1,stop,1,2026-09-30T09:07:00Z,11.75,10.8,10.27
520800385ee6c5e2,2026-09-30T05:15:00-04:00,none,CAPR,pullback,ibkr-NCI-CAPR-BIYA,IBKR · TWS read-only · live,live,1m,11.26,11.18,11.26,12.48,1767234.0,0.8117949441380342,31.388564760793457,58138989.0,shares_outstanding_proxy,SEC shares outstanding (upper bound),0,0,REJECT,pillars,0,"[{""id"": ""price"", ""kills"": true, ""reason"": ""$11.26 is outside $2.00\u201320.00."", ""state"": ""PASS"", ""value"": ""$11.26  band $2.00\u201320.00""}, {""id"": ""float"", ""kills"": false, ""reason"": ""58.1M outstanding is an upper bound over the 20M cap \u2014 it proves nothing either way. Verify the float by hand."", ""state"": ""MANUAL_CONFIRMATION_REQUIRED"", ""value"": ""58.1M shares outstanding""}, {""id"": ""catalyst"", ""kills"": false, ""reason"": ""The desk has no news feed (no headline keys in .env); the gate could not be evaluated."", ""state"": ""UNKNOWN"", ""value"": ""no headline source""}, {""id"": ""pillars"", ""kills"": true, ""reason"": ""Only 2 of the Five Pillars pass (need 4); missing rvol, float, catalyst."", ""state"": ""FAIL"", ""value"": ""2/5 \u2014 missing rvol, float, catalyst""}, {""id"": ""rising"", ""kills"": false, ""reason"": ""cascade already stopped"", ""state"": ""NOT_APPLICABLE"", ""value"": ""\u2014""}, {""id"": ""split"", ""kills"": false, ""reason"": ""cascade already stopped"", ""state"": ""NOT_APPLICABLE"", ""value"": ""\u2014""}, {""id"": ""instrument"", ""kills"": false, ""reason"": ""cascade already stopped"", ""state"": ""NOT_APPLICABLE"", ""value"": ""\u2014""}, {""id"": ""tick"", ""kills"": false, ""reason"": ""cascade already stopped"", ""state"": ""NOT_APPLICABLE"", ""value"": ""\u2014""}, {""id"": ""buyout"", ""kills"": false, ""reason"": ""cascade already stopped"", ""state"": ""NOT_APPLICABLE"", ""value"": ""\u2014""}]","[""Catalyst unknown \u2014 no headline source on this desk (A2: flagged, not killed).""]","{""above_ema9"": true, ""above_vwap"": false, ""buyout_announced"": false, ""catalyst_source_ok"": false, ""catalyst_today"": false, ""catalyst_verdict"": ""UNKNOWN"", ""change_pct"": 31.388564760793457, ""feed_stale"": false, ""float_is_shares_outstanding"": true, ""float_shares"": 58138989, ""float_verified"": false, ""halted"": false, ""in_session_window"": true, ""is_fund_or_etf"": null, ""last"": 11.26, ""live_theme"": false, ""macd_positive_and_above_signal"": true, ""penny_theme"": false, ""premarket_volume"": null, ""prev_close"": null, ""rvol"": 0.8117949441380342, ""session_high"": 12.48, ""session_volume"": 1767234.0, ""split_ratio_clean_integer"": null, ""symbol"": ""CAPR"", ""tick_size"": null}",11.31,11.16,11.61,0.15,2.0,1,1,SUPPRESSED,,,2026-09-30T09:16:03+00:00,29c30d884550,6f27547,2026-09-30T05:16:00-04:00,,,11.31,2.9333,-12.2,1,1,target,1,2026-09-30T09:27:00Z,11.75,11.1,10.27
d0e34cdfe51656b7,2026-09-30T05:15:00-04:00,none,FFR,pullback,ibkr-VBIO-BIYA-CNTB,IBKR · TWS read-only · live,live-backfill,1m,1.8392,,,2.9399,4031233.0,7.875696996018227,82.09900990099008,7100000.0,verified,finviz via premarket_stars.py,0,0,REJECT,price,0,"[{""id"": ""price"", ""kills"": true, ""reason"": ""$1.84 is outside $2.00\u201320.00."", ""state"": ""FAIL"", ""value"": ""$1.84  band $2.00\u201320.00""}, {""id"": ""float"", ""kills"": false, ""reason"": ""cascade already stopped"", ""state"": ""NOT_APPLICABLE"", ""value"": ""\u2014""}, {""id"": ""catalyst"", ""kills"": false, ""reason"": ""cascade already stopped"", ""state"": ""NOT_APPLICABLE"", ""value"": ""\u2014""}, {""id"": ""pillars"", ""kills"": false, ""reason"": ""cascade already stopped"", ""state"": ""NOT_APPLICABLE"", ""value"": ""\u2014""}, {""id"": ""rising"", ""kills"": false, ""reason"": ""cascade already stopped"", ""state"": ""NOT_APPLICABLE"", ""value"": ""\u2014""}, {""id"": ""split"", ""kills"": false, ""reason"": ""cascade already stopped"", ""state"": ""NOT_APPLICABLE"", ""value"": ""\u2014""}, {""id"": ""instrument"", ""kills"": false, ""reason"": ""cascade already stopped"", ""state"": ""NOT_APPLICABLE"", ""value"": ""\u2014""}, {""id"": ""tick"", ""kills"": false, ""reason"": ""cascade already stopped"", ""state"": ""NOT_APPLICABLE"", ""value"": ""\u2014""}, {""id"": ""buyout"", ""kills"": false, ""reason"": ""cascade already stopped"", ""state"": ""NOT_APPLICABLE"", ""value"": ""\u2014""}]",[],"{""above_ema9"": false, ""above_vwap"": false, ""buyout_announced"": false, ""catalyst_source_ok"": false, ""catalyst_today"": false, ""catalyst_verdict"": ""UNKNOWN"", ""change_pct"": 82.09900990099008, ""feed_stale"": false, ""float_is_shares_outstanding"": false, ""float_shares"": 7100000.0, ""float_verified"": true, ""halted"": false, ""in_session_window"": true, ""is_fund_or_etf"": null, ""last"": 1.8392, ""live_theme"": false, ""macd_positive_and_above_signal"": false, ""penny_theme"": false, ""premarket_volume"": null, ""prev_close"": null, ""rvol"": 7.875696996018227, ""session_high"": 2.9399, ""session_volume"": 4031233.0, ""split_ratio_clean_integer"": null, ""symbol"": ""FFR"", ""tick_size"": null}",1.83,1.61,2.27,0.22,2.0,1,1,SUPPRESSED,,,2026-09-30T13:38:19+00:00,29c30d884550,9623239,2026-09-30T05:16:00-04:00,,,1.83,1.0909,-2.9091,1,0,stop,1,2026-09-30T09:16:00Z,2.07,1.47,1.3503
bf752510c4187957,2026-09-30T05:22:00-04:00,none,BIYA,pullback,ibkr-NCI-CAPR-BIYA,IBKR · TWS read-only · live,live,1m,2.36,2.36,2.37,2.67,1585562.0,54.767372978686296,15.121951219512209,1185835.0,shares_outstanding_proxy,SEC shares outstanding (upper bound),0,0,WAIT,,1,"[{""id"": ""price"", ""kills"": true, ""reason"": ""$2.36 is outside $2.00\u201320.00."", ""state"": ""PASS"", ""value"": ""$2.36  band $2.00\u201320.00""}, {""id"": ""float"", ""kills"": false, ""reason"": """", ""state"": ""PASS"", ""value"": ""1.2M (SO upper bound)""}, {""id"": ""catalyst"", ""kills"": false, ""reason"": ""The desk has no news feed (no headline keys in .env); the gate could not be evaluated."", ""state"": ""UNKNOWN"", ""value"": ""no headline source""}, {""id"": ""pillars"", ""kills"": true, ""reason"": ""Only 4 of the Five Pillars pass (need 4); missing catalyst."", ""state"": ""PASS"", ""value"": ""4/5 \u2014 missing catalyst""}, {""id"": ""rising"", ""kills"": true, ""reason"": ""11.6% off the high \u2014 back side of the move."", ""state"": ""PASS"", ""value"": ""11.6% off 2.67""}, {""id"": ""split"", ""kills"": false, ""reason"": """", ""state"": ""PASS"", ""value"": ""gap is not arithmetic""}, {""id"": ""instrument"", ""kills"": false, ""reason"": """", ""state"": ""UNKNOWN"", ""value"": ""\u2014""}, {""id"": ""tick"", ""kills"": false, ""reason"": """", ""state"": ""UNKNOWN"", ""value"": ""\u2014""}, {""id"": ""buyout"", ""kills"": true, ""reason"": ""Acquisition announced \u2014 the price is pinned and volatility is gone."", ""state"": ""PASS"", ""value"": ""none""}, {""id"": ""vwap"", ""kills"": false, ""reason"": """", ""state"": ""FAIL"", ""value"": ""no""}, {""id"": ""ema9"", ""kills"": false, ""reason"": """", ""state"": ""FAIL"", ""value"": ""no""}, {""id"": ""macd"", ""kills"": false, ""reason"": """", ""state"": ""FAIL"", ""value"": ""no""}, {""id"": ""tape"", ""kills"": false, ""reason"": ""No tape and no book in this tool."", ""state"": ""MANUAL_CONFIRMATION_REQUIRED"", ""value"": ""your eyes""}]","[""Catalyst unknown \u2014 no headline source on this desk (A2: flagged, not killed)."", ""Instrument type unknown \u2014 ADRs are fine, funds are not.""]","{""above_ema9"": false, ""above_vwap"": false, ""buyout_announced"": false, ""catalyst_source_ok"": false, ""catalyst_today"": false, ""catalyst_verdict"": ""UNKNOWN"", ""change_pct"": 15.121951219512209, ""feed_stale"": false, ""float_is_shares_outstanding"": true, ""float_shares"": 1185835, ""float_verified"": false, ""halted"": false, ""in_session_window"": true, ""is_fund_or_etf"": null, ""last"": 2.36, ""live_theme"": false, ""macd_positive_and_above_signal"": false, ""penny_theme"": false, ""premarket_volume"": null, ""prev_close"": null, ""rvol"": 54.767372978686296, ""session_high"": 2.67, ""session_volume"": 1585562.0, ""split_ratio_clean_integer"": null, ""symbol"": ""BIYA"", ""tick_size"": null}",2.3703,2.3,2.5109,0.0703,2.0,4,1,REFUSED,"[""bar is outside the 07:00-16:00 ET session window (session 'none'); nothing is traded there"", ""Layer 2 not green: below VWAP; below the 9 EMA; MACD not positive and above its signal (verdict WAIT) \u2014 chart gates must all be true at entry"", ""selective (A13): price 2.37 under $5"", ""selective (A13): plan 4 of the day on BIYA, only the first 2 are taken""]",2026-09-30T09:22:35+00:00,2026-09-30T09:22:31+00:00,29c30d884550,6f27547,2026-09-30T05:23:00-04:00,"{""bar_end"": ""2026-09-30T05:23:00-04:00"", ""bar_to_published_s"": -29, ""published"": ""2026-09-30T09:22:31+00:00"", ""published_to_seen_s"": 4, ""quote_ts"": ""2026-09-30T09:22:34+00:00"", ""runner_seen"": ""2026-09-30T09:22:35+00:00""}",,2.3703,11.5178,-6.6899,1,1,target,1,2026-09-30T09:23:00Z,2.53,2.31,1.965
10ee72a9ad90b7be,2026-09-30T05:30:00-04:00,none,CAPR,pullback,ibkr-NCI-CAPR-BIYA,IBKR · TWS read-only · live,live,1m,11.7,11.64,11.71,12.48,1921053.0,0.8824530949615065,36.5227537922987,58138989.0,shares_outstanding_proxy,SEC shares outstanding (upper bound),0,0,REJECT,pillars,0,"[{""id"": ""price"", ""kills"": true, ""reason"": ""$11.70 is outside $2.00\u201320.00."", ""state"": ""PASS"", ""value"": ""$11.70  band $2.00\u201320.00""}, {""id"": ""float"", ""kills"": false, ""reason"": ""58.1M outstanding is an upper bound over the 20M cap \u2014 it proves nothing either way. Verify the float by hand."", ""state"": ""MANUAL_CONFIRMATION_REQUIRED"", ""value"": ""58.1M shares outstanding""}, {""id"": ""catalyst"", ""kills"": false, ""reason"": ""The desk has no news feed (no headline keys in .env); the gate could not be evaluated."", ""state"": ""UNKNOWN"", ""value"": ""no headline source""}, {""id"": ""pillars"", ""kills"": true, ""reason"": ""Only 2 of the Five Pillars pass (need 4); missing rvol, float, catalyst."", ""state"": ""FAIL"", ""value"": ""2/5 \u2014 missing rvol, float, catalyst""}, {""id"": ""rising"", ""kills"": false, ""reason"": ""cascade already stopped"", ""state"": ""NOT_APPLICABLE"", ""value"": ""\u2014""}, {""id"": ""split"", ""kills"": false, ""reason"": ""cascade already stopped"", ""state"": ""NOT_APPLICABLE"", ""value"": ""\u2014""}, {""id"": ""instrument"", ""kills"": false, ""reason"": ""cascade already stopped"", ""state"": ""NOT_APPLICABLE"", ""value"": ""\u2014""}, {""id"": ""tick"", ""kills"": false, ""reason"": ""cascade already stopped"", ""state"": ""NOT_APPLICABLE"", ""value"": ""\u2014""}, {""id"": ""buyout"", ""kills"": false, ""reason"": ""cascade already stopped"", ""state"": ""NOT_APPLICABLE"", ""value"": ""\u2014""}]","[""Catalyst unknown \u2014 no headline source on this desk (A2: flagged, not killed).""]","{""above_ema9"": true, ""above_vwap"": true, ""buyout_announced"": false, ""catalyst_source_ok"": false, ""catalyst_today"": false, ""catalyst_verdict"": ""UNKNOWN"", ""change_pct"": 36.5227537922987, ""feed_stale"": false, ""float_is_shares_outstanding"": true, ""float_shares"": 58138989, ""float_verified"": false, ""halted"": false, ""in_session_window"": true, ""is_fund_or_etf"": null, ""last"": 11.7, ""live_theme"": false, ""macd_positive_and_above_signal"": true, ""penny_theme"": false, ""premarket_volume"": null, ""prev_close"": null, ""rvol"": 0.8824530949615065, ""session_high"": 12.48, ""session_volume"": 1921053.0, ""split_ratio_clean_integer"": null, ""symbol"": ""CAPR"", ""tick_size"": null}",11.66,11.44,12.1,0.22,2.0,1,1,SUPPRESSED,,,2026-09-30T09:30:12+00:00,29c30d884550,6f27547,2026-09-30T05:31:00-04:00,,,11.66,0.3182,-9.9091,1,0,stop,1,2026-09-30T09:31:00Z,11.73,11.1,10.27
12a86be2740c9b01,2026-09-30T05:37:00-04:00,none,FFR,pullback,ibkr-VBIO-BIYA-CNTB,IBKR · TWS read-only · live,live-backfill,1m,1.6911,,,2.9399,6669631.0,13.030254721384262,67.43564356435643,7100000.0,verified,finviz via premarket_stars.py,0,0,REJECT,price,0,"[{""id"": ""price"", ""kills"": true, ""reason"": ""$1.69 is outside $2.00\u201320.00."", ""state"": ""FAIL"", ""value"": ""$1.69  band $2.00\u201320.00""}, {""id"": ""float"", ""kills"": false, ""reason"": ""cascade already stopped"", ""state"": ""NOT_APPLICABLE"", ""value"": ""\u2014""}, {""id"": ""catalyst"", ""kills"": false, ""reason"": ""cascade already stopped"", ""state"": ""NOT_APPLICABLE"", ""value"": ""\u2014""}, {""id"": ""pillars"", ""kills"": false, ""reason"": ""cascade already stopped"", ""state"": ""NOT_APPLICABLE"", ""value"": ""\u2014""}, {""id"": ""rising"", ""kills"": false, ""reason"": ""cascade already stopped"", ""state"": ""NOT_APPLICABLE"", ""value"": ""\u2014""}, {""id"": ""split"", ""kills"": false, ""reason"": ""cascade already stopped"", ""state"": ""NOT_APPLICABLE"", ""value"": ""\u2014""}, {""id"": ""instrument"", ""kills"": false, ""reason"": ""cascade already stopped"", ""state"": ""NOT_APPLICABLE"", ""value"": ""\u2014""}, {""id"": ""tick"", ""kills"": false, ""reason"": ""cascade already stopped"", ""state"": ""NOT_APPLICABLE"", ""value"": ""\u2014""}, {""id"": ""buyout"", ""kills"": false, ""reason"": ""cascade already stopped"", ""state"": ""NOT_APPLICABLE"", ""value"": ""\u2014""}]",[],"{""above_ema9"": false, ""above_vwap"": false, ""buyout_announced"": false, ""catalyst_source_ok"": false, ""catalyst_today"": false, ""catalyst_verdict"": ""UNKNOWN"", ""change_pct"": 67.43564356435643, ""feed_stale"": false, ""float_is_shares_outstanding"": false, ""float_shares"": 7100000.0, ""float_verified"": true, ""halted"": false, ""in_session_window"": true, ""is_fund_or_etf"": null, ""last"": 1.6911, ""live_theme"": false, ""macd_positive_and_above_signal"": false, ""penny_theme"": false, ""premarket_volume"": null, ""prev_close"": null, ""rvol"": 13.030254721384262, ""session_high"": 2.9399, ""session_volume"": 6669631.0, ""split_ratio_clean_integer"": null, ""symbol"": ""FFR"", ""tick_size"": null}",1.73,1.65,1.89,0.08,2.0,2,1,SUPPRESSED,,,2026-09-30T13:38:19+00:00,29c30d884550,9623239,2026-09-30T05:38:00-04:00,,,1.73,0.625,-6.75,1,0,stop,1,2026-09-30T09:38:00Z,1.78,1.34,1.3503
6f355d55ced02bdd,2026-09-30T05:58:00-04:00,none,LGHL,pullback,ibkr-VBIO-BIYA-CNTB,IBKR · TWS read-only · live,live-backfill,1m,5.5,,,6.79,396329.0,7.86320258714759,21.95121951219512,50000.0,verified,finviz via premarket_stars.py,0,0,WAIT,,1,"[{""id"": ""price"", ""kills"": true, ""reason"": ""$5.50 is outside $2.00\u201320.00."", ""state"": ""PASS"", ""value"": ""$5.50  band $2.00\u201320.00""}, {""id"": ""float"", ""kills"": false, ""reason"": """", ""state"": ""PASS"", ""value"": ""0.1M (verified)""}, {""id"": ""catalyst"", ""kills"": false, ""reason"": ""The desk has no news feed (no headline keys in .env); the gate could not be evaluated."", ""state"": ""UNKNOWN"", ""value"": ""no headline source""}, {""id"": ""pillars"", ""kills"": true, ""reason"": ""Only 4 of the Five Pillars pass (need 4); missing catalyst."", ""state"": ""PASS"", ""value"": ""4/5 \u2014 missing catalyst""}, {""id"": ""rising"", ""kills"": true, ""reason"": ""19.0% off the high \u2014 back side of the move."", ""state"": ""PASS"", ""value"": ""19.0% off 6.79""}, {""id"": ""split"", ""kills"": false, ""reason"": """", ""state"": ""PASS"", ""value"": ""gap is not arithmetic""}, {""id"": ""instrument"", ""kills"": false, ""reason"": """", ""state"": ""UNKNOWN"", ""value"": ""\u2014""}, {""id"": ""tick"", ""kills"": false, ""reason"": """", ""state"": ""UNKNOWN"", ""value"": ""\u2014""}, {""id"": ""buyout"", ""kills"": true, ""reason"": ""Acquisition announced \u2014 the price is pinned and volatility is gone."", ""state"": ""PASS"", ""value"": ""none""}, {""id"": ""vwap"", ""kills"": false, ""reason"": """", ""state"": ""FAIL"", ""value"": ""no""}, {""id"": ""ema9"", ""kills"": false, ""reason"": """", ""state"": ""PASS"", ""value"": ""yes""}, {""id"": ""macd"", ""kills"": false, ""reason"": """", ""state"": ""UNKNOWN"", ""value"": ""\u2014""}, {""id"": ""tape"", ""kills"": false, ""reason"": ""No tape and no book in this tool."", ""state"": ""MANUAL_CONFIRMATION_REQUIRED"", ""value"": ""your eyes""}]","[""Catalyst unknown \u2014 no headline source on this desk (A2: flagged, not killed)."", ""Instrument type unknown \u2014 ADRs are fine, funds are not."", ""Session volume 0.40M is under the 1M floor \u2014 the band he measured himself losing in.""]","{""above_ema9"": true, ""above_vwap"": false, ""buyout_announced"": false, ""catalyst_source_ok"": false, ""catalyst_today"": false, ""catalyst_verdict"": ""UNKNOWN"", ""change_pct"": 21.95121951219512, ""feed_stale"": false, ""float_is_shares_outstanding"": false, ""float_shares"": 50000.0, ""float_verified"": true, ""halted"": false, ""in_session_window"": true, ""is_fund_or_etf"": null, ""last"": 5.5, ""live_theme"": false, ""macd_positive_and_above_signal"": null, ""penny_theme"": false, ""premarket_volume"": null, ""prev_close"": null, ""rvol"": 7.86320258714759, ""session_high"": 6.79, ""session_volume"": 396329.0, ""split_ratio_clean_integer"": null, ""symbol"": ""LGHL"", ""tick_size"": null}",5.45,5.19,5.97,0.26,2.0,3,1,REFUSED,"[""bar is outside the 07:00-16:00 ET session window (session 'none'); nothing is traded there"", ""bar clock: the bar closed 13162s before the runner saw it (budget 120s); a stale plan is not the trade the cascade reviewed (bar close \u2192 published 13159s, published \u2192 runner 3s)"", ""backfill decision: armed on loaded history, inputs not point-in-time (bar clock: the bar predates the desk's start; a fresh publication time does not make it fresh)"", ""Layer 2 not green: below VWAP; MACD unknown (not computable at the plan) (verdict WAIT) \u2014 chart gates must all be true at entry""]",2026-09-30T13:38:22+00:00,2026-09-30T13:38:19+00:00,29c30d884550,9623239,2026-09-30T05:59:00-04:00,"{""bar_end"": ""2026-09-30T05:59:00-04:00"", ""bar_to_published_s"": 13159, ""published"": ""2026-09-30T13:38:19+00:00"", ""published_to_seen_s"": 3, ""quote_ts"": ""2026-09-30T13:38:18+00:00"", ""runner_seen"": ""2026-09-30T13:38:22+00:00""}",,5.45,16.6923,-3.1538,1,1,target,1,2026-09-30T09:59:00Z,6.62,5.4,5.19
6a6535fbf5392387,2026-09-30T06:00:00-04:00,none,FFR,pullback,ibkr-VBIO-BIYA-CNTB,IBKR · TWS read-only · live,live-backfill,1m,1.4501,,,2.9399,8000467.0,15.630268436144215,43.574257425742566,7100000.0,verified,finviz via premarket_stars.py,0,0,REJECT,price,0,"[{""id"": ""price"", ""kills"": true, ""reason"": ""$1.45 is outside $2.00\u201320.00."", ""state"": ""FAIL"", ""value"": ""$1.45  band $2.00\u201320.00""}, {""id"": ""float"", ""kills"": false, ""reason"": ""cascade already stopped"", ""state"": ""NOT_APPLICABLE"", ""value"": ""\u2014""}, {""id"": ""catalyst"", ""kills"": false, ""reason"": ""cascade already stopped"", ""state"": ""NOT_APPLICABLE"", ""value"": ""\u2014""}, {""id"": ""pillars"", ""kills"": false, ""reason"": ""cascade already stopped"", ""state"": ""NOT_APPLICABLE"", ""value"": ""\u2014""}, {""id"": ""rising"", ""kills"": false, ""reason"": ""cascade already stopped"", ""state"": ""NOT_APPLICABLE"", ""value"": ""\u2014""}, {""id"": ""split"", ""kills"": false, ""reason"": ""cascade already stopped"", ""state"": ""NOT_APPLICABLE"", ""value"": ""\u2014""}, {""id"": ""instrument"", ""kills"": false, ""reason"": ""cascade already stopped"", ""state"": ""NOT_APPLICABLE"", ""value"": ""\u2014""}, {""id"": ""tick"", ""kills"": false, ""reason"": ""cascade already stopped"", ""state"": ""NOT_APPLICABLE"", ""value"": ""\u2014""}, {""id"": ""buyout"", ""kills"": false, ""reason"": ""cascade already stopped"", ""state"": ""NOT_APPLICABLE"", ""value"": ""\u2014""}]",[],"{""above_ema9"": false, ""above_vwap"": false, ""buyout_announced"": false, ""catalyst_source_ok"": false, ""catalyst_today"": false, ""catalyst_verdict"": ""UNKNOWN"", ""change_pct"": 43.574257425742566, ""feed_stale"": false, ""float_is_shares_outstanding"": false, ""float_shares"": 7100000.0, ""float_verified"": true, ""halted"": false, ""in_session_window"": true, ""is_fund_or_etf"": null, ""last"": 1.4501, ""live_theme"": false, ""macd_positive_and_above_signal"": false, ""penny_theme"": false, ""premarket_volume"": null, ""prev_close"": null, ""rvol"": 15.630268436144215, ""session_high"": 2.9399, ""session_volume"": 8000467.0, ""split_ratio_clean_integer"": null, ""symbol"": ""FFR"", ""tick_size"": null}",1.46,1.41,1.56,0.05,2.0,1,1,SUPPRESSED,,,2026-09-30T13:38:19+00:00,29c30d884550,9623239,2026-09-30T06:01:00-04:00,,,1.46,3.2,-5.4,1,1,stop,1,2026-09-30T10:01:00Z,1.52,1.31,1.3503
d386dd9b3b1d572d,2026-09-30T06:07:00-04:00,none,BIYA,pullback,ibkr-NCI-CAPR-BIYA,IBKR · TWS read-only · live,live,1m,2.42,2.42,2.45,2.67,1740124.0,60.10614541541958,18.048780487804894,1185835.0,shares_outstanding_proxy,SEC shares outstanding (upper bound),0,0,WAIT,,1,"[{""id"": ""price"", ""kills"": true, ""reason"": ""$2.42 is outside $2.00\u201320.00."", ""state"": ""PASS"", ""value"": ""$2.42  band $2.00\u201320.00""}, {""id"": ""float"", ""kills"": false, ""reason"": """", ""state"": ""PASS"", ""value"": ""1.2M (SO upper bound)""}, {""id"": ""catalyst"", ""kills"": false, ""reason"": ""The desk has no news feed (no headline keys in .env); the gate could not be evaluated."", ""state"": ""UNKNOWN"", ""value"": ""no headline source""}, {""id"": ""pillars"", ""kills"": true, ""reason"": ""Only 4 of the Five Pillars pass (need 4); missing catalyst."", ""state"": ""PASS"", ""value"": ""4/5 \u2014 missing catalyst""}, {""id"": ""rising"", ""kills"": true, ""reason"": ""9.4% off the high \u2014 back side of the move."", ""state"": ""PASS"", ""value"": ""9.4% off 2.67""}, {""id"": ""split"", ""kills"": false, ""reason"": """", ""state"": ""PASS"", ""value"": ""gap is not arithmetic""}, {""id"": ""instrument"", ""kills"": false, ""reason"": """", ""state"": ""UNKNOWN"", ""value"": ""\u2014""}, {""id"": ""tick"", ""kills"": false, ""reason"": """", ""state"": ""UNKNOWN"", ""value"": ""\u2014""}, {""id"": ""buyout"", ""kills"": true, ""reason"": ""Acquisition announced \u2014 the price is pinned and volatility is gone."", ""state"": ""PASS"", ""value"": ""none""}, {""id"": ""vwap"", ""kills"": false, ""reason"": """", ""state"": ""FAIL"", ""value"": ""no""}, {""id"": ""ema9"", ""kills"": false, ""reason"": """", ""state"": ""FAIL"", ""value"": ""no""}, {""id"": ""macd"", ""kills"": false, ""reason"": """", ""state"": ""FAIL"", ""value"": ""no""}, {""id"": ""tape"", ""kills"": false, ""reason"": ""No tape and no book in this tool."", ""state"": ""MANUAL_CONFIRMATION_REQUIRED"", ""value"": ""your eyes""}]","[""Catalyst unknown \u2014 no headline source on this desk (A2: flagged, not killed)."", ""Instrument type unknown \u2014 ADRs are fine, funds are not.""]","{""above_ema9"": false, ""above_vwap"": false, ""buyout_announced"": false, ""catalyst_source_ok"": false, ""catalyst_today"": false, ""catalyst_verdict"": ""UNKNOWN"", ""change_pct"": 18.048780487804894, ""feed_stale"": false, ""float_is_shares_outstanding"": true, ""float_shares"": 1185835, ""float_verified"": false, ""halted"": false, ""in_session_window"": true, ""is_fund_or_etf"": null, ""last"": 2.42, ""live_theme"": false, ""macd_positive_and_above_signal"": false, ""penny_theme"": false, ""premarket_volume"": null, ""prev_close"": null, ""rvol"": 60.10614541541958, ""session_high"": 2.67, ""session_volume"": 1740124.0, ""split_ratio_clean_integer"": null, ""symbol"": ""BIYA"", ""tick_size"": null}",2.44,2.41,2.5,0.03,2.0,3,0,REFUSED,"[""bar is outside the 07:00-16:00 ET session window (session 'none'); nothing is traded there"", ""Layer 2 not green: pullback volume was not lighter than the impulse"", ""Layer 2 not green: below VWAP; below the 9 EMA; MACD not positive and above its signal (verdict WAIT) \u2014 chart gates must all be true at entry"", ""selective (A13): stop 1.2% of price, under 2%"", ""selective (A13): price 2.44 under $5"", ""selective (A13): plan 5 of the day on BIYA, only the first 2 are taken""]",2026-09-30T10:07:13+00:00,2026-09-30T10:07:11+00:00,29c30d884550,6f27547,2026-09-30T06:08:00-04:00,"{""bar_end"": ""2026-09-30T06:08:00-04:00"", ""bar_to_published_s"": -49, ""published"": ""2026-09-30T10:07:11+00:00"", ""published_to_seen_s"": 2, ""quote_ts"": ""2026-09-30T10:07:06+00:00"", ""runner_seen"": ""2026-09-30T10:07:13+00:00""}",,2.44,24.6667,-18.0,1,1,stop,1,2026-09-30T10:08:00Z,2.5,2.35,1.965
88541028641b1110,2026-09-30T06:11:00-04:00,none,WETO,pullback,ibkr-NCI-CAPR-BIYA,IBKR · TWS read-only · live,live,1m,1.29,1.28,1.29,1.64,3733010.0,45.4297744946514,17.272727272727263,22000000.0,shares_outstanding_proxy,SEC shares outstanding (upper bound),0,0,REJECT,price,0,"[{""id"": ""price"", ""kills"": true, ""reason"": ""$1.29 is outside $2.00\u201320.00."", ""state"": ""FAIL"", ""value"": ""$1.29  band $2.00\u201320.00""}, {""id"": ""float"", ""kills"": false, ""reason"": ""cascade already stopped"", ""state"": ""NOT_APPLICABLE"", ""value"": ""\u2014""}, {""id"": ""catalyst"", ""kills"": false, ""reason"": ""cascade already stopped"", ""state"": ""NOT_APPLICABLE"", ""value"": ""\u2014""}, {""id"": ""pillars"", ""kills"": false, ""reason"": ""cascade already stopped"", ""state"": ""NOT_APPLICABLE"", ""value"": ""\u2014""}, {""id"": ""rising"", ""kills"": false, ""reason"": ""cascade already stopped"", ""state"": ""NOT_APPLICABLE"", ""value"": ""\u2014""}, {""id"": ""split"", ""kills"": false, ""reason"": ""cascade already stopped"", ""state"": ""NOT_APPLICABLE"", ""value"": ""\u2014""}, {""id"": ""instrument"", ""kills"": false, ""reason"": ""cascade already stopped"", ""state"": ""NOT_APPLICABLE"", ""value"": ""\u2014""}, {""id"": ""tick"", ""kills"": false, ""reason"": ""cascade already stopped"", ""state"": ""NOT_APPLICABLE"", ""value"": ""\u2014""}, {""id"": ""buyout"", ""kills"": false, ""reason"": ""cascade already stopped"", ""state"": ""NOT_APPLICABLE"", ""value"": ""\u2014""}]",[],"{""above_ema9"": true, ""above_vwap"": false, ""buyout_announced"": false, ""catalyst_source_ok"": false, ""catalyst_today"": false, ""catalyst_verdict"": ""UNKNOWN"", ""change_pct"": 17.272727272727263, ""feed_stale"": false, ""float_is_shares_outstanding"": true, ""float_shares"": 22000000, ""float_verified"": false, ""halted"": false, ""in_session_window"": true, ""is_fund_or_etf"": null, ""last"": 1.29, ""live_theme"": false, ""macd_positive_and_above_signal"": true, ""penny_theme"": false, ""premarket_volume"": null, ""prev_close"": null, ""rvol"": 45.4297744946514, ""session_high"": 1.64, ""session_volume"": 3733010.0, ""split_ratio_clean_integer"": null, ""symbol"": ""WETO"", ""tick_size"": null}",1.29,1.2503,1.3694,0.0397,2.0,2,1,SUPPRESSED,,,2026-09-30T10:11:52+00:00,29c30d884550,6f27547,2026-09-30T06:12:00-04:00,,,1.29,2.267,-4.534,1,1,stop,1,2026-09-30T10:12:00Z,1.33,1.27,1.1395
012c14c274c3352a,2026-09-30T06:13:00-04:00,none,WETO,pullback,ibkr-VBIO-BIYA-CNTB,IBKR · TWS read-only · live,live-backfill,1m,1.29,,,1.64,3702420.0,1.1052283565305205,17.272727272727263,910000.0,verified,finviz via premarket_stars.py,0,0,REJECT,price,0,"[{""id"": ""price"", ""kills"": true, ""reason"": ""$1.29 is outside $2.00\u201320.00."", ""state"": ""FAIL"", ""value"": ""$1.29  band $2.00\u201320.00""}, {""id"": ""float"", ""kills"": false, ""reason"": ""cascade already stopped"", ""state"": ""NOT_APPLICABLE"", ""value"": ""\u2014""}, {""id"": ""catalyst"", ""kills"": false, ""reason"": ""cascade already stopped"", ""state"": ""NOT_APPLICABLE"", ""value"": ""\u2014""}, {""id"": ""pillars"", ""kills"": false, ""reason"": ""cascade already stopped"", ""state"": ""NOT_APPLICABLE"", ""value"": ""\u2014""}, {""id"": ""rising"", ""kills"": false, ""reason"": ""cascade already stopped"", ""state"": ""NOT_APPLICABLE"", ""value"": ""\u2014""}, {""id"": ""split"", ""kills"": false, ""reason"": ""cascade already stopped"", ""state"": ""NOT_APPLICABLE"", ""value"": ""\u2014""}, {""id"": ""instrument"", ""kills"": false, ""reason"": ""cascade already stopped"", ""state"": ""NOT_APPLICABLE"", ""value"": ""\u2014""}, {""id"": ""tick"", ""kills"": false, ""reason"": ""cascade already stopped"", ""state"": ""NOT_APPLICABLE"", ""value"": ""\u2014""}, {""id"": ""buyout"", ""kills"": false, ""reason"": ""cascade already stopped"", ""state"": ""NOT_APPLICABLE"", ""value"": ""\u2014""}]",[],"{""above_ema9"": true, ""above_vwap"": false, ""buyout_announced"": false, ""catalyst_source_ok"": false, ""catalyst_today"": false, ""catalyst_verdict"": ""UNKNOWN"", ""change_pct"": 17.272727272727263, ""feed_stale"": false, ""float_is_shares_outstanding"": false, ""float_shares"": 910000.0, ""float_verified"": true, ""halted"": false, ""in_session_window"": true, ""is_fund_or_etf"": null, ""last"": 1.29, ""live_theme"": false, ""macd_positive_and_above_signal"": true, ""penny_theme"": false, ""premarket_volume"": null, ""prev_close"": null, ""rvol"": 1.1052283565305205, ""session_high"": 1.64, ""session_volume"": 3702420.0, ""split_ratio_clean_integer"": null, ""symbol"": ""WETO"", ""tick_size"": null}",1.3,1.27,1.36,0.03,2.0,1,1,SUPPRESSED,,,2026-09-30T13:38:19+00:00,29c30d884550,9623239,2026-09-30T06:14:00-04:00,,,1.3,2.6667,-6.3333,1,1,stop,1,2026-09-30T10:15:00Z,1.33,1.27,1.1395
01611c98f4558582,2026-09-30T06:14:00-04:00,none,LGHL,pullback,ibkr-VBIO-BIYA-CNTB,IBKR · TWS read-only · live,live-backfill,1m,6.41,,,6.79,870027.0,17.26141301113029,42.12860310421287,50000.0,verified,finviz via premarket_stars.py,0,0,REVIEW,,1,"[{""id"": ""price"", ""kills"": true, ""reason"": ""$6.41 is outside $2.00\u201320.00."", ""state"": ""PASS"", ""value"": ""$6.41  band $2.00\u201320.00""}, {""id"": ""float"", ""kills"": false, ""reason"": """", ""state"": ""PASS"", ""value"": ""0.1M (verified)""}, {""id"": ""catalyst"", ""kills"": false, ""reason"": ""The desk has no news feed (no headline keys in .env); the gate could not be evaluated."", ""state"": ""UNKNOWN"", ""value"": ""no headline source""}, {""id"": ""pillars"", ""kills"": true, ""reason"": ""Only 4 of the Five Pillars pass (need 4); missing catalyst."", ""state"": ""PASS"", ""value"": ""4/5 \u2014 missing catalyst""}, {""id"": ""rising"", ""kills"": true, ""reason"": ""5.6% off the high \u2014 back side of the move."", ""state"": ""PASS"", ""value"": ""5.6% off 6.79""}, {""id"": ""split"", ""kills"": false, ""reason"": """", ""state"": ""PASS"", ""value"": ""gap is not arithmetic""}, {""id"": ""instrument"", ""kills"": false, ""reason"": """", ""state"": ""UNKNOWN"", ""value"": ""\u2014""}, {""id"": ""tick"", ""kills"": false, ""reason"": """", ""state"": ""UNKNOWN"", ""value"": ""\u2014""}, {""id"": ""buyout"", ""kills"": true, ""reason"": ""Acquisition announced \u2014 the price is pinned and volatility is gone."", ""state"": ""PASS"", ""value"": ""none""}, {""id"": ""vwap"", ""kills"": false, ""reason"": """", ""state"": ""PASS"", ""value"": ""yes""}, {""id"": ""ema9"", ""kills"": false, ""reason"": """", ""state"": ""PASS"", ""value"": ""yes""}, {""id"": ""macd"", ""kills"": false, ""reason"": """", ""state"": ""PASS"", ""value"": ""yes""}, {""id"": ""tape"", ""kills"": false, ""reason"": ""No tape and no book in this tool."", ""state"": ""MANUAL_CONFIRMATION_REQUIRED"", ""value"": ""your eyes""}]","[""Catalyst unknown \u2014 no headline source on this desk (A2: flagged, not killed)."", ""Instrument type unknown \u2014 ADRs are fine, funds are not."", ""Session volume 0.87M is under the 1M floor \u2014 the band he measured himself losing in.""]","{""above_ema9"": true, ""above_vwap"": true, ""buyout_announced"": false, ""catalyst_source_ok"": false, ""catalyst_today"": false, ""catalyst_verdict"": ""UNKNOWN"", ""change_pct"": 42.12860310421287, ""feed_stale"": false, ""float_is_shares_outstanding"": false, ""float_shares"": 50000.0, ""float_verified"": true, ""halted"": false, ""in_session_window"": true, ""is_fund_or_etf"": null, ""last"": 6.41, ""live_theme"": false, ""macd_positive_and_above_signal"": true, ""penny_theme"": false, ""premarket_volume"": null, ""prev_close"": null, ""rvol"": 17.26141301113029, ""session_high"": 6.79, ""session_volume"": 870027.0, ""split_ratio_clean_integer"": null, ""symbol"": ""LGHL"", ""tick_size"": null}",6.14,5.92,6.58,0.22,2.0,1,1,REFUSED,"[""bar is outside the 07:00-16:00 ET session window (session 'none'); nothing is traded there"", ""bar clock: the bar closed 12202s before the runner saw it (budget 120s); a stale plan is not the trade the cascade reviewed (bar close \u2192 published 12199s, published \u2192 runner 3s)"", ""backfill decision: armed on loaded history, inputs not point-in-time (bar clock: the bar predates the desk's start; a fresh publication time does not make it fresh)""]",2026-09-30T13:38:22+00:00,2026-09-30T13:38:19+00:00,29c30d884550,9623239,2026-09-30T06:15:00-04:00,"{""bar_end"": ""2026-09-30T06:15:00-04:00"", ""bar_to_published_s"": 12199, ""published"": ""2026-09-30T13:38:19+00:00"", ""published_to_seen_s"": 3, ""quote_ts"": ""2026-09-30T13:38:18+00:00"", ""runner_seen"": ""2026-09-30T13:38:22+00:00""}",,6.14,16.5909,-6.8636,1,1,target,1,2026-09-30T10:15:00Z,6.96,5.63,5.19
669c121528ea8c0e,2026-09-30T06:20:00-04:00,none,FFR,pullback,ibkr-VBIO-BIYA-CNTB,IBKR · TWS read-only · live,live-backfill,1m,1.38,,,2.9399,8500069.0,16.606325630209827,36.63366336633662,7100000.0,verified,finviz via premarket_stars.py,0,0,REJECT,price,0,"[{""id"": ""price"", ""kills"": true, ""reason"": ""$1.38 is outside $2.00\u201320.00."", ""state"": ""FAIL"", ""value"": ""$1.38  band $2.00\u201320.00""}, {""id"": ""float"", ""kills"": false, ""reason"": ""cascade already stopped"", ""state"": ""NOT_APPLICABLE"", ""value"": ""\u2014""}, {""id"": ""catalyst"", ""kills"": false, ""reason"": ""cascade already stopped"", ""state"": ""NOT_APPLICABLE"", ""value"": ""\u2014""}, {""id"": ""pillars"", ""kills"": false, ""reason"": ""cascade already stopped"", ""state"": ""NOT_APPLICABLE"", ""value"": ""\u2014""}, {""id"": ""rising"", ""kills"": false, ""reason"": ""cascade already stopped"", ""state"": ""NOT_APPLICABLE"", ""value"": ""\u2014""}, {""id"": ""split"", ""kills"": false, ""reason"": ""cascade already stopped"", ""state"": ""NOT_APPLICABLE"", ""value"": ""\u2014""}, {""id"": ""instrument"", ""kills"": false, ""reason"": ""cascade already stopped"", ""state"": ""NOT_APPLICABLE"", ""value"": ""\u2014""}, {""id"": ""tick"", ""kills"": false, ""reason"": ""cascade already stopped"", ""state"": ""NOT_APPLICABLE"", ""value"": ""\u2014""}, {""id"": ""buyout"", ""kills"": false, ""reason"": ""cascade already stopped"", ""state"": ""NOT_APPLICABLE"", ""value"": ""\u2014""}]",[],"{""above_ema9"": true, ""above_vwap"": false, ""buyout_announced"": false, ""catalyst_source_ok"": false, ""catalyst_today"": false, ""catalyst_verdict"": ""UNKNOWN"", ""change_pct"": 36.63366336633662, ""feed_stale"": false, ""float_is_shares_outstanding"": false, ""float_shares"": 7100000.0, ""float_verified"": true, ""halted"": false, ""in_session_window"": true, ""is_fund_or_etf"": null, ""last"": 1.38, ""live_theme"": false, ""macd_positive_and_above_signal"": true, ""penny_theme"": false, ""premarket_volume"": null, ""prev_close"": null, ""rvol"": 16.606325630209827, ""session_high"": 2.9399, ""session_volume"": 8500069.0, ""split_ratio_clean_integer"": null, ""symbol"": ""FFR"", ""tick_size"": null}",1.37,1.34,1.43,0.03,2.0,1,1,SUPPRESSED,,,2026-09-30T13:38:19+00:00,29c30d884550,9623239,2026-09-30T06:21:00-04:00,,,1.37,8.3333,-6.0,1,1,target,1,2026-09-30T10:21:00Z,1.47,1.33,1.3503
01d7b2cea57392d8,2026-09-30T06:29:00-04:00,none,FFR,pullback,ibkr-VBIO-BIYA-CNTB,IBKR · TWS read-only · live,live-backfill,1m,1.44,,,2.9399,8701362.0,16.99958562669713,42.574257425742566,7100000.0,verified,finviz via premarket_stars.py,0,0,REJECT,price,0,"[{""id"": ""price"", ""kills"": true, ""reason"": ""$1.44 is outside $2.00\u201320.00."", ""state"": ""FAIL"", ""value"": ""$1.44  band $2.00\u201320.00""}, {""id"": ""float"", ""kills"": false, ""reason"": ""cascade already stopped"", ""state"": ""NOT_APPLICABLE"", ""value"": ""\u2014""}, {""id"": ""catalyst"", ""kills"": false, ""reason"": ""cascade already stopped"", ""state"": ""NOT_APPLICABLE"", ""value"": ""\u2014""}, {""id"": ""pillars"", ""kills"": false, ""reason"": ""cascade already stopped"", ""state"": ""NOT_APPLICABLE"", ""value"": ""\u2014""}, {""id"": ""rising"", ""kills"": false, ""reason"": ""cascade already stopped"", ""state"": ""NOT_APPLICABLE"", ""value"": ""\u2014""}, {""id"": ""split"", ""kills"": false, ""reason"": ""cascade already stopped"", ""state"": ""NOT_APPLICABLE"", ""value"": ""\u2014""}, {""id"": ""instrument"", ""kills"": false, ""reason"": ""cascade already stopped"", ""state"": ""NOT_APPLICABLE"", ""value"": ""\u2014""}, {""id"": ""tick"", ""kills"": false, ""reason"": ""cascade already stopped"", ""state"": ""NOT_APPLICABLE"", ""value"": ""\u2014""}, {""id"": ""buyout"", ""kills"": false, ""reason"": ""cascade already stopped"", ""state"": ""NOT_APPLICABLE"", ""value"": ""\u2014""}]",[],"{""above_ema9"": true, ""above_vwap"": false, ""buyout_announced"": false, ""catalyst_source_ok"": false, ""catalyst_today"": false, ""catalyst_verdict"": ""UNKNOWN"", ""change_pct"": 42.574257425742566, ""feed_stale"": false, ""float_is_shares_outstanding"": false, ""float_shares"": 7100000.0, ""float_verified"": true, ""halted"": false, ""in_session_window"": true, ""is_fund_or_etf"": null, ""last"": 1.44, ""live_theme"": false, ""macd_positive_and_above_signal"": true, ""penny_theme"": false, ""premarket_volume"": null, ""prev_close"": null, ""rvol"": 16.99958562669713, ""session_high"": 2.9399, ""session_volume"": 8701362.0, ""split_ratio_clean_integer"": null, ""symbol"": ""FFR"", ""tick_size"": null}",1.44,1.4,1.52,0.04,2.0,1,0,SUPPRESSED,,,2026-09-30T13:38:19+00:00,29c30d884550,9623239,2026-09-30T06:30:00-04:00,,,1.44,4.5,-6.25,1,1,stop,1,2026-09-30T10:30:00Z,1.47,1.33,1.3503
13cda7f27830a12d,2026-09-30T06:31:00-04:00,none,BIYA,pullback,ibkr-NCI-CAPR-BIYA,IBKR · TWS read-only · live,live,1m,2.41,2.4,2.41,2.67,1786219.0,61.69832664671331,17.560975609756113,1185835.0,shares_outstanding_proxy,SEC shares outstanding (upper bound),0,0,WAIT,,1,"[{""id"": ""price"", ""kills"": true, ""reason"": ""$2.41 is outside $2.00\u201320.00."", ""state"": ""PASS"", ""value"": ""$2.41  band $2.00\u201320.00""}, {""id"": ""float"", ""kills"": false, ""reason"": """", ""state"": ""PASS"", ""value"": ""1.2M (SO upper bound)""}, {""id"": ""catalyst"", ""kills"": false, ""reason"": ""The desk has no news feed (no headline keys in .env); the gate could not be evaluated."", ""state"": ""UNKNOWN"", ""value"": ""no headline source""}, {""id"": ""pillars"", ""kills"": true, ""reason"": ""Only 4 of the Five Pillars pass (need 4); missing catalyst."", ""state"": ""PASS"", ""value"": ""4/5 \u2014 missing catalyst""}, {""id"": ""rising"", ""kills"": true, ""reason"": ""9.7% off the high \u2014 back side of the move."", ""state"": ""PASS"", ""value"": ""9.7% off 2.67""}, {""id"": ""split"", ""kills"": false, ""reason"": """", ""state"": ""PASS"", ""value"": ""gap is not arithmetic""}, {""id"": ""instrument"", ""kills"": false, ""reason"": """", ""state"": ""UNKNOWN"", ""value"": ""\u2014""}, {""id"": ""tick"", ""kills"": false, ""reason"": """", ""state"": ""UNKNOWN"", ""value"": ""\u2014""}, {""id"": ""buyout"", ""kills"": true, ""reason"": ""Acquisition announced \u2014 the price is pinned and volatility is gone."", ""state"": ""PASS"", ""value"": ""none""}, {""id"": ""vwap"", ""kills"": false, ""reason"": """", ""state"": ""FAIL"", ""value"": ""no""}, {""id"": ""ema9"", ""kills"": false, ""reason"": """", ""state"": ""PASS"", ""value"": ""yes""}, {""id"": ""macd"", ""kills"": false, ""reason"": """", ""state"": ""PASS"", ""value"": ""yes""}, {""id"": ""tape"", ""kills"": false, ""reason"": ""No tape and no book in this tool."", ""state"": ""MANUAL_CONFIRMATION_REQUIRED"", ""value"": ""your eyes""}]","[""Catalyst unknown \u2014 no headline source on this desk (A2: flagged, not killed)."", ""Instrument type unknown \u2014 ADRs are fine, funds are not.""]","{""above_ema9"": true, ""above_vwap"": false, ""buyout_announced"": false, ""catalyst_source_ok"": false, ""catalyst_today"": false, ""catalyst_verdict"": ""UNKNOWN"", ""change_pct"": 17.560975609756113, ""feed_stale"": false, ""float_is_shares_outstanding"": true, ""float_shares"": 1185835, ""float_verified"": false, ""halted"": false, ""in_session_window"": true, ""is_fund_or_etf"": null, ""last"": 2.41, ""live_theme"": false, ""macd_positive_and_above_signal"": true, ""penny_theme"": false, ""premarket_volume"": null, ""prev_close"": null, ""rvol"": 61.69832664671331, ""session_high"": 2.67, ""session_volume"": 1786219.0, ""split_ratio_clean_integer"": null, ""symbol"": ""BIYA"", ""tick_size"": null}",2.41,2.38,2.47,0.03,2.0,2,0,REFUSED,"[""bar is outside the 07:00-16:00 ET session window (session 'none'); nothing is traded there"", ""Layer 2 not green: pullback volume was not lighter than the impulse"", ""Layer 2 not green: below VWAP (verdict WAIT) \u2014 chart gates must all be true at entry"", ""selective (A13): stop 1.2% of price, under 2%"", ""selective (A13): price 2.41 under $5"", ""selective (A13): plan 6 of the day on BIYA, only the first 2 are taken""]",2026-09-30T10:31:14+00:00,2026-09-30T10:31:11+00:00,29c30d884550,6f27547,2026-09-30T06:32:00-04:00,"{""bar_end"": ""2026-09-30T06:32:00-04:00"", ""bar_to_published_s"": -49, ""published"": ""2026-09-30T10:31:11+00:00"", ""published_to_seen_s"": 4, ""quote_ts"": ""2026-09-30T10:31:09+00:00"", ""runner_seen"": ""2026-09-30T10:31:14+00:00""}",,2.41,25.6667,-17.0,1,1,target,1,2026-09-30T10:32:00Z,2.5,2.4005,1.965
3f083bc91ac7af7d,2026-09-30T06:32:00-04:00,none,LGHL,pullback,ibkr-VBIO-BIYA-CNTB,IBKR · TWS read-only · live,live-backfill,1m,6.56,,,6.79,1408475.0,27.944269190325972,45.45454545454546,50000.0,verified,finviz via premarket_stars.py,0,0,REVIEW,,1,"[{""id"": ""price"", ""kills"": true, ""reason"": ""$6.56 is outside $2.00\u201320.00."", ""state"": ""PASS"", ""value"": ""$6.56  band $2.00\u201320.00""}, {""id"": ""float"", ""kills"": false, ""reason"": """", ""state"": ""PASS"", ""value"": ""0.1M (verified)""}, {""id"": ""catalyst"", ""kills"": false, ""reason"": ""The desk has no news feed (no headline keys in .env); the gate could not be evaluated."", ""state"": ""UNKNOWN"", ""value"": ""no headline source""}, {""id"": ""pillars"", ""kills"": true, ""reason"": ""Only 4 of the Five Pillars pass (need 4); missing catalyst."", ""state"": ""PASS"", ""value"": ""4/5 \u2014 missing catalyst""}, {""id"": ""rising"", ""kills"": true, ""reason"": ""3.4% off the high \u2014 back side of the move."", ""state"": ""PASS"", ""value"": ""3.4% off 6.79""}, {""id"": ""split"", ""kills"": false, ""reason"": """", ""state"": ""PASS"", ""value"": ""gap is not arithmetic""}, {""id"": ""instrument"", ""kills"": false, ""reason"": """", ""state"": ""UNKNOWN"", ""value"": ""\u2014""}, {""id"": ""tick"", ""kills"": false, ""reason"": """", ""state"": ""UNKNOWN"", ""value"": ""\u2014""}, {""id"": ""buyout"", ""kills"": true, ""reason"": ""Acquisition announced \u2014 the price is pinned and volatility is gone."", ""state"": ""PASS"", ""value"": ""none""}, {""id"": ""vwap"", ""kills"": false, ""reason"": """", ""state"": ""PASS"", ""value"": ""yes""}, {""id"": ""ema9"", ""kills"": false, ""reason"": """", ""state"": ""PASS"", ""value"": ""yes""}, {""id"": ""macd"", ""kills"": false, ""reason"": """", ""state"": ""PASS"", ""value"": ""yes""}, {""id"": ""tape"", ""kills"": false, ""reason"": ""No tape and no book in this tool."", ""state"": ""MANUAL_CONFIRMATION_REQUIRED"", ""value"": ""your eyes""}]","[""Catalyst unknown \u2014 no headline source on this desk (A2: flagged, not killed)."", ""Instrument type unknown \u2014 ADRs are fine, funds are not.""]","{""above_ema9"": true, ""above_vwap"": true, ""buyout_announced"": false, ""catalyst_source_ok"": false, ""catalyst_today"": false, ""catalyst_verdict"": ""UNKNOWN"", ""change_pct"": 45.45454545454546, ""feed_stale"": false, ""float_is_shares_outstanding"": false, ""float_shares"": 50000.0, ""float_verified"": true, ""halted"": false, ""in_session_window"": true, ""is_fund_or_etf"": null, ""last"": 6.56, ""live_theme"": false, ""macd_positive_and_above_signal"": true, ""penny_theme"": false, ""premarket_volume"": null, ""prev_close"": null, ""rvol"": 27.944269190325972, ""session_high"": 6.79, ""session_volume"": 1408475.0, ""split_ratio_clean_integer"": null, ""symbol"": ""LGHL"", ""tick_size"": null}",6.69,6.39,7.29,0.3,2.0,1,1,REFUSED,"[""bar is outside the 07:00-16:00 ET session window (session 'none'); nothing is traded there"", ""bar clock: the bar closed 11122s before the runner saw it (budget 120s); a stale plan is not the trade the cascade reviewed (bar close \u2192 published 11119s, published \u2192 runner 3s)"", ""backfill decision: armed on loaded history, inputs not point-in-time (bar clock: the bar predates the desk's start; a fresh publication time does not make it fresh)""]",2026-09-30T13:38:22+00:00,2026-09-30T13:38:19+00:00,29c30d884550,9623239,2026-09-30T06:33:00-04:00,"{""bar_end"": ""2026-09-30T06:33:00-04:00"", ""bar_to_published_s"": 11119, ""published"": ""2026-09-30T13:38:19+00:00"", ""published_to_seen_s"": 3, ""quote_ts"": ""2026-09-30T13:38:18+00:00"", ""runner_seen"": ""2026-09-30T13:38:22+00:00""}",,6.69,10.3333,-6.8667,1,1,stop,1,2026-09-30T10:43:00Z,7.94,6.13,5.19
152c71dd3d716deb,2026-09-30T06:43:00-04:00,none,LGHL,pullback,ibkr-VBIO-BIYA-CNTB,IBKR · TWS read-only · live,live-backfill,1m,6.76,,,6.96,1798967.0,35.69166517866,49.88913525498893,50000.0,verified,finviz via premarket_stars.py,0,0,REVIEW,,1,"[{""id"": ""price"", ""kills"": true, ""reason"": ""$6.76 is outside $2.00\u201320.00."", ""state"": ""PASS"", ""value"": ""$6.76  band $2.00\u201320.00""}, {""id"": ""float"", ""kills"": false, ""reason"": """", ""state"": ""PASS"", ""value"": ""0.1M (verified)""}, {""id"": ""catalyst"", ""kills"": false, ""reason"": ""The desk has no news feed (no headline keys in .env); the gate could not be evaluated."", ""state"": ""UNKNOWN"", ""value"": ""no headline source""}, {""id"": ""pillars"", ""kills"": true, ""reason"": ""Only 4 of the Five Pillars pass (need 4); missing catalyst."", ""state"": ""PASS"", ""value"": ""4/5 \u2014 missing catalyst""}, {""id"": ""rising"", ""kills"": true, ""reason"": ""2.9% off the high \u2014 back side of the move."", ""state"": ""PASS"", ""value"": ""2.9% off 6.96""}, {""id"": ""split"", ""kills"": false, ""reason"": """", ""state"": ""PASS"", ""value"": ""gap is not arithmetic""}, {""id"": ""instrument"", ""kills"": false, ""reason"": """", ""state"": ""UNKNOWN"", ""value"": ""\u2014""}, {""id"": ""tick"", ""kills"": false, ""reason"": """", ""state"": ""UNKNOWN"", ""value"": ""\u2014""}, {""id"": ""buyout"", ""kills"": true, ""reason"": ""Acquisition announced \u2014 the price is pinned and volatility is gone."", ""state"": ""PASS"", ""value"": ""none""}, {""id"": ""vwap"", ""kills"": false, ""reason"": """", ""state"": ""PASS"", ""value"": ""yes""}, {""id"": ""ema9"", ""kills"": false, ""reason"": """", ""state"": ""PASS"", ""value"": ""yes""}, {""id"": ""macd"", ""kills"": false, ""reason"": """", ""state"": ""PASS"", ""value"": ""yes""}, {""id"": ""tape"", ""kills"": false, ""reason"": ""No tape and no book in this tool."", ""state"": ""MANUAL_CONFIRMATION_REQUIRED"", ""value"": ""your eyes""}]","[""Catalyst unknown \u2014 no headline source on this desk (A2: flagged, not killed)."", ""Instrument type unknown \u2014 ADRs are fine, funds are not.""]","{""above_ema9"": true, ""above_vwap"": true, ""buyout_announced"": false, ""catalyst_source_ok"": false, ""catalyst_today"": false, ""catalyst_verdict"": ""UNKNOWN"", ""change_pct"": 49.88913525498893, ""feed_stale"": false, ""float_is_shares_outstanding"": false, ""float_shares"": 50000.0, ""float_verified"": true, ""halted"": false, ""in_session_window"": true, ""is_fund_or_etf"": null, ""last"": 6.76, ""live_theme"": false, ""macd_positive_and_above_signal"": true, ""penny_theme"": false, ""premarket_volume"": null, ""prev_close"": null, ""rvol"": 35.69166517866, ""session_high"": 6.96, ""session_volume"": 1798967.0, ""split_ratio_clean_integer"": null, ""symbol"": ""LGHL"", ""tick_size"": null}",6.42,6.29,6.68,0.13,2.0,2,1,REFUSED,"[""bar is outside the 07:00-16:00 ET session window (session 'none'); nothing is traded there"", ""bar clock: the bar closed 10462s before the runner saw it (budget 120s); a stale plan is not the trade the cascade reviewed (bar close \u2192 published 10459s, published \u2192 runner 3s)"", ""backfill decision: armed on loaded history, inputs not point-in-time (bar clock: the bar predates the desk's start; a fresh publication time does not make it fresh)""]",2026-09-30T13:38:22+00:00,2026-09-30T13:38:19+00:00,29c30d884550,9623239,2026-09-30T06:44:00-04:00,"{""bar_end"": ""2026-09-30T06:44:00-04:00"", ""bar_to_published_s"": 10459, ""published"": ""2026-09-30T13:38:19+00:00"", ""published_to_seen_s"": 3, ""quote_ts"": ""2026-09-30T13:38:18+00:00"", ""runner_seen"": ""2026-09-30T13:38:22+00:00""}",,6.42,25.9231,-13.7692,1,1,target,1,2026-09-30T10:44:00Z,8.5,6.6,5.19
241eb1bce88119ee,2026-09-30T06:47:00-04:00,none,NCI,pullback,ibkr-NCI-CAPR-BIYA,IBKR · TWS read-only · live,live,1m,1.8395,1.83,1.84,2.56,5561981.0,6.035667422086234,45.99206349206349,2360000.0,verified,finviz via premarket_stars.py,0,0,REJECT,price,0,"[{""id"": ""price"", ""kills"": true, ""reason"": ""$1.84 is outside $2.00\u201320.00."", ""state"": ""FAIL"", ""value"": ""$1.84  band $2.00\u201320.00""}, {""id"": ""float"", ""kills"": false, ""reason"": ""cascade already stopped"", ""state"": ""NOT_APPLICABLE"", ""value"": ""\u2014""}, {""id"": ""catalyst"", ""kills"": false, ""reason"": ""cascade already stopped"", ""state"": ""NOT_APPLICABLE"", ""value"": ""\u2014""}, {""id"": ""pillars"", ""kills"": false, ""reason"": ""cascade already stopped"", ""state"": ""NOT_APPLICABLE"", ""value"": ""\u2014""}, {""id"": ""rising"", ""kills"": false, ""reason"": ""cascade already stopped"", ""state"": ""NOT_APPLICABLE"", ""value"": ""\u2014""}, {""id"": ""split"", ""kills"": false, ""reason"": ""cascade already stopped"", ""state"": ""NOT_APPLICABLE"", ""value"": ""\u2014""}, {""id"": ""instrument"", ""kills"": false, ""reason"": ""cascade already stopped"", ""state"": ""NOT_APPLICABLE"", ""value"": ""\u2014""}, {""id"": ""tick"", ""kills"": false, ""reason"": ""cascade already stopped"", ""state"": ""NOT_APPLICABLE"", ""value"": ""\u2014""}, {""id"": ""buyout"", ""kills"": false, ""reason"": ""cascade already stopped"", ""state"": ""NOT_APPLICABLE"", ""value"": ""\u2014""}]",[],"{""above_ema9"": true, ""above_vwap"": false, ""buyout_announced"": false, ""catalyst_source_ok"": false, ""catalyst_today"": false, ""catalyst_verdict"": ""UNKNOWN"", ""change_pct"": 45.99206349206349, ""feed_stale"": false, ""float_is_shares_outstanding"": false, ""float_shares"": 2360000.0, ""float_verified"": true, ""halted"": false, ""in_session_window"": true, ""is_fund_or_etf"": null, ""last"": 1.8395, ""live_theme"": false, ""macd_positive_and_above_signal"": true, ""penny_theme"": false, ""premarket_volume"": null, ""prev_close"": null, ""rvol"": 6.035667422086234, ""session_high"": 2.56, ""session_volume"": 5561981.0, ""split_ratio_clean_integer"": null, ""symbol"": ""NCI"", ""tick_size"": null}",1.84,1.81,1.9,0.03,2.0,3,1,SUPPRESSED,,,2026-09-30T10:48:01+00:00,29c30d884550,6f27547,2026-09-30T06:48:00-04:00,,,1.84,6.3333,-11.6667,1,1,target,1,2026-09-30T10:48:00Z,1.9296,1.82,1.49
7bb93a2bd4fd4460,2026-09-30T06:56:00-04:00,none,LGHL,pullback,ibkr-VBIO-BIYA-CNTB,IBKR · TWS read-only · live,live-backfill,1m,7.19,,,7.48,2508971.0,49.778207646370255,59.42350332594237,50000.0,verified,finviz via premarket_stars.py,0,0,REVIEW,,1,"[{""id"": ""price"", ""kills"": true, ""reason"": ""$7.19 is outside $2.00\u201320.00."", ""state"": ""PASS"", ""value"": ""$7.19  band $2.00\u201320.00""}, {""id"": ""float"", ""kills"": false, ""reason"": """", ""state"": ""PASS"", ""value"": ""0.1M (verified)""}, {""id"": ""catalyst"", ""kills"": false, ""reason"": ""The desk has no news feed (no headline keys in .env); the gate could not be evaluated."", ""state"": ""UNKNOWN"", ""value"": ""no headline source""}, {""id"": ""pillars"", ""kills"": true, ""reason"": ""Only 4 of the Five Pillars pass (need 4); missing catalyst."", ""state"": ""PASS"", ""value"": ""4/5 \u2014 missing catalyst""}, {""id"": ""rising"", ""kills"": true, ""reason"": ""3.9% off the high \u2014 back side of the move."", ""state"": ""PASS"", ""value"": ""3.9% off 7.48""}, {""id"": ""split"", ""kills"": false, ""reason"": """", ""state"": ""PASS"", ""value"": ""gap is not arithmetic""}, {""id"": ""instrument"", ""kills"": false, ""reason"": """", ""state"": ""UNKNOWN"", ""value"": ""\u2014""}, {""id"": ""tick"", ""kills"": false, ""reason"": """", ""state"": ""UNKNOWN"", ""value"": ""\u2014""}, {""id"": ""buyout"", ""kills"": true, ""reason"": ""Acquisition announced \u2014 the price is pinned and volatility is gone."", ""state"": ""PASS"", ""value"": ""none""}, {""id"": ""vwap"", ""kills"": false, ""reason"": """", ""state"": ""PASS"", ""value"": ""yes""}, {""id"": ""ema9"", ""kills"": false, ""reason"": """", ""state"": ""PASS"", ""value"": ""yes""}, {""id"": ""macd"", ""kills"": false, ""reason"": """", ""state"": ""PASS"", ""value"": ""yes""}, {""id"": ""tape"", ""kills"": false, ""reason"": ""No tape and no book in this tool."", ""state"": ""MANUAL_CONFIRMATION_REQUIRED"", ""value"": ""your eyes""}]","[""Catalyst unknown \u2014 no headline source on this desk (A2: flagged, not killed)."", ""Instrument type unknown \u2014 ADRs are fine, funds are not.""]","{""above_ema9"": true, ""above_vwap"": true, ""buyout_announced"": false, ""catalyst_source_ok"": false, ""catalyst_today"": false, ""catalyst_verdict"": ""UNKNOWN"", ""change_pct"": 59.42350332594237, ""feed_stale"": false, ""float_is_shares_outstanding"": false, ""float_shares"": 50000.0, ""float_verified"": true, ""halted"": false, ""in_session_window"": true, ""is_fund_or_etf"": null, ""last"": 7.19, ""live_theme"": false, ""macd_positive_and_above_signal"": true, ""penny_theme"": false, ""premarket_volume"": null, ""prev_close"": null, ""rvol"": 49.778207646370255, ""session_high"": 7.48, ""session_volume"": 2508971.0, ""split_ratio_clean_integer"": null, ""symbol"": ""LGHL"", ""tick_size"": null}",7.27,7.02,7.77,0.25,2.0,2,1,REFUSED,"[""bar is outside the 07:00-16:00 ET session window (session 'none'); nothing is traded there"", ""bar clock: the bar closed 9682s before the runner saw it (budget 120s); a stale plan is not the trade the cascade reviewed (bar close \u2192 published 9679s, published \u2192 runner 3s)"", ""backfill decision: armed on loaded history, inputs not point-in-time (bar clock: the bar predates the desk's start; a fresh publication time does not make it fresh)""]",2026-09-30T13:38:22+00:00,2026-09-30T13:38:19+00:00,29c30d884550,9623239,2026-09-30T06:57:00-04:00,"{""bar_end"": ""2026-09-30T06:57:00-04:00"", ""bar_to_published_s"": 9679, ""published"": ""2026-09-30T13:38:19+00:00"", ""published_to_seen_s"": 3, ""quote_ts"": ""2026-09-30T13:38:18+00:00"", ""runner_seen"": ""2026-09-30T13:38:22+00:00""}",,7.27,10.08,-10.56,1,1,stop,1,2026-09-30T10:57:00Z,9.79,6.92,5.19
572b0af5b15d0291,2026-09-30T07:05:00-04:00,premarket,CNTB,pullback,ibkr-VBIO-BIYA-CNTB,IBKR · TWS read-only · live,live-backfill,1m,1.03,,,1.08,129986.0,0.07189538272139671,3.8306451612903247,16970000.0,verified,finviz via premarket_stars.py,0,0,REJECT,price,0,"[{""id"": ""price"", ""kills"": true, ""reason"": ""$1.03 is outside $2.00\u201320.00."", ""state"": ""FAIL"", ""value"": ""$1.03  band $2.00\u201320.00""}, {""id"": ""float"", ""kills"": false, ""reason"": ""cascade already stopped"", ""state"": ""NOT_APPLICABLE"", ""value"": ""\u2014""}, {""id"": ""catalyst"", ""kills"": false, ""reason"": ""cascade already stopped"", ""state"": ""NOT_APPLICABLE"", ""value"": ""\u2014""}, {""id"": ""pillars"", ""kills"": false, ""reason"": ""cascade already stopped"", ""state"": ""NOT_APPLICABLE"", ""value"": ""\u2014""}, {""id"": ""rising"", ""kills"": false, ""reason"": ""cascade already stopped"", ""state"": ""NOT_APPLICABLE"", ""value"": ""\u2014""}, {""id"": ""split"", ""kills"": false, ""reason"": ""cascade already stopped"", ""state"": ""NOT_APPLICABLE"", ""value"": ""\u2014""}, {""id"": ""instrument"", ""kills"": false, ""reason"": ""cascade already stopped"", ""state"": ""NOT_APPLICABLE"", ""value"": ""\u2014""}, {""id"": ""tick"", ""kills"": false, ""reason"": ""cascade already stopped"", ""state"": ""NOT_APPLICABLE"", ""value"": ""\u2014""}, {""id"": ""buyout"", ""kills"": false, ""reason"": ""cascade already stopped"", ""state"": ""NOT_APPLICABLE"", ""value"": ""\u2014""}]",[],"{""above_ema9"": true, ""above_vwap"": false, ""buyout_announced"": false, ""catalyst_source_ok"": false, ""catalyst_today"": false, ""catalyst_verdict"": ""UNKNOWN"", ""change_pct"": 3.8306451612903247, ""feed_stale"": false, ""float_is_shares_outstanding"": false, ""float_shares"": 16970000.0, ""float_verified"": true, ""halted"": false, ""in_session_window"": true, ""is_fund_or_etf"": null, ""last"": 1.03, ""live_theme"": false, ""macd_positive_and_above_signal"": true, ""penny_theme"": false, ""premarket_volume"": null, ""prev_close"": null, ""rvol"": 0.07189538272139671, ""session_high"": 1.08, ""session_volume"": 129986.0, ""split_ratio_clean_integer"": null, ""symbol"": ""CNTB"", ""tick_size"": null}",1.06,1.01,1.16,0.05,2.0,2,1,SUPPRESSED,,,2026-09-30T13:38:19+00:00,29c30d884550,9623239,2026-09-30T07:06:00-04:00,,,1.06,20.4,-1.24,1,1,target,1,2026-09-30T11:06:00Z,1.5,0.998,1.2559
ee88de22bdaa035b,2026-09-30T07:09:00-04:00,premarket,LGHL,pullback,ibkr-VBIO-BIYA-CNTB,IBKR · TWS read-only · live,live-backfill,1m,8.3,,,8.36,3822310.0,75.83497014066623,84.03547671840357,50000.0,verified,finviz via premarket_stars.py,0,0,REVIEW,,1,"[{""id"": ""price"", ""kills"": true, ""reason"": ""$8.30 is outside $2.00\u201320.00."", ""state"": ""PASS"", ""value"": ""$8.30  band $2.00\u201320.00""}, {""id"": ""float"", ""kills"": false, ""reason"": """", ""state"": ""PASS"", ""value"": ""0.1M (verified)""}, {""id"": ""catalyst"", ""kills"": false, ""reason"": ""The desk has no news feed (no headline keys in .env); the gate could not be evaluated."", ""state"": ""UNKNOWN"", ""value"": ""no headline source""}, {""id"": ""pillars"", ""kills"": true, ""reason"": ""Only 4 of the Five Pillars pass (need 4); missing catalyst."", ""state"": ""PASS"", ""value"": ""4/5 \u2014 missing catalyst""}, {""id"": ""rising"", ""kills"": true, ""reason"": ""0.7% off the high \u2014 back side of the move."", ""state"": ""PASS"", ""value"": ""0.7% off 8.36""}, {""id"": ""split"", ""kills"": false, ""reason"": """", ""state"": ""PASS"", ""value"": ""gap is not arithmetic""}, {""id"": ""instrument"", ""kills"": false, ""reason"": """", ""state"": ""UNKNOWN"", ""value"": ""\u2014""}, {""id"": ""tick"", ""kills"": false, ""reason"": """", ""state"": ""UNKNOWN"", ""value"": ""\u2014""}, {""id"": ""buyout"", ""kills"": true, ""reason"": ""Acquisition announced \u2014 the price is pinned and volatility is gone."", ""state"": ""PASS"", ""value"": ""none""}, {""id"": ""vwap"", ""kills"": false, ""reason"": """", ""state"": ""PASS"", ""value"": ""yes""}, {""id"": ""ema9"", ""kills"": false, ""reason"": """", ""state"": ""PASS"", ""value"": ""yes""}, {""id"": ""macd"", ""kills"": false, ""reason"": """", ""state"": ""PASS"", ""value"": ""yes""}, {""id"": ""tape"", ""kills"": false, ""reason"": ""No tape and no book in this tool."", ""state"": ""MANUAL_CONFIRMATION_REQUIRED"", ""value"": ""your eyes""}]","[""Catalyst unknown \u2014 no headline source on this desk (A2: flagged, not killed)."", ""Instrument type unknown \u2014 ADRs are fine, funds are not.""]","{""above_ema9"": true, ""above_vwap"": true, ""buyout_announced"": false, ""catalyst_source_ok"": false, ""catalyst_today"": false, ""catalyst_verdict"": ""UNKNOWN"", ""change_pct"": 84.03547671840357, ""feed_stale"": false, ""float_is_shares_outstanding"": false, ""float_shares"": 50000.0, ""float_verified"": true, ""halted"": false, ""in_session_window"": true, ""is_fund_or_etf"": null, ""last"": 8.3, ""live_theme"": false, ""macd_positive_and_above_signal"": true, ""penny_theme"": false, ""premarket_volume"": null, ""prev_close"": null, ""rvol"": 75.83497014066623, ""session_high"": 8.36, ""session_volume"": 3822310.0, ""split_ratio_clean_integer"": null, ""symbol"": ""LGHL"", ""tick_size"": null}",7.99,7.67,8.63,0.32,2.0,1,1,REFUSED,"[""bar clock: the bar closed 8902s before the runner saw it (budget 120s); a stale plan is not the trade the cascade reviewed (bar close \u2192 published 8899s, published \u2192 runner 3s)"", ""backfill decision: armed on loaded history, inputs not point-in-time (bar clock: the bar predates the desk's start; a fresh publication time does not make it fresh)""]",2026-09-30T13:38:22+00:00,2026-09-30T13:38:19+00:00,29c30d884550,9623239,2026-09-30T07:10:00-04:00,"{""bar_end"": ""2026-09-30T07:10:00-04:00"", ""bar_to_published_s"": 8899, ""published"": ""2026-09-30T13:38:19+00:00"", ""published_to_seen_s"": 3, ""quote_ts"": ""2026-09-30T13:38:18+00:00"", ""runner_seen"": ""2026-09-30T13:38:22+00:00""}",,7.99,5.625,-10.5,1,1,target,1,2026-09-30T11:10:00Z,9.79,7.0,5.19
3399cbf4f26c4eb9,2026-09-30T07:22:00-04:00,premarket,CNTB,pullback,ibkr-VBIO-BIYA-CNTB,IBKR · TWS read-only · live,live-backfill,1m,1.0705,,,1.21,3682767.0,2.036942000974951,7.9133064516129,16970000.0,verified,finviz via premarket_stars.py,0,0,REJECT,price,0,"[{""id"": ""price"", ""kills"": true, ""reason"": ""$1.07 is outside $2.00\u201320.00."", ""state"": ""FAIL"", ""value"": ""$1.07  band $2.00\u201320.00""}, {""id"": ""float"", ""kills"": false, ""reason"": ""cascade already stopped"", ""state"": ""NOT_APPLICABLE"", ""value"": ""\u2014""}, {""id"": ""catalyst"", ""kills"": false, ""reason"": ""cascade already stopped"", ""state"": ""NOT_APPLICABLE"", ""value"": ""\u2014""}, {""id"": ""pillars"", ""kills"": false, ""reason"": ""cascade already stopped"", ""state"": ""NOT_APPLICABLE"", ""value"": ""\u2014""}, {""id"": ""rising"", ""kills"": false, ""reason"": ""cascade already stopped"", ""state"": ""NOT_APPLICABLE"", ""value"": ""\u2014""}, {""id"": ""split"", ""kills"": false, ""reason"": ""cascade already stopped"", ""state"": ""NOT_APPLICABLE"", ""value"": ""\u2014""}, {""id"": ""instrument"", ""kills"": false, ""reason"": ""cascade already stopped"", ""state"": ""NOT_APPLICABLE"", ""value"": ""\u2014""}, {""id"": ""tick"", ""kills"": false, ""reason"": ""cascade already stopped"", ""state"": ""NOT_APPLICABLE"", ""value"": ""\u2014""}, {""id"": ""buyout"", ""kills"": false, ""reason"": ""cascade already stopped"", ""state"": ""NOT_APPLICABLE"", ""value"": ""\u2014""}]",[],"{""above_ema9"": false, ""above_vwap"": false, ""buyout_announced"": false, ""catalyst_source_ok"": false, ""catalyst_today"": false, ""catalyst_verdict"": ""UNKNOWN"", ""change_pct"": 7.9133064516129, ""feed_stale"": false, ""float_is_shares_outstanding"": false, ""float_shares"": 16970000.0, ""float_verified"": true, ""halted"": false, ""in_session_window"": true, ""is_fund_or_etf"": null, ""last"": 1.0705, ""live_theme"": false, ""macd_positive_and_above_signal"": false, ""penny_theme"": false, ""premarket_volume"": null, ""prev_close"": null, ""rvol"": 2.036942000974951, ""session_high"": 1.21, ""session_volume"": 3682767.0, ""split_ratio_clean_integer"": null, ""symbol"": ""CNTB"", ""tick_size"": null}",1.09,1.05,1.17,0.04,2.0,2,1,SUPPRESSED,,,2026-09-30T13:38:19+00:00,29c30d884550,9623239,2026-09-30T07:23:00-04:00,,,1.09,24.75,-1.0,1,1,stop,1,2026-09-30T11:23:00Z,1.75,1.05,1.2559
fcabc6b0502442b6,2026-09-30T07:28:00-04:00,premarket,FFR,pullback,ibkr-VBIO-BIYA-CNTB,IBKR · TWS read-only · live,live-backfill,1m,1.45,,,2.9399,10285989.0,20.09542307983104,43.56435643564356,7100000.0,verified,finviz via premarket_stars.py,0,0,REJECT,price,0,"[{""id"": ""price"", ""kills"": true, ""reason"": ""$1.45 is outside $2.00\u201320.00."", ""state"": ""FAIL"", ""value"": ""$1.45  band $2.00\u201320.00""}, {""id"": ""float"", ""kills"": false, ""reason"": ""cascade already stopped"", ""state"": ""NOT_APPLICABLE"", ""value"": ""\u2014""}, {""id"": ""catalyst"", ""kills"": false, ""reason"": ""cascade already stopped"", ""state"": ""NOT_APPLICABLE"", ""value"": ""\u2014""}, {""id"": ""pillars"", ""kills"": false, ""reason"": ""cascade already stopped"", ""state"": ""NOT_APPLICABLE"", ""value"": ""\u2014""}, {""id"": ""rising"", ""kills"": false, ""reason"": ""cascade already stopped"", ""state"": ""NOT_APPLICABLE"", ""value"": ""\u2014""}, {""id"": ""split"", ""kills"": false, ""reason"": ""cascade already stopped"", ""state"": ""NOT_APPLICABLE"", ""value"": ""\u2014""}, {""id"": ""instrument"", ""kills"": false, ""reason"": ""cascade already stopped"", ""state"": ""NOT_APPLICABLE"", ""value"": ""\u2014""}, {""id"": ""tick"", ""kills"": false, ""reason"": ""cascade already stopped"", ""state"": ""NOT_APPLICABLE"", ""value"": ""\u2014""}, {""id"": ""buyout"", ""kills"": false, ""reason"": ""cascade already stopped"", ""state"": ""NOT_APPLICABLE"", ""value"": ""\u2014""}]",[],"{""above_ema9"": false, ""above_vwap"": false, ""buyout_announced"": false, ""catalyst_source_ok"": false, ""catalyst_today"": false, ""catalyst_verdict"": ""UNKNOWN"", ""change_pct"": 43.56435643564356, ""feed_stale"": false, ""float_is_shares_outstanding"": false, ""float_shares"": 7100000.0, ""float_verified"": true, ""halted"": false, ""in_session_window"": true, ""is_fund_or_etf"": null, ""last"": 1.45, ""live_theme"": false, ""macd_positive_and_above_signal"": true, ""penny_theme"": false, ""premarket_volume"": null, ""prev_close"": null, ""rvol"": 20.09542307983104, ""session_high"": 2.9399, ""session_volume"": 10285989.0, ""split_ratio_clean_integer"": null, ""symbol"": ""FFR"", ""tick_size"": null}",1.4692,1.44,1.5276,0.0292,2.0,4,1,SUPPRESSED,,,2026-09-30T13:38:19+00:00,29c30d884550,9623239,2026-09-30T07:29:00-04:00,,,1.4692,5.1644,-9.5616,1,1,stop,1,2026-09-30T11:32:00Z,1.49,1.34,1.3503
9874bc053129de8f,2026-09-30T07:31:00-04:00,premarket,CNTB,pullback,ibkr-VBIO-BIYA-CNTB,IBKR · TWS read-only · live,live-backfill,1m,1.23,,,1.24,6792854.0,3.7571341382962054,23.991935483870975,16970000.0,verified,finviz via premarket_stars.py,0,0,REJECT,price,0,"[{""id"": ""price"", ""kills"": true, ""reason"": ""$1.23 is outside $2.00\u201320.00."", ""state"": ""FAIL"", ""value"": ""$1.23  band $2.00\u201320.00""}, {""id"": ""float"", ""kills"": false, ""reason"": ""cascade already stopped"", ""state"": ""NOT_APPLICABLE"", ""value"": ""\u2014""}, {""id"": ""catalyst"", ""kills"": false, ""reason"": ""cascade already stopped"", ""state"": ""NOT_APPLICABLE"", ""value"": ""\u2014""}, {""id"": ""pillars"", ""kills"": false, ""reason"": ""cascade already stopped"", ""state"": ""NOT_APPLICABLE"", ""value"": ""\u2014""}, {""id"": ""rising"", ""kills"": false, ""reason"": ""cascade already stopped"", ""state"": ""NOT_APPLICABLE"", ""value"": ""\u2014""}, {""id"": ""split"", ""kills"": false, ""reason"": ""cascade already stopped"", ""state"": ""NOT_APPLICABLE"", ""value"": ""\u2014""}, {""id"": ""instrument"", ""kills"": false, ""reason"": ""cascade already stopped"", ""state"": ""NOT_APPLICABLE"", ""value"": ""\u2014""}, {""id"": ""tick"", ""kills"": false, ""reason"": ""cascade already stopped"", ""state"": ""NOT_APPLICABLE"", ""value"": ""\u2014""}, {""id"": ""buyout"", ""kills"": false, ""reason"": ""cascade already stopped"", ""state"": ""NOT_APPLICABLE"", ""value"": ""\u2014""}]",[],"{""above_ema9"": true, ""above_vwap"": true, ""buyout_announced"": false, ""catalyst_source_ok"": false, ""catalyst_today"": false, ""catalyst_verdict"": ""UNKNOWN"", ""change_pct"": 23.991935483870975, ""feed_stale"": false, ""float_is_shares_outstanding"": false, ""float_shares"": 16970000.0, ""float_verified"": true, ""halted"": false, ""in_session_window"": true, ""is_fund_or_etf"": null, ""last"": 1.23, ""live_theme"": false, ""macd_positive_and_above_signal"": true, ""penny_theme"": false, ""premarket_volume"": null, ""prev_close"": null, ""rvol"": 3.7571341382962054, ""session_high"": 1.24, ""session_volume"": 6792854.0, ""split_ratio_clean_integer"": null, ""symbol"": ""CNTB"", ""tick_size"": null}",1.23,1.16,1.37,0.07,2.0,1,1,SUPPRESSED,,,2026-09-30T13:38:19+00:00,29c30d884550,9623239,2026-09-30T07:32:00-04:00,,,1.23,12.1429,-0.5414,0,1,target,1,2026-09-30T11:32:00Z,1.88,1.1921,1.2559
46b1d2be7597c8c0,2026-09-30T07:37:00-04:00,premarket,CNTB,pullback,ibkr-VBIO-BIYA-CNTB,IBKR · TWS read-only · live,live-backfill,1m,1.428,,,1.51,15560576.0,8.60656968354577,43.9516129032258,16970000.0,verified,finviz via premarket_stars.py,0,0,REJECT,price,0,"[{""id"": ""price"", ""kills"": true, ""reason"": ""$1.43 is outside $2.00\u201320.00."", ""state"": ""FAIL"", ""value"": ""$1.43  band $2.00\u201320.00""}, {""id"": ""float"", ""kills"": false, ""reason"": ""cascade already stopped"", ""state"": ""NOT_APPLICABLE"", ""value"": ""\u2014""}, {""id"": ""catalyst"", ""kills"": false, ""reason"": ""cascade already stopped"", ""state"": ""NOT_APPLICABLE"", ""value"": ""\u2014""}, {""id"": ""pillars"", ""kills"": false, ""reason"": ""cascade already stopped"", ""state"": ""NOT_APPLICABLE"", ""value"": ""\u2014""}, {""id"": ""rising"", ""kills"": false, ""reason"": ""cascade already stopped"", ""state"": ""NOT_APPLICABLE"", ""value"": ""\u2014""}, {""id"": ""split"", ""kills"": false, ""reason"": ""cascade already stopped"", ""state"": ""NOT_APPLICABLE"", ""value"": ""\u2014""}, {""id"": ""instrument"", ""kills"": false, ""reason"": ""cascade already stopped"", ""state"": ""NOT_APPLICABLE"", ""value"": ""\u2014""}, {""id"": ""tick"", ""kills"": false, ""reason"": ""cascade already stopped"", ""state"": ""NOT_APPLICABLE"", ""value"": ""\u2014""}, {""id"": ""buyout"", ""kills"": false, ""reason"": ""cascade already stopped"", ""state"": ""NOT_APPLICABLE"", ""value"": ""\u2014""}]",[],"{""above_ema9"": true, ""above_vwap"": true, ""buyout_announced"": false, ""catalyst_source_ok"": false, ""catalyst_today"": false, ""catalyst_verdict"": ""UNKNOWN"", ""change_pct"": 43.9516129032258, ""feed_stale"": false, ""float_is_shares_outstanding"": false, ""float_shares"": 16970000.0, ""float_verified"": true, ""halted"": false, ""in_session_window"": true, ""is_fund_or_etf"": null, ""last"": 1.428, ""live_theme"": false, ""macd_positive_and_above_signal"": true, ""penny_theme"": false, ""premarket_volume"": null, ""prev_close"": null, ""rvol"": 8.60656968354577, ""session_high"": 1.51, ""session_volume"": 15560576.0, ""split_ratio_clean_integer"": null, ""symbol"": ""CNTB"", ""tick_size"": null}",1.48,1.38,1.68,0.1,2.0,1,1,SUPPRESSED,,,2026-09-30T13:38:19+00:00,29c30d884550,9623239,2026-09-30T07:38:00-04:00,,,1.48,6.0,-2.8,1,1,stop,1,2026-09-30T11:38:00Z,2.08,1.36,1.2559
60dddd559566c4d0,2026-09-30T07:40:00-04:00,premarket,WETO,pullback,ibkr-NCI-CAPR-BIYA,IBKR · TWS read-only · live,live,1m,1.2402,1.24,1.25,1.64,4144562.0,25.981293998909234,12.745454545454526,22000000.0,shares_outstanding_proxy,SEC shares outstanding (upper bound),0,0,REJECT,price,0,"[{""id"": ""price"", ""kills"": true, ""reason"": ""$1.24 is outside $2.00\u201320.00."", ""state"": ""FAIL"", ""value"": ""$1.24  band $2.00\u201320.00""}, {""id"": ""float"", ""kills"": false, ""reason"": ""cascade already stopped"", ""state"": ""NOT_APPLICABLE"", ""value"": ""\u2014""}, {""id"": ""catalyst"", ""kills"": false, ""reason"": ""cascade already stopped"", ""state"": ""NOT_APPLICABLE"", ""value"": ""\u2014""}, {""id"": ""pillars"", ""kills"": false, ""reason"": ""cascade already stopped"", ""state"": ""NOT_APPLICABLE"", ""value"": ""\u2014""}, {""id"": ""rising"", ""kills"": false, ""reason"": ""cascade already stopped"", ""state"": ""NOT_APPLICABLE"", ""value"": ""\u2014""}, {""id"": ""split"", ""kills"": false, ""reason"": ""cascade already stopped"", ""state"": ""NOT_APPLICABLE"", ""value"": ""\u2014""}, {""id"": ""instrument"", ""kills"": false, ""reason"": ""cascade already stopped"", ""state"": ""NOT_APPLICABLE"", ""value"": ""\u2014""}, {""id"": ""tick"", ""kills"": false, ""reason"": ""cascade already stopped"", ""state"": ""NOT_APPLICABLE"", ""value"": ""\u2014""}, {""id"": ""buyout"", ""kills"": false, ""reason"": ""cascade already stopped"", ""state"": ""NOT_APPLICABLE"", ""value"": ""\u2014""}]",[],"{""above_ema9"": true, ""above_vwap"": false, ""buyout_announced"": false, ""catalyst_source_ok"": false, ""catalyst_today"": false, ""catalyst_verdict"": ""UNKNOWN"", ""change_pct"": 12.745454545454526, ""feed_stale"": false, ""float_is_shares_outstanding"": true, ""float_shares"": 22000000, ""float_verified"": false, ""halted"": false, ""in_session_window"": true, ""is_fund_or_etf"": null, ""last"": 1.2402, ""live_theme"": false, ""macd_positive_and_above_signal"": false, ""penny_theme"": false, ""premarket_volume"": null, ""prev_close"": null, ""rvol"": 25.981293998909234, ""session_high"": 1.64, ""session_volume"": 4144562.0, ""split_ratio_clean_integer"": null, ""symbol"": ""WETO"", ""tick_size"": null}",1.25,1.2298,1.2904,0.0202,2.0,1,1,SUPPRESSED,,,2026-09-30T11:40:42+00:00,29c30d884550,6f27547,2026-09-30T07:41:00-04:00,,,1.25,6.4356,-6.9307,1,1,stop,1,2026-09-30T11:42:00Z,1.27,1.22,1.1395
59455c7d33fe97e1,2026-09-30T07:45:00-04:00,premarket,LGHL,pullback,ibkr-VBIO-BIYA-CNTB,IBKR · TWS read-only · live,live-backfill,1m,7.37,,,9.79,7205756.0,142.96283951352103,63.41463414634148,50000.0,verified,finviz via premarket_stars.py,0,0,WAIT,,1,"[{""id"": ""price"", ""kills"": true, ""reason"": ""$7.37 is outside $2.00\u201320.00."", ""state"": ""PASS"", ""value"": ""$7.37  band $2.00\u201320.00""}, {""id"": ""float"", ""kills"": false, ""reason"": """", ""state"": ""PASS"", ""value"": ""0.1M (verified)""}, {""id"": ""catalyst"", ""kills"": false, ""reason"": ""The desk has no news feed (no headline keys in .env); the gate could not be evaluated."", ""state"": ""UNKNOWN"", ""value"": ""no headline source""}, {""id"": ""pillars"", ""kills"": true, ""reason"": ""Only 4 of the Five Pillars pass (need 4); missing catalyst."", ""state"": ""PASS"", ""value"": ""4/5 \u2014 missing catalyst""}, {""id"": ""rising"", ""kills"": true, ""reason"": ""24.7% off the high \u2014 back side of the move."", ""state"": ""PASS"", ""value"": ""24.7% off 9.79""}, {""id"": ""split"", ""kills"": false, ""reason"": """", ""state"": ""PASS"", ""value"": ""gap is not arithmetic""}, {""id"": ""instrument"", ""kills"": false, ""reason"": """", ""state"": ""UNKNOWN"", ""value"": ""\u2014""}, {""id"": ""tick"", ""kills"": false, ""reason"": """", ""state"": ""UNKNOWN"", ""value"": ""\u2014""}, {""id"": ""buyout"", ""kills"": true, ""reason"": ""Acquisition announced \u2014 the price is pinned and volatility is gone."", ""state"": ""PASS"", ""value"": ""none""}, {""id"": ""vwap"", ""kills"": false, ""reason"": """", ""state"": ""FAIL"", ""value"": ""no""}, {""id"": ""ema9"", ""kills"": false, ""reason"": """", ""state"": ""PASS"", ""value"": ""yes""}, {""id"": ""macd"", ""kills"": false, ""reason"": """", ""state"": ""FAIL"", ""value"": ""no""}, {""id"": ""tape"", ""kills"": false, ""reason"": ""No tape and no book in this tool."", ""state"": ""MANUAL_CONFIRMATION_REQUIRED"", ""value"": ""your eyes""}]","[""Catalyst unknown \u2014 no headline source on this desk (A2: flagged, not killed)."", ""Instrument type unknown \u2014 ADRs are fine, funds are not.""]","{""above_ema9"": true, ""above_vwap"": false, ""buyout_announced"": false, ""catalyst_source_ok"": false, ""catalyst_today"": false, ""catalyst_verdict"": ""UNKNOWN"", ""change_pct"": 63.41463414634148, ""feed_stale"": false, ""float_is_shares_outstanding"": false, ""float_shares"": 50000.0, ""float_verified"": true, ""halted"": false, ""in_session_window"": true, ""is_fund_or_etf"": null, ""last"": 7.37, ""live_theme"": false, ""macd_positive_and_above_signal"": false, ""penny_theme"": false, ""premarket_volume"": null, ""prev_close"": null, ""rvol"": 142.96283951352103, ""session_high"": 9.79, ""session_volume"": 7205756.0, ""split_ratio_clean_integer"": null, ""symbol"": ""LGHL"", ""tick_size"": null}",7.35,7.19,7.67,0.16,2.0,1,1,REFUSED,"[""bar clock: the bar closed 6742s before the runner saw it (budget 120s); a stale plan is not the trade the cascade reviewed (bar close \u2192 published 6739s, published \u2192 runner 3s)"", ""backfill decision: armed on loaded history, inputs not point-in-time (bar clock: the bar predates the desk's start; a fresh publication time does not make it fresh)"", ""Layer 2 not green: below VWAP; MACD not positive and above its signal (verdict WAIT) \u2014 chart gates must all be true at entry""]",2026-09-30T13:38:22+00:00,2026-09-30T13:38:19+00:00,29c30d884550,9623239,2026-09-30T07:46:00-04:00,"{""bar_end"": ""2026-09-30T07:46:00-04:00"", ""bar_to_published_s"": 6739, ""published"": ""2026-09-30T13:38:19+00:00"", ""published_to_seen_s"": 3, ""quote_ts"": ""2026-09-30T13:38:18+00:00"", ""runner_seen"": ""2026-09-30T13:38:22+00:00""}",,7.35,2.8125,-17.0,1,1,stop,1,2026-09-30T11:46:00Z,7.46,6.52,5.19
d69fc08a982f3196,2026-09-30T07:46:00-04:00,premarket,CNTB,pullback,ibkr-VBIO-BIYA-CNTB,IBKR · TWS read-only · live,live-backfill,1m,1.58,,,1.75,28403649.0,15.710085821082401,59.2741935483871,16970000.0,verified,finviz via premarket_stars.py,0,0,REJECT,price,0,"[{""id"": ""price"", ""kills"": true, ""reason"": ""$1.58 is outside $2.00\u201320.00."", ""state"": ""FAIL"", ""value"": ""$1.58  band $2.00\u201320.00""}, {""id"": ""float"", ""kills"": false, ""reason"": ""cascade already stopped"", ""state"": ""NOT_APPLICABLE"", ""value"": ""\u2014""}, {""id"": ""catalyst"", ""kills"": false, ""reason"": ""cascade already stopped"", ""state"": ""NOT_APPLICABLE"", ""value"": ""\u2014""}, {""id"": ""pillars"", ""kills"": false, ""reason"": ""cascade already stopped"", ""state"": ""NOT_APPLICABLE"", ""value"": ""\u2014""}, {""id"": ""rising"", ""kills"": false, ""reason"": ""cascade already stopped"", ""state"": ""NOT_APPLICABLE"", ""value"": ""\u2014""}, {""id"": ""split"", ""kills"": false, ""reason"": ""cascade already stopped"", ""state"": ""NOT_APPLICABLE"", ""value"": ""\u2014""}, {""id"": ""instrument"", ""kills"": false, ""reason"": ""cascade already stopped"", ""state"": ""NOT_APPLICABLE"", ""value"": ""\u2014""}, {""id"": ""tick"", ""kills"": false, ""reason"": ""cascade already stopped"", ""state"": ""NOT_APPLICABLE"", ""value"": ""\u2014""}, {""id"": ""buyout"", ""kills"": false, ""reason"": ""cascade already stopped"", ""state"": ""NOT_APPLICABLE"", ""value"": ""\u2014""}]",[],"{""above_ema9"": true, ""above_vwap"": true, ""buyout_announced"": false, ""catalyst_source_ok"": false, ""catalyst_today"": false, ""catalyst_verdict"": ""UNKNOWN"", ""change_pct"": 59.2741935483871, ""feed_stale"": false, ""float_is_shares_outstanding"": false, ""float_shares"": 16970000.0, ""float_verified"": true, ""halted"": false, ""in_session_window"": true, ""is_fund_or_etf"": null, ""last"": 1.58, ""live_theme"": false, ""macd_positive_and_above_signal"": true, ""penny_theme"": false, ""premarket_volume"": null, ""prev_close"": null, ""rvol"": 15.710085821082401, ""session_high"": 1.75, ""session_volume"": 28403649.0, ""split_ratio_clean_integer"": null, ""symbol"": ""CNTB"", ""tick_size"": null}",1.58,1.47,1.8,0.11,2.0,4,1,SUPPRESSED,,,2026-09-30T13:38:19+00:00,29c30d884550,9623239,2026-09-30T07:47:00-04:00,,,1.58,4.5455,-3.4545,1,1,target,1,2026-09-30T11:47:00Z,2.08,1.52,1.2559
47dbe0c1177d19d0,2026-09-30T07:52:00-04:00,premarket,VBIO,pullback,ibkr-VBIO-BIYA,IBKR · TWS read-only · live,live-backfill,1m,3.7169,,,3.88,2774484.0,6.346570738994886,31.33922261484099,890000.0,verified,finviz via premarket_stars.py,0,0,REVIEW,,1,"[{""id"": ""price"", ""kills"": true, ""reason"": ""$3.72 is outside $2.00\u201320.00."", ""state"": ""PASS"", ""value"": ""$3.72  band $2.00\u201320.00""}, {""id"": ""float"", ""kills"": false, ""reason"": """", ""state"": ""PASS"", ""value"": ""0.9M (verified)""}, {""id"": ""catalyst"", ""kills"": false, ""reason"": ""The desk has no news feed (no headline keys in .env); the gate could not be evaluated."", ""state"": ""UNKNOWN"", ""value"": ""no headline source""}, {""id"": ""pillars"", ""kills"": true, ""reason"": ""Only 4 of the Five Pillars pass (need 4); missing catalyst."", ""state"": ""PASS"", ""value"": ""4/5 \u2014 missing catalyst""}, {""id"": ""rising"", ""kills"": true, ""reason"": ""4.2% off the high \u2014 back side of the move."", ""state"": ""PASS"", ""value"": ""4.2% off 3.88""}, {""id"": ""split"", ""kills"": false, ""reason"": """", ""state"": ""PASS"", ""value"": ""gap is not arithmetic""}, {""id"": ""instrument"", ""kills"": false, ""reason"": """", ""state"": ""UNKNOWN"", ""value"": ""\u2014""}, {""id"": ""tick"", ""kills"": false, ""reason"": """", ""state"": ""UNKNOWN"", ""value"": ""\u2014""}, {""id"": ""buyout"", ""kills"": true, ""reason"": ""Acquisition announced \u2014 the price is pinned and volatility is gone."", ""state"": ""PASS"", ""value"": ""none""}, {""id"": ""vwap"", ""kills"": false, ""reason"": """", ""state"": ""PASS"", ""value"": ""yes""}, {""id"": ""ema9"", ""kills"": false, ""reason"": """", ""state"": ""PASS"", ""value"": ""yes""}, {""id"": ""macd"", ""kills"": false, ""reason"": """", ""state"": ""PASS"", ""value"": ""yes""}, {""id"": ""tape"", ""kills"": false, ""reason"": ""No tape and no book in this tool."", ""state"": ""MANUAL_CONFIRMATION_REQUIRED"", ""value"": ""your eyes""}]","[""Catalyst unknown \u2014 no headline source on this desk (A2: flagged, not killed)."", ""Instrument type unknown \u2014 ADRs are fine, funds are not.""]","{""above_ema9"": true, ""above_vwap"": true, ""buyout_announced"": false, ""catalyst_source_ok"": false, ""catalyst_today"": false, ""catalyst_verdict"": ""UNKNOWN"", ""change_pct"": 31.33922261484099, ""feed_stale"": false, ""float_is_shares_outstanding"": false, ""float_shares"": 890000.0, ""float_verified"": true, ""halted"": false, ""in_session_window"": true, ""is_fund_or_etf"": null, ""last"": 3.7169, ""live_theme"": false, ""macd_positive_and_above_signal"": true, ""penny_theme"": false, ""premarket_volume"": null, ""prev_close"": null, ""rvol"": 6.346570738994886, ""session_high"": 3.88, ""session_volume"": 2774484.0, ""split_ratio_clean_integer"": null, ""symbol"": ""VBIO"", ""tick_size"": null}",3.7,3.2756,4.5488,0.4244,2.0,1,0,REFUSED,"[""bar clock: the bar closed 6262s before the runner saw it (budget 120s); a stale plan is not the trade the cascade reviewed (bar close \u2192 published 6260s, published \u2192 runner 2s)"", ""backfill decision: armed on loaded history, inputs not point-in-time (bar clock: the bar predates the desk's start; a fresh publication time does not make it fresh)"", ""Layer 2 not green: pullback volume was not lighter than the impulse""]",2026-09-30T13:37:22+00:00,2026-09-30T13:37:20+00:00,29c30d884550,9623239,2026-09-30T07:53:00-04:00,"{""bar_end"": ""2026-09-30T07:53:00-04:00"", ""bar_to_published_s"": 6260, ""published"": ""2026-09-30T13:37:20+00:00"", ""published_to_seen_s"": 2, ""quote_ts"": ""2026-09-30T13:37:19+00:00"", ""runner_seen"": ""2026-09-30T13:37:22+00:00""}",,3.7,1.6258,-1.3902,1,0,stop,1,2026-09-30T11:53:00Z,4.2,3.21,3.165
7816824d725a2906,2026-09-30T07:56:00-04:00,premarket,LGHL,pullback,ibkr-VBIO-BIYA-CNTB,IBKR · TWS read-only · live,live-backfill,1m,7.2,,,9.79,7433051.0,147.47239251631848,59.64523281596455,50000.0,verified,finviz via premarket_stars.py,0,0,REJECT,rising,0,"[{""id"": ""price"", ""kills"": true, ""reason"": ""$7.20 is outside $2.00\u201320.00."", ""state"": ""PASS"", ""value"": ""$7.20  band $2.00\u201320.00""}, {""id"": ""float"", ""kills"": false, ""reason"": """", ""state"": ""PASS"", ""value"": ""0.1M (verified)""}, {""id"": ""catalyst"", ""kills"": false, ""reason"": ""The desk has no news feed (no headline keys in .env); the gate could not be evaluated."", ""state"": ""UNKNOWN"", ""value"": ""no headline source""}, {""id"": ""pillars"", ""kills"": true, ""reason"": ""Only 4 of the Five Pillars pass (need 4); missing catalyst."", ""state"": ""PASS"", ""value"": ""4/5 \u2014 missing catalyst""}, {""id"": ""rising"", ""kills"": true, ""reason"": ""26.5% off the high \u2014 back side of the move."", ""state"": ""FAIL"", ""value"": ""26.5% off 9.79""}, {""id"": ""split"", ""kills"": false, ""reason"": ""cascade already stopped"", ""state"": ""NOT_APPLICABLE"", ""value"": ""\u2014""}, {""id"": ""instrument"", ""kills"": false, ""reason"": ""cascade already stopped"", ""state"": ""NOT_APPLICABLE"", ""value"": ""\u2014""}, {""id"": ""tick"", ""kills"": false, ""reason"": ""cascade already stopped"", ""state"": ""NOT_APPLICABLE"", ""value"": ""\u2014""}, {""id"": ""buyout"", ""kills"": false, ""reason"": ""cascade already stopped"", ""state"": ""NOT_APPLICABLE"", ""value"": ""\u2014""}]","[""Catalyst unknown \u2014 no headline source on this desk (A2: flagged, not killed).""]","{""above_ema9"": true, ""above_vwap"": false, ""buyout_announced"": false, ""catalyst_source_ok"": false, ""catalyst_today"": false, ""catalyst_verdict"": ""UNKNOWN"", ""change_pct"": 59.64523281596455, ""feed_stale"": false, ""float_is_shares_outstanding"": false, ""float_shares"": 50000.0, ""float_verified"": true, ""halted"": false, ""in_session_window"": true, ""is_fund_or_etf"": null, ""last"": 7.2, ""live_theme"": false, ""macd_positive_and_above_signal"": true, ""penny_theme"": false, ""premarket_volume"": null, ""prev_close"": null, ""rvol"": 147.47239251631848, ""session_high"": 9.79, ""session_volume"": 7433051.0, ""split_ratio_clean_integer"": null, ""symbol"": ""LGHL"", ""tick_size"": null}",7.15,7.04,7.37,0.11,2.0,3,1,SUPPRESSED,,,2026-09-30T13:38:19+00:00,29c30d884550,9623239,2026-09-30T07:57:00-04:00,,,7.15,5.9091,-22.9091,1,1,stop,1,2026-09-30T11:57:00Z,7.3,6.42,5.19
5f412e1c3bdbc0a1,2026-09-30T07:59:00-04:00,premarket,FFR,pullback,ibkr-VBIO-BIYA-CNTB,IBKR · TWS read-only · live,live-backfill,1m,1.3965,,,2.9399,10756373.0,21.014397958180922,38.26732673267328,7100000.0,verified,finviz via premarket_stars.py,0,0,REJECT,price,0,"[{""id"": ""price"", ""kills"": true, ""reason"": ""$1.40 is outside $2.00\u201320.00."", ""state"": ""FAIL"", ""value"": ""$1.40  band $2.00\u201320.00""}, {""id"": ""float"", ""kills"": false, ""reason"": ""cascade already stopped"", ""state"": ""NOT_APPLICABLE"", ""value"": ""\u2014""}, {""id"": ""catalyst"", ""kills"": false, ""reason"": ""cascade already stopped"", ""state"": ""NOT_APPLICABLE"", ""value"": ""\u2014""}, {""id"": ""pillars"", ""kills"": false, ""reason"": ""cascade already stopped"", ""state"": ""NOT_APPLICABLE"", ""value"": ""\u2014""}, {""id"": ""rising"", ""kills"": false, ""reason"": ""cascade already stopped"", ""state"": ""NOT_APPLICABLE"", ""value"": ""\u2014""}, {""id"": ""split"", ""kills"": false, ""reason"": ""cascade already stopped"", ""state"": ""NOT_APPLICABLE"", ""value"": ""\u2014""}, {""id"": ""instrument"", ""kills"": false, ""reason"": ""cascade already stopped"", ""state"": ""NOT_APPLICABLE"", ""value"": ""\u2014""}, {""id"": ""tick"", ""kills"": false, ""reason"": ""cascade already stopped"", ""state"": ""NOT_APPLICABLE"", ""value"": ""\u2014""}, {""id"": ""buyout"", ""kills"": false, ""reason"": ""cascade already stopped"", ""state"": ""NOT_APPLICABLE"", ""value"": ""\u2014""}]",[],"{""above_ema9"": true, ""above_vwap"": false, ""buyout_announced"": false, ""catalyst_source_ok"": false, ""catalyst_today"": false, ""catalyst_verdict"": ""UNKNOWN"", ""change_pct"": 38.26732673267328, ""feed_stale"": false, ""float_is_shares_outstanding"": false, ""float_shares"": 7100000.0, ""float_verified"": true, ""halted"": false, ""in_session_window"": true, ""is_fund_or_etf"": null, ""last"": 1.3965, ""live_theme"": false, ""macd_positive_and_above_signal"": false, ""penny_theme"": false, ""premarket_volume"": null, ""prev_close"": null, ""rvol"": 21.014397958180922, ""session_high"": 2.9399, ""session_volume"": 10756373.0, ""split_ratio_clean_integer"": null, ""symbol"": ""FFR"", ""tick_size"": null}",1.4,1.36,1.48,0.04,2.0,2,1,SUPPRESSED,,,2026-09-30T13:38:19+00:00,29c30d884550,9623239,2026-09-30T08:00:00-04:00,,,1.4,5.5,-5.25,1,1,stop,1,2026-09-30T12:00:00Z,1.4099,1.19,1.3503
f87a0580f2bf3483,2026-09-30T08:00:00-04:00,premarket,VBIO,pullback,ibkr-VBIO-BIYA,IBKR · TWS read-only · live,live-backfill,1m,3.65,,,3.88,5672771.0,12.976338100208457,28.97526501766783,890000.0,verified,finviz via premarket_stars.py,0,0,REVIEW,,1,"[{""id"": ""price"", ""kills"": true, ""reason"": ""$3.65 is outside $2.00\u201320.00."", ""state"": ""PASS"", ""value"": ""$3.65  band $2.00\u201320.00""}, {""id"": ""float"", ""kills"": false, ""reason"": """", ""state"": ""PASS"", ""value"": ""0.9M (verified)""}, {""id"": ""catalyst"", ""kills"": false, ""reason"": ""The desk has no news feed (no headline keys in .env); the gate could not be evaluated."", ""state"": ""UNKNOWN"", ""value"": ""no headline source""}, {""id"": ""pillars"", ""kills"": true, ""reason"": ""Only 4 of the Five Pillars pass (need 4); missing catalyst."", ""state"": ""PASS"", ""value"": ""4/5 \u2014 missing catalyst""}, {""id"": ""rising"", ""kills"": true, ""reason"": ""5.9% off the high \u2014 back side of the move."", ""state"": ""PASS"", ""value"": ""5.9% off 3.88""}, {""id"": ""split"", ""kills"": false, ""reason"": """", ""state"": ""PASS"", ""value"": ""gap is not arithmetic""}, {""id"": ""instrument"", ""kills"": false, ""reason"": """", ""state"": ""UNKNOWN"", ""value"": ""\u2014""}, {""id"": ""tick"", ""kills"": false, ""reason"": """", ""state"": ""UNKNOWN"", ""value"": ""\u2014""}, {""id"": ""buyout"", ""kills"": true, ""reason"": ""Acquisition announced \u2014 the price is pinned and volatility is gone."", ""state"": ""PASS"", ""value"": ""none""}, {""id"": ""vwap"", ""kills"": false, ""reason"": """", ""state"": ""PASS"", ""value"": ""yes""}, {""id"": ""ema9"", ""kills"": false, ""reason"": """", ""state"": ""PASS"", ""value"": ""yes""}, {""id"": ""macd"", ""kills"": false, ""reason"": """", ""state"": ""PASS"", ""value"": ""yes""}, {""id"": ""tape"", ""kills"": false, ""reason"": ""No tape and no book in this tool."", ""state"": ""MANUAL_CONFIRMATION_REQUIRED"", ""value"": ""your eyes""}]","[""Catalyst unknown \u2014 no headline source on this desk (A2: flagged, not killed)."", ""Instrument type unknown \u2014 ADRs are fine, funds are not.""]","{""above_ema9"": true, ""above_vwap"": true, ""buyout_announced"": false, ""catalyst_source_ok"": false, ""catalyst_today"": false, ""catalyst_verdict"": ""UNKNOWN"", ""change_pct"": 28.97526501766783, ""feed_stale"": false, ""float_is_shares_outstanding"": false, ""float_shares"": 890000.0, ""float_verified"": true, ""halted"": false, ""in_session_window"": true, ""is_fund_or_etf"": null, ""last"": 3.65, ""live_theme"": false, ""macd_positive_and_above_signal"": true, ""penny_theme"": false, ""premarket_volume"": null, ""prev_close"": null, ""rvol"": 12.976338100208457, ""session_high"": 3.88, ""session_volume"": 5672771.0, ""split_ratio_clean_integer"": null, ""symbol"": ""VBIO"", ""tick_size"": null}",3.53,3.34,3.91,0.19,2.0,1,1,REFUSED,"[""bar clock: the bar closed 5782s before the runner saw it (budget 120s); a stale plan is not the trade the cascade reviewed (bar close \u2192 published 5780s, published \u2192 runner 2s)"", ""backfill decision: armed on loaded history, inputs not point-in-time (bar clock: the bar predates the desk's start; a fresh publication time does not make it fresh)""]",2026-09-30T13:37:22+00:00,2026-09-30T13:37:20+00:00,29c30d884550,9623239,2026-09-30T08:01:00-04:00,"{""bar_end"": ""2026-09-30T08:01:00-04:00"", ""bar_to_published_s"": 5780, ""published"": ""2026-09-30T13:37:20+00:00"", ""published_to_seen_s"": 2, ""quote_ts"": ""2026-09-30T13:37:19+00:00"", ""runner_seen"": ""2026-09-30T13:37:22+00:00""}",,3.53,4.5263,-2.2105,1,1,target,1,2026-09-30T12:01:00Z,4.2,3.25,3.165
c11607854f8abf86,2026-09-30T08:02:00-04:00,premarket,CNTB,pullback,ibkr-VBIO-BIYA-CNTB,IBKR · TWS read-only · live,live-backfill,1m,1.82,,,1.88,41596885.0,23.007277453671364,83.46774193548387,16970000.0,verified,finviz via premarket_stars.py,0,0,REJECT,price,0,"[{""id"": ""price"", ""kills"": true, ""reason"": ""$1.82 is outside $2.00\u201320.00."", ""state"": ""FAIL"", ""value"": ""$1.82  band $2.00\u201320.00""}, {""id"": ""float"", ""kills"": false, ""reason"": ""cascade already stopped"", ""state"": ""NOT_APPLICABLE"", ""value"": ""\u2014""}, {""id"": ""catalyst"", ""kills"": false, ""reason"": ""cascade already stopped"", ""state"": ""NOT_APPLICABLE"", ""value"": ""\u2014""}, {""id"": ""pillars"", ""kills"": false, ""reason"": ""cascade already stopped"", ""state"": ""NOT_APPLICABLE"", ""value"": ""\u2014""}, {""id"": ""rising"", ""kills"": false, ""reason"": ""cascade already stopped"", ""state"": ""NOT_APPLICABLE"", ""value"": ""\u2014""}, {""id"": ""split"", ""kills"": false, ""reason"": ""cascade already stopped"", ""state"": ""NOT_APPLICABLE"", ""value"": ""\u2014""}, {""id"": ""instrument"", ""kills"": false, ""reason"": ""cascade already stopped"", ""state"": ""NOT_APPLICABLE"", ""value"": ""\u2014""}, {""id"": ""tick"", ""kills"": false, ""reason"": ""cascade already stopped"", ""state"": ""NOT_APPLICABLE"", ""value"": ""\u2014""}, {""id"": ""buyout"", ""kills"": false, ""reason"": ""cascade already stopped"", ""state"": ""NOT_APPLICABLE"", ""value"": ""\u2014""}]",[],"{""above_ema9"": true, ""above_vwap"": true, ""buyout_announced"": false, ""catalyst_source_ok"": false, ""catalyst_today"": false, ""catalyst_verdict"": ""UNKNOWN"", ""change_pct"": 83.46774193548387, ""feed_stale"": false, ""float_is_shares_outstanding"": false, ""float_shares"": 16970000.0, ""float_verified"": true, ""halted"": false, ""in_session_window"": true, ""is_fund_or_etf"": null, ""last"": 1.82, ""live_theme"": false, ""macd_positive_and_above_signal"": true, ""penny_theme"": false, ""premarket_volume"": null, ""prev_close"": null, ""rvol"": 23.007277453671364, ""session_high"": 1.88, ""session_volume"": 41596885.0, ""split_ratio_clean_integer"": null, ""symbol"": ""CNTB"", ""tick_size"": null}",1.83,1.74,2.01,0.09,2.0,2,1,SUPPRESSED,,,2026-09-30T13:38:19+00:00,29c30d884550,9623239,2026-09-30T08:03:00-04:00,,,1.83,2.7778,-7.0,1,1,target,1,2026-09-30T12:03:00Z,2.08,1.7,1.2559
1136698b1eea1a6f,2026-09-30T08:10:00-04:00,premarket,VBIO,pullback,ibkr-VBIO-BIYA,IBKR · TWS read-only · live,live-backfill,1m,4.0495,,,4.2,9896947.0,22.639047201419515,43.09187279151943,890000.0,verified,finviz via premarket_stars.py,0,0,REVIEW,,1,"[{""id"": ""price"", ""kills"": true, ""reason"": ""$4.05 is outside $2.00\u201320.00."", ""state"": ""PASS"", ""value"": ""$4.05  band $2.00\u201320.00""}, {""id"": ""float"", ""kills"": false, ""reason"": """", ""state"": ""PASS"", ""value"": ""0.9M (verified)""}, {""id"": ""catalyst"", ""kills"": false, ""reason"": ""The desk has no news feed (no headline keys in .env); the gate could not be evaluated."", ""state"": ""UNKNOWN"", ""value"": ""no headline source""}, {""id"": ""pillars"", ""kills"": true, ""reason"": ""Only 4 of the Five Pillars pass (need 4); missing catalyst."", ""state"": ""PASS"", ""value"": ""4/5 \u2014 missing catalyst""}, {""id"": ""rising"", ""kills"": true, ""reason"": ""3.6% off the high \u2014 back side of the move."", ""state"": ""PASS"", ""value"": ""3.6% off 4.20""}, {""id"": ""split"", ""kills"": false, ""reason"": """", ""state"": ""PASS"", ""value"": ""gap is not arithmetic""}, {""id"": ""instrument"", ""kills"": false, ""reason"": """", ""state"": ""UNKNOWN"", ""value"": ""\u2014""}, {""id"": ""tick"", ""kills"": false, ""reason"": """", ""state"": ""UNKNOWN"", ""value"": ""\u2014""}, {""id"": ""buyout"", ""kills"": true, ""reason"": ""Acquisition announced \u2014 the price is pinned and volatility is gone."", ""state"": ""PASS"", ""value"": ""none""}, {""id"": ""vwap"", ""kills"": false, ""reason"": """", ""state"": ""PASS"", ""value"": ""yes""}, {""id"": ""ema9"", ""kills"": false, ""reason"": """", ""state"": ""PASS"", ""value"": ""yes""}, {""id"": ""macd"", ""kills"": false, ""reason"": """", ""state"": ""PASS"", ""value"": ""yes""}, {""id"": ""tape"", ""kills"": false, ""reason"": ""No tape and no book in this tool."", ""state"": ""MANUAL_CONFIRMATION_REQUIRED"", ""value"": ""your eyes""}]","[""Catalyst unknown \u2014 no headline source on this desk (A2: flagged, not killed)."", ""Instrument type unknown \u2014 ADRs are fine, funds are not.""]","{""above_ema9"": true, ""above_vwap"": true, ""buyout_announced"": false, ""catalyst_source_ok"": false, ""catalyst_today"": false, ""catalyst_verdict"": ""UNKNOWN"", ""change_pct"": 43.09187279151943, ""feed_stale"": false, ""float_is_shares_outstanding"": false, ""float_shares"": 890000.0, ""float_verified"": true, ""halted"": false, ""in_session_window"": true, ""is_fund_or_etf"": null, ""last"": 4.0495, ""live_theme"": false, ""macd_positive_and_above_signal"": true, ""penny_theme"": false, ""premarket_volume"": null, ""prev_close"": null, ""rvol"": 22.639047201419515, ""session_high"": 4.2, ""session_volume"": 9896947.0, ""split_ratio_clean_integer"": null, ""symbol"": ""VBIO"", ""tick_size"": null}",3.8799,3.67,4.2997,0.2099,2.0,1,0,REFUSED,"[""bar clock: the bar closed 5182s before the runner saw it (budget 120s); a stale plan is not the trade the cascade reviewed (bar close \u2192 published 5180s, published \u2192 runner 2s)"", ""backfill decision: armed on loaded history, inputs not point-in-time (bar clock: the bar predates the desk's start; a fresh publication time does not make it fresh)"", ""Layer 2 not green: pullback volume was not lighter than the impulse""]",2026-09-30T13:37:22+00:00,2026-09-30T13:37:20+00:00,29c30d884550,9623239,2026-09-30T08:11:00-04:00,"{""bar_end"": ""2026-09-30T08:11:00-04:00"", ""bar_to_published_s"": 5180, ""published"": ""2026-09-30T13:37:20+00:00"", ""published_to_seen_s"": 2, ""quote_ts"": ""2026-09-30T13:37:19+00:00"", ""runner_seen"": ""2026-09-30T13:37:22+00:00""}",,3.8799,2.4302,-3.6679,1,1,stop,1,2026-09-30T12:11:00Z,4.15,3.25,3.165
f54fdce48148f76f,2026-09-30T08:24:00-04:00,premarket,VBIO,pullback,ibkr-VBIO-BIYA,IBKR · TWS read-only · live,live-backfill,1m,3.45,,,4.2,14406934.0,32.95554263893054,21.908127208480565,890000.0,verified,finviz via premarket_stars.py,0,0,WAIT,,1,"[{""id"": ""price"", ""kills"": true, ""reason"": ""$3.45 is outside $2.00\u201320.00."", ""state"": ""PASS"", ""value"": ""$3.45  band $2.00\u201320.00""}, {""id"": ""float"", ""kills"": false, ""reason"": """", ""state"": ""PASS"", ""value"": ""0.9M (verified)""}, {""id"": ""catalyst"", ""kills"": false, ""reason"": ""The desk has no news feed (no headline keys in .env); the gate could not be evaluated."", ""state"": ""UNKNOWN"", ""value"": ""no headline source""}, {""id"": ""pillars"", ""kills"": true, ""reason"": ""Only 4 of the Five Pillars pass (need 4); missing catalyst."", ""state"": ""PASS"", ""value"": ""4/5 \u2014 missing catalyst""}, {""id"": ""rising"", ""kills"": true, ""reason"": ""17.9% off the high \u2014 back side of the move."", ""state"": ""PASS"", ""value"": ""17.9% off 4.20""}, {""id"": ""split"", ""kills"": false, ""reason"": """", ""state"": ""PASS"", ""value"": ""gap is not arithmetic""}, {""id"": ""instrument"", ""kills"": false, ""reason"": """", ""state"": ""UNKNOWN"", ""value"": ""\u2014""}, {""id"": ""tick"", ""kills"": false, ""reason"": """", ""state"": ""UNKNOWN"", ""value"": ""\u2014""}, {""id"": ""buyout"", ""kills"": true, ""reason"": ""Acquisition announced \u2014 the price is pinned and volatility is gone."", ""state"": ""PASS"", ""value"": ""none""}, {""id"": ""vwap"", ""kills"": false, ""reason"": """", ""state"": ""FAIL"", ""value"": ""no""}, {""id"": ""ema9"", ""kills"": false, ""reason"": """", ""state"": ""FAIL"", ""value"": ""no""}, {""id"": ""macd"", ""kills"": false, ""reason"": """", ""state"": ""FAIL"", ""value"": ""no""}, {""id"": ""tape"", ""kills"": false, ""reason"": ""No tape and no book in this tool."", ""state"": ""MANUAL_CONFIRMATION_REQUIRED"", ""value"": ""your eyes""}]","[""Catalyst unknown \u2014 no headline source on this desk (A2: flagged, not killed)."", ""Instrument type unknown \u2014 ADRs are fine, funds are not.""]","{""above_ema9"": false, ""above_vwap"": false, ""buyout_announced"": false, ""catalyst_source_ok"": false, ""catalyst_today"": false, ""catalyst_verdict"": ""UNKNOWN"", ""change_pct"": 21.908127208480565, ""feed_stale"": false, ""float_is_shares_outstanding"": false, ""float_shares"": 890000.0, ""float_verified"": true, ""halted"": false, ""in_session_window"": true, ""is_fund_or_etf"": null, ""last"": 3.45, ""live_theme"": false, ""macd_positive_and_above_signal"": false, ""penny_theme"": false, ""premarket_volume"": null, ""prev_close"": null, ""rvol"": 32.95554263893054, ""session_high"": 4.2, ""session_volume"": 14406934.0, ""split_ratio_clean_integer"": null, ""symbol"": ""VBIO"", ""tick_size"": null}",3.45,3.38,3.59,0.07,2.0,2,1,REFUSED,"[""bar clock: the bar closed 4342s before the runner saw it (budget 120s); a stale plan is not the trade the cascade reviewed (bar close \u2192 published 4340s, published \u2192 runner 2s)"", ""backfill decision: armed on loaded history, inputs not point-in-time (bar clock: the bar predates the desk's start; a fresh publication time does not make it fresh)"", ""Layer 2 not green: below VWAP; below the 9 EMA; MACD not positive and above its signal (verdict WAIT) \u2014 chart gates must all be true at entry""]",2026-09-30T13:37:22+00:00,2026-09-30T13:37:20+00:00,29c30d884550,9623239,2026-09-30T08:25:00-04:00,"{""bar_end"": ""2026-09-30T08:25:00-04:00"", ""bar_to_published_s"": 4340, ""published"": ""2026-09-30T13:37:20+00:00"", ""published_to_seen_s"": 2, ""quote_ts"": ""2026-09-30T13:37:19+00:00"", ""runner_seen"": ""2026-09-30T13:37:22+00:00""}",,3.45,13.4286,-4.8571,1,1,target,1,2026-09-30T12:25:00Z,4.0,3.33,3.165
ef4f382715bab10a,2026-09-30T08:27:00-04:00,premarket,LGHL,pullback,ibkr-VBIO-BIYA-CNTB,IBKR · TWS read-only · live,live-backfill,1m,6.98,,,9.79,8191030.0,162.51076324821935,54.76718403547673,50000.0,verified,finviz via premarket_stars.py,0,0,REJECT,rising,0,"[{""id"": ""price"", ""kills"": true, ""reason"": ""$6.98 is outside $2.00\u201320.00."", ""state"": ""PASS"", ""value"": ""$6.98  band $2.00\u201320.00""}, {""id"": ""float"", ""kills"": false, ""reason"": """", ""state"": ""PASS"", ""value"": ""0.1M (verified)""}, {""id"": ""catalyst"", ""kills"": false, ""reason"": ""The desk has no news feed (no headline keys in .env); the gate could not be evaluated."", ""state"": ""UNKNOWN"", ""value"": ""no headline source""}, {""id"": ""pillars"", ""kills"": true, ""reason"": ""Only 4 of the Five Pillars pass (need 4); missing catalyst."", ""state"": ""PASS"", ""value"": ""4/5 \u2014 missing catalyst""}, {""id"": ""rising"", ""kills"": true, ""reason"": ""28.7% off the high \u2014 back side of the move."", ""state"": ""FAIL"", ""value"": ""28.7% off 9.79""}, {""id"": ""split"", ""kills"": false, ""reason"": ""cascade already stopped"", ""state"": ""NOT_APPLICABLE"", ""value"": ""\u2014""}, {""id"": ""instrument"", ""kills"": false, ""reason"": ""cascade already stopped"", ""state"": ""NOT_APPLICABLE"", ""value"": ""\u2014""}, {""id"": ""tick"", ""kills"": false, ""reason"": ""cascade already stopped"", ""state"": ""NOT_APPLICABLE"", ""value"": ""\u2014""}, {""id"": ""buyout"", ""kills"": false, ""reason"": ""cascade already stopped"", ""state"": ""NOT_APPLICABLE"", ""value"": ""\u2014""}]","[""Catalyst unknown \u2014 no headline source on this desk (A2: flagged, not killed).""]","{""above_ema9"": true, ""above_vwap"": false, ""buyout_announced"": false, ""catalyst_source_ok"": false, ""catalyst_today"": false, ""catalyst_verdict"": ""UNKNOWN"", ""change_pct"": 54.76718403547673, ""feed_stale"": false, ""float_is_shares_outstanding"": false, ""float_shares"": 50000.0, ""float_verified"": true, ""halted"": false, ""in_session_window"": true, ""is_fund_or_etf"": null, ""last"": 6.98, ""live_theme"": false, ""macd_positive_and_above_signal"": true, ""penny_theme"": false, ""premarket_volume"": null, ""prev_close"": null, ""rvol"": 162.51076324821935, ""session_high"": 9.79, ""session_volume"": 8191030.0, ""split_ratio_clean_integer"": null, ""symbol"": ""LGHL"", ""tick_size"": null}",7.17,7.01,7.49,0.16,2.0,2,0,SUPPRESSED,,,2026-09-30T13:38:19+00:00,29c30d884550,9623239,2026-09-30T08:28:00-04:00,,,7.17,3.9375,-15.875,1,1,stop,1,2026-09-30T12:30:00Z,7.48,6.68,5.19
28e702d31c4be394,2026-09-30T08:32:00-04:00,premarket,FFR,pullback,ibkr-VBIO-BIYA-CNTB,IBKR · TWS read-only · live,live-backfill,1m,1.28,,,2.9399,11262307.0,22.002825787577905,26.732673267326735,7100000.0,verified,finviz via premarket_stars.py,0,0,REJECT,price,0,"[{""id"": ""price"", ""kills"": true, ""reason"": ""$1.28 is outside $2.00\u201320.00."", ""state"": ""FAIL"", ""value"": ""$1.28  band $2.00\u201320.00""}, {""id"": ""float"", ""kills"": false, ""reason"": ""cascade already stopped"", ""state"": ""NOT_APPLICABLE"", ""value"": ""\u2014""}, {""id"": ""catalyst"", ""kills"": false, ""reason"": ""cascade already stopped"", ""state"": ""NOT_APPLICABLE"", ""value"": ""\u2014""}, {""id"": ""pillars"", ""kills"": false, ""reason"": ""cascade already stopped"", ""state"": ""NOT_APPLICABLE"", ""value"": ""\u2014""}, {""id"": ""rising"", ""kills"": false, ""reason"": ""cascade already stopped"", ""state"": ""NOT_APPLICABLE"", ""value"": ""\u2014""}, {""id"": ""split"", ""kills"": false, ""reason"": ""cascade already stopped"", ""state"": ""NOT_APPLICABLE"", ""value"": ""\u2014""}, {""id"": ""instrument"", ""kills"": false, ""reason"": ""cascade already stopped"", ""state"": ""NOT_APPLICABLE"", ""value"": ""\u2014""}, {""id"": ""tick"", ""kills"": false, ""reason"": ""cascade already stopped"", ""state"": ""NOT_APPLICABLE"", ""value"": ""\u2014""}, {""id"": ""buyout"", ""kills"": false, ""reason"": ""cascade already stopped"", ""state"": ""NOT_APPLICABLE"", ""value"": ""\u2014""}]",[],"{""above_ema9"": true, ""above_vwap"": false, ""buyout_announced"": false, ""catalyst_source_ok"": false, ""catalyst_today"": false, ""catalyst_verdict"": ""UNKNOWN"", ""change_pct"": 26.732673267326735, ""feed_stale"": false, ""float_is_shares_outstanding"": false, ""float_shares"": 7100000.0, ""float_verified"": true, ""halted"": false, ""in_session_window"": true, ""is_fund_or_etf"": null, ""last"": 1.28, ""live_theme"": false, ""macd_positive_and_above_signal"": true, ""penny_theme"": false, ""premarket_volume"": null, ""prev_close"": null, ""rvol"": 22.002825787577905, ""session_high"": 2.9399, ""session_volume"": 11262307.0, ""split_ratio_clean_integer"": null, ""symbol"": ""FFR"", ""tick_size"": null}",1.28,1.25,1.34,0.03,2.0,1,1,SUPPRESSED,,,2026-09-30T13:38:19+00:00,29c30d884550,9623239,2026-09-30T08:33:00-04:00,,,1.28,11.3333,-2.0,1,1,stop,1,2026-09-30T12:33:00Z,1.32,1.23,1.3503
b3ae04b7b2974bec,2026-09-30T08:33:00-04:00,premarket,CNTB,pullback,ibkr-VBIO-BIYA-CNTB,IBKR · TWS read-only · live,live-backfill,1m,1.77,,,2.08,63825665.0,35.3020372395693,78.42741935483872,16970000.0,verified,finviz via premarket_stars.py,0,0,REJECT,price,0,"[{""id"": ""price"", ""kills"": true, ""reason"": ""$1.77 is outside $2.00\u201320.00."", ""state"": ""FAIL"", ""value"": ""$1.77  band $2.00\u201320.00""}, {""id"": ""float"", ""kills"": false, ""reason"": ""cascade already stopped"", ""state"": ""NOT_APPLICABLE"", ""value"": ""\u2014""}, {""id"": ""catalyst"", ""kills"": false, ""reason"": ""cascade already stopped"", ""state"": ""NOT_APPLICABLE"", ""value"": ""\u2014""}, {""id"": ""pillars"", ""kills"": false, ""reason"": ""cascade already stopped"", ""state"": ""NOT_APPLICABLE"", ""value"": ""\u2014""}, {""id"": ""rising"", ""kills"": false, ""reason"": ""cascade already stopped"", ""state"": ""NOT_APPLICABLE"", ""value"": ""\u2014""}, {""id"": ""split"", ""kills"": false, ""reason"": ""cascade already stopped"", ""state"": ""NOT_APPLICABLE"", ""value"": ""\u2014""}, {""id"": ""instrument"", ""kills"": false, ""reason"": ""cascade already stopped"", ""state"": ""NOT_APPLICABLE"", ""value"": ""\u2014""}, {""id"": ""tick"", ""kills"": false, ""reason"": ""cascade already stopped"", ""state"": ""NOT_APPLICABLE"", ""value"": ""\u2014""}, {""id"": ""buyout"", ""kills"": false, ""reason"": ""cascade already stopped"", ""state"": ""NOT_APPLICABLE"", ""value"": ""\u2014""}]",[],"{""above_ema9"": false, ""above_vwap"": true, ""buyout_announced"": false, ""catalyst_source_ok"": false, ""catalyst_today"": false, ""catalyst_verdict"": ""UNKNOWN"", ""change_pct"": 78.42741935483872, ""feed_stale"": false, ""float_is_shares_outstanding"": false, ""float_shares"": 16970000.0, ""float_verified"": true, ""halted"": false, ""in_session_window"": true, ""is_fund_or_etf"": null, ""last"": 1.77, ""live_theme"": false, ""macd_positive_and_above_signal"": false, ""penny_theme"": false, ""premarket_volume"": null, ""prev_close"": null, ""rvol"": 35.3020372395693, ""session_high"": 2.08, ""session_volume"": 63825665.0, ""split_ratio_clean_integer"": null, ""symbol"": ""CNTB"", ""tick_size"": null}",1.84,1.78,1.96,0.06,2.0,1,1,SUPPRESSED,,,2026-09-30T13:38:19+00:00,29c30d884550,9623239,2026-09-30T08:34:00-04:00,,,1.84,3.6667,-10.6667,1,1,stop,1,2026-09-30T12:34:00Z,2.06,1.7,1.2559
08f482fc7c5001ee,2026-09-30T08:34:00-04:00,premarket,NCI,pullback,ibkr-NCI-CAPR-BIYA,IBKR · TWS read-only · live,live,1m,1.7,1.68,1.7,2.56,7217837.0,7.832544490682121,34.92063492063491,2360000.0,verified,finviz via premarket_stars.py,0,0,REJECT,price,0,"[{""id"": ""price"", ""kills"": true, ""reason"": ""$1.70 is outside $2.00\u201320.00."", ""state"": ""FAIL"", ""value"": ""$1.70  band $2.00\u201320.00""}, {""id"": ""float"", ""kills"": false, ""reason"": ""cascade already stopped"", ""state"": ""NOT_APPLICABLE"", ""value"": ""\u2014""}, {""id"": ""catalyst"", ""kills"": false, ""reason"": ""cascade already stopped"", ""state"": ""NOT_APPLICABLE"", ""value"": ""\u2014""}, {""id"": ""pillars"", ""kills"": false, ""reason"": ""cascade already stopped"", ""state"": ""NOT_APPLICABLE"", ""value"": ""\u2014""}, {""id"": ""rising"", ""kills"": false, ""reason"": ""cascade already stopped"", ""state"": ""NOT_APPLICABLE"", ""value"": ""\u2014""}, {""id"": ""split"", ""kills"": false, ""reason"": ""cascade already stopped"", ""state"": ""NOT_APPLICABLE"", ""value"": ""\u2014""}, {""id"": ""instrument"", ""kills"": false, ""reason"": ""cascade already stopped"", ""state"": ""NOT_APPLICABLE"", ""value"": ""\u2014""}, {""id"": ""tick"", ""kills"": false, ""reason"": ""cascade already stopped"", ""state"": ""NOT_APPLICABLE"", ""value"": ""\u2014""}, {""id"": ""buyout"", ""kills"": false, ""reason"": ""cascade already stopped"", ""state"": ""NOT_APPLICABLE"", ""value"": ""\u2014""}]",[],"{""above_ema9"": true, ""above_vwap"": false, ""buyout_announced"": false, ""catalyst_source_ok"": false, ""catalyst_today"": false, ""catalyst_verdict"": ""UNKNOWN"", ""change_pct"": 34.92063492063491, ""feed_stale"": false, ""float_is_shares_outstanding"": false, ""float_shares"": 2360000.0, ""float_verified"": true, ""halted"": false, ""in_session_window"": true, ""is_fund_or_etf"": null, ""last"": 1.7, ""live_theme"": false, ""macd_positive_and_above_signal"": true, ""penny_theme"": false, ""premarket_volume"": null, ""prev_close"": null, ""rvol"": 7.832544490682121, ""session_high"": 2.56, ""session_volume"": 7217837.0, ""split_ratio_clean_integer"": null, ""symbol"": ""NCI"", ""tick_size"": null}",1.6906,1.64,1.7918,0.0506,2.0,1,1,SUPPRESSED,,,2026-09-30T12:34:11+00:00,29c30d884550,6f27547,2026-09-30T08:35:00-04:00,,,1.6906,5.5217,-3.9644,1,1,target,1,2026-09-30T12:35:00Z,1.76,1.69,1.49
1be3dfceabf20c55,2026-09-30T08:42:00-04:00,premarket,VBIO,pullback,ibkr-VBIO-BIYA,IBKR · TWS read-only · live,live-backfill,1m,3.6999,,,4.2,16253257.0,37.178965634533775,30.73851590106007,890000.0,verified,finviz via premarket_stars.py,0,0,REVIEW,,1,"[{""id"": ""price"", ""kills"": true, ""reason"": ""$3.70 is outside $2.00\u201320.00."", ""state"": ""PASS"", ""value"": ""$3.70  band $2.00\u201320.00""}, {""id"": ""float"", ""kills"": false, ""reason"": """", ""state"": ""PASS"", ""value"": ""0.9M (verified)""}, {""id"": ""catalyst"", ""kills"": false, ""reason"": ""The desk has no news feed (no headline keys in .env); the gate could not be evaluated."", ""state"": ""UNKNOWN"", ""value"": ""no headline source""}, {""id"": ""pillars"", ""kills"": true, ""reason"": ""Only 4 of the Five Pillars pass (need 4); missing catalyst."", ""state"": ""PASS"", ""value"": ""4/5 \u2014 missing catalyst""}, {""id"": ""rising"", ""kills"": true, ""reason"": ""11.9% off the high \u2014 back side of the move."", ""state"": ""PASS"", ""value"": ""11.9% off 4.20""}, {""id"": ""split"", ""kills"": false, ""reason"": """", ""state"": ""PASS"", ""value"": ""gap is not arithmetic""}, {""id"": ""instrument"", ""kills"": false, ""reason"": """", ""state"": ""UNKNOWN"", ""value"": ""\u2014""}, {""id"": ""tick"", ""kills"": false, ""reason"": """", ""state"": ""UNKNOWN"", ""value"": ""\u2014""}, {""id"": ""buyout"", ""kills"": true, ""reason"": ""Acquisition announced \u2014 the price is pinned and volatility is gone."", ""state"": ""PASS"", ""value"": ""none""}, {""id"": ""vwap"", ""kills"": false, ""reason"": """", ""state"": ""PASS"", ""value"": ""yes""}, {""id"": ""ema9"", ""kills"": false, ""reason"": """", ""state"": ""PASS"", ""value"": ""yes""}, {""id"": ""macd"", ""kills"": false, ""reason"": """", ""state"": ""PASS"", ""value"": ""yes""}, {""id"": ""tape"", ""kills"": false, ""reason"": ""No tape and no book in this tool."", ""state"": ""MANUAL_CONFIRMATION_REQUIRED"", ""value"": ""your eyes""}]","[""Catalyst unknown \u2014 no headline source on this desk (A2: flagged, not killed)."", ""Instrument type unknown \u2014 ADRs are fine, funds are not.""]","{""above_ema9"": true, ""above_vwap"": true, ""buyout_announced"": false, ""catalyst_source_ok"": false, ""catalyst_today"": false, ""catalyst_verdict"": ""UNKNOWN"", ""change_pct"": 30.73851590106007, ""feed_stale"": false, ""float_is_shares_outstanding"": false, ""float_shares"": 890000.0, ""float_verified"": true, ""halted"": false, ""in_session_window"": true, ""is_fund_or_etf"": null, ""last"": 3.6999, ""live_theme"": false, ""macd_positive_and_above_signal"": true, ""penny_theme"": false, ""premarket_volume"": null, ""prev_close"": null, ""rvol"": 37.178965634533775, ""session_high"": 4.2, ""session_volume"": 16253257.0, ""split_ratio_clean_integer"": null, ""symbol"": ""VBIO"", ""tick_size"": null}",3.51,3.43,3.67,0.08,2.0,3,1,REFUSED,"[""bar clock: the bar closed 3262s before the runner saw it (budget 120s); a stale plan is not the trade the cascade reviewed (bar close \u2192 published 3260s, published \u2192 runner 2s)"", ""backfill decision: armed on loaded history, inputs not point-in-time (bar clock: the bar predates the desk's start; a fresh publication time does not make it fresh)""]",2026-09-30T13:37:22+00:00,2026-09-30T13:37:20+00:00,29c30d884550,9623239,2026-09-30T08:43:00-04:00,"{""bar_end"": ""2026-09-30T08:43:00-04:00"", ""bar_to_published_s"": 3260, ""published"": ""2026-09-30T13:37:20+00:00"", ""published_to_seen_s"": 2, ""quote_ts"": ""2026-09-30T13:37:19+00:00"", ""runner_seen"": ""2026-09-30T13:37:22+00:00""}",,3.51,11.0,-5.0,1,1,target,1,2026-09-30T12:43:00Z,4.17,3.63,3.165
fb44fe95b43ebbee,2026-09-30T08:47:00-04:00,premarket,CNTB,pullback,ibkr-VBIO-BIYA-CNTB,IBKR · TWS read-only · live,live-backfill,1m,1.9192,,,2.08,70531922.0,39.01127449314311,93.46774193548389,16970000.0,verified,finviz via premarket_stars.py,0,0,REJECT,price,0,"[{""id"": ""price"", ""kills"": true, ""reason"": ""$1.92 is outside $2.00\u201320.00."", ""state"": ""FAIL"", ""value"": ""$1.92  band $2.00\u201320.00""}, {""id"": ""float"", ""kills"": false, ""reason"": ""cascade already stopped"", ""state"": ""NOT_APPLICABLE"", ""value"": ""\u2014""}, {""id"": ""catalyst"", ""kills"": false, ""reason"": ""cascade already stopped"", ""state"": ""NOT_APPLICABLE"", ""value"": ""\u2014""}, {""id"": ""pillars"", ""kills"": false, ""reason"": ""cascade already stopped"", ""state"": ""NOT_APPLICABLE"", ""value"": ""\u2014""}, {""id"": ""rising"", ""kills"": false, ""reason"": ""cascade already stopped"", ""state"": ""NOT_APPLICABLE"", ""value"": ""\u2014""}, {""id"": ""split"", ""kills"": false, ""reason"": ""cascade already stopped"", ""state"": ""NOT_APPLICABLE"", ""value"": ""\u2014""}, {""id"": ""instrument"", ""kills"": false, ""reason"": ""cascade already stopped"", ""state"": ""NOT_APPLICABLE"", ""value"": ""\u2014""}, {""id"": ""tick"", ""kills"": false, ""reason"": ""cascade already stopped"", ""state"": ""NOT_APPLICABLE"", ""value"": ""\u2014""}, {""id"": ""buyout"", ""kills"": false, ""reason"": ""cascade already stopped"", ""state"": ""NOT_APPLICABLE"", ""value"": ""\u2014""}]",[],"{""above_ema9"": true, ""above_vwap"": true, ""buyout_announced"": false, ""catalyst_source_ok"": false, ""catalyst_today"": false, ""catalyst_verdict"": ""UNKNOWN"", ""change_pct"": 93.46774193548389, ""feed_stale"": false, ""float_is_shares_outstanding"": false, ""float_shares"": 16970000.0, ""float_verified"": true, ""halted"": false, ""in_session_window"": true, ""is_fund_or_etf"": null, ""last"": 1.9192, ""live_theme"": false, ""macd_positive_and_above_signal"": true, ""penny_theme"": false, ""premarket_volume"": null, ""prev_close"": null, ""rvol"": 39.01127449314311, ""session_high"": 2.08, ""session_volume"": 70531922.0, ""split_ratio_clean_integer"": null, ""symbol"": ""CNTB"", ""tick_size"": null}",1.91,1.85,2.03,0.06,2.0,1,0,SUPPRESSED,,,2026-09-30T13:38:19+00:00,29c30d884550,9623239,2026-09-30T08:48:00-04:00,,,1.91,2.5,-11.8333,1,1,stop,1,2026-09-30T12:48:00Z,2.06,1.82,1.2559
9a35a9000c8cbf03,2026-09-30T08:52:00-04:00,premarket,WETO,pullback,ibkr-NCI-CAPR-BIYA,IBKR · TWS read-only · live,live,1m,1.3615,1.3,1.35,1.64,4671457.0,21.41494911524709,23.772727272727256,22000000.0,shares_outstanding_proxy,SEC shares outstanding (upper bound),0,0,REJECT,price,0,"[{""id"": ""price"", ""kills"": true, ""reason"": ""$1.36 is outside $2.00\u201320.00."", ""state"": ""FAIL"", ""value"": ""$1.36  band $2.00\u201320.00""}, {""id"": ""float"", ""kills"": false, ""reason"": ""cascade already stopped"", ""state"": ""NOT_APPLICABLE"", ""value"": ""\u2014""}, {""id"": ""catalyst"", ""kills"": false, ""reason"": ""cascade already stopped"", ""state"": ""NOT_APPLICABLE"", ""value"": ""\u2014""}, {""id"": ""pillars"", ""kills"": false, ""reason"": ""cascade already stopped"", ""state"": ""NOT_APPLICABLE"", ""value"": ""\u2014""}, {""id"": ""rising"", ""kills"": false, ""reason"": ""cascade already stopped"", ""state"": ""NOT_APPLICABLE"", ""value"": ""\u2014""}, {""id"": ""split"", ""kills"": false, ""reason"": ""cascade already stopped"", ""state"": ""NOT_APPLICABLE"", ""value"": ""\u2014""}, {""id"": ""instrument"", ""kills"": false, ""reason"": ""cascade already stopped"", ""state"": ""NOT_APPLICABLE"", ""value"": ""\u2014""}, {""id"": ""tick"", ""kills"": false, ""reason"": ""cascade already stopped"", ""state"": ""NOT_APPLICABLE"", ""value"": ""\u2014""}, {""id"": ""buyout"", ""kills"": false, ""reason"": ""cascade already stopped"", ""state"": ""NOT_APPLICABLE"", ""value"": ""\u2014""}]",[],"{""above_ema9"": true, ""above_vwap"": false, ""buyout_announced"": false, ""catalyst_source_ok"": false, ""catalyst_today"": false, ""catalyst_verdict"": ""UNKNOWN"", ""change_pct"": 23.772727272727256, ""feed_stale"": false, ""float_is_shares_outstanding"": true, ""float_shares"": 22000000, ""float_verified"": false, ""halted"": false, ""in_session_window"": true, ""is_fund_or_etf"": null, ""last"": 1.3615, ""live_theme"": false, ""macd_positive_and_above_signal"": true, ""penny_theme"": false, ""premarket_volume"": null, ""prev_close"": null, ""rvol"": 21.41494911524709, ""session_high"": 1.64, ""session_volume"": 4671457.0, ""split_ratio_clean_integer"": null, ""symbol"": ""WETO"", ""tick_size"": null}",1.35,1.29,1.47,0.06,2.0,2,1,SUPPRESSED,,,2026-09-30T12:52:22+00:00,29c30d884550,6f27547,2026-09-30T08:53:00-04:00,,,1.35,0.5,-4.0,1,0,stop,1,2026-09-30T12:53:00Z,1.35,1.31,1.1395
8ae58d38f10c8565,2026-09-30T08:56:00-04:00,premarket,CNTB,pullback,ibkr-VBIO-BIYA-CNTB,IBKR · TWS read-only · live,live-backfill,1m,2.04,,,2.08,77630804.0,42.937673015168826,105.64516129032259,16970000.0,verified,finviz via premarket_stars.py,0,0,REVIEW,,1,"[{""id"": ""price"", ""kills"": true, ""reason"": ""$2.04 is outside $2.00\u201320.00."", ""state"": ""PASS"", ""value"": ""$2.04  band $2.00\u201320.00""}, {""id"": ""float"", ""kills"": false, ""reason"": """", ""state"": ""PASS"", ""value"": ""17.0M (verified)""}, {""id"": ""catalyst"", ""kills"": false, ""reason"": ""The desk has no news feed (no headline keys in .env); the gate could not be evaluated."", ""state"": ""UNKNOWN"", ""value"": ""no headline source""}, {""id"": ""pillars"", ""kills"": true, ""reason"": ""Only 4 of the Five Pillars pass (need 4); missing catalyst."", ""state"": ""PASS"", ""value"": ""4/5 \u2014 missing catalyst""}, {""id"": ""rising"", ""kills"": true, ""reason"": ""1.9% off the high \u2014 back side of the move."", ""state"": ""PASS"", ""value"": ""1.9% off 2.08""}, {""id"": ""split"", ""kills"": false, ""reason"": """", ""state"": ""PASS"", ""value"": ""gap is not arithmetic""}, {""id"": ""instrument"", ""kills"": false, ""reason"": """", ""state"": ""UNKNOWN"", ""value"": ""\u2014""}, {""id"": ""tick"", ""kills"": false, ""reason"": """", ""state"": ""UNKNOWN"", ""value"": ""\u2014""}, {""id"": ""buyout"", ""kills"": true, ""reason"": ""Acquisition announced \u2014 the price is pinned and volatility is gone."", ""state"": ""PASS"", ""value"": ""none""}, {""id"": ""vwap"", ""kills"": false, ""reason"": """", ""state"": ""PASS"", ""value"": ""yes""}, {""id"": ""ema9"", ""kills"": false, ""reason"": """", ""state"": ""PASS"", ""value"": ""yes""}, {""id"": ""macd"", ""kills"": false, ""reason"": """", ""state"": ""PASS"", ""value"": ""yes""}, {""id"": ""tape"", ""kills"": false, ""reason"": ""No tape and no book in this tool."", ""state"": ""MANUAL_CONFIRMATION_REQUIRED"", ""value"": ""your eyes""}]","[""Catalyst unknown \u2014 no headline source on this desk (A2: flagged, not killed)."", ""Instrument type unknown \u2014 ADRs are fine, funds are not.""]","{""above_ema9"": true, ""above_vwap"": true, ""buyout_announced"": false, ""catalyst_source_ok"": false, ""catalyst_today"": false, ""catalyst_verdict"": ""UNKNOWN"", ""change_pct"": 105.64516129032259, ""feed_stale"": false, ""float_is_shares_outstanding"": false, ""float_shares"": 16970000.0, ""float_verified"": true, ""halted"": false, ""in_session_window"": true, ""is_fund_or_etf"": null, ""last"": 2.04, ""live_theme"": false, ""macd_positive_and_above_signal"": true, ""penny_theme"": false, ""premarket_volume"": null, ""prev_close"": null, ""rvol"": 42.937673015168826, ""session_high"": 2.08, ""session_volume"": 77630804.0, ""split_ratio_clean_integer"": null, ""symbol"": ""CNTB"", ""tick_size"": null}",2.03,1.92,2.25,0.11,2.0,2,0,REFUSED,"[""bar clock: the bar closed 2482s before the runner saw it (budget 120s); a stale plan is not the trade the cascade reviewed (bar close \u2192 published 2479s, published \u2192 runner 3s)"", ""backfill decision: armed on loaded history, inputs not point-in-time (bar clock: the bar predates the desk's start; a fresh publication time does not make it fresh)"", ""Layer 2 not green: pullback volume was not lighter than the impulse""]",2026-09-30T13:38:22+00:00,2026-09-30T13:38:19+00:00,29c30d884550,9623239,2026-09-30T08:57:00-04:00,"{""bar_end"": ""2026-09-30T08:57:00-04:00"", ""bar_to_published_s"": 2479, ""published"": ""2026-09-30T13:38:19+00:00"", ""published_to_seen_s"": 3, ""quote_ts"": ""2026-09-30T13:38:18+00:00"", ""runner_seen"": ""2026-09-30T13:38:22+00:00""}",,2.03,0.2727,-7.5455,1,0,stop,1,2026-09-30T12:57:00Z,2.06,1.8,1.2559
5a2ac6c7b7fe6330,2026-09-30T09:02:00-04:00,premarket,BIYA,pullback,ibkr-NCI-CAPR-BIYA,IBKR · TWS read-only · live,live,1m,2.4208,2.45,2.47,2.67,2145445.0,74.10645974125113,18.087804878048775,1185835.0,shares_outstanding_proxy,SEC shares outstanding (upper bound),0,0,WAIT,,1,"[{""id"": ""price"", ""kills"": true, ""reason"": ""$2.42 is outside $2.00\u201320.00."", ""state"": ""PASS"", ""value"": ""$2.42  band $2.00\u201320.00""}, {""id"": ""float"", ""kills"": false, ""reason"": """", ""state"": ""PASS"", ""value"": ""1.2M (SO upper bound)""}, {""id"": ""catalyst"", ""kills"": false, ""reason"": ""The desk has no news feed (no headline keys in .env); the gate could not be evaluated."", ""state"": ""UNKNOWN"", ""value"": ""no headline source""}, {""id"": ""pillars"", ""kills"": true, ""reason"": ""Only 4 of the Five Pillars pass (need 4); missing catalyst."", ""state"": ""PASS"", ""value"": ""4/5 \u2014 missing catalyst""}, {""id"": ""rising"", ""kills"": true, ""reason"": ""9.3% off the high \u2014 back side of the move."", ""state"": ""PASS"", ""value"": ""9.3% off 2.67""}, {""id"": ""split"", ""kills"": false, ""reason"": """", ""state"": ""PASS"", ""value"": ""gap is not arithmetic""}, {""id"": ""instrument"", ""kills"": false, ""reason"": """", ""state"": ""UNKNOWN"", ""value"": ""\u2014""}, {""id"": ""tick"", ""kills"": false, ""reason"": """", ""state"": ""UNKNOWN"", ""value"": ""\u2014""}, {""id"": ""buyout"", ""kills"": true, ""reason"": ""Acquisition announced \u2014 the price is pinned and volatility is gone."", ""state"": ""PASS"", ""value"": ""none""}, {""id"": ""vwap"", ""kills"": false, ""reason"": """", ""state"": ""FAIL"", ""value"": ""no""}, {""id"": ""ema9"", ""kills"": false, ""reason"": """", ""state"": ""PASS"", ""value"": ""yes""}, {""id"": ""macd"", ""kills"": false, ""reason"": """", ""state"": ""PASS"", ""value"": ""yes""}, {""id"": ""tape"", ""kills"": false, ""reason"": ""No tape and no book in this tool."", ""state"": ""MANUAL_CONFIRMATION_REQUIRED"", ""value"": ""your eyes""}]","[""Catalyst unknown \u2014 no headline source on this desk (A2: flagged, not killed)."", ""Instrument type unknown \u2014 ADRs are fine, funds are not.""]","{""above_ema9"": true, ""above_vwap"": false, ""buyout_announced"": false, ""catalyst_source_ok"": false, ""catalyst_today"": false, ""catalyst_verdict"": ""UNKNOWN"", ""change_pct"": 18.087804878048775, ""feed_stale"": false, ""float_is_shares_outstanding"": true, ""float_shares"": 1185835, ""float_verified"": false, ""halted"": false, ""in_session_window"": true, ""is_fund_or_etf"": null, ""last"": 2.4208, ""live_theme"": false, ""macd_positive_and_above_signal"": true, ""penny_theme"": false, ""premarket_volume"": null, ""prev_close"": null, ""rvol"": 74.10645974125113, ""session_high"": 2.67, ""session_volume"": 2145445.0, ""split_ratio_clean_integer"": null, ""symbol"": ""BIYA"", ""tick_size"": null}",2.43,2.4,2.49,0.03,2.0,1,1,REFUSED,"[""Layer 2 not green: below VWAP (verdict WAIT) \u2014 chart gates must all be true at entry"", ""selective (A13): stop 1.2% of price, under 2%"", ""selective (A13): price 2.43 under $5"", ""selective (A13): plan 7 of the day on BIYA, only the first 2 are taken""]",2026-09-30T13:03:04+00:00,2026-09-30T13:03:01+00:00,29c30d884550,6f27547,2026-09-30T09:03:00-04:00,"{""bar_end"": ""2026-09-30T09:03:00-04:00"", ""bar_to_published_s"": 1, ""published"": ""2026-09-30T13:03:01+00:00"", ""published_to_seen_s"": 4, ""quote_ts"": ""2026-09-30T13:03:03+00:00"", ""runner_seen"": ""2026-09-30T13:03:04+00:00""}",,2.43,25.0,-17.6667,1,1,target,1,2026-09-30T13:03:00Z,2.49,2.36,1.965
87b7d7b9670613fa,2026-09-30T09:03:00-04:00,premarket,VBIO,pullback,ibkr-VBIO-BIYA,IBKR · TWS read-only · live,live-backfill,1m,3.9499,,,4.2,21734199.0,49.716499143225164,39.57243816254417,890000.0,verified,finviz via premarket_stars.py,0,0,REVIEW,,1,"[{""id"": ""price"", ""kills"": true, ""reason"": ""$3.95 is outside $2.00\u201320.00."", ""state"": ""PASS"", ""value"": ""$3.95  band $2.00\u201320.00""}, {""id"": ""float"", ""kills"": false, ""reason"": """", ""state"": ""PASS"", ""value"": ""0.9M (verified)""}, {""id"": ""catalyst"", ""kills"": false, ""reason"": ""The desk has no news feed (no headline keys in .env); the gate could not be evaluated."", ""state"": ""UNKNOWN"", ""value"": ""no headline source""}, {""id"": ""pillars"", ""kills"": true, ""reason"": ""Only 4 of the Five Pillars pass (need 4); missing catalyst."", ""state"": ""PASS"", ""value"": ""4/5 \u2014 missing catalyst""}, {""id"": ""rising"", ""kills"": true, ""reason"": ""6.0% off the high \u2014 back side of the move."", ""state"": ""PASS"", ""value"": ""6.0% off 4.20""}, {""id"": ""split"", ""kills"": false, ""reason"": """", ""state"": ""PASS"", ""value"": ""gap is not arithmetic""}, {""id"": ""instrument"", ""kills"": false, ""reason"": """", ""state"": ""UNKNOWN"", ""value"": ""\u2014""}, {""id"": ""tick"", ""kills"": false, ""reason"": """", ""state"": ""UNKNOWN"", ""value"": ""\u2014""}, {""id"": ""buyout"", ""kills"": true, ""reason"": ""Acquisition announced \u2014 the price is pinned and volatility is gone."", ""state"": ""PASS"", ""value"": ""none""}, {""id"": ""vwap"", ""kills"": false, ""reason"": """", ""state"": ""PASS"", ""value"": ""yes""}, {""id"": ""ema9"", ""kills"": false, ""reason"": """", ""state"": ""PASS"", ""value"": ""yes""}, {""id"": ""macd"", ""kills"": false, ""reason"": """", ""state"": ""PASS"", ""value"": ""yes""}, {""id"": ""tape"", ""kills"": false, ""reason"": ""No tape and no book in this tool."", ""state"": ""MANUAL_CONFIRMATION_REQUIRED"", ""value"": ""your eyes""}]","[""Catalyst unknown \u2014 no headline source on this desk (A2: flagged, not killed)."", ""Instrument type unknown \u2014 ADRs are fine, funds are not.""]","{""above_ema9"": true, ""above_vwap"": true, ""buyout_announced"": false, ""catalyst_source_ok"": false, ""catalyst_today"": false, ""catalyst_verdict"": ""UNKNOWN"", ""change_pct"": 39.57243816254417, ""feed_stale"": false, ""float_is_shares_outstanding"": false, ""float_shares"": 890000.0, ""float_verified"": true, ""halted"": false, ""in_session_window"": true, ""is_fund_or_etf"": null, ""last"": 3.9499, ""live_theme"": false, ""macd_positive_and_above_signal"": true, ""penny_theme"": false, ""premarket_volume"": null, ""prev_close"": null, ""rvol"": 49.716499143225164, ""session_high"": 4.2, ""session_volume"": 21734199.0, ""split_ratio_clean_integer"": null, ""symbol"": ""VBIO"", ""tick_size"": null}",4.12,3.96,4.44,0.16,2.0,1,0,REFUSED,"[""bar clock: the bar closed 2002s before the runner saw it (budget 120s); a stale plan is not the trade the cascade reviewed (bar close \u2192 published 2000s, published \u2192 runner 2s)"", ""backfill decision: armed on loaded history, inputs not point-in-time (bar clock: the bar predates the desk's start; a fresh publication time does not make it fresh)"", ""Layer 2 not green: pullback volume was not lighter than the impulse""]",2026-09-30T13:37:22+00:00,2026-09-30T13:37:20+00:00,29c30d884550,9623239,2026-09-30T09:04:00-04:00,"{""bar_end"": ""2026-09-30T09:04:00-04:00"", ""bar_to_published_s"": 2000, ""published"": ""2026-09-30T13:37:20+00:00"", ""published_to_seen_s"": 2, ""quote_ts"": ""2026-09-30T13:37:19+00:00"", ""runner_seen"": ""2026-09-30T13:37:22+00:00""}",,4.12,1.6875,-6.3125,1,0,stop,1,2026-09-30T13:07:00Z,4.39,3.78,3.165
84386cb281f21986,2026-09-30T09:03:00-04:00,premarket,LGHL,pullback,ibkr-VBIO-BIYA-CNTB,IBKR · TWS read-only · live,live-backfill,1m,7.12,,,9.79,8920910.0,176.99164732258,57.87139689578715,50000.0,verified,finviz via premarket_stars.py,0,0,REJECT,rising,0,"[{""id"": ""price"", ""kills"": true, ""reason"": ""$7.12 is outside $2.00\u201320.00."", ""state"": ""PASS"", ""value"": ""$7.12  band $2.00\u201320.00""}, {""id"": ""float"", ""kills"": false, ""reason"": """", ""state"": ""PASS"", ""value"": ""0.1M (verified)""}, {""id"": ""catalyst"", ""kills"": false, ""reason"": ""The desk has no news feed (no headline keys in .env); the gate could not be evaluated."", ""state"": ""UNKNOWN"", ""value"": ""no headline source""}, {""id"": ""pillars"", ""kills"": true, ""reason"": ""Only 4 of the Five Pillars pass (need 4); missing catalyst."", ""state"": ""PASS"", ""value"": ""4/5 \u2014 missing catalyst""}, {""id"": ""rising"", ""kills"": true, ""reason"": ""27.3% off the high \u2014 back side of the move."", ""state"": ""FAIL"", ""value"": ""27.3% off 9.79""}, {""id"": ""split"", ""kills"": false, ""reason"": ""cascade already stopped"", ""state"": ""NOT_APPLICABLE"", ""value"": ""\u2014""}, {""id"": ""instrument"", ""kills"": false, ""reason"": ""cascade already stopped"", ""state"": ""NOT_APPLICABLE"", ""value"": ""\u2014""}, {""id"": ""tick"", ""kills"": false, ""reason"": ""cascade already stopped"", ""state"": ""NOT_APPLICABLE"", ""value"": ""\u2014""}, {""id"": ""buyout"", ""kills"": false, ""reason"": ""cascade already stopped"", ""state"": ""NOT_APPLICABLE"", ""value"": ""\u2014""}]","[""Catalyst unknown \u2014 no headline source on this desk (A2: flagged, not killed).""]","{""above_ema9"": true, ""above_vwap"": false, ""buyout_announced"": false, ""catalyst_source_ok"": false, ""catalyst_today"": false, ""catalyst_verdict"": ""UNKNOWN"", ""change_pct"": 57.87139689578715, ""feed_stale"": false, ""float_is_shares_outstanding"": false, ""float_shares"": 50000.0, ""float_verified"": true, ""halted"": false, ""in_session_window"": true, ""is_fund_or_etf"": null, ""last"": 7.12, ""live_theme"": false, ""macd_positive_and_above_signal"": true, ""penny_theme"": false, ""premarket_volume"": null, ""prev_close"": null, ""rvol"": 176.99164732258, ""session_high"": 9.79, ""session_volume"": 8920910.0, ""split_ratio_clean_integer"": null, ""symbol"": ""LGHL"", ""tick_size"": null}",7.17,7.11,7.29,0.06,2.0,1,1,SUPPRESSED,,,2026-09-30T13:38:19+00:00,29c30d884550,9623239,2026-09-30T09:04:00-04:00,,,7.17,10.5,-42.3333,1,1,stop,1,2026-09-30T13:15:00Z,7.8,5.88,5.19
e95e8c93511ae8eb,2026-09-30T09:06:00-04:00,premarket,CNTB,pullback,ibkr-VBIO-BIYA-CNTB,IBKR · TWS read-only · live,live-backfill,1m,1.88,,,2.08,84541981.0,46.76025171957018,89.51612903225805,16970000.0,verified,finviz via premarket_stars.py,0,0,REJECT,price,0,"[{""id"": ""price"", ""kills"": true, ""reason"": ""$1.88 is outside $2.00\u201320.00."", ""state"": ""FAIL"", ""value"": ""$1.88  band $2.00\u201320.00""}, {""id"": ""float"", ""kills"": false, ""reason"": ""cascade already stopped"", ""state"": ""NOT_APPLICABLE"", ""value"": ""\u2014""}, {""id"": ""catalyst"", ""kills"": false, ""reason"": ""cascade already stopped"", ""state"": ""NOT_APPLICABLE"", ""value"": ""\u2014""}, {""id"": ""pillars"", ""kills"": false, ""reason"": ""cascade already stopped"", ""state"": ""NOT_APPLICABLE"", ""value"": ""\u2014""}, {""id"": ""rising"", ""kills"": false, ""reason"": ""cascade already stopped"", ""state"": ""NOT_APPLICABLE"", ""value"": ""\u2014""}, {""id"": ""split"", ""kills"": false, ""reason"": ""cascade already stopped"", ""state"": ""NOT_APPLICABLE"", ""value"": ""\u2014""}, {""id"": ""instrument"", ""kills"": false, ""reason"": ""cascade already stopped"", ""state"": ""NOT_APPLICABLE"", ""value"": ""\u2014""}, {""id"": ""tick"", ""kills"": false, ""reason"": ""cascade already stopped"", ""state"": ""NOT_APPLICABLE"", ""value"": ""\u2014""}, {""id"": ""buyout"", ""kills"": false, ""reason"": ""cascade already stopped"", ""state"": ""NOT_APPLICABLE"", ""value"": ""\u2014""}]",[],"{""above_ema9"": true, ""above_vwap"": true, ""buyout_announced"": false, ""catalyst_source_ok"": false, ""catalyst_today"": false, ""catalyst_verdict"": ""UNKNOWN"", ""change_pct"": 89.51612903225805, ""feed_stale"": false, ""float_is_shares_outstanding"": false, ""float_shares"": 16970000.0, ""float_verified"": true, ""halted"": false, ""in_session_window"": true, ""is_fund_or_etf"": null, ""last"": 1.88, ""live_theme"": false, ""macd_positive_and_above_signal"": false, ""penny_theme"": false, ""premarket_volume"": null, ""prev_close"": null, ""rvol"": 46.76025171957018, ""session_high"": 2.08, ""session_volume"": 84541981.0, ""split_ratio_clean_integer"": null, ""symbol"": ""CNTB"", ""tick_size"": null}",1.87,1.81,1.99,0.06,2.0,2,0,SUPPRESSED,,,2026-09-30T13:38:19+00:00,29c30d884550,9623239,2026-09-30T09:07:00-04:00,,,1.87,1.6667,-11.1667,1,0,stop,1,2026-09-30T13:07:00Z,1.97,1.61,1.2559
4b03b603bafb0a53,2026-09-30T09:19:00-04:00,premarket,FFR,pullback,ibkr-VBIO-BIYA-CNTB,IBKR · TWS read-only · live,live-backfill,1m,1.3201,,,2.9399,11547981.0,22.560938370909238,30.702970297029708,7100000.0,verified,finviz via premarket_stars.py,0,0,REJECT,price,0,"[{""id"": ""price"", ""kills"": true, ""reason"": ""$1.32 is outside $2.00\u201320.00."", ""state"": ""FAIL"", ""value"": ""$1.32  band $2.00\u201320.00""}, {""id"": ""float"", ""kills"": false, ""reason"": ""cascade already stopped"", ""state"": ""NOT_APPLICABLE"", ""value"": ""\u2014""}, {""id"": ""catalyst"", ""kills"": false, ""reason"": ""cascade already stopped"", ""state"": ""NOT_APPLICABLE"", ""value"": ""\u2014""}, {""id"": ""pillars"", ""kills"": false, ""reason"": ""cascade already stopped"", ""state"": ""NOT_APPLICABLE"", ""value"": ""\u2014""}, {""id"": ""rising"", ""kills"": false, ""reason"": ""cascade already stopped"", ""state"": ""NOT_APPLICABLE"", ""value"": ""\u2014""}, {""id"": ""split"", ""kills"": false, ""reason"": ""cascade already stopped"", ""state"": ""NOT_APPLICABLE"", ""value"": ""\u2014""}, {""id"": ""instrument"", ""kills"": false, ""reason"": ""cascade already stopped"", ""state"": ""NOT_APPLICABLE"", ""value"": ""\u2014""}, {""id"": ""tick"", ""kills"": false, ""reason"": ""cascade already stopped"", ""state"": ""NOT_APPLICABLE"", ""value"": ""\u2014""}, {""id"": ""buyout"", ""kills"": false, ""reason"": ""cascade already stopped"", ""state"": ""NOT_APPLICABLE"", ""value"": ""\u2014""}]",[],"{""above_ema9"": true, ""above_vwap"": false, ""buyout_announced"": false, ""catalyst_source_ok"": false, ""catalyst_today"": false, ""catalyst_verdict"": ""UNKNOWN"", ""change_pct"": 30.702970297029708, ""feed_stale"": false, ""float_is_shares_outstanding"": false, ""float_shares"": 7100000.0, ""float_verified"": true, ""halted"": false, ""in_session_window"": true, ""is_fund_or_etf"": null, ""last"": 1.3201, ""live_theme"": false, ""macd_positive_and_above_signal"": true, ""penny_theme"": false, ""premarket_volume"": null, ""prev_close"": null, ""rvol"": 22.560938370909238, ""session_high"": 2.9399, ""session_volume"": 11547981.0, ""split_ratio_clean_integer"": null, ""symbol"": ""FFR"", ""tick_size"": null}",1.33,1.3,1.39,0.03,2.0,1,1,SUPPRESSED,,,2026-09-30T13:38:19+00:00,29c30d884550,9623239,2026-09-30T09:20:00-04:00,,,1.33,9.6667,-3.6667,1,1,stop,1,2026-09-30T13:20:00Z,1.59,1.22,1.3503
2e4087d74d854aa8,2026-09-30T09:21:00-04:00,premarket,LGHL,pullback,ibkr-VBIO-BIYA-CNTB,IBKR · TWS read-only · live,live-backfill,1m,7.13,,,9.79,9413570.0,186.7660655119735,58.09312638580933,50000.0,verified,finviz via premarket_stars.py,0,0,REJECT,rising,0,"[{""id"": ""price"", ""kills"": true, ""reason"": ""$7.13 is outside $2.00\u201320.00."", ""state"": ""PASS"", ""value"": ""$7.13  band $2.00\u201320.00""}, {""id"": ""float"", ""kills"": false, ""reason"": """", ""state"": ""PASS"", ""value"": ""0.1M (verified)""}, {""id"": ""catalyst"", ""kills"": false, ""reason"": ""The desk has no news feed (no headline keys in .env); the gate could not be evaluated."", ""state"": ""UNKNOWN"", ""value"": ""no headline source""}, {""id"": ""pillars"", ""kills"": true, ""reason"": ""Only 4 of the Five Pillars pass (need 4); missing catalyst."", ""state"": ""PASS"", ""value"": ""4/5 \u2014 missing catalyst""}, {""id"": ""rising"", ""kills"": true, ""reason"": ""27.2% off the high \u2014 back side of the move."", ""state"": ""FAIL"", ""value"": ""27.2% off 9.79""}, {""id"": ""split"", ""kills"": false, ""reason"": ""cascade already stopped"", ""state"": ""NOT_APPLICABLE"", ""value"": ""\u2014""}, {""id"": ""instrument"", ""kills"": false, ""reason"": ""cascade already stopped"", ""state"": ""NOT_APPLICABLE"", ""value"": ""\u2014""}, {""id"": ""tick"", ""kills"": false, ""reason"": ""cascade already stopped"", ""state"": ""NOT_APPLICABLE"", ""value"": ""\u2014""}, {""id"": ""buyout"", ""kills"": false, ""reason"": ""cascade already stopped"", ""state"": ""NOT_APPLICABLE"", ""value"": ""\u2014""}]","[""Catalyst unknown \u2014 no headline source on this desk (A2: flagged, not killed).""]","{""above_ema9"": false, ""above_vwap"": false, ""buyout_announced"": false, ""catalyst_source_ok"": false, ""catalyst_today"": false, ""catalyst_verdict"": ""UNKNOWN"", ""change_pct"": 58.09312638580933, ""feed_stale"": false, ""float_is_shares_outstanding"": false, ""float_shares"": 50000.0, ""float_verified"": true, ""halted"": false, ""in_session_window"": true, ""is_fund_or_etf"": null, ""last"": 7.13, ""live_theme"": false, ""macd_positive_and_above_signal"": true, ""penny_theme"": false, ""premarket_volume"": null, ""prev_close"": null, ""rvol"": 186.7660655119735, ""session_high"": 9.79, ""session_volume"": 9413570.0, ""split_ratio_clean_integer"": null, ""symbol"": ""LGHL"", ""tick_size"": null}",7.21,7.0,7.63,0.21,2.0,4,1,SUPPRESSED,,,2026-09-30T13:38:19+00:00,29c30d884550,9623239,2026-09-30T09:22:00-04:00,,,7.21,,,0,0,untriggered,0,,7.16,5.8,5.19
3f38fcb3cca6647d,2026-09-30T09:26:00-04:00,premarket,CNTB,pullback,ibkr-VBIO-BIYA-CNTB,IBKR · TWS read-only · live,live-backfill,1m,1.8785,,,2.08,90183728.0,49.88070745928285,89.36491935483872,16970000.0,verified,finviz via premarket_stars.py,0,0,REJECT,price,0,"[{""id"": ""price"", ""kills"": true, ""reason"": ""$1.88 is outside $2.00\u201320.00."", ""state"": ""FAIL"", ""value"": ""$1.88  band $2.00\u201320.00""}, {""id"": ""float"", ""kills"": false, ""reason"": ""cascade already stopped"", ""state"": ""NOT_APPLICABLE"", ""value"": ""\u2014""}, {""id"": ""catalyst"", ""kills"": false, ""reason"": ""cascade already stopped"", ""state"": ""NOT_APPLICABLE"", ""value"": ""\u2014""}, {""id"": ""pillars"", ""kills"": false, ""reason"": ""cascade already stopped"", ""state"": ""NOT_APPLICABLE"", ""value"": ""\u2014""}, {""id"": ""rising"", ""kills"": false, ""reason"": ""cascade already stopped"", ""state"": ""NOT_APPLICABLE"", ""value"": ""\u2014""}, {""id"": ""split"", ""kills"": false, ""reason"": ""cascade already stopped"", ""state"": ""NOT_APPLICABLE"", ""value"": ""\u2014""}, {""id"": ""instrument"", ""kills"": false, ""reason"": ""cascade already stopped"", ""state"": ""NOT_APPLICABLE"", ""value"": ""\u2014""}, {""id"": ""tick"", ""kills"": false, ""reason"": ""cascade already stopped"", ""state"": ""NOT_APPLICABLE"", ""value"": ""\u2014""}, {""id"": ""buyout"", ""kills"": false, ""reason"": ""cascade already stopped"", ""state"": ""NOT_APPLICABLE"", ""value"": ""\u2014""}]",[],"{""above_ema9"": true, ""above_vwap"": true, ""buyout_announced"": false, ""catalyst_source_ok"": false, ""catalyst_today"": false, ""catalyst_verdict"": ""UNKNOWN"", ""change_pct"": 89.36491935483872, ""feed_stale"": false, ""float_is_shares_outstanding"": false, ""float_shares"": 16970000.0, ""float_verified"": true, ""halted"": false, ""in_session_window"": true, ""is_fund_or_etf"": null, ""last"": 1.8785, ""live_theme"": false, ""macd_positive_and_above_signal"": false, ""penny_theme"": false, ""premarket_volume"": null, ""prev_close"": null, ""rvol"": 49.88070745928285, ""session_high"": 2.08, ""session_volume"": 90183728.0, ""split_ratio_clean_integer"": null, ""symbol"": ""CNTB"", ""tick_size"": null}",1.88,1.84,1.96,0.04,2.0,2,0,SUPPRESSED,,,2026-09-30T13:38:19+00:00,29c30d884550,9623239,2026-09-30T09:27:00-04:00,,,1.88,2.25,-17.0,1,1,target,1,2026-09-30T13:27:00Z,1.97,1.42,1.2559
fd12dcbfa26edb9e,2026-09-30T09:35:00-04:00,regular,NCI,pullback,ibkr-NCI-CAPR-BIYA,IBKR · TWS read-only · live,live,1m,1.8899,1.88,1.89,2.56,9293690.0,262.8231667656458,49.99206349206349,2360000.0,verified,finviz via premarket_stars.py,0,0,REJECT,price,0,"[{""id"": ""price"", ""kills"": true, ""reason"": ""$1.89 is outside $2.00\u201320.00."", ""state"": ""FAIL"", ""value"": ""$1.89  band $2.00\u201320.00""}, {""id"": ""float"", ""kills"": false, ""reason"": ""cascade already stopped"", ""state"": ""NOT_APPLICABLE"", ""value"": ""\u2014""}, {""id"": ""catalyst"", ""kills"": false, ""reason"": ""cascade already stopped"", ""state"": ""NOT_APPLICABLE"", ""value"": ""\u2014""}, {""id"": ""pillars"", ""kills"": false, ""reason"": ""cascade already stopped"", ""state"": ""NOT_APPLICABLE"", ""value"": ""\u2014""}, {""id"": ""rising"", ""kills"": false, ""reason"": ""cascade already stopped"", ""state"": ""NOT_APPLICABLE"", ""value"": ""\u2014""}, {""id"": ""split"", ""kills"": false, ""reason"": ""cascade already stopped"", ""state"": ""NOT_APPLICABLE"", ""value"": ""\u2014""}, {""id"": ""instrument"", ""kills"": false, ""reason"": ""cascade already stopped"", ""state"": ""NOT_APPLICABLE"", ""value"": ""\u2014""}, {""id"": ""tick"", ""kills"": false, ""reason"": ""cascade already stopped"", ""state"": ""NOT_APPLICABLE"", ""value"": ""\u2014""}, {""id"": ""buyout"", ""kills"": false, ""reason"": ""cascade already stopped"", ""state"": ""NOT_APPLICABLE"", ""value"": ""\u2014""}]",[],"{""above_ema9"": true, ""above_vwap"": false, ""buyout_announced"": false, ""catalyst_source_ok"": false, ""catalyst_today"": false, ""catalyst_verdict"": ""UNKNOWN"", ""change_pct"": 49.99206349206349, ""feed_stale"": false, ""float_is_shares_outstanding"": false, ""float_shares"": 2360000.0, ""float_verified"": true, ""halted"": false, ""in_session_window"": true, ""is_fund_or_etf"": null, ""last"": 1.8899, ""live_theme"": false, ""macd_positive_and_above_signal"": true, ""penny_theme"": false, ""premarket_volume"": null, ""prev_close"": null, ""rvol"": 262.8231667656458, ""session_high"": 2.56, ""session_volume"": 9293690.0, ""split_ratio_clean_integer"": null, ""symbol"": ""NCI"", ""tick_size"": null}",1.97,1.8,2.31,0.17,2.0,2,0,SUPPRESSED,,,2026-09-30T13:35:11+00:00,29c30d884550,6f27547,2026-09-30T09:36:00-04:00,,,1.97,,,0,0,untriggered,0,,1.49,1.49,1.49
180f1c3b8b835dac,2026-09-30T09:36:00-04:00,regular,CAPR,pullback,ibkr-NCI-CAPR-BIYA,IBKR · TWS read-only · live,live,1m,10.37,10.38,10.4,12.48,6563469.0,54.96950637342758,21.00350058343057,58138989.0,shares_outstanding_proxy,SEC shares outstanding (upper bound),0,0,REJECT,pillars,0,"[{""id"": ""price"", ""kills"": true, ""reason"": ""$10.37 is outside $2.00\u201320.00."", ""state"": ""PASS"", ""value"": ""$10.37  band $2.00\u201320.00""}, {""id"": ""float"", ""kills"": false, ""reason"": ""58.1M outstanding is an upper bound over the 20M cap \u2014 it proves nothing either way. Verify the float by hand."", ""state"": ""MANUAL_CONFIRMATION_REQUIRED"", ""value"": ""58.1M shares outstanding""}, {""id"": ""catalyst"", ""kills"": false, ""reason"": ""The desk has no news feed (no headline keys in .env); the gate could not be evaluated."", ""state"": ""UNKNOWN"", ""value"": ""no headline source""}, {""id"": ""pillars"", ""kills"": true, ""reason"": ""Only 3 of the Five Pillars pass (need 4); missing float, catalyst."", ""state"": ""FAIL"", ""value"": ""3/5 \u2014 missing float, catalyst""}, {""id"": ""rising"", ""kills"": false, ""reason"": ""cascade already stopped"", ""state"": ""NOT_APPLICABLE"", ""value"": ""\u2014""}, {""id"": ""split"", ""kills"": false, ""reason"": ""cascade already stopped"", ""state"": ""NOT_APPLICABLE"", ""value"": ""\u2014""}, {""id"": ""instrument"", ""kills"": false, ""reason"": ""cascade already stopped"", ""state"": ""NOT_APPLICABLE"", ""value"": ""\u2014""}, {""id"": ""tick"", ""kills"": false, ""reason"": ""cascade already stopped"", ""state"": ""NOT_APPLICABLE"", ""value"": ""\u2014""}, {""id"": ""buyout"", ""kills"": false, ""reason"": ""cascade already stopped"", ""state"": ""NOT_APPLICABLE"", ""value"": ""\u2014""}]","[""Catalyst unknown \u2014 no headline source on this desk (A2: flagged, not killed).""]","{""above_ema9"": true, ""above_vwap"": false, ""buyout_announced"": false, ""catalyst_source_ok"": false, ""catalyst_today"": false, ""catalyst_verdict"": ""UNKNOWN"", ""change_pct"": 21.00350058343057, ""feed_stale"": false, ""float_is_shares_outstanding"": true, ""float_shares"": 58138989, ""float_verified"": false, ""halted"": false, ""in_session_window"": true, ""is_fund_or_etf"": null, ""last"": 10.37, ""live_theme"": false, ""macd_positive_and_above_signal"": false, ""penny_theme"": false, ""premarket_volume"": null, ""prev_close"": null, ""rvol"": 54.96950637342758, ""session_high"": 12.48, ""session_volume"": 6563469.0, ""split_ratio_clean_integer"": null, ""symbol"": ""CAPR"", ""tick_size"": null}",10.26,10.02,10.74,0.24,2.0,4,1,SUPPRESSED,,,2026-09-30T13:36:23+00:00,29c30d884550,6f27547,2026-09-30T09:37:00-04:00,,,10.26,,,0,0,no_tape,0,,,,
2353fe20626c0b77,2026-09-30T09:37:00-04:00,regular,SOTK,pullback,ibkr-VBIO-BIYA-CNTB,IBKR · TWS read-only · live,live-backfill,1m,5.96,5.96,6.08,6.2,81338.0,2.2671096567755744,19.67871485943773,15716723.0,shares_outstanding_proxy,SEC shares outstanding (upper bound),0,0,REJECT,pillars,0,"[{""id"": ""price"", ""kills"": true, ""reason"": ""$5.96 is outside $2.00\u201320.00."", ""state"": ""PASS"", ""value"": ""$5.96  band $2.00\u201320.00""}, {""id"": ""float"", ""kills"": false, ""reason"": """", ""state"": ""PASS"", ""value"": ""15.7M (SO upper bound)""}, {""id"": ""catalyst"", ""kills"": false, ""reason"": ""The desk has no news feed (no headline keys in .env); the gate could not be evaluated."", ""state"": ""UNKNOWN"", ""value"": ""no headline source""}, {""id"": ""pillars"", ""kills"": true, ""reason"": ""Only 3 of the Five Pillars pass (need 4); missing rvol, catalyst."", ""state"": ""FAIL"", ""value"": ""3/5 \u2014 missing rvol, catalyst""}, {""id"": ""rising"", ""kills"": false, ""reason"": ""cascade already stopped"", ""state"": ""NOT_APPLICABLE"", ""value"": ""\u2014""}, {""id"": ""split"", ""kills"": false, ""reason"": ""cascade already stopped"", ""state"": ""NOT_APPLICABLE"", ""value"": ""\u2014""}, {""id"": ""instrument"", ""kills"": false, ""reason"": ""cascade already stopped"", ""state"": ""NOT_APPLICABLE"", ""value"": ""\u2014""}, {""id"": ""tick"", ""kills"": false, ""reason"": ""cascade already stopped"", ""state"": ""NOT_APPLICABLE"", ""value"": ""\u2014""}, {""id"": ""buyout"", ""kills"": false, ""reason"": ""cascade already stopped"", ""state"": ""NOT_APPLICABLE"", ""value"": ""\u2014""}]","[""Catalyst unknown \u2014 no headline source on this desk (A2: flagged, not killed).""]","{""above_ema9"": true, ""above_vwap"": true, ""buyout_announced"": false, ""catalyst_source_ok"": false, ""catalyst_today"": false, ""catalyst_verdict"": ""UNKNOWN"", ""change_pct"": 19.67871485943773, ""feed_stale"": false, ""float_is_shares_outstanding"": true, ""float_shares"": 15716723, ""float_verified"": false, ""halted"": false, ""in_session_window"": true, ""is_fund_or_etf"": null, ""last"": 5.96, ""live_theme"": false, ""macd_positive_and_above_signal"": true, ""penny_theme"": false, ""premarket_volume"": null, ""prev_close"": null, ""rvol"": 2.2671096567755744, ""session_high"": 6.2, ""session_volume"": 81338.0, ""split_ratio_clean_integer"": null, ""symbol"": ""SOTK"", ""tick_size"": null}",5.99,5.89,6.19,0.1,2.0,2,1,SUPPRESSED,,,2026-09-30T13:38:19+00:00,29c30d884550,9623239,2026-09-30T09:38:00-04:00,,,5.99,3.9,-1.7,1,1,target,1,2026-09-30T13:38:00Z,6.38,5.96,5.96
942c1829cd15523f,2026-09-30T09:38:00-04:00,regular,FFR,pullback,ibkr-VBIO-BIYA-CNTB,IBKR · TWS read-only · live,live,1m,1.43,1.43,1.44,2.9399,12798090.0,25.003238207211268,41.58415841584158,7100000.0,verified,finviz via premarket_stars.py,0,0,REJECT,price,0,"[{""id"": ""price"", ""kills"": true, ""reason"": ""$1.43 is outside $2.00\u201320.00."", ""state"": ""FAIL"", ""value"": ""$1.43  band $2.00\u201320.00""}, {""id"": ""float"", ""kills"": false, ""reason"": ""cascade already stopped"", ""state"": ""NOT_APPLICABLE"", ""value"": ""\u2014""}, {""id"": ""catalyst"", ""kills"": false, ""reason"": ""cascade already stopped"", ""state"": ""NOT_APPLICABLE"", ""value"": ""\u2014""}, {""id"": ""pillars"", ""kills"": false, ""reason"": ""cascade already stopped"", ""state"": ""NOT_APPLICABLE"", ""value"": ""\u2014""}, {""id"": ""rising"", ""kills"": false, ""reason"": ""cascade already stopped"", ""state"": ""NOT_APPLICABLE"", ""value"": ""\u2014""}, {""id"": ""split"", ""kills"": false, ""reason"": ""cascade already stopped"", ""state"": ""NOT_APPLICABLE"", ""value"": ""\u2014""}, {""id"": ""instrument"", ""kills"": false, ""reason"": ""cascade already stopped"", ""state"": ""NOT_APPLICABLE"", ""value"": ""\u2014""}, {""id"": ""tick"", ""kills"": false, ""reason"": ""cascade already stopped"", ""state"": ""NOT_APPLICABLE"", ""value"": ""\u2014""}, {""id"": ""buyout"", ""kills"": false, ""reason"": ""cascade already stopped"", ""state"": ""NOT_APPLICABLE"", ""value"": ""\u2014""}]",[],"{""above_ema9"": true, ""above_vwap"": false, ""buyout_announced"": false, ""catalyst_source_ok"": false, ""catalyst_today"": false, ""catalyst_verdict"": ""UNKNOWN"", ""change_pct"": 41.58415841584158, ""feed_stale"": false, ""float_is_shares_outstanding"": false, ""float_shares"": 7100000.0, ""float_verified"": true, ""halted"": false, ""in_session_window"": true, ""is_fund_or_etf"": null, ""last"": 1.43, ""live_theme"": false, ""macd_positive_and_above_signal"": true, ""penny_theme"": false, ""premarket_volume"": null, ""prev_close"": null, ""rvol"": 25.003238207211268, ""session_high"": 2.9399, ""session_volume"": 12798090.0, ""split_ratio_clean_integer"": null, ""symbol"": ""FFR"", ""tick_size"": null}",1.42,1.39,1.48,0.03,2.0,2,0,SUPPRESSED,,,2026-09-30T13:38:23+00:00,29c30d884550,9623239,2026-09-30T09:39:00-04:00,,,1.42,6.6667,-5.3333,1,1,target,1,2026-09-30T13:39:00Z,1.59,1.26,1.3503
130705bd94a5832b,2026-09-30T09:40:00-04:00,regular,BIYA,pullback,ibkr-VBIO-BIYA-CNTB,IBKR · TWS read-only · live,live,1m,2.37,2.37,2.4,2.67,2340520.0,80.84460387173434,15.60975609756099,2700000.0,verified,finviz via premarket_stars.py,0,0,WAIT,,1,"[{""id"": ""price"", ""kills"": true, ""reason"": ""$2.37 is outside $2.00\u201320.00."", ""state"": ""PASS"", ""value"": ""$2.37  band $2.00\u201320.00""}, {""id"": ""float"", ""kills"": false, ""reason"": """", ""state"": ""PASS"", ""value"": ""2.7M (verified)""}, {""id"": ""catalyst"", ""kills"": false, ""reason"": ""The desk has no news feed (no headline keys in .env); the gate could not be evaluated."", ""state"": ""UNKNOWN"", ""value"": ""no headline source""}, {""id"": ""pillars"", ""kills"": true, ""reason"": ""Only 4 of the Five Pillars pass (need 4); missing catalyst."", ""state"": ""PASS"", ""value"": ""4/5 \u2014 missing catalyst""}, {""id"": ""rising"", ""kills"": true, ""reason"": ""11.2% off the high \u2014 back side of the move."", ""state"": ""PASS"", ""value"": ""11.2% off 2.67""}, {""id"": ""split"", ""kills"": false, ""reason"": """", ""state"": ""PASS"", ""value"": ""gap is not arithmetic""}, {""id"": ""instrument"", ""kills"": false, ""reason"": """", ""state"": ""UNKNOWN"", ""value"": ""\u2014""}, {""id"": ""tick"", ""kills"": false, ""reason"": """", ""state"": ""UNKNOWN"", ""value"": ""\u2014""}, {""id"": ""buyout"", ""kills"": true, ""reason"": ""Acquisition announced \u2014 the price is pinned and volatility is gone."", ""state"": ""PASS"", ""value"": ""none""}, {""id"": ""vwap"", ""kills"": false, ""reason"": """", ""state"": ""FAIL"", ""value"": ""no""}, {""id"": ""ema9"", ""kills"": false, ""reason"": """", ""state"": ""FAIL"", ""value"": ""no""}, {""id"": ""macd"", ""kills"": false, ""reason"": """", ""state"": ""FAIL"", ""value"": ""no""}, {""id"": ""tape"", ""kills"": false, ""reason"": ""No tape and no book in this tool."", ""state"": ""MANUAL_CONFIRMATION_REQUIRED"", ""value"": ""your eyes""}]","[""Catalyst unknown \u2014 no headline source on this desk (A2: flagged, not killed)."", ""Instrument type unknown \u2014 ADRs are fine, funds are not.""]","{""above_ema9"": false, ""above_vwap"": false, ""buyout_announced"": false, ""catalyst_source_ok"": false, ""catalyst_today"": false, ""catalyst_verdict"": ""UNKNOWN"", ""change_pct"": 15.60975609756099, ""feed_stale"": false, ""float_is_shares_outstanding"": false, ""float_shares"": 2700000.0, ""float_verified"": true, ""halted"": false, ""in_session_window"": true, ""is_fund_or_etf"": null, ""last"": 2.37, ""live_theme"": false, ""macd_positive_and_above_signal"": false, ""penny_theme"": false, ""premarket_volume"": null, ""prev_close"": null, ""rvol"": 80.84460387173434, ""session_high"": 2.67, ""session_volume"": 2340520.0, ""split_ratio_clean_integer"": null, ""symbol"": ""BIYA"", ""tick_size"": null}",2.3859,2.335,2.4877,0.0509,2.0,1,0,REFUSED,"[""Layer 2 not green: pullback volume was not lighter than the impulse"", ""Layer 2 not green: below VWAP; below the 9 EMA; MACD not positive and above its signal (verdict WAIT) \u2014 chart gates must all be true at entry""]",2026-09-30T13:40:47+00:00,2026-09-30T13:40:43+00:00,29c30d884550,9623239,2026-09-30T09:41:00-04:00,"{""bar_end"": ""2026-09-30T09:41:00-04:00"", ""bar_to_published_s"": -17, ""published"": ""2026-09-30T13:40:43+00:00"", ""published_to_seen_s"": 4, ""quote_ts"": ""2026-09-30T13:40:43+00:00"", ""runner_seen"": ""2026-09-30T13:40:47+00:00""}",,2.3859,15.6012,-9.5462,1,1,target,1,2026-09-30T13:41:00Z,3.18,2.3782,1.965
3d066ed17748139b,2026-09-30T09:40:00-04:00,regular,LGHL,pullback,ibkr-VBIO-BIYA-CNTB,IBKR · TWS read-only · live,live,1m,6.41,6.33,6.4,9.79,10113803.0,975.1063440030853,42.12860310421287,50000.0,verified,finviz via premarket_stars.py,0,0,REJECT,rising,0,"[{""id"": ""price"", ""kills"": true, ""reason"": ""$6.41 is outside $2.00\u201320.00."", ""state"": ""PASS"", ""value"": ""$6.41  band $2.00\u201320.00""}, {""id"": ""float"", ""kills"": false, ""reason"": """", ""state"": ""PASS"", ""value"": ""0.1M (verified)""}, {""id"": ""catalyst"", ""kills"": false, ""reason"": ""The desk has no news feed (no headline keys in .env); the gate could not be evaluated."", ""state"": ""UNKNOWN"", ""value"": ""no headline source""}, {""id"": ""pillars"", ""kills"": true, ""reason"": ""Only 4 of the Five Pillars pass (need 4); missing catalyst."", ""state"": ""PASS"", ""value"": ""4/5 \u2014 missing catalyst""}, {""id"": ""rising"", ""kills"": true, ""reason"": ""34.5% off the high \u2014 back side of the move."", ""state"": ""FAIL"", ""value"": ""34.5% off 9.79""}, {""id"": ""split"", ""kills"": false, ""reason"": ""cascade already stopped"", ""state"": ""NOT_APPLICABLE"", ""value"": ""\u2014""}, {""id"": ""instrument"", ""kills"": false, ""reason"": ""cascade already stopped"", ""state"": ""NOT_APPLICABLE"", ""value"": ""\u2014""}, {""id"": ""tick"", ""kills"": false, ""reason"": ""cascade already stopped"", ""state"": ""NOT_APPLICABLE"", ""value"": ""\u2014""}, {""id"": ""buyout"", ""kills"": false, ""reason"": ""cascade already stopped"", ""state"": ""NOT_APPLICABLE"", ""value"": ""\u2014""}]","[""Catalyst unknown \u2014 no headline source on this desk (A2: flagged, not killed).""]","{""above_ema9"": true, ""above_vwap"": false, ""buyout_announced"": false, ""catalyst_source_ok"": false, ""catalyst_today"": false, ""catalyst_verdict"": ""UNKNOWN"", ""change_pct"": 42.12860310421287, ""feed_stale"": false, ""float_is_shares_outstanding"": false, ""float_shares"": 50000.0, ""float_verified"": true, ""halted"": false, ""in_session_window"": true, ""is_fund_or_etf"": null, ""last"": 6.41, ""live_theme"": false, ""macd_positive_and_above_signal"": true, ""penny_theme"": false, ""premarket_volume"": null, ""prev_close"": null, ""rvol"": 975.1063440030853, ""session_high"": 9.79, ""session_volume"": 10113803.0, ""split_ratio_clean_integer"": null, ""symbol"": ""LGHL"", ""tick_size"": null}",6.36,6.04,7.0,0.32,2.0,1,0,SUPPRESSED,,,2026-09-30T13:40:43+00:00,29c30d884550,9623239,2026-09-30T09:41:00-04:00,,,6.36,,,0,0,untriggered,0,,6.35,5.07,5.19
94baaed1d2e2030b,2026-09-30T09:45:00-04:00,regular,VBIO,pullback,ibkr-VBIO-BIYA-CNTB,IBKR · TWS read-only · live,live,1m,3.595,3.58,3.59,4.39,36005219.0,919.7440161442767,27.031802120141357,890000.0,verified,finviz via premarket_stars.py,0,0,WAIT,,1,"[{""id"": ""price"", ""kills"": true, ""reason"": ""$3.60 is outside $2.00\u201320.00."", ""state"": ""PASS"", ""value"": ""$3.60  band $2.00\u201320.00""}, {""id"": ""float"", ""kills"": false, ""reason"": """", ""state"": ""PASS"", ""value"": ""0.9M (verified)""}, {""id"": ""catalyst"", ""kills"": false, ""reason"": ""The desk has no news feed (no headline keys in .env); the gate could not be evaluated."", ""state"": ""UNKNOWN"", ""value"": ""no headline source""}, {""id"": ""pillars"", ""kills"": true, ""reason"": ""Only 4 of the Five Pillars pass (need 4); missing catalyst."", ""state"": ""PASS"", ""value"": ""4/5 \u2014 missing catalyst""}, {""id"": ""rising"", ""kills"": true, ""reason"": ""18.1% off the high \u2014 back side of the move."", ""state"": ""PASS"", ""value"": ""18.1% off 4.39""}, {""id"": ""split"", ""kills"": false, ""reason"": """", ""state"": ""PASS"", ""value"": ""gap is not arithmetic""}, {""id"": ""instrument"", ""kills"": false, ""reason"": """", ""state"": ""UNKNOWN"", ""value"": ""\u2014""}, {""id"": ""tick"", ""kills"": false, ""reason"": """", ""state"": ""UNKNOWN"", ""value"": ""\u2014""}, {""id"": ""buyout"", ""kills"": true, ""reason"": ""Acquisition announced \u2014 the price is pinned and volatility is gone."", ""state"": ""PASS"", ""value"": ""none""}, {""id"": ""vwap"", ""kills"": false, ""reason"": """", ""state"": ""FAIL"", ""value"": ""no""}, {""id"": ""ema9"", ""kills"": false, ""reason"": """", ""state"": ""FAIL"", ""value"": ""no""}, {""id"": ""macd"", ""kills"": false, ""reason"": """", ""state"": ""FAIL"", ""value"": ""no""}, {""id"": ""tape"", ""kills"": false, ""reason"": ""No tape and no book in this tool."", ""state"": ""MANUAL_CONFIRMATION_REQUIRED"", ""value"": ""your eyes""}]","[""Catalyst unknown \u2014 no headline source on this desk (A2: flagged, not killed)."", ""Instrument type unknown \u2014 ADRs are fine, funds are not.""]","{""above_ema9"": false, ""above_vwap"": false, ""buyout_announced"": false, ""catalyst_source_ok"": false, ""catalyst_today"": false, ""catalyst_verdict"": ""UNKNOWN"", ""change_pct"": 27.031802120141357, ""feed_stale"": false, ""float_is_shares_outstanding"": false, ""float_shares"": 890000.0, ""float_verified"": true, ""halted"": false, ""in_session_window"": true, ""is_fund_or_etf"": null, ""last"": 3.595, ""live_theme"": false, ""macd_positive_and_above_signal"": false, ""penny_theme"": false, ""premarket_volume"": null, ""prev_close"": null, ""rvol"": 919.7440161442767, ""session_high"": 4.39, ""session_volume"": 36005219.0, ""split_ratio_clean_integer"": null, ""symbol"": ""VBIO"", ""tick_size"": null}",3.605,3.53,3.755,0.075,2.0,1,1,REFUSED,"[""Layer 2 not green: below VWAP; below the 9 EMA; MACD not positive and above its signal (verdict WAIT) \u2014 chart gates must all be true at entry"", ""selective (A13): stop 1.9% of price, under 2%""]",2026-09-30T13:45:12+00:00,2026-09-30T13:45:11+00:00,29c30d884550,9623239,2026-09-30T09:46:00-04:00,"{""bar_end"": ""2026-09-30T09:46:00-04:00"", ""bar_to_published_s"": -49, ""published"": ""2026-09-30T13:45:11+00:00"", ""published_to_seen_s"": 2, ""quote_ts"": ""2026-09-30T13:45:11+00:00"", ""runner_seen"": ""2026-09-30T13:45:12+00:00""}",,3.605,2.4667,-6.6,1,1,target,1,2026-09-30T13:46:00Z,3.79,3.17,3.165
355a3239c8145102,2026-09-30T09:48:00-04:00,regular,BIYA,pullback,ibkr-VBIO-BIYA-CNTB,IBKR · TWS read-only · live,live,1m,2.9601,3.04,3.05,3.18,5487292.0,189.5382000873895,44.39512195121953,2700000.0,verified,finviz via premarket_stars.py,0,0,REVIEW,,1,"[{""id"": ""price"", ""kills"": true, ""reason"": ""$2.96 is outside $2.00\u201320.00."", ""state"": ""PASS"", ""value"": ""$2.96  band $2.00\u201320.00""}, {""id"": ""float"", ""kills"": false, ""reason"": """", ""state"": ""PASS"", ""value"": ""2.7M (verified)""}, {""id"": ""catalyst"", ""kills"": false, ""reason"": ""The desk has no news feed (no headline keys in .env); the gate could not be evaluated."", ""state"": ""UNKNOWN"", ""value"": ""no headline source""}, {""id"": ""pillars"", ""kills"": true, ""reason"": ""Only 4 of the Five Pillars pass (need 4); missing catalyst."", ""state"": ""PASS"", ""value"": ""4/5 \u2014 missing catalyst""}, {""id"": ""rising"", ""kills"": true, ""reason"": ""6.9% off the high \u2014 back side of the move."", ""state"": ""PASS"", ""value"": ""6.9% off 3.18""}, {""id"": ""split"", ""kills"": false, ""reason"": """", ""state"": ""PASS"", ""value"": ""gap is not arithmetic""}, {""id"": ""instrument"", ""kills"": false, ""reason"": """", ""state"": ""UNKNOWN"", ""value"": ""\u2014""}, {""id"": ""tick"", ""kills"": false, ""reason"": """", ""state"": ""UNKNOWN"", ""value"": ""\u2014""}, {""id"": ""buyout"", ""kills"": true, ""reason"": ""Acquisition announced \u2014 the price is pinned and volatility is gone."", ""state"": ""PASS"", ""value"": ""none""}, {""id"": ""vwap"", ""kills"": false, ""reason"": """", ""state"": ""PASS"", ""value"": ""yes""}, {""id"": ""ema9"", ""kills"": false, ""reason"": """", ""state"": ""PASS"", ""value"": ""yes""}, {""id"": ""macd"", ""kills"": false, ""reason"": """", ""state"": ""PASS"", ""value"": ""yes""}, {""id"": ""tape"", ""kills"": false, ""reason"": ""No tape and no book in this tool."", ""state"": ""MANUAL_CONFIRMATION_REQUIRED"", ""value"": ""your eyes""}]","[""Catalyst unknown \u2014 no headline source on this desk (A2: flagged, not killed)."", ""Instrument type unknown \u2014 ADRs are fine, funds are not.""]","{""above_ema9"": true, ""above_vwap"": true, ""buyout_announced"": false, ""catalyst_source_ok"": false, ""catalyst_today"": false, ""catalyst_verdict"": ""UNKNOWN"", ""change_pct"": 44.39512195121953, ""feed_stale"": false, ""float_is_shares_outstanding"": false, ""float_shares"": 2700000.0, ""float_verified"": true, ""halted"": false, ""in_session_window"": true, ""is_fund_or_etf"": null, ""last"": 2.9601, ""live_theme"": false, ""macd_positive_and_above_signal"": true, ""penny_theme"": false, ""premarket_volume"": null, ""prev_close"": null, ""rvol"": 189.5382000873895, ""session_high"": 3.18, ""session_volume"": 5487292.0, ""split_ratio_clean_integer"": null, ""symbol"": ""BIYA"", ""tick_size"": null}",3.0,2.7815,3.437,0.2185,2.0,2,1,TAKEN,[],2026-09-30T13:48:17+00:00,2026-09-30T13:48:13+00:00,29c30d884550,9623239,2026-09-30T09:49:00-04:00,"{""bar_end"": ""2026-09-30T09:49:00-04:00"", ""bar_to_published_s"": -47, ""published"": ""2026-09-30T13:48:13+00:00"", ""published_to_seen_s"": 5, ""quote_ts"": ""2026-09-30T13:48:16+00:00"", ""runner_seen"": ""2026-09-30T13:48:17+00:00""}",,3.0,0.0,-5.0343,1,0,stop,1,2026-09-30T13:49:00Z,3.0,2.4,1.965
239eca03e4dec551,2026-09-30T09:48:00-04:00,regular,LGHL,pullback,ibkr-VBIO-BIYA-CNTB,IBKR · TWS read-only · live,live,1m,6.13,6.15,6.18,9.79,10280199.0,991.1491515618974,35.92017738359201,50000.0,verified,finviz via premarket_stars.py,0,0,REJECT,rising,0,"[{""id"": ""price"", ""kills"": true, ""reason"": ""$6.13 is outside $2.00\u201320.00."", ""state"": ""PASS"", ""value"": ""$6.13  band $2.00\u201320.00""}, {""id"": ""float"", ""kills"": false, ""reason"": """", ""state"": ""PASS"", ""value"": ""0.1M (verified)""}, {""id"": ""catalyst"", ""kills"": false, ""reason"": ""The desk has no news feed (no headline keys in .env); the gate could not be evaluated."", ""state"": ""UNKNOWN"", ""value"": ""no headline source""}, {""id"": ""pillars"", ""kills"": true, ""reason"": ""Only 4 of the Five Pillars pass (need 4); missing catalyst."", ""state"": ""PASS"", ""value"": ""4/5 \u2014 missing catalyst""}, {""id"": ""rising"", ""kills"": true, ""reason"": ""37.4% off the high \u2014 back side of the move."", ""state"": ""FAIL"", ""value"": ""37.4% off 9.79""}, {""id"": ""split"", ""kills"": false, ""reason"": ""cascade already stopped"", ""state"": ""NOT_APPLICABLE"", ""value"": ""\u2014""}, {""id"": ""instrument"", ""kills"": false, ""reason"": ""cascade already stopped"", ""state"": ""NOT_APPLICABLE"", ""value"": ""\u2014""}, {""id"": ""tick"", ""kills"": false, ""reason"": ""cascade already stopped"", ""state"": ""NOT_APPLICABLE"", ""value"": ""\u2014""}, {""id"": ""buyout"", ""kills"": false, ""reason"": ""cascade already stopped"", ""state"": ""NOT_APPLICABLE"", ""value"": ""\u2014""}]","[""Catalyst unknown \u2014 no headline source on this desk (A2: flagged, not killed).""]","{""above_ema9"": true, ""above_vwap"": false, ""buyout_announced"": false, ""catalyst_source_ok"": false, ""catalyst_today"": false, ""catalyst_verdict"": ""UNKNOWN"", ""change_pct"": 35.92017738359201, ""feed_stale"": false, ""float_is_shares_outstanding"": false, ""float_shares"": 50000.0, ""float_verified"": true, ""halted"": false, ""in_session_window"": true, ""is_fund_or_etf"": null, ""last"": 6.13, ""live_theme"": false, ""macd_positive_and_above_signal"": true, ""penny_theme"": false, ""premarket_volume"": null, ""prev_close"": null, ""rvol"": 991.1491515618974, ""session_high"": 9.79, ""session_volume"": 10280199.0, ""split_ratio_clean_integer"": null, ""symbol"": ""LGHL"", ""tick_size"": null}",6.24,6.09,6.54,0.15,2.0,1,1,SUPPRESSED,,,2026-09-30T13:49:03+00:00,29c30d884550,9623239,2026-09-30T09:49:00-04:00,,,6.24,0.4667,-10.7333,1,0,stop,1,2026-09-30T13:49:00Z,6.31,5.07,5.19
033d3a8cac32132e,2026-09-30T09:51:00-04:00,regular,SOTK,pullback,ibkr-VBIO-BIYA-CNTB,IBKR · TWS read-only · live,live,1m,6.27,6.25,6.34,6.38,143434.0,20.67368117613145,25.903614457831313,15716723.0,shares_outstanding_proxy,SEC shares outstanding (upper bound),0,0,REVIEW,,1,"[{""id"": ""price"", ""kills"": true, ""reason"": ""$6.27 is outside $2.00\u201320.00."", ""state"": ""PASS"", ""value"": ""$6.27  band $2.00\u201320.00""}, {""id"": ""float"", ""kills"": false, ""reason"": """", ""state"": ""PASS"", ""value"": ""15.7M (SO upper bound)""}, {""id"": ""catalyst"", ""kills"": false, ""reason"": ""The desk has no news feed (no headline keys in .env); the gate could not be evaluated."", ""state"": ""UNKNOWN"", ""value"": ""no headline source""}, {""id"": ""pillars"", ""kills"": true, ""reason"": ""Only 4 of the Five Pillars pass (need 4); missing catalyst."", ""state"": ""PASS"", ""value"": ""4/5 \u2014 missing catalyst""}, {""id"": ""rising"", ""kills"": true, ""reason"": ""1.7% off the high \u2014 back side of the move."", ""state"": ""PASS"", ""value"": ""1.7% off 6.38""}, {""id"": ""split"", ""kills"": false, ""reason"": """", ""state"": ""PASS"", ""value"": ""gap is not arithmetic""}, {""id"": ""instrument"", ""kills"": false, ""reason"": """", ""state"": ""UNKNOWN"", ""value"": ""\u2014""}, {""id"": ""tick"", ""kills"": false, ""reason"": """", ""state"": ""UNKNOWN"", ""value"": ""\u2014""}, {""id"": ""buyout"", ""kills"": true, ""reason"": ""Acquisition announced \u2014 the price is pinned and volatility is gone."", ""state"": ""PASS"", ""value"": ""none""}, {""id"": ""vwap"", ""kills"": false, ""reason"": """", ""state"": ""PASS"", ""value"": ""yes""}, {""id"": ""ema9"", ""kills"": false, ""reason"": """", ""state"": ""PASS"", ""value"": ""yes""}, {""id"": ""macd"", ""kills"": false, ""reason"": """", ""state"": ""PASS"", ""value"": ""yes""}, {""id"": ""tape"", ""kills"": false, ""reason"": ""No tape and no book in this tool."", ""state"": ""MANUAL_CONFIRMATION_REQUIRED"", ""value"": ""your eyes""}]","[""Catalyst unknown \u2014 no headline source on this desk (A2: flagged, not killed)."", ""Instrument type unknown \u2014 ADRs are fine, funds are not."", ""Session volume 0.14M is under the 1M floor \u2014 the band he measured himself losing in.""]","{""above_ema9"": true, ""above_vwap"": true, ""buyout_announced"": false, ""catalyst_source_ok"": false, ""catalyst_today"": false, ""catalyst_verdict"": ""UNKNOWN"", ""change_pct"": 25.903614457831313, ""feed_stale"": false, ""float_is_shares_outstanding"": true, ""float_shares"": 15716723, ""float_verified"": false, ""halted"": false, ""in_session_window"": true, ""is_fund_or_etf"": null, ""last"": 6.27, ""live_theme"": false, ""macd_positive_and_above_signal"": true, ""penny_theme"": false, ""premarket_volume"": null, ""prev_close"": null, ""rvol"": 20.67368117613145, ""session_high"": 6.38, ""session_volume"": 143434.0, ""split_ratio_clean_integer"": null, ""symbol"": ""SOTK"", ""tick_size"": null}",6.34,6.23,6.56,0.11,2.0,1,0,REFUSED,"[""Layer 2 not green: pullback volume was not lighter than the impulse"", ""selective (A13): stop 1.7% of price, under 2%""]",2026-09-30T13:51:20+00:00,2026-09-30T13:51:17+00:00,29c30d884550,9623239,2026-09-30T09:52:00-04:00,"{""bar_end"": ""2026-09-30T09:52:00-04:00"", ""bar_to_published_s"": -43, ""published"": ""2026-09-30T13:51:17+00:00"", ""published_to_seen_s"": 4, ""quote_ts"": ""2026-09-30T13:51:10+00:00"", ""runner_seen"": ""2026-09-30T13:51:20+00:00""}",,6.34,,,0,0,untriggered,0,,6.29,6.07,5.96
cc15f0a30940d4a2,2026-09-30T09:55:00-04:00,regular,FFR,pullback,ibkr-VBIO-BIYA-CNTB,IBKR · TWS read-only · live,live,1m,1.41,1.41,1.42,2.9399,16523033.0,176.756629831299,39.6039603960396,7100000.0,verified,finviz via premarket_stars.py,0,0,REJECT,price,0,"[{""id"": ""price"", ""kills"": true, ""reason"": ""$1.41 is outside $2.00\u201320.00."", ""state"": ""FAIL"", ""value"": ""$1.41  band $2.00\u201320.00""}, {""id"": ""float"", ""kills"": false, ""reason"": ""cascade already stopped"", ""state"": ""NOT_APPLICABLE"", ""value"": ""\u2014""}, {""id"": ""catalyst"", ""kills"": false, ""reason"": ""cascade already stopped"", ""state"": ""NOT_APPLICABLE"", ""value"": ""\u2014""}, {""id"": ""pillars"", ""kills"": false, ""reason"": ""cascade already stopped"", ""state"": ""NOT_APPLICABLE"", ""value"": ""\u2014""}, {""id"": ""rising"", ""kills"": false, ""reason"": ""cascade already stopped"", ""state"": ""NOT_APPLICABLE"", ""value"": ""\u2014""}, {""id"": ""split"", ""kills"": false, ""reason"": ""cascade already stopped"", ""state"": ""NOT_APPLICABLE"", ""value"": ""\u2014""}, {""id"": ""instrument"", ""kills"": false, ""reason"": ""cascade already stopped"", ""state"": ""NOT_APPLICABLE"", ""value"": ""\u2014""}, {""id"": ""tick"", ""kills"": false, ""reason"": ""cascade already stopped"", ""state"": ""NOT_APPLICABLE"", ""value"": ""\u2014""}, {""id"": ""buyout"", ""kills"": false, ""reason"": ""cascade already stopped"", ""state"": ""NOT_APPLICABLE"", ""value"": ""\u2014""}]",[],"{""above_ema9"": true, ""above_vwap"": false, ""buyout_announced"": false, ""catalyst_source_ok"": false, ""catalyst_today"": false, ""catalyst_verdict"": ""UNKNOWN"", ""change_pct"": 39.6039603960396, ""feed_stale"": false, ""float_is_shares_outstanding"": false, ""float_shares"": 7100000.0, ""float_verified"": true, ""halted"": false, ""in_session_window"": true, ""is_fund_or_etf"": null, ""last"": 1.41, ""live_theme"": false, ""macd_positive_and_above_signal"": false, ""penny_theme"": false, ""premarket_volume"": null, ""prev_close"": null, ""rvol"": 176.756629831299, ""session_high"": 2.9399, ""session_volume"": 16523033.0, ""split_ratio_clean_integer"": null, ""symbol"": ""FFR"", ""tick_size"": null}",1.38,1.35,1.44,0.03,2.0,4,1,SUPPRESSED,,,2026-09-30T13:55:52+00:00,29c30d884550,9623239,2026-09-30T09:56:00-04:00,,,1.38,8.0,-1.3333,1,1,target,1,2026-09-30T13:56:00Z,1.62,1.385,1.3503
a50fb043d1e5b510,2026-09-30T09:58:00-04:00,regular,CNTB,pullback,ibkr-VBIO-BIYA-CNTB,IBKR · TWS read-only · live,live,1m,1.4899,1.48,1.49,2.08,120740071.0,591.2660303810858,50.19153225806452,16970000.0,verified,finviz via premarket_stars.py,0,0,REJECT,price,0,"[{""id"": ""price"", ""kills"": true, ""reason"": ""$1.49 is outside $2.00\u201320.00."", ""state"": ""FAIL"", ""value"": ""$1.49  band $2.00\u201320.00""}, {""id"": ""float"", ""kills"": false, ""reason"": ""cascade already stopped"", ""state"": ""NOT_APPLICABLE"", ""value"": ""\u2014""}, {""id"": ""catalyst"", ""kills"": false, ""reason"": ""cascade already stopped"", ""state"": ""NOT_APPLICABLE"", ""value"": ""\u2014""}, {""id"": ""pillars"", ""kills"": false, ""reason"": ""cascade already stopped"", ""state"": ""NOT_APPLICABLE"", ""value"": ""\u2014""}, {""id"": ""rising"", ""kills"": false, ""reason"": ""cascade already stopped"", ""state"": ""NOT_APPLICABLE"", ""value"": ""\u2014""}, {""id"": ""split"", ""kills"": false, ""reason"": ""cascade already stopped"", ""state"": ""NOT_APPLICABLE"", ""value"": ""\u2014""}, {""id"": ""instrument"", ""kills"": false, ""reason"": ""cascade already stopped"", ""state"": ""NOT_APPLICABLE"", ""value"": ""\u2014""}, {""id"": ""tick"", ""kills"": false, ""reason"": ""cascade already stopped"", ""state"": ""NOT_APPLICABLE"", ""value"": ""\u2014""}, {""id"": ""buyout"", ""kills"": false, ""reason"": ""cascade already stopped"", ""state"": ""NOT_APPLICABLE"", ""value"": ""\u2014""}]",[],"{""above_ema9"": true, ""above_vwap"": false, ""buyout_announced"": false, ""catalyst_source_ok"": false, ""catalyst_today"": false, ""catalyst_verdict"": ""UNKNOWN"", ""change_pct"": 50.19153225806452, ""feed_stale"": false, ""float_is_shares_outstanding"": false, ""float_shares"": 16970000.0, ""float_verified"": true, ""halted"": false, ""in_session_window"": true, ""is_fund_or_etf"": null, ""last"": 1.4899, ""live_theme"": false, ""macd_positive_and_above_signal"": true, ""penny_theme"": false, ""premarket_volume"": null, ""prev_close"": null, ""rvol"": 591.2660303810858, ""session_high"": 2.08, ""session_volume"": 120740071.0, ""split_ratio_clean_integer"": null, ""symbol"": ""CNTB"", ""tick_size"": null}",1.49,1.45,1.57,0.04,2.0,1,1,SUPPRESSED,,,2026-09-30T13:58:22+00:00,29c30d884550,9623239,2026-09-30T09:59:00-04:00,,,1.49,0.125,-7.25,1,0,stop,1,2026-09-30T13:59:00Z,1.495,1.3,1.2559
0efa0f56d7027625,2026-09-30T10:03:00-04:00,regular,LGHL,pullback,ibkr-VBIO-BIYA-CNTB,IBKR · TWS read-only · live,live,1m,5.37,5.37,5.38,9.79,10592960.0,942.9375111269361,19.06873614190687,50000.0,verified,finviz via premarket_stars.py,0,0,REJECT,rising,0,"[{""id"": ""price"", ""kills"": true, ""reason"": ""$5.37 is outside $2.00\u201320.00."", ""state"": ""PASS"", ""value"": ""$5.37  band $2.00\u201320.00""}, {""id"": ""float"", ""kills"": false, ""reason"": """", ""state"": ""PASS"", ""value"": ""0.1M (verified)""}, {""id"": ""catalyst"", ""kills"": false, ""reason"": ""The desk has no news feed (no headline keys in .env); the gate could not be evaluated."", ""state"": ""UNKNOWN"", ""value"": ""no headline source""}, {""id"": ""pillars"", ""kills"": true, ""reason"": ""Only 4 of the Five Pillars pass (need 4); missing catalyst."", ""state"": ""PASS"", ""value"": ""4/5 \u2014 missing catalyst""}, {""id"": ""rising"", ""kills"": true, ""reason"": ""45.1% off the high \u2014 back side of the move."", ""state"": ""FAIL"", ""value"": ""45.1% off 9.79""}, {""id"": ""split"", ""kills"": false, ""reason"": ""cascade already stopped"", ""state"": ""NOT_APPLICABLE"", ""value"": ""\u2014""}, {""id"": ""instrument"", ""kills"": false, ""reason"": ""cascade already stopped"", ""state"": ""NOT_APPLICABLE"", ""value"": ""\u2014""}, {""id"": ""tick"", ""kills"": false, ""reason"": ""cascade already stopped"", ""state"": ""NOT_APPLICABLE"", ""value"": ""\u2014""}, {""id"": ""buyout"", ""kills"": false, ""reason"": ""cascade already stopped"", ""state"": ""NOT_APPLICABLE"", ""value"": ""\u2014""}]","[""Catalyst unknown \u2014 no headline source on this desk (A2: flagged, not killed).""]","{""above_ema9"": true, ""above_vwap"": false, ""buyout_announced"": false, ""catalyst_source_ok"": false, ""catalyst_today"": false, ""catalyst_verdict"": ""UNKNOWN"", ""change_pct"": 19.06873614190687, ""feed_stale"": false, ""float_is_shares_outstanding"": false, ""float_shares"": 50000.0, ""float_verified"": true, ""halted"": false, ""in_session_window"": true, ""is_fund_or_etf"": null, ""last"": 5.37, ""live_theme"": false, ""macd_positive_and_above_signal"": false, ""penny_theme"": false, ""premarket_volume"": null, ""prev_close"": null, ""rvol"": 942.9375111269361, ""session_high"": 9.79, ""session_volume"": 10592960.0, ""split_ratio_clean_integer"": null, ""symbol"": ""LGHL"", ""tick_size"": null}",5.32,5.17,5.62,0.15,2.0,1,1,SUPPRESSED,,,2026-09-30T14:03:44+00:00,29c30d884550,9623239,2026-09-30T10:04:00-04:00,,,5.32,3.5333,-4.6,1,1,stop,1,2026-09-30T14:04:00Z,5.85,5.1,5.19
1fc53dc62e422c2f,2026-09-30T10:11:00-04:00,regular,FFR,pullback,ibkr-VBIO-BIYA-CNTB,IBKR · TWS read-only · live,live,1m,1.48,1.52,1.53,2.9399,17954899.0,142.07522789137178,46.53465346534653,7100000.0,verified,finviz via premarket_stars.py,0,0,REJECT,price,0,"[{""id"": ""price"", ""kills"": true, ""reason"": ""$1.48 is outside $2.00\u201320.00."", ""state"": ""FAIL"", ""value"": ""$1.48  band $2.00\u201320.00""}, {""id"": ""float"", ""kills"": false, ""reason"": ""cascade already stopped"", ""state"": ""NOT_APPLICABLE"", ""value"": ""\u2014""}, {""id"": ""catalyst"", ""kills"": false, ""reason"": ""cascade already stopped"", ""state"": ""NOT_APPLICABLE"", ""value"": ""\u2014""}, {""id"": ""pillars"", ""kills"": false, ""reason"": ""cascade already stopped"", ""state"": ""NOT_APPLICABLE"", ""value"": ""\u2014""}, {""id"": ""rising"", ""kills"": false, ""reason"": ""cascade already stopped"", ""state"": ""NOT_APPLICABLE"", ""value"": ""\u2014""}, {""id"": ""split"", ""kills"": false, ""reason"": ""cascade already stopped"", ""state"": ""NOT_APPLICABLE"", ""value"": ""\u2014""}, {""id"": ""instrument"", ""kills"": false, ""reason"": ""cascade already stopped"", ""state"": ""NOT_APPLICABLE"", ""value"": ""\u2014""}, {""id"": ""tick"", ""kills"": false, ""reason"": ""cascade already stopped"", ""state"": ""NOT_APPLICABLE"", ""value"": ""\u2014""}, {""id"": ""buyout"", ""kills"": false, ""reason"": ""cascade already stopped"", ""state"": ""NOT_APPLICABLE"", ""value"": ""\u2014""}]",[],"{""above_ema9"": true, ""above_vwap"": false, ""buyout_announced"": false, ""catalyst_source_ok"": false, ""catalyst_today"": false, ""catalyst_verdict"": ""UNKNOWN"", ""change_pct"": 46.53465346534653, ""feed_stale"": false, ""float_is_shares_outstanding"": false, ""float_shares"": 7100000.0, ""float_verified"": true, ""halted"": false, ""in_session_window"": true, ""is_fund_or_etf"": null, ""last"": 1.48, ""live_theme"": false, ""macd_positive_and_above_signal"": true, ""penny_theme"": false, ""premarket_volume"": null, ""prev_close"": null, ""rvol"": 142.07522789137178, ""session_high"": 2.9399, ""session_volume"": 17954899.0, ""split_ratio_clean_integer"": null, ""symbol"": ""FFR"", ""tick_size"": null}",1.48,1.41,1.62,0.07,2.0,3,1,SUPPRESSED,,,2026-09-30T14:11:13+00:00,29c30d884550,9623239,2026-09-30T10:12:00-04:00,,,1.48,2.0,-2.0,1,1,target,1,2026-09-30T14:12:00Z,1.62,1.37,1.3503
e90c72772050c63d,2026-09-30T10:14:00-04:00,regular,VBIO,pullback,ibkr-VBIO-BIYA-CNTB,IBKR · TWS read-only · live,live,1m,3.37,3.36,3.37,4.39,40401252.0,672.5919291469668,19.081272084805654,890000.0,verified,finviz via premarket_stars.py,0,0,WAIT,,1,"[{""id"": ""price"", ""kills"": true, ""reason"": ""$3.37 is outside $2.00\u201320.00."", ""state"": ""PASS"", ""value"": ""$3.37  band $2.00\u201320.00""}, {""id"": ""float"", ""kills"": false, ""reason"": """", ""state"": ""PASS"", ""value"": ""0.9M (verified)""}, {""id"": ""catalyst"", ""kills"": false, ""reason"": ""The desk has no news feed (no headline keys in .env); the gate could not be evaluated."", ""state"": ""UNKNOWN"", ""value"": ""no headline source""}, {""id"": ""pillars"", ""kills"": true, ""reason"": ""Only 4 of the Five Pillars pass (need 4); missing catalyst."", ""state"": ""PASS"", ""value"": ""4/5 \u2014 missing catalyst""}, {""id"": ""rising"", ""kills"": true, ""reason"": ""23.2% off the high \u2014 back side of the move."", ""state"": ""PASS"", ""value"": ""23.2% off 4.39""}, {""id"": ""split"", ""kills"": false, ""reason"": """", ""state"": ""PASS"", ""value"": ""gap is not arithmetic""}, {""id"": ""instrument"", ""kills"": false, ""reason"": """", ""state"": ""UNKNOWN"", ""value"": ""\u2014""}, {""id"": ""tick"", ""kills"": false, ""reason"": """", ""state"": ""UNKNOWN"", ""value"": ""\u2014""}, {""id"": ""buyout"", ""kills"": true, ""reason"": ""Acquisition announced \u2014 the price is pinned and volatility is gone."", ""state"": ""PASS"", ""value"": ""none""}, {""id"": ""vwap"", ""kills"": false, ""reason"": """", ""state"": ""FAIL"", ""value"": ""no""}, {""id"": ""ema9"", ""kills"": false, ""reason"": """", ""state"": ""PASS"", ""value"": ""yes""}, {""id"": ""macd"", ""kills"": false, ""reason"": """", ""state"": ""PASS"", ""value"": ""yes""}, {""id"": ""tape"", ""kills"": false, ""reason"": ""No tape and no book in this tool."", ""state"": ""MANUAL_CONFIRMATION_REQUIRED"", ""value"": ""your eyes""}]","[""Catalyst unknown \u2014 no headline source on this desk (A2: flagged, not killed)."", ""Instrument type unknown \u2014 ADRs are fine, funds are not.""]","{""above_ema9"": true, ""above_vwap"": false, ""buyout_announced"": false, ""catalyst_source_ok"": false, ""catalyst_today"": false, ""catalyst_verdict"": ""UNKNOWN"", ""change_pct"": 19.081272084805654, ""feed_stale"": false, ""float_is_shares_outstanding"": false, ""float_shares"": 890000.0, ""float_verified"": true, ""halted"": false, ""in_session_window"": true, ""is_fund_or_etf"": null, ""last"": 3.37, ""live_theme"": false, ""macd_positive_and_above_signal"": true, ""penny_theme"": false, ""premarket_volume"": null, ""prev_close"": null, ""rvol"": 672.5919291469668, ""session_high"": 4.39, ""session_volume"": 40401252.0, ""split_ratio_clean_integer"": null, ""symbol"": ""VBIO"", ""tick_size"": null}",3.37,3.3156,3.4788,0.0544,2.0,2,1,REFUSED,"[""Layer 2 not green: below VWAP (verdict WAIT) \u2014 chart gates must all be true at entry"", ""selective (A13): stop 1.5% of price, under 2%""]",2026-09-30T14:14:15+00:00,2026-09-30T14:14:10+00:00,29c30d884550,9623239,2026-09-30T10:15:00-04:00,"{""bar_end"": ""2026-09-30T10:15:00-04:00"", ""bar_to_published_s"": -50, ""published"": ""2026-09-30T14:14:10+00:00"", ""published_to_seen_s"": 5, ""quote_ts"": ""2026-09-30T14:14:13+00:00"", ""runner_seen"": ""2026-09-30T14:14:15+00:00""}",,3.37,4.0441,-4.7794,1,1,stop,1,2026-09-30T14:15:00Z,3.59,3.26,3.165
b2e471857f1c6fc5,2026-09-30T10:14:00-04:00,regular,LGHL,pullback,ibkr-VBIO-BIYA-CNTB,IBKR · TWS read-only · live,live,1m,5.29,5.25,5.3,9.79,10730253.0,755.8112981615834,17.294900221729502,50000.0,verified,finviz via premarket_stars.py,0,0,REJECT,rising,0,"[{""id"": ""price"", ""kills"": true, ""reason"": ""$5.29 is outside $2.00\u201320.00."", ""state"": ""PASS"", ""value"": ""$5.29  band $2.00\u201320.00""}, {""id"": ""float"", ""kills"": false, ""reason"": """", ""state"": ""PASS"", ""value"": ""0.1M (verified)""}, {""id"": ""catalyst"", ""kills"": false, ""reason"": ""The desk has no news feed (no headline keys in .env); the gate could not be evaluated."", ""state"": ""UNKNOWN"", ""value"": ""no headline source""}, {""id"": ""pillars"", ""kills"": true, ""reason"": ""Only 4 of the Five Pillars pass (need 4); missing catalyst."", ""state"": ""PASS"", ""value"": ""4/5 \u2014 missing catalyst""}, {""id"": ""rising"", ""kills"": true, ""reason"": ""46.0% off the high \u2014 back side of the move."", ""state"": ""FAIL"", ""value"": ""46.0% off 9.79""}, {""id"": ""split"", ""kills"": false, ""reason"": ""cascade already stopped"", ""state"": ""NOT_APPLICABLE"", ""value"": ""\u2014""}, {""id"": ""instrument"", ""kills"": false, ""reason"": ""cascade already stopped"", ""state"": ""NOT_APPLICABLE"", ""value"": ""\u2014""}, {""id"": ""tick"", ""kills"": false, ""reason"": ""cascade already stopped"", ""state"": ""NOT_APPLICABLE"", ""value"": ""\u2014""}, {""id"": ""buyout"", ""kills"": false, ""reason"": ""cascade already stopped"", ""state"": ""NOT_APPLICABLE"", ""value"": ""\u2014""}]","[""Catalyst unknown \u2014 no headline source on this desk (A2: flagged, not killed).""]","{""above_ema9"": true, ""above_vwap"": false, ""buyout_announced"": false, ""catalyst_source_ok"": false, ""catalyst_today"": false, ""catalyst_verdict"": ""UNKNOWN"", ""change_pct"": 17.294900221729502, ""feed_stale"": false, ""float_is_shares_outstanding"": false, ""float_shares"": 50000.0, ""float_verified"": true, ""halted"": false, ""in_session_window"": true, ""is_fund_or_etf"": null, ""last"": 5.29, ""live_theme"": false, ""macd_positive_and_above_signal"": true, ""penny_theme"": false, ""premarket_volume"": null, ""prev_close"": null, ""rvol"": 755.8112981615834, ""session_high"": 9.79, ""session_volume"": 10730253.0, ""split_ratio_clean_integer"": null, ""symbol"": ""LGHL"", ""tick_size"": null}",5.26,5.16,5.46,0.1,2.0,3,1,SUPPRESSED,,,2026-09-30T14:14:31+00:00,29c30d884550,9623239,2026-09-30T10:15:00-04:00,,,5.26,5.9,-6.3,1,1,target,1,2026-09-30T14:15:00Z,5.85,4.72,5.19
2ca82cb813ff5561,2026-09-30T10:24:00-04:00,regular,VBIO,pullback,ibkr-VBIO-BIYA-CNTB,IBKR · TWS read-only · live,live,1m,3.37,3.37,3.38,4.39,41238579.0,657.0733257914948,19.081272084805654,890000.0,verified,finviz via premarket_stars.py,0,0,WAIT,,1,"[{""id"": ""price"", ""kills"": true, ""reason"": ""$3.37 is outside $2.00\u201320.00."", ""state"": ""PASS"", ""value"": ""$3.37  band $2.00\u201320.00""}, {""id"": ""float"", ""kills"": false, ""reason"": """", ""state"": ""PASS"", ""value"": ""0.9M (verified)""}, {""id"": ""catalyst"", ""kills"": false, ""reason"": ""The desk has no news feed (no headline keys in .env); the gate could not be evaluated."", ""state"": ""UNKNOWN"", ""value"": ""no headline source""}, {""id"": ""pillars"", ""kills"": true, ""reason"": ""Only 4 of the Five Pillars pass (need 4); missing catalyst."", ""state"": ""PASS"", ""value"": ""4/5 \u2014 missing catalyst""}, {""id"": ""rising"", ""kills"": true, ""reason"": ""23.2% off the high \u2014 back side of the move."", ""state"": ""PASS"", ""value"": ""23.2% off 4.39""}, {""id"": ""split"", ""kills"": false, ""reason"": """", ""state"": ""PASS"", ""value"": ""gap is not arithmetic""}, {""id"": ""instrument"", ""kills"": false, ""reason"": """", ""state"": ""UNKNOWN"", ""value"": ""\u2014""}, {""id"": ""tick"", ""kills"": false, ""reason"": """", ""state"": ""UNKNOWN"", ""value"": ""\u2014""}, {""id"": ""buyout"", ""kills"": true, ""reason"": ""Acquisition announced \u2014 the price is pinned and volatility is gone."", ""state"": ""PASS"", ""value"": ""none""}, {""id"": ""vwap"", ""kills"": false, ""reason"": """", ""state"": ""FAIL"", ""value"": ""no""}, {""id"": ""ema9"", ""kills"": false, ""reason"": """", ""state"": ""PASS"", ""value"": ""yes""}, {""id"": ""macd"", ""kills"": false, ""reason"": """", ""state"": ""PASS"", ""value"": ""yes""}, {""id"": ""tape"", ""kills"": false, ""reason"": ""No tape and no book in this tool."", ""state"": ""MANUAL_CONFIRMATION_REQUIRED"", ""value"": ""your eyes""}]","[""Catalyst unknown \u2014 no headline source on this desk (A2: flagged, not killed)."", ""Instrument type unknown \u2014 ADRs are fine, funds are not.""]","{""above_ema9"": true, ""above_vwap"": false, ""buyout_announced"": false, ""catalyst_source_ok"": false, ""catalyst_today"": false, ""catalyst_verdict"": ""UNKNOWN"", ""change_pct"": 19.081272084805654, ""feed_stale"": false, ""float_is_shares_outstanding"": false, ""float_shares"": 890000.0, ""float_verified"": true, ""halted"": false, ""in_session_window"": true, ""is_fund_or_etf"": null, ""last"": 3.37, ""live_theme"": false, ""macd_positive_and_above_signal"": true, ""penny_theme"": false, ""premarket_volume"": null, ""prev_close"": null, ""rvol"": 657.0733257914948, ""session_high"": 4.39, ""session_volume"": 41238579.0, ""split_ratio_clean_integer"": null, ""symbol"": ""VBIO"", ""tick_size"": null}",3.37,3.33,3.45,0.04,2.0,3,1,REFUSED,"[""Layer 2 not green: below VWAP (verdict WAIT) \u2014 chart gates must all be true at entry"", ""selective (A13): stop 1.2% of price, under 2%""]",2026-09-30T14:24:15+00:00,2026-09-30T14:24:12+00:00,29c30d884550,9623239,2026-09-30T10:25:00-04:00,"{""bar_end"": ""2026-09-30T10:25:00-04:00"", ""bar_to_published_s"": -48, ""published"": ""2026-09-30T14:24:12+00:00"", ""published_to_seen_s"": 4, ""quote_ts"": ""2026-09-30T14:24:11+00:00"", ""runner_seen"": ""2026-09-30T14:24:15+00:00""}",,3.37,3.2525,-6.5,1,1,stop,1,2026-09-30T14:34:00Z,3.5001,3.26,3.165
99d52547cb0fafe4,2026-09-30T10:24:00-04:00,regular,LGHL,pullback,ibkr-VBIO-BIYA-CNTB,IBKR · TWS read-only · live,live,1m,5.5,5.48,5.53,9.79,10842214.0,575.6112762794648,21.95121951219512,50000.0,verified,finviz via premarket_stars.py,0,0,REJECT,rising,0,"[{""id"": ""price"", ""kills"": true, ""reason"": ""$5.50 is outside $2.00\u201320.00."", ""state"": ""PASS"", ""value"": ""$5.50  band $2.00\u201320.00""}, {""id"": ""float"", ""kills"": false, ""reason"": """", ""state"": ""PASS"", ""value"": ""0.1M (verified)""}, {""id"": ""catalyst"", ""kills"": false, ""reason"": ""The desk has no news feed (no headline keys in .env); the gate could not be evaluated."", ""state"": ""UNKNOWN"", ""value"": ""no headline source""}, {""id"": ""pillars"", ""kills"": true, ""reason"": ""Only 4 of the Five Pillars pass (need 4); missing catalyst."", ""state"": ""PASS"", ""value"": ""4/5 \u2014 missing catalyst""}, {""id"": ""rising"", ""kills"": true, ""reason"": ""43.8% off the high \u2014 back side of the move."", ""state"": ""FAIL"", ""value"": ""43.8% off 9.79""}, {""id"": ""split"", ""kills"": false, ""reason"": ""cascade already stopped"", ""state"": ""NOT_APPLICABLE"", ""value"": ""\u2014""}, {""id"": ""instrument"", ""kills"": false, ""reason"": ""cascade already stopped"", ""state"": ""NOT_APPLICABLE"", ""value"": ""\u2014""}, {""id"": ""tick"", ""kills"": false, ""reason"": ""cascade already stopped"", ""state"": ""NOT_APPLICABLE"", ""value"": ""\u2014""}, {""id"": ""buyout"", ""kills"": false, ""reason"": ""cascade already stopped"", ""state"": ""NOT_APPLICABLE"", ""value"": ""\u2014""}]","[""Catalyst unknown \u2014 no headline source on this desk (A2: flagged, not killed).""]","{""above_ema9"": true, ""above_vwap"": false, ""buyout_announced"": false, ""catalyst_source_ok"": false, ""catalyst_today"": false, ""catalyst_verdict"": ""UNKNOWN"", ""change_pct"": 21.95121951219512, ""feed_stale"": false, ""float_is_shares_outstanding"": false, ""float_shares"": 50000.0, ""float_verified"": true, ""halted"": false, ""in_session_window"": true, ""is_fund_or_etf"": null, ""last"": 5.5, ""live_theme"": false, ""macd_positive_and_above_signal"": true, ""penny_theme"": false, ""premarket_volume"": null, ""prev_close"": null, ""rvol"": 575.6112762794648, ""session_high"": 9.79, ""session_volume"": 10842214.0, ""split_ratio_clean_integer"": null, ""symbol"": ""LGHL"", ""tick_size"": null}",5.51,5.46,5.61,0.05,2.0,3,1,SUPPRESSED,,,2026-09-30T14:24:12+00:00,29c30d884550,9623239,2026-09-30T10:25:00-04:00,,,5.51,6.8,-17.6,1,1,target,1,2026-09-30T14:27:00Z,5.85,4.72,5.19
fbbd25752f357a76,2026-09-30T10:24:00-04:00,regular,WETO,pullback,ibkr-VBIO-BIYA-CNTB,IBKR · TWS read-only · live,live,1m,1.2397,1.23,1.24,1.64,6279495.0,11.728429534112303,12.7,910000.0,verified,finviz via premarket_stars.py,0,0,REJECT,price,0,"[{""id"": ""price"", ""kills"": true, ""reason"": ""$1.24 is outside $2.00\u201320.00."", ""state"": ""FAIL"", ""value"": ""$1.24  band $2.00\u201320.00""}, {""id"": ""float"", ""kills"": false, ""reason"": ""cascade already stopped"", ""state"": ""NOT_APPLICABLE"", ""value"": ""\u2014""}, {""id"": ""catalyst"", ""kills"": false, ""reason"": ""cascade already stopped"", ""state"": ""NOT_APPLICABLE"", ""value"": ""\u2014""}, {""id"": ""pillars"", ""kills"": false, ""reason"": ""cascade already stopped"", ""state"": ""NOT_APPLICABLE"", ""value"": ""\u2014""}, {""id"": ""rising"", ""kills"": false, ""reason"": ""cascade already stopped"", ""state"": ""NOT_APPLICABLE"", ""value"": ""\u2014""}, {""id"": ""split"", ""kills"": false, ""reason"": ""cascade already stopped"", ""state"": ""NOT_APPLICABLE"", ""value"": ""\u2014""}, {""id"": ""instrument"", ""kills"": false, ""reason"": ""cascade already stopped"", ""state"": ""NOT_APPLICABLE"", ""value"": ""\u2014""}, {""id"": ""tick"", ""kills"": false, ""reason"": ""cascade already stopped"", ""state"": ""NOT_APPLICABLE"", ""value"": ""\u2014""}, {""id"": ""buyout"", ""kills"": false, ""reason"": ""cascade already stopped"", ""state"": ""NOT_APPLICABLE"", ""value"": ""\u2014""}]",[],"{""above_ema9"": true, ""above_vwap"": false, ""buyout_announced"": false, ""catalyst_source_ok"": false, ""catalyst_today"": false, ""catalyst_verdict"": ""UNKNOWN"", ""change_pct"": 12.7, ""feed_stale"": false, ""float_is_shares_outstanding"": false, ""float_shares"": 910000.0, ""float_verified"": true, ""halted"": false, ""in_session_window"": true, ""is_fund_or_etf"": null, ""last"": 1.2397, ""live_theme"": false, ""macd_positive_and_above_signal"": true, ""penny_theme"": false, ""premarket_volume"": null, ""prev_close"": null, ""rvol"": 11.728429534112303, ""session_high"": 1.64, ""session_volume"": 6279495.0, ""split_ratio_clean_integer"": null, ""symbol"": ""WETO"", ""tick_size"": null}",1.2416,1.22,1.2848,0.0216,2.0,2,1,SUPPRESSED,,,2026-09-30T14:24:21+00:00,29c30d884550,9623239,2026-09-30T10:25:00-04:00,,,1.2416,,,0,0,untriggered,0,,1.2392,1.15,1.1395
fb9e8c746e51e65f,2026-09-30T10:26:00-04:00,regular,CNTB,pullback,ibkr-VBIO-BIYA-CNTB,IBKR · TWS read-only · live,live,1m,1.375,1.37,1.38,2.08,131170152.0,442.0805160577127,38.60887096774193,16970000.0,verified,finviz via premarket_stars.py,0,0,REJECT,price,0,"[{""id"": ""price"", ""kills"": true, ""reason"": ""$1.38 is outside $2.00\u201320.00."", ""state"": ""FAIL"", ""value"": ""$1.38  band $2.00\u201320.00""}, {""id"": ""float"", ""kills"": false, ""reason"": ""cascade already stopped"", ""state"": ""NOT_APPLICABLE"", ""value"": ""\u2014""}, {""id"": ""catalyst"", ""kills"": false, ""reason"": ""cascade already stopped"", ""state"": ""NOT_APPLICABLE"", ""value"": ""\u2014""}, {""id"": ""pillars"", ""kills"": false, ""reason"": ""cascade already stopped"", ""state"": ""NOT_APPLICABLE"", ""value"": ""\u2014""}, {""id"": ""rising"", ""kills"": false, ""reason"": ""cascade already stopped"", ""state"": ""NOT_APPLICABLE"", ""value"": ""\u2014""}, {""id"": ""split"", ""kills"": false, ""reason"": ""cascade already stopped"", ""state"": ""NOT_APPLICABLE"", ""value"": ""\u2014""}, {""id"": ""instrument"", ""kills"": false, ""reason"": ""cascade already stopped"", ""state"": ""NOT_APPLICABLE"", ""value"": ""\u2014""}, {""id"": ""tick"", ""kills"": false, ""reason"": ""cascade already stopped"", ""state"": ""NOT_APPLICABLE"", ""value"": ""\u2014""}, {""id"": ""buyout"", ""kills"": false, ""reason"": ""cascade already stopped"", ""state"": ""NOT_APPLICABLE"", ""value"": ""\u2014""}]",[],"{""above_ema9"": true, ""above_vwap"": false, ""buyout_announced"": false, ""catalyst_source_ok"": false, ""catalyst_today"": false, ""catalyst_verdict"": ""UNKNOWN"", ""change_pct"": 38.60887096774193, ""feed_stale"": false, ""float_is_shares_outstanding"": false, ""float_shares"": 16970000.0, ""float_verified"": true, ""halted"": false, ""in_session_window"": true, ""is_fund_or_etf"": null, ""last"": 1.375, ""live_theme"": false, ""macd_positive_and_above_signal"": true, ""penny_theme"": false, ""premarket_volume"": null, ""prev_close"": null, ""rvol"": 442.0805160577127, ""session_high"": 2.08, ""session_volume"": 131170152.0, ""split_ratio_clean_integer"": null, ""symbol"": ""CNTB"", ""tick_size"": null}",1.38,1.34,1.46,0.04,2.0,2,1,SUPPRESSED,,,2026-09-30T14:26:42+00:00,29c30d884550,9623239,2026-09-30T10:27:00-04:00,,,1.38,0.25,-4.5,1,0,stop,1,2026-09-30T14:27:00Z,1.39,1.2,1.2559
b38439517e4fcc76,2026-09-30T10:33:00-04:00,regular,VBIO,pullback,ibkr-VBIO-BIYA-CNTB,IBKR · TWS read-only · live,live,1m,3.3599,3.34,3.35,4.39,41620360.0,656.1517239204805,18.7243816254417,890000.0,verified,finviz via premarket_stars.py,0,0,WAIT,,1,"[{""id"": ""price"", ""kills"": true, ""reason"": ""$3.36 is outside $2.00\u201320.00."", ""state"": ""PASS"", ""value"": ""$3.36  band $2.00\u201320.00""}, {""id"": ""float"", ""kills"": false, ""reason"": """", ""state"": ""PASS"", ""value"": ""0.9M (verified)""}, {""id"": ""catalyst"", ""kills"": false, ""reason"": ""The desk has no news feed (no headline keys in .env); the gate could not be evaluated."", ""state"": ""UNKNOWN"", ""value"": ""no headline source""}, {""id"": ""pillars"", ""kills"": true, ""reason"": ""Only 4 of the Five Pillars pass (need 4); missing catalyst."", ""state"": ""PASS"", ""value"": ""4/5 \u2014 missing catalyst""}, {""id"": ""rising"", ""kills"": true, ""reason"": ""23.5% off the high \u2014 back side of the move."", ""state"": ""PASS"", ""value"": ""23.5% off 4.39""}, {""id"": ""split"", ""kills"": false, ""reason"": """", ""state"": ""PASS"", ""value"": ""gap is not arithmetic""}, {""id"": ""instrument"", ""kills"": false, ""reason"": """", ""state"": ""UNKNOWN"", ""value"": ""\u2014""}, {""id"": ""tick"", ""kills"": false, ""reason"": """", ""state"": ""UNKNOWN"", ""value"": ""\u2014""}, {""id"": ""buyout"", ""kills"": true, ""reason"": ""Acquisition announced \u2014 the price is pinned and volatility is gone."", ""state"": ""PASS"", ""value"": ""none""}, {""id"": ""vwap"", ""kills"": false, ""reason"": """", ""state"": ""FAIL"", ""value"": ""no""}, {""id"": ""ema9"", ""kills"": false, ""reason"": """", ""state"": ""PASS"", ""value"": ""yes""}, {""id"": ""macd"", ""kills"": false, ""reason"": """", ""state"": ""PASS"", ""value"": ""yes""}, {""id"": ""tape"", ""kills"": false, ""reason"": ""No tape and no book in this tool."", ""state"": ""MANUAL_CONFIRMATION_REQUIRED"", ""value"": ""your eyes""}]","[""Catalyst unknown \u2014 no headline source on this desk (A2: flagged, not killed)."", ""Instrument type unknown \u2014 ADRs are fine, funds are not.""]","{""above_ema9"": true, ""above_vwap"": false, ""buyout_announced"": false, ""catalyst_source_ok"": false, ""catalyst_today"": false, ""catalyst_verdict"": ""UNKNOWN"", ""change_pct"": 18.7243816254417, ""feed_stale"": false, ""float_is_shares_outstanding"": false, ""float_shares"": 890000.0, ""float_verified"": true, ""halted"": false, ""in_session_window"": true, ""is_fund_or_etf"": null, ""last"": 3.3599, ""live_theme"": false, ""macd_positive_and_above_signal"": true, ""penny_theme"": false, ""premarket_volume"": null, ""prev_close"": null, ""rvol"": 656.1517239204805, ""session_high"": 4.39, ""session_volume"": 41620360.0, ""split_ratio_clean_integer"": null, ""symbol"": ""VBIO"", ""tick_size"": null}",3.35,3.3,3.45,0.05,2.0,1,1,REFUSED,"[""Layer 2 not green: below VWAP (verdict WAIT) \u2014 chart gates must all be true at entry"", ""selective (A13): stop 1.5% of price, under 2%""]",2026-09-30T14:34:37+00:00,2026-09-30T14:34:32+00:00,29c30d884550,9623239,2026-09-30T10:34:00-04:00,"{""bar_end"": ""2026-09-30T10:34:00-04:00"", ""bar_to_published_s"": 32, ""published"": ""2026-09-30T14:34:32+00:00"", ""published_to_seen_s"": 5, ""quote_ts"": ""2026-09-30T14:34:25+00:00"", ""runner_seen"": ""2026-09-30T14:34:37+00:00""}",,3.35,3.002,-4.8,1,1,target,1,2026-09-30T14:34:00Z,3.5001,3.3,3.165
c94e48ebdc01e9a9,2026-09-30T10:40:00-04:00,regular,BIYA,pullback,ibkr-VBIO-BIYA-CNTB,IBKR · TWS read-only · live,live,1m,2.02,2.01,2.03,3.18,9023952.0,1564.2142485699428,-1.4634146341463317,2700000.0,verified,finviz via premarket_stars.py,0,0,REJECT,pillars,0,"[{""id"": ""price"", ""kills"": true, ""reason"": ""$2.02 is outside $2.00\u201320.00."", ""state"": ""PASS"", ""value"": ""$2.02  band $2.00\u201320.00""}, {""id"": ""float"", ""kills"": false, ""reason"": """", ""state"": ""PASS"", ""value"": ""2.7M (verified)""}, {""id"": ""catalyst"", ""kills"": false, ""reason"": ""The desk has no news feed (no headline keys in .env); the gate could not be evaluated."", ""state"": ""UNKNOWN"", ""value"": ""no headline source""}, {""id"": ""pillars"", ""kills"": true, ""reason"": ""Only 3 of the Five Pillars pass (need 4); missing gain, catalyst."", ""state"": ""FAIL"", ""value"": ""3/5 \u2014 missing gain, catalyst""}, {""id"": ""rising"", ""kills"": false, ""reason"": ""cascade already stopped"", ""state"": ""NOT_APPLICABLE"", ""value"": ""\u2014""}, {""id"": ""split"", ""kills"": false, ""reason"": ""cascade already stopped"", ""state"": ""NOT_APPLICABLE"", ""value"": ""\u2014""}, {""id"": ""instrument"", ""kills"": false, ""reason"": ""cascade already stopped"", ""state"": ""NOT_APPLICABLE"", ""value"": ""\u2014""}, {""id"": ""tick"", ""kills"": false, ""reason"": ""cascade already stopped"", ""state"": ""NOT_APPLICABLE"", ""value"": ""\u2014""}, {""id"": ""buyout"", ""kills"": false, ""reason"": ""cascade already stopped"", ""state"": ""NOT_APPLICABLE"", ""value"": ""\u2014""}]","[""Catalyst unknown \u2014 no headline source on this desk (A2: flagged, not killed).""]","{""above_ema9"": false, ""above_vwap"": false, ""buyout_announced"": false, ""catalyst_source_ok"": false, ""catalyst_today"": false, ""catalyst_verdict"": ""UNKNOWN"", ""change_pct"": -1.4634146341463317, ""feed_stale"": false, ""float_is_shares_outstanding"": false, ""float_shares"": 2700000.0, ""float_verified"": true, ""halted"": false, ""in_session_window"": true, ""is_fund_or_etf"": null, ""last"": 2.02, ""live_theme"": false, ""macd_positive_and_above_signal"": false, ""penny_theme"": false, ""premarket_volume"": null, ""prev_close"": null, ""rvol"": 1564.2142485699428, ""session_high"": 3.18, ""session_volume"": 9023952.0, ""split_ratio_clean_integer"": null, ""symbol"": ""BIYA"", ""tick_size"": null}",2.02,1.97,2.12,0.05,2.0,2,1,SUPPRESSED,,,2026-09-30T14:40:51+00:00,29c30d884550,9623239,2026-09-30T10:41:00-04:00,,,2.02,1.2,-1.8,1,0,stop,1,2026-09-30T14:41:00Z,2.08,1.95,1.965
608eb524d0141c3c,2026-09-30T10:55:00-04:00,regular,FFR,pullback,ibkr-VBIO-BIYA-CNTB,IBKR · TWS read-only · live,live,1m,1.4,1.39,1.4,2.9399,22114040.0,119.15277433537722,38.6138613861386,7100000.0,verified,finviz via premarket_stars.py,0,0,REJECT,price,0,"[{""id"": ""price"", ""kills"": true, ""reason"": ""$1.40 is outside $2.00\u201320.00."", ""state"": ""FAIL"", ""value"": ""$1.40  band $2.00\u201320.00""}, {""id"": ""float"", ""kills"": false, ""reason"": ""cascade already stopped"", ""state"": ""NOT_APPLICABLE"", ""value"": ""\u2014""}, {""id"": ""catalyst"", ""kills"": false, ""reason"": ""cascade already stopped"", ""state"": ""NOT_APPLICABLE"", ""value"": ""\u2014""}, {""id"": ""pillars"", ""kills"": false, ""reason"": ""cascade already stopped"", ""state"": ""NOT_APPLICABLE"", ""value"": ""\u2014""}, {""id"": ""rising"", ""kills"": false, ""reason"": ""cascade already stopped"", ""state"": ""NOT_APPLICABLE"", ""value"": ""\u2014""}, {""id"": ""split"", ""kills"": false, ""reason"": ""cascade already stopped"", ""state"": ""NOT_APPLICABLE"", ""value"": ""\u2014""}, {""id"": ""instrument"", ""kills"": false, ""reason"": ""cascade already stopped"", ""state"": ""NOT_APPLICABLE"", ""value"": ""\u2014""}, {""id"": ""tick"", ""kills"": false, ""reason"": ""cascade already stopped"", ""state"": ""NOT_APPLICABLE"", ""value"": ""\u2014""}, {""id"": ""buyout"", ""kills"": false, ""reason"": ""cascade already stopped"", ""state"": ""NOT_APPLICABLE"", ""value"": ""\u2014""}]",[],"{""above_ema9"": true, ""above_vwap"": false, ""buyout_announced"": false, ""catalyst_source_ok"": false, ""catalyst_today"": false, ""catalyst_verdict"": ""UNKNOWN"", ""change_pct"": 38.6138613861386, ""feed_stale"": false, ""float_is_shares_outstanding"": false, ""float_shares"": 7100000.0, ""float_verified"": true, ""halted"": false, ""in_session_window"": true, ""is_fund_or_etf"": null, ""last"": 1.4, ""live_theme"": false, ""macd_positive_and_above_signal"": true, ""penny_theme"": false, ""premarket_volume"": null, ""prev_close"": null, ""rvol"": 119.15277433537722, ""session_high"": 2.9399, ""session_volume"": 22114040.0, ""split_ratio_clean_integer"": null, ""symbol"": ""FFR"", ""tick_size"": null}",1.4,1.37,1.46,0.03,2.0,1,1,SUPPRESSED,,,2026-09-30T14:55:54+00:00,29c30d884550,9623239,2026-09-30T10:56:00-04:00,,,1.4,0.06,-2.0,1,0,stop,1,2026-09-30T14:56:00Z,1.4018,1.34,1.3503
57cf6feca86012dd,2026-09-30T10:55:00-04:00,regular,BIYA,pullback,ibkr-VBIO-BIYA-CNTB,IBKR · TWS read-only · live,live,1m,2.0255,2.0,2.03,3.18,9150093.0,1547.977161224835,-1.1951219512195022,2700000.0,verified,finviz via premarket_stars.py,0,0,REJECT,pillars,0,"[{""id"": ""price"", ""kills"": true, ""reason"": ""$2.03 is outside $2.00\u201320.00."", ""state"": ""PASS"", ""value"": ""$2.03  band $2.00\u201320.00""}, {""id"": ""float"", ""kills"": false, ""reason"": """", ""state"": ""PASS"", ""value"": ""2.7M (verified)""}, {""id"": ""catalyst"", ""kills"": false, ""reason"": ""The desk has no news feed (no headline keys in .env); the gate could not be evaluated."", ""state"": ""UNKNOWN"", ""value"": ""no headline source""}, {""id"": ""pillars"", ""kills"": true, ""reason"": ""Only 3 of the Five Pillars pass (need 4); missing gain, catalyst."", ""state"": ""FAIL"", ""value"": ""3/5 \u2014 missing gain, catalyst""}, {""id"": ""rising"", ""kills"": false, ""reason"": ""cascade already stopped"", ""state"": ""NOT_APPLICABLE"", ""value"": ""\u2014""}, {""id"": ""split"", ""kills"": false, ""reason"": ""cascade already stopped"", ""state"": ""NOT_APPLICABLE"", ""value"": ""\u2014""}, {""id"": ""instrument"", ""kills"": false, ""reason"": ""cascade already stopped"", ""state"": ""NOT_APPLICABLE"", ""value"": ""\u2014""}, {""id"": ""tick"", ""kills"": false, ""reason"": ""cascade already stopped"", ""state"": ""NOT_APPLICABLE"", ""value"": ""\u2014""}, {""id"": ""buyout"", ""kills"": false, ""reason"": ""cascade already stopped"", ""state"": ""NOT_APPLICABLE"", ""value"": ""\u2014""}]","[""Catalyst unknown \u2014 no headline source on this desk (A2: flagged, not killed).""]","{""above_ema9"": true, ""above_vwap"": false, ""buyout_announced"": false, ""catalyst_source_ok"": false, ""catalyst_today"": false, ""catalyst_verdict"": ""UNKNOWN"", ""change_pct"": -1.1951219512195022, ""feed_stale"": false, ""float_is_shares_outstanding"": false, ""float_shares"": 2700000.0, ""float_verified"": true, ""halted"": false, ""in_session_window"": true, ""is_fund_or_etf"": null, ""last"": 2.0255, ""live_theme"": false, ""macd_positive_and_above_signal"": true, ""penny_theme"": false, ""premarket_volume"": null, ""prev_close"": null, ""rvol"": 1547.977161224835, ""session_high"": 3.18, ""session_volume"": 9150093.0, ""split_ratio_clean_integer"": null, ""symbol"": ""BIYA"", ""tick_size"": null}",2.0337,1.99,2.1211,0.0437,2.0,2,1,SUPPRESSED,,,2026-09-30T14:56:04+00:00,29c30d884550,9623239,2026-09-30T10:56:00-04:00,,,2.0337,1.0595,-2.373,1,0,stop,1,2026-09-30T15:00:00Z,2.08,1.98,1.965
8394142196e5853c,2026-09-30T11:00:00-04:00,regular,CNTB,pullback,ibkr-VBIO-BIYA-CNTB,IBKR · TWS read-only · live,live,1m,1.285,1.28,1.29,2.08,140251305.0,385.3354241535063,29.536290322580626,16970000.0,verified,finviz via premarket_stars.py,0,0,REJECT,price,0,"[{""id"": ""price"", ""kills"": true, ""reason"": ""$1.28 is outside $2.00\u201320.00."", ""state"": ""FAIL"", ""value"": ""$1.28  band $2.00\u201320.00""}, {""id"": ""float"", ""kills"": false, ""reason"": ""cascade already stopped"", ""state"": ""NOT_APPLICABLE"", ""value"": ""\u2014""}, {""id"": ""catalyst"", ""kills"": false, ""reason"": ""cascade already stopped"", ""state"": ""NOT_APPLICABLE"", ""value"": ""\u2014""}, {""id"": ""pillars"", ""kills"": false, ""reason"": ""cascade already stopped"", ""state"": ""NOT_APPLICABLE"", ""value"": ""\u2014""}, {""id"": ""rising"", ""kills"": false, ""reason"": ""cascade already stopped"", ""state"": ""NOT_APPLICABLE"", ""value"": ""\u2014""}, {""id"": ""split"", ""kills"": false, ""reason"": ""cascade already stopped"", ""state"": ""NOT_APPLICABLE"", ""value"": ""\u2014""}, {""id"": ""instrument"", ""kills"": false, ""reason"": ""cascade already stopped"", ""state"": ""NOT_APPLICABLE"", ""value"": ""\u2014""}, {""id"": ""tick"", ""kills"": false, ""reason"": ""cascade already stopped"", ""state"": ""NOT_APPLICABLE"", ""value"": ""\u2014""}, {""id"": ""buyout"", ""kills"": false, ""reason"": ""cascade already stopped"", ""state"": ""NOT_APPLICABLE"", ""value"": ""\u2014""}]",[],"{""above_ema9"": true, ""above_vwap"": false, ""buyout_announced"": false, ""catalyst_source_ok"": false, ""catalyst_today"": false, ""catalyst_verdict"": ""UNKNOWN"", ""change_pct"": 29.536290322580626, ""feed_stale"": false, ""float_is_shares_outstanding"": false, ""float_shares"": 16970000.0, ""float_verified"": true, ""halted"": false, ""in_session_window"": true, ""is_fund_or_etf"": null, ""last"": 1.285, ""live_theme"": false, ""macd_positive_and_above_signal"": true, ""penny_theme"": false, ""premarket_volume"": null, ""prev_close"": null, ""rvol"": 385.3354241535063, ""session_high"": 2.08, ""session_volume"": 140251305.0, ""split_ratio_clean_integer"": null, ""symbol"": ""CNTB"", ""tick_size"": null}",1.29,1.26,1.35,0.03,2.0,4,1,SUPPRESSED,,,2026-09-30T15:00:14+00:00,29c30d884550,9623239,2026-09-30T11:01:00-04:00,,,1.29,0.6667,-2.0,1,0,stop,1,2026-09-30T15:01:00Z,1.31,1.23,1.2559
d843109bca5dcb51,2026-09-30T11:04:00-04:00,regular,LGHL,pullback,ibkr-VBIO-BIYA-CNTB,IBKR · TWS read-only · live,live,1m,5.11,5.1,5.12,9.79,11169507.0,567.55625,13.303769401330378,50000.0,verified,finviz via premarket_stars.py,0,0,REJECT,rising,0,"[{""id"": ""price"", ""kills"": true, ""reason"": ""$5.11 is outside $2.00\u201320.00."", ""state"": ""PASS"", ""value"": ""$5.11  band $2.00\u201320.00""}, {""id"": ""float"", ""kills"": false, ""reason"": """", ""state"": ""PASS"", ""value"": ""0.1M (verified)""}, {""id"": ""catalyst"", ""kills"": false, ""reason"": ""The desk has no news feed (no headline keys in .env); the gate could not be evaluated."", ""state"": ""UNKNOWN"", ""value"": ""no headline source""}, {""id"": ""pillars"", ""kills"": true, ""reason"": ""Only 4 of the Five Pillars pass (need 4); missing catalyst."", ""state"": ""PASS"", ""value"": ""4/5 \u2014 missing catalyst""}, {""id"": ""rising"", ""kills"": true, ""reason"": ""47.8% off the high \u2014 back side of the move."", ""state"": ""FAIL"", ""value"": ""47.8% off 9.79""}, {""id"": ""split"", ""kills"": false, ""reason"": ""cascade already stopped"", ""state"": ""NOT_APPLICABLE"", ""value"": ""\u2014""}, {""id"": ""instrument"", ""kills"": false, ""reason"": ""cascade already stopped"", ""state"": ""NOT_APPLICABLE"", ""value"": ""\u2014""}, {""id"": ""tick"", ""kills"": false, ""reason"": ""cascade already stopped"", ""state"": ""NOT_APPLICABLE"", ""value"": ""\u2014""}, {""id"": ""buyout"", ""kills"": false, ""reason"": ""cascade already stopped"", ""state"": ""NOT_APPLICABLE"", ""value"": ""\u2014""}]","[""Catalyst unknown \u2014 no headline source on this desk (A2: flagged, not killed).""]","{""above_ema9"": true, ""above_vwap"": false, ""buyout_announced"": false, ""catalyst_source_ok"": false, ""catalyst_today"": false, ""catalyst_verdict"": ""UNKNOWN"", ""change_pct"": 13.303769401330378, ""feed_stale"": false, ""float_is_shares_outstanding"": false, ""float_shares"": 50000.0, ""float_verified"": true, ""halted"": false, ""in_session_window"": true, ""is_fund_or_etf"": null, ""last"": 5.11, ""live_theme"": false, ""macd_positive_and_above_signal"": true, ""penny_theme"": false, ""premarket_volume"": null, ""prev_close"": null, ""rvol"": 567.55625, ""session_high"": 9.79, ""session_volume"": 11169507.0, ""split_ratio_clean_integer"": null, ""symbol"": ""LGHL"", ""tick_size"": null}",5.11,5.04,5.25,0.07,2.0,3,0,SUPPRESSED,,,2026-09-30T15:04:12+00:00,29c30d884550,9623239,2026-09-30T11:05:00-04:00,,,5.11,1.2857,-6.8571,1,0,stop,1,2026-09-30T15:05:00Z,5.2,4.63,5.19
dcd2e1eac51e9ff1,2026-09-30T11:13:00-04:00,regular,LGHL,pullback,ibkr-VBIO-BIYA-CNTB,IBKR · TWS read-only · live,live,1m,4.89,4.84,4.89,9.79,11254843.0,543.6596947154865,8.425720620842569,50000.0,verified,finviz via premarket_stars.py,0,0,REJECT,pillars,0,"[{""id"": ""price"", ""kills"": true, ""reason"": ""$4.89 is outside $2.00\u201320.00."", ""state"": ""PASS"", ""value"": ""$4.89  band $2.00\u201320.00""}, {""id"": ""float"", ""kills"": false, ""reason"": """", ""state"": ""PASS"", ""value"": ""0.1M (verified)""}, {""id"": ""catalyst"", ""kills"": false, ""reason"": ""The desk has no news feed (no headline keys in .env); the gate could not be evaluated."", ""state"": ""UNKNOWN"", ""value"": ""no headline source""}, {""id"": ""pillars"", ""kills"": true, ""reason"": ""Only 3 of the Five Pillars pass (need 4); missing gain, catalyst."", ""state"": ""FAIL"", ""value"": ""3/5 \u2014 missing gain, catalyst""}, {""id"": ""rising"", ""kills"": false, ""reason"": ""cascade already stopped"", ""state"": ""NOT_APPLICABLE"", ""value"": ""\u2014""}, {""id"": ""split"", ""kills"": false, ""reason"": ""cascade already stopped"", ""state"": ""NOT_APPLICABLE"", ""value"": ""\u2014""}, {""id"": ""instrument"", ""kills"": false, ""reason"": ""cascade already stopped"", ""state"": ""NOT_APPLICABLE"", ""value"": ""\u2014""}, {""id"": ""tick"", ""kills"": false, ""reason"": ""cascade already stopped"", ""state"": ""NOT_APPLICABLE"", ""value"": ""\u2014""}, {""id"": ""buyout"", ""kills"": false, ""reason"": ""cascade already stopped"", ""state"": ""NOT_APPLICABLE"", ""value"": ""\u2014""}]","[""Catalyst unknown \u2014 no headline source on this desk (A2: flagged, not killed).""]","{""above_ema9"": true, ""above_vwap"": false, ""buyout_announced"": false, ""catalyst_source_ok"": false, ""catalyst_today"": false, ""catalyst_verdict"": ""UNKNOWN"", ""change_pct"": 8.425720620842569, ""feed_stale"": false, ""float_is_shares_outstanding"": false, ""float_shares"": 50000.0, ""float_verified"": true, ""halted"": false, ""in_session_window"": true, ""is_fund_or_etf"": null, ""last"": 4.89, ""live_theme"": false, ""macd_positive_and_above_signal"": false, ""penny_theme"": false, ""premarket_volume"": null, ""prev_close"": null, ""rvol"": 543.6596947154865, ""session_high"": 9.79, ""session_volume"": 11254843.0, ""split_ratio_clean_integer"": null, ""symbol"": ""LGHL"", ""tick_size"": null}",4.89,4.83,5.01,0.06,2.0,1,1,SUPPRESSED,,,2026-09-30T15:13:43+00:00,29c30d884550,9623239,2026-09-30T11:14:00-04:00,,,4.89,5.1667,-0.8333,0,1,target,1,2026-09-30T15:14:00Z,5.2,4.84,5.19
221e514fa6964730,2026-09-30T11:24:00-04:00,regular,CNTB,pullback,ibkr-VBIO-BIYA-CNTB,IBKR · TWS read-only · live,live,1m,1.2503,1.25,1.26,2.08,142555913.0,372.70883901633,26.03830645161289,16970000.0,verified,finviz via premarket_stars.py,0,0,REJECT,price,0,"[{""id"": ""price"", ""kills"": true, ""reason"": ""$1.25 is outside $2.00\u201320.00."", ""state"": ""FAIL"", ""value"": ""$1.25  band $2.00\u201320.00""}, {""id"": ""float"", ""kills"": false, ""reason"": ""cascade already stopped"", ""state"": ""NOT_APPLICABLE"", ""value"": ""\u2014""}, {""id"": ""catalyst"", ""kills"": false, ""reason"": ""cascade already stopped"", ""state"": ""NOT_APPLICABLE"", ""value"": ""\u2014""}, {""id"": ""pillars"", ""kills"": false, ""reason"": ""cascade already stopped"", ""state"": ""NOT_APPLICABLE"", ""value"": ""\u2014""}, {""id"": ""rising"", ""kills"": false, ""reason"": ""cascade already stopped"", ""state"": ""NOT_APPLICABLE"", ""value"": ""\u2014""}, {""id"": ""split"", ""kills"": false, ""reason"": ""cascade already stopped"", ""state"": ""NOT_APPLICABLE"", ""value"": ""\u2014""}, {""id"": ""instrument"", ""kills"": false, ""reason"": ""cascade already stopped"", ""state"": ""NOT_APPLICABLE"", ""value"": ""\u2014""}, {""id"": ""tick"", ""kills"": false, ""reason"": ""cascade already stopped"", ""state"": ""NOT_APPLICABLE"", ""value"": ""\u2014""}, {""id"": ""buyout"", ""kills"": false, ""reason"": ""cascade already stopped"", ""state"": ""NOT_APPLICABLE"", ""value"": ""\u2014""}]",[],"{""above_ema9"": false, ""above_vwap"": false, ""buyout_announced"": false, ""catalyst_source_ok"": false, ""catalyst_today"": false, ""catalyst_verdict"": ""UNKNOWN"", ""change_pct"": 26.03830645161289, ""feed_stale"": false, ""float_is_shares_outstanding"": false, ""float_shares"": 16970000.0, ""float_verified"": true, ""halted"": false, ""in_session_window"": true, ""is_fund_or_etf"": null, ""last"": 1.2503, ""live_theme"": false, ""macd_positive_and_above_signal"": true, ""penny_theme"": false, ""premarket_volume"": null, ""prev_close"": null, ""rvol"": 372.70883901633, ""session_high"": 2.08, ""session_volume"": 142555913.0, ""split_ratio_clean_integer"": null, ""symbol"": ""CNTB"", ""tick_size"": null}",1.2699,1.24,1.3297,0.0299,2.0,3,1,SUPPRESSED,,,2026-09-30T15:24:13+00:00,29c30d884550,9623239,2026-09-30T11:25:00-04:00,,,1.2699,0.0033,-1.3344,1,0,stop,1,2026-09-30T15:25:00Z,1.27,1.23,1.2559
ec2301edc024daee,2026-09-30T11:30:00-04:00,regular,LGHL,pullback,ibkr-VBIO-BIYA-CNTB,IBKR · TWS read-only · live,live,1m,5.1,5.05,5.12,9.79,11327465.0,509.44299527771534,13.082039911308208,50000.0,verified,finviz via premarket_stars.py,0,0,REJECT,rising,0,"[{""id"": ""price"", ""kills"": true, ""reason"": ""$5.10 is outside $2.00\u201320.00."", ""state"": ""PASS"", ""value"": ""$5.10  band $2.00\u201320.00""}, {""id"": ""float"", ""kills"": false, ""reason"": """", ""state"": ""PASS"", ""value"": ""0.1M (verified)""}, {""id"": ""catalyst"", ""kills"": false, ""reason"": ""The desk has no news feed (no headline keys in .env); the gate could not be evaluated."", ""state"": ""UNKNOWN"", ""value"": ""no headline source""}, {""id"": ""pillars"", ""kills"": true, ""reason"": ""Only 4 of the Five Pillars pass (need 4); missing catalyst."", ""state"": ""PASS"", ""value"": ""4/5 \u2014 missing catalyst""}, {""id"": ""rising"", ""kills"": true, ""reason"": ""47.9% off the high \u2014 back side of the move."", ""state"": ""FAIL"", ""value"": ""47.9% off 9.79""}, {""id"": ""split"", ""kills"": false, ""reason"": ""cascade already stopped"", ""state"": ""NOT_APPLICABLE"", ""value"": ""\u2014""}, {""id"": ""instrument"", ""kills"": false, ""reason"": ""cascade already stopped"", ""state"": ""NOT_APPLICABLE"", ""value"": ""\u2014""}, {""id"": ""tick"", ""kills"": false, ""reason"": ""cascade already stopped"", ""state"": ""NOT_APPLICABLE"", ""value"": ""\u2014""}, {""id"": ""buyout"", ""kills"": false, ""reason"": ""cascade already stopped"", ""state"": ""NOT_APPLICABLE"", ""value"": ""\u2014""}]","[""Catalyst unknown \u2014 no headline source on this desk (A2: flagged, not killed).""]","{""above_ema9"": true, ""above_vwap"": false, ""buyout_announced"": false, ""catalyst_source_ok"": false, ""catalyst_today"": false, ""catalyst_verdict"": ""UNKNOWN"", ""change_pct"": 13.082039911308208, ""feed_stale"": false, ""float_is_shares_outstanding"": false, ""float_shares"": 50000.0, ""float_verified"": true, ""halted"": false, ""in_session_window"": true, ""is_fund_or_etf"": null, ""last"": 5.1, ""live_theme"": false, ""macd_positive_and_above_signal"": true, ""penny_theme"": false, ""premarket_volume"": null, ""prev_close"": null, ""rvol"": 509.44299527771534, ""session_high"": 9.79, ""session_volume"": 11327465.0, ""split_ratio_clean_integer"": null, ""symbol"": ""LGHL"", ""tick_size"": null}",5.02,4.95,5.16,0.07,2.0,2,1,SUPPRESSED,,,2026-09-30T15:30:21+00:00,29c30d884550,9623239,2026-09-30T11:31:00-04:00,,,5.02,2.5714,1.5714,0,1,target,1,2026-09-30T15:31:00Z,5.2,5.13,5.19
