decision_id,ts_et,session,symbol,source,session_id,source_name,data_status,bar_resolution,last,bid,ask,session_high,volume,rvol,change_pct,float_shares,float_quality,float_source,catalyst,halted,verdict,killed_by,plan_allowed,gates_json,warnings_json,inputs_json,trigger,stop,target,risk_share,reward_multiple,pullback_candles,volume_ok,outcome,refusal_reasons_json,acted_at,recorded_at,rules_hash,code_commit,bar_end_ts,clocks_json,chart_json,ref_price,mfe_r_planned,mae_r_planned,stop_hit,target_hit,first_hit,trigger_hit,trigger_hit_ts,h30,l30,c_close
2b3e0b94d8acf268,2026-09-29T04:04:00-04:00,none,FFAI,pullback,ibkr-YMT-BKYI-MSGY,IBKR · TWS read-only · live,live-backfill,1m,1.7192,,,1.85,693243.0,0.3326171137731145,21.929078014184398,6030000.0,verified,finviz via premarket_stars.py,0,0,REJECT,price,0,"[{""id"": ""price"", ""kills"": true, ""reason"": ""$1.72 is outside $2.00\u201320.00."", ""state"": ""FAIL"", ""value"": ""$1.72  band $2.00\u201320.00""}, {""id"": ""float"", ""kills"": false, ""reason"": ""cascade already stopped"", ""state"": ""NOT_APPLICABLE"", ""value"": ""\u2014""}, {""id"": ""catalyst"", ""kills"": false, ""reason"": ""cascade already stopped"", ""state"": ""NOT_APPLICABLE"", ""value"": ""\u2014""}, {""id"": ""pillars"", ""kills"": false, ""reason"": ""cascade already stopped"", ""state"": ""NOT_APPLICABLE"", ""value"": ""\u2014""}, {""id"": ""rising"", ""kills"": false, ""reason"": ""cascade already stopped"", ""state"": ""NOT_APPLICABLE"", ""value"": ""\u2014""}, {""id"": ""split"", ""kills"": false, ""reason"": ""cascade already stopped"", ""state"": ""NOT_APPLICABLE"", ""value"": ""\u2014""}, {""id"": ""instrument"", ""kills"": false, ""reason"": ""cascade already stopped"", ""state"": ""NOT_APPLICABLE"", ""value"": ""\u2014""}, {""id"": ""tick"", ""kills"": false, ""reason"": ""cascade already stopped"", ""state"": ""NOT_APPLICABLE"", ""value"": ""\u2014""}, {""id"": ""buyout"", ""kills"": false, ""reason"": ""cascade already stopped"", ""state"": ""NOT_APPLICABLE"", ""value"": ""\u2014""}]",[],"{""above_ema9"": null, ""above_vwap"": true, ""buyout_announced"": false, ""catalyst_source_ok"": false, ""catalyst_today"": false, ""catalyst_verdict"": ""UNKNOWN"", ""change_pct"": 21.929078014184398, ""feed_stale"": false, ""float_is_shares_outstanding"": false, ""float_shares"": 6030000.0, ""float_verified"": true, ""halted"": false, ""in_session_window"": true, ""is_fund_or_etf"": null, ""last"": 1.7192, ""live_theme"": false, ""macd_positive_and_above_signal"": null, ""penny_theme"": false, ""premarket_volume"": null, ""prev_close"": null, ""rvol"": 0.3326171137731145, ""session_high"": 1.85, ""session_volume"": 693243.0, ""split_ratio_clean_integer"": null, ""symbol"": ""FFAI"", ""tick_size"": null}",1.71,1.645,1.84,0.065,2.0,1,1,SUPPRESSED,,,2026-09-29T10:47:10+00:00,29c30d884550,6f27547,2026-09-29T04:05:00-04:00,,,1.71,2.1538,-7.0769,1,1,stop,1,2026-09-29T08:05:00Z,1.79,1.61,1.295
c71ee6ba31dce871,2026-09-29T04:11:00-04:00,none,BKYI,pullback,ibkr-YMT-BKYI-MSGY,IBKR · TWS read-only · live,live-backfill,1m,2.97,,,3.2797,3759668.0,118.78962900239496,76.7857142857143,1310000.0,verified,finviz via premarket_stars.py,0,0,WATCH,,1,"[{""id"": ""price"", ""kills"": true, ""reason"": ""$2.97 is outside $2.00\u201320.00."", ""state"": ""PASS"", ""value"": ""$2.97  band $2.00\u201320.00""}, {""id"": ""float"", ""kills"": false, ""reason"": """", ""state"": ""PASS"", ""value"": ""1.3M (verified)""}, {""id"": ""catalyst"", ""kills"": false, ""reason"": ""The desk has no news feed (no headline keys in .env); the gate could not be evaluated."", ""state"": ""UNKNOWN"", ""value"": ""no headline source""}, {""id"": ""pillars"", ""kills"": true, ""reason"": ""Only 4 of the Five Pillars pass (need 4); missing catalyst."", ""state"": ""PASS"", ""value"": ""4/5 \u2014 missing catalyst""}, {""id"": ""rising"", ""kills"": true, ""reason"": ""9.4% off the high \u2014 back side of the move."", ""state"": ""PASS"", ""value"": ""9.4% off 3.28""}, {""id"": ""split"", ""kills"": false, ""reason"": """", ""state"": ""PASS"", ""value"": ""gap is not arithmetic""}, {""id"": ""instrument"", ""kills"": false, ""reason"": """", ""state"": ""UNKNOWN"", ""value"": ""\u2014""}, {""id"": ""tick"", ""kills"": false, ""reason"": """", ""state"": ""UNKNOWN"", ""value"": ""\u2014""}, {""id"": ""buyout"", ""kills"": true, ""reason"": ""Acquisition announced \u2014 the price is pinned and volatility is gone."", ""state"": ""PASS"", ""value"": ""none""}, {""id"": ""vwap"", ""kills"": false, ""reason"": """", ""state"": ""PASS"", ""value"": ""yes""}, {""id"": ""ema9"", ""kills"": false, ""reason"": """", ""state"": ""PASS"", ""value"": ""yes""}, {""id"": ""macd"", ""kills"": false, ""reason"": """", ""state"": ""UNKNOWN"", ""value"": ""\u2014""}, {""id"": ""tape"", ""kills"": false, ""reason"": ""No tape and no book in this tool."", ""state"": ""MANUAL_CONFIRMATION_REQUIRED"", ""value"": ""your eyes""}]","[""Catalyst unknown \u2014 no headline source on this desk (A2: flagged, not killed)."", ""Instrument type unknown \u2014 ADRs are fine, funds are not.""]","{""above_ema9"": true, ""above_vwap"": true, ""buyout_announced"": false, ""catalyst_source_ok"": false, ""catalyst_today"": false, ""catalyst_verdict"": ""UNKNOWN"", ""change_pct"": 76.7857142857143, ""feed_stale"": false, ""float_is_shares_outstanding"": false, ""float_shares"": 1310000.0, ""float_verified"": true, ""halted"": false, ""in_session_window"": true, ""is_fund_or_etf"": null, ""last"": 2.97, ""live_theme"": false, ""macd_positive_and_above_signal"": null, ""penny_theme"": false, ""premarket_volume"": null, ""prev_close"": null, ""rvol"": 118.78962900239496, ""session_high"": 3.2797, ""session_volume"": 3759668.0, ""split_ratio_clean_integer"": null, ""symbol"": ""BKYI"", ""tick_size"": null}",3.16,2.92,3.64,0.24,2.0,2,1,REFUSED,"[""bar is outside the 07:00-16:00 ET session window (session 'none'); nothing is traded there"", ""bar clock: the bar closed 9260s before the runner saw it (budget 120s); a stale plan is not the trade the cascade reviewed (bar close \u2192 published 9257s, published \u2192 runner 3s)"", ""backfill decision: armed on loaded history, inputs not point-in-time (bar clock: the bar predates the desk's start; a fresh publication time does not make it fresh)"", ""Layer 2 not green: MACD unknown (not computable at the plan) (verdict WATCH) \u2014 chart gates must all be true at entry"", ""selective (A13): price 3.16 under $5""]",2026-09-29T10:46:20+00:00,2026-09-29T10:46:17+00:00,29c30d884550,6f27547,2026-09-29T04:12:00-04:00,"{""bar_end"": ""2026-09-29T04:12:00-04:00"", ""bar_to_published_s"": 9257, ""published"": ""2026-09-29T10:46:17+00:00"", ""published_to_seen_s"": 3, ""quote_ts"": ""2026-09-29T10:46:19+00:00"", ""runner_seen"": ""2026-09-29T10:46:20+00:00""}",,3.16,6.25,-3.75,1,1,stop,1,2026-09-29T08:13:00Z,3.28,2.7603,3.3499
92696d1967485343,2026-09-29T04:15:00-04:00,none,SMMT,pullback,ibkr-YMT-BKYI-MSGY,IBKR · TWS read-only · live,live-backfill,1m,19.17,,,19.81,240976.0,0.06248621552285991,23.83720930232558,152340000.0,verified,finviz via premarket_stars.py,0,0,REJECT,pillars,0,"[{""id"": ""price"", ""kills"": true, ""reason"": ""$19.17 is outside $2.00\u201320.00."", ""state"": ""PASS"", ""value"": ""$19.17  band $2.00\u201320.00""}, {""id"": ""float"", ""kills"": false, ""reason"": ""Float 152.3M is over the 20M cap."", ""state"": ""FAIL"", ""value"": ""152.3M""}, {""id"": ""catalyst"", ""kills"": false, ""reason"": ""The desk has no news feed (no headline keys in .env); the gate could not be evaluated."", ""state"": ""UNKNOWN"", ""value"": ""no headline source""}, {""id"": ""pillars"", ""kills"": true, ""reason"": ""Only 2 of the Five Pillars pass (need 4); missing rvol, float, catalyst."", ""state"": ""FAIL"", ""value"": ""2/5 \u2014 missing rvol, float, catalyst""}, {""id"": ""rising"", ""kills"": false, ""reason"": ""cascade already stopped"", ""state"": ""NOT_APPLICABLE"", ""value"": ""\u2014""}, {""id"": ""split"", ""kills"": false, ""reason"": ""cascade already stopped"", ""state"": ""NOT_APPLICABLE"", ""value"": ""\u2014""}, {""id"": ""instrument"", ""kills"": false, ""reason"": ""cascade already stopped"", ""state"": ""NOT_APPLICABLE"", ""value"": ""\u2014""}, {""id"": ""tick"", ""kills"": false, ""reason"": ""cascade already stopped"", ""state"": ""NOT_APPLICABLE"", ""value"": ""\u2014""}, {""id"": ""buyout"", ""kills"": false, ""reason"": ""cascade already stopped"", ""state"": ""NOT_APPLICABLE"", ""value"": ""\u2014""}]","[""Float 152.3M over the 20M cap (A5: flagged, not killed; the pillar count decides)."", ""Catalyst unknown \u2014 no headline source on this desk (A2: flagged, not killed).""]","{""above_ema9"": true, ""above_vwap"": true, ""buyout_announced"": false, ""catalyst_source_ok"": false, ""catalyst_today"": false, ""catalyst_verdict"": ""UNKNOWN"", ""change_pct"": 23.83720930232558, ""feed_stale"": false, ""float_is_shares_outstanding"": false, ""float_shares"": 152340000.0, ""float_verified"": true, ""halted"": false, ""in_session_window"": true, ""is_fund_or_etf"": null, ""last"": 19.17, ""live_theme"": false, ""macd_positive_and_above_signal"": null, ""penny_theme"": false, ""premarket_volume"": null, ""prev_close"": null, ""rvol"": 0.06248621552285991, ""session_high"": 19.81, ""session_volume"": 240976.0, ""split_ratio_clean_integer"": null, ""symbol"": ""SMMT"", ""tick_size"": null}",19.16,19.06,19.36,0.1,2.0,1,1,SUPPRESSED,,,2026-09-29T10:47:10+00:00,29c30d884550,6f27547,2026-09-29T04:16:00-04:00,,,19.16,2.8,-30.1,1,1,stop,1,2026-09-29T08:16:00Z,19.44,18.8,16.53
1f3d055a650a149c,2026-09-29T04:17:00-04:00,none,YMT,pullback,ibkr-YMT-BKYI-MSGY,IBKR · TWS read-only · live,live-backfill,1m,2.28,,,2.4,805985.0,10.75002850944613,28.81355932203389,5920000.0,verified,finviz via premarket_stars.py,0,0,WATCH,,1,"[{""id"": ""price"", ""kills"": true, ""reason"": ""$2.28 is outside $2.00\u201320.00."", ""state"": ""PASS"", ""value"": ""$2.28  band $2.00\u201320.00""}, {""id"": ""float"", ""kills"": false, ""reason"": """", ""state"": ""PASS"", ""value"": ""5.9M (verified)""}, {""id"": ""catalyst"", ""kills"": false, ""reason"": ""The desk has no news feed (no headline keys in .env); the gate could not be evaluated."", ""state"": ""UNKNOWN"", ""value"": ""no headline source""}, {""id"": ""pillars"", ""kills"": true, ""reason"": ""Only 4 of the Five Pillars pass (need 4); missing catalyst."", ""state"": ""PASS"", ""value"": ""4/5 \u2014 missing catalyst""}, {""id"": ""rising"", ""kills"": true, ""reason"": ""5.0% off the high \u2014 back side of the move."", ""state"": ""PASS"", ""value"": ""5.0% off 2.40""}, {""id"": ""split"", ""kills"": false, ""reason"": """", ""state"": ""PASS"", ""value"": ""gap is not arithmetic""}, {""id"": ""instrument"", ""kills"": false, ""reason"": """", ""state"": ""UNKNOWN"", ""value"": ""\u2014""}, {""id"": ""tick"", ""kills"": false, ""reason"": """", ""state"": ""UNKNOWN"", ""value"": ""\u2014""}, {""id"": ""buyout"", ""kills"": true, ""reason"": ""Acquisition announced \u2014 the price is pinned and volatility is gone."", ""state"": ""PASS"", ""value"": ""none""}, {""id"": ""vwap"", ""kills"": false, ""reason"": """", ""state"": ""PASS"", ""value"": ""yes""}, {""id"": ""ema9"", ""kills"": false, ""reason"": """", ""state"": ""PASS"", ""value"": ""yes""}, {""id"": ""macd"", ""kills"": false, ""reason"": """", ""state"": ""UNKNOWN"", ""value"": ""\u2014""}, {""id"": ""tape"", ""kills"": false, ""reason"": ""No tape and no book in this tool."", ""state"": ""MANUAL_CONFIRMATION_REQUIRED"", ""value"": ""your eyes""}]","[""Catalyst unknown \u2014 no headline source on this desk (A2: flagged, not killed)."", ""Instrument type unknown \u2014 ADRs are fine, funds are not."", ""Session volume 0.81M is under the 1M floor \u2014 the band he measured himself losing in.""]","{""above_ema9"": true, ""above_vwap"": true, ""buyout_announced"": false, ""catalyst_source_ok"": false, ""catalyst_today"": false, ""catalyst_verdict"": ""UNKNOWN"", ""change_pct"": 28.81355932203389, ""feed_stale"": false, ""float_is_shares_outstanding"": false, ""float_shares"": 5920000.0, ""float_verified"": true, ""halted"": false, ""in_session_window"": true, ""is_fund_or_etf"": null, ""last"": 2.28, ""live_theme"": false, ""macd_positive_and_above_signal"": null, ""penny_theme"": false, ""premarket_volume"": null, ""prev_close"": null, ""rvol"": 10.75002850944613, ""session_high"": 2.4, ""session_volume"": 805985.0, ""split_ratio_clean_integer"": null, ""symbol"": ""YMT"", ""tick_size"": null}",2.31,2.25,2.43,0.06,2.0,1,1,REFUSED,"[""bar is outside the 07:00-16:00 ET session window (session 'none'); nothing is traded there"", ""bar clock: the bar closed 8900s before the runner saw it (budget 120s); a stale plan is not the trade the cascade reviewed (bar close \u2192 published 8897s, published \u2192 runner 3s)"", ""backfill decision: armed on loaded history, inputs not point-in-time (bar clock: the bar predates the desk's start; a fresh publication time does not make it fresh)"", ""Layer 2 not green: MACD unknown (not computable at the plan) (verdict WATCH) \u2014 chart gates must all be true at entry"", ""selective (A13): price 2.31 under $5""]",2026-09-29T10:46:20+00:00,2026-09-29T10:46:17+00:00,29c30d884550,6f27547,2026-09-29T04:18:00-04:00,"{""bar_end"": ""2026-09-29T04:18:00-04:00"", ""bar_to_published_s"": 8897, ""published"": ""2026-09-29T10:46:17+00:00"", ""published_to_seen_s"": 3, ""quote_ts"": ""2026-09-29T10:46:18+00:00"", ""runner_seen"": ""2026-09-29T10:46:20+00:00""}",,2.31,13.3333,-7.3333,1,1,stop,1,2026-09-29T08:23:00Z,3.11,2.22,2.05
50da4b7803791f2d,2026-09-29T04:20:00-04:00,none,BKYI,pullback,ibkr-YMT-BKYI-MSGY,IBKR · TWS read-only · live,live-backfill,1m,3.0807,,,3.2797,5503524.0,173.8881130370492,83.37500000000003,1310000.0,verified,finviz via premarket_stars.py,0,0,WATCH,,1,"[{""id"": ""price"", ""kills"": true, ""reason"": ""$3.08 is outside $2.00\u201320.00."", ""state"": ""PASS"", ""value"": ""$3.08  band $2.00\u201320.00""}, {""id"": ""float"", ""kills"": false, ""reason"": """", ""state"": ""PASS"", ""value"": ""1.3M (verified)""}, {""id"": ""catalyst"", ""kills"": false, ""reason"": ""The desk has no news feed (no headline keys in .env); the gate could not be evaluated."", ""state"": ""UNKNOWN"", ""value"": ""no headline source""}, {""id"": ""pillars"", ""kills"": true, ""reason"": ""Only 4 of the Five Pillars pass (need 4); missing catalyst."", ""state"": ""PASS"", ""value"": ""4/5 \u2014 missing catalyst""}, {""id"": ""rising"", ""kills"": true, ""reason"": ""6.1% off the high \u2014 back side of the move."", ""state"": ""PASS"", ""value"": ""6.1% off 3.28""}, {""id"": ""split"", ""kills"": false, ""reason"": """", ""state"": ""PASS"", ""value"": ""gap is not arithmetic""}, {""id"": ""instrument"", ""kills"": false, ""reason"": """", ""state"": ""UNKNOWN"", ""value"": ""\u2014""}, {""id"": ""tick"", ""kills"": false, ""reason"": """", ""state"": ""UNKNOWN"", ""value"": ""\u2014""}, {""id"": ""buyout"", ""kills"": true, ""reason"": ""Acquisition announced \u2014 the price is pinned and volatility is gone."", ""state"": ""PASS"", ""value"": ""none""}, {""id"": ""vwap"", ""kills"": false, ""reason"": """", ""state"": ""PASS"", ""value"": ""yes""}, {""id"": ""ema9"", ""kills"": false, ""reason"": """", ""state"": ""PASS"", ""value"": ""yes""}, {""id"": ""macd"", ""kills"": false, ""reason"": """", ""state"": ""UNKNOWN"", ""value"": ""\u2014""}, {""id"": ""tape"", ""kills"": false, ""reason"": ""No tape and no book in this tool."", ""state"": ""MANUAL_CONFIRMATION_REQUIRED"", ""value"": ""your eyes""}]","[""Catalyst unknown \u2014 no headline source on this desk (A2: flagged, not killed)."", ""Instrument type unknown \u2014 ADRs are fine, funds are not.""]","{""above_ema9"": true, ""above_vwap"": true, ""buyout_announced"": false, ""catalyst_source_ok"": false, ""catalyst_today"": false, ""catalyst_verdict"": ""UNKNOWN"", ""change_pct"": 83.37500000000003, ""feed_stale"": false, ""float_is_shares_outstanding"": false, ""float_shares"": 1310000.0, ""float_verified"": true, ""halted"": false, ""in_session_window"": true, ""is_fund_or_etf"": null, ""last"": 3.0807, ""live_theme"": false, ""macd_positive_and_above_signal"": null, ""penny_theme"": false, ""premarket_volume"": null, ""prev_close"": null, ""rvol"": 173.8881130370492, ""session_high"": 3.2797, ""session_volume"": 5503524.0, ""split_ratio_clean_integer"": null, ""symbol"": ""BKYI"", ""tick_size"": null}",3.11,2.89,3.55,0.22,2.0,3,1,REFUSED,"[""bar is outside the 07:00-16:00 ET session window (session 'none'); nothing is traded there"", ""bar clock: the bar closed 8720s before the runner saw it (budget 120s); a stale plan is not the trade the cascade reviewed (bar close \u2192 published 8717s, published \u2192 runner 3s)"", ""backfill decision: armed on loaded history, inputs not point-in-time (bar clock: the bar predates the desk's start; a fresh publication time does not make it fresh)"", ""Layer 2 not green: MACD unknown (not computable at the plan) (verdict WATCH) \u2014 chart gates must all be true at entry"", ""selective (A13): price 3.11 under $5""]",2026-09-29T10:46:20+00:00,2026-09-29T10:46:17+00:00,29c30d884550,6f27547,2026-09-29T04:21:00-04:00,"{""bar_end"": ""2026-09-29T04:21:00-04:00"", ""bar_to_published_s"": 8717, ""published"": ""2026-09-29T10:46:17+00:00"", ""published_to_seen_s"": 3, ""quote_ts"": ""2026-09-29T10:46:19+00:00"", ""runner_seen"": ""2026-09-29T10:46:20+00:00""}",,3.11,7.0455,-3.8636,1,1,stop,1,2026-09-29T08:21:00Z,3.6,2.7603,3.3499
8a659d48acb54359,2026-09-29T04:31:00-04:00,none,YMT,pullback,ibkr-YMT-BKYI-MSGY,IBKR · TWS read-only · live,live-backfill,1m,2.88,,,3.11,3204685.0,42.743295611946095,62.71186440677965,5920000.0,verified,finviz via premarket_stars.py,0,0,WATCH,,1,"[{""id"": ""price"", ""kills"": true, ""reason"": ""$2.88 is outside $2.00\u201320.00."", ""state"": ""PASS"", ""value"": ""$2.88  band $2.00\u201320.00""}, {""id"": ""float"", ""kills"": false, ""reason"": """", ""state"": ""PASS"", ""value"": ""5.9M (verified)""}, {""id"": ""catalyst"", ""kills"": false, ""reason"": ""The desk has no news feed (no headline keys in .env); the gate could not be evaluated."", ""state"": ""UNKNOWN"", ""value"": ""no headline source""}, {""id"": ""pillars"", ""kills"": true, ""reason"": ""Only 4 of the Five Pillars pass (need 4); missing catalyst."", ""state"": ""PASS"", ""value"": ""4/5 \u2014 missing catalyst""}, {""id"": ""rising"", ""kills"": true, ""reason"": ""7.4% off the high \u2014 back side of the move."", ""state"": ""PASS"", ""value"": ""7.4% off 3.11""}, {""id"": ""split"", ""kills"": false, ""reason"": """", ""state"": ""PASS"", ""value"": ""gap is not arithmetic""}, {""id"": ""instrument"", ""kills"": false, ""reason"": """", ""state"": ""UNKNOWN"", ""value"": ""\u2014""}, {""id"": ""tick"", ""kills"": false, ""reason"": """", ""state"": ""UNKNOWN"", ""value"": ""\u2014""}, {""id"": ""buyout"", ""kills"": true, ""reason"": ""Acquisition announced \u2014 the price is pinned and volatility is gone."", ""state"": ""PASS"", ""value"": ""none""}, {""id"": ""vwap"", ""kills"": false, ""reason"": """", ""state"": ""PASS"", ""value"": ""yes""}, {""id"": ""ema9"", ""kills"": false, ""reason"": """", ""state"": ""PASS"", ""value"": ""yes""}, {""id"": ""macd"", ""kills"": false, ""reason"": """", ""state"": ""UNKNOWN"", ""value"": ""\u2014""}, {""id"": ""tape"", ""kills"": false, ""reason"": ""No tape and no book in this tool."", ""state"": ""MANUAL_CONFIRMATION_REQUIRED"", ""value"": ""your eyes""}]","[""Catalyst unknown \u2014 no headline source on this desk (A2: flagged, not killed)."", ""Instrument type unknown \u2014 ADRs are fine, funds are not.""]","{""above_ema9"": true, ""above_vwap"": true, ""buyout_announced"": false, ""catalyst_source_ok"": false, ""catalyst_today"": false, ""catalyst_verdict"": ""UNKNOWN"", ""change_pct"": 62.71186440677965, ""feed_stale"": false, ""float_is_shares_outstanding"": false, ""float_shares"": 5920000.0, ""float_verified"": true, ""halted"": false, ""in_session_window"": true, ""is_fund_or_etf"": null, ""last"": 2.88, ""live_theme"": false, ""macd_positive_and_above_signal"": null, ""penny_theme"": false, ""premarket_volume"": null, ""prev_close"": null, ""rvol"": 42.743295611946095, ""session_high"": 3.11, ""session_volume"": 3204685.0, ""split_ratio_clean_integer"": null, ""symbol"": ""YMT"", ""tick_size"": null}",2.98,2.74,3.46,0.24,2.0,2,0,REFUSED,"[""bar is outside the 07:00-16:00 ET session window (session 'none'); nothing is traded there"", ""bar clock: the bar closed 8060s before the runner saw it (budget 120s); a stale plan is not the trade the cascade reviewed (bar close \u2192 published 8057s, published \u2192 runner 3s)"", ""backfill decision: armed on loaded history, inputs not point-in-time (bar clock: the bar predates the desk's start; a fresh publication time does not make it fresh)"", ""Layer 2 not green: pullback volume was not lighter than the impulse"", ""Layer 2 not green: MACD unknown (not computable at the plan) (verdict WATCH) \u2014 chart gates must all be true at entry"", ""selective (A13): price 2.98 under $5""]",2026-09-29T10:46:20+00:00,2026-09-29T10:46:17+00:00,29c30d884550,6f27547,2026-09-29T04:32:00-04:00,"{""bar_end"": ""2026-09-29T04:32:00-04:00"", ""bar_to_published_s"": 8057, ""published"": ""2026-09-29T10:46:17+00:00"", ""published_to_seen_s"": 3, ""quote_ts"": ""2026-09-29T10:46:18+00:00"", ""runner_seen"": ""2026-09-29T10:46:20+00:00""}",,2.98,0.4583,-4.625,1,0,stop,1,2026-09-29T08:32:00Z,3.09,2.6,2.05
4a4577c02e81b0de,2026-09-29T04:38:00-04:00,none,BKYI,pullback,ibkr-YMT-BKYI-MSGY,IBKR · TWS read-only · live,live-backfill,1m,3.14,,,3.28,8179954.0,258.4519965371029,86.90476190476193,1310000.0,verified,finviz via premarket_stars.py,0,0,REVIEW,,1,"[{""id"": ""price"", ""kills"": true, ""reason"": ""$3.14 is outside $2.00\u201320.00."", ""state"": ""PASS"", ""value"": ""$3.14  band $2.00\u201320.00""}, {""id"": ""float"", ""kills"": false, ""reason"": """", ""state"": ""PASS"", ""value"": ""1.3M (verified)""}, {""id"": ""catalyst"", ""kills"": false, ""reason"": ""The desk has no news feed (no headline keys in .env); the gate could not be evaluated."", ""state"": ""UNKNOWN"", ""value"": ""no headline source""}, {""id"": ""pillars"", ""kills"": true, ""reason"": ""Only 4 of the Five Pillars pass (need 4); missing catalyst."", ""state"": ""PASS"", ""value"": ""4/5 \u2014 missing catalyst""}, {""id"": ""rising"", ""kills"": true, ""reason"": ""4.3% off the high \u2014 back side of the move."", ""state"": ""PASS"", ""value"": ""4.3% off 3.28""}, {""id"": ""split"", ""kills"": false, ""reason"": """", ""state"": ""PASS"", ""value"": ""gap is not arithmetic""}, {""id"": ""instrument"", ""kills"": false, ""reason"": """", ""state"": ""UNKNOWN"", ""value"": ""\u2014""}, {""id"": ""tick"", ""kills"": false, ""reason"": """", ""state"": ""UNKNOWN"", ""value"": ""\u2014""}, {""id"": ""buyout"", ""kills"": true, ""reason"": ""Acquisition announced \u2014 the price is pinned and volatility is gone."", ""state"": ""PASS"", ""value"": ""none""}, {""id"": ""vwap"", ""kills"": false, ""reason"": """", ""state"": ""PASS"", ""value"": ""yes""}, {""id"": ""ema9"", ""kills"": false, ""reason"": """", ""state"": ""PASS"", ""value"": ""yes""}, {""id"": ""macd"", ""kills"": false, ""reason"": """", ""state"": ""PASS"", ""value"": ""yes""}, {""id"": ""tape"", ""kills"": false, ""reason"": ""No tape and no book in this tool."", ""state"": ""MANUAL_CONFIRMATION_REQUIRED"", ""value"": ""your eyes""}]","[""Catalyst unknown \u2014 no headline source on this desk (A2: flagged, not killed)."", ""Instrument type unknown \u2014 ADRs are fine, funds are not.""]","{""above_ema9"": true, ""above_vwap"": true, ""buyout_announced"": false, ""catalyst_source_ok"": false, ""catalyst_today"": false, ""catalyst_verdict"": ""UNKNOWN"", ""change_pct"": 86.90476190476193, ""feed_stale"": false, ""float_is_shares_outstanding"": false, ""float_shares"": 1310000.0, ""float_verified"": true, ""halted"": false, ""in_session_window"": true, ""is_fund_or_etf"": null, ""last"": 3.14, ""live_theme"": false, ""macd_positive_and_above_signal"": true, ""penny_theme"": false, ""premarket_volume"": null, ""prev_close"": null, ""rvol"": 258.4519965371029, ""session_high"": 3.28, ""session_volume"": 8179954.0, ""split_ratio_clean_integer"": null, ""symbol"": ""BKYI"", ""tick_size"": null}",3.12,2.98,3.4,0.14,2.0,1,0,REFUSED,"[""bar is outside the 07:00-16:00 ET session window (session 'none'); nothing is traded there"", ""bar clock: the bar closed 7640s before the runner saw it (budget 120s); a stale plan is not the trade the cascade reviewed (bar close \u2192 published 7637s, published \u2192 runner 3s)"", ""backfill decision: armed on loaded history, inputs not point-in-time (bar clock: the bar predates the desk's start; a fresh publication time does not make it fresh)"", ""Layer 2 not green: pullback volume was not lighter than the impulse"", ""selective (A13): price 3.12 under $5"", ""selective (A13): plan 3 of the day on BKYI, only the first 2 are taken""]",2026-09-29T10:46:20+00:00,2026-09-29T10:46:17+00:00,29c30d884550,6f27547,2026-09-29T04:39:00-04:00,"{""bar_end"": ""2026-09-29T04:39:00-04:00"", ""bar_to_published_s"": 7637, ""published"": ""2026-09-29T10:46:17+00:00"", ""published_to_seen_s"": 3, ""quote_ts"": ""2026-09-29T10:46:19+00:00"", ""runner_seen"": ""2026-09-29T10:46:20+00:00""}",,3.12,11.0,-6.1429,1,1,stop,1,2026-09-29T08:39:00Z,3.6,2.97,3.3499
65aca17edae3cbc1,2026-09-29T04:41:00-04:00,none,FFAI,pullback,ibkr-YMT-BKYI-MSGY,IBKR · TWS read-only · live,live-backfill,1m,1.73,,,1.85,1660700.0,0.7968017575987225,22.69503546099292,6030000.0,verified,finviz via premarket_stars.py,0,0,REJECT,price,0,"[{""id"": ""price"", ""kills"": true, ""reason"": ""$1.73 is outside $2.00\u201320.00."", ""state"": ""FAIL"", ""value"": ""$1.73  band $2.00\u201320.00""}, {""id"": ""float"", ""kills"": false, ""reason"": ""cascade already stopped"", ""state"": ""NOT_APPLICABLE"", ""value"": ""\u2014""}, {""id"": ""catalyst"", ""kills"": false, ""reason"": ""cascade already stopped"", ""state"": ""NOT_APPLICABLE"", ""value"": ""\u2014""}, {""id"": ""pillars"", ""kills"": false, ""reason"": ""cascade already stopped"", ""state"": ""NOT_APPLICABLE"", ""value"": ""\u2014""}, {""id"": ""rising"", ""kills"": false, ""reason"": ""cascade already stopped"", ""state"": ""NOT_APPLICABLE"", ""value"": ""\u2014""}, {""id"": ""split"", ""kills"": false, ""reason"": ""cascade already stopped"", ""state"": ""NOT_APPLICABLE"", ""value"": ""\u2014""}, {""id"": ""instrument"", ""kills"": false, ""reason"": ""cascade already stopped"", ""state"": ""NOT_APPLICABLE"", ""value"": ""\u2014""}, {""id"": ""tick"", ""kills"": false, ""reason"": ""cascade already stopped"", ""state"": ""NOT_APPLICABLE"", ""value"": ""\u2014""}, {""id"": ""buyout"", ""kills"": false, ""reason"": ""cascade already stopped"", ""state"": ""NOT_APPLICABLE"", ""value"": ""\u2014""}]",[],"{""above_ema9"": true, ""above_vwap"": true, ""buyout_announced"": false, ""catalyst_source_ok"": false, ""catalyst_today"": false, ""catalyst_verdict"": ""UNKNOWN"", ""change_pct"": 22.69503546099292, ""feed_stale"": false, ""float_is_shares_outstanding"": false, ""float_shares"": 6030000.0, ""float_verified"": true, ""halted"": false, ""in_session_window"": true, ""is_fund_or_etf"": null, ""last"": 1.73, ""live_theme"": false, ""macd_positive_and_above_signal"": true, ""penny_theme"": false, ""premarket_volume"": null, ""prev_close"": null, ""rvol"": 0.7968017575987225, ""session_high"": 1.85, ""session_volume"": 1660700.0, ""split_ratio_clean_integer"": null, ""symbol"": ""FFAI"", ""tick_size"": null}",1.72,1.65,1.86,0.07,2.0,2,1,SUPPRESSED,,,2026-09-29T10:47:10+00:00,29c30d884550,6f27547,2026-09-29T04:42:00-04:00,,,1.72,1.8571,-6.7143,1,0,stop,1,2026-09-29T08:42:00Z,1.85,1.63,1.295
6d1d4857a4441431,2026-09-29T04:45:00-04:00,none,YMT,pullback,ibkr-YMT-BKYI-MSGY,IBKR · TWS read-only · live,live-backfill,1m,2.765,,,3.11,5194294.0,69.2802081756422,56.21468926553672,5920000.0,verified,finviz via premarket_stars.py,0,0,WAIT,,1,"[{""id"": ""price"", ""kills"": true, ""reason"": ""$2.77 is outside $2.00\u201320.00."", ""state"": ""PASS"", ""value"": ""$2.77  band $2.00\u201320.00""}, {""id"": ""float"", ""kills"": false, ""reason"": """", ""state"": ""PASS"", ""value"": ""5.9M (verified)""}, {""id"": ""catalyst"", ""kills"": false, ""reason"": ""The desk has no news feed (no headline keys in .env); the gate could not be evaluated."", ""state"": ""UNKNOWN"", ""value"": ""no headline source""}, {""id"": ""pillars"", ""kills"": true, ""reason"": ""Only 4 of the Five Pillars pass (need 4); missing catalyst."", ""state"": ""PASS"", ""value"": ""4/5 \u2014 missing catalyst""}, {""id"": ""rising"", ""kills"": true, ""reason"": ""11.1% off the high \u2014 back side of the move."", ""state"": ""PASS"", ""value"": ""11.1% off 3.11""}, {""id"": ""split"", ""kills"": false, ""reason"": """", ""state"": ""PASS"", ""value"": ""gap is not arithmetic""}, {""id"": ""instrument"", ""kills"": false, ""reason"": """", ""state"": ""UNKNOWN"", ""value"": ""\u2014""}, {""id"": ""tick"", ""kills"": false, ""reason"": """", ""state"": ""UNKNOWN"", ""value"": ""\u2014""}, {""id"": ""buyout"", ""kills"": true, ""reason"": ""Acquisition announced \u2014 the price is pinned and volatility is gone."", ""state"": ""PASS"", ""value"": ""none""}, {""id"": ""vwap"", ""kills"": false, ""reason"": """", ""state"": ""PASS"", ""value"": ""yes""}, {""id"": ""ema9"", ""kills"": false, ""reason"": """", ""state"": ""PASS"", ""value"": ""yes""}, {""id"": ""macd"", ""kills"": false, ""reason"": """", ""state"": ""FAIL"", ""value"": ""no""}, {""id"": ""tape"", ""kills"": false, ""reason"": ""No tape and no book in this tool."", ""state"": ""MANUAL_CONFIRMATION_REQUIRED"", ""value"": ""your eyes""}]","[""Catalyst unknown \u2014 no headline source on this desk (A2: flagged, not killed)."", ""Instrument type unknown \u2014 ADRs are fine, funds are not.""]","{""above_ema9"": true, ""above_vwap"": true, ""buyout_announced"": false, ""catalyst_source_ok"": false, ""catalyst_today"": false, ""catalyst_verdict"": ""UNKNOWN"", ""change_pct"": 56.21468926553672, ""feed_stale"": false, ""float_is_shares_outstanding"": false, ""float_shares"": 5920000.0, ""float_verified"": true, ""halted"": false, ""in_session_window"": true, ""is_fund_or_etf"": null, ""last"": 2.765, ""live_theme"": false, ""macd_positive_and_above_signal"": false, ""penny_theme"": false, ""premarket_volume"": null, ""prev_close"": null, ""rvol"": 69.2802081756422, ""session_high"": 3.11, ""session_volume"": 5194294.0, ""split_ratio_clean_integer"": null, ""symbol"": ""YMT"", ""tick_size"": null}",2.76,2.62,3.04,0.14,2.0,4,1,REFUSED,"[""bar is outside the 07:00-16:00 ET session window (session 'none'); nothing is traded there"", ""bar clock: the bar closed 7220s before the runner saw it (budget 120s); a stale plan is not the trade the cascade reviewed (bar close \u2192 published 7217s, published \u2192 runner 3s)"", ""backfill decision: armed on loaded history, inputs not point-in-time (bar clock: the bar predates the desk's start; a fresh publication time does not make it fresh)"", ""Layer 2 not green: MACD not positive and above its signal (verdict WAIT) \u2014 chart gates must all be true at entry"", ""selective (A13): price 2.76 under $5"", ""selective (A13): plan 3 of the day on YMT, only the first 2 are taken""]",2026-09-29T10:46:20+00:00,2026-09-29T10:46:17+00:00,29c30d884550,6f27547,2026-09-29T04:46:00-04:00,"{""bar_end"": ""2026-09-29T04:46:00-04:00"", ""bar_to_published_s"": 7217, ""published"": ""2026-09-29T10:46:17+00:00"", ""published_to_seen_s"": 3, ""quote_ts"": ""2026-09-29T10:46:18+00:00"", ""runner_seen"": ""2026-09-29T10:46:20+00:00""}",,2.76,2.3571,-6.3571,1,1,target,1,2026-09-29T08:46:00Z,3.09,2.45,2.05
9f6be8e4025b8467,2026-09-29T04:46:00-04:00,none,BKYI,pullback,ibkr-YMT-BKYI-MSGY,IBKR · TWS read-only · live,live-backfill,1m,3.35,,,3.6,10126797.0,319.96401241082094,99.40476190476191,1310000.0,verified,finviz via premarket_stars.py,0,0,REVIEW,,1,"[{""id"": ""price"", ""kills"": true, ""reason"": ""$3.35 is outside $2.00\u201320.00."", ""state"": ""PASS"", ""value"": ""$3.35  band $2.00\u201320.00""}, {""id"": ""float"", ""kills"": false, ""reason"": """", ""state"": ""PASS"", ""value"": ""1.3M (verified)""}, {""id"": ""catalyst"", ""kills"": false, ""reason"": ""The desk has no news feed (no headline keys in .env); the gate could not be evaluated."", ""state"": ""UNKNOWN"", ""value"": ""no headline source""}, {""id"": ""pillars"", ""kills"": true, ""reason"": ""Only 4 of the Five Pillars pass (need 4); missing catalyst."", ""state"": ""PASS"", ""value"": ""4/5 \u2014 missing catalyst""}, {""id"": ""rising"", ""kills"": true, ""reason"": ""6.9% off the high \u2014 back side of the move."", ""state"": ""PASS"", ""value"": ""6.9% off 3.60""}, {""id"": ""split"", ""kills"": false, ""reason"": """", ""state"": ""PASS"", ""value"": ""gap is not arithmetic""}, {""id"": ""instrument"", ""kills"": false, ""reason"": """", ""state"": ""UNKNOWN"", ""value"": ""\u2014""}, {""id"": ""tick"", ""kills"": false, ""reason"": """", ""state"": ""UNKNOWN"", ""value"": ""\u2014""}, {""id"": ""buyout"", ""kills"": true, ""reason"": ""Acquisition announced \u2014 the price is pinned and volatility is gone."", ""state"": ""PASS"", ""value"": ""none""}, {""id"": ""vwap"", ""kills"": false, ""reason"": """", ""state"": ""PASS"", ""value"": ""yes""}, {""id"": ""ema9"", ""kills"": false, ""reason"": """", ""state"": ""PASS"", ""value"": ""yes""}, {""id"": ""macd"", ""kills"": false, ""reason"": """", ""state"": ""PASS"", ""value"": ""yes""}, {""id"": ""tape"", ""kills"": false, ""reason"": ""No tape and no book in this tool."", ""state"": ""MANUAL_CONFIRMATION_REQUIRED"", ""value"": ""your eyes""}]","[""Catalyst unknown \u2014 no headline source on this desk (A2: flagged, not killed)."", ""Instrument type unknown \u2014 ADRs are fine, funds are not.""]","{""above_ema9"": true, ""above_vwap"": true, ""buyout_announced"": false, ""catalyst_source_ok"": false, ""catalyst_today"": false, ""catalyst_verdict"": ""UNKNOWN"", ""change_pct"": 99.40476190476191, ""feed_stale"": false, ""float_is_shares_outstanding"": false, ""float_shares"": 1310000.0, ""float_verified"": true, ""halted"": false, ""in_session_window"": true, ""is_fund_or_etf"": null, ""last"": 3.35, ""live_theme"": false, ""macd_positive_and_above_signal"": true, ""penny_theme"": false, ""premarket_volume"": null, ""prev_close"": null, ""rvol"": 319.96401241082094, ""session_high"": 3.6, ""session_volume"": 10126797.0, ""split_ratio_clean_integer"": null, ""symbol"": ""BKYI"", ""tick_size"": null}",3.45,3.3113,3.7274,0.1387,2.0,2,1,REFUSED,"[""bar is outside the 07:00-16:00 ET session window (session 'none'); nothing is traded there"", ""bar clock: the bar closed 7160s before the runner saw it (budget 120s); a stale plan is not the trade the cascade reviewed (bar close \u2192 published 7157s, published \u2192 runner 3s)"", ""backfill decision: armed on loaded history, inputs not point-in-time (bar clock: the bar predates the desk's start; a fresh publication time does not make it fresh)"", ""selective (A13): price 3.45 under $5"", ""selective (A13): plan 4 of the day on BKYI, only the first 2 are taken""]",2026-09-29T10:46:20+00:00,2026-09-29T10:46:17+00:00,29c30d884550,6f27547,2026-09-29T04:47:00-04:00,"{""bar_end"": ""2026-09-29T04:47:00-04:00"", ""bar_to_published_s"": 7157, ""published"": ""2026-09-29T10:46:17+00:00"", ""published_to_seen_s"": 3, ""quote_ts"": ""2026-09-29T10:46:19+00:00"", ""runner_seen"": ""2026-09-29T10:46:20+00:00""}",,3.45,8.7239,-2.8839,1,1,stop,1,2026-09-29T13:30:00Z,3.4253,2.91,3.3499
a11b40c0da47f848,2026-09-29T04:55:00-04:00,none,BKYI,pullback,ibkr-YMT-BKYI-MSGY,IBKR · TWS read-only · live,live-backfill,1m,3.22,,,3.6,11361758.0,358.9835638771809,91.6666666666667,1310000.0,verified,finviz via premarket_stars.py,0,0,WAIT,,1,"[{""id"": ""price"", ""kills"": true, ""reason"": ""$3.22 is outside $2.00\u201320.00."", ""state"": ""PASS"", ""value"": ""$3.22  band $2.00\u201320.00""}, {""id"": ""float"", ""kills"": false, ""reason"": """", ""state"": ""PASS"", ""value"": ""1.3M (verified)""}, {""id"": ""catalyst"", ""kills"": false, ""reason"": ""The desk has no news feed (no headline keys in .env); the gate could not be evaluated."", ""state"": ""UNKNOWN"", ""value"": ""no headline source""}, {""id"": ""pillars"", ""kills"": true, ""reason"": ""Only 4 of the Five Pillars pass (need 4); missing catalyst."", ""state"": ""PASS"", ""value"": ""4/5 \u2014 missing catalyst""}, {""id"": ""rising"", ""kills"": true, ""reason"": ""10.6% off the high \u2014 back side of the move."", ""state"": ""PASS"", ""value"": ""10.6% off 3.60""}, {""id"": ""split"", ""kills"": false, ""reason"": """", ""state"": ""PASS"", ""value"": ""gap is not arithmetic""}, {""id"": ""instrument"", ""kills"": false, ""reason"": """", ""state"": ""UNKNOWN"", ""value"": ""\u2014""}, {""id"": ""tick"", ""kills"": false, ""reason"": """", ""state"": ""UNKNOWN"", ""value"": ""\u2014""}, {""id"": ""buyout"", ""kills"": true, ""reason"": ""Acquisition announced \u2014 the price is pinned and volatility is gone."", ""state"": ""PASS"", ""value"": ""none""}, {""id"": ""vwap"", ""kills"": false, ""reason"": """", ""state"": ""PASS"", ""value"": ""yes""}, {""id"": ""ema9"", ""kills"": false, ""reason"": """", ""state"": ""FAIL"", ""value"": ""no""}, {""id"": ""macd"", ""kills"": false, ""reason"": """", ""state"": ""FAIL"", ""value"": ""no""}, {""id"": ""tape"", ""kills"": false, ""reason"": ""No tape and no book in this tool."", ""state"": ""MANUAL_CONFIRMATION_REQUIRED"", ""value"": ""your eyes""}]","[""Catalyst unknown \u2014 no headline source on this desk (A2: flagged, not killed)."", ""Instrument type unknown \u2014 ADRs are fine, funds are not.""]","{""above_ema9"": false, ""above_vwap"": true, ""buyout_announced"": false, ""catalyst_source_ok"": false, ""catalyst_today"": false, ""catalyst_verdict"": ""UNKNOWN"", ""change_pct"": 91.6666666666667, ""feed_stale"": false, ""float_is_shares_outstanding"": false, ""float_shares"": 1310000.0, ""float_verified"": true, ""halted"": false, ""in_session_window"": true, ""is_fund_or_etf"": null, ""last"": 3.22, ""live_theme"": false, ""macd_positive_and_above_signal"": false, ""penny_theme"": false, ""premarket_volume"": null, ""prev_close"": null, ""rvol"": 358.9835638771809, ""session_high"": 3.6, ""session_volume"": 11361758.0, ""split_ratio_clean_integer"": null, ""symbol"": ""BKYI"", ""tick_size"": null}",3.26,3.15,3.48,0.11,2.0,1,1,REFUSED,"[""bar is outside the 07:00-16:00 ET session window (session 'none'); nothing is traded there"", ""bar clock: the bar closed 6620s before the runner saw it (budget 120s); a stale plan is not the trade the cascade reviewed (bar close \u2192 published 6617s, published \u2192 runner 3s)"", ""backfill decision: armed on loaded history, inputs not point-in-time (bar clock: the bar predates the desk's start; a fresh publication time does not make it fresh)"", ""Layer 2 not green: below the 9 EMA; MACD not positive and above its signal (verdict WAIT) \u2014 chart gates must all be true at entry"", ""selective (A13): price 3.26 under $5"", ""selective (A13): plan 5 of the day on BKYI, only the first 2 are taken""]",2026-09-29T10:46:20+00:00,2026-09-29T10:46:17+00:00,29c30d884550,6f27547,2026-09-29T04:56:00-04:00,"{""bar_end"": ""2026-09-29T04:56:00-04:00"", ""bar_to_published_s"": 6617, ""published"": ""2026-09-29T10:46:17+00:00"", ""published_to_seen_s"": 3, ""quote_ts"": ""2026-09-29T10:46:19+00:00"", ""runner_seen"": ""2026-09-29T10:46:20+00:00""}",,3.26,12.7273,-9.0909,1,1,stop,1,2026-09-29T08:57:00Z,3.3,2.87,3.3499
087b6566d41f68e3,2026-09-29T05:10:00-04:00,none,YMT,pullback,ibkr-YMT-BKYI-MSGY,IBKR · TWS read-only · live,live-backfill,1m,2.58,,,3.11,7381095.0,98.44721884517737,45.76271186440679,5920000.0,verified,finviz via premarket_stars.py,0,0,WAIT,,1,"[{""id"": ""price"", ""kills"": true, ""reason"": ""$2.58 is outside $2.00\u201320.00."", ""state"": ""PASS"", ""value"": ""$2.58  band $2.00\u201320.00""}, {""id"": ""float"", ""kills"": false, ""reason"": """", ""state"": ""PASS"", ""value"": ""5.9M (verified)""}, {""id"": ""catalyst"", ""kills"": false, ""reason"": ""The desk has no news feed (no headline keys in .env); the gate could not be evaluated."", ""state"": ""UNKNOWN"", ""value"": ""no headline source""}, {""id"": ""pillars"", ""kills"": true, ""reason"": ""Only 4 of the Five Pillars pass (need 4); missing catalyst."", ""state"": ""PASS"", ""value"": ""4/5 \u2014 missing catalyst""}, {""id"": ""rising"", ""kills"": true, ""reason"": ""17.0% off the high \u2014 back side of the move."", ""state"": ""PASS"", ""value"": ""17.0% off 3.11""}, {""id"": ""split"", ""kills"": false, ""reason"": """", ""state"": ""PASS"", ""value"": ""gap is not arithmetic""}, {""id"": ""instrument"", ""kills"": false, ""reason"": """", ""state"": ""UNKNOWN"", ""value"": ""\u2014""}, {""id"": ""tick"", ""kills"": false, ""reason"": """", ""state"": ""UNKNOWN"", ""value"": ""\u2014""}, {""id"": ""buyout"", ""kills"": true, ""reason"": ""Acquisition announced \u2014 the price is pinned and volatility is gone."", ""state"": ""PASS"", ""value"": ""none""}, {""id"": ""vwap"", ""kills"": false, ""reason"": """", ""state"": ""FAIL"", ""value"": ""no""}, {""id"": ""ema9"", ""kills"": false, ""reason"": """", ""state"": ""FAIL"", ""value"": ""no""}, {""id"": ""macd"", ""kills"": false, ""reason"": """", ""state"": ""FAIL"", ""value"": ""no""}, {""id"": ""tape"", ""kills"": false, ""reason"": ""No tape and no book in this tool."", ""state"": ""MANUAL_CONFIRMATION_REQUIRED"", ""value"": ""your eyes""}]","[""Catalyst unknown \u2014 no headline source on this desk (A2: flagged, not killed)."", ""Instrument type unknown \u2014 ADRs are fine, funds are not.""]","{""above_ema9"": false, ""above_vwap"": false, ""buyout_announced"": false, ""catalyst_source_ok"": false, ""catalyst_today"": false, ""catalyst_verdict"": ""UNKNOWN"", ""change_pct"": 45.76271186440679, ""feed_stale"": false, ""float_is_shares_outstanding"": false, ""float_shares"": 5920000.0, ""float_verified"": true, ""halted"": false, ""in_session_window"": true, ""is_fund_or_etf"": null, ""last"": 2.58, ""live_theme"": false, ""macd_positive_and_above_signal"": false, ""penny_theme"": false, ""premarket_volume"": null, ""prev_close"": null, ""rvol"": 98.44721884517737, ""session_high"": 3.11, ""session_volume"": 7381095.0, ""split_ratio_clean_integer"": null, ""symbol"": ""YMT"", ""tick_size"": null}",2.61,2.56,2.71,0.05,2.0,1,1,REFUSED,"[""bar is outside the 07:00-16:00 ET session window (session 'none'); nothing is traded there"", ""bar clock: the bar closed 5720s before the runner saw it (budget 120s); a stale plan is not the trade the cascade reviewed (bar close \u2192 published 5717s, published \u2192 runner 3s)"", ""backfill decision: armed on loaded history, inputs not point-in-time (bar clock: the bar predates the desk's start; a fresh publication time does not make it fresh)"", ""Layer 2 not green: below VWAP; below the 9 EMA; MACD not positive and above its signal (verdict WAIT) \u2014 chart gates must all be true at entry"", ""selective (A13): stop 1.9% of price, under 2%"", ""selective (A13): price 2.61 under $5"", ""selective (A13): plan 4 of the day on YMT, only the first 2 are taken""]",2026-09-29T10:46:20+00:00,2026-09-29T10:46:17+00:00,29c30d884550,6f27547,2026-09-29T05:11:00-04:00,"{""bar_end"": ""2026-09-29T05:11:00-04:00"", ""bar_to_published_s"": 5717, ""published"": ""2026-09-29T10:46:17+00:00"", ""published_to_seen_s"": 3, ""quote_ts"": ""2026-09-29T10:46:18+00:00"", ""runner_seen"": ""2026-09-29T10:46:20+00:00""}",,2.61,1.2,-14.8,1,0,stop,1,2026-09-29T09:48:00Z,2.6,2.4,2.05
270483134f3ffaaf,2026-09-29T05:18:00-04:00,none,YMT,pullback,ibkr-YMT-BKYI-MSGY,IBKR · TWS read-only · live,live-backfill,1m,2.4606,,,3.11,7714792.0,102.89798686631505,39.01694915254237,5920000.0,verified,finviz via premarket_stars.py,0,0,WAIT,,1,"[{""id"": ""price"", ""kills"": true, ""reason"": ""$2.46 is outside $2.00\u201320.00."", ""state"": ""PASS"", ""value"": ""$2.46  band $2.00\u201320.00""}, {""id"": ""float"", ""kills"": false, ""reason"": """", ""state"": ""PASS"", ""value"": ""5.9M (verified)""}, {""id"": ""catalyst"", ""kills"": false, ""reason"": ""The desk has no news feed (no headline keys in .env); the gate could not be evaluated."", ""state"": ""UNKNOWN"", ""value"": ""no headline source""}, {""id"": ""pillars"", ""kills"": true, ""reason"": ""Only 4 of the Five Pillars pass (need 4); missing catalyst."", ""state"": ""PASS"", ""value"": ""4/5 \u2014 missing catalyst""}, {""id"": ""rising"", ""kills"": true, ""reason"": ""20.9% off the high \u2014 back side of the move."", ""state"": ""PASS"", ""value"": ""20.9% off 3.11""}, {""id"": ""split"", ""kills"": false, ""reason"": """", ""state"": ""PASS"", ""value"": ""gap is not arithmetic""}, {""id"": ""instrument"", ""kills"": false, ""reason"": """", ""state"": ""UNKNOWN"", ""value"": ""\u2014""}, {""id"": ""tick"", ""kills"": false, ""reason"": """", ""state"": ""UNKNOWN"", ""value"": ""\u2014""}, {""id"": ""buyout"", ""kills"": true, ""reason"": ""Acquisition announced \u2014 the price is pinned and volatility is gone."", ""state"": ""PASS"", ""value"": ""none""}, {""id"": ""vwap"", ""kills"": false, ""reason"": """", ""state"": ""FAIL"", ""value"": ""no""}, {""id"": ""ema9"", ""kills"": false, ""reason"": """", ""state"": ""FAIL"", ""value"": ""no""}, {""id"": ""macd"", ""kills"": false, ""reason"": """", ""state"": ""FAIL"", ""value"": ""no""}, {""id"": ""tape"", ""kills"": false, ""reason"": ""No tape and no book in this tool."", ""state"": ""MANUAL_CONFIRMATION_REQUIRED"", ""value"": ""your eyes""}]","[""Catalyst unknown \u2014 no headline source on this desk (A2: flagged, not killed)."", ""Instrument type unknown \u2014 ADRs are fine, funds are not.""]","{""above_ema9"": false, ""above_vwap"": false, ""buyout_announced"": false, ""catalyst_source_ok"": false, ""catalyst_today"": false, ""catalyst_verdict"": ""UNKNOWN"", ""change_pct"": 39.01694915254237, ""feed_stale"": false, ""float_is_shares_outstanding"": false, ""float_shares"": 5920000.0, ""float_verified"": true, ""halted"": false, ""in_session_window"": true, ""is_fund_or_etf"": null, ""last"": 2.4606, ""live_theme"": false, ""macd_positive_and_above_signal"": false, ""penny_theme"": false, ""premarket_volume"": null, ""prev_close"": null, ""rvol"": 102.89798686631505, ""session_high"": 3.11, ""session_volume"": 7714792.0, ""split_ratio_clean_integer"": null, ""symbol"": ""YMT"", ""tick_size"": null}",2.51,2.46,2.61,0.05,2.0,1,1,REFUSED,"[""bar is outside the 07:00-16:00 ET session window (session 'none'); nothing is traded there"", ""bar clock: the bar closed 5240s before the runner saw it (budget 120s); a stale plan is not the trade the cascade reviewed (bar close \u2192 published 5237s, published \u2192 runner 3s)"", ""backfill decision: armed on loaded history, inputs not point-in-time (bar clock: the bar predates the desk's start; a fresh publication time does not make it fresh)"", ""Layer 2 not green: below VWAP; below the 9 EMA; MACD not positive and above its signal (verdict WAIT) \u2014 chart gates must all be true at entry"", ""selective (A13): stop 2.0% of price, under 2%"", ""selective (A13): price 2.51 under $5"", ""selective (A13): plan 5 of the day on YMT, only the first 2 are taken""]",2026-09-29T10:46:20+00:00,2026-09-29T10:46:17+00:00,29c30d884550,6f27547,2026-09-29T05:19:00-04:00,"{""bar_end"": ""2026-09-29T05:19:00-04:00"", ""bar_to_published_s"": 5237, ""published"": ""2026-09-29T10:46:17+00:00"", ""published_to_seen_s"": 3, ""quote_ts"": ""2026-09-29T10:46:18+00:00"", ""runner_seen"": ""2026-09-29T10:46:20+00:00""}",,2.51,3.2,-12.8,1,1,stop,1,2026-09-29T09:21:00Z,2.62,2.4,2.05
3bb9dc77af62189b,2026-09-29T05:33:00-04:00,none,YMT,pullback,ibkr-YMT-BKYI-MSGY,IBKR · TWS read-only · live,live-backfill,1m,2.45,,,3.11,8107350.0,108.13382834179059,38.4180790960452,5920000.0,verified,finviz via premarket_stars.py,0,0,WAIT,,1,"[{""id"": ""price"", ""kills"": true, ""reason"": ""$2.45 is outside $2.00\u201320.00."", ""state"": ""PASS"", ""value"": ""$2.45  band $2.00\u201320.00""}, {""id"": ""float"", ""kills"": false, ""reason"": """", ""state"": ""PASS"", ""value"": ""5.9M (verified)""}, {""id"": ""catalyst"", ""kills"": false, ""reason"": ""The desk has no news feed (no headline keys in .env); the gate could not be evaluated."", ""state"": ""UNKNOWN"", ""value"": ""no headline source""}, {""id"": ""pillars"", ""kills"": true, ""reason"": ""Only 4 of the Five Pillars pass (need 4); missing catalyst."", ""state"": ""PASS"", ""value"": ""4/5 \u2014 missing catalyst""}, {""id"": ""rising"", ""kills"": true, ""reason"": ""21.2% off the high \u2014 back side of the move."", ""state"": ""PASS"", ""value"": ""21.2% off 3.11""}, {""id"": ""split"", ""kills"": false, ""reason"": """", ""state"": ""PASS"", ""value"": ""gap is not arithmetic""}, {""id"": ""instrument"", ""kills"": false, ""reason"": """", ""state"": ""UNKNOWN"", ""value"": ""\u2014""}, {""id"": ""tick"", ""kills"": false, ""reason"": """", ""state"": ""UNKNOWN"", ""value"": ""\u2014""}, {""id"": ""buyout"", ""kills"": true, ""reason"": ""Acquisition announced \u2014 the price is pinned and volatility is gone."", ""state"": ""PASS"", ""value"": ""none""}, {""id"": ""vwap"", ""kills"": false, ""reason"": """", ""state"": ""FAIL"", ""value"": ""no""}, {""id"": ""ema9"", ""kills"": false, ""reason"": """", ""state"": ""FAIL"", ""value"": ""no""}, {""id"": ""macd"", ""kills"": false, ""reason"": """", ""state"": ""PASS"", ""value"": ""yes""}, {""id"": ""tape"", ""kills"": false, ""reason"": ""No tape and no book in this tool."", ""state"": ""MANUAL_CONFIRMATION_REQUIRED"", ""value"": ""your eyes""}]","[""Catalyst unknown \u2014 no headline source on this desk (A2: flagged, not killed)."", ""Instrument type unknown \u2014 ADRs are fine, funds are not.""]","{""above_ema9"": false, ""above_vwap"": false, ""buyout_announced"": false, ""catalyst_source_ok"": false, ""catalyst_today"": false, ""catalyst_verdict"": ""UNKNOWN"", ""change_pct"": 38.4180790960452, ""feed_stale"": false, ""float_is_shares_outstanding"": false, ""float_shares"": 5920000.0, ""float_verified"": true, ""halted"": false, ""in_session_window"": true, ""is_fund_or_etf"": null, ""last"": 2.45, ""live_theme"": false, ""macd_positive_and_above_signal"": true, ""penny_theme"": false, ""premarket_volume"": null, ""prev_close"": null, ""rvol"": 108.13382834179059, ""session_high"": 3.11, ""session_volume"": 8107350.0, ""split_ratio_clean_integer"": null, ""symbol"": ""YMT"", ""tick_size"": null}",2.45,2.41,2.53,0.04,2.0,4,0,REFUSED,"[""bar is outside the 07:00-16:00 ET session window (session 'none'); nothing is traded there"", ""bar clock: the bar closed 4340s before the runner saw it (budget 120s); a stale plan is not the trade the cascade reviewed (bar close \u2192 published 4337s, published \u2192 runner 3s)"", ""backfill decision: armed on loaded history, inputs not point-in-time (bar clock: the bar predates the desk's start; a fresh publication time does not make it fresh)"", ""Layer 2 not green: pullback volume was not lighter than the impulse"", ""Layer 2 not green: below VWAP; below the 9 EMA (verdict WAIT) \u2014 chart gates must all be true at entry"", ""selective (A13): stop 1.6% of price, under 2%"", ""selective (A13): price 2.45 under $5"", ""selective (A13): plan 6 of the day on YMT, only the first 2 are taken""]",2026-09-29T10:46:20+00:00,2026-09-29T10:46:17+00:00,29c30d884550,6f27547,2026-09-29T05:34:00-04:00,"{""bar_end"": ""2026-09-29T05:34:00-04:00"", ""bar_to_published_s"": 4337, ""published"": ""2026-09-29T10:46:17+00:00"", ""published_to_seen_s"": 3, ""quote_ts"": ""2026-09-29T10:46:18+00:00"", ""runner_seen"": ""2026-09-29T10:46:20+00:00""}",,2.45,5.5,-14.5,1,1,target,1,2026-09-29T09:34:00Z,2.67,2.4407,2.05
e91318dbf53333f2,2026-09-29T05:38:00-04:00,none,BKYI,pullback,ibkr-YMT-BKYI-MSGY,IBKR · TWS read-only · live,live-backfill,1m,3.05,,,3.6,14138253.0,446.7090787303553,81.54761904761905,1310000.0,verified,finviz via premarket_stars.py,0,0,REVIEW,,1,"[{""id"": ""price"", ""kills"": true, ""reason"": ""$3.05 is outside $2.00\u201320.00."", ""state"": ""PASS"", ""value"": ""$3.05  band $2.00\u201320.00""}, {""id"": ""float"", ""kills"": false, ""reason"": """", ""state"": ""PASS"", ""value"": ""1.3M (verified)""}, {""id"": ""catalyst"", ""kills"": false, ""reason"": ""The desk has no news feed (no headline keys in .env); the gate could not be evaluated."", ""state"": ""UNKNOWN"", ""value"": ""no headline source""}, {""id"": ""pillars"", ""kills"": true, ""reason"": ""Only 4 of the Five Pillars pass (need 4); missing catalyst."", ""state"": ""PASS"", ""value"": ""4/5 \u2014 missing catalyst""}, {""id"": ""rising"", ""kills"": true, ""reason"": ""15.3% off the high \u2014 back side of the move."", ""state"": ""PASS"", ""value"": ""15.3% off 3.60""}, {""id"": ""split"", ""kills"": false, ""reason"": """", ""state"": ""PASS"", ""value"": ""gap is not arithmetic""}, {""id"": ""instrument"", ""kills"": false, ""reason"": """", ""state"": ""UNKNOWN"", ""value"": ""\u2014""}, {""id"": ""tick"", ""kills"": false, ""reason"": """", ""state"": ""UNKNOWN"", ""value"": ""\u2014""}, {""id"": ""buyout"", ""kills"": true, ""reason"": ""Acquisition announced \u2014 the price is pinned and volatility is gone."", ""state"": ""PASS"", ""value"": ""none""}, {""id"": ""vwap"", ""kills"": false, ""reason"": """", ""state"": ""PASS"", ""value"": ""yes""}, {""id"": ""ema9"", ""kills"": false, ""reason"": """", ""state"": ""PASS"", ""value"": ""yes""}, {""id"": ""macd"", ""kills"": false, ""reason"": """", ""state"": ""PASS"", ""value"": ""yes""}, {""id"": ""tape"", ""kills"": false, ""reason"": ""No tape and no book in this tool."", ""state"": ""MANUAL_CONFIRMATION_REQUIRED"", ""value"": ""your eyes""}]","[""Catalyst unknown \u2014 no headline source on this desk (A2: flagged, not killed)."", ""Instrument type unknown \u2014 ADRs are fine, funds are not.""]","{""above_ema9"": true, ""above_vwap"": true, ""buyout_announced"": false, ""catalyst_source_ok"": false, ""catalyst_today"": false, ""catalyst_verdict"": ""UNKNOWN"", ""change_pct"": 81.54761904761905, ""feed_stale"": false, ""float_is_shares_outstanding"": false, ""float_shares"": 1310000.0, ""float_verified"": true, ""halted"": false, ""in_session_window"": true, ""is_fund_or_etf"": null, ""last"": 3.05, ""live_theme"": false, ""macd_positive_and_above_signal"": true, ""penny_theme"": false, ""premarket_volume"": null, ""prev_close"": null, ""rvol"": 446.7090787303553, ""session_high"": 3.6, ""session_volume"": 14138253.0, ""split_ratio_clean_integer"": null, ""symbol"": ""BKYI"", ""tick_size"": null}",3.03,2.98,3.13,0.05,2.0,4,1,REFUSED,"[""bar is outside the 07:00-16:00 ET session window (session 'none'); nothing is traded there"", ""bar clock: the bar closed 4040s before the runner saw it (budget 120s); a stale plan is not the trade the cascade reviewed (bar close \u2192 published 4037s, published \u2192 runner 3s)"", ""backfill decision: armed on loaded history, inputs not point-in-time (bar clock: the bar predates the desk's start; a fresh publication time does not make it fresh)"", ""selective (A13): stop 1.7% of price, under 2%"", ""selective (A13): price 3.03 under $5"", ""selective (A13): plan 6 of the day on BKYI, only the first 2 are taken""]",2026-09-29T10:46:20+00:00,2026-09-29T10:46:17+00:00,29c30d884550,6f27547,2026-09-29T05:39:00-04:00,"{""bar_end"": ""2026-09-29T05:39:00-04:00"", ""bar_to_published_s"": 4037, ""published"": ""2026-09-29T10:46:17+00:00"", ""published_to_seen_s"": 3, ""quote_ts"": ""2026-09-29T10:46:19+00:00"", ""runner_seen"": ""2026-09-29T10:46:20+00:00""}",,3.03,32.6,-15.4,1,1,stop,1,2026-09-29T09:39:00Z,3.24,2.87,3.3499
47dec33e1d8f0d91,2026-09-29T05:54:00-04:00,none,BKYI,pullback,ibkr-YMT-BKYI-MSGY,IBKR · TWS read-only · live,live-backfill,1m,3.1813,,,3.6,15069856.0,476.1437986969902,89.36309523809523,1310000.0,verified,finviz via premarket_stars.py,0,0,REVIEW,,1,"[{""id"": ""price"", ""kills"": true, ""reason"": ""$3.18 is outside $2.00\u201320.00."", ""state"": ""PASS"", ""value"": ""$3.18  band $2.00\u201320.00""}, {""id"": ""float"", ""kills"": false, ""reason"": """", ""state"": ""PASS"", ""value"": ""1.3M (verified)""}, {""id"": ""catalyst"", ""kills"": false, ""reason"": ""The desk has no news feed (no headline keys in .env); the gate could not be evaluated."", ""state"": ""UNKNOWN"", ""value"": ""no headline source""}, {""id"": ""pillars"", ""kills"": true, ""reason"": ""Only 4 of the Five Pillars pass (need 4); missing catalyst."", ""state"": ""PASS"", ""value"": ""4/5 \u2014 missing catalyst""}, {""id"": ""rising"", ""kills"": true, ""reason"": ""11.6% off the high \u2014 back side of the move."", ""state"": ""PASS"", ""value"": ""11.6% off 3.60""}, {""id"": ""split"", ""kills"": false, ""reason"": """", ""state"": ""PASS"", ""value"": ""gap is not arithmetic""}, {""id"": ""instrument"", ""kills"": false, ""reason"": """", ""state"": ""UNKNOWN"", ""value"": ""\u2014""}, {""id"": ""tick"", ""kills"": false, ""reason"": """", ""state"": ""UNKNOWN"", ""value"": ""\u2014""}, {""id"": ""buyout"", ""kills"": true, ""reason"": ""Acquisition announced \u2014 the price is pinned and volatility is gone."", ""state"": ""PASS"", ""value"": ""none""}, {""id"": ""vwap"", ""kills"": false, ""reason"": """", ""state"": ""PASS"", ""value"": ""yes""}, {""id"": ""ema9"", ""kills"": false, ""reason"": """", ""state"": ""PASS"", ""value"": ""yes""}, {""id"": ""macd"", ""kills"": false, ""reason"": """", ""state"": ""PASS"", ""value"": ""yes""}, {""id"": ""tape"", ""kills"": false, ""reason"": ""No tape and no book in this tool."", ""state"": ""MANUAL_CONFIRMATION_REQUIRED"", ""value"": ""your eyes""}]","[""Catalyst unknown \u2014 no headline source on this desk (A2: flagged, not killed)."", ""Instrument type unknown \u2014 ADRs are fine, funds are not.""]","{""above_ema9"": true, ""above_vwap"": true, ""buyout_announced"": false, ""catalyst_source_ok"": false, ""catalyst_today"": false, ""catalyst_verdict"": ""UNKNOWN"", ""change_pct"": 89.36309523809523, ""feed_stale"": false, ""float_is_shares_outstanding"": false, ""float_shares"": 1310000.0, ""float_verified"": true, ""halted"": false, ""in_session_window"": true, ""is_fund_or_etf"": null, ""last"": 3.1813, ""live_theme"": false, ""macd_positive_and_above_signal"": true, ""penny_theme"": false, ""premarket_volume"": null, ""prev_close"": null, ""rvol"": 476.1437986969902, ""session_high"": 3.6, ""session_volume"": 15069856.0, ""split_ratio_clean_integer"": null, ""symbol"": ""BKYI"", ""tick_size"": null}",3.09,3.0,3.27,0.09,2.0,1,0,REFUSED,"[""bar is outside the 07:00-16:00 ET session window (session 'none'); nothing is traded there"", ""bar clock: the bar closed 3080s before the runner saw it (budget 120s); a stale plan is not the trade the cascade reviewed (bar close \u2192 published 3077s, published \u2192 runner 3s)"", ""backfill decision: armed on loaded history, inputs not point-in-time (bar clock: the bar predates the desk's start; a fresh publication time does not make it fresh)"", ""Layer 2 not green: pullback volume was not lighter than the impulse"", ""selective (A13): price 3.09 under $5"", ""selective (A13): plan 7 of the day on BKYI, only the first 2 are taken""]",2026-09-29T10:46:20+00:00,2026-09-29T10:46:17+00:00,29c30d884550,6f27547,2026-09-29T05:55:00-04:00,"{""bar_end"": ""2026-09-29T05:55:00-04:00"", ""bar_to_published_s"": 3077, ""published"": ""2026-09-29T10:46:17+00:00"", ""published_to_seen_s"": 3, ""quote_ts"": ""2026-09-29T10:46:19+00:00"", ""runner_seen"": ""2026-09-29T10:46:20+00:00""}",,3.09,17.4444,-9.2222,1,1,stop,1,2026-09-29T09:55:00Z,3.24,2.92,3.3499
932e6ce4fd2813df,2026-09-29T06:01:00-04:00,none,YMT,pullback,ibkr-YMT-BKYI-MSGY,IBKR · TWS read-only · live,live-backfill,1m,2.5907,,,3.11,9176268.0,122.39079214913208,46.36723163841807,5920000.0,verified,finviz via premarket_stars.py,0,0,WAIT,,1,"[{""id"": ""price"", ""kills"": true, ""reason"": ""$2.59 is outside $2.00\u201320.00."", ""state"": ""PASS"", ""value"": ""$2.59  band $2.00\u201320.00""}, {""id"": ""float"", ""kills"": false, ""reason"": """", ""state"": ""PASS"", ""value"": ""5.9M (verified)""}, {""id"": ""catalyst"", ""kills"": false, ""reason"": ""The desk has no news feed (no headline keys in .env); the gate could not be evaluated."", ""state"": ""UNKNOWN"", ""value"": ""no headline source""}, {""id"": ""pillars"", ""kills"": true, ""reason"": ""Only 4 of the Five Pillars pass (need 4); missing catalyst."", ""state"": ""PASS"", ""value"": ""4/5 \u2014 missing catalyst""}, {""id"": ""rising"", ""kills"": true, ""reason"": ""16.7% off the high \u2014 back side of the move."", ""state"": ""PASS"", ""value"": ""16.7% off 3.11""}, {""id"": ""split"", ""kills"": false, ""reason"": """", ""state"": ""PASS"", ""value"": ""gap is not arithmetic""}, {""id"": ""instrument"", ""kills"": false, ""reason"": """", ""state"": ""UNKNOWN"", ""value"": ""\u2014""}, {""id"": ""tick"", ""kills"": false, ""reason"": """", ""state"": ""UNKNOWN"", ""value"": ""\u2014""}, {""id"": ""buyout"", ""kills"": true, ""reason"": ""Acquisition announced \u2014 the price is pinned and volatility is gone."", ""state"": ""PASS"", ""value"": ""none""}, {""id"": ""vwap"", ""kills"": false, ""reason"": """", ""state"": ""FAIL"", ""value"": ""no""}, {""id"": ""ema9"", ""kills"": false, ""reason"": """", ""state"": ""PASS"", ""value"": ""yes""}, {""id"": ""macd"", ""kills"": false, ""reason"": """", ""state"": ""PASS"", ""value"": ""yes""}, {""id"": ""tape"", ""kills"": false, ""reason"": ""No tape and no book in this tool."", ""state"": ""MANUAL_CONFIRMATION_REQUIRED"", ""value"": ""your eyes""}]","[""Catalyst unknown \u2014 no headline source on this desk (A2: flagged, not killed)."", ""Instrument type unknown \u2014 ADRs are fine, funds are not.""]","{""above_ema9"": true, ""above_vwap"": false, ""buyout_announced"": false, ""catalyst_source_ok"": false, ""catalyst_today"": false, ""catalyst_verdict"": ""UNKNOWN"", ""change_pct"": 46.36723163841807, ""feed_stale"": false, ""float_is_shares_outstanding"": false, ""float_shares"": 5920000.0, ""float_verified"": true, ""halted"": false, ""in_session_window"": true, ""is_fund_or_etf"": null, ""last"": 2.5907, ""live_theme"": false, ""macd_positive_and_above_signal"": true, ""penny_theme"": false, ""premarket_volume"": null, ""prev_close"": null, ""rvol"": 122.39079214913208, ""session_high"": 3.11, ""session_volume"": 9176268.0, ""split_ratio_clean_integer"": null, ""symbol"": ""YMT"", ""tick_size"": null}",2.6206,2.55,2.7618,0.0706,2.0,1,0,REFUSED,"[""bar is outside the 07:00-16:00 ET session window (session 'none'); nothing is traded there"", ""bar clock: the bar closed 2660s before the runner saw it (budget 120s); a stale plan is not the trade the cascade reviewed (bar close \u2192 published 2657s, published \u2192 runner 3s)"", ""backfill decision: armed on loaded history, inputs not point-in-time (bar clock: the bar predates the desk's start; a fresh publication time does not make it fresh)"", ""Layer 2 not green: pullback volume was not lighter than the impulse"", ""Layer 2 not green: below VWAP (verdict WAIT) \u2014 chart gates must all be true at entry"", ""selective (A13): price 2.62 under $5"", ""selective (A13): plan 7 of the day on YMT, only the first 2 are taken""]",2026-09-29T10:46:20+00:00,2026-09-29T10:46:17+00:00,29c30d884550,6f27547,2026-09-29T06:02:00-04:00,"{""bar_end"": ""2026-09-29T06:02:00-04:00"", ""bar_to_published_s"": 2657, ""published"": ""2026-09-29T10:46:17+00:00"", ""published_to_seen_s"": 3, ""quote_ts"": ""2026-09-29T10:46:18+00:00"", ""runner_seen"": ""2026-09-29T10:46:20+00:00""}",,2.6206,0.2748,-10.6317,1,0,stop,1,2026-09-29T10:52:00Z,2.61,2.3693,2.05
b7d45e8882eecc45,2026-09-29T06:12:00-04:00,none,MSGY,pullback,ibkr-YMT-BKYI-MSGY,IBKR · TWS read-only · live,live-backfill,1m,3.78,,,4.1,457268.0,0.20211018149243953,20.766773162939288,1490000.0,verified,finviz via premarket_stars.py,0,0,REJECT,pillars,0,"[{""id"": ""price"", ""kills"": true, ""reason"": ""$3.78 is outside $2.00\u201320.00."", ""state"": ""PASS"", ""value"": ""$3.78  band $2.00\u201320.00""}, {""id"": ""float"", ""kills"": false, ""reason"": """", ""state"": ""PASS"", ""value"": ""1.5M (verified)""}, {""id"": ""catalyst"", ""kills"": false, ""reason"": ""The desk has no news feed (no headline keys in .env); the gate could not be evaluated."", ""state"": ""UNKNOWN"", ""value"": ""no headline source""}, {""id"": ""pillars"", ""kills"": true, ""reason"": ""Only 3 of the Five Pillars pass (need 4); missing rvol, catalyst."", ""state"": ""FAIL"", ""value"": ""3/5 \u2014 missing rvol, catalyst""}, {""id"": ""rising"", ""kills"": false, ""reason"": ""cascade already stopped"", ""state"": ""NOT_APPLICABLE"", ""value"": ""\u2014""}, {""id"": ""split"", ""kills"": false, ""reason"": ""cascade already stopped"", ""state"": ""NOT_APPLICABLE"", ""value"": ""\u2014""}, {""id"": ""instrument"", ""kills"": false, ""reason"": ""cascade already stopped"", ""state"": ""NOT_APPLICABLE"", ""value"": ""\u2014""}, {""id"": ""tick"", ""kills"": false, ""reason"": ""cascade already stopped"", ""state"": ""NOT_APPLICABLE"", ""value"": ""\u2014""}, {""id"": ""buyout"", ""kills"": false, ""reason"": ""cascade already stopped"", ""state"": ""NOT_APPLICABLE"", ""value"": ""\u2014""}]","[""Catalyst unknown \u2014 no headline source on this desk (A2: flagged, not killed).""]","{""above_ema9"": true, ""above_vwap"": true, ""buyout_announced"": false, ""catalyst_source_ok"": false, ""catalyst_today"": false, ""catalyst_verdict"": ""UNKNOWN"", ""change_pct"": 20.766773162939288, ""feed_stale"": false, ""float_is_shares_outstanding"": false, ""float_shares"": 1490000.0, ""float_verified"": true, ""halted"": false, ""in_session_window"": true, ""is_fund_or_etf"": null, ""last"": 3.78, ""live_theme"": false, ""macd_positive_and_above_signal"": true, ""penny_theme"": false, ""premarket_volume"": null, ""prev_close"": null, ""rvol"": 0.20211018149243953, ""session_high"": 4.1, ""session_volume"": 457268.0, ""split_ratio_clean_integer"": null, ""symbol"": ""MSGY"", ""tick_size"": null}",3.72,3.55,4.06,0.17,2.0,3,0,SUPPRESSED,,,2026-09-29T10:46:17+00:00,29c30d884550,6f27547,2026-09-29T06:13:00-04:00,,,3.72,8.7059,-3.0588,1,1,stop,1,2026-09-29T10:13:00Z,5.2,3.55,3.58
d26b1fd8cb2fe6f1,2026-09-29T06:20:00-04:00,none,MSGY,pullback,ibkr-YMT-BKYI-MSGY,IBKR · TWS read-only · live,live-backfill,1m,4.8094,,,4.87,1397892.0,0.6178613107123815,53.65495207667732,1490000.0,verified,finviz via premarket_stars.py,0,0,REJECT,pillars,0,"[{""id"": ""price"", ""kills"": true, ""reason"": ""$4.81 is outside $2.00\u201320.00."", ""state"": ""PASS"", ""value"": ""$4.81  band $2.00\u201320.00""}, {""id"": ""float"", ""kills"": false, ""reason"": """", ""state"": ""PASS"", ""value"": ""1.5M (verified)""}, {""id"": ""catalyst"", ""kills"": false, ""reason"": ""The desk has no news feed (no headline keys in .env); the gate could not be evaluated."", ""state"": ""UNKNOWN"", ""value"": ""no headline source""}, {""id"": ""pillars"", ""kills"": true, ""reason"": ""Only 3 of the Five Pillars pass (need 4); missing rvol, catalyst."", ""state"": ""FAIL"", ""value"": ""3/5 \u2014 missing rvol, catalyst""}, {""id"": ""rising"", ""kills"": false, ""reason"": ""cascade already stopped"", ""state"": ""NOT_APPLICABLE"", ""value"": ""\u2014""}, {""id"": ""split"", ""kills"": false, ""reason"": ""cascade already stopped"", ""state"": ""NOT_APPLICABLE"", ""value"": ""\u2014""}, {""id"": ""instrument"", ""kills"": false, ""reason"": ""cascade already stopped"", ""state"": ""NOT_APPLICABLE"", ""value"": ""\u2014""}, {""id"": ""tick"", ""kills"": false, ""reason"": ""cascade already stopped"", ""state"": ""NOT_APPLICABLE"", ""value"": ""\u2014""}, {""id"": ""buyout"", ""kills"": false, ""reason"": ""cascade already stopped"", ""state"": ""NOT_APPLICABLE"", ""value"": ""\u2014""}]","[""Catalyst unknown \u2014 no headline source on this desk (A2: flagged, not killed).""]","{""above_ema9"": true, ""above_vwap"": true, ""buyout_announced"": false, ""catalyst_source_ok"": false, ""catalyst_today"": false, ""catalyst_verdict"": ""UNKNOWN"", ""change_pct"": 53.65495207667732, ""feed_stale"": false, ""float_is_shares_outstanding"": false, ""float_shares"": 1490000.0, ""float_verified"": true, ""halted"": false, ""in_session_window"": true, ""is_fund_or_etf"": null, ""last"": 4.8094, ""live_theme"": false, ""macd_positive_and_above_signal"": true, ""penny_theme"": false, ""premarket_volume"": null, ""prev_close"": null, ""rvol"": 0.6178613107123815, ""session_high"": 4.87, ""session_volume"": 1397892.0, ""split_ratio_clean_integer"": null, ""symbol"": ""MSGY"", ""tick_size"": null}",4.79,4.52,5.33,0.27,2.0,1,0,SUPPRESSED,,,2026-09-29T10:46:17+00:00,29c30d884550,6f27547,2026-09-29T06:21:00-04:00,,,4.79,1.5185,-5.8889,1,0,stop,1,2026-09-29T10:21:00Z,5.2,3.76,3.58
72a5a3688a238709,2026-09-29T06:43:00-04:00,none,BKYI,pullback,ibkr-YMT-BKYI-MSGY,IBKR · TWS read-only · live,live-backfill,1m,3.0913,,,3.6,17992620.0,568.4907961503707,84.00595238095238,1310000.0,verified,finviz via premarket_stars.py,0,0,REVIEW,,1,"[{""id"": ""price"", ""kills"": true, ""reason"": ""$3.09 is outside $2.00\u201320.00."", ""state"": ""PASS"", ""value"": ""$3.09  band $2.00\u201320.00""}, {""id"": ""float"", ""kills"": false, ""reason"": """", ""state"": ""PASS"", ""value"": ""1.3M (verified)""}, {""id"": ""catalyst"", ""kills"": false, ""reason"": ""The desk has no news feed (no headline keys in .env); the gate could not be evaluated."", ""state"": ""UNKNOWN"", ""value"": ""no headline source""}, {""id"": ""pillars"", ""kills"": true, ""reason"": ""Only 4 of the Five Pillars pass (need 4); missing catalyst."", ""state"": ""PASS"", ""value"": ""4/5 \u2014 missing catalyst""}, {""id"": ""rising"", ""kills"": true, ""reason"": ""14.1% off the high \u2014 back side of the move."", ""state"": ""PASS"", ""value"": ""14.1% off 3.60""}, {""id"": ""split"", ""kills"": false, ""reason"": """", ""state"": ""PASS"", ""value"": ""gap is not arithmetic""}, {""id"": ""instrument"", ""kills"": false, ""reason"": """", ""state"": ""UNKNOWN"", ""value"": ""\u2014""}, {""id"": ""tick"", ""kills"": false, ""reason"": """", ""state"": ""UNKNOWN"", ""value"": ""\u2014""}, {""id"": ""buyout"", ""kills"": true, ""reason"": ""Acquisition announced \u2014 the price is pinned and volatility is gone."", ""state"": ""PASS"", ""value"": ""none""}, {""id"": ""vwap"", ""kills"": false, ""reason"": """", ""state"": ""PASS"", ""value"": ""yes""}, {""id"": ""ema9"", ""kills"": false, ""reason"": """", ""state"": ""PASS"", ""value"": ""yes""}, {""id"": ""macd"", ""kills"": false, ""reason"": """", ""state"": ""PASS"", ""value"": ""yes""}, {""id"": ""tape"", ""kills"": false, ""reason"": ""No tape and no book in this tool."", ""state"": ""MANUAL_CONFIRMATION_REQUIRED"", ""value"": ""your eyes""}]","[""Catalyst unknown \u2014 no headline source on this desk (A2: flagged, not killed)."", ""Instrument type unknown \u2014 ADRs are fine, funds are not.""]","{""above_ema9"": true, ""above_vwap"": true, ""buyout_announced"": false, ""catalyst_source_ok"": false, ""catalyst_today"": false, ""catalyst_verdict"": ""UNKNOWN"", ""change_pct"": 84.00595238095238, ""feed_stale"": false, ""float_is_shares_outstanding"": false, ""float_shares"": 1310000.0, ""float_verified"": true, ""halted"": false, ""in_session_window"": true, ""is_fund_or_etf"": null, ""last"": 3.0913, ""live_theme"": false, ""macd_positive_and_above_signal"": true, ""penny_theme"": false, ""premarket_volume"": null, ""prev_close"": null, ""rvol"": 568.4907961503707, ""session_high"": 3.6, ""session_volume"": 17992620.0, ""split_ratio_clean_integer"": null, ""symbol"": ""BKYI"", ""tick_size"": null}",3.05,3.0,3.15,0.05,2.0,3,1,REFUSED,"[""bar is outside the 07:00-16:00 ET session window (session 'none'); nothing is traded there"", ""bar clock: the bar closed 140s before the runner saw it (budget 120s); a stale plan is not the trade the cascade reviewed (bar close \u2192 published 137s, published \u2192 runner 3s)"", ""backfill decision: armed on loaded history, inputs not point-in-time (bar clock: the bar predates the desk's start; a fresh publication time does not make it fresh)"", ""selective (A13): stop 1.6% of price, under 2%"", ""selective (A13): price 3.05 under $5"", ""selective (A13): plan 8 of the day on BKYI, only the first 2 are taken""]",2026-09-29T10:46:20+00:00,2026-09-29T10:46:17+00:00,29c30d884550,6f27547,2026-09-29T06:44:00-04:00,"{""bar_end"": ""2026-09-29T06:44:00-04:00"", ""bar_to_published_s"": 137, ""published"": ""2026-09-29T10:46:17+00:00"", ""published_to_seen_s"": 3, ""quote_ts"": ""2026-09-29T10:46:19+00:00"", ""runner_seen"": ""2026-09-29T10:46:20+00:00""}",,3.05,32.2,-15.8,1,1,stop,1,2026-09-29T10:44:00Z,3.14,2.26,3.3499
22c9088baa4000f7,2026-09-29T06:56:00-04:00,none,YMT,pullback,ibkr-YMT-BKYI-MSGY,IBKR · TWS read-only · live,live,1m,2.6,2.61,2.62,3.11,10307190.0,137.4747499671558,46.89265536723164,5920000.0,verified,finviz via premarket_stars.py,0,0,WAIT,,1,"[{""id"": ""price"", ""kills"": true, ""reason"": ""$2.60 is outside $2.00\u201320.00."", ""state"": ""PASS"", ""value"": ""$2.60  band $2.00\u201320.00""}, {""id"": ""float"", ""kills"": false, ""reason"": """", ""state"": ""PASS"", ""value"": ""5.9M (verified)""}, {""id"": ""catalyst"", ""kills"": false, ""reason"": ""The desk has no news feed (no headline keys in .env); the gate could not be evaluated."", ""state"": ""UNKNOWN"", ""value"": ""no headline source""}, {""id"": ""pillars"", ""kills"": true, ""reason"": ""Only 4 of the Five Pillars pass (need 4); missing catalyst."", ""state"": ""PASS"", ""value"": ""4/5 \u2014 missing catalyst""}, {""id"": ""rising"", ""kills"": true, ""reason"": ""16.4% off the high \u2014 back side of the move."", ""state"": ""PASS"", ""value"": ""16.4% off 3.11""}, {""id"": ""split"", ""kills"": false, ""reason"": """", ""state"": ""PASS"", ""value"": ""gap is not arithmetic""}, {""id"": ""instrument"", ""kills"": false, ""reason"": """", ""state"": ""UNKNOWN"", ""value"": ""\u2014""}, {""id"": ""tick"", ""kills"": false, ""reason"": """", ""state"": ""UNKNOWN"", ""value"": ""\u2014""}, {""id"": ""buyout"", ""kills"": true, ""reason"": ""Acquisition announced \u2014 the price is pinned and volatility is gone."", ""state"": ""PASS"", ""value"": ""none""}, {""id"": ""vwap"", ""kills"": false, ""reason"": """", ""state"": ""FAIL"", ""value"": ""no""}, {""id"": ""ema9"", ""kills"": false, ""reason"": """", ""state"": ""PASS"", ""value"": ""yes""}, {""id"": ""macd"", ""kills"": false, ""reason"": """", ""state"": ""PASS"", ""value"": ""yes""}, {""id"": ""tape"", ""kills"": false, ""reason"": ""No tape and no book in this tool."", ""state"": ""MANUAL_CONFIRMATION_REQUIRED"", ""value"": ""your eyes""}]","[""Catalyst unknown \u2014 no headline source on this desk (A2: flagged, not killed)."", ""Instrument type unknown \u2014 ADRs are fine, funds are not.""]","{""above_ema9"": true, ""above_vwap"": false, ""buyout_announced"": false, ""catalyst_source_ok"": false, ""catalyst_today"": false, ""catalyst_verdict"": ""UNKNOWN"", ""change_pct"": 46.89265536723164, ""feed_stale"": false, ""float_is_shares_outstanding"": false, ""float_shares"": 5920000.0, ""float_verified"": true, ""halted"": false, ""in_session_window"": true, ""is_fund_or_etf"": null, ""last"": 2.6, ""live_theme"": false, ""macd_positive_and_above_signal"": true, ""penny_theme"": false, ""premarket_volume"": null, ""prev_close"": null, ""rvol"": 137.4747499671558, ""session_high"": 3.11, ""session_volume"": 10307190.0, ""split_ratio_clean_integer"": null, ""symbol"": ""YMT"", ""tick_size"": null}",2.61,2.51,2.81,0.1,2.0,3,1,REFUSED,"[""bar is outside the 07:00-16:00 ET session window (session 'none'); nothing is traded there"", ""Layer 2 not green: below VWAP (verdict WAIT) \u2014 chart gates must all be true at entry"", ""selective (A13): price 2.61 under $5"", ""selective (A13): plan 8 of the day on YMT, only the first 2 are taken""]",2026-09-29T10:56:46+00:00,2026-09-29T10:56:41+00:00,29c30d884550,6f27547,2026-09-29T06:57:00-04:00,"{""bar_end"": ""2026-09-29T06:57:00-04:00"", ""bar_to_published_s"": -19, ""published"": ""2026-09-29T10:56:41+00:00"", ""published_to_seen_s"": 5, ""quote_ts"": ""2026-09-29T10:56:44+00:00"", ""runner_seen"": ""2026-09-29T10:56:46+00:00""}",,2.61,0.3,-7.4,1,0,stop,1,2026-09-29T10:59:00Z,2.62,2.11,2.05
129917f6d6bba64a,2026-09-29T06:58:00-04:00,none,MSGY,pullback,ibkr-YMT-BKYI-MSGY,IBKR · TWS read-only · live,live,1m,3.979,3.95,3.97,5.2,3881480.0,1.715594853038643,27.124600638977636,1490000.0,verified,finviz via premarket_stars.py,0,0,REJECT,pillars,0,"[{""id"": ""price"", ""kills"": true, ""reason"": ""$3.98 is outside $2.00\u201320.00."", ""state"": ""PASS"", ""value"": ""$3.98  band $2.00\u201320.00""}, {""id"": ""float"", ""kills"": false, ""reason"": """", ""state"": ""PASS"", ""value"": ""1.5M (verified)""}, {""id"": ""catalyst"", ""kills"": false, ""reason"": ""The desk has no news feed (no headline keys in .env); the gate could not be evaluated."", ""state"": ""UNKNOWN"", ""value"": ""no headline source""}, {""id"": ""pillars"", ""kills"": true, ""reason"": ""Only 3 of the Five Pillars pass (need 4); missing rvol, catalyst."", ""state"": ""FAIL"", ""value"": ""3/5 \u2014 missing rvol, catalyst""}, {""id"": ""rising"", ""kills"": false, ""reason"": ""cascade already stopped"", ""state"": ""NOT_APPLICABLE"", ""value"": ""\u2014""}, {""id"": ""split"", ""kills"": false, ""reason"": ""cascade already stopped"", ""state"": ""NOT_APPLICABLE"", ""value"": ""\u2014""}, {""id"": ""instrument"", ""kills"": false, ""reason"": ""cascade already stopped"", ""state"": ""NOT_APPLICABLE"", ""value"": ""\u2014""}, {""id"": ""tick"", ""kills"": false, ""reason"": ""cascade already stopped"", ""state"": ""NOT_APPLICABLE"", ""value"": ""\u2014""}, {""id"": ""buyout"", ""kills"": false, ""reason"": ""cascade already stopped"", ""state"": ""NOT_APPLICABLE"", ""value"": ""\u2014""}]","[""Catalyst unknown \u2014 no headline source on this desk (A2: flagged, not killed).""]","{""above_ema9"": true, ""above_vwap"": false, ""buyout_announced"": false, ""catalyst_source_ok"": false, ""catalyst_today"": false, ""catalyst_verdict"": ""UNKNOWN"", ""change_pct"": 27.124600638977636, ""feed_stale"": false, ""float_is_shares_outstanding"": false, ""float_shares"": 1490000.0, ""float_verified"": true, ""halted"": false, ""in_session_window"": true, ""is_fund_or_etf"": null, ""last"": 3.979, ""live_theme"": false, ""macd_positive_and_above_signal"": true, ""penny_theme"": false, ""premarket_volume"": null, ""prev_close"": null, ""rvol"": 1.715594853038643, ""session_high"": 5.2, ""session_volume"": 3881480.0, ""split_ratio_clean_integer"": null, ""symbol"": ""MSGY"", ""tick_size"": null}",3.9924,3.85,4.2772,0.1424,2.0,3,1,SUPPRESSED,,,2026-09-29T10:58:22+00:00,29c30d884550,6f27547,2026-09-29T06:59:00-04:00,,,3.9924,5.1798,-5.5646,1,1,stop,1,2026-09-29T12:31:00Z,3.95,3.62,3.58
e8cc793937d8b1ab,2026-09-29T06:59:00-04:00,none,BKYI,pullback,ibkr-YMT-BKYI-MSGY,IBKR · TWS read-only · live,live,1m,2.53,2.53,2.54,3.6,20826629.0,658.033510480319,50.595238095238095,1310000.0,verified,finviz via premarket_stars.py,0,0,REJECT,rising,0,"[{""id"": ""price"", ""kills"": true, ""reason"": ""$2.53 is outside $2.00\u201320.00."", ""state"": ""PASS"", ""value"": ""$2.53  band $2.00\u201320.00""}, {""id"": ""float"", ""kills"": false, ""reason"": """", ""state"": ""PASS"", ""value"": ""1.3M (verified)""}, {""id"": ""catalyst"", ""kills"": false, ""reason"": ""The desk has no news feed (no headline keys in .env); the gate could not be evaluated."", ""state"": ""UNKNOWN"", ""value"": ""no headline source""}, {""id"": ""pillars"", ""kills"": true, ""reason"": ""Only 4 of the Five Pillars pass (need 4); missing catalyst."", ""state"": ""PASS"", ""value"": ""4/5 \u2014 missing catalyst""}, {""id"": ""rising"", ""kills"": true, ""reason"": ""29.7% off the high \u2014 back side of the move."", ""state"": ""FAIL"", ""value"": ""29.7% off 3.60""}, {""id"": ""split"", ""kills"": false, ""reason"": ""cascade already stopped"", ""state"": ""NOT_APPLICABLE"", ""value"": ""\u2014""}, {""id"": ""instrument"", ""kills"": false, ""reason"": ""cascade already stopped"", ""state"": ""NOT_APPLICABLE"", ""value"": ""\u2014""}, {""id"": ""tick"", ""kills"": false, ""reason"": ""cascade already stopped"", ""state"": ""NOT_APPLICABLE"", ""value"": ""\u2014""}, {""id"": ""buyout"", ""kills"": false, ""reason"": ""cascade already stopped"", ""state"": ""NOT_APPLICABLE"", ""value"": ""\u2014""}]","[""Catalyst unknown \u2014 no headline source on this desk (A2: flagged, not killed).""]","{""above_ema9"": false, ""above_vwap"": false, ""buyout_announced"": false, ""catalyst_source_ok"": false, ""catalyst_today"": false, ""catalyst_verdict"": ""UNKNOWN"", ""change_pct"": 50.595238095238095, ""feed_stale"": false, ""float_is_shares_outstanding"": false, ""float_shares"": 1310000.0, ""float_verified"": true, ""halted"": false, ""in_session_window"": true, ""is_fund_or_etf"": null, ""last"": 2.53, ""live_theme"": false, ""macd_positive_and_above_signal"": false, ""penny_theme"": false, ""premarket_volume"": null, ""prev_close"": null, ""rvol"": 658.033510480319, ""session_high"": 3.6, ""session_volume"": 20826629.0, ""split_ratio_clean_integer"": null, ""symbol"": ""BKYI"", ""tick_size"": null}",2.53,2.4,2.79,0.13,2.0,2,1,SUPPRESSED,,,2026-09-29T10:59:32+00:00,29c30d884550,6f27547,2026-09-29T07:00:00-04:00,,,2.53,16.3846,-2.0769,1,1,stop,1,2026-09-29T11:00:00Z,2.56,2.26,3.3499
a9880cc84d32b7a2,2026-09-29T07:09:00-04:00,premarket,YMT,pullback,ibkr-YMT-BKYI-MSGY,IBKR · TWS read-only · live,live,1m,2.2107,2.2,2.21,3.11,11208808.0,149.50030776864068,24.898305084745775,5920000.0,verified,finviz via premarket_stars.py,0,0,REJECT,rising,0,"[{""id"": ""price"", ""kills"": true, ""reason"": ""$2.21 is outside $2.00\u201320.00."", ""state"": ""PASS"", ""value"": ""$2.21  band $2.00\u201320.00""}, {""id"": ""float"", ""kills"": false, ""reason"": """", ""state"": ""PASS"", ""value"": ""5.9M (verified)""}, {""id"": ""catalyst"", ""kills"": false, ""reason"": ""The desk has no news feed (no headline keys in .env); the gate could not be evaluated."", ""state"": ""UNKNOWN"", ""value"": ""no headline source""}, {""id"": ""pillars"", ""kills"": true, ""reason"": ""Only 4 of the Five Pillars pass (need 4); missing catalyst."", ""state"": ""PASS"", ""value"": ""4/5 \u2014 missing catalyst""}, {""id"": ""rising"", ""kills"": true, ""reason"": ""28.9% off the high \u2014 back side of the move."", ""state"": ""FAIL"", ""value"": ""28.9% off 3.11""}, {""id"": ""split"", ""kills"": false, ""reason"": ""cascade already stopped"", ""state"": ""NOT_APPLICABLE"", ""value"": ""\u2014""}, {""id"": ""instrument"", ""kills"": false, ""reason"": ""cascade already stopped"", ""state"": ""NOT_APPLICABLE"", ""value"": ""\u2014""}, {""id"": ""tick"", ""kills"": false, ""reason"": ""cascade already stopped"", ""state"": ""NOT_APPLICABLE"", ""value"": ""\u2014""}, {""id"": ""buyout"", ""kills"": false, ""reason"": ""cascade already stopped"", ""state"": ""NOT_APPLICABLE"", ""value"": ""\u2014""}]","[""Catalyst unknown \u2014 no headline source on this desk (A2: flagged, not killed).""]","{""above_ema9"": false, ""above_vwap"": false, ""buyout_announced"": false, ""catalyst_source_ok"": false, ""catalyst_today"": false, ""catalyst_verdict"": ""UNKNOWN"", ""change_pct"": 24.898305084745775, ""feed_stale"": false, ""float_is_shares_outstanding"": false, ""float_shares"": 5920000.0, ""float_verified"": true, ""halted"": false, ""in_session_window"": true, ""is_fund_or_etf"": null, ""last"": 2.2107, ""live_theme"": false, ""macd_positive_and_above_signal"": false, ""penny_theme"": false, ""premarket_volume"": null, ""prev_close"": null, ""rvol"": 149.50030776864068, ""session_high"": 3.11, ""session_volume"": 11208808.0, ""split_ratio_clean_integer"": null, ""symbol"": ""YMT"", ""tick_size"": null}",2.22,2.16,2.34,0.06,2.0,2,1,SUPPRESSED,,,2026-09-29T11:09:23+00:00,29c30d884550,6f27547,2026-09-29T07:10:00-04:00,,,2.22,7.0,-5.8333,1,1,stop,1,2026-09-29T12:02:00Z,2.2,2.005,2.05
f874eedc18672424,2026-09-29T07:09:00-04:00,premarket,MSGY,pullback,ibkr-YMT-BKYI-MSGY,IBKR · TWS read-only · live,live,1m,3.76,3.74,3.76,5.2,4136095.0,1.8281334165521568,20.127795527156557,1490000.0,verified,finviz via premarket_stars.py,0,0,REJECT,pillars,0,"[{""id"": ""price"", ""kills"": true, ""reason"": ""$3.76 is outside $2.00\u201320.00."", ""state"": ""PASS"", ""value"": ""$3.76  band $2.00\u201320.00""}, {""id"": ""float"", ""kills"": false, ""reason"": """", ""state"": ""PASS"", ""value"": ""1.5M (verified)""}, {""id"": ""catalyst"", ""kills"": false, ""reason"": ""The desk has no news feed (no headline keys in .env); the gate could not be evaluated."", ""state"": ""UNKNOWN"", ""value"": ""no headline source""}, {""id"": ""pillars"", ""kills"": true, ""reason"": ""Only 3 of the Five Pillars pass (need 4); missing rvol, catalyst."", ""state"": ""FAIL"", ""value"": ""3/5 \u2014 missing rvol, catalyst""}, {""id"": ""rising"", ""kills"": false, ""reason"": ""cascade already stopped"", ""state"": ""NOT_APPLICABLE"", ""value"": ""\u2014""}, {""id"": ""split"", ""kills"": false, ""reason"": ""cascade already stopped"", ""state"": ""NOT_APPLICABLE"", ""value"": ""\u2014""}, {""id"": ""instrument"", ""kills"": false, ""reason"": ""cascade already stopped"", ""state"": ""NOT_APPLICABLE"", ""value"": ""\u2014""}, {""id"": ""tick"", ""kills"": false, ""reason"": ""cascade already stopped"", ""state"": ""NOT_APPLICABLE"", ""value"": ""\u2014""}, {""id"": ""buyout"", ""kills"": false, ""reason"": ""cascade already stopped"", ""state"": ""NOT_APPLICABLE"", ""value"": ""\u2014""}]","[""Catalyst unknown \u2014 no headline source on this desk (A2: flagged, not killed).""]","{""above_ema9"": true, ""above_vwap"": false, ""buyout_announced"": false, ""catalyst_source_ok"": false, ""catalyst_today"": false, ""catalyst_verdict"": ""UNKNOWN"", ""change_pct"": 20.127795527156557, ""feed_stale"": false, ""float_is_shares_outstanding"": false, ""float_shares"": 1490000.0, ""float_verified"": true, ""halted"": false, ""in_session_window"": true, ""is_fund_or_etf"": null, ""last"": 3.76, ""live_theme"": false, ""macd_positive_and_above_signal"": true, ""penny_theme"": false, ""premarket_volume"": null, ""prev_close"": null, ""rvol"": 1.8281334165521568, ""session_high"": 5.2, ""session_volume"": 4136095.0, ""split_ratio_clean_integer"": null, ""symbol"": ""MSGY"", ""tick_size"": null}",3.75,3.67,3.91,0.08,2.0,2,1,SUPPRESSED,,,2026-09-29T11:09:32+00:00,29c30d884550,6f27547,2026-09-29T07:10:00-04:00,,,3.75,12.25,-6.875,1,1,stop,1,2026-09-29T11:10:00Z,3.83,3.63,3.58
12e4448b5492d6a3,2026-09-29T07:14:00-04:00,premarket,BKYI,pullback,ibkr-YMT-BKYI-MSGY,IBKR · TWS read-only · live,live,1m,2.4886,2.48,2.49,3.6,22877651.0,722.8371427307598,48.13095238095237,1310000.0,verified,finviz via premarket_stars.py,0,0,REJECT,rising,0,"[{""id"": ""price"", ""kills"": true, ""reason"": ""$2.49 is outside $2.00\u201320.00."", ""state"": ""PASS"", ""value"": ""$2.49  band $2.00\u201320.00""}, {""id"": ""float"", ""kills"": false, ""reason"": """", ""state"": ""PASS"", ""value"": ""1.3M (verified)""}, {""id"": ""catalyst"", ""kills"": false, ""reason"": ""The desk has no news feed (no headline keys in .env); the gate could not be evaluated."", ""state"": ""UNKNOWN"", ""value"": ""no headline source""}, {""id"": ""pillars"", ""kills"": true, ""reason"": ""Only 4 of the Five Pillars pass (need 4); missing catalyst."", ""state"": ""PASS"", ""value"": ""4/5 \u2014 missing catalyst""}, {""id"": ""rising"", ""kills"": true, ""reason"": ""30.9% off the high \u2014 back side of the move."", ""state"": ""FAIL"", ""value"": ""30.9% off 3.60""}, {""id"": ""split"", ""kills"": false, ""reason"": ""cascade already stopped"", ""state"": ""NOT_APPLICABLE"", ""value"": ""\u2014""}, {""id"": ""instrument"", ""kills"": false, ""reason"": ""cascade already stopped"", ""state"": ""NOT_APPLICABLE"", ""value"": ""\u2014""}, {""id"": ""tick"", ""kills"": false, ""reason"": ""cascade already stopped"", ""state"": ""NOT_APPLICABLE"", ""value"": ""\u2014""}, {""id"": ""buyout"", ""kills"": false, ""reason"": ""cascade already stopped"", ""state"": ""NOT_APPLICABLE"", ""value"": ""\u2014""}]","[""Catalyst unknown \u2014 no headline source on this desk (A2: flagged, not killed).""]","{""above_ema9"": true, ""above_vwap"": false, ""buyout_announced"": false, ""catalyst_source_ok"": false, ""catalyst_today"": false, ""catalyst_verdict"": ""UNKNOWN"", ""change_pct"": 48.13095238095237, ""feed_stale"": false, ""float_is_shares_outstanding"": false, ""float_shares"": 1310000.0, ""float_verified"": true, ""halted"": false, ""in_session_window"": true, ""is_fund_or_etf"": null, ""last"": 2.4886, ""live_theme"": false, ""macd_positive_and_above_signal"": true, ""penny_theme"": false, ""premarket_volume"": null, ""prev_close"": null, ""rvol"": 722.8371427307598, ""session_high"": 3.6, ""session_volume"": 22877651.0, ""split_ratio_clean_integer"": null, ""symbol"": ""BKYI"", ""tick_size"": null}",2.49,2.41,2.65,0.08,2.0,2,1,SUPPRESSED,,,2026-09-29T11:14:20+00:00,29c30d884550,6f27547,2026-09-29T07:15:00-04:00,,,2.49,27.125,-2.125,1,1,stop,1,2026-09-29T11:15:00Z,2.5,2.32,3.3499
cf11d97c0912917c,2026-09-29T07:21:00-04:00,premarket,MSGY,pullback,ibkr-YMT-BKYI-MSGY,IBKR · TWS read-only · live,live,1m,3.75,3.73,3.76,5.2,4273223.0,1.888743310460533,19.80830670926519,1490000.0,verified,finviz via premarket_stars.py,0,0,REJECT,pillars,0,"[{""id"": ""price"", ""kills"": true, ""reason"": ""$3.75 is outside $2.00\u201320.00."", ""state"": ""PASS"", ""value"": ""$3.75  band $2.00\u201320.00""}, {""id"": ""float"", ""kills"": false, ""reason"": """", ""state"": ""PASS"", ""value"": ""1.5M (verified)""}, {""id"": ""catalyst"", ""kills"": false, ""reason"": ""The desk has no news feed (no headline keys in .env); the gate could not be evaluated."", ""state"": ""UNKNOWN"", ""value"": ""no headline source""}, {""id"": ""pillars"", ""kills"": true, ""reason"": ""Only 3 of the Five Pillars pass (need 4); missing rvol, catalyst."", ""state"": ""FAIL"", ""value"": ""3/5 \u2014 missing rvol, catalyst""}, {""id"": ""rising"", ""kills"": false, ""reason"": ""cascade already stopped"", ""state"": ""NOT_APPLICABLE"", ""value"": ""\u2014""}, {""id"": ""split"", ""kills"": false, ""reason"": ""cascade already stopped"", ""state"": ""NOT_APPLICABLE"", ""value"": ""\u2014""}, {""id"": ""instrument"", ""kills"": false, ""reason"": ""cascade already stopped"", ""state"": ""NOT_APPLICABLE"", ""value"": ""\u2014""}, {""id"": ""tick"", ""kills"": false, ""reason"": ""cascade already stopped"", ""state"": ""NOT_APPLICABLE"", ""value"": ""\u2014""}, {""id"": ""buyout"", ""kills"": false, ""reason"": ""cascade already stopped"", ""state"": ""NOT_APPLICABLE"", ""value"": ""\u2014""}]","[""Catalyst unknown \u2014 no headline source on this desk (A2: flagged, not killed).""]","{""above_ema9"": true, ""above_vwap"": false, ""buyout_announced"": false, ""catalyst_source_ok"": false, ""catalyst_today"": false, ""catalyst_verdict"": ""UNKNOWN"", ""change_pct"": 19.80830670926519, ""feed_stale"": false, ""float_is_shares_outstanding"": false, ""float_shares"": 1490000.0, ""float_verified"": true, ""halted"": false, ""in_session_window"": true, ""is_fund_or_etf"": null, ""last"": 3.75, ""live_theme"": false, ""macd_positive_and_above_signal"": true, ""penny_theme"": false, ""premarket_volume"": null, ""prev_close"": null, ""rvol"": 1.888743310460533, ""session_high"": 5.2, ""session_volume"": 4273223.0, ""split_ratio_clean_integer"": null, ""symbol"": ""MSGY"", ""tick_size"": null}",3.75,3.6901,3.8698,0.0599,2.0,2,1,SUPPRESSED,,,2026-09-29T11:21:52+00:00,29c30d884550,6f27547,2026-09-29T07:22:00-04:00,,,3.75,16.3606,-9.182,1,1,stop,1,2026-09-29T11:22:00Z,3.79,3.63,3.58
1dea7995beee9754,2026-09-29T07:24:00-04:00,premarket,SMMT,pullback,ibkr-YMT-BKYI-MSGY,IBKR · TWS read-only · live,live,1m,18.2536,18.25,18.35,19.81,913486.0,0.2368712364431114,17.9173126614987,152340000.0,verified,finviz via premarket_stars.py,0,0,REJECT,pillars,0,"[{""id"": ""price"", ""kills"": true, ""reason"": ""$18.25 is outside $2.00\u201320.00."", ""state"": ""PASS"", ""value"": ""$18.25  band $2.00\u201320.00""}, {""id"": ""float"", ""kills"": false, ""reason"": ""Float 152.3M is over the 20M cap."", ""state"": ""FAIL"", ""value"": ""152.3M""}, {""id"": ""catalyst"", ""kills"": false, ""reason"": ""The desk has no news feed (no headline keys in .env); the gate could not be evaluated."", ""state"": ""UNKNOWN"", ""value"": ""no headline source""}, {""id"": ""pillars"", ""kills"": true, ""reason"": ""Only 2 of the Five Pillars pass (need 4); missing rvol, float, catalyst."", ""state"": ""FAIL"", ""value"": ""2/5 \u2014 missing rvol, float, catalyst""}, {""id"": ""rising"", ""kills"": false, ""reason"": ""cascade already stopped"", ""state"": ""NOT_APPLICABLE"", ""value"": ""\u2014""}, {""id"": ""split"", ""kills"": false, ""reason"": ""cascade already stopped"", ""state"": ""NOT_APPLICABLE"", ""value"": ""\u2014""}, {""id"": ""instrument"", ""kills"": false, ""reason"": ""cascade already stopped"", ""state"": ""NOT_APPLICABLE"", ""value"": ""\u2014""}, {""id"": ""tick"", ""kills"": false, ""reason"": ""cascade already stopped"", ""state"": ""NOT_APPLICABLE"", ""value"": ""\u2014""}, {""id"": ""buyout"", ""kills"": false, ""reason"": ""cascade already stopped"", ""state"": ""NOT_APPLICABLE"", ""value"": ""\u2014""}]","[""Float 152.3M over the 20M cap (A5: flagged, not killed; the pillar count decides)."", ""Catalyst unknown \u2014 no headline source on this desk (A2: flagged, not killed).""]","{""above_ema9"": true, ""above_vwap"": false, ""buyout_announced"": false, ""catalyst_source_ok"": false, ""catalyst_today"": false, ""catalyst_verdict"": ""UNKNOWN"", ""change_pct"": 17.9173126614987, ""feed_stale"": false, ""float_is_shares_outstanding"": false, ""float_shares"": 152340000.0, ""float_verified"": true, ""halted"": false, ""in_session_window"": true, ""is_fund_or_etf"": null, ""last"": 18.2536, ""live_theme"": false, ""macd_positive_and_above_signal"": true, ""penny_theme"": false, ""premarket_volume"": null, ""prev_close"": null, ""rvol"": 0.2368712364431114, ""session_high"": 19.81, ""session_volume"": 913486.0, ""split_ratio_clean_integer"": null, ""symbol"": ""SMMT"", ""tick_size"": null}",18.36,18.2524,18.5752,0.1076,2.0,3,1,SUPPRESSED,,,2026-09-29T11:24:11+00:00,29c30d884550,6f27547,2026-09-29T07:25:00-04:00,,,18.36,6.7844,-20.539,1,1,target,1,2026-09-29T12:23:00Z,18.31,18.0,16.53
02db8040c08fcad7,2026-09-29T07:32:00-04:00,premarket,BKYI,pullback,ibkr-YMT-BKYI-MSGY,IBKR · TWS read-only · live,live,1m,2.3814,2.38,2.39,3.6,23766976.0,750.9360564679714,41.75000000000002,1310000.0,verified,finviz via premarket_stars.py,0,0,REJECT,rising,0,"[{""id"": ""price"", ""kills"": true, ""reason"": ""$2.38 is outside $2.00\u201320.00."", ""state"": ""PASS"", ""value"": ""$2.38  band $2.00\u201320.00""}, {""id"": ""float"", ""kills"": false, ""reason"": """", ""state"": ""PASS"", ""value"": ""1.3M (verified)""}, {""id"": ""catalyst"", ""kills"": false, ""reason"": ""The desk has no news feed (no headline keys in .env); the gate could not be evaluated."", ""state"": ""UNKNOWN"", ""value"": ""no headline source""}, {""id"": ""pillars"", ""kills"": true, ""reason"": ""Only 4 of the Five Pillars pass (need 4); missing catalyst."", ""state"": ""PASS"", ""value"": ""4/5 \u2014 missing catalyst""}, {""id"": ""rising"", ""kills"": true, ""reason"": ""33.8% off the high \u2014 back side of the move."", ""state"": ""FAIL"", ""value"": ""33.8% off 3.60""}, {""id"": ""split"", ""kills"": false, ""reason"": ""cascade already stopped"", ""state"": ""NOT_APPLICABLE"", ""value"": ""\u2014""}, {""id"": ""instrument"", ""kills"": false, ""reason"": ""cascade already stopped"", ""state"": ""NOT_APPLICABLE"", ""value"": ""\u2014""}, {""id"": ""tick"", ""kills"": false, ""reason"": ""cascade already stopped"", ""state"": ""NOT_APPLICABLE"", ""value"": ""\u2014""}, {""id"": ""buyout"", ""kills"": false, ""reason"": ""cascade already stopped"", ""state"": ""NOT_APPLICABLE"", ""value"": ""\u2014""}]","[""Catalyst unknown \u2014 no headline source on this desk (A2: flagged, not killed).""]","{""above_ema9"": false, ""above_vwap"": false, ""buyout_announced"": false, ""catalyst_source_ok"": false, ""catalyst_today"": false, ""catalyst_verdict"": ""UNKNOWN"", ""change_pct"": 41.75000000000002, ""feed_stale"": false, ""float_is_shares_outstanding"": false, ""float_shares"": 1310000.0, ""float_verified"": true, ""halted"": false, ""in_session_window"": true, ""is_fund_or_etf"": null, ""last"": 2.3814, ""live_theme"": false, ""macd_positive_and_above_signal"": true, ""penny_theme"": false, ""premarket_volume"": null, ""prev_close"": null, ""rvol"": 750.9360564679714, ""session_high"": 3.6, ""session_volume"": 23766976.0, ""split_ratio_clean_integer"": null, ""symbol"": ""BKYI"", ""tick_size"": null}",2.39,2.33,2.51,0.06,2.0,3,1,SUPPRESSED,,,2026-09-29T11:32:31+00:00,29c30d884550,6f27547,2026-09-29T07:33:00-04:00,,,2.39,37.8333,-0.6667,0,1,target,1,2026-09-29T11:33:00Z,2.65,2.35,3.3499
a9fa8a83dbd3e434,2026-09-29T07:34:00-04:00,premarket,FFAI,pullback,ibkr-YMT-BKYI-MSGY,IBKR · TWS read-only · live,live,1m,1.67,1.66,1.67,1.85,5831913.0,314.711186660191,18.439716312056742,6030000.0,verified,finviz via premarket_stars.py,0,0,REJECT,price,0,"[{""id"": ""price"", ""kills"": true, ""reason"": ""$1.67 is outside $2.00\u201320.00."", ""state"": ""FAIL"", ""value"": ""$1.67  band $2.00\u201320.00""}, {""id"": ""float"", ""kills"": false, ""reason"": ""cascade already stopped"", ""state"": ""NOT_APPLICABLE"", ""value"": ""\u2014""}, {""id"": ""catalyst"", ""kills"": false, ""reason"": ""cascade already stopped"", ""state"": ""NOT_APPLICABLE"", ""value"": ""\u2014""}, {""id"": ""pillars"", ""kills"": false, ""reason"": ""cascade already stopped"", ""state"": ""NOT_APPLICABLE"", ""value"": ""\u2014""}, {""id"": ""rising"", ""kills"": false, ""reason"": ""cascade already stopped"", ""state"": ""NOT_APPLICABLE"", ""value"": ""\u2014""}, {""id"": ""split"", ""kills"": false, ""reason"": ""cascade already stopped"", ""state"": ""NOT_APPLICABLE"", ""value"": ""\u2014""}, {""id"": ""instrument"", ""kills"": false, ""reason"": ""cascade already stopped"", ""state"": ""NOT_APPLICABLE"", ""value"": ""\u2014""}, {""id"": ""tick"", ""kills"": false, ""reason"": ""cascade already stopped"", ""state"": ""NOT_APPLICABLE"", ""value"": ""\u2014""}, {""id"": ""buyout"", ""kills"": false, ""reason"": ""cascade already stopped"", ""state"": ""NOT_APPLICABLE"", ""value"": ""\u2014""}]",[],"{""above_ema9"": true, ""above_vwap"": false, ""buyout_announced"": false, ""catalyst_source_ok"": false, ""catalyst_today"": false, ""catalyst_verdict"": ""UNKNOWN"", ""change_pct"": 18.439716312056742, ""feed_stale"": false, ""float_is_shares_outstanding"": false, ""float_shares"": 6030000.0, ""float_verified"": true, ""halted"": false, ""in_session_window"": true, ""is_fund_or_etf"": null, ""last"": 1.67, ""live_theme"": false, ""macd_positive_and_above_signal"": true, ""penny_theme"": false, ""premarket_volume"": null, ""prev_close"": null, ""rvol"": 314.711186660191, ""session_high"": 1.85, ""session_volume"": 5831913.0, ""split_ratio_clean_integer"": null, ""symbol"": ""FFAI"", ""tick_size"": null}",1.66,1.61,1.76,0.05,2.0,1,1,SUPPRESSED,,,2026-09-29T11:34:12+00:00,29c30d884550,6f27547,2026-09-29T07:35:00-04:00,,,1.66,1.8,-8.2,1,0,stop,1,2026-09-29T11:35:00Z,1.75,1.56,1.295
ad66dc7a5922ff93,2026-09-29T07:49:00-04:00,premarket,YMT,pullback,ibkr-YMT-BKYI-MSGY,IBKR · TWS read-only · live,live,1m,2.0293,2.02,2.03,3.11,11951209.0,159.40226861833554,14.649717514124294,5920000.0,verified,finviz via premarket_stars.py,0,0,REJECT,rising,0,"[{""id"": ""price"", ""kills"": true, ""reason"": ""$2.03 is outside $2.00\u201320.00."", ""state"": ""PASS"", ""value"": ""$2.03  band $2.00\u201320.00""}, {""id"": ""float"", ""kills"": false, ""reason"": """", ""state"": ""PASS"", ""value"": ""5.9M (verified)""}, {""id"": ""catalyst"", ""kills"": false, ""reason"": ""The desk has no news feed (no headline keys in .env); the gate could not be evaluated."", ""state"": ""UNKNOWN"", ""value"": ""no headline source""}, {""id"": ""pillars"", ""kills"": true, ""reason"": ""Only 4 of the Five Pillars pass (need 4); missing catalyst."", ""state"": ""PASS"", ""value"": ""4/5 \u2014 missing catalyst""}, {""id"": ""rising"", ""kills"": true, ""reason"": ""34.7% off the high \u2014 back side of the move."", ""state"": ""FAIL"", ""value"": ""34.7% off 3.11""}, {""id"": ""split"", ""kills"": false, ""reason"": ""cascade already stopped"", ""state"": ""NOT_APPLICABLE"", ""value"": ""\u2014""}, {""id"": ""instrument"", ""kills"": false, ""reason"": ""cascade already stopped"", ""state"": ""NOT_APPLICABLE"", ""value"": ""\u2014""}, {""id"": ""tick"", ""kills"": false, ""reason"": ""cascade already stopped"", ""state"": ""NOT_APPLICABLE"", ""value"": ""\u2014""}, {""id"": ""buyout"", ""kills"": false, ""reason"": ""cascade already stopped"", ""state"": ""NOT_APPLICABLE"", ""value"": ""\u2014""}]","[""Catalyst unknown \u2014 no headline source on this desk (A2: flagged, not killed).""]","{""above_ema9"": true, ""above_vwap"": false, ""buyout_announced"": false, ""catalyst_source_ok"": false, ""catalyst_today"": false, ""catalyst_verdict"": ""UNKNOWN"", ""change_pct"": 14.649717514124294, ""feed_stale"": false, ""float_is_shares_outstanding"": false, ""float_shares"": 5920000.0, ""float_verified"": true, ""halted"": false, ""in_session_window"": true, ""is_fund_or_etf"": null, ""last"": 2.0293, ""live_theme"": false, ""macd_positive_and_above_signal"": true, ""penny_theme"": false, ""premarket_volume"": null, ""prev_close"": null, ""rvol"": 159.40226861833554, ""session_high"": 3.11, ""session_volume"": 11951209.0, ""split_ratio_clean_integer"": null, ""symbol"": ""YMT"", ""tick_size"": null}",2.03,1.98,2.13,0.05,2.0,2,1,SUPPRESSED,,,2026-09-29T11:49:13+00:00,29c30d884550,6f27547,2026-09-29T07:50:00-04:00,,,2.03,12.2,-3.2,1,1,target,1,2026-09-29T11:57:00Z,2.36,1.98,2.05
e8a625ddafbaaef5,2026-09-29T07:56:00-04:00,premarket,BKYI,pullback,ibkr-YMT-BKYI-MSGY,IBKR · TWS read-only · live,live,1m,2.59,2.58,2.59,3.6,26163660.0,826.6611479377437,54.16666666666667,1310000.0,verified,finviz via premarket_stars.py,0,0,REJECT,rising,0,"[{""id"": ""price"", ""kills"": true, ""reason"": ""$2.59 is outside $2.00\u201320.00."", ""state"": ""PASS"", ""value"": ""$2.59  band $2.00\u201320.00""}, {""id"": ""float"", ""kills"": false, ""reason"": """", ""state"": ""PASS"", ""value"": ""1.3M (verified)""}, {""id"": ""catalyst"", ""kills"": false, ""reason"": ""The desk has no news feed (no headline keys in .env); the gate could not be evaluated."", ""state"": ""UNKNOWN"", ""value"": ""no headline source""}, {""id"": ""pillars"", ""kills"": true, ""reason"": ""Only 4 of the Five Pillars pass (need 4); missing catalyst."", ""state"": ""PASS"", ""value"": ""4/5 \u2014 missing catalyst""}, {""id"": ""rising"", ""kills"": true, ""reason"": ""28.1% off the high \u2014 back side of the move."", ""state"": ""FAIL"", ""value"": ""28.1% off 3.60""}, {""id"": ""split"", ""kills"": false, ""reason"": ""cascade already stopped"", ""state"": ""NOT_APPLICABLE"", ""value"": ""\u2014""}, {""id"": ""instrument"", ""kills"": false, ""reason"": ""cascade already stopped"", ""state"": ""NOT_APPLICABLE"", ""value"": ""\u2014""}, {""id"": ""tick"", ""kills"": false, ""reason"": ""cascade already stopped"", ""state"": ""NOT_APPLICABLE"", ""value"": ""\u2014""}, {""id"": ""buyout"", ""kills"": false, ""reason"": ""cascade already stopped"", ""state"": ""NOT_APPLICABLE"", ""value"": ""\u2014""}]","[""Catalyst unknown \u2014 no headline source on this desk (A2: flagged, not killed).""]","{""above_ema9"": true, ""above_vwap"": false, ""buyout_announced"": false, ""catalyst_source_ok"": false, ""catalyst_today"": false, ""catalyst_verdict"": ""UNKNOWN"", ""change_pct"": 54.16666666666667, ""feed_stale"": false, ""float_is_shares_outstanding"": false, ""float_shares"": 1310000.0, ""float_verified"": true, ""halted"": false, ""in_session_window"": true, ""is_fund_or_etf"": null, ""last"": 2.59, ""live_theme"": false, ""macd_positive_and_above_signal"": true, ""penny_theme"": false, ""premarket_volume"": null, ""prev_close"": null, ""rvol"": 826.6611479377437, ""session_high"": 3.6, ""session_volume"": 26163660.0, ""split_ratio_clean_integer"": null, ""symbol"": ""BKYI"", ""tick_size"": null}",2.61,2.52,2.79,0.09,2.0,2,1,SUPPRESSED,,,2026-09-29T11:56:12+00:00,29c30d884550,6f27547,2026-09-29T07:57:00-04:00,,,2.61,22.7778,-1.6667,1,1,stop,1,2026-09-29T11:59:00Z,3.07,2.46,3.3499
4439a5e1fc73b8c3,2026-09-29T08:01:00-04:00,premarket,YMT,pullback,ibkr-YMT-BKYI-MSGY,IBKR · TWS read-only · live,live,1m,2.1499,2.14,2.15,3.11,12154283.0,162.11081938482286,21.463276836158208,5920000.0,verified,finviz via premarket_stars.py,0,0,REJECT,rising,0,"[{""id"": ""price"", ""kills"": true, ""reason"": ""$2.15 is outside $2.00\u201320.00."", ""state"": ""PASS"", ""value"": ""$2.15  band $2.00\u201320.00""}, {""id"": ""float"", ""kills"": false, ""reason"": """", ""state"": ""PASS"", ""value"": ""5.9M (verified)""}, {""id"": ""catalyst"", ""kills"": false, ""reason"": ""The desk has no news feed (no headline keys in .env); the gate could not be evaluated."", ""state"": ""UNKNOWN"", ""value"": ""no headline source""}, {""id"": ""pillars"", ""kills"": true, ""reason"": ""Only 4 of the Five Pillars pass (need 4); missing catalyst."", ""state"": ""PASS"", ""value"": ""4/5 \u2014 missing catalyst""}, {""id"": ""rising"", ""kills"": true, ""reason"": ""30.9% off the high \u2014 back side of the move."", ""state"": ""FAIL"", ""value"": ""30.9% off 3.11""}, {""id"": ""split"", ""kills"": false, ""reason"": ""cascade already stopped"", ""state"": ""NOT_APPLICABLE"", ""value"": ""\u2014""}, {""id"": ""instrument"", ""kills"": false, ""reason"": ""cascade already stopped"", ""state"": ""NOT_APPLICABLE"", ""value"": ""\u2014""}, {""id"": ""tick"", ""kills"": false, ""reason"": ""cascade already stopped"", ""state"": ""NOT_APPLICABLE"", ""value"": ""\u2014""}, {""id"": ""buyout"", ""kills"": false, ""reason"": ""cascade already stopped"", ""state"": ""NOT_APPLICABLE"", ""value"": ""\u2014""}]","[""Catalyst unknown \u2014 no headline source on this desk (A2: flagged, not killed).""]","{""above_ema9"": true, ""above_vwap"": false, ""buyout_announced"": false, ""catalyst_source_ok"": false, ""catalyst_today"": false, ""catalyst_verdict"": ""UNKNOWN"", ""change_pct"": 21.463276836158208, ""feed_stale"": false, ""float_is_shares_outstanding"": false, ""float_shares"": 5920000.0, ""float_verified"": true, ""halted"": false, ""in_session_window"": true, ""is_fund_or_etf"": null, ""last"": 2.1499, ""live_theme"": false, ""macd_positive_and_above_signal"": true, ""penny_theme"": false, ""premarket_volume"": null, ""prev_close"": null, ""rvol"": 162.11081938482286, ""session_high"": 3.11, ""session_volume"": 12154283.0, ""split_ratio_clean_integer"": null, ""symbol"": ""YMT"", ""tick_size"": null}",2.07,2.03,2.15,0.04,2.0,2,0,SUPPRESSED,,,2026-09-29T12:01:32+00:00,29c30d884550,6f27547,2026-09-29T08:02:00-04:00,,,2.07,14.25,-5.0,1,1,target,1,2026-09-29T12:02:00Z,2.36,2.05,2.05
293dccb1b2d3de9f,2026-09-29T08:10:00-04:00,premarket,MSGY,pullback,ibkr-YMT-BKYI-MSGY,IBKR · TWS read-only · live,live,1m,3.59,3.6,3.6,5.2,4563086.0,2.016861314646137,14.696485623003186,1490000.0,verified,finviz via premarket_stars.py,0,0,REJECT,pillars,0,"[{""id"": ""price"", ""kills"": true, ""reason"": ""$3.59 is outside $2.00\u201320.00."", ""state"": ""PASS"", ""value"": ""$3.59  band $2.00\u201320.00""}, {""id"": ""float"", ""kills"": false, ""reason"": """", ""state"": ""PASS"", ""value"": ""1.5M (verified)""}, {""id"": ""catalyst"", ""kills"": false, ""reason"": ""The desk has no news feed (no headline keys in .env); the gate could not be evaluated."", ""state"": ""UNKNOWN"", ""value"": ""no headline source""}, {""id"": ""pillars"", ""kills"": true, ""reason"": ""Only 3 of the Five Pillars pass (need 4); missing rvol, catalyst."", ""state"": ""FAIL"", ""value"": ""3/5 \u2014 missing rvol, catalyst""}, {""id"": ""rising"", ""kills"": false, ""reason"": ""cascade already stopped"", ""state"": ""NOT_APPLICABLE"", ""value"": ""\u2014""}, {""id"": ""split"", ""kills"": false, ""reason"": ""cascade already stopped"", ""state"": ""NOT_APPLICABLE"", ""value"": ""\u2014""}, {""id"": ""instrument"", ""kills"": false, ""reason"": ""cascade already stopped"", ""state"": ""NOT_APPLICABLE"", ""value"": ""\u2014""}, {""id"": ""tick"", ""kills"": false, ""reason"": ""cascade already stopped"", ""state"": ""NOT_APPLICABLE"", ""value"": ""\u2014""}, {""id"": ""buyout"", ""kills"": false, ""reason"": ""cascade already stopped"", ""state"": ""NOT_APPLICABLE"", ""value"": ""\u2014""}]","[""Catalyst unknown \u2014 no headline source on this desk (A2: flagged, not killed).""]","{""above_ema9"": false, ""above_vwap"": false, ""buyout_announced"": false, ""catalyst_source_ok"": false, ""catalyst_today"": false, ""catalyst_verdict"": ""UNKNOWN"", ""change_pct"": 14.696485623003186, ""feed_stale"": false, ""float_is_shares_outstanding"": false, ""float_shares"": 1490000.0, ""float_verified"": true, ""halted"": false, ""in_session_window"": true, ""is_fund_or_etf"": null, ""last"": 3.59, ""live_theme"": false, ""macd_positive_and_above_signal"": false, ""penny_theme"": false, ""premarket_volume"": null, ""prev_close"": null, ""rvol"": 2.016861314646137, ""session_high"": 5.2, ""session_volume"": 4563086.0, ""split_ratio_clean_integer"": null, ""symbol"": ""MSGY"", ""tick_size"": null}",3.6098,3.5312,3.767,0.0786,2.0,2,1,SUPPRESSED,,,2026-09-29T12:10:13+00:00,29c30d884550,6f27547,2026-09-29T08:11:00-04:00,,,3.6098,14.2519,-5.2137,1,1,target,1,2026-09-29T12:15:00Z,4.4299,3.55,3.58
fd527f644a47f41f,2026-09-29T08:10:00-04:00,premarket,YMT,pullback,ibkr-YMT-BKYI-MSGY,IBKR · TWS read-only · live,live,1m,2.22,2.2,2.21,3.11,13620891.0,181.67207401385662,25.423728813559322,5920000.0,verified,finviz via premarket_stars.py,0,0,REJECT,rising,0,"[{""id"": ""price"", ""kills"": true, ""reason"": ""$2.22 is outside $2.00\u201320.00."", ""state"": ""PASS"", ""value"": ""$2.22  band $2.00\u201320.00""}, {""id"": ""float"", ""kills"": false, ""reason"": """", ""state"": ""PASS"", ""value"": ""5.9M (verified)""}, {""id"": ""catalyst"", ""kills"": false, ""reason"": ""The desk has no news feed (no headline keys in .env); the gate could not be evaluated."", ""state"": ""UNKNOWN"", ""value"": ""no headline source""}, {""id"": ""pillars"", ""kills"": true, ""reason"": ""Only 4 of the Five Pillars pass (need 4); missing catalyst."", ""state"": ""PASS"", ""value"": ""4/5 \u2014 missing catalyst""}, {""id"": ""rising"", ""kills"": true, ""reason"": ""28.6% off the high \u2014 back side of the move."", ""state"": ""FAIL"", ""value"": ""28.6% off 3.11""}, {""id"": ""split"", ""kills"": false, ""reason"": ""cascade already stopped"", ""state"": ""NOT_APPLICABLE"", ""value"": ""\u2014""}, {""id"": ""instrument"", ""kills"": false, ""reason"": ""cascade already stopped"", ""state"": ""NOT_APPLICABLE"", ""value"": ""\u2014""}, {""id"": ""tick"", ""kills"": false, ""reason"": ""cascade already stopped"", ""state"": ""NOT_APPLICABLE"", ""value"": ""\u2014""}, {""id"": ""buyout"", ""kills"": false, ""reason"": ""cascade already stopped"", ""state"": ""NOT_APPLICABLE"", ""value"": ""\u2014""}]","[""Catalyst unknown \u2014 no headline source on this desk (A2: flagged, not killed).""]","{""above_ema9"": true, ""above_vwap"": false, ""buyout_announced"": false, ""catalyst_source_ok"": false, ""catalyst_today"": false, ""catalyst_verdict"": ""UNKNOWN"", ""change_pct"": 25.423728813559322, ""feed_stale"": false, ""float_is_shares_outstanding"": false, ""float_shares"": 5920000.0, ""float_verified"": true, ""halted"": false, ""in_session_window"": true, ""is_fund_or_etf"": null, ""last"": 2.22, ""live_theme"": false, ""macd_positive_and_above_signal"": true, ""penny_theme"": false, ""premarket_volume"": null, ""prev_close"": null, ""rvol"": 181.67207401385662, ""session_high"": 3.11, ""session_volume"": 13620891.0, ""split_ratio_clean_integer"": null, ""symbol"": ""YMT"", ""tick_size"": null}",2.2307,2.14,2.4121,0.0907,2.0,1,1,SUPPRESSED,,,2026-09-29T12:11:03+00:00,29c30d884550,6f27547,2026-09-29T08:11:00-04:00,,,2.2307,4.5127,-3.9768,1,1,target,1,2026-09-29T13:32:00Z,2.2118,2.05,2.05
c789373ecbb5f1f8,2026-09-29T08:12:00-04:00,premarket,BKYI,pullback,ibkr-YMT-BKYI-MSGY,IBKR · TWS read-only · live,live,1m,2.91,2.9,2.91,3.6,32725925.0,1034.0010047456856,73.21428571428572,1310000.0,verified,finviz via premarket_stars.py,0,0,REVIEW,,1,"[{""id"": ""price"", ""kills"": true, ""reason"": ""$2.91 is outside $2.00\u201320.00."", ""state"": ""PASS"", ""value"": ""$2.91  band $2.00\u201320.00""}, {""id"": ""float"", ""kills"": false, ""reason"": """", ""state"": ""PASS"", ""value"": ""1.3M (verified)""}, {""id"": ""catalyst"", ""kills"": false, ""reason"": ""The desk has no news feed (no headline keys in .env); the gate could not be evaluated."", ""state"": ""UNKNOWN"", ""value"": ""no headline source""}, {""id"": ""pillars"", ""kills"": true, ""reason"": ""Only 4 of the Five Pillars pass (need 4); missing catalyst."", ""state"": ""PASS"", ""value"": ""4/5 \u2014 missing catalyst""}, {""id"": ""rising"", ""kills"": true, ""reason"": ""19.2% off the high \u2014 back side of the move."", ""state"": ""PASS"", ""value"": ""19.2% off 3.60""}, {""id"": ""split"", ""kills"": false, ""reason"": """", ""state"": ""PASS"", ""value"": ""gap is not arithmetic""}, {""id"": ""instrument"", ""kills"": false, ""reason"": """", ""state"": ""UNKNOWN"", ""value"": ""\u2014""}, {""id"": ""tick"", ""kills"": false, ""reason"": """", ""state"": ""UNKNOWN"", ""value"": ""\u2014""}, {""id"": ""buyout"", ""kills"": true, ""reason"": ""Acquisition announced \u2014 the price is pinned and volatility is gone."", ""state"": ""PASS"", ""value"": ""none""}, {""id"": ""vwap"", ""kills"": false, ""reason"": """", ""state"": ""PASS"", ""value"": ""yes""}, {""id"": ""ema9"", ""kills"": false, ""reason"": """", ""state"": ""PASS"", ""value"": ""yes""}, {""id"": ""macd"", ""kills"": false, ""reason"": """", ""state"": ""PASS"", ""value"": ""yes""}, {""id"": ""tape"", ""kills"": false, ""reason"": ""No tape and no book in this tool."", ""state"": ""MANUAL_CONFIRMATION_REQUIRED"", ""value"": ""your eyes""}]","[""Catalyst unknown \u2014 no headline source on this desk (A2: flagged, not killed)."", ""Instrument type unknown \u2014 ADRs are fine, funds are not.""]","{""above_ema9"": true, ""above_vwap"": true, ""buyout_announced"": false, ""catalyst_source_ok"": false, ""catalyst_today"": false, ""catalyst_verdict"": ""UNKNOWN"", ""change_pct"": 73.21428571428572, ""feed_stale"": false, ""float_is_shares_outstanding"": false, ""float_shares"": 1310000.0, ""float_verified"": true, ""halted"": false, ""in_session_window"": true, ""is_fund_or_etf"": null, ""last"": 2.91, ""live_theme"": false, ""macd_positive_and_above_signal"": true, ""penny_theme"": false, ""premarket_volume"": null, ""prev_close"": null, ""rvol"": 1034.0010047456856, ""session_high"": 3.6, ""session_volume"": 32725925.0, ""split_ratio_clean_integer"": null, ""symbol"": ""BKYI"", ""tick_size"": null}",2.9,2.78,3.14,0.12,2.0,2,1,REFUSED,"[""selective (A13): price 2.90 under $5"", ""selective (A13): plan 13 of the day on BKYI, only the first 2 are taken""]",2026-09-29T12:12:52+00:00,2026-09-29T12:12:51+00:00,29c30d884550,6f27547,2026-09-29T08:13:00-04:00,"{""bar_end"": ""2026-09-29T08:13:00-04:00"", ""bar_to_published_s"": -9, ""published"": ""2026-09-29T12:12:51+00:00"", ""published_to_seen_s"": 1, ""quote_ts"": ""2026-09-29T12:12:50+00:00"", ""runner_seen"": ""2026-09-29T12:12:52+00:00""}",,2.9,14.6667,-1.25,1,1,stop,1,2026-09-29T12:13:00Z,3.07,2.75,3.3499
74532f24c567e6ca,2026-09-29T08:36:00-04:00,premarket,BKYI,pullback,ibkr-YMT-BKYI-MSGY,IBKR · TWS read-only · live,live,1m,2.92,2.92,2.93,3.6,42065309.0,1329.0860921711985,73.80952380952381,1310000.0,verified,finviz via premarket_stars.py,0,0,WAIT,,1,"[{""id"": ""price"", ""kills"": true, ""reason"": ""$2.92 is outside $2.00\u201320.00."", ""state"": ""PASS"", ""value"": ""$2.92  band $2.00\u201320.00""}, {""id"": ""float"", ""kills"": false, ""reason"": """", ""state"": ""PASS"", ""value"": ""1.3M (verified)""}, {""id"": ""catalyst"", ""kills"": false, ""reason"": ""The desk has no news feed (no headline keys in .env); the gate could not be evaluated."", ""state"": ""UNKNOWN"", ""value"": ""no headline source""}, {""id"": ""pillars"", ""kills"": true, ""reason"": ""Only 4 of the Five Pillars pass (need 4); missing catalyst."", ""state"": ""PASS"", ""value"": ""4/5 \u2014 missing catalyst""}, {""id"": ""rising"", ""kills"": true, ""reason"": ""18.9% off the high \u2014 back side of the move."", ""state"": ""PASS"", ""value"": ""18.9% off 3.60""}, {""id"": ""split"", ""kills"": false, ""reason"": """", ""state"": ""PASS"", ""value"": ""gap is not arithmetic""}, {""id"": ""instrument"", ""kills"": false, ""reason"": """", ""state"": ""UNKNOWN"", ""value"": ""\u2014""}, {""id"": ""tick"", ""kills"": false, ""reason"": """", ""state"": ""UNKNOWN"", ""value"": ""\u2014""}, {""id"": ""buyout"", ""kills"": true, ""reason"": ""Acquisition announced \u2014 the price is pinned and volatility is gone."", ""state"": ""PASS"", ""value"": ""none""}, {""id"": ""vwap"", ""kills"": false, ""reason"": """", ""state"": ""PASS"", ""value"": ""yes""}, {""id"": ""ema9"", ""kills"": false, ""reason"": """", ""state"": ""PASS"", ""value"": ""yes""}, {""id"": ""macd"", ""kills"": false, ""reason"": """", ""state"": ""FAIL"", ""value"": ""no""}, {""id"": ""tape"", ""kills"": false, ""reason"": ""No tape and no book in this tool."", ""state"": ""MANUAL_CONFIRMATION_REQUIRED"", ""value"": ""your eyes""}]","[""Catalyst unknown \u2014 no headline source on this desk (A2: flagged, not killed)."", ""Instrument type unknown \u2014 ADRs are fine, funds are not.""]","{""above_ema9"": true, ""above_vwap"": true, ""buyout_announced"": false, ""catalyst_source_ok"": false, ""catalyst_today"": false, ""catalyst_verdict"": ""UNKNOWN"", ""change_pct"": 73.80952380952381, ""feed_stale"": false, ""float_is_shares_outstanding"": false, ""float_shares"": 1310000.0, ""float_verified"": true, ""halted"": false, ""in_session_window"": true, ""is_fund_or_etf"": null, ""last"": 2.92, ""live_theme"": false, ""macd_positive_and_above_signal"": false, ""penny_theme"": false, ""premarket_volume"": null, ""prev_close"": null, ""rvol"": 1329.0860921711985, ""session_high"": 3.6, ""session_volume"": 42065309.0, ""split_ratio_clean_integer"": null, ""symbol"": ""BKYI"", ""tick_size"": null}",2.94,2.88,3.06,0.06,2.0,1,1,REFUSED,"[""Layer 2 not green: MACD not positive and above its signal (verdict WAIT) \u2014 chart gates must all be true at entry"", ""selective (A13): price 2.94 under $5"", ""selective (A13): plan 14 of the day on BKYI, only the first 2 are taken""]",2026-09-29T12:36:13+00:00,2026-09-29T12:36:11+00:00,29c30d884550,6f27547,2026-09-29T08:37:00-04:00,"{""bar_end"": ""2026-09-29T08:37:00-04:00"", ""bar_to_published_s"": -49, ""published"": ""2026-09-29T12:36:11+00:00"", ""published_to_seen_s"": 3, ""quote_ts"": ""2026-09-29T12:36:11+00:00"", ""runner_seen"": ""2026-09-29T12:36:13+00:00""}",,2.94,28.6667,-2.6667,1,1,stop,1,2026-09-29T12:37:00Z,3.05,2.78,3.3499
818204dd2f5a9a24,2026-09-29T08:37:00-04:00,premarket,MSGY,pullback,ibkr-YMT-BKYI-MSGY,IBKR · TWS read-only · live,live,1m,4.262,4.25,4.26,5.2,6056273.0,2.676842541349408,36.1661341853035,1490000.0,verified,finviz via premarket_stars.py,0,0,REJECT,pillars,0,"[{""id"": ""price"", ""kills"": true, ""reason"": ""$4.26 is outside $2.00\u201320.00."", ""state"": ""PASS"", ""value"": ""$4.26  band $2.00\u201320.00""}, {""id"": ""float"", ""kills"": false, ""reason"": """", ""state"": ""PASS"", ""value"": ""1.5M (verified)""}, {""id"": ""catalyst"", ""kills"": false, ""reason"": ""The desk has no news feed (no headline keys in .env); the gate could not be evaluated."", ""state"": ""UNKNOWN"", ""value"": ""no headline source""}, {""id"": ""pillars"", ""kills"": true, ""reason"": ""Only 3 of the Five Pillars pass (need 4); missing rvol, catalyst."", ""state"": ""FAIL"", ""value"": ""3/5 \u2014 missing rvol, catalyst""}, {""id"": ""rising"", ""kills"": false, ""reason"": ""cascade already stopped"", ""state"": ""NOT_APPLICABLE"", ""value"": ""\u2014""}, {""id"": ""split"", ""kills"": false, ""reason"": ""cascade already stopped"", ""state"": ""NOT_APPLICABLE"", ""value"": ""\u2014""}, {""id"": ""instrument"", ""kills"": false, ""reason"": ""cascade already stopped"", ""state"": ""NOT_APPLICABLE"", ""value"": ""\u2014""}, {""id"": ""tick"", ""kills"": false, ""reason"": ""cascade already stopped"", ""state"": ""NOT_APPLICABLE"", ""value"": ""\u2014""}, {""id"": ""buyout"", ""kills"": false, ""reason"": ""cascade already stopped"", ""state"": ""NOT_APPLICABLE"", ""value"": ""\u2014""}]","[""Catalyst unknown \u2014 no headline source on this desk (A2: flagged, not killed).""]","{""above_ema9"": true, ""above_vwap"": true, ""buyout_announced"": false, ""catalyst_source_ok"": false, ""catalyst_today"": false, ""catalyst_verdict"": ""UNKNOWN"", ""change_pct"": 36.1661341853035, ""feed_stale"": false, ""float_is_shares_outstanding"": false, ""float_shares"": 1490000.0, ""float_verified"": true, ""halted"": false, ""in_session_window"": true, ""is_fund_or_etf"": null, ""last"": 4.262, ""live_theme"": false, ""macd_positive_and_above_signal"": true, ""penny_theme"": false, ""premarket_volume"": null, ""prev_close"": null, ""rvol"": 2.676842541349408, ""session_high"": 5.2, ""session_volume"": 6056273.0, ""split_ratio_clean_integer"": null, ""symbol"": ""MSGY"", ""tick_size"": null}",4.22,3.99,4.68,0.23,2.0,4,0,SUPPRESSED,,,2026-09-29T12:37:11+00:00,29c30d884550,6f27547,2026-09-29T08:38:00-04:00,,,4.22,2.2174,-4.4348,1,1,stop,1,2026-09-29T12:38:00Z,4.73,3.92,3.58
84fe52ad5be28f36,2026-09-29T08:38:00-04:00,premarket,YMT,pullback,ibkr-YMT-BKYI-MSGY,IBKR · TWS read-only · live,live,1m,2.12,2.1,2.11,3.11,14103196.0,188.1049387697124,19.774011299435035,5920000.0,verified,finviz via premarket_stars.py,0,0,REJECT,rising,0,"[{""id"": ""price"", ""kills"": true, ""reason"": ""$2.12 is outside $2.00\u201320.00."", ""state"": ""PASS"", ""value"": ""$2.12  band $2.00\u201320.00""}, {""id"": ""float"", ""kills"": false, ""reason"": """", ""state"": ""PASS"", ""value"": ""5.9M (verified)""}, {""id"": ""catalyst"", ""kills"": false, ""reason"": ""The desk has no news feed (no headline keys in .env); the gate could not be evaluated."", ""state"": ""UNKNOWN"", ""value"": ""no headline source""}, {""id"": ""pillars"", ""kills"": true, ""reason"": ""Only 4 of the Five Pillars pass (need 4); missing catalyst."", ""state"": ""PASS"", ""value"": ""4/5 \u2014 missing catalyst""}, {""id"": ""rising"", ""kills"": true, ""reason"": ""31.8% off the high \u2014 back side of the move."", ""state"": ""FAIL"", ""value"": ""31.8% off 3.11""}, {""id"": ""split"", ""kills"": false, ""reason"": ""cascade already stopped"", ""state"": ""NOT_APPLICABLE"", ""value"": ""\u2014""}, {""id"": ""instrument"", ""kills"": false, ""reason"": ""cascade already stopped"", ""state"": ""NOT_APPLICABLE"", ""value"": ""\u2014""}, {""id"": ""tick"", ""kills"": false, ""reason"": ""cascade already stopped"", ""state"": ""NOT_APPLICABLE"", ""value"": ""\u2014""}, {""id"": ""buyout"", ""kills"": false, ""reason"": ""cascade already stopped"", ""state"": ""NOT_APPLICABLE"", ""value"": ""\u2014""}]","[""Catalyst unknown \u2014 no headline source on this desk (A2: flagged, not killed).""]","{""above_ema9"": true, ""above_vwap"": false, ""buyout_announced"": false, ""catalyst_source_ok"": false, ""catalyst_today"": false, ""catalyst_verdict"": ""UNKNOWN"", ""change_pct"": 19.774011299435035, ""feed_stale"": false, ""float_is_shares_outstanding"": false, ""float_shares"": 5920000.0, ""float_verified"": true, ""halted"": false, ""in_session_window"": true, ""is_fund_or_etf"": null, ""last"": 2.12, ""live_theme"": false, ""macd_positive_and_above_signal"": true, ""penny_theme"": false, ""premarket_volume"": null, ""prev_close"": null, ""rvol"": 188.1049387697124, ""session_high"": 3.11, ""session_volume"": 14103196.0, ""split_ratio_clean_integer"": null, ""symbol"": ""YMT"", ""tick_size"": null}",2.12,2.0715,2.217,0.0485,2.0,1,1,SUPPRESSED,,,2026-09-29T12:38:51+00:00,29c30d884550,6f27547,2026-09-29T08:39:00-04:00,,,2.12,10.7216,-5.1546,1,1,target,1,2026-09-29T12:39:00Z,2.17,2.08,2.05
c632c98124e364d8,2026-09-29T08:49:00-04:00,premarket,MSGY,pullback,ibkr-YMT-BKYI-MSGY,IBKR · TWS read-only · live,live,1m,4.65,4.51,4.52,5.2,8601234.0,3.8017026443987807,48.56230031948883,1490000.0,verified,finviz via premarket_stars.py,0,0,REJECT,pillars,0,"[{""id"": ""price"", ""kills"": true, ""reason"": ""$4.65 is outside $2.00\u201320.00."", ""state"": ""PASS"", ""value"": ""$4.65  band $2.00\u201320.00""}, {""id"": ""float"", ""kills"": false, ""reason"": """", ""state"": ""PASS"", ""value"": ""1.5M (verified)""}, {""id"": ""catalyst"", ""kills"": false, ""reason"": ""The desk has no news feed (no headline keys in .env); the gate could not be evaluated."", ""state"": ""UNKNOWN"", ""value"": ""no headline source""}, {""id"": ""pillars"", ""kills"": true, ""reason"": ""Only 3 of the Five Pillars pass (need 4); missing rvol, catalyst."", ""state"": ""FAIL"", ""value"": ""3/5 \u2014 missing rvol, catalyst""}, {""id"": ""rising"", ""kills"": false, ""reason"": ""cascade already stopped"", ""state"": ""NOT_APPLICABLE"", ""value"": ""\u2014""}, {""id"": ""split"", ""kills"": false, ""reason"": ""cascade already stopped"", ""state"": ""NOT_APPLICABLE"", ""value"": ""\u2014""}, {""id"": ""instrument"", ""kills"": false, ""reason"": ""cascade already stopped"", ""state"": ""NOT_APPLICABLE"", ""value"": ""\u2014""}, {""id"": ""tick"", ""kills"": false, ""reason"": ""cascade already stopped"", ""state"": ""NOT_APPLICABLE"", ""value"": ""\u2014""}, {""id"": ""buyout"", ""kills"": false, ""reason"": ""cascade already stopped"", ""state"": ""NOT_APPLICABLE"", ""value"": ""\u2014""}]","[""Catalyst unknown \u2014 no headline source on this desk (A2: flagged, not killed).""]","{""above_ema9"": true, ""above_vwap"": true, ""buyout_announced"": false, ""catalyst_source_ok"": false, ""catalyst_today"": false, ""catalyst_verdict"": ""UNKNOWN"", ""change_pct"": 48.56230031948883, ""feed_stale"": false, ""float_is_shares_outstanding"": false, ""float_shares"": 1490000.0, ""float_verified"": true, ""halted"": false, ""in_session_window"": true, ""is_fund_or_etf"": null, ""last"": 4.65, ""live_theme"": false, ""macd_positive_and_above_signal"": true, ""penny_theme"": false, ""premarket_volume"": null, ""prev_close"": null, ""rvol"": 3.8017026443987807, ""session_high"": 5.2, ""session_volume"": 8601234.0, ""split_ratio_clean_integer"": null, ""symbol"": ""MSGY"", ""tick_size"": null}",4.58,4.41,4.92,0.17,2.0,2,0,SUPPRESSED,,,2026-09-29T12:49:13+00:00,29c30d884550,6f27547,2026-09-29T08:50:00-04:00,,,4.58,0.8824,-8.1176,1,0,stop,1,2026-09-29T12:58:00Z,4.73,4.11,3.58
4063d2e77907418d,2026-09-29T09:01:00-04:00,premarket,MSGY,pullback,ibkr-YMT-BKYI-MSGY,IBKR · TWS read-only · live,live,1m,4.5695,4.57,4.58,5.2,10802619.0,4.774703864437651,45.99041533546326,1490000.0,verified,finviz via premarket_stars.py,0,0,REJECT,pillars,0,"[{""id"": ""price"", ""kills"": true, ""reason"": ""$4.57 is outside $2.00\u201320.00."", ""state"": ""PASS"", ""value"": ""$4.57  band $2.00\u201320.00""}, {""id"": ""float"", ""kills"": false, ""reason"": """", ""state"": ""PASS"", ""value"": ""1.5M (verified)""}, {""id"": ""catalyst"", ""kills"": false, ""reason"": ""The desk has no news feed (no headline keys in .env); the gate could not be evaluated."", ""state"": ""UNKNOWN"", ""value"": ""no headline source""}, {""id"": ""pillars"", ""kills"": true, ""reason"": ""Only 3 of the Five Pillars pass (need 4); missing rvol, catalyst."", ""state"": ""FAIL"", ""value"": ""3/5 \u2014 missing rvol, catalyst""}, {""id"": ""rising"", ""kills"": false, ""reason"": ""cascade already stopped"", ""state"": ""NOT_APPLICABLE"", ""value"": ""\u2014""}, {""id"": ""split"", ""kills"": false, ""reason"": ""cascade already stopped"", ""state"": ""NOT_APPLICABLE"", ""value"": ""\u2014""}, {""id"": ""instrument"", ""kills"": false, ""reason"": ""cascade already stopped"", ""state"": ""NOT_APPLICABLE"", ""value"": ""\u2014""}, {""id"": ""tick"", ""kills"": false, ""reason"": ""cascade already stopped"", ""state"": ""NOT_APPLICABLE"", ""value"": ""\u2014""}, {""id"": ""buyout"", ""kills"": false, ""reason"": ""cascade already stopped"", ""state"": ""NOT_APPLICABLE"", ""value"": ""\u2014""}]","[""Catalyst unknown \u2014 no headline source on this desk (A2: flagged, not killed).""]","{""above_ema9"": true, ""above_vwap"": true, ""buyout_announced"": false, ""catalyst_source_ok"": false, ""catalyst_today"": false, ""catalyst_verdict"": ""UNKNOWN"", ""change_pct"": 45.99041533546326, ""feed_stale"": false, ""float_is_shares_outstanding"": false, ""float_shares"": 1490000.0, ""float_verified"": true, ""halted"": false, ""in_session_window"": true, ""is_fund_or_etf"": null, ""last"": 4.5695, ""live_theme"": false, ""macd_positive_and_above_signal"": true, ""penny_theme"": false, ""premarket_volume"": null, ""prev_close"": null, ""rvol"": 4.774703864437651, ""session_high"": 5.2, ""session_volume"": 10802619.0, ""split_ratio_clean_integer"": null, ""symbol"": ""MSGY"", ""tick_size"": null}",4.53,4.38,4.83,0.15,2.0,2,0,SUPPRESSED,,,2026-09-29T13:01:21+00:00,29c30d884550,6f27547,2026-09-29T09:02:00-04:00,,,4.53,1.0667,-8.8667,1,0,stop,1,2026-09-29T13:02:00Z,4.69,3.94,3.58
0f9b2efddce23326,2026-09-29T09:15:00-04:00,premarket,FFAI,pullback,ibkr-YMT-BKYI-MSGY,IBKR · TWS read-only · live,live,1m,1.555,1.55,1.56,1.85,8091775.0,144.10740681377,10.283687943262422,6030000.0,verified,finviz via premarket_stars.py,0,0,REJECT,price,0,"[{""id"": ""price"", ""kills"": true, ""reason"": ""$1.55 is outside $2.00\u201320.00."", ""state"": ""FAIL"", ""value"": ""$1.55  band $2.00\u201320.00""}, {""id"": ""float"", ""kills"": false, ""reason"": ""cascade already stopped"", ""state"": ""NOT_APPLICABLE"", ""value"": ""\u2014""}, {""id"": ""catalyst"", ""kills"": false, ""reason"": ""cascade already stopped"", ""state"": ""NOT_APPLICABLE"", ""value"": ""\u2014""}, {""id"": ""pillars"", ""kills"": false, ""reason"": ""cascade already stopped"", ""state"": ""NOT_APPLICABLE"", ""value"": ""\u2014""}, {""id"": ""rising"", ""kills"": false, ""reason"": ""cascade already stopped"", ""state"": ""NOT_APPLICABLE"", ""value"": ""\u2014""}, {""id"": ""split"", ""kills"": false, ""reason"": ""cascade already stopped"", ""state"": ""NOT_APPLICABLE"", ""value"": ""\u2014""}, {""id"": ""instrument"", ""kills"": false, ""reason"": ""cascade already stopped"", ""state"": ""NOT_APPLICABLE"", ""value"": ""\u2014""}, {""id"": ""tick"", ""kills"": false, ""reason"": ""cascade already stopped"", ""state"": ""NOT_APPLICABLE"", ""value"": ""\u2014""}, {""id"": ""buyout"", ""kills"": false, ""reason"": ""cascade already stopped"", ""state"": ""NOT_APPLICABLE"", ""value"": ""\u2014""}]",[],"{""above_ema9"": true, ""above_vwap"": false, ""buyout_announced"": false, ""catalyst_source_ok"": false, ""catalyst_today"": false, ""catalyst_verdict"": ""UNKNOWN"", ""change_pct"": 10.283687943262422, ""feed_stale"": false, ""float_is_shares_outstanding"": false, ""float_shares"": 6030000.0, ""float_verified"": true, ""halted"": false, ""in_session_window"": true, ""is_fund_or_etf"": null, ""last"": 1.555, ""live_theme"": false, ""macd_positive_and_above_signal"": true, ""penny_theme"": false, ""premarket_volume"": null, ""prev_close"": null, ""rvol"": 144.10740681377, ""session_high"": 1.85, ""session_volume"": 8091775.0, ""split_ratio_clean_integer"": null, ""symbol"": ""FFAI"", ""tick_size"": null}",1.56,1.53,1.62,0.03,2.0,2,0,SUPPRESSED,,,2026-09-29T13:15:31+00:00,29c30d884550,6f27547,2026-09-29T09:16:00-04:00,,,1.56,0.3333,-10.3333,1,0,stop,1,2026-09-29T13:16:00Z,1.57,1.4101,1.295
dc35f3d39a1540fa,2026-09-29T09:17:00-04:00,premarket,MSGY,pullback,ibkr-YMT-BKYI-MSGY,IBKR · TWS read-only · live,live,1m,4.18,4.17,4.18,5.2,12521881.0,5.534609116615924,33.54632587859425,1490000.0,verified,finviz via premarket_stars.py,0,0,WAIT,,1,"[{""id"": ""price"", ""kills"": true, ""reason"": ""$4.18 is outside $2.00\u201320.00."", ""state"": ""PASS"", ""value"": ""$4.18  band $2.00\u201320.00""}, {""id"": ""float"", ""kills"": false, ""reason"": """", ""state"": ""PASS"", ""value"": ""1.5M (verified)""}, {""id"": ""catalyst"", ""kills"": false, ""reason"": ""The desk has no news feed (no headline keys in .env); the gate could not be evaluated."", ""state"": ""UNKNOWN"", ""value"": ""no headline source""}, {""id"": ""pillars"", ""kills"": true, ""reason"": ""Only 4 of the Five Pillars pass (need 4); missing catalyst."", ""state"": ""PASS"", ""value"": ""4/5 \u2014 missing catalyst""}, {""id"": ""rising"", ""kills"": true, ""reason"": ""19.6% off the high \u2014 back side of the move."", ""state"": ""PASS"", ""value"": ""19.6% off 5.20""}, {""id"": ""split"", ""kills"": false, ""reason"": """", ""state"": ""PASS"", ""value"": ""gap is not arithmetic""}, {""id"": ""instrument"", ""kills"": false, ""reason"": """", ""state"": ""UNKNOWN"", ""value"": ""\u2014""}, {""id"": ""tick"", ""kills"": false, ""reason"": """", ""state"": ""UNKNOWN"", ""value"": ""\u2014""}, {""id"": ""buyout"", ""kills"": true, ""reason"": ""Acquisition announced \u2014 the price is pinned and volatility is gone."", ""state"": ""PASS"", ""value"": ""none""}, {""id"": ""vwap"", ""kills"": false, ""reason"": """", ""state"": ""FAIL"", ""value"": ""no""}, {""id"": ""ema9"", ""kills"": false, ""reason"": """", ""state"": ""FAIL"", ""value"": ""no""}, {""id"": ""macd"", ""kills"": false, ""reason"": """", ""state"": ""FAIL"", ""value"": ""no""}, {""id"": ""tape"", ""kills"": false, ""reason"": ""No tape and no book in this tool."", ""state"": ""MANUAL_CONFIRMATION_REQUIRED"", ""value"": ""your eyes""}]","[""Catalyst unknown \u2014 no headline source on this desk (A2: flagged, not killed)."", ""Instrument type unknown \u2014 ADRs are fine, funds are not.""]","{""above_ema9"": false, ""above_vwap"": false, ""buyout_announced"": false, ""catalyst_source_ok"": false, ""catalyst_today"": false, ""catalyst_verdict"": ""UNKNOWN"", ""change_pct"": 33.54632587859425, ""feed_stale"": false, ""float_is_shares_outstanding"": false, ""float_shares"": 1490000.0, ""float_verified"": true, ""halted"": false, ""in_session_window"": true, ""is_fund_or_etf"": null, ""last"": 4.18, ""live_theme"": false, ""macd_positive_and_above_signal"": false, ""penny_theme"": false, ""premarket_volume"": null, ""prev_close"": null, ""rvol"": 5.534609116615924, ""session_high"": 5.2, ""session_volume"": 12521881.0, ""split_ratio_clean_integer"": null, ""symbol"": ""MSGY"", ""tick_size"": null}",4.177,4.11,4.311,0.067,2.0,4,1,REFUSED,"[""Layer 2 not green: below VWAP; below the 9 EMA; MACD not positive and above its signal (verdict WAIT) \u2014 chart gates must all be true at entry"", ""selective (A13): stop 1.7% of price, under 2%"", ""selective (A13): price 4.18 under $5"", ""selective (A13): plan 10 of the day on MSGY, only the first 2 are taken""]",2026-09-29T13:17:36+00:00,2026-09-29T13:17:33+00:00,29c30d884550,6f27547,2026-09-29T09:18:00-04:00,"{""bar_end"": ""2026-09-29T09:18:00-04:00"", ""bar_to_published_s"": -27, ""published"": ""2026-09-29T13:17:33+00:00"", ""published_to_seen_s"": 4, ""quote_ts"": ""2026-09-29T13:17:35+00:00"", ""runner_seen"": ""2026-09-29T13:17:36+00:00""}",,4.177,4.6716,-14.5821,1,1,stop,1,2026-09-29T13:27:00Z,4.49,3.92,3.58
42e09462565b4b5c,2026-09-29T09:19:00-04:00,premarket,BKYI,pullback,ibkr-YMT-BKYI-MSGY,IBKR · TWS read-only · live,live,1m,3.0303,3.03,3.04,3.6,53395313.0,1687.0663637684916,80.375,1310000.0,verified,finviz via premarket_stars.py,0,0,REVIEW,,1,"[{""id"": ""price"", ""kills"": true, ""reason"": ""$3.03 is outside $2.00\u201320.00."", ""state"": ""PASS"", ""value"": ""$3.03  band $2.00\u201320.00""}, {""id"": ""float"", ""kills"": false, ""reason"": """", ""state"": ""PASS"", ""value"": ""1.3M (verified)""}, {""id"": ""catalyst"", ""kills"": false, ""reason"": ""The desk has no news feed (no headline keys in .env); the gate could not be evaluated."", ""state"": ""UNKNOWN"", ""value"": ""no headline source""}, {""id"": ""pillars"", ""kills"": true, ""reason"": ""Only 4 of the Five Pillars pass (need 4); missing catalyst."", ""state"": ""PASS"", ""value"": ""4/5 \u2014 missing catalyst""}, {""id"": ""rising"", ""kills"": true, ""reason"": ""15.8% off the high \u2014 back side of the move."", ""state"": ""PASS"", ""value"": ""15.8% off 3.60""}, {""id"": ""split"", ""kills"": false, ""reason"": """", ""state"": ""PASS"", ""value"": ""gap is not arithmetic""}, {""id"": ""instrument"", ""kills"": false, ""reason"": """", ""state"": ""UNKNOWN"", ""value"": ""\u2014""}, {""id"": ""tick"", ""kills"": false, ""reason"": """", ""state"": ""UNKNOWN"", ""value"": ""\u2014""}, {""id"": ""buyout"", ""kills"": true, ""reason"": ""Acquisition announced \u2014 the price is pinned and volatility is gone."", ""state"": ""PASS"", ""value"": ""none""}, {""id"": ""vwap"", ""kills"": false, ""reason"": """", ""state"": ""PASS"", ""value"": ""yes""}, {""id"": ""ema9"", ""kills"": false, ""reason"": """", ""state"": ""PASS"", ""value"": ""yes""}, {""id"": ""macd"", ""kills"": false, ""reason"": """", ""state"": ""PASS"", ""value"": ""yes""}, {""id"": ""tape"", ""kills"": false, ""reason"": ""No tape and no book in this tool."", ""state"": ""MANUAL_CONFIRMATION_REQUIRED"", ""value"": ""your eyes""}]","[""Catalyst unknown \u2014 no headline source on this desk (A2: flagged, not killed)."", ""Instrument type unknown \u2014 ADRs are fine, funds are not.""]","{""above_ema9"": true, ""above_vwap"": true, ""buyout_announced"": false, ""catalyst_source_ok"": false, ""catalyst_today"": false, ""catalyst_verdict"": ""UNKNOWN"", ""change_pct"": 80.375, ""feed_stale"": false, ""float_is_shares_outstanding"": false, ""float_shares"": 1310000.0, ""float_verified"": true, ""halted"": false, ""in_session_window"": true, ""is_fund_or_etf"": null, ""last"": 3.0303, ""live_theme"": false, ""macd_positive_and_above_signal"": true, ""penny_theme"": false, ""premarket_volume"": null, ""prev_close"": null, ""rvol"": 1687.0663637684916, ""session_high"": 3.6, ""session_volume"": 53395313.0, ""split_ratio_clean_integer"": null, ""symbol"": ""BKYI"", ""tick_size"": null}",3.04,2.96,3.2,0.08,2.0,1,0,REFUSED,"[""Layer 2 not green: pullback volume was not lighter than the impulse"", ""selective (A13): price 3.04 under $5"", ""selective (A13): plan 15 of the day on BKYI, only the first 2 are taken""]",2026-09-29T13:19:56+00:00,2026-09-29T13:19:53+00:00,29c30d884550,6f27547,2026-09-29T09:20:00-04:00,"{""bar_end"": ""2026-09-29T09:20:00-04:00"", ""bar_to_published_s"": -7, ""published"": ""2026-09-29T13:19:53+00:00"", ""published_to_seen_s"": 4, ""quote_ts"": ""2026-09-29T13:19:53+00:00"", ""runner_seen"": ""2026-09-29T13:19:56+00:00""}",,3.04,20.25,-0.625,0,1,target,1,2026-09-29T13:20:00Z,3.69,2.99,3.3499
bd8544a188cbf894,2026-09-29T09:28:00-04:00,premarket,BKYI,pullback,ibkr-YMT-BKYI-MSGY,IBKR · TWS read-only · live,live,1m,3.35,3.35,3.36,3.6,58728434.0,1855.5704617406745,99.40476190476191,1310000.0,verified,finviz via premarket_stars.py,0,0,REVIEW,,1,"[{""id"": ""price"", ""kills"": true, ""reason"": ""$3.35 is outside $2.00\u201320.00."", ""state"": ""PASS"", ""value"": ""$3.35  band $2.00\u201320.00""}, {""id"": ""float"", ""kills"": false, ""reason"": """", ""state"": ""PASS"", ""value"": ""1.3M (verified)""}, {""id"": ""catalyst"", ""kills"": false, ""reason"": ""The desk has no news feed (no headline keys in .env); the gate could not be evaluated."", ""state"": ""UNKNOWN"", ""value"": ""no headline source""}, {""id"": ""pillars"", ""kills"": true, ""reason"": ""Only 4 of the Five Pillars pass (need 4); missing catalyst."", ""state"": ""PASS"", ""value"": ""4/5 \u2014 missing catalyst""}, {""id"": ""rising"", ""kills"": true, ""reason"": ""6.9% off the high \u2014 back side of the move."", ""state"": ""PASS"", ""value"": ""6.9% off 3.60""}, {""id"": ""split"", ""kills"": false, ""reason"": """", ""state"": ""PASS"", ""value"": ""gap is not arithmetic""}, {""id"": ""instrument"", ""kills"": false, ""reason"": """", ""state"": ""UNKNOWN"", ""value"": ""\u2014""}, {""id"": ""tick"", ""kills"": false, ""reason"": """", ""state"": ""UNKNOWN"", ""value"": ""\u2014""}, {""id"": ""buyout"", ""kills"": true, ""reason"": ""Acquisition announced \u2014 the price is pinned and volatility is gone."", ""state"": ""PASS"", ""value"": ""none""}, {""id"": ""vwap"", ""kills"": false, ""reason"": """", ""state"": ""PASS"", ""value"": ""yes""}, {""id"": ""ema9"", ""kills"": false, ""reason"": """", ""state"": ""PASS"", ""value"": ""yes""}, {""id"": ""macd"", ""kills"": false, ""reason"": """", ""state"": ""PASS"", ""value"": ""yes""}, {""id"": ""tape"", ""kills"": false, ""reason"": ""No tape and no book in this tool."", ""state"": ""MANUAL_CONFIRMATION_REQUIRED"", ""value"": ""your eyes""}]","[""Catalyst unknown \u2014 no headline source on this desk (A2: flagged, not killed)."", ""Instrument type unknown \u2014 ADRs are fine, funds are not.""]","{""above_ema9"": true, ""above_vwap"": true, ""buyout_announced"": false, ""catalyst_source_ok"": false, ""catalyst_today"": false, ""catalyst_verdict"": ""UNKNOWN"", ""change_pct"": 99.40476190476191, ""feed_stale"": false, ""float_is_shares_outstanding"": false, ""float_shares"": 1310000.0, ""float_verified"": true, ""halted"": false, ""in_session_window"": true, ""is_fund_or_etf"": null, ""last"": 3.35, ""live_theme"": false, ""macd_positive_and_above_signal"": true, ""penny_theme"": false, ""premarket_volume"": null, ""prev_close"": null, ""rvol"": 1855.5704617406745, ""session_high"": 3.6, ""session_volume"": 58728434.0, ""split_ratio_clean_integer"": null, ""symbol"": ""BKYI"", ""tick_size"": null}",3.36,3.22,3.64,0.14,2.0,2,1,REFUSED,"[""selective (A13): price 3.36 under $5"", ""selective (A13): plan 16 of the day on BKYI, only the first 2 are taken""]",2026-09-29T13:29:02+00:00,2026-09-29T13:29:00+00:00,29c30d884550,6f27547,2026-09-29T09:29:00-04:00,"{""bar_end"": ""2026-09-29T09:29:00-04:00"", ""bar_to_published_s"": 0, ""published"": ""2026-09-29T13:29:00+00:00"", ""published_to_seen_s"": 2, ""quote_ts"": ""2026-09-29T13:29:00+00:00"", ""runner_seen"": ""2026-09-29T13:29:02+00:00""}",,3.36,9.2857,-2.2143,1,1,target,1,2026-09-29T13:29:00Z,3.69,3.05,3.3499
3efab617864fa262,2026-09-29T09:30:00-04:00,regular,NVTS,pullback,ibkr-YMT-BKYI-MSGY,IBKR · TWS read-only · live,live,1m,12.57,12.59,12.67,13.5,3840896.0,5.985538323442876,7.161125319693085,225740000.0,verified,finviz via premarket_stars.py,0,0,REJECT,pillars,0,"[{""id"": ""price"", ""kills"": true, ""reason"": ""$12.57 is outside $2.00\u201320.00."", ""state"": ""PASS"", ""value"": ""$12.57  band $2.00\u201320.00""}, {""id"": ""float"", ""kills"": false, ""reason"": ""Float 225.7M is over the 20M cap."", ""state"": ""FAIL"", ""value"": ""225.7M""}, {""id"": ""catalyst"", ""kills"": false, ""reason"": ""The desk has no news feed (no headline keys in .env); the gate could not be evaluated."", ""state"": ""UNKNOWN"", ""value"": ""no headline source""}, {""id"": ""pillars"", ""kills"": true, ""reason"": ""Only 2 of the Five Pillars pass (need 4); missing gain, float, catalyst."", ""state"": ""FAIL"", ""value"": ""2/5 \u2014 missing gain, float, catalyst""}, {""id"": ""rising"", ""kills"": false, ""reason"": ""cascade already stopped"", ""state"": ""NOT_APPLICABLE"", ""value"": ""\u2014""}, {""id"": ""split"", ""kills"": false, ""reason"": ""cascade already stopped"", ""state"": ""NOT_APPLICABLE"", ""value"": ""\u2014""}, {""id"": ""instrument"", ""kills"": false, ""reason"": ""cascade already stopped"", ""state"": ""NOT_APPLICABLE"", ""value"": ""\u2014""}, {""id"": ""tick"", ""kills"": false, ""reason"": ""cascade already stopped"", ""state"": ""NOT_APPLICABLE"", ""value"": ""\u2014""}, {""id"": ""buyout"", ""kills"": false, ""reason"": ""cascade already stopped"", ""state"": ""NOT_APPLICABLE"", ""value"": ""\u2014""}]","[""Float 225.7M over the 20M cap (A5: flagged, not killed; the pillar count decides)."", ""Catalyst unknown \u2014 no headline source on this desk (A2: flagged, not killed).""]","{""above_ema9"": false, ""above_vwap"": false, ""buyout_announced"": false, ""catalyst_source_ok"": false, ""catalyst_today"": false, ""catalyst_verdict"": ""UNKNOWN"", ""change_pct"": 7.161125319693085, ""feed_stale"": false, ""float_is_shares_outstanding"": false, ""float_shares"": 225740000.0, ""float_verified"": true, ""halted"": false, ""in_session_window"": true, ""is_fund_or_etf"": null, ""last"": 12.57, ""live_theme"": false, ""macd_positive_and_above_signal"": true, ""penny_theme"": false, ""premarket_volume"": null, ""prev_close"": null, ""rvol"": 5.985538323442876, ""session_high"": 13.5, ""session_volume"": 3840896.0, ""split_ratio_clean_integer"": null, ""symbol"": ""NVTS"", ""tick_size"": null}",12.83,12.75,12.99,0.08,2.0,1,1,SUPPRESSED,,,2026-09-29T13:30:12+00:00,29c30d884550,6f27547,2026-09-29T09:31:00-04:00,,,12.83,,,0,0,untriggered,0,,12.6258,11.76,11.705
13f3d138c3b3dbfd,2026-09-29T09:36:00-04:00,regular,MSGY,pullback,ibkr-YMT-BKYI-MSGY,IBKR · TWS read-only · live,live,1m,4.051,4.05,4.06,5.2,13622574.0,6.021109947632872,29.424920127795538,1490000.0,verified,finviz via premarket_stars.py,0,0,WAIT,,1,"[{""id"": ""price"", ""kills"": true, ""reason"": ""$4.05 is outside $2.00\u201320.00."", ""state"": ""PASS"", ""value"": ""$4.05  band $2.00\u201320.00""}, {""id"": ""float"", ""kills"": false, ""reason"": """", ""state"": ""PASS"", ""value"": ""1.5M (verified)""}, {""id"": ""catalyst"", ""kills"": false, ""reason"": ""The desk has no news feed (no headline keys in .env); the gate could not be evaluated."", ""state"": ""UNKNOWN"", ""value"": ""no headline source""}, {""id"": ""pillars"", ""kills"": true, ""reason"": ""Only 4 of the Five Pillars pass (need 4); missing catalyst."", ""state"": ""PASS"", ""value"": ""4/5 \u2014 missing catalyst""}, {""id"": ""rising"", ""kills"": true, ""reason"": ""22.1% off the high \u2014 back side of the move."", ""state"": ""PASS"", ""value"": ""22.1% off 5.20""}, {""id"": ""split"", ""kills"": false, ""reason"": """", ""state"": ""PASS"", ""value"": ""gap is not arithmetic""}, {""id"": ""instrument"", ""kills"": false, ""reason"": """", ""state"": ""UNKNOWN"", ""value"": ""\u2014""}, {""id"": ""tick"", ""kills"": false, ""reason"": """", ""state"": ""UNKNOWN"", ""value"": ""\u2014""}, {""id"": ""buyout"", ""kills"": true, ""reason"": ""Acquisition announced \u2014 the price is pinned and volatility is gone."", ""state"": ""PASS"", ""value"": ""none""}, {""id"": ""vwap"", ""kills"": false, ""reason"": """", ""state"": ""FAIL"", ""value"": ""no""}, {""id"": ""ema9"", ""kills"": false, ""reason"": """", ""state"": ""FAIL"", ""value"": ""no""}, {""id"": ""macd"", ""kills"": false, ""reason"": """", ""state"": ""FAIL"", ""value"": ""no""}, {""id"": ""tape"", ""kills"": false, ""reason"": ""No tape and no book in this tool."", ""state"": ""MANUAL_CONFIRMATION_REQUIRED"", ""value"": ""your eyes""}]","[""Catalyst unknown \u2014 no headline source on this desk (A2: flagged, not killed)."", ""Instrument type unknown \u2014 ADRs are fine, funds are not.""]","{""above_ema9"": false, ""above_vwap"": false, ""buyout_announced"": false, ""catalyst_source_ok"": false, ""catalyst_today"": false, ""catalyst_verdict"": ""UNKNOWN"", ""change_pct"": 29.424920127795538, ""feed_stale"": false, ""float_is_shares_outstanding"": false, ""float_shares"": 1490000.0, ""float_verified"": true, ""halted"": false, ""in_session_window"": true, ""is_fund_or_etf"": null, ""last"": 4.051, ""live_theme"": false, ""macd_positive_and_above_signal"": false, ""penny_theme"": false, ""premarket_volume"": null, ""prev_close"": null, ""rvol"": 6.021109947632872, ""session_high"": 5.2, ""session_volume"": 13622574.0, ""split_ratio_clean_integer"": null, ""symbol"": ""MSGY"", ""tick_size"": null}",4.08,3.93,4.38,0.15,2.0,4,1,REFUSED,"[""Layer 2 not green: below VWAP; below the 9 EMA; MACD not positive and above its signal (verdict WAIT) \u2014 chart gates must all be true at entry"", ""selective (A13): price 4.08 under $5"", ""selective (A13): plan 11 of the day on MSGY, only the first 2 are taken""]",2026-09-29T13:36:12+00:00,2026-09-29T13:36:11+00:00,29c30d884550,6f27547,2026-09-29T09:37:00-04:00,"{""bar_end"": ""2026-09-29T09:37:00-04:00"", ""bar_to_published_s"": -49, ""published"": ""2026-09-29T13:36:11+00:00"", ""published_to_seen_s"": 2, ""quote_ts"": ""2026-09-29T13:36:10+00:00"", ""runner_seen"": ""2026-09-29T13:36:12+00:00""}",,4.08,2.7333,-5.8667,1,1,stop,1,2026-09-29T13:37:00Z,4.49,3.41,3.58
66b2aed039c9ab06,2026-09-29T09:44:00-04:00,regular,YMT,pullback,ibkr-YMT-BKYI-MSGY,IBKR · TWS read-only · live,live,1m,2.545,2.53,2.54,3.11,20701161.0,1520.020632939276,43.78531073446328,5920000.0,verified,finviz via premarket_stars.py,0,0,REVIEW,,1,"[{""id"": ""price"", ""kills"": true, ""reason"": ""$2.54 is outside $2.00\u201320.00."", ""state"": ""PASS"", ""value"": ""$2.54  band $2.00\u201320.00""}, {""id"": ""float"", ""kills"": false, ""reason"": """", ""state"": ""PASS"", ""value"": ""5.9M (verified)""}, {""id"": ""catalyst"", ""kills"": false, ""reason"": ""The desk has no news feed (no headline keys in .env); the gate could not be evaluated."", ""state"": ""UNKNOWN"", ""value"": ""no headline source""}, {""id"": ""pillars"", ""kills"": true, ""reason"": ""Only 4 of the Five Pillars pass (need 4); missing catalyst."", ""state"": ""PASS"", ""value"": ""4/5 \u2014 missing catalyst""}, {""id"": ""rising"", ""kills"": true, ""reason"": ""18.2% off the high \u2014 back side of the move."", ""state"": ""PASS"", ""value"": ""18.2% off 3.11""}, {""id"": ""split"", ""kills"": false, ""reason"": """", ""state"": ""PASS"", ""value"": ""gap is not arithmetic""}, {""id"": ""instrument"", ""kills"": false, ""reason"": """", ""state"": ""UNKNOWN"", ""value"": ""\u2014""}, {""id"": ""tick"", ""kills"": false, ""reason"": """", ""state"": ""UNKNOWN"", ""value"": ""\u2014""}, {""id"": ""buyout"", ""kills"": true, ""reason"": ""Acquisition announced \u2014 the price is pinned and volatility is gone."", ""state"": ""PASS"", ""value"": ""none""}, {""id"": ""vwap"", ""kills"": false, ""reason"": """", ""state"": ""PASS"", ""value"": ""yes""}, {""id"": ""ema9"", ""kills"": false, ""reason"": """", ""state"": ""PASS"", ""value"": ""yes""}, {""id"": ""macd"", ""kills"": false, ""reason"": """", ""state"": ""PASS"", ""value"": ""yes""}, {""id"": ""tape"", ""kills"": false, ""reason"": ""No tape and no book in this tool."", ""state"": ""MANUAL_CONFIRMATION_REQUIRED"", ""value"": ""your eyes""}]","[""Catalyst unknown \u2014 no headline source on this desk (A2: flagged, not killed)."", ""Instrument type unknown \u2014 ADRs are fine, funds are not.""]","{""above_ema9"": true, ""above_vwap"": true, ""buyout_announced"": false, ""catalyst_source_ok"": false, ""catalyst_today"": false, ""catalyst_verdict"": ""UNKNOWN"", ""change_pct"": 43.78531073446328, ""feed_stale"": false, ""float_is_shares_outstanding"": false, ""float_shares"": 5920000.0, ""float_verified"": true, ""halted"": false, ""in_session_window"": true, ""is_fund_or_etf"": null, ""last"": 2.545, ""live_theme"": false, ""macd_positive_and_above_signal"": true, ""penny_theme"": false, ""premarket_volume"": null, ""prev_close"": null, ""rvol"": 1520.020632939276, ""session_high"": 3.11, ""session_volume"": 20701161.0, ""split_ratio_clean_integer"": null, ""symbol"": ""YMT"", ""tick_size"": null}",2.54,2.43,2.76,0.11,2.0,1,0,REFUSED,"[""Layer 2 not green: pullback volume was not lighter than the impulse"", ""selective (A13): price 2.54 under $5"", ""selective (A13): plan 14 of the day on YMT, only the first 2 are taken""]",2026-09-29T13:44:13+00:00,2026-09-29T13:44:11+00:00,29c30d884550,6f27547,2026-09-29T09:45:00-04:00,"{""bar_end"": ""2026-09-29T09:45:00-04:00"", ""bar_to_published_s"": -49, ""published"": ""2026-09-29T13:44:11+00:00"", ""published_to_seen_s"": 3, ""quote_ts"": ""2026-09-29T13:44:11+00:00"", ""runner_seen"": ""2026-09-29T13:44:13+00:00""}",,2.54,,,0,0,untriggered,0,,2.49,2.0,2.05
1a5791fa55188797,2026-09-29T09:48:00-04:00,regular,BKYI,pullback,ibkr-YMT-BKYI-MSGY,IBKR · TWS read-only · live,live,1m,3.275,3.28,3.29,3.69,78869706.0,2491.949585779373,94.94047619047619,1310000.0,verified,finviz via premarket_stars.py,0,0,WAIT,,1,"[{""id"": ""price"", ""kills"": true, ""reason"": ""$3.27 is outside $2.00\u201320.00."", ""state"": ""PASS"", ""value"": ""$3.27  band $2.00\u201320.00""}, {""id"": ""float"", ""kills"": false, ""reason"": """", ""state"": ""PASS"", ""value"": ""1.3M (verified)""}, {""id"": ""catalyst"", ""kills"": false, ""reason"": ""The desk has no news feed (no headline keys in .env); the gate could not be evaluated."", ""state"": ""UNKNOWN"", ""value"": ""no headline source""}, {""id"": ""pillars"", ""kills"": true, ""reason"": ""Only 4 of the Five Pillars pass (need 4); missing catalyst."", ""state"": ""PASS"", ""value"": ""4/5 \u2014 missing catalyst""}, {""id"": ""rising"", ""kills"": true, ""reason"": ""11.2% off the high \u2014 back side of the move."", ""state"": ""PASS"", ""value"": ""11.2% off 3.69""}, {""id"": ""split"", ""kills"": false, ""reason"": """", ""state"": ""PASS"", ""value"": ""gap is not arithmetic""}, {""id"": ""instrument"", ""kills"": false, ""reason"": """", ""state"": ""UNKNOWN"", ""value"": ""\u2014""}, {""id"": ""tick"", ""kills"": false, ""reason"": """", ""state"": ""UNKNOWN"", ""value"": ""\u2014""}, {""id"": ""buyout"", ""kills"": true, ""reason"": ""Acquisition announced \u2014 the price is pinned and volatility is gone."", ""state"": ""PASS"", ""value"": ""none""}, {""id"": ""vwap"", ""kills"": false, ""reason"": """", ""state"": ""PASS"", ""value"": ""yes""}, {""id"": ""ema9"", ""kills"": false, ""reason"": """", ""state"": ""FAIL"", ""value"": ""no""}, {""id"": ""macd"", ""kills"": false, ""reason"": """", ""state"": ""FAIL"", ""value"": ""no""}, {""id"": ""tape"", ""kills"": false, ""reason"": ""No tape and no book in this tool."", ""state"": ""MANUAL_CONFIRMATION_REQUIRED"", ""value"": ""your eyes""}]","[""Catalyst unknown \u2014 no headline source on this desk (A2: flagged, not killed)."", ""Instrument type unknown \u2014 ADRs are fine, funds are not.""]","{""above_ema9"": false, ""above_vwap"": true, ""buyout_announced"": false, ""catalyst_source_ok"": false, ""catalyst_today"": false, ""catalyst_verdict"": ""UNKNOWN"", ""change_pct"": 94.94047619047619, ""feed_stale"": false, ""float_is_shares_outstanding"": false, ""float_shares"": 1310000.0, ""float_verified"": true, ""halted"": false, ""in_session_window"": true, ""is_fund_or_etf"": null, ""last"": 3.275, ""live_theme"": false, ""macd_positive_and_above_signal"": false, ""penny_theme"": false, ""premarket_volume"": null, ""prev_close"": null, ""rvol"": 2491.949585779373, ""session_high"": 3.69, ""session_volume"": 78869706.0, ""split_ratio_clean_integer"": null, ""symbol"": ""BKYI"", ""tick_size"": null}",3.3,3.18,3.54,0.12,2.0,2,1,REFUSED,"[""Layer 2 not green: below the 9 EMA; MACD not positive and above its signal (verdict WAIT) \u2014 chart gates must all be true at entry"", ""selective (A13): price 3.30 under $5"", ""selective (A13): plan 17 of the day on BKYI, only the first 2 are taken""]",2026-09-29T13:48:14+00:00,2026-09-29T13:48:10+00:00,29c30d884550,6f27547,2026-09-29T09:49:00-04:00,"{""bar_end"": ""2026-09-29T09:49:00-04:00"", ""bar_to_published_s"": -50, ""published"": ""2026-09-29T13:48:10+00:00"", ""published_to_seen_s"": 4, ""quote_ts"": ""2026-09-29T13:48:10+00:00"", ""runner_seen"": ""2026-09-29T13:48:14+00:00""}",,3.3,11.3333,-2.0833,1,1,stop,1,2026-09-29T13:49:00Z,4.66,3.05,3.3499
defd2ddd9051edcb,2026-09-29T09:55:00-04:00,regular,BKYI,pullback,ibkr-YMT-BKYI-MSGY,IBKR · TWS read-only · live,live,1m,3.305,3.31,3.32,3.69,83455219.0,10437.120935467734,96.72619047619048,1310000.0,verified,finviz via premarket_stars.py,0,0,WAIT,,1,"[{""id"": ""price"", ""kills"": true, ""reason"": ""$3.31 is outside $2.00\u201320.00."", ""state"": ""PASS"", ""value"": ""$3.31  band $2.00\u201320.00""}, {""id"": ""float"", ""kills"": false, ""reason"": """", ""state"": ""PASS"", ""value"": ""1.3M (verified)""}, {""id"": ""catalyst"", ""kills"": false, ""reason"": ""The desk has no news feed (no headline keys in .env); the gate could not be evaluated."", ""state"": ""UNKNOWN"", ""value"": ""no headline source""}, {""id"": ""pillars"", ""kills"": true, ""reason"": ""Only 4 of the Five Pillars pass (need 4); missing catalyst."", ""state"": ""PASS"", ""value"": ""4/5 \u2014 missing catalyst""}, {""id"": ""rising"", ""kills"": true, ""reason"": ""10.4% off the high \u2014 back side of the move."", ""state"": ""PASS"", ""value"": ""10.4% off 3.69""}, {""id"": ""split"", ""kills"": false, ""reason"": """", ""state"": ""PASS"", ""value"": ""gap is not arithmetic""}, {""id"": ""instrument"", ""kills"": false, ""reason"": """", ""state"": ""UNKNOWN"", ""value"": ""\u2014""}, {""id"": ""tick"", ""kills"": false, ""reason"": """", ""state"": ""UNKNOWN"", ""value"": ""\u2014""}, {""id"": ""buyout"", ""kills"": true, ""reason"": ""Acquisition announced \u2014 the price is pinned and volatility is gone."", ""state"": ""PASS"", ""value"": ""none""}, {""id"": ""vwap"", ""kills"": false, ""reason"": """", ""state"": ""PASS"", ""value"": ""yes""}, {""id"": ""ema9"", ""kills"": false, ""reason"": """", ""state"": ""PASS"", ""value"": ""yes""}, {""id"": ""macd"", ""kills"": false, ""reason"": """", ""state"": ""FAIL"", ""value"": ""no""}, {""id"": ""tape"", ""kills"": false, ""reason"": ""No tape and no book in this tool."", ""state"": ""MANUAL_CONFIRMATION_REQUIRED"", ""value"": ""your eyes""}]","[""Catalyst unknown \u2014 no headline source on this desk (A2: flagged, not killed)."", ""Instrument type unknown \u2014 ADRs are fine, funds are not.""]","{""above_ema9"": true, ""above_vwap"": true, ""buyout_announced"": false, ""catalyst_source_ok"": false, ""catalyst_today"": false, ""catalyst_verdict"": ""UNKNOWN"", ""change_pct"": 96.72619047619048, ""feed_stale"": false, ""float_is_shares_outstanding"": false, ""float_shares"": 1310000.0, ""float_verified"": true, ""halted"": false, ""in_session_window"": true, ""is_fund_or_etf"": null, ""last"": 3.305, ""live_theme"": false, ""macd_positive_and_above_signal"": false, ""penny_theme"": false, ""premarket_volume"": null, ""prev_close"": null, ""rvol"": 10437.120935467734, ""session_high"": 3.69, ""session_volume"": 83455219.0, ""split_ratio_clean_integer"": null, ""symbol"": ""BKYI"", ""tick_size"": null}",3.34,3.15,3.72,0.19,2.0,2,0,REFUSED,"[""Layer 2 not green: pullback volume was not lighter than the impulse"", ""Layer 2 not green: MACD not positive and above its signal (verdict WAIT) \u2014 chart gates must all be true at entry"", ""selective (A13): price 3.34 under $5"", ""selective (A13): plan 18 of the day on BKYI, only the first 2 are taken""]",2026-09-29T13:55:34+00:00,2026-09-29T13:55:31+00:00,29c30d884550,6f27547,2026-09-29T09:56:00-04:00,"{""bar_end"": ""2026-09-29T09:56:00-04:00"", ""bar_to_published_s"": -29, ""published"": ""2026-09-29T13:55:31+00:00"", ""published_to_seen_s"": 4, ""quote_ts"": ""2026-09-29T13:55:34+00:00"", ""runner_seen"": ""2026-09-29T13:55:34+00:00""}",,3.34,6.9474,-1.5263,1,1,target,1,2026-09-29T13:56:00Z,4.66,3.24,3.3499
4f776fe06607e588,2026-09-29T10:00:00-04:00,regular,YMT,pullback,ibkr-YMT-BKYI-MSGY,IBKR · TWS read-only · live,live,1m,2.19,2.17,2.18,3.11,22533216.0,1225.563798542369,23.728813559322038,5920000.0,verified,finviz via premarket_stars.py,0,0,REJECT,rising,0,"[{""id"": ""price"", ""kills"": true, ""reason"": ""$2.19 is outside $2.00\u201320.00."", ""state"": ""PASS"", ""value"": ""$2.19  band $2.00\u201320.00""}, {""id"": ""float"", ""kills"": false, ""reason"": """", ""state"": ""PASS"", ""value"": ""5.9M (verified)""}, {""id"": ""catalyst"", ""kills"": false, ""reason"": ""The desk has no news feed (no headline keys in .env); the gate could not be evaluated."", ""state"": ""UNKNOWN"", ""value"": ""no headline source""}, {""id"": ""pillars"", ""kills"": true, ""reason"": ""Only 4 of the Five Pillars pass (need 4); missing catalyst."", ""state"": ""PASS"", ""value"": ""4/5 \u2014 missing catalyst""}, {""id"": ""rising"", ""kills"": true, ""reason"": ""29.6% off the high \u2014 back side of the move."", ""state"": ""FAIL"", ""value"": ""29.6% off 3.11""}, {""id"": ""split"", ""kills"": false, ""reason"": ""cascade already stopped"", ""state"": ""NOT_APPLICABLE"", ""value"": ""\u2014""}, {""id"": ""instrument"", ""kills"": false, ""reason"": ""cascade already stopped"", ""state"": ""NOT_APPLICABLE"", ""value"": ""\u2014""}, {""id"": ""tick"", ""kills"": false, ""reason"": ""cascade already stopped"", ""state"": ""NOT_APPLICABLE"", ""value"": ""\u2014""}, {""id"": ""buyout"", ""kills"": false, ""reason"": ""cascade already stopped"", ""state"": ""NOT_APPLICABLE"", ""value"": ""\u2014""}]","[""Catalyst unknown \u2014 no headline source on this desk (A2: flagged, not killed).""]","{""above_ema9"": false, ""above_vwap"": false, ""buyout_announced"": false, ""catalyst_source_ok"": false, ""catalyst_today"": false, ""catalyst_verdict"": ""UNKNOWN"", ""change_pct"": 23.728813559322038, ""feed_stale"": false, ""float_is_shares_outstanding"": false, ""float_shares"": 5920000.0, ""float_verified"": true, ""halted"": false, ""in_session_window"": true, ""is_fund_or_etf"": null, ""last"": 2.19, ""live_theme"": false, ""macd_positive_and_above_signal"": false, ""penny_theme"": false, ""premarket_volume"": null, ""prev_close"": null, ""rvol"": 1225.563798542369, ""session_high"": 3.11, ""session_volume"": 22533216.0, ""split_ratio_clean_integer"": null, ""symbol"": ""YMT"", ""tick_size"": null}",2.19,2.13,2.31,0.06,2.0,2,1,SUPPRESSED,,,2026-09-29T14:00:22+00:00,29c30d884550,6f27547,2026-09-29T10:01:00-04:00,,,2.19,1.0,-5.3333,1,0,stop,1,2026-09-29T14:02:00Z,2.25,1.9,2.05
ce823924ff2beec4,2026-09-29T10:06:00-04:00,regular,BKYI,pullback,ibkr-YMT-BKYI-MSGY,IBKR · TWS read-only · live,live,1m,4.3193,4.28,4.3,4.66,99869763.0,9425.232446206115,157.10119047619048,1310000.0,verified,finviz via premarket_stars.py,0,0,REVIEW,,1,"[{""id"": ""price"", ""kills"": true, ""reason"": ""$4.32 is outside $2.00\u201320.00."", ""state"": ""PASS"", ""value"": ""$4.32  band $2.00\u201320.00""}, {""id"": ""float"", ""kills"": false, ""reason"": """", ""state"": ""PASS"", ""value"": ""1.3M (verified)""}, {""id"": ""catalyst"", ""kills"": false, ""reason"": ""The desk has no news feed (no headline keys in .env); the gate could not be evaluated."", ""state"": ""UNKNOWN"", ""value"": ""no headline source""}, {""id"": ""pillars"", ""kills"": true, ""reason"": ""Only 4 of the Five Pillars pass (need 4); missing catalyst."", ""state"": ""PASS"", ""value"": ""4/5 \u2014 missing catalyst""}, {""id"": ""rising"", ""kills"": true, ""reason"": ""7.3% off the high \u2014 back side of the move."", ""state"": ""PASS"", ""value"": ""7.3% off 4.66""}, {""id"": ""split"", ""kills"": false, ""reason"": """", ""state"": ""PASS"", ""value"": ""gap is not arithmetic""}, {""id"": ""instrument"", ""kills"": false, ""reason"": """", ""state"": ""UNKNOWN"", ""value"": ""\u2014""}, {""id"": ""tick"", ""kills"": false, ""reason"": """", ""state"": ""UNKNOWN"", ""value"": ""\u2014""}, {""id"": ""buyout"", ""kills"": true, ""reason"": ""Acquisition announced \u2014 the price is pinned and volatility is gone."", ""state"": ""PASS"", ""value"": ""none""}, {""id"": ""vwap"", ""kills"": false, ""reason"": """", ""state"": ""PASS"", ""value"": ""yes""}, {""id"": ""ema9"", ""kills"": false, ""reason"": """", ""state"": ""PASS"", ""value"": ""yes""}, {""id"": ""macd"", ""kills"": false, ""reason"": """", ""state"": ""PASS"", ""value"": ""yes""}, {""id"": ""tape"", ""kills"": false, ""reason"": ""No tape and no book in this tool."", ""state"": ""MANUAL_CONFIRMATION_REQUIRED"", ""value"": ""your eyes""}]","[""Catalyst unknown \u2014 no headline source on this desk (A2: flagged, not killed)."", ""Instrument type unknown \u2014 ADRs are fine, funds are not.""]","{""above_ema9"": true, ""above_vwap"": true, ""buyout_announced"": false, ""catalyst_source_ok"": false, ""catalyst_today"": false, ""catalyst_verdict"": ""UNKNOWN"", ""change_pct"": 157.10119047619048, ""feed_stale"": false, ""float_is_shares_outstanding"": false, ""float_shares"": 1310000.0, ""float_verified"": true, ""halted"": false, ""in_session_window"": true, ""is_fund_or_etf"": null, ""last"": 4.3193, ""live_theme"": false, ""macd_positive_and_above_signal"": true, ""penny_theme"": false, ""premarket_volume"": null, ""prev_close"": null, ""rvol"": 9425.232446206115, ""session_high"": 4.66, ""session_volume"": 99869763.0, ""split_ratio_clean_integer"": null, ""symbol"": ""BKYI"", ""tick_size"": null}",4.34,4.16,4.7,0.18,2.0,1,1,REFUSED,"[""selective (A13): price 4.34 under $5"", ""selective (A13): plan 19 of the day on BKYI, only the first 2 are taken""]",2026-09-29T14:06:15+00:00,2026-09-29T14:06:11+00:00,29c30d884550,6f27547,2026-09-29T10:07:00-04:00,"{""bar_end"": ""2026-09-29T10:07:00-04:00"", ""bar_to_published_s"": -49, ""published"": ""2026-09-29T14:06:11+00:00"", ""published_to_seen_s"": 4, ""quote_ts"": ""2026-09-29T14:06:14+00:00"", ""runner_seen"": ""2026-09-29T14:06:15+00:00""}",,4.34,,,0,0,untriggered,0,,4.26,3.24,3.3499
861d16b39d2de0f4,2026-09-29T10:09:00-04:00,regular,FFAI,pullback,ibkr-YMT-BKYI-MSGY,IBKR · TWS read-only · live,live,1m,1.41,1.4,1.41,1.85,10525250.0,32.85362458173101,0.0,6030000.0,verified,finviz via premarket_stars.py,0,0,REJECT,price,0,"[{""id"": ""price"", ""kills"": true, ""reason"": ""$1.41 is outside $2.00\u201320.00."", ""state"": ""FAIL"", ""value"": ""$1.41  band $2.00\u201320.00""}, {""id"": ""float"", ""kills"": false, ""reason"": ""cascade already stopped"", ""state"": ""NOT_APPLICABLE"", ""value"": ""\u2014""}, {""id"": ""catalyst"", ""kills"": false, ""reason"": ""cascade already stopped"", ""state"": ""NOT_APPLICABLE"", ""value"": ""\u2014""}, {""id"": ""pillars"", ""kills"": false, ""reason"": ""cascade already stopped"", ""state"": ""NOT_APPLICABLE"", ""value"": ""\u2014""}, {""id"": ""rising"", ""kills"": false, ""reason"": ""cascade already stopped"", ""state"": ""NOT_APPLICABLE"", ""value"": ""\u2014""}, {""id"": ""split"", ""kills"": false, ""reason"": ""cascade already stopped"", ""state"": ""NOT_APPLICABLE"", ""value"": ""\u2014""}, {""id"": ""instrument"", ""kills"": false, ""reason"": ""cascade already stopped"", ""state"": ""NOT_APPLICABLE"", ""value"": ""\u2014""}, {""id"": ""tick"", ""kills"": false, ""reason"": ""cascade already stopped"", ""state"": ""NOT_APPLICABLE"", ""value"": ""\u2014""}, {""id"": ""buyout"", ""kills"": false, ""reason"": ""cascade already stopped"", ""state"": ""NOT_APPLICABLE"", ""value"": ""\u2014""}]",[],"{""above_ema9"": true, ""above_vwap"": false, ""buyout_announced"": false, ""catalyst_source_ok"": false, ""catalyst_today"": false, ""catalyst_verdict"": ""UNKNOWN"", ""change_pct"": 0.0, ""feed_stale"": false, ""float_is_shares_outstanding"": false, ""float_shares"": 6030000.0, ""float_verified"": true, ""halted"": false, ""in_session_window"": true, ""is_fund_or_etf"": null, ""last"": 1.41, ""live_theme"": false, ""macd_positive_and_above_signal"": true, ""penny_theme"": false, ""premarket_volume"": null, ""prev_close"": null, ""rvol"": 32.85362458173101, ""session_high"": 1.85, ""session_volume"": 10525250.0, ""split_ratio_clean_integer"": null, ""symbol"": ""FFAI"", ""tick_size"": null}",1.4183,1.3806,1.4937,0.0377,2.0,4,1,SUPPRESSED,,,2026-09-29T14:09:23+00:00,29c30d884550,6f27547,2026-09-29T10:10:00-04:00,,,1.4183,,,0,0,untriggered,0,,1.4012,1.33,1.295
3a3f8569b35cfa7d,2026-09-29T10:21:00-04:00,regular,BKYI,pullback,ibkr-YMT-BKYI-MSGY,IBKR · TWS read-only · live,live,1m,3.4803,3.48,3.49,4.66,112173135.0,8963.811331308934,107.16071428571432,1310000.0,verified,finviz via premarket_stars.py,0,0,REJECT,rising,0,"[{""id"": ""price"", ""kills"": true, ""reason"": ""$3.48 is outside $2.00\u201320.00."", ""state"": ""PASS"", ""value"": ""$3.48  band $2.00\u201320.00""}, {""id"": ""float"", ""kills"": false, ""reason"": """", ""state"": ""PASS"", ""value"": ""1.3M (verified)""}, {""id"": ""catalyst"", ""kills"": false, ""reason"": ""The desk has no news feed (no headline keys in .env); the gate could not be evaluated."", ""state"": ""UNKNOWN"", ""value"": ""no headline source""}, {""id"": ""pillars"", ""kills"": true, ""reason"": ""Only 4 of the Five Pillars pass (need 4); missing catalyst."", ""state"": ""PASS"", ""value"": ""4/5 \u2014 missing catalyst""}, {""id"": ""rising"", ""kills"": true, ""reason"": ""25.3% off the high \u2014 back side of the move."", ""state"": ""FAIL"", ""value"": ""25.3% off 4.66""}, {""id"": ""split"", ""kills"": false, ""reason"": ""cascade already stopped"", ""state"": ""NOT_APPLICABLE"", ""value"": ""\u2014""}, {""id"": ""instrument"", ""kills"": false, ""reason"": ""cascade already stopped"", ""state"": ""NOT_APPLICABLE"", ""value"": ""\u2014""}, {""id"": ""tick"", ""kills"": false, ""reason"": ""cascade already stopped"", ""state"": ""NOT_APPLICABLE"", ""value"": ""\u2014""}, {""id"": ""buyout"", ""kills"": false, ""reason"": ""cascade already stopped"", ""state"": ""NOT_APPLICABLE"", ""value"": ""\u2014""}]","[""Catalyst unknown \u2014 no headline source on this desk (A2: flagged, not killed).""]","{""above_ema9"": false, ""above_vwap"": true, ""buyout_announced"": false, ""catalyst_source_ok"": false, ""catalyst_today"": false, ""catalyst_verdict"": ""UNKNOWN"", ""change_pct"": 107.16071428571432, ""feed_stale"": false, ""float_is_shares_outstanding"": false, ""float_shares"": 1310000.0, ""float_verified"": true, ""halted"": false, ""in_session_window"": true, ""is_fund_or_etf"": null, ""last"": 3.4803, ""live_theme"": false, ""macd_positive_and_above_signal"": false, ""penny_theme"": false, ""premarket_volume"": null, ""prev_close"": null, ""rvol"": 8963.811331308934, ""session_high"": 4.66, ""session_volume"": 112173135.0, ""split_ratio_clean_integer"": null, ""symbol"": ""BKYI"", ""tick_size"": null}",3.47,3.23,3.95,0.24,2.0,2,0,SUPPRESSED,,,2026-09-29T14:22:01+00:00,29c30d884550,6f27547,2026-09-29T10:22:00-04:00,,,3.47,0.3333,-1.75,1,0,stop,1,2026-09-29T14:22:00Z,3.55,3.05,3.3499
eed46539e804c944,2026-09-29T10:28:00-04:00,regular,MSGY,pullback,ibkr-YMT-BKYI-MSGY,IBKR · TWS read-only · live,live,1m,3.33,3.31,3.34,5.2,17591180.0,2840.952842377261,6.389776357827492,1490000.0,verified,finviz via premarket_stars.py,0,0,REJECT,pillars,0,"[{""id"": ""price"", ""kills"": true, ""reason"": ""$3.33 is outside $2.00\u201320.00."", ""state"": ""PASS"", ""value"": ""$3.33  band $2.00\u201320.00""}, {""id"": ""float"", ""kills"": false, ""reason"": """", ""state"": ""PASS"", ""value"": ""1.5M (verified)""}, {""id"": ""catalyst"", ""kills"": false, ""reason"": ""The desk has no news feed (no headline keys in .env); the gate could not be evaluated."", ""state"": ""UNKNOWN"", ""value"": ""no headline source""}, {""id"": ""pillars"", ""kills"": true, ""reason"": ""Only 3 of the Five Pillars pass (need 4); missing gain, catalyst."", ""state"": ""FAIL"", ""value"": ""3/5 \u2014 missing gain, catalyst""}, {""id"": ""rising"", ""kills"": false, ""reason"": ""cascade already stopped"", ""state"": ""NOT_APPLICABLE"", ""value"": ""\u2014""}, {""id"": ""split"", ""kills"": false, ""reason"": ""cascade already stopped"", ""state"": ""NOT_APPLICABLE"", ""value"": ""\u2014""}, {""id"": ""instrument"", ""kills"": false, ""reason"": ""cascade already stopped"", ""state"": ""NOT_APPLICABLE"", ""value"": ""\u2014""}, {""id"": ""tick"", ""kills"": false, ""reason"": ""cascade already stopped"", ""state"": ""NOT_APPLICABLE"", ""value"": ""\u2014""}, {""id"": ""buyout"", ""kills"": false, ""reason"": ""cascade already stopped"", ""state"": ""NOT_APPLICABLE"", ""value"": ""\u2014""}]","[""Catalyst unknown \u2014 no headline source on this desk (A2: flagged, not killed).""]","{""above_ema9"": true, ""above_vwap"": false, ""buyout_announced"": false, ""catalyst_source_ok"": false, ""catalyst_today"": false, ""catalyst_verdict"": ""UNKNOWN"", ""change_pct"": 6.389776357827492, ""feed_stale"": false, ""float_is_shares_outstanding"": false, ""float_shares"": 1490000.0, ""float_verified"": true, ""halted"": false, ""in_session_window"": true, ""is_fund_or_etf"": null, ""last"": 3.33, ""live_theme"": false, ""macd_positive_and_above_signal"": true, ""penny_theme"": false, ""premarket_volume"": null, ""prev_close"": null, ""rvol"": 2840.952842377261, ""session_high"": 5.2, ""session_volume"": 17591180.0, ""split_ratio_clean_integer"": null, ""symbol"": ""MSGY"", ""tick_size"": null}",3.33,3.25,3.49,0.08,2.0,1,0,SUPPRESSED,,,2026-09-29T14:28:14+00:00,29c30d884550,6f27547,2026-09-29T10:29:00-04:00,,,3.33,4.25,-0.625,0,1,target,1,2026-09-29T14:36:00Z,3.5799,3.24,3.58
9a2b7af8970277cb,2026-09-29T10:42:00-04:00,regular,YMT,pullback,ibkr-YMT-BKYI-MSGY,IBKR · TWS read-only · live,live,1m,1.93,1.92,1.93,3.11,23908481.0,1055.9350322409682,9.039548022598876,5920000.0,verified,finviz via premarket_stars.py,0,0,REJECT,price,0,"[{""id"": ""price"", ""kills"": true, ""reason"": ""$1.93 is outside $2.00\u201320.00."", ""state"": ""FAIL"", ""value"": ""$1.93  band $2.00\u201320.00""}, {""id"": ""float"", ""kills"": false, ""reason"": ""cascade already stopped"", ""state"": ""NOT_APPLICABLE"", ""value"": ""\u2014""}, {""id"": ""catalyst"", ""kills"": false, ""reason"": ""cascade already stopped"", ""state"": ""NOT_APPLICABLE"", ""value"": ""\u2014""}, {""id"": ""pillars"", ""kills"": false, ""reason"": ""cascade already stopped"", ""state"": ""NOT_APPLICABLE"", ""value"": ""\u2014""}, {""id"": ""rising"", ""kills"": false, ""reason"": ""cascade already stopped"", ""state"": ""NOT_APPLICABLE"", ""value"": ""\u2014""}, {""id"": ""split"", ""kills"": false, ""reason"": ""cascade already stopped"", ""state"": ""NOT_APPLICABLE"", ""value"": ""\u2014""}, {""id"": ""instrument"", ""kills"": false, ""reason"": ""cascade already stopped"", ""state"": ""NOT_APPLICABLE"", ""value"": ""\u2014""}, {""id"": ""tick"", ""kills"": false, ""reason"": ""cascade already stopped"", ""state"": ""NOT_APPLICABLE"", ""value"": ""\u2014""}, {""id"": ""buyout"", ""kills"": false, ""reason"": ""cascade already stopped"", ""state"": ""NOT_APPLICABLE"", ""value"": ""\u2014""}]",[],"{""above_ema9"": true, ""above_vwap"": false, ""buyout_announced"": false, ""catalyst_source_ok"": false, ""catalyst_today"": false, ""catalyst_verdict"": ""UNKNOWN"", ""change_pct"": 9.039548022598876, ""feed_stale"": false, ""float_is_shares_outstanding"": false, ""float_shares"": 5920000.0, ""float_verified"": true, ""halted"": false, ""in_session_window"": true, ""is_fund_or_etf"": null, ""last"": 1.93, ""live_theme"": false, ""macd_positive_and_above_signal"": true, ""penny_theme"": false, ""premarket_volume"": null, ""prev_close"": null, ""rvol"": 1055.9350322409682, ""session_high"": 3.11, ""session_volume"": 23908481.0, ""split_ratio_clean_integer"": null, ""symbol"": ""YMT"", ""tick_size"": null}",1.935,1.9,2.005,0.035,2.0,2,1,SUPPRESSED,,,2026-09-29T14:43:02+00:00,29c30d884550,6f27547,2026-09-29T10:43:00-04:00,,,1.935,4.1429,-0.7143,0,1,target,1,2026-09-29T14:50:00Z,2.08,1.87,2.05
e5eb24dd90aeec39,2026-09-29T10:44:00-04:00,regular,MSGY,pullback,ibkr-YMT-BKYI-MSGY,IBKR · TWS read-only · live,live,1m,3.48,3.44,3.48,5.2,17780198.0,2000.6974232024306,11.182108626198083,1490000.0,verified,finviz via premarket_stars.py,0,0,REJECT,rising,0,"[{""id"": ""price"", ""kills"": true, ""reason"": ""$3.48 is outside $2.00\u201320.00."", ""state"": ""PASS"", ""value"": ""$3.48  band $2.00\u201320.00""}, {""id"": ""float"", ""kills"": false, ""reason"": """", ""state"": ""PASS"", ""value"": ""1.5M (verified)""}, {""id"": ""catalyst"", ""kills"": false, ""reason"": ""The desk has no news feed (no headline keys in .env); the gate could not be evaluated."", ""state"": ""UNKNOWN"", ""value"": ""no headline source""}, {""id"": ""pillars"", ""kills"": true, ""reason"": ""Only 4 of the Five Pillars pass (need 4); missing catalyst."", ""state"": ""PASS"", ""value"": ""4/5 \u2014 missing catalyst""}, {""id"": ""rising"", ""kills"": true, ""reason"": ""33.1% off the high \u2014 back side of the move."", ""state"": ""FAIL"", ""value"": ""33.1% off 5.20""}, {""id"": ""split"", ""kills"": false, ""reason"": ""cascade already stopped"", ""state"": ""NOT_APPLICABLE"", ""value"": ""\u2014""}, {""id"": ""instrument"", ""kills"": false, ""reason"": ""cascade already stopped"", ""state"": ""NOT_APPLICABLE"", ""value"": ""\u2014""}, {""id"": ""tick"", ""kills"": false, ""reason"": ""cascade already stopped"", ""state"": ""NOT_APPLICABLE"", ""value"": ""\u2014""}, {""id"": ""buyout"", ""kills"": false, ""reason"": ""cascade already stopped"", ""state"": ""NOT_APPLICABLE"", ""value"": ""\u2014""}]","[""Catalyst unknown \u2014 no headline source on this desk (A2: flagged, not killed).""]","{""above_ema9"": true, ""above_vwap"": false, ""buyout_announced"": false, ""catalyst_source_ok"": false, ""catalyst_today"": false, ""catalyst_verdict"": ""UNKNOWN"", ""change_pct"": 11.182108626198083, ""feed_stale"": false, ""float_is_shares_outstanding"": false, ""float_shares"": 1490000.0, ""float_verified"": true, ""halted"": false, ""in_session_window"": true, ""is_fund_or_etf"": null, ""last"": 3.48, ""live_theme"": false, ""macd_positive_and_above_signal"": true, ""penny_theme"": false, ""premarket_volume"": null, ""prev_close"": null, ""rvol"": 2000.6974232024306, ""session_high"": 5.2, ""session_volume"": 17780198.0, ""split_ratio_clean_integer"": null, ""symbol"": ""MSGY"", ""tick_size"": null}",3.44,3.34,3.64,0.1,2.0,4,1,SUPPRESSED,,,2026-09-29T14:44:32+00:00,29c30d884550,6f27547,2026-09-29T10:45:00-04:00,,,3.44,2.3,0.0,0,1,target,1,2026-09-29T14:45:00Z,3.62,3.44,3.58
1241cb07de11dbac,2026-09-29T10:53:00-04:00,regular,BKYI,pullback,ibkr-YMT-BKYI-MSGY,IBKR · TWS read-only · live,live,1m,3.275,3.28,3.29,4.66,120967042.0,5712.729256198347,94.94047619047619,1310000.0,verified,finviz via premarket_stars.py,0,0,REJECT,rising,0,"[{""id"": ""price"", ""kills"": true, ""reason"": ""$3.27 is outside $2.00\u201320.00."", ""state"": ""PASS"", ""value"": ""$3.27  band $2.00\u201320.00""}, {""id"": ""float"", ""kills"": false, ""reason"": """", ""state"": ""PASS"", ""value"": ""1.3M (verified)""}, {""id"": ""catalyst"", ""kills"": false, ""reason"": ""The desk has no news feed (no headline keys in .env); the gate could not be evaluated."", ""state"": ""UNKNOWN"", ""value"": ""no headline source""}, {""id"": ""pillars"", ""kills"": true, ""reason"": ""Only 4 of the Five Pillars pass (need 4); missing catalyst."", ""state"": ""PASS"", ""value"": ""4/5 \u2014 missing catalyst""}, {""id"": ""rising"", ""kills"": true, ""reason"": ""29.7% off the high \u2014 back side of the move."", ""state"": ""FAIL"", ""value"": ""29.7% off 4.66""}, {""id"": ""split"", ""kills"": false, ""reason"": ""cascade already stopped"", ""state"": ""NOT_APPLICABLE"", ""value"": ""\u2014""}, {""id"": ""instrument"", ""kills"": false, ""reason"": ""cascade already stopped"", ""state"": ""NOT_APPLICABLE"", ""value"": ""\u2014""}, {""id"": ""tick"", ""kills"": false, ""reason"": ""cascade already stopped"", ""state"": ""NOT_APPLICABLE"", ""value"": ""\u2014""}, {""id"": ""buyout"", ""kills"": false, ""reason"": ""cascade already stopped"", ""state"": ""NOT_APPLICABLE"", ""value"": ""\u2014""}]","[""Catalyst unknown \u2014 no headline source on this desk (A2: flagged, not killed).""]","{""above_ema9"": true, ""above_vwap"": true, ""buyout_announced"": false, ""catalyst_source_ok"": false, ""catalyst_today"": false, ""catalyst_verdict"": ""UNKNOWN"", ""change_pct"": 94.94047619047619, ""feed_stale"": false, ""float_is_shares_outstanding"": false, ""float_shares"": 1310000.0, ""float_verified"": true, ""halted"": false, ""in_session_window"": true, ""is_fund_or_etf"": null, ""last"": 3.275, ""live_theme"": false, ""macd_positive_and_above_signal"": true, ""penny_theme"": false, ""premarket_volume"": null, ""prev_close"": null, ""rvol"": 5712.729256198347, ""session_high"": 4.66, ""session_volume"": 120967042.0, ""split_ratio_clean_integer"": null, ""symbol"": ""BKYI"", ""tick_size"": null}",3.24,3.12,3.48,0.12,2.0,2,1,SUPPRESSED,,,2026-09-29T14:53:11+00:00,29c30d884550,6f27547,2026-09-29T10:54:00-04:00,,,3.24,1.6667,-1.5,1,0,stop,1,2026-09-29T14:54:00Z,3.44,3.06,3.3499
360eb522e104fad4,2026-09-29T10:57:00-04:00,regular,YMT,pullback,ibkr-YMT-BKYI-MSGY,IBKR · TWS read-only · live,live,1m,1.9745,1.97,1.98,3.11,24135381.0,1053.0270942408376,11.553672316384178,5920000.0,verified,finviz via premarket_stars.py,0,0,REJECT,price,0,"[{""id"": ""price"", ""kills"": true, ""reason"": ""$1.97 is outside $2.00\u201320.00."", ""state"": ""FAIL"", ""value"": ""$1.97  band $2.00\u201320.00""}, {""id"": ""float"", ""kills"": false, ""reason"": ""cascade already stopped"", ""state"": ""NOT_APPLICABLE"", ""value"": ""\u2014""}, {""id"": ""catalyst"", ""kills"": false, ""reason"": ""cascade already stopped"", ""state"": ""NOT_APPLICABLE"", ""value"": ""\u2014""}, {""id"": ""pillars"", ""kills"": false, ""reason"": ""cascade already stopped"", ""state"": ""NOT_APPLICABLE"", ""value"": ""\u2014""}, {""id"": ""rising"", ""kills"": false, ""reason"": ""cascade already stopped"", ""state"": ""NOT_APPLICABLE"", ""value"": ""\u2014""}, {""id"": ""split"", ""kills"": false, ""reason"": ""cascade already stopped"", ""state"": ""NOT_APPLICABLE"", ""value"": ""\u2014""}, {""id"": ""instrument"", ""kills"": false, ""reason"": ""cascade already stopped"", ""state"": ""NOT_APPLICABLE"", ""value"": ""\u2014""}, {""id"": ""tick"", ""kills"": false, ""reason"": ""cascade already stopped"", ""state"": ""NOT_APPLICABLE"", ""value"": ""\u2014""}, {""id"": ""buyout"", ""kills"": false, ""reason"": ""cascade already stopped"", ""state"": ""NOT_APPLICABLE"", ""value"": ""\u2014""}]",[],"{""above_ema9"": true, ""above_vwap"": false, ""buyout_announced"": false, ""catalyst_source_ok"": false, ""catalyst_today"": false, ""catalyst_verdict"": ""UNKNOWN"", ""change_pct"": 11.553672316384178, ""feed_stale"": false, ""float_is_shares_outstanding"": false, ""float_shares"": 5920000.0, ""float_verified"": true, ""halted"": false, ""in_session_window"": true, ""is_fund_or_etf"": null, ""last"": 1.9745, ""live_theme"": false, ""macd_positive_and_above_signal"": true, ""penny_theme"": false, ""premarket_volume"": null, ""prev_close"": null, ""rvol"": 1053.0270942408376, ""session_high"": 3.11, ""session_volume"": 24135381.0, ""split_ratio_clean_integer"": null, ""symbol"": ""YMT"", ""tick_size"": null}",1.98,1.945,2.05,0.035,2.0,2,1,SUPPRESSED,,,2026-09-29T14:57:14+00:00,29c30d884550,6f27547,2026-09-29T10:58:00-04:00,,,1.98,2.8571,-1.4257,1,1,stop,1,2026-09-29T15:00:00Z,2.08,1.9301,2.05
381e2052316e7060,2026-09-29T11:12:00-04:00,regular,YMT,pullback,ibkr-YMT-BKYI-MSGY,IBKR · TWS read-only · live,live,1m,2.0299,2.04,2.05,3.11,24414337.0,960.5136910850579,14.68361581920905,5920000.0,verified,finviz via premarket_stars.py,0,0,REJECT,rising,0,"[{""id"": ""price"", ""kills"": true, ""reason"": ""$2.03 is outside $2.00\u201320.00."", ""state"": ""PASS"", ""value"": ""$2.03  band $2.00\u201320.00""}, {""id"": ""float"", ""kills"": false, ""reason"": """", ""state"": ""PASS"", ""value"": ""5.9M (verified)""}, {""id"": ""catalyst"", ""kills"": false, ""reason"": ""The desk has no news feed (no headline keys in .env); the gate could not be evaluated."", ""state"": ""UNKNOWN"", ""value"": ""no headline source""}, {""id"": ""pillars"", ""kills"": true, ""reason"": ""Only 4 of the Five Pillars pass (need 4); missing catalyst."", ""state"": ""PASS"", ""value"": ""4/5 \u2014 missing catalyst""}, {""id"": ""rising"", ""kills"": true, ""reason"": ""34.7% off the high \u2014 back side of the move."", ""state"": ""FAIL"", ""value"": ""34.7% off 3.11""}, {""id"": ""split"", ""kills"": false, ""reason"": ""cascade already stopped"", ""state"": ""NOT_APPLICABLE"", ""value"": ""\u2014""}, {""id"": ""instrument"", ""kills"": false, ""reason"": ""cascade already stopped"", ""state"": ""NOT_APPLICABLE"", ""value"": ""\u2014""}, {""id"": ""tick"", ""kills"": false, ""reason"": ""cascade already stopped"", ""state"": ""NOT_APPLICABLE"", ""value"": ""\u2014""}, {""id"": ""buyout"", ""kills"": false, ""reason"": ""cascade already stopped"", ""state"": ""NOT_APPLICABLE"", ""value"": ""\u2014""}]","[""Catalyst unknown \u2014 no headline source on this desk (A2: flagged, not killed).""]","{""above_ema9"": true, ""above_vwap"": false, ""buyout_announced"": false, ""catalyst_source_ok"": false, ""catalyst_today"": false, ""catalyst_verdict"": ""UNKNOWN"", ""change_pct"": 14.68361581920905, ""feed_stale"": false, ""float_is_shares_outstanding"": false, ""float_shares"": 5920000.0, ""float_verified"": true, ""halted"": false, ""in_session_window"": true, ""is_fund_or_etf"": null, ""last"": 2.0299, ""live_theme"": false, ""macd_positive_and_above_signal"": true, ""penny_theme"": false, ""premarket_volume"": null, ""prev_close"": null, ""rvol"": 960.5136910850579, ""session_high"": 3.11, ""session_volume"": 24414337.0, ""split_ratio_clean_integer"": null, ""symbol"": ""YMT"", ""tick_size"": null}",2.04,2.0,2.12,0.04,2.0,2,0,SUPPRESSED,,,2026-09-29T15:12:31+00:00,29c30d884550,6f27547,2026-09-29T11:13:00-04:00,,,2.04,0.25,-2.0,1,0,stop,1,2026-09-29T15:13:00Z,2.05,1.96,2.05
f97ee226892d5cfb,2026-09-29T11:24:00-04:00,regular,BKYI,pullback,ibkr-YMT-BKYI-MSGY,IBKR · TWS read-only · live,live,1m,3.295,3.29,3.3,4.66,127205967.0,5270.1647677839,96.1309523809524,1310000.0,verified,finviz via premarket_stars.py,0,0,REJECT,rising,0,"[{""id"": ""price"", ""kills"": true, ""reason"": ""$3.29 is outside $2.00\u201320.00."", ""state"": ""PASS"", ""value"": ""$3.29  band $2.00\u201320.00""}, {""id"": ""float"", ""kills"": false, ""reason"": """", ""state"": ""PASS"", ""value"": ""1.3M (verified)""}, {""id"": ""catalyst"", ""kills"": false, ""reason"": ""The desk has no news feed (no headline keys in .env); the gate could not be evaluated."", ""state"": ""UNKNOWN"", ""value"": ""no headline source""}, {""id"": ""pillars"", ""kills"": true, ""reason"": ""Only 4 of the Five Pillars pass (need 4); missing catalyst."", ""state"": ""PASS"", ""value"": ""4/5 \u2014 missing catalyst""}, {""id"": ""rising"", ""kills"": true, ""reason"": ""29.3% off the high \u2014 back side of the move."", ""state"": ""FAIL"", ""value"": ""29.3% off 4.66""}, {""id"": ""split"", ""kills"": false, ""reason"": ""cascade already stopped"", ""state"": ""NOT_APPLICABLE"", ""value"": ""\u2014""}, {""id"": ""instrument"", ""kills"": false, ""reason"": ""cascade already stopped"", ""state"": ""NOT_APPLICABLE"", ""value"": ""\u2014""}, {""id"": ""tick"", ""kills"": false, ""reason"": ""cascade already stopped"", ""state"": ""NOT_APPLICABLE"", ""value"": ""\u2014""}, {""id"": ""buyout"", ""kills"": false, ""reason"": ""cascade already stopped"", ""state"": ""NOT_APPLICABLE"", ""value"": ""\u2014""}]","[""Catalyst unknown \u2014 no headline source on this desk (A2: flagged, not killed).""]","{""above_ema9"": true, ""above_vwap"": true, ""buyout_announced"": false, ""catalyst_source_ok"": false, ""catalyst_today"": false, ""catalyst_verdict"": ""UNKNOWN"", ""change_pct"": 96.1309523809524, ""feed_stale"": false, ""float_is_shares_outstanding"": false, ""float_shares"": 1310000.0, ""float_verified"": true, ""halted"": false, ""in_session_window"": true, ""is_fund_or_etf"": null, ""last"": 3.295, ""live_theme"": false, ""macd_positive_and_above_signal"": true, ""penny_theme"": false, ""premarket_volume"": null, ""prev_close"": null, ""rvol"": 5270.1647677839, ""session_high"": 4.66, ""session_volume"": 127205967.0, ""split_ratio_clean_integer"": null, ""symbol"": ""BKYI"", ""tick_size"": null}",3.28,3.22,3.4,0.06,2.0,3,1,SUPPRESSED,,,2026-09-29T15:24:32+00:00,29c30d884550,6f27547,2026-09-29T11:25:00-04:00,,,3.28,2.25,-0.165,0,1,target,1,2026-09-29T15:25:00Z,3.415,3.2701,3.3499
b0542cf1840ea81b,2026-09-29T11:24:00-04:00,regular,YMT,pullback,ibkr-YMT-BKYI-MSGY,IBKR · TWS read-only · live,live,1m,2.0312,2.03,2.04,3.11,24519283.0,964.6424974427571,14.757062146892652,5920000.0,verified,finviz via premarket_stars.py,0,0,REJECT,rising,0,"[{""id"": ""price"", ""kills"": true, ""reason"": ""$2.03 is outside $2.00\u201320.00."", ""state"": ""PASS"", ""value"": ""$2.03  band $2.00\u201320.00""}, {""id"": ""float"", ""kills"": false, ""reason"": """", ""state"": ""PASS"", ""value"": ""5.9M (verified)""}, {""id"": ""catalyst"", ""kills"": false, ""reason"": ""The desk has no news feed (no headline keys in .env); the gate could not be evaluated."", ""state"": ""UNKNOWN"", ""value"": ""no headline source""}, {""id"": ""pillars"", ""kills"": true, ""reason"": ""Only 4 of the Five Pillars pass (need 4); missing catalyst."", ""state"": ""PASS"", ""value"": ""4/5 \u2014 missing catalyst""}, {""id"": ""rising"", ""kills"": true, ""reason"": ""34.7% off the high \u2014 back side of the move."", ""state"": ""FAIL"", ""value"": ""34.7% off 3.11""}, {""id"": ""split"", ""kills"": false, ""reason"": ""cascade already stopped"", ""state"": ""NOT_APPLICABLE"", ""value"": ""\u2014""}, {""id"": ""instrument"", ""kills"": false, ""reason"": ""cascade already stopped"", ""state"": ""NOT_APPLICABLE"", ""value"": ""\u2014""}, {""id"": ""tick"", ""kills"": false, ""reason"": ""cascade already stopped"", ""state"": ""NOT_APPLICABLE"", ""value"": ""\u2014""}, {""id"": ""buyout"", ""kills"": false, ""reason"": ""cascade already stopped"", ""state"": ""NOT_APPLICABLE"", ""value"": ""\u2014""}]","[""Catalyst unknown \u2014 no headline source on this desk (A2: flagged, not killed).""]","{""above_ema9"": true, ""above_vwap"": false, ""buyout_announced"": false, ""catalyst_source_ok"": false, ""catalyst_today"": false, ""catalyst_verdict"": ""UNKNOWN"", ""change_pct"": 14.757062146892652, ""feed_stale"": false, ""float_is_shares_outstanding"": false, ""float_shares"": 5920000.0, ""float_verified"": true, ""halted"": false, ""in_session_window"": true, ""is_fund_or_etf"": null, ""last"": 2.0312, ""live_theme"": false, ""macd_positive_and_above_signal"": false, ""penny_theme"": false, ""premarket_volume"": null, ""prev_close"": null, ""rvol"": 964.6424974427571, ""session_high"": 3.11, ""session_volume"": 24519283.0, ""split_ratio_clean_integer"": null, ""symbol"": ""YMT"", ""tick_size"": null}",2.0291,1.9999,2.0875,0.0292,2.0,1,1,SUPPRESSED,,,2026-09-29T15:24:42+00:00,29c30d884550,6f27547,2026-09-29T11:25:00-04:00,,,2.0291,0.7158,-1.3356,1,0,stop,1,2026-09-29T15:25:00Z,2.05,1.9901,2.05
